# File exported by Houdini 16.5.405 (www.sidefx.com)
# 1114 points
# 6648 vertices
# 2216 primitives
# Bounds: [-34.2463722, -8.23163223, -30.9485283] to [34.1052818, 120.997383, 30.9361248]
g 
v -11.7976179 24.2498741 -16.8701115
v -11.8315611 24.2315083 -16.8048878
v -11.7956505 24.2092037 -16.8232765
v -11.8351126 24.2706718 -16.8478718
v 26.0807896 44.4598579 7.2337079
v 26.0843639 44.440979 7.23497629
v 26.0832253 44.4595985 7.23599529
v 26.0883694 44.4604836 7.24099207
v -19.350256 21.1711426 -0.614766002
v -21.0359154 24.1977272 -3.95797324
v -18.1880188 19.9895973 -2.12077045
v -18.430727 22.797636 -2.40406704
v -17.0786724 21.7502785 -3.8105917
v -17.1218109 9.32884312 -0.347982734
v -19.3513241 8.84535503 2.81557274
v -16.6369896 14.5229731 -2.91938162
v -14.8182173 20.2662201 -7.02157021
v -14.9686604 10.3085794 -1.86509144
v -16.1599121 16.5725307 -3.85054564
v -18.6439247 35.453434 -15.819808
v -21.061018 41.2512436 -16.3421001
v -18.6918831 36.8610039 -17.6388569
v -15.847785 34.8740883 -16.8602066
v -16.5878811 36.7541161 -18.5927353
v -27.8905258 36.9460144 4.62013626
v -26.0813656 36.7524834 -0.164138719
v -27.1617546 37.7150574 -0.115464039
v -24.6335144 38.9926147 -6.03861809
v -25.9869728 40.7200012 -6.22528553
v -23.5865307 28.4818764 -6.80018234
v -23.9341545 29.8003387 -8.364645
v -23.0006199 26.7486725 -4.69519377
v -24.475296 31.5679207 -5.36044264
v -24.4535446 40.1640205 -7.64761496
v -23.0114784 36.5691109 -4.19139481
v -23.7521458 36.2326813 -0.376720428
v -21.5496006 38.2505264 -9.83224297
v -20.2375336 27.8116608 -1.01811254
v -23.4069862 33.8948021 0.0755954385
v -23.2374706 32.6289482 2.16798401
v -21.7899494 35.9625854 -3.00555897
v -20.70788 32.3240166 -1.77853191
v -21.9943256 40.2912941 -11.8039789
v -22.2961617 30.3739071 1.53554702
v -20.343853 36.0781517 -10.8363876
v -20.2515049 34.9940071 -12.3214989
v -21.6544971 41.432972 -11.1455088
v -21.4773579 41.5119781 -14.4342461
v -11.8972378 24.3898354 -17.0478573
v -16.874136 33.3379059 -13.3166256
v -18.6190453 45.1772728 -17.8480282
v -19.532547 50.8222771 -16.8152733
v -18.5995274 58.3683319 -17.3906975
v -20.9768429 52.3057137 -13.914505
v -13.7675209 49.9086838 -20.3324757
v -32.1966629 52.8405838 -3.10373402
v -32.1705055 54.3442688 -3.65902472
v -33.1189728 54.3907928 0.702190876
v -30.6826763 60.0318146 -3.9819622
v -30.5389042 51.2534523 -5.41062307
v -28.5306168 61.1478081 -5.00340557
v -28.8014793 44.6105957 -0.707111001
v -25.5650272 43.5209122 -8.02638245
v -23.3041916 50.2292175 -8.7201128
v -22.4849758 44.7808342 -9.80131149
v -22.0792465 47.451355 -9.59538078
v -22.7103024 50.4477081 -10.5599232
v -22.2201576 61.0834007 -10.0887213
v -22.3616104 62.0279045 -7.56842852
v -21.4721355 45.5138435 -11.1831474
v -20.4166393 47.3875351 -11.8052731
v -20.7836018 49.3117104 -12.2194853
v -21.037241 55.3105927 -12.361228
v -21.0941181 47.3755875 -12.598752
v -20.9752903 49.1280479 -14.9284534
v -3.46708012 3.03249264 -13.8869267
v -0.352395356 -1.31761324 -16.3097591
v -5.15166044 5.39211226 -11.6716099
v -3.73805118 0.00918859988 -8.74983883
v -5.51474476 7.57577896 -10.5554752
v -3.15603042 -1.75457919 -10.7221766
v -4.50880766 6.58066511 -12.8713951
v -2.20214391 -1.42567706 -13.428277
v -3.52940798 10.8921804 -13.8912468
v 0.0217948798 -2.578758 -4.62177944
v -1.10688615 9.04024696 -5.06997442
v -0.491192818 -3.76428437 -11.4668913
v 0.836061776 -4.74309635 -9.64425087
v -0.210119337 -2.39025116 -14.3691902
v 2.33729196 1.18643522 -1.50051963
v 1.37209487 -4.3401947 -5.65391827
v 0.790161908 4.37136745 -0.415477306
v -14.5606356 17.9957161 -24.1721077
v -14.7995901 17.8344002 -22.7281437
v -14.6361866 19.8416634 -25.1188412
v -13.9757156 17.7482796 -25.314888
v -15.0122223 27.2665958 -18.8030109
v -15.2712736 36.3621864 -23.4121628
v -14.5687866 25.7293568 -26.0621338
v -12.2696695 18.4340115 -18.22682
v -12.2923603 15.8879318 -22.5303192
v -4.9497242 19.976923 -27.6523514
v -13.1611013 21.5225773 -27.9133892
v -12.2185822 22.8550968 -28.8703079
v -7.79920387 12.2359371 -14.4397354
v -6.43473196 12.4136515 -22.3945122
v -9.31865406 13.3784142 -18.5333099
v -7.44053745 23.1682415 -29.5689716
v -7.85919714 12.0421858 -15.3598366
v -6.98325729 23.6555042 -28.3142471
v -1.92002428 11.1013365 -20.1538029
v -1.83181453 15.1572161 -24.6546059
v -1.854128 28.212307 -25.5773354
v -0.789731383 11.4115524 -22.1454334
v -0.544820309 18.7196255 -24.5831852
v 0.71291399 10.8130274 -18.8092499
v 2.58159065 13.0447416 -20.8940792
v -15.0279646 13.8617783 -3.5843997
v -13.2431335 12.3161707 -4.75875092
v -14.8143053 20.2809925 -3.77181578
v -14.3480396 8.80986595 -0.599505305
v -13.3705959 7.59456301 0.681313217
v -11.4853544 16.6077538 -6.2704587
v -9.39664555 8.58390522 -2.37842655
v -10.9822493 14.4579 -6.69433832
v -9.31874275 10.6018038 -4.80850029
v -5.33797312 13.63943 -8.99432373
v -8.98429489 6.88514423 0.122597449
v -8.91792965 13.446846 -7.17180061
v -8.59829712 15.0761261 -8.08120537
v -4.2322669 12.9030857 -10.8526497
v -3.50217724 13.2404203 -12.6517677
v -6.66723347 8.62510681 3.86188602
v -5.57899952 11.5028534 -13.509551
v -4.49373913 8.90972519 -12.2640123
v -4.84643602 9.96717072 -10.98419
v -3.92871737 13.0227518 -8.77377224
v -3.80396271 11.1127625 -12.7589149
v 0.0248845611 9.66068649 -3.81535721
v -2.00142622 10.440239 2.38283539
v -15.3431597 32.2855415 -20.9994831
v -15.4840546 36.4594917 -19.771328
v -15.7025642 47.3406639 -21.45924
v -14.3754196 41.2163239 -19.7105598
v -13.8232698 29.4131565 -27.269413
v -14.9053307 31.7456093 -24.7550812
v -13.6572895 36.6383667 -18.8851738
v -13.0982418 36.1508598 -27.5289955
v -14.5704107 40.2840996 -24.4565659
v -10.8533783 34.9914818 -17.5072002
v -12.8273783 47.9032478 -26.8315372
v -11.4354563 30.1036034 -17.3066711
v -10.9057693 39.6583557 -28.7166443
v -9.12875938 28.7867661 -29.536932
v -10.5271959 32.7058716 -29.728302
v -7.17006445 37.3981552 -27.4903526
v -9.07045841 32.8572922 -28.4081154
v -6.60489225 30.5462666 -27.3073997
v -5.60600233 45.4207573 -27.699194
v -2.71997523 34.4305878 -26.1640854
v -1.217067 43.280468 -28.238842
v -0.281435579 27.6496849 -25.1210842
v 2.12818575 35.5368462 -26.6281414
v -13.7860632 49.0542526 -25.3004856
v -13.4674129 56.1106949 -25.8080025
v -14.4839001 62.8282585 -23.5187359
v -14.2957983 62.9056702 -22.1072044
v -12.7133532 63.0384979 -21.1075001
v -9.94751072 49.8310852 -29.06106
v -11.3945704 54.5925026 -29.3165894
v -9.12009335 63.5555458 -30.3430576
v -7.4973731 54.1732903 -30.7048397
v -6.68962097 57.4946823 -30.9233189
v -5.35806084 49.8872185 -28.9881001
v -3.22310019 53.7823296 -29.164999
v 0.870867729 55.8932228 -27.8179035
v -34.2463722 54.930378 2.83454466
v -33.0102997 51.4746017 4.88121843
v -32.2779961 55.3707657 7.15478468
v -33.6220398 60.5975571 3.91444016
v -19.091013 6.99383163 5.2059021
v -15.8868122 6.20221472 3.82131839
v -24.1136322 21.8654861 7.10441017
v -25.3152561 29.5837193 6.65750647
v -22.7755299 22.7551956 10.6592388
v -24.7290878 32.7156563 4.76129866
v -20.7697735 8.92704868 5.55642414
v -19.8495388 8.16188908 7.65654182
v -17.7499065 8.43634033 9.6073513
v -16.4956379 19.5391064 14.659174
v -14.9301291 9.88570976 12.2386179
v -17.393528 24.7998009 15.5635338
v -28.8117714 36.9562531 9.93985462
v -29.7390919 38.6835861 12.4346657
v -30.016552 40.2650414 13.9779234
v -27.6607876 37.0317574 13.0619431
v -31.3620453 42.7698822 10.1530914
v -26.6164875 37.1540718 15.6497011
v -27.0621147 40.456955 17.0655823
v -27.2206955 36.1655693 11.0726423
v -26.7118282 36.3444176 7.23544216
v -26.0610676 30.9227085 7.92834711
v -25.2283459 35.7009048 11.1772795
v -25.2690678 35.7426682 14.295969
v -24.2542362 30.3176346 12.1014786
v -21.7756233 35.4077415 14.0080576
v -23.9342594 36.0939598 2.338835
v -22.4504719 37.1392708 16.462141
v -21.1780396 31.0091801 14.4970951
v -19.4573612 36.6437798 15.4170132
v -20.3159199 39.2276459 16.2304668
v -18.5660229 34.1705856 15.8863525
v -17.5153618 31.2026672 14.3417826
v -18.5848331 36.6955986 15.8009701
v -16.6508408 53.3047371 16.7399673
v -15.6535826 33.196991 15.0638943
v -16.4371166 36.1754532 15.088398
v -15.3132811 42.0257416 17.9551983
v -12.7765284 38.3788834 16.399168
v -23.1403503 40.6297188 20.5208721
v -21.8499508 40.1186333 20.0565453
v -31.9567947 48.3120651 7.1443429
v -31.4649334 45.9607887 7.15422916
v -31.5526943 46.4529839 9.50826836
v -29.8893776 52.0498238 12.9999065
v -29.3823032 43.4348831 15.7671652
v -28.8671207 44.9323616 16.3347149
v -28.1862965 49.8334541 16.7272129
v -27.5443001 55.8649559 16.9598007
v -18.4999886 46.637619 16.5972805
v -27.1032028 58.6090851 17.3774281
v -23.8012657 52.3460121 20.9717102
v -23.9607182 48.1581573 21.1030178
v -24.9019508 60.7153587 19.3891487
v -19.9086571 48.2501411 19.9893761
v -23.0460529 57.8128815 20.6877689
v -20.182991 55.8396301 20.4597664
v -17.6592808 57.0905304 19.5095177
v -13.9482231 48.0406189 18.7230358
v -13.3721581 6.37897539 6.01627588
v -11.3574848 5.79312515 7.4280467
v -12.0545044 7.36787033 2.860147
v -13.4289904 8.32098961 11.0862827
v -11.933548 7.52884579 11.6536655
v -10.3061895 6.5752449 4.76781225
v -8.50263023 6.56528854 11.9833956
v -5.6322484 6.54065275 7.44122124
v -7.91587019 5.68473434 9.39478588
v -9.15093708 10.2032394 17.4373665
v -4.38426733 -3.8421123 13.3176851
v -7.84329939 7.11824417 4.71164274
v -7.03502464 5.85726547 10.3284607
v -5.61413145 -3.52310872 15.644866
v -6.80045891 9.22004223 13.7217388
v -4.98981094 6.38113976 9.17677021
v -5.66892958 6.94943619 10.5467405
v -4.69340038 -4.12368488 17.9131031
v -2.84972954 -2.27988958 10.5866518
v -1.43646741 2.76222968 7.2831645
v -4.63679647 -5.27133656 16.7771034
v -0.634375632 -6.67826986 13.6984158
v -2.66821218 -5.89766169 16.3220043
v -0.442239016 -6.39948654 15.1092806
v -0.106603265 -2.72839761 8.72603703
v -2.70221591 11.550127 6.89812565
v -0.985401094 5.72071457 6.06168413
v 1.29355097 -5.55261469 11.7080021
v -0.00533947581 3.85735106 3.28742337
v 1.34175539 -1.19698679 7.17146254
v -7.57493496 8.9273653 20.4674454
v -6.69724846 11.5335264 22.4333591
v -2.40222907 -4.48873711 19.9760189
v -2.16166186 9.90434361 25.6368027
v -0.745036364 -3.95808363 21.5326576
v -1.12274539 6.06814337 24.968586
v 2.93623853 -5.20225906 19.8024502
v 4.17898893 -4.47093821 20.3028393
v 2.00166273 5.36095142 24.1178722
v -15.3924885 16.663578 14.1941175
v -14.5559015 22.8474159 15.0999489
v -13.0229492 16.6900654 12.9581022
v -12.9160929 26.1228771 14.8961353
v -11.0034485 20.7312164 14.9345703
v -10.6519575 25.4900589 15.6382046
v -10.2771444 7.21473551 2.81791091
v -8.60908127 13.4413948 15.3921719
v -9.60400677 8.07454205 13.5957403
v -9.518713 21.0136261 15.0703182
v -9.14914989 16.8203278 15.5803051
v -6.6779952 7.8432045 12.3038702
v -4.28972101 7.18404675 7.2105341
v -3.58076215 7.83579063 9.1943512
v -1.41548419 11.8918734 5.40688133
v -0.626058936 11.1658144 5.20527744
v -12.3162231 24.5237885 18.947628
v -12.916729 29.193428 18.5817833
v -10.5138483 19.5565853 20.8759747
v -11.8364353 26.1655121 21.3210773
v -10.3925457 24.3259392 23.8011475
v -8.35345173 23.5460873 25.439167
v -7.0567441 23.7074986 26.2744904
v -2.79829669 16.4095707 27.3475933
v -5.86901331 25.0635929 26.4579582
v 0.497857153 20.3219547 26.6280632
v 5.59943962 15.2578611 23.0148449
v -12.1902676 27.8157921 15.5588531
v -12.3333702 36.1786652 16.2000294
v -13.3022861 40.1090355 17.4908848
v -10.3880386 29.906353 13.9893503
v -11.5463829 33.1066093 15.5856771
v -9.84365749 27.3445091 13.9769926
v -11.9074211 34.1750526 21.4942112
v -10.9700251 29.2843323 23.2134647
v -11.1020603 38.4089813 22.1606903
v -12.0449181 43.814106 19.9063435
v -9.49719334 40.9726257 27.3872604
v -7.30519676 29.3488522 25.9777279
v -8.04384995 38.49263 24.184803
v 0.130356416 43.9716949 29.0427799
v -3.64973283 28.5555744 28.137825
v -3.94114494 34.0241585 27.5722866
v -3.58034253 31.4691639 27.7380753
v -3.27632856 32.2285728 27.8880424
v 3.03629327 26.6255398 25.3877544
v -0.656868041 36.2291718 29.3725529
v 2.62002969 35.1398048 28.8519821
v 2.03829861 36.5463257 29.5105515
v 2.4072535 44.944397 30.3203297
v -15.0984182 58.0307503 16.2320404
v -13.9637213 56.0445099 16.6813908
v -13.0448675 49.2809143 18.4518738
v -14.3779116 55.9214211 18.070673
v -14.428154 52.6406898 20.3495789
v -14.415391 56.4057999 20.5374413
v -12.7567091 44.9108429 18.2956543
v -13.8180895 48.9403687 21.4607201
v -13.518589 58.8920898 22.1272316
v -12.5109921 42.1834068 23.3792553
v -12.044445 40.7766151 23.2703667
v -8.85716438 48.0219307 28.9619617
v -9.26193523 60.7934113 28.5579109
v -2.03808284 44.5074005 30.3147812
v -4.63764048 52.1162605 30.9361248
v -6.39536285 56.3052254 30.095644
v -5.1983037 66.4308319 30.3728218
v -3.4026916 59.4861565 30.1592407
v -1.89641309 44.7747383 30.1702557
v -1.72895372 63.7186203 29.1089058
v -20.4229565 60.8128967 -13.6472359
v -18.1536655 64.2658997 -17.7434692
v -20.2772694 63.4681664 -13.6835041
v -19.0700569 66.8959732 -17.187912
v -17.441927 70.0458145 -17.8895264
v -16.7363625 73.9694061 -18.7248135
v -15.1341257 66.9583054 -19.8618832
v -13.0742846 71.4353943 -20.9366417
v -31.3580818 61.7161102 1.40736401
v -31.112772 70.4807129 -1.10847485
v -30.1223907 73.3262329 -2.66661048
v -32.3839531 70.6004028 0.960997999
v -29.4185619 67.3260345 -3.55441833
v -30.3510876 66.6849213 1.59827685
v -21.3570709 64.9018478 -8.87178516
v -21.7448997 70.3584824 -6.7250104
v -19.7976551 71.5513763 -15.1225576
v -21.1818657 74.3275146 -9.21247101
v -19.7654552 89.0106659 -12.0117016
v -19.2632637 76.0441513 -16.8503399
v -19.0719891 79.8469849 -16.5472698
v -15.4261951 76.5140991 -19.6449089
v -16.0920601 83.6405487 -17.7049885
v -19.0176735 84.708374 -14.9243011
v -31.8920116 73.7534256 0.376838803
v -32.1902695 77.3515396 -0.916534126
v -32.4600296 81.4467087 -0.212287754
v -30.5413113 84.6011124 -0.988735974
v -29.1916428 89.8416672 0.959934354
v -20.9000912 81.5065842 -5.58355808
v -29.1245747 88.1947632 -0.932292402
v -24.0848026 89.9911804 -3.0181427
v -20.4439316 88.6204376 -4.63365936
v -20.6366234 77.8523254 -12.1903114
v -20.0844421 82.4041748 -14.2600946
v -19.969101 85.5952759 -12.8541164
v -20.3153019 91.6497574 -3.02880764
v -22.7602348 92.2968597 -1.06361413
v -22.2936039 92.4468155 1.127581
v -19.5709496 99.9558716 -3.02348828
v -20.0395451 98.1070175 1.50514829
v -19.380764 98.9805908 -6.47306919
v -18.9373093 99.4822159 -9.84940529
v -16.865839 101.983658 -11.1642752
v -16.307045 107.931725 -10.2797394
v -14.9140339 98.6120224 -14.5319786
v -18.9287186 109.383087 -0.390663624
v -11.2667561 111.490532 -11.3600225
v -13.3211098 114.085655 0.325534433
v -13.449213 64.2732544 -25.5701828
v -13.2565346 72.4008179 -25.5029831
v -12.5906048 78.2951355 -22.7857056
v -11.684638 72.43013 -21.4223824
v -10.9660721 74.8919525 -29.5411263
v -8.19018364 73.4547348 -30.5703163
v -6.72828865 63.7008896 -30.9485283
v -6.23752546 69.7140503 -30.7194786
v -1.5595423 62.9754181 -28.9085484
v 3.36836076 70.0301361 -22.4061756
v 0.269100815 66.2400436 -27.134058
v 2.96651745 57.615036 -26.1525536
v -13.9446249 89.0844421 -17.3244362
v -12.6218386 77.2453918 -20.8228703
v -12.1266155 78.7559357 -27.0821838
v -12.6023369 77.4828949 -25.2788277
v -12.1666203 80.6218643 -24.5000763
v -9.08148575 78.466568 -20.8518181
v -6.72125673 79.185318 -29.3660812
v -11.0751944 84.5447998 -25.0011902
v -11.495882 84.6700821 -24.2757244
v -10.4962912 86.785881 -22.529068
v -5.27187252 82.6588516 -19.6611137
v -8.34245014 75.3258896 -30.4251328
v -10.7472239 87.0167694 -23.558197
v -9.84003735 103.939789 -13.5835686
v -9.58950138 89.9193649 -23.2533493
v 1.59911406 77.8034668 -23.4003544
v -6.53752565 81.2248154 -28.4993038
v -4.16755581 95.0823898 -23.4680386
v -3.39113498 94.8398895 -20.4871578
v 1.29827642 86.3389587 -21.2460632
v -5.22688437 91.4944992 -19.3700695
v 1.68227327 80.2902679 -22.3477364
v -6.19206667 94.5321198 -22.2245407
v -4.76188755 95.2466965 -21.3615208
v -5.79865313 95.0565872 -22.7383976
v -5.11121035 104.371429 -18.7807655
v -6.52685547 104.960014 -17.1304722
v -5.19542694 104.836304 -15.3241568
v -2.90682793 96.8220901 -20.7645454
v -3.00267124 102.323006 -20.4160595
v -2.61128163 104.16407 -16.7141285
v -1.70038688 93.7770157 -20.5649872
v -2.45715857 102.871582 -20.2743645
v -0.474817008 91.993248 -21.306263
v 1.85861874 83.8162003 -19.7240562
v 2.17458749 101.741165 -18.3133335
v 1.99091256 101.821709 -17.3820057
v -14.7880087 108.549934 -11.8013248
v -6.00646114 104.659767 -13.660964
v -3.7568996 104.111244 -15.2252636
v -4.19080544 110.130653 -11.9223423
v -2.70815659 102.825302 -13.8334351
v -2.56169581 103.838097 -12.806695
v -3.29519486 110.458542 -9.47530651
v -1.25235522 102.240837 -9.65511513
v -0.0752134025 93.2812042 -13.5380564
v 0.389704347 94.4792328 -14.1109133
v -0.777983963 97.1474609 -12.5561152
v -0.921189606 103.841782 -6.29844904
v -1.57955706 107.887718 -5.42863607
v -0.974386752 105.818565 -4.67860603
v 0.0311826691 99.8293762 -6.40055752
v -0.696119845 107.386429 -1.6451658
v 1.74894488 97.0832596 -1.81703377
v 2.11287189 98.350296 1.01495099
v -10.7286596 112.952637 -8.36632729
v -8.17721558 113.609756 -3.80281043
v -9.25626659 114.004753 -0.694898129
v -6.21443892 113.26149 -6.60321999
v -4.14507008 111.673843 -9.87607479
v -5.4056592 113.779144 -2.35843349
v -3.39034986 112.335205 -6.81914091
v -3.75329518 111.144073 1.08637285
v -2.87017584 112.752991 -3.30925107
v -2.64706445 110.127274 -7.10318661
v -1.21041214 109.959175 -0.364665329
v -0.071222879 106.914177 2.20254898
v -32.9410553 65.7005615 4.30381203
v -32.9299889 68.2901077 3.60606074
v -27.6221409 69.7629013 14.3462553
v -31.3937454 72.8295059 5.90654373
v -29.0158424 72.2480545 10.9197187
v -27.5314636 72.4270172 13.2011271
v -26.7262592 65.0445023 16.9449387
v -23.4935131 71.790596 15.5120316
v -21.8262386 66.0769043 18.5304203
v -20.8544655 71.5010223 16.4065933
v -21.4551773 82.272728 13.3272858
v -17.0322418 60.5520058 14.1425982
v -19.6698322 63.5574265 18.0421791
v -15.1974039 65.6709824 13.7153511
v -15.1096401 59.0741043 14.7234888
v -22.2937908 60.1829681 20.2620411
v -32.0404282 80.616806 2.32339811
v -30.7034283 85.7694702 3.58758307
v -30.9885559 76.5754852 5.36860037
v -28.7203617 85.3562317 7.79069281
v -27.8801041 81.4254227 10.3398552
v -28.5261135 76.3672943 10.3464336
v -28.3710041 89.522377 6.40176582
v -27.1056652 76.8752975 12.5014439
v -26.9048271 83.5369949 11.2777262
v -27.66819 87.3745193 8.78840542
v -27.176239 88.5286865 8.99755573
v -24.9365673 88.0050888 10.6723652
v -21.827467 77.0907593 15.0764856
v -24.3998508 81.1897049 13.2194471
v -22.1955853 87.0377884 12.0502501
v -19.6121006 90.8535995 8.74750805
v -17.0081196 83.4207687 9.37414742
v -17.1397629 87.4784012 8.16949558
v -15.2340956 74.914093 10.794816
v -14.4553566 78.7962875 8.90807724
v -15.1236868 81.0689163 11.3370132
v -12.7142601 92.6282425 9.18429756
v -26.6928787 91.6951675 2.47414422
v -27.8713627 90.5829468 4.01965046
v -25.5489197 91.0851593 5.88012695
v -24.477644 92.7495499 1.51512241
v -22.6661472 91.7421417 6.63077307
v -20.8883171 92.1984558 4.64982939
v -20.7977543 92.0257568 6.239326
v -20.4369564 93.3901062 6.66893625
v -19.931076 99.2438583 7.00099373
v -20.3495979 97.5362015 6.41583395
v -19.9560757 102.334679 4.94349384
v -18.7338505 96.0141296 7.66881704
v -19.4605637 106.032684 3.1441083
v -19.3512993 101.235901 6.72590923
v -18.0513287 91.0312576 7.52192831
v -18.2037144 100.744858 7.72969389
v -17.9211884 105.339958 5.26359797
v -14.9643507 104.345947 7.20184898
v -18.371212 109.727402 2.56401563
v -17.2945156 111.293365 1.39512646
v -16.8047733 110.608047 3.64710093
v -15.1355896 112.36203 2.4878943
v -15.1870966 73.7869339 12.3668852
v -12.3401089 59.8588295 14.6995258
v -12.8556414 59.238739 15.7907963
v -10.2431564 66.8134918 13.7173643
v -14.4919491 78.9035034 11.6154022
v -12.8501501 59.5115585 16.3748837
v -11.2222719 75.0970993 14.8866768
v -9.01509285 78.4543304 12.0737648
v -11.3338938 60.8029861 14.6773863
v -14.2789555 63.5194054 18.3208027
v -12.2833281 73.5825806 22.3443108
v -13.9717693 66.8759155 20.3704376
v -13.2403498 85.7328949 19.1874046
v -13.4434023 83.5078583 17.5931435
v -7.38149834 74.8342438 29.5476418
v -5.01595211 76.6932602 30.1568928
v -3.49805927 69.7518311 29.8663349
v 3.71981549 63.0457916 22.9192486
v -12.0904913 87.5907364 10.3012304
v -8.05130672 86.2814178 10.8773432
v -9.16645432 89.2388 12.4611368
v -7.1328125 91.5413055 9.57879353
v -13.1800308 89.933754 18.1278763
v -11.7667875 89.8805466 20.9350052
v -9.25893974 87.8111343 25.0792961
v -7.67942905 84.0275269 27.6924953
v -7.86540318 97.0131912 25.2965202
v -6.37665606 81.0323715 29.7027264
v -4.02033186 81.4712677 28.4544048
v -0.469439149 83.8274384 24.1278839
v -0.053290844 97.1351547 21.2922707
v 0.765797615 79.1624146 23.7130432
v -6.22612762 97.858551 8.48239994
v -11.3872719 93.6736908 15.8830528
v -11.0355167 96.2391968 16.3180008
v -10.3108721 99.8317947 14.1138945
v -6.65221357 94.1138306 9.26055813
v -8.26128483 104.791878 14.1432638
v -4.47457075 103.48069 7.37347555
v -8.01225185 103.218292 18.8227043
v -6.40901995 109.418045 5.95707083
v -6.08055162 107.910225 16.5676041
v -2.29687762 104.925034 5.09778261
v -1.84533536 106.205963 5.49005985
v -3.09412432 108.222389 4.46659184
v -0.248503685 104.596519 3.49019337
v 3.86371088 104.964996 0.89679718
v -9.64865589 94.1585999 23.4854183
v -7.23933268 99.260582 24.4746895
v -7.06128931 101.947136 22.4982796
v -6.31528759 106.373665 19.2698593
v -6.4596014 104.746727 20.8734455
v -3.8235147 106.853783 19.2536869
v -2.87118673 101.088989 22.0224304
v 0.388411164 106.92337 18.3391247
v -12.9109182 109.467491 5.91289854
v -10.6360664 111.145195 5.42330551
v -3.28974652 109.524452 13.1039791
v -3.59059715 107.237717 9.03540325
v -4.46532345 108.969696 15.0170135
v -1.22681844 109.313103 14.5257158
v -0.615232468 109.128098 9.04609489
v 2.6540277 108.79171 14.9889364
v 2.12451553 108.845757 6.85865927
v 0.350219756 105.505997 1.26593244
v 1.87241948 0.256012589 -18.8059006
v 3.0158 5.18238211 -20.7200565
v 5.04888344 -2.89175701 -15.6043139
v 6.91335583 1.31753576 -19.9262123
v 6.56606913 7.2364831 -21.8645802
v 8.18181229 5.32936764 -20.8749275
v 7.38916016 -2.40215683 -16.0492191
v 8.64859676 -2.87802005 -13.2117767
v 9.01352215 4.29671621 -18.8063583
v 10.5918541 -0.91486764 -10.6861143
v 1.44412494 -3.68066001 -12.9878101
v 1.90924609 -3.36297965 -3.48505473
v 4.77811575 -3.84474945 -13.2321177
v 5.86997366 -3.95659661 -11.0691357
v 4.04660606 -3.41393518 -4.11688709
v 4.20065546 -1.66480863 -2.96173811
v 4.20984793 -5.04482985 1.04096115
v 10.180584 -2.43468451 -9.23017788
v 6.27282619 -7.81622028 -1.47602451
v 6.37559509 -1.9999516 -4.96547794
v 6.8951354 -3.35665131 -13.9414253
v 7.12040567 -7.57641077 -2.56030774
v 7.84335041 -5.75511885 -4.36811399
v 9.26977158 1.53982687 -5.31250095
v 14.0841503 -0.240819409 -4.57753706
v 9.99583817 -6.90628052 0.244180843
v 14.9291325 0.667079926 6.55871201
v 12.4115973 1.51981175 -8.73113155
v 13.9892225 10.7415686 -14.4821959
v 16.2971516 10.9082689 -6.25661135
v 14.4548368 5.83457184 -8.41868114
v 15.1512623 7.91226196 -7.2983737
v 15.4666538 11.5947924 -12.6644659
v 19.961832 5.71042919 -5.11779022
v 4.12929821 12.5832672 -22.2720203
v 3.55414271 16.8367844 -27.1902161
v 5.50454903 14.5807495 -26.9430618
v 6.98159313 18.2615414 -28.6920986
v 4.99010134 29.3548336 -28.713522
v 6.17087555 11.0628929 -22.5957184
v 8.41094017 11.1165218 -25.4971142
v 6.36657238 22.9172707 -28.9548492
v 9.83057213 10.8833437 -22.8815594
v 9.54739189 15.9769087 -28.5132046
v 9.92570972 23.5277176 -29.2910976
v 11.4262047 15.3225307 -28.0159397
v 12.4135017 23.6785583 -28.6934814
v 13.2430735 10.9312477 -23.923996
v 14.6024246 10.8527651 -21.8437901
v 15.6957378 23.9697304 -23.90065
v 18.1223812 14.0036163 -9.62565041
v 18.6359577 12.9715681 -15.8327255
v 2.03799081 44.8125496 -26.9991646
v 3.24932909 47.2738838 -26.9600735
v 8.76729965 29.3027649 -30.0600758
v 10.8137922 42.4641304 -30.4707203
v 10.7040329 30.3454571 -30.5521736
v 11.6327009 27.9507198 -29.8594475
v 17.4951878 27.7107105 -24.7376976
v 5.55172062 47.242115 -28.4635105
v 6.1608305 51.2670517 -28.5672798
v 10.7261381 47.222168 -30.2519722
v 6.30211544 58.2981911 -23.1069221
v 13.3447456 54.061554 -27.866787
v 9.21809196 57.2846222 -23.4120083
v 15.1291628 57.7802048 -19.150341
v 12.6001577 59.4999084 -15.9395218
v 17.9461327 55.127327 -19.5010681
v 18.2902966 42.208683 -23.6911755
v 17.481638 54.7223854 -24.1695518
v 15.9634075 52.627121 -17.1306305
v 17.0908031 55.0707016 -12.6427851
v 17.7377033 52.6237679 -18.5494728
v 17.3372307 52.4638786 -14.7671137
v 20.646431 52.6308136 -15.5415678
v 18.3204308 8.56040478 -5.5350461
v 20.305748 8.40585613 -3.97968006
v 19.9819736 23.1683578 -16.6110916
v 19.8531246 21.0735703 -16.3465595
v 22.5125179 22.8361626 -16.5198555
v 22.6910553 20.8560753 -15.9294634
v 24.2316322 21.9368534 -17.0663433
v 23.9322929 25.0031433 -19.9768925
v 18.3890934 11.4946041 -6.05260944
v 17.7842808 13.8172779 -6.51896334
v 19.3269863 9.97082138 -4.83609533
v 18.9135456 15.1579399 -3.99161506
v 18.0051517 15.277524 -5.43731165
v 18.3827477 19.8863297 -15.0016804
v 18.3967819 20.11796 -9.73971081
v 20.3267117 17.5419369 -2.42909002
v 18.2921352 20.2798576 -8.14721012
v 19.8695564 13.1648026 -3.74536252
v 20.1508598 15.2129297 -2.12153316
v 21.5567226 19.8404922 -14.8387194
v 21.2192287 20.5530567 -3.13695312
v 21.229002 8.22491837 0.138901532
v 20.9887486 9.11187458 -2.06322002
v 20.7556324 10.3730507 -3.62840509
v 21.263361 11.9797869 -3.49702883
v 23.0479527 14.9060678 -0.843549371
v 22.316246 11.528965 0.407938778
v 24.061861 20.5684128 -1.61237395
v 26.9210243 19.7784252 -12.2589455
v 27.7448063 20.1980267 -7.00865173
v 26.6035156 20.1846123 -15.007514
v 23.796751 20.9414387 2.3535552
v 28.3700542 21.1762028 -13.1195917
v 27.9551105 21.0492821 4.52893305
v 29.1964226 21.0750256 -8.09244061
v 29.79599 23.8395691 -12.6250038
v 29.8918056 20.9613228 -3.60102677
v 20.0733967 26.5423622 -19.1420002
v 17.2682667 27.2489529 -16.7572079
v 19.5377064 29.262722 -19.0640774
v 21.402153 29.4039536 -17.0862255
v 19.9773216 31.1669884 -22.2063446
v 19.7913322 39.4042854 -19.4788132
v 18.6675205 44.6706238 -21.4445171
v 19.3550587 47.1213684 -17.5263615
v 21.3190136 31.3000259 -17.2279949
v 23.1345901 33.1397324 -20.2136402
v 22.6157379 38.9663925 -20.2384281
v 22.7264767 25.5540104 -17.9466801
v 26.8502502 36.9402962 -20.9423447
v 26.9536514 45.575737 -20.6347046
v 29.8941708 35.4726143 -16.8130417
v 29.896286 44.6250114 -17.1637001
v 30.5052814 32.1477356 -14.8869991
v 31.6352577 26.7685566 -3.69514799
v 31.1945591 35.5244331 -13.3064451
v 32.6409111 50.6093445 -9.01700974
v 33.1499176 43.1774025 -7.63839722
v 32.9900322 35.94487 -2.64489126
v 32.6328392 30.9315777 2.10660553
v 33.2717285 39.2140999 -1.71371794
v 31.4570045 42.752655 2.53910708
v 17.7647381 55.2523537 -22.7474251
v 18.6942844 46.8485641 -18.7166767
v 21.3479786 47.4535637 -19.0590401
v 20.9314995 50.5129128 -15.5228662
v 21.7067108 45.6855545 -20.1182308
v 24.7680817 49.7911301 -19.239727
v 22.9263878 54.1085167 -18.0995197
v 22.4915009 56.8347931 -17.2920589
v 23.6003494 47.1106873 -20.5678711
v 24.494009 51.1470947 -18.9890442
v 24.5907612 52.7644997 -19.285038
v 26.188179 50.0738945 -20.2115078
v 25.4802914 58.1049652 -18.509903
v 29.5762615 53.6043968 -17.6016312
v 30.2747288 61.5238914 -14.3412971
v 17.4591103 52.2148895 -12.290082
v 14.8277836 60.3680191 -11.560215
v 18.1362095 60.2439384 -13.8143692
v 32.4533424 47.2731056 -2.24732375
v 29.7953606 58.2469292 1.7796787
v 31.1181927 57.3876266 -2.67297721
v 30.6395912 49.0352936 2.29935408
v 33.6210442 56.9074936 -4.84311342
v 34.1052818 48.3960114 -4.22007322
v 1.37221849 -6.48416567 14.9848595
v 1.64728856 0.278506666 8.02715111
v 4.00888824 -3.0652926 10.1688814
v 2.66418362 -5.76662064 14.1796265
v 4.59862232 -8.23163223 6.53020525
v 3.53130841 -4.56132126 12.4192095
v 5.74119949 -3.94349074 15.0521259
v 3.67755508 -0.500074983 8.8993063
v 5.55939293 -4.5372262 18.6242313
v 5.22412586 -3.24710083 12.1294451
v 6.26493311 -1.95218289 11.1724958
v 6.09056902 0.00163650513 10.7083263
v 8.79340363 -7.25051785 8.81558514
v 11.5622034 -3.13465738 11.0707607
v 6.6401515 1.98419142 10.6824627
v 8.728652 0.129921302 15.2660999
v 8.7862711 0.0650656745 17.0758915
v 11.0306797 2.73698425 12.3674536
v 9.1665802 5.63283968 12.4173803
v 9.31618023 4.48992825 14.6972685
v 10.9034843 9.78717422 16.7773151
v 13.4895859 6.25462151 13.8855743
v 9.94077492 6.84391356 17.4021397
v 15.3786707 2.26365232 13.1929426
v 15.2970543 8.30866146 14.6251783
v 16.5524597 6.49072266 13.1426945
v 18.6061668 6.31883478 10.9535475
v 4.19532347 7.54040098 22.6082134
v 11.1201277 15.2303123 14.7662125
v 11.7985296 16.6749439 17.7669487
v 11.362174 18.9890881 13.5820475
v 12.4853029 19.7332039 17.6490898
v 14.1847496 9.88718033 14.732358
v 15.4342279 16.747797 16.292448
v 15.7397346 19.8294926 15.6951113
v 19.3290596 9.08242416 11.1121502
v 19.5173779 12.5225172 13.1193333
v 19.2419739 20.0967464 17.1410313
v 4.81636477 23.6661663 25.2782688
v 9.73262501 20.5186977 20.543066
v 18.33321 26.4508724 21.0188026
v 17.7390099 21.6849098 17.7068863
v 7.16513252 32.3309212 21.6660538
v 7.50597143 39.8291054 27.5340805
v 3.81143022 41.2276535 29.7870121
v 7.28077173 25.3674831 23.5421696
v 6.28213453 28.0171623 23.3441772
v 10.0714521 34.6947632 22.9174118
v 8.35954857 27.2092953 24.2616825
v 10.2279863 36.8915176 25.5287056
v 10.7142563 42.2809677 24.8696041
v 13.6548014 28.3572865 23.3266926
v 10.7030725 31.1770821 23.2985172
v 14.6149511 33.5919418 22.9487362
v 11.3660717 37.5848236 23.2662678
v 16.2724266 42.2870445 22.0624065
v 0.963746369 54.8890076 27.700489
v 3.17007923 53.3130379 28.4722538
v 2.789469 62.3014183 26.2855053
v 5.53278065 62.8893967 25.416132
v 10.2657061 49.595108 24.0669117
v 8.97219372 58.8759918 23.4520741
v 10.2345638 52.7048264 22.0622787
v 9.15969849 60.0458107 21.7722168
v 17.3638096 48.7300186 21.2964611
v 16.8680344 56.3016396 21.3708591
v 20.6230183 8.79586315 9.16472626
v 21.8965816 17.9288788 13.7030315
v 20.8281956 22.3003864 16.867609
v 21.5200577 8.90577316 2.16089869
v 22.9365864 19.8623829 6.887568
v 21.964138 21.5141945 14.6338491
v 22.6282997 20.5989189 12.342309
v 24.1725845 23.5018692 16.3298454
v 23.5003471 19.8969822 2.70341778
v 24.5180645 20.4947586 9.0397501
v 27.3076744 24.3036118 14.496974
v 25.1900921 21.2095242 4.8632865
v 27.4693661 22.8749561 8.10470867
v 27.2133923 23.4129734 5.57573509
v 28.649086 23.0032501 5.00712824
v 28.3205814 24.4643383 6.85469151
v 22.2075005 24.5186901 18.8485394
v 26.2325344 24.8773918 16.3317623
v 25.5127926 34.5316963 5.41131258
v 27.0363903 44.3349304 8.10908699
v 29.7795582 43.6920738 3.31177568
v 25.5402889 40.4897385 4.94566488
v 25.4307785 40.4718475 6.14351654
v 27.3186893 25.1564884 15.2664051
v 26.2593994 30.7049541 16.803421
v 28.5197105 31.991888 15.4775047
v 30.2540836 30.9037285 3.76090074
v 29.1528091 39.5023155 15.3665247
v 28.7078686 43.9403114 9.80542374
v 25.1402874 39.9422493 17.6153584
v 29.4312592 32.4067841 9.09781647
v 30.0274353 37.3604469 11.6776619
v 29.1980495 35.8325844 15.2942877
v 29.704771 45.84198 12.7474918
v 32.1784744 35.1332588 2.80894446
v 23.7977047 44.9499931 5.10644293
v 24.9146614 53.8558922 17.1945915
v 27.7986145 56.9107971 15.2726011
v 30.5389023 43.631382 5.18626451
v 27.3728027 49.5986061 9.01343822
v 29.4745884 46.7408714 8.20126629
v 28.4167652 58.0186653 8.78468609
v 26.190546 63.1885757 9.901618
v 27.1400433 61.6459465 10.5503893
v 28.3832817 57.1001892 12.1856251
v 29.3433056 52.0164566 14.4671249
v 28.4402924 61.7812119 14.5172234
v 31.2731056 55.5392494 3.32037187
v 31.3151608 49.4015465 3.97019982
v 17.8961372 62.308506 20.8567905
v 25.8871784 70.9209213 16.3312206
v 3.30259013 65.0772934 -24.920763
v 4.99717093 64.7576294 -22.6541729
v 8.37519836 71.602417 -22.8657112
v 8.05472755 64.3453598 -22.9330215
v 8.1473217 60.5395317 -22.8608627
v 5.72517347 79.533844 -22.6319427
v 11.3040447 68.2492599 -23.1086273
v 11.9328079 60.4430275 -16.4851418
v 12.7000456 62.9871025 -19.7734528
v 12.4536877 64.5709 -23.1864185
v 11.6201992 81.169632 -23.1241646
v 14.9664135 62.8891907 -15.6365423
v 14.538209 66.4080429 -23.1147575
v 13.7872267 75.5239639 -23.1927357
v 16.5703926 67.1944046 -21.2570972
v 16.6379776 62.9466858 -12.391593
v 16.9406509 72.0000229 -18.9248638
v 15.2092571 79.0451584 -18.6234512
v 15.3910532 62.0412483 -13.2377844
v 16.0639648 62.0945892 -12.0475788
v 15.9585915 72.4082031 -12.2815647
v 16.4186897 68.1943359 -11.0106411
v 16.9361095 69.7413025 -14.5112238
v 16.261694 78.2328415 -8.72449398
v 16.0696888 77.6277695 -12.9136877
v 4.48325157 91.8019867 -18.053318
v 2.10207844 78.9690399 -22.0731907
v 2.15068841 83.2695313 -20.2679043
v 6.56381941 84.5708237 -22.73736
v 3.44229746 82.9421616 -21.5318375
v 4.29085588 88.3002853 -19.7002716
v 6.79444599 88.7022629 -21.4383163
v 7.952034 86.3303833 -22.5312023
v 5.49358797 92.3617401 -18.6106071
v 8.40067482 89.1934128 -17.6373692
v 12.5315437 83.336174 -17.8313046
v 14.3893986 78.193428 -21.9237709
v 12.3251276 93.3847046 -17.5277939
v 17.0787106 78.6271439 -14.7976246
v 17.1509476 78.1290359 -16.2783031
v 21.4453526 80.7365036 -11.5641232
v 21.1005154 82.692955 -12.5690765
v 4.37618685 92.6509323 -17.2513332
v 4.22448063 94.243187 -16.1088753
v 8.59716415 95.8559723 -17.3347626
v 8.86268711 103.101852 -16.4531689
v 10.7226954 103.624718 -16.5966358
v 13.1563311 103.909294 -16.3283653
v 15.185256 104.068268 -15.218852
v 0.578340828 90.8103485 -13.433485
v 1.51614857 91.2670746 -9.03763008
v 0.988235414 95.147316 -7.34173155
v 1.93188655 94.7451096 -4.12477589
v 4.51710653 94.7616272 -12.4675322
v 1.99932659 92.5530319 -15.0068703
v 2.03682661 100.46711 -7.75968838
v 2.13097286 95.5416565 -2.20688343
v 4.16811705 98.1626282 -0.324179173
v 3.04564357 92.9095459 -15.8985434
v 3.57999444 102.389442 -1.88734448
v 4.34123993 96.4857025 -0.777138174
v 4.00905704 103.046349 -4.1940012
v 2.67676115 103.65612 -7.53745413
v 2.64980125 107.354424 -6.41943645
v 2.87194228 105.507591 -5.40250921
v 3.14055562 105.233414 -3.06017375
v 4.40897799 103.709259 0.1207745
v 4.71735525 101.616699 -1.00093055
v 4.15860796 106.303596 -2.00187731
v 3.8927846 109.406609 -7.93810225
v 6.83641768 105.798561 0.000114053866
v 5.89717388 94.3743134 -14.3705149
v 4.96929979 97.0775909 -0.393480539
v 5.69871473 99.1553345 0.891414404
v 9.86895084 98.9596558 2.38858938
v 8.57956123 112.059677 -13.4203835
v 16.2639408 103.183189 -14.4430952
v 17.3627548 101.722061 -1.01356757
v 15.412775 104.977638 1.72295356
v 17.7112579 108.036171 -11.9086828
v 14.6552896 110.172623 0.641637444
v 2.8062346 108.207031 -4.52913427
v 2.45585394 112.843636 -4.51214886
v 3.23720932 113.960716 -3.56937838
v 4.56568861 118.216278 -5.4499588
v 5.05377674 109.886444 -1.87823248
v 6.04137754 118.913826 -7.92115164
v 5.39098644 116.122383 -2.37734389
v 7.16853762 118.909904 -2.20323491
v 8.15002251 120.997383 -5.71041107
v 10.1353683 108.84375 1.25786638
v 8.21701431 118.993744 -10.5215168
v 10.4712458 112.983727 0.890345871
v 10.1676588 117.372398 -0.160783917
v 8.57895184 120.711502 -8.52336025
v 10.1296234 119.843338 -10.4218769
v 12.2036257 119.993958 -3.27824235
v 12.3723249 119.680176 -9.45702267
v 12.0839233 120.499756 -5.56632471
v 15.461298 119.198006 -7.5963912
v 13.4792614 116.972374 -0.901210785
v 14.068449 119.569862 -3.84578848
v 16.8815689 114.737137 -9.23979187
v 24.8600006 64.634819 -16.8301125
v 24.7587948 77.1314926 -14.2138414
v 25.4702187 73.6033096 -15.2142525
v 27.301403 70.4453201 -14.5563011
v 30.0187607 67.3692627 -12.8789053
v 29.4953785 72.220932 -12.7366447
v 29.5101261 79.0380554 -11.5373411
v 32.8379631 62.78479 -1.68759954
v 32.3611259 68.8944244 -6.07896996
v 33.1072769 62.4381561 -6.05455875
v 30.6901913 64.6006393 1.03747332
v 32.483036 67.5225296 -1.11649144
v 32.4365692 69.0966797 -0.179313913
v 32.2006073 77.1717377 -0.486142337
v 33.7880478 59.1360474 -4.19495821
v 33.069973 77.435936 -2.40385866
v 33.1489296 75.5105133 -0.810026467
v 19.369318 79.4133224 -13.2752838
v 22.6432362 90.1606903 -11.2429228
v 19.192421 88.2715683 -1.64964104
v 22.1763 92.1966553 3.1188097
v 20.9611492 88.2699509 0.22143127
v 21.116581 89.4700775 -2.99432588
v 22.7487278 89.082695 0.752897561
v 23.0380192 87.5444641 -10.8614359
v 22.496664 89.6310043 -7.90460205
v 25.1755047 83.412941 -12.9281731
v 25.848835 88.7022476 -7.98529577
v 24.1039009 89.8553314 -0.776120245
v 27.6022568 83.8029785 -11.6219559
v 26.2437916 90.3534088 -3.79121423
v 27.9268093 87.8709641 -1.69716024
v 29.3643665 84.6235199 -9.88809013
v 29.9263382 84.39328 -0.486559212
v 30.3712788 86.0084229 -6.90193081
v 30.486824 86.0679932 -2.67586589
v 31.7502995 80.8109894 -2.28570962
v 18.3234882 98.5563126 -13.3376951
v 18.4559746 96.7004547 -0.750055373
v 17.7623539 98.8061829 -8.81779861
v 16.8747177 98.6349258 -2.46088314
v 22.0185757 95.6098251 -8.22736454
v 18.188797 100.542175 -13.2501993
v 18.170826 102.017433 -7.99226904
v 18.6496124 104.481522 -6.71182823
v 18.6076298 108.091721 -9.44791508
v 18.1297989 92.4321823 -0.664076746
v 18.2086277 94.3467865 0.856950283
v 17.9815731 96.3405533 1.92869127
v 20.738657 95.6881485 -2.89013791
v 21.012928 94.9299622 -11.8812647
v 21.7201977 95.7227707 -6.57754374
v 1.43003941 62.2418251 25.8402958
v 2.34497166 78.8675003 21.6840229
v 4.44748831 62.9977684 20.9677715
v 6.03925133 63.0386047 18.6502228
v 3.55021739 75.4600677 20.0371494
v 7.43138552 63.1894226 23.3134594
v 8.1679287 63.0715714 20.3482113
v 6.35430956 75.541893 16.317255
v 12.586133 74.0639496 21.5200653
v 11.5674057 78.6748047 19.8474083
v 12.5302954 63.8250465 21.5859203
v 16.3691616 69.8954468 21.163168
v 14.2279234 74.2978745 20.9643917
v 20.0015888 74.7231216 17.8712177
v 3.01668572 80.7077179 19.0722713
v 6.41762638 83.5551682 14.5379868
v 3.15099692 96.0095062 17.1858349
v 5.63407898 96.7942429 14.3082609
v 8.44103527 97.8359299 12.3440914
v 10.9349728 89.7615585 16.4793358
v 10.7464323 83.4026871 17.8346214
v 14.9595556 91.8543091 14.3165913
v 16.2506199 79.7036285 17.3114185
v 17.216898 83.6844101 14.3793354
v 1.63781452 91.78405 19.530201
v 0.88875562 103.702065 2.57986188
v 3.67118239 107.658646 4.12946177
v 3.36508965 103.837486 15.9531851
v 6.08248091 102.673592 13.6145802
v 9.05321121 99.9035492 2.38644457
v 8.52388287 103.589066 6.15652609
v 8.14011288 100.202858 4.70678616
v 10.1523161 98.3843384 11.1990499
v 10.1087675 101.453217 10.3047762
v 7.75358725 107.394592 10.1141205
v 9.63743019 104.634438 9.53575993
v 11.4856453 96.8001862 14.7262135
v 10.019865 100.144562 3.86672497
v 10.7519083 99.0646744 8.60628319
v 14.7588539 97.355011 12.993432
v 11.6009092 102.750046 2.98193598
v 15.723794 97.874176 10.4926157
v 15.4979982 98.549057 8.04196358
v 14.7812538 99.1327286 5.79481745
v 13.0160227 98.430191 3.94611216
v 14.6408663 93.593605 4.57858324
v 14.8803911 97.1688919 4.21661758
v 20.7802982 92.4916992 10.446619
v 18.2636471 95.047493 11.5569515
v 15.9616966 98.4953079 3.45131755
v 19.2265511 94.3273468 4.9517417
v 16.8621502 95.4381485 3.11752033
v 4.49243402 108.760559 12.8045683
v 5.10900307 108.620369 7.68600845
v 6.11970139 108.417603 11.2116079
v 24.2053051 70.174118 9.38567352
v 24.3760452 66.5423431 8.79918575
v 26.7891064 66.4199753 2.32090497
v 24.6602325 76.3898697 11.109086
v 21.6844749 69.8138046 18.8184719
v 26.1887817 70.2634735 4.01583862
v 26.2161026 73.030098 5.10785675
v 27.2384415 70.8238144 15.305975
v 27.9255047 62.8811264 8.24666214
v 29.64711 62.1984482 5.29397488
v 25.9593201 77.5426407 1.55637348
v 25.97826 72.2697296 2.05301142
v 24.979784 77.7466049 13.1114931
v 29.0392284 62.9293137 1.88541973
v 21.2130833 84.180809 11.9143085
v 19.9177246 88.0960159 8.46937466
v 21.6671581 88.241272 10.6409588
v 19.652544 91.996994 7.12986374
v 21.7792969 80.314743 9.1077528
v 23.5901108 82.9866409 5.28626776
v 23.0531406 83.0979538 11.0130796
v 22.8649197 86.8097382 1.60093784
v 25.8752384 79.7870789 2.47236228
v 17.52981 91.5405731 7.02031183
v 21.397768 92.9963989 3.70135522
vt 0.0084276991 0.00793194398 0
vt 0.00803695526 0.00769580714 0
vt 0.00803268794 0.0076923077 0
vt 0.025244642 0.00789488945 0
vt 0.0250000004 0.00779359881 0
vt 0.0253292173 0.0076923077 0
vt 0.0076923077 0.00793194398 0
vt 0.00803268794 0.0076923077 0
vt 0.00803695526 0.00769580714 0
vt 0.0076923077 0.00793194398 0
vt 0.00803695526 0.00769580714 0
vt 0.0084276991 0.00793194398 0
vt 0.0577071495 0.00770699605 0
vt 0.057711184 0.0076923077 0
vt 0.0577868447 0.00773629267 0
vt 0.0413528085 0.00773970643 0
vt 0.0413461551 0.0076923077 0
vt 0.0414373688 0.00771714887 0
vt 0.057692308 0.00773629267 0
vt 0.0577071495 0.00770699605 0
vt 0.0577868447 0.00773629267 0
vt 0.057692308 0.00773629267 0
vt 0.057711184 0.0076923077 0
vt 0.0577071495 0.00770699605 0
vt 0.914319277 0.466211677 0
vt 0.897945642 0.465094686 0
vt 0.919669449 0.454524696 0
vt 0.926284611 0.473528713 0
vt 0.914319277 0.466211677 0
vt 0.929616749 0.463190615 0
vt 0.0237771869 0.682382882 0
vt 0.03684837 0.660958707 0
vt 0.0500529036 0.661865234 0
vt 0.039301306 0.712543905 0
vt 0.0307582803 0.707461417 0
vt 0.0237771869 0.682382882 0
vt 0.914319277 0.466211677 0
vt 0.919669449 0.454524696 0
vt 0.929616749 0.463190615 0
vt 0.0237771869 0.682382882 0
vt 0.0245180037 0.660826206 0
vt 0.03684837 0.660958707 0
vt 0.919669449 0.454524696 0
vt 0.943918347 0.449670076 0
vt 0.953924775 0.453333974 0
vt 0.929616749 0.463190615 0
vt 0.919669449 0.454524696 0
vt 0.953924775 0.453333974 0
vt 0.801419139 0.440933198 0
vt 0.81674248 0.425235599 0
vt 0.824925482 0.42939508 0
vt 0.827387035 0.416438609 0
vt 0.81674248 0.425235599 0
vt 0.816062272 0.415076196 0
vt 0.850891471 0.516021252 0
vt 0.856130719 0.537188113 0
vt 0.84570539 0.519031525 0
vt 0.822838724 0.497332394 0
vt 0.834283829 0.49020201 0
vt 0.84570539 0.519031525 0
vt 0.84570539 0.519031525 0
vt 0.834283829 0.49020201 0
vt 0.850891471 0.516021252 0
vt 0.8839463 0.467413396 0
vt 0.865302444 0.474230438 0
vt 0.872513831 0.467085123 0
vt 0.865302444 0.474230438 0
vt 0.866262436 0.461810619 0
vt 0.872513831 0.467085123 0
vt 0.865302444 0.474230438 0
vt 0.825632572 0.484073699 0
vt 0.866262436 0.461810619 0
vt 0.834283829 0.49020201 0
vt 0.825632572 0.484073699 0
vt 0.865302444 0.474230438 0
vt 0.850891471 0.516021252 0
vt 0.834283829 0.49020201 0
vt 0.851868689 0.492750883 0
vt 0.834283829 0.49020201 0
vt 0.822838724 0.497332394 0
vt 0.825632572 0.484073699 0
vt 0.893375099 0.486067206 0
vt 0.865302444 0.474230438 0
vt 0.8839463 0.467413396 0
vt 0.851868689 0.492750883 0
vt 0.865302444 0.474230438 0
vt 0.893375099 0.486067206 0
vt 0.825632572 0.484073699 0
vt 0.826759577 0.462725461 0
vt 0.866262436 0.461810619 0
vt 0.850891471 0.516021252 0
vt 0.851868689 0.492750883 0
vt 0.858964801 0.508982241 0
vt 0.869303346 0.507715166 0
vt 0.858964801 0.508982241 0
vt 0.859174788 0.495736688 0
vt 0.834283829 0.49020201 0
vt 0.865302444 0.474230438 0
vt 0.851868689 0.492750883 0
vt 0.893375099 0.486067206 0
vt 0.8839463 0.467413396 0
vt 0.897945642 0.465094686 0
vt 0.872513831 0.467085123 0
vt 0.897945642 0.465094686 0
vt 0.8839463 0.467413396 0
vt 0.874226987 0.49323076 0
vt 0.851868689 0.492750883 0
vt 0.893375099 0.486067206 0
vt 0.858964801 0.508982241 0
vt 0.851868689 0.492750883 0
vt 0.859174788 0.495736688 0
vt 0.893375099 0.486067206 0
vt 0.897945642 0.465094686 0
vt 0.914319277 0.466211677 0
vt 0.887796104 0.506072342 0
vt 0.874226987 0.49323076 0
vt 0.893375099 0.486067206 0
vt 0.859174788 0.495736688 0
vt 0.851868689 0.492750883 0
vt 0.874226987 0.49323076 0
vt 0.859174788 0.495736688 0
vt 0.874226987 0.49323076 0
vt 0.869303346 0.507715166 0
vt 0.866262436 0.461810619 0
vt 0.826759577 0.462725461 0
vt 0.833169401 0.451969594 0
vt 0.813089848 0.458502769 0
vt 0.824925482 0.42939508 0
vt 0.833500624 0.443832219 0
vt 0.833169401 0.451969594 0
vt 0.813089848 0.458502769 0
vt 0.833500624 0.443832219 0
vt 0.80963856 0.464002937 0
vt 0.833169401 0.451969594 0
vt 0.826759577 0.462725461 0
vt 0.803099155 0.449311942 0
vt 0.824925482 0.42939508 0
vt 0.813089848 0.458502769 0
vt 0.80963856 0.464002937 0
vt 0.813089848 0.458502769 0
vt 0.833169401 0.451969594 0
vt 0.893375099 0.486067206 0
vt 0.914319277 0.466211677 0
vt 0.926284611 0.473528713 0
vt 0.887796104 0.506072342 0
vt 0.893375099 0.486067206 0
vt 0.926284611 0.473528713 0
vt 0.833169401 0.451969594 0
vt 0.84223181 0.427672446 0
vt 0.866262436 0.461810619 0
vt 0.803099155 0.449311942 0
vt 0.801419139 0.440933198 0
vt 0.824925482 0.42939508 0
vt 0.872513831 0.467085123 0
vt 0.918370545 0.432918519 0
vt 0.897945642 0.465094686 0
vt 0.84223181 0.427672446 0
vt 0.833500624 0.443832219 0
vt 0.824925482 0.42939508 0
vt 0.833169401 0.451969594 0
vt 0.833500624 0.443832219 0
vt 0.84223181 0.427672446 0
vt 0.866262436 0.461810619 0
vt 0.84223181 0.427672446 0
vt 0.880698383 0.382388771 0
vt 0.827387035 0.416438609 0
vt 0.824925482 0.42939508 0
vt 0.81674248 0.425235599 0
vt 0.866262436 0.461810619 0
vt 0.880698383 0.382388771 0
vt 0.872513831 0.467085123 0
vt 0.84223181 0.427672446 0
vt 0.824925482 0.42939508 0
vt 0.827387035 0.416438609 0
vt 0.780578554 0.434742004 0
vt 0.81674248 0.425235599 0
vt 0.801419139 0.440933198 0
vt 0.757790148 0.450266212 0
vt 0.780578554 0.434742004 0
vt 0.801419139 0.440933198 0
vt 0.780578554 0.434742004 0
vt 0.75050056 0.418393821 0
vt 0.81674248 0.425235599 0
vt 0.778378069 0.555104852 0
vt 0.772135913 0.538470984 0
vt 0.778173327 0.538188219 0
vt 0.772135913 0.538470984 0
vt 0.780397356 0.525287569 0
vt 0.778173327 0.538188219 0
vt 0.772135913 0.538470984 0
vt 0.749024153 0.543340445 0
vt 0.780397356 0.525287569 0
vt 0.778173327 0.538188219 0
vt 0.780397356 0.525287569 0
vt 0.822838724 0.497332394 0
vt 0.749024153 0.543340445 0
vt 0.740406334 0.536559582 0
vt 0.780397356 0.525287569 0
vt 0.740406334 0.536559582 0
vt 0.773177147 0.49116838 0
vt 0.780397356 0.525287569 0
vt 0.780397356 0.525287569 0
vt 0.807380736 0.492243797 0
vt 0.822838724 0.497332394 0
vt 0.84570539 0.519031525 0
vt 0.816247463 0.529355228 0
vt 0.822838724 0.497332394 0
vt 0.780397356 0.525287569 0
vt 0.796630144 0.477342159 0
vt 0.807380736 0.492243797 0
vt 0.773177147 0.49116838 0
vt 0.796630144 0.477342159 0
vt 0.780397356 0.525287569 0
vt 0.822838724 0.497332394 0
vt 0.807380736 0.492243797 0
vt 0.825632572 0.484073699 0
vt 0.807380736 0.492243797 0
vt 0.826759577 0.462725461 0
vt 0.825632572 0.484073699 0
vt 0.773177147 0.49116838 0
vt 0.784192741 0.480276138 0
vt 0.796630144 0.477342159 0
vt 0.723596573 0.499056637 0
vt 0.770149052 0.482830912 0
vt 0.773177147 0.49116838 0
vt 0.723152339 0.51147306 0
vt 0.723596573 0.499056637 0
vt 0.773177147 0.49116838 0
vt 0.80963856 0.464002937 0
vt 0.826759577 0.462725461 0
vt 0.796630144 0.477342159 0
vt 0.807380736 0.492243797 0
vt 0.796630144 0.477342159 0
vt 0.826759577 0.462725461 0
vt 0.796630144 0.477342159 0
vt 0.790427983 0.469714612 0
vt 0.80963856 0.464002937 0
vt 0.784192741 0.480276138 0
vt 0.790427983 0.469714612 0
vt 0.796630144 0.477342159 0
vt 0.780954957 0.469367921 0
vt 0.790427983 0.469714612 0
vt 0.784192741 0.480276138 0
vt 0.773177147 0.49116838 0
vt 0.770149052 0.482830912 0
vt 0.784192741 0.480276138 0
vt 0.770149052 0.482830912 0
vt 0.780954957 0.469367921 0
vt 0.784192741 0.480276138 0
vt 0.723596573 0.499056637 0
vt 0.745068073 0.478847474 0
vt 0.770149052 0.482830912 0
vt 0.813089848 0.458502769 0
vt 0.780312359 0.465862125 0
vt 0.803099155 0.449311942 0
vt 0.80963856 0.464002937 0
vt 0.790427983 0.469714612 0
vt 0.813089848 0.458502769 0
vt 0.780312359 0.465862125 0
vt 0.813089848 0.458502769 0
vt 0.790427983 0.469714612 0
vt 0.769336164 0.458050787 0
vt 0.801419139 0.440933198 0
vt 0.803099155 0.449311942 0
vt 0.769336164 0.458050787 0
vt 0.803099155 0.449311942 0
vt 0.780312359 0.465862125 0
vt 0.780954957 0.469367921 0
vt 0.780312359 0.465862125 0
vt 0.790427983 0.469714612 0
vt 0.772467494 0.47053358 0
vt 0.780312359 0.465862125 0
vt 0.780954957 0.469367921 0
vt 0.770149052 0.482830912 0
vt 0.772467494 0.47053358 0
vt 0.780954957 0.469367921 0
vt 0.756490111 0.467319846 0
vt 0.769336164 0.458050787 0
vt 0.780312359 0.465862125 0
vt 0.772467494 0.47053358 0
vt 0.756490111 0.467319846 0
vt 0.780312359 0.465862125 0
vt 0.772467494 0.47053358 0
vt 0.745068073 0.478847474 0
vt 0.756490111 0.467319846 0
vt 0.745068073 0.478847474 0
vt 0.772467494 0.47053358 0
vt 0.770149052 0.482830912 0
vt 0.769336164 0.458050787 0
vt 0.757790148 0.450266212 0
vt 0.801419139 0.440933198 0
vt 0.769336164 0.458050787 0
vt 0.756490111 0.467319846 0
vt 0.757790148 0.450266212 0
vt 0.756490111 0.467319846 0
vt 0.722100675 0.45844093 0
vt 0.757790148 0.450266212 0
vt 0.75783205 0.191828698 0
vt 0.757865429 0.182271719 0
vt 0.776556432 0.167433605 0
vt 0.757865429 0.182271719 0
vt 0.753862023 0.16852361 0
vt 0.773434937 0.15884538 0
vt 0.757865429 0.182271719 0
vt 0.750848651 0.183572993 0
vt 0.753862023 0.16852361 0
vt 0.757865429 0.182271719 0
vt 0.773434937 0.15884538 0
vt 0.776556432 0.167433605 0
vt 0.955260038 0.850676596 0
vt 0.932677805 0.85795635 0
vt 0.965920687 0.835552216 0
vt 0.797492445 0.161183625 0
vt 0.776556432 0.167433605 0
vt 0.773434937 0.15884538 0
vt 0.965920687 0.835552216 0
vt 0.971958399 0.807500362 0
vt 0.98330909 0.819100261 0
vt 0.773434937 0.15884538 0
vt 0.753862023 0.16852361 0
vt 0.764428496 0.152881891 0
vt 0.78396225 0.209448457 0
vt 0.75783205 0.191828698 0
vt 0.776556432 0.167433605 0
vt 0.773434937 0.15884538 0
vt 0.764428496 0.152881891 0
vt 0.776653945 0.147903219 0
vt 0.814839244 0.177285597 0
vt 0.776556432 0.167433605 0
vt 0.797492445 0.161183625 0
vt 0.78396225 0.209448457 0
vt 0.776556432 0.167433605 0
vt 0.814839244 0.177285597 0
vt 0.785071313 0.146309063 0
vt 0.773434937 0.15884538 0
vt 0.776653945 0.147903219 0
vt 0.797851861 0.152939171 0
vt 0.797492445 0.161183625 0
vt 0.773434937 0.15884538 0
vt 0.773434937 0.15884538 0
vt 0.785071313 0.146309063 0
vt 0.797851861 0.152939171 0
vt 0.98217243 0.806898057 0
vt 0.98330909 0.819100261 0
vt 0.971958399 0.807500362 0
vt 0.764428496 0.152881891 0
vt 0.765233636 0.143308818 0
vt 0.776653945 0.147903219 0
vt 0.872632384 0.322326571 0
vt 0.88410902 0.321621776 0
vt 0.887562156 0.328124642 0
vt 0.803931832 0.375169009 0
vt 0.872632384 0.322326571 0
vt 0.887562156 0.328124642 0
vt 0.85547322 0.371870995 0
vt 0.803931832 0.375169009 0
vt 0.887562156 0.328124642 0
vt 0.843435705 0.334566176 0
vt 0.872632384 0.322326571 0
vt 0.803931832 0.375169009 0
vt 0.903098226 0.322429419 0
vt 0.887562156 0.328124642 0
vt 0.88410902 0.321621776 0
vt 0.858100533 0.898769557 0
vt 0.847223699 0.899035513 0
vt 0.855798602 0.893254757 0
vt 0.847223699 0.899035513 0
vt 0.836549044 0.886325955 0
vt 0.855798602 0.893254757 0
vt 0.902736843 0.3512384 0
vt 0.85547322 0.371870995 0
vt 0.887562156 0.328124642 0
vt 0.873478472 0.890066743 0
vt 0.858100533 0.898769557 0
vt 0.855798602 0.893254757 0
vt 0.836549044 0.886325955 0
vt 0.845742702 0.851219475 0
vt 0.855798602 0.893254757 0
vt 0.85547322 0.371870995 0
vt 0.902736843 0.3512384 0
vt 0.948670268 0.350473404 0
vt 0.830335319 0.881526828 0
vt 0.845742702 0.851219475 0
vt 0.836549044 0.886325955 0
vt 0.880698383 0.382388771 0
vt 0.85547322 0.371870995 0
vt 0.948670268 0.350473404 0
vt 0.887542486 0.860669672 0
vt 0.873478472 0.890066743 0
vt 0.855798602 0.893254757 0
vt 0.899457097 0.880740821 0
vt 0.873478472 0.890066743 0
vt 0.887542486 0.860669672 0
vt 0.930590034 0.334374219 0
vt 0.887562156 0.328124642 0
vt 0.903098226 0.322429419 0
vt 0.948670268 0.350473404 0
vt 0.902736843 0.3512384 0
vt 0.887562156 0.328124642 0
vt 0.948670268 0.350473404 0
vt 0.887562156 0.328124642 0
vt 0.930590034 0.334374219 0
vt 0.845742702 0.851219475 0
vt 0.887542486 0.860669672 0
vt 0.855798602 0.893254757 0
vt 0.946235359 0.346065998 0
vt 0.948670268 0.350473404 0
vt 0.930590034 0.334374219 0
vt 0.829762042 0.862260699 0
vt 0.845742702 0.851219475 0
vt 0.830335319 0.881526828 0
vt 0.899457097 0.880740821 0
vt 0.887542486 0.860669672 0
vt 0.917570174 0.877147138 0
vt 0.829762042 0.862260699 0
vt 0.827811897 0.857343376 0
vt 0.845742702 0.851219475 0
vt 0.903263867 0.841502905 0
vt 0.917570174 0.877147138 0
vt 0.887542486 0.860669672 0
vt 0.827811897 0.857343376 0
vt 0.810780525 0.829709589 0
vt 0.845742702 0.851219475 0
vt 0.894257307 0.835311294 0
vt 0.887542486 0.860669672 0
vt 0.845742702 0.851219475 0
vt 0.932677805 0.85795635 0
vt 0.917570174 0.877147138 0
vt 0.903263867 0.841502905 0
vt 0.856625199 0.825901926 0
vt 0.873205125 0.837759793 0
vt 0.845742702 0.851219475 0
vt 0.903263867 0.841502905 0
vt 0.887542486 0.860669672 0
vt 0.894257307 0.835311294 0
vt 0.912718356 0.827605247 0
vt 0.932677805 0.85795635 0
vt 0.903263867 0.841502905 0
vt 0.845742702 0.851219475 0
vt 0.873205125 0.837759793 0
vt 0.894257307 0.835311294 0
vt 0.873205125 0.837759793 0
vt 0.8942101 0.816268504 0
vt 0.894257307 0.835311294 0
vt 0.873205125 0.837759793 0
vt 0.856625199 0.825901926 0
vt 0.8942101 0.816268504 0
vt 0.00767300138 0.668373585 0
vt 0.0245180037 0.660826206 0
vt 0.0162195191 0.677539706 0
vt 0.0237771869 0.682382882 0
vt 0.0162195191 0.677539706 0
vt 0.0245180037 0.660826206 0
vt 0.953924775 0.453333974 0
vt 0.943918347 0.449670076 0
vt 0.956840992 0.444827199 0
vt 0.927324057 0.444081664 0
vt 0.956840992 0.444827199 0
vt 0.943918347 0.449670076 0
vt 0.919669449 0.454524696 0
vt 0.927324057 0.444081664 0
vt 0.943918347 0.449670076 0
vt 0.919669449 0.454524696 0
vt 0.897945642 0.465094686 0
vt 0.918370545 0.432918519 0
vt 0.03684837 0.660958707 0
vt 0.0292768814 0.651622653 0
vt 0.03457883 0.642977893 0
vt 0.0245180037 0.660826206 0
vt 0.0292768814 0.651622653 0
vt 0.03684837 0.660958707 0
vt 0.927324057 0.444081664 0
vt 0.919669449 0.454524696 0
vt 0.918370545 0.432918519 0
vt 0.956840992 0.444827199 0
vt 0.95367533 0.420029402 0
vt 0.964366257 0.434416711 0
vt 0.927324057 0.444081664 0
vt 0.942768455 0.422911733 0
vt 0.956840992 0.444827199 0
vt 0.927324057 0.444081664 0
vt 0.918370545 0.432918519 0
vt 0.942768455 0.422911733 0
vt 0.788175702 0.265805751 0
vt 0.780341148 0.267955005 0
vt 0.780748487 0.247210592 0
vt 0.780341148 0.267955005 0
vt 0.768982589 0.243377805 0
vt 0.780748487 0.247210592 0
vt 0.772083759 0.268667161 0
vt 0.768982589 0.243377805 0
vt 0.780341148 0.267955005 0
vt 0.772083759 0.268667161 0
vt 0.760210276 0.258154422 0
vt 0.768982589 0.243377805 0
vt 0.942768455 0.422911733 0
vt 0.95367533 0.420029402 0
vt 0.956840992 0.444827199 0
vt 0.768982589 0.243377805 0
vt 0.760210276 0.258154422 0
vt 0.752782702 0.221782774 0
vt 0.752782702 0.221782774 0
vt 0.760210276 0.258154422 0
vt 0.754469573 0.238286927 0
vt 0.750367463 0.247040674 0
vt 0.754469573 0.238286927 0
vt 0.760210276 0.258154422 0
vt 0.942768455 0.422911733 0
vt 0.918370545 0.432918519 0
vt 0.952031016 0.405262887 0
vt 0.918370545 0.432918519 0
vt 0.872513831 0.467085123 0
vt 0.880698383 0.382388771 0
vt 0.95367533 0.420029402 0
vt 0.952031016 0.405262887 0
vt 0.960530698 0.410921305 0
vt 0.942768455 0.422911733 0
vt 0.952031016 0.405262887 0
vt 0.95367533 0.420029402 0
vt 0.96164012 0.368875295 0
vt 0.880698383 0.382388771 0
vt 0.948670268 0.350473404 0
vt 0.918370545 0.432918519 0
vt 0.880698383 0.382388771 0
vt 0.96164012 0.368875295 0
vt 0.952031016 0.405262887 0
vt 0.964766622 0.37808913 0
vt 0.964814246 0.390231103 0
vt 0.952031016 0.405262887 0
vt 0.964814246 0.390231103 0
vt 0.960530698 0.410921305 0
vt 0.780748487 0.247210592 0
vt 0.78396225 0.209448457 0
vt 0.792313933 0.249160841 0
vt 0.780748487 0.247210592 0
vt 0.768982589 0.243377805 0
vt 0.78396225 0.209448457 0
vt 0.930179775 0.869242251 0
vt 0.921968937 0.878727734 0
vt 0.917570174 0.877147138 0
vt 0.958282053 0.864208341 0
vt 0.946890831 0.859714508 0
vt 0.955260038 0.850676596 0
vt 0.958282053 0.864208341 0
vt 0.946102738 0.868360639 0
vt 0.946890831 0.859714508 0
vt 0.96164012 0.368875295 0
vt 0.948670268 0.350473404 0
vt 0.959779203 0.355768383 0
vt 0.964766622 0.37808913 0
vt 0.952031016 0.405262887 0
vt 0.96164012 0.368875295 0
vt 0.952031016 0.405262887 0
vt 0.918370545 0.432918519 0
vt 0.96164012 0.368875295 0
vt 0.75783205 0.191828698 0
vt 0.750848651 0.183572993 0
vt 0.757865429 0.182271719 0
vt 0.808875322 0.244698182 0
vt 0.792313933 0.249160841 0
vt 0.78396225 0.209448457 0
vt 0.983026445 0.373310328 0
vt 0.96164012 0.368875295 0
vt 0.987105787 0.363010377 0
vt 0.932677805 0.85795635 0
vt 0.930179775 0.869242251 0
vt 0.917570174 0.877147138 0
vt 0.971581638 0.362114102 0
vt 0.959779203 0.355768383 0
vt 0.972981751 0.35425362 0
vt 0.971581638 0.362114102 0
vt 0.987105787 0.363010377 0
vt 0.96164012 0.368875295 0
vt 0.964766622 0.37808913 0
vt 0.96164012 0.368875295 0
vt 0.983026445 0.373310328 0
vt 0.756433785 0.216653034 0
vt 0.748719037 0.212690458 0
vt 0.75783205 0.191828698 0
vt 0.96164012 0.368875295 0
vt 0.959779203 0.355768383 0
vt 0.971581638 0.362114102 0
vt 0.752782702 0.221782774 0
vt 0.756433785 0.216653034 0
vt 0.768982589 0.243377805 0
vt 0.756433785 0.216653034 0
vt 0.752782702 0.221782774 0
vt 0.748719037 0.212690458 0
vt 0.808875322 0.244698182 0
vt 0.78396225 0.209448457 0
vt 0.7912637 0.210230514 0
vt 0.932677805 0.85795635 0
vt 0.955260038 0.850676596 0
vt 0.946890831 0.859714508 0
vt 0.971581638 0.362114102 0
vt 0.972981751 0.35425362 0
vt 0.987105787 0.363010377 0
vt 0.756433785 0.216653034 0
vt 0.75783205 0.191828698 0
vt 0.78396225 0.209448457 0
vt 0.768982589 0.243377805 0
vt 0.756433785 0.216653034 0
vt 0.78396225 0.209448457 0
vt 0.7912637 0.210230514 0
vt 0.811890781 0.226672277 0
vt 0.808875322 0.244698182 0
vt 0.932677805 0.85795635 0
vt 0.912718356 0.827605247 0
vt 0.965920687 0.835552216 0
vt 0.811890781 0.226672277 0
vt 0.7912637 0.210230514 0
vt 0.813694596 0.196203679 0
vt 0.813599169 0.391029477 0
vt 0.759707928 0.405609637 0
vt 0.828233957 0.374754161 0
vt 0.818218946 0.898172557 0
vt 0.836549044 0.886325955 0
vt 0.847223699 0.899035513 0
vt 0.828233957 0.374754161 0
vt 0.803931832 0.375169009 0
vt 0.85547322 0.371870995 0
vt 0.789584279 0.902804911 0
vt 0.801414073 0.890928805 0
vt 0.818218946 0.898172557 0
vt 0.813599169 0.391029477 0
vt 0.828233957 0.374754161 0
vt 0.85547322 0.371870995 0
vt 0.803931832 0.375169009 0
vt 0.820796788 0.356732488 0
vt 0.843435705 0.334566176 0
vt 0.789584279 0.902804911 0
vt 0.770559132 0.884657025 0
vt 0.801414073 0.890928805 0
vt 0.766605735 0.906696081 0
vt 0.770559132 0.884657025 0
vt 0.789584279 0.902804911 0
vt 0.759707928 0.405609637 0
vt 0.803931832 0.375169009 0
vt 0.828233957 0.374754161 0
vt 0.766605735 0.906696081 0
vt 0.748578489 0.898087263 0
vt 0.770559132 0.884657025 0
vt 0.759707928 0.405609637 0
vt 0.785291612 0.378480345 0
vt 0.803931832 0.375169009 0
vt 0.818218946 0.898172557 0
vt 0.801414073 0.890928805 0
vt 0.836549044 0.886325955 0
vt 0.827387035 0.416438609 0
vt 0.816062272 0.415076196 0
vt 0.81907469 0.397950917 0
vt 0.79192555 0.407622784 0
vt 0.813599169 0.391029477 0
vt 0.81907469 0.397950917 0
vt 0.81907469 0.397950917 0
vt 0.816062272 0.415076196 0
vt 0.79192555 0.407622784 0
vt 0.801414073 0.890928805 0
vt 0.830335319 0.881526828 0
vt 0.836549044 0.886325955 0
vt 0.880698383 0.382388771 0
vt 0.813599169 0.391029477 0
vt 0.85547322 0.371870995 0
vt 0.81907469 0.397950917 0
vt 0.813599169 0.391029477 0
vt 0.880698383 0.382388771 0
vt 0.83400172 0.399738699 0
vt 0.827387035 0.416438609 0
vt 0.81907469 0.397950917 0
vt 0.71326369 0.879288614 0
vt 0.755292654 0.870344102 0
vt 0.770559132 0.884657025 0
vt 0.850177646 0.394266337 0
vt 0.81907469 0.397950917 0
vt 0.880698383 0.382388771 0
vt 0.801414073 0.890928805 0
vt 0.787979186 0.871447742 0
vt 0.830335319 0.881526828 0
vt 0.801414073 0.890928805 0
vt 0.770559132 0.884657025 0
vt 0.787979186 0.871447742 0
vt 0.830335319 0.881526828 0
vt 0.787979186 0.871447742 0
vt 0.805683672 0.866743326 0
vt 0.84223181 0.427672446 0
vt 0.83400172 0.399738699 0
vt 0.850177646 0.394266337 0
vt 0.83400172 0.399738699 0
vt 0.81907469 0.397950917 0
vt 0.850177646 0.394266337 0
vt 0.770559132 0.884657025 0
vt 0.755292654 0.870344102 0
vt 0.787979186 0.871447742 0
vt 0.787979186 0.871447742 0
vt 0.78763026 0.862356126 0
vt 0.805683672 0.866743326 0
vt 0.755292654 0.870344102 0
vt 0.78763026 0.862356126 0
vt 0.787979186 0.871447742 0
vt 0.755292654 0.870344102 0
vt 0.767196536 0.851897359 0
vt 0.78763026 0.862356126 0
vt 0.805683672 0.866743326 0
vt 0.829762042 0.862260699 0
vt 0.830335319 0.881526828 0
vt 0.78763026 0.862356126 0
vt 0.767196536 0.851897359 0
vt 0.798487842 0.851028383 0
vt 0.805683672 0.866743326 0
vt 0.827811897 0.857343376 0
vt 0.829762042 0.862260699 0
vt 0.78763026 0.862356126 0
vt 0.827811897 0.857343376 0
vt 0.805683672 0.866743326 0
vt 0.78763026 0.862356126 0
vt 0.798487842 0.851028383 0
vt 0.827811897 0.857343376 0
vt 0.798487842 0.851028383 0
vt 0.810780525 0.829709589 0
vt 0.827811897 0.857343376 0
vt 0.730087757 0.841333449 0
vt 0.782470703 0.831704378 0
vt 0.767196536 0.851897359 0
vt 0.798487842 0.851028383 0
vt 0.767196536 0.851897359 0
vt 0.810780525 0.829709589 0
vt 0.782470703 0.831704378 0
vt 0.810780525 0.829709589 0
vt 0.767196536 0.851897359 0
vt 0.730087757 0.841333449 0
vt 0.741544485 0.821275234 0
vt 0.782470703 0.831704378 0
vt 0.810780525 0.829709589 0
vt 0.813951671 0.822981477 0
vt 0.845742702 0.851219475 0
vt 0.782470703 0.831704378 0
vt 0.813951671 0.822981477 0
vt 0.810780525 0.829709589 0
vt 0.813951671 0.822981477 0
vt 0.856625199 0.825901926 0
vt 0.845742702 0.851219475 0
vt 0.779156625 0.80936271 0
vt 0.813951671 0.822981477 0
vt 0.741544485 0.821275234 0
vt 0.782470703 0.831704378 0
vt 0.741544485 0.821275234 0
vt 0.813951671 0.822981477 0
vt 0.84223181 0.427672446 0
vt 0.850177646 0.394266337 0
vt 0.880698383 0.382388771 0
vt 0.84223181 0.427672446 0
vt 0.827387035 0.416438609 0
vt 0.83400172 0.399738699 0
vt 0.75050056 0.418393821 0
vt 0.816062272 0.415076196 0
vt 0.81674248 0.425235599 0
vt 0.780578554 0.434742004 0
vt 0.757790148 0.450266212 0
vt 0.75050056 0.418393821 0
vt 0.79192555 0.407622784 0
vt 0.759707928 0.405609637 0
vt 0.813599169 0.391029477 0
vt 0.75050056 0.418393821 0
vt 0.79192555 0.407622784 0
vt 0.816062272 0.415076196 0
vt 0.759707928 0.405609637 0
vt 0.744906783 0.389158368 0
vt 0.785291612 0.378480345 0
vt 0.75050056 0.418393821 0
vt 0.688227773 0.426126093 0
vt 0.759707928 0.405609637 0
vt 0.688227773 0.426126093 0
vt 0.686448157 0.419188172 0
vt 0.759707928 0.405609637 0
vt 0.748578489 0.898087263 0
vt 0.71326369 0.879288614 0
vt 0.770559132 0.884657025 0
vt 0.706529975 0.887867987 0
vt 0.71326369 0.879288614 0
vt 0.748578489 0.898087263 0
vt 0.75050056 0.418393821 0
vt 0.759707928 0.405609637 0
vt 0.79192555 0.407622784 0
vt 0.759707928 0.405609637 0
vt 0.712866068 0.39748922 0
vt 0.744906783 0.389158368 0
vt 0.706529975 0.887867987 0
vt 0.681056082 0.863747656 0
vt 0.71326369 0.879288614 0
vt 0.672461987 0.882335961 0
vt 0.681056082 0.863747656 0
vt 0.706529975 0.887867987 0
vt 0.71326369 0.879288614 0
vt 0.704980254 0.860375345 0
vt 0.755292654 0.870344102 0
vt 0.681056082 0.863747656 0
vt 0.704980254 0.860375345 0
vt 0.71326369 0.879288614 0
vt 0.704980254 0.860375345 0
vt 0.730087757 0.841333449 0
vt 0.755292654 0.870344102 0
vt 0.681056082 0.863747656 0
vt 0.684598804 0.845132232 0
vt 0.704980254 0.860375345 0
vt 0.640951514 0.848300576 0
vt 0.684598804 0.845132232 0
vt 0.681056082 0.863747656 0
vt 0.640951514 0.848300576 0
vt 0.670113027 0.839870155 0
vt 0.684598804 0.845132232 0
vt 0.755292654 0.870344102 0
vt 0.730087757 0.841333449 0
vt 0.767196536 0.851897359 0
vt 0.704980254 0.860375345 0
vt 0.707684338 0.837441325 0
vt 0.730087757 0.841333449 0
vt 0.684598804 0.845132232 0
vt 0.707684338 0.837441325 0
vt 0.704980254 0.860375345 0
vt 0.670113027 0.839870155 0
vt 0.690264583 0.824642777 0
vt 0.684598804 0.845132232 0
vt 0.684598804 0.845132232 0
vt 0.690264583 0.824642777 0
vt 0.707684338 0.837441325 0
vt 0.730087757 0.841333449 0
vt 0.707684338 0.837441325 0
vt 0.741544485 0.821275234 0
vt 0.707684338 0.837441325 0
vt 0.690264583 0.824642777 0
vt 0.741544485 0.821275234 0
vt 0.779818118 0.564774275 0
vt 0.778173327 0.538188219 0
vt 0.822838724 0.497332394 0
vt 0.822838724 0.497332394 0
vt 0.796584189 0.566508114 0
vt 0.779818118 0.564774275 0
vt 0.779818118 0.564774275 0
vt 0.778378069 0.555104852 0
vt 0.778173327 0.538188219 0
vt 0.779818118 0.564774275 0
vt 0.796584189 0.566508114 0
vt 0.786175787 0.582521021 0
vt 0.786175787 0.582521021 0
vt 0.760083735 0.577242017 0
vt 0.779818118 0.564774275 0
vt 0.0953946412 0.705342054 0
vt 0.0789862722 0.708558977 0
vt 0.0644168109 0.657438755 0
vt 0.0789862722 0.708558977 0
vt 0.0500529036 0.661865234 0
vt 0.0600998551 0.663604915 0
vt 0.0644168109 0.657438755 0
vt 0.0789862722 0.708558977 0
vt 0.0600998551 0.663604915 0
vt 0.0789862722 0.708558977 0
vt 0.0861551464 0.741404176 0
vt 0.0500529036 0.661865234 0
vt 0.0644168109 0.657438755 0
vt 0.0600998551 0.663604915 0
vt 0.0575077422 0.657316744 0
vt 0.0793451741 0.75692904 0
vt 0.0500529036 0.661865234 0
vt 0.0861551464 0.741404176 0
vt 0.0793451741 0.75692904 0
vt 0.039301306 0.712543905 0
vt 0.0500529036 0.661865234 0
vt 0.0600998551 0.663604915 0
vt 0.0500529036 0.661865234 0
vt 0.0575077422 0.657316744 0
vt 0.0953946412 0.705342054 0
vt 0.0644168109 0.657438755 0
vt 0.0720349103 0.653507531 0
vt 0.039301306 0.712543905 0
vt 0.0237771869 0.682382882 0
vt 0.0500529036 0.661865234 0
vt 0.0575077422 0.657316744 0
vt 0.0500529036 0.661865234 0
vt 0.03684837 0.660958707 0
vt 0.0575077422 0.657316744 0
vt 0.0720349103 0.653507531 0
vt 0.0644168109 0.657438755 0
vt 0.111643516 0.676374674 0
vt 0.0953946412 0.705342054 0
vt 0.0720349103 0.653507531 0
vt 0.0511764847 0.647709906 0
vt 0.0575077422 0.657316744 0
vt 0.03684837 0.660958707 0
vt 0.111643516 0.676374674 0
vt 0.0720349103 0.653507531 0
vt 0.0853167251 0.647893369 0
vt 0.841273308 0.571403205 0
vt 0.856130719 0.537188113 0
vt 0.865117371 0.558377028 0
vt 0.139541134 0.776832223 0
vt 0.132200941 0.797817826 0
vt 0.123712361 0.791487694 0
vt 0.87525326 0.569126129 0
vt 0.862953424 0.572263122 0
vt 0.865117371 0.558377028 0
vt 0.139541134 0.776832223 0
vt 0.123712361 0.791487694 0
vt 0.127289504 0.779012084 0
vt 0.865117371 0.558377028 0
vt 0.856130719 0.537188113 0
vt 0.874334276 0.558884919 0
vt 0.874334276 0.558884919 0
vt 0.856130719 0.537188113 0
vt 0.867353618 0.543681622 0
vt 0.874334276 0.558884919 0
vt 0.87525326 0.569126129 0
vt 0.865117371 0.558377028 0
vt 0.100159667 0.772383153 0
vt 0.0861551464 0.741404176 0
vt 0.0951231197 0.746753991 0
vt 0.119346306 0.763234735 0
vt 0.100159667 0.772383153 0
vt 0.0951231197 0.746753991 0
vt 0.867353618 0.543681622 0
vt 0.856130719 0.537188113 0
vt 0.850891471 0.516021252 0
vt 0.119346306 0.763234735 0
vt 0.118495181 0.773779809 0
vt 0.100159667 0.772383153 0
vt 0.127289504 0.779012084 0
vt 0.118495181 0.773779809 0
vt 0.134909093 0.76753813 0
vt 0.139541134 0.776832223 0
vt 0.127289504 0.779012084 0
vt 0.134909093 0.76753813 0
vt 0.0861551464 0.741404176 0
vt 0.0789862722 0.708558977 0
vt 0.0951231197 0.746753991 0
vt 0.113744117 0.735441267 0
vt 0.0951231197 0.746753991 0
vt 0.0789862722 0.708558977 0
vt 0.113744117 0.735441267 0
vt 0.119346306 0.763234735 0
vt 0.0951231197 0.746753991 0
vt 0.867353618 0.543681622 0
vt 0.881299555 0.527130425 0
vt 0.896757543 0.533097088 0
vt 0.134909093 0.76753813 0
vt 0.118495181 0.773779809 0
vt 0.119346306 0.763234735 0
vt 0.140835762 0.749747634 0
vt 0.134909093 0.76753813 0
vt 0.119346306 0.763234735 0
vt 0.113744117 0.735441267 0
vt 0.0789862722 0.708558977 0
vt 0.0953946412 0.705342054 0
vt 0.881299555 0.527130425 0
vt 0.87841475 0.513492107 0
vt 0.887796104 0.506072342 0
vt 0.867353618 0.543681622 0
vt 0.864308298 0.519538343 0
vt 0.87841475 0.513492107 0
vt 0.881299555 0.527130425 0
vt 0.867353618 0.543681622 0
vt 0.87841475 0.513492107 0
vt 0.140835762 0.749747634 0
vt 0.119346306 0.763234735 0
vt 0.113744117 0.735441267 0
vt 0.864308298 0.519538343 0
vt 0.850891471 0.516021252 0
vt 0.858964801 0.508982241 0
vt 0.867353618 0.543681622 0
vt 0.850891471 0.516021252 0
vt 0.864308298 0.519538343 0
vt 0.139541134 0.776832223 0
vt 0.134909093 0.76753813 0
vt 0.153234571 0.762470245 0
vt 0.864308298 0.519538343 0
vt 0.869303346 0.507715166 0
vt 0.87841475 0.513492107 0
vt 0.858964801 0.508982241 0
vt 0.869303346 0.507715166 0
vt 0.864308298 0.519538343 0
vt 0.140835762 0.749747634 0
vt 0.113744117 0.735441267 0
vt 0.131118536 0.727596283 0
vt 0.874226987 0.49323076 0
vt 0.87841475 0.513492107 0
vt 0.869303346 0.507715166 0
vt 0.153234571 0.762470245 0
vt 0.134909093 0.76753813 0
vt 0.140835762 0.749747634 0
vt 0.0793451741 0.75692904 0
vt 0.0619258434 0.750909269 0
vt 0.039301306 0.712543905 0
vt 0.113744117 0.735441267 0
vt 0.0953946412 0.705342054 0
vt 0.111643516 0.676374674 0
vt 0.131118536 0.727596283 0
vt 0.113744117 0.735441267 0
vt 0.111643516 0.676374674 0
vt 0.87841475 0.513492107 0
vt 0.874226987 0.49323076 0
vt 0.887796104 0.506072342 0
vt 0.152791277 0.731838167 0
vt 0.140835762 0.749747634 0
vt 0.131118536 0.727596283 0
vt 0.159540787 0.745247066 0
vt 0.140835762 0.749747634 0
vt 0.152791277 0.731838167 0
vt 0.159540787 0.745247066 0
vt 0.153234571 0.762470245 0
vt 0.140835762 0.749747634 0
vt 0.153234571 0.762470245 0
vt 0.159540787 0.745247066 0
vt 0.167912215 0.757903278 0
vt 0.131118536 0.727596283 0
vt 0.111643516 0.676374674 0
vt 0.125378385 0.694307268 0
vt 0.152791277 0.731838167 0
vt 0.162503839 0.740980268 0
vt 0.159540787 0.745247066 0
vt 0.15894866 0.717404962 0
vt 0.152791277 0.731838167 0
vt 0.131118536 0.727596283 0
vt 0.15894866 0.717404962 0
vt 0.131118536 0.727596283 0
vt 0.145353809 0.716569841 0
vt 0.166936666 0.730204701 0
vt 0.152791277 0.731838167 0
vt 0.15894866 0.717404962 0
vt 0.162503839 0.740980268 0
vt 0.152791277 0.731838167 0
vt 0.166936666 0.730204701 0
vt 0.194620192 0.744998038 0
vt 0.159540787 0.745247066 0
vt 0.162503839 0.740980268 0
vt 0.145353809 0.716569841 0
vt 0.131118536 0.727596283 0
vt 0.125378385 0.694307268 0
vt 0.187419012 0.72427088 0
vt 0.162503839 0.740980268 0
vt 0.166936666 0.730204701 0
vt 0.166706502 0.778484106 0
vt 0.149730191 0.789071798 0
vt 0.139541134 0.776832223 0
vt 0.166706502 0.778484106 0
vt 0.139541134 0.776832223 0
vt 0.153234571 0.762470245 0
vt 0.167714372 0.774581611 0
vt 0.166706502 0.778484106 0
vt 0.153234571 0.762470245 0
vt 0.167912215 0.757903278 0
vt 0.167714372 0.774581611 0
vt 0.153234571 0.762470245 0
vt 0.859329998 0.58204037 0
vt 0.841273308 0.571403205 0
vt 0.862953424 0.572263122 0
vt 0.841273308 0.571403205 0
vt 0.825650513 0.575475752 0
vt 0.823300779 0.565287292 0
vt 0.81369698 0.569515646 0
vt 0.823300779 0.565287292 0
vt 0.825650513 0.575475752 0
vt 0.81369698 0.569515646 0
vt 0.816247463 0.529355228 0
vt 0.823300779 0.565287292 0
vt 0.823300779 0.565287292 0
vt 0.816247463 0.529355228 0
vt 0.84570539 0.519031525 0
vt 0.81369698 0.569515646 0
vt 0.796584189 0.566508114 0
vt 0.816247463 0.529355228 0
vt 0.810706556 0.601335824 0
vt 0.81369698 0.569515646 0
vt 0.825650513 0.575475752 0
vt 0.810706556 0.601335824 0
vt 0.796584189 0.566508114 0
vt 0.81369698 0.569515646 0
vt 0.786175787 0.582521021 0
vt 0.796584189 0.566508114 0
vt 0.810706556 0.601335824 0
vt 0.841273308 0.571403205 0
vt 0.84570539 0.519031525 0
vt 0.856130719 0.537188113 0
vt 0.823300779 0.565287292 0
vt 0.84570539 0.519031525 0
vt 0.841273308 0.571403205 0
vt 0.862953424 0.572263122 0
vt 0.841273308 0.571403205 0
vt 0.865117371 0.558377028 0
vt 0.825650513 0.575475752 0
vt 0.841273308 0.571403205 0
vt 0.859329998 0.58204037 0
vt 0.796584189 0.566508114 0
vt 0.822838724 0.497332394 0
vt 0.816247463 0.529355228 0
vt 0.825650513 0.575475752 0
vt 0.859329998 0.58204037 0
vt 0.810706556 0.601335824 0
vt 0.149730191 0.789071798 0
vt 0.14795889 0.807167053 0
vt 0.132200941 0.797817826 0
vt 0.149730191 0.789071798 0
vt 0.132200941 0.797817826 0
vt 0.139541134 0.776832223 0
vt 0.859329998 0.58204037 0
vt 0.850755811 0.59586674 0
vt 0.845876932 0.601787508 0
vt 0.810706556 0.601335824 0
vt 0.859329998 0.58204037 0
vt 0.845876932 0.601787508 0
vt 0.827081323 0.613732696 0
vt 0.810706556 0.601335824 0
vt 0.845876932 0.601787508 0
vt 0.159540787 0.745247066 0
vt 0.199182302 0.770329356 0
vt 0.167912215 0.757903278 0
vt 0.226940155 0.783816695 0
vt 0.199182302 0.770329356 0
vt 0.159540787 0.745247066 0
vt 0.199164197 0.811442316 0
vt 0.15476647 0.810747147 0
vt 0.14795889 0.807167053 0
vt 0.199164197 0.811442316 0
vt 0.173391342 0.824020445 0
vt 0.15476647 0.810747147 0
vt 0.803385079 0.626920879 0
vt 0.810706556 0.601335824 0
vt 0.827081323 0.613732696 0
vt 0.207242057 0.845494986 0
vt 0.196061134 0.839725494 0
vt 0.173391342 0.824020445 0
vt 0.14795889 0.807167053 0
vt 0.149730191 0.789071798 0
vt 0.166706502 0.778484106 0
vt 0.185550004 0.800393939 0
vt 0.14795889 0.807167053 0
vt 0.166706502 0.778484106 0
vt 0.199164197 0.811442316 0
vt 0.14795889 0.807167053 0
vt 0.185550004 0.800393939 0
vt 0.207242057 0.845494986 0
vt 0.173391342 0.824020445 0
vt 0.199164197 0.811442316 0
vt 0.185550004 0.800393939 0
vt 0.166706502 0.778484106 0
vt 0.196716323 0.787373722 0
vt 0.196716323 0.787373722 0
vt 0.166706502 0.778484106 0
vt 0.167714372 0.774581611 0
vt 0.199182302 0.770329356 0
vt 0.196716323 0.787373722 0
vt 0.167714372 0.774581611 0
vt 0.220275506 0.80940932 0
vt 0.199164197 0.811442316 0
vt 0.185550004 0.800393939 0
vt 0.199182302 0.770329356 0
vt 0.167714372 0.774581611 0
vt 0.167912215 0.757903278 0
vt 0.196716323 0.787373722 0
vt 0.220275506 0.80940932 0
vt 0.185550004 0.800393939 0
vt 0.231585234 0.804513156 0
vt 0.220275506 0.80940932 0
vt 0.196716323 0.787373722 0
vt 0.231585234 0.804513156 0
vt 0.196716323 0.787373722 0
vt 0.199182302 0.770329356 0
vt 0.226940155 0.783816695 0
vt 0.231585234 0.804513156 0
vt 0.199182302 0.770329356 0
vt 0.03457883 0.642977893 0
vt 0.0583386719 0.636279404 0
vt 0.0511764847 0.647709906 0
vt 0.063869901 0.626907587 0
vt 0.0583386719 0.636279404 0
vt 0.0422434099 0.633284152 0
vt 0.063869901 0.626907587 0
vt 0.0809393302 0.638853073 0
vt 0.0583386719 0.636279404 0
vt 0.0849201679 0.616670787 0
vt 0.0827716142 0.631480515 0
vt 0.063869901 0.626907587 0
vt 0.0733304545 0.611439109 0
vt 0.0849201679 0.616670787 0
vt 0.063869901 0.626907587 0
vt 0.063869901 0.626907587 0
vt 0.0507819578 0.623190343 0
vt 0.0630165935 0.600085318 0
vt 0.0733304545 0.611439109 0
vt 0.063869901 0.626907587 0
vt 0.0630165935 0.600085318 0
vt 0.0849201679 0.616670787 0
vt 0.0733304545 0.611439109 0
vt 0.0787324533 0.608076334 0
vt 0.841326475 0.285050124 0
vt 0.889374375 0.239215553 0
vt 0.892121077 0.249798805 0
vt 0.841326475 0.285050124 0
vt 0.83819139 0.265853763 0
vt 0.889374375 0.239215553 0
vt 0.82765007 0.256216854 0
vt 0.824243724 0.257164806 0
vt 0.827786803 0.249351203 0
vt 0.0849433094 0.601940215 0
vt 0.0849201679 0.616670787 0
vt 0.0787324533 0.608076334 0
vt 0.889374375 0.239215553 0
vt 0.83819139 0.265853763 0
vt 0.879002869 0.228437737 0
vt 0.827786803 0.249351203 0
vt 0.824243724 0.257164806 0
vt 0.822417378 0.248739943 0
vt 0.830840588 0.252888411 0
vt 0.82765007 0.256216854 0
vt 0.827786803 0.249351203 0
vt 0.901620626 0.248685315 0
vt 0.892121077 0.249798805 0
vt 0.889374375 0.239215553 0
vt 0.906980872 0.241217777 0
vt 0.901620626 0.248685315 0
vt 0.903650999 0.226962432 0
vt 0.901620626 0.248685315 0
vt 0.889374375 0.239215553 0
vt 0.903650999 0.226962432 0
vt 0.83819139 0.265853763 0
vt 0.851715207 0.221099496 0
vt 0.879002869 0.228437737 0
vt 0.908961594 0.229472771 0
vt 0.906980872 0.241217777 0
vt 0.903650999 0.226962432 0
vt 0.879002869 0.228437737 0
vt 0.879978538 0.214251354 0
vt 0.889374375 0.239215553 0
vt 0.889374375 0.239215553 0
vt 0.879978538 0.214251354 0
vt 0.903650999 0.226962432 0
vt 0.879002869 0.228437737 0
vt 0.851715207 0.221099496 0
vt 0.879978538 0.214251354 0
vt 0.817240596 0.23372747 0
vt 0.832929373 0.219160423 0
vt 0.851715207 0.221099496 0
vt 0.898686349 0.215693057 0
vt 0.903650999 0.226962432 0
vt 0.879978538 0.214251354 0
vt 0.851715207 0.221099496 0
vt 0.832929373 0.219160423 0
vt 0.879978538 0.214251354 0
vt 0.832929373 0.219160423 0
vt 0.830100656 0.203954116 0
vt 0.859988928 0.189355984 0
vt 0.830100656 0.203954116 0
vt 0.811890781 0.226672277 0
vt 0.813694596 0.196203679 0
vt 0.841326475 0.285050124 0
vt 0.892121077 0.249798805 0
vt 0.901262701 0.256756395 0
vt 0.854056597 0.294540823 0
vt 0.841326475 0.285050124 0
vt 0.901262701 0.256756395 0
vt 0.458711803 0.613927364 0
vt 0.472631752 0.616930366 0
vt 0.507624328 0.661085486 0
vt 0.901262701 0.256756395 0
vt 0.892121077 0.249798805 0
vt 0.901620626 0.248685315 0
vt 0.458711803 0.613927364 0
vt 0.507624328 0.661085486 0
vt 0.497859597 0.668740392 0
vt 0.497859597 0.668740392 0
vt 0.507624328 0.661085486 0
vt 0.513119042 0.667222202 0
vt 0.497859597 0.668740392 0
vt 0.513119042 0.667222202 0
vt 0.511191726 0.677876115 0
vt 0.447413474 0.635449052 0
vt 0.497859597 0.668740392 0
vt 0.48928237 0.670912385 0
vt 0.458143562 0.647402585 0
vt 0.447413474 0.635449052 0
vt 0.48928237 0.670912385 0
vt 0.485656738 0.684397757 0
vt 0.48928237 0.670912385 0
vt 0.497859597 0.668740392 0
vt 0.03684837 0.660958707 0
vt 0.03457883 0.642977893 0
vt 0.0511764847 0.647709906 0
vt 0.127438784 0.679686189 0
vt 0.111643516 0.676374674 0
vt 0.105502062 0.665567577 0
vt 0.127438784 0.679686189 0
vt 0.125378385 0.694307268 0
vt 0.111643516 0.676374674 0
vt 0.0583386719 0.636279404 0
vt 0.0575077422 0.657316744 0
vt 0.0511764847 0.647709906 0
vt 0.0809393302 0.638853073 0
vt 0.0720349103 0.653507531 0
vt 0.0575077422 0.657316744 0
vt 0.0583386719 0.636279404 0
vt 0.0809393302 0.638853073 0
vt 0.0575077422 0.657316744 0
vt 0.0809393302 0.638853073 0
vt 0.0853167251 0.647893369 0
vt 0.0720349103 0.653507531 0
vt 0.105502062 0.665567577 0
vt 0.111643516 0.676374674 0
vt 0.0853167251 0.647893369 0
vt 0.111524656 0.656450987 0
vt 0.105502062 0.665567577 0
vt 0.0853167251 0.647893369 0
vt 0.111524656 0.656450987 0
vt 0.0853167251 0.647893369 0
vt 0.0809393302 0.638853073 0
vt 0.111524656 0.656450987 0
vt 0.127438784 0.679686189 0
vt 0.105502062 0.665567577 0
vt 0.0583386719 0.636279404 0
vt 0.03457883 0.642977893 0
vt 0.0422434099 0.633284152 0
vt 0.143532574 0.68345052 0
vt 0.127438784 0.679686189 0
vt 0.111524656 0.656450987 0
vt 0.143532574 0.68345052 0
vt 0.111524656 0.656450987 0
vt 0.132050097 0.660174847 0
vt 0.149223015 0.673379779 0
vt 0.143532574 0.68345052 0
vt 0.132050097 0.660174847 0
vt 0.788175702 0.265805751 0
vt 0.780748487 0.247210592 0
vt 0.792313933 0.249160841 0
vt 0.0827716142 0.631480515 0
vt 0.0809393302 0.638853073 0
vt 0.063869901 0.626907587 0
vt 0.798133433 0.263851404 0
vt 0.788175702 0.265805751 0
vt 0.792313933 0.249160841 0
vt 0.800491512 0.256996036 0
vt 0.798133433 0.263851404 0
vt 0.792313933 0.249160841 0
vt 0.063869901 0.626907587 0
vt 0.0422434099 0.633284152 0
vt 0.040865656 0.624558866 0
vt 0.0507819578 0.623190343 0
vt 0.063869901 0.626907587 0
vt 0.040865656 0.624558866 0
vt 0.0809393302 0.638853073 0
vt 0.0827716142 0.631480515 0
vt 0.0921674222 0.62361747 0
vt 0.115189217 0.631143272 0
vt 0.111524656 0.656450987 0
vt 0.0809393302 0.638853073 0
vt 0.115189217 0.631143272 0
vt 0.132050097 0.660174847 0
vt 0.111524656 0.656450987 0
vt 0.0921674222 0.62361747 0
vt 0.0827716142 0.631480515 0
vt 0.0849201679 0.616670787 0
vt 0.115189217 0.631143272 0
vt 0.0809393302 0.638853073 0
vt 0.0921674222 0.62361747 0
vt 0.132050097 0.660174847 0
vt 0.115189217 0.631143272 0
vt 0.125202805 0.64252317 0
vt 0.793978572 0.293985486 0
vt 0.811616898 0.28868112 0
vt 0.841326475 0.285050124 0
vt 0.125202805 0.64252317 0
vt 0.137339592 0.656263173 0
vt 0.132050097 0.660174847 0
vt 0.137339592 0.656263173 0
vt 0.149223015 0.673379779 0
vt 0.132050097 0.660174847 0
vt 0.808875322 0.244698182 0
vt 0.800491512 0.256996036 0
vt 0.792313933 0.249160841 0
vt 0.811005771 0.251572073 0
vt 0.807577908 0.260598242 0
vt 0.800491512 0.256996036 0
vt 0.808875322 0.244698182 0
vt 0.811005771 0.251572073 0
vt 0.800491512 0.256996036 0
vt 0.0630165935 0.600085318 0
vt 0.0507819578 0.623190343 0
vt 0.0494836792 0.610864878 0
vt 0.115189217 0.631143272 0
vt 0.0921674222 0.62361747 0
vt 0.100920536 0.614134312 0
vt 0.811616898 0.28868112 0
vt 0.824853957 0.281691492 0
vt 0.841326475 0.285050124 0
vt 0.0924303755 0.609839439 0
vt 0.100920536 0.614134312 0
vt 0.0849201679 0.616670787 0
vt 0.100920536 0.614134312 0
vt 0.0921674222 0.62361747 0
vt 0.0849201679 0.616670787 0
vt 0.841326475 0.285050124 0
vt 0.824853957 0.281691492 0
vt 0.83819139 0.265853763 0
vt 0.808875322 0.244698182 0
vt 0.823847234 0.244225338 0
vt 0.811005771 0.251572073 0
vt 0.822417378 0.248739943 0
vt 0.811005771 0.251572073 0
vt 0.823847234 0.244225338 0
vt 0.0849433094 0.601940215 0
vt 0.0924303755 0.609839439 0
vt 0.0849201679 0.616670787 0
vt 0.83819139 0.265853763 0
vt 0.83312422 0.259984523 0
vt 0.834368169 0.241555899 0
vt 0.834368169 0.241555899 0
vt 0.851715207 0.221099496 0
vt 0.83819139 0.265853763 0
vt 0.827786803 0.249351203 0
vt 0.822417378 0.248739943 0
vt 0.823847234 0.244225338 0
vt 0.834368169 0.241555899 0
vt 0.827786803 0.249351203 0
vt 0.823847234 0.244225338 0
vt 0.834368169 0.241555899 0
vt 0.830840588 0.252888411 0
vt 0.827786803 0.249351203 0
vt 0.834368169 0.241555899 0
vt 0.83312422 0.259984523 0
vt 0.830840588 0.252888411 0
vt 0.817240596 0.23372747 0
vt 0.823847234 0.244225338 0
vt 0.808875322 0.244698182 0
vt 0.818466961 0.229937598 0
vt 0.817240596 0.23372747 0
vt 0.808875322 0.244698182 0
vt 0.823847234 0.244225338 0
vt 0.817240596 0.23372747 0
vt 0.834368169 0.241555899 0
vt 0.834368169 0.241555899 0
vt 0.817240596 0.23372747 0
vt 0.851715207 0.221099496 0
vt 0.811890781 0.226672277 0
vt 0.818466961 0.229937598 0
vt 0.808875322 0.244698182 0
vt 0.818210423 0.229225188 0
vt 0.811890781 0.226672277 0
vt 0.832929373 0.219160423 0
vt 0.811890781 0.226672277 0
vt 0.830100656 0.203954116 0
vt 0.832929373 0.219160423 0
vt 0.818466961 0.229937598 0
vt 0.818210423 0.229225188 0
vt 0.832929373 0.219160423 0
vt 0.817240596 0.23372747 0
vt 0.818466961 0.229937598 0
vt 0.832929373 0.219160423 0
vt 0.818210423 0.229225188 0
vt 0.818466961 0.229937598 0
vt 0.811890781 0.226672277 0
vt 0.786440313 0.319043845 0
vt 0.766620874 0.326065183 0
vt 0.841326475 0.285050124 0
vt 0.786440313 0.319043845 0
vt 0.841326475 0.285050124 0
vt 0.811114728 0.31723699 0
vt 0.766620874 0.326065183 0
vt 0.793978572 0.293985486 0
vt 0.841326475 0.285050124 0
vt 0.798593819 0.339093328 0
vt 0.811114728 0.31723699 0
vt 0.854056597 0.294540823 0
vt 0.416555077 0.579288483 0
vt 0.421401978 0.567460358 0
vt 0.458711803 0.613927364 0
vt 0.458711803 0.613927364 0
vt 0.421401978 0.567460358 0
vt 0.472631752 0.616930366 0
vt 0.854056597 0.294540823 0
vt 0.811114728 0.31723699 0
vt 0.841326475 0.285050124 0
vt 0.416555077 0.579288483 0
vt 0.458711803 0.613927364 0
vt 0.447413474 0.635449052 0
vt 0.411197096 0.584409237 0
vt 0.416555077 0.579288483 0
vt 0.425948769 0.618362308 0
vt 0.447413474 0.635449052 0
vt 0.458711803 0.613927364 0
vt 0.497859597 0.668740392 0
vt 0.425948769 0.618362308 0
vt 0.416555077 0.579288483 0
vt 0.447413474 0.635449052 0
vt 0.402460098 0.585648775 0
vt 0.425948769 0.618362308 0
vt 0.404931605 0.621290743 0
vt 0.447413474 0.635449052 0
vt 0.404931605 0.621290743 0
vt 0.425948769 0.618362308 0
vt 0.411640137 0.655069113 0
vt 0.404931605 0.621290743 0
vt 0.447413474 0.635449052 0
vt 0.145353809 0.716569841 0
vt 0.125378385 0.694307268 0
vt 0.143532574 0.68345052 0
vt 0.143532574 0.68345052 0
vt 0.125378385 0.694307268 0
vt 0.127438784 0.679686189 0
vt 0.15894866 0.717404962 0
vt 0.145353809 0.716569841 0
vt 0.15274106 0.686829865 0
vt 0.15274106 0.686829865 0
vt 0.166936666 0.730204701 0
vt 0.15894866 0.717404962 0
vt 0.18094261 0.715808749 0
vt 0.166936666 0.730204701 0
vt 0.15274106 0.686829865 0
vt 0.187419012 0.72427088 0
vt 0.166936666 0.730204701 0
vt 0.18094261 0.715808749 0
vt 0.15274106 0.686829865 0
vt 0.145353809 0.716569841 0
vt 0.143532574 0.68345052 0
vt 0.15274106 0.686829865 0
vt 0.143532574 0.68345052 0
vt 0.149223015 0.673379779 0
vt 0.18094261 0.715808749 0
vt 0.15274106 0.686829865 0
vt 0.16808334 0.685869455 0
vt 0.174362302 0.702137947 0
vt 0.18094261 0.715808749 0
vt 0.16808334 0.685869455 0
vt 0.731955528 0.327329218 0
vt 0.744314373 0.318030417 0
vt 0.766620874 0.326065183 0
vt 0.766620874 0.326065183 0
vt 0.776596725 0.304981411 0
vt 0.793978572 0.293985486 0
vt 0.766620874 0.326065183 0
vt 0.765822947 0.300508767 0
vt 0.776596725 0.304981411 0
vt 0.161464661 0.676009893 0
vt 0.15274106 0.686829865 0
vt 0.149223015 0.673379779 0
vt 0.755517304 0.305031836 0
vt 0.765822947 0.300508767 0
vt 0.766620874 0.326065183 0
vt 0.766620874 0.326065183 0
vt 0.744314373 0.318030417 0
vt 0.755517304 0.305031836 0
vt 0.16808334 0.685869455 0
vt 0.15274106 0.686829865 0
vt 0.161464661 0.676009893 0
vt 0.193263218 0.732281506 0
vt 0.162503839 0.740980268 0
vt 0.187419012 0.72427088 0
vt 0.193263218 0.732281506 0
vt 0.194620192 0.744998038 0
vt 0.162503839 0.740980268 0
vt 0.784793258 0.331971884 0
vt 0.766620874 0.326065183 0
vt 0.786440313 0.319043845 0
vt 0.751619577 0.34936139 0
vt 0.716991127 0.341079623 0
vt 0.766620874 0.326065183 0
vt 0.716991127 0.341079623 0
vt 0.731955528 0.327329218 0
vt 0.766620874 0.326065183 0
vt 0.716991127 0.341079623 0
vt 0.722746253 0.333045542 0
vt 0.731955528 0.327329218 0
vt 0.784793258 0.331971884 0
vt 0.786440313 0.319043845 0
vt 0.811114728 0.31723699 0
vt 0.776484191 0.34706983 0
vt 0.751619577 0.34936139 0
vt 0.784793258 0.331971884 0
vt 0.784793258 0.331971884 0
vt 0.751619577 0.34936139 0
vt 0.766620874 0.326065183 0
vt 0.37237674 0.518643975 0
vt 0.392047733 0.527470469 0
vt 0.405129194 0.549514234 0
vt 0.733970165 0.362036824 0
vt 0.703372002 0.359960169 0
vt 0.751619577 0.34936139 0
vt 0.784793258 0.331971884 0
vt 0.811114728 0.31723699 0
vt 0.798593819 0.339093328 0
vt 0.798593819 0.339093328 0
vt 0.776484191 0.34706983 0
vt 0.784793258 0.331971884 0
vt 0.416555077 0.579288483 0
vt 0.405129194 0.549514234 0
vt 0.421401978 0.567460358 0
vt 0.391298532 0.56659168 0
vt 0.405129194 0.549514234 0
vt 0.416555077 0.579288483 0
vt 0.37237674 0.518643975 0
vt 0.405129194 0.549514234 0
vt 0.391298532 0.56659168 0
vt 0.360852897 0.532911241 0
vt 0.345660776 0.521421969 0
vt 0.37237674 0.518643975 0
vt 0.391298532 0.56659168 0
vt 0.360852897 0.532911241 0
vt 0.37237674 0.518643975 0
vt 0.391298532 0.56659168 0
vt 0.416555077 0.579288483 0
vt 0.411197096 0.584409237 0
vt 0.391298532 0.56659168 0
vt 0.411197096 0.584409237 0
vt 0.402460098 0.585648775 0
vt 0.314495474 0.552617908 0
vt 0.345660776 0.521421969 0
vt 0.360852897 0.532911241 0
vt 0.402460098 0.585648775 0
vt 0.411197096 0.584409237 0
vt 0.425948769 0.618362308 0
vt 0.382259339 0.583655179 0
vt 0.391298532 0.56659168 0
vt 0.402460098 0.585648775 0
vt 0.391298532 0.56659168 0
vt 0.382259339 0.583655179 0
vt 0.362122327 0.565898597 0
vt 0.370329231 0.576900005 0
vt 0.362122327 0.565898597 0
vt 0.382259339 0.583655179 0
vt 0.366387844 0.575068176 0
vt 0.362122327 0.565898597 0
vt 0.370329231 0.576900005 0
vt 0.360852897 0.532911241 0
vt 0.391298532 0.56659168 0
vt 0.362122327 0.565898597 0
vt 0.382259339 0.583655179 0
vt 0.402460098 0.585648775 0
vt 0.373616606 0.616641045 0
vt 0.343102217 0.572083414 0
vt 0.366387844 0.575068176 0
vt 0.337982923 0.585590661 0
vt 0.343102217 0.572083414 0
vt 0.362122327 0.565898597 0
vt 0.366387844 0.575068176 0
vt 0.314495474 0.552617908 0
vt 0.360852897 0.532911241 0
vt 0.362122327 0.565898597 0
vt 0.337982923 0.585590661 0
vt 0.366387844 0.575068176 0
vt 0.370329231 0.576900005 0
vt 0.343102217 0.572083414 0
vt 0.304598361 0.560269833 0
vt 0.362122327 0.565898597 0
vt 0.244509295 0.783623397 0
vt 0.249002934 0.794711769 0
vt 0.226940155 0.783816695 0
vt 0.218666658 0.757362962 0
vt 0.226940155 0.783816695 0
vt 0.159540787 0.745247066 0
vt 0.194620192 0.744998038 0
vt 0.218666658 0.757362962 0
vt 0.159540787 0.745247066 0
vt 0.244509295 0.783623397 0
vt 0.226940155 0.783816695 0
vt 0.218666658 0.757362962 0
vt 0.244509295 0.783623397 0
vt 0.218666658 0.757362962 0
vt 0.225224257 0.758508265 0
vt 0.638030112 0.383103281 0
vt 0.636749148 0.368761182 0
vt 0.65714699 0.375916123 0
vt 0.211755037 0.744580328 0
vt 0.194620192 0.744998038 0
vt 0.193263218 0.732281506 0
vt 0.211755037 0.744580328 0
vt 0.218666658 0.757362962 0
vt 0.194620192 0.744998038 0
vt 0.678139031 0.376333624 0
vt 0.65714699 0.375916123 0
vt 0.703372002 0.359960169 0
vt 0.65714699 0.375916123 0
vt 0.636749148 0.368761182 0
vt 0.67261678 0.360326141 0
vt 0.636749148 0.368761182 0
vt 0.634261668 0.360979825 0
vt 0.67261678 0.360326141 0
vt 0.638030112 0.383103281 0
vt 0.65714699 0.375916123 0
vt 0.678139031 0.376333624 0
vt 0.300354958 0.450212538 0
vt 0.314534694 0.449376434 0
vt 0.340128422 0.473618716 0
vt 0.703372002 0.359960169 0
vt 0.716991127 0.341079623 0
vt 0.751619577 0.34936139 0
vt 0.703372002 0.359960169 0
vt 0.694909513 0.352694124 0
vt 0.716991127 0.341079623 0
vt 0.211755037 0.744580328 0
vt 0.225224257 0.758508265 0
vt 0.218666658 0.757362962 0
vt 0.71638602 0.37541461 0
vt 0.678139031 0.376333624 0
vt 0.703372002 0.359960169 0
vt 0.67261678 0.360326141 0
vt 0.694909513 0.352694124 0
vt 0.703372002 0.359960169 0
vt 0.65714699 0.375916123 0
vt 0.67261678 0.360326141 0
vt 0.703372002 0.359960169 0
vt 0.733970165 0.362036824 0
vt 0.723569512 0.372288734 0
vt 0.703372002 0.359960169 0
vt 0.345660776 0.521421969 0
vt 0.362819165 0.508804917 0
vt 0.37237674 0.518643975 0
vt 0.71638602 0.37541461 0
vt 0.703372002 0.359960169 0
vt 0.723569512 0.372288734 0
vt 0.357953906 0.502859354 0
vt 0.362819165 0.508804917 0
vt 0.345660776 0.521421969 0
vt 0.319172859 0.50834161 0
vt 0.340128422 0.473618716 0
vt 0.357953906 0.502859354 0
vt 0.319172859 0.50834161 0
vt 0.357953906 0.502859354 0
vt 0.345660776 0.521421969 0
vt 0.274102241 0.474619538 0
vt 0.340128422 0.473618716 0
vt 0.319172859 0.50834161 0
vt 0.315728545 0.541335464 0
vt 0.319172859 0.50834161 0
vt 0.345660776 0.521421969 0
vt 0.282848567 0.497744709 0
vt 0.319172859 0.50834161 0
vt 0.293636143 0.514757216 0
vt 0.282848567 0.497744709 0
vt 0.274102241 0.474619538 0
vt 0.319172859 0.50834161 0
vt 0.315728545 0.541335464 0
vt 0.345660776 0.521421969 0
vt 0.314495474 0.552617908 0
vt 0.293636143 0.514757216 0
vt 0.319172859 0.50834161 0
vt 0.315728545 0.541335464 0
vt 0.241989344 0.477221489 0
vt 0.282848567 0.497744709 0
vt 0.293636143 0.514757216 0
vt 0.26284194 0.502127469 0
vt 0.293636143 0.514757216 0
vt 0.315728545 0.541335464 0
vt 0.26284194 0.502127469 0
vt 0.241989344 0.477221489 0
vt 0.293636143 0.514757216 0
vt 0.26284194 0.502127469 0
vt 0.315728545 0.541335464 0
vt 0.314543724 0.541368186 0
vt 0.241313949 0.498531908 0
vt 0.314543724 0.541368186 0
vt 0.314495474 0.552617908 0
vt 0.241313949 0.498531908 0
vt 0.26284194 0.502127469 0
vt 0.314543724 0.541368186 0
vt 0.314543724 0.541368186 0
vt 0.315728545 0.541335464 0
vt 0.314495474 0.552617908 0
vt 0.718011975 0.48132965 0
vt 0.694167316 0.466288686 0
vt 0.722100675 0.45844093 0
vt 0.684205711 0.475414902 0
vt 0.67511946 0.454293579 0
vt 0.694167316 0.466288686 0
vt 0.666998267 0.474517107 0
vt 0.67511946 0.454293579 0
vt 0.684205711 0.475414902 0
vt 0.778378069 0.555104852 0
vt 0.749024153 0.543340445 0
vt 0.772135913 0.538470984 0
vt 0.749623477 0.567021608 0
vt 0.749024153 0.543340445 0
vt 0.778378069 0.555104852 0
vt 0.73033154 0.574201643 0
vt 0.7184003 0.55475235 0
vt 0.749024153 0.543340445 0
vt 0.73033154 0.574201643 0
vt 0.749024153 0.543340445 0
vt 0.749623477 0.567021608 0
vt 0.710640848 0.572970331 0
vt 0.695987523 0.570132732 0
vt 0.7184003 0.55475235 0
vt 0.7184003 0.55475235 0
vt 0.740406334 0.536559582 0
vt 0.749024153 0.543340445 0
vt 0.710640848 0.572970331 0
vt 0.7184003 0.55475235 0
vt 0.73033154 0.574201643 0
vt 0.695987523 0.570132732 0
vt 0.740406334 0.536559582 0
vt 0.7184003 0.55475235 0
vt 0.740406334 0.536559582 0
vt 0.695987523 0.570132732 0
vt 0.773177147 0.49116838 0
vt 0.695987523 0.570132732 0
vt 0.723152339 0.51147306 0
vt 0.773177147 0.49116838 0
vt 0.688412309 0.527951777 0
vt 0.707812071 0.509485185 0
vt 0.723152339 0.51147306 0
vt 0.688412309 0.527951777 0
vt 0.723152339 0.51147306 0
vt 0.695987523 0.570132732 0
vt 0.723596573 0.499056637 0
vt 0.718011975 0.48132965 0
vt 0.745068073 0.478847474 0
vt 0.706006587 0.485593587 0
vt 0.718011975 0.48132965 0
vt 0.723596573 0.499056637 0
vt 0.723152339 0.51147306 0
vt 0.706006587 0.485593587 0
vt 0.723596573 0.499056637 0
vt 0.707812071 0.509485185 0
vt 0.706006587 0.485593587 0
vt 0.723152339 0.51147306 0
vt 0.688412309 0.527951777 0
vt 0.667755127 0.493611991 0
vt 0.707812071 0.509485185 0
vt 0.601041257 0.538457692 0
vt 0.667492628 0.524595976 0
vt 0.688412309 0.527951777 0
vt 0.718011975 0.48132965 0
vt 0.722100675 0.45844093 0
vt 0.756490111 0.467319846 0
vt 0.718011975 0.48132965 0
vt 0.756490111 0.467319846 0
vt 0.745068073 0.478847474 0
vt 0.667755127 0.493611991 0
vt 0.706006587 0.485593587 0
vt 0.707812071 0.509485185 0
vt 0.667755127 0.493611991 0
vt 0.684205711 0.475414902 0
vt 0.706006587 0.485593587 0
vt 0.706006587 0.485593587 0
vt 0.694167316 0.466288686 0
vt 0.718011975 0.48132965 0
vt 0.684205711 0.475414902 0
vt 0.694167316 0.466288686 0
vt 0.706006587 0.485593587 0
vt 0.667755127 0.493611991 0
vt 0.666998267 0.474517107 0
vt 0.684205711 0.475414902 0
vt 0.647313893 0.478074193 0
vt 0.666998267 0.474517107 0
vt 0.667755127 0.493611991 0
vt 0.644967437 0.495384246 0
vt 0.647313893 0.478074193 0
vt 0.667755127 0.493611991 0
vt 0.644967437 0.495384246 0
vt 0.632750273 0.477141201 0
vt 0.647313893 0.478074193 0
vt 0.630214632 0.503761888 0
vt 0.632750273 0.477141201 0
vt 0.644967437 0.495384246 0
vt 0.630214632 0.503761888 0
vt 0.608656108 0.500954628 0
vt 0.632750273 0.477141201 0
vt 0.700459003 0.585820019 0
vt 0.684466839 0.587914944 0
vt 0.695987523 0.570132732 0
vt 0.657608747 0.596066475 0
vt 0.695987523 0.570132732 0
vt 0.684466839 0.587914944 0
vt 0.657608747 0.596066475 0
vt 0.684466839 0.587914944 0
vt 0.671637118 0.596014917 0
vt 0.657608747 0.596066475 0
vt 0.64423418 0.552625299 0
vt 0.695987523 0.570132732 0
vt 0.640229404 0.608675122 0
vt 0.657608747 0.596066475 0
vt 0.671637118 0.596014917 0
vt 0.640229404 0.608675122 0
vt 0.644052744 0.600205302 0
vt 0.657608747 0.596066475 0
vt 0.657608747 0.596066475 0
vt 0.623395145 0.588233531 0
vt 0.64423418 0.552625299 0
vt 0.644052744 0.600205302 0
vt 0.623395145 0.588233531 0
vt 0.657608747 0.596066475 0
vt 0.64423418 0.552625299 0
vt 0.688412309 0.527951777 0
vt 0.695987523 0.570132732 0
vt 0.667492628 0.524595976 0
vt 0.667755127 0.493611991 0
vt 0.688412309 0.527951777 0
vt 0.667492628 0.524595976 0
vt 0.647090614 0.518880963 0
vt 0.667755127 0.493611991 0
vt 0.688412309 0.527951777 0
vt 0.64423418 0.552625299 0
vt 0.601041257 0.538457692 0
vt 0.601041257 0.538457692 0
vt 0.647090614 0.518880963 0
vt 0.667492628 0.524595976 0
vt 0.623395145 0.588233531 0
vt 0.615585148 0.570357263 0
vt 0.64423418 0.552625299 0
vt 0.647090614 0.518880963 0
vt 0.630214632 0.503761888 0
vt 0.667755127 0.493611991 0
vt 0.630214632 0.503761888 0
vt 0.644967437 0.495384246 0
vt 0.667755127 0.493611991 0
vt 0.624669909 0.518415809 0
vt 0.630214632 0.503761888 0
vt 0.647090614 0.518880963 0
vt 0.601041257 0.538457692 0
vt 0.613937736 0.529330671 0
vt 0.647090614 0.518880963 0
vt 0.613937736 0.529330671 0
vt 0.624669909 0.518415809 0
vt 0.647090614 0.518880963 0
vt 0.613937736 0.529330671 0
vt 0.613359511 0.518494189 0
vt 0.624669909 0.518415809 0
vt 0.615585148 0.570357263 0
vt 0.601041257 0.538457692 0
vt 0.64423418 0.552625299 0
vt 0.603519917 0.58496207 0
vt 0.601041257 0.538457692 0
vt 0.615585148 0.570357263 0
vt 0.624669909 0.518415809 0
vt 0.613359511 0.518494189 0
vt 0.630214632 0.503761888 0
vt 0.613937736 0.529330671 0
vt 0.601041257 0.538457692 0
vt 0.613359511 0.518494189 0
vt 0.630214632 0.503761888 0
vt 0.613359511 0.518494189 0
vt 0.608656108 0.500954628 0
vt 0.601041257 0.538457692 0
vt 0.608656108 0.500954628 0
vt 0.613359511 0.518494189 0
vt 0.640229404 0.608675122 0
vt 0.623395145 0.588233531 0
vt 0.644052744 0.600205302 0
vt 0.640229404 0.608675122 0
vt 0.613498807 0.597653151 0
vt 0.623395145 0.588233531 0
vt 0.623395145 0.588233531 0
vt 0.603519917 0.58496207 0
vt 0.615585148 0.570357263 0
vt 0.613498807 0.597653151 0
vt 0.603519917 0.58496207 0
vt 0.623395145 0.588233531 0
vt 0.613498807 0.597653151 0
vt 0.60999763 0.606499493 0
vt 0.603519917 0.58496207 0
vt 0.603519917 0.58496207 0
vt 0.563470542 0.59276849 0
vt 0.601041257 0.538457692 0
vt 0.57484901 0.610909641 0
vt 0.563470542 0.59276849 0
vt 0.603519917 0.58496207 0
vt 0.563470542 0.59276849 0
vt 0.565278649 0.577526152 0
vt 0.601041257 0.538457692 0
vt 0.565278649 0.577526152 0
vt 0.560139954 0.563893318 0
vt 0.601041257 0.538457692 0
vt 0.524446666 0.569709241 0
vt 0.546129107 0.559906721 0
vt 0.563470542 0.59276849 0
vt 0.565278649 0.577526152 0
vt 0.546129107 0.559906721 0
vt 0.560139954 0.563893318 0
vt 0.563470542 0.59276849 0
vt 0.546129107 0.559906721 0
vt 0.565278649 0.577526152 0
vt 0.560139954 0.563893318 0
vt 0.552034318 0.537853122 0
vt 0.601041257 0.538457692 0
vt 0.546129107 0.559906721 0
vt 0.552034318 0.537853122 0
vt 0.560139954 0.563893318 0
vt 0.527165949 0.608666301 0
vt 0.524446666 0.569709241 0
vt 0.563470542 0.59276849 0
vt 0.527165949 0.608666301 0
vt 0.501340628 0.564123869 0
vt 0.524446666 0.569709241 0
vt 0.527165949 0.608666301 0
vt 0.497862965 0.609418988 0
vt 0.501340628 0.564123869 0
vt 0.694167316 0.466288686 0
vt 0.67511946 0.454293579 0
vt 0.688746214 0.434529006 0
vt 0.666998267 0.474517107 0
vt 0.648682475 0.452624857 0
vt 0.67511946 0.454293579 0
vt 0.647313893 0.478074193 0
vt 0.648682475 0.452624857 0
vt 0.666998267 0.474517107 0
vt 0.688746214 0.434529006 0
vt 0.75050056 0.418393821 0
vt 0.722100675 0.45844093 0
vt 0.694167316 0.466288686 0
vt 0.688746214 0.434529006 0
vt 0.722100675 0.45844093 0
vt 0.686448157 0.419188172 0
vt 0.712866068 0.39748922 0
vt 0.759707928 0.405609637 0
vt 0.686448157 0.419188172 0
vt 0.676265836 0.410328329 0
vt 0.712866068 0.39748922 0
vt 0.60733521 0.438931525 0
vt 0.636278987 0.420199513 0
vt 0.686448157 0.419188172 0
vt 0.688227773 0.426126093 0
vt 0.60733521 0.438931525 0
vt 0.686448157 0.419188172 0
vt 0.688746214 0.434529006 0
vt 0.688227773 0.426126093 0
vt 0.75050056 0.418393821 0
vt 0.588557661 0.851399243 0
vt 0.681056082 0.863747656 0
vt 0.672461987 0.882335961 0
vt 0.634102821 0.87919271 0
vt 0.588557661 0.851399243 0
vt 0.672461987 0.882335961 0
vt 0.686448157 0.419188172 0
vt 0.636278987 0.420199513 0
vt 0.676265836 0.410328329 0
vt 0.596151352 0.873771966 0
vt 0.588557661 0.851399243 0
vt 0.634102821 0.87919271 0
vt 0.67511946 0.454293579 0
vt 0.639986217 0.447152078 0
vt 0.688746214 0.434529006 0
vt 0.648682475 0.452624857 0
vt 0.639986217 0.447152078 0
vt 0.67511946 0.454293579 0
vt 0.639986217 0.447152078 0
vt 0.688227773 0.426126093 0
vt 0.688746214 0.434529006 0
vt 0.639986217 0.447152078 0
vt 0.60733521 0.438931525 0
vt 0.688227773 0.426126093 0
vt 0.681056082 0.863747656 0
vt 0.588557661 0.851399243 0
vt 0.640951514 0.848300576 0
vt 0.588557661 0.851399243 0
vt 0.596998155 0.839215994 0
vt 0.640951514 0.848300576 0
vt 0.640951514 0.848300576 0
vt 0.641444683 0.836984396 0
vt 0.670113027 0.839870155 0
vt 0.640951514 0.848300576 0
vt 0.596998155 0.839215994 0
vt 0.641444683 0.836984396 0
vt 0.614451706 0.832415342 0
vt 0.641444683 0.836984396 0
vt 0.596998155 0.839215994 0
vt 0.670113027 0.839870155 0
vt 0.683388233 0.80225426 0
vt 0.690264583 0.824642777 0
vt 0.641444683 0.836984396 0
vt 0.646940351 0.811183512 0
vt 0.670113027 0.839870155 0
vt 0.641444683 0.836984396 0
vt 0.614451706 0.832415342 0
vt 0.646940351 0.811183512 0
vt 0.670113027 0.839870155 0
vt 0.646940351 0.811183512 0
vt 0.683388233 0.80225426 0
vt 0.596998155 0.839215994 0
vt 0.611616135 0.772957385 0
vt 0.614451706 0.832415342 0
vt 0.614451706 0.832415342 0
vt 0.611616135 0.772957385 0
vt 0.631865561 0.798902214 0
vt 0.614451706 0.832415342 0
vt 0.631865561 0.798902214 0
vt 0.646940351 0.811183512 0
vt 0.676299214 0.78586781 0
vt 0.683388233 0.80225426 0
vt 0.646940351 0.811183512 0
vt 0.632750273 0.477141201 0
vt 0.648682475 0.452624857 0
vt 0.647313893 0.478074193 0
vt 0.552034318 0.537853122 0
vt 0.584020436 0.507310569 0
vt 0.608656108 0.500954628 0
vt 0.608656108 0.500954628 0
vt 0.621291637 0.466414154 0
vt 0.632750273 0.477141201 0
vt 0.608656108 0.500954628 0
vt 0.584020436 0.507310569 0
vt 0.621291637 0.466414154 0
vt 0.569645822 0.85788393 0
vt 0.588557661 0.851399243 0
vt 0.596151352 0.873771966 0
vt 0.572379112 0.867961407 0
vt 0.569645822 0.85788393 0
vt 0.596151352 0.873771966 0
vt 0.632750273 0.477141201 0
vt 0.621291637 0.466414154 0
vt 0.648682475 0.452624857 0
vt 0.60733521 0.438931525 0
vt 0.609962046 0.425298214 0
vt 0.636278987 0.420199513 0
vt 0.60733521 0.438931525 0
vt 0.594572246 0.431483746 0
vt 0.609962046 0.425298214 0
vt 0.648682475 0.452624857 0
vt 0.621291637 0.466414154 0
vt 0.639986217 0.447152078 0
vt 0.604165912 0.458055586 0
vt 0.60733521 0.438931525 0
vt 0.639986217 0.447152078 0
vt 0.541425467 0.852319062 0
vt 0.571921289 0.83201766 0
vt 0.569645822 0.85788393 0
vt 0.556673169 0.86463815 0
vt 0.569645822 0.85788393 0
vt 0.572379112 0.867961407 0
vt 0.539413512 0.855872929 0
vt 0.569645822 0.85788393 0
vt 0.556673169 0.86463815 0
vt 0.539413512 0.855872929 0
vt 0.541425467 0.852319062 0
vt 0.569645822 0.85788393 0
vt 0.575197875 0.435280144 0
vt 0.594572246 0.431483746 0
vt 0.60733521 0.438931525 0
vt 0.621291637 0.466414154 0
vt 0.604165912 0.458055586 0
vt 0.639986217 0.447152078 0
vt 0.569645822 0.85788393 0
vt 0.571921289 0.83201766 0
vt 0.588557661 0.851399243 0
vt 0.567638397 0.445315033 0
vt 0.60733521 0.438931525 0
vt 0.604165912 0.458055586 0
vt 0.567638397 0.445315033 0
vt 0.575197875 0.435280144 0
vt 0.60733521 0.438931525 0
vt 0.567638397 0.445315033 0
vt 0.565917432 0.441587687 0
vt 0.575197875 0.435280144 0
vt 0.528156877 0.851446033 0
vt 0.541425467 0.852319062 0
vt 0.539413512 0.855872929 0
vt 0.567638397 0.445315033 0
vt 0.604165912 0.458055586 0
vt 0.583031356 0.465705007 0
vt 0.584020436 0.507310569 0
vt 0.604165912 0.458055586 0
vt 0.621291637 0.466414154 0
vt 0.515978038 0.843588948 0
vt 0.541425467 0.852319062 0
vt 0.528156877 0.851446033 0
vt 0.567638397 0.445315033 0
vt 0.554383397 0.44776836 0
vt 0.565917432 0.441587687 0
vt 0.520477712 0.533735752 0
vt 0.583031356 0.465705007 0
vt 0.584020436 0.507310569 0
vt 0.588557661 0.851399243 0
vt 0.588927031 0.839279652 0
vt 0.596998155 0.839215994 0
vt 0.584020436 0.507310569 0
vt 0.583031356 0.465705007 0
vt 0.604165912 0.458055586 0
vt 0.571921289 0.83201766 0
vt 0.588927031 0.839279652 0
vt 0.588557661 0.851399243 0
vt 0.588927031 0.839279652 0
vt 0.571921289 0.83201766 0
vt 0.596998155 0.839215994 0
vt 0.541425467 0.852319062 0
vt 0.562331438 0.831233799 0
vt 0.571921289 0.83201766 0
vt 0.499048918 0.818034351 0
vt 0.562331438 0.831233799 0
vt 0.541425467 0.852319062 0
vt 0.536369205 0.478543639 0
vt 0.567638397 0.445315033 0
vt 0.583031356 0.465705007 0
vt 0.571921289 0.83201766 0
vt 0.611616135 0.772957385 0
vt 0.596998155 0.839215994 0
vt 0.573468268 0.783764541 0
vt 0.611616135 0.772957385 0
vt 0.571921289 0.83201766 0
vt 0.499048918 0.818034351 0
vt 0.531168342 0.787122309 0
vt 0.562331438 0.831233799 0
vt 0.520477712 0.533735752 0
vt 0.552834034 0.480305731 0
vt 0.583031356 0.465705007 0
vt 0.552834034 0.480305731 0
vt 0.536369205 0.478543639 0
vt 0.583031356 0.465705007 0
vt 0.562331438 0.831233799 0
vt 0.573468268 0.783764541 0
vt 0.571921289 0.83201766 0
vt 0.562331438 0.831233799 0
vt 0.55941844 0.781164229 0
vt 0.573468268 0.783764541 0
vt 0.562331438 0.831233799 0
vt 0.531168342 0.787122309 0
vt 0.55941844 0.781164229 0
vt 0.535965919 0.463694245 0
vt 0.554383397 0.44776836 0
vt 0.567638397 0.445315033 0
vt 0.533676982 0.471283197 0
vt 0.535965919 0.463694245 0
vt 0.567638397 0.445315033 0
vt 0.498572081 0.827036858 0
vt 0.498095155 0.8239972 0
vt 0.515978038 0.843588948 0
vt 0.498095155 0.8239972 0
vt 0.541425467 0.852319062 0
vt 0.515978038 0.843588948 0
vt 0.536369205 0.478543639 0
vt 0.533676982 0.471283197 0
vt 0.567638397 0.445315033 0
vt 0.505067348 0.506990671 0
vt 0.552834034 0.480305731 0
vt 0.520477712 0.533735752 0
vt 0.541425467 0.852319062 0
vt 0.498095155 0.8239972 0
vt 0.499048918 0.818034351 0
vt 0.493244231 0.820560932 0
vt 0.498095155 0.8239972 0
vt 0.498572081 0.827036858 0
vt 0.498095155 0.8239972 0
vt 0.493244231 0.820560932 0
vt 0.499048918 0.818034351 0
vt 0.552834034 0.480305731 0
vt 0.505067348 0.506990671 0
vt 0.527343512 0.480825126 0
vt 0.505067348 0.506990671 0
vt 0.507605076 0.493415236 0
vt 0.527343512 0.480825126 0
vt 0.42797029 0.798533797 0
vt 0.442763507 0.78914535 0
vt 0.437584341 0.802361548 0
vt 0.499048918 0.818034351 0
vt 0.493244231 0.820560932 0
vt 0.489970505 0.812342405 0
vt 0.489970505 0.812342405 0
vt 0.496233821 0.802757919 0
vt 0.499048918 0.818034351 0
vt 0.527343512 0.480825126 0
vt 0.536369205 0.478543639 0
vt 0.552834034 0.480305731 0
vt 0.505067348 0.506990671 0
vt 0.504383743 0.493454605 0
vt 0.507605076 0.493415236 0
vt 0.442763507 0.78914535 0
vt 0.454646707 0.804700613 0
vt 0.437584341 0.802361548 0
vt 0.480402499 0.808929205 0
vt 0.496233821 0.802757919 0
vt 0.489970505 0.812342405 0
vt 0.454443663 0.805403173 0
vt 0.496233821 0.802757919 0
vt 0.480402499 0.808929205 0
vt 0.499048918 0.818034351 0
vt 0.507540226 0.799573958 0
vt 0.531168342 0.787122309 0
vt 0.499048918 0.818034351 0
vt 0.496233821 0.802757919 0
vt 0.507540226 0.799573958 0
vt 0.507540226 0.799573958 0
vt 0.496233821 0.802757919 0
vt 0.538068354 0.776333809 0
vt 0.454443663 0.805403173 0
vt 0.454646707 0.804700613 0
vt 0.496233821 0.802757919 0
vt 0.442763507 0.78914535 0
vt 0.461003006 0.785906434 0
vt 0.454646707 0.804700613 0
vt 0.552034318 0.537853122 0
vt 0.608656108 0.500954628 0
vt 0.601041257 0.538457692 0
vt 0.524446666 0.569709241 0
vt 0.552034318 0.537853122 0
vt 0.546129107 0.559906721 0
vt 0.501340628 0.564123869 0
vt 0.520477712 0.533735752 0
vt 0.584020436 0.507310569 0
vt 0.506681859 0.515336692 0
vt 0.505067348 0.506990671 0
vt 0.520477712 0.533735752 0
vt 0.520477712 0.533735752 0
vt 0.498654842 0.529039085 0
vt 0.506681859 0.515336692 0
vt 0.501340628 0.564123869 0
vt 0.498654842 0.529039085 0
vt 0.520477712 0.533735752 0
vt 0.498654842 0.529039085 0
vt 0.499747932 0.520092905 0
vt 0.506681859 0.515336692 0
vt 0.42797029 0.798533797 0
vt 0.429600298 0.788238466 0
vt 0.442763507 0.78914535 0
vt 0.499747932 0.520092905 0
vt 0.498654842 0.529039085 0
vt 0.494281799 0.517219663 0
vt 0.494281799 0.517219663 0
vt 0.498654842 0.529039085 0
vt 0.486339331 0.517784595 0
vt 0.482937187 0.548242927 0
vt 0.486339331 0.517784595 0
vt 0.498654842 0.529039085 0
vt 0.436079562 0.7845667 0
vt 0.442763507 0.78914535 0
vt 0.429600298 0.788238466 0
vt 0.436079562 0.7845667 0
vt 0.439917982 0.774744391 0
vt 0.442763507 0.78914535 0
vt 0.482937187 0.548242927 0
vt 0.48262772 0.522035956 0
vt 0.486339331 0.517784595 0
vt 0.439917982 0.774744391 0
vt 0.473095506 0.74941051 0
vt 0.471757323 0.755548716 0
vt 0.439917982 0.774744391 0
vt 0.457131445 0.755210102 0
vt 0.473095506 0.74941051 0
vt 0.439917982 0.774744391 0
vt 0.433198869 0.773452163 0
vt 0.457131445 0.755210102 0
vt 0.48262772 0.522035956 0
vt 0.47300154 0.551640153 0
vt 0.477068663 0.493167788 0
vt 0.47300154 0.551640153 0
vt 0.467692941 0.516384423 0
vt 0.477068663 0.493167788 0
vt 0.439917982 0.774744391 0
vt 0.461035788 0.783816993 0
vt 0.442763507 0.78914535 0
vt 0.467692941 0.516384423 0
vt 0.451923072 0.507374167 0
vt 0.477068663 0.493167788 0
vt 0.467692941 0.516384423 0
vt 0.454238296 0.524907351 0
vt 0.451923072 0.507374167 0
vt 0.368019044 0.336474448 0
vt 0.362773955 0.346244633 0
vt 0.362716109 0.317059159 0
vt 0.368776232 0.356963784 0
vt 0.362773955 0.346244633 0
vt 0.368019044 0.336474448 0
vt 0.349360496 0.358242184 0
vt 0.328497201 0.315128773 0
vt 0.338416338 0.310146332 0
vt 0.524446666 0.569709241 0
vt 0.501340628 0.564123869 0
vt 0.519430637 0.564064384 0
vt 0.519430637 0.564064384 0
vt 0.552034318 0.537853122 0
vt 0.524446666 0.569709241 0
vt 0.519430637 0.564064384 0
vt 0.501340628 0.564123869 0
vt 0.552034318 0.537853122 0
vt 0.552034318 0.537853122 0
vt 0.501340628 0.564123869 0
vt 0.584020436 0.507310569 0
vt 0.501340628 0.564123869 0
vt 0.497862965 0.609418988 0
vt 0.496557504 0.573383749 0
vt 0.47062403 0.98827678 0
vt 0.485547125 0.976009607 0
vt 0.500315964 0.979674101 0
vt 0.497862965 0.609418988 0
vt 0.480889499 0.587651253 0
vt 0.496557504 0.573383749 0
vt 0.496557504 0.573383749 0
vt 0.480889499 0.587651253 0
vt 0.477932364 0.5732041 0
vt 0.477932364 0.5732041 0
vt 0.477846384 0.556053877 0
vt 0.496557504 0.573383749 0
vt 0.496557504 0.573383749 0
vt 0.477846384 0.556053877 0
vt 0.501340628 0.564123869 0
vt 0.485547125 0.976009607 0
vt 0.500416338 0.966001451 0
vt 0.500315964 0.979674101 0
vt 0.482937187 0.548242927 0
vt 0.498654842 0.529039085 0
vt 0.501340628 0.564123869 0
vt 0.501340628 0.564123869 0
vt 0.477846384 0.556053877 0
vt 0.482937187 0.548242927 0
vt 0.500315964 0.979674101 0
vt 0.500416338 0.966001451 0
vt 0.516498685 0.976550937 0
vt 0.467887312 0.564164579 0
vt 0.477846384 0.556053877 0
vt 0.477932364 0.5732041 0
vt 0.500416338 0.966001451 0
vt 0.522768378 0.963677764 0
vt 0.516498685 0.976550937 0
vt 0.500416338 0.966001451 0
vt 0.491038084 0.948951304 0
vt 0.508684754 0.957322299 0
vt 0.482937187 0.548242927 0
vt 0.47300154 0.551640153 0
vt 0.48262772 0.522035956 0
vt 0.477846384 0.556053877 0
vt 0.47300154 0.551640153 0
vt 0.482937187 0.548242927 0
vt 0.477846384 0.556053877 0
vt 0.467887312 0.564164579 0
vt 0.47300154 0.551640153 0
vt 0.500416338 0.966001451 0
vt 0.508684754 0.957322299 0
vt 0.522768378 0.963677764 0
vt 0.462993473 0.551853001 0
vt 0.454238296 0.524907351 0
vt 0.47300154 0.551640153 0
vt 0.528766572 0.954589963 0
vt 0.525881171 0.940949023 0
vt 0.537583888 0.924960732 0
vt 0.522768378 0.963677764 0
vt 0.525881171 0.940949023 0
vt 0.528766572 0.954589963 0
vt 0.537862718 0.962256014 0
vt 0.522768378 0.963677764 0
vt 0.528766572 0.954589963 0
vt 0.522768378 0.963677764 0
vt 0.508684754 0.957322299 0
vt 0.525881171 0.940949023 0
vt 0.508684754 0.957322299 0
vt 0.501347661 0.940793574 0
vt 0.525881171 0.940949023 0
vt 0.491038084 0.948951304 0
vt 0.501347661 0.940793574 0
vt 0.508684754 0.957322299 0
vt 0.47300154 0.551640153 0
vt 0.454238296 0.524907351 0
vt 0.467692941 0.516384423 0
vt 0.525881171 0.940949023 0
vt 0.510228217 0.931453049 0
vt 0.526452065 0.930315375 0
vt 0.525881171 0.940949023 0
vt 0.501347661 0.940793574 0
vt 0.510228217 0.931453049 0
vt 0.760083735 0.577242017 0
vt 0.778378069 0.555104852 0
vt 0.779818118 0.564774275 0
vt 0.760083735 0.577242017 0
vt 0.749623477 0.567021608 0
vt 0.778378069 0.555104852 0
vt 0.740278006 0.587071717 0
vt 0.749623477 0.567021608 0
vt 0.760083735 0.577242017 0
vt 0.72829318 0.58898586 0
vt 0.73033154 0.574201643 0
vt 0.740278006 0.587071717 0
vt 0.72829318 0.58898586 0
vt 0.71436882 0.582865775 0
vt 0.73033154 0.574201643 0
vt 0.700459003 0.585820019 0
vt 0.71436882 0.582865775 0
vt 0.72829318 0.58898586 0
vt 0.741399765 0.641421854 0
vt 0.740278006 0.587071717 0
vt 0.760083735 0.577242017 0
vt 0.71436882 0.582865775 0
vt 0.710640848 0.572970331 0
vt 0.73033154 0.574201643 0
vt 0.713577211 0.606914043 0
vt 0.72829318 0.58898586 0
vt 0.740278006 0.587071717 0
vt 0.695987523 0.570132732 0
vt 0.710640848 0.572970331 0
vt 0.71436882 0.582865775 0
vt 0.713577211 0.606914043 0
vt 0.740278006 0.587071717 0
vt 0.741399765 0.641421854 0
vt 0.700459003 0.585820019 0
vt 0.695987523 0.570132732 0
vt 0.71436882 0.582865775 0
vt 0.713577211 0.606914043 0
vt 0.700459003 0.585820019 0
vt 0.72829318 0.58898586 0
vt 0.73033154 0.574201643 0
vt 0.749623477 0.567021608 0
vt 0.740278006 0.587071717 0
vt 0.810706556 0.601335824 0
vt 0.760083735 0.577242017 0
vt 0.786175787 0.582521021 0
vt 0.741399765 0.641421854 0
vt 0.760083735 0.577242017 0
vt 0.810706556 0.601335824 0
vt 0.724367678 0.629718065 0
vt 0.713577211 0.606914043 0
vt 0.741399765 0.641421854 0
vt 0.255778044 0.89251709 0
vt 0.248940781 0.903133273 0
vt 0.246183321 0.882937968 0
vt 0.793132961 0.634229183 0
vt 0.810706556 0.601335824 0
vt 0.803385079 0.626920879 0
vt 0.741399765 0.641421854 0
vt 0.810706556 0.601335824 0
vt 0.793132961 0.634229183 0
vt 0.255778044 0.89251709 0
vt 0.246183321 0.882937968 0
vt 0.232638568 0.861685395 0
vt 0.2661919 0.872874558 0
vt 0.255778044 0.89251709 0
vt 0.232638568 0.861685395 0
vt 0.273146242 0.861084521 0
vt 0.2661919 0.872874558 0
vt 0.25076732 0.846122444 0
vt 0.279869497 0.82008934 0
vt 0.273146242 0.861084521 0
vt 0.250748515 0.830896437 0
vt 0.232638568 0.861685395 0
vt 0.246183321 0.882937968 0
vt 0.207242057 0.845494986 0
vt 0.223271653 0.839690506 0
vt 0.232638568 0.861685395 0
vt 0.207242057 0.845494986 0
vt 0.223271653 0.839690506 0
vt 0.207242057 0.845494986 0
vt 0.199164197 0.811442316 0
vt 0.218790397 0.824088335 0
vt 0.223271653 0.839690506 0
vt 0.199164197 0.811442316 0
vt 0.229295 0.828555107 0
vt 0.223271653 0.839690506 0
vt 0.218790397 0.824088335 0
vt 0.25076732 0.846122444 0
vt 0.232638568 0.861685395 0
vt 0.223271653 0.839690506 0
vt 0.25076732 0.846122444 0
vt 0.2661919 0.872874558 0
vt 0.232638568 0.861685395 0
vt 0.25076732 0.846122444 0
vt 0.229295 0.828555107 0
vt 0.250748515 0.830896437 0
vt 0.25076732 0.846122444 0
vt 0.223271653 0.839690506 0
vt 0.229295 0.828555107 0
vt 0.220275506 0.80940932 0
vt 0.218790397 0.824088335 0
vt 0.199164197 0.811442316 0
vt 0.220275506 0.80940932 0
vt 0.229295 0.828555107 0
vt 0.218790397 0.824088335 0
vt 0.250748515 0.830896437 0
vt 0.229295 0.828555107 0
vt 0.257870466 0.808517039 0
vt 0.273146242 0.861084521 0
vt 0.25076732 0.846122444 0
vt 0.250748515 0.830896437 0
vt 0.231585234 0.804513156 0
vt 0.229295 0.828555107 0
vt 0.220275506 0.80940932 0
vt 0.257870466 0.808517039 0
vt 0.279869497 0.82008934 0
vt 0.250748515 0.830896437 0
vt 0.257870466 0.808517039 0
vt 0.229295 0.828555107 0
vt 0.249002934 0.794711769 0
vt 0.249002934 0.794711769 0
vt 0.229295 0.828555107 0
vt 0.231585234 0.804513156 0
vt 0.677486956 0.604168355 0
vt 0.684466839 0.587914944 0
vt 0.700459003 0.585820019 0
vt 0.671637118 0.596014917 0
vt 0.684466839 0.587914944 0
vt 0.677486956 0.604168355 0
vt 0.658700466 0.614544094 0
vt 0.671637118 0.596014917 0
vt 0.677486956 0.604168355 0
vt 0.697350025 0.611130774 0
vt 0.700459003 0.585820019 0
vt 0.713577211 0.606914043 0
vt 0.697350025 0.611130774 0
vt 0.677486956 0.604168355 0
vt 0.700459003 0.585820019 0
vt 0.663541317 0.634233952 0
vt 0.677486956 0.604168355 0
vt 0.697350025 0.611130774 0
vt 0.697350025 0.611130774 0
vt 0.683741629 0.642018795 0
vt 0.663541317 0.634233952 0
vt 0.658700466 0.614544094 0
vt 0.677486956 0.604168355 0
vt 0.663541317 0.634233952 0
vt 0.658700466 0.614544094 0
vt 0.640229404 0.608675122 0
vt 0.671637118 0.596014917 0
vt 0.724367678 0.629718065 0
vt 0.697350025 0.611130774 0
vt 0.713577211 0.606914043 0
vt 0.705711782 0.634558439 0
vt 0.697350025 0.611130774 0
vt 0.724367678 0.629718065 0
vt 0.643531859 0.630651891 0
vt 0.640229404 0.608675122 0
vt 0.658700466 0.614544094 0
vt 0.273099035 0.90463382 0
vt 0.248940781 0.903133273 0
vt 0.255778044 0.89251709 0
vt 0.273099035 0.90463382 0
vt 0.265060693 0.913634419 0
vt 0.248940781 0.903133273 0
vt 0.683741629 0.642018795 0
vt 0.697350025 0.611130774 0
vt 0.705711782 0.634558439 0
vt 0.273099035 0.90463382 0
vt 0.285765082 0.924230397 0
vt 0.265060693 0.913634419 0
vt 0.297118723 0.923941314 0
vt 0.295779794 0.943717301 0
vt 0.285765082 0.924230397 0
vt 0.297118723 0.923941314 0
vt 0.307443768 0.942579687 0
vt 0.295779794 0.943717301 0
vt 0.654354453 0.641170919 0
vt 0.658700466 0.614544094 0
vt 0.663541317 0.634233952 0
vt 0.643531859 0.630651891 0
vt 0.658700466 0.614544094 0
vt 0.654354453 0.641170919 0
vt 0.273099035 0.90463382 0
vt 0.297118723 0.923941314 0
vt 0.285765082 0.924230397 0
vt 0.313306838 0.942729414 0
vt 0.307443768 0.942579687 0
vt 0.297118723 0.923941314 0
vt 0.313306838 0.942729414 0
vt 0.313915402 0.956819534 0
vt 0.307443768 0.942579687 0
vt 0.29656595 0.90618813 0
vt 0.297118723 0.923941314 0
vt 0.273099035 0.90463382 0
vt 0.297118723 0.923941314 0
vt 0.317639261 0.930886745 0
vt 0.313306838 0.942729414 0
vt 0.290082693 0.883441865 0
vt 0.273099035 0.90463382 0
vt 0.255778044 0.89251709 0
vt 0.290082693 0.883441865 0
vt 0.255778044 0.89251709 0
vt 0.2661919 0.872874558 0
vt 0.29656595 0.90618813 0
vt 0.273099035 0.90463382 0
vt 0.290082693 0.883441865 0
vt 0.322578043 0.917677999 0
vt 0.317639261 0.930886745 0
vt 0.297118723 0.923941314 0
vt 0.309222758 0.899464369 0
vt 0.29656595 0.90618813 0
vt 0.290082693 0.883441865 0
vt 0.309222758 0.899464369 0
vt 0.297118723 0.923941314 0
vt 0.29656595 0.90618813 0
vt 0.322578043 0.917677999 0
vt 0.297118723 0.923941314 0
vt 0.309222758 0.899464369 0
vt 0.273146242 0.861084521 0
vt 0.290082693 0.883441865 0
vt 0.2661919 0.872874558 0
vt 0.309222758 0.899464369 0
vt 0.290082693 0.883441865 0
vt 0.273146242 0.861084521 0
vt 0.347975135 0.926644921 0
vt 0.322578043 0.917677999 0
vt 0.309222758 0.899464369 0
vt 0.309222758 0.899464369 0
vt 0.273146242 0.861084521 0
vt 0.335546225 0.888260782 0
vt 0.350355268 0.905194938 0
vt 0.347975135 0.926644921 0
vt 0.309222758 0.899464369 0
vt 0.335546225 0.888260782 0
vt 0.350355268 0.905194938 0
vt 0.309222758 0.899464369 0
vt 0.335546225 0.888260782 0
vt 0.273146242 0.861084521 0
vt 0.314670444 0.857548535 0
vt 0.326319784 0.865611911 0
vt 0.335546225 0.888260782 0
vt 0.314670444 0.857548535 0
vt 0.337534517 0.868812382 0
vt 0.350355268 0.905194938 0
vt 0.335546225 0.888260782 0
vt 0.640229404 0.608675122 0
vt 0.636058331 0.621437371 0
vt 0.628364503 0.615211785 0
vt 0.643531859 0.630651891 0
vt 0.636058331 0.621437371 0
vt 0.640229404 0.608675122 0
vt 0.313915402 0.956819534 0
vt 0.329716921 0.955002487 0
vt 0.321619093 0.967520297 0
vt 0.313915402 0.956819534 0
vt 0.313306838 0.942729414 0
vt 0.329716921 0.955002487 0
vt 0.321619093 0.967520297 0
vt 0.329716921 0.955002487 0
vt 0.331511915 0.973029196 0
vt 0.313306838 0.942729414 0
vt 0.342211515 0.945991755 0
vt 0.329716921 0.955002487 0
vt 0.313306838 0.942729414 0
vt 0.317639261 0.930886745 0
vt 0.342211515 0.945991755 0
vt 0.628364503 0.615211785 0
vt 0.618183911 0.610089302 0
vt 0.640229404 0.608675122 0
vt 0.344478607 0.973489583 0
vt 0.331511915 0.973029196 0
vt 0.329716921 0.955002487 0
vt 0.640229404 0.608675122 0
vt 0.618183911 0.610089302 0
vt 0.613498807 0.597653151 0
vt 0.342211515 0.945991755 0
vt 0.344478607 0.973489583 0
vt 0.329716921 0.955002487 0
vt 0.618183911 0.610089302 0
vt 0.60999763 0.606499493 0
vt 0.613498807 0.597653151 0
vt 0.342211515 0.945991755 0
vt 0.354576081 0.951994359 0
vt 0.344478607 0.973489583 0
vt 0.344478607 0.973489583 0
vt 0.354576081 0.951994359 0
vt 0.355248541 0.971017659 0
vt 0.317639261 0.930886745 0
vt 0.322578043 0.917677999 0
vt 0.347975135 0.926644921 0
vt 0.342211515 0.945991755 0
vt 0.317639261 0.930886745 0
vt 0.347975135 0.926644921 0
vt 0.60352397 0.622244537 0
vt 0.603519917 0.58496207 0
vt 0.60999763 0.606499493 0
vt 0.342211515 0.945991755 0
vt 0.354196548 0.943141878 0
vt 0.354576081 0.951994359 0
vt 0.347975135 0.926644921 0
vt 0.354196548 0.943141878 0
vt 0.342211515 0.945991755 0
vt 0.603519917 0.58496207 0
vt 0.60352397 0.622244537 0
vt 0.57484901 0.610909641 0
vt 0.598004103 0.63200587 0
vt 0.57983005 0.6322577 0
vt 0.603931785 0.629390836 0
vt 0.389196664 0.958163083 0
vt 0.380073607 0.95600003 0
vt 0.363086194 0.943296134 0
vt 0.558321893 0.628001809 0
vt 0.60352397 0.622244537 0
vt 0.603931785 0.629390836 0
vt 0.57983005 0.6322577 0
vt 0.558321893 0.628001809 0
vt 0.603931785 0.629390836 0
vt 0.541688204 0.622121155 0
vt 0.57484901 0.610909641 0
vt 0.60352397 0.622244537 0
vt 0.541688204 0.622121155 0
vt 0.60352397 0.622244537 0
vt 0.558321893 0.628001809 0
vt 0.572568417 0.635669887 0
vt 0.558321893 0.628001809 0
vt 0.57983005 0.6322577 0
vt 0.563533783 0.635951936 0
vt 0.558321893 0.628001809 0
vt 0.572568417 0.635669887 0
vt 0.347975135 0.926644921 0
vt 0.360154629 0.923863947 0
vt 0.354196548 0.943141878 0
vt 0.363086194 0.943296134 0
vt 0.354196548 0.943141878 0
vt 0.360154629 0.923863947 0
vt 0.379962951 0.942856371 0
vt 0.389196664 0.958163083 0
vt 0.363086194 0.943296134 0
vt 0.379962951 0.942856371 0
vt 0.363086194 0.943296134 0
vt 0.360154629 0.923863947 0
vt 0.400196463 0.955421686 0
vt 0.389196664 0.958163083 0
vt 0.379962951 0.942856371 0
vt 0.400196463 0.955421686 0
vt 0.398607433 0.962494791 0
vt 0.389196664 0.958163083 0
vt 0.401095212 0.972913563 0
vt 0.398607433 0.962494791 0
vt 0.417218447 0.98516953 0
vt 0.398607433 0.962494791 0
vt 0.41891259 0.97205472 0
vt 0.417218447 0.98516953 0
vt 0.541688204 0.622121155 0
vt 0.563470542 0.59276849 0
vt 0.57484901 0.610909641 0
vt 0.350355268 0.905194938 0
vt 0.360154629 0.923863947 0
vt 0.347975135 0.926644921 0
vt 0.41891259 0.97205472 0
vt 0.398607433 0.962494791 0
vt 0.400196463 0.955421686 0
vt 0.387255937 0.906464398 0
vt 0.360154629 0.923863947 0
vt 0.350355268 0.905194938 0
vt 0.541688204 0.622121155 0
vt 0.527165949 0.608666301 0
vt 0.563470542 0.59276849 0
vt 0.525239408 0.620668709 0
vt 0.527165949 0.608666301 0
vt 0.541688204 0.622121155 0
vt 0.517412364 0.615724146 0
vt 0.527165949 0.608666301 0
vt 0.525239408 0.620668709 0
vt 0.41891259 0.97205472 0
vt 0.435199201 0.991018176 0
vt 0.417218447 0.98516953 0
vt 0.41891259 0.97205472 0
vt 0.442456186 0.984197736 0
vt 0.435199201 0.991018176 0
vt 0.442456186 0.984197736 0
vt 0.41891259 0.97205472 0
vt 0.423529923 0.955043256 0
vt 0.517412364 0.615724146 0
vt 0.497862965 0.609418988 0
vt 0.527165949 0.608666301 0
vt 0.525239408 0.620668709 0
vt 0.507438481 0.62000972 0
vt 0.517412364 0.615724146 0
vt 0.435199201 0.991018176 0
vt 0.442456186 0.984197736 0
vt 0.454867274 0.986039996 0
vt 0.249002934 0.794711769 0
vt 0.256546348 0.797887802 0
vt 0.257870466 0.808517039 0
vt 0.256546348 0.797887802 0
vt 0.279869497 0.82008934 0
vt 0.257870466 0.808517039 0
vt 0.273146242 0.861084521 0
vt 0.279869497 0.82008934 0
vt 0.314670444 0.857548535 0
vt 0.279869497 0.82008934 0
vt 0.312366605 0.847711444 0
vt 0.314670444 0.857548535 0
vt 0.261143923 0.788487017 0
vt 0.249002934 0.794711769 0
vt 0.244509295 0.783623397 0
vt 0.261143923 0.788487017 0
vt 0.256546348 0.797887802 0
vt 0.249002934 0.794711769 0
vt 0.261143923 0.788487017 0
vt 0.26741901 0.790614903 0
vt 0.256546348 0.797887802 0
vt 0.300274014 0.804575086 0
vt 0.256546348 0.797887802 0
vt 0.26741901 0.790614903 0
vt 0.279869497 0.82008934 0
vt 0.256546348 0.797887802 0
vt 0.300274014 0.804575086 0
vt 0.279869497 0.82008934 0
vt 0.333732396 0.859954894 0
vt 0.312366605 0.847711444 0
vt 0.614375532 0.358385533 0
vt 0.613155961 0.361867428 0
vt 0.609777987 0.351946503 0
vt 0.27403897 0.790253282 0
vt 0.300274014 0.804575086 0
vt 0.26741901 0.790614903 0
vt 0.566799641 0.354172796 0
vt 0.601717591 0.351889521 0
vt 0.613155961 0.361867428 0
vt 0.349748343 0.83874166 0
vt 0.279869497 0.82008934 0
vt 0.300274014 0.804575086 0
vt 0.524131775 0.375888616 0
vt 0.499729246 0.361680359 0
vt 0.566799641 0.354172796 0
vt 0.249002934 0.794711769 0
vt 0.231585234 0.804513156 0
vt 0.226940155 0.783816695 0
vt 0.614375532 0.358385533 0
vt 0.634261668 0.360979825 0
vt 0.636749148 0.368761182 0
vt 0.613155961 0.361867428 0
vt 0.614375532 0.358385533 0
vt 0.636749148 0.368761182 0
vt 0.638030112 0.383103281 0
vt 0.595151007 0.381827146 0
vt 0.636749148 0.368761182 0
vt 0.595151007 0.381827146 0
vt 0.613155961 0.361867428 0
vt 0.636749148 0.368761182 0
vt 0.273945361 0.423707783 0
vt 0.314534694 0.449376434 0
vt 0.300354958 0.450212538 0
vt 0.579771042 0.398345083 0
vt 0.595151007 0.381827146 0
vt 0.638030112 0.383103281 0
vt 0.241514385 0.417567641 0
vt 0.273945361 0.423707783 0
vt 0.300354958 0.450212538 0
vt 0.579771042 0.398345083 0
vt 0.483664334 0.408745766 0
vt 0.595151007 0.381827146 0
vt 0.483664334 0.408745766 0
vt 0.524131775 0.375888616 0
vt 0.595151007 0.381827146 0
vt 0.241514385 0.417567641 0
vt 0.19979775 0.376661807 0
vt 0.273945361 0.423707783 0
vt 0.473620385 0.421031505 0
vt 0.483664334 0.408745766 0
vt 0.579771042 0.398345083 0
vt 0.613155961 0.361867428 0
vt 0.595151007 0.381827146 0
vt 0.566799641 0.354172796 0
vt 0.524131775 0.375888616 0
vt 0.566799641 0.354172796 0
vt 0.595151007 0.381827146 0
vt 0.274102241 0.474619538 0
vt 0.300354958 0.450212538 0
vt 0.340128422 0.473618716 0
vt 0.274102241 0.474619538 0
vt 0.241514385 0.417567641 0
vt 0.300354958 0.450212538 0
vt 0.217252627 0.44825089 0
vt 0.241514385 0.417567641 0
vt 0.274102241 0.474619538 0
vt 0.217252627 0.44825089 0
vt 0.274102241 0.474619538 0
vt 0.241989344 0.477221489 0
vt 0.241989344 0.477221489 0
vt 0.274102241 0.474619538 0
vt 0.282848567 0.497744709 0
vt 0.225317568 0.474579304 0
vt 0.205072507 0.452406704 0
vt 0.241989344 0.477221489 0
vt 0.225317568 0.474579304 0
vt 0.241989344 0.477221489 0
vt 0.26284194 0.502127469 0
vt 0.225317568 0.474579304 0
vt 0.26284194 0.502127469 0
vt 0.241313949 0.498531908 0
vt 0.335546225 0.888260782 0
vt 0.326319784 0.865611911 0
vt 0.337534517 0.868812382 0
vt 0.37074843 0.884450376 0
vt 0.350355268 0.905194938 0
vt 0.337534517 0.868812382 0
vt 0.312366605 0.847711444 0
vt 0.333732396 0.859954894 0
vt 0.314670444 0.857548535 0
vt 0.333732396 0.859954894 0
vt 0.326319784 0.865611911 0
vt 0.314670444 0.857548535 0
vt 0.337534517 0.868812382 0
vt 0.326319784 0.865611911 0
vt 0.333732396 0.859954894 0
vt 0.349748343 0.83874166 0
vt 0.337534517 0.868812382 0
vt 0.333732396 0.859954894 0
vt 0.387255937 0.906464398 0
vt 0.350355268 0.905194938 0
vt 0.37074843 0.884450376 0
vt 0.349748343 0.83874166 0
vt 0.333732396 0.859954894 0
vt 0.279869497 0.82008934 0
vt 0.483664334 0.408745766 0
vt 0.441174656 0.382099181 0
vt 0.524131775 0.375888616 0
vt 0.380966812 0.864689171 0
vt 0.337534517 0.868812382 0
vt 0.349748343 0.83874166 0
vt 0.380966812 0.864689171 0
vt 0.37074843 0.884450376 0
vt 0.337534517 0.868812382 0
vt 0.441174656 0.382099181 0
vt 0.499729246 0.361680359 0
vt 0.524131775 0.375888616 0
vt 0.441174656 0.382099181 0
vt 0.453837991 0.366352767 0
vt 0.499729246 0.361680359 0
vt 0.441174656 0.382099181 0
vt 0.422084123 0.367282063 0
vt 0.453837991 0.366352767 0
vt 0.449806452 0.420179963 0
vt 0.483664334 0.408745766 0
vt 0.473620385 0.421031505 0
vt 0.452409953 0.437538922 0
vt 0.449806452 0.420179963 0
vt 0.473620385 0.421031505 0
vt 0.176634684 0.376442581 0
vt 0.19979775 0.376661807 0
vt 0.241514385 0.417567641 0
vt 0.175680771 0.402964562 0
vt 0.241514385 0.417567641 0
vt 0.217252627 0.44825089 0
vt 0.185002014 0.424651384 0
vt 0.175680771 0.402964562 0
vt 0.217252627 0.44825089 0
vt 0.205072507 0.452406704 0
vt 0.193988293 0.43903476 0
vt 0.217252627 0.44825089 0
vt 0.193988293 0.43903476 0
vt 0.185002014 0.424651384 0
vt 0.217252627 0.44825089 0
vt 0.205072507 0.452406704 0
vt 0.217252627 0.44825089 0
vt 0.241989344 0.477221489 0
vt 0.185608685 0.44520849 0
vt 0.193988293 0.43903476 0
vt 0.205072507 0.452406704 0
vt 0.193988293 0.43903476 0
vt 0.185608685 0.44520849 0
vt 0.185002014 0.424651384 0
vt 0.160784319 0.455031574 0
vt 0.130911469 0.386322886 0
vt 0.185002014 0.424651384 0
vt 0.185608685 0.44520849 0
vt 0.205072507 0.452406704 0
vt 0.225317568 0.474579304 0
vt 0.160784319 0.455031574 0
vt 0.185002014 0.424651384 0
vt 0.185608685 0.44520849 0
vt 0.185608685 0.44520849 0
vt 0.225317568 0.474579304 0
vt 0.241313949 0.498531908 0
vt 0.173262835 0.472937018 0
vt 0.185608685 0.44520849 0
vt 0.241313949 0.498531908 0
vt 0.173262835 0.472937018 0
vt 0.160784319 0.455031574 0
vt 0.185608685 0.44520849 0
vt 0.400196463 0.955421686 0
vt 0.423529923 0.955043256 0
vt 0.41891259 0.97205472 0
vt 0.387255937 0.906464398 0
vt 0.379962951 0.942856371 0
vt 0.360154629 0.923863947 0
vt 0.423529923 0.955043256 0
vt 0.400196463 0.955421686 0
vt 0.430115163 0.901462257 0
vt 0.400196463 0.955421686 0
vt 0.379962951 0.942856371 0
vt 0.387255937 0.906464398 0
vt 0.430115163 0.901462257 0
vt 0.400196463 0.955421686 0
vt 0.387255937 0.906464398 0
vt 0.41100803 0.418650776 0
vt 0.388548076 0.411911428 0
vt 0.424697667 0.412361473 0
vt 0.483664334 0.408745766 0
vt 0.424697667 0.412361473 0
vt 0.441174656 0.382099181 0
vt 0.403603315 0.881766617 0
vt 0.387255937 0.906464398 0
vt 0.37074843 0.884450376 0
vt 0.388548076 0.411911428 0
vt 0.407258183 0.369552612 0
vt 0.424697667 0.412361473 0
vt 0.430115163 0.901462257 0
vt 0.457226515 0.916366577 0
vt 0.423529923 0.955043256 0
vt 0.380966812 0.864689171 0
vt 0.403603315 0.881766617 0
vt 0.37074843 0.884450376 0
vt 0.424697667 0.412361473 0
vt 0.407258183 0.369552612 0
vt 0.441174656 0.382099181 0
vt 0.360474527 0.417113274 0
vt 0.350112945 0.37415418 0
vt 0.388548076 0.411911428 0
vt 0.371936232 0.44143787 0
vt 0.388548076 0.411911428 0
vt 0.41100803 0.418650776 0
vt 0.371936232 0.44143787 0
vt 0.360474527 0.417113274 0
vt 0.388548076 0.411911428 0
vt 0.407258183 0.369552612 0
vt 0.422084123 0.367282063 0
vt 0.441174656 0.382099181 0
vt 0.385027915 0.371496767 0
vt 0.407258183 0.369552612 0
vt 0.388548076 0.411911428 0
vt 0.341550767 0.4332093 0
vt 0.360474527 0.417113274 0
vt 0.371936232 0.44143787 0
vt 0.387255937 0.906464398 0
vt 0.403603315 0.881766617 0
vt 0.430115163 0.901462257 0
vt 0.414861441 0.889013827 0
vt 0.430115163 0.901462257 0
vt 0.403603315 0.881766617 0
vt 0.388548076 0.411911428 0
vt 0.350112945 0.37415418 0
vt 0.385027915 0.371496767 0
vt 0.475081384 0.918305397 0
vt 0.467386484 0.944812477 0
vt 0.457226515 0.916366577 0
vt 0.326637775 0.366366029 0
vt 0.33375892 0.361722767 0
vt 0.360474527 0.417113274 0
vt 0.360474527 0.417113274 0
vt 0.33375892 0.361722767 0
vt 0.350112945 0.37415418 0
vt 0.487107366 0.913528681 0
vt 0.47902447 0.933776557 0
vt 0.475081384 0.918305397 0
vt 0.326637775 0.366366029 0
vt 0.324533224 0.350174546 0
vt 0.33375892 0.361722767 0
vt 0.47902447 0.933776557 0
vt 0.487107366 0.913528681 0
vt 0.494022787 0.924542606 0
vt 0.304931641 0.333021373 0
vt 0.324533224 0.350174546 0
vt 0.326637775 0.366366029 0
vt 0.424697667 0.412361473 0
vt 0.483664334 0.408745766 0
vt 0.449806452 0.420179963 0
vt 0.42890045 0.458400428 0
vt 0.449806452 0.420179963 0
vt 0.452409953 0.437538922 0
vt 0.41100803 0.418650776 0
vt 0.424697667 0.412361473 0
vt 0.449806452 0.420179963 0
vt 0.42890045 0.458400428 0
vt 0.41100803 0.418650776 0
vt 0.449806452 0.420179963 0
vt 0.175680771 0.402964562 0
vt 0.176634684 0.376442581 0
vt 0.241514385 0.417567641 0
vt 0.149412408 0.381327838 0
vt 0.176634684 0.376442581 0
vt 0.175680771 0.402964562 0
vt 0.149412408 0.381327838 0
vt 0.175680771 0.402964562 0
vt 0.130911469 0.386322886 0
vt 0.41100803 0.418650776 0
vt 0.42890045 0.458400428 0
vt 0.398208648 0.471743315 0
vt 0.371936232 0.44143787 0
vt 0.41100803 0.418650776 0
vt 0.398208648 0.471743315 0
vt 0.185002014 0.424651384 0
vt 0.130911469 0.386322886 0
vt 0.175680771 0.402964562 0
vt 0.412567139 0.473743141 0
vt 0.398208648 0.471743315 0
vt 0.42890045 0.458400428 0
vt 0.380807072 0.46267727 0
vt 0.371936232 0.44143787 0
vt 0.398208648 0.471743315 0
vt 0.0854379013 0.37278074 0
vt 0.102183834 0.376448691 0
vt 0.118272081 0.38273567 0
vt 0.362764925 0.455913901 0
vt 0.371936232 0.44143787 0
vt 0.380807072 0.46267727 0
vt 0.362764925 0.455913901 0
vt 0.352312416 0.447670132 0
vt 0.371936232 0.44143787 0
vt 0.0956845805 0.397807837 0
vt 0.130911469 0.386322886 0
vt 0.160784319 0.455031574 0
vt 0.118272081 0.38273567 0
vt 0.130911469 0.386322886 0
vt 0.0956845805 0.397807837 0
vt 0.0854379013 0.37278074 0
vt 0.118272081 0.38273567 0
vt 0.0956845805 0.397807837 0
vt 0.0578528568 0.399084449 0
vt 0.0679182932 0.380542845 0
vt 0.0956845805 0.397807837 0
vt 0.0679182932 0.380542845 0
vt 0.0854379013 0.37278074 0
vt 0.0956845805 0.397807837 0
vt 0.103405163 0.421482116 0
vt 0.0956845805 0.397807837 0
vt 0.160784319 0.455031574 0
vt 0.0578528568 0.399084449 0
vt 0.0956845805 0.397807837 0
vt 0.103405163 0.421482116 0
vt 0.423529923 0.955043256 0
vt 0.44798857 0.964198589 0
vt 0.442456186 0.984197736 0
vt 0.454867274 0.986039996 0
vt 0.442456186 0.984197736 0
vt 0.459732115 0.961924613 0
vt 0.459732115 0.961924613 0
vt 0.442456186 0.984197736 0
vt 0.44798857 0.964198589 0
vt 0.47062403 0.98827678 0
vt 0.454867274 0.986039996 0
vt 0.459732115 0.961924613 0
vt 0.507438481 0.62000972 0
vt 0.497862965 0.609418988 0
vt 0.517412364 0.615724146 0
vt 0.467386484 0.944812477 0
vt 0.44798857 0.964198589 0
vt 0.423529923 0.955043256 0
vt 0.467386484 0.944812477 0
vt 0.459732115 0.961924613 0
vt 0.44798857 0.964198589 0
vt 0.47062403 0.98827678 0
vt 0.459732115 0.961924613 0
vt 0.485547125 0.976009607 0
vt 0.457226515 0.916366577 0
vt 0.467386484 0.944812477 0
vt 0.423529923 0.955043256 0
vt 0.459732115 0.961924613 0
vt 0.500416338 0.966001451 0
vt 0.485547125 0.976009607 0
vt 0.459732115 0.961924613 0
vt 0.467386484 0.944812477 0
vt 0.500416338 0.966001451 0
vt 0.329534024 0.424882263 0
vt 0.321680814 0.41395551 0
vt 0.360474527 0.417113274 0
vt 0.341550767 0.4332093 0
vt 0.329534024 0.424882263 0
vt 0.360474527 0.417113274 0
vt 0.491038084 0.948951304 0
vt 0.467386484 0.944812477 0
vt 0.47902447 0.933776557 0
vt 0.467386484 0.944812477 0
vt 0.491038084 0.948951304 0
vt 0.500416338 0.966001451 0
vt 0.321680814 0.41395551 0
vt 0.330838144 0.388971239 0
vt 0.360474527 0.417113274 0
vt 0.0576772802 0.365010917 0
vt 0.0679182932 0.380542845 0
vt 0.0456496961 0.370451212 0
vt 0.47902447 0.933776557 0
vt 0.467386484 0.944812477 0
vt 0.475081384 0.918305397 0
vt 0.330838144 0.388971239 0
vt 0.326637775 0.366366029 0
vt 0.360474527 0.417113274 0
vt 0.0381570458 0.386133343 0
vt 0.0456496961 0.370451212 0
vt 0.0679182932 0.380542845 0
vt 0.491038084 0.948951304 0
vt 0.47902447 0.933776557 0
vt 0.501347661 0.940793574 0
vt 0.0456496961 0.370451212 0
vt 0.0381570458 0.386133343 0
vt 0.0338106528 0.373418212 0
vt 0.330838144 0.388971239 0
vt 0.310979873 0.388020903 0
vt 0.326637775 0.366366029 0
vt 0.501347661 0.940793574 0
vt 0.47902447 0.933776557 0
vt 0.494022787 0.924542606 0
vt 0.0679182932 0.380542845 0
vt 0.0376071855 0.405803114 0
vt 0.0381570458 0.386133343 0
vt 0.321680814 0.41395551 0
vt 0.310979873 0.388020903 0
vt 0.330838144 0.388971239 0
vt 0.501347661 0.940793574 0
vt 0.494022787 0.924542606 0
vt 0.499444515 0.918486834 0
vt 0.00735061616 0.0370731354 0
vt 0.0222362448 0.0654945001 0
vt 0.0138769476 0.0549970903 0
vt 0.352312416 0.447670132 0
vt 0.341550767 0.4332093 0
vt 0.371936232 0.44143787 0
vt 0.0854379013 0.37278074 0
vt 0.0679182932 0.380542845 0
vt 0.0736401752 0.369107813 0
vt 0.0736401752 0.369107813 0
vt 0.0679182932 0.380542845 0
vt 0.0576772802 0.365010917 0
vt 0.0679182932 0.380542845 0
vt 0.0578528568 0.399084449 0
vt 0.0376071855 0.405803114 0
vt 0.957746208 0.799286246 0
vt 0.971958399 0.807500362 0
vt 0.965920687 0.835552216 0
vt 0.965920687 0.835552216 0
vt 0.933023214 0.800388694 0
vt 0.957746208 0.799286246 0
vt 0.971958399 0.807500362 0
vt 0.957746208 0.799286246 0
vt 0.974498808 0.781557024 0
vt 0.957746208 0.799286246 0
vt 0.947151661 0.779566526 0
vt 0.974498808 0.781557024 0
vt 0.933023214 0.800388694 0
vt 0.947151661 0.779566526 0
vt 0.957746208 0.799286246 0
vt 0.933023214 0.800388694 0
vt 0.927918196 0.775938988 0
vt 0.947151661 0.779566526 0
vt 0.918281496 0.785297751 0
vt 0.927918196 0.775938988 0
vt 0.933023214 0.800388694 0
vt 0.969027221 0.772046208 0
vt 0.974498808 0.781557024 0
vt 0.947151661 0.779566526 0
vt 0.935883582 0.767080367 0
vt 0.969027221 0.772046208 0
vt 0.947151661 0.779566526 0
vt 0.947151661 0.779566526 0
vt 0.927918196 0.775938988 0
vt 0.935883582 0.767080367 0
vt 0.935883582 0.767080367 0
vt 0.977886498 0.760096669 0
vt 0.969027221 0.772046208 0
vt 0.774420798 0.138745815 0
vt 0.776653945 0.147903219 0
vt 0.765233636 0.143308818 0
vt 0.785071313 0.146309063 0
vt 0.776653945 0.147903219 0
vt 0.774420798 0.138745815 0
vt 0.99090606 0.796801209 0
vt 0.98217243 0.806898057 0
vt 0.971958399 0.807500362 0
vt 0.797492445 0.161183625 0
vt 0.797851861 0.152939171 0
vt 0.80467248 0.156494692 0
vt 0.814839244 0.177285597 0
vt 0.797492445 0.161183625 0
vt 0.80467248 0.156494692 0
vt 0.813694596 0.196203679 0
vt 0.7912637 0.210230514 0
vt 0.814839244 0.177285597 0
vt 0.7912637 0.210230514 0
vt 0.78396225 0.209448457 0
vt 0.814839244 0.177285597 0
vt 0.779886663 0.126657203 0
vt 0.785071313 0.146309063 0
vt 0.774420798 0.138745815 0
vt 0.789555788 0.127003357 0
vt 0.785071313 0.146309063 0
vt 0.779886663 0.126657203 0
vt 0.797851861 0.152939171 0
vt 0.785071313 0.146309063 0
vt 0.789555788 0.127003357 0
vt 0.810024321 0.149908915 0
vt 0.80467248 0.156494692 0
vt 0.797851861 0.152939171 0
vt 0.814839244 0.177285597 0
vt 0.80467248 0.156494692 0
vt 0.818843365 0.156265825 0
vt 0.810024321 0.149908915 0
vt 0.797851861 0.152939171 0
vt 0.804554284 0.11399553 0
vt 0.971958399 0.807500362 0
vt 0.974498808 0.781557024 0
vt 0.99090606 0.796801209 0
vt 0.818843365 0.156265825 0
vt 0.80467248 0.156494692 0
vt 0.810024321 0.149908915 0
vt 0.814839244 0.177285597 0
vt 0.844693184 0.148075461 0
vt 0.842667222 0.160770163 0
vt 0.814839244 0.177285597 0
vt 0.818843365 0.156265825 0
vt 0.844693184 0.148075461 0
vt 0.804554284 0.11399553 0
vt 0.797851861 0.152939171 0
vt 0.789555788 0.127003357 0
vt 0.987126052 0.779880166 0
vt 0.99090606 0.796801209 0
vt 0.974498808 0.781557024 0
vt 0.819100022 0.137925163 0
vt 0.818843365 0.156265825 0
vt 0.810024321 0.149908915 0
vt 0.7813797 0.117533185 0
vt 0.789555788 0.127003357 0
vt 0.779886663 0.126657203 0
vt 0.980098724 0.770354331 0
vt 0.987126052 0.779880166 0
vt 0.974498808 0.781557024 0
vt 0.844693184 0.148075461 0
vt 0.818843365 0.156265825 0
vt 0.819100022 0.137925163 0
vt 0.838594794 0.140376613 0
vt 0.843585134 0.145279676 0
vt 0.844693184 0.148075461 0
vt 0.819100022 0.137925163 0
vt 0.838594794 0.140376613 0
vt 0.844693184 0.148075461 0
vt 0.980098724 0.770354331 0
vt 0.974498808 0.781557024 0
vt 0.969027221 0.772046208 0
vt 0.826334834 0.114578567 0
vt 0.819100022 0.137925163 0
vt 0.804554284 0.11399553 0
vt 0.819100022 0.137925163 0
vt 0.810024321 0.149908915 0
vt 0.804554284 0.11399553 0
vt 0.838594794 0.140376613 0
vt 0.845350981 0.114628881 0
vt 0.843585134 0.145279676 0
vt 0.977886498 0.760096669 0
vt 0.980098724 0.770354331 0
vt 0.969027221 0.772046208 0
vt 0.7813797 0.117533185 0
vt 0.787534475 0.112423919 0
vt 0.789555788 0.127003357 0
vt 0.804554284 0.11399553 0
vt 0.789555788 0.127003357 0
vt 0.787534475 0.112423919 0
vt 0.974822998 0.74180609 0
vt 0.977886498 0.760096669 0
vt 0.935883582 0.767080367 0
vt 0.852077186 0.142974347 0
vt 0.843585134 0.145279676 0
vt 0.845350981 0.114628881 0
vt 0.819100022 0.137925163 0
vt 0.845350981 0.114628881 0
vt 0.838594794 0.140376613 0
vt 0.826334834 0.114578567 0
vt 0.845350981 0.114628881 0
vt 0.819100022 0.137925163 0
vt 0.787534475 0.112423919 0
vt 0.801447749 0.106869772 0
vt 0.804554284 0.11399553 0
vt 0.801447749 0.106869772 0
vt 0.813956499 0.100691572 0
vt 0.804554284 0.11399553 0
vt 0.813956499 0.100691572 0
vt 0.826334834 0.114578567 0
vt 0.804554284 0.11399553 0
vt 0.974822998 0.74180609 0
vt 0.91433835 0.728346705 0
vt 0.968209863 0.725703776 0
vt 0.842276335 0.0728331879 0
vt 0.826334834 0.114578567 0
vt 0.813956499 0.100691572 0
vt 0.842276335 0.0728331879 0
vt 0.845350981 0.114628881 0
vt 0.826334834 0.114578567 0
vt 0.832293808 0.0806421414 0
vt 0.842276335 0.0728331879 0
vt 0.813956499 0.100691572 0
vt 0.91433835 0.728346705 0
vt 0.913040459 0.714605808 0
vt 0.968209863 0.725703776 0
vt 0.913040459 0.714605808 0
vt 0.949351311 0.711852789 0
vt 0.968209863 0.725703776 0
vt 0.824221134 0.0855963975 0
vt 0.832293808 0.0806421414 0
vt 0.813956499 0.100691572 0
vt 0.852077186 0.142974347 0
vt 0.845350981 0.114628881 0
vt 0.857852519 0.0890288949 0
vt 0.842276335 0.0728331879 0
vt 0.857852519 0.0890288949 0
vt 0.845350981 0.114628881 0
vt 0.894257307 0.835311294 0
vt 0.912718356 0.827605247 0
vt 0.903263867 0.841502905 0
vt 0.856625199 0.825901926 0
vt 0.892809093 0.804239631 0
vt 0.8942101 0.816268504 0
vt 0.912718356 0.827605247 0
vt 0.8942101 0.816268504 0
vt 0.965920687 0.835552216 0
vt 0.8942101 0.816268504 0
vt 0.933023214 0.800388694 0
vt 0.965920687 0.835552216 0
vt 0.894257307 0.835311294 0
vt 0.8942101 0.816268504 0
vt 0.912718356 0.827605247 0
vt 0.933023214 0.800388694 0
vt 0.8942101 0.816268504 0
vt 0.892809093 0.804239631 0
vt 0.892809093 0.804239631 0
vt 0.856625199 0.825901926 0
vt 0.870814025 0.792313099 0
vt 0.856625199 0.825901926 0
vt 0.806955457 0.795865357 0
vt 0.861772418 0.800925255 0
vt 0.813951671 0.822981477 0
vt 0.806955457 0.795865357 0
vt 0.856625199 0.825901926 0
vt 0.933023214 0.800388694 0
vt 0.898034275 0.790820599 0
vt 0.918281496 0.785297751 0
vt 0.892809093 0.804239631 0
vt 0.898034275 0.790820599 0
vt 0.933023214 0.800388694 0
vt 0.870814025 0.792313099 0
vt 0.856625199 0.825901926 0
vt 0.861772418 0.800925255 0
vt 0.85378772 0.78627646 0
vt 0.870814025 0.792313099 0
vt 0.861772418 0.800925255 0
vt 0.88503325 0.778202593 0
vt 0.892809093 0.804239631 0
vt 0.870814025 0.792313099 0
vt 0.898034275 0.790820599 0
vt 0.892809093 0.804239631 0
vt 0.88503325 0.778202593 0
vt 0.861772418 0.800925255 0
vt 0.834562302 0.78904438 0
vt 0.85378772 0.78627646 0
vt 0.806955457 0.795865357 0
vt 0.834562302 0.78904438 0
vt 0.861772418 0.800925255 0
vt 0.898034275 0.790820599 0
vt 0.897584677 0.770483136 0
vt 0.918281496 0.785297751 0
vt 0.897584677 0.770483136 0
vt 0.898034275 0.790820599 0
vt 0.88503325 0.778202593 0
vt 0.870814025 0.792313099 0
vt 0.862532496 0.776042938 0
vt 0.88503325 0.778202593 0
vt 0.834562302 0.78904438 0
vt 0.832120419 0.773766935 0
vt 0.85378772 0.78627646 0
vt 0.927918196 0.775938988 0
vt 0.918281496 0.785297751 0
vt 0.897584677 0.770483136 0
vt 0.85378772 0.78627646 0
vt 0.862532496 0.776042938 0
vt 0.870814025 0.792313099 0
vt 0.832120419 0.773766935 0
vt 0.862532496 0.776042938 0
vt 0.85378772 0.78627646 0
vt 0.935883582 0.767080367 0
vt 0.927918196 0.775938988 0
vt 0.897584677 0.770483136 0
vt 0.88503325 0.778202593 0
vt 0.862532496 0.776042938 0
vt 0.865198791 0.769274235 0
vt 0.832120419 0.773766935 0
vt 0.832326055 0.762955844 0
vt 0.862532496 0.776042938 0
vt 0.935883582 0.767080367 0
vt 0.897584677 0.770483136 0
vt 0.974822998 0.74180609 0
vt 0.886137664 0.758433044 0
vt 0.897584677 0.770483136 0
vt 0.88503325 0.778202593 0
vt 0.862532496 0.776042938 0
vt 0.832326055 0.762955844 0
vt 0.865198791 0.769274235 0
vt 0.897584677 0.770483136 0
vt 0.91433835 0.728346705 0
vt 0.974822998 0.74180609 0
vt 0.889195204 0.750016809 0
vt 0.897584677 0.770483136 0
vt 0.886137664 0.758433044 0
vt 0.91433835 0.728346705 0
vt 0.897584677 0.770483136 0
vt 0.889195204 0.750016809 0
vt 0.865198791 0.769274235 0
vt 0.886137664 0.758433044 0
vt 0.88503325 0.778202593 0
vt 0.865198791 0.769274235 0
vt 0.832326055 0.762955844 0
vt 0.835992455 0.737923801 0
vt 0.865198791 0.769274235 0
vt 0.835992455 0.737923801 0
vt 0.886137664 0.758433044 0
vt 0.835992455 0.737923801 0
vt 0.889195204 0.750016809 0
vt 0.886137664 0.758433044 0
vt 0.913040459 0.714605808 0
vt 0.909833848 0.691715181 0
vt 0.949351311 0.711852789 0
vt 0.909833848 0.691715181 0
vt 0.943635523 0.701332211 0
vt 0.949351311 0.711852789 0
vt 0.89220655 0.720878005 0
vt 0.91433835 0.728346705 0
vt 0.889195204 0.750016809 0
vt 0.913040459 0.714605808 0
vt 0.91433835 0.728346705 0
vt 0.89220655 0.720878005 0
vt 0.779156625 0.80936271 0
vt 0.806955457 0.795865357 0
vt 0.813951671 0.822981477 0
vt 0.726441503 0.797510505 0
vt 0.779156625 0.80936271 0
vt 0.736738563 0.804299891 0
vt 0.726441503 0.797510505 0
vt 0.806955457 0.795865357 0
vt 0.779156625 0.80936271 0
vt 0.806955457 0.795865357 0
vt 0.807548463 0.778082311 0
vt 0.834562302 0.78904438 0
vt 0.752952337 0.764807582 0
vt 0.807548463 0.778082311 0
vt 0.806955457 0.795865357 0
vt 0.807548463 0.778082311 0
vt 0.832120419 0.773766935 0
vt 0.834562302 0.78904438 0
vt 0.752952337 0.764807582 0
vt 0.803302586 0.769701719 0
vt 0.807548463 0.778082311 0
vt 0.807548463 0.778082311 0
vt 0.813744485 0.76605463 0
vt 0.832120419 0.773766935 0
vt 0.803302586 0.769701719 0
vt 0.813744485 0.76605463 0
vt 0.807548463 0.778082311 0
vt 0.752952337 0.764807582 0
vt 0.813744485 0.76605463 0
vt 0.803302586 0.769701719 0
vt 0.832120419 0.773766935 0
vt 0.813744485 0.76605463 0
vt 0.832326055 0.762955844 0
vt 0.752952337 0.764807582 0
vt 0.818118632 0.733105659 0
vt 0.813744485 0.76605463 0
vt 0.818118632 0.733105659 0
vt 0.835992455 0.737923801 0
vt 0.832326055 0.762955844 0
vt 0.813744485 0.76605463 0
vt 0.818118632 0.733105659 0
vt 0.832326055 0.762955844 0
vt 0.690264583 0.824642777 0
vt 0.683388233 0.80225426 0
vt 0.741544485 0.821275234 0
vt 0.741544485 0.821275234 0
vt 0.736738563 0.804299891 0
vt 0.779156625 0.80936271 0
vt 0.741544485 0.821275234 0
vt 0.683388233 0.80225426 0
vt 0.736738563 0.804299891 0
vt 0.683388233 0.80225426 0
vt 0.726441503 0.797510505 0
vt 0.736738563 0.804299891 0
vt 0.683388233 0.80225426 0
vt 0.676299214 0.78586781 0
vt 0.726441503 0.797510505 0
vt 0.676299214 0.78586781 0
vt 0.712743878 0.778461874 0
vt 0.726441503 0.797510505 0
vt 0.676299214 0.78586781 0
vt 0.7344684 0.763321996 0
vt 0.712743878 0.778461874 0
vt 0.726441503 0.797510505 0
vt 0.729249656 0.785120964 0
vt 0.806955457 0.795865357 0
vt 0.726441503 0.797510505 0
vt 0.712743878 0.778461874 0
vt 0.729249656 0.785120964 0
vt 0.729249656 0.785120964 0
vt 0.752952337 0.764807582 0
vt 0.806955457 0.795865357 0
vt 0.7344684 0.763321996 0
vt 0.752952337 0.764807582 0
vt 0.729249656 0.785120964 0
vt 0.729249656 0.785120964 0
vt 0.712743878 0.778461874 0
vt 0.7344684 0.763321996 0
vt 0.676299214 0.78586781 0
vt 0.709264934 0.748080313 0
vt 0.7344684 0.763321996 0
vt 0.676299214 0.78586781 0
vt 0.671100616 0.762861252 0
vt 0.709264934 0.748080313 0
vt 0.671100616 0.762861252 0
vt 0.679650903 0.751072705 0
vt 0.709264934 0.748080313 0
vt 0.7344684 0.763321996 0
vt 0.709264934 0.748080313 0
vt 0.752952337 0.764807582 0
vt 0.752952337 0.764807582 0
vt 0.756343305 0.722289443 0
vt 0.818118632 0.733105659 0
vt 0.709264934 0.748080313 0
vt 0.705833733 0.728588283 0
vt 0.752952337 0.764807582 0
vt 0.699973881 0.714993477 0
vt 0.671851933 0.711917639 0
vt 0.697526693 0.703143716 0
vt 0.705833733 0.728588283 0
vt 0.756343305 0.722289443 0
vt 0.752952337 0.764807582 0
vt 0.697526693 0.703143716 0
vt 0.686855316 0.691277325 0
vt 0.695537925 0.695542514 0
vt 0.709264934 0.748080313 0
vt 0.68667227 0.720185876 0
vt 0.705833733 0.728588283 0
vt 0.671851933 0.711917639 0
vt 0.686855316 0.691277325 0
vt 0.697526693 0.703143716 0
vt 0.857852519 0.0890288949 0
vt 0.884464025 0.126367271 0
vt 0.852077186 0.142974347 0
vt 0.89220655 0.720878005 0
vt 0.889195204 0.750016809 0
vt 0.861359179 0.700558186 0
vt 0.835992455 0.737923801 0
vt 0.861359179 0.700558186 0
vt 0.889195204 0.750016809 0
vt 0.845884502 0.699482024 0
vt 0.861359179 0.700558186 0
vt 0.835992455 0.737923801 0
vt 0.497913033 0.219263464 0
vt 0.492548883 0.208885834 0
vt 0.505359828 0.207722679 0
vt 0.842276335 0.0728331879 0
vt 0.850520432 0.0687800646 0
vt 0.852278292 0.0804254636 0
vt 0.909833848 0.691715181 0
vt 0.919503748 0.679579377 0
vt 0.943635523 0.701332211 0
vt 0.919503748 0.679579377 0
vt 0.934115171 0.688133359 0
vt 0.943635523 0.701332211 0
vt 0.934115171 0.688133359 0
vt 0.919503748 0.679579377 0
vt 0.93172586 0.678255498 0
vt 0.842276335 0.0728331879 0
vt 0.852278292 0.0804254636 0
vt 0.857852519 0.0890288949 0
vt 0.856713891 0.0747633129 0
vt 0.852278292 0.0804254636 0
vt 0.850520432 0.0687800646 0
vt 0.909833848 0.691715181 0
vt 0.914987028 0.671737671 0
vt 0.919503748 0.679579377 0
vt 0.914987028 0.671737671 0
vt 0.917111933 0.664090931 0
vt 0.919503748 0.679579377 0
vt 0.861359179 0.700558186 0
vt 0.913040459 0.714605808 0
vt 0.89220655 0.720878005 0
vt 0.909833848 0.691715181 0
vt 0.913040459 0.714605808 0
vt 0.874104619 0.698120177 0
vt 0.885638237 0.67740953 0
vt 0.914987028 0.671737671 0
vt 0.909833848 0.691715181 0
vt 0.541764438 0.183162883 0
vt 0.543907642 0.174479708 0
vt 0.57029444 0.160983801 0
vt 0.861359179 0.700558186 0
vt 0.874104619 0.698120177 0
vt 0.913040459 0.714605808 0
vt 0.885638237 0.67740953 0
vt 0.909833848 0.691715181 0
vt 0.874104619 0.698120177 0
vt 0.852278292 0.0804254636 0
vt 0.861794114 0.0808056667 0
vt 0.857852519 0.0890288949 0
vt 0.852278292 0.0804254636 0
vt 0.856713891 0.0747633129 0
vt 0.861794114 0.0808056667 0
vt 0.919503748 0.679579377 0
vt 0.917111933 0.664090931 0
vt 0.93172586 0.678255498 0
vt 0.5699687 0.150295675 0
vt 0.56694603 0.138281018 0
vt 0.580810905 0.14285402 0
vt 0.554641306 0.141125098 0
vt 0.5699687 0.150295675 0
vt 0.57029444 0.160983801 0
vt 0.57029444 0.160983801 0
vt 0.543907642 0.174479708 0
vt 0.554641306 0.141125098 0
vt 0.876591802 0.0837481469 0
vt 0.884464025 0.126367271 0
vt 0.857852519 0.0890288949 0
vt 0.861794114 0.0808056667 0
vt 0.876591802 0.0837481469 0
vt 0.857852519 0.0890288949 0
vt 0.861794114 0.0808056667 0
vt 0.869690776 0.0788031742 0
vt 0.876591802 0.0837481469 0
vt 0.856713891 0.0747633129 0
vt 0.864085913 0.0732142478 0
vt 0.861794114 0.0808056667 0
vt 0.93172586 0.678255498 0
vt 0.935206354 0.660003245 0
vt 0.940870762 0.673534989 0
vt 0.856713891 0.0747633129 0
vt 0.865964293 0.0668279156 0
vt 0.864085913 0.0732142478 0
vt 0.927331448 0.663522184 0
vt 0.93172586 0.678255498 0
vt 0.917111933 0.664090931 0
vt 0.93172586 0.678255498 0
vt 0.927331448 0.663522184 0
vt 0.935206354 0.660003245 0
vt 0.56694603 0.138281018 0
vt 0.587316036 0.134296879 0
vt 0.580810905 0.14285402 0
vt 0.56694603 0.138281018 0
vt 0.565547884 0.119446412 0
vt 0.587316036 0.134296879 0
vt 0.554641306 0.141125098 0
vt 0.56694603 0.138281018 0
vt 0.5699687 0.150295675 0
vt 0.874104619 0.698120177 0
vt 0.861359179 0.700558186 0
vt 0.864486694 0.683645248 0
vt 0.541764438 0.183162883 0
vt 0.530999362 0.212722912 0
vt 0.515048325 0.202945665 0
vt 0.543907642 0.174479708 0
vt 0.537703156 0.144937709 0
vt 0.554641306 0.141125098 0
vt 0.845884502 0.699482024 0
vt 0.848380685 0.684307158 0
vt 0.861359179 0.700558186 0
vt 0.864085913 0.0732142478 0
vt 0.869690776 0.0788031742 0
vt 0.861794114 0.0808056667 0
vt 0.597365558 0.134488523 0
vt 0.586641252 0.109776773 0
vt 0.603803217 0.124187648 0
vt 0.565547884 0.119446412 0
vt 0.586641252 0.109776773 0
vt 0.597365558 0.134488523 0
vt 0.587316036 0.134296879 0
vt 0.565547884 0.119446412 0
vt 0.597365558 0.134488523 0
vt 0.554641306 0.141125098 0
vt 0.565547884 0.119446412 0
vt 0.56694603 0.138281018 0
vt 0.537703156 0.144937709 0
vt 0.525946438 0.128606662 0
vt 0.554641306 0.141125098 0
vt 0.856480539 0.681889117 0
vt 0.864486694 0.683645248 0
vt 0.861359179 0.700558186 0
vt 0.499326169 0.154689744 0
vt 0.543907642 0.174479708 0
vt 0.541764438 0.183162883 0
vt 0.525946438 0.128606662 0
vt 0.543907642 0.174479708 0
vt 0.499326169 0.154689744 0
vt 0.525946438 0.128606662 0
vt 0.537703156 0.144937709 0
vt 0.543907642 0.174479708 0
vt 0.848380685 0.684307158 0
vt 0.856480539 0.681889117 0
vt 0.861359179 0.700558186 0
vt 0.525946438 0.128606662 0
vt 0.565547884 0.119446412 0
vt 0.554641306 0.141125098 0
vt 0.4963229 0.180371791 0
vt 0.541764438 0.183162883 0
vt 0.515048325 0.202945665 0
vt 0.4963229 0.180371791 0
vt 0.499326169 0.154689744 0
vt 0.541764438 0.183162883 0
vt 0.515048325 0.202945665 0
vt 0.505359828 0.207722679 0
vt 0.492676616 0.191529244 0
vt 0.492548883 0.208885834 0
vt 0.492676616 0.191529244 0
vt 0.505359828 0.207722679 0
vt 0.4963229 0.180371791 0
vt 0.515048325 0.202945665 0
vt 0.492676616 0.191529244 0
vt 0.492548883 0.208885834 0
vt 0.476526469 0.221374527 0
vt 0.492676616 0.191529244 0
vt 0.50098002 0.0924060047 0
vt 0.525946438 0.128606662 0
vt 0.499326169 0.154689744 0
vt 0.527132154 0.100108728 0
vt 0.525946438 0.128606662 0
vt 0.50098002 0.0924060047 0
vt 0.492676616 0.191529244 0
vt 0.487121165 0.181811854 0
vt 0.4963229 0.180371791 0
vt 0.489414275 0.158744022 0
vt 0.4963229 0.180371791 0
vt 0.487121165 0.181811854 0
vt 0.499326169 0.154689744 0
vt 0.4963229 0.180371791 0
vt 0.489414275 0.158744022 0
vt 0.492676616 0.191529244 0
vt 0.47437641 0.178025335 0
vt 0.487121165 0.181811854 0
vt 0.47437641 0.178025335 0
vt 0.489414275 0.158744022 0
vt 0.487121165 0.181811854 0
vt 0.476526469 0.221374527 0
vt 0.47437641 0.178025335 0
vt 0.492676616 0.191529244 0
vt 0.491294563 0.135312736 0
vt 0.499326169 0.154689744 0
vt 0.489414275 0.158744022 0
vt 0.491294563 0.135312736 0
vt 0.50098002 0.0924060047 0
vt 0.499326169 0.154689744 0
vt 0.47437641 0.178025335 0
vt 0.491294563 0.135312736 0
vt 0.489414275 0.158744022 0
vt 0.828242719 0.708997905 0
vt 0.845884502 0.699482024 0
vt 0.835992455 0.737923801 0
vt 0.828795254 0.701891601 0
vt 0.848380685 0.684307158 0
vt 0.845884502 0.699482024 0
vt 0.828242719 0.708997905 0
vt 0.828795254 0.701891601 0
vt 0.845884502 0.699482024 0
vt 0.828242719 0.708997905 0
vt 0.835992455 0.737923801 0
vt 0.818118632 0.733105659 0
vt 0.828242719 0.708997905 0
vt 0.8166098 0.702048659 0
vt 0.828795254 0.701891601 0
vt 0.817766726 0.688709497 0
vt 0.828795254 0.701891601 0
vt 0.8166098 0.702048659 0
vt 0.818118632 0.733105659 0
vt 0.756343305 0.722289443 0
vt 0.805659413 0.716956019 0
vt 0.733460784 0.691522419 0
vt 0.817766726 0.688709497 0
vt 0.8166098 0.702048659 0
vt 0.805659413 0.716956019 0
vt 0.828242719 0.708997905 0
vt 0.818118632 0.733105659 0
vt 0.805659413 0.716956019 0
vt 0.8166098 0.702048659 0
vt 0.828242719 0.708997905 0
vt 0.769636631 0.702994764 0
vt 0.8166098 0.702048659 0
vt 0.805659413 0.716956019 0
vt 0.756343305 0.722289443 0
vt 0.769636631 0.702994764 0
vt 0.805659413 0.716956019 0
vt 0.74557656 0.712382495 0
vt 0.769636631 0.702994764 0
vt 0.756343305 0.722289443 0
vt 0.733460784 0.691522419 0
vt 0.808014274 0.688358128 0
vt 0.817766726 0.688709497 0
vt 0.828795254 0.701891601 0
vt 0.817766726 0.688709497 0
vt 0.848380685 0.684307158 0
vt 0.808014274 0.688358128 0
vt 0.77217567 0.673366845 0
vt 0.79954797 0.671841443 0
vt 0.848380685 0.684307158 0
vt 0.817766726 0.688709497 0
vt 0.835289121 0.680218875 0
vt 0.482797474 0.230472729 0
vt 0.456620216 0.254198939 0
vt 0.476526469 0.221374527 0
vt 0.808014274 0.688358128 0
vt 0.835289121 0.680218875 0
vt 0.817766726 0.688709497 0
vt 0.438158572 0.239904419 0
vt 0.476526469 0.221374527 0
vt 0.456620216 0.254198939 0
vt 0.482797474 0.230472729 0
vt 0.476526469 0.221374527 0
vt 0.497913033 0.219263464 0
vt 0.492548883 0.208885834 0
vt 0.497913033 0.219263464 0
vt 0.476526469 0.221374527 0
vt 0.438158572 0.239904419 0
vt 0.41470769 0.225049123 0
vt 0.476526469 0.221374527 0
vt 0.405970573 0.249554113 0
vt 0.41470769 0.225049123 0
vt 0.438158572 0.239904419 0
vt 0.41470769 0.225049123 0
vt 0.372396976 0.201376811 0
vt 0.419353217 0.198478997 0
vt 0.476526469 0.221374527 0
vt 0.435000032 0.188232705 0
vt 0.47437641 0.178025335 0
vt 0.435000032 0.188232705 0
vt 0.476526469 0.221374527 0
vt 0.41470769 0.225049123 0
vt 0.461780488 0.133986577 0
vt 0.47437641 0.178025335 0
vt 0.435000032 0.188232705 0
vt 0.47437641 0.178025335 0
vt 0.461780488 0.133986577 0
vt 0.491294563 0.135312736 0
vt 0.419353217 0.198478997 0
vt 0.435000032 0.188232705 0
vt 0.41470769 0.225049123 0
vt 0.419353217 0.198478997 0
vt 0.41865021 0.179986641 0
vt 0.435000032 0.188232705 0
vt 0.372396976 0.201376811 0
vt 0.41865021 0.179986641 0
vt 0.419353217 0.198478997 0
vt 0.372396976 0.201376811 0
vt 0.342425287 0.156448171 0
vt 0.41865021 0.179986641 0
vt 0.380229384 0.149849862 0
vt 0.435000032 0.188232705 0
vt 0.41865021 0.179986641 0
vt 0.342425287 0.156448171 0
vt 0.380229384 0.149849862 0
vt 0.41865021 0.179986641 0
vt 0.417717904 0.12656121 0
vt 0.442131042 0.105668411 0
vt 0.461780488 0.133986577 0
vt 0.402085781 0.120927766 0
vt 0.442131042 0.105668411 0
vt 0.417717904 0.12656121 0
vt 0.435000032 0.188232705 0
vt 0.417717904 0.12656121 0
vt 0.461780488 0.133986577 0
vt 0.68667227 0.720185876 0
vt 0.702485502 0.725353301 0
vt 0.705833733 0.728588283 0
vt 0.706658185 0.703913331 0
vt 0.699973881 0.714993477 0
vt 0.697526693 0.703143716 0
vt 0.702485502 0.725353301 0
vt 0.734714925 0.700074553 0
vt 0.74557656 0.712382495 0
vt 0.702485502 0.725353301 0
vt 0.699973881 0.714993477 0
vt 0.734714925 0.700074553 0
vt 0.705833733 0.728588283 0
vt 0.702485502 0.725353301 0
vt 0.74557656 0.712382495 0
vt 0.705833733 0.728588283 0
vt 0.74557656 0.712382495 0
vt 0.756343305 0.722289443 0
vt 0.706658185 0.703913331 0
vt 0.734714925 0.700074553 0
vt 0.699973881 0.714993477 0
vt 0.702230275 0.684783101 0
vt 0.706658185 0.703913331 0
vt 0.697526693 0.703143716 0
vt 0.68667227 0.720185876 0
vt 0.699973881 0.714993477 0
vt 0.702485502 0.725353301 0
vt 0.769636631 0.702994764 0
vt 0.734714925 0.700074553 0
vt 0.8166098 0.702048659 0
vt 0.74557656 0.712382495 0
vt 0.734714925 0.700074553 0
vt 0.769636631 0.702994764 0
vt 0.706658185 0.703913331 0
vt 0.733460784 0.691522419 0
vt 0.8166098 0.702048659 0
vt 0.706658185 0.703913331 0
vt 0.8166098 0.702048659 0
vt 0.734714925 0.700074553 0
vt 0.706658185 0.703913331 0
vt 0.713875592 0.684356868 0
vt 0.733460784 0.691522419 0
vt 0.733460784 0.691522419 0
vt 0.741577983 0.676100791 0
vt 0.808014274 0.688358128 0
vt 0.713875592 0.684356868 0
vt 0.733370364 0.679558098 0
vt 0.733460784 0.691522419 0
vt 0.741577983 0.676100791 0
vt 0.77217567 0.673366845 0
vt 0.808014274 0.688358128 0
vt 0.733370364 0.679558098 0
vt 0.741577983 0.676100791 0
vt 0.733460784 0.691522419 0
vt 0.353648782 0.258461922 0
vt 0.358491004 0.243445992 0
vt 0.365921736 0.255428523 0
vt 0.713875592 0.684356868 0
vt 0.724337876 0.664361656 0
vt 0.733370364 0.679558098 0
vt 0.705439389 0.666011274 0
vt 0.718636215 0.663784027 0
vt 0.702230275 0.684783101 0
vt 0.365921736 0.255428523 0
vt 0.41470769 0.225049123 0
vt 0.405970573 0.249554113 0
vt 0.365921736 0.255428523 0
vt 0.358491004 0.243445992 0
vt 0.41470769 0.225049123 0
vt 0.353648782 0.258461922 0
vt 0.34094879 0.237518892 0
vt 0.358491004 0.243445992 0
vt 0.713875592 0.684356868 0
vt 0.718636215 0.663784027 0
vt 0.724337876 0.664361656 0
vt 0.705439389 0.666011274 0
vt 0.712770462 0.660624385 0
vt 0.718636215 0.663784027 0
vt 0.323090285 0.23315762 0
vt 0.31191811 0.239984542 0
vt 0.293353885 0.236726776 0
vt 0.358491004 0.243445992 0
vt 0.367958993 0.22565259 0
vt 0.41470769 0.225049123 0
vt 0.34094879 0.237518892 0
vt 0.341975033 0.227629453 0
vt 0.358491004 0.243445992 0
vt 0.332674026 0.23729752 0
vt 0.341975033 0.227629453 0
vt 0.34094879 0.237518892 0
vt 0.332674026 0.23729752 0
vt 0.323090285 0.23315762 0
vt 0.341975033 0.227629453 0
vt 0.323090285 0.23315762 0
vt 0.297529161 0.21832867 0
vt 0.341975033 0.227629453 0
vt 0.341975033 0.227629453 0
vt 0.367958993 0.22565259 0
vt 0.358491004 0.243445992 0
vt 0.297529161 0.21832867 0
vt 0.325273812 0.202560574 0
vt 0.341975033 0.227629453 0
vt 0.341975033 0.227629453 0
vt 0.325273812 0.202560574 0
vt 0.367958993 0.22565259 0
vt 0.367958993 0.22565259 0
vt 0.325273812 0.202560574 0
vt 0.372396976 0.201376811 0
vt 0.695537925 0.695542514 0
vt 0.702230275 0.684783101 0
vt 0.697526693 0.703143716 0
vt 0.695537925 0.695542514 0
vt 0.686855316 0.691277325 0
vt 0.692885935 0.692413807 0
vt 0.686855316 0.691277325 0
vt 0.666681945 0.692863345 0
vt 0.702230275 0.684783101 0
vt 0.695537925 0.695542514 0
vt 0.692885935 0.692413807 0
vt 0.702230275 0.684783101 0
vt 0.686855316 0.691277325 0
vt 0.702230275 0.684783101 0
vt 0.692885935 0.692413807 0
vt 0.666681945 0.692863345 0
vt 0.705439389 0.666011274 0
vt 0.702230275 0.684783101 0
vt 0.706658185 0.703913331 0
vt 0.702230275 0.684783101 0
vt 0.713875592 0.684356868 0
vt 0.713875592 0.684356868 0
vt 0.702230275 0.684783101 0
vt 0.718636215 0.663784027 0
vt 0.325273812 0.202560574 0
vt 0.342425287 0.156448171 0
vt 0.372396976 0.201376811 0
vt 0.309024096 0.117101766 0
vt 0.303902119 0.0943289772 0
vt 0.359970868 0.11813724 0
vt 0.311123788 0.133562222 0
vt 0.309024096 0.117101766 0
vt 0.359970868 0.11813724 0
vt 0.359970868 0.11813724 0
vt 0.386178613 0.0951250792 0
vt 0.402085781 0.120927766 0
vt 0.417717904 0.12656121 0
vt 0.354212463 0.131355092 0
vt 0.402085781 0.120927766 0
vt 0.380229384 0.149849862 0
vt 0.417717904 0.12656121 0
vt 0.435000032 0.188232705 0
vt 0.402085781 0.120927766 0
vt 0.354212463 0.131355092 0
vt 0.359970868 0.11813724 0
vt 0.380229384 0.149849862 0
vt 0.354212463 0.131355092 0
vt 0.417717904 0.12656121 0
vt 0.342425287 0.156448171 0
vt 0.354212463 0.131355092 0
vt 0.380229384 0.149849862 0
vt 0.311123788 0.133562222 0
vt 0.354212463 0.131355092 0
vt 0.342425287 0.156448171 0
vt 0.354212463 0.131355092 0
vt 0.311123788 0.133562222 0
vt 0.359970868 0.11813724 0
vt 0.91217494 0.221742928 0
vt 0.908961594 0.229472771 0
vt 0.903650999 0.226962432 0
vt 0.511191726 0.677876115 0
vt 0.509184301 0.690166891 0
vt 0.502647281 0.697132051 0
vt 0.832929373 0.219160423 0
vt 0.865999579 0.198996782 0
vt 0.879978538 0.214251354 0
vt 0.832929373 0.219160423 0
vt 0.859988928 0.189355984 0
vt 0.865999579 0.198996782 0
vt 0.91217494 0.221742928 0
vt 0.903650999 0.226962432 0
vt 0.91102463 0.214153677 0
vt 0.91102463 0.214153677 0
vt 0.903650999 0.226962432 0
vt 0.898686349 0.215693057 0
vt 0.485656738 0.684397757 0
vt 0.511191726 0.677876115 0
vt 0.502647281 0.697132051 0
vt 0.898686349 0.215693057 0
vt 0.879978538 0.214251354 0
vt 0.893842697 0.198434055 0
vt 0.813694596 0.196203679 0
vt 0.814839244 0.177285597 0
vt 0.830100656 0.203954116 0
vt 0.893842697 0.198434055 0
vt 0.904127896 0.205997378 0
vt 0.898686349 0.215693057 0
vt 0.904127896 0.205997378 0
vt 0.91102463 0.214153677 0
vt 0.898686349 0.215693057 0
vt 0.493713111 0.714610696 0
vt 0.481629729 0.704950094 0
vt 0.4980672 0.703983068 0
vt 0.859988928 0.189355984 0
vt 0.830100656 0.203954116 0
vt 0.842667222 0.160770163 0
vt 0.878331423 0.185246527 0
vt 0.893842697 0.198434055 0
vt 0.879978538 0.214251354 0
vt 0.842667222 0.160770163 0
vt 0.830100656 0.203954116 0
vt 0.814839244 0.177285597 0
vt 0.879978538 0.214251354 0
vt 0.865999579 0.198996782 0
vt 0.878331423 0.185246527 0
vt 0.859988928 0.189355984 0
vt 0.842667222 0.160770163 0
vt 0.861234426 0.159211159 0
vt 0.481629729 0.704950094 0
vt 0.502647281 0.697132051 0
vt 0.4980672 0.703983068 0
vt 0.878331423 0.185246527 0
vt 0.859988928 0.189355984 0
vt 0.861234426 0.159211159 0
vt 0.865999579 0.198996782 0
vt 0.859988928 0.189355984 0
vt 0.878331423 0.185246527 0
vt 0.861234426 0.159211159 0
vt 0.842667222 0.160770163 0
vt 0.844693184 0.148075461 0
vt 0.480336219 0.691725314 0
vt 0.502647281 0.697132051 0
vt 0.481629729 0.704950094 0
vt 0.483463317 0.71765542 0
vt 0.481629729 0.704950094 0
vt 0.493713111 0.714610696 0
vt 0.904359877 0.195897892 0
vt 0.904127896 0.205997378 0
vt 0.893842697 0.198434055 0
vt 0.878331423 0.185246527 0
vt 0.900887251 0.187724918 0
vt 0.893842697 0.198434055 0
vt 0.878331423 0.185246527 0
vt 0.896112919 0.180698767 0
vt 0.900887251 0.187724918 0
vt 0.869534016 0.154590756 0
vt 0.861234426 0.159211159 0
vt 0.844693184 0.148075461 0
vt 0.869534016 0.154590756 0
vt 0.878331423 0.185246527 0
vt 0.861234426 0.159211159 0
vt 0.483463317 0.71765542 0
vt 0.476388991 0.723161697 0
vt 0.481629729 0.704950094 0
vt 0.900887251 0.187724918 0
vt 0.904359877 0.195897892 0
vt 0.893842697 0.198434055 0
vt 0.896112919 0.180698767 0
vt 0.878331423 0.185246527 0
vt 0.897968292 0.172324464 0
vt 0.884555638 0.149519533 0
vt 0.878331423 0.185246527 0
vt 0.869534016 0.154590756 0
vt 0.461909413 0.706617832 0
vt 0.481629729 0.704950094 0
vt 0.476388991 0.723161697 0
vt 0.459700614 0.730028749 0
vt 0.476388991 0.723161697 0
vt 0.468968689 0.728473961 0
vt 0.884555638 0.149519533 0
vt 0.897968292 0.172324464 0
vt 0.878331423 0.185246527 0
vt 0.461909413 0.706617832 0
vt 0.462093115 0.699939549 0
vt 0.481629729 0.704950094 0
vt 0.437342107 0.71970135 0
vt 0.461909413 0.706617832 0
vt 0.476388991 0.723161697 0
vt 0.905368745 0.154762447 0
vt 0.897968292 0.172324464 0
vt 0.884555638 0.149519533 0
vt 0.437342107 0.71970135 0
vt 0.459700614 0.730028749 0
vt 0.439121515 0.736331284 0
vt 0.459700614 0.730028749 0
vt 0.437342107 0.71970135 0
vt 0.476388991 0.723161697 0
vt 0.852077186 0.142974347 0
vt 0.844693184 0.148075461 0
vt 0.843585134 0.145279676 0
vt 0.443440646 0.709006548 0
vt 0.461909413 0.706617832 0
vt 0.437342107 0.71970135 0
vt 0.443440646 0.709006548 0
vt 0.462093115 0.699939549 0
vt 0.461909413 0.706617832 0
vt 0.852077186 0.142974347 0
vt 0.869534016 0.154590756 0
vt 0.844693184 0.148075461 0
vt 0.884464025 0.126367271 0
vt 0.869534016 0.154590756 0
vt 0.852077186 0.142974347 0
vt 0.443440646 0.709006548 0
vt 0.43423453 0.69573468 0
vt 0.462093115 0.699939549 0
vt 0.41967696 0.731833279 0
vt 0.437342107 0.71970135 0
vt 0.439121515 0.736331284 0
vt 0.420606375 0.696044266 0
vt 0.443440646 0.709006548 0
vt 0.437342107 0.71970135 0
vt 0.420606375 0.696044266 0
vt 0.43423453 0.69573468 0
vt 0.443440646 0.709006548 0
vt 0.884464025 0.126367271 0
vt 0.884555638 0.149519533 0
vt 0.869534016 0.154590756 0
vt 0.919140756 0.144720808 0
vt 0.905368745 0.154762447 0
vt 0.884555638 0.149519533 0
vt 0.904416323 0.138804004 0
vt 0.919140756 0.144720808 0
vt 0.884555638 0.149519533 0
vt 0.884464025 0.126367271 0
vt 0.904416323 0.138804004 0
vt 0.884555638 0.149519533 0
vt 0.926570117 0.136144161 0
vt 0.919140756 0.144720808 0
vt 0.904416323 0.138804004 0
vt 0.917846441 0.130880147 0
vt 0.904416323 0.138804004 0
vt 0.912936091 0.120876178 0
vt 0.917846441 0.130880147 0
vt 0.926570117 0.136144161 0
vt 0.904416323 0.138804004 0
vt 0.485656738 0.684397757 0
vt 0.497859597 0.668740392 0
vt 0.511191726 0.677876115 0
vt 0.454730958 0.659539878 0
vt 0.458143562 0.647402585 0
vt 0.48928237 0.670912385 0
vt 0.48416847 0.686842561 0
vt 0.48928237 0.670912385 0
vt 0.485656738 0.684397757 0
vt 0.454730958 0.659539878 0
vt 0.48928237 0.670912385 0
vt 0.48416847 0.686842561 0
vt 0.480336219 0.691725314 0
vt 0.485656738 0.684397757 0
vt 0.502647281 0.697132051 0
vt 0.443216056 0.664886296 0
vt 0.454730958 0.659539878 0
vt 0.48416847 0.686842561 0
vt 0.480336219 0.691725314 0
vt 0.48416847 0.686842561 0
vt 0.485656738 0.684397757 0
vt 0.462093115 0.699939549 0
vt 0.48416847 0.686842561 0
vt 0.480336219 0.691725314 0
vt 0.462093115 0.699939549 0
vt 0.480336219 0.691725314 0
vt 0.481629729 0.704950094 0
vt 0.43423453 0.69573468 0
vt 0.48416847 0.686842561 0
vt 0.462093115 0.699939549 0
vt 0.437342107 0.71970135 0
vt 0.39697665 0.699260056 0
vt 0.420606375 0.696044266 0
vt 0.41967696 0.731833279 0
vt 0.39697665 0.699260056 0
vt 0.437342107 0.71970135 0
vt 0.39697665 0.699260056 0
vt 0.394106746 0.685833216 0
vt 0.420606375 0.696044266 0
vt 0.386899024 0.694882751 0
vt 0.394106746 0.685833216 0
vt 0.39697665 0.699260056 0
vt 0.386899024 0.694882751 0
vt 0.37983498 0.685673952 0
vt 0.394106746 0.685833216 0
vt 0.405963033 0.723219812 0
vt 0.39697665 0.699260056 0
vt 0.41967696 0.731833279 0
vt 0.381129295 0.709203064 0
vt 0.39697665 0.699260056 0
vt 0.405963033 0.723219812 0
vt 0.381129295 0.709203064 0
vt 0.386899024 0.694882751 0
vt 0.39697665 0.699260056 0
vt 0.933480978 0.13945733 0
vt 0.919140756 0.144720808 0
vt 0.926570117 0.136144161 0
vt 0.373090267 0.699711919 0
vt 0.37983498 0.685673952 0
vt 0.386899024 0.694882751 0
vt 0.407959938 0.730971038 0
vt 0.381129295 0.709203064 0
vt 0.405963033 0.723219812 0
vt 0.373090267 0.699711919 0
vt 0.386899024 0.694882751 0
vt 0.381129295 0.709203064 0
vt 0.443216056 0.664886296 0
vt 0.458143562 0.647402585 0
vt 0.454730958 0.659539878 0
vt 0.447413474 0.635449052 0
vt 0.458143562 0.647402585 0
vt 0.443216056 0.664886296 0
vt 0.38127479 0.630893767 0
vt 0.404931605 0.621290743 0
vt 0.411640137 0.655069113 0
vt 0.411640137 0.655069113 0
vt 0.447413474 0.635449052 0
vt 0.443216056 0.664886296 0
vt 0.38127479 0.630893767 0
vt 0.411640137 0.655069113 0
vt 0.381366014 0.665785313 0
vt 0.381366014 0.665785313 0
vt 0.443216056 0.664886296 0
vt 0.48416847 0.686842561 0
vt 0.381366014 0.665785313 0
vt 0.411640137 0.655069113 0
vt 0.443216056 0.664886296 0
vt 0.394106746 0.685833216 0
vt 0.381366014 0.665785313 0
vt 0.48416847 0.686842561 0
vt 0.43423453 0.69573468 0
vt 0.394106746 0.685833216 0
vt 0.48416847 0.686842561 0
vt 0.394106746 0.685833216 0
vt 0.43423453 0.69573468 0
vt 0.420606375 0.696044266 0
vt 0.37983498 0.685673952 0
vt 0.381366014 0.665785313 0
vt 0.394106746 0.685833216 0
vt 0.381366014 0.665785313 0
vt 0.37983498 0.685673952 0
vt 0.357416302 0.698557198 0
vt 0.357416302 0.698557198 0
vt 0.37983498 0.685673952 0
vt 0.373090267 0.699711919 0
vt 0.373616606 0.616641045 0
vt 0.370329231 0.576900005 0
vt 0.382259339 0.583655179 0
vt 0.339803547 0.621717095 0
vt 0.337982923 0.585590661 0
vt 0.370329231 0.576900005 0
vt 0.334916145 0.579969108 0
vt 0.343102217 0.572083414 0
vt 0.337982923 0.585590661 0
vt 0.402460098 0.585648775 0
vt 0.404931605 0.621290743 0
vt 0.373616606 0.616641045 0
vt 0.339803547 0.621717095 0
vt 0.370329231 0.576900005 0
vt 0.373616606 0.616641045 0
vt 0.304598361 0.560269833 0
vt 0.343102217 0.572083414 0
vt 0.334916145 0.579969108 0
vt 0.38127479 0.630893767 0
vt 0.373616606 0.616641045 0
vt 0.404931605 0.621290743 0
vt 0.31018886 0.593307734 0
vt 0.334916145 0.579969108 0
vt 0.337982923 0.585590661 0
vt 0.314691871 0.5742625 0
vt 0.334916145 0.579969108 0
vt 0.31018886 0.593307734 0
vt 0.339803547 0.621717095 0
vt 0.373616606 0.616641045 0
vt 0.358249605 0.628131092 0
vt 0.337982923 0.585590661 0
vt 0.339803547 0.621717095 0
vt 0.323931724 0.624516904 0
vt 0.373616606 0.616641045 0
vt 0.38127479 0.630893767 0
vt 0.366892517 0.639216125 0
vt 0.366892517 0.639216125 0
vt 0.358249605 0.628131092 0
vt 0.373616606 0.616641045 0
vt 0.356218547 0.63845253 0
vt 0.358249605 0.628131092 0
vt 0.366892517 0.639216125 0
vt 0.339803547 0.621717095 0
vt 0.358249605 0.628131092 0
vt 0.356218547 0.63845253 0
vt 0.366892517 0.639216125 0
vt 0.38127479 0.630893767 0
vt 0.381366014 0.665785313 0
vt 0.356218547 0.63845253 0
vt 0.366892517 0.639216125 0
vt 0.381366014 0.665785313 0
vt 0.314016461 0.612008929 0
vt 0.31018886 0.593307734 0
vt 0.337982923 0.585590661 0
vt 0.356218547 0.63845253 0
vt 0.381366014 0.665785313 0
vt 0.339318842 0.655794084 0
vt 0.339803547 0.621717095 0
vt 0.356218547 0.63845253 0
vt 0.335720241 0.637190521 0
vt 0.323931724 0.624516904 0
vt 0.339803547 0.621717095 0
vt 0.335720241 0.637190521 0
vt 0.314016461 0.612008929 0
vt 0.337982923 0.585590661 0
vt 0.323931724 0.624516904 0
vt 0.314016461 0.612008929 0
vt 0.291701764 0.603497326 0
vt 0.31018886 0.593307734 0
vt 0.314016461 0.612008929 0
vt 0.323931724 0.624516904 0
vt 0.306095958 0.622373343 0
vt 0.291701764 0.603497326 0
vt 0.314016461 0.612008929 0
vt 0.306095958 0.622373343 0
vt 0.339318842 0.655794084 0
vt 0.315992355 0.64639771 0
vt 0.356218547 0.63845253 0
vt 0.335720241 0.637190521 0
vt 0.356218547 0.63845253 0
vt 0.315992355 0.64639771 0
vt 0.339318842 0.655794084 0
vt 0.381366014 0.665785313 0
vt 0.334463924 0.681073546 0
vt 0.323931724 0.624516904 0
vt 0.335720241 0.637190521 0
vt 0.315992355 0.64639771 0
vt 0.315992355 0.64639771 0
vt 0.306095958 0.622373343 0
vt 0.323931724 0.624516904 0
vt 0.334463924 0.681073546 0
vt 0.315992355 0.64639771 0
vt 0.339318842 0.655794084 0
vt 0.314495474 0.552617908 0
vt 0.362122327 0.565898597 0
vt 0.304598361 0.560269833 0
vt 0.241313949 0.498531908 0
vt 0.314495474 0.552617908 0
vt 0.267711341 0.532688439 0
vt 0.304598361 0.560269833 0
vt 0.267711341 0.532688439 0
vt 0.314495474 0.552617908 0
vt 0.314691871 0.5742625 0
vt 0.304598361 0.560269833 0
vt 0.334916145 0.579969108 0
vt 0.267711341 0.532688439 0
vt 0.304598361 0.560269833 0
vt 0.269834161 0.545338333 0
vt 0.269834161 0.545338333 0
vt 0.233014241 0.526008725 0
vt 0.267711341 0.532688439 0
vt 0.225271747 0.53537333 0
vt 0.269834161 0.545338333 0
vt 0.304598361 0.560269833 0
vt 0.31018886 0.593307734 0
vt 0.304598361 0.560269833 0
vt 0.314691871 0.5742625 0
vt 0.263135433 0.586353719 0
vt 0.304598361 0.560269833 0
vt 0.31018886 0.593307734 0
vt 0.263135433 0.586353719 0
vt 0.225271747 0.53537333 0
vt 0.304598361 0.560269833 0
vt 0.263135433 0.586353719 0
vt 0.31018886 0.593307734 0
vt 0.291701764 0.603497326 0
vt 0.229003221 0.559668243 0
vt 0.225271747 0.53537333 0
vt 0.263135433 0.586353719 0
vt 0.217960432 0.560716569 0
vt 0.263135433 0.586353719 0
vt 0.24618715 0.584408641 0
vt 0.306095958 0.622373343 0
vt 0.263135433 0.586353719 0
vt 0.291701764 0.603497326 0
vt 0.24618715 0.584408641 0
vt 0.263135433 0.586353719 0
vt 0.306095958 0.622373343 0
vt 0.275002927 0.632958233 0
vt 0.306095958 0.622373343 0
vt 0.315992355 0.64639771 0
vt 0.275002927 0.632958233 0
vt 0.245401382 0.62297219 0
vt 0.306095958 0.622373343 0
vt 0.24618715 0.584408641 0
vt 0.306095958 0.622373343 0
vt 0.245401382 0.62297219 0
vt 0.215414822 0.603043556 0
vt 0.24618715 0.584408641 0
vt 0.245401382 0.62297219 0
vt 0.912936091 0.120876178 0
vt 0.904416323 0.138804004 0
vt 0.884464025 0.126367271 0
vt 0.395577669 0.749561489 0
vt 0.407959938 0.730971038 0
vt 0.411517799 0.741309166 0
vt 0.383642793 0.738183022 0
vt 0.407959938 0.730971038 0
vt 0.395577669 0.749561489 0
vt 0.359211862 0.710252404 0
vt 0.381129295 0.709203064 0
vt 0.407959938 0.730971038 0
vt 0.395577669 0.749561489 0
vt 0.411517799 0.741309166 0
vt 0.407005489 0.753010452 0
vt 0.359211862 0.710252404 0
vt 0.407959938 0.730971038 0
vt 0.383642793 0.738183022 0
vt 0.604686379 0.0558322407 0
vt 0.623072028 0.0438788608 0
vt 0.66530776 0.0683204234 0
vt 0.605790913 0.0417097434 0
vt 0.623072028 0.0438788608 0
vt 0.604686379 0.0558322407 0
vt 0.604686379 0.0558322407 0
vt 0.585704744 0.0278524458 0
vt 0.605790913 0.0417097434 0
vt 0.548435926 0.0251746476 0
vt 0.585704744 0.0278524458 0
vt 0.604686379 0.0558322407 0
vt 0.607889891 0.110404596 0
vt 0.60287255 0.0984461606 0
vt 0.66530776 0.0683204234 0
vt 0.60287255 0.0984461606 0
vt 0.604686379 0.0558322407 0
vt 0.66530776 0.0683204234 0
vt 0.603803217 0.124187648 0
vt 0.60287255 0.0984461606 0
vt 0.607889891 0.110404596 0
vt 0.604686379 0.0558322407 0
vt 0.60287255 0.0984461606 0
vt 0.586641252 0.109776773 0
vt 0.533008933 0.0688973814 0
vt 0.548435926 0.0251746476 0
vt 0.604686379 0.0558322407 0
vt 0.533008933 0.0688973814 0
vt 0.604686379 0.0558322407 0
vt 0.586641252 0.109776773 0
vt 0.358990937 0.731921673 0
vt 0.345578194 0.7103585 0
vt 0.383642793 0.738183022 0
vt 0.345578194 0.7103585 0
vt 0.359211862 0.710252404 0
vt 0.383642793 0.738183022 0
vt 0.586641252 0.109776773 0
vt 0.60287255 0.0984461606 0
vt 0.603803217 0.124187648 0
vt 0.565547884 0.119446412 0
vt 0.533008933 0.0688973814 0
vt 0.586641252 0.109776773 0
vt 0.533008933 0.0688973814 0
vt 0.530013382 0.0319625586 0
vt 0.548435926 0.0251746476 0
vt 0.530013382 0.0319625586 0
vt 0.527651429 0.0159251373 0
vt 0.548435926 0.0251746476 0
vt 0.358990937 0.731921673 0
vt 0.345308602 0.722853303 0
vt 0.345578194 0.7103585 0
vt 0.565547884 0.119446412 0
vt 0.531795025 0.0975483656 0
vt 0.533008933 0.0688973814 0
vt 0.520650804 0.0548677519 0
vt 0.533008933 0.0688973814 0
vt 0.531795025 0.0975483656 0
vt 0.530013382 0.0319625586 0
vt 0.533008933 0.0688973814 0
vt 0.520650804 0.0548677519 0
vt 0.330296069 0.718863487 0
vt 0.345578194 0.7103585 0
vt 0.345308602 0.722853303 0
vt 0.527132154 0.100108728 0
vt 0.565547884 0.119446412 0
vt 0.525946438 0.128606662 0
vt 0.527132154 0.100108728 0
vt 0.531795025 0.0975483656 0
vt 0.565547884 0.119446412 0
vt 0.527132154 0.100108728 0
vt 0.514614224 0.085059233 0
vt 0.531795025 0.0975483656 0
vt 0.520650804 0.0548677519 0
vt 0.531795025 0.0975483656 0
vt 0.514614224 0.085059233 0
vt 0.520650804 0.0548677519 0
vt 0.49261567 0.0210794676 0
vt 0.530013382 0.0319625586 0
vt 0.49261567 0.0210794676 0
vt 0.527651429 0.0159251373 0
vt 0.530013382 0.0319625586 0
vt 0.49261567 0.0210794676 0
vt 0.509331763 0.0076923077 0
vt 0.527651429 0.0159251373 0
vt 0.495937169 0.0597776398 0
vt 0.520650804 0.0548677519 0
vt 0.514614224 0.085059233 0
vt 0.50098002 0.0924060047 0
vt 0.514614224 0.085059233 0
vt 0.527132154 0.100108728 0
vt 0.495937169 0.0597776398 0
vt 0.514614224 0.085059233 0
vt 0.487360895 0.0771905258 0
vt 0.487360895 0.0771905258 0
vt 0.514614224 0.085059233 0
vt 0.50098002 0.0924060047 0
vt 0.488335222 0.0888932273 0
vt 0.487360895 0.0771905258 0
vt 0.50098002 0.0924060047 0
vt 0.49261567 0.0210794676 0
vt 0.520650804 0.0548677519 0
vt 0.495937169 0.0597776398 0
vt 0.483641237 0.0653733537 0
vt 0.495937169 0.0597776398 0
vt 0.487360895 0.0771905258 0
vt 0.359211862 0.710252404 0
vt 0.373090267 0.699711919 0
vt 0.381129295 0.709203064 0
vt 0.357416302 0.698557198 0
vt 0.373090267 0.699711919 0
vt 0.359211862 0.710252404 0
vt 0.345578194 0.7103585 0
vt 0.381366014 0.665785313 0
vt 0.357416302 0.698557198 0
vt 0.345578194 0.7103585 0
vt 0.357416302 0.698557198 0
vt 0.359211862 0.710252404 0
vt 0.384442657 0.0843945295 0
vt 0.40186891 0.0680269077 0
vt 0.428458542 0.0676307976 0
vt 0.402392179 0.0631985217 0
vt 0.382407844 0.0538652651 0
vt 0.428458542 0.0676307976 0
vt 0.319223136 0.72161442 0
vt 0.330296069 0.718863487 0
vt 0.31844008 0.731751025 0
vt 0.483641237 0.0653733537 0
vt 0.49261567 0.0210794676 0
vt 0.495937169 0.0597776398 0
vt 0.489111423 0.0164317023 0
vt 0.49261567 0.0210794676 0
vt 0.483641237 0.0653733537 0
vt 0.315041423 0.727506757 0
vt 0.319223136 0.72161442 0
vt 0.31844008 0.731751025 0
vt 0.428458542 0.0676307976 0
vt 0.487360895 0.0771905258 0
vt 0.488335222 0.0888932273 0
vt 0.315041423 0.727506757 0
vt 0.295590341 0.707431793 0
vt 0.319223136 0.72161442 0
vt 0.428458542 0.0676307976 0
vt 0.483641237 0.0653733537 0
vt 0.487360895 0.0771905258 0
vt 0.283984065 0.715337574 0
vt 0.295590341 0.707431793 0
vt 0.315041423 0.727506757 0
vt 0.260846347 0.679276645 0
vt 0.295590341 0.707431793 0
vt 0.251471847 0.698982656 0
vt 0.382407844 0.0538652651 0
vt 0.384276539 0.0393238999 0
vt 0.428458542 0.0676307976 0
vt 0.444541007 0.0923662856 0
vt 0.428458542 0.0676307976 0
vt 0.488335222 0.0888932273 0
vt 0.483641237 0.0653733537 0
vt 0.44309321 0.0446681939 0
vt 0.489111423 0.0164317023 0
vt 0.428458542 0.0676307976 0
vt 0.384276539 0.0393238999 0
vt 0.483641237 0.0653733537 0
vt 0.384276539 0.0393238999 0
vt 0.44309321 0.0446681939 0
vt 0.483641237 0.0653733537 0
vt 0.44309321 0.0446681939 0
vt 0.450297415 0.0100265276 0
vt 0.489111423 0.0164317023 0
vt 0.384442657 0.0843945295 0
vt 0.428458542 0.0676307976 0
vt 0.444541007 0.0923662856 0
vt 0.251471847 0.698982656 0
vt 0.295590341 0.707431793 0
vt 0.283984065 0.715337574 0
vt 0.418633431 0.0286585931 0
vt 0.450297415 0.0100265276 0
vt 0.44309321 0.0446681939 0
vt 0.418633431 0.0286585931 0
vt 0.428541929 0.00927871279 0
vt 0.450297415 0.0100265276 0
vt 0.266222894 0.708688557 0
vt 0.251471847 0.698982656 0
vt 0.283984065 0.715337574 0
vt 0.418633431 0.0286585931 0
vt 0.407889903 0.00766046718 0
vt 0.428541929 0.00927871279 0
vt 0.384276539 0.0393238999 0
vt 0.418633431 0.0286585931 0
vt 0.44309321 0.0446681939 0
vt 0.37272048 0.0235322285 0
vt 0.418633431 0.0286585931 0
vt 0.384276539 0.0393238999 0
vt 0.37272048 0.0235322285 0
vt 0.407889903 0.00766046718 0
vt 0.418633431 0.0286585931 0
vt 0.488335222 0.0888932273 0
vt 0.50098002 0.0924060047 0
vt 0.442131042 0.105668411 0
vt 0.444541007 0.0923662856 0
vt 0.488335222 0.0888932273 0
vt 0.442131042 0.105668411 0
vt 0.384442657 0.0843945295 0
vt 0.444541007 0.0923662856 0
vt 0.42393142 0.100496218 0
vt 0.442131042 0.105668411 0
vt 0.50098002 0.0924060047 0
vt 0.491294563 0.135312736 0
vt 0.386178613 0.0951250792 0
vt 0.384442657 0.0843945295 0
vt 0.42393142 0.100496218 0
vt 0.442131042 0.105668411 0
vt 0.491294563 0.135312736 0
vt 0.461780488 0.133986577 0
vt 0.42393142 0.100496218 0
vt 0.444541007 0.0923662856 0
vt 0.442131042 0.105668411 0
vt 0.402085781 0.120927766 0
vt 0.386178613 0.0951250792 0
vt 0.442131042 0.105668411 0
vt 0.386178613 0.0951250792 0
vt 0.42393142 0.100496218 0
vt 0.442131042 0.105668411 0
vt 0.331365943 0.703439772 0
vt 0.334463924 0.681073546 0
vt 0.381366014 0.665785313 0
vt 0.260846347 0.679276645 0
vt 0.315992355 0.64639771 0
vt 0.334463924 0.681073546 0
vt 0.331365943 0.703439772 0
vt 0.381366014 0.665785313 0
vt 0.345578194 0.7103585 0
vt 0.275002927 0.632958233 0
vt 0.315992355 0.64639771 0
vt 0.260846347 0.679276645 0
vt 0.331365943 0.703439772 0
vt 0.345578194 0.7103585 0
vt 0.330296069 0.718863487 0
vt 0.334463924 0.681073546 0
vt 0.331365943 0.703439772 0
vt 0.295590341 0.707431793 0
vt 0.260846347 0.679276645 0
vt 0.334463924 0.681073546 0
vt 0.295590341 0.707431793 0
vt 0.330296069 0.718863487 0
vt 0.319223136 0.72161442 0
vt 0.331365943 0.703439772 0
vt 0.295590341 0.707431793 0
vt 0.331365943 0.703439772 0
vt 0.319223136 0.72161442 0
vt 0.40186891 0.0680269077 0
vt 0.402392179 0.0631985217 0
vt 0.428458542 0.0676307976 0
vt 0.40186891 0.0680269077 0
vt 0.391719997 0.0659448579 0
vt 0.402392179 0.0631985217 0
vt 0.391719997 0.0659448579 0
vt 0.382407844 0.0538652651 0
vt 0.402392179 0.0631985217 0
vt 0.384442657 0.0843945295 0
vt 0.391719997 0.0659448579 0
vt 0.40186891 0.0680269077 0
vt 0.382407844 0.0538652651 0
vt 0.391719997 0.0659448579 0
vt 0.384442657 0.0843945295 0
vt 0.382407844 0.0538652651 0
vt 0.384442657 0.0843945295 0
vt 0.375639677 0.0754175857 0
vt 0.251471847 0.698982656 0
vt 0.203993112 0.645927072 0
vt 0.260846347 0.679276645 0
vt 0.183255866 0.65284127 0
vt 0.203993112 0.645927072 0
vt 0.251471847 0.698982656 0
vt 0.276349217 0.0444156751 0
vt 0.350274116 0.0480692498 0
vt 0.305614501 0.0548263192 0
vt 0.276349217 0.0444156751 0
vt 0.284516662 0.0388702713 0
vt 0.350274116 0.0480692498 0
vt 0.284516662 0.0388702713 0
vt 0.384276539 0.0393238999 0
vt 0.350274116 0.0480692498 0
vt 0.363746732 0.0605935641 0
vt 0.350274116 0.0480692498 0
vt 0.382407844 0.0538652651 0
vt 0.350274116 0.0480692498 0
vt 0.384276539 0.0393238999 0
vt 0.382407844 0.0538652651 0
vt 0.19913286 0.671481848 0
vt 0.183255866 0.65284127 0
vt 0.251471847 0.698982656 0
vt 0.305614501 0.0548263192 0
vt 0.350274116 0.0480692498 0
vt 0.363746732 0.0605935641 0
vt 0.384276539 0.0393238999 0
vt 0.284516662 0.0388702713 0
vt 0.30969575 0.0288005006 0
vt 0.160931095 0.644961953 0
vt 0.183255866 0.65284127 0
vt 0.19913286 0.671481848 0
vt 0.384276539 0.0393238999 0
vt 0.30969575 0.0288005006 0
vt 0.37272048 0.0235322285 0
vt 0.375639677 0.0754175857 0
vt 0.363746732 0.0605935641 0
vt 0.382407844 0.0538652651 0
vt 0.37272048 0.0235322285 0
vt 0.337518007 0.0149318082 0
vt 0.407889903 0.00766046718 0
vt 0.318525642 0.0854805931 0
vt 0.305614501 0.0548263192 0
vt 0.363746732 0.0605935641 0
vt 0.30969575 0.0288005006 0
vt 0.337518007 0.0149318082 0
vt 0.37272048 0.0235322285 0
vt 0.284588277 0.0159446653 0
vt 0.337518007 0.0149318082 0
vt 0.30969575 0.0288005006 0
vt 0.386178613 0.0951250792 0
vt 0.351407886 0.0920987129 0
vt 0.384442657 0.0843945295 0
vt 0.351407886 0.0920987129 0
vt 0.375639677 0.0754175857 0
vt 0.384442657 0.0843945295 0
vt 0.351407886 0.0920987129 0
vt 0.349440396 0.0826774016 0
vt 0.375639677 0.0754175857 0
vt 0.363746732 0.0605935641 0
vt 0.375639677 0.0754175857 0
vt 0.349440396 0.0826774016 0
vt 0.318525642 0.0854805931 0
vt 0.363746732 0.0605935641 0
vt 0.349440396 0.0826774016 0
vt 0.303902119 0.0943289772 0
vt 0.351407886 0.0920987129 0
vt 0.359970868 0.11813724 0
vt 0.318525642 0.0854805931 0
vt 0.351407886 0.0920987129 0
vt 0.303902119 0.0943289772 0
vt 0.359970868 0.11813724 0
vt 0.351407886 0.0920987129 0
vt 0.386178613 0.0951250792 0
vt 0.351407886 0.0920987129 0
vt 0.318525642 0.0854805931 0
vt 0.349440396 0.0826774016 0
vt 0.188109636 0.593591392 0
vt 0.215414822 0.603043556 0
vt 0.245401382 0.62297219 0
vt 0.203993112 0.645927072 0
vt 0.188109636 0.593591392 0
vt 0.245401382 0.62297219 0
vt 0.245401382 0.62297219 0
vt 0.275002927 0.632958233 0
vt 0.260846347 0.679276645 0
vt 0.203993112 0.645927072 0
vt 0.245401382 0.62297219 0
vt 0.260846347 0.679276645 0
vt 0.646940351 0.811183512 0
vt 0.631865561 0.798902214 0
vt 0.676299214 0.78586781 0
vt 0.611616135 0.772957385 0
vt 0.637661099 0.780704737 0
vt 0.631865561 0.798902214 0
vt 0.631865561 0.798902214 0
vt 0.637661099 0.780704737 0
vt 0.676299214 0.78586781 0
vt 0.611616135 0.772957385 0
vt 0.637998939 0.766678512 0
vt 0.637661099 0.780704737 0
vt 0.637661099 0.780704737 0
vt 0.671100616 0.762861252 0
vt 0.676299214 0.78586781 0
vt 0.637998939 0.766678512 0
vt 0.671100616 0.762861252 0
vt 0.637661099 0.780704737 0
vt 0.637998939 0.766678512 0
vt 0.641512454 0.752462745 0
vt 0.671100616 0.762861252 0
vt 0.671100616 0.762861252 0
vt 0.641512454 0.752462745 0
vt 0.660614431 0.750618756 0
vt 0.671100616 0.762861252 0
vt 0.660614431 0.750618756 0
vt 0.679650903 0.751072705 0
vt 0.611616135 0.772957385 0
vt 0.605977833 0.747431219 0
vt 0.637998939 0.766678512 0
vt 0.637998939 0.766678512 0
vt 0.623933017 0.734487057 0
vt 0.641512454 0.752462745 0
vt 0.660614431 0.750618756 0
vt 0.667146742 0.715797246 0
vt 0.679650903 0.751072705 0
vt 0.605977833 0.747431219 0
vt 0.623933017 0.734487057 0
vt 0.637998939 0.766678512 0
vt 0.641512454 0.752462745 0
vt 0.638209462 0.733281851 0
vt 0.660614431 0.750618756 0
vt 0.667146742 0.715797246 0
vt 0.68667227 0.720185876 0
vt 0.679650903 0.751072705 0
vt 0.660614431 0.750618756 0
vt 0.651205063 0.724105716 0
vt 0.667146742 0.715797246 0
vt 0.660614431 0.750618756 0
vt 0.638209462 0.733281851 0
vt 0.651205063 0.724105716 0
vt 0.184341356 0.300901473 0
vt 0.20247665 0.305032551 0
vt 0.194470331 0.32471776 0
vt 0.163040936 0.30294922 0
vt 0.138190582 0.262704492 0
vt 0.184341356 0.300901473 0
vt 0.667146742 0.715797246 0
vt 0.671851933 0.711917639 0
vt 0.68667227 0.720185876 0
vt 0.653676867 0.705490708 0
vt 0.667146742 0.715797246 0
vt 0.651205063 0.724105716 0
vt 0.184341356 0.300901473 0
vt 0.138190582 0.262704492 0
vt 0.20247665 0.305032551 0
vt 0.138190582 0.262704492 0
vt 0.164042264 0.271967232 0
vt 0.20247665 0.305032551 0
vt 0.679650903 0.751072705 0
vt 0.68667227 0.720185876 0
vt 0.709264934 0.748080313 0
vt 0.671851933 0.711917639 0
vt 0.699973881 0.714993477 0
vt 0.68667227 0.720185876 0
vt 0.19891642 0.292171359 0
vt 0.223090023 0.298683673 0
vt 0.20247665 0.305032551 0
vt 0.164042264 0.271967232 0
vt 0.19891642 0.292171359 0
vt 0.20247665 0.305032551 0
vt 0.201441005 0.280694991 0
vt 0.236599773 0.276453078 0
vt 0.223090023 0.298683673 0
vt 0.19891642 0.292171359 0
vt 0.201441005 0.280694991 0
vt 0.223090023 0.298683673 0
vt 0.19891642 0.292171359 0
vt 0.164042264 0.271967232 0
vt 0.201441005 0.280694991 0
vt 0.201441005 0.280694991 0
vt 0.161491916 0.244616538 0
vt 0.189959258 0.26088649 0
vt 0.667146742 0.715797246 0
vt 0.666681945 0.692863345 0
vt 0.671851933 0.711917639 0
vt 0.666681945 0.692863345 0
vt 0.667146742 0.715797246 0
vt 0.653676867 0.705490708 0
vt 0.671851933 0.711917639 0
vt 0.666681945 0.692863345 0
vt 0.686855316 0.691277325 0
vt 0.658700764 0.696208179 0
vt 0.666681945 0.692863345 0
vt 0.653676867 0.705490708 0
vt 0.244475752 0.256878704 0
vt 0.247845128 0.267006844 0
vt 0.236599773 0.276453078 0
vt 0.660220802 0.690148354 0
vt 0.669839144 0.67813158 0
vt 0.666681945 0.692863345 0
vt 0.658700764 0.696208179 0
vt 0.660220802 0.690148354 0
vt 0.666681945 0.692863345 0
vt 0.201441005 0.280694991 0
vt 0.244475752 0.256878704 0
vt 0.236599773 0.276453078 0
vt 0.244475752 0.256878704 0
vt 0.250865698 0.26037243 0
vt 0.247845128 0.267006844 0
vt 0.203377619 0.234773174 0
vt 0.222040683 0.239576802 0
vt 0.244475752 0.256878704 0
vt 0.208570272 0.249751925 0
vt 0.186818242 0.225044742 0
vt 0.203377619 0.234773174 0
vt 0.203377619 0.234773174 0
vt 0.194936216 0.218554094 0
vt 0.222040683 0.239576802 0
vt 0.507540226 0.799573958 0
vt 0.538068354 0.776333809 0
vt 0.531168342 0.787122309 0
vt 0.496233821 0.802757919 0
vt 0.500438511 0.768272996 0
vt 0.538068354 0.776333809 0
vt 0.55941844 0.781164229 0
vt 0.541499019 0.776138723 0
vt 0.573468268 0.783764541 0
vt 0.573468268 0.783764541 0
vt 0.541499019 0.776138723 0
vt 0.56616199 0.776902795 0
vt 0.55941844 0.781164229 0
vt 0.531168342 0.787122309 0
vt 0.541499019 0.776138723 0
vt 0.531168342 0.787122309 0
vt 0.538068354 0.776333809 0
vt 0.541499019 0.776138723 0
vt 0.573468268 0.783764541 0
vt 0.56616199 0.776902795 0
vt 0.611616135 0.772957385 0
vt 0.56616199 0.776902795 0
vt 0.565066278 0.757681191 0
vt 0.611616135 0.772957385 0
vt 0.540392458 0.750845313 0
vt 0.565066278 0.757681191 0
vt 0.56616199 0.776902795 0
vt 0.541499019 0.776138723 0
vt 0.546315551 0.767939925 0
vt 0.56616199 0.776902795 0
vt 0.538068354 0.776333809 0
vt 0.546315551 0.767939925 0
vt 0.541499019 0.776138723 0
vt 0.538068354 0.776333809 0
vt 0.500438511 0.768272996 0
vt 0.546315551 0.767939925 0
vt 0.565066278 0.757681191 0
vt 0.605977833 0.747431219 0
vt 0.611616135 0.772957385 0
vt 0.518658757 0.766194046 0
vt 0.546315551 0.767939925 0
vt 0.500438511 0.768272996 0
vt 0.540392458 0.750845313 0
vt 0.56616199 0.776902795 0
vt 0.546315551 0.767939925 0
vt 0.0810211524 0.256337404 0
vt 0.0956323966 0.249174207 0
vt 0.0959002897 0.284731895 0
vt 0.0956323966 0.249174207 0
vt 0.108440004 0.267733335 0
vt 0.0959002897 0.284731895 0
vt 0.0956323966 0.249174207 0
vt 0.108007789 0.256340325 0
vt 0.108440004 0.267733335 0
vt 0.108440004 0.267733335 0
vt 0.138190582 0.262704492 0
vt 0.12484698 0.288631827 0
vt 0.108007789 0.256340325 0
vt 0.138190582 0.262704492 0
vt 0.108440004 0.267733335 0
vt 0.0759722516 0.232570052 0
vt 0.138190582 0.262704492 0
vt 0.0956323966 0.249174207 0
vt 0.0759722516 0.232570052 0
vt 0.0994464979 0.227179632 0
vt 0.138190582 0.262704492 0
vt 0.108007789 0.256340325 0
vt 0.0956323966 0.249174207 0
vt 0.138190582 0.262704492 0
vt 0.138190582 0.262704492 0
vt 0.0994464979 0.227179632 0
vt 0.137341976 0.233879089 0
vt 0.12484698 0.288631827 0
vt 0.138190582 0.262704492 0
vt 0.163040936 0.30294922 0
vt 0.164042264 0.271967232 0
vt 0.138190582 0.262704492 0
vt 0.157573089 0.260141432 0
vt 0.137341976 0.233879089 0
vt 0.161491916 0.244616538 0
vt 0.157573089 0.260141432 0
vt 0.137341976 0.233879089 0
vt 0.157573089 0.260141432 0
vt 0.138190582 0.262704492 0
vt 0.157573089 0.260141432 0
vt 0.201441005 0.280694991 0
vt 0.164042264 0.271967232 0
vt 0.137341976 0.233879089 0
vt 0.17404002 0.235406354 0
vt 0.161491916 0.244616538 0
vt 0.157573089 0.260141432 0
vt 0.161491916 0.244616538 0
vt 0.201441005 0.280694991 0
vt 0.161491916 0.244616538 0
vt 0.17404002 0.235406354 0
vt 0.189959258 0.26088649 0
vt 0.137341976 0.233879089 0
vt 0.175764203 0.227722347 0
vt 0.17404002 0.235406354 0
vt 0.186818242 0.225044742 0
vt 0.194936216 0.218554094 0
vt 0.203377619 0.234773174 0
vt 0.137341976 0.233879089 0
vt 0.172924846 0.19454971 0
vt 0.175764203 0.227722347 0
vt 0.454646707 0.804700613 0
vt 0.500438511 0.768272996 0
vt 0.496233821 0.802757919 0
vt 0.442763507 0.78914535 0
vt 0.461035788 0.783816993 0
vt 0.461003006 0.785906434 0
vt 0.454646707 0.804700613 0
vt 0.461003006 0.785906434 0
vt 0.500438511 0.768272996 0
vt 0.461035788 0.783816993 0
vt 0.471757323 0.755548716 0
vt 0.49457258 0.766211987 0
vt 0.461003006 0.785906434 0
vt 0.461035788 0.783816993 0
vt 0.49457258 0.766211987 0
vt 0.461003006 0.785906434 0
vt 0.49457258 0.766211987 0
vt 0.500438511 0.768272996 0
vt 0.500438511 0.768272996 0
vt 0.499437302 0.761790514 0
vt 0.518658757 0.766194046 0
vt 0.49457258 0.766211987 0
vt 0.499437302 0.761790514 0
vt 0.500438511 0.768272996 0
vt 0.0639016628 0.221668035 0
vt 0.0759722516 0.232570052 0
vt 0.067588307 0.230608642 0
vt 0.0810211524 0.256337404 0
vt 0.0759722516 0.232570052 0
vt 0.0956323966 0.249174207 0
vt 0.0835475549 0.197920904 0
vt 0.101486981 0.200071082 0
vt 0.0994464979 0.227179632 0
vt 0.0761717781 0.176941171 0
vt 0.0779775605 0.171683595 0
vt 0.0835475549 0.197920904 0
vt 0.101486981 0.200071082 0
vt 0.137341976 0.233879089 0
vt 0.0994464979 0.227179632 0
vt 0.0779775605 0.171683595 0
vt 0.101486981 0.200071082 0
vt 0.0835475549 0.197920904 0
vt 0.0828209072 0.168635815 0
vt 0.101486981 0.200071082 0
vt 0.0779775605 0.171683595 0
vt 0.0407486558 0.223080873 0
vt 0.0418003723 0.218996257 0
vt 0.0464920774 0.216445073 0
vt 0.0418003723 0.218996257 0
vt 0.0305606239 0.219765991 0
vt 0.0464920774 0.216445073 0
vt 0.0305606239 0.219765991 0
vt 0.0370761044 0.204820246 0
vt 0.0438582487 0.211926475 0
vt 0.0305606239 0.219765991 0
vt 0.0230170358 0.201554358 0
vt 0.0370761044 0.204820246 0
vt 0.360583723 0.29573071 0
vt 0.362716109 0.317059159 0
vt 0.345527381 0.301606834 0
vt 0.362716109 0.317059159 0
vt 0.362773955 0.346244633 0
vt 0.345527381 0.301606834 0
vt 0.439917982 0.774744391 0
vt 0.471757323 0.755548716 0
vt 0.461035788 0.783816993 0
vt 0.349360496 0.358242184 0
vt 0.338416338 0.310146332 0
vt 0.362773955 0.346244633 0
vt 0.0464920774 0.216445073 0
vt 0.0438582487 0.211926475 0
vt 0.0579753034 0.205987915 0
vt 0.0407486558 0.223080873 0
vt 0.0464920774 0.216445073 0
vt 0.0517317168 0.220785156 0
vt 0.0579753034 0.205987915 0
vt 0.0517317168 0.220785156 0
vt 0.0464920774 0.216445073 0
vt 0.0464920774 0.216445073 0
vt 0.0305606239 0.219765991 0
vt 0.0438582487 0.211926475 0
vt 0.0370761044 0.204820246 0
vt 0.0379593112 0.182863116 0
vt 0.0438582487 0.211926475 0
vt 0.338416338 0.310146332 0
vt 0.339356035 0.304169863 0
vt 0.345527381 0.301606834 0
vt 0.362773955 0.346244633 0
vt 0.338416338 0.310146332 0
vt 0.345527381 0.301606834 0
vt 0.49457258 0.766211987 0
vt 0.471757323 0.755548716 0
vt 0.486517638 0.760750651 0
vt 0.471757323 0.755548716 0
vt 0.482595384 0.75524193 0
vt 0.486517638 0.760750651 0
vt 0.339356035 0.304169863 0
vt 0.319297165 0.287437707 0
vt 0.345527381 0.301606834 0
vt 0.338416338 0.310146332 0
vt 0.331783861 0.30738917 0
vt 0.339356035 0.304169863 0
vt 0.327551872 0.308279604 0
vt 0.331783861 0.30738917 0
vt 0.338416338 0.310146332 0
vt 0.323711693 0.27689001 0
vt 0.360583723 0.29573071 0
vt 0.345527381 0.301606834 0
vt 0.328497201 0.315128773 0
vt 0.327551872 0.308279604 0
vt 0.338416338 0.310146332 0
vt 0.319297165 0.287437707 0
vt 0.323711693 0.27689001 0
vt 0.345527381 0.301606834 0
vt 0.34662801 0.273633868 0
vt 0.360583723 0.29573071 0
vt 0.323711693 0.27689001 0
vt 0.323711693 0.27689001 0
vt 0.333950579 0.263192505 0
vt 0.34662801 0.273633868 0
vt 0.0501216762 0.155547962 0
vt 0.0437894799 0.168869376 0
vt 0.0419157036 0.156296745 0
vt 0.319738537 0.263846368 0
vt 0.333950579 0.263192505 0
vt 0.323711693 0.27689001 0
vt 0.319738537 0.263846368 0
vt 0.323711693 0.27689001 0
vt 0.312621802 0.272869468 0
vt 0.490569264 0.758323908 0
vt 0.49457258 0.766211987 0
vt 0.486517638 0.760750651 0
vt 0.0517317168 0.220785156 0
vt 0.0639016628 0.221668035 0
vt 0.0561005324 0.2239324 0
vt 0.0579753034 0.205987915 0
vt 0.0639016628 0.221668035 0
vt 0.0517317168 0.220785156 0
vt 0.0379593112 0.182863116 0
vt 0.0579753034 0.205987915 0
vt 0.0438582487 0.211926475 0
vt 0.319297165 0.287437707 0
vt 0.339356035 0.304169863 0
vt 0.331783861 0.30738917 0
vt 0.0379593112 0.182863116 0
vt 0.0761717781 0.176941171 0
vt 0.0579753034 0.205987915 0
vt 0.303952366 0.274104148 0
vt 0.319297165 0.287437707 0
vt 0.315868318 0.293988258 0
vt 0.0437894799 0.168869376 0
vt 0.0564310141 0.156082153 0
vt 0.0379593112 0.182863116 0
vt 0.312621802 0.272869468 0
vt 0.323711693 0.27689001 0
vt 0.319297165 0.287437707 0
vt 0.303952366 0.274104148 0
vt 0.312621802 0.272869468 0
vt 0.319297165 0.287437707 0
vt 0.0571730584 0.129473731 0
vt 0.0492892973 0.136097103 0
vt 0.0465499908 0.120591626 0
vt 0.0501216762 0.155547962 0
vt 0.0564310141 0.156082153 0
vt 0.0437894799 0.168869376 0
vt 0.327551872 0.308279604 0
vt 0.30598858 0.323923051 0
vt 0.32902804 0.306159079 0
vt 0.327551872 0.308279604 0
vt 0.32902804 0.306159079 0
vt 0.331783861 0.30738917 0
vt 0.315868318 0.293988258 0
vt 0.319297165 0.287437707 0
vt 0.331783861 0.30738917 0
vt 0.315868318 0.293988258 0
vt 0.331783861 0.30738917 0
vt 0.32902804 0.306159079 0
vt 0.0564310141 0.156082153 0
vt 0.0761717781 0.176941171 0
vt 0.0379593112 0.182863116 0
vt 0.0639016628 0.221668035 0
vt 0.0691040978 0.208920568 0
vt 0.0759722516 0.232570052 0
vt 0.0761717781 0.176941171 0
vt 0.0691040978 0.208920568 0
vt 0.0579753034 0.205987915 0
vt 0.0564310141 0.156082153 0
vt 0.0708288029 0.157487556 0
vt 0.0761717781 0.176941171 0
vt 0.0759722516 0.232570052 0
vt 0.0691040978 0.208920568 0
vt 0.0994464979 0.227179632 0
vt 0.0691040978 0.208920568 0
vt 0.0835475549 0.197920904 0
vt 0.0994464979 0.227179632 0
vt 0.0761717781 0.176941171 0
vt 0.0835475549 0.197920904 0
vt 0.0691040978 0.208920568 0
vt 0.0761717781 0.176941171 0
vt 0.0708288029 0.157487556 0
vt 0.0779775605 0.171683595 0
vt 0.0828209072 0.168635815 0
vt 0.0836242661 0.163784578 0
vt 0.101486981 0.200071082 0
vt 0.0840032995 0.154333279 0
vt 0.0909578577 0.163904488 0
vt 0.0836242661 0.163784578 0
vt 0.312621802 0.272869468 0
vt 0.307382017 0.257614911 0
vt 0.319738537 0.263846368 0
vt 0.0511987284 0.147607341 0
vt 0.0501216762 0.155547962 0
vt 0.0419157036 0.156296745 0
vt 0.0615786053 0.1482445 0
vt 0.0501216762 0.155547962 0
vt 0.0511987284 0.147607341 0
vt 0.0615786053 0.1482445 0
vt 0.0564310141 0.156082153 0
vt 0.0501216762 0.155547962 0
vt 0.0625661314 0.147321478 0
vt 0.0615786053 0.1482445 0
vt 0.0511987284 0.147607341 0
vt 0.303952366 0.274104148 0
vt 0.307382017 0.257614911 0
vt 0.312621802 0.272869468 0
vt 0.0625661314 0.147321478 0
vt 0.0511987284 0.147607341 0
vt 0.0580927879 0.140949652 0
vt 0.0615786053 0.1482445 0
vt 0.0684529319 0.148951769 0
vt 0.0564310141 0.156082153 0
vt 0.0664706826 0.148850814 0
vt 0.0684529319 0.148951769 0
vt 0.0615786053 0.1482445 0
vt 0.0664706826 0.148850814 0
vt 0.0615786053 0.1482445 0
vt 0.0625661314 0.147321478 0
vt 0.0580927879 0.140949652 0
vt 0.0511987284 0.147607341 0
vt 0.0492892973 0.136097103 0
vt 0.0653700083 0.146590009 0
vt 0.0625661314 0.147321478 0
vt 0.0580927879 0.140949652 0
vt 0.0653700083 0.146590009 0
vt 0.0664706826 0.148850814 0
vt 0.0625661314 0.147321478 0
vt 0.0580927879 0.140949652 0
vt 0.0492892973 0.136097103 0
vt 0.0571730584 0.129473731 0
vt 0.0653700083 0.146590009 0
vt 0.06776537 0.146514282 0
vt 0.0664706826 0.148850814 0
vt 0.0664706826 0.148850814 0
vt 0.0689904913 0.14846918 0
vt 0.0684529319 0.148951769 0
vt 0.0689904913 0.14846918 0
vt 0.0664706826 0.148850814 0
vt 0.06776537 0.146514282 0
vt 0.0564310141 0.156082153 0
vt 0.0684529319 0.148951769 0
vt 0.0708288029 0.157487556 0
vt 0.0653700083 0.146590009 0
vt 0.0580927879 0.140949652 0
vt 0.0669827089 0.133735821 0
vt 0.0684529319 0.148951769 0
vt 0.0695047453 0.151152879 0
vt 0.0708288029 0.157487556 0
vt 0.0690796375 0.144330889 0
vt 0.0653700083 0.146590009 0
vt 0.068435885 0.140128776 0
vt 0.0653700083 0.146590009 0
vt 0.0690796375 0.144330889 0
vt 0.06776537 0.146514282 0
vt 0.0689904913 0.14846918 0
vt 0.0694771335 0.149797961 0
vt 0.0684529319 0.148951769 0
vt 0.0669827089 0.133735821 0
vt 0.068435885 0.140128776 0
vt 0.0653700083 0.146590009 0
vt 0.0708288029 0.157487556 0
vt 0.0698760301 0.149793819 0
vt 0.0779775605 0.171683595 0
vt 0.0695047453 0.151152879 0
vt 0.0698760301 0.149793819 0
vt 0.0708288029 0.157487556 0
vt 0.06776537 0.146514282 0
vt 0.0690796375 0.144330889 0
vt 0.0708048642 0.146716535 0
vt 0.0684529319 0.148951769 0
vt 0.0694771335 0.149797961 0
vt 0.0695047453 0.151152879 0
vt 0.0694771335 0.149797961 0
vt 0.0698760301 0.149793819 0
vt 0.0695047453 0.151152879 0
vt 0.06776537 0.146514282 0
vt 0.0708048642 0.146716535 0
vt 0.0689904913 0.14846918 0
vt 0.0694771335 0.149797961 0
vt 0.0702625886 0.14856267 0
vt 0.0698760301 0.149793819 0
vt 0.0689904913 0.14846918 0
vt 0.0709172934 0.147948042 0
vt 0.0694771335 0.149797961 0
vt 0.0779775605 0.171683595 0
vt 0.0698760301 0.149793819 0
vt 0.0828209072 0.168635815 0
vt 0.0694771335 0.149797961 0
vt 0.0713231415 0.149876848 0
vt 0.0702625886 0.14856267 0
vt 0.0708048642 0.146716535 0
vt 0.0709172934 0.147948042 0
vt 0.0689904913 0.14846918 0
vt 0.0698760301 0.149793819 0
vt 0.0702625886 0.14856267 0
vt 0.0828209072 0.168635815 0
vt 0.0694771335 0.149797961 0
vt 0.0709172934 0.147948042 0
vt 0.0713231415 0.149876848 0
vt 0.0690796375 0.144330889 0
vt 0.068435885 0.140128776 0
vt 0.0714548752 0.144821852 0
vt 0.0714548752 0.144821852 0
vt 0.0708048642 0.146716535 0
vt 0.0690796375 0.144330889 0
vt 0.0715189576 0.147137597 0
vt 0.0708048642 0.146716535 0
vt 0.0714548752 0.144821852 0
vt 0.0702625886 0.14856267 0
vt 0.0836242661 0.163784578 0
vt 0.0828209072 0.168635815 0
vt 0.0715189576 0.147137597 0
vt 0.0714548752 0.144821852 0
vt 0.0748779327 0.136551514 0
vt 0.0709172934 0.147948042 0
vt 0.0715189576 0.147137597 0
vt 0.0713231415 0.149876848 0
vt 0.0708048642 0.146716535 0
vt 0.0715189576 0.147137597 0
vt 0.0709172934 0.147948042 0
vt 0.0715189576 0.147137597 0
vt 0.0748779327 0.136551514 0
vt 0.0713231415 0.149876848 0
vt 0.0702625886 0.14856267 0
vt 0.0713231415 0.149876848 0
vt 0.0762933195 0.149653524 0
vt 0.0803393051 0.127552316 0
vt 0.0937582925 0.128524572 0
vt 0.0748779327 0.136551514 0
vt 0.0762933195 0.149653524 0
vt 0.0840032995 0.154333279 0
vt 0.0836242661 0.163784578 0
vt 0.0702625886 0.14856267 0
vt 0.0762933195 0.149653524 0
vt 0.0836242661 0.163784578 0
vt 0.189959258 0.26088649 0
vt 0.208570272 0.249751925 0
vt 0.201441005 0.280694991 0
vt 0.669839144 0.67813158 0
vt 0.693470418 0.663748682 0
vt 0.705439389 0.666011274 0
vt 0.293353885 0.236726776 0
vt 0.263878047 0.209008366 0
vt 0.323090285 0.23315762 0
vt 0.263878047 0.209008366 0
vt 0.297529161 0.21832867 0
vt 0.323090285 0.23315762 0
vt 0.297529161 0.21832867 0
vt 0.263878047 0.209008366 0
vt 0.325273812 0.202560574 0
vt 0.325273812 0.202560574 0
vt 0.263878047 0.209008366 0
vt 0.286120236 0.183132648 0
vt 0.244475752 0.256878704 0
vt 0.222040683 0.239576802 0
vt 0.264811218 0.252366066 0
vt 0.244475752 0.256878704 0
vt 0.264811218 0.252366066 0
vt 0.250865698 0.26037243 0
vt 0.208570272 0.249751925 0
vt 0.244475752 0.256878704 0
vt 0.201441005 0.280694991 0
vt 0.208570272 0.249751925 0
vt 0.203377619 0.234773174 0
vt 0.244475752 0.256878704 0
vt 0.194936216 0.218554094 0
vt 0.188457891 0.195317551 0
vt 0.222040683 0.239576802 0
vt 0.669839144 0.67813158 0
vt 0.705439389 0.666011274 0
vt 0.666681945 0.692863345 0
vt 0.222040683 0.239576802 0
vt 0.293353885 0.236726776 0
vt 0.264811218 0.252366066 0
vt 0.188457891 0.195317551 0
vt 0.293353885 0.236726776 0
vt 0.222040683 0.239576802 0
vt 0.188457891 0.195317551 0
vt 0.208874211 0.187055588 0
vt 0.293353885 0.236726776 0
vt 0.208874211 0.187055588 0
vt 0.263878047 0.209008366 0
vt 0.293353885 0.236726776 0
vt 0.263878047 0.209008366 0
vt 0.208874211 0.187055588 0
vt 0.224957317 0.190404356 0
vt 0.224957317 0.190404356 0
vt 0.240787446 0.186218679 0
vt 0.263878047 0.209008366 0
vt 0.240787446 0.186218679 0
vt 0.257688642 0.174356073 0
vt 0.263878047 0.209008366 0
vt 0.286120236 0.183132648 0
vt 0.263878047 0.209008366 0
vt 0.257688642 0.174356073 0
vt 0.224957317 0.190404356 0
vt 0.235629648 0.172222123 0
vt 0.240787446 0.186218679 0
vt 0.235629648 0.172222123 0
vt 0.257688642 0.174356073 0
vt 0.240787446 0.186218679 0
vt 0.208051056 0.163419142 0
vt 0.257688642 0.174356073 0
vt 0.235629648 0.172222123 0
vt 0.208051056 0.163419142 0
vt 0.252828211 0.140769675 0
vt 0.257688642 0.174356073 0
vt 0.325273812 0.202560574 0
vt 0.283648729 0.139673173 0
vt 0.342425287 0.156448171 0
vt 0.281062037 0.118552364 0
vt 0.303902119 0.0943289772 0
vt 0.309024096 0.117101766 0
vt 0.286120236 0.183132648 0
vt 0.283648729 0.139673173 0
vt 0.325273812 0.202560574 0
vt 0.252828211 0.140769675 0
vt 0.283648729 0.139673173 0
vt 0.286120236 0.183132648 0
vt 0.257595152 0.117289804 0
vt 0.270513147 0.101888016 0
vt 0.281062037 0.118552364 0
vt 0.252828211 0.140769675 0
vt 0.286120236 0.183132648 0
vt 0.257688642 0.174356073 0
vt 0.281062037 0.118552364 0
vt 0.309024096 0.117101766 0
vt 0.299695462 0.130591542 0
vt 0.283648729 0.139673173 0
vt 0.281062037 0.118552364 0
vt 0.299695462 0.130591542 0
vt 0.252828211 0.140769675 0
vt 0.281062037 0.118552364 0
vt 0.283648729 0.139673173 0
vt 0.281062037 0.118552364 0
vt 0.252828211 0.140769675 0
vt 0.257595152 0.117289804 0
vt 0.252828211 0.140769675 0
vt 0.217023969 0.126450241 0
vt 0.257595152 0.117289804 0
vt 0.223564044 0.120415695 0
vt 0.249578491 0.11416854 0
vt 0.257595152 0.117289804 0
vt 0.217023969 0.126450241 0
vt 0.223564044 0.120415695 0
vt 0.257595152 0.117289804 0
vt 0.223564044 0.120415695 0
vt 0.216181904 0.118998587 0
vt 0.249578491 0.11416854 0
vt 0.17404002 0.235406354 0
vt 0.175764203 0.227722347 0
vt 0.189959258 0.26088649 0
vt 0.189959258 0.26088649 0
vt 0.175764203 0.227722347 0
vt 0.208570272 0.249751925 0
vt 0.175764203 0.227722347 0
vt 0.186818242 0.225044742 0
vt 0.208570272 0.249751925 0
vt 0.186818242 0.225044742 0
vt 0.175764203 0.227722347 0
vt 0.179666385 0.212567955 0
vt 0.101486981 0.200071082 0
vt 0.172924846 0.19454971 0
vt 0.137341976 0.233879089 0
vt 0.188457891 0.195317551 0
vt 0.194936216 0.218554094 0
vt 0.186818242 0.225044742 0
vt 0.179666385 0.212567955 0
vt 0.188457891 0.195317551 0
vt 0.186818242 0.225044742 0
vt 0.172924846 0.19454971 0
vt 0.179666385 0.212567955 0
vt 0.175764203 0.227722347 0
vt 0.101486981 0.200071082 0
vt 0.144822389 0.165768608 0
vt 0.172924846 0.19454971 0
vt 0.179666385 0.212567955 0
vt 0.172924846 0.19454971 0
vt 0.188457891 0.195317551 0
vt 0.137169406 0.0952515453 0
vt 0.149013668 0.111867927 0
vt 0.143467158 0.117224321 0
vt 0.157011062 0.112260558 0
vt 0.143467158 0.117224321 0
vt 0.149013668 0.111867927 0
vt 0.157011062 0.112260558 0
vt 0.14697881 0.125735939 0
vt 0.143467158 0.117224321 0
vt 0.172924846 0.19454971 0
vt 0.159769878 0.170506805 0
vt 0.188457891 0.195317551 0
vt 0.144822389 0.165768608 0
vt 0.159769878 0.170506805 0
vt 0.172924846 0.19454971 0
vt 0.159769878 0.170506805 0
vt 0.208874211 0.187055588 0
vt 0.188457891 0.195317551 0
vt 0.144822389 0.165768608 0
vt 0.149647564 0.148528516 0
vt 0.159769878 0.170506805 0
vt 0.149647564 0.148528516 0
vt 0.166556254 0.14827019 0
vt 0.159769878 0.170506805 0
vt 0.159769878 0.170506805 0
vt 0.184758857 0.175256446 0
vt 0.208874211 0.187055588 0
vt 0.149647564 0.148528516 0
vt 0.165587381 0.131659985 0
vt 0.166556254 0.14827019 0
vt 0.160303533 0.120394461 0
vt 0.157011062 0.112260558 0
vt 0.175171092 0.124475591 0
vt 0.184758857 0.175256446 0
vt 0.159769878 0.170506805 0
vt 0.187669471 0.163613647 0
vt 0.159769878 0.170506805 0
vt 0.187876195 0.153797612 0
vt 0.187669471 0.163613647 0
vt 0.166556254 0.14827019 0
vt 0.187876195 0.153797612 0
vt 0.159769878 0.170506805 0
vt 0.184758857 0.175256446 0
vt 0.208051056 0.163419142 0
vt 0.208874211 0.187055588 0
vt 0.208051056 0.163419142 0
vt 0.224957317 0.190404356 0
vt 0.208874211 0.187055588 0
vt 0.184758857 0.175256446 0
vt 0.187669471 0.163613647 0
vt 0.208051056 0.163419142 0
vt 0.165587381 0.131659985 0
vt 0.185064465 0.142627969 0
vt 0.166556254 0.14827019 0
vt 0.187669471 0.163613647 0
vt 0.187876195 0.153797612 0
vt 0.208051056 0.163419142 0
vt 0.165587381 0.131659985 0
vt 0.175171092 0.124475591 0
vt 0.185028568 0.128549755 0
vt 0.224957317 0.190404356 0
vt 0.208051056 0.163419142 0
vt 0.235629648 0.172222123 0
vt 0.175171092 0.124475591 0
vt 0.189293861 0.119934499 0
vt 0.185028568 0.128549755 0
vt 0.185064465 0.142627969 0
vt 0.187876195 0.153797612 0
vt 0.166556254 0.14827019 0
vt 0.165587381 0.131659985 0
vt 0.185028568 0.128549755 0
vt 0.185064465 0.142627969 0
vt 0.185064465 0.142627969 0
vt 0.217023969 0.126450241 0
vt 0.208051056 0.163419142 0
vt 0.203823715 0.126193598 0
vt 0.189293861 0.119934499 0
vt 0.216181904 0.118998587 0
vt 0.187876195 0.153797612 0
vt 0.185064465 0.142627969 0
vt 0.208051056 0.163419142 0
vt 0.185028568 0.128549755 0
vt 0.189293861 0.119934499 0
vt 0.203823715 0.126193598 0
vt 0.208051056 0.163419142 0
vt 0.217023969 0.126450241 0
vt 0.252828211 0.140769675 0
vt 0.185064465 0.142627969 0
vt 0.185028568 0.128549755 0
vt 0.203823715 0.126193598 0
vt 0.217023969 0.126450241 0
vt 0.203823715 0.126193598 0
vt 0.223564044 0.120415695 0
vt 0.216181904 0.118998587 0
vt 0.223564044 0.120415695 0
vt 0.203823715 0.126193598 0
vt 0.185064465 0.142627969 0
vt 0.203823715 0.126193598 0
vt 0.217023969 0.126450241 0
vt 0.107216932 0.149852023 0
vt 0.105088428 0.129132256 0
vt 0.124421746 0.149190173 0
vt 0.100152045 0.162754983 0
vt 0.106264755 0.165343925 0
vt 0.0836242661 0.163784578 0
vt 0.097612232 0.148094431 0
vt 0.105088428 0.129132256 0
vt 0.107216932 0.149852023 0
vt 0.0909578577 0.163904488 0
vt 0.100152045 0.162754983 0
vt 0.0836242661 0.163784578 0
vt 0.0909578577 0.163904488 0
vt 0.097612232 0.148094431 0
vt 0.100152045 0.162754983 0
vt 0.0748779327 0.136551514 0
vt 0.0937582925 0.128524572 0
vt 0.0914957672 0.144668221 0
vt 0.0713231415 0.149876848 0
vt 0.0748779327 0.136551514 0
vt 0.0914957672 0.144668221 0
vt 0.130560949 0.115896918 0
vt 0.113856517 0.120868497 0
vt 0.12179599 0.109840952 0
vt 0.0836242661 0.163784578 0
vt 0.106264755 0.165343925 0
vt 0.144822389 0.165768608 0
vt 0.106264755 0.165343925 0
vt 0.097612232 0.148094431 0
vt 0.107216932 0.149852023 0
vt 0.100152045 0.162754983 0
vt 0.097612232 0.148094431 0
vt 0.106264755 0.165343925 0
vt 0.097612232 0.148094431 0
vt 0.0937582925 0.128524572 0
vt 0.105088428 0.129132256 0
vt 0.0937582925 0.128524572 0
vt 0.097612232 0.148094431 0
vt 0.0914957672 0.144668221 0
vt 0.0909578577 0.163904488 0
vt 0.0845986083 0.150302142 0
vt 0.097612232 0.148094431 0
vt 0.0845986083 0.150302142 0
vt 0.0914957672 0.144668221 0
vt 0.097612232 0.148094431 0
vt 0.130560949 0.115896918 0
vt 0.137169406 0.0952515453 0
vt 0.143467158 0.117224321 0
vt 0.105088428 0.129132256 0
vt 0.113856517 0.120868497 0
vt 0.122146733 0.131029099 0
vt 0.107216932 0.149852023 0
vt 0.124421746 0.149190173 0
vt 0.106264755 0.165343925 0
vt 0.0836242661 0.163784578 0
vt 0.144822389 0.165768608 0
vt 0.101486981 0.200071082 0
vt 0.122146733 0.131029099 0
vt 0.113856517 0.120868497 0
vt 0.130560949 0.115896918 0
vt 0.106264755 0.165343925 0
vt 0.123552054 0.163189605 0
vt 0.144822389 0.165768608 0
vt 0.124421746 0.149190173 0
vt 0.123552054 0.163189605 0
vt 0.106264755 0.165343925 0
vt 0.14697881 0.125735939 0
vt 0.130560949 0.115896918 0
vt 0.143467158 0.117224321 0
vt 0.122146733 0.131029099 0
vt 0.14697881 0.125735939 0
vt 0.149647564 0.148528516 0
vt 0.14697881 0.125735939 0
vt 0.122146733 0.131029099 0
vt 0.130560949 0.115896918 0
vt 0.123710953 0.144043013 0
vt 0.122146733 0.131029099 0
vt 0.149647564 0.148528516 0
vt 0.105088428 0.129132256 0
vt 0.123710953 0.144043013 0
vt 0.124421746 0.149190173 0
vt 0.105088428 0.129132256 0
vt 0.122146733 0.131029099 0
vt 0.123710953 0.144043013 0
vt 0.157011062 0.112260558 0
vt 0.160303533 0.120394461 0
vt 0.14697881 0.125735939 0
vt 0.123710953 0.144043013 0
vt 0.149647564 0.148528516 0
vt 0.124421746 0.149190173 0
vt 0.144822389 0.165768608 0
vt 0.123552054 0.163189605 0
vt 0.124421746 0.149190173 0
vt 0.124421746 0.149190173 0
vt 0.149647564 0.148528516 0
vt 0.144822389 0.165768608 0
vt 0.165587381 0.131659985 0
vt 0.149647564 0.148528516 0
vt 0.14697881 0.125735939 0
vt 0.14697881 0.125735939 0
vt 0.160303533 0.120394461 0
vt 0.165587381 0.131659985 0
vt 0.160303533 0.120394461 0
vt 0.175171092 0.124475591 0
vt 0.165587381 0.131659985 0
vt 0.0840032995 0.154333279 0
vt 0.0845986083 0.150302142 0
vt 0.0909578577 0.163904488 0
vt 0.0762933195 0.149653524 0
vt 0.0845986083 0.150302142 0
vt 0.0840032995 0.154333279 0
vt 0.0762933195 0.149653524 0
vt 0.0713231415 0.149876848 0
vt 0.0845986083 0.150302142 0
vt 0.0845986083 0.150302142 0
vt 0.0713231415 0.149876848 0
vt 0.0914957672 0.144668221 0
vt 0.342425287 0.156448171 0
vt 0.299695462 0.130591542 0
vt 0.311123788 0.133562222 0
vt 0.299695462 0.130591542 0
vt 0.309024096 0.117101766 0
vt 0.311123788 0.133562222 0
vt 0.283648729 0.139673173 0
vt 0.299695462 0.130591542 0
vt 0.342425287 0.156448171 0
vt 0.234018266 0.519677639 0
vt 0.241313949 0.498531908 0
vt 0.267711341 0.532688439 0
vt 0.233014241 0.526008725 0
vt 0.234018266 0.519677639 0
vt 0.267711341 0.532688439 0
vt 0.218455061 0.526973963 0
vt 0.241313949 0.498531908 0
vt 0.234018266 0.519677639 0
vt 0.234018266 0.519677639 0
vt 0.233014241 0.526008725 0
vt 0.218455061 0.526973963 0
vt 0.167172879 0.482771724 0
vt 0.173262835 0.472937018 0
vt 0.218455061 0.526973963 0
vt 0.225271747 0.53537333 0
vt 0.233014241 0.526008725 0
vt 0.269834161 0.545338333 0
vt 0.233014241 0.526008725 0
vt 0.225271747 0.53537333 0
vt 0.218455061 0.526973963 0
vt 0.167172879 0.482771724 0
vt 0.218455061 0.526973963 0
vt 0.211136386 0.530714571 0
vt 0.206855476 0.537315071 0
vt 0.172336027 0.499076515 0
vt 0.211136386 0.530714571 0
vt 0.172336027 0.499076515 0
vt 0.167172879 0.482771724 0
vt 0.211136386 0.530714571 0
vt 0.211136386 0.530714571 0
vt 0.218455881 0.543786645 0
vt 0.206855476 0.537315071 0
vt 0.218455061 0.526973963 0
vt 0.218455881 0.543786645 0
vt 0.211136386 0.530714571 0
vt 0.225271747 0.53537333 0
vt 0.218455881 0.543786645 0
vt 0.218455061 0.526973963 0
vt 0.218455881 0.543786645 0
vt 0.225271747 0.53537333 0
vt 0.229003221 0.559668243 0
vt 0.206855476 0.537315071 0
vt 0.218455881 0.543786645 0
vt 0.202481031 0.545626223 0
vt 0.202481031 0.545626223 0
vt 0.158963755 0.515662551 0
vt 0.206855476 0.537315071 0
vt 0.218455881 0.543786645 0
vt 0.229003221 0.559668243 0
vt 0.217960432 0.560716569 0
vt 0.151304781 0.549325526 0
vt 0.202481031 0.545626223 0
vt 0.217960432 0.560716569 0
vt 0.218455881 0.543786645 0
vt 0.217960432 0.560716569 0
vt 0.202481031 0.545626223 0
vt 0.136178941 0.536414921 0
vt 0.202481031 0.545626223 0
vt 0.151304781 0.549325526 0
vt 0.217960432 0.560716569 0
vt 0.229003221 0.559668243 0
vt 0.263135433 0.586353719 0
vt 0.193467975 0.567239821 0
vt 0.217960432 0.560716569 0
vt 0.24618715 0.584408641 0
vt 0.151304781 0.549325526 0
vt 0.217960432 0.560716569 0
vt 0.193467975 0.567239821 0
vt 0.193467975 0.567239821 0
vt 0.24618715 0.584408641 0
vt 0.215414822 0.603043556 0
vt 0.193467975 0.567239821 0
vt 0.160992742 0.571256399 0
vt 0.151304781 0.549325526 0
vt 0.188109636 0.593591392 0
vt 0.193467975 0.567239821 0
vt 0.215414822 0.603043556 0
vt 0.188109636 0.593591392 0
vt 0.160992742 0.571256399 0
vt 0.193467975 0.567239821 0
vt 0.0751470923 0.457987875 0
vt 0.0909876674 0.44563812 0
vt 0.126449704 0.497776717 0
vt 0.126449704 0.497776717 0
vt 0.0908568129 0.506075025 0
vt 0.0599974953 0.47090444 0
vt 0.126449704 0.497776717 0
vt 0.117760941 0.521046102 0
vt 0.0908568129 0.506075025 0
vt 0.0957336053 0.547940016 0
vt 0.0704910457 0.517151535 0
vt 0.117760941 0.521046102 0
vt 0.117760941 0.521046102 0
vt 0.118784219 0.55190444 0
vt 0.0957336053 0.547940016 0
vt 0.241313949 0.498531908 0
vt 0.218455061 0.526973963 0
vt 0.173262835 0.472937018 0
vt 0.160784319 0.455031574 0
vt 0.173262835 0.472937018 0
vt 0.167172879 0.482771724 0
vt 0.167172879 0.482771724 0
vt 0.103405163 0.421482116 0
vt 0.160784319 0.455031574 0
vt 0.152488127 0.485680908 0
vt 0.167172879 0.482771724 0
vt 0.172336027 0.499076515 0
vt 0.115958735 0.4479509 0
vt 0.167172879 0.482771724 0
vt 0.152488127 0.485680908 0
vt 0.115958735 0.4479509 0
vt 0.152488127 0.485680908 0
vt 0.126449704 0.497776717 0
vt 0.0909876674 0.44563812 0
vt 0.115958735 0.4479509 0
vt 0.126449704 0.497776717 0
vt 0.158963755 0.515662551 0
vt 0.172336027 0.499076515 0
vt 0.206855476 0.537315071 0
vt 0.158963755 0.515662551 0
vt 0.152488127 0.485680908 0
vt 0.172336027 0.499076515 0
vt 0.152488127 0.485680908 0
vt 0.158963755 0.515662551 0
vt 0.126449704 0.497776717 0
vt 0.136178941 0.536414921 0
vt 0.126449704 0.497776717 0
vt 0.158963755 0.515662551 0
vt 0.136178941 0.536414921 0
vt 0.158963755 0.515662551 0
vt 0.202481031 0.545626223 0
vt 0.117760941 0.521046102 0
vt 0.126449704 0.497776717 0
vt 0.136178941 0.536414921 0
vt 0.148353308 0.554622471 0
vt 0.136178941 0.536414921 0
vt 0.151304781 0.549325526 0
vt 0.117760941 0.521046102 0
vt 0.136178941 0.536414921 0
vt 0.118784219 0.55190444 0
vt 0.117760941 0.521046102 0
vt 0.0704910457 0.517151535 0
vt 0.0908568129 0.506075025 0
vt 0.160992742 0.571256399 0
vt 0.148353308 0.554622471 0
vt 0.151304781 0.549325526 0
vt 0.118784219 0.55190444 0
vt 0.136178941 0.536414921 0
vt 0.148353308 0.554622471 0
vt 0.131168738 0.57741183 0
vt 0.148353308 0.554622471 0
vt 0.160992742 0.571256399 0
vt 0.131168738 0.57741183 0
vt 0.118784219 0.55190444 0
vt 0.148353308 0.554622471 0
vt 0.494022787 0.924542606 0
vt 0.487107366 0.913528681 0
vt 0.494234025 0.908231378 0
vt 0.304931641 0.333021373 0
vt 0.32343933 0.339660436 0
vt 0.324533224 0.350174546 0
vt 0.349360496 0.358242184 0
vt 0.331321687 0.35004878 0
vt 0.328497201 0.315128773 0
vt 0.499444515 0.918486834 0
vt 0.494022787 0.924542606 0
vt 0.494234025 0.908231378 0
vt 0.328497201 0.315128773 0
vt 0.331321687 0.35004878 0
vt 0.32343933 0.339660436 0
vt 0.32343933 0.339660436 0
vt 0.30598858 0.323923051 0
vt 0.328497201 0.315128773 0
vt 0.30598858 0.323923051 0
vt 0.327551872 0.308279604 0
vt 0.328497201 0.315128773 0
vt 0.0564242452 0.422925323 0
vt 0.0909876674 0.44563812 0
vt 0.0751470923 0.457987875 0
vt 0.32343933 0.339660436 0
vt 0.304931641 0.333021373 0
vt 0.30598858 0.323923051 0
vt 0.0564242452 0.422925323 0
vt 0.0751470923 0.457987875 0
vt 0.0482051671 0.440958917 0
vt 0.0306592342 0.0979812667 0
vt 0.046497006 0.105855748 0
vt 0.0466508977 0.110212147 0
vt 0.0599974953 0.47090444 0
vt 0.0482051671 0.440958917 0
vt 0.0751470923 0.457987875 0
vt 0.0306592342 0.0979812667 0
vt 0.05055831 0.0800191611 0
vt 0.046497006 0.105855748 0
vt 0.0599974953 0.47090444 0
vt 0.0751470923 0.457987875 0
vt 0.126449704 0.497776717 0
vt 0.046497006 0.105855748 0
vt 0.0570170432 0.101059876 0
vt 0.0466508977 0.110212147 0
vt 0.0610200427 0.105137005 0
vt 0.0465499908 0.120591626 0
vt 0.0466508977 0.110212147 0
vt 0.0465499908 0.120591626 0
vt 0.0610200427 0.105137005 0
vt 0.0571730584 0.129473731 0
vt 0.0570170432 0.101059876 0
vt 0.0610200427 0.105137005 0
vt 0.0466508977 0.110212147 0
vt 0.046497006 0.105855748 0
vt 0.05055831 0.0800191611 0
vt 0.0553910695 0.0926138014 0
vt 0.0482051671 0.440958917 0
vt 0.0467508435 0.47660917 0
vt 0.0333451107 0.464734137 0
vt 0.0467508435 0.47660917 0
vt 0.0482051671 0.440958917 0
vt 0.0599974953 0.47090444 0
vt 0.0306592342 0.0979812667 0
vt 0.0467918366 0.0601060688 0
vt 0.05055831 0.0800191611 0
vt 0.0553910695 0.0926138014 0
vt 0.0570170432 0.101059876 0
vt 0.046497006 0.105855748 0
vt 0.0553910695 0.0926138014 0
vt 0.0615051985 0.0967314392 0
vt 0.0570170432 0.101059876 0
vt 0.0208180919 0.453090221 0
vt 0.0482051671 0.440958917 0
vt 0.0333451107 0.464734137 0
vt 0.05055831 0.0800191611 0
vt 0.0467918366 0.0601060688 0
vt 0.0567785352 0.0680642873 0
vt 0.0467508435 0.47660917 0
vt 0.0599974953 0.47090444 0
vt 0.0492957011 0.503048241 0
vt 0.0333451107 0.464734137 0
vt 0.0467508435 0.47660917 0
vt 0.0311395489 0.479399472 0
vt 0.0311395489 0.479399472 0
vt 0.00769231562 0.471826106 0
vt 0.0132603273 0.463099718 0
vt 0.0553910695 0.0926138014 0
vt 0.05055831 0.0800191611 0
vt 0.0705672503 0.0834633559 0
vt 0.0567785352 0.0680642873 0
vt 0.0676899254 0.0726794302 0
vt 0.0705672503 0.0834633559 0
vt 0.05055831 0.0800191611 0
vt 0.0567785352 0.0680642873 0
vt 0.0705672503 0.0834633559 0
vt 0.0571730584 0.129473731 0
vt 0.0610200427 0.105137005 0
vt 0.0699050128 0.116790943 0
vt 0.0613835938 0.492234021 0
vt 0.0599974953 0.47090444 0
vt 0.0908568129 0.506075025 0
vt 0.0613835938 0.492234021 0
vt 0.0492957011 0.503048241 0
vt 0.0599974953 0.47090444 0
vt 0.0467508435 0.47660917 0
vt 0.0372554995 0.505996466 0
vt 0.0311395489 0.479399472 0
vt 0.0492957011 0.503048241 0
vt 0.0372554995 0.505996466 0
vt 0.0467508435 0.47660917 0
vt 0.0615051985 0.0967314392 0
vt 0.0806143284 0.0813555494 0
vt 0.0570170432 0.101059876 0
vt 0.0311395489 0.479399472 0
vt 0.025134448 0.502815723 0
vt 0.00769231562 0.471826106 0
vt 0.0704910457 0.517151535 0
vt 0.0613835938 0.492234021 0
vt 0.0908568129 0.506075025 0
vt 0.0806143284 0.0813555494 0
vt 0.0818219855 0.0935308412 0
vt 0.0570170432 0.101059876 0
vt 0.0570170432 0.101059876 0
vt 0.0818219855 0.0935308412 0
vt 0.0610200427 0.105137005 0
vt 0.0818219855 0.0935308412 0
vt 0.0699050128 0.116790943 0
vt 0.0610200427 0.105137005 0
vt 0.0806360096 0.0688994005 0
vt 0.0806143284 0.0813555494 0
vt 0.0615051985 0.0967314392 0
vt 0.0492957011 0.503048241 0
vt 0.0613835938 0.492234021 0
vt 0.0704910457 0.517151535 0
vt 0.0372554995 0.505996466 0
vt 0.025134448 0.502815723 0
vt 0.0311395489 0.479399472 0
vt 0.0944120511 0.0969916284 0
vt 0.0818219855 0.0935308412 0
vt 0.103589445 0.0861356333 0
vt 0.0944120511 0.0969916284 0
vt 0.0699050128 0.116790943 0
vt 0.0818219855 0.0935308412 0
vt 0.0806143284 0.0813555494 0
vt 0.118395828 0.046671778 0
vt 0.0818219855 0.0935308412 0
vt 0.0944120511 0.0969916284 0
vt 0.0803393051 0.127552316 0
vt 0.0699050128 0.116790943 0
vt 0.0803393051 0.127552316 0
vt 0.0944120511 0.0969916284 0
vt 0.095604822 0.107007325 0
vt 0.103589445 0.0861356333 0
vt 0.123037383 0.0908645689 0
vt 0.109967038 0.0989969745 0
vt 0.0492957011 0.503048241 0
vt 0.0704910457 0.517151535 0
vt 0.0459389314 0.522751808 0
vt 0.095604822 0.107007325 0
vt 0.0944120511 0.0969916284 0
vt 0.103589445 0.0861356333 0
vt 0.095604822 0.107007325 0
vt 0.103589445 0.0861356333 0
vt 0.109967038 0.0989969745 0
vt 0.095604822 0.107007325 0
vt 0.109967038 0.0989969745 0
vt 0.110880136 0.109056547 0
vt 0.0806143284 0.0813555494 0
vt 0.0806360096 0.0688994005 0
vt 0.118395828 0.046671778 0
vt 0.0806360096 0.0688994005 0
vt 0.0799199119 0.0546221249 0
vt 0.118395828 0.046671778 0
vt 0.105088428 0.129132256 0
vt 0.0937582925 0.128524572 0
vt 0.095604822 0.107007325 0
vt 0.0803393051 0.127552316 0
vt 0.095604822 0.107007325 0
vt 0.0937582925 0.128524572 0
vt 0.0909876674 0.44563812 0
vt 0.103405163 0.421482116 0
vt 0.115958735 0.4479509 0
vt 0.0564242452 0.422925323 0
vt 0.103405163 0.421482116 0
vt 0.0909876674 0.44563812 0
vt 0.0578528568 0.399084449 0
vt 0.103405163 0.421482116 0
vt 0.0564242452 0.422925323 0
vt 0.115958735 0.4479509 0
vt 0.103405163 0.421482116 0
vt 0.167172879 0.482771724 0
vt 0.499444515 0.918486834 0
vt 0.510228217 0.931453049 0
vt 0.501347661 0.940793574 0
vt 0.310979873 0.388020903 0
vt 0.299797624 0.371900588 0
vt 0.326637775 0.366366029 0
vt 0.0165446196 0.033550337 0
vt 0.0367949121 0.0456660986 0
vt 0.00735061616 0.0370731354 0
vt 0.0376071855 0.405803114 0
vt 0.0265184138 0.415086269 0
vt 0.0381570458 0.386133343 0
vt 0.326637775 0.366366029 0
vt 0.297167301 0.35372898 0
vt 0.304931641 0.333021373 0
vt 0.326637775 0.366366029 0
vt 0.299797624 0.371900588 0
vt 0.297167301 0.35372898 0
vt 0.00735061616 0.0370731354 0
vt 0.0367949121 0.0456660986 0
vt 0.0338318981 0.0650729313 0
vt 0.00735061616 0.0370731354 0
vt 0.0338318981 0.0650729313 0
vt 0.0222362448 0.0654945001 0
vt 0.0222362448 0.0654945001 0
vt 0.0338318981 0.0650729313 0
vt 0.026444478 0.077301003 0
vt 0.026444478 0.077301003 0
vt 0.0306592342 0.0979812667 0
vt 0.0277333222 0.0928475037 0
vt 0.0376071855 0.405803114 0
vt 0.0564242452 0.422925323 0
vt 0.0482051671 0.440958917 0
vt 0.0367949121 0.0456660986 0
vt 0.0413014926 0.0535626262 0
vt 0.0338318981 0.0650729313 0
vt 0.0198129471 0.424999356 0
vt 0.0265184138 0.415086269 0
vt 0.0376071855 0.405803114 0
vt 0.0338318981 0.0650729313 0
vt 0.0467918366 0.0601060688 0
vt 0.026444478 0.077301003 0
vt 0.0198129471 0.424999356 0
vt 0.0376071855 0.405803114 0
vt 0.0166818909 0.436004043 0
vt 0.026444478 0.077301003 0
vt 0.0467918366 0.0601060688 0
vt 0.0306592342 0.0979812667 0
vt 0.0166818909 0.436004043 0
vt 0.0376071855 0.405803114 0
vt 0.0482051671 0.440958917 0
vt 0.0338318981 0.0650729313 0
vt 0.0413014926 0.0535626262 0
vt 0.0467918366 0.0601060688 0
vt 0.0669827089 0.133735821 0
vt 0.0580927879 0.140949652 0
vt 0.0571730584 0.129473731 0
vt 0.0166818909 0.436004043 0
vt 0.0482051671 0.440958917 0
vt 0.0208180919 0.453090221 0
vt 0.0669827089 0.133735821 0
vt 0.0571730584 0.129473731 0
vt 0.0699050128 0.116790943 0
vt 0.0803393051 0.127552316 0
vt 0.0669827089 0.133735821 0
vt 0.0699050128 0.116790943 0
vt 0.068435885 0.140128776 0
vt 0.0669827089 0.133735821 0
vt 0.0803393051 0.127552316 0
vt 0.0714548752 0.144821852 0
vt 0.068435885 0.140128776 0
vt 0.0748779327 0.136551514 0
vt 0.0748779327 0.136551514 0
vt 0.068435885 0.140128776 0
vt 0.0803393051 0.127552316 0
vt 0.0376071855 0.405803114 0
vt 0.0578528568 0.399084449 0
vt 0.0564242452 0.422925323 0
vt 0.23693189 0.0484833717 0
vt 0.284516662 0.0388702713 0
vt 0.254985154 0.0505983867 0
vt 0.254985154 0.0505983867 0
vt 0.284516662 0.0388702713 0
vt 0.276349217 0.0444156751 0
vt 0.239655375 0.0771111995 0
vt 0.254985154 0.0505983867 0
vt 0.258399189 0.0840445831 0
vt 0.23693189 0.0484833717 0
vt 0.205600351 0.0375404097 0
vt 0.284516662 0.0388702713 0
vt 0.226060584 0.0734708831 0
vt 0.23693189 0.0484833717 0
vt 0.254985154 0.0505983867 0
vt 0.183255866 0.65284127 0
vt 0.132156387 0.610034525 0
vt 0.203993112 0.645927072 0
vt 0.160931095 0.644961953 0
vt 0.132156387 0.610034525 0
vt 0.183255866 0.65284127 0
vt 0.280408949 0.0575217791 0
vt 0.254985154 0.0505983867 0
vt 0.276349217 0.0444156751 0
vt 0.258399189 0.0840445831 0
vt 0.254985154 0.0505983867 0
vt 0.285334378 0.0739794895 0
vt 0.205600351 0.0375404097 0
vt 0.235390604 0.0126725025 0
vt 0.284516662 0.0388702713 0
vt 0.231219724 0.0867939517 0
vt 0.239655375 0.0771111995 0
vt 0.258399189 0.0840445831 0
vt 0.208113372 0.0931945369 0
vt 0.231219724 0.0867939517 0
vt 0.258399189 0.0840445831 0
vt 0.239655375 0.0771111995 0
vt 0.226060584 0.0734708831 0
vt 0.254985154 0.0505983867 0
vt 0.10075698 0.594230056 0
vt 0.132156387 0.610034525 0
vt 0.128379792 0.616728365 0
vt 0.280408949 0.0575217791 0
vt 0.276349217 0.0444156751 0
vt 0.305614501 0.0548263192 0
vt 0.30969575 0.0288005006 0
vt 0.284516662 0.0388702713 0
vt 0.235390604 0.0126725025 0
vt 0.285334378 0.0739794895 0
vt 0.254985154 0.0505983867 0
vt 0.280408949 0.0575217791 0
vt 0.160931095 0.644961953 0
vt 0.128379792 0.616728365 0
vt 0.132156387 0.610034525 0
vt 0.285334378 0.0739794895 0
vt 0.280408949 0.0575217791 0
vt 0.305614501 0.0548263192 0
vt 0.235390604 0.0126725025 0
vt 0.284588277 0.0159446653 0
vt 0.30969575 0.0288005006 0
vt 0.258399189 0.0840445831 0
vt 0.285334378 0.0739794895 0
vt 0.278163493 0.090788275 0
vt 0.305614501 0.0548263192 0
vt 0.318525642 0.0854805931 0
vt 0.285334378 0.0739794895 0
vt 0.278163493 0.090788275 0
vt 0.318525642 0.0854805931 0
vt 0.303902119 0.0943289772 0
vt 0.303902119 0.0943289772 0
vt 0.270513147 0.101888016 0
vt 0.278163493 0.090788275 0
vt 0.278163493 0.090788275 0
vt 0.285334378 0.0739794895 0
vt 0.318525642 0.0854805931 0
vt 0.270513147 0.101888016 0
vt 0.258399189 0.0840445831 0
vt 0.278163493 0.090788275 0
vt 0.270513147 0.101888016 0
vt 0.303902119 0.0943289772 0
vt 0.281062037 0.118552364 0
vt 0.216181904 0.118998587 0
vt 0.258399189 0.0840445831 0
vt 0.270513147 0.101888016 0
vt 0.216181904 0.118998587 0
vt 0.208113372 0.0931945369 0
vt 0.258399189 0.0840445831 0
vt 0.249578491 0.11416854 0
vt 0.270513147 0.101888016 0
vt 0.257595152 0.117289804 0
vt 0.249578491 0.11416854 0
vt 0.216181904 0.118998587 0
vt 0.270513147 0.101888016 0
vt 0.148291856 0.593592703 0
vt 0.160992742 0.571256399 0
vt 0.188109636 0.593591392 0
vt 0.148291856 0.593592703 0
vt 0.188109636 0.593591392 0
vt 0.203993112 0.645927072 0
vt 0.132156387 0.610034525 0
vt 0.131168738 0.57741183 0
vt 0.148291856 0.593592703 0
vt 0.132156387 0.610034525 0
vt 0.148291856 0.593592703 0
vt 0.203993112 0.645927072 0
vt 0.0802782476 0.564575851 0
vt 0.0704910457 0.517151535 0
vt 0.0957336053 0.547940016 0
vt 0.0802782476 0.564575851 0
vt 0.0957336053 0.547940016 0
vt 0.118784219 0.55190444 0
vt 0.14282921 0.0641561672 0
vt 0.143362895 0.0470723771 0
vt 0.184758589 0.0540268458 0
vt 0.0802782476 0.564575851 0
vt 0.118784219 0.55190444 0
vt 0.131168738 0.57741183 0
vt 0.143362895 0.0470723771 0
vt 0.170756415 0.0416345485 0
vt 0.184758589 0.0540268458 0
vt 0.14282921 0.0641561672 0
vt 0.184758589 0.0540268458 0
vt 0.176940218 0.0777784586 0
vt 0.170756415 0.0416345485 0
vt 0.205600351 0.0375404097 0
vt 0.184758589 0.0540268458 0
vt 0.0802782476 0.564575851 0
vt 0.0786395743 0.575464964 0
vt 0.0613712743 0.556217551 0
vt 0.149013668 0.111867927 0
vt 0.137169406 0.0952515453 0
vt 0.161883771 0.101784572 0
vt 0.161883771 0.101784572 0
vt 0.157011062 0.112260558 0
vt 0.149013668 0.111867927 0
vt 0.131168738 0.57741183 0
vt 0.132156387 0.610034525 0
vt 0.0802782476 0.564575851 0
vt 0.184758589 0.0540268458 0
vt 0.205600351 0.0375404097 0
vt 0.23693189 0.0484833717 0
vt 0.0786395743 0.575464964 0
vt 0.0802782476 0.564575851 0
vt 0.10075698 0.594230056 0
vt 0.176940218 0.0777784586 0
vt 0.184758589 0.0540268458 0
vt 0.226060584 0.0734708831 0
vt 0.170756415 0.0416345485 0
vt 0.198310524 0.0273705088 0
vt 0.205600351 0.0375404097 0
vt 0.161883771 0.101784572 0
vt 0.196561411 0.0906778127 0
vt 0.208113372 0.0931945369 0
vt 0.137169406 0.0952515453 0
vt 0.196561411 0.0906778127 0
vt 0.161883771 0.101784572 0
vt 0.196561411 0.0906778127 0
vt 0.137169406 0.0952515453 0
vt 0.176940218 0.0777784586 0
vt 0.0802782476 0.564575851 0
vt 0.132156387 0.610034525 0
vt 0.10075698 0.594230056 0
vt 0.226060584 0.0734708831 0
vt 0.184758589 0.0540268458 0
vt 0.23693189 0.0484833717 0
vt 0.189293861 0.119934499 0
vt 0.161883771 0.101784572 0
vt 0.208113372 0.0931945369 0
vt 0.189293861 0.119934499 0
vt 0.175171092 0.124475591 0
vt 0.157011062 0.112260558 0
vt 0.231219724 0.0867939517 0
vt 0.226060584 0.0734708831 0
vt 0.239655375 0.0771111995 0
vt 0.205600351 0.0375404097 0
vt 0.198310524 0.0273705088 0
vt 0.235390604 0.0126725025 0
vt 0.208113372 0.0931945369 0
vt 0.196561411 0.0906778127 0
vt 0.226060584 0.0734708831 0
vt 0.196561411 0.0906778127 0
vt 0.176940218 0.0777784586 0
vt 0.226060584 0.0734708831 0
vt 0.189293861 0.119934499 0
vt 0.208113372 0.0931945369 0
vt 0.216181904 0.118998587 0
vt 0.157011062 0.112260558 0
vt 0.161883771 0.101784572 0
vt 0.189293861 0.119934499 0
vt 0.131168738 0.57741183 0
vt 0.160992742 0.571256399 0
vt 0.148291856 0.593592703 0
vt 0.103589445 0.0861356333 0
vt 0.0818219855 0.0935308412 0
vt 0.119719282 0.0725943819 0
vt 0.123037383 0.0908645689 0
vt 0.119719282 0.0725943819 0
vt 0.129011407 0.0782190114 0
vt 0.123037383 0.0908645689 0
vt 0.103589445 0.0861356333 0
vt 0.119719282 0.0725943819 0
vt 0.0492957011 0.503048241 0
vt 0.0459389314 0.522751808 0
vt 0.0372554995 0.505996466 0
vt 0.105088428 0.129132256 0
vt 0.095604822 0.107007325 0
vt 0.113856517 0.120868497 0
vt 0.0459389314 0.522751808 0
vt 0.0704910457 0.517151535 0
vt 0.0802782476 0.564575851 0
vt 0.119719282 0.0725943819 0
vt 0.0818219855 0.0935308412 0
vt 0.143362895 0.0470723771 0
vt 0.0818219855 0.0935308412 0
vt 0.118395828 0.046671778 0
vt 0.143362895 0.0470723771 0
vt 0.110880136 0.109056547 0
vt 0.109967038 0.0989969745 0
vt 0.12179599 0.109840952 0
vt 0.123037383 0.0908645689 0
vt 0.12179599 0.109840952 0
vt 0.109967038 0.0989969745 0
vt 0.113856517 0.120868497 0
vt 0.110880136 0.109056547 0
vt 0.12179599 0.109840952 0
vt 0.0799199119 0.0546221249 0
vt 0.0991223082 0.0440265685 0
vt 0.118395828 0.046671778 0
vt 0.113856517 0.120868497 0
vt 0.095604822 0.107007325 0
vt 0.110880136 0.109056547 0
vt 0.119719282 0.0725943819 0
vt 0.143362895 0.0470723771 0
vt 0.14282921 0.0641561672 0
vt 0.129011407 0.0782190114 0
vt 0.119719282 0.0725943819 0
vt 0.14282921 0.0641561672 0
vt 0.12179599 0.109840952 0
vt 0.137169406 0.0952515453 0
vt 0.130560949 0.115896918 0
vt 0.0459389314 0.522751808 0
vt 0.0802782476 0.564575851 0
vt 0.0470653065 0.540809453 0
vt 0.12179599 0.109840952 0
vt 0.132917047 0.0943909213 0
vt 0.137169406 0.0952515453 0
vt 0.123037383 0.0908645689 0
vt 0.132917047 0.0943909213 0
vt 0.12179599 0.109840952 0
vt 0.132917047 0.0943909213 0
vt 0.123037383 0.0908645689 0
vt 0.129011407 0.0782190114 0
vt 0.176940218 0.0777784586 0
vt 0.129011407 0.0782190114 0
vt 0.14282921 0.0641561672 0
vt 0.129011407 0.0782190114 0
vt 0.176940218 0.0777784586 0
vt 0.137169406 0.0952515453 0
vt 0.0470653065 0.540809453 0
vt 0.0802782476 0.564575851 0
vt 0.0613712743 0.556217551 0
vt 0.137169406 0.0952515453 0
vt 0.132917047 0.0943909213 0
vt 0.129011407 0.0782190114 0
vt 0.208113372 0.0931945369 0
vt 0.226060584 0.0734708831 0
vt 0.231219724 0.0867939517 0
vt 0.0579753034 0.205987915 0
vt 0.0691040978 0.208920568 0
vt 0.0639016628 0.221668035 0
vt 0.367958993 0.22565259 0
vt 0.372396976 0.201376811 0
vt 0.41470769 0.225049123 0
vt 0.613155961 0.361867428 0
vt 0.601717591 0.351889521 0
vt 0.609777987 0.351946503 0
vt 0.748719037 0.212690458 0
vt 0.752733469 0.200732738 0
vt 0.75783205 0.191828698 0
vt 0.722100675 0.45844093 0
vt 0.75050056 0.418393821 0
vt 0.757790148 0.450266212 0
vn 0.508399129 0.167222381 -0.844728887
vn -0.549192309 0.792049646 -0.266543031
vn -0.497830003 -0.180142269 0.848359585
vn 0.571746528 -0.787374914 0.230535671
vn 0.508399129 0.167222381 -0.844728887
vn -0.497830003 -0.180142269 0.848359585
vn 0.571746528 -0.787374914 0.230535671
vn -0.497830003 -0.180142269 0.848359585
vn -0.549192309 0.792049646 -0.266543031
vn 0.571746528 -0.787374914 0.230535671
vn -0.549192309 0.792049646 -0.266543031
vn 0.508399129 0.167222381 -0.844728887
vn -0.686968565 -0.0824837834 0.721990764
vn 0.663455665 -0.47535798 0.577807486
vn -0.0138209481 0.99575609 0.0909879059
vn 0.663455665 -0.47535798 0.577807486
vn -0.613919437 -0.464212477 -0.638443232
vn -0.0138209481 0.99575609 0.0909879059
vn -0.613919437 -0.464212477 -0.638443232
vn -0.686968565 -0.0824837834 0.721990764
vn -0.0138209481 0.99575609 0.0909879059
vn -0.613919437 -0.464212477 -0.638443232
vn 0.663455665 -0.47535798 0.577807486
vn -0.686968565 -0.0824837834 0.721990764
vn -0.85345304 -0.511301696 -0.0654835999
vn -0.646629274 -0.733917654 -0.0419321619
vn -0.510215759 -0.336851954 -0.69789511
vn -0.83205694 -0.140439704 -0.53661716
vn -0.85345304 -0.511301696 -0.0654835999
vn -0.805141747 -0.134238333 -0.577691019
vn -0.697080016 -0.221196294 -0.672108591
vn -0.550032854 -0.49824357 -0.692592859
vn -0.803945959 -0.269343019 -0.548379779
vn -0.83205694 -0.140439704 -0.53661716
vn -0.805141747 -0.134238333 -0.577691019
vn -0.697080016 -0.221196294 -0.672108591
vn -0.85345304 -0.511301696 -0.0654835999
vn -0.510215759 -0.336851954 -0.69789511
vn -0.805141747 -0.134238333 -0.577691019
vn -0.697080016 -0.221196294 -0.672108591
vn -0.390780419 -0.5477525 -0.744760573
vn -0.550032854 -0.49824357 -0.692592859
vn -0.510215759 -0.336851954 -0.69789511
vn -0.323293418 -0.133307487 -0.920648158
vn -0.697080016 -0.221196294 -0.672108591
vn -0.805141747 -0.134238333 -0.577691019
vn -0.510215759 -0.336851954 -0.69789511
vn -0.697080016 -0.221196294 -0.672108591
vn -0.784127772 -0.0470864512 -0.604572058
vn -0.520613313 -0.229820907 -0.787198901
vn -0.763837278 -0.55537051 -0.288350463
vn -0.0649632439 -0.861278653 -0.604418099
vn -0.520613313 -0.229820907 -0.787198901
vn -0.172149092 -0.301052153 -0.970937788
vn -0.427687734 -0.886480868 -0.282176197
vn -0.662953436 -0.690583408 -0.146029681
vn -0.845720887 -0.4015342 -0.308812052
vn -0.821569383 -0.41685608 -0.416013777
vn -0.927820146 -0.360443383 -0.154057637
vn -0.845720887 -0.4015342 -0.308812052
vn -0.845720887 -0.4015342 -0.308812052
vn -0.927820146 -0.360443383 -0.154057637
vn -0.427687734 -0.886480868 -0.282176197
vn -0.850094974 -0.488779515 0.129966751
vn -0.895324528 0.0185073297 0.500043333
vn -0.581652939 -0.681396127 -0.646365702
vn -0.895324528 0.0185073297 0.500043333
vn -0.66390425 -0.194089338 -0.687093437
vn -0.581652939 -0.681396127 -0.646365702
vn -0.895324528 0.0185073297 0.500043333
vn -0.824519098 -0.106799267 -0.586303949
vn -0.66390425 -0.194089338 -0.687093437
vn -0.927820146 -0.360443383 -0.154057637
vn -0.824519098 -0.106799267 -0.586303949
vn -0.895324528 0.0185073297 0.500043333
vn -0.427687734 -0.886480868 -0.282176197
vn -0.927820146 -0.360443383 -0.154057637
vn -0.717133939 -0.309572309 0.513240814
vn -0.927820146 -0.360443383 -0.154057637
vn -0.821569383 -0.41685608 -0.416013777
vn -0.824519098 -0.106799267 -0.586303949
vn -0.913510799 -0.151746109 0.248565197
vn -0.895324528 0.0185073297 0.500043333
vn -0.850094974 -0.488779515 0.129966751
vn -0.717133939 -0.309572309 0.513240814
vn -0.895324528 0.0185073297 0.500043333
vn -0.913510799 -0.151746109 0.248565197
vn -0.824519098 -0.106799267 -0.586303949
vn -0.775707781 -0.109895892 -0.623254359
vn -0.66390425 -0.194089338 -0.687093437
vn -0.427687734 -0.886480868 -0.282176197
vn -0.717133939 -0.309572309 0.513240814
vn -0.542659521 -0.777301729 -0.455787301
vn -0.856076717 -0.321112961 -0.423689693
vn -0.542659521 -0.777301729 -0.455787301
vn -0.862318993 -0.407667249 0.20733875
vn -0.927820146 -0.360443383 -0.154057637
vn -0.895324528 0.0185073297 0.500043333
vn -0.717133939 -0.309572309 0.513240814
vn -0.913510799 -0.151746109 0.248565197
vn -0.850094974 -0.488779515 0.129966751
vn -0.646629274 -0.733917654 -0.0419321619
vn -0.581652939 -0.681396127 -0.646365702
vn -0.646629274 -0.733917654 -0.0419321619
vn -0.850094974 -0.488779515 0.129966751
vn -0.901874185 -0.264047086 -0.0572055206
vn -0.717133939 -0.309572309 0.513240814
vn -0.913510799 -0.151746109 0.248565197
vn -0.542659521 -0.777301729 -0.455787301
vn -0.717133939 -0.309572309 0.513240814
vn -0.862318993 -0.407667249 0.20733875
vn -0.913510799 -0.151746109 0.248565197
vn -0.646629274 -0.733917654 -0.0419321619
vn -0.85345304 -0.511301696 -0.0654835999
vn -0.838162482 -0.171064332 -0.517900169
vn -0.901874185 -0.264047086 -0.0572055206
vn -0.913510799 -0.151746109 0.248565197
vn -0.862318993 -0.407667249 0.20733875
vn -0.717133939 -0.309572309 0.513240814
vn -0.901874185 -0.264047086 -0.0572055206
vn -0.862318993 -0.407667249 0.20733875
vn -0.901874185 -0.264047086 -0.0572055206
vn -0.856076717 -0.321112961 -0.423689693
vn -0.66390425 -0.194089338 -0.687093437
vn -0.775707781 -0.109895892 -0.623254359
vn -0.806337953 -0.351876497 -0.35107851
vn -0.978427529 -0.0788328573 -0.0559666976
vn -0.763837278 -0.55537051 -0.288350463
vn -0.842196524 -0.566883922 -0.0401115902
vn -0.806337953 -0.351876497 -0.35107851
vn -0.978427529 -0.0788328573 -0.0559666976
vn -0.842196524 -0.566883922 -0.0401115902
vn -1.00028837 -0.0506215505 -0.0509564765
vn -0.806337953 -0.351876497 -0.35107851
vn -0.775707781 -0.109895892 -0.623254359
vn -0.997349262 -0.122695878 -0.0873949677
vn -0.763837278 -0.55537051 -0.288350463
vn -0.978427529 -0.0788328573 -0.0559666976
vn -1.00028837 -0.0506215505 -0.0509564765
vn -0.978427529 -0.0788328573 -0.0559666976
vn -0.806337953 -0.351876497 -0.35107851
vn -0.913510799 -0.151746109 0.248565197
vn -0.85345304 -0.511301696 -0.0654835999
vn -0.83205694 -0.140439704 -0.53661716
vn -0.838162482 -0.171064332 -0.517900169
vn -0.913510799 -0.151746109 0.248565197
vn -0.83205694 -0.140439704 -0.53661716
vn -0.806337953 -0.351876497 -0.35107851
vn -0.460425705 -0.258228689 -0.866281033
vn -0.66390425 -0.194089338 -0.687093437
vn -0.997349262 -0.122695878 -0.0873949677
vn -0.784127772 -0.0470864512 -0.604572058
vn -0.763837278 -0.55537051 -0.288350463
vn -0.581652939 -0.681396127 -0.646365702
vn -0.592461705 -0.716808259 -0.552850544
vn -0.646629274 -0.733917654 -0.0419321619
vn -0.460425705 -0.258228689 -0.866281033
vn -0.842196524 -0.566883922 -0.0401115902
vn -0.763837278 -0.55537051 -0.288350463
vn -0.806337953 -0.351876497 -0.35107851
vn -0.842196524 -0.566883922 -0.0401115902
vn -0.460425705 -0.258228689 -0.866281033
vn -0.66390425 -0.194089338 -0.687093437
vn -0.460425705 -0.258228689 -0.866281033
vn -0.793524981 -0.215198755 -0.0144880284
vn -0.0649632439 -0.861278653 -0.604418099
vn -0.763837278 -0.55537051 -0.288350463
vn -0.520613313 -0.229820907 -0.787198901
vn -0.66390425 -0.194089338 -0.687093437
vn -0.793524981 -0.215198755 -0.0144880284
vn -0.581652939 -0.681396127 -0.646365702
vn -0.460425705 -0.258228689 -0.866281033
vn -0.763837278 -0.55537051 -0.288350463
vn -0.0649632439 -0.861278653 -0.604418099
vn -0.489884704 0.0549251512 -0.885746181
vn -0.520613313 -0.229820907 -0.787198901
vn -0.784127772 -0.0470864512 -0.604572058
vn -0.666064501 0.0772237405 -0.743489325
vn -0.489884704 0.0549251512 -0.885746181
vn -0.784127772 -0.0470864512 -0.604572058
vn -0.489884704 0.0549251512 -0.885746181
vn -0.643952191 0.0323287398 -0.481778413
vn -0.520613313 -0.229820907 -0.787198901
vn -0.923575163 0.116129391 -0.34875378
vn -0.913690388 0.0869892389 -0.410898894
vn -0.938028872 -0.254009783 -0.243566453
vn -0.913690388 0.0869892389 -0.410898894
vn -0.589653909 -0.00424127933 -0.801573992
vn -0.938028872 -0.254009783 -0.243566453
vn -0.913690388 0.0869892389 -0.410898894
vn -0.786294281 0.220818952 -0.52331996
vn -0.589653909 -0.00424127933 -0.801573992
vn -0.938028872 -0.254009783 -0.243566453
vn -0.589653909 -0.00424127933 -0.801573992
vn -0.821569383 -0.41685608 -0.416013777
vn -0.786294281 0.220818952 -0.52331996
vn -0.436763346 0.129039109 -0.890273452
vn -0.589653909 -0.00424127933 -0.801573992
vn -0.436763346 0.129039109 -0.890273452
vn -0.567339897 0.1016827 -0.77503711
vn -0.589653909 -0.00424127933 -0.801573992
vn -0.589653909 -0.00424127933 -0.801573992
vn -0.624159157 -0.207623541 -0.758465469
vn -0.821569383 -0.41685608 -0.416013777
vn -0.845720887 -0.4015342 -0.308812052
vn -0.931900918 -0.310946554 -0.211844832
vn -0.821569383 -0.41685608 -0.416013777
vn -0.589653909 -0.00424127933 -0.801573992
vn -0.599677682 0.0501952097 -0.802075088
vn -0.624159157 -0.207623541 -0.758465469
vn -0.567339897 0.1016827 -0.77503711
vn -0.599677682 0.0501952097 -0.802075088
vn -0.589653909 -0.00424127933 -0.801573992
vn -0.821569383 -0.41685608 -0.416013777
vn -0.624159157 -0.207623541 -0.758465469
vn -0.824519098 -0.106799267 -0.586303949
vn -0.624159157 -0.207623541 -0.758465469
vn -0.775707781 -0.109895892 -0.623254359
vn -0.824519098 -0.106799267 -0.586303949
vn -0.567339897 0.1016827 -0.77503711
vn -0.645750463 0.029437907 -0.754970431
vn -0.599677682 0.0501952097 -0.802075088
vn -0.963537216 0.146909013 -0.271249413
vn -0.831295133 -0.0743860379 -0.527229548
vn -0.567339897 0.1016827 -0.77503711
vn -0.817469597 0.142169118 -0.547971189
vn -0.963537216 0.146909013 -0.271249413
vn -0.567339897 0.1016827 -0.77503711
vn -1.00028837 -0.0506215505 -0.0509564765
vn -0.775707781 -0.109895892 -0.623254359
vn -0.599677682 0.0501952097 -0.802075088
vn -0.624159157 -0.207623541 -0.758465469
vn -0.599677682 0.0501952097 -0.802075088
vn -0.775707781 -0.109895892 -0.623254359
vn -0.599677682 0.0501952097 -0.802075088
vn -0.937809765 0.237250701 -0.0568540879
vn -1.00028837 -0.0506215505 -0.0509564765
vn -0.645750463 0.029437907 -0.754970431
vn -0.937809765 0.237250701 -0.0568540879
vn -0.599677682 0.0501952097 -0.802075088
vn -0.950037062 0.0425784066 -0.190506458
vn -0.937809765 0.237250701 -0.0568540879
vn -0.645750463 0.029437907 -0.754970431
vn -0.567339897 0.1016827 -0.77503711
vn -0.831295133 -0.0743860379 -0.527229548
vn -0.645750463 0.029437907 -0.754970431
vn -0.831295133 -0.0743860379 -0.527229548
vn -0.950037062 0.0425784066 -0.190506458
vn -0.645750463 0.029437907 -0.754970431
vn -0.963537216 0.146909013 -0.271249413
vn -0.89704895 0.00838959124 -0.442872882
vn -0.831295133 -0.0743860379 -0.527229548
vn -0.978427529 -0.0788328573 -0.0559666976
vn -0.967394948 0.120023116 0.125409871
vn -0.997349262 -0.122695878 -0.0873949677
vn -1.00028837 -0.0506215505 -0.0509564765
vn -0.937809765 0.237250701 -0.0568540879
vn -0.978427529 -0.0788328573 -0.0559666976
vn -0.967394948 0.120023116 0.125409871
vn -0.978427529 -0.0788328573 -0.0559666976
vn -0.937809765 0.237250701 -0.0568540879
vn -0.954155445 0.107558928 -0.248344734
vn -0.784127772 -0.0470864512 -0.604572058
vn -0.997349262 -0.122695878 -0.0873949677
vn -0.954155445 0.107558928 -0.248344734
vn -0.997349262 -0.122695878 -0.0873949677
vn -0.967394948 0.120023116 0.125409871
vn -0.950037062 0.0425784066 -0.190506458
vn -0.967394948 0.120023116 0.125409871
vn -0.937809765 0.237250701 -0.0568540879
vn -0.886623263 -0.167867541 -0.278313398
vn -0.967394948 0.120023116 0.125409871
vn -0.950037062 0.0425784066 -0.190506458
vn -0.831295133 -0.0743860379 -0.527229548
vn -0.886623263 -0.167867541 -0.278313398
vn -0.950037062 0.0425784066 -0.190506458
vn -0.977428734 0.0900209025 -0.226177484
vn -0.954155445 0.107558928 -0.248344734
vn -0.967394948 0.120023116 0.125409871
vn -0.886623263 -0.167867541 -0.278313398
vn -0.977428734 0.0900209025 -0.226177484
vn -0.967394948 0.120023116 0.125409871
vn -0.886623263 -0.167867541 -0.278313398
vn -0.89704895 0.00838959124 -0.442872882
vn -0.977428734 0.0900209025 -0.226177484
vn -0.89704895 0.00838959124 -0.442872882
vn -0.886623263 -0.167867541 -0.278313398
vn -0.831295133 -0.0743860379 -0.527229548
vn -0.954155445 0.107558928 -0.248344734
vn -0.666064501 0.0772237405 -0.743489325
vn -0.784127772 -0.0470864512 -0.604572058
vn -0.954155445 0.107558928 -0.248344734
vn -0.977428734 0.0900209025 -0.226177484
vn -0.666064501 0.0772237405 -0.743489325
vn -0.977428734 0.0900209025 -0.226177484
vn -0.685049593 0.0172508433 -0.722560167
vn -0.666064501 0.0772237405 -0.743489325
vn -0.936842203 0.256326139 0.448044419
vn -0.942585349 -0.15909189 -0.298891813
vn -0.881108761 -0.239046767 0.418775707
vn -0.942585349 -0.15909189 -0.298891813
vn -0.821900904 0.0052487771 -0.623794734
vn -0.874157906 -0.499568403 -0.0695659742
vn -0.942585349 -0.15909189 -0.298891813
vn -0.865472496 0.132512316 -0.554369688
vn -0.821900904 0.0052487771 -0.623794734
vn -0.942585349 -0.15909189 -0.298891813
vn -0.874157906 -0.499568403 -0.0695659742
vn -0.881108761 -0.239046767 0.418775707
vn -0.865472496 0.132512316 -0.554369688
vn -0.687767982 -0.56035167 -0.390535027
vn -0.821900904 0.0052487771 -0.623794734
vn -0.721949458 -0.414222598 0.570638478
vn -0.881108761 -0.239046767 0.418775707
vn -0.874157906 -0.499568403 -0.0695659742
vn -0.821900904 0.0052487771 -0.623794734
vn -0.524669886 -0.539184093 -0.627358019
vn -0.790318191 -0.466197968 -0.399719656
vn -0.874157906 -0.499568403 -0.0695659742
vn -0.821900904 0.0052487771 -0.623794734
vn -0.790318191 -0.466197968 -0.399719656
vn -0.52902317 -0.555224836 0.242860645
vn -0.936842203 0.256326139 0.448044419
vn -0.881108761 -0.239046767 0.418775707
vn -0.874157906 -0.499568403 -0.0695659742
vn -0.790318191 -0.466197968 -0.399719656
vn -0.492617488 -0.847112596 -0.233706743
vn -0.867370546 -0.248783559 0.195456013
vn -0.881108761 -0.239046767 0.418775707
vn -0.721949458 -0.414222598 0.570638478
vn -0.52902317 -0.555224836 0.242860645
vn -0.881108761 -0.239046767 0.418775707
vn -0.867370546 -0.248783559 0.195456013
vn -0.203212008 -0.971864522 -0.0344130546
vn -0.874157906 -0.499568403 -0.0695659742
vn -0.492617488 -0.847112596 -0.233706743
vn -0.150474519 -0.931548476 0.262828022
vn -0.721949458 -0.414222598 0.570638478
vn -0.874157906 -0.499568403 -0.0695659742
vn -0.874157906 -0.499568403 -0.0695659742
vn -0.203212008 -0.971864522 -0.0344130546
vn -0.150474519 -0.931548476 0.262828022
vn -0.375873059 -0.807924151 -0.453847885
vn -0.790318191 -0.466197968 -0.399719656
vn -0.524669886 -0.539184093 -0.627358019
vn -0.790318191 -0.466197968 -0.399719656
vn -0.375873059 -0.807924151 -0.453847885
vn -0.492617488 -0.847112596 -0.233706743
vn -0.941739976 -0.0917379111 -0.3258636
vn -0.76933229 -0.577661574 -0.215946332
vn -0.851559937 -0.434307992 0.218821958
vn -1.00039017 0.0393717103 -0.200237721
vn -0.941739976 -0.0917379111 -0.3258636
vn -0.851559937 -0.434307992 0.218821958
vn -0.843242705 -0.0708234534 0.519808352
vn -1.00039017 0.0393717103 -0.200237721
vn -0.851559937 -0.434307992 0.218821958
vn -0.938149929 -0.027842978 -0.345108062
vn -0.941739976 -0.0917379111 -0.3258636
vn -1.00039017 0.0393717103 -0.200237721
vn -0.557953596 -0.817104995 -0.145007581
vn -0.851559937 -0.434307992 0.218821958
vn -0.76933229 -0.577661574 -0.215946332
vn -0.76933229 -0.577661574 -0.215946332
vn -0.941739976 -0.0917379111 -0.3258636
vn -0.45699811 -0.652649105 -0.591990829
vn -0.941739976 -0.0917379111 -0.3258636
vn -0.50288111 -0.294591755 -0.791438818
vn -0.45699811 -0.652649105 -0.591990829
vn -0.801353753 -0.220255867 0.603039324
vn -0.843242705 -0.0708234534 0.519808352
vn -0.851559937 -0.434307992 0.218821958
vn -0.557953596 -0.817104995 -0.145007581
vn -0.76933229 -0.577661574 -0.215946332
vn -0.45699811 -0.652649105 -0.591990829
vn -0.50288111 -0.294591755 -0.791438818
vn 0.33789587 -0.317235768 -0.884385288
vn -0.45699811 -0.652649105 -0.591990829
vn -0.843242705 -0.0708234534 0.519808352
vn -0.801353753 -0.220255867 0.603039324
vn -0.475876868 -0.0855029672 0.868905425
vn -0.400366873 -0.187648848 -0.907252371
vn 0.33789587 -0.317235768 -0.884385288
vn -0.50288111 -0.294591755 -0.791438818
vn -0.793524981 -0.215198755 -0.0144880284
vn -0.843242705 -0.0708234534 0.519808352
vn -0.475876868 -0.0855029672 0.868905425
vn -0.280402929 -0.822803378 -0.518985808
vn -0.557953596 -0.817104995 -0.145007581
vn -0.45699811 -0.652649105 -0.591990829
vn -0.530703008 -0.842145085 -0.0956347808
vn -0.557953596 -0.817104995 -0.145007581
vn -0.280402929 -0.822803378 -0.518985808
vn -0.530703008 -0.842145085 -0.0956347808
vn -0.851559937 -0.434307992 0.218821958
vn -0.557953596 -0.817104995 -0.145007581
vn -0.475876868 -0.0855029672 0.868905425
vn -0.801353753 -0.220255867 0.603039324
vn -0.851559937 -0.434307992 0.218821958
vn -0.475876868 -0.0855029672 0.868905425
vn -0.851559937 -0.434307992 0.218821958
vn -0.530703008 -0.842145085 -0.0956347808
vn 0.33789587 -0.317235768 -0.884385288
vn -0.280402929 -0.822803378 -0.518985808
vn -0.45699811 -0.652649105 -0.591990829
vn -0.367511421 -0.958088815 0.169811904
vn -0.475876868 -0.0855029672 0.868905425
vn -0.530703008 -0.842145085 -0.0956347808
vn 0.443694651 -0.057496015 -0.897714734
vn 0.33789587 -0.317235768 -0.884385288
vn -0.400366873 -0.187648848 -0.907252371
vn -0.530703008 -0.842145085 -0.0956347808
vn -0.280402929 -0.822803378 -0.518985808
vn -0.367511421 -0.958088815 0.169811904
vn 0.443694651 -0.057496015 -0.897714734
vn 0.593067288 0.203188524 -0.757197797
vn 0.33789587 -0.317235768 -0.884385288
vn -0.116162755 -1.00727236 -0.0890872627
vn -0.367511421 -0.958088815 0.169811904
vn -0.280402929 -0.822803378 -0.518985808
vn 0.593067288 0.203188524 -0.757197797
vn 0.287115335 0.0104606394 -0.954300821
vn 0.33789587 -0.317235768 -0.884385288
vn 0.256984234 -0.772207439 -0.592830598
vn -0.280402929 -0.822803378 -0.518985808
vn 0.33789587 -0.317235768 -0.884385288
vn -0.687767982 -0.56035167 -0.390535027
vn -0.367511421 -0.958088815 0.169811904
vn -0.116162755 -1.00727236 -0.0890872627
vn -0.186703116 -0.275403231 -0.868657887
vn 0.195921928 -0.455954194 -0.890997291
vn 0.33789587 -0.317235768 -0.884385288
vn -0.116162755 -1.00727236 -0.0890872627
vn -0.280402929 -0.822803378 -0.518985808
vn 0.256984234 -0.772207439 -0.592830598
vn -0.434763014 -0.659885347 -0.506840169
vn -0.687767982 -0.56035167 -0.390535027
vn -0.116162755 -1.00727236 -0.0890872627
vn 0.33789587 -0.317235768 -0.884385288
vn 0.195921928 -0.455954194 -0.890997291
vn 0.256984234 -0.772207439 -0.592830598
vn 0.195921928 -0.455954194 -0.890997291
vn -0.128316298 -0.443021804 -0.800327718
vn 0.256984234 -0.772207439 -0.592830598
vn 0.195921928 -0.455954194 -0.890997291
vn -0.186703116 -0.275403231 -0.868657887
vn -0.128316298 -0.443021804 -0.800327718
vn -0.525504947 -0.392056495 -0.75068742
vn -0.390780419 -0.5477525 -0.744760573
vn -0.426442206 -0.150354847 -0.880943656
vn -0.697080016 -0.221196294 -0.672108591
vn -0.426442206 -0.150354847 -0.880943656
vn -0.390780419 -0.5477525 -0.744760573
vn -0.697080016 -0.221196294 -0.672108591
vn -0.323293418 -0.133307487 -0.920648158
vn -0.426442206 -0.150354847 -0.880943656
vn -0.455491424 -0.294157326 -0.772037029
vn -0.426442206 -0.150354847 -0.880943656
vn -0.323293418 -0.133307487 -0.920648158
vn -0.510215759 -0.336851954 -0.69789511
vn -0.455491424 -0.294157326 -0.772037029
vn -0.323293418 -0.133307487 -0.920648158
vn -0.510215759 -0.336851954 -0.69789511
vn -0.646629274 -0.733917654 -0.0419321619
vn -0.592461705 -0.716808259 -0.552850544
vn -0.550032854 -0.49824357 -0.692592859
vn -0.217585921 -0.742371142 -0.632017195
vn -0.0191453416 -0.908138156 -0.424237013
vn -0.390780419 -0.5477525 -0.744760573
vn -0.217585921 -0.742371142 -0.632017195
vn -0.550032854 -0.49824357 -0.692592859
vn -0.455491424 -0.294157326 -0.772037029
vn -0.510215759 -0.336851954 -0.69789511
vn -0.592461705 -0.716808259 -0.552850544
vn -0.426442206 -0.150354847 -0.880943656
vn -0.55401516 -0.114894025 -0.822023273
vn -0.525504947 -0.392056495 -0.75068742
vn -0.455491424 -0.294157326 -0.772037029
vn -0.747716308 -0.47219184 -0.438681811
vn -0.426442206 -0.150354847 -0.880943656
vn -0.455491424 -0.294157326 -0.772037029
vn -0.592461705 -0.716808259 -0.552850544
vn -0.747716308 -0.47219184 -0.438681811
vn -0.0191453416 -0.908138156 -0.424237013
vn -0.217585921 -0.742371142 -0.632017195
vn -0.234953374 -0.771841049 -0.608743012
vn -0.217585921 -0.742371142 -0.632017195
vn -0.0933332518 -0.754534364 -0.791617334
vn -0.234953374 -0.771841049 -0.608743012
vn -0.390780419 -0.5477525 -0.744760573
vn -0.0933332518 -0.754534364 -0.791617334
vn -0.217585921 -0.742371142 -0.632017195
vn -0.390780419 -0.5477525 -0.744760573
vn -0.525504947 -0.392056495 -0.75068742
vn -0.0933332518 -0.754534364 -0.791617334
vn -0.747716308 -0.47219184 -0.438681811
vn -0.55401516 -0.114894025 -0.822023273
vn -0.426442206 -0.150354847 -0.880943656
vn -0.0933332518 -0.754534364 -0.791617334
vn -0.525504947 -0.392056495 -0.75068742
vn -0.347404867 -0.667242229 -0.576999664
vn -0.347404867 -0.667242229 -0.576999664
vn -0.525504947 -0.392056495 -0.75068742
vn -0.381488979 -0.376247108 -0.844336569
vn -0.55401516 -0.114894025 -0.822023273
vn -0.381488979 -0.376247108 -0.844336569
vn -0.525504947 -0.392056495 -0.75068742
vn -0.747716308 -0.47219184 -0.438681811
vn -0.592461705 -0.716808259 -0.552850544
vn -0.53926003 -0.68943435 -0.477136075
vn -0.592461705 -0.716808259 -0.552850544
vn -0.581652939 -0.681396127 -0.646365702
vn -0.793524981 -0.215198755 -0.0144880284
vn -0.55401516 -0.114894025 -0.822023273
vn -0.53926003 -0.68943435 -0.477136075
vn -0.381488979 -0.376247108 -0.844336569
vn -0.747716308 -0.47219184 -0.438681811
vn -0.53926003 -0.68943435 -0.477136075
vn -0.55401516 -0.114894025 -0.822023273
vn -0.849283457 -0.376319319 0.164556086
vn -0.793524981 -0.215198755 -0.0144880284
vn -0.475876868 -0.0855029672 0.868905425
vn -0.592461705 -0.716808259 -0.552850544
vn -0.793524981 -0.215198755 -0.0144880284
vn -0.849283457 -0.376319319 0.164556086
vn -0.53926003 -0.68943435 -0.477136075
vn -0.833701551 -0.483124673 -0.0323882774
vn -0.347404867 -0.667242229 -0.576999664
vn -0.53926003 -0.68943435 -0.477136075
vn -0.347404867 -0.667242229 -0.576999664
vn -0.381488979 -0.376247108 -0.844336569
vn -0.234953374 -0.771841049 -0.608743012
vn -0.52902317 -0.555224836 0.242860645
vn -0.0299203768 -0.977493763 -0.20706664
vn -0.234953374 -0.771841049 -0.608743012
vn -0.0933332518 -0.754534364 -0.791617334
vn -0.52902317 -0.555224836 0.242860645
vn -0.446515024 -0.644759178 0.620411098
vn -0.475876868 -0.0855029672 0.868905425
vn -0.367511421 -0.958088815 0.169811904
vn -0.936842203 0.256326139 0.448044419
vn -0.88748765 0.145803064 -0.437158078
vn -0.865472496 0.132512316 -0.554369688
vn -0.936842203 0.256326139 0.448044419
vn -0.924691379 0.180972204 -0.334954798
vn -0.88748765 0.145803064 -0.437158078
vn -0.849283457 -0.376319319 0.164556086
vn -0.475876868 -0.0855029672 0.868905425
vn -0.446515024 -0.644759178 0.620411098
vn -0.833701551 -0.483124673 -0.0323882774
vn -0.53926003 -0.68943435 -0.477136075
vn -0.849283457 -0.376319319 0.164556086
vn -0.53926003 -0.68943435 -0.477136075
vn -0.592461705 -0.716808259 -0.552850544
vn -0.849283457 -0.376319319 0.164556086
vn -0.936842203 0.256326139 0.448044419
vn -0.865472496 0.132512316 -0.554369688
vn -0.942585349 -0.15909189 -0.298891813
vn 0.584298253 -0.786398292 0.126442268
vn -0.0299203768 -0.977493763 -0.20706664
vn -0.52902317 -0.555224836 0.242860645
vn -0.924691379 0.180972204 -0.334954798
vn -0.849283457 -0.376319319 0.164556086
vn -0.88748765 0.145803064 -0.437158078
vn -0.687767982 -0.56035167 -0.390535027
vn -0.446515024 -0.644759178 0.620411098
vn -0.367511421 -0.958088815 0.169811904
vn -0.982385397 -0.16040504 -0.0958606824
vn -0.446515024 -0.644759178 0.620411098
vn -0.687767982 -0.56035167 -0.390535027
vn -0.982385397 -0.16040504 -0.0958606824
vn -0.88748765 0.145803064 -0.437158078
vn -0.849283457 -0.376319319 0.164556086
vn -0.833701551 -0.483124673 -0.0323882774
vn -0.849283457 -0.376319319 0.164556086
vn -0.924691379 0.180972204 -0.334954798
vn -0.842399359 -0.517564118 -0.191792175
vn -0.833701551 -0.483124673 -0.0323882774
vn -0.936842203 0.256326139 0.448044419
vn -0.849283457 -0.376319319 0.164556086
vn -0.446515024 -0.644759178 0.620411098
vn -0.982385397 -0.16040504 -0.0958606824
vn -0.347404867 -0.667242229 -0.576999664
vn -0.842399359 -0.517564118 -0.191792175
vn -0.0933332518 -0.754534364 -0.791617334
vn -0.842399359 -0.517564118 -0.191792175
vn -0.347404867 -0.667242229 -0.576999664
vn -0.833701551 -0.483124673 -0.0323882774
vn 0.584298253 -0.786398292 0.126442268
vn -0.52902317 -0.555224836 0.242860645
vn -0.453165919 -0.682994664 0.106926277
vn -0.687767982 -0.56035167 -0.390535027
vn -0.865472496 0.132512316 -0.554369688
vn -0.88748765 0.145803064 -0.437158078
vn -0.982385397 -0.16040504 -0.0958606824
vn -0.687767982 -0.56035167 -0.390535027
vn -0.88748765 0.145803064 -0.437158078
vn -0.842399359 -0.517564118 -0.191792175
vn -0.936842203 0.256326139 0.448044419
vn -0.52902317 -0.555224836 0.242860645
vn -0.0933332518 -0.754534364 -0.791617334
vn -0.842399359 -0.517564118 -0.191792175
vn -0.52902317 -0.555224836 0.242860645
vn -0.453165919 -0.682994664 0.106926277
vn -0.561726272 -0.693621874 0.240897655
vn 0.584298253 -0.786398292 0.126442268
vn -0.687767982 -0.56035167 -0.390535027
vn -0.434763014 -0.659885347 -0.506840169
vn -0.821900904 0.0052487771 -0.623794734
vn -0.561726272 -0.693621874 0.240897655
vn -0.453165919 -0.682994664 0.106926277
vn -0.909330428 -0.336983651 -0.338941783
vn -0.79530853 0.0424901433 0.560124159
vn -0.918997049 0.0570495464 0.0895167142
vn -1.01200509 -0.0300235599 -0.0116710598
vn -0.938149929 -0.027842978 -0.345108062
vn -0.50288111 -0.294591755 -0.791438818
vn -0.941739976 -0.0917379111 -0.3258636
vn -1.01200509 -0.0300235599 -0.0116710598
vn -1.00039017 0.0393717103 -0.200237721
vn -0.843242705 -0.0708234534 0.519808352
vn -0.947281361 0.0229940861 -0.319576621
vn -0.804723024 0.0543487966 -0.605278313
vn -0.938149929 -0.027842978 -0.345108062
vn -0.79530853 0.0424901433 0.560124159
vn -1.01200509 -0.0300235599 -0.0116710598
vn -0.843242705 -0.0708234534 0.519808352
vn -1.00039017 0.0393717103 -0.200237721
vn -0.947281361 0.0229940861 -0.319576621
vn -0.938149929 -0.027842978 -0.345108062
vn -0.947281361 0.0229940861 -0.319576621
vn -0.774626493 0.0762553215 -0.668392777
vn -0.804723024 0.0543487966 -0.605278313
vn -1.00039017 0.0393717103 -0.200237721
vn -0.774626493 0.0762553215 -0.668392777
vn -0.947281361 0.0229940861 -0.319576621
vn -0.918997049 0.0570495464 0.0895167142
vn -1.00039017 0.0393717103 -0.200237721
vn -1.01200509 -0.0300235599 -0.0116710598
vn -1.00039017 0.0393717103 -0.200237721
vn -0.881717026 0.0417301208 -0.469929427
vn -0.774626493 0.0762553215 -0.668392777
vn -0.918997049 0.0570495464 0.0895167142
vn -0.881717026 0.0417301208 -0.469929427
vn -1.00039017 0.0393717103 -0.200237721
vn -0.938149929 -0.027842978 -0.345108062
vn -0.804723024 0.0543487966 -0.605278313
vn -0.50288111 -0.294591755 -0.791438818
vn -0.0649632439 -0.861278653 -0.604418099
vn -0.172149092 -0.301052153 -0.970937788
vn -0.450471699 -0.228868708 0.572861969
vn -0.816476226 -0.0232117921 -0.3086721
vn -0.79530853 0.0424901433 0.560124159
vn -0.450471699 -0.228868708 0.572861969
vn -0.450471699 -0.228868708 0.572861969
vn -0.172149092 -0.301052153 -0.970937788
vn -0.816476226 -0.0232117921 -0.3086721
vn -0.804723024 0.0543487966 -0.605278313
vn -0.400366873 -0.187648848 -0.907252371
vn -0.50288111 -0.294591755 -0.791438818
vn -0.793524981 -0.215198755 -0.0144880284
vn -0.79530853 0.0424901433 0.560124159
vn -0.843242705 -0.0708234534 0.519808352
vn -0.450471699 -0.228868708 0.572861969
vn -0.79530853 0.0424901433 0.560124159
vn -0.793524981 -0.215198755 -0.0144880284
vn -0.822036684 -0.262443006 0.00101308036
vn -0.0649632439 -0.861278653 -0.604418099
vn -0.450471699 -0.228868708 0.572861969
vn -0.76507026 0.0227824021 -0.675935209
vn -0.16240643 0.0621869117 -0.972878933
vn -0.774626493 0.0762553215 -0.668392777
vn -0.985449493 0.0465938002 0.0556367822
vn -0.450471699 -0.228868708 0.572861969
vn -0.793524981 -0.215198755 -0.0144880284
vn -0.804723024 0.0543487966 -0.605278313
vn -0.271236211 0.0410347581 -0.92899996
vn -0.400366873 -0.187648848 -0.907252371
vn -0.804723024 0.0543487966 -0.605278313
vn -0.774626493 0.0762553215 -0.668392777
vn -0.271236211 0.0410347581 -0.92899996
vn -0.400366873 -0.187648848 -0.907252371
vn -0.271236211 0.0410347581 -0.92899996
vn 0.316389591 0.0429214761 -0.938621223
vn -0.460425705 -0.258228689 -0.866281033
vn -0.822036684 -0.262443006 0.00101308036
vn -0.985449493 0.0465938002 0.0556367822
vn -0.822036684 -0.262443006 0.00101308036
vn -0.450471699 -0.228868708 0.572861969
vn -0.985449493 0.0465938002 0.0556367822
vn -0.774626493 0.0762553215 -0.668392777
vn -0.16240643 0.0621869117 -0.972878933
vn -0.271236211 0.0410347581 -0.92899996
vn -0.271236211 0.0410347581 -0.92899996
vn 0.703874826 0.0959789827 -0.744535804
vn 0.316389591 0.0429214761 -0.938621223
vn -0.16240643 0.0621869117 -0.972878933
vn 0.703874826 0.0959789827 -0.744535804
vn -0.271236211 0.0410347581 -0.92899996
vn -0.16240643 0.0621869117 -0.972878933
vn 0.377196372 -0.0301125124 -0.945658684
vn 0.703874826 0.0959789827 -0.744535804
vn 0.316389591 0.0429214761 -0.938621223
vn 0.443694651 -0.057496015 -0.897714734
vn -0.400366873 -0.187648848 -0.907252371
vn 0.703874826 0.0959789827 -0.744535804
vn 0.377196372 -0.0301125124 -0.945658684
vn 0.407155842 0.0584269986 -0.91405201
vn 0.316389591 0.0429214761 -0.938621223
vn 0.593067288 0.203188524 -0.757197797
vn 0.443694651 -0.057496015 -0.897714734
vn 0.703874826 0.0959789827 -0.744535804
vn 0.593067288 0.203188524 -0.757197797
vn 0.316389591 0.0429214761 -0.938621223
vn 0.703874826 0.0959789827 -0.744535804
vn 0.407155842 0.0584269986 -0.91405201
vn 0.593067288 0.203188524 -0.757197797
vn 0.407155842 0.0584269986 -0.91405201
vn 0.287115335 0.0104606394 -0.954300821
vn 0.593067288 0.203188524 -0.757197797
vn 0.082407847 -0.164718091 -0.984176576
vn 0.0512045473 -0.123566955 -0.989695549
vn 0.377196372 -0.0301125124 -0.945658684
vn 0.407155842 0.0584269986 -0.91405201
vn 0.377196372 -0.0301125124 -0.945658684
vn 0.287115335 0.0104606394 -0.954300821
vn 0.0512045473 -0.123566955 -0.989695549
vn 0.287115335 0.0104606394 -0.954300821
vn 0.377196372 -0.0301125124 -0.945658684
vn 0.082407847 -0.164718091 -0.984176576
vn 0.139144853 -0.1171671 -0.973963201
vn 0.0512045473 -0.123566955 -0.989695549
vn 0.287115335 0.0104606394 -0.954300821
vn -0.16153346 -0.0365210213 -0.96684742
vn 0.33789587 -0.317235768 -0.884385288
vn 0.0512045473 -0.123566955 -0.989695549
vn -0.16153346 -0.0365210213 -0.96684742
vn 0.287115335 0.0104606394 -0.954300821
vn -0.16153346 -0.0365210213 -0.96684742
vn -0.186703116 -0.275403231 -0.868657887
vn 0.33789587 -0.317235768 -0.884385288
vn -0.238209397 -0.102324575 -0.949304283
vn -0.16153346 -0.0365210213 -0.96684742
vn 0.139144853 -0.1171671 -0.973963201
vn 0.0512045473 -0.123566955 -0.989695549
vn 0.139144853 -0.1171671 -0.973963201
vn -0.16153346 -0.0365210213 -0.96684742
vn -0.460425705 -0.258228689 -0.866281033
vn -0.985449493 0.0465938002 0.0556367822
vn -0.793524981 -0.215198755 -0.0144880284
vn -0.460425705 -0.258228689 -0.866281033
vn -0.0649632439 -0.861278653 -0.604418099
vn -0.822036684 -0.262443006 0.00101308036
vn -0.643952191 0.0323287398 -0.481778413
vn -0.172149092 -0.301052153 -0.970937788
vn -0.520613313 -0.229820907 -0.787198901
vn -0.489884704 0.0549251512 -0.885746181
vn -0.666064501 0.0772237405 -0.743489325
vn -0.643952191 0.0323287398 -0.481778413
vn -0.816476226 -0.0232117921 -0.3086721
vn -0.918997049 0.0570495464 0.0895167142
vn -0.79530853 0.0424901433 0.560124159
vn -0.643952191 0.0323287398 -0.481778413
vn -0.816476226 -0.0232117921 -0.3086721
vn -0.172149092 -0.301052153 -0.970937788
vn -0.918997049 0.0570495464 0.0895167142
vn -0.872409463 0.0200372767 -0.49229902
vn -0.881717026 0.0417301208 -0.469929427
vn -0.643952191 0.0323287398 -0.481778413
vn -0.743218899 0.0957833156 0.656270027
vn -0.918997049 0.0570495464 0.0895167142
vn -0.743218899 0.0957833156 0.656270027
vn -0.983084679 0.0589484051 -0.183092356
vn -0.918997049 0.0570495464 0.0895167142
vn -0.881717026 0.0417301208 -0.469929427
vn -0.76507026 0.0227824021 -0.675935209
vn -0.774626493 0.0762553215 -0.668392777
vn -0.872409463 0.0200372767 -0.49229902
vn -0.76507026 0.0227824021 -0.675935209
vn -0.881717026 0.0417301208 -0.469929427
vn -0.643952191 0.0323287398 -0.481778413
vn -0.918997049 0.0570495464 0.0895167142
vn -0.816476226 -0.0232117921 -0.3086721
vn -0.918997049 0.0570495464 0.0895167142
vn -0.866198003 0.00511650415 -0.511451304
vn -0.872409463 0.0200372767 -0.49229902
vn -0.872409463 0.0200372767 -0.49229902
vn -0.707894862 -0.0573805384 -0.690650225
vn -0.76507026 0.0227824021 -0.675935209
vn -0.866198003 0.00511650415 -0.511451304
vn -0.707894862 -0.0573805384 -0.690650225
vn -0.872409463 0.0200372767 -0.49229902
vn -0.76507026 0.0227824021 -0.675935209
vn -0.20426473 -0.158865541 -0.9548015
vn -0.16240643 0.0621869117 -0.972878933
vn -0.707894862 -0.0573805384 -0.690650225
vn -0.20426473 -0.158865541 -0.9548015
vn -0.76507026 0.0227824021 -0.675935209
vn -0.20426473 -0.158865541 -0.9548015
vn 0.082407847 -0.164718091 -0.984176576
vn -0.16240643 0.0621869117 -0.972878933
vn -0.707894862 -0.0573805384 -0.690650225
vn 0.0460859314 -0.1999145 -0.972484529
vn -0.20426473 -0.158865541 -0.9548015
vn -0.322892278 -0.000461582124 -0.967803359
vn 0.0460859314 -0.1999145 -0.972484529
vn -0.707894862 -0.0573805384 -0.690650225
vn -0.322892278 -0.000461582124 -0.967803359
vn 0.17576842 -0.0526305996 -0.976079404
vn 0.0460859314 -0.1999145 -0.972484529
vn -0.16240643 0.0621869117 -0.972878933
vn 0.082407847 -0.164718091 -0.984176576
vn 0.377196372 -0.0301125124 -0.945658684
vn -0.20426473 -0.158865541 -0.9548015
vn -0.0299389996 -0.225207418 -0.970024347
vn 0.082407847 -0.164718091 -0.984176576
vn 0.0460859314 -0.1999145 -0.972484529
vn -0.0299389996 -0.225207418 -0.970024347
vn -0.20426473 -0.158865541 -0.9548015
vn 0.17576842 -0.0526305996 -0.976079404
vn 0.270905405 -0.118457958 -0.958476305
vn 0.0460859314 -0.1999145 -0.972484529
vn 0.0460859314 -0.1999145 -0.972484529
vn 0.270905405 -0.118457958 -0.958476305
vn -0.0299389996 -0.225207418 -0.970024347
vn 0.082407847 -0.164718091 -0.984176576
vn -0.0299389996 -0.225207418 -0.970024347
vn 0.139144853 -0.1171671 -0.973963201
vn -0.0299389996 -0.225207418 -0.970024347
vn 0.270905405 -0.118457958 -0.958476305
vn 0.139144853 -0.1171671 -0.973963201
vn -0.95599699 -0.13172695 -0.150604978
vn -0.938028872 -0.254009783 -0.243566453
vn -0.821569383 -0.41685608 -0.416013777
vn -0.821569383 -0.41685608 -0.416013777
vn -0.933364272 -0.317101061 0.0903516188
vn -0.95599699 -0.13172695 -0.150604978
vn -0.95599699 -0.13172695 -0.150604978
vn -0.923575163 0.116129391 -0.34875378
vn -0.938028872 -0.254009783 -0.243566453
vn -0.95599699 -0.13172695 -0.150604978
vn -0.933364272 -0.317101061 0.0903516188
vn -0.90686667 0.00137113698 0.42276004
vn -0.90686667 0.00137113698 0.42276004
vn -0.936363816 0.132252529 0.173727766
vn -0.95599699 -0.13172695 -0.150604978
vn -0.728245318 -0.270926088 0.627438307
vn -0.97264266 -0.237585172 0.0990694687
vn -0.748976529 -0.390301764 0.498376608
vn -0.97264266 -0.237585172 0.0990694687
vn -0.803945959 -0.269343019 -0.548379779
vn -0.916956961 -0.368986636 -0.129475206
vn -0.748976529 -0.390301764 0.498376608
vn -0.97264266 -0.237585172 0.0990694687
vn -0.916956961 -0.368986636 -0.129475206
vn -0.97264266 -0.237585172 0.0990694687
vn -0.877352417 -0.147287369 -0.456370682
vn -0.803945959 -0.269343019 -0.548379779
vn -0.748976529 -0.390301764 0.498376608
vn -0.916956961 -0.368986636 -0.129475206
vn -0.379026026 -0.897620797 0.0189231522
vn -0.849175572 -0.139399394 -0.510331333
vn -0.803945959 -0.269343019 -0.548379779
vn -0.877352417 -0.147287369 -0.456370682
vn -0.849175572 -0.139399394 -0.510331333
vn -0.83205694 -0.140439704 -0.53661716
vn -0.803945959 -0.269343019 -0.548379779
vn -0.916956961 -0.368986636 -0.129475206
vn -0.803945959 -0.269343019 -0.548379779
vn -0.379026026 -0.897620797 0.0189231522
vn -0.728245318 -0.270926088 0.627438307
vn -0.748976529 -0.390301764 0.498376608
vn -0.476370543 -0.511221766 0.683148146
vn -0.83205694 -0.140439704 -0.53661716
vn -0.697080016 -0.221196294 -0.672108591
vn -0.803945959 -0.269343019 -0.548379779
vn -0.379026026 -0.897620797 0.0189231522
vn -0.803945959 -0.269343019 -0.548379779
vn -0.550032854 -0.49824357 -0.692592859
vn -0.379026026 -0.897620797 0.0189231522
vn -0.476370543 -0.511221766 0.683148146
vn -0.748976529 -0.390301764 0.498376608
vn -0.487616599 -0.259963363 0.828337312
vn -0.728245318 -0.270926088 0.627438307
vn -0.476370543 -0.511221766 0.683148146
vn -0.047101263 -0.98734808 -0.126433268
vn -0.379026026 -0.897620797 0.0189231522
vn -0.550032854 -0.49824357 -0.692592859
vn -0.487616599 -0.259963363 0.828337312
vn -0.476370543 -0.511221766 0.683148146
vn -0.22316201 -0.405094355 0.871755898
vn -0.975641847 -0.200819016 -0.0576792881
vn -0.662953436 -0.690583408 -0.146029681
vn -0.741470158 -0.671607018 -0.0258904193
vn -0.505827248 -0.67917949 0.585328043
vn -0.918334663 -0.0776377246 0.377037168
vn -0.83939451 -0.516604304 0.168928534
vn -0.605640233 -0.750652313 0.264047652
vn -0.83939451 -0.516604304 0.168928534
vn -0.741470158 -0.671607018 -0.0258904193
vn -0.505827248 -0.67917949 0.585328043
vn -0.83939451 -0.516604304 0.168928534
vn -0.605640233 -0.750652313 0.264047652
vn -0.741470158 -0.671607018 -0.0258904193
vn -0.662953436 -0.690583408 -0.146029681
vn -0.414266795 -0.907769322 0.0658622235
vn -0.414266795 -0.907769322 0.0658622235
vn -0.662953436 -0.690583408 -0.146029681
vn -0.613355577 -0.760589242 -0.202652469
vn -0.414266795 -0.907769322 0.0658622235
vn -0.605640233 -0.750652313 0.264047652
vn -0.741470158 -0.671607018 -0.0258904193
vn -0.613355577 -0.760589242 -0.202652469
vn -0.877352417 -0.147287369 -0.456370682
vn -1.00976241 -0.0666473657 0.110095426
vn -0.683574617 -0.649328113 0.336193264
vn -0.613355577 -0.760589242 -0.202652469
vn -1.00976241 -0.0666473657 0.110095426
vn -0.613355577 -0.760589242 -0.202652469
vn -0.662953436 -0.690583408 -0.146029681
vn -0.427687734 -0.886480868 -0.282176197
vn -0.683574617 -0.649328113 0.336193264
vn -0.414266795 -0.907769322 0.0658622235
vn -0.613355577 -0.760589242 -0.202652469
vn -0.605640233 -0.750652313 0.264047652
vn -0.414266795 -0.907769322 0.0658622235
vn -0.221712857 -0.946837962 0.273655921
vn -0.505827248 -0.67917949 0.585328043
vn -0.605640233 -0.750652313 0.264047652
vn -0.221712857 -0.946837962 0.273655921
vn -0.877352417 -0.147287369 -0.456370682
vn -0.97264266 -0.237585172 0.0990694687
vn -1.00976241 -0.0666473657 0.110095426
vn -0.781498194 -0.0836984515 0.671457469
vn -1.00976241 -0.0666473657 0.110095426
vn -0.97264266 -0.237585172 0.0990694687
vn -0.781498194 -0.0836984515 0.671457469
vn -0.683574617 -0.649328113 0.336193264
vn -1.00976241 -0.0666473657 0.110095426
vn -0.613355577 -0.760589242 -0.202652469
vn -0.849175572 -0.139399394 -0.510331333
vn -0.877352417 -0.147287369 -0.456370682
vn -0.221712857 -0.946837962 0.273655921
vn -0.414266795 -0.907769322 0.0658622235
vn -0.683574617 -0.649328113 0.336193264
vn -0.400385916 -0.347420812 0.754695892
vn -0.221712857 -0.946837962 0.273655921
vn -0.683574617 -0.649328113 0.336193264
vn -0.781498194 -0.0836984515 0.671457469
vn -0.97264266 -0.237585172 0.0990694687
vn -0.728245318 -0.270926088 0.627438307
vn -0.849175572 -0.139399394 -0.510331333
vn -0.891273975 -0.275264621 -0.365211636
vn -0.838162482 -0.171064332 -0.517900169
vn -0.613355577 -0.760589242 -0.202652469
vn -0.7912274 -0.520102859 -0.203368992
vn -0.891273975 -0.275264621 -0.365211636
vn -0.849175572 -0.139399394 -0.510331333
vn -0.613355577 -0.760589242 -0.202652469
vn -0.891273975 -0.275264621 -0.365211636
vn -0.400385916 -0.347420812 0.754695892
vn -0.683574617 -0.649328113 0.336193264
vn -0.781498194 -0.0836984515 0.671457469
vn -0.7912274 -0.520102859 -0.203368992
vn -0.427687734 -0.886480868 -0.282176197
vn -0.542659521 -0.777301729 -0.455787301
vn -0.613355577 -0.760589242 -0.202652469
vn -0.427687734 -0.886480868 -0.282176197
vn -0.7912274 -0.520102859 -0.203368992
vn -0.505827248 -0.67917949 0.585328043
vn -0.221712857 -0.946837962 0.273655921
vn 0.247902676 -0.802190602 0.614875019
vn -0.7912274 -0.520102859 -0.203368992
vn -0.856076717 -0.321112961 -0.423689693
vn -0.891273975 -0.275264621 -0.365211636
vn -0.542659521 -0.777301729 -0.455787301
vn -0.856076717 -0.321112961 -0.423689693
vn -0.7912274 -0.520102859 -0.203368992
vn -0.400385916 -0.347420812 0.754695892
vn -0.781498194 -0.0836984515 0.671457469
vn -0.345692426 -0.0587483831 0.93459636
vn -0.901874185 -0.264047086 -0.0572055206
vn -0.891273975 -0.275264621 -0.365211636
vn -0.856076717 -0.321112961 -0.423689693
vn 0.247902676 -0.802190602 0.614875019
vn -0.221712857 -0.946837962 0.273655921
vn -0.400385916 -0.347420812 0.754695892
vn -0.849175572 -0.139399394 -0.510331333
vn -0.838162482 -0.171064332 -0.517900169
vn -0.83205694 -0.140439704 -0.53661716
vn -0.781498194 -0.0836984515 0.671457469
vn -0.728245318 -0.270926088 0.627438307
vn -0.487616599 -0.259963363 0.828337312
vn -0.345692426 -0.0587483831 0.93459636
vn -0.781498194 -0.0836984515 0.671457469
vn -0.487616599 -0.259963363 0.828337312
vn -0.891273975 -0.275264621 -0.365211636
vn -0.901874185 -0.264047086 -0.0572055206
vn -0.838162482 -0.171064332 -0.517900169
vn -0.106834792 -0.178897589 0.973909557
vn -0.400385916 -0.347420812 0.754695892
vn -0.345692426 -0.0587483831 0.93459636
vn -0.292991132 -0.0985516235 0.941252589
vn -0.400385916 -0.347420812 0.754695892
vn -0.106834792 -0.178897589 0.973909557
vn -0.292991132 -0.0985516235 0.941252589
vn 0.247902676 -0.802190602 0.614875019
vn -0.400385916 -0.347420812 0.754695892
vn 0.247902676 -0.802190602 0.614875019
vn -0.292991132 -0.0985516235 0.941252589
vn 0.733261228 -0.31728062 0.587088704
vn -0.345692426 -0.0587483831 0.93459636
vn -0.487616599 -0.259963363 0.828337312
vn -0.0936940089 0.035541866 0.981788933
vn -0.106834792 -0.178897589 0.973909557
vn -0.114433296 -0.181181625 0.973329186
vn -0.292991132 -0.0985516235 0.941252589
vn -0.150504857 -0.104274035 0.970287204
vn -0.106834792 -0.178897589 0.973909557
vn -0.345692426 -0.0587483831 0.93459636
vn -0.150504857 -0.104274035 0.970287204
vn -0.345692426 -0.0587483831 0.93459636
vn -0.149252519 0.00349709834 0.991203845
vn -0.0279124044 -0.147495121 0.95338577
vn -0.106834792 -0.178897589 0.973909557
vn -0.150504857 -0.104274035 0.970287204
vn -0.114433296 -0.181181625 0.973329186
vn -0.106834792 -0.178897589 0.973909557
vn -0.0279124044 -0.147495121 0.95338577
vn -0.311671436 -0.146950573 0.944728971
vn -0.292991132 -0.0985516235 0.941252589
vn -0.114433296 -0.181181625 0.973329186
vn -0.149252519 0.00349709834 0.991203845
vn -0.345692426 -0.0587483831 0.93459636
vn -0.0936940089 0.035541866 0.981788933
vn -0.205008432 -0.446184158 0.831468582
vn -0.114433296 -0.181181625 0.973329186
vn -0.0279124044 -0.147495121 0.95338577
vn -0.257023335 -0.308610737 0.892970204
vn -0.696011305 -0.260954082 0.714111447
vn -0.505827248 -0.67917949 0.585328043
vn -0.257023335 -0.308610737 0.892970204
vn -0.505827248 -0.67917949 0.585328043
vn 0.247902676 -0.802190602 0.614875019
vn 0.497333139 -0.380943984 0.755568981
vn -0.257023335 -0.308610737 0.892970204
vn 0.247902676 -0.802190602 0.614875019
vn 0.733261228 -0.31728062 0.587088704
vn 0.497333139 -0.380943984 0.755568981
vn 0.247902676 -0.802190602 0.614875019
vn -0.918334663 -0.0776377246 0.377037168
vn -0.975641847 -0.200819016 -0.0576792881
vn -0.83939451 -0.516604304 0.168928534
vn -0.975641847 -0.200819016 -0.0576792881
vn -0.976821661 0.0237569977 0.211460754
vn -0.955785513 -0.231442973 -0.175254643
vn -0.971576154 -0.183732152 0.0336634405
vn -0.955785513 -0.231442973 -0.175254643
vn -0.976821661 0.0237569977 0.211460754
vn -0.971576154 -0.183732152 0.0336634405
vn -0.931900918 -0.310946554 -0.211844832
vn -0.955785513 -0.231442973 -0.175254643
vn -0.955785513 -0.231442973 -0.175254643
vn -0.931900918 -0.310946554 -0.211844832
vn -0.845720887 -0.4015342 -0.308812052
vn -0.971576154 -0.183732152 0.0336634405
vn -0.933364272 -0.317101061 0.0903516188
vn -0.931900918 -0.310946554 -0.211844832
vn -0.922247946 0.0681777671 0.394396067
vn -0.971576154 -0.183732152 0.0336634405
vn -0.976821661 0.0237569977 0.211460754
vn -0.922247946 0.0681777671 0.394396067
vn -0.933364272 -0.317101061 0.0903516188
vn -0.971576154 -0.183732152 0.0336634405
vn -0.90686667 0.00137113698 0.42276004
vn -0.933364272 -0.317101061 0.0903516188
vn -0.922247946 0.0681777671 0.394396067
vn -0.975641847 -0.200819016 -0.0576792881
vn -0.845720887 -0.4015342 -0.308812052
vn -0.662953436 -0.690583408 -0.146029681
vn -0.955785513 -0.231442973 -0.175254643
vn -0.845720887 -0.4015342 -0.308812052
vn -0.975641847 -0.200819016 -0.0576792881
vn -0.83939451 -0.516604304 0.168928534
vn -0.975641847 -0.200819016 -0.0576792881
vn -0.741470158 -0.671607018 -0.0258904193
vn -0.976821661 0.0237569977 0.211460754
vn -0.975641847 -0.200819016 -0.0576792881
vn -0.918334663 -0.0776377246 0.377037168
vn -0.933364272 -0.317101061 0.0903516188
vn -0.821569383 -0.41685608 -0.416013777
vn -0.931900918 -0.310946554 -0.211844832
vn -0.976821661 0.0237569977 0.211460754
vn -0.918334663 -0.0776377246 0.377037168
vn -0.922247946 0.0681777671 0.394396067
vn -0.696011305 -0.260954082 0.714111447
vn -0.783996701 -0.0732345283 0.61649704
vn -0.918334663 -0.0776377246 0.377037168
vn -0.696011305 -0.260954082 0.714111447
vn -0.918334663 -0.0776377246 0.377037168
vn -0.505827248 -0.67917949 0.585328043
vn -0.918334663 -0.0776377246 0.377037168
vn -0.783996701 -0.0732345283 0.61649704
vn -0.809433281 0.0262585636 0.587595761
vn -0.922247946 0.0681777671 0.394396067
vn -0.918334663 -0.0776377246 0.377037168
vn -0.809433281 0.0262585636 0.587595761
vn -0.781455815 0.0533543266 0.619785964
vn -0.922247946 0.0681777671 0.394396067
vn -0.809433281 0.0262585636 0.587595761
vn -0.292991132 -0.0985516235 0.941252589
vn 0.770591915 -0.188138902 0.591112912
vn 0.733261228 -0.31728062 0.587088704
vn 0.150732577 -0.0323965065 0.972040474
vn 0.770591915 -0.188138902 0.591112912
vn -0.292991132 -0.0985516235 0.941252589
vn -0.394991875 0.0419230945 0.894334614
vn -0.809433281 0.0262585636 0.587595761
vn -0.783996701 -0.0732345283 0.61649704
vn -0.394991875 0.0419230945 0.894334614
vn -0.781455815 0.0533543266 0.619785964
vn -0.809433281 0.0262585636 0.587595761
vn -0.833513796 0.0540045686 0.549853027
vn -0.922247946 0.0681777671 0.394396067
vn -0.781455815 0.0533543266 0.619785964
vn -0.793281436 0.064174816 0.604190409
vn -0.833513796 0.0540045686 0.549853027
vn -0.781455815 0.0533543266 0.619785964
vn -0.783996701 -0.0732345283 0.61649704
vn -0.696011305 -0.260954082 0.714111447
vn -0.257023335 -0.308610737 0.892970204
vn -0.166695669 -0.00314372825 0.961999714
vn -0.783996701 -0.0732345283 0.61649704
vn -0.257023335 -0.308610737 0.892970204
vn -0.394991875 0.0419230945 0.894334614
vn -0.783996701 -0.0732345283 0.61649704
vn -0.166695669 -0.00314372825 0.961999714
vn -0.793281436 0.064174816 0.604190409
vn -0.781455815 0.0533543266 0.619785964
vn -0.394991875 0.0419230945 0.894334614
vn -0.166695669 -0.00314372825 0.961999714
vn -0.257023335 -0.308610737 0.892970204
vn 0.666477144 -0.105703533 0.773922324
vn 0.666477144 -0.105703533 0.773922324
vn -0.257023335 -0.308610737 0.892970204
vn 0.497333139 -0.380943984 0.755568981
vn 0.770591915 -0.188138902 0.591112912
vn 0.666477144 -0.105703533 0.773922324
vn 0.497333139 -0.380943984 0.755568981
vn 0.253587365 0.022956688 0.967040062
vn -0.394991875 0.0419230945 0.894334614
vn -0.166695669 -0.00314372825 0.961999714
vn 0.770591915 -0.188138902 0.591112912
vn 0.497333139 -0.380943984 0.755568981
vn 0.733261228 -0.31728062 0.587088704
vn 0.666477144 -0.105703533 0.773922324
vn 0.253587365 0.022956688 0.967040062
vn -0.166695669 -0.00314372825 0.961999714
vn 0.689703882 0.062996842 0.703516364
vn 0.253587365 0.022956688 0.967040062
vn 0.666477144 -0.105703533 0.773922324
vn 0.689703882 0.062996842 0.703516364
vn 0.666477144 -0.105703533 0.773922324
vn 0.770591915 -0.188138902 0.591112912
vn 0.150732577 -0.0323965065 0.972040474
vn 0.689703882 0.062996842 0.703516364
vn 0.770591915 -0.188138902 0.591112912
vn -0.0191453416 -0.908138156 -0.424237013
vn -0.042278368 -0.983740568 -0.023242861
vn -0.047101263 -0.98734808 -0.126433268
vn -0.174078017 -0.977120161 -0.0332326815
vn -0.042278368 -0.983740568 -0.023242861
vn 0.00877750106 -0.983543932 -0.180455521
vn -0.174078017 -0.977120161 -0.0332326815
vn -0.356498718 -0.524583995 0.717152834
vn -0.042278368 -0.983740568 -0.023242861
vn -0.00337385363 -0.84816438 0.537402809
vn -0.491785526 -0.709389567 0.526358306
vn -0.174078017 -0.977120161 -0.0332326815
vn 0.0279047675 -0.999205291 0.0284648146
vn -0.00337385363 -0.84816438 0.537402809
vn -0.174078017 -0.977120161 -0.0332326815
vn -0.174078017 -0.977120161 -0.0332326815
vn 0.110126272 -0.943537414 -0.312425107
vn 0.280204386 -0.914186954 -0.297504693
vn 0.0279047675 -0.999205291 0.0284648146
vn -0.174078017 -0.977120161 -0.0332326815
vn 0.280204386 -0.914186954 -0.297504693
vn -0.00337385363 -0.84816438 0.537402809
vn 0.0279047675 -0.999205291 0.0284648146
vn 0.214176655 -0.906751752 0.363221258
vn -0.944361866 -0.191417143 -0.164358169
vn -0.785945714 -0.290276825 -0.578332007
vn -0.949328423 -0.330064535 -0.121975616
vn -0.944361866 -0.191417143 -0.164358169
vn -0.635088861 -0.496446252 -0.0724534839
vn -0.785945714 -0.290276825 -0.578332007
vn 0.214176655 -0.906751752 0.363221258
vn 0.0279047675 -0.999205291 0.0284648146
vn 0.526893675 -0.853836715 0.124302983
vn 0.538490176 -0.598364592 0.593285918
vn -0.00337385363 -0.84816438 0.537402809
vn 0.214176655 -0.906751752 0.363221258
vn -0.785945714 -0.290276825 -0.578332007
vn -0.635088861 -0.496446252 -0.0724534839
vn -0.775776982 -0.227835283 -0.580599189
vn 0.526893675 -0.853836715 0.124302983
vn 0.0279047675 -0.999205291 0.0284648146
vn 0.280204386 -0.914186954 -0.297504693
vn 0.538490176 -0.598364592 0.593285918
vn 0.214176655 -0.906751752 0.363221258
vn 0.526893675 -0.853836715 0.124302983
vn -0.579238474 -0.759641647 0.311577708
vn -0.949328423 -0.330064535 -0.121975616
vn -0.785945714 -0.290276825 -0.578332007
vn -0.229243308 -0.97449261 0.238236606
vn -0.579238474 -0.759641647 0.311577708
vn -0.149558052 -0.955922306 -0.280744046
vn -0.579238474 -0.759641647 0.311577708
vn -0.785945714 -0.290276825 -0.578332007
vn -0.149558052 -0.955922306 -0.280744046
vn -0.635088861 -0.496446252 -0.0724534839
vn -0.713920236 -0.115092292 -0.72362411
vn -0.775776982 -0.227835283 -0.580599189
vn -0.07960172 -0.978093743 0.192343742
vn -0.229243308 -0.97449261 0.238236606
vn -0.149558052 -0.955922306 -0.280744046
vn -0.775776982 -0.227835283 -0.580599189
vn -0.134282053 -0.488842875 -0.845226765
vn -0.785945714 -0.290276825 -0.578332007
vn -0.785945714 -0.290276825 -0.578332007
vn -0.134282053 -0.488842875 -0.845226765
vn -0.149558052 -0.955922306 -0.280744046
vn -0.775776982 -0.227835283 -0.580599189
vn -0.713920236 -0.115092292 -0.72362411
vn -0.134282053 -0.488842875 -0.845226765
vn 0.0169576295 -0.496686161 -0.502134681
vn -0.991820157 -0.133738548 -0.344584376
vn -0.713920236 -0.115092292 -0.72362411
vn 0.149915412 -0.836372614 -0.55149883
vn -0.149558052 -0.955922306 -0.280744046
vn -0.134282053 -0.488842875 -0.845226765
vn -0.713920236 -0.115092292 -0.72362411
vn -0.991820157 -0.133738548 -0.344584376
vn -0.134282053 -0.488842875 -0.845226765
vn -0.991820157 -0.133738548 -0.344584376
vn -0.970294952 -0.292186528 -0.219219446
vn -0.908675015 -0.361583918 0.190297842
vn -0.970294952 -0.292186528 -0.219219446
vn -0.561726272 -0.693621874 0.240897655
vn -0.909330428 -0.336983651 -0.338941783
vn -0.944361866 -0.191417143 -0.164358169
vn -0.949328423 -0.330064535 -0.121975616
vn -0.794855595 -0.360456645 0.478992224
vn -0.806748986 -0.27497524 0.524515748
vn -0.944361866 -0.191417143 -0.164358169
vn -0.794855595 -0.360456645 0.478992224
vn -0.630961716 -0.277805746 0.731293976
vn -0.806748986 -0.27497524 0.524515748
vn -0.794855595 -0.360456645 0.478992224
vn -0.794855595 -0.360456645 0.478992224
vn -0.949328423 -0.330064535 -0.121975616
vn -0.579238474 -0.759641647 0.311577708
vn -0.630961716 -0.277805746 0.731293976
vn -0.794855595 -0.360456645 0.478992224
vn -0.537370563 -0.433299959 0.687954307
vn -0.537370563 -0.433299959 0.687954307
vn -0.794855595 -0.360456645 0.478992224
vn -0.579238474 -0.759641647 0.311577708
vn -0.537370563 -0.433299959 0.687954307
vn -0.579238474 -0.759641647 0.311577708
vn -0.229243308 -0.97449261 0.238236606
vn -0.236758262 -0.251178294 0.862240016
vn -0.537370563 -0.433299959 0.687954307
vn -0.246292502 -0.426829129 0.872135758
vn 0.0101373019 -0.149064749 0.95668143
vn -0.236758262 -0.251178294 0.862240016
vn -0.246292502 -0.426829129 0.872135758
vn 0.143571615 -0.884591639 0.484606266
vn -0.246292502 -0.426829129 0.872135758
vn -0.537370563 -0.433299959 0.687954307
vn -0.550032854 -0.49824357 -0.692592859
vn -0.0191453416 -0.908138156 -0.424237013
vn -0.047101263 -0.98734808 -0.126433268
vn 0.337432384 -0.138591707 0.945579588
vn -0.487616599 -0.259963363 0.828337312
vn 0.0726898387 -0.229378104 0.956650794
vn 0.337432384 -0.138591707 0.945579588
vn -0.0936940089 0.035541866 0.981788933
vn -0.487616599 -0.259963363 0.828337312
vn -0.042278368 -0.983740568 -0.023242861
vn -0.379026026 -0.897620797 0.0189231522
vn -0.047101263 -0.98734808 -0.126433268
vn -0.356498718 -0.524583995 0.717152834
vn -0.476370543 -0.511221766 0.683148146
vn -0.379026026 -0.897620797 0.0189231522
vn -0.042278368 -0.983740568 -0.023242861
vn -0.356498718 -0.524583995 0.717152834
vn -0.379026026 -0.897620797 0.0189231522
vn -0.356498718 -0.524583995 0.717152834
vn -0.22316201 -0.405094355 0.871755898
vn -0.476370543 -0.511221766 0.683148146
vn 0.0726898387 -0.229378104 0.956650794
vn -0.487616599 -0.259963363 0.828337312
vn -0.22316201 -0.405094355 0.871755898
vn -0.22067827 -0.161996186 0.934999108
vn 0.0726898387 -0.229378104 0.956650794
vn -0.22316201 -0.405094355 0.871755898
vn -0.22067827 -0.161996186 0.934999108
vn -0.22316201 -0.405094355 0.871755898
vn -0.356498718 -0.524583995 0.717152834
vn -0.22067827 -0.161996186 0.934999108
vn 0.337432384 -0.138591707 0.945579588
vn 0.0726898387 -0.229378104 0.956650794
vn -0.042278368 -0.983740568 -0.023242861
vn -0.0191453416 -0.908138156 -0.424237013
vn 0.00877750106 -0.983543932 -0.180455521
vn 0.0180337131 -0.104116358 0.968018413
vn 0.337432384 -0.138591707 0.945579588
vn -0.22067827 -0.161996186 0.934999108
vn 0.0180337131 -0.104116358 0.968018413
vn -0.22067827 -0.161996186 0.934999108
vn -0.420885473 -0.0931482166 0.903434992
vn -0.521955371 -0.0966853052 0.687300146
vn 0.0180337131 -0.104116358 0.968018413
vn -0.420885473 -0.0931482166 0.903434992
vn -0.0191453416 -0.908138156 -0.424237013
vn -0.234953374 -0.771841049 -0.608743012
vn -0.0299203768 -0.977493763 -0.20706664
vn -0.491785526 -0.709389567 0.526358306
vn -0.356498718 -0.524583995 0.717152834
vn -0.174078017 -0.977120161 -0.0332326815
vn 0.00877750106 -0.983543932 -0.180455521
vn -0.0191453416 -0.908138156 -0.424237013
vn -0.0299203768 -0.977493763 -0.20706664
vn 0.0844551548 -1.00399828 -0.0603872761
vn 0.00877750106 -0.983543932 -0.180455521
vn -0.0299203768 -0.977493763 -0.20706664
vn -0.174078017 -0.977120161 -0.0332326815
vn 0.00877750106 -0.983543932 -0.180455521
vn 0.0844551548 -1.00399828 -0.0603872761
vn 0.110126272 -0.943537414 -0.312425107
vn -0.174078017 -0.977120161 -0.0332326815
vn 0.0844551548 -1.00399828 -0.0603872761
vn -0.356498718 -0.524583995 0.717152834
vn -0.491785526 -0.709389567 0.526358306
vn -0.182801962 -0.462281913 0.866064847
vn -0.450779289 -0.286393642 0.69607228
vn -0.22067827 -0.161996186 0.934999108
vn -0.356498718 -0.524583995 0.717152834
vn -0.450779289 -0.286393642 0.69607228
vn -0.420885473 -0.0931482166 0.903434992
vn -0.22067827 -0.161996186 0.934999108
vn -0.182801962 -0.462281913 0.866064847
vn -0.491785526 -0.709389567 0.526358306
vn -0.00337385363 -0.84816438 0.537402809
vn -0.450779289 -0.286393642 0.69607228
vn -0.356498718 -0.524583995 0.717152834
vn -0.182801962 -0.462281913 0.866064847
vn -0.420885473 -0.0931482166 0.903434992
vn -0.450779289 -0.286393642 0.69607228
vn -0.853542566 -0.0691789687 0.329500377
vn -0.950936317 -0.121643119 0.0120051149
vn -0.853542566 -0.0691789687 0.329500377
vn -0.944361866 -0.191417143 -0.164358169
vn -0.853542566 -0.0691789687 0.329500377
vn -0.950936317 -0.121643119 0.0120051149
vn -0.420885473 -0.0931482166 0.903434992
vn -0.950936317 -0.121643119 0.0120051149
vn -0.521955371 -0.0966853052 0.687300146
vn -0.420885473 -0.0931482166 0.903434992
vn 0.584298253 -0.786398292 0.126442268
vn 0.0844551548 -1.00399828 -0.0603872761
vn -0.0299203768 -0.977493763 -0.20706664
vn 0.308130741 -0.833623528 -0.458396286
vn 0.110126272 -0.943537414 -0.312425107
vn 0.0844551548 -1.00399828 -0.0603872761
vn 0.584298253 -0.786398292 0.126442268
vn 0.308130741 -0.833623528 -0.458396286
vn 0.0844551548 -1.00399828 -0.0603872761
vn 0.280204386 -0.914186954 -0.297504693
vn 0.110126272 -0.943537414 -0.312425107
vn 0.308130741 -0.833623528 -0.458396286
vn -0.450779289 -0.286393642 0.69607228
vn -0.182801962 -0.462281913 0.866064847
vn -0.635088861 -0.496446252 -0.0724534839
vn -0.853542566 -0.0691789687 0.329500377
vn -0.450779289 -0.286393642 0.69607228
vn -0.944361866 -0.191417143 -0.164358169
vn 0.489277601 -0.616869748 0.616505563
vn -0.635088861 -0.496446252 -0.0724534839
vn -0.00337385363 -0.84816438 0.537402809
vn -0.635088861 -0.496446252 -0.0724534839
vn -0.182801962 -0.462281913 0.866064847
vn -0.00337385363 -0.84816438 0.537402809
vn -0.944361866 -0.191417143 -0.164358169
vn -0.450779289 -0.286393642 0.69607228
vn -0.635088861 -0.496446252 -0.0724534839
vn 0.584298253 -0.786398292 0.126442268
vn 0.750513911 -0.541436434 -0.416214079
vn 0.308130741 -0.833623528 -0.458396286
vn 0.280204386 -0.914186954 -0.297504693
vn 0.308130741 -0.833623528 -0.458396286
vn 0.750513911 -0.541436434 -0.416214079
vn 0.538490176 -0.598364592 0.593285918
vn 0.489277601 -0.616869748 0.616505563
vn -0.00337385363 -0.84816438 0.537402809
vn -0.635088861 -0.496446252 -0.0724534839
vn 0.489277601 -0.616869748 0.616505563
vn -0.359273374 -0.697192311 -0.229522303
vn -0.359273374 -0.697192311 -0.229522303
vn -0.713920236 -0.115092292 -0.72362411
vn -0.635088861 -0.496446252 -0.0724534839
vn 0.526893675 -0.853836715 0.124302983
vn 0.280204386 -0.914186954 -0.297504693
vn 0.750513911 -0.541436434 -0.416214079
vn -0.359273374 -0.697192311 -0.229522303
vn 0.526893675 -0.853836715 0.124302983
vn 0.750513911 -0.541436434 -0.416214079
vn -0.359273374 -0.697192311 -0.229522303
vn 0.538490176 -0.598364592 0.593285918
vn 0.526893675 -0.853836715 0.124302983
vn -0.359273374 -0.697192311 -0.229522303
vn 0.489277601 -0.616869748 0.616505563
vn 0.538490176 -0.598364592 0.593285918
vn 0.0169576295 -0.496686161 -0.502134681
vn 0.750513911 -0.541436434 -0.416214079
vn 0.584298253 -0.786398292 0.126442268
vn 0.0353722572 -0.858469009 -0.142867193
vn 0.0169576295 -0.496686161 -0.502134681
vn 0.584298253 -0.786398292 0.126442268
vn 0.750513911 -0.541436434 -0.416214079
vn 0.0169576295 -0.496686161 -0.502134681
vn -0.359273374 -0.697192311 -0.229522303
vn -0.359273374 -0.697192311 -0.229522303
vn 0.0169576295 -0.496686161 -0.502134681
vn -0.713920236 -0.115092292 -0.72362411
vn -0.561726272 -0.693621874 0.240897655
vn 0.0353722572 -0.858469009 -0.142867193
vn 0.584298253 -0.786398292 0.126442268
vn -0.609276295 0.0745497718 0.00709969364
vn -0.561726272 -0.693621874 0.240897655
vn -0.991820157 -0.133738548 -0.344584376
vn -0.561726272 -0.693621874 0.240897655
vn -0.970294952 -0.292186528 -0.219219446
vn -0.991820157 -0.133738548 -0.344584376
vn 0.0353722572 -0.858469009 -0.142867193
vn -0.609276295 0.0745497718 0.00709969364
vn -0.991820157 -0.133738548 -0.344584376
vn 0.0169576295 -0.496686161 -0.502134681
vn 0.0353722572 -0.858469009 -0.142867193
vn -0.991820157 -0.133738548 -0.344584376
vn -0.609276295 0.0745497718 0.00709969364
vn 0.0353722572 -0.858469009 -0.142867193
vn -0.561726272 -0.693621874 0.240897655
vn -0.98565203 -0.16037555 -0.0840150714
vn -0.923946142 -0.088568002 -0.429322302
vn -0.944361866 -0.191417143 -0.164358169
vn -0.98565203 -0.16037555 -0.0840150714
vn -0.944361866 -0.191417143 -0.164358169
vn -0.912242174 -0.254777789 0.359103352
vn -0.923946142 -0.088568002 -0.429322302
vn -0.950936317 -0.121643119 0.0120051149
vn -0.944361866 -0.191417143 -0.164358169
vn -0.78179574 -0.150497109 0.601418734
vn -0.912242174 -0.254777789 0.359103352
vn -0.806748986 -0.27497524 0.524515748
vn -0.589588284 -0.158747286 0.788321316
vn -0.78179574 -0.150497109 0.601418734
vn -0.630961716 -0.277805746 0.731293976
vn -0.630961716 -0.277805746 0.731293976
vn -0.78179574 -0.150497109 0.601418734
vn -0.806748986 -0.27497524 0.524515748
vn -0.806748986 -0.27497524 0.524515748
vn -0.912242174 -0.254777789 0.359103352
vn -0.944361866 -0.191417143 -0.164358169
vn -0.589588284 -0.158747286 0.788321316
vn -0.630961716 -0.277805746 0.731293976
vn -0.236758262 -0.251178294 0.862240016
vn -0.442645639 -0.053090211 0.899461329
vn -0.589588284 -0.158747286 0.788321316
vn -0.125059828 -0.177360296 0.964555264
vn -0.236758262 -0.251178294 0.862240016
vn -0.630961716 -0.277805746 0.731293976
vn -0.537370563 -0.433299959 0.687954307
vn -0.125059828 -0.177360296 0.964555264
vn -0.589588284 -0.158747286 0.788321316
vn -0.236758262 -0.251178294 0.862240016
vn -0.0488512293 0.027889749 0.993865907
vn -0.125059828 -0.177360296 0.964555264
vn 0.276595235 0.000485901342 0.972538829
vn -0.236758262 -0.251178294 0.862240016
vn 0.276595235 0.000485901342 0.972538829
vn -0.125059828 -0.177360296 0.964555264
vn 0.531226397 -0.198363826 0.826644838
vn 0.276595235 0.000485901342 0.972538829
vn -0.236758262 -0.251178294 0.862240016
vn -0.149252519 0.00349709834 0.991203845
vn -0.0936940089 0.035541866 0.981788933
vn 0.0180337131 -0.104116358 0.968018413
vn 0.0180337131 -0.104116358 0.968018413
vn -0.0936940089 0.035541866 0.981788933
vn 0.337432384 -0.138591707 0.945579588
vn -0.150504857 -0.104274035 0.970287204
vn -0.149252519 0.00349709834 0.991203845
vn 0.422507972 -0.0371076725 1.08241367
vn 0.422507972 -0.0371076725 1.08241367
vn -0.0279124044 -0.147495121 0.95338577
vn -0.150504857 -0.104274035 0.970287204
vn -0.895891309 -0.245135024 0.1071188
vn -0.0279124044 -0.147495121 0.95338577
vn 0.422507972 -0.0371076725 1.08241367
vn -0.205008432 -0.446184158 0.831468582
vn -0.0279124044 -0.147495121 0.95338577
vn -0.895891309 -0.245135024 0.1071188
vn 0.422507972 -0.0371076725 1.08241367
vn -0.149252519 0.00349709834 0.991203845
vn 0.0180337131 -0.104116358 0.968018413
vn 0.422507972 -0.0371076725 1.08241367
vn 0.0180337131 -0.104116358 0.968018413
vn -0.521955371 -0.0966853052 0.687300146
vn -0.895891309 -0.245135024 0.1071188
vn 0.422507972 -0.0371076725 1.08241367
vn 0.0680148676 -0.293692321 0.739785135
vn -0.959457695 -0.362433225 0.130288586
vn -0.895891309 -0.245135024 0.1071188
vn 0.0680148676 -0.293692321 0.739785135
vn -0.895891309 -0.245135024 0.1071188
vn -0.959457695 -0.362433225 0.130288586
vn -0.923946142 -0.088568002 -0.429322302
vn -0.923946142 -0.088568002 -0.429322302
vn -0.521955371 -0.0966853052 0.687300146
vn -0.950936317 -0.121643119 0.0120051149
vn -0.923946142 -0.088568002 -0.429322302
vn -0.828934968 0.377541691 0.0568455458
vn -0.521955371 -0.0966853052 0.687300146
vn -0.828934968 0.377541691 0.0568455458
vn 0.422507972 -0.0371076725 1.08241367
vn -0.521955371 -0.0966853052 0.687300146
vn 0.0680148676 -0.293692321 0.739785135
vn -0.828934968 0.377541691 0.0568455458
vn -0.923946142 -0.088568002 -0.429322302
vn -0.923946142 -0.088568002 -0.429322302
vn -0.959457695 -0.362433225 0.130288586
vn 0.0680148676 -0.293692321 0.739785135
vn 0.0680148676 -0.293692321 0.739785135
vn 0.422507972 -0.0371076725 1.08241367
vn -0.828934968 0.377541691 0.0568455458
vn -0.706393242 -0.128474295 0.556281447
vn -0.114433296 -0.181181625 0.973329186
vn -0.205008432 -0.446184158 0.831468582
vn -0.706393242 -0.128474295 0.556281447
vn -0.311671436 -0.146950573 0.944728971
vn -0.114433296 -0.181181625 0.973329186
vn -0.938704669 -0.0918709859 0.366520584
vn -0.923946142 -0.088568002 -0.429322302
vn -0.98565203 -0.16037555 -0.0840150714
vn -0.911468506 0.074557364 0.506039023
vn -0.706393242 -0.128474295 0.556281447
vn -0.923946142 -0.088568002 -0.429322302
vn -0.706393242 -0.128474295 0.556281447
vn -0.895891309 -0.245135024 0.1071188
vn -0.923946142 -0.088568002 -0.429322302
vn -0.706393242 -0.128474295 0.556281447
vn -0.205008432 -0.446184158 0.831468582
vn -0.895891309 -0.245135024 0.1071188
vn -0.938704669 -0.0918709859 0.366520584
vn -0.98565203 -0.16037555 -0.0840150714
vn -0.912242174 -0.254777789 0.359103352
vn -0.773583353 0.0229793452 0.635896921
vn -0.911468506 0.074557364 0.506039023
vn -0.938704669 -0.0918709859 0.366520584
vn -0.938704669 -0.0918709859 0.366520584
vn -0.911468506 0.074557364 0.506039023
vn -0.923946142 -0.088568002 -0.429322302
vn -0.707460642 -0.123788029 0.6409688
vn -0.911468506 0.074557364 0.506039023
vn -0.773583353 0.0229793452 0.635896921
vn -0.707460642 -0.123788029 0.6409688
vn -1.00621498 -0.161941499 -0.1440714
vn -0.911468506 0.074557364 0.506039023
vn -0.938704669 -0.0918709859 0.366520584
vn -0.912242174 -0.254777789 0.359103352
vn -0.78179574 -0.150497109 0.601418734
vn -0.78179574 -0.150497109 0.601418734
vn -0.773583353 0.0229793452 0.635896921
vn -0.938704669 -0.0918709859 0.366520584
vn -0.589588284 -0.158747286 0.788321316
vn -0.773583353 0.0229793452 0.635896921
vn -0.78179574 -0.150497109 0.601418734
vn -0.560934305 0.126083195 0.838122785
vn -0.773583353 0.0229793452 0.635896921
vn -0.589588284 -0.158747286 0.788321316
vn -0.707460642 -0.123788029 0.6409688
vn -0.773583353 0.0229793452 0.635896921
vn -0.560934305 0.126083195 0.838122785
vn -0.434883088 -0.200854197 0.831794858
vn -0.297543675 -0.607305706 0.686677456
vn -0.707460642 -0.123788029 0.6409688
vn -0.560934305 0.126083195 0.838122785
vn -0.434883088 -0.200854197 0.831794858
vn -0.707460642 -0.123788029 0.6409688
vn -0.560934305 0.126083195 0.838122785
vn -0.589588284 -0.158747286 0.788321316
vn -0.442645639 -0.053090211 0.899461329
vn -0.560934305 0.126083195 0.838122785
vn -0.442645639 -0.053090211 0.899461329
vn -0.0488512293 0.027889749 0.993865907
vn -0.254876554 -0.0958036929 0.924818039
vn -0.297543675 -0.607305706 0.686677456
vn -0.434883088 -0.200854197 0.831794858
vn -0.0488512293 0.027889749 0.993865907
vn -0.442645639 -0.053090211 0.899461329
vn -0.125059828 -0.177360296 0.964555264
vn 0.0566380247 -0.169029862 0.967293084
vn -0.560934305 0.126083195 0.838122785
vn -0.0488512293 0.027889749 0.993865907
vn -0.560934305 0.126083195 0.838122785
vn 0.0566380247 -0.169029862 0.967293084
vn -0.539407909 0.0963734165 0.837489188
vn 0.310291886 -0.178682193 0.911167324
vn -0.539407909 0.0963734165 0.837489188
vn 0.0566380247 -0.169029862 0.967293084
vn 0.0283747185 -0.348507315 0.905901432
vn -0.539407909 0.0963734165 0.837489188
vn 0.310291886 -0.178682193 0.911167324
vn -0.434883088 -0.200854197 0.831794858
vn -0.560934305 0.126083195 0.838122785
vn -0.539407909 0.0963734165 0.837489188
vn 0.0566380247 -0.169029862 0.967293084
vn -0.0488512293 0.027889749 0.993865907
vn 0.332979769 0.0807649419 0.920093358
vn -0.275415033 -0.0882262513 0.961275458
vn 0.0283747185 -0.348507315 0.905901432
vn 0.32893008 -0.666564286 0.678258598
vn -0.275415033 -0.0882262513 0.961275458
vn -0.539407909 0.0963734165 0.837489188
vn 0.0283747185 -0.348507315 0.905901432
vn -0.254876554 -0.0958036929 0.924818039
vn -0.434883088 -0.200854197 0.831794858
vn -0.539407909 0.0963734165 0.837489188
vn 0.32893008 -0.666564286 0.678258598
vn 0.0283747185 -0.348507315 0.905901432
vn 0.310291886 -0.178682193 0.911167324
vn -0.275415033 -0.0882262513 0.961275458
vn 0.039100837 0.0958600193 0.936211169
vn -0.539407909 0.0963734165 0.837489188
vn -0.700054407 0.145159036 0.584211588
vn 0.370618939 0.508439958 0.744066298
vn 0.150732577 -0.0323965065 0.972040474
vn -0.35846737 0.0702936724 0.907345414
vn 0.150732577 -0.0323965065 0.972040474
vn -0.292991132 -0.0985516235 0.941252589
vn -0.311671436 -0.146950573 0.944728971
vn -0.35846737 0.0702936724 0.907345414
vn -0.292991132 -0.0985516235 0.941252589
vn -0.700054407 0.145159036 0.584211588
vn 0.150732577 -0.0323965065 0.972040474
vn -0.35846737 0.0702936724 0.907345414
vn -0.700054407 0.145159036 0.584211588
vn -0.35846737 0.0702936724 0.907345414
vn -0.76829803 -0.196280122 0.279171914
vn -0.958593965 0.00793730933 0.284665793
vn -0.970870554 0.0213548988 -0.274151266
vn -0.987554193 -0.117050394 0.105051577
vn -0.529542327 -0.0647767782 0.845806718
vn -0.311671436 -0.146950573 0.944728971
vn -0.706393242 -0.128474295 0.556281447
vn -0.529542327 -0.0647767782 0.845806718
vn -0.35846737 0.0702936724 0.907345414
vn -0.311671436 -0.146950573 0.944728971
vn -0.904976428 -0.0524000153 0.387667716
vn -0.987554193 -0.117050394 0.105051577
vn -1.00621498 -0.161941499 -0.1440714
vn -0.987554193 -0.117050394 0.105051577
vn -0.970870554 0.0213548988 -0.274151266
vn -0.76829803 -0.196280122 0.279171914
vn -0.970870554 0.0213548988 -0.274151266
vn -0.700054407 0.145159036 0.584211588
vn -0.76829803 -0.196280122 0.279171914
vn -0.958593965 0.00793730933 0.284665793
vn -0.987554193 -0.117050394 0.105051577
vn -0.904976428 -0.0524000153 0.387667716
vn -0.874135435 0.0249827318 0.476423711
vn -0.958593965 0.00793730933 0.284665793
vn -0.904976428 -0.0524000153 0.387667716
vn -1.00621498 -0.161941499 -0.1440714
vn -0.706393242 -0.128474295 0.556281447
vn -0.911468506 0.074557364 0.506039023
vn -1.00621498 -0.161941499 -0.1440714
vn -0.529542327 -0.0647767782 0.845806718
vn -0.706393242 -0.128474295 0.556281447
vn -0.529542327 -0.0647767782 0.845806718
vn -0.76829803 -0.196280122 0.279171914
vn -0.35846737 0.0702936724 0.907345414
vn -0.94048363 -0.159640282 0.299705476
vn -0.904976428 -0.0524000153 0.387667716
vn -1.00621498 -0.161941499 -0.1440714
vn -0.76829803 -0.196280122 0.279171914
vn -0.529542327 -0.0647767782 0.845806718
vn -1.00621498 -0.161941499 -0.1440714
vn -0.987554193 -0.117050394 0.105051577
vn -0.76829803 -0.196280122 0.279171914
vn -1.00621498 -0.161941499 -0.1440714
vn -0.707460642 -0.123788029 0.6409688
vn -0.93061167 -0.322793484 0.172529295
vn -1.00621498 -0.161941499 -0.1440714
vn -0.297543675 -0.607305706 0.686677456
vn -0.93061167 -0.322793484 0.172529295
vn -0.707460642 -0.123788029 0.6409688
vn -0.94048363 -0.159640282 0.299705476
vn -1.00621498 -0.161941499 -0.1440714
vn -0.93061167 -0.322793484 0.172529295
vn -0.94048363 -0.159640282 0.299705476
vn -0.93061167 -0.322793484 0.172529295
vn -0.297543675 -0.607305706 0.686677456
vn -0.651122153 -0.0270753019 0.749878585
vn -0.904976428 -0.0524000153 0.387667716
vn -0.94048363 -0.159640282 0.299705476
vn -0.651122153 -0.0270753019 0.749878585
vn -0.94048363 -0.159640282 0.299705476
vn -0.297543675 -0.607305706 0.686677456
vn -0.725173056 0.0303000454 0.681699812
vn -0.904976428 -0.0524000153 0.387667716
vn -0.651122153 -0.0270753019 0.749878585
vn 0.0575172976 -0.342248291 0.940224826
vn -0.651122153 -0.0270753019 0.749878585
vn -0.297543675 -0.607305706 0.686677456
vn -0.438644886 0.0286034849 0.898427367
vn -0.651122153 -0.0270753019 0.749878585
vn -0.104827121 -0.0308700372 1.00029576
vn -0.438644886 0.0286034849 0.898427367
vn -0.725173056 0.0303000454 0.681699812
vn -0.651122153 -0.0270753019 0.749878585
vn 0.0575172976 -0.342248291 0.940224826
vn -0.297543675 -0.607305706 0.686677456
vn -0.254876554 -0.0958036929 0.924818039
vn -0.104827121 -0.0308700372 1.00029576
vn -0.651122153 -0.0270753019 0.749878585
vn 0.0575172976 -0.342248291 0.940224826
vn -0.0659941733 0.0239223763 1.01750946
vn -0.438644886 0.0286034849 0.898427367
vn -0.104827121 -0.0308700372 1.00029576
vn 0.417196959 0.0450160578 0.91789794
vn -0.104827121 -0.0308700372 1.00029576
vn 0.0575172976 -0.342248291 0.940224826
vn 0.417196959 0.0450160578 0.91789794
vn -0.0659941733 0.0239223763 1.01750946
vn -0.104827121 -0.0308700372 1.00029576
vn 0.417196959 0.0450160578 0.91789794
vn 0.0575172976 -0.342248291 0.940224826
vn 0.251847506 -0.192759708 0.937422097
vn 0.747726798 0.0629974604 0.702586949
vn 0.251847506 -0.192759708 0.937422097
vn -0.254876554 -0.0958036929 0.924818039
vn 0.747726798 0.0629974604 0.702586949
vn 0.417196959 0.0450160578 0.91789794
vn 0.251847506 -0.192759708 0.937422097
vn 0.251847506 -0.192759708 0.937422097
vn 0.0575172976 -0.342248291 0.940224826
vn -0.254876554 -0.0958036929 0.924818039
vn -0.919261396 0.0398304202 -0.411067396
vn -0.62194401 -0.0506344289 -0.791141927
vn -0.685049593 0.0172508433 -0.722560167
vn -0.81435436 0.0297328401 -0.569574416
vn -0.421857536 -0.000259208551 -0.940537691
vn -0.62194401 -0.0506344289 -0.791141927
vn -0.682135761 0.123194411 -0.72265023
vn -0.421857536 -0.000259208551 -0.940537691
vn -0.81435436 0.0297328401 -0.569574416
vn -0.923575163 0.116129391 -0.34875378
vn -0.786294281 0.220818952 -0.52331996
vn -0.913690388 0.0869892389 -0.410898894
vn -0.872139633 0.244033024 -0.411938995
vn -0.786294281 0.220818952 -0.52331996
vn -0.923575163 0.116129391 -0.34875378
vn -0.869104564 -0.104629934 -0.425394356
vn -0.816802025 0.0226496663 -0.519293547
vn -0.786294281 0.220818952 -0.52331996
vn -0.869104564 -0.104629934 -0.425394356
vn -0.786294281 0.220818952 -0.52331996
vn -0.872139633 0.244033024 -0.411938995
vn -0.85226059 -0.314743876 -0.409139037
vn -0.311048865 0.113989308 -0.995816946
vn -0.816802025 0.0226496663 -0.519293547
vn -0.816802025 0.0226496663 -0.519293547
vn -0.436763346 0.129039109 -0.890273452
vn -0.786294281 0.220818952 -0.52331996
vn -0.85226059 -0.314743876 -0.409139037
vn -0.816802025 0.0226496663 -0.519293547
vn -0.869104564 -0.104629934 -0.425394356
vn -0.311048865 0.113989308 -0.995816946
vn -0.436763346 0.129039109 -0.890273452
vn -0.816802025 0.0226496663 -0.519293547
vn -0.436763346 0.129039109 -0.890273452
vn -0.311048865 0.113989308 -0.995816946
vn -0.567339897 0.1016827 -0.77503711
vn -0.311048865 0.113989308 -0.995816946
vn -0.817469597 0.142169118 -0.547971189
vn -0.567339897 0.1016827 -0.77503711
vn -0.855482161 0.0799551457 -0.464823663
vn -0.924500883 -0.0273905918 -0.363903254
vn -0.817469597 0.142169118 -0.547971189
vn -0.855482161 0.0799551457 -0.464823663
vn -0.817469597 0.142169118 -0.547971189
vn -0.311048865 0.113989308 -0.995816946
vn -0.963537216 0.146909013 -0.271249413
vn -0.919261396 0.0398304202 -0.411067396
vn -0.89704895 0.00838959124 -0.442872882
vn -0.963255763 0.0616553575 -0.263976604
vn -0.919261396 0.0398304202 -0.411067396
vn -0.963537216 0.146909013 -0.271249413
vn -0.817469597 0.142169118 -0.547971189
vn -0.963255763 0.0616553575 -0.263976604
vn -0.963537216 0.146909013 -0.271249413
vn -0.924500883 -0.0273905918 -0.363903254
vn -0.963255763 0.0616553575 -0.263976604
vn -0.817469597 0.142169118 -0.547971189
vn -0.855482161 0.0799551457 -0.464823663
vn -0.945489049 0.0187898688 -0.302857608
vn -0.924500883 -0.0273905918 -0.363903254
vn -0.997419655 0.0851694122 -0.155032709
vn -1.01372635 0.0080435602 -0.118087135
vn -0.855482161 0.0799551457 -0.464823663
vn -0.919261396 0.0398304202 -0.411067396
vn -0.685049593 0.0172508433 -0.722560167
vn -0.977428734 0.0900209025 -0.226177484
vn -0.919261396 0.0398304202 -0.411067396
vn -0.977428734 0.0900209025 -0.226177484
vn -0.89704895 0.00838959124 -0.442872882
vn -0.945489049 0.0187898688 -0.302857608
vn -0.963255763 0.0616553575 -0.263976604
vn -0.924500883 -0.0273905918 -0.363903254
vn -0.945489049 0.0187898688 -0.302857608
vn -0.81435436 0.0297328401 -0.569574416
vn -0.963255763 0.0616553575 -0.263976604
vn -0.963255763 0.0616553575 -0.263976604
vn -0.62194401 -0.0506344289 -0.791141927
vn -0.919261396 0.0398304202 -0.411067396
vn -0.81435436 0.0297328401 -0.569574416
vn -0.62194401 -0.0506344289 -0.791141927
vn -0.963255763 0.0616553575 -0.263976604
vn -0.945489049 0.0187898688 -0.302857608
vn -0.682135761 0.123194411 -0.72265023
vn -0.81435436 0.0297328401 -0.569574416
vn -0.615732193 -0.0905125663 -0.80103749
vn -0.682135761 0.123194411 -0.72265023
vn -0.945489049 0.0187898688 -0.302857608
vn -0.864330649 -0.0649542436 -0.475182354
vn -0.615732193 -0.0905125663 -0.80103749
vn -0.945489049 0.0187898688 -0.302857608
vn -0.864330649 -0.0649542436 -0.475182354
vn -0.496571153 0.0948014259 -0.8723737
vn -0.615732193 -0.0905125663 -0.80103749
vn -0.774440587 0.102339759 -0.59957093
vn -0.496571153 0.0948014259 -0.8723737
vn -0.864330649 -0.0649542436 -0.475182354
vn -0.774440587 0.102339759 -0.59957093
vn -0.540342927 0.23603414 -0.808970034
vn -0.496571153 0.0948014259 -0.8723737
vn -0.998603106 0.0172247123 -0.0764048174
vn -0.882325351 -0.0621316917 -0.475405514
vn -0.311048865 0.113989308 -0.995816946
vn -0.488712162 0.184619948 -0.849605918
vn -0.311048865 0.113989308 -0.995816946
vn -0.882325351 -0.0621316917 -0.475405514
vn -0.488712162 0.184619948 -0.849605918
vn -0.882325351 -0.0621316917 -0.475405514
vn -0.930013478 0.190267652 -0.238466129
vn -0.488712162 0.184619948 -0.849605918
vn -0.738167822 0.114690796 -0.613333762
vn -0.311048865 0.113989308 -0.995816946
vn -0.760315001 0.615616202 -0.250103682
vn -0.488712162 0.184619948 -0.849605918
vn -0.930013478 0.190267652 -0.238466129
vn -0.760315001 0.615616202 -0.250103682
vn -0.595000625 0.413385987 -0.690341711
vn -0.488712162 0.184619948 -0.849605918
vn -0.488712162 0.184619948 -0.849605918
vn -0.321248323 0.335413039 -0.909975886
vn -0.738167822 0.114690796 -0.613333762
vn -0.595000625 0.413385987 -0.690341711
vn -0.321248323 0.335413039 -0.909975886
vn -0.488712162 0.184619948 -0.849605918
vn -0.738167822 0.114690796 -0.613333762
vn -0.855482161 0.0799551457 -0.464823663
vn -0.311048865 0.113989308 -0.995816946
vn -1.01372635 0.0080435602 -0.118087135
vn -0.945489049 0.0187898688 -0.302857608
vn -0.855482161 0.0799551457 -0.464823663
vn -1.01372635 0.0080435602 -0.118087135
vn -0.97305125 -0.00371197611 -0.199755996
vn -0.945489049 0.0187898688 -0.302857608
vn -0.855482161 0.0799551457 -0.464823663
vn -0.738167822 0.114690796 -0.613333762
vn -0.997419655 0.0851694122 -0.155032709
vn -0.997419655 0.0851694122 -0.155032709
vn -0.97305125 -0.00371197611 -0.199755996
vn -1.01372635 0.0080435602 -0.118087135
vn -0.321248323 0.335413039 -0.909975886
vn -0.618116081 0.189599916 -0.715514839
vn -0.738167822 0.114690796 -0.613333762
vn -0.97305125 -0.00371197611 -0.199755996
vn -0.774440587 0.102339759 -0.59957093
vn -0.945489049 0.0187898688 -0.302857608
vn -0.774440587 0.102339759 -0.59957093
vn -0.864330649 -0.0649542436 -0.475182354
vn -0.945489049 0.0187898688 -0.302857608
vn -0.941117823 0.0558895804 -0.329267889
vn -0.774440587 0.102339759 -0.59957093
vn -0.97305125 -0.00371197611 -0.199755996
vn -0.997419655 0.0851694122 -0.155032709
vn -0.950435638 0.145369679 -0.261921644
vn -0.97305125 -0.00371197611 -0.199755996
vn -0.950435638 0.145369679 -0.261921644
vn -0.941117823 0.0558895804 -0.329267889
vn -0.97305125 -0.00371197611 -0.199755996
vn -0.950435638 0.145369679 -0.261921644
vn -0.737693906 0.354513317 -0.59071064
vn -0.941117823 0.0558895804 -0.329267889
vn -0.618116081 0.189599916 -0.715514839
vn -0.997419655 0.0851694122 -0.155032709
vn -0.738167822 0.114690796 -0.613333762
vn -0.604554594 0.727568865 -0.370842725
vn -0.997419655 0.0851694122 -0.155032709
vn -0.618116081 0.189599916 -0.715514839
vn -0.941117823 0.0558895804 -0.329267889
vn -0.737693906 0.354513317 -0.59071064
vn -0.774440587 0.102339759 -0.59957093
vn -0.950435638 0.145369679 -0.261921644
vn -0.997419655 0.0851694122 -0.155032709
vn -0.737693906 0.354513317 -0.59071064
vn -0.774440587 0.102339759 -0.59957093
vn -0.737693906 0.354513317 -0.59071064
vn -0.540342927 0.23603414 -0.808970034
vn -0.997419655 0.0851694122 -0.155032709
vn -0.540342927 0.23603414 -0.808970034
vn -0.737693906 0.354513317 -0.59071064
vn -0.760315001 0.615616202 -0.250103682
vn -0.321248323 0.335413039 -0.909975886
vn -0.595000625 0.413385987 -0.690341711
vn -0.760315001 0.615616202 -0.250103682
vn -0.112421304 0.955691159 -0.299903959
vn -0.321248323 0.335413039 -0.909975886
vn -0.321248323 0.335413039 -0.909975886
vn -0.604554594 0.727568865 -0.370842725
vn -0.618116081 0.189599916 -0.715514839
vn -0.112421304 0.955691159 -0.299903959
vn -0.604554594 0.727568865 -0.370842725
vn -0.321248323 0.335413039 -0.909975886
vn -0.112421304 0.955691159 -0.299903959
vn 0.155617058 0.986129761 -0.0577166826
vn -0.604554594 0.727568865 -0.370842725
vn -0.604554594 0.727568865 -0.370842725
vn -1.01493549 0.0404912494 -0.143446326
vn -0.997419655 0.0851694122 -0.155032709
vn -1.03154695 0.0123533262 -0.0264264401
vn -1.01493549 0.0404912494 -0.143446326
vn -0.604554594 0.727568865 -0.370842725
vn -1.01493549 0.0404912494 -0.143446326
vn -0.970770538 0.240915358 -0.0546434708
vn -0.997419655 0.0851694122 -0.155032709
vn -0.970770538 0.240915358 -0.0546434708
vn -0.931482673 0.269790411 -0.346177161
vn -0.997419655 0.0851694122 -0.155032709
vn -0.808721781 0.44474417 -0.399063677
vn -0.919389784 0.190622628 -0.344211042
vn -1.01493549 0.0404912494 -0.143446326
vn -0.970770538 0.240915358 -0.0546434708
vn -0.919389784 0.190622628 -0.344211042
vn -0.931482673 0.269790411 -0.346177161
vn -1.01493549 0.0404912494 -0.143446326
vn -0.919389784 0.190622628 -0.344211042
vn -0.970770538 0.240915358 -0.0546434708
vn -0.931482673 0.269790411 -0.346177161
vn -0.372517347 0.188208058 -0.919543922
vn -0.997419655 0.0851694122 -0.155032709
vn -0.919389784 0.190622628 -0.344211042
vn -0.372517347 0.188208058 -0.919543922
vn -0.931482673 0.269790411 -0.346177161
vn -0.853509724 0.480500937 -0.101338647
vn -0.808721781 0.44474417 -0.399063677
vn -1.01493549 0.0404912494 -0.143446326
vn -0.853509724 0.480500937 -0.101338647
vn -0.211287469 0.584882677 -0.768546879
vn -0.808721781 0.44474417 -0.399063677
vn -0.853509724 0.480500937 -0.101338647
vn -0.294556022 0.947848737 -0.0159866102
vn -0.211287469 0.584882677 -0.768546879
vn -0.62194401 -0.0506344289 -0.791141927
vn -0.421857536 -0.000259208551 -0.940537691
vn -0.827302873 0.05042696 -0.325038642
vn -0.682135761 0.123194411 -0.72265023
vn -0.456295252 0.000310845819 -0.888534606
vn -0.421857536 -0.000259208551 -0.940537691
vn -0.615732193 -0.0905125663 -0.80103749
vn -0.456295252 0.000310845819 -0.888534606
vn -0.682135761 0.123194411 -0.72265023
vn -0.827302873 0.05042696 -0.325038642
vn -0.643952191 0.0323287398 -0.481778413
vn -0.685049593 0.0172508433 -0.722560167
vn -0.62194401 -0.0506344289 -0.791141927
vn -0.827302873 0.05042696 -0.325038642
vn -0.685049593 0.0172508433 -0.722560167
vn -0.983084679 0.0589484051 -0.183092356
vn -0.866198003 0.00511650415 -0.511451304
vn -0.918997049 0.0570495464 0.0895167142
vn -0.983084679 0.0589484051 -0.183092356
vn -0.887976348 0.0203761309 -0.459437579
vn -0.866198003 0.00511650415 -0.511451304
vn -0.888617694 0.149920553 0.417389929
vn -0.964531243 0.0925987065 -0.277263671
vn -0.983084679 0.0589484051 -0.183092356
vn -0.743218899 0.0957833156 0.656270027
vn -0.888617694 0.149920553 0.417389929
vn -0.983084679 0.0589484051 -0.183092356
vn -0.827302873 0.05042696 -0.325038642
vn -0.743218899 0.0957833156 0.656270027
vn -0.643952191 0.0323287398 -0.481778413
vn -0.68215102 0.0843273476 -0.714297414
vn -0.707894862 -0.0573805384 -0.690650225
vn -0.866198003 0.00511650415 -0.511451304
vn -0.887976348 0.0203761309 -0.459437579
vn -0.68215102 0.0843273476 -0.714297414
vn -0.866198003 0.00511650415 -0.511451304
vn -0.983084679 0.0589484051 -0.183092356
vn -0.964531243 0.0925987065 -0.277263671
vn -0.887976348 0.0203761309 -0.459437579
vn -0.964531243 0.0925987065 -0.277263671
vn -0.68215102 0.0843273476 -0.714297414
vn -0.887976348 0.0203761309 -0.459437579
vn -0.421857536 -0.000259208551 -0.940537691
vn -0.79009527 0.167273417 -0.191077739
vn -0.827302873 0.05042696 -0.325038642
vn -0.456295252 0.000310845819 -0.888534606
vn -0.79009527 0.167273417 -0.191077739
vn -0.421857536 -0.000259208551 -0.940537691
vn -0.79009527 0.167273417 -0.191077739
vn -0.743218899 0.0957833156 0.656270027
vn -0.827302873 0.05042696 -0.325038642
vn -0.79009527 0.167273417 -0.191077739
vn -0.888617694 0.149920553 0.417389929
vn -0.743218899 0.0957833156 0.656270027
vn -0.707894862 -0.0573805384 -0.690650225
vn -0.68215102 0.0843273476 -0.714297414
vn -0.322892278 -0.000461582124 -0.967803359
vn -0.68215102 0.0843273476 -0.714297414
vn 0.291355759 0.13011767 -0.90441221
vn -0.322892278 -0.000461582124 -0.967803359
vn -0.322892278 -0.000461582124 -0.967803359
vn 0.0828356072 -0.00265223044 -0.999022782
vn 0.17576842 -0.0526305996 -0.976079404
vn -0.322892278 -0.000461582124 -0.967803359
vn 0.291355759 0.13011767 -0.90441221
vn 0.0828356072 -0.00265223044 -0.999022782
vn 0.380030483 0.190453455 -0.904230475
vn 0.0828356072 -0.00265223044 -0.999022782
vn 0.291355759 0.13011767 -0.90441221
vn 0.17576842 -0.0526305996 -0.976079404
vn 0.509656549 0.014087135 -0.872505248
vn 0.270905405 -0.118457958 -0.958476305
vn 0.0828356072 -0.00265223044 -0.999022782
vn 0.49175325 0.0411670133 -0.872608602
vn 0.17576842 -0.0526305996 -0.976079404
vn 0.0828356072 -0.00265223044 -0.999022782
vn 0.380030483 0.190453455 -0.904230475
vn 0.49175325 0.0411670133 -0.872608602
vn 0.17576842 -0.0526305996 -0.976079404
vn 0.49175325 0.0411670133 -0.872608602
vn 0.509656549 0.014087135 -0.872505248
vn 0.291355759 0.13011767 -0.90441221
vn 0.572536111 0.13582328 -0.789333403
vn 0.380030483 0.190453455 -0.904230475
vn 0.380030483 0.190453455 -0.904230475
vn 0.572536111 0.13582328 -0.789333403
vn 0.605655253 0.195372462 -0.780570984
vn 0.380030483 0.190453455 -0.904230475
vn 0.605655253 0.195372462 -0.780570984
vn 0.49175325 0.0411670133 -0.872608602
vn 0.306357265 0.348837346 -0.802555442
vn 0.509656549 0.014087135 -0.872505248
vn 0.49175325 0.0411670133 -0.872608602
vn -0.496571153 0.0948014259 -0.8723737
vn -0.456295252 0.000310845819 -0.888534606
vn -0.615732193 -0.0905125663 -0.80103749
vn -0.372517347 0.188208058 -0.919543922
vn -0.110023126 0.259048522 -0.968988478
vn -0.540342927 0.23603414 -0.808970034
vn -0.540342927 0.23603414 -0.808970034
vn -0.14423202 0.143853009 -1.00005567
vn -0.496571153 0.0948014259 -0.8723737
vn -0.540342927 0.23603414 -0.808970034
vn -0.110023126 0.259048522 -0.968988478
vn -0.14423202 0.143853009 -1.00005567
vn -0.825863302 0.23441349 -0.502461672
vn -0.68215102 0.0843273476 -0.714297414
vn -0.964531243 0.0925987065 -0.277263671
vn -0.983325481 0.14684172 -0.107276849
vn -0.825863302 0.23441349 -0.502461672
vn -0.964531243 0.0925987065 -0.277263671
vn -0.496571153 0.0948014259 -0.8723737
vn -0.14423202 0.143853009 -1.00005567
vn -0.456295252 0.000310845819 -0.888534606
vn -0.888617694 0.149920553 0.417389929
vn -0.983325481 0.14684172 -0.107276849
vn -0.964531243 0.0925987065 -0.277263671
vn -0.888617694 0.149920553 0.417389929
vn -0.983707428 0.164298251 -0.0729769617
vn -0.983325481 0.14684172 -0.107276849
vn -0.456295252 0.000310845819 -0.888534606
vn -0.14423202 0.143853009 -1.00005567
vn -0.79009527 0.167273417 -0.191077739
vn -0.425211608 0.366625428 0.0807747841
vn -0.888617694 0.149920553 0.417389929
vn -0.79009527 0.167273417 -0.191077739
vn -0.728105903 0.404334843 -0.747873664
vn 0.203200072 0.260233939 -0.938550174
vn -0.825863302 0.23441349 -0.502461672
vn -0.983707428 0.164298251 -0.0729769617
vn -0.825863302 0.23441349 -0.502461672
vn -0.983325481 0.14684172 -0.107276849
vn -0.951898992 0.275157005 -0.177894443
vn -0.825863302 0.23441349 -0.502461672
vn -0.983707428 0.164298251 -0.0729769617
vn -0.951898992 0.275157005 -0.177894443
vn -0.728105903 0.404334843 -0.747873664
vn -0.825863302 0.23441349 -0.502461672
vn -0.951898992 0.275157005 -0.177894443
vn -0.983707428 0.164298251 -0.0729769617
vn -0.888617694 0.149920553 0.417389929
vn -0.14423202 0.143853009 -1.00005567
vn -0.425211608 0.366625428 0.0807747841
vn -0.79009527 0.167273417 -0.191077739
vn -0.825863302 0.23441349 -0.502461672
vn 0.203200072 0.260233939 -0.938550174
vn -0.68215102 0.0843273476 -0.714297414
vn -0.592929363 0.183320552 0.775348544
vn -0.888617694 0.149920553 0.417389929
vn -0.425211608 0.366625428 0.0807747841
vn -0.592929363 0.183320552 0.775348544
vn -0.951898992 0.275157005 -0.177894443
vn -0.888617694 0.149920553 0.417389929
vn -0.592929363 0.183320552 0.775348544
vn -0.934260845 0.350200593 -0.0672024861
vn -0.951898992 0.275157005 -0.177894443
vn -0.934260845 0.350200593 -0.0672024861
vn -0.728105903 0.404334843 -0.747873664
vn -0.951898992 0.275157005 -0.177894443
vn -0.592929363 0.183320552 0.775348544
vn -0.425211608 0.366625428 0.0807747841
vn -0.435226232 0.266633987 -0.390393317
vn -0.110023126 0.259048522 -0.968988478
vn -0.425211608 0.366625428 0.0807747841
vn -0.14423202 0.143853009 -1.00005567
vn -0.839249492 0.528386295 -0.128328621
vn -0.728105903 0.404334843 -0.747873664
vn -0.934260845 0.350200593 -0.0672024861
vn -0.592929363 0.183320552 0.775348544
vn -0.839249492 0.528386295 -0.128328621
vn -0.934260845 0.350200593 -0.0672024861
vn -0.332235485 0.267981112 -0.87452817
vn -0.435226232 0.266633987 -0.390393317
vn -0.110023126 0.259048522 -0.968988478
vn -0.68215102 0.0843273476 -0.714297414
vn 0.0399127454 0.194547102 -0.979430854
vn 0.291355759 0.13011767 -0.90441221
vn -0.110023126 0.259048522 -0.968988478
vn -0.435226232 0.266633987 -0.390393317
vn -0.425211608 0.366625428 0.0807747841
vn 0.203200072 0.260233939 -0.938550174
vn 0.0399127454 0.194547102 -0.979430854
vn -0.68215102 0.0843273476 -0.714297414
vn 0.0399127454 0.194547102 -0.979430854
vn 0.203200072 0.260233939 -0.938550174
vn 0.291355759 0.13011767 -0.90441221
vn -0.728105903 0.404334843 -0.747873664
vn 0.396294743 0.309837431 -0.840878904
vn 0.203200072 0.260233939 -0.938550174
vn 0.248275742 0.430677116 -0.817858875
vn 0.396294743 0.309837431 -0.840878904
vn -0.728105903 0.404334843 -0.747873664
vn -0.775681615 0.322178334 0.185556814
vn -0.592929363 0.183320552 0.775348544
vn -0.435226232 0.266633987 -0.390393317
vn 0.203200072 0.260233939 -0.938550174
vn 0.572536111 0.13582328 -0.789333403
vn 0.291355759 0.13011767 -0.90441221
vn 0.740213156 0.140742496 -0.682466626
vn 0.572536111 0.13582328 -0.789333403
vn 0.203200072 0.260233939 -0.938550174
vn 0.248275742 0.430677116 -0.817858875
vn 0.966741562 0.157876 -0.492621124
vn 0.396294743 0.309837431 -0.840878904
vn -0.332235485 0.267981112 -0.87452817
vn -0.7162714 0.0457769334 -0.671511352
vn -0.435226232 0.266633987 -0.390393317
vn -0.7162714 0.0457769334 -0.671511352
vn -0.775681615 0.322178334 0.185556814
vn -0.435226232 0.266633987 -0.390393317
vn 0.396294743 0.309837431 -0.840878904
vn 0.740213156 0.140742496 -0.682466626
vn 0.203200072 0.260233939 -0.938550174
vn 0.396294743 0.309837431 -0.840878904
vn 0.787822902 0.152032107 -0.590906084
vn 0.740213156 0.140742496 -0.682466626
vn 0.396294743 0.309837431 -0.840878904
vn 0.966741562 0.157876 -0.492621124
vn 0.787822902 0.152032107 -0.590906084
vn -0.694371104 0.51123935 0.575396359
vn -0.839249492 0.528386295 -0.128328621
vn -0.592929363 0.183320552 0.775348544
vn -0.42102474 0.57311666 0.617853642
vn -0.694371104 0.51123935 0.575396359
vn -0.592929363 0.183320552 0.775348544
vn -0.694371104 0.51123935 0.575396359
vn -0.457976699 0.602913201 -0.557281077
vn -0.839249492 0.528386295 -0.128328621
vn -0.457976699 0.602913201 -0.557281077
vn -0.728105903 0.404334843 -0.747873664
vn -0.839249492 0.528386295 -0.128328621
vn -0.775681615 0.322178334 0.185556814
vn -0.42102474 0.57311666 0.617853642
vn -0.592929363 0.183320552 0.775348544
vn -0.662377 0.253607452 -0.633960783
vn -0.7162714 0.0457769334 -0.671511352
vn -0.332235485 0.267981112 -0.87452817
vn -0.728105903 0.404334843 -0.747873664
vn -0.457976699 0.602913201 -0.557281077
vn 0.248275742 0.430677116 -0.817858875
vn -0.42102474 0.57311666 0.617853642
vn -0.457976699 0.602913201 -0.557281077
vn -0.694371104 0.51123935 0.575396359
vn -0.457976699 0.602913201 -0.557281077
vn -0.42102474 0.57311666 0.617853642
vn 0.248275742 0.430677116 -0.817858875
vn -0.7162714 0.0457769334 -0.671511352
vn -0.662377 0.253607452 -0.633960783
vn -0.144005209 0.0537707172 -0.988115013
vn -0.662377 0.253607452 -0.633960783
vn -0.103762664 0.191607699 -0.960470438
vn -0.144005209 0.0537707172 -0.988115013
vn -0.421530217 0.76403594 -0.414086014
vn 0.439886272 0.98764801 0.0891021118
vn -0.662377 0.253607452 -0.633960783
vn 0.248275742 0.430677116 -0.817858875
vn -0.42102474 0.57311666 0.617853642
vn -0.775681615 0.322178334 0.185556814
vn -0.775681615 0.322178334 0.185556814
vn 0.653866231 0.287586987 -0.720279098
vn 0.248275742 0.430677116 -0.817858875
vn -0.144005209 0.0537707172 -0.988115013
vn -0.775681615 0.322178334 0.185556814
vn -0.7162714 0.0457769334 -0.671511352
vn -0.662377 0.253607452 -0.633960783
vn 0.199619383 0.253806412 -0.978310287
vn -0.103762664 0.191607699 -0.960470438
vn 0.439886272 0.98764801 0.0891021118
vn 0.199619383 0.253806412 -0.978310287
vn -0.662377 0.253607452 -0.633960783
vn -0.144005209 0.0537707172 -0.988115013
vn 0.653866231 0.287586987 -0.720279098
vn -0.775681615 0.322178334 0.185556814
vn -0.103762664 0.191607699 -0.960470438
vn 0.653866231 0.287586987 -0.720279098
vn -0.144005209 0.0537707172 -0.988115013
vn 0.248275742 0.430677116 -0.817858875
vn 0.826184988 0.396805227 -0.303331554
vn 0.966741562 0.157876 -0.492621124
vn 0.248275742 0.430677116 -0.817858875
vn 0.653866231 0.287586987 -0.720279098
vn 0.826184988 0.396805227 -0.303331554
vn 0.826184988 0.396805227 -0.303331554
vn 0.653866231 0.287586987 -0.720279098
vn 0.781548798 0.319567978 -0.443970323
vn -0.103762664 0.191607699 -0.960470438
vn 0.199619383 0.253806412 -0.978310287
vn 0.653866231 0.287586987 -0.720279098
vn 0.439886272 0.98764801 0.0891021118
vn 0.764458954 0.420752406 -0.423208117
vn 0.199619383 0.253806412 -0.978310287
vn -0.372517347 0.188208058 -0.919543922
vn -0.540342927 0.23603414 -0.808970034
vn -0.997419655 0.0851694122 -0.155032709
vn -0.808721781 0.44474417 -0.399063677
vn -0.372517347 0.188208058 -0.919543922
vn -0.919389784 0.190622628 -0.344211042
vn -0.211287469 0.584882677 -0.768546879
vn -0.332235485 0.267981112 -0.87452817
vn -0.110023126 0.259048522 -0.968988478
vn -0.421530217 0.76403594 -0.414086014
vn -0.662377 0.253607452 -0.633960783
vn -0.332235485 0.267981112 -0.87452817
vn -0.332235485 0.267981112 -0.87452817
vn 0.0011670806 0.718505085 -0.618194401
vn -0.421530217 0.76403594 -0.414086014
vn -0.211287469 0.584882677 -0.768546879
vn 0.0011670806 0.718505085 -0.618194401
vn -0.332235485 0.267981112 -0.87452817
vn 0.0011670806 0.718505085 -0.618194401
vn 0.226740792 0.96227622 0.150376573
vn -0.421530217 0.76403594 -0.414086014
vn -0.421530217 0.76403594 -0.414086014
vn 0.226740792 0.96227622 0.150376573
vn 0.439886272 0.98764801 0.0891021118
vn 0.226740792 0.96227622 0.150376573
vn 0.0011670806 0.718505085 -0.618194401
vn 0.442719191 0.813927114 0.376194626
vn 0.442719191 0.813927114 0.376194626
vn 0.0011670806 0.718505085 -0.618194401
vn 0.817004979 0.486521333 0.187201455
vn 0.372210115 0.384617448 -0.857620299
vn 0.817004979 0.486521333 0.187201455
vn 0.0011670806 0.718505085 -0.618194401
vn 0.442719191 0.813927114 0.376194626
vn 0.439886272 0.98764801 0.0891021118
vn 0.226740792 0.96227622 0.150376573
vn 0.442719191 0.813927114 0.376194626
vn 0.817004979 0.486521333 0.187201455
vn 0.439886272 0.98764801 0.0891021118
vn 0.372210115 0.384617448 -0.857620299
vn 0.890850782 0.262535602 -0.37075597
vn 0.817004979 0.486521333 0.187201455
vn 0.817004979 0.486521333 0.187201455
vn 0.854507506 0.211060271 0.413216591
vn 0.490362495 0.219523445 0.802262545
vn 0.817004979 0.486521333 0.187201455
vn 0.973394632 0.23378706 -0.193657681
vn 0.854507506 0.211060271 0.413216591
vn 0.817004979 0.486521333 0.187201455
vn 0.890850782 0.262535602 -0.37075597
vn 0.973394632 0.23378706 -0.193657681
vn 0.890850782 0.262535602 -0.37075597
vn 0.921449542 0.293772489 -0.272339195
vn 0.973394632 0.23378706 -0.193657681
vn 0.921449542 0.293772489 -0.272339195
vn 0.95111835 0.23261492 -0.202727735
vn 0.973394632 0.23378706 -0.193657681
vn 0.817004979 0.486521333 0.187201455
vn 0.628815591 0.47594893 0.61710161
vn 0.439886272 0.98764801 0.0891021118
vn 0.95111835 0.23261492 -0.202727735
vn 0.937241256 0.231688708 -0.26057452
vn 0.973394632 0.23378706 -0.193657681
vn 0.95111835 0.23261492 -0.202727735
vn 0.937477648 0.22396934 -0.266408503
vn 0.937241256 0.231688708 -0.26057452
vn 0.937477648 0.22396934 -0.266408503
vn 1.03720677 0.0864503607 -0.256557196
vn 0.937241256 0.231688708 -0.26057452
vn 0.98813802 0.160435557 -0.225932732
vn 1.03720677 0.0864503607 -0.256557196
vn 0.937477648 0.22396934 -0.266408503
vn 0.948753119 0.247159272 -0.196925849
vn 0.528254867 0.509585321 -0.521018267
vn 0.872933328 0.30633232 -0.299417228
vn -0.808721781 0.44474417 -0.399063677
vn -0.211287469 0.584882677 -0.768546879
vn -0.52245146 0.486669868 -0.700140715
vn -0.52245146 0.486669868 -0.700140715
vn -0.372517347 0.188208058 -0.919543922
vn -0.808721781 0.44474417 -0.399063677
vn -0.52245146 0.486669868 -0.700140715
vn -0.211287469 0.584882677 -0.768546879
vn -0.372517347 0.188208058 -0.919543922
vn -0.372517347 0.188208058 -0.919543922
vn -0.211287469 0.584882677 -0.768546879
vn -0.110023126 0.259048522 -0.968988478
vn -0.211287469 0.584882677 -0.768546879
vn -0.294556022 0.947848737 -0.0159866102
vn -0.282012999 0.925239265 -0.253378958
vn -0.294556022 0.947848737 -0.0159866102
vn 0.137727395 0.974407256 0.190015763
vn -0.00779381394 0.991217971 -0.132007927
vn -0.294556022 0.947848737 -0.0159866102
vn -0.00779381394 0.991217971 -0.132007927
vn -0.282012999 0.925239265 -0.253378958
vn -0.282012999 0.925239265 -0.253378958
vn -0.00779381394 0.991217971 -0.132007927
vn 0.163300171 0.979035378 -0.230197608
vn 0.163300171 0.979035378 -0.230197608
vn 0.406902224 0.812470317 -0.425115615
vn -0.282012999 0.925239265 -0.253378958
vn -0.282012999 0.925239265 -0.253378958
vn 0.406902224 0.812470317 -0.425115615
vn -0.211287469 0.584882677 -0.768546879
vn 0.137727395 0.974407256 0.190015763
vn 0.265426874 0.933946073 0.216339886
vn -0.00779381394 0.991217971 -0.132007927
vn 0.372210115 0.384617448 -0.857620299
vn 0.0011670806 0.718505085 -0.618194401
vn -0.211287469 0.584882677 -0.768546879
vn -0.211287469 0.584882677 -0.768546879
vn 0.406902224 0.812470317 -0.425115615
vn 0.372210115 0.384617448 -0.857620299
vn -0.00779381394 0.991217971 -0.132007927
vn 0.265426874 0.933946073 0.216339886
vn 0.163300171 0.979035378 -0.230197608
vn 0.661786079 0.691830873 -0.272921443
vn 0.406902224 0.812470317 -0.425115615
vn 0.163300171 0.979035378 -0.230197608
vn 0.265426874 0.933946073 0.216339886
vn 0.661786079 0.691830873 -0.272921443
vn 0.163300171 0.979035378 -0.230197608
vn 0.265426874 0.933946073 0.216339886
vn 0.463308364 0.802281857 0.449180901
vn 0.618288994 0.783369422 0.0432642922
vn 0.372210115 0.384617448 -0.857620299
vn 0.921449542 0.293772489 -0.272339195
vn 0.890850782 0.262535602 -0.37075597
vn 0.406902224 0.812470317 -0.425115615
vn 0.921449542 0.293772489 -0.272339195
vn 0.372210115 0.384617448 -0.857620299
vn 0.406902224 0.812470317 -0.425115615
vn 0.661786079 0.691830873 -0.272921443
vn 0.921449542 0.293772489 -0.272339195
vn 0.265426874 0.933946073 0.216339886
vn 0.618288994 0.783369422 0.0432642922
vn 0.661786079 0.691830873 -0.272921443
vn 0.929945529 0.270795524 -0.248739094
vn 0.937477648 0.22396934 -0.266408503
vn 0.921449542 0.293772489 -0.272339195
vn 0.929945529 0.270795524 -0.248739094
vn 0.98813802 0.160435557 -0.225932732
vn 0.937477648 0.22396934 -0.266408503
vn 0.661786079 0.691830873 -0.272921443
vn 0.98813802 0.160435557 -0.225932732
vn 0.929945529 0.270795524 -0.248739094
vn 0.921449542 0.293772489 -0.272339195
vn 0.661786079 0.691830873 -0.272921443
vn 0.929945529 0.270795524 -0.248739094
vn 0.661786079 0.691830873 -0.272921443
vn 0.618288994 0.783369422 0.0432642922
vn 0.98813802 0.160435557 -0.225932732
vn 0.618288994 0.783369422 0.0432642922
vn 0.846853077 0.504114389 0.106535703
vn 0.98813802 0.160435557 -0.225932732
vn 0.463308364 0.802281857 0.449180901
vn 0.846853077 0.504114389 0.106535703
vn 0.618288994 0.783369422 0.0432642922
vn 0.921449542 0.293772489 -0.272339195
vn 0.937477648 0.22396934 -0.266408503
vn 0.95111835 0.23261492 -0.202727735
vn 0.98813802 0.160435557 -0.225932732
vn 0.948753119 0.247159272 -0.196925849
vn 1.03720677 0.0864503607 -0.256557196
vn 0.98813802 0.160435557 -0.225932732
vn 0.846853077 0.504114389 0.106535703
vn 0.948753119 0.247159272 -0.196925849
vn -0.936363816 0.132252529 0.173727766
vn -0.923575163 0.116129391 -0.34875378
vn -0.95599699 -0.13172695 -0.150604978
vn -0.936363816 0.132252529 0.173727766
vn -0.872139633 0.244033024 -0.411938995
vn -0.923575163 0.116129391 -0.34875378
vn -0.936990142 0.0796059594 0.0665262491
vn -0.872139633 0.244033024 -0.411938995
vn -0.936363816 0.132252529 0.173727766
vn -0.965494037 0.0176047776 -0.0262874924
vn -0.869104564 -0.104629934 -0.425394356
vn -0.936990142 0.0796059594 0.0665262491
vn -0.965494037 0.0176047776 -0.0262874924
vn -0.951055884 -0.0772642195 -0.326596171
vn -0.869104564 -0.104629934 -0.425394356
vn -0.998603106 0.0172247123 -0.0764048174
vn -0.951055884 -0.0772642195 -0.326596171
vn -0.965494037 0.0176047776 -0.0262874924
vn -0.840962648 0.134798124 0.514129758
vn -0.936990142 0.0796059594 0.0665262491
vn -0.936363816 0.132252529 0.173727766
vn -0.951055884 -0.0772642195 -0.326596171
vn -0.85226059 -0.314743876 -0.409139037
vn -0.869104564 -0.104629934 -0.425394356
vn -0.930993438 0.171287239 0.312719852
vn -0.965494037 0.0176047776 -0.0262874924
vn -0.936990142 0.0796059594 0.0665262491
vn -0.311048865 0.113989308 -0.995816946
vn -0.85226059 -0.314743876 -0.409139037
vn -0.951055884 -0.0772642195 -0.326596171
vn -0.930993438 0.171287239 0.312719852
vn -0.936990142 0.0796059594 0.0665262491
vn -0.840962648 0.134798124 0.514129758
vn -0.998603106 0.0172247123 -0.0764048174
vn -0.311048865 0.113989308 -0.995816946
vn -0.951055884 -0.0772642195 -0.326596171
vn -0.930993438 0.171287239 0.312719852
vn -0.998603106 0.0172247123 -0.0764048174
vn -0.965494037 0.0176047776 -0.0262874924
vn -0.869104564 -0.104629934 -0.425394356
vn -0.872139633 0.244033024 -0.411938995
vn -0.936990142 0.0796059594 0.0665262491
vn -0.922247946 0.0681777671 0.394396067
vn -0.936363816 0.132252529 0.173727766
vn -0.90686667 0.00137113698 0.42276004
vn -0.840962648 0.134798124 0.514129758
vn -0.936363816 0.132252529 0.173727766
vn -0.922247946 0.0681777671 0.394396067
vn -0.866045892 0.152094021 0.476268768
vn -0.930993438 0.171287239 0.312719852
vn -0.840962648 0.134798124 0.514129758
vn -0.625611603 0.244762763 0.733808935
vn -0.866045892 0.152094021 0.476268768
vn -0.840962648 0.134798124 0.514129758
vn -0.793281436 0.064174816 0.604190409
vn -0.922247946 0.0681777671 0.394396067
vn -0.833513796 0.0540045686 0.549853027
vn -0.840962648 0.134798124 0.514129758
vn -0.922247946 0.0681777671 0.394396067
vn -0.793281436 0.064174816 0.604190409
vn -0.625611603 0.244762763 0.733808935
vn -0.840962648 0.134798124 0.514129758
vn -0.595154762 0.281714559 0.739161372
vn -0.377018481 0.330027193 0.869920552
vn -0.625611603 0.244762763 0.733808935
vn -0.595154762 0.281714559 0.739161372
vn 0.639917016 0.260447711 0.782013416
vn -0.377018481 0.330027193 0.869920552
vn 0.00187607319 0.336378545 0.934283316
vn 0.258849502 0.116214007 0.939553142
vn 0.639917016 0.260447711 0.782013416
vn 0.665363491 0.0439078622 0.760175288
vn -0.595154762 0.281714559 0.739161372
vn -0.840962648 0.134798124 0.514129758
vn -0.793281436 0.064174816 0.604190409
vn -0.513516426 0.186846435 0.841937423
vn -0.595154762 0.281714559 0.739161372
vn -0.793281436 0.064174816 0.604190409
vn -0.513516426 0.186846435 0.841937423
vn -0.793281436 0.064174816 0.604190409
vn -0.394991875 0.0419230945 0.894334614
vn -0.127780974 0.133657277 0.983834743
vn -0.513516426 0.186846435 0.841937423
vn -0.394991875 0.0419230945 0.894334614
vn 0.346985519 0.366930842 0.821873307
vn -0.513516426 0.186846435 0.841937423
vn -0.127780974 0.133657277 0.983834743
vn 0.00187607319 0.336378545 0.934283316
vn -0.595154762 0.281714559 0.739161372
vn -0.513516426 0.186846435 0.841937423
vn 0.00187607319 0.336378545 0.934283316
vn -0.377018481 0.330027193 0.869920552
vn -0.595154762 0.281714559 0.739161372
vn 0.00187607319 0.336378545 0.934283316
vn 0.346985519 0.366930842 0.821873307
vn 0.665363491 0.0439078622 0.760175288
vn 0.00187607319 0.336378545 0.934283316
vn -0.513516426 0.186846435 0.841937423
vn 0.346985519 0.366930842 0.821873307
vn 0.253587365 0.022956688 0.967040062
vn -0.127780974 0.133657277 0.983834743
vn -0.394991875 0.0419230945 0.894334614
vn 0.253587365 0.022956688 0.967040062
vn 0.346985519 0.366930842 0.821873307
vn -0.127780974 0.133657277 0.983834743
vn 0.665363491 0.0439078622 0.760175288
vn 0.346985519 0.366930842 0.821873307
vn 0.5004071 0.250124633 0.752973974
vn 0.639917016 0.260447711 0.782013416
vn 0.00187607319 0.336378545 0.934283316
vn 0.665363491 0.0439078622 0.760175288
vn 0.689703882 0.062996842 0.703516364
vn 0.346985519 0.366930842 0.821873307
vn 0.253587365 0.022956688 0.967040062
vn 0.5004071 0.250124633 0.752973974
vn 0.258849502 0.116214007 0.939553142
vn 0.665363491 0.0439078622 0.760175288
vn 0.5004071 0.250124633 0.752973974
vn 0.346985519 0.366930842 0.821873307
vn 0.370618939 0.508439958 0.744066298
vn 0.370618939 0.508439958 0.744066298
vn 0.346985519 0.366930842 0.821873307
vn 0.689703882 0.062996842 0.703516364
vn -0.949522674 0.0109664919 0.340216488
vn -0.882325351 -0.0621316917 -0.475405514
vn -0.998603106 0.0172247123 -0.0764048174
vn -0.930013478 0.190267652 -0.238466129
vn -0.882325351 -0.0621316917 -0.475405514
vn -0.949522674 0.0109664919 0.340216488
vn -0.931254923 0.249416322 0.301535428
vn -0.930013478 0.190267652 -0.238466129
vn -0.949522674 0.0109664919 0.340216488
vn -0.913608253 0.109572947 0.389423311
vn -0.998603106 0.0172247123 -0.0764048174
vn -0.930993438 0.171287239 0.312719852
vn -0.913608253 0.109572947 0.389423311
vn -0.949522674 0.0109664919 0.340216488
vn -0.998603106 0.0172247123 -0.0764048174
vn -0.865695417 0.150257751 0.477972627
vn -0.949522674 0.0109664919 0.340216488
vn -0.913608253 0.109572947 0.389423311
vn -0.913608253 0.109572947 0.389423311
vn -0.86100173 0.11634104 0.494972825
vn -0.865695417 0.150257751 0.477972627
vn -0.931254923 0.249416322 0.301535428
vn -0.949522674 0.0109664919 0.340216488
vn -0.865695417 0.150257751 0.477972627
vn -0.931254923 0.249416322 0.301535428
vn -0.760315001 0.615616202 -0.250103682
vn -0.930013478 0.190267652 -0.238466129
vn -0.866045892 0.152094021 0.476268768
vn -0.913608253 0.109572947 0.389423311
vn -0.930993438 0.171287239 0.312719852
vn -0.865253508 0.14089781 0.481128067
vn -0.913608253 0.109572947 0.389423311
vn -0.866045892 0.152094021 0.476268768
vn -0.70851922 0.58967346 0.389609605
vn -0.760315001 0.615616202 -0.250103682
vn -0.931254923 0.249416322 0.301535428
vn -0.65860039 0.144061521 0.734750152
vn -0.866045892 0.152094021 0.476268768
vn -0.625611603 0.244762763 0.733808935
vn -0.65860039 0.144061521 0.734750152
vn -0.865253508 0.14089781 0.481128067
vn -0.866045892 0.152094021 0.476268768
vn -0.86100173 0.11634104 0.494972825
vn -0.913608253 0.109572947 0.389423311
vn -0.865253508 0.14089781 0.481128067
vn -0.65860039 0.144061521 0.734750152
vn -0.86100173 0.11634104 0.494972825
vn -0.865253508 0.14089781 0.481128067
vn -0.628206253 0.226795137 0.757558763
vn -0.865695417 0.150257751 0.477972627
vn -0.86100173 0.11634104 0.494972825
vn -0.628206253 0.226795137 0.757558763
vn -0.81238848 0.246354729 0.528520882
vn -0.865695417 0.150257751 0.477972627
vn -0.81238848 0.246354729 0.528520882
vn -0.931254923 0.249416322 0.301535428
vn -0.865695417 0.150257751 0.477972627
vn -0.70851922 0.58967346 0.389609605
vn -0.931254923 0.249416322 0.301535428
vn -0.81238848 0.246354729 0.528520882
vn -0.65860039 0.144061521 0.734750152
vn -0.628206253 0.226795137 0.757558763
vn -0.86100173 0.11634104 0.494972825
vn -0.596620679 0.501781344 0.627738953
vn -0.81238848 0.246354729 0.528520882
vn -0.628206253 0.226795137 0.757558763
vn -0.596620679 0.501781344 0.627738953
vn -0.70851922 0.58967346 0.389609605
vn -0.81238848 0.246354729 0.528520882
vn -0.327457875 0.256105423 0.919150174
vn -0.628206253 0.226795137 0.757558763
vn -0.65860039 0.144061521 0.734750152
vn -0.628206253 0.226795137 0.757558763
vn -0.315843344 0.587083042 0.759371936
vn -0.596620679 0.501781344 0.627738953
vn -0.159526601 0.195283249 0.953317165
vn -0.65860039 0.144061521 0.734750152
vn -0.625611603 0.244762763 0.733808935
vn -0.159526601 0.195283249 0.953317165
vn -0.625611603 0.244762763 0.733808935
vn -0.377018481 0.330027193 0.869920552
vn -0.327457875 0.256105423 0.919150174
vn -0.65860039 0.144061521 0.734750152
vn -0.159526601 0.195283249 0.953317165
vn 0.0667744651 0.408562124 0.898257375
vn -0.315843344 0.587083042 0.759371936
vn -0.628206253 0.226795137 0.757558763
vn 0.504103243 0.269117028 0.809557319
vn -0.327457875 0.256105423 0.919150174
vn -0.159526601 0.195283249 0.953317165
vn 0.504103243 0.269117028 0.809557319
vn -0.628206253 0.226795137 0.757558763
vn -0.327457875 0.256105423 0.919150174
vn 0.0667744651 0.408562124 0.898257375
vn -0.628206253 0.226795137 0.757558763
vn 0.504103243 0.269117028 0.809557319
vn 0.639917016 0.260447711 0.782013416
vn -0.159526601 0.195283249 0.953317165
vn -0.377018481 0.330027193 0.869920552
vn 0.504103243 0.269117028 0.809557319
vn -0.159526601 0.195283249 0.953317165
vn 0.639917016 0.260447711 0.782013416
vn 0.335012436 0.623954594 0.687851608
vn 0.0667744651 0.408562124 0.898257375
vn 0.504103243 0.269117028 0.809557319
vn 0.504103243 0.269117028 0.809557319
vn 0.639917016 0.260447711 0.782013416
vn 0.491241872 0.230588019 0.799575806
vn 0.108303264 0.237956345 0.965750337
vn 0.335012436 0.623954594 0.687851608
vn 0.504103243 0.269117028 0.809557319
vn 0.491241872 0.230588019 0.799575806
vn 0.108303264 0.237956345 0.965750337
vn 0.504103243 0.269117028 0.809557319
vn 0.491241872 0.230588019 0.799575806
vn 0.639917016 0.260447711 0.782013416
vn -0.0495928638 0.392421424 0.699714065
vn -0.570688903 -0.211094052 0.477265239
vn 0.491241872 0.230588019 0.799575806
vn -0.0495928638 0.392421424 0.699714065
vn -0.548516214 0.0484749302 0.802126586
vn 0.108303264 0.237956345 0.965750337
vn 0.491241872 0.230588019 0.799575806
vn -0.760315001 0.615616202 -0.250103682
vn -0.561463773 0.802720964 0.200991496
vn -0.465117723 0.898649395 -0.0124897351
vn -0.70851922 0.58967346 0.389609605
vn -0.561463773 0.802720964 0.200991496
vn -0.760315001 0.615616202 -0.250103682
vn -0.70851922 0.58967346 0.389609605
vn -0.296616465 0.888780177 0.404790938
vn -0.561463773 0.802720964 0.200991496
vn -0.70851922 0.58967346 0.389609605
vn -0.596620679 0.501781344 0.627738953
vn -0.296616465 0.888780177 0.404790938
vn -0.561463773 0.802720964 0.200991496
vn -0.296616465 0.888780177 0.404790938
vn -0.465117723 0.898649395 -0.0124897351
vn -0.596620679 0.501781344 0.627738953
vn -0.207383946 0.937239826 0.375246793
vn -0.296616465 0.888780177 0.404790938
vn -0.596620679 0.501781344 0.627738953
vn -0.315843344 0.587083042 0.759371936
vn -0.207383946 0.937239826 0.375246793
vn -0.465117723 0.898649395 -0.0124897351
vn -0.173250049 0.977129042 -0.0356306508
vn -0.760315001 0.615616202 -0.250103682
vn -0.173250049 0.977129042 -0.0356306508
vn -0.465117723 0.898649395 -0.0124897351
vn -0.296616465 0.888780177 0.404790938
vn -0.760315001 0.615616202 -0.250103682
vn -0.173250049 0.977129042 -0.0356306508
vn -0.112421304 0.955691159 -0.299903959
vn -0.207383946 0.937239826 0.375246793
vn -0.173250049 0.977129042 -0.0356306508
vn -0.296616465 0.888780177 0.404790938
vn -0.173250049 0.977129042 -0.0356306508
vn 0.155617058 0.986129761 -0.0577166826
vn -0.112421304 0.955691159 -0.299903959
vn -0.207383946 0.937239826 0.375246793
vn -0.791356921 0.432112694 -0.00268592197
vn -0.173250049 0.977129042 -0.0356306508
vn -0.173250049 0.977129042 -0.0356306508
vn -0.791356921 0.432112694 -0.00268592197
vn 0.155617058 0.986129761 -0.0577166826
vn -0.315843344 0.587083042 0.759371936
vn 0.0667744651 0.408562124 0.898257375
vn 0.335012436 0.623954594 0.687851608
vn -0.207383946 0.937239826 0.375246793
vn -0.315843344 0.587083042 0.759371936
vn 0.335012436 0.623954594 0.687851608
vn -0.791356921 0.432112694 -0.00268592197
vn -0.604554594 0.727568865 -0.370842725
vn 0.155617058 0.986129761 -0.0577166826
vn -0.207383946 0.937239826 0.375246793
vn -0.752338707 0.0958095938 0.326385021
vn -0.791356921 0.432112694 -0.00268592197
vn 0.335012436 0.623954594 0.687851608
vn -0.752338707 0.0958095938 0.326385021
vn -0.207383946 0.937239826 0.375246793
vn -0.604554594 0.727568865 -0.370842725
vn -0.791356921 0.432112694 -0.00268592197
vn -1.03154695 0.0123533262 -0.0264264401
vn -0.565513492 0.0136924107 0.78042978
vn -0.950318992 0.0650254413 0.304410279
vn -0.752338707 0.0958095938 0.326385021
vn -0.721775949 0.100515991 0.693252325
vn -0.950318992 0.0650254413 0.304410279
vn -0.565513492 0.0136924107 0.78042978
vn -0.979411721 0.173813701 0.116064928
vn -0.791356921 0.432112694 -0.00268592197
vn -0.752338707 0.0958095938 0.326385021
vn -0.950318992 0.0650254413 0.304410279
vn -0.979411721 0.173813701 0.116064928
vn -0.752338707 0.0958095938 0.326385021
vn -0.960834026 0.181644455 0.15237844
vn -1.03154695 0.0123533262 -0.0264264401
vn -0.791356921 0.432112694 -0.00268592197
vn -0.960834026 0.181644455 0.15237844
vn -0.791356921 0.432112694 -0.00268592197
vn -0.979411721 0.173813701 0.116064928
vn -0.721775949 0.100515991 0.693252325
vn -0.979411721 0.173813701 0.116064928
vn -0.950318992 0.0650254413 0.304410279
vn -0.648824871 0.405268162 0.639825404
vn -0.979411721 0.173813701 0.116064928
vn -0.721775949 0.100515991 0.693252325
vn 0.335012436 0.623954594 0.687851608
vn -0.293525517 0.0707271844 0.912749767
vn -0.752338707 0.0958095938 0.326385021
vn -0.565513492 0.0136924107 0.78042978
vn -0.752338707 0.0958095938 0.326385021
vn -0.293525517 0.0707271844 0.912749767
vn -0.356207877 -0.0631956682 0.934078336
vn -0.721775949 0.100515991 0.693252325
vn -0.565513492 0.0136924107 0.78042978
vn -0.356207877 -0.0631956682 0.934078336
vn -0.565513492 0.0136924107 0.78042978
vn -0.293525517 0.0707271844 0.912749767
vn -0.211394966 0.175563216 0.949696064
vn -0.721775949 0.100515991 0.693252325
vn -0.356207877 -0.0631956682 0.934078336
vn -0.211394966 0.175563216 0.949696064
vn -0.648824871 0.405268162 0.639825404
vn -0.721775949 0.100515991 0.693252325
vn -0.979411721 0.173813701 0.116064928
vn -0.648824871 0.405268162 0.639825404
vn -0.960834026 0.181644455 0.15237844
vn -0.648824871 0.405268162 0.639825404
vn -0.58111614 0.413314402 0.712869942
vn -0.960834026 0.181644455 0.15237844
vn -0.960834026 0.181644455 0.15237844
vn -1.01493549 0.0404912494 -0.143446326
vn -1.03154695 0.0123533262 -0.0264264401
vn 0.108303264 0.237956345 0.965750337
vn -0.293525517 0.0707271844 0.912749767
vn 0.335012436 0.623954594 0.687851608
vn -0.58111614 0.413314402 0.712869942
vn -0.648824871 0.405268162 0.639825404
vn -0.211394966 0.175563216 0.949696064
vn -0.188845545 0.112774655 0.974805295
vn -0.293525517 0.0707271844 0.912749767
vn 0.108303264 0.237956345 0.965750337
vn -0.960834026 0.181644455 0.15237844
vn -0.853509724 0.480500937 -0.101338647
vn -1.01493549 0.0404912494 -0.143446326
vn -0.769915402 0.438302159 0.447569877
vn -0.853509724 0.480500937 -0.101338647
vn -0.960834026 0.181644455 0.15237844
vn -0.703011572 0.73507762 0.0107005751
vn -0.853509724 0.480500937 -0.101338647
vn -0.769915402 0.438302159 0.447569877
vn -0.58111614 0.413314402 0.712869942
vn -0.769915402 0.438302159 0.447569877
vn -0.960834026 0.181644455 0.15237844
vn -0.58111614 0.413314402 0.712869942
vn -0.507164478 0.507932067 0.695903301
vn -0.769915402 0.438302159 0.447569877
vn -0.507164478 0.507932067 0.695903301
vn -0.58111614 0.413314402 0.712869942
vn -0.128110871 0.252351612 0.956269085
vn -0.703011572 0.73507762 0.0107005751
vn -0.294556022 0.947848737 -0.0159866102
vn -0.853509724 0.480500937 -0.101338647
vn -0.769915402 0.438302159 0.447569877
vn -0.381838113 0.810132682 0.444842428
vn -0.703011572 0.73507762 0.0107005751
vn -0.769915402 0.438302159 0.447569877
vn -0.507164478 0.507932067 0.695903301
vn -0.381838113 0.810132682 0.444842428
vn 0.370618939 0.508439958 0.744066298
vn -0.078470394 0.447358102 0.868787289
vn 0.5004071 0.250124633 0.752973974
vn -0.078470394 0.447358102 0.868787289
vn 0.258849502 0.116214007 0.939553142
vn 0.5004071 0.250124633 0.752973974
vn 0.639917016 0.260447711 0.782013416
vn 0.258849502 0.116214007 0.939553142
vn -0.0495928638 0.392421424 0.699714065
vn 0.258849502 0.116214007 0.939553142
vn -0.739236176 0.193340749 0.701458573
vn -0.0495928638 0.392421424 0.699714065
vn -0.705725849 0.720914841 0.169624969
vn 0.370618939 0.508439958 0.744066298
vn -0.700054407 0.145159036 0.584211588
vn -0.705725849 0.720914841 0.169624969
vn -0.078470394 0.447358102 0.868787289
vn 0.370618939 0.508439958 0.744066298
vn -0.705725849 0.720914841 0.169624969
vn -0.275776386 0.625410676 0.718236625
vn -0.078470394 0.447358102 0.868787289
vn -0.584913552 0.0967971534 0.206215248
vn -0.078470394 0.447358102 0.868787289
vn -0.275776386 0.625410676 0.718236625
vn 0.258849502 0.116214007 0.939553142
vn -0.078470394 0.447358102 0.868787289
vn -0.584913552 0.0967971534 0.206215248
vn 0.258849502 0.116214007 0.939553142
vn -0.61381346 0.0881647617 0.737230361
vn -0.739236176 0.193340749 0.701458573
vn -0.705725849 0.720914841 0.169624969
vn -0.765052736 0.148335382 -0.635743678
vn -0.275776386 0.625410676 0.718236625
vn -0.834568202 0.332950473 0.134407669
vn -0.584913552 0.0967971534 0.206215248
vn -0.275776386 0.625410676 0.718236625
vn -0.584913552 0.0967971534 0.206215248
vn -0.834568202 0.332950473 0.134407669
vn -0.765052736 0.148335382 -0.635743678
vn -0.626028538 0.165553972 0.571119666
vn 0.258849502 0.116214007 0.939553142
vn -0.584913552 0.0967971534 0.206215248
vn -0.721152008 -0.0336221531 -0.86937809
vn -0.626028538 0.165553972 0.571119666
vn -0.584913552 0.0967971534 0.206215248
vn 0.370618939 0.508439958 0.744066298
vn 0.689703882 0.062996842 0.703516364
vn 0.150732577 -0.0323965065 0.972040474
vn -0.705725849 0.720914841 0.169624969
vn -0.700054407 0.145159036 0.584211588
vn -0.970870554 0.0213548988 -0.274151266
vn -0.765052736 0.148335382 -0.635743678
vn -0.705725849 0.720914841 0.169624969
vn -0.970870554 0.0213548988 -0.274151266
vn -0.958593965 0.00793730933 0.284665793
vn -0.952273726 0.0423111767 -0.292390347
vn -0.970870554 0.0213548988 -0.274151266
vn -0.952273726 0.0423111767 -0.292390347
vn -0.765052736 0.148335382 -0.635743678
vn -0.970870554 0.0213548988 -0.274151266
vn -0.956038415 0.057225842 0.287603319
vn -0.958593965 0.00793730933 0.284665793
vn -0.874135435 0.0249827318 0.476423711
vn -0.956038415 0.057225842 0.287603319
vn -0.952273726 0.0423111767 -0.292390347
vn -0.958593965 0.00793730933 0.284665793
vn -0.833202064 0.0675129443 0.556939185
vn -0.956038415 0.057225842 0.287603319
vn -0.874135435 0.0249827318 0.476423711
vn -0.956038415 0.057225842 0.287603319
vn -0.900405169 0.0300400276 -0.402714849
vn -0.952273726 0.0423111767 -0.292390347
vn -0.900405169 0.0300400276 -0.402714849
vn -0.721152008 -0.0336221531 -0.86937809
vn -0.952273726 0.0423111767 -0.292390347
vn -0.833202064 0.0675129443 0.556939185
vn -0.950466156 0.060759943 0.300557584
vn -0.956038415 0.057225842 0.287603319
vn -0.950466156 0.060759943 0.300557584
vn -0.900405169 0.0300400276 -0.402714849
vn -0.956038415 0.057225842 0.287603319
vn -0.765052736 0.148335382 -0.635743678
vn -0.952273726 0.0423111767 -0.292390347
vn -0.584913552 0.0967971534 0.206215248
vn -0.721152008 -0.0336221531 -0.86937809
vn -0.584913552 0.0967971534 0.206215248
vn -0.952273726 0.0423111767 -0.292390347
vn -0.725173056 0.0303000454 0.681699812
vn -0.874135435 0.0249827318 0.476423711
vn -0.904976428 -0.0524000153 0.387667716
vn -0.725173056 0.0303000454 0.681699812
vn -0.833202064 0.0675129443 0.556939185
vn -0.874135435 0.0249827318 0.476423711
vn -0.669600785 0.0473433584 0.72633779
vn -0.833202064 0.0675129443 0.556939185
vn -0.725173056 0.0303000454 0.681699812
vn -0.669600785 0.0473433584 0.72633779
vn -0.725173056 0.0303000454 0.681699812
vn -0.0659941733 0.0239223763 1.01750946
vn -0.0659941733 0.0239223763 1.01750946
vn -0.725173056 0.0303000454 0.681699812
vn -0.438644886 0.0286034849 0.898427367
vn 0.552972317 0.0720199943 0.833542109
vn 0.159281403 0.0343136303 0.973373115
vn -0.0659941733 0.0239223763 1.01750946
vn 0.552972317 0.0720199943 0.833542109
vn -0.0659941733 0.0239223763 1.01750946
vn 0.417196959 0.0450160578 0.91789794
vn 0.552972317 0.0720199943 0.833542109
vn 0.417196959 0.0450160578 0.91789794
vn 0.747726798 0.0629974604 0.702586949
vn 0.491241872 0.230588019 0.799575806
vn -0.570688903 -0.211094052 0.477265239
vn -0.548516214 0.0484749302 0.802126586
vn -0.149883047 0.214304626 1.00126266
vn 0.108303264 0.237956345 0.965750337
vn -0.548516214 0.0484749302 0.802126586
vn -0.739236176 0.193340749 0.701458573
vn -0.61381346 0.0881647617 0.737230361
vn -0.0495928638 0.392421424 0.699714065
vn -0.61381346 0.0881647617 0.737230361
vn -0.570688903 -0.211094052 0.477265239
vn -0.0495928638 0.392421424 0.699714065
vn -0.548516214 0.0484749302 0.802126586
vn -0.570688903 -0.211094052 0.477265239
vn -0.61381346 0.0881647617 0.737230361
vn -0.626028538 0.165553972 0.571119666
vn -0.548516214 0.0484749302 0.802126586
vn -0.61381346 0.0881647617 0.737230361
vn -0.188845545 0.112774655 0.974805295
vn 0.108303264 0.237956345 0.965750337
vn -0.149883047 0.214304626 1.00126266
vn -0.626028538 0.165553972 0.571119666
vn -0.61381346 0.0881647617 0.737230361
vn 0.258849502 0.116214007 0.939553142
vn -0.900405169 0.0300400276 -0.402714849
vn -0.779466391 0.0184120201 -0.682196736
vn -0.721152008 -0.0336221531 -0.86937809
vn -0.574559152 0.201177463 0.587591112
vn -0.548516214 0.0484749302 0.802126586
vn -0.626028538 0.165553972 0.571119666
vn -0.574559152 0.201177463 0.587591112
vn -0.149883047 0.214304626 1.00126266
vn -0.548516214 0.0484749302 0.802126586
vn -0.779466391 0.0184120201 -0.682196736
vn -0.626028538 0.165553972 0.571119666
vn -0.721152008 -0.0336221531 -0.86937809
vn -0.779466391 0.0184120201 -0.682196736
vn -0.574559152 0.201177463 0.587591112
vn -0.626028538 0.165553972 0.571119666
vn -0.779466391 0.0184120201 -0.682196736
vn -0.788353205 0.276661038 0.531328142
vn -0.574559152 0.201177463 0.587591112
vn -0.953887165 0.1999349 0.131198198
vn -0.900405169 0.0300400276 -0.402714849
vn -0.950466156 0.060759943 0.300557584
vn -0.857131839 0.111890294 0.502797604
vn -0.953887165 0.1999349 0.131198198
vn -0.950466156 0.060759943 0.300557584
vn -0.857131839 0.111890294 0.502797604
vn -0.950466156 0.060759943 0.300557584
vn -0.833202064 0.0675129443 0.556939185
vn -0.83125174 0.0761334747 0.568004668
vn -0.833202064 0.0675129443 0.556939185
vn -0.669600785 0.0473433584 0.72633779
vn -0.242967978 0.298191994 0.819828033
vn -0.83125174 0.0761334747 0.568004668
vn -0.669600785 0.0473433584 0.72633779
vn 0.159281403 0.0343136303 0.973373115
vn -0.182750583 0.277966559 0.928639293
vn -0.669600785 0.0473433584 0.72633779
vn -0.182750583 0.277966559 0.928639293
vn -0.242967978 0.298191994 0.819828033
vn -0.669600785 0.0473433584 0.72633779
vn 0.159281403 0.0343136303 0.973373115
vn -0.669600785 0.0473433584 0.72633779
vn -0.0659941733 0.0239223763 1.01750946
vn 0.611494005 0.272961766 0.736700654
vn -0.182750583 0.277966559 0.928639293
vn 0.159281403 0.0343136303 0.973373115
vn -0.182750583 0.277966559 0.928639293
vn 0.611494005 0.272961766 0.736700654
vn -0.242967978 0.298191994 0.819828033
vn 0.555179417 0.227982298 0.788782358
vn 0.0180683807 0.223822117 0.915502727
vn -0.242967978 0.298191994 0.819828033
vn 0.611494005 0.272961766 0.736700654
vn 0.159281403 0.0343136303 0.973373115
vn 0.552972317 0.0720199943 0.833542109
vn 0.555179417 0.227982298 0.788782358
vn -0.242967978 0.298191994 0.819828033
vn 0.611494005 0.272961766 0.736700654
vn 0.611494005 0.272961766 0.736700654
vn 0.552972317 0.0720199943 0.833542109
vn 0.747726798 0.0629974604 0.702586949
vn 0.772695601 0.110833295 0.631201804
vn 0.611494005 0.272961766 0.736700654
vn 0.747726798 0.0629974604 0.702586949
vn 0.772695601 0.110833295 0.631201804
vn 0.555179417 0.227982298 0.788782358
vn 0.611494005 0.272961766 0.736700654
vn -0.211394966 0.175563216 0.949696064
vn -0.128110871 0.252351612 0.956269085
vn -0.58111614 0.413314402 0.712869942
vn -0.188845545 0.112774655 0.974805295
vn -0.356207877 -0.0631956682 0.934078336
vn -0.293525517 0.0707271844 0.912749767
vn -0.128110871 0.252351612 0.956269085
vn -0.211394966 0.175563216 0.949696064
vn -0.44400689 0.167537317 0.624094069
vn -0.211394966 0.175563216 0.949696064
vn -0.356207877 -0.0631956682 0.934078336
vn -0.188845545 0.112774655 0.974805295
vn -0.44400689 0.167537317 0.624094069
vn -0.211394966 0.175563216 0.949696064
vn -0.188845545 0.112774655 0.974805295
vn -0.927817404 0.31518212 0.190889448
vn -0.878006101 0.131213665 -0.478150785
vn -0.84684515 0.0743895024 -0.544284403
vn -0.900405169 0.0300400276 -0.402714849
vn -0.84684515 0.0743895024 -0.544284403
vn -0.779466391 0.0184120201 -0.682196736
vn -0.788353205 0.276661038 0.531328142
vn -0.188845545 0.112774655 0.974805295
vn -0.149883047 0.214304626 1.00126266
vn -0.878006101 0.131213665 -0.478150785
vn -0.871894419 0.0399747156 -0.42359516
vn -0.84684515 0.0743895024 -0.544284403
vn -0.44400689 0.167537317 0.624094069
vn -0.473785341 0.443200886 0.387006909
vn -0.128110871 0.252351612 0.956269085
vn -0.574559152 0.201177463 0.587591112
vn -0.788353205 0.276661038 0.531328142
vn -0.149883047 0.214304626 1.00126266
vn -0.84684515 0.0743895024 -0.544284403
vn -0.871894419 0.0399747156 -0.42359516
vn -0.779466391 0.0184120201 -0.682196736
vn -0.841950715 0.442416817 -0.319557369
vn -0.473785341 0.443200886 0.387006909
vn -0.878006101 0.131213665 -0.478150785
vn -0.941079497 0.304541469 0.285473078
vn -0.878006101 0.131213665 -0.478150785
vn -0.927817404 0.31518212 0.190889448
vn -0.941079497 0.304541469 0.285473078
vn -0.841950715 0.442416817 -0.319557369
vn -0.878006101 0.131213665 -0.478150785
vn -0.871894419 0.0399747156 -0.42359516
vn -0.788353205 0.276661038 0.531328142
vn -0.779466391 0.0184120201 -0.682196736
vn -0.44400689 0.167537317 0.624094069
vn -0.871894419 0.0399747156 -0.42359516
vn -0.878006101 0.131213665 -0.478150785
vn -0.593944013 0.790959477 0.139306128
vn -0.841950715 0.442416817 -0.319557369
vn -0.941079497 0.304541469 0.285473078
vn -0.188845545 0.112774655 0.974805295
vn -0.788353205 0.276661038 0.531328142
vn -0.44400689 0.167537317 0.624094069
vn -0.871894419 0.0399747156 -0.42359516
vn -0.44400689 0.167537317 0.624094069
vn -0.788353205 0.276661038 0.531328142
vn -0.878006101 0.131213665 -0.478150785
vn -0.473785341 0.443200886 0.387006909
vn -0.44400689 0.167537317 0.624094069
vn -0.00734760985 0.827940047 0.211604953
vn 0.298500806 0.451432943 0.827553868
vn -0.473785341 0.443200886 0.387006909
vn -0.584079206 0.597822249 -0.625920355
vn -0.00734760985 0.827940047 0.211604953
vn -0.841950715 0.442416817 -0.319557369
vn -0.841950715 0.442416817 -0.319557369
vn -0.00734760985 0.827940047 0.211604953
vn -0.473785341 0.443200886 0.387006909
vn 0.286856323 0.832876384 -0.156896725
vn 0.560834527 0.513922274 0.680210173
vn -0.00734760985 0.827940047 0.211604953
vn -0.584079206 0.597822249 -0.625920355
vn 0.286856323 0.832876384 -0.156896725
vn -0.00734760985 0.827940047 0.211604953
vn 0.560834527 0.513922274 0.680210173
vn 0.286856323 0.832876384 -0.156896725
vn 0.869906008 0.371847153 0.346939713
vn -0.242161497 0.447738737 -0.802957237
vn 0.286856323 0.832876384 -0.156896725
vn -0.584079206 0.597822249 -0.625920355
vn -0.84684515 0.0743895024 -0.544284403
vn -0.900405169 0.0300400276 -0.402714849
vn -0.953887165 0.1999349 0.131198198
vn -0.896858513 0.251400024 0.405646354
vn -0.953887165 0.1999349 0.131198198
vn -0.857131839 0.111890294 0.502797604
vn -0.927817404 0.31518212 0.190889448
vn -0.84684515 0.0743895024 -0.544284403
vn -0.953887165 0.1999349 0.131198198
vn -0.896858513 0.251400024 0.405646354
vn -0.927817404 0.31518212 0.190889448
vn -0.953887165 0.1999349 0.131198198
vn -0.83125174 0.0761334747 0.568004668
vn -0.857131839 0.111890294 0.502797604
vn -0.833202064 0.0675129443 0.556939185
vn -0.896858513 0.251400024 0.405646354
vn -0.857131839 0.111890294 0.502797604
vn -0.83125174 0.0761334747 0.568004668
vn -0.896858513 0.251400024 0.405646354
vn -0.83125174 0.0761334747 0.568004668
vn 0.0180683807 0.223822117 0.915502727
vn -0.927817404 0.31518212 0.190889448
vn -0.896858513 0.251400024 0.405646354
vn -0.308394402 0.368061006 0.708374321
vn -0.941079497 0.304541469 0.285473078
vn -0.927817404 0.31518212 0.190889448
vn -0.308394402 0.368061006 0.708374321
vn -0.242967978 0.298191994 0.819828033
vn 0.0180683807 0.223822117 0.915502727
vn -0.83125174 0.0761334747 0.568004668
vn 0.0180683807 0.223822117 0.915502727
vn -0.308394402 0.368061006 0.708374321
vn -0.896858513 0.251400024 0.405646354
vn -0.542108119 0.51095742 0.667114139
vn -0.941079497 0.304541469 0.285473078
vn -0.308394402 0.368061006 0.708374321
vn -0.236303657 0.589476407 0.753491282
vn -0.542108119 0.51095742 0.667114139
vn -0.308394402 0.368061006 0.708374321
vn -0.236303657 0.589476407 0.753491282
vn -0.941079497 0.304541469 0.285473078
vn -0.542108119 0.51095742 0.667114139
vn -0.236303657 0.589476407 0.753491282
vn -0.621969342 0.617875516 0.438708335
vn -0.941079497 0.304541469 0.285473078
vn 0.386087894 0.287127137 0.873087108
vn 0.0180683807 0.223822117 0.915502727
vn 0.555179417 0.227982298 0.788782358
vn -0.308394402 0.368061006 0.708374321
vn 0.0180683807 0.223822117 0.915502727
vn 0.386087894 0.287127137 0.873087108
vn -0.236303657 0.589476407 0.753491282
vn -0.308394402 0.368061006 0.708374321
vn 0.386087894 0.287127137 0.873087108
vn 0.414067 0.498562187 0.763272882
vn 0.0900482759 0.720088243 0.749027669
vn 0.386087894 0.287127137 0.873087108
vn 0.0900482759 0.720088243 0.749027669
vn -0.236303657 0.589476407 0.753491282
vn 0.386087894 0.287127137 0.873087108
vn 0.653854251 0.122035719 0.74331367
vn 0.386087894 0.287127137 0.873087108
vn 0.555179417 0.227982298 0.788782358
vn 0.414067 0.498562187 0.763272882
vn 0.386087894 0.287127137 0.873087108
vn 0.653854251 0.122035719 0.74331367
vn -0.128110871 0.252351612 0.956269085
vn -0.195587903 0.374648899 0.912661076
vn -0.507164478 0.507932067 0.695903301
vn -0.381838113 0.810132682 0.444842428
vn -0.507164478 0.507932067 0.695903301
vn 0.020006638 0.672403038 0.735402048
vn 0.020006638 0.672403038 0.735402048
vn -0.507164478 0.507932067 0.695903301
vn -0.195587903 0.374648899 0.912661076
vn -0.294556022 0.947848737 -0.0159866102
vn -0.381838113 0.810132682 0.444842428
vn 0.020006638 0.672403038 0.735402048
vn -0.381838113 0.810132682 0.444842428
vn -0.294556022 0.947848737 -0.0159866102
vn -0.703011572 0.73507762 0.0107005751
vn 0.298500806 0.451432943 0.827553868
vn -0.195587903 0.374648899 0.912661076
vn -0.128110871 0.252351612 0.956269085
vn 0.298500806 0.451432943 0.827553868
vn 0.020006638 0.672403038 0.735402048
vn -0.195587903 0.374648899 0.912661076
vn -0.294556022 0.947848737 -0.0159866102
vn 0.020006638 0.672403038 0.735402048
vn 0.137727395 0.974407256 0.190015763
vn -0.473785341 0.443200886 0.387006909
vn 0.298500806 0.451432943 0.827553868
vn -0.128110871 0.252351612 0.956269085
vn 0.020006638 0.672403038 0.735402048
vn 0.265426874 0.933946073 0.216339886
vn 0.137727395 0.974407256 0.190015763
vn 0.020006638 0.672403038 0.735402048
vn 0.298500806 0.451432943 0.827553868
vn 0.265426874 0.933946073 0.216339886
vn -0.419963121 0.871146739 0.0719510838
vn -0.331522584 0.922801495 -0.113617972
vn -0.841950715 0.442416817 -0.319557369
vn -0.593944013 0.790959477 0.139306128
vn -0.419963121 0.871146739 0.0719510838
vn -0.841950715 0.442416817 -0.319557369
vn 0.463308364 0.802281857 0.449180901
vn 0.298500806 0.451432943 0.827553868
vn 0.560834527 0.513922274 0.680210173
vn 0.298500806 0.451432943 0.827553868
vn 0.463308364 0.802281857 0.449180901
vn 0.265426874 0.933946073 0.216339886
vn -0.331522584 0.922801495 -0.113617972
vn -0.667770207 0.609942794 -0.465075016
vn -0.841950715 0.442416817 -0.319557369
vn -0.593944013 0.790959477 0.139306128
vn 0.0900482759 0.720088243 0.749027669
vn -0.419963121 0.871146739 0.0719510838
vn 0.560834527 0.513922274 0.680210173
vn 0.298500806 0.451432943 0.827553868
vn -0.00734760985 0.827940047 0.211604953
vn -0.667770207 0.609942794 -0.465075016
vn -0.584079206 0.597822249 -0.625920355
vn -0.841950715 0.442416817 -0.319557369
vn 0.035350956 0.967928171 0.248727635
vn -0.419963121 0.871146739 0.0719510838
vn 0.0900482759 0.720088243 0.749027669
vn 0.463308364 0.802281857 0.449180901
vn 0.560834527 0.513922274 0.680210173
vn 0.846853077 0.504114389 0.106535703
vn -0.419963121 0.871146739 0.0719510838
vn 0.035350956 0.967928171 0.248727635
vn -0.331522584 0.922801495 -0.113617972
vn -0.667770207 0.609942794 -0.465075016
vn -0.229375571 0.921532154 -0.313313454
vn -0.584079206 0.597822249 -0.625920355
vn 0.846853077 0.504114389 0.106535703
vn 0.560834527 0.513922274 0.680210173
vn 0.869906008 0.371847153 0.346939713
vn 0.0900482759 0.720088243 0.749027669
vn 0.51535517 0.596262455 0.547686696
vn 0.035350956 0.967928171 0.248727635
vn -0.331522584 0.922801495 -0.113617972
vn -0.229375571 0.921532154 -0.313313454
vn -0.667770207 0.609942794 -0.465075016
vn 0.846853077 0.504114389 0.106535703
vn 0.869906008 0.371847153 0.346939713
vn 0.960213423 0.272566497 -0.0608076826
vn -0.331522584 0.922801495 -0.113617972
vn 0.0137231182 0.959381878 -0.247338608
vn -0.229375571 0.921532154 -0.313313454
vn -0.621969342 0.617875516 0.438708335
vn -0.593944013 0.790959477 0.139306128
vn -0.941079497 0.304541469 0.285473078
vn -0.236303657 0.589476407 0.753491282
vn 0.0900482759 0.720088243 0.749027669
vn -0.621969342 0.617875516 0.438708335
vn -0.621969342 0.617875516 0.438708335
vn 0.0900482759 0.720088243 0.749027669
vn -0.593944013 0.790959477 0.139306128
vn 0.0900482759 0.720088243 0.749027669
vn 0.414067 0.498562187 0.763272882
vn 0.51535517 0.596262455 0.547686696
vn -0.379852444 -0.441873074 -0.810526788
vn -0.524669886 -0.539184093 -0.627358019
vn -0.821900904 0.0052487771 -0.623794734
vn -0.821900904 0.0052487771 -0.623794734
vn -0.481903791 -0.147337601 -0.848637044
vn -0.379852444 -0.441873074 -0.810526788
vn -0.524669886 -0.539184093 -0.627358019
vn -0.379852444 -0.441873074 -0.810526788
vn -0.0270175003 -0.904263198 -0.520934463
vn -0.379852444 -0.441873074 -0.810526788
vn 0.26433152 -0.44526118 -0.848821044
vn -0.0270175003 -0.904263198 -0.520934463
vn -0.481903791 -0.147337601 -0.848637044
vn 0.26433152 -0.44526118 -0.848821044
vn -0.379852444 -0.441873074 -0.810526788
vn -0.481903791 -0.147337601 -0.848637044
vn 0.391169637 -0.324819922 -0.848366201
vn 0.26433152 -0.44526118 -0.848821044
vn -0.0182048883 -0.321375042 -0.977143764
vn 0.391169637 -0.324819922 -0.848366201
vn -0.481903791 -0.147337601 -0.848637044
vn 0.484323442 -0.725315094 -0.52354902
vn -0.0270175003 -0.904263198 -0.520934463
vn 0.26433152 -0.44526118 -0.848821044
vn 0.893474817 -0.281796604 -0.448881328
vn 0.484323442 -0.725315094 -0.52354902
vn 0.26433152 -0.44526118 -0.848821044
vn 0.26433152 -0.44526118 -0.848821044
vn 0.391169637 -0.324819922 -0.848366201
vn 0.893474817 -0.281796604 -0.448881328
vn 0.893474817 -0.281796604 -0.448881328
vn 0.703759134 -0.600631714 -0.325235963
vn 0.484323442 -0.725315094 -0.52354902
vn -0.202599525 -0.888887405 -0.421898603
vn -0.492617488 -0.847112596 -0.233706743
vn -0.375873059 -0.807924151 -0.453847885
vn -0.203212008 -0.971864522 -0.0344130546
vn -0.492617488 -0.847112596 -0.233706743
vn -0.202599525 -0.888887405 -0.421898603
vn -0.202599525 -0.888887405 -0.421898603
vn -0.375873059 -0.807924151 -0.453847885
vn -0.524669886 -0.539184093 -0.627358019
vn -0.721949458 -0.414222598 0.570638478
vn -0.150474519 -0.931548476 0.262828022
vn -0.0660772547 -0.608357668 0.866621673
vn -0.867370546 -0.248783559 0.195456013
vn -0.721949458 -0.414222598 0.570638478
vn -0.0660772547 -0.608357668 0.866621673
vn -0.909330428 -0.336983651 -0.338941783
vn -0.453165919 -0.682994664 0.106926277
vn -0.867370546 -0.248783559 0.195456013
vn -0.453165919 -0.682994664 0.106926277
vn -0.52902317 -0.555224836 0.242860645
vn -0.867370546 -0.248783559 0.195456013
vn 0.067527853 -0.964767694 -0.254289925
vn -0.203212008 -0.971864522 -0.0344130546
vn -0.202599525 -0.888887405 -0.421898603
vn 0.224059924 -0.999359429 0.0222289376
vn -0.203212008 -0.971864522 -0.0344130546
vn 0.067527853 -0.964767694 -0.254289925
vn -0.150474519 -0.931548476 0.262828022
vn -0.203212008 -0.971864522 -0.0344130546
vn 0.224059924 -0.999359429 0.0222289376
vn 0.368374407 -0.797933221 0.4723517
vn -0.0660772547 -0.608357668 0.866621673
vn -0.150474519 -0.931548476 0.262828022
vn -0.867370546 -0.248783559 0.195456013
vn -0.0660772547 -0.608357668 0.866621673
vn -0.24768205 -0.752673507 0.501926303
vn 0.368374407 -0.797933221 0.4723517
vn -0.150474519 -0.931548476 0.262828022
vn 0.586937368 -0.74220264 0.253636271
vn -0.524669886 -0.539184093 -0.627358019
vn -0.0270175003 -0.904263198 -0.520934463
vn -0.202599525 -0.888887405 -0.421898603
vn -0.24768205 -0.752673507 0.501926303
vn -0.0660772547 -0.608357668 0.866621673
vn 0.368374407 -0.797933221 0.4723517
vn -0.867370546 -0.248783559 0.195456013
vn -0.401248723 -0.809794247 -0.454048306
vn -0.870703101 -0.416860282 -0.238450721
vn -0.867370546 -0.248783559 0.195456013
vn -0.24768205 -0.752673507 0.501926303
vn -0.401248723 -0.809794247 -0.454048306
vn 0.586937368 -0.74220264 0.253636271
vn -0.150474519 -0.931548476 0.262828022
vn 0.224059924 -0.999359429 0.0222289376
vn 0.067527853 -0.964767694 -0.254289925
vn -0.202599525 -0.888887405 -0.421898603
vn -0.0270175003 -0.904263198 -0.520934463
vn 0.0541725345 -0.625825882 -0.497617126
vn -0.24768205 -0.752673507 0.501926303
vn 0.368374407 -0.797933221 0.4723517
vn 0.249806762 -0.943908155 -0.215948895
vn 0.224059924 -0.999359429 0.0222289376
vn 0.067527853 -0.964767694 -0.254289925
vn 0.249806762 -0.943908155 -0.215948895
vn 0.067527853 -0.964767694 -0.254289925
vn -0.0270175003 -0.904263198 -0.520934463
vn -0.401248723 -0.809794247 -0.454048306
vn -0.24768205 -0.752673507 0.501926303
vn 0.0541725345 -0.625825882 -0.497617126
vn 0.0338058174 -0.588911533 -0.819625616
vn 0.0645154119 -0.850836456 -0.45176518
vn -0.401248723 -0.809794247 -0.454048306
vn 0.0541725345 -0.625825882 -0.497617126
vn 0.0338058174 -0.588911533 -0.819625616
vn -0.401248723 -0.809794247 -0.454048306
vn 0.249806762 -0.943908155 -0.215948895
vn -0.0270175003 -0.904263198 -0.520934463
vn 0.484323442 -0.725315094 -0.52354902
vn 0.633626521 -0.446429998 -0.161831811
vn 0.0541725345 -0.625825882 -0.497617126
vn 0.586937368 -0.74220264 0.253636271
vn 0.0541725345 -0.625825882 -0.497617126
vn 0.368374407 -0.797933221 0.4723517
vn 0.586937368 -0.74220264 0.253636271
vn 0.0338058174 -0.588911533 -0.819625616
vn 0.299607933 -0.300852269 -0.908153355
vn 0.0645154119 -0.850836456 -0.45176518
vn 0.703759134 -0.600631714 -0.325235963
vn 0.249806762 -0.943908155 -0.215948895
vn 0.484323442 -0.725315094 -0.52354902
vn 0.249806762 -0.943908155 -0.215948895
vn 0.703759134 -0.600631714 -0.325235963
vn 0.224059924 -0.999359429 0.0222289376
vn 0.586937368 -0.74220264 0.253636271
vn 0.224059924 -0.999359429 0.0222289376
vn 0.703759134 -0.600631714 -0.325235963
vn 0.914067924 -0.304497033 -0.365678906
vn 0.703759134 -0.600631714 -0.325235963
vn 0.893474817 -0.281796604 -0.448881328
vn 0.716657639 -0.792282879 0.0188086424
vn 0.0645154119 -0.850836456 -0.45176518
vn 0.299607933 -0.300852269 -0.908153355
vn 0.0541725345 -0.625825882 -0.497617126
vn 0.299607933 -0.300852269 -0.908153355
vn 0.0338058174 -0.588911533 -0.819625616
vn 0.633626521 -0.446429998 -0.161831811
vn 0.299607933 -0.300852269 -0.908153355
vn 0.0541725345 -0.625825882 -0.497617126
vn 0.703759134 -0.600631714 -0.325235963
vn 0.914067924 -0.304497033 -0.365678906
vn 0.586937368 -0.74220264 0.253636271
vn 0.914067924 -0.304497033 -0.365678906
vn 0.864057362 -0.43508473 -0.007735027
vn 0.586937368 -0.74220264 0.253636271
vn 0.864057362 -0.43508473 -0.007735027
vn 0.633626521 -0.446429998 -0.161831811
vn 0.586937368 -0.74220264 0.253636271
vn 0.914067924 -0.304497033 -0.365678906
vn 0.60644865 -0.712945521 -0.27358374
vn 0.864057362 -0.43508473 -0.007735027
vn 0.53836149 -0.405759066 -0.493126452
vn 0.633626521 -0.446429998 -0.161831811
vn 0.864057362 -0.43508473 -0.007735027
vn 0.53836149 -0.405759066 -0.493126452
vn 0.299607933 -0.300852269 -0.908153355
vn 0.633626521 -0.446429998 -0.161831811
vn 0.826063156 -0.432979643 0.36076048
vn 0.53836149 -0.405759066 -0.493126452
vn 0.864057362 -0.43508473 -0.007735027
vn 0.60644865 -0.712945521 -0.27358374
vn 0.758700669 -0.439042747 -0.0733373761
vn 0.864057362 -0.43508473 -0.007735027
vn 0.758700669 -0.439042747 -0.0733373761
vn 0.903141797 -0.427747607 -0.0369723029
vn 0.864057362 -0.43508473 -0.007735027
vn 0.903141797 -0.427747607 -0.0369723029
vn 0.826063156 -0.432979643 0.36076048
vn 0.864057362 -0.43508473 -0.007735027
vn 0.716657639 -0.792282879 0.0188086424
vn 0.299607933 -0.300852269 -0.908153355
vn 0.649037182 -0.371258378 -0.670356691
vn 0.53836149 -0.405759066 -0.493126452
vn 0.649037182 -0.371258378 -0.670356691
vn 0.299607933 -0.300852269 -0.908153355
vn 0.256984234 -0.772207439 -0.592830598
vn -0.434763014 -0.659885347 -0.506840169
vn -0.116162755 -1.00727236 -0.0890872627
vn -0.186703116 -0.275403231 -0.868657887
vn -0.516696393 -0.47587043 -0.641461909
vn -0.128316298 -0.443021804 -0.800327718
vn -0.434763014 -0.659885347 -0.506840169
vn -0.128316298 -0.443021804 -0.800327718
vn -0.821900904 0.0052487771 -0.623794734
vn -0.128316298 -0.443021804 -0.800327718
vn -0.481903791 -0.147337601 -0.848637044
vn -0.821900904 0.0052487771 -0.623794734
vn 0.256984234 -0.772207439 -0.592830598
vn -0.128316298 -0.443021804 -0.800327718
vn -0.434763014 -0.659885347 -0.506840169
vn -0.481903791 -0.147337601 -0.848637044
vn -0.128316298 -0.443021804 -0.800327718
vn -0.516696393 -0.47587043 -0.641461909
vn -0.516696393 -0.47587043 -0.641461909
vn -0.186703116 -0.275403231 -0.868657887
vn -0.446865529 -0.527650297 -0.730472445
vn -0.186703116 -0.275403231 -0.868657887
vn -0.512051821 0.0224063564 -0.862926722
vn -0.586741805 -0.314248264 -0.764290392
vn -0.16153346 -0.0365210213 -0.96684742
vn -0.512051821 0.0224063564 -0.862926722
vn -0.186703116 -0.275403231 -0.868657887
vn -0.481903791 -0.147337601 -0.848637044
vn -0.325693727 -0.563587844 -0.763357222
vn -0.0182048883 -0.321375042 -0.977143764
vn -0.516696393 -0.47587043 -0.641461909
vn -0.325693727 -0.563587844 -0.763357222
vn -0.481903791 -0.147337601 -0.848637044
vn -0.446865529 -0.527650297 -0.730472445
vn -0.186703116 -0.275403231 -0.868657887
vn -0.586741805 -0.314248264 -0.764290392
vn -0.211767748 -0.166936249 -0.973233581
vn -0.446865529 -0.527650297 -0.730472445
vn -0.586741805 -0.314248264 -0.764290392
vn -0.234086558 -0.87569499 -0.49498564
vn -0.516696393 -0.47587043 -0.641461909
vn -0.446865529 -0.527650297 -0.730472445
vn -0.325693727 -0.563587844 -0.763357222
vn -0.516696393 -0.47587043 -0.641461909
vn -0.234086558 -0.87569499 -0.49498564
vn -0.586741805 -0.314248264 -0.764290392
vn -0.234736547 -0.0763341486 -0.969057202
vn -0.211767748 -0.166936249 -0.973233581
vn -0.512051821 0.0224063564 -0.862926722
vn -0.234736547 -0.0763341486 -0.969057202
vn -0.586741805 -0.314248264 -0.764290392
vn -0.325693727 -0.563587844 -0.763357222
vn 0.359980196 -0.855047047 -0.339657336
vn -0.0182048883 -0.321375042 -0.977143764
vn 0.359980196 -0.855047047 -0.339657336
vn -0.325693727 -0.563587844 -0.763357222
vn -0.234086558 -0.87569499 -0.49498564
vn -0.446865529 -0.527650297 -0.730472445
vn 0.0384196453 -0.29155916 -0.967637718
vn -0.234086558 -0.87569499 -0.49498564
vn -0.234736547 -0.0763341486 -0.969057202
vn 0.0503800251 -0.128308982 -0.996138036
vn -0.211767748 -0.166936249 -0.973233581
vn 0.391169637 -0.324819922 -0.848366201
vn -0.0182048883 -0.321375042 -0.977143764
vn 0.359980196 -0.855047047 -0.339657336
vn -0.211767748 -0.166936249 -0.973233581
vn 0.0384196453 -0.29155916 -0.967637718
vn -0.446865529 -0.527650297 -0.730472445
vn 0.0503800251 -0.128308982 -0.996138036
vn 0.0384196453 -0.29155916 -0.967637718
vn -0.211767748 -0.166936249 -0.973233581
vn 0.893474817 -0.281796604 -0.448881328
vn 0.391169637 -0.324819922 -0.848366201
vn 0.359980196 -0.855047047 -0.339657336
vn -0.234086558 -0.87569499 -0.49498564
vn 0.0384196453 -0.29155916 -0.967637718
vn 0.604854703 -0.239929736 -0.755818009
vn 0.0503800251 -0.128308982 -0.996138036
vn 0.57910049 -0.121666156 -0.809786856
vn 0.0384196453 -0.29155916 -0.967637718
vn 0.893474817 -0.281796604 -0.448881328
vn 0.359980196 -0.855047047 -0.339657336
vn 0.914067924 -0.304497033 -0.365678906
vn 0.631972194 -0.51675272 -0.487802088
vn 0.359980196 -0.855047047 -0.339657336
vn -0.234086558 -0.87569499 -0.49498564
vn 0.0384196453 -0.29155916 -0.967637718
vn 0.57910049 -0.121666156 -0.809786856
vn 0.604854703 -0.239929736 -0.755818009
vn 0.359980196 -0.855047047 -0.339657336
vn 0.60644865 -0.712945521 -0.27358374
vn 0.914067924 -0.304497033 -0.365678906
vn 0.469897091 -0.700091004 -0.363183528
vn 0.359980196 -0.855047047 -0.339657336
vn 0.631972194 -0.51675272 -0.487802088
vn 0.60644865 -0.712945521 -0.27358374
vn 0.359980196 -0.855047047 -0.339657336
vn 0.469897091 -0.700091004 -0.363183528
vn 0.604854703 -0.239929736 -0.755818009
vn 0.631972194 -0.51675272 -0.487802088
vn -0.234086558 -0.87569499 -0.49498564
vn 0.604854703 -0.239929736 -0.755818009
vn 0.57910049 -0.121666156 -0.809786856
vn 0.814729154 -0.256611109 -0.524086237
vn 0.604854703 -0.239929736 -0.755818009
vn 0.814729154 -0.256611109 -0.524086237
vn 0.631972194 -0.51675272 -0.487802088
vn 0.814729154 -0.256611109 -0.524086237
vn 0.469897091 -0.700091004 -0.363183528
vn 0.631972194 -0.51675272 -0.487802088
vn 0.758700669 -0.439042747 -0.0733373761
vn 0.984212935 -0.203071848 -0.100628361
vn 0.903141797 -0.427747607 -0.0369723029
vn 0.984212935 -0.203071848 -0.100628361
vn 0.826063156 -0.432979643 0.36076048
vn 0.903141797 -0.427747607 -0.0369723029
vn 0.84949857 -0.456393838 0.186991662
vn 0.60644865 -0.712945521 -0.27358374
vn 0.469897091 -0.700091004 -0.363183528
vn 0.758700669 -0.439042747 -0.0733373761
vn 0.60644865 -0.712945521 -0.27358374
vn 0.84949857 -0.456393838 0.186991662
vn -0.238209397 -0.102324575 -0.949304283
vn -0.512051821 0.0224063564 -0.862926722
vn -0.16153346 -0.0365210213 -0.96684742
vn -0.241774008 0.0197354984 -0.958692789
vn -0.238209397 -0.102324575 -0.949304283
vn 0.185803428 0.0297442637 -0.990674138
vn -0.241774008 0.0197354984 -0.958692789
vn -0.512051821 0.0224063564 -0.862926722
vn -0.238209397 -0.102324575 -0.949304283
vn -0.512051821 0.0224063564 -0.862926722
vn -0.239900768 -0.0596808568 -0.970288634
vn -0.234736547 -0.0763341486 -0.969057202
vn 0.354715616 0.0256724842 -0.880951345
vn -0.239900768 -0.0596808568 -0.970288634
vn -0.512051821 0.0224063564 -0.862926722
vn -0.239900768 -0.0596808568 -0.970288634
vn 0.0503800251 -0.128308982 -0.996138036
vn -0.234736547 -0.0763341486 -0.969057202
vn 0.354715616 0.0256724842 -0.880951345
vn 0.18447198 -0.0584349371 -0.981099129
vn -0.239900768 -0.0596808568 -0.970288634
vn -0.239900768 -0.0596808568 -0.970288634
vn 0.496673167 -0.0558735654 -0.851280928
vn 0.0503800251 -0.128308982 -0.996138036
vn 0.18447198 -0.0584349371 -0.981099129
vn 0.496673167 -0.0558735654 -0.851280928
vn -0.239900768 -0.0596808568 -0.970288634
vn 0.354715616 0.0256724842 -0.880951345
vn 0.496673167 -0.0558735654 -0.851280928
vn 0.18447198 -0.0584349371 -0.981099129
vn 0.0503800251 -0.128308982 -0.996138036
vn 0.496673167 -0.0558735654 -0.851280928
vn 0.57910049 -0.121666156 -0.809786856
vn 0.354715616 0.0256724842 -0.880951345
vn 0.683635831 -0.0696723238 -0.724934995
vn 0.496673167 -0.0558735654 -0.851280928
vn 0.683635831 -0.0696723238 -0.724934995
vn 0.814729154 -0.256611109 -0.524086237
vn 0.57910049 -0.121666156 -0.809786856
vn 0.496673167 -0.0558735654 -0.851280928
vn 0.683635831 -0.0696723238 -0.724934995
vn 0.57910049 -0.121666156 -0.809786856
vn 0.270905405 -0.118457958 -0.958476305
vn 0.509656549 0.014087135 -0.872505248
vn 0.139144853 -0.1171671 -0.973963201
vn 0.139144853 -0.1171671 -0.973963201
vn 0.185803428 0.0297442637 -0.990674138
vn -0.238209397 -0.102324575 -0.949304283
vn 0.139144853 -0.1171671 -0.973963201
vn 0.509656549 0.014087135 -0.872505248
vn 0.185803428 0.0297442637 -0.990674138
vn 0.509656549 0.014087135 -0.872505248
vn -0.241774008 0.0197354984 -0.958692789
vn 0.185803428 0.0297442637 -0.990674138
vn 0.509656549 0.014087135 -0.872505248
vn 0.306357265 0.348837346 -0.802555442
vn -0.241774008 0.0197354984 -0.958692789
vn 0.306357265 0.348837346 -0.802555442
vn -0.312639892 0.167257279 -0.936943233
vn -0.241774008 0.0197354984 -0.958692789
vn 0.306357265 0.348837346 -0.802555442
vn 0.0157669224 0.104304701 -1.01678097
vn -0.312639892 0.167257279 -0.936943233
vn -0.241774008 0.0197354984 -0.958692789
vn -0.44013387 0.0291625094 -0.899570644
vn -0.512051821 0.0224063564 -0.862926722
vn -0.241774008 0.0197354984 -0.958692789
vn -0.312639892 0.167257279 -0.936943233
vn -0.44013387 0.0291625094 -0.899570644
vn -0.44013387 0.0291625094 -0.899570644
vn 0.354715616 0.0256724842 -0.880951345
vn -0.512051821 0.0224063564 -0.862926722
vn 0.0157669224 0.104304701 -1.01678097
vn 0.354715616 0.0256724842 -0.880951345
vn -0.44013387 0.0291625094 -0.899570644
vn -0.44013387 0.0291625094 -0.899570644
vn -0.312639892 0.167257279 -0.936943233
vn 0.0157669224 0.104304701 -1.01678097
vn 0.306357265 0.348837346 -0.802555442
vn 0.322739154 0.533850312 -0.707257748
vn 0.0157669224 0.104304701 -1.01678097
vn 0.306357265 0.348837346 -0.802555442
vn 0.370913357 0.406926662 -0.745562851
vn 0.322739154 0.533850312 -0.707257748
vn 0.370913357 0.406926662 -0.745562851
vn 0.388525099 0.780337334 -0.547076344
vn 0.322739154 0.533850312 -0.707257748
vn 0.0157669224 0.104304701 -1.01678097
vn 0.322739154 0.533850312 -0.707257748
vn 0.354715616 0.0256724842 -0.880951345
vn 0.354715616 0.0256724842 -0.880951345
vn 0.841871619 0.0608783104 -0.533773601
vn 0.683635831 -0.0696723238 -0.724934995
vn 0.322739154 0.533850312 -0.707257748
vn 0.747876167 0.27670303 -0.540456116
vn 0.354715616 0.0256724842 -0.880951345
vn 0.833068073 0.346272379 0.475475848
vn 0.904355824 0.410041243 0.0828065723
vn 0.842662752 0.572030604 0.202418178
vn 0.747876167 0.27670303 -0.540456116
vn 0.841871619 0.0608783104 -0.533773601
vn 0.354715616 0.0256724842 -0.880951345
vn 0.842662752 0.572030604 0.202418178
vn 0.311146498 0.203722194 -0.8715325
vn 0.485375434 0.869157553 -0.0947406963
vn 0.322739154 0.533850312 -0.707257748
vn 0.293998241 0.943643153 -0.23389779
vn 0.747876167 0.27670303 -0.540456116
vn 0.904355824 0.410041243 0.0828065723
vn 0.311146498 0.203722194 -0.8715325
vn 0.842662752 0.572030604 0.202418178
vn 0.649037182 -0.371258378 -0.670356691
vn 0.799858034 -0.593400002 0.0900201648
vn 0.716657639 -0.792282879 0.0188086424
vn 0.84949857 -0.456393838 0.186991662
vn 0.469897091 -0.700091004 -0.363183528
vn 0.881634235 -0.206523165 -0.26749149
vn 0.814729154 -0.256611109 -0.524086237
vn 0.881634235 -0.206523165 -0.26749149
vn 0.469897091 -0.700091004 -0.363183528
vn 0.814100325 0.0646935925 -0.244993493
vn 0.881634235 -0.206523165 -0.26749149
vn 0.814729154 -0.256611109 -0.524086237
vn -0.496347547 -0.307059079 -0.891589224
vn -0.264633894 -0.564685524 -0.665026605
vn -0.0707251802 -0.598238409 -0.798191011
vn 0.53836149 -0.405759066 -0.493126452
vn 0.590705872 -0.123601206 -0.782417119
vn 0.313030392 -0.0148653872 -0.976223886
vn 0.984212935 -0.203071848 -0.100628361
vn 0.920862257 -0.188692123 -0.115519971
vn 0.826063156 -0.432979643 0.36076048
vn 0.920862257 -0.188692123 -0.115519971
vn 0.53836149 -0.405759066 -0.493126452
vn 0.826063156 -0.432979643 0.36076048
vn 0.53836149 -0.405759066 -0.493126452
vn 0.920862257 -0.188692123 -0.115519971
vn 0.590705872 -0.123601206 -0.782417119
vn 0.53836149 -0.405759066 -0.493126452
vn 0.313030392 -0.0148653872 -0.976223886
vn 0.649037182 -0.371258378 -0.670356691
vn 0.638574898 -0.102626935 -0.762685895
vn 0.313030392 -0.0148653872 -0.976223886
vn 0.590705872 -0.123601206 -0.782417119
vn 0.984212935 -0.203071848 -0.100628361
vn 0.977053761 -0.0791813806 -0.329159707
vn 0.920862257 -0.188692123 -0.115519971
vn 0.977053761 -0.0791813806 -0.329159707
vn 0.866295815 0.138001516 -0.481484711
vn 0.920862257 -0.188692123 -0.115519971
vn 0.881634235 -0.206523165 -0.26749149
vn 0.758700669 -0.439042747 -0.0733373761
vn 0.84949857 -0.456393838 0.186991662
vn 0.984212935 -0.203071848 -0.100628361
vn 0.758700669 -0.439042747 -0.0733373761
vn 0.733796299 -0.516008198 0.0868394151
vn 0.497818828 -0.798064053 0.0913221687
vn 0.977053761 -0.0791813806 -0.329159707
vn 0.984212935 -0.203071848 -0.100628361
vn 0.497818828 -0.798064053 0.0913221687
vn 0.599656463 -0.636195123 -0.267485023
vn 0.977053761 -0.0791813806 -0.329159707
vn 0.881634235 -0.206523165 -0.26749149
vn 0.733796299 -0.516008198 0.0868394151
vn 0.758700669 -0.439042747 -0.0733373761
vn 0.497818828 -0.798064053 0.0913221687
vn 0.984212935 -0.203071848 -0.100628361
vn 0.733796299 -0.516008198 0.0868394151
vn 0.313030392 -0.0148653872 -0.976223886
vn 0.856545746 0.103259631 -0.522153497
vn 0.649037182 -0.371258378 -0.670356691
vn 0.313030392 -0.0148653872 -0.976223886
vn 0.638574898 -0.102626935 -0.762685895
vn 0.856545746 0.103259631 -0.522153497
vn 0.920862257 -0.188692123 -0.115519971
vn 0.866295815 0.138001516 -0.481484711
vn 0.590705872 -0.123601206 -0.782417119
vn 0.866295815 0.138001516 -0.481484711
vn 0.54779166 0.201264501 -0.808375478
vn 0.663771927 0.41524446 -0.622076154
vn 0.749956369 -0.236636043 -0.653532028
vn 0.866295815 0.138001516 -0.481484711
vn 0.977053761 -0.0791813806 -0.329159707
vn 0.977053761 -0.0791813806 -0.329159707
vn 0.599656463 -0.636195123 -0.267485023
vn 0.749956369 -0.236636043 -0.653532028
vn 0.937829077 -0.42536065 0.0459348112
vn 0.799858034 -0.593400002 0.0900201648
vn 0.649037182 -0.371258378 -0.670356691
vn 0.856545746 0.103259631 -0.522153497
vn 0.937829077 -0.42536065 0.0459348112
vn 0.649037182 -0.371258378 -0.670356691
vn 0.856545746 0.103259631 -0.522153497
vn 0.949905396 -0.187128782 -0.273506403
vn 0.937829077 -0.42536065 0.0459348112
vn 0.638574898 -0.102626935 -0.762685895
vn 0.81980288 -0.186913624 -0.541282237
vn 0.856545746 0.103259631 -0.522153497
vn 0.590705872 -0.123601206 -0.782417119
vn 0.629026473 0.169896469 -0.724728286
vn 0.638574898 -0.102626935 -0.762685895
vn 0.638574898 -0.102626935 -0.762685895
vn 0.629026473 0.169896469 -0.724728286
vn 0.81980288 -0.186913624 -0.541282237
vn 0.663771927 0.41524446 -0.622076154
vn 0.590705872 -0.123601206 -0.782417119
vn 0.866295815 0.138001516 -0.481484711
vn 0.590705872 -0.123601206 -0.782417119
vn 0.663771927 0.41524446 -0.622076154
vn 0.629026473 0.169896469 -0.724728286
vn 0.54779166 0.201264501 -0.808375478
vn 0.629026473 0.169896469 -0.724728286
vn 0.663771927 0.41524446 -0.622076154
vn 0.54779166 0.201264501 -0.808375478
vn 0.905273855 -0.0607596189 -0.280188352
vn 0.629026473 0.169896469 -0.724728286
vn 0.749956369 -0.236636043 -0.653532028
vn 0.54779166 0.201264501 -0.808375478
vn 0.866295815 0.138001516 -0.481484711
vn 0.733796299 -0.516008198 0.0868394151
vn 0.881634235 -0.206523165 -0.26749149
vn 0.0424085371 -0.866076171 -0.388177186
vn 0.497818828 -0.798064053 0.0913221687
vn 0.733796299 -0.516008198 0.0868394151
vn 0.0424085371 -0.866076171 -0.388177186
vn 0.599656463 -0.636195123 -0.267485023
vn 0.443827301 -0.793880522 -0.419717073
vn 0.749956369 -0.236636043 -0.653532028
vn 0.814100325 0.0646935925 -0.244993493
vn -0.496347547 -0.307059079 -0.891589224
vn 0.881634235 -0.206523165 -0.26749149
vn 0.81980288 -0.186913624 -0.541282237
vn 0.949905396 -0.187128782 -0.273506403
vn 0.856545746 0.103259631 -0.522153497
vn 0.81980288 -0.186913624 -0.541282237
vn 0.994273067 -0.248695984 0.0739397034
vn 0.949905396 -0.187128782 -0.273506403
vn 0.905273855 -0.0607596189 -0.280188352
vn 0.994273067 -0.248695984 0.0739397034
vn 0.81980288 -0.186913624 -0.541282237
vn 0.629026473 0.169896469 -0.724728286
vn 0.905273855 -0.0607596189 -0.280188352
vn 0.81980288 -0.186913624 -0.541282237
vn 0.749956369 -0.236636043 -0.653532028
vn 0.905273855 -0.0607596189 -0.280188352
vn 0.54779166 0.201264501 -0.808375478
vn 0.443827301 -0.793880522 -0.419717073
vn 0.25977546 -0.831594706 -0.179274723
vn 0.749956369 -0.236636043 -0.653532028
vn -0.0707251802 -0.598238409 -0.798191011
vn 0.0424085371 -0.866076171 -0.388177186
vn 0.881634235 -0.206523165 -0.26749149
vn 0.0500678606 -1.01451063 0.0642276183
vn 0.599656463 -0.636195123 -0.267485023
vn 0.497818828 -0.798064053 0.0913221687
vn 0.25977546 -0.831594706 -0.179274723
vn 0.599656463 -0.636195123 -0.267485023
vn 0.0500678606 -1.01451063 0.0642276183
vn 0.25977546 -0.831594706 -0.179274723
vn 0.443827301 -0.793880522 -0.419717073
vn 0.599656463 -0.636195123 -0.267485023
vn -0.496347547 -0.307059079 -0.891589224
vn -0.0707251802 -0.598238409 -0.798191011
vn 0.881634235 -0.206523165 -0.26749149
vn 0.25977546 -0.831594706 -0.179274723
vn 0.905273855 -0.0607596189 -0.280188352
vn 0.749956369 -0.236636043 -0.653532028
vn 0.214404538 -0.973539352 0.0166534036
vn 0.497818828 -0.798064053 0.0913221687
vn 0.0424085371 -0.866076171 -0.388177186
vn 0.214404538 -0.973539352 0.0166534036
vn 0.0500678606 -1.01451063 0.0642276183
vn 0.497818828 -0.798064053 0.0913221687
vn 0.0424085371 -0.866076171 -0.388177186
vn -0.0707251802 -0.598238409 -0.798191011
vn 0.425408453 -0.687356472 -0.541282475
vn -0.264633894 -0.564685524 -0.665026605
vn 0.425408453 -0.687356472 -0.541282475
vn -0.0707251802 -0.598238409 -0.798191011
vn 0.214404538 -0.973539352 0.0166534036
vn 0.0424085371 -0.866076171 -0.388177186
vn 0.425408453 -0.687356472 -0.541282475
vn -0.264633894 -0.564685524 -0.665026605
vn 0.100145727 -0.322854638 -0.880487442
vn 0.425408453 -0.687356472 -0.541282475
vn 0.370466948 -0.830702484 0.334609836
vn 0.25977546 -0.831594706 -0.179274723
vn 0.0500678606 -1.01451063 0.0642276183
vn 0.776492119 -0.684499383 0.0659213439
vn 0.25977546 -0.831594706 -0.179274723
vn 0.370466948 -0.830702484 0.334609836
vn 0.425408453 -0.687356472 -0.541282475
vn 0.812137783 -0.553700924 -0.302143902
vn 0.214404538 -0.973539352 0.0166534036
vn 0.755397379 -0.653065324 -0.0852402076
vn 0.214404538 -0.973539352 0.0166534036
vn 0.812137783 -0.553700924 -0.302143902
vn 0.0500678606 -1.01451063 0.0642276183
vn 0.214404538 -0.973539352 0.0166534036
vn 0.755397379 -0.653065324 -0.0852402076
vn 0.425408453 -0.687356472 -0.541282475
vn 0.920121431 -0.265359759 -0.29323864
vn 0.812137783 -0.553700924 -0.302143902
vn 0.920121431 -0.265359759 -0.29323864
vn 0.755397379 -0.653065324 -0.0852402076
vn 0.812137783 -0.553700924 -0.302143902
vn 0.100145727 -0.322854638 -0.880487442
vn 0.920121431 -0.265359759 -0.29323864
vn 0.425408453 -0.687356472 -0.541282475
vn 0.873253644 -0.50500071 -0.0220083073
vn 0.0500678606 -1.01451063 0.0642276183
vn 0.755397379 -0.653065324 -0.0852402076
vn 0.873253644 -0.50500071 -0.0220083073
vn 0.370466948 -0.830702484 0.334609836
vn 0.0500678606 -1.01451063 0.0642276183
vn 0.920121431 -0.265359759 -0.29323864
vn 0.873253644 -0.50500071 -0.0220083073
vn 0.755397379 -0.653065324 -0.0852402076
vn 0.921885967 -0.122977585 0.104182199
vn 0.814100325 0.0646935925 -0.244993493
vn 0.814729154 -0.256611109 -0.524086237
vn 0.801917374 -0.258466423 -0.324133664
vn -0.496347547 -0.307059079 -0.891589224
vn 0.814100325 0.0646935925 -0.244993493
vn 0.921885967 -0.122977585 0.104182199
vn 0.801917374 -0.258466423 -0.324133664
vn 0.814100325 0.0646935925 -0.244993493
vn 0.921885967 -0.122977585 0.104182199
vn 0.814729154 -0.256611109 -0.524086237
vn 0.683635831 -0.0696723238 -0.724934995
vn 0.921885967 -0.122977585 0.104182199
vn 0.998093009 -0.0410884097 0.0623221919
vn 0.801917374 -0.258466423 -0.324133664
vn -0.00285109505 -0.108175695 -0.94347471
vn 0.801917374 -0.258466423 -0.324133664
vn 0.998093009 -0.0410884097 0.0623221919
vn 0.683635831 -0.0696723238 -0.724934995
vn 0.841871619 0.0608783104 -0.533773601
vn 0.938344121 0.0345425867 -0.328568369
vn -0.00783093367 0.0684796199 -0.940937459
vn -0.00285109505 -0.108175695 -0.94347471
vn 0.998093009 -0.0410884097 0.0623221919
vn 0.938344121 0.0345425867 -0.328568369
vn 0.921885967 -0.122977585 0.104182199
vn 0.683635831 -0.0696723238 -0.724934995
vn 0.938344121 0.0345425867 -0.328568369
vn 0.998093009 -0.0410884097 0.0623221919
vn 0.921885967 -0.122977585 0.104182199
vn 0.974013746 0.0685057268 0.216822371
vn 0.998093009 -0.0410884097 0.0623221919
vn 0.938344121 0.0345425867 -0.328568369
vn 0.841871619 0.0608783104 -0.533773601
vn 0.974013746 0.0685057268 0.216822371
vn 0.938344121 0.0345425867 -0.328568369
vn 0.980488122 0.121271342 -0.202331126
vn 0.974013746 0.0685057268 0.216822371
vn 0.841871619 0.0608783104 -0.533773601
vn -0.00783093367 0.0684796199 -0.940937459
vn -0.586748064 -0.114256665 -0.774635077
vn -0.00285109505 -0.108175695 -0.94347471
vn 0.801917374 -0.258466423 -0.324133664
vn -0.00285109505 -0.108175695 -0.94347471
vn -0.496347547 -0.307059079 -0.891589224
vn -0.586748064 -0.114256665 -0.774635077
vn -0.61860913 -0.0667200387 -0.772732615
vn -0.56004566 -0.0398630351 -0.857325315
vn -0.496347547 -0.307059079 -0.891589224
vn -0.00285109505 -0.108175695 -0.94347471
vn -0.828920245 -0.191975117 -0.547093034
vn -0.828920245 -0.191975117 -0.547093034
vn -0.586748064 -0.114256665 -0.774635077
vn 0.100145727 -0.322854638 -0.880487442
vn -0.586748064 -0.114256665 -0.774635077
vn -0.828920245 -0.191975117 -0.547093034
vn -0.00285109505 -0.108175695 -0.94347471
vn -0.56004566 -0.0398630351 -0.857325315
vn 0.100145727 -0.322854638 -0.880487442
vn -0.586748064 -0.114256665 -0.774635077
vn -0.828920245 -0.191975117 -0.547093034
vn 0.100145727 -0.322854638 -0.880487442
vn -0.496347547 -0.307059079 -0.891589224
vn -0.264633894 -0.564685524 -0.665026605
vn -0.496347547 -0.307059079 -0.891589224
vn 0.100145727 -0.322854638 -0.880487442
vn -0.56004566 -0.0398630351 -0.857325315
vn 0.48787877 -0.094333902 -0.851173759
vn 0.100145727 -0.322854638 -0.880487442
vn -0.61860913 -0.0667200387 -0.772732615
vn 0.48787877 -0.094333902 -0.851173759
vn -0.56004566 -0.0398630351 -0.857325315
vn 0.48787877 -0.094333902 -0.851173759
vn 0.927449226 0.0060555716 -0.420862406
vn 0.869740963 -0.109774612 -0.5187549
vn 0.100145727 -0.322854638 -0.880487442
vn 0.916719198 -0.157002032 -0.364794344
vn 0.920121431 -0.265359759 -0.29323864
vn 0.916719198 -0.157002032 -0.364794344
vn 0.100145727 -0.322854638 -0.880487442
vn 0.48787877 -0.094333902 -0.851173759
vn 0.978587449 -0.16249986 -0.114377335
vn 0.920121431 -0.265359759 -0.29323864
vn 0.916719198 -0.157002032 -0.364794344
vn 0.920121431 -0.265359759 -0.29323864
vn 0.978587449 -0.16249986 -0.114377335
vn 0.873253644 -0.50500071 -0.0220083073
vn 0.869740963 -0.109774612 -0.5187549
vn 0.916719198 -0.157002032 -0.364794344
vn 0.48787877 -0.094333902 -0.851173759
vn 0.869740963 -0.109774612 -0.5187549
vn 0.96632272 -0.0663971901 -0.248619825
vn 0.916719198 -0.157002032 -0.364794344
vn 0.927449226 0.0060555716 -0.420862406
vn 0.96632272 -0.0663971901 -0.248619825
vn 0.869740963 -0.109774612 -0.5187549
vn 0.927449226 0.0060555716 -0.420862406
vn 0.948268056 0.0219077952 -0.36110267
vn 0.96632272 -0.0663971901 -0.248619825
vn 0.975711823 -0.079045102 -0.289395481
vn 0.916719198 -0.157002032 -0.364794344
vn 0.96632272 -0.0663971901 -0.248619825
vn 0.948268056 0.0219077952 -0.36110267
vn 0.975711823 -0.079045102 -0.289395481
vn 0.96632272 -0.0663971901 -0.248619825
vn 0.996922255 -0.111658253 -0.078127116
vn 0.925077736 -0.146668151 0.346074075
vn 0.978587449 -0.16249986 -0.114377335
vn 0.981289566 0.00645485148 0.147701323
vn 0.925077736 -0.146668151 0.346074075
vn 0.996922255 -0.111658253 -0.078127116
vn 0.916719198 -0.157002032 -0.364794344
vn 0.996922255 -0.111658253 -0.078127116
vn 0.978587449 -0.16249986 -0.114377335
vn 0.293998241 0.943643153 -0.23389779
vn 0.921885252 0.235802203 -0.275307775
vn 0.747876167 0.27670303 -0.540456116
vn 0.972908616 0.291760951 0.198517919
vn 0.833068073 0.346272379 0.475475848
vn 0.842662752 0.572030604 0.202418178
vn 0.921885252 0.235802203 -0.275307775
vn 0.941764951 0.0815287977 0.325901091
vn 0.980488122 0.121271342 -0.202331126
vn 0.921885252 0.235802203 -0.275307775
vn 0.833068073 0.346272379 0.475475848
vn 0.941764951 0.0815287977 0.325901091
vn 0.747876167 0.27670303 -0.540456116
vn 0.921885252 0.235802203 -0.275307775
vn 0.980488122 0.121271342 -0.202331126
vn 0.747876167 0.27670303 -0.540456116
vn 0.980488122 0.121271342 -0.202331126
vn 0.841871619 0.0608783104 -0.533773601
vn 0.972908616 0.291760951 0.198517919
vn 0.941764951 0.0815287977 0.325901091
vn 0.833068073 0.346272379 0.475475848
vn -0.563673854 0.494231135 -0.636177897
vn 0.972908616 0.291760951 0.198517919
vn 0.842662752 0.572030604 0.202418178
vn 0.293998241 0.943643153 -0.23389779
vn 0.833068073 0.346272379 0.475475848
vn 0.921885252 0.235802203 -0.275307775
vn 0.974013746 0.0685057268 0.216822371
vn 0.941764951 0.0815287977 0.325901091
vn 0.998093009 -0.0410884097 0.0623221919
vn 0.980488122 0.121271342 -0.202331126
vn 0.941764951 0.0815287977 0.325901091
vn 0.974013746 0.0685057268 0.216822371
vn 0.972908616 0.291760951 0.198517919
vn -0.00783093367 0.0684796199 -0.940937459
vn 0.998093009 -0.0410884097 0.0623221919
vn 0.972908616 0.291760951 0.198517919
vn 0.998093009 -0.0410884097 0.0623221919
vn 0.941764951 0.0815287977 0.325901091
vn 0.972908616 0.291760951 0.198517919
vn 0.0281350594 0.277044624 -0.970606208
vn -0.00783093367 0.0684796199 -0.940937459
vn -0.00783093367 0.0684796199 -0.940937459
vn -0.551150382 0.0321816131 -0.83247745
vn -0.586748064 -0.114256665 -0.774635077
vn 0.0281350594 0.277044624 -0.970606208
vn -0.636173904 0.51244849 -0.668066084
vn -0.00783093367 0.0684796199 -0.940937459
vn -0.551150382 0.0321816131 -0.83247745
vn -0.61860913 -0.0667200387 -0.772732615
vn -0.586748064 -0.114256665 -0.774635077
vn -0.636173904 0.51244849 -0.668066084
vn -0.551150382 0.0321816131 -0.83247745
vn -0.00783093367 0.0684796199 -0.940937459
vn -0.636173904 0.51244849 -0.668066084
vn -0.247767627 0.224398658 -0.957280576
vn -0.551150382 0.0321816131 -0.83247745
vn 0.0281350594 0.277044624 -0.970606208
vn -0.735291183 0.422924757 -0.65173018
vn -0.636173904 0.51244849 -0.668066084
vn -0.594181895 -0.0434892662 -0.822547793
vn -0.648613632 -0.114710227 -0.748261511
vn -0.563673854 0.494231135 -0.636177897
vn -0.551150382 0.0321816131 -0.83247745
vn 0.48787877 -0.094333902 -0.851173759
vn -0.61860913 -0.0667200387 -0.772732615
vn -0.551150382 0.0321816131 -0.83247745
vn -0.247767627 0.224398658 -0.957280576
vn 0.48787877 -0.094333902 -0.851173759
vn -0.636173904 0.51244849 -0.668066084
vn -0.735291183 0.422924757 -0.65173018
vn -0.247767627 0.224398658 -0.957280576
vn 0.0281350594 0.277044624 -0.970606208
vn -0.648613632 -0.114710227 -0.748261511
vn -0.735291183 0.422924757 -0.65173018
vn -0.594181895 -0.0434892662 -0.822547793
vn -0.443449825 0.0964307413 -0.88969475
vn -0.648613632 -0.114710227 -0.748261511
vn -0.443449825 0.0964307413 -0.88969475
vn -0.594181895 -0.0434892662 -0.822547793
vn -0.499719322 0.174025625 -0.84805578
vn -0.247767627 0.224398658 -0.957280576
vn 0.431904346 0.0455692746 -0.907913506
vn 0.48787877 -0.094333902 -0.851173759
vn -0.735291183 0.422924757 -0.65173018
vn 0.00748369005 0.204217613 -0.971379459
vn -0.247767627 0.224398658 -0.957280576
vn -0.648613632 -0.114710227 -0.748261511
vn 0.00748369005 0.204217613 -0.971379459
vn -0.735291183 0.422924757 -0.65173018
vn -0.648613632 -0.114710227 -0.748261511
vn -0.443449825 0.0964307413 -0.88969475
vn 0.00748369005 0.204217613 -0.971379459
vn -0.443449825 0.0964307413 -0.88969475
vn 0.0807839856 0.255821377 -0.957395256
vn 0.00748369005 0.204217613 -0.971379459
vn 0.00748369005 0.204217613 -0.971379459
vn 0.431904346 0.0455692746 -0.907913506
vn -0.247767627 0.224398658 -0.957280576
vn 0.0807839856 0.255821377 -0.957395256
vn 0.815443337 0.127518788 -0.583102882
vn 0.00748369005 0.204217613 -0.971379459
vn 0.00748369005 0.204217613 -0.971379459
vn 0.815443337 0.127518788 -0.583102882
vn 0.431904346 0.0455692746 -0.907913506
vn 0.431904346 0.0455692746 -0.907913506
vn 0.815443337 0.127518788 -0.583102882
vn 0.927449226 0.0060555716 -0.420862406
vn 0.485375434 0.869157553 -0.0947406963
vn -0.563673854 0.494231135 -0.636177897
vn 0.842662752 0.572030604 0.202418178
vn 0.485375434 0.869157553 -0.0947406963
vn 0.311146498 0.203722194 -0.8715325
vn 0.311306804 0.533307016 -0.624785721
vn 0.311146498 0.203722194 -0.8715325
vn 0.0255485494 -0.0408959314 -0.876366556
vn -0.563673854 0.494231135 -0.636177897
vn 0.485375434 0.869157553 -0.0947406963
vn 0.311306804 0.533307016 -0.624785721
vn -0.563673854 0.494231135 -0.636177897
vn 0.311146498 0.203722194 -0.8715325
vn -0.563673854 0.494231135 -0.636177897
vn 0.311306804 0.533307016 -0.624785721
vn 0.0255485494 -0.0408959314 -0.876366556
vn -0.594181895 -0.0434892662 -0.822547793
vn -0.563673854 0.494231135 -0.636177897
vn 0.972908616 0.291760951 0.198517919
vn -0.563673854 0.494231135 -0.636177897
vn 0.0281350594 0.277044624 -0.970606208
vn 0.0281350594 0.277044624 -0.970606208
vn -0.563673854 0.494231135 -0.636177897
vn -0.648613632 -0.114710227 -0.748261511
vn 0.815443337 0.127518788 -0.583102882
vn 0.948268056 0.0219077952 -0.36110267
vn 0.927449226 0.0060555716 -0.420862406
vn 0.807392061 -0.117805041 0.561327696
vn 0.967008233 0.0142678786 0.0414907038
vn 0.850357115 0.161696374 0.538551509
vn 0.956554711 0.00306450529 0.22455743
vn 0.807392061 -0.117805041 0.561327696
vn 0.850357115 0.161696374 0.538551509
vn 0.850357115 0.161696374 0.538551509
vn 0.813249528 0.135078818 0.565799415
vn 0.981289566 0.00645485148 0.147701323
vn 0.996922255 -0.111658253 -0.078127116
vn 0.942210376 0.0606507435 0.311087936
vn 0.981289566 0.00645485148 0.147701323
vn 0.975711823 -0.079045102 -0.289395481
vn 0.996922255 -0.111658253 -0.078127116
vn 0.916719198 -0.157002032 -0.364794344
vn 0.981289566 0.00645485148 0.147701323
vn 0.942210376 0.0606507435 0.311087936
vn 0.850357115 0.161696374 0.538551509
vn 0.975711823 -0.079045102 -0.289395481
vn 0.942210376 0.0606507435 0.311087936
vn 0.996922255 -0.111658253 -0.078127116
vn 0.948268056 0.0219077952 -0.36110267
vn 0.942210376 0.0606507435 0.311087936
vn 0.975711823 -0.079045102 -0.289395481
vn 0.956554711 0.00306450529 0.22455743
vn 0.942210376 0.0606507435 0.311087936
vn 0.948268056 0.0219077952 -0.36110267
vn 0.942210376 0.0606507435 0.311087936
vn 0.956554711 0.00306450529 0.22455743
vn 0.850357115 0.161696374 0.538551509
vn 0.203938991 -0.985053897 0.0216731522
vn -0.07960172 -0.978093743 0.192343742
vn -0.149558052 -0.955922306 -0.280744046
vn -0.229243308 -0.97449261 0.238236606
vn -0.07960172 -0.978093743 0.192343742
vn 0.203938991 -0.985053897 0.0216731522
vn -0.991820157 -0.133738548 -0.344584376
vn -0.517553091 -0.731909454 -0.151704133
vn -0.134282053 -0.488842875 -0.845226765
vn -0.991820157 -0.133738548 -0.344584376
vn -0.908675015 -0.361583918 0.190297842
vn -0.517553091 -0.731909454 -0.151704133
vn 0.203938991 -0.985053897 0.0216731522
vn -0.149558052 -0.955922306 -0.280744046
vn 0.452147305 -0.864324749 -0.220239714
vn 0.452147305 -0.864324749 -0.220239714
vn -0.149558052 -0.955922306 -0.280744046
vn 0.149915412 -0.836372614 -0.55149883
vn 0.143571615 -0.884591639 0.484606266
vn -0.229243308 -0.97449261 0.238236606
vn 0.203938991 -0.985053897 0.0216731522
vn 0.149915412 -0.836372614 -0.55149883
vn -0.134282053 -0.488842875 -0.845226765
vn 0.476720363 -0.567686796 -0.682560563
vn -0.909330428 -0.336983651 -0.338941783
vn -0.867370546 -0.248783559 0.195456013
vn -0.970294952 -0.292186528 -0.219219446
vn 0.476720363 -0.567686796 -0.682560563
vn 0.502503633 -0.789319158 -0.352796525
vn 0.149915412 -0.836372614 -0.55149883
vn 0.502503633 -0.789319158 -0.352796525
vn 0.452147305 -0.864324749 -0.220239714
vn 0.149915412 -0.836372614 -0.55149883
vn 0.502503633 -0.789319158 -0.352796525
vn 0.682218313 -0.723847091 -0.209366769
vn 0.452147305 -0.864324749 -0.220239714
vn -0.908675015 -0.361583918 0.190297842
vn -0.970294952 -0.292186528 -0.219219446
vn -0.870703101 -0.416860282 -0.238450721
vn -0.158376932 -0.411299884 0.607096493
vn 0.476720363 -0.567686796 -0.682560563
vn -0.134282053 -0.488842875 -0.845226765
vn -0.870703101 -0.416860282 -0.238450721
vn -0.970294952 -0.292186528 -0.219219446
vn -0.867370546 -0.248783559 0.195456013
vn -0.134282053 -0.488842875 -0.845226765
vn -0.517553091 -0.731909454 -0.151704133
vn -0.158376932 -0.411299884 0.607096493
vn -0.908675015 -0.361583918 0.190297842
vn -0.870703101 -0.416860282 -0.238450721
vn -0.584720194 -0.704207897 0.285300612
vn 0.682218313 -0.723847091 -0.209366769
vn 0.203938991 -0.985053897 0.0216731522
vn 0.452147305 -0.864324749 -0.220239714
vn -0.158376932 -0.411299884 0.607096493
vn -0.908675015 -0.361583918 0.190297842
vn -0.584720194 -0.704207897 0.285300612
vn -0.517553091 -0.731909454 -0.151704133
vn -0.908675015 -0.361583918 0.190297842
vn -0.158376932 -0.411299884 0.607096493
vn -0.584720194 -0.704207897 0.285300612
vn -0.870703101 -0.416860282 -0.238450721
vn -0.401248723 -0.809794247 -0.454048306
vn 0.674830735 -0.659969628 0.310200363
vn 0.203938991 -0.985053897 0.0216731522
vn 0.682218313 -0.723847091 -0.209366769
vn 0.616805792 -0.724044859 -0.308722794
vn 0.682218313 -0.723847091 -0.209366769
vn 0.502503633 -0.789319158 -0.352796525
vn 0.616805792 -0.724044859 -0.308722794
vn 0.502503633 -0.789319158 -0.352796525
vn 0.476720363 -0.567686796 -0.682560563
vn -0.158376932 -0.411299884 0.607096493
vn 0.693322003 -0.419315726 -0.589823425
vn 0.476720363 -0.567686796 -0.682560563
vn -0.158376932 -0.411299884 0.607096493
vn 0.622080028 -0.184256285 -0.760963976
vn 0.693322003 -0.419315726 -0.589823425
vn 0.318372667 -0.762641191 0.526460171
vn -0.584720194 -0.704207897 0.285300612
vn -0.401248723 -0.809794247 -0.454048306
vn 0.318372667 -0.762641191 0.526460171
vn -0.158376932 -0.411299884 0.607096493
vn -0.584720194 -0.704207897 0.285300612
vn 0.616805792 -0.724044859 -0.308722794
vn 0.693322003 -0.419315726 -0.589823425
vn 0.682218313 -0.723847091 -0.209366769
vn 0.693322003 -0.419315726 -0.589823425
vn 0.616805792 -0.724044859 -0.308722794
vn 0.476720363 -0.567686796 -0.682560563
vn 0.622080028 -0.184256285 -0.760963976
vn -0.158376932 -0.411299884 0.607096493
vn 0.491459131 -0.636624634 0.304457247
vn 0.140080884 -0.464173794 0.798528492
vn -0.158376932 -0.411299884 0.607096493
vn 0.318372667 -0.762641191 0.526460171
vn 0.942515492 -0.35879758 -0.13312532
vn 0.682218313 -0.723847091 -0.209366769
vn 0.693322003 -0.419315726 -0.589823425
vn 0.491459131 -0.636624634 0.304457247
vn 0.693322003 -0.419315726 -0.589823425
vn 0.622080028 -0.184256285 -0.760963976
vn 0.140080884 -0.464173794 0.798528492
vn 0.491459131 -0.636624634 0.304457247
vn -0.158376932 -0.411299884 0.607096493
vn 0.942515492 -0.35879758 -0.13312532
vn 0.841356158 -0.222693935 0.480876058
vn 0.682218313 -0.723847091 -0.209366769
vn 0.649163783 -0.328386545 0.352113485
vn 0.942515492 -0.35879758 -0.13312532
vn 0.693322003 -0.419315726 -0.589823425
vn -0.293503195 -0.217826635 0.930810153
vn 0.491459131 -0.636624634 0.304457247
vn 0.140080884 -0.464173794 0.798528492
vn 0.649163783 -0.328386545 0.352113485
vn 0.491459131 -0.636624634 0.304457247
vn -0.293503195 -0.217826635 0.930810153
vn 0.491459131 -0.636624634 0.304457247
vn 0.649163783 -0.328386545 0.352113485
vn 0.693322003 -0.419315726 -0.589823425
vn 0.716657639 -0.792282879 0.0188086424
vn -0.401248723 -0.809794247 -0.454048306
vn 0.0645154119 -0.850836456 -0.45176518
vn 0.971262872 -0.21546641 -0.149008065
vn 0.942515492 -0.35879758 -0.13312532
vn 0.649163783 -0.328386545 0.352113485
vn 0.971262872 -0.21546641 -0.149008065
vn 0.841356158 -0.222693935 0.480876058
vn 0.942515492 -0.35879758 -0.13312532
vn 0.716657639 -0.792282879 0.0188086424
vn 0.318372667 -0.762641191 0.526460171
vn -0.401248723 -0.809794247 -0.454048306
vn 0.799858034 -0.593400002 0.0900201648
vn 0.318372667 -0.762641191 0.526460171
vn 0.716657639 -0.792282879 0.0188086424
vn 0.971262872 -0.21546641 -0.149008065
vn 0.836919606 -0.184294075 0.457274199
vn 0.841356158 -0.222693935 0.480876058
vn -0.477708995 -0.100573502 1.00640655
vn 0.649163783 -0.328386545 0.352113485
vn -0.293503195 -0.217826635 0.930810153
vn 0.973618507 -0.161795229 0.0246150438
vn 0.971262872 -0.21546641 -0.149008065
vn 0.649163783 -0.328386545 0.352113485
vn 0.973618507 -0.161795229 0.0246150438
vn 0.836919606 -0.184294075 0.457274199
vn 0.971262872 -0.21546641 -0.149008065
vn 0.799858034 -0.593400002 0.0900201648
vn 0.140080884 -0.464173794 0.798528492
vn 0.318372667 -0.762641191 0.526460171
vn -0.477708995 -0.100573502 1.00640655
vn -0.293503195 -0.217826635 0.930810153
vn 0.140080884 -0.464173794 0.798528492
vn 0.566420972 -0.473367184 0.649726093
vn -0.477708995 -0.100573502 1.00640655
vn 0.140080884 -0.464173794 0.798528492
vn 0.799858034 -0.593400002 0.0900201648
vn 0.566420972 -0.473367184 0.649726093
vn 0.140080884 -0.464173794 0.798528492
vn 0.22297132 -0.240827188 0.954700291
vn -0.477708995 -0.100573502 1.00640655
vn 0.566420972 -0.473367184 0.649726093
vn 0.666856468 -0.183843613 0.722152352
vn 0.566420972 -0.473367184 0.649726093
vn 0.815770805 -0.42181325 0.396808028
vn 0.666856468 -0.183843613 0.722152352
vn 0.22297132 -0.240827188 0.954700291
vn 0.566420972 -0.473367184 0.649726093
vn 0.143571615 -0.884591639 0.484606266
vn -0.537370563 -0.433299959 0.687954307
vn -0.229243308 -0.97449261 0.238236606
vn 0.423925221 -0.165350124 0.888578415
vn 0.0101373019 -0.149064749 0.95668143
vn -0.246292502 -0.426829129 0.872135758
vn 0.578045785 -0.263772219 0.747156262
vn -0.246292502 -0.426829129 0.872135758
vn 0.143571615 -0.884591639 0.484606266
vn 0.423925221 -0.165350124 0.888578415
vn -0.246292502 -0.426829129 0.872135758
vn 0.578045785 -0.263772219 0.747156262
vn 0.674830735 -0.659969628 0.310200363
vn 0.143571615 -0.884591639 0.484606266
vn 0.203938991 -0.985053897 0.0216731522
vn 0.559880733 -0.00080731808 0.833294451
vn 0.423925221 -0.165350124 0.888578415
vn 0.578045785 -0.263772219 0.747156262
vn 0.674830735 -0.659969628 0.310200363
vn 0.578045785 -0.263772219 0.747156262
vn 0.143571615 -0.884591639 0.484606266
vn 0.841356158 -0.222693935 0.480876058
vn 0.578045785 -0.263772219 0.747156262
vn 0.674830735 -0.659969628 0.310200363
vn 0.841356158 -0.222693935 0.480876058
vn 0.674830735 -0.659969628 0.310200363
vn 0.682218313 -0.723847091 -0.209366769
vn 0.836919606 -0.184294075 0.457274199
vn 0.578045785 -0.263772219 0.747156262
vn 0.841356158 -0.222693935 0.480876058
vn 0.649163783 -0.328386545 0.352113485
vn 0.369609803 -0.122403026 0.676956952
vn 0.973618507 -0.161795229 0.0246150438
vn -0.477708995 -0.100573502 1.00640655
vn 0.369609803 -0.122403026 0.676956952
vn 0.649163783 -0.328386545 0.352113485
vn 0.369609803 -0.122403026 0.676956952
vn 0.945395887 -0.12898998 0.252628833
vn 0.973618507 -0.161795229 0.0246150438
vn 0.0511654466 -0.230937839 0.685975373
vn 0.945395887 -0.12898998 0.252628833
vn 0.369609803 -0.122403026 0.676956952
vn 0.0511654466 -0.230937839 0.685975373
vn 0.628433526 -0.68159312 0.344962895
vn 0.945395887 -0.12898998 0.252628833
vn -0.215159148 -0.189029887 0.958109736
vn 0.369609803 -0.122403026 0.676956952
vn -0.477708995 -0.100573502 1.00640655
vn -0.308937967 7.62965283e-05 0.973840892
vn 0.369609803 -0.122403026 0.676956952
vn -0.215159148 -0.189029887 0.958109736
vn -0.308937967 7.62965283e-05 0.973840892
vn 0.0511654466 -0.230937839 0.685975373
vn 0.369609803 -0.122403026 0.676956952
vn -0.215159148 -0.189029887 0.958109736
vn -0.477708995 -0.100573502 1.00640655
vn 0.22297132 -0.240827188 0.954700291
vn -0.16742155 -0.437571138 0.834561586
vn 0.628433526 -0.68159312 0.344962895
vn 0.0511654466 -0.230937839 0.685975373
vn 0.22297132 -0.240827188 0.954700291
vn -0.308937967 7.62965283e-05 0.973840892
vn -0.215159148 -0.189029887 0.958109736
vn -0.16742155 -0.437571138 0.834561586
vn 0.0511654466 -0.230937839 0.685975373
vn -0.308937967 7.62965283e-05 0.973840892
vn 0.559880733 -0.00080731808 0.833294451
vn 0.0101373019 -0.149064749 0.95668143
vn 0.423925221 -0.165350124 0.888578415
vn -0.236758262 -0.251178294 0.862240016
vn 0.0101373019 -0.149064749 0.95668143
vn 0.559880733 -0.00080731808 0.833294451
vn 0.48549962 -0.0475676246 0.863376856
vn 0.276595235 0.000485901342 0.972538829
vn 0.531226397 -0.198363826 0.826644838
vn 0.531226397 -0.198363826 0.826644838
vn -0.236758262 -0.251178294 0.862240016
vn 0.559880733 -0.00080731808 0.833294451
vn 0.48549962 -0.0475676246 0.863376856
vn 0.531226397 -0.198363826 0.826644838
vn 0.432455957 -0.412095755 0.780940771
vn 0.432455957 -0.412095755 0.780940771
vn 0.559880733 -0.00080731808 0.833294451
vn 0.578045785 -0.263772219 0.747156262
vn 0.432455957 -0.412095755 0.780940771
vn 0.531226397 -0.198363826 0.826644838
vn 0.559880733 -0.00080731808 0.833294451
vn 0.945395887 -0.12898998 0.252628833
vn 0.432455957 -0.412095755 0.780940771
vn 0.578045785 -0.263772219 0.747156262
vn 0.836919606 -0.184294075 0.457274199
vn 0.945395887 -0.12898998 0.252628833
vn 0.578045785 -0.263772219 0.747156262
vn 0.945395887 -0.12898998 0.252628833
vn 0.836919606 -0.184294075 0.457274199
vn 0.973618507 -0.161795229 0.0246150438
vn 0.628433526 -0.68159312 0.344962895
vn 0.432455957 -0.412095755 0.780940771
vn 0.945395887 -0.12898998 0.252628833
vn 0.432455957 -0.412095755 0.780940771
vn 0.628433526 -0.68159312 0.344962895
vn 0.131457329 -0.74895823 0.671804726
vn 0.131457329 -0.74895823 0.671804726
vn 0.628433526 -0.68159312 0.344962895
vn -0.16742155 -0.437571138 0.834561586
vn 0.332979769 0.0807649419 0.920093358
vn 0.310291886 -0.178682193 0.911167324
vn 0.0566380247 -0.169029862 0.967293084
vn 0.106249407 -0.0832314938 0.87190944
vn 0.32893008 -0.666564286 0.678258598
vn 0.310291886 -0.178682193 0.911167324
vn 0.184845269 -0.255471647 0.95517379
vn -0.275415033 -0.0882262513 0.961275458
vn 0.32893008 -0.666564286 0.678258598
vn -0.0488512293 0.027889749 0.993865907
vn 0.276595235 0.000485901342 0.972538829
vn 0.332979769 0.0807649419 0.920093358
vn 0.106249407 -0.0832314938 0.87190944
vn 0.310291886 -0.178682193 0.911167324
vn 0.332979769 0.0807649419 0.920093358
vn 0.039100837 0.0958600193 0.936211169
vn -0.275415033 -0.0882262513 0.961275458
vn 0.184845269 -0.255471647 0.95517379
vn 0.48549962 -0.0475676246 0.863376856
vn 0.332979769 0.0807649419 0.920093358
vn 0.276595235 0.000485901342 0.972538829
vn 0.544811249 0.00123508892 0.856111705
vn 0.184845269 -0.255471647 0.95517379
vn 0.32893008 -0.666564286 0.678258598
vn 0.39408049 -0.0581935979 0.913917303
vn 0.184845269 -0.255471647 0.95517379
vn 0.544811249 0.00123508892 0.856111705
vn 0.106249407 -0.0832314938 0.87190944
vn 0.332979769 0.0807649419 0.920093358
vn 0.122291304 0.276912957 0.953081369
vn 0.32893008 -0.666564286 0.678258598
vn 0.106249407 -0.0832314938 0.87190944
vn 0.11625693 -0.406785309 0.865907133
vn 0.332979769 0.0807649419 0.920093358
vn 0.48549962 -0.0475676246 0.863376856
vn 0.331860274 -0.12956205 0.898027301
vn 0.331860274 -0.12956205 0.898027301
vn 0.122291304 0.276912957 0.953081369
vn 0.332979769 0.0807649419 0.920093358
vn -0.133158922 -0.0320178643 0.978527904
vn 0.122291304 0.276912957 0.953081369
vn 0.331860274 -0.12956205 0.898027301
vn 0.106249407 -0.0832314938 0.87190944
vn 0.122291304 0.276912957 0.953081369
vn -0.133158922 -0.0320178643 0.978527904
vn 0.331860274 -0.12956205 0.898027301
vn 0.48549962 -0.0475676246 0.863376856
vn 0.432455957 -0.412095755 0.780940771
vn -0.133158922 -0.0320178643 0.978527904
vn 0.331860274 -0.12956205 0.898027301
vn 0.432455957 -0.412095755 0.780940771
vn 0.700923979 -0.328115702 0.616694808
vn 0.544811249 0.00123508892 0.856111705
vn 0.32893008 -0.666564286 0.678258598
vn -0.133158922 -0.0320178643 0.978527904
vn 0.432455957 -0.412095755 0.780940771
vn 0.306442052 -0.181477025 0.940755904
vn 0.106249407 -0.0832314938 0.87190944
vn -0.133158922 -0.0320178643 0.978527904
vn -0.144146994 0.247172058 0.96973139
vn 0.11625693 -0.406785309 0.865907133
vn 0.106249407 -0.0832314938 0.87190944
vn -0.144146994 0.247172058 0.96973139
vn 0.700923979 -0.328115702 0.616694808
vn 0.32893008 -0.666564286 0.678258598
vn 0.11625693 -0.406785309 0.865907133
vn 0.700923979 -0.328115702 0.616694808
vn 0.778196871 0.0962075219 0.605906129
vn 0.544811249 0.00123508892 0.856111705
vn 0.700923979 -0.328115702 0.616694808
vn 0.11625693 -0.406785309 0.865907133
vn 0.585873365 0.0468922332 0.780767977
vn 0.778196871 0.0962075219 0.605906129
vn 0.700923979 -0.328115702 0.616694808
vn 0.585873365 0.0468922332 0.780767977
vn 0.306442052 -0.181477025 0.940755904
vn 0.255673945 0.029846644 0.970307648
vn -0.133158922 -0.0320178643 0.978527904
vn -0.144146994 0.247172058 0.96973139
vn -0.133158922 -0.0320178643 0.978527904
vn 0.255673945 0.029846644 0.970307648
vn 0.306442052 -0.181477025 0.940755904
vn 0.432455957 -0.412095755 0.780940771
vn 0.405225426 -0.163669184 0.888229072
vn 0.11625693 -0.406785309 0.865907133
vn -0.144146994 0.247172058 0.96973139
vn 0.255673945 0.029846644 0.970307648
vn 0.255673945 0.029846644 0.970307648
vn 0.585873365 0.0468922332 0.780767977
vn 0.11625693 -0.406785309 0.865907133
vn 0.405225426 -0.163669184 0.888229072
vn 0.255673945 0.029846644 0.970307648
vn 0.306442052 -0.181477025 0.940755904
vn -0.254876554 -0.0958036929 0.924818039
vn -0.539407909 0.0963734165 0.837489188
vn 0.039100837 0.0958600193 0.936211169
vn 0.747726798 0.0629974604 0.702586949
vn -0.254876554 -0.0958036929 0.924818039
vn 0.15661329 0.171400979 0.957179606
vn 0.039100837 0.0958600193 0.936211169
vn 0.15661329 0.171400979 0.957179606
vn -0.254876554 -0.0958036929 0.924818039
vn 0.39408049 -0.0581935979 0.913917303
vn 0.039100837 0.0958600193 0.936211169
vn 0.184845269 -0.255471647 0.95517379
vn 0.15661329 0.171400979 0.957179606
vn 0.039100837 0.0958600193 0.936211169
vn 0.264536887 0.216186985 0.954932868
vn 0.264536887 0.216186985 0.954932868
vn -0.00229124352 0.416808188 0.885812223
vn 0.15661329 0.171400979 0.957179606
vn 0.4761343 0.29794389 0.776473761
vn 0.264536887 0.216186985 0.954932868
vn 0.039100837 0.0958600193 0.936211169
vn 0.544811249 0.00123508892 0.856111705
vn 0.039100837 0.0958600193 0.936211169
vn 0.39408049 -0.0581935979 0.913917303
vn 0.725228548 0.132596016 0.656088889
vn 0.039100837 0.0958600193 0.936211169
vn 0.544811249 0.00123508892 0.856111705
vn 0.725228548 0.132596016 0.656088889
vn 0.4761343 0.29794389 0.776473761
vn 0.039100837 0.0958600193 0.936211169
vn 0.725228548 0.132596016 0.656088889
vn 0.544811249 0.00123508892 0.856111705
vn 0.778196871 0.0962075219 0.605906129
vn 0.77874887 0.115129501 0.640444875
vn 0.4761343 0.29794389 0.776473761
vn 0.725228548 0.132596016 0.656088889
vn 0.437683821 0.168518826 0.786589861
vn 0.725228548 0.132596016 0.656088889
vn 0.562240839 0.0860736966 0.779584169
vn 0.585873365 0.0468922332 0.780767977
vn 0.725228548 0.132596016 0.656088889
vn 0.778196871 0.0962075219 0.605906129
vn 0.562240839 0.0860736966 0.779584169
vn 0.725228548 0.132596016 0.656088889
vn 0.585873365 0.0468922332 0.780767977
vn 0.300207764 0.0499947444 0.953127146
vn 0.585873365 0.0468922332 0.780767977
vn 0.255673945 0.029846644 0.970307648
vn 0.300207764 0.0499947444 0.953127146
vn 0.330986142 0.0250389203 0.942914605
vn 0.585873365 0.0468922332 0.780767977
vn 0.562240839 0.0860736966 0.779584169
vn 0.585873365 0.0468922332 0.780767977
vn 0.330986142 0.0250389203 0.942914605
vn 0.208999842 0.0110175516 0.981879115
vn 0.562240839 0.0860736966 0.779584169
vn 0.330986142 0.0250389203 0.942914605
vn 0.815770805 -0.42181325 0.396808028
vn 0.566420972 -0.473367184 0.649726093
vn 0.799858034 -0.593400002 0.0900201648
vn 0.769235194 -0.300871164 0.595865786
vn 0.22297132 -0.240827188 0.954700291
vn 0.666856468 -0.183843613 0.722152352
vn 0.748893201 -0.408500999 0.565023422
vn 0.22297132 -0.240827188 0.954700291
vn 0.769235194 -0.300871164 0.595865786
vn 0.228744909 -0.200593561 0.922222614
vn -0.308937967 7.62965283e-05 0.973840892
vn 0.22297132 -0.240827188 0.954700291
vn 0.769235194 -0.300871164 0.595865786
vn 0.666856468 -0.183843613 0.722152352
vn 0.815770805 -0.42181325 0.396808028
vn 0.228744909 -0.200593561 0.922222614
vn 0.22297132 -0.240827188 0.954700291
vn 0.748893201 -0.408500999 0.565023422
vn 0.895091593 -0.353329062 0.252221704
vn 0.815770805 -0.42181325 0.396808028
vn 0.799858034 -0.593400002 0.0900201648
vn 0.769235194 -0.300871164 0.595865786
vn 0.815770805 -0.42181325 0.396808028
vn 0.895091593 -0.353329062 0.252221704
vn 0.895091593 -0.353329062 0.252221704
vn 0.748893201 -0.408500999 0.565023422
vn 0.769235194 -0.300871164 0.595865786
vn 0.885299265 -0.275662452 0.33780095
vn 0.748893201 -0.408500999 0.565023422
vn 0.895091593 -0.353329062 0.252221704
vn 0.937829077 -0.42536065 0.0459348112
vn 0.916696072 -0.392931223 0.0495862477
vn 0.799858034 -0.593400002 0.0900201648
vn 0.916696072 -0.392931223 0.0495862477
vn 0.895091593 -0.353329062 0.252221704
vn 0.799858034 -0.593400002 0.0900201648
vn 0.949905396 -0.187128782 -0.273506403
vn 0.916696072 -0.392931223 0.0495862477
vn 0.937829077 -0.42536065 0.0459348112
vn 0.895091593 -0.353329062 0.252221704
vn 0.916696072 -0.392931223 0.0495862477
vn 0.994273067 -0.248695984 0.0739397034
vn 0.810397506 -0.519827068 0.084396936
vn 0.885299265 -0.275662452 0.33780095
vn 0.895091593 -0.353329062 0.252221704
vn 0.810397506 -0.519827068 0.084396936
vn 0.895091593 -0.353329062 0.252221704
vn 0.994273067 -0.248695984 0.0739397034
vn 0.885299265 -0.275662452 0.33780095
vn 0.495892644 -0.570750415 0.609555721
vn 0.748893201 -0.408500999 0.565023422
vn 0.495892644 -0.570750415 0.609555721
vn 0.228744909 -0.200593561 0.922222614
vn 0.748893201 -0.408500999 0.565023422
vn 0.994273067 -0.248695984 0.0739397034
vn 0.916696072 -0.392931223 0.0495862477
vn 0.949905396 -0.187128782 -0.273506403
vn 0.905273855 -0.0607596189 -0.280188352
vn 0.810397506 -0.519827068 0.084396936
vn 0.994273067 -0.248695984 0.0739397034
vn 0.810397506 -0.519827068 0.084396936
vn 0.727561593 -0.590467274 0.307590693
vn 0.885299265 -0.275662452 0.33780095
vn 0.727561593 -0.590467274 0.307590693
vn 0.707535803 -0.513127863 0.485894054
vn 0.885299265 -0.275662452 0.33780095
vn 0.885299265 -0.275662452 0.33780095
vn 0.707535803 -0.513127863 0.485894054
vn 0.495892644 -0.570750415 0.609555721
vn 0.905273855 -0.0607596189 -0.280188352
vn 0.809520483 -0.522544503 -0.0251688268
vn 0.810397506 -0.519827068 0.084396936
vn 0.459970623 -0.88362515 0.121724151
vn 0.810397506 -0.519827068 0.084396936
vn 0.809520483 -0.522544503 -0.0251688268
vn 0.727561593 -0.590467274 0.307590693
vn 0.810397506 -0.519827068 0.084396936
vn 0.459970623 -0.88362515 0.121724151
vn 0.419357061 -0.751460791 0.509358883
vn 0.495892644 -0.570750415 0.609555721
vn 0.707535803 -0.513127863 0.485894054
vn 0.776492119 -0.684499383 0.0659213439
vn 0.905273855 -0.0607596189 -0.280188352
vn 0.25977546 -0.831594706 -0.179274723
vn 0.776492119 -0.684499383 0.0659213439
vn 0.809520483 -0.522544503 -0.0251688268
vn 0.905273855 -0.0607596189 -0.280188352
vn 0.776492119 -0.684499383 0.0659213439
vn 0.3327851 -0.90210861 0.0800184831
vn 0.809520483 -0.522544503 -0.0251688268
vn 0.459970623 -0.88362515 0.121724151
vn 0.809520483 -0.522544503 -0.0251688268
vn 0.3327851 -0.90210861 0.0800184831
vn 0.459970623 -0.88362515 0.121724151
vn 0.627119601 -0.665078282 0.370710999
vn 0.727561593 -0.590467274 0.307590693
vn 0.627119601 -0.665078282 0.370710999
vn 0.707535803 -0.513127863 0.485894054
vn 0.727561593 -0.590467274 0.307590693
vn 0.627119601 -0.665078282 0.370710999
vn 0.419357061 -0.751460791 0.509358883
vn 0.707535803 -0.513127863 0.485894054
vn 0.767131567 -0.662722409 -0.0614335649
vn 0.459970623 -0.88362515 0.121724151
vn 0.3327851 -0.90210861 0.0800184831
vn 0.370466948 -0.830702484 0.334609836
vn 0.3327851 -0.90210861 0.0800184831
vn 0.776492119 -0.684499383 0.0659213439
vn 0.767131567 -0.662722409 -0.0614335649
vn 0.3327851 -0.90210861 0.0800184831
vn 0.884343445 -0.0275539346 0.260463089
vn 0.884343445 -0.0275539346 0.260463089
vn 0.3327851 -0.90210861 0.0800184831
vn 0.370466948 -0.830702484 0.334609836
vn 0.636231065 -0.136165425 0.702887893
vn 0.884343445 -0.0275539346 0.260463089
vn 0.370466948 -0.830702484 0.334609836
vn 0.627119601 -0.665078282 0.370710999
vn 0.459970623 -0.88362515 0.121724151
vn 0.767131567 -0.662722409 -0.0614335649
vn 0.917335629 -0.0924380794 -0.386595368
vn 0.767131567 -0.662722409 -0.0614335649
vn 0.884343445 -0.0275539346 0.260463089
vn 0.228744909 -0.200593561 0.922222614
vn -0.16742155 -0.437571138 0.834561586
vn -0.308937967 7.62965283e-05 0.973840892
vn 0.131457329 -0.74895823 0.671804726
vn -0.16742155 -0.437571138 0.834561586
vn 0.228744909 -0.200593561 0.922222614
vn 0.495892644 -0.570750415 0.609555721
vn 0.432455957 -0.412095755 0.780940771
vn 0.131457329 -0.74895823 0.671804726
vn 0.495892644 -0.570750415 0.609555721
vn 0.131457329 -0.74895823 0.671804726
vn 0.228744909 -0.200593561 0.922222614
vn 0.261832476 -0.311969966 0.832200408
vn 0.717377603 0.207850084 0.705441356
vn 0.802675128 0.0985891521 0.132880107
vn 0.893647194 0.169418991 -0.415562302
vn 0.524494827 -0.368084908 -0.363882542
vn 0.802675128 0.0985891521 0.132880107
vn 0.590379059 -0.291511357 0.738750696
vn 0.419357061 -0.751460791 0.509358883
vn 0.627119601 -0.665078282 0.370710999
vn 0.917335629 -0.0924380794 -0.386595368
vn 0.627119601 -0.665078282 0.370710999
vn 0.767131567 -0.662722409 -0.0614335649
vn 0.889277399 -0.271040589 0.454380631
vn 0.627119601 -0.665078282 0.370710999
vn 0.917335629 -0.0924380794 -0.386595368
vn 0.889277399 -0.271040589 0.454380631
vn 0.590379059 -0.291511357 0.738750696
vn 0.627119601 -0.665078282 0.370710999
vn 0.802675128 0.0985891521 0.132880107
vn 0.884343445 -0.0275539346 0.260463089
vn 0.636231065 -0.136165425 0.702887893
vn 0.889277399 -0.271040589 0.454380631
vn 0.500492573 -0.0681845471 0.87158078
vn 0.590379059 -0.291511357 0.738750696
vn 0.802675128 0.0985891521 0.132880107
vn 0.917335629 -0.0924380794 -0.386595368
vn 0.884343445 -0.0275539346 0.260463089
vn 0.824009836 -0.168028384 0.544978082
vn 0.500492573 -0.0681845471 0.87158078
vn 0.889277399 -0.271040589 0.454380631
vn 0.448104382 0.0204321053 0.899325609
vn 0.500492573 -0.0681845471 0.87158078
vn 0.779075205 0.0166334286 0.598077238
vn 0.524494827 -0.368084908 -0.363882542
vn 0.793189228 0.126341462 -0.676309764
vn 0.802675128 0.0985891521 0.132880107
vn 0.464520127 0.019498568 0.902106762
vn 0.802675128 0.0985891521 0.132880107
vn 0.636231065 -0.136165425 0.702887893
vn 0.917335629 -0.0924380794 -0.386595368
vn 0.994450569 -0.0963904783 -0.215690672
vn 0.889277399 -0.271040589 0.454380631
vn 0.802675128 0.0985891521 0.132880107
vn 0.793189228 0.126341462 -0.676309764
vn 0.917335629 -0.0924380794 -0.386595368
vn 0.793189228 0.126341462 -0.676309764
vn 0.994450569 -0.0963904783 -0.215690672
vn 0.917335629 -0.0924380794 -0.386595368
vn 0.994450569 -0.0963904783 -0.215690672
vn 0.824009836 -0.168028384 0.544978082
vn 0.889277399 -0.271040589 0.454380631
vn 0.261832476 -0.311969966 0.832200408
vn 0.802675128 0.0985891521 0.132880107
vn 0.464520127 0.019498568 0.902106762
vn 0.779075205 0.0166334286 0.598077238
vn 0.500492573 -0.0681845471 0.87158078
vn 0.824009836 -0.168028384 0.544978082
vn 1.01918757 -0.0408629701 -0.0772283748
vn 0.824009836 -0.168028384 0.544978082
vn 0.994450569 -0.0963904783 -0.215690672
vn 1.01918757 -0.0408629701 -0.0772283748
vn 0.890538514 -0.0572086647 0.45129621
vn 0.824009836 -0.168028384 0.544978082
vn 0.890538514 -0.0572086647 0.45129621
vn 0.779075205 0.0166334286 0.598077238
vn 0.824009836 -0.168028384 0.544978082
vn 1.01918757 -0.0408629701 -0.0772283748
vn 0.779075205 0.0166334286 0.598077238
vn 0.890538514 -0.0572086647 0.45129621
vn 0.793189228 0.126341462 -0.676309764
vn 1.01918757 -0.0408629701 -0.0772283748
vn 0.994450569 -0.0963904783 -0.215690672
vn 0.99576658 0.060249608 -0.147972211
vn 1.01918757 -0.0408629701 -0.0772283748
vn 0.793189228 0.126341462 -0.676309764
vn 0.99576658 0.060249608 -0.147972211
vn 0.779075205 0.0166334286 0.598077238
vn 1.01918757 -0.0408629701 -0.0772283748
vn 0.636231065 -0.136165425 0.702887893
vn 0.370466948 -0.830702484 0.334609836
vn 0.925077736 -0.146668151 0.346074075
vn 0.464520127 0.019498568 0.902106762
vn 0.636231065 -0.136165425 0.702887893
vn 0.925077736 -0.146668151 0.346074075
vn 0.261832476 -0.311969966 0.832200408
vn 0.464520127 0.019498568 0.902106762
vn 0.713484049 0.0635126457 0.712444007
vn 0.925077736 -0.146668151 0.346074075
vn 0.370466948 -0.830702484 0.334609836
vn 0.873253644 -0.50500071 -0.0220083073
vn 0.813249528 0.135078818 0.565799415
vn 0.261832476 -0.311969966 0.832200408
vn 0.713484049 0.0635126457 0.712444007
vn 0.925077736 -0.146668151 0.346074075
vn 0.873253644 -0.50500071 -0.0220083073
vn 0.978587449 -0.16249986 -0.114377335
vn 0.713484049 0.0635126457 0.712444007
vn 0.464520127 0.019498568 0.902106762
vn 0.925077736 -0.146668151 0.346074075
vn 0.981289566 0.00645485148 0.147701323
vn 0.813249528 0.135078818 0.565799415
vn 0.925077736 -0.146668151 0.346074075
vn 0.813249528 0.135078818 0.565799415
vn 0.713484049 0.0635126457 0.712444007
vn 0.925077736 -0.146668151 0.346074075
vn 0.441239744 -0.267407656 0.839285195
vn 0.405225426 -0.163669184 0.888229072
vn 0.432455957 -0.412095755 0.780940771
vn 0.448104382 0.0204321053 0.899325609
vn 0.255673945 0.029846644 0.970307648
vn 0.405225426 -0.163669184 0.888229072
vn 0.441239744 -0.267407656 0.839285195
vn 0.432455957 -0.412095755 0.780940771
vn 0.495892644 -0.570750415 0.609555721
vn 0.300207764 0.0499947444 0.953127146
vn 0.255673945 0.029846644 0.970307648
vn 0.448104382 0.0204321053 0.899325609
vn 0.441239744 -0.267407656 0.839285195
vn 0.495892644 -0.570750415 0.609555721
vn 0.419357061 -0.751460791 0.509358883
vn 0.405225426 -0.163669184 0.888229072
vn 0.441239744 -0.267407656 0.839285195
vn 0.500492573 -0.0681845471 0.87158078
vn 0.448104382 0.0204321053 0.899325609
vn 0.405225426 -0.163669184 0.888229072
vn 0.500492573 -0.0681845471 0.87158078
vn 0.419357061 -0.751460791 0.509358883
vn 0.590379059 -0.291511357 0.738750696
vn 0.441239744 -0.267407656 0.839285195
vn 0.500492573 -0.0681845471 0.87158078
vn 0.441239744 -0.267407656 0.839285195
vn 0.590379059 -0.291511357 0.738750696
vn 0.717377603 0.207850084 0.705441356
vn 0.893647194 0.169418991 -0.415562302
vn 0.802675128 0.0985891521 0.132880107
vn 0.717377603 0.207850084 0.705441356
vn 0.58909446 -0.496008456 0.00561614241
vn 0.893647194 0.169418991 -0.415562302
vn 0.58909446 -0.496008456 0.00561614241
vn 0.524494827 -0.368084908 -0.363882542
vn 0.893647194 0.169418991 -0.415562302
vn 0.261832476 -0.311969966 0.832200408
vn 0.58909446 -0.496008456 0.00561614241
vn 0.717377603 0.207850084 0.705441356
vn 0.524494827 -0.368084908 -0.363882542
vn 0.58909446 -0.496008456 0.00561614241
vn 0.261832476 -0.311969966 0.832200408
vn 0.524494827 -0.368084908 -0.363882542
vn 0.261832476 -0.311969966 0.832200408
vn 0.751426637 -0.610235453 0.0607591532
vn 0.779075205 0.0166334286 0.598077238
vn 0.480151653 0.0265220013 0.881629229
vn 0.448104382 0.0204321053 0.899325609
vn 0.535510838 0.0464367755 0.861764312
vn 0.480151653 0.0265220013 0.881629229
vn 0.779075205 0.0166334286 0.598077238
vn 0.907085717 0.187652633 0.131834522
vn 0.947664201 0.0167462267 0.299581468
vn 0.72239548 0.0463081822 0.703523815
vn 0.907085717 0.187652633 0.131834522
vn 0.830635667 0.159312025 -0.536005378
vn 0.947664201 0.0167462267 0.299581468
vn 0.830635667 0.159312025 -0.536005378
vn 0.793189228 0.126341462 -0.676309764
vn 0.947664201 0.0167462267 0.299581468
vn 0.632941902 -0.0456639566 0.78500849
vn 0.947664201 0.0167462267 0.299581468
vn 0.524494827 -0.368084908 -0.363882542
vn 0.947664201 0.0167462267 0.299581468
vn 0.793189228 0.126341462 -0.676309764
vn 0.524494827 -0.368084908 -0.363882542
vn 0.911704004 0.053322535 0.394779474
vn 0.535510838 0.0464367755 0.861764312
vn 0.779075205 0.0166334286 0.598077238
vn 0.72239548 0.0463081822 0.703523815
vn 0.947664201 0.0167462267 0.299581468
vn 0.632941902 -0.0456639566 0.78500849
vn 0.793189228 0.126341462 -0.676309764
vn 0.830635667 0.159312025 -0.536005378
vn 0.936054826 0.10952694 -0.343622804
vn 0.948793828 0.0922186375 0.27116406
vn 0.535510838 0.0464367755 0.861764312
vn 0.911704004 0.053322535 0.394779474
vn 0.793189228 0.126341462 -0.676309764
vn 0.936054826 0.10952694 -0.343622804
vn 0.99576658 0.060249608 -0.147972211
vn 0.751426637 -0.610235453 0.0607591532
vn 0.632941902 -0.0456639566 0.78500849
vn 0.524494827 -0.368084908 -0.363882542
vn 0.99576658 0.060249608 -0.147972211
vn 0.911704004 0.053322535 0.394779474
vn 0.779075205 0.0166334286 0.598077238
vn 0.994002998 0.0891733691 0.00566789368
vn 0.72239548 0.0463081822 0.703523815
vn 0.632941902 -0.0456639566 0.78500849
vn 0.936054826 0.10952694 -0.343622804
vn 0.911704004 0.053322535 0.394779474
vn 0.99576658 0.060249608 -0.147972211
vn 0.948793828 0.0922186375 0.27116406
vn 0.911704004 0.053322535 0.394779474
vn 0.936054826 0.10952694 -0.343622804
vn 0.813249528 0.135078818 0.565799415
vn 0.960629702 0.0451448075 0.117799096
vn 0.261832476 -0.311969966 0.832200408
vn 0.960629702 0.0451448075 0.117799096
vn 0.751426637 -0.610235453 0.0607591532
vn 0.261832476 -0.311969966 0.832200408
vn 0.960629702 0.0451448075 0.117799096
vn 1.00270486 -0.0162174553 0.0619850047
vn 0.751426637 -0.610235453 0.0607591532
vn 0.632941902 -0.0456639566 0.78500849
vn 0.751426637 -0.610235453 0.0607591532
vn 1.00270486 -0.0162174553 0.0619850047
vn 0.994002998 0.0891733691 0.00566789368
vn 0.632941902 -0.0456639566 0.78500849
vn 1.00270486 -0.0162174553 0.0619850047
vn 0.967008233 0.0142678786 0.0414907038
vn 0.960629702 0.0451448075 0.117799096
vn 0.850357115 0.161696374 0.538551509
vn 0.994002998 0.0891733691 0.00566789368
vn 0.960629702 0.0451448075 0.117799096
vn 0.967008233 0.0142678786 0.0414907038
vn 0.850357115 0.161696374 0.538551509
vn 0.960629702 0.0451448075 0.117799096
vn 0.813249528 0.135078818 0.565799415
vn 0.960629702 0.0451448075 0.117799096
vn 0.994002998 0.0891733691 0.00566789368
vn 1.00270486 -0.0162174553 0.0619850047
vn 0.338543594 0.0127794826 0.936863601
vn 0.208999842 0.0110175516 0.981879115
vn 0.330986142 0.0250389203 0.942914605
vn 0.480151653 0.0265220013 0.881629229
vn 0.338543594 0.0127794826 0.936863601
vn 0.330986142 0.0250389203 0.942914605
vn 0.330986142 0.0250389203 0.942914605
vn 0.300207764 0.0499947444 0.953127146
vn 0.448104382 0.0204321053 0.899325609
vn 0.480151653 0.0265220013 0.881629229
vn 0.330986142 0.0250389203 0.942914605
vn 0.448104382 0.0204321053 0.899325609
vn 0.49175325 0.0411670133 -0.872608602
vn 0.605655253 0.195372462 -0.780570984
vn 0.306357265 0.348837346 -0.802555442
vn 0.572536111 0.13582328 -0.789333403
vn 0.775263369 0.277732253 -0.598286927
vn 0.605655253 0.195372462 -0.780570984
vn 0.605655253 0.195372462 -0.780570984
vn 0.775263369 0.277732253 -0.598286927
vn 0.306357265 0.348837346 -0.802555442
vn 0.572536111 0.13582328 -0.789333403
vn 0.430003434 0.241951764 -0.84473449
vn 0.775263369 0.277732253 -0.598286927
vn 0.775263369 0.277732253 -0.598286927
vn 0.370913357 0.406926662 -0.745562851
vn 0.306357265 0.348837346 -0.802555442
vn 0.430003434 0.241951764 -0.84473449
vn 0.370913357 0.406926662 -0.745562851
vn 0.775263369 0.277732253 -0.598286927
vn 0.430003434 0.241951764 -0.84473449
vn -0.0652820244 0.0177034754 -0.997709751
vn 0.370913357 0.406926662 -0.745562851
vn 0.370913357 0.406926662 -0.745562851
vn -0.0652820244 0.0177034754 -0.997709751
vn 0.465248436 -0.251238018 -0.78006196
vn 0.370913357 0.406926662 -0.745562851
vn 0.465248436 -0.251238018 -0.78006196
vn 0.388525099 0.780337334 -0.547076344
vn 0.572536111 0.13582328 -0.789333403
vn -0.0904720202 -0.000628734939 -0.995898843
vn 0.430003434 0.241951764 -0.84473449
vn 0.430003434 0.241951764 -0.84473449
vn -0.0725933537 0.00274261832 -0.997357845
vn -0.0652820244 0.0177034754 -0.997709751
vn 0.465248436 -0.251238018 -0.78006196
vn 0.784016252 -0.0320229195 -0.52436465
vn 0.388525099 0.780337334 -0.547076344
vn -0.0904720202 -0.000628734939 -0.995898843
vn -0.0725933537 0.00274261832 -0.997357845
vn 0.430003434 0.241951764 -0.84473449
vn -0.0652820244 0.0177034754 -0.997709751
vn 0.16668947 -0.25855571 -0.910439253
vn 0.465248436 -0.251238018 -0.78006196
vn 0.784016252 -0.0320229195 -0.52436465
vn 0.293998241 0.943643153 -0.23389779
vn 0.388525099 0.780337334 -0.547076344
vn 0.465248436 -0.251238018 -0.78006196
vn 0.616580665 -0.69300139 -0.373600751
vn 0.784016252 -0.0320229195 -0.52436465
vn 0.465248436 -0.251238018 -0.78006196
vn 0.16668947 -0.25855571 -0.910439253
vn 0.616580665 -0.69300139 -0.373600751
vn -0.0725933537 0.00274261832 -0.997357845
vn 0.16668947 -0.25855571 -0.910439253
vn -0.0652820244 0.0177034754 -0.997709751
vn -0.0904720202 -0.000628734939 -0.995898843
vn 0.359838545 0.288789332 -0.732984126
vn -0.0725933537 0.00274261832 -0.997357845
vn 0.784016252 -0.0320229195 -0.52436465
vn 0.904355824 0.410041243 0.0828065723
vn 0.293998241 0.943643153 -0.23389779
vn 0.648236454 -0.675028563 -0.352315068
vn 0.784016252 -0.0320229195 -0.52436465
vn 0.616580665 -0.69300139 -0.373600751
vn -0.0725933537 0.00274261832 -0.997357845
vn 0.359838545 0.288789332 -0.732984126
vn 0.16668947 -0.25855571 -0.910439253
vn 0.359838545 0.288789332 -0.732984126
vn 0.267063349 0.0485444851 -0.948772788
vn 0.16668947 -0.25855571 -0.910439253
vn 0.388525099 0.780337334 -0.547076344
vn 0.293998241 0.943643153 -0.23389779
vn 0.322739154 0.533850312 -0.707257748
vn 0.904355824 0.410041243 0.0828065723
vn 0.833068073 0.346272379 0.475475848
vn 0.293998241 0.943643153 -0.23389779
vn 0.477578282 -0.23239021 -0.819685817
vn 0.616580665 -0.69300139 -0.373600751
vn 0.16668947 -0.25855571 -0.910439253
vn 0.267063349 0.0485444851 -0.948772788
vn 0.477578282 -0.23239021 -0.819685817
vn 0.16668947 -0.25855571 -0.910439253
vn 0.876306117 -0.232814908 -0.369587719
vn 0.648236454 -0.675028563 -0.352315068
vn 0.616580665 -0.69300139 -0.373600751
vn 0.477578282 -0.23239021 -0.819685817
vn 0.876306117 -0.232814908 -0.369587719
vn 0.616580665 -0.69300139 -0.373600751
vn 0.477578282 -0.23239021 -0.819685817
vn 0.267063349 0.0485444851 -0.948772788
vn 0.876306117 -0.232814908 -0.369587719
vn 0.876306117 -0.232814908 -0.369587719
vn 0.843790412 0.325254977 -0.416953295
vn 0.984161377 0.0499316975 -0.263683021
vn 0.784016252 -0.0320229195 -0.52436465
vn 0.0255485494 -0.0408959314 -0.876366556
vn 0.904355824 0.410041243 0.0828065723
vn 0.0255485494 -0.0408959314 -0.876366556
vn 0.784016252 -0.0320229195 -0.52436465
vn 0.648236454 -0.675028563 -0.352315068
vn 0.904355824 0.410041243 0.0828065723
vn 0.0255485494 -0.0408959314 -0.876366556
vn 0.311146498 0.203722194 -0.8715325
vn 0.680261552 -0.640476763 -0.356417954
vn 0.0255485494 -0.0408959314 -0.876366556
vn 0.648236454 -0.675028563 -0.352315068
vn 0.738250256 -0.212271556 -0.386975348
vn 0.680261552 -0.640476763 -0.356417954
vn 0.648236454 -0.675028563 -0.352315068
vn 0.108527869 -0.365535855 -0.924448669
vn -0.54525733 0.156507552 -0.823528826
vn 0.0255485494 -0.0408959314 -0.876366556
vn 0.680261552 -0.640476763 -0.356417954
vn 0.108527869 -0.365535855 -0.924448669
vn 0.0255485494 -0.0408959314 -0.876366556
vn 0.876306117 -0.232814908 -0.369587719
vn 0.738250256 -0.212271556 -0.386975348
vn 0.648236454 -0.675028563 -0.352315068
vn 0.738250256 -0.212271556 -0.386975348
vn 0.108527869 -0.365535855 -0.924448669
vn 0.680261552 -0.640476763 -0.356417954
vn 1.03025472 0.0896804854 0.171638608
vn 0.0223526396 0.210647702 -0.86988622
vn 0.738250256 -0.212271556 -0.386975348
vn 0.995710433 0.0494172983 0.219541669
vn 0.944987655 -0.441408277 0.220836431
vn 1.03025472 0.0896804854 0.171638608
vn 1.03025472 0.0896804854 0.171638608
vn 0.189953044 -0.303395092 -0.830924034
vn 0.0223526396 0.210647702 -0.86988622
vn 0.826184988 0.396805227 -0.303331554
vn 0.781548798 0.319567978 -0.443970323
vn 0.966741562 0.157876 -0.492621124
vn 0.653866231 0.287586987 -0.720279098
vn -0.0049013542 0.11537464 -0.968046665
vn 0.781548798 0.319567978 -0.443970323
vn 0.787822902 0.152032107 -0.590906084
vn 0.331486791 0.457418948 -0.70019877
vn 0.740213156 0.140742496 -0.682466626
vn 0.740213156 0.140742496 -0.682466626
vn 0.331486791 0.457418948 -0.70019877
vn 0.287662536 0.176398844 -0.890669823
vn 0.787822902 0.152032107 -0.590906084
vn 0.966741562 0.157876 -0.492621124
vn 0.331486791 0.457418948 -0.70019877
vn 0.966741562 0.157876 -0.492621124
vn 0.781548798 0.319567978 -0.443970323
vn 0.331486791 0.457418948 -0.70019877
vn 0.740213156 0.140742496 -0.682466626
vn 0.287662536 0.176398844 -0.890669823
vn 0.572536111 0.13582328 -0.789333403
vn 0.287662536 0.176398844 -0.890669823
vn -0.116792955 0.00402114261 -0.993537664
vn 0.572536111 0.13582328 -0.789333403
vn -0.35199666 0.105233543 -0.996394575
vn -0.116792955 0.00402114261 -0.993537664
vn 0.287662536 0.176398844 -0.890669823
vn 0.331486791 0.457418948 -0.70019877
vn -0.545568287 0.318220258 -0.775300622
vn 0.287662536 0.176398844 -0.890669823
vn 0.781548798 0.319567978 -0.443970323
vn -0.545568287 0.318220258 -0.775300622
vn 0.331486791 0.457418948 -0.70019877
vn 0.781548798 0.319567978 -0.443970323
vn -0.0049013542 0.11537464 -0.968046665
vn -0.545568287 0.318220258 -0.775300622
vn -0.116792955 0.00402114261 -0.993537664
vn -0.0904720202 -0.000628734939 -0.995898843
vn 0.572536111 0.13582328 -0.789333403
vn -0.628475785 0.357584417 -0.690761566
vn -0.545568287 0.318220258 -0.775300622
vn -0.0049013542 0.11537464 -0.968046665
vn -0.35199666 0.105233543 -0.996394575
vn 0.287662536 0.176398844 -0.890669823
vn -0.545568287 0.318220258 -0.775300622
vn -0.628475785 0.357584417 -0.690761566
vn 0.174624503 0.537001312 -0.719363153
vn -0.545568287 0.318220258 -0.775300622
vn 0.174624503 0.537001312 -0.719363153
vn -0.35199666 0.105233543 -0.996394575
vn -0.545568287 0.318220258 -0.775300622
vn 0.174624503 0.537001312 -0.719363153
vn 0.301523507 0.457644582 -0.833107471
vn -0.35199666 0.105233543 -0.996394575
vn -0.35199666 0.105233543 -0.996394575
vn 0.359838545 0.288789332 -0.732984126
vn -0.116792955 0.00402114261 -0.993537664
vn 0.301523507 0.457644582 -0.833107471
vn 0.359838545 0.288789332 -0.732984126
vn -0.35199666 0.105233543 -0.996394575
vn 0.657598436 0.673675358 -0.389919162
vn 0.359838545 0.288789332 -0.732984126
vn 0.174624503 0.537001312 -0.719363153
vn 0.657598436 0.673675358 -0.389919162
vn 0.141657934 0.274003804 -0.896456361
vn 0.359838545 0.288789332 -0.732984126
vn 0.301523507 0.457644582 -0.833107471
vn 0.174624503 0.537001312 -0.719363153
vn 0.359838545 0.288789332 -0.732984126
vn 0.359838545 0.288789332 -0.732984126
vn 0.141657934 0.274003804 -0.896456361
vn 0.618410647 0.255165279 -0.733624756
vn -0.116792955 0.00402114261 -0.993537664
vn 0.359838545 0.288789332 -0.732984126
vn -0.0904720202 -0.000628734939 -0.995898843
vn 0.267063349 0.0485444851 -0.948772788
vn 0.359838545 0.288789332 -0.732984126
vn 0.8238855 0.3604756 -0.440160006
vn 0.618410647 0.255165279 -0.733624756
vn 0.843790412 0.325254977 -0.416953295
vn 0.8238855 0.3604756 -0.440160006
vn 0.618410647 0.255165279 -0.733624756
vn 0.8238855 0.3604756 -0.440160006
vn 0.359838545 0.288789332 -0.732984126
vn 0.8238855 0.3604756 -0.440160006
vn 0.876306117 -0.232814908 -0.369587719
vn 0.267063349 0.0485444851 -0.948772788
vn 0.618410647 0.255165279 -0.733624756
vn 0.930000663 0.315585822 -0.21111998
vn 0.843790412 0.325254977 -0.416953295
vn 0.8238855 0.3604756 -0.440160006
vn 0.843790412 0.325254977 -0.416953295
vn 0.876306117 -0.232814908 -0.369587719
vn 0.843790412 0.325254977 -0.416953295
vn 0.930000663 0.315585822 -0.21111998
vn 0.984161377 0.0499316975 -0.263683021
vn 0.618410647 0.255165279 -0.733624756
vn 0.882611632 -0.0416596495 -0.13905476
vn 0.930000663 0.315585822 -0.21111998
vn 0.944987655 -0.441408277 0.220836431
vn 0.189953044 -0.303395092 -0.830924034
vn 1.03025472 0.0896804854 0.171638608
vn 0.618410647 0.255165279 -0.733624756
vn 0.593651831 -0.103170402 -0.826267362
vn 0.882611632 -0.0416596495 -0.13905476
vn 0.199619383 0.253806412 -0.978310287
vn -0.0049013542 0.11537464 -0.968046665
vn 0.653866231 0.287586987 -0.720279098
vn 0.439886272 0.98764801 0.0891021118
vn 0.628815591 0.47594893 0.61710161
vn 0.764458954 0.420752406 -0.423208117
vn 0.199619383 0.253806412 -0.978310287
vn 0.764458954 0.420752406 -0.423208117
vn -0.0049013542 0.11537464 -0.968046665
vn 0.628815591 0.47594893 0.61710161
vn 0.490362495 0.219523445 0.802262545
vn 0.592981219 0.563957334 -0.0256471224
vn 0.764458954 0.420752406 -0.423208117
vn 0.628815591 0.47594893 0.61710161
vn 0.592981219 0.563957334 -0.0256471224
vn 0.764458954 0.420752406 -0.423208117
vn 0.592981219 0.563957334 -0.0256471224
vn -0.0049013542 0.11537464 -0.968046665
vn -0.0049013542 0.11537464 -0.968046665
vn 0.657598436 0.673675358 -0.389919162
vn -0.628475785 0.357584417 -0.690761566
vn 0.592981219 0.563957334 -0.0256471224
vn 0.657598436 0.673675358 -0.389919162
vn -0.0049013542 0.11537464 -0.968046665
vn -0.285894632 0.840388179 -0.46044755
vn 0.657598436 0.673675358 -0.389919162
vn 0.592981219 0.563957334 -0.0256471224
vn -0.628475785 0.357584417 -0.690761566
vn 0.657598436 0.673675358 -0.389919162
vn 0.174624503 0.537001312 -0.719363153
vn -0.473842651 0.040889807 -0.908504665
vn 0.371067494 0.0226593483 -0.935560167
vn 0.141657934 0.274003804 -0.896456361
vn -0.625288785 0.167441696 -0.741827011
vn -0.036411915 0.254785269 -0.969575763
vn -0.473842651 0.040889807 -0.908504665
vn 0.371067494 0.0226593483 -0.935560167
vn 0.618410647 0.255165279 -0.733624756
vn 0.141657934 0.274003804 -0.896456361
vn -0.036411915 0.254785269 -0.969575763
vn 0.371067494 0.0226593483 -0.935560167
vn -0.473842651 0.040889807 -0.908504665
vn 0.292363137 0.293694407 -0.906333387
vn 0.371067494 0.0226593483 -0.935560167
vn -0.036411915 0.254785269 -0.969575763
vn 0.490362495 0.219523445 0.802262545
vn 0.854507506 0.211060271 0.413216591
vn 0.433122963 0.785163105 0.0481508076
vn 0.854507506 0.211060271 0.413216591
vn 0.973394632 0.23378706 -0.193657681
vn 0.433122963 0.785163105 0.0481508076
vn 0.973394632 0.23378706 -0.193657681
vn -0.301024258 0.507057488 -0.372556925
vn -0.265211403 0.487987578 -0.597090185
vn 0.973394632 0.23378706 -0.193657681
vn 0.937241256 0.231688708 -0.26057452
vn -0.301024258 0.507057488 -0.372556925
vn -0.301024258 0.507057488 -0.372556925
vn 0.937241256 0.231688708 -0.26057452
vn -0.0909525827 0.682905495 0.201102108
vn 0.937241256 0.231688708 -0.26057452
vn 1.03720677 0.0864503607 -0.256557196
vn -0.0909525827 0.682905495 0.201102108
vn 0.817004979 0.486521333 0.187201455
vn 0.490362495 0.219523445 0.802262545
vn 0.628815591 0.47594893 0.61710161
vn 0.948753119 0.247159272 -0.196925849
vn 0.872933328 0.30633232 -0.299417228
vn 1.03720677 0.0864503607 -0.256557196
vn 0.433122963 0.785163105 0.0481508076
vn -0.265211403 0.487987578 -0.597090185
vn -0.866781414 0.350637913 -0.386688113
vn 0.490362495 0.219523445 0.802262545
vn 0.433122963 0.785163105 0.0481508076
vn -0.526929617 0.747697115 0.222403139
vn -0.866781414 0.350637913 -0.386688113
vn -0.526929617 0.747697115 0.222403139
vn 0.433122963 0.785163105 0.0481508076
vn 0.433122963 0.785163105 0.0481508076
vn 0.973394632 0.23378706 -0.193657681
vn -0.265211403 0.487987578 -0.597090185
vn -0.301024258 0.507057488 -0.372556925
vn -0.915019333 0.177998051 -0.309234113
vn -0.265211403 0.487987578 -0.597090185
vn 0.872933328 0.30633232 -0.299417228
vn -0.235927314 0.730713785 0.280945182
vn -0.0909525827 0.682905495 0.201102108
vn 1.03720677 0.0864503607 -0.256557196
vn 0.872933328 0.30633232 -0.299417228
vn -0.0909525827 0.682905495 0.201102108
vn 0.592981219 0.563957334 -0.0256471224
vn 0.490362495 0.219523445 0.802262545
vn 0.148726806 0.684649467 0.46718654
vn 0.490362495 0.219523445 0.802262545
vn -0.526929617 0.747697115 0.222403139
vn 0.148726806 0.684649467 0.46718654
vn -0.235927314 0.730713785 0.280945182
vn -1.03259778 -0.0506395921 0.421606392
vn -0.0909525827 0.682905495 0.201102108
vn 0.872933328 0.30633232 -0.299417228
vn -0.668254495 0.452882349 -0.0336173847
vn -0.235927314 0.730713785 0.280945182
vn -0.467381686 0.364362657 -0.858170927
vn -0.668254495 0.452882349 -0.0336173847
vn 0.872933328 0.30633232 -0.299417228
vn -0.977916539 0.0708503127 0.132711336
vn -0.301024258 0.507057488 -0.372556925
vn -0.0909525827 0.682905495 0.201102108
vn 0.528254867 0.509585321 -0.521018267
vn -0.467381686 0.364362657 -0.858170927
vn 0.872933328 0.30633232 -0.299417228
vn -1.03259778 -0.0506395921 0.421606392
vn -0.977916539 0.0708503127 0.132711336
vn -0.0909525827 0.682905495 0.201102108
vn -0.915019333 0.177998051 -0.309234113
vn -0.301024258 0.507057488 -0.372556925
vn -0.977916539 0.0708503127 0.132711336
vn -0.977916539 0.0708503127 0.132711336
vn -0.959047675 0.109822534 -0.206094995
vn -0.915019333 0.177998051 -0.309234113
vn -0.964718223 0.042769704 -0.265456587
vn -0.959047675 0.109822534 -0.206094995
vn -0.970054567 -0.218551174 0.145183995
vn -0.970054567 -0.218551174 0.145183995
vn -0.959047675 0.109822534 -0.206094995
vn -0.977916539 0.0708503127 0.132711336
vn -0.970054567 -0.218551174 0.145183995
vn -0.977916539 0.0708503127 0.132711336
vn -0.950645328 -0.0621524639 0.306435049
vn -0.285894632 0.840388179 -0.46044755
vn 0.592981219 0.563957334 -0.0256471224
vn 0.148726806 0.684649467 0.46718654
vn -0.526929617 0.747697115 0.222403139
vn -0.285894632 0.840388179 -0.46044755
vn 0.148726806 0.684649467 0.46718654
vn -0.866781414 0.350637913 -0.386688113
vn -0.285894632 0.840388179 -0.46044755
vn -0.526929617 0.747697115 0.222403139
vn -0.915019333 0.177998051 -0.309234113
vn -0.866781414 0.350637913 -0.386688113
vn -0.265211403 0.487987578 -0.597090185
vn -1.03259778 -0.0506395921 0.421606392
vn -0.235927314 0.730713785 0.280945182
vn -0.668254495 0.452882349 -0.0336173847
vn -0.915019333 0.177998051 -0.309234113
vn -0.625288785 0.167441696 -0.741827011
vn -0.866781414 0.350637913 -0.386688113
vn -0.71777904 0.192454338 0.675338447
vn -1.03259778 -0.0506395921 0.421606392
vn -0.554022431 0.0780585706 0.828834116
vn -0.959047675 0.109822534 -0.206094995
vn -0.82092768 0.15277569 -0.57427752
vn -0.915019333 0.177998051 -0.309234113
vn -0.950645328 -0.0621524639 0.306435049
vn -0.977916539 0.0708503127 0.132711336
vn -1.03259778 -0.0506395921 0.421606392
vn -0.71777904 0.192454338 0.675338447
vn -0.950645328 -0.0621524639 0.306435049
vn -1.03259778 -0.0506395921 0.421606392
vn -0.531414866 0.0972955227 0.849119902
vn -0.71777904 0.192454338 0.675338447
vn -0.554022431 0.0780585706 0.828834116
vn -0.964718223 0.042769704 -0.265456587
vn -0.82092768 0.15277569 -0.57427752
vn -0.959047675 0.109822534 -0.206094995
vn -0.467381686 0.364362657 -0.858170927
vn 0.393223435 0.314059466 -0.805433691
vn 0.110029556 0.659555614 0.277746469
vn -0.467381686 0.364362657 -0.858170927
vn 0.110029556 0.659555614 0.277746469
vn -0.668254495 0.452882349 -0.0336173847
vn -0.554022431 0.0780585706 0.828834116
vn -1.03259778 -0.0506395921 0.421606392
vn -0.668254495 0.452882349 -0.0336173847
vn -0.554022431 0.0780585706 0.828834116
vn -0.668254495 0.452882349 -0.0336173847
vn 0.110029556 0.659555614 0.277746469
vn -0.82092768 0.15277569 -0.57427752
vn -0.625288785 0.167441696 -0.741827011
vn -0.915019333 0.177998051 -0.309234113
vn -0.285894632 0.840388179 -0.46044755
vn -0.498770535 0.406994641 -0.652694643
vn 0.657598436 0.673675358 -0.389919162
vn -0.625288785 0.167441696 -0.741827011
vn -0.498770535 0.406994641 -0.652694643
vn -0.866781414 0.350637913 -0.386688113
vn -0.82092768 0.15277569 -0.57427752
vn -0.571959555 0.249763131 -0.762707293
vn -0.625288785 0.167441696 -0.741827011
vn 0.657598436 0.673675358 -0.389919162
vn -0.498770535 0.406994641 -0.652694643
vn 0.141657934 0.274003804 -0.896456361
vn -0.498770535 0.406994641 -0.652694643
vn -0.473842651 0.040889807 -0.908504665
vn 0.141657934 0.274003804 -0.896456361
vn -0.625288785 0.167441696 -0.741827011
vn -0.473842651 0.040889807 -0.908504665
vn -0.498770535 0.406994641 -0.652694643
vn -0.625288785 0.167441696 -0.741827011
vn -0.571959555 0.249763131 -0.762707293
vn -0.036411915 0.254785269 -0.969575763
vn 0.292363137 0.293694407 -0.906333387
vn 0.545809209 0.152484596 -0.806684077
vn 0.371067494 0.0226593483 -0.935560167
vn 0.774108171 0.210587204 -0.600206494
vn 0.802302897 0.141353726 -0.559174359
vn 0.545809209 0.152484596 -0.806684077
vn -0.950645328 -0.0621524639 0.306435049
vn -0.921474516 -0.0163918659 0.398220867
vn -0.970054567 -0.218551174 0.145183995
vn -0.921474516 -0.0163918659 0.398220867
vn -0.964718223 0.042769704 -0.265456587
vn -0.970054567 -0.218551174 0.145183995
vn -0.972678781 0.136880666 0.068585299
vn -0.964718223 0.042769704 -0.265456587
vn -0.921474516 -0.0163918659 0.398220867
vn -0.972678781 0.136880666 0.068585299
vn -0.82092768 0.15277569 -0.57427752
vn -0.964718223 0.042769704 -0.265456587
vn -0.736915171 0.185366824 0.629026294
vn -0.972678781 0.136880666 0.068585299
vn -0.921474516 -0.0163918659 0.398220867
vn -0.71777904 0.192454338 0.675338447
vn -0.921474516 -0.0163918659 0.398220867
vn -0.950645328 -0.0621524639 0.306435049
vn -0.736915171 0.185366824 0.629026294
vn -0.921474516 -0.0163918659 0.398220867
vn -0.608473897 0.0946822166 0.786809087
vn -0.972678781 0.136880666 0.068585299
vn -0.794495344 0.287627548 -0.536076725
vn -0.82092768 0.15277569 -0.57427752
vn -0.865907907 0.543702126 -0.0549733452
vn -0.794495344 0.287627548 -0.536076725
vn -0.972678781 0.136880666 0.068585299
vn -0.865907907 0.543702126 -0.0549733452
vn -0.972678781 0.136880666 0.068585299
vn -0.736915171 0.185366824 0.629026294
vn -0.608473897 0.0946822166 0.786809087
vn -0.921474516 -0.0163918659 0.398220867
vn -0.71777904 0.192454338 0.675338447
vn -0.600478888 0.185481429 0.784170866
vn -0.736915171 0.185366824 0.629026294
vn -0.608473897 0.0946822166 0.786809087
vn -0.600478888 0.185481429 0.784170866
vn -0.865907907 0.543702126 -0.0549733452
vn -0.736915171 0.185366824 0.629026294
vn -0.608473897 0.0946822166 0.786809087
vn -0.71777904 0.192454338 0.675338447
vn -0.531414866 0.0972955227 0.849119902
vn -0.600478888 0.185481429 0.784170866
vn -0.411379814 0.635163546 0.672605515
vn -0.865907907 0.543702126 -0.0549733452
vn -0.865907907 0.543702126 -0.0549733452
vn -0.278294832 0.975245059 0.106386364
vn -0.794495344 0.287627548 -0.536076725
vn -0.278294832 0.975245059 0.106386364
vn -0.865907907 0.543702126 -0.0549733452
vn -0.411379814 0.635163546 0.672605515
vn -0.82092768 0.15277569 -0.57427752
vn -0.794495344 0.287627548 -0.536076725
vn -0.571959555 0.249763131 -0.762707293
vn -0.600478888 0.185481429 0.784170866
vn -0.608473897 0.0946822166 0.786809087
vn -0.261230886 0.148985833 0.947793007
vn -0.794495344 0.287627548 -0.536076725
vn -0.5336954 0.412509054 -0.732936203
vn -0.571959555 0.249763131 -0.762707293
vn -0.115439802 0.443784863 0.937564254
vn -0.600478888 0.185481429 0.784170866
vn -0.179900318 0.137436926 1.00175226
vn -0.600478888 0.185481429 0.784170866
vn -0.115439802 0.443784863 0.937564254
vn -0.411379814 0.635163546 0.672605515
vn -0.278294832 0.975245059 0.106386364
vn -0.115639411 0.943989098 -0.284683019
vn -0.794495344 0.287627548 -0.536076725
vn -0.261230886 0.148985833 0.947793007
vn -0.179900318 0.137436926 1.00175226
vn -0.600478888 0.185481429 0.784170866
vn -0.571959555 0.249763131 -0.762707293
vn 0.142778978 0.505147934 -0.826568782
vn -0.036411915 0.254785269 -0.969575763
vn -0.5336954 0.412509054 -0.732936203
vn 0.142778978 0.505147934 -0.826568782
vn -0.571959555 0.249763131 -0.762707293
vn -0.411379814 0.635163546 0.672605515
vn -0.115439802 0.443784863 0.937564254
vn 0.185361221 0.90318507 0.493209183
vn -0.794495344 0.287627548 -0.536076725
vn -0.115639411 0.943989098 -0.284683019
vn -0.5336954 0.412509054 -0.732936203
vn -0.115639411 0.943989098 -0.284683019
vn 0.142778978 0.505147934 -0.826568782
vn -0.5336954 0.412509054 -0.732936203
vn -0.411379814 0.635163546 0.672605515
vn 0.185361221 0.90318507 0.493209183
vn -0.278294832 0.975245059 0.106386364
vn -0.115639411 0.943989098 -0.284683019
vn 0.407588571 0.484192401 -0.757509768
vn 0.142778978 0.505147934 -0.826568782
vn -0.278294832 0.975245059 0.106386364
vn 0.229616269 0.97274226 0.0323848464
vn -0.115639411 0.943989098 -0.284683019
vn -0.036411915 0.254785269 -0.969575763
vn 0.142778978 0.505147934 -0.826568782
vn 0.292363137 0.293694407 -0.906333387
vn -0.115639411 0.943989098 -0.284683019
vn 0.843992829 0.403405607 0.107732855
vn 0.407588571 0.484192401 -0.757509768
vn 0.185361221 0.90318507 0.493209183
vn 0.229616269 0.97274226 0.0323848464
vn -0.278294832 0.975245059 0.106386364
vn 0.142778978 0.505147934 -0.826568782
vn 0.407588571 0.484192401 -0.757509768
vn 0.292363137 0.293694407 -0.906333387
vn -0.115639411 0.943989098 -0.284683019
vn 0.229616269 0.97274226 0.0323848464
vn 0.843992829 0.403405607 0.107732855
vn -0.115439802 0.443784863 0.937564254
vn -0.179900318 0.137436926 1.00175226
vn 0.624172866 0.336257339 0.70572716
vn 0.624172866 0.336257339 0.70572716
vn 0.185361221 0.90318507 0.493209183
vn -0.115439802 0.443784863 0.937564254
vn 0.793242574 0.432097465 0.371363968
vn 0.185361221 0.90318507 0.493209183
vn 0.624172866 0.336257339 0.70572716
vn 0.407588571 0.484192401 -0.757509768
vn 0.545809209 0.152484596 -0.806684077
vn 0.292363137 0.293694407 -0.906333387
vn 0.793242574 0.432097465 0.371363968
vn 0.624172866 0.336257339 0.70572716
vn 0.738639355 0.229036286 0.581478238
vn 0.229616269 0.97274226 0.0323848464
vn 0.793242574 0.432097465 0.371363968
vn 0.843992829 0.403405607 0.107732855
vn 0.185361221 0.90318507 0.493209183
vn 0.793242574 0.432097465 0.371363968
vn 0.229616269 0.97274226 0.0323848464
vn 0.793242574 0.432097465 0.371363968
vn 0.738639355 0.229036286 0.581478238
vn 0.843992829 0.403405607 0.107732855
vn 0.407588571 0.484192401 -0.757509768
vn 0.843992829 0.403405607 0.107732855
vn 0.694394767 0.370882571 -0.571117103
vn 0.546529949 0.332354844 0.773427188
vn 0.998824894 0.0294469539 0.232816339
vn 0.738639355 0.229036286 0.581478238
vn 0.694394767 0.370882571 -0.571117103
vn 0.774108171 0.210587204 -0.600206494
vn 0.545809209 0.152484596 -0.806684077
vn 0.407588571 0.484192401 -0.757509768
vn 0.694394767 0.370882571 -0.571117103
vn 0.545809209 0.152484596 -0.806684077
vn 0.984161377 0.0499316975 -0.263683021
vn 0.995710433 0.0494172983 0.219541669
vn 0.876306117 -0.232814908 -0.369587719
vn -0.54525733 0.156507552 -0.823528826
vn -0.499719322 0.174025625 -0.84805578
vn -0.594181895 -0.0434892662 -0.822547793
vn -0.499719322 0.174025625 -0.84805578
vn 0.103375278 0.224333137 -0.924915314
vn -0.443449825 0.0964307413 -0.88969475
vn 0.103375278 0.224333137 -0.924915314
vn 0.0807839856 0.255821377 -0.957395256
vn -0.443449825 0.0964307413 -0.88969475
vn 0.0807839856 0.255821377 -0.957395256
vn 0.103375278 0.224333137 -0.924915314
vn 0.815443337 0.127518788 -0.583102882
vn 0.815443337 0.127518788 -0.583102882
vn 0.103375278 0.224333137 -0.924915314
vn 0.793526351 0.176061958 -0.56248486
vn 0.738250256 -0.212271556 -0.386975348
vn 0.0223526396 0.210647702 -0.86988622
vn -0.54525733 0.156507552 -0.823528826
vn 0.738250256 -0.212271556 -0.386975348
vn -0.54525733 0.156507552 -0.823528826
vn 0.108527869 -0.365535855 -0.924448669
vn 0.995710433 0.0494172983 0.219541669
vn 0.738250256 -0.212271556 -0.386975348
vn 0.876306117 -0.232814908 -0.369587719
vn 0.995710433 0.0494172983 0.219541669
vn 1.03025472 0.0896804854 0.171638608
vn 0.738250256 -0.212271556 -0.386975348
vn 0.189953044 -0.303395092 -0.830924034
vn -0.375673622 -0.0334599726 -0.86045748
vn 0.0223526396 0.210647702 -0.86988622
vn -0.54525733 0.156507552 -0.823528826
vn -0.594181895 -0.0434892662 -0.822547793
vn 0.0255485494 -0.0408959314 -0.876366556
vn 0.0223526396 0.210647702 -0.86988622
vn -0.499719322 0.174025625 -0.84805578
vn -0.54525733 0.156507552 -0.823528826
vn -0.375673622 -0.0334599726 -0.86045748
vn -0.499719322 0.174025625 -0.84805578
vn 0.0223526396 0.210647702 -0.86988622
vn -0.375673622 -0.0334599726 -0.86045748
vn -0.203744203 0.190077931 -0.939223051
vn -0.499719322 0.174025625 -0.84805578
vn -0.203744203 0.190077931 -0.939223051
vn 0.103375278 0.224333137 -0.924915314
vn -0.499719322 0.174025625 -0.84805578
vn 0.103375278 0.224333137 -0.924915314
vn -0.203744203 0.190077931 -0.939223051
vn 0.156172261 0.200898334 -0.993601084
vn 0.156172261 0.200898334 -0.993601084
vn 0.578293622 0.0879961103 -0.845277667
vn 0.103375278 0.224333137 -0.924915314
vn 0.578293622 0.0879961103 -0.845277667
vn 0.810765564 0.122220539 -0.551368415
vn 0.103375278 0.224333137 -0.924915314
vn 0.793526351 0.176061958 -0.56248486
vn 0.103375278 0.224333137 -0.924915314
vn 0.810765564 0.122220539 -0.551368415
vn 0.156172261 0.200898334 -0.993601084
vn 0.76487422 0.0925291255 -0.64008379
vn 0.578293622 0.0879961103 -0.845277667
vn 0.76487422 0.0925291255 -0.64008379
vn 0.810765564 0.122220539 -0.551368415
vn 0.578293622 0.0879961103 -0.845277667
vn 0.828649998 0.125433639 -0.520109594
vn 0.810765564 0.122220539 -0.551368415
vn 0.76487422 0.0925291255 -0.64008379
vn 0.828649998 0.125433639 -0.520109594
vn 0.968628466 0.0763875321 -0.234672397
vn 0.810765564 0.122220539 -0.551368415
vn 0.815443337 0.127518788 -0.583102882
vn 0.961000443 0.0858433172 -0.253105462
vn 0.948268056 0.0219077952 -0.36110267
vn 0.904376924 -0.0334807038 0.372790068
vn 0.967008233 0.0142678786 0.0414907038
vn 0.807392061 -0.117805041 0.561327696
vn 0.793526351 0.176061958 -0.56248486
vn 0.961000443 0.0858433172 -0.253105462
vn 0.815443337 0.127518788 -0.583102882
vn 0.968628466 0.0763875321 -0.234672397
vn 0.961000443 0.0858433172 -0.253105462
vn 0.793526351 0.176061958 -0.56248486
vn 0.948762417 -0.0979388952 0.29155001
vn 0.668607235 0.0602265932 0.713723361
vn 0.904376924 -0.0334807038 0.372790068
vn 0.968628466 0.0763875321 -0.234672397
vn 0.793526351 0.176061958 -0.56248486
vn 0.810765564 0.122220539 -0.551368415
vn 0.904376924 -0.0334807038 0.372790068
vn 0.807392061 -0.117805041 0.561327696
vn 0.958700061 0.000654775184 0.151982695
vn 0.961000443 0.0858433172 -0.253105462
vn 0.904376924 -0.0334807038 0.372790068
vn 0.958700061 0.000654775184 0.151982695
vn 0.968628466 0.0763875321 -0.234672397
vn 0.904376924 -0.0334807038 0.372790068
vn 0.961000443 0.0858433172 -0.253105462
vn 0.904376924 -0.0334807038 0.372790068
vn 0.968628466 0.0763875321 -0.234672397
vn 0.948762417 -0.0979388952 0.29155001
vn 0.968628466 0.0763875321 -0.234672397
vn 0.971085012 0.0816845074 -0.134556919
vn 0.948762417 -0.0979388952 0.29155001
vn 0.882489502 0.0467030108 0.398373544
vn 0.781201482 -0.104856253 0.612826347
vn 0.948762417 -0.0979388952 0.29155001
vn 0.971085012 0.0816845074 -0.134556919
vn 0.882489502 0.0467030108 0.398373544
vn 0.948762417 -0.0979388952 0.29155001
vn 0.882489502 0.0467030108 0.398373544
vn 0.394187599 0.0807729661 0.913539588
vn 0.781201482 -0.104856253 0.612826347
vn 0.930000663 0.315585822 -0.21111998
vn 0.882611632 -0.0416596495 -0.13905476
vn 0.984161377 0.0499316975 -0.263683021
vn 0.984161377 0.0499316975 -0.263683021
vn 0.882611632 -0.0416596495 -0.13905476
vn 0.995710433 0.0494172983 0.219541669
vn 0.882611632 -0.0416596495 -0.13905476
vn 0.944987655 -0.441408277 0.220836431
vn 0.995710433 0.0494172983 0.219541669
vn 0.944987655 -0.441408277 0.220836431
vn 0.882611632 -0.0416596495 -0.13905476
vn 0.573066831 -0.653739274 -0.523182154
vn 0.371067494 0.0226593483 -0.935560167
vn 0.593651831 -0.103170402 -0.826267362
vn 0.618410647 0.255165279 -0.733624756
vn -0.375673622 -0.0334599726 -0.86045748
vn 0.189953044 -0.303395092 -0.830924034
vn 0.944987655 -0.441408277 0.220836431
vn 0.573066831 -0.653739274 -0.523182154
vn -0.375673622 -0.0334599726 -0.86045748
vn 0.944987655 -0.441408277 0.220836431
vn 0.593651831 -0.103170402 -0.826267362
vn 0.573066831 -0.653739274 -0.523182154
vn 0.882611632 -0.0416596495 -0.13905476
vn 0.371067494 0.0226593483 -0.935560167
vn 0.737818897 0.106877148 -0.641030788
vn 0.593651831 -0.103170402 -0.826267362
vn 0.573066831 -0.653739274 -0.523182154
vn 0.593651831 -0.103170402 -0.826267362
vn -0.375673622 -0.0334599726 -0.86045748
vn 0.794966578 0.35888353 -0.547964573
vn 0.310450077 0.76979208 -0.273858786
vn 0.277424544 0.555217028 0.412952721
vn 0.066236183 0.62607646 0.753859878
vn 0.277424544 0.555217028 0.412952721
vn 0.310450077 0.76979208 -0.273858786
vn 0.066236183 0.62607646 0.753859878
vn -0.0293397028 0.885776639 0.265135407
vn 0.277424544 0.555217028 0.412952721
vn 0.593651831 -0.103170402 -0.826267362
vn 0.250041097 0.305720955 -0.747156382
vn -0.375673622 -0.0334599726 -0.86045748
vn 0.737818897 0.106877148 -0.641030788
vn 0.250041097 0.305720955 -0.747156382
vn 0.593651831 -0.103170402 -0.826267362
vn 0.250041097 0.305720955 -0.747156382
vn -0.203744203 0.190077931 -0.939223051
vn -0.375673622 -0.0334599726 -0.86045748
vn 0.737818897 0.106877148 -0.641030788
vn 0.749418139 0.61906153 -0.0191646032
vn 0.250041097 0.305720955 -0.747156382
vn 0.749418139 0.61906153 -0.0191646032
vn 0.317046493 0.829658031 -0.532429993
vn 0.250041097 0.305720955 -0.747156382
vn 0.250041097 0.305720955 -0.747156382
vn 0.0265789665 0.30022952 -0.945505559
vn -0.203744203 0.190077931 -0.939223051
vn 0.749418139 0.61906153 -0.0191646032
vn 0.274989188 0.952008247 -0.032088533
vn 0.317046493 0.829658031 -0.532429993
vn 0.159708157 0.904551446 0.43686223
vn 0.066236183 0.62607646 0.753859878
vn 0.596580327 0.613687873 0.576195121
vn 0.0265789665 0.30022952 -0.945505559
vn 0.250041097 0.305720955 -0.747156382
vn 0.486290008 0.406273425 -0.795094967
vn 0.250041097 0.305720955 -0.747156382
vn 0.698691905 0.388203174 -0.588828385
vn 0.486290008 0.406273425 -0.795094967
vn 0.317046493 0.829658031 -0.532429993
vn 0.698691905 0.388203174 -0.588828385
vn 0.250041097 0.305720955 -0.747156382
vn 0.0265789665 0.30022952 -0.945505559
vn 0.828649998 0.125433639 -0.520109594
vn -0.203744203 0.190077931 -0.939223051
vn 0.828649998 0.125433639 -0.520109594
vn 0.156172261 0.200898334 -0.993601084
vn -0.203744203 0.190077931 -0.939223051
vn 0.0265789665 0.30022952 -0.945505559
vn 0.486290008 0.406273425 -0.795094967
vn 0.828649998 0.125433639 -0.520109594
vn 0.274989188 0.952008247 -0.032088533
vn 0.852216423 0.413827747 -0.308309108
vn 0.317046493 0.829658031 -0.532429993
vn 0.486290008 0.406273425 -0.795094967
vn 0.698691905 0.388203174 -0.588828385
vn 0.828649998 0.125433639 -0.520109594
vn 0.274989188 0.952008247 -0.032088533
vn 0.596580327 0.613687873 0.576195121
vn 0.878617167 0.438068718 0.227458298
vn 0.156172261 0.200898334 -0.993601084
vn 0.828649998 0.125433639 -0.520109594
vn 0.76487422 0.0925291255 -0.64008379
vn 0.596580327 0.613687873 0.576195121
vn 0.428119481 0.218315646 0.89747417
vn 0.878617167 0.438068718 0.227458298
vn 0.852216423 0.413827747 -0.308309108
vn 0.698691905 0.388203174 -0.588828385
vn 0.317046493 0.829658031 -0.532429993
vn 0.274989188 0.952008247 -0.032088533
vn 0.878617167 0.438068718 0.227458298
vn 0.852216423 0.413827747 -0.308309108
vn 0.852216423 0.413827747 -0.308309108
vn 0.971085012 0.0816845074 -0.134556919
vn 0.828649998 0.125433639 -0.520109594
vn 0.957554042 0.296960384 0.198729962
vn 0.428119481 0.218315646 0.89747417
vn 0.394187599 0.0807729661 0.913539588
vn 0.698691905 0.388203174 -0.588828385
vn 0.852216423 0.413827747 -0.308309108
vn 0.828649998 0.125433639 -0.520109594
vn 0.878617167 0.438068718 0.227458298
vn 0.428119481 0.218315646 0.89747417
vn 0.957554042 0.296960384 0.198729962
vn 0.828649998 0.125433639 -0.520109594
vn 0.971085012 0.0816845074 -0.134556919
vn 0.968628466 0.0763875321 -0.234672397
vn 0.852216423 0.413827747 -0.308309108
vn 0.878617167 0.438068718 0.227458298
vn 0.957554042 0.296960384 0.198729962
vn 0.971085012 0.0816845074 -0.134556919
vn 0.957554042 0.296960384 0.198729962
vn 0.882489502 0.0467030108 0.398373544
vn 0.394187599 0.0807729661 0.913539588
vn 0.882489502 0.0467030108 0.398373544
vn 0.957554042 0.296960384 0.198729962
vn 0.852216423 0.413827747 -0.308309108
vn 0.957554042 0.296960384 0.198729962
vn 0.971085012 0.0816845074 -0.134556919
vn 0.908026397 0.414181352 0.140814185
vn 0.824870408 0.33458665 0.115746386
vn 0.728802502 0.647830784 0.0407605693
vn 0.871648848 0.255487084 -0.396261007
vn 0.778917849 0.367760271 -0.42030552
vn 0.545809209 0.152484596 -0.806684077
vn 0.990254402 -0.0533718243 -0.0414959453
vn 0.824870408 0.33458665 0.115746386
vn 0.908026397 0.414181352 0.140814185
vn 0.802302897 0.141353726 -0.559174359
vn 0.871648848 0.255487084 -0.396261007
vn 0.545809209 0.152484596 -0.806684077
vn 0.802302897 0.141353726 -0.559174359
vn 0.990254402 -0.0533718243 -0.0414959453
vn 0.871648848 0.255487084 -0.396261007
vn 0.738639355 0.229036286 0.581478238
vn 0.998824894 0.0294469539 0.232816339
vn 0.966340184 0.106091343 0.192742556
vn 0.843992829 0.403405607 0.107732855
vn 0.738639355 0.229036286 0.581478238
vn 0.966340184 0.106091343 0.192742556
vn 0.89784658 0.0568747371 0.322300881
vn 0.761552989 0.394547522 0.398178667
vn 0.856056988 0.419055581 -0.227653176
vn 0.545809209 0.152484596 -0.806684077
vn 0.778917849 0.367760271 -0.42030552
vn 0.737818897 0.106877148 -0.641030788
vn 0.778917849 0.367760271 -0.42030552
vn 0.990254402 -0.0533718243 -0.0414959453
vn 0.908026397 0.414181352 0.140814185
vn 0.871648848 0.255487084 -0.396261007
vn 0.990254402 -0.0533718243 -0.0414959453
vn 0.778917849 0.367760271 -0.42030552
vn 0.990254402 -0.0533718243 -0.0414959453
vn 0.998824894 0.0294469539 0.232816339
vn 0.824870408 0.33458665 0.115746386
vn 0.998824894 0.0294469539 0.232816339
vn 0.990254402 -0.0533718243 -0.0414959453
vn 0.966340184 0.106091343 0.192742556
vn 0.802302897 0.141353726 -0.559174359
vn 1.01159728 0.0687923208 -0.0459519699
vn 0.990254402 -0.0533718243 -0.0414959453
vn 1.01159728 0.0687923208 -0.0459519699
vn 0.966340184 0.106091343 0.192742556
vn 0.990254402 -0.0533718243 -0.0414959453
vn 0.89784658 0.0568747371 0.322300881
vn 0.794966578 0.35888353 -0.547964573
vn 0.277424544 0.555217028 0.412952721
vn 0.824870408 0.33458665 0.115746386
vn 0.761552989 0.394547522 0.398178667
vn 0.860520959 0.197853312 0.493944794
vn 0.908026397 0.414181352 0.140814185
vn 0.728802502 0.647830784 0.0407605693
vn 0.778917849 0.367760271 -0.42030552
vn 0.545809209 0.152484596 -0.806684077
vn 0.737818897 0.106877148 -0.641030788
vn 0.371067494 0.0226593483 -0.935560167
vn 0.860520959 0.197853312 0.493944794
vn 0.761552989 0.394547522 0.398178667
vn 0.89784658 0.0568747371 0.322300881
vn 0.778917849 0.367760271 -0.42030552
vn 0.80330348 0.266541421 -0.551538169
vn 0.737818897 0.106877148 -0.641030788
vn 0.728802502 0.647830784 0.0407605693
vn 0.80330348 0.266541421 -0.551538169
vn 0.778917849 0.367760271 -0.42030552
vn -0.0293397028 0.885776639 0.265135407
vn 0.89784658 0.0568747371 0.322300881
vn 0.277424544 0.555217028 0.412952721
vn 0.860520959 0.197853312 0.493944794
vn -0.0293397028 0.885776639 0.265135407
vn 0.749418139 0.61906153 -0.0191646032
vn -0.0293397028 0.885776639 0.265135407
vn 0.860520959 0.197853312 0.493944794
vn 0.89784658 0.0568747371 0.322300881
vn 0.934114695 0.293308794 0.144535825
vn 0.860520959 0.197853312 0.493944794
vn 0.749418139 0.61906153 -0.0191646032
vn 0.824870408 0.33458665 0.115746386
vn 0.934114695 0.293308794 0.144535825
vn 0.728802502 0.647830784 0.0407605693
vn 0.824870408 0.33458665 0.115746386
vn 0.860520959 0.197853312 0.493944794
vn 0.934114695 0.293308794 0.144535825
vn 0.066236183 0.62607646 0.753859878
vn 0.159708157 0.904551446 0.43686223
vn -0.0293397028 0.885776639 0.265135407
vn 0.934114695 0.293308794 0.144535825
vn 0.749418139 0.61906153 -0.0191646032
vn 0.728802502 0.647830784 0.0407605693
vn 0.737818897 0.106877148 -0.641030788
vn 0.80330348 0.266541421 -0.551538169
vn 0.728802502 0.647830784 0.0407605693
vn 0.728802502 0.647830784 0.0407605693
vn 0.749418139 0.61906153 -0.0191646032
vn 0.737818897 0.106877148 -0.641030788
vn 0.274989188 0.952008247 -0.032088533
vn 0.749418139 0.61906153 -0.0191646032
vn -0.0293397028 0.885776639 0.265135407
vn -0.0293397028 0.885776639 0.265135407
vn 0.159708157 0.904551446 0.43686223
vn 0.274989188 0.952008247 -0.032088533
vn 0.159708157 0.904551446 0.43686223
vn 0.596580327 0.613687873 0.576195121
vn 0.274989188 0.952008247 -0.032088533
vn 0.774108171 0.210587204 -0.600206494
vn 1.01159728 0.0687923208 -0.0459519699
vn 0.802302897 0.141353726 -0.559174359
vn 0.694394767 0.370882571 -0.571117103
vn 1.01159728 0.0687923208 -0.0459519699
vn 0.774108171 0.210587204 -0.600206494
vn 0.694394767 0.370882571 -0.571117103
vn 0.843992829 0.403405607 0.107732855
vn 1.01159728 0.0687923208 -0.0459519699
vn 1.01159728 0.0687923208 -0.0459519699
vn 0.843992829 0.403405607 0.107732855
vn 0.966340184 0.106091343 0.192742556
vn 0.948268056 0.0219077952 -0.36110267
vn 0.958700061 0.000654775184 0.151982695
vn 0.956554711 0.00306450529 0.22455743
vn 0.958700061 0.000654775184 0.151982695
vn 0.807392061 -0.117805041 0.561327696
vn 0.956554711 0.00306450529 0.22455743
vn 0.961000443 0.0858433172 -0.253105462
vn 0.958700061 0.000654775184 0.151982695
vn 0.948268056 0.0219077952 -0.36110267
vn 0.41956538 0.430423081 0.785787284
vn 0.747726798 0.0629974604 0.702586949
vn 0.15661329 0.171400979 0.957179606
vn -0.00229124352 0.416808188 0.885812223
vn 0.41956538 0.430423081 0.785787284
vn 0.15661329 0.171400979 0.957179606
vn 0.655792713 0.440591872 0.498165011
vn 0.747726798 0.0629974604 0.702586949
vn 0.41956538 0.430423081 0.785787284
vn 0.41956538 0.430423081 0.785787284
vn -0.00229124352 0.416808188 0.885812223
vn 0.655792713 0.440591872 0.498165011
vn 0.872503221 0.120794512 0.481797516
vn 0.772695601 0.110833295 0.631201804
vn 0.655792713 0.440591872 0.498165011
vn 0.4761343 0.29794389 0.776473761
vn -0.00229124352 0.416808188 0.885812223
vn 0.264536887 0.216186985 0.954932868
vn -0.00229124352 0.416808188 0.885812223
vn 0.4761343 0.29794389 0.776473761
vn 0.655792713 0.440591872 0.498165011
vn 0.872503221 0.120794512 0.481797516
vn 0.655792713 0.440591872 0.498165011
vn 0.749452889 0.412075341 0.384095311
vn 0.233598784 0.234081209 0.877622187
vn 0.886143267 0.147992879 0.491371751
vn 0.749452889 0.412075341 0.384095311
vn 0.886143267 0.147992879 0.491371751
vn 0.872503221 0.120794512 0.481797516
vn 0.749452889 0.412075341 0.384095311
vn 0.749452889 0.412075341 0.384095311
vn 0.603347242 0.841061711 0.20844695
vn 0.233598784 0.234081209 0.877622187
vn 0.655792713 0.440591872 0.498165011
vn 0.603347242 0.841061711 0.20844695
vn 0.749452889 0.412075341 0.384095311
vn 0.4761343 0.29794389 0.776473761
vn 0.603347242 0.841061711 0.20844695
vn 0.655792713 0.440591872 0.498165011
vn 0.603347242 0.841061711 0.20844695
vn 0.4761343 0.29794389 0.776473761
vn 0.77874887 0.115129501 0.640444875
vn 0.233598784 0.234081209 0.877622187
vn 0.603347242 0.841061711 0.20844695
vn -0.623769104 0.75410676 0.469904929
vn -0.623769104 0.75410676 0.469904929
vn -0.114159539 0.187771335 0.846820951
vn 0.233598784 0.234081209 0.877622187
vn 0.603347242 0.841061711 0.20844695
vn 0.77874887 0.115129501 0.640444875
vn 0.437683821 0.168518826 0.786589861
vn -0.365510881 -0.000202625495 0.982053518
vn -0.623769104 0.75410676 0.469904929
vn 0.437683821 0.168518826 0.786589861
vn 0.603347242 0.841061711 0.20844695
vn 0.437683821 0.168518826 0.786589861
vn -0.623769104 0.75410676 0.469904929
vn -0.538802743 0.181148008 0.831581712
vn -0.623769104 0.75410676 0.469904929
vn -0.365510881 -0.000202625495 0.982053518
vn 0.437683821 0.168518826 0.786589861
vn 0.77874887 0.115129501 0.640444875
vn 0.725228548 0.132596016 0.656088889
vn 0.0518476442 0.0138511723 1.00514197
vn 0.437683821 0.168518826 0.786589861
vn 0.562240839 0.0860736966 0.779584169
vn -0.365510881 -0.000202625495 0.982053518
vn 0.437683821 0.168518826 0.786589861
vn 0.0518476442 0.0138511723 1.00514197
vn 0.0518476442 0.0138511723 1.00514197
vn 0.562240839 0.0860736966 0.779584169
vn 0.208999842 0.0110175516 0.981879115
vn 0.0518476442 0.0138511723 1.00514197
vn 0.339145213 0.0705351606 0.962990105
vn -0.365510881 -0.000202625495 0.982053518
vn 0.338543594 0.0127794826 0.936863601
vn 0.0518476442 0.0138511723 1.00514197
vn 0.208999842 0.0110175516 0.981879115
vn 0.338543594 0.0127794826 0.936863601
vn 0.339145213 0.0705351606 0.962990105
vn 0.0518476442 0.0138511723 1.00514197
vn 0.787268043 0.0197697952 0.700964212
vn 0.858397245 0.0426651239 0.59368217
vn 0.282001287 0.14019528 0.932251036
vn 0.282001287 0.14019528 0.932251036
vn -0.321625322 0.198998839 0.891049147
vn -0.044247508 0.260128677 0.871503949
vn 0.282001287 0.14019528 0.932251036
vn 0.00339042768 0.263663918 0.893652737
vn -0.321625322 0.198998839 0.891049147
vn 0.471713334 0.241648361 0.843742132
vn 0.534670949 0.115618862 0.878456414
vn 0.00339042768 0.263663918 0.893652737
vn 0.00339042768 0.263663918 0.893652737
vn 0.417196572 0.462060004 0.786689579
vn 0.471713334 0.241648361 0.843742132
vn 0.747726798 0.0629974604 0.702586949
vn 0.655792713 0.440591872 0.498165011
vn 0.772695601 0.110833295 0.631201804
vn 0.555179417 0.227982298 0.788782358
vn 0.772695601 0.110833295 0.631201804
vn 0.872503221 0.120794512 0.481797516
vn 0.872503221 0.120794512 0.481797516
vn 0.653854251 0.122035719 0.74331367
vn 0.555179417 0.227982298 0.788782358
vn 0.935091317 0.11749129 0.471400768
vn 0.872503221 0.120794512 0.481797516
vn 0.886143267 0.147992879 0.491371751
vn 0.886829972 0.0799525157 0.465497643
vn 0.872503221 0.120794512 0.481797516
vn 0.935091317 0.11749129 0.471400768
vn 0.886829972 0.0799525157 0.465497643
vn 0.935091317 0.11749129 0.471400768
vn 0.282001287 0.14019528 0.932251036
vn 0.858397245 0.0426651239 0.59368217
vn 0.886829972 0.0799525157 0.465497643
vn 0.282001287 0.14019528 0.932251036
vn -0.114159539 0.187771335 0.846820951
vn 0.886143267 0.147992879 0.491371751
vn 0.233598784 0.234081209 0.877622187
vn -0.114159539 0.187771335 0.846820951
vn 0.935091317 0.11749129 0.471400768
vn 0.886143267 0.147992879 0.491371751
vn 0.935091317 0.11749129 0.471400768
vn -0.114159539 0.187771335 0.846820951
vn 0.282001287 0.14019528 0.932251036
vn -0.538802743 0.181148008 0.831581712
vn 0.282001287 0.14019528 0.932251036
vn -0.114159539 0.187771335 0.846820951
vn -0.538802743 0.181148008 0.831581712
vn -0.114159539 0.187771335 0.846820951
vn -0.623769104 0.75410676 0.469904929
vn 0.00339042768 0.263663918 0.893652737
vn 0.282001287 0.14019528 0.932251036
vn -0.538802743 0.181148008 0.831581712
vn 0.354933739 0.31507054 0.884162247
vn -0.538802743 0.181148008 0.831581712
vn -0.365510881 -0.000202625495 0.982053518
vn 0.00339042768 0.263663918 0.893652737
vn -0.538802743 0.181148008 0.831581712
vn 0.417196572 0.462060004 0.786689579
vn 0.00339042768 0.263663918 0.893652737
vn 0.534670949 0.115618862 0.878456414
vn -0.321625322 0.198998839 0.891049147
vn 0.339145213 0.0705351606 0.962990105
vn 0.354933739 0.31507054 0.884162247
vn -0.365510881 -0.000202625495 0.982053518
vn 0.417196572 0.462060004 0.786689579
vn -0.538802743 0.181148008 0.831581712
vn 0.354933739 0.31507054 0.884162247
vn 0.430154502 0.378701359 0.820371866
vn 0.354933739 0.31507054 0.884162247
vn 0.339145213 0.0705351606 0.962990105
vn 0.430154502 0.378701359 0.820371866
vn 0.417196572 0.462060004 0.786689579
vn 0.354933739 0.31507054 0.884162247
vn 0.869906008 0.371847153 0.346939713
vn 0.286856323 0.832876384 -0.156896725
vn 0.151446566 0.315540731 -0.741566658
vn -0.242161497 0.447738737 -0.802957237
vn 0.151446566 0.315540731 -0.741566658
vn 0.286856323 0.832876384 -0.156896725
vn 0.948753119 0.247159272 -0.196925849
vn 0.960213423 0.272566497 -0.0608076826
vn 0.528254867 0.509585321 -0.521018267
vn 0.960213423 0.272566497 -0.0608076826
vn 0.869906008 0.371847153 0.346939713
vn 0.151446566 0.315540731 -0.741566658
vn 0.528254867 0.509585321 -0.521018267
vn 0.960213423 0.272566497 -0.0608076826
vn 0.151446566 0.315540731 -0.741566658
vn 0.151446566 0.315540731 -0.741566658
vn 0.393223435 0.314059466 -0.805433691
vn 0.528254867 0.509585321 -0.521018267
vn 0.393223435 0.314059466 -0.805433691
vn -0.467381686 0.364362657 -0.858170927
vn 0.528254867 0.509585321 -0.521018267
vn 0.753907382 0.137350649 0.651492238
vn 0.858397245 0.0426651239 0.59368217
vn 0.787268043 0.0197697952 0.700964212
vn 0.151446566 0.315540731 -0.741566658
vn -0.242161497 0.447738737 -0.802957237
vn 0.393223435 0.314059466 -0.805433691
vn 0.753907382 0.137350649 0.651492238
vn 0.787268043 0.0197697952 0.700964212
vn 0.619441569 0.0901153982 0.858114302
vn 0.393223435 0.314059466 -0.805433691
vn 0.420478195 0.593618929 -0.703935862
vn 0.110029556 0.659555614 0.277746469
vn -0.044247508 0.260128677 0.871503949
vn 0.619441569 0.0901153982 0.858114302
vn 0.787268043 0.0197697952 0.700964212
vn 0.393223435 0.314059466 -0.805433691
vn 0.961226642 0.107810155 -0.542271912
vn 0.420478195 0.593618929 -0.703935862
vn -0.044247508 0.260128677 0.871503949
vn 0.787268043 0.0197697952 0.700964212
vn 0.282001287 0.14019528 0.932251036
vn 0.420478195 0.593618929 -0.703935862
vn 0.112886176 0.802006364 -0.603887498
vn 0.110029556 0.659555614 0.277746469
vn -0.411959469 0.519021451 0.466418773
vn -0.554022431 0.0780585706 0.828834116
vn 0.110029556 0.659555614 0.277746469
vn -0.554022431 0.0780585706 0.828834116
vn -0.411959469 0.519021451 0.466418773
vn -0.531414866 0.0972955227 0.849119902
vn 0.112886176 0.802006364 -0.603887498
vn -0.411959469 0.519021451 0.466418773
vn 0.110029556 0.659555614 0.277746469
vn 0.420478195 0.593618929 -0.703935862
vn 0.961226642 0.107810155 -0.542271912
vn 0.570579827 0.742809057 -0.337866932
vn 0.619441569 0.0901153982 0.858114302
vn 0.499608308 0.539194345 0.6020751
vn 0.802263021 0.230670854 0.516249239
vn 0.499608308 0.539194345 0.6020751
vn 0.619441569 0.0901153982 0.858114302
vn -0.044247508 0.260128677 0.871503949
vn 0.393223435 0.314059466 -0.805433691
vn 0.733495235 0.633829653 -0.0119188651
vn 0.961226642 0.107810155 -0.542271912
vn 0.570579827 0.742809057 -0.337866932
vn 0.112886176 0.802006364 -0.603887498
vn 0.420478195 0.593618929 -0.703935862
vn 0.570579827 0.742809057 -0.337866932
vn 0.0736648217 0.996984065 -0.0244149975
vn 0.112886176 0.802006364 -0.603887498
vn 0.864590108 0.478407085 0.170602351
vn 0.619441569 0.0901153982 0.858114302
vn 0.802263021 0.230670854 0.516249239
vn 0.961226642 0.107810155 -0.542271912
vn 0.733495235 0.633829653 -0.0119188651
vn 0.864590108 0.478407085 0.170602351
vn 0.499608308 0.539194345 0.6020751
vn -0.044247508 0.260128677 0.871503949
vn 0.381074637 0.78484112 0.489176363
vn 0.802263021 0.230670854 0.516249239
vn 0.499608308 0.539194345 0.6020751
vn 0.551771045 0.740297854 0.128420278
vn 0.551771045 0.740297854 0.128420278
vn 0.0736648217 0.996984065 -0.0244149975
vn 0.570579827 0.742809057 -0.337866932
vn 0.570579827 0.742809057 -0.337866932
vn 0.961226642 0.107810155 -0.542271912
vn 0.551771045 0.740297854 0.128420278
vn 0.864590108 0.478407085 0.170602351
vn 0.802263021 0.230670854 0.516249239
vn 0.551771045 0.740297854 0.128420278
vn 0.961226642 0.107810155 -0.542271912
vn 0.864590108 0.478407085 0.170602351
vn 0.551771045 0.740297854 0.128420278
vn -0.531414866 0.0972955227 0.849119902
vn -0.411959469 0.519021451 0.466418773
vn -0.187887445 0.19618918 0.981420457
vn -0.126783505 0.509322047 0.842814445
vn -0.044247508 0.260128677 0.871503949
vn -0.321625322 0.198998839 0.891049147
vn -0.126783505 0.509322047 0.842814445
vn 0.381074637 0.78484112 0.489176363
vn -0.044247508 0.260128677 0.871503949
vn 0.499608308 0.539194345 0.6020751
vn 0.261072874 0.937633812 0.237692356
vn 0.551771045 0.740297854 0.128420278
vn 0.381074637 0.78484112 0.489176363
vn 0.261072874 0.937633812 0.237692356
vn 0.499608308 0.539194345 0.6020751
vn 0.0736648217 0.996984065 -0.0244149975
vn 0.594944954 0.698949993 -0.371453077
vn 0.112886176 0.802006364 -0.603887498
vn 0.551771045 0.740297854 0.128420278
vn 0.383048594 0.901925385 0.212867886
vn 0.0736648217 0.996984065 -0.0244149975
vn 0.534670949 0.115618862 0.878456414
vn -0.126783505 0.509322047 0.842814445
vn -0.321625322 0.198998839 0.891049147
vn 0.594944954 0.698949993 -0.371453077
vn 0.71361047 0.20756264 -0.25076732
vn 0.112886176 0.802006364 -0.603887498
vn 0.112886176 0.802006364 -0.603887498
vn 0.71361047 0.20756264 -0.25076732
vn -0.411959469 0.519021451 0.466418773
vn 0.71361047 0.20756264 -0.25076732
vn -0.187887445 0.19618918 0.981420457
vn -0.411959469 0.519021451 0.466418773
vn 0.383048594 0.901925385 0.212867886
vn 0.594944954 0.698949993 -0.371453077
vn 0.0736648217 0.996984065 -0.0244149975
vn 0.381074637 0.78484112 0.489176363
vn -0.126783505 0.509322047 0.842814445
vn 0.534670949 0.115618862 0.878456414
vn 0.261072874 0.937633812 0.237692356
vn 0.383048594 0.901925385 0.212867886
vn 0.551771045 0.740297854 0.128420278
vn 0.196215034 0.0895391703 0.981072128
vn 0.71361047 0.20756264 -0.25076732
vn 0.244166076 0.61882323 0.311075389
vn 0.196215034 0.0895391703 0.981072128
vn -0.187887445 0.19618918 0.981420457
vn 0.71361047 0.20756264 -0.25076732
vn 0.594944954 0.698949993 -0.371453077
vn 0.882748842 0.226753309 -0.309320539
vn 0.71361047 0.20756264 -0.25076732
vn 0.196215034 0.0895391703 0.981072128
vn 0.546529949 0.332354844 0.773427188
vn -0.187887445 0.19618918 0.981420457
vn 0.546529949 0.332354844 0.773427188
vn 0.196215034 0.0895391703 0.981072128
vn 0.761627257 0.23328869 0.591262639
vn 0.244166076 0.61882323 0.311075389
vn 0.0534068495 0.808110058 0.543741584
vn 0.469532669 0.537418306 0.701708853
vn 0.381074637 0.78484112 0.489176363
vn 0.534670949 0.115618862 0.878456414
vn 0.630128086 0.380097747 0.643739641
vn 0.761627257 0.23328869 0.591262639
vn 0.196215034 0.0895391703 0.981072128
vn 0.244166076 0.61882323 0.311075389
vn 0.761627257 0.23328869 0.591262639
vn 0.244166076 0.61882323 0.311075389
vn 0.469532669 0.537418306 0.701708853
vn 0.761627257 0.23328869 0.591262639
vn 0.469532669 0.537418306 0.701708853
vn 0.902630568 0.26670596 0.367066592
vn 0.594944954 0.698949993 -0.371453077
vn 0.383048594 0.901925385 0.212867886
vn 0.882748842 0.226753309 -0.309320539
vn 0.383048594 0.901925385 0.212867886
vn 0.261072874 0.937633812 0.237692356
vn 0.882748842 0.226753309 -0.309320539
vn 0.824870408 0.33458665 0.115746386
vn 0.998824894 0.0294469539 0.232816339
vn 0.761627257 0.23328869 0.591262639
vn 0.546529949 0.332354844 0.773427188
vn 0.761627257 0.23328869 0.591262639
vn 0.998824894 0.0294469539 0.232816339
vn 0.858397245 0.0426651239 0.59368217
vn 0.653854251 0.122035719 0.74331367
vn 0.886829972 0.0799525157 0.465497643
vn 0.753907382 0.137350649 0.651492238
vn 0.653854251 0.122035719 0.74331367
vn 0.858397245 0.0426651239 0.59368217
vn 0.414067 0.498562187 0.763272882
vn 0.653854251 0.122035719 0.74331367
vn 0.753907382 0.137350649 0.651492238
vn 0.886829972 0.0799525157 0.465497643
vn 0.653854251 0.122035719 0.74331367
vn 0.872503221 0.120794512 0.481797516
vn 0.960213423 0.272566497 -0.0608076826
vn 0.948753119 0.247159272 -0.196925849
vn 0.846853077 0.504114389 0.106535703
vn -0.229375571 0.921532154 -0.313313454
vn 0.0137231182 0.959381878 -0.247338608
vn -0.584079206 0.597822249 -0.625920355
vn 0.035350956 0.967928171 0.248727635
vn 0.409082085 0.843662083 0.245279387
vn -0.331522584 0.922801495 -0.113617972
vn 0.51535517 0.596262455 0.547686696
vn 0.409082085 0.843662083 0.245279387
vn 0.035350956 0.967928171 0.248727635
vn -0.584079206 0.597822249 -0.625920355
vn 0.302304655 0.80563879 -0.511670589
vn -0.242161497 0.447738737 -0.802957237
vn -0.584079206 0.597822249 -0.625920355
vn 0.0137231182 0.959381878 -0.247338608
vn 0.302304655 0.80563879 -0.511670589
vn -0.331522584 0.922801495 -0.113617972
vn 0.409082085 0.843662083 0.245279387
vn 0.289521605 0.943479717 -0.206394553
vn -0.331522584 0.922801495 -0.113617972
vn 0.289521605 0.943479717 -0.206394553
vn 0.0137231182 0.959381878 -0.247338608
vn 0.0137231182 0.959381878 -0.247338608
vn 0.289521605 0.943479717 -0.206394553
vn 0.302304655 0.80563879 -0.511670589
vn 0.302304655 0.80563879 -0.511670589
vn 0.393223435 0.314059466 -0.805433691
vn -0.242161497 0.447738737 -0.802957237
vn 0.51535517 0.596262455 0.547686696
vn 0.753907382 0.137350649 0.651492238
vn 0.619441569 0.0901153982 0.858114302
vn 0.409082085 0.843662083 0.245279387
vn 0.535835445 0.776200891 0.332253873
vn 0.289521605 0.943479717 -0.206394553
vn 0.535835445 0.776200891 0.332253873
vn 0.409082085 0.843662083 0.245279387
vn 0.51535517 0.596262455 0.547686696
vn 0.289521605 0.943479717 -0.206394553
vn 0.733495235 0.633829653 -0.0119188651
vn 0.302304655 0.80563879 -0.511670589
vn 0.535835445 0.776200891 0.332253873
vn 0.51535517 0.596262455 0.547686696
vn 0.733495235 0.633829653 -0.0119188651
vn 0.302304655 0.80563879 -0.511670589
vn 0.733495235 0.633829653 -0.0119188651
vn 0.393223435 0.314059466 -0.805433691
vn 0.733495235 0.633829653 -0.0119188651
vn 0.51535517 0.596262455 0.547686696
vn 0.619441569 0.0901153982 0.858114302
vn 0.289521605 0.943479717 -0.206394553
vn 0.535835445 0.776200891 0.332253873
vn 0.733495235 0.633829653 -0.0119188651
vn -0.261230886 0.148985833 0.947793007
vn -0.608473897 0.0946822166 0.786809087
vn -0.531414866 0.0972955227 0.849119902
vn 0.733495235 0.633829653 -0.0119188651
vn 0.619441569 0.0901153982 0.858114302
vn 0.864590108 0.478407085 0.170602351
vn -0.261230886 0.148985833 0.947793007
vn -0.531414866 0.0972955227 0.849119902
vn -0.187887445 0.19618918 0.981420457
vn 0.546529949 0.332354844 0.773427188
vn -0.261230886 0.148985833 0.947793007
vn -0.187887445 0.19618918 0.981420457
vn -0.179900318 0.137436926 1.00175226
vn -0.261230886 0.148985833 0.947793007
vn 0.546529949 0.332354844 0.773427188
vn 0.624172866 0.336257339 0.70572716
vn -0.179900318 0.137436926 1.00175226
vn 0.738639355 0.229036286 0.581478238
vn 0.738639355 0.229036286 0.581478238
vn -0.179900318 0.137436926 1.00175226
vn 0.546529949 0.332354844 0.773427188
vn 0.51535517 0.596262455 0.547686696
vn 0.414067 0.498562187 0.763272882
vn 0.753907382 0.137350649 0.651492238
vn 0.951598883 0.170651779 0.0416468494
vn 0.830635667 0.159312025 -0.536005378
vn 0.898512483 0.310942411 -0.0856350958
vn 0.898512483 0.310942411 -0.0856350958
vn 0.830635667 0.159312025 -0.536005378
vn 0.907085717 0.187652633 0.131834522
vn 1.00914431 0.00836999901 0.0922406688
vn 0.898512483 0.310942411 -0.0856350958
vn 0.742634058 0.282740682 0.628244162
vn 0.951598883 0.170651779 0.0416468494
vn 0.797389925 0.148298711 -0.627149999
vn 0.830635667 0.159312025 -0.536005378
vn 0.969777048 0.0694772974 0.238816291
vn 0.951598883 0.170651779 0.0416468494
vn 0.898512483 0.310942411 -0.0856350958
vn 0.535510838 0.0464367755 0.861764312
vn 0.561752617 0.12462569 0.797748566
vn 0.480151653 0.0265220013 0.881629229
vn 0.948793828 0.0922186375 0.27116406
vn 0.561752617 0.12462569 0.797748566
vn 0.535510838 0.0464367755 0.861764312
vn 0.771992207 0.366110057 0.51384145
vn 0.898512483 0.310942411 -0.0856350958
vn 0.907085717 0.187652633 0.131834522
vn 0.742634058 0.282740682 0.628244162
vn 0.898512483 0.310942411 -0.0856350958
vn 0.915318549 0.422899485 0.120370917
vn 0.797389925 0.148298711 -0.627149999
vn 0.960425019 0.229405284 0.183129713
vn 0.830635667 0.159312025 -0.536005378
vn 0.836452305 0.0819151327 0.539600074
vn 1.00914431 0.00836999901 0.0922406688
vn 0.742634058 0.282740682 0.628244162
vn 0.527835608 0.106845364 0.752270281
vn 0.836452305 0.0819151327 0.539600074
vn 0.742634058 0.282740682 0.628244162
vn 1.00914431 0.00836999901 0.0922406688
vn 0.969777048 0.0694772974 0.238816291
vn 0.898512483 0.310942411 -0.0856350958
vn 0.874382317 0.379548848 0.234200493
vn 0.561752617 0.12462569 0.797748566
vn 0.960425019 0.229405284 0.183129713
vn 0.771992207 0.366110057 0.51384145
vn 0.907085717 0.187652633 0.131834522
vn 0.72239548 0.0463081822 0.703523815
vn 0.936054826 0.10952694 -0.343622804
vn 0.830635667 0.159312025 -0.536005378
vn 0.960425019 0.229405284 0.183129713
vn 0.915318549 0.422899485 0.120370917
vn 0.898512483 0.310942411 -0.0856350958
vn 0.771992207 0.366110057 0.51384145
vn 0.948793828 0.0922186375 0.27116406
vn 0.960425019 0.229405284 0.183129713
vn 0.561752617 0.12462569 0.797748566
vn 0.915318549 0.422899485 0.120370917
vn 0.771992207 0.366110057 0.51384145
vn 0.72239548 0.0463081822 0.703523815
vn 0.960425019 0.229405284 0.183129713
vn 0.948793828 0.0922186375 0.27116406
vn 0.936054826 0.10952694 -0.343622804
vn 0.742634058 0.282740682 0.628244162
vn 0.915318549 0.422899485 0.120370917
vn 0.791998327 0.322392941 0.537952363
vn 0.72239548 0.0463081822 0.703523815
vn 0.994002998 0.0891733691 0.00566789368
vn 0.915318549 0.422899485 0.120370917
vn 0.791998327 0.322392941 0.537952363
vn 0.994002998 0.0891733691 0.00566789368
vn 0.967008233 0.0142678786 0.0414907038
vn 0.967008233 0.0142678786 0.0414907038
vn 0.668607235 0.0602265932 0.713723361
vn 0.791998327 0.322392941 0.537952363
vn 0.791998327 0.322392941 0.537952363
vn 0.915318549 0.422899485 0.120370917
vn 0.994002998 0.0891733691 0.00566789368
vn 0.668607235 0.0602265932 0.713723361
vn 0.742634058 0.282740682 0.628244162
vn 0.791998327 0.322392941 0.537952363
vn 0.668607235 0.0602265932 0.713723361
vn 0.967008233 0.0142678786 0.0414907038
vn 0.904376924 -0.0334807038 0.372790068
vn 0.394187599 0.0807729661 0.913539588
vn 0.742634058 0.282740682 0.628244162
vn 0.668607235 0.0602265932 0.713723361
vn 0.394187599 0.0807729661 0.913539588
vn 0.527835608 0.106845364 0.752270281
vn 0.742634058 0.282740682 0.628244162
vn 0.781201482 -0.104856253 0.612826347
vn 0.668607235 0.0602265932 0.713723361
vn 0.948762417 -0.0979388952 0.29155001
vn 0.781201482 -0.104856253 0.612826347
vn 0.394187599 0.0807729661 0.913539588
vn 0.668607235 0.0602265932 0.713723361
vn 0.456723005 0.0778505206 0.880150437
vn 0.339145213 0.0705351606 0.962990105
vn 0.338543594 0.0127794826 0.936863601
vn 0.456723005 0.0778505206 0.880150437
vn 0.338543594 0.0127794826 0.936863601
vn 0.480151653 0.0265220013 0.881629229
vn 0.561752617 0.12462569 0.797748566
vn 0.430154502 0.378701359 0.820371866
vn 0.456723005 0.0778505206 0.880150437
vn 0.561752617 0.12462569 0.797748566
vn 0.456723005 0.0778505206 0.880150437
vn 0.480151653 0.0265220013 0.881629229
vn 0.525535703 0.310142726 0.786207795
vn 0.534670949 0.115618862 0.878456414
vn 0.471713334 0.241648361 0.843742132
vn 0.525535703 0.310142726 0.786207795
vn 0.471713334 0.241648361 0.843742132
vn 0.417196572 0.462060004 0.786689579
vn 0.580039799 0.265156358 0.652895331
vn 0.866114795 0.11938671 -0.373399436
vn 0.915351152 0.245811671 0.124823764
vn 0.525535703 0.310142726 0.786207795
vn 0.417196572 0.462060004 0.786689579
vn 0.430154502 0.378701359 0.820371866
vn 0.866114795 0.11938671 -0.373399436
vn 0.817528427 0.30231899 -0.265428811
vn 0.915351152 0.245811671 0.124823764
vn 0.580039799 0.265156358 0.652895331
vn 0.915351152 0.245811671 0.124823764
vn 0.812835097 0.229201213 0.624682069
vn 0.817528427 0.30231899 -0.265428811
vn 0.797389925 0.148298711 -0.627149999
vn 0.915351152 0.245811671 0.124823764
vn 0.525535703 0.310142726 0.786207795
vn 0.817528427 0.30231899 -0.265428811
vn 0.866114795 0.11938671 -0.373399436
vn 0.310450077 0.76979208 -0.273858786
vn 0.794966578 0.35888353 -0.547964573
vn 0.774494231 0.358445108 0.377592713
vn 0.774494231 0.358445108 0.377592713
vn 0.066236183 0.62607646 0.753859878
vn 0.310450077 0.76979208 -0.273858786
vn 0.430154502 0.378701359 0.820371866
vn 0.561752617 0.12462569 0.797748566
vn 0.525535703 0.310142726 0.786207795
vn 0.915351152 0.245811671 0.124823764
vn 0.797389925 0.148298711 -0.627149999
vn 0.951598883 0.170651779 0.0416468494
vn 0.817528427 0.30231899 -0.265428811
vn 0.525535703 0.310142726 0.786207795
vn 0.874382317 0.379548848 0.234200493
vn 0.812835097 0.229201213 0.624682069
vn 0.915351152 0.245811671 0.124823764
vn 0.969777048 0.0694772974 0.238816291
vn 0.817528427 0.30231899 -0.265428811
vn 0.874382317 0.379548848 0.234200493
vn 0.797389925 0.148298711 -0.627149999
vn 0.774494231 0.358445108 0.377592713
vn 0.958722889 0.217824459 -0.00308872969
vn 0.527835608 0.106845364 0.752270281
vn 0.794966578 0.35888353 -0.547964573
vn 0.958722889 0.217824459 -0.00308872969
vn 0.774494231 0.358445108 0.377592713
vn 0.958722889 0.217824459 -0.00308872969
vn 0.794966578 0.35888353 -0.547964573
vn 0.812835097 0.229201213 0.624682069
vn 0.525535703 0.310142726 0.786207795
vn 0.561752617 0.12462569 0.797748566
vn 0.874382317 0.379548848 0.234200493
vn 0.969777048 0.0694772974 0.238816291
vn 0.915351152 0.245811671 0.124823764
vn 0.951598883 0.170651779 0.0416468494
vn 0.428119481 0.218315646 0.89747417
vn 0.774494231 0.358445108 0.377592713
vn 0.527835608 0.106845364 0.752270281
vn 0.428119481 0.218315646 0.89747417
vn 0.596580327 0.613687873 0.576195121
vn 0.066236183 0.62607646 0.753859878
vn 0.836452305 0.0819151327 0.539600074
vn 0.969777048 0.0694772974 0.238816291
vn 1.00914431 0.00836999901 0.0922406688
vn 0.797389925 0.148298711 -0.627149999
vn 0.874382317 0.379548848 0.234200493
vn 0.960425019 0.229405284 0.183129713
vn 0.527835608 0.106845364 0.752270281
vn 0.958722889 0.217824459 -0.00308872969
vn 0.969777048 0.0694772974 0.238816291
vn 0.958722889 0.217824459 -0.00308872969
vn 0.812835097 0.229201213 0.624682069
vn 0.969777048 0.0694772974 0.238816291
vn 0.428119481 0.218315646 0.89747417
vn 0.527835608 0.106845364 0.752270281
vn 0.394187599 0.0807729661 0.913539588
vn 0.066236183 0.62607646 0.753859878
vn 0.774494231 0.358445108 0.377592713
vn 0.428119481 0.218315646 0.89747417
vn 0.430154502 0.378701359 0.820371866
vn 0.339145213 0.0705351606 0.962990105
vn 0.456723005 0.0778505206 0.880150437
vn 0.244166076 0.61882323 0.311075389
vn 0.71361047 0.20756264 -0.25076732
vn 0.524064243 0.68754226 0.258043617
vn 0.0534068495 0.808110058 0.543741584
vn 0.524064243 0.68754226 0.258043617
vn 0.390978456 0.39638871 0.851166606
vn 0.0534068495 0.808110058 0.543741584
vn 0.244166076 0.61882323 0.311075389
vn 0.524064243 0.68754226 0.258043617
vn 0.381074637 0.78484112 0.489176363
vn 0.630128086 0.380097747 0.643739641
vn 0.261072874 0.937633812 0.237692356
vn 0.824870408 0.33458665 0.115746386
vn 0.761627257 0.23328869 0.591262639
vn 0.761552989 0.394547522 0.398178667
vn 0.630128086 0.380097747 0.643739641
vn 0.534670949 0.115618862 0.878456414
vn 0.525535703 0.310142726 0.786207795
vn 0.524064243 0.68754226 0.258043617
vn 0.71361047 0.20756264 -0.25076732
vn 0.866114795 0.11938671 -0.373399436
vn 0.71361047 0.20756264 -0.25076732
vn 0.882748842 0.226753309 -0.309320539
vn 0.866114795 0.11938671 -0.373399436
vn 0.902630568 0.26670596 0.367066592
vn 0.469532669 0.537418306 0.701708853
vn 0.856056988 0.419055581 -0.227653176
vn 0.0534068495 0.808110058 0.543741584
vn 0.856056988 0.419055581 -0.227653176
vn 0.469532669 0.537418306 0.701708853
vn 0.761552989 0.394547522 0.398178667
vn 0.902630568 0.26670596 0.367066592
vn 0.856056988 0.419055581 -0.227653176
vn 0.261072874 0.937633812 0.237692356
vn 0.630128086 0.380097747 0.643739641
vn 0.882748842 0.226753309 -0.309320539
vn 0.761552989 0.394547522 0.398178667
vn 0.761627257 0.23328869 0.591262639
vn 0.902630568 0.26670596 0.367066592
vn 0.524064243 0.68754226 0.258043617
vn 0.866114795 0.11938671 -0.373399436
vn 0.580039799 0.265156358 0.652895331
vn 0.390978456 0.39638871 0.851166606
vn 0.524064243 0.68754226 0.258043617
vn 0.580039799 0.265156358 0.652895331
vn 0.856056988 0.419055581 -0.227653176
vn 0.794966578 0.35888353 -0.547964573
vn 0.89784658 0.0568747371 0.322300881
vn 0.630128086 0.380097747 0.643739641
vn 0.525535703 0.310142726 0.786207795
vn 0.882748842 0.226753309 -0.309320539
vn 0.856056988 0.419055581 -0.227653176
vn 0.809011042 0.565111339 0.164545909
vn 0.794966578 0.35888353 -0.547964573
vn 0.0534068495 0.808110058 0.543741584
vn 0.809011042 0.565111339 0.164545909
vn 0.856056988 0.419055581 -0.227653176
vn 0.809011042 0.565111339 0.164545909
vn 0.0534068495 0.808110058 0.543741584
vn 0.390978456 0.39638871 0.851166606
vn 0.812835097 0.229201213 0.624682069
vn 0.390978456 0.39638871 0.851166606
vn 0.580039799 0.265156358 0.652895331
vn 0.390978456 0.39638871 0.851166606
vn 0.812835097 0.229201213 0.624682069
vn 0.794966578 0.35888353 -0.547964573
vn 0.882748842 0.226753309 -0.309320539
vn 0.525535703 0.310142726 0.786207795
vn 0.866114795 0.11938671 -0.373399436
vn 0.794966578 0.35888353 -0.547964573
vn 0.809011042 0.565111339 0.164545909
vn 0.390978456 0.39638871 0.851166606
vn 0.527835608 0.106845364 0.752270281
vn 0.969777048 0.0694772974 0.238816291
vn 0.836452305 0.0819151327 0.539600074
vn -0.866781414 0.350637913 -0.386688113
vn -0.498770535 0.406994641 -0.652694643
vn -0.285894632 0.840388179 -0.46044755
vn 0.431904346 0.0455692746 -0.907913506
vn 0.927449226 0.0060555716 -0.420862406
vn 0.48787877 -0.094333902 -0.851173759
vn -0.765052736 0.148335382 -0.635743678
vn -0.834568202 0.332950473 0.134407669
vn -0.275776386 0.625410676 0.718236625
vn -0.833701551 -0.483124673 -0.0323882774
vn -0.924691379 0.180972204 -0.334954798
vn -0.936842203 0.256326139 0.448044419
vn -0.685049593 0.0172508433 -0.722560167
vn -0.643952191 0.0323287398 -0.481778413
vn -0.666064501 0.0772237405 -0.743489325
g surface_polygons
f 2/1/1 3/2/2 1/3/3
f 4/4/4 2/5/5 1/6/6
f 4/7/7 1/8/8 3/9/9
f 4/10/10 3/11/11 2/12/12
f 7/13/13 5/14/14 6/15/15
f 5/16/16 8/17/17 6/18/18
f 8/19/19 7/20/20 6/21/21
f 8/22/22 5/23/23 7/24/24
f 12/25/25 10/26/26 13/27/27
f 9/28/28 12/29/29 11/30/30
f 16/31/31 14/32/32 15/33/33
f 9/34/34 11/35/35 16/36/36
f 12/37/37 13/38/38 11/39/39
f 16/40/40 18/41/41 14/42/42
f 13/43/43 19/44/44 16/45/45
f 11/46/46 13/47/47 16/48/48
f 21/49/49 22/50/50 20/51/51
f 23/52/52 22/53/53 24/54/54
f 26/55/55 25/56/56 27/57/57
f 29/58/58 28/59/59 27/60/60
f 27/61/61 28/62/62 26/63/63
f 32/64/64 33/65/65 30/66/66
f 33/67/67 31/68/68 30/69/69
f 33/70/70 34/71/71 31/72/72
f 28/73/73 34/74/74 33/75/75
f 26/76/76 28/77/77 35/78/78
f 28/79/79 29/80/80 34/81/81
f 38/82/82 33/83/83 32/84/84
f 35/85/85 33/86/86 38/87/87
f 34/88/88 37/89/89 31/90/90
f 26/91/91 35/92/92 36/93/93
f 39/94/94 36/95/95 41/96/96
f 28/97/97 33/98/98 35/99/99
f 38/100/100 32/101/101 10/102/102
f 30/103/103 10/104/104 32/105/105
f 42/106/106 35/107/107 38/108/108
f 36/109/109 35/110/110 41/111/111
f 38/112/112 10/113/113 12/114/114
f 44/115/115 42/116/116 38/117/117
f 41/118/118 35/119/119 42/120/120
f 41/121/121 42/122/122 39/123/123
f 31/124/124 37/125/125 45/126/126
f 43/127/127 20/128/128 46/129/129
f 45/130/130 43/131/131 46/132/132
f 47/133/133 45/134/134 37/135/135
f 48/136/136 20/137/137 43/138/138
f 47/139/139 43/140/140 45/141/141
f 38/142/142 12/143/143 9/144/144
f 44/145/145 38/146/146 9/147/147
f 45/148/148 50/149/149 31/150/150
f 48/151/151 21/152/152 20/153/153
f 30/154/154 17/155/155 10/156/156
f 50/157/157 46/158/158 20/159/159
f 45/160/160 46/161/161 50/162/162
f 31/163/163 50/164/164 49/165/165
f 23/166/166 20/167/167 22/168/168
f 31/169/169 49/170/170 30/171/171
f 50/172/172 20/173/173 23/174/174
f 51/175/175 22/176/176 21/177/177
f 52/178/178 51/179/179 21/180/180
f 51/181/181 55/182/182 22/183/183
f 58/184/184 57/185/185 56/186/186
f 57/187/187 60/188/188 56/189/189
f 57/190/190 59/191/191 60/192/192
f 56/193/193 60/194/194 29/195/195
f 59/196/196 61/197/197 60/198/198
f 61/199/199 64/200/200 60/201/201
f 60/202/202 63/203/203 29/204/204
f 27/205/205 62/206/206 29/207/207
f 60/208/208 65/209/209 63/210/210
f 64/211/211 65/212/212 60/213/213
f 29/214/214 63/215/215 34/216/216
f 63/217/217 37/218/218 34/219/219
f 64/220/220 66/221/221 65/222/222
f 68/223/223 67/224/224 64/225/225
f 69/226/226 68/227/227 64/228/228
f 47/229/229 37/230/230 65/231/231
f 63/232/232 65/233/233 37/234/234
f 65/235/235 70/236/236 47/237/237
f 66/238/238 70/239/239 65/240/240
f 71/241/241 70/242/242 66/243/243
f 64/244/244 67/245/245 66/246/246
f 67/247/247 71/248/248 66/249/249
f 68/250/250 73/251/251 67/252/252
f 43/253/253 74/254/254 48/255/255
f 47/256/256 70/257/257 43/258/258
f 74/259/259 43/260/260 70/261/261
f 75/262/262 21/263/263 48/264/264
f 75/265/265 48/266/266 74/267/267
f 71/268/268 74/269/269 70/270/270
f 72/271/271 74/272/272 71/273/273
f 67/274/274 72/275/275 71/276/276
f 54/277/277 75/278/278 74/279/279
f 72/280/280 54/281/281 74/282/282
f 72/283/283 73/284/284 54/285/285
f 73/286/286 72/287/287 67/288/288
f 75/289/289 52/290/290 21/291/291
f 75/292/292 54/293/293 52/294/294
f 54/295/295 53/296/296 52/297/297
f 80/298/298 78/299/299 79/300/300
f 78/301/301 76/302/302 81/303/303
f 78/304/304 82/305/305 76/306/306
f 78/307/307 81/308/308 79/309/309
f 82/310/310 84/311/311 76/312/312
f 85/313/313 79/314/314 81/315/315
f 76/316/316 77/317/317 83/318/318
f 81/319/319 76/320/320 83/321/321
f 86/322/322 80/323/323 79/324/324
f 81/325/325 83/326/326 87/327/327
f 90/328/328 79/329/329 85/330/330
f 86/331/331 79/332/332 90/333/333
f 88/334/334 81/335/335 87/336/336
f 91/337/337 85/338/338 81/339/339
f 81/340/340 88/341/341 91/342/342
f 89/343/343 83/344/344 77/345/345
f 83/346/346 89/347/347 87/348/348
f 95/349/349 93/350/350 94/351/351
f 98/352/352 95/353/353 94/354/354
f 97/355/355 98/356/356 94/357/357
f 99/358/358 95/359/359 98/360/360
f 101/361/361 94/362/362 93/363/363
f 93/364/364 95/365/365 96/366/366
f 95/367/367 103/368/368 96/369/369
f 100/370/370 97/371/371 94/372/372
f 101/373/373 93/374/374 96/375/375
f 103/376/376 102/377/377 96/378/378
f 97/379/379 100/380/380 105/381/381
f 104/382/382 102/383/383 103/384/384
f 49/385/385 97/386/386 105/387/387
f 106/388/388 101/389/389 96/390/390
f 107/391/391 101/392/392 106/393/393
f 107/394/394 94/395/395 101/396/396
f 105/397/397 100/398/398 94/399/399
f 105/400/400 94/401/401 107/402/402
f 102/403/403 106/404/404 96/405/405
f 109/406/406 105/407/407 107/408/408
f 108/409/409 102/410/410 104/411/411
f 107/412/412 106/413/413 109/414/414
f 108/415/415 110/416/416 102/417/417
f 111/418/418 109/419/419 106/420/420
f 110/421/421 113/422/422 102/423/423
f 114/424/424 106/425/425 102/426/426
f 84/427/427 109/428/428 111/429/429
f 115/430/430 112/431/431 102/432/432
f 111/433/433 106/434/434 114/435/435
f 116/436/436 84/437/437 111/438/438
f 102/439/439 112/440/440 114/441/441
f 112/442/442 117/443/443 114/444/444
f 112/445/445 115/446/446 117/447/447
f 119/448/448 18/449/449 118/450/450
f 16/451/451 118/452/452 18/453/453
f 16/454/454 19/455/455 118/456/456
f 120/457/457 118/458/458 19/459/459
f 13/460/460 120/461/461 19/462/462
f 13/463/463 10/464/464 17/465/465
f 14/466/466 121/467/467 122/468/468
f 18/469/469 121/470/470 14/471/471
f 120/472/472 13/473/473 17/474/474
f 118/475/475 125/476/476 119/477/477
f 120/478/478 123/479/479 118/480/480
f 120/481/481 17/482/482 123/483/483
f 122/484/484 121/485/485 124/486/486
f 121/487/487 126/488/488 124/489/489
f 18/490/490 126/491/491 121/492/492
f 18/493/493 119/494/494 126/495/495
f 123/496/496 125/497/497 118/498/498
f 126/499/499 119/500/500 127/501/501
f 127/502/502 119/503/503 129/504/504
f 125/505/505 129/506/506 119/507/507
f 123/508/508 17/509/509 130/510/510
f 17/511/511 30/512/512 49/513/513
f 125/514/514 130/515/515 129/516/516
f 123/517/517 130/518/518 125/519/519
f 132/520/520 49/521/521 105/522/522
f 17/523/523 49/524/524 132/525/525
f 130/526/526 131/527/527 127/528/528
f 130/529/529 127/530/530 129/531/531
f 124/532/532 86/533/533 128/534/534
f 124/535/535 126/536/536 86/537/537
f 134/538/538 105/539/539 109/540/540
f 80/541/541 135/542/542 82/543/543
f 80/544/544 136/545/545 135/546/546
f 132/547/547 105/548/548 134/549/549
f 131/550/550 130/551/551 132/552/552
f 130/553/553 17/554/554 132/555/555
f 80/556/556 82/557/557 78/558/558
f 133/559/559 128/560/560 86/561/561
f 136/562/562 132/563/563 135/564/564
f 84/565/565 134/566/566 109/567/567
f 138/568/568 134/569/569 84/570/570
f 138/571/571 135/572/572 132/573/573
f 131/574/574 132/575/575 136/576/576
f 137/577/577 131/578/578 80/579/579
f 132/580/580 134/581/581 138/582/582
f 127/583/583 137/584/584 126/585/585
f 137/586/586 127/587/587 131/588/588
f 133/589/589 86/590/590 139/591/591
f 84/592/592 82/593/593 135/594/594
f 138/595/595 84/596/596 135/597/597
f 137/598/598 80/599/599 86/600/600
f 126/601/601 137/602/602 86/603/603
f 139/604/604 140/605/605 133/606/606
f 84/607/607 116/608/608 76/609/609
f 140/610/610 139/611/611 92/612/612
f 142/613/613 143/614/614 141/615/615
f 99/616/616 103/617/617 95/618/618
f 141/619/619 98/620/620 97/621/621
f 146/622/622 145/623/623 99/624/624
f 142/625/625 141/626/626 97/627/627
f 98/628/628 146/629/629 99/630/630
f 146/631/631 148/632/632 145/633/633
f 98/634/634 148/635/635 146/636/636
f 143/637/637 98/638/638 141/639/639
f 98/640/640 149/641/641 148/642/642
f 143/643/643 149/644/644 98/645/645
f 99/646/646 145/647/647 103/648/648
f 23/649/649 24/650/650 147/651/651
f 144/652/652 142/653/653 147/654/654
f 147/655/655 24/656/656 144/657/657
f 145/658/658 104/659/659 103/660/660
f 49/661/661 142/662/662 97/663/663
f 147/664/664 142/665/665 49/666/666
f 150/667/667 23/668/668 147/669/669
f 151/670/670 153/671/671 148/672/672
f 152/673/673 147/674/674 49/675/675
f 145/676/676 155/677/677 104/678/678
f 145/679/679 148/680/680 155/681/681
f 104/682/682 155/683/683 154/684/684
f 50/685/685 150/686/686 152/687/687
f 150/688/688 147/689/689 152/690/690
f 148/691/691 153/692/692 155/693/693
f 155/694/694 157/695/695 154/696/696
f 153/697/697 157/698/698 155/699/699
f 153/700/700 156/701/701 157/702/702
f 154/703/703 108/704/704 104/705/705
f 157/706/706 156/707/707 158/708/708
f 154/709/709 110/710/710 108/711/711
f 157/712/712 110/713/713 154/714/714
f 157/715/715 158/716/716 110/717/717
f 158/718/718 113/719/719 110/720/720
f 159/721/721 160/722/722 156/723/723
f 158/724/724 156/725/725 113/726/726
f 160/727/727 113/728/728 156/729/729
f 159/730/730 161/731/731 160/732/732
f 113/733/733 162/734/734 102/735/735
f 160/736/736 162/737/737 113/738/738
f 162/739/739 115/740/740 102/741/741
f 163/742/742 162/743/743 161/744/744
f 160/745/745 161/746/746 162/747/747
f 50/748/748 152/749/749 49/750/750
f 50/751/751 23/752/752 150/753/753
f 55/754/754 24/755/755 22/756/756
f 51/757/757 52/758/758 55/759/759
f 144/760/760 143/761/761 142/762/762
f 55/763/763 144/764/764 24/765/765
f 143/766/766 164/767/767 149/768/768
f 55/769/769 167/770/770 143/771/771
f 167/772/772 166/773/773 143/774/774
f 149/775/775 151/776/776 148/777/777
f 164/778/778 151/779/779 149/780/780
f 55/781/781 143/782/782 144/783/783
f 143/784/784 165/785/785 164/786/786
f 164/787/787 170/788/788 151/789/789
f 165/790/790 170/791/791 164/792/792
f 151/793/793 169/794/794 153/795/795
f 170/796/796 169/797/797 151/798/798
f 169/799/799 159/800/800 153/801/801
f 170/802/802 172/803/803 169/804/804
f 171/805/805 172/806/806 170/807/807
f 171/808/808 173/809/809 172/810/810
f 153/811/811 159/812/812 156/813/813
f 169/814/814 174/815/815 159/816/816
f 172/817/817 174/818/818 169/819/819
f 173/820/820 175/821/821 172/822/822
f 172/823/823 175/824/824 174/825/825
f 159/826/826 174/827/827 161/828/828
f 174/829/829 175/830/830 161/831/831
f 177/832/832 56/833/833 29/834/834
f 29/835/835 178/836/836 177/837/837
f 177/838/838 58/839/839 56/840/840
f 177/841/841 178/842/842 179/843/843
f 179/844/844 180/845/845 177/846/846
f 185/847/847 183/848/848 188/849/849
f 183/850/850 15/851/851 187/852/852
f 188/853/853 183/854/854 187/855/855
f 183/856/856 184/857/857 15/858/858
f 188/859/859 187/860/860 181/861/861
f 186/862/862 15/863/863 184/864/864
f 186/865/865 9/866/866 15/867/867
f 187/868/868 15/869/869 181/870/870
f 185/871/871 188/872/872 189/873/873
f 9/874/874 16/875/875 15/876/876
f 181/877/877 15/878/878 14/879/879
f 181/880/880 189/881/881 188/882/882
f 190/883/883 185/884/884 189/885/885
f 182/886/886 181/887/887 14/888/888
f 190/889/889 189/890/890 191/891/891
f 197/892/892 25/893/893 193/894/894
f 198/895/895 195/896/896 194/897/897
f 196/898/898 194/899/899 193/900/900
f 198/901/901 194/902/902 196/903/903
f 193/904/904 25/905/905 200/906/906
f 200/907/907 25/908/908 201/909/909
f 200/910/910 196/911/911 193/912/912
f 201/913/913 184/914/914 202/915/915
f 203/916/916 201/917/917 202/918/918
f 201/919/919 25/920/920 26/921/921
f 203/922/922 200/923/923 201/924/924
f 196/925/925 200/926/926 204/927/927
f 198/928/928 196/929/929 204/930/930
f 184/931/931 183/932/932 202/933/933
f 205/934/934 202/935/935 183/936/936
f 205/937/937 203/938/938 202/939/939
f 201/940/940 186/941/941 184/942/942
f 204/943/943 200/944/944 203/945/945
f 206/946/946 204/947/947 203/948/948
f 205/949/949 183/950/950 185/951/951
f 186/952/952 40/953/953 44/954/954
f 201/955/955 207/956/956 40/957/957
f 186/958/958 201/959/959 40/960/960
f 206/961/961 203/962/962 205/963/963
f 207/964/964 26/965/965 36/966/966
f 201/967/967 26/968/968 207/969/969
f 198/970/970 204/971/971 208/972/972
f 207/973/973 39/974/974 40/975/975
f 36/976/976 39/977/977 207/978/978
f 206/979/979 205/980/980 209/981/981
f 42/982/982 40/983/983 39/984/984
f 208/985/985 204/986/986 206/987/987
f 186/988/988 44/989/989 9/990/990
f 205/991/991 185/992/992 190/993/993
f 209/994/994 205/995/995 190/996/996
f 40/997/997 42/998/998 44/999/999
f 212/1000/1000 206/1001/1001 209/1002/1002
f 210/1003/1003 206/1004/1004 212/1005/1005
f 210/1006/1006 208/1007/1007 206/1008/1008
f 208/1009/1009 210/1010/1010 211/1011/1011
f 209/1012/1012 190/1013/1013 192/1014/1014
f 212/1015/1015 214/1016/1016 210/1017/1017
f 216/1018/1018 212/1019/1019 209/1020/1020
f 216/1021/1021 209/1022/1022 213/1023/1023
f 217/1024/1024 212/1025/1025 216/1026/1026
f 214/1027/1027 212/1028/1028 217/1029/1029
f 218/1030/1030 210/1031/1031 214/1032/1032
f 213/1033/1033 209/1034/1034 192/1035/1035
f 219/1036/1036 214/1037/1037 217/1038/1038
f 220/1039/1039 199/1040/1040 198/1041/1041
f 220/1042/1042 198/1043/1043 208/1044/1044
f 221/1045/1045 220/1046/1046 208/1047/1047
f 211/1048/1048 221/1049/1049 208/1050/1050
f 195/1051/1051 197/1052/1052 194/1053/1053
f 197/1054/1054 224/1055/1055 223/1056/1056
f 222/1057/1057 223/1058/1058 224/1059/1059
f 222/1060/1060 62/1061/1061 223/1062/1062
f 223/1063/1063 62/1064/1064 27/1065/1065
f 222/1066/1066 178/1067/1067 62/1068/1068
f 225/1069/1069 222/1070/1070 224/1071/1071
f 225/1072/1072 178/1073/1073 222/1074/1074
f 179/1075/1075 178/1076/1076 225/1077/1077
f 197/1078/1078 27/1079/1079 25/1080/1080
f 223/1081/1081 27/1082/1082 197/1083/1083
f 194/1084/1084 197/1085/1085 193/1086/1086
f 224/1087/1087 197/1088/1088 195/1089/1089
f 178/1090/1090 29/1091/1091 62/1092/1092
f 224/1093/1093 195/1094/1094 225/1095/1095
f 199/1096/1096 226/1097/1097 195/1098/1098
f 199/1099/1099 195/1100/1100 198/1101/1101
f 195/1102/1102 226/1103/1103 227/1104/1104
f 225/1105/1105 195/1106/1106 227/1107/1107
f 228/1108/1108 225/1109/1109 227/1110/1110
f 210/1111/1111 230/1112/1112 211/1113/1113
f 215/1114/1114 230/1115/1115 210/1116/1116
f 232/1117/1117 227/1118/1118 226/1119/1119
f 232/1120/1120 228/1121/1121 227/1122/1122
f 229/1123/1123 225/1124/1124 228/1125/1125
f 231/1126/1126 229/1127/1127 228/1128/1128
f 226/1129/1129 199/1130/1130 220/1131/1131
f 233/1132/1132 226/1133/1133 220/1134/1134
f 232/1135/1135 226/1136/1136 233/1137/1137
f 231/1138/1138 228/1139/1139 232/1140/1140
f 233/1141/1141 220/1142/1142 235/1143/1143
f 235/1144/1144 220/1145/1145 221/1146/1146
f 230/1147/1147 235/1148/1148 221/1149/1149
f 237/1150/1150 232/1151/1151 233/1152/1152
f 230/1153/1153 221/1154/1154 211/1155/1155
f 235/1156/1156 237/1157/1157 233/1158/1158
f 238/1159/1159 237/1160/1160 235/1161/1161
f 238/1162/1162 235/1163/1163 230/1164/1164
f 215/1165/1165 238/1166/1166 230/1167/1167
f 122/1168/1168 240/1169/1169 182/1170/1170
f 241/1171/1171 240/1172/1172 242/1173/1173
f 241/1174/1174 243/1175/1175 240/1176/1176
f 246/1177/1177 244/1178/1178 241/1179/1179
f 248/1180/1180 246/1181/1181 241/1182/1182
f 241/1183/1183 245/1184/1184 247/1185/1185
f 248/1186/1186 241/1187/1187 247/1188/1188
f 246/1189/1189 248/1190/1190 252/1191/1191
f 249/1192/1192 250/1193/1193 253/1194/1194
f 249/1195/1195 254/1196/1196 250/1197/1197
f 252/1198/1198 248/1199/1199 255/1200/1200
f 256/1201/1201 246/1202/1202 252/1203/1203
f 250/1204/1204 254/1205/1205 258/1206/1206
f 255/1207/1207 248/1208/1208 247/1209/1209
f 256/1210/1210 252/1211/1211 255/1212/1212
f 260/1213/1213 253/1214/1214 250/1215/1215
f 262/1216/1216 260/1217/1217 261/1218/1218
f 260/1219/1219 250/1220/1220 261/1221/1221
f 254/1222/1222 259/1223/1223 258/1224/1224
f 263/1225/1225 262/1226/1226 261/1227/1227
f 258/1228/1228 264/1229/1229 250/1230/1230
f 250/1231/1231 264/1232/1232 261/1233/1233
f 258/1234/1234 259/1235/1235 264/1236/1236
f 265/1237/1237 266/1238/1238 259/1239/1239
f 267/1240/1240 261/1241/1241 264/1242/1242
f 259/1243/1243 266/1244/1244 264/1245/1245
f 266/1246/1246 268/1247/1247 269/1248/1248
f 268/1249/1249 140/1250/1250 92/1251/1251
f 249/1252/1252 253/1253/1253 257/1254/1254
f 270/1255/1255 249/1256/1256 257/1257/1257
f 271/1258/1258 270/1259/1259 257/1260/1260
f 257/1261/1261 253/1262/1262 260/1263/1263
f 271/1264/1264 257/1265/1265 272/1266/1266
f 272/1267/1267 257/1268/1268 260/1269/1269
f 272/1270/1270 260/1271/1271 262/1272/1272
f 273/1273/1273 272/1274/1274 274/1275/1275
f 275/1276/1276 273/1277/1277 274/1278/1278
f 276/1279/1279 274/1280/1280 272/1281/1281
f 14/1282/1282 122/1283/1283 182/1284/1284
f 280/1285/1285 190/1286/1286 279/1287/1287
f 280/1288/1288 192/1289/1289 190/1290/1290
f 240/1291/1291 181/1292/1292 182/1293/1293
f 243/1294/1294 189/1295/1295 181/1296/1296
f 240/1297/1297 243/1298/1298 181/1299/1299
f 243/1300/1300 191/1301/1301 189/1302/1302
f 279/1303/1303 190/1304/1304 191/1305/1305
f 281/1306/1306 279/1307/1307 191/1308/1308
f 281/1309/1309 191/1310/1310 243/1311/1311
f 281/1312/1312 280/1313/1313 279/1314/1314
f 240/1315/1315 122/1316/1316 242/1317/1317
f 282/1318/1318 280/1319/1319 281/1320/1320
f 282/1321/1321 281/1322/1322 283/1323/1323
f 284/1324/1324 282/1325/1325 283/1326/1326
f 122/1327/1327 124/1328/1328 128/1329/1329
f 244/1330/1330 243/1331/1331 241/1332/1332
f 242/1333/1333 122/1334/1334 128/1335/1335
f 285/1336/1336 242/1337/1337 128/1338/1338
f 241/1339/1339 242/1340/1340 285/1341/1341
f 245/1342/1342 241/1343/1343 285/1344/1344
f 243/1345/1345 244/1346/1346 287/1347/1347
f 286/1348/1348 281/1349/1349 243/1350/1350
f 286/1351/1351 283/1352/1352 281/1353/1353
f 287/1354/1354 244/1355/1355 246/1356/1356
f 286/1357/1357 243/1358/1358 287/1359/1359
f 283/1360/1360 286/1361/1361 289/1362/1362
f 288/1363/1363 289/1364/1364 249/1365/1365
f 289/1366/1366 288/1367/1367 283/1368/1368
f 288/1369/1369 284/1370/1370 283/1371/1371
f 133/1372/1372 285/1373/1373 128/1374/1374
f 251/1375/1375 245/1376/1376 285/1377/1377
f 133/1378/1378 251/1379/1379 285/1380/1380
f 247/1381/1381 245/1382/1382 251/1383/1383
f 286/1384/1384 287/1385/1385 254/1386/1386
f 289/1387/1387 286/1388/1388 249/1389/1389
f 290/1390/1390 254/1391/1391 246/1392/1392
f 254/1393/1393 287/1394/1394 246/1395/1395
f 249/1396/1396 286/1397/1397 254/1398/1398
f 133/1399/1399 291/1400/1400 251/1401/1401
f 247/1402/1402 251/1403/1403 291/1404/1404
f 256/1405/1405 290/1406/1406 246/1407/1407
f 254/1408/1408 290/1409/1409 292/1410/1410
f 292/1411/1411 259/1412/1412 254/1413/1413
f 255/1414/1414 247/1415/1415 291/1416/1416
f 292/1417/1417 255/1418/1418 291/1419/1419
f 292/1420/1420 256/1421/1421 255/1422/1422
f 292/1423/1423 290/1424/1424 256/1425/1425
f 265/1426/1426 291/1427/1427 133/1428/1428
f 293/1429/1429 265/1430/1430 133/1431/1431
f 291/1432/1432 265/1433/1433 292/1434/1434
f 292/1435/1435 265/1436/1436 259/1437/1437
f 140/1438/1438 293/1439/1439 133/1440/1440
f 294/1441/1441 140/1442/1442 266/1443/1443
f 140/1444/1444 268/1445/1445 266/1446/1446
f 293/1447/1447 294/1448/1448 266/1449/1449
f 265/1450/1450 293/1451/1451 266/1452/1452
f 294/1453/1453 293/1454/1454 140/1455/1455
f 295/1456/1456 296/1457/1457 249/1458/1458
f 295/1459/1459 249/1460/1460 297/1461/1461
f 296/1462/1462 288/1463/1463 249/1464/1464
f 299/1465/1465 297/1466/1466 270/1467/1467
f 300/1468/1468 299/1469/1469 271/1470/1470
f 271/1471/1471 299/1472/1472 270/1473/1473
f 270/1474/1474 297/1475/1475 249/1476/1476
f 300/1477/1477 271/1478/1478 273/1479/1479
f 301/1480/1480 300/1481/1481 302/1482/1482
f 273/1483/1483 271/1484/1484 272/1485/1485
f 302/1486/1486 300/1487/1487 273/1488/1488
f 303/1489/1489 302/1490/1490 304/1491/1491
f 273/1492/1492 304/1493/1493 302/1494/1494
f 305/1495/1495 304/1496/1496 273/1497/1497
f 213/1498/1498 192/1499/1499 282/1500/1500
f 282/1501/1501 192/1502/1502 280/1503/1503
f 216/1504/1504 213/1505/1505 306/1506/1506
f 306/1507/1507 217/1508/1508 216/1509/1509
f 307/1510/1510 217/1511/1511 306/1512/1512
f 219/1513/1513 217/1514/1514 307/1515/1515
f 306/1516/1516 213/1517/1517 282/1518/1518
f 306/1519/1519 282/1520/1520 284/1521/1521
f 307/1522/1522 306/1523/1523 309/1524/1524
f 310/1525/1525 307/1526/1526 309/1527/1527
f 307/1528/1528 310/1529/1529 296/1530/1530
f 296/1531/1531 284/1532/1532 288/1533/1533
f 296/1534/1534 311/1535/1535 284/1536/1536
f 311/1537/1537 306/1538/1538 284/1539/1539
f 309/1540/1540 311/1541/1541 296/1542/1542
f 296/1543/1543 310/1544/1544 309/1545/1545
f 309/1546/1546 306/1547/1547 311/1548/1548
f 308/1549/1549 214/1550/1550 219/1551/1551
f 308/1552/1552 218/1553/1553 214/1554/1554
f 298/1555/1555 296/1556/1556 295/1557/1557
f 312/1558/1558 308/1559/1559 296/1560/1560
f 308/1561/1561 307/1562/1562 296/1563/1563
f 308/1564/1564 219/1565/1565 307/1566/1566
f 298/1567/1567 295/1568/1568 297/1569/1569
f 313/1570/1570 312/1571/1571 298/1572/1572
f 298/1573/1573 312/1574/1574 296/1575/1575
f 314/1576/1576 312/1577/1577 313/1578/1578
f 314/1579/1579 315/1580/1580 312/1581/1581
f 298/1582/1582 297/1583/1583 299/1584/1584
f 299/1585/1585 313/1586/1586 298/1587/1587
f 300/1588/1588 313/1589/1589 299/1590/1590
f 317/1591/1591 313/1592/1592 300/1593/1593
f 314/1594/1594 313/1595/1595 317/1596/1596
f 318/1597/1597 316/1598/1598 314/1599/1599
f 317/1600/1600 318/1601/1601 314/1602/1602
f 317/1603/1603 300/1604/1604 301/1605/1605
f 317/1606/1606 301/1607/1607 303/1608/1608
f 319/1609/1609 316/1610/1610 318/1611/1611
f 303/1612/1612 301/1613/1613 302/1614/1614
f 320/1615/1615 317/1616/1616 303/1617/1617
f 317/1618/1618 320/1619/1619 321/1620/1620
f 322/1621/1621 321/1622/1622 320/1623/1623
f 323/1624/1624 321/1625/1625 322/1626/1626
f 318/1627/1627 317/1628/1628 321/1629/1629
f 320/1630/1630 303/1631/1631 324/1632/1632
f 325/1633/1633 323/1634/1634 326/1635/1635
f 325/1636/1636 321/1637/1637 323/1638/1638
f 319/1639/1639 318/1640/1640 321/1641/1641
f 326/1642/1642 323/1643/1643 322/1644/1644
f 325/1645/1645 328/1646/1646 321/1647/1647
f 330/1648/1648 329/1649/1649 215/1650/1650
f 239/1651/1651 215/1652/1652 210/1653/1653
f 218/1654/1654 239/1655/1655 210/1656/1656
f 330/1657/1657 215/1658/1658 239/1659/1659
f 330/1660/1660 239/1661/1661 331/1662/1662
f 334/1663/1663 332/1664/1664 333/1665/1665
f 335/1666/1666 218/1667/1667 308/1668/1668
f 335/1669/1669 239/1670/1670 218/1671/1671
f 336/1672/1672 333/1673/1673 315/1674/1674
f 333/1675/1675 332/1676/1676 331/1677/1677
f 332/1678/1678 330/1679/1679 331/1680/1680
f 334/1681/1681 333/1682/1682 336/1683/1683
f 337/1684/1684 334/1685/1685 336/1686/1686
f 315/1687/1687 308/1688/1688 312/1689/1689
f 315/1690/1690 335/1691/1691 308/1692/1692
f 335/1693/1693 331/1694/1694 239/1695/1695
f 338/1696/1696 336/1697/1697 315/1698/1698
f 331/1699/1699 335/1700/1700 315/1701/1701
f 333/1702/1702 331/1703/1703 315/1704/1704
f 314/1705/1705 339/1706/1706 315/1707/1707
f 316/1708/1708 339/1709/1709 314/1710/1710
f 338/1711/1711 315/1712/1712 339/1713/1713
f 338/1714/1714 339/1715/1715 316/1716/1716
f 340/1717/1717 336/1718/1718 338/1719/1719
f 340/1720/1720 338/1721/1721 316/1722/1722
f 341/1723/1723 336/1724/1724 340/1725/1725
f 342/1726/1726 340/1727/1727 316/1728/1728
f 344/1729/1729 340/1730/1730 343/1731/1731
f 344/1732/1732 341/1733/1733 340/1734/1734
f 342/1735/1735 316/1736/1736 319/1737/1737
f 343/1738/1738 340/1739/1739 342/1740/1740
f 345/1741/1741 344/1742/1742 343/1743/1743
f 346/1744/1744 343/1745/1745 342/1746/1746
f 346/1747/1747 345/1748/1748 343/1749/1749
f 346/1750/1750 342/1751/1751 347/1752/1752
f 348/1753/1753 347/1754/1754 319/1755/1755
f 348/1756/1756 346/1757/1757 347/1758/1758
f 347/1759/1759 342/1760/1760 319/1761/1761
f 349/1762/1762 350/1763/1763 53/1764/1764
f 352/1765/1765 355/1766/1766 350/1767/1767
f 353/1768/1768 355/1769/1769 352/1770/1770
f 58/1771/1771 59/1772/1772 57/1773/1773
f 357/1774/1774 59/1775/1775 58/1776/1776
f 362/1777/1777 361/1778/1778 59/1779/1779
f 362/1780/1780 59/1781/1781 357/1782/1782
f 358/1783/1783 359/1784/1784 361/1785/1785
f 361/1786/1786 61/1787/1787 59/1788/1788
f 358/1789/1789 361/1790/1790 362/1791/1791
f 359/1792/1792 61/1793/1793 361/1794/1794
f 61/1795/1795 359/1796/1796 64/1797/1797
f 359/1798/1798 69/1799/1799 64/1800/1800
f 364/1801/1801 363/1802/1802 69/1803/1803
f 364/1804/1804 69/1805/1805 359/1806/1806
f 68/1807/1807 349/1808/1808 73/1809/1809
f 351/1810/1810 349/1811/1811 68/1812/1812
f 69/1813/1813 351/1814/1814 68/1815/1815
f 363/1816/1816 351/1817/1817 69/1818/1818
f 364/1819/1819 365/1820/1820 363/1821/1821
f 367/1822/1822 366/1823/1823 364/1824/1824
f 349/1825/1825 53/1826/1826 54/1827/1827
f 349/1828/1828 54/1829/1829 73/1830/1830
f 365/1831/1831 351/1832/1832 363/1833/1833
f 365/1834/1834 352/1835/1835 351/1836/1836
f 351/1837/1837 350/1838/1838 349/1839/1839
f 352/1840/1840 350/1841/1841 351/1842/1842
f 365/1843/1843 353/1844/1844 352/1845/1845
f 354/1846/1846 353/1847/1847 365/1848/1848
f 368/1849/1849 354/1850/1850 365/1851/1851
f 368/1852/1852 370/1853/1853 354/1854/1854
f 369/1855/1855 370/1856/1856 368/1857/1857
f 369/1858/1858 371/1859/1859 370/1860/1860
f 373/1861/1861 374/1862/1862 359/1863/1863
f 376/1864/1864 359/1865/1865 374/1866/1866
f 376/1867/1867 374/1868/1868 375/1869/1869
f 376/1870/1870 378/1871/1871 359/1872/1872
f 377/1873/1873 376/1874/1874 375/1875/1875
f 377/1876/1876 379/1877/1877 376/1878/1878
f 376/1879/1879 380/1880/1880 378/1881/1881
f 379/1882/1882 380/1883/1883 376/1884/1884
f 378/1885/1885 364/1886/1886 359/1887/1887
f 366/1888/1888 365/1889/1889 364/1890/1890
f 366/1891/1891 382/1892/1892 365/1893/1893
f 364/1894/1894 378/1895/1895 367/1896/1896
f 367/1897/1897 382/1898/1898 366/1899/1899
f 380/1900/1900 381/1901/1901 378/1902/1902
f 382/1903/1903 369/1904/1904 365/1905/1905
f 369/1906/1906 368/1907/1907 365/1908/1908
f 383/1909/1909 369/1910/1910 382/1911/1911
f 367/1912/1912 384/1913/1913 382/1914/1914
f 384/1915/1915 383/1916/1916 382/1917/1917
f 384/1918/1918 372/1919/1919 383/1920/1920
f 381/1921/1921 367/1922/1922 378/1923/1923
f 385/1924/1924 367/1925/1925 381/1926/1926
f 383/1927/1927 372/1928/1928 369/1929/1929
f 384/1930/1930 367/1931/1931 372/1932/1932
f 369/1933/1933 372/1934/1934 371/1935/1935
f 367/1936/1936 371/1937/1937 372/1938/1938
f 377/1939/1939 380/1940/1940 379/1941/1941
f 377/1942/1942 386/1943/1943 380/1944/1944
f 380/1945/1945 385/1946/1946 381/1947/1947
f 386/1948/1948 385/1949/1949 380/1950/1950
f 386/1951/1951 387/1952/1952 385/1953/1953
f 385/1954/1954 388/1955/1955 367/1956/1956
f 389/1957/1957 388/1958/1958 385/1959/1959
f 388/1960/1960 390/1961/1961 367/1962/1962
f 390/1963/1963 391/1964/1964 367/1965/1965
f 393/1966/1966 392/1967/1967 388/1968/1968
f 390/1969/1969 392/1970/1970 391/1971/1971
f 388/1972/1972 392/1973/1973 390/1974/1974
f 391/1975/1975 394/1976/1976 367/1977/1977
f 392/1978/1978 394/1979/1979 391/1980/1980
f 395/1981/1981 393/1982/1982 388/1983/1983
f 395/1984/1984 396/1985/1985 393/1986/1986
f 395/1987/1987 397/1988/1988 396/1989/1989
f 350/1990/1990 355/1991/1991 168/1992/1992
f 353/1993/1993 356/1994/1994 355/1995/1995
f 354/1996/1996 356/1997/1997 353/1998/1998
f 168/1999/1999 55/2000/2000 53/2001/2001
f 350/2002/2002 168/2003/2003 53/2004/2004
f 166/2005/2005 165/2006/2006 143/2007/2007
f 166/2008/2008 398/2009/2009 165/2010/2010
f 400/2011/2011 399/2012/2012 166/2013/2013
f 167/2014/2014 400/2015/2015 166/2016/2016
f 168/2017/2017 167/2018/2018 55/2019/2019
f 402/2020/2020 170/2021/2021 165/2022/2022
f 398/2023/2023 402/2024/2024 165/2025/2025
f 166/2026/2026 399/2027/2027 398/2028/2028
f 399/2029/2029 402/2030/2030 398/2031/2031
f 355/2032/2032 401/2033/2033 168/2034/2034
f 356/2035/2035 401/2036/2036 355/2037/2037
f 401/2038/2038 167/2039/2039 168/2040/2040
f 401/2041/2041 400/2042/2042 167/2043/2043
f 170/2044/2044 402/2045/2045 171/2046/2046
f 402/2047/2047 403/2048/2048 171/2049/2049
f 171/2050/2050 404/2051/2051 173/2052/2052
f 171/2053/2053 403/2054/2054 404/2055/2055
f 405/2056/2056 404/2057/2057 403/2058/2058
f 173/2059/2059 176/2060/2060 175/2061/2061
f 404/2062/2062 406/2063/2063 173/2064/2064
f 404/2065/2065 405/2066/2066 406/2067/2067
f 173/2068/2068 406/2069/2069 176/2070/2070
f 403/2071/2071 407/2072/2072 405/2073/2073
f 405/2074/2074 407/2075/2075 408/2076/2076
f 405/2077/2077 408/2078/2078 406/2079/2079
f 409/2080/2080 176/2081/2081 406/2082/2082
f 370/2083/2083 356/2084/2084 354/2085/2085
f 394/2086/2086 410/2087/2087 371/2088/2088
f 371/2089/2089 411/2090/2090 370/2091/2091
f 371/2092/2092 410/2093/2093 411/2094/2094
f 412/2095/2095 402/2096/2096 399/2097/2097
f 413/2098/2098 412/2099/2099 399/2100/2100
f 370/2101/2101 411/2102/2102 356/2103/2103
f 400/2104/2104 413/2105/2105 399/2106/2106
f 400/2107/2107 414/2108/2108 413/2109/2109
f 356/2110/2110 411/2111/2111 401/2112/2112
f 415/2113/2113 400/2114/2114 401/2115/2115
f 417/2116/2116 416/2117/2117 412/2118/2118
f 414/2119/2119 412/2120/2120 413/2121/2121
f 418/2122/2122 412/2123/2123 414/2124/2124
f 418/2125/2125 417/2126/2126 412/2127/2127
f 418/2128/2128 414/2129/2129 400/2130/2130
f 411/2131/2131 415/2132/2132 401/2133/2133
f 412/2134/2134 416/2135/2135 402/2136/2136
f 419/2137/2137 400/2138/2138 415/2139/2139
f 419/2140/2140 418/2141/2141 400/2142/2142
f 419/2143/2143 422/2144/2144 418/2145/2145
f 422/2146/2146 417/2147/2147 418/2148/2148
f 419/2149/2149 415/2150/2150 420/2151/2151
f 410/2152/2152 415/2153/2153 411/2154/2154
f 424/2155/2155 417/2156/2156 422/2157/2157
f 419/2158/2158 424/2159/2159 422/2160/2160
f 423/2161/2161 420/2162/2162 410/2163/2163
f 402/2164/2164 421/2165/2165 403/2166/2166
f 410/2167/2167 420/2168/2168 415/2169/2169
f 416/2170/2170 421/2171/2171 402/2172/2172
f 421/2173/2173 416/2174/2174 403/2175/2175
f 417/2176/2176 426/2177/2177 416/2178/2178
f 427/2179/2179 426/2180/2180 417/2181/2181
f 428/2182/2182 419/2183/2183 420/2184/2184
f 416/2185/2185 407/2186/2186 403/2187/2187
f 425/2188/2188 407/2189/2189 416/2190/2190
f 427/2191/2191 429/2192/2192 426/2193/2193
f 423/2194/2194 430/2195/2195 420/2196/2196
f 430/2197/2197 428/2198/2198 420/2199/2199
f 426/2200/2200 425/2201/2201 416/2202/2202
f 426/2203/2203 431/2204/2204 425/2205/2205
f 426/2206/2206 429/2207/2207 431/2208/2208
f 432/2209/2209 424/2210/2210 419/2211/2211
f 433/2212/2212 432/2213/2213 419/2214/2214
f 432/2215/2215 434/2216/2216 424/2217/2217
f 434/2218/2218 417/2219/2219 424/2220/2220
f 428/2221/2221 433/2222/2222 419/2223/2223
f 435/2224/2224 430/2225/2225 423/2226/2226
f 417/2227/2227 434/2228/2228 427/2229/2229
f 433/2230/2230 434/2231/2231 432/2232/2232
f 434/2233/2233 433/2234/2234 427/2235/2235
f 430/2236/2236 435/2237/2237 438/2238/2238
f 435/2239/2239 439/2240/2240 438/2241/2241
f 436/2242/2242 440/2243/2243 435/2244/2244
f 427/2245/2245 433/2246/2246 428/2247/2247
f 428/2248/2248 441/2249/2249 427/2250/2250
f 438/2251/2251 428/2252/2252 430/2253/2253
f 435/2254/2254 442/2255/2255 439/2256/2256
f 440/2257/2257 442/2258/2258 435/2259/2259
f 438/2260/2260 441/2261/2261 428/2262/2262
f 439/2263/2263 441/2264/2264 438/2265/2265
f 427/2266/2266 443/2267/2267 429/2268/2268
f 427/2269/2269 441/2270/2270 443/2271/2271
f 443/2272/2272 441/2273/2273 444/2274/2274
f 439/2275/2275 442/2276/2276 441/2277/2277
f 440/2278/2278 445/2279/2279 442/2280/2280
f 394/2281/2281 371/2282/2282 367/2283/2283
f 393/2284/2284 394/2285/2285 392/2286/2286
f 396/2287/2287 423/2288/2288 410/2289/2289
f 436/2290/2290 435/2291/2291 423/2292/2292
f 423/2293/2293 448/2294/2294 436/2295/2295
f 396/2296/2296 448/2297/2297 423/2298/2298
f 448/2299/2299 437/2300/2300 436/2301/2301
f 436/2302/2302 437/2303/2303 440/2304/2304
f 437/2305/2305 448/2306/2306 449/2307/2307
f 449/2308/2308 448/2309/2309 451/2310/2310
f 450/2311/2311 451/2312/2312 448/2313/2313
f 449/2314/2314 440/2315/2315 437/2316/2316
f 449/2317/2317 451/2318/2318 440/2319/2319
f 450/2320/2320 452/2321/2321 451/2322/2322
f 451/2323/2323 455/2324/2324 456/2325/2325
f 451/2326/2326 457/2327/2327 455/2328/2328
f 451/2329/2329 452/2330/2330 457/2331/2331
f 452/2332/2332 453/2333/2333 457/2334/2334
f 453/2335/2335 454/2336/2336 457/2337/2337
f 451/2338/2338 446/2339/2339 440/2340/2340
f 454/2341/2341 461/2342/2342 457/2343/2343
f 454/2344/2344 458/2345/2345 461/2346/2346
f 458/2347/2347 460/2348/2348 461/2349/2349
f 459/2350/2350 460/2351/2351 458/2352/2352
f 462/2353/2353 464/2354/2354 463/2355/2355
f 393/2356/2356 396/2357/2357 447/2358/2358
f 447/2359/2359 394/2360/2360 393/2361/2361
f 447/2362/2362 396/2363/2363 394/2364/2364
f 394/2365/2365 396/2366/2366 410/2367/2367
f 396/2368/2368 397/2369/2369 465/2370/2370
f 397/2371/2371 467/2372/2372 466/2373/2373
f 397/2374/2374 466/2375/2375 465/2376/2376
f 465/2377/2377 466/2378/2378 468/2379/2379
f 468/2380/2380 469/2381/2381 465/2382/2382
f 465/2383/2383 469/2384/2384 396/2385/2385
f 467/2386/2386 470/2387/2387 466/2388/2388
f 450/2389/2389 448/2390/2390 396/2391/2391
f 396/2392/2392 469/2393/2393 450/2394/2394
f 466/2395/2395 470/2396/2396 468/2397/2397
f 471/2398/2398 469/2399/2399 468/2400/2400
f 470/2401/2401 471/2402/2402 468/2403/2403
f 470/2404/2404 472/2405/2405 473/2406/2406
f 450/2407/2407 453/2408/2408 452/2409/2409
f 469/2410/2410 453/2411/2411 450/2412/2412
f 469/2413/2413 471/2414/2414 453/2415/2415
f 470/2416/2416 473/2417/2417 471/2418/2418
f 474/2419/2419 458/2420/2420 453/2421/2421
f 474/2422/2422 459/2423/2423 458/2424/2424
f 471/2425/2425 459/2426/2426 474/2427/2427
f 453/2428/2428 471/2429/2429 474/2430/2430
f 471/2431/2431 473/2432/2432 459/2433/2433
f 473/2434/2434 475/2435/2435 459/2436/2436
f 472/2437/2437 475/2438/2438 473/2439/2439
f 453/2440/2440 458/2441/2441 454/2442/2442
f 459/2443/2443 462/2444/2444 460/2445/2445
f 459/2446/2446 475/2447/2447 462/2448/2448
f 180/2449/2449 58/2450/2450 177/2451/2451
f 180/2452/2452 357/2453/2453 58/2454/2454
f 477/2455/2455 357/2456/2456 180/2457/2457
f 478/2458/2458 362/2459/2459 477/2460/2460
f 478/2461/2461 360/2462/2462 362/2463/2463
f 373/2464/2464 360/2465/2465 478/2466/2466
f 479/2467/2467 477/2468/2468 180/2469/2469
f 360/2470/2470 358/2471/2471 362/2472/2472
f 480/2473/2473 478/2474/2474 477/2475/2475
f 359/2476/2476 358/2477/2477 360/2478/2478
f 480/2479/2479 477/2480/2480 479/2481/2481
f 373/2482/2482 359/2483/2483 360/2484/2484
f 480/2485/2485 373/2486/2486 478/2487/2487
f 362/2488/2488 357/2489/2489 477/2490/2490
f 225/2491/2491 180/2492/2492 179/2493/2493
f 479/2494/2494 180/2495/2495 225/2496/2496
f 481/2497/2497 480/2498/2498 479/2499/2499
f 482/2500/2500 481/2501/2501 479/2502/2502
f 231/2503/2503 225/2504/2504 229/2505/2505
f 479/2506/2506 225/2507/2507 231/2508/2508
f 482/2509/2509 479/2510/2510 483/2511/2511
f 484/2512/2512 482/2513/2513 483/2514/2514
f 486/2515/2515 484/2516/2516 485/2517/2517
f 490/2518/2518 486/2519/2519 489/2520/2520
f 483/2521/2521 479/2522/2522 231/2523/2523
f 234/2524/2524 483/2525/2525 231/2526/2526
f 234/2527/2527 231/2528/2528 232/2529/2529
f 236/2530/2530 234/2531/2531 232/2532/2532
f 492/2533/2533 234/2534/2534 236/2535/2535
f 485/2536/2536 483/2537/2537 234/2538/2538
f 485/2539/2539 484/2540/2540 483/2541/2541
f 485/2542/2542 492/2543/2543 489/2544/2544
f 485/2545/2545 234/2546/2546 492/2547/2547
f 237/2548/2548 236/2549/2549 232/2550/2550
f 237/2551/2551 492/2552/2552 236/2553/2553
f 489/2554/2554 492/2555/2555 488/2556/2556
f 486/2557/2557 485/2558/2558 489/2559/2559
f 238/2560/2560 492/2561/2561 237/2562/2562
f 488/2563/2563 490/2564/2564 489/2565/2565
f 488/2566/2566 492/2567/2567 329/2568/2568
f 329/2569/2569 492/2570/2570 238/2571/2571
f 493/2572/2572 374/2573/2573 373/2574/2574
f 375/2575/2575 374/2576/2576 493/2577/2577
f 494/2578/2578 375/2579/2579 493/2580/2580
f 495/2581/2581 373/2582/2582 480/2583/2583
f 495/2584/2584 493/2585/2585 373/2586/2586
f 496/2587/2587 493/2588/2588 495/2589/2589
f 495/2590/2590 497/2591/2591 496/2592/2592
f 494/2593/2593 493/2594/2594 496/2595/2595
f 494/2596/2596 377/2597/2597 375/2598/2598
f 481/2599/2599 495/2600/2600 480/2601/2601
f 498/2602/2602 495/2603/2603 481/2604/2604
f 499/2605/2605 377/2606/2606 494/2607/2607
f 500/2608/2608 481/2609/2609 482/2610/2610
f 500/2611/2611 498/2612/2612 481/2613/2613
f 497/2614/2614 495/2615/2615 498/2616/2616
f 500/2617/2617 497/2618/2618 498/2619/2619
f 501/2620/2620 496/2621/2621 497/2622/2622
f 501/2623/2623 502/2624/2624 496/2625/2625
f 502/2626/2626 494/2627/2627 496/2628/2628
f 499/2629/2629 494/2630/2630 502/2631/2631
f 500/2632/2632 501/2633/2633 497/2634/2634
f 503/2635/2635 502/2636/2636 501/2637/2637
f 503/2638/2638 499/2639/2639 502/2640/2640
f 506/2641/2641 501/2642/2642 500/2643/2643
f 501/2644/2644 504/2645/2645 503/2646/2646
f 505/2647/2647 500/2648/2648 482/2649/2649
f 505/2650/2650 482/2651/2651 484/2652/2652
f 506/2653/2653 500/2654/2654 505/2655/2655
f 507/2656/2656 504/2657/2657 501/2658/2658
f 487/2659/2659 506/2660/2660 505/2661/2661
f 487/2662/2662 501/2663/2663 506/2664/2664
f 507/2665/2665 501/2666/2666 487/2667/2667
f 486/2668/2668 505/2669/2669 484/2670/2670
f 487/2671/2671 505/2672/2672 486/2673/2673
f 508/2674/2674 507/2675/2675 487/2676/2676
f 487/2677/2677 486/2678/2678 509/2679/2679
f 510/2680/2680 508/2681/2681 487/2682/2682
f 509/2683/2683 510/2684/2684 487/2685/2685
f 509/2686/2686 486/2687/2687 511/2688/2688
f 512/2689/2689 509/2690/2690 511/2691/2691
f 513/2692/2692 510/2693/2693 509/2694/2694
f 377/2695/2695 516/2696/2696 515/2697/2697
f 499/2698/2698 516/2699/2699 377/2700/2700
f 499/2701/2701 517/2702/2702 516/2703/2703
f 499/2704/2704 503/2705/2705 517/2706/2706
f 516/2707/2707 517/2708/2708 515/2709/2709
f 503/2710/2710 519/2711/2711 517/2712/2712
f 503/2713/2713 504/2714/2714 519/2715/2715
f 515/2716/2716 518/2717/2717 377/2718/2718
f 518/2719/2719 515/2720/2720 517/2721/2721
f 377/2722/2722 518/2723/2723 386/2724/2724
f 519/2725/2725 518/2726/2726 517/2727/2727
f 518/2728/2728 387/2729/2729 386/2730/2730
f 519/2731/2731 520/2732/2732 518/2733/2733
f 518/2734/2734 520/2735/2735 387/2736/2736
f 504/2737/2737 507/2738/2738 508/2739/2739
f 519/2740/2740 504/2741/2741 508/2742/2742
f 520/2743/2743 385/2744/2744 387/2745/2745
f 519/2746/2746 521/2747/2747 520/2748/2748
f 508/2749/2749 521/2750/2750 519/2751/2751
f 385/2752/2752 520/2753/2753 389/2754/2754
f 522/2755/2755 524/2756/2756 521/2757/2757
f 523/2758/2758 524/2759/2759 522/2760/2760
f 525/2761/2761 520/2762/2762 521/2763/2763
f 524/2764/2764 525/2765/2765 521/2766/2766
f 527/2767/2767 389/2768/2768 520/2769/2769
f 527/2770/2770 520/2771/2771 525/2772/2772
f 523/2773/2773 525/2774/2774 524/2775/2775
f 528/2776/2776 525/2777/2777 523/2778/2778
f 508/2779/2779 529/2780/2780 521/2781/2781
f 522/2782/2782 521/2783/2783 529/2784/2784
f 526/2785/2785 523/2786/2786 522/2787/2787
f 526/2788/2788 522/2789/2789 529/2790/2790
f 530/2791/2791 523/2792/2792 526/2793/2793
f 530/2794/2794 528/2795/2795 523/2796/2796
f 525/2797/2797 528/2798/2798 527/2799/2799
f 528/2800/2800 531/2801/2801 527/2802/2802
f 527/2803/2803 388/2804/2804 389/2805/2805
f 510/2806/2806 529/2807/2807 508/2808/2808
f 531/2809/2809 528/2810/2810 530/2811/2811
f 514/2812/2812 529/2813/2813 510/2814/2814
f 527/2815/2815 395/2816/2816 388/2817/2817
f 533/2818/2818 395/2819/2819 527/2820/2820
f 534/2821/2821 395/2822/2822 533/2823/2823
f 531/2824/2824 533/2825/2825 527/2826/2826
f 531/2827/2827 535/2828/2828 533/2829/2829
f 535/2830/2830 531/2831/2831 532/2832/2832
f 534/2833/2833 397/2834/2834 395/2835/2835
f 533/2836/2836 536/2837/2837 534/2838/2838
f 533/2839/2839 535/2840/2840 536/2841/2841
f 329/2842/2842 491/2843/2843 488/2844/2844
f 491/2845/2845 490/2846/2846 488/2847/2847
f 486/2848/2848 490/2849/2849 511/2850/2850
f 490/2851/2851 537/2852/2852 511/2853/2853
f 539/2854/2854 329/2855/2855 330/2856/2856
f 539/2857/2857 491/2858/2858 329/2859/2859
f 539/2860/2860 538/2861/2861 491/2862/2862
f 540/2863/2863 491/2864/2864 538/2865/2865
f 490/2866/2866 491/2867/2867 540/2868/2868
f 490/2869/2869 541/2870/2870 537/2871/2871
f 539/2872/2872 542/2873/2873 538/2874/2874
f 545/2875/2875 540/2876/2876 538/2877/2877
f 540/2878/2878 545/2879/2879 542/2880/2880
f 544/2881/2881 490/2882/2882 540/2883/2883
f 543/2884/2884 544/2885/2885 540/2886/2886
f 329/2887/2887 238/2888/2888 215/2889/2889
f 539/2890/2890 330/2891/2891 332/2892/2892
f 542/2893/2893 539/2894/2894 332/2895/2895
f 334/2896/2896 546/2897/2897 332/2898/2898
f 546/2899/2899 542/2900/2900 332/2901/2901
f 548/2902/2902 334/2903/2903 337/2904/2904
f 548/2905/2905 546/2906/2906 334/2907/2907
f 547/2908/2908 548/2909/2909 337/2910/2910
f 548/2911/2911 550/2912/2912 546/2913/2913
f 550/2914/2914 543/2915/2915 546/2916/2916
f 547/2917/2917 549/2918/2918 548/2919/2919
f 549/2920/2920 550/2921/2921 548/2922/2922
f 542/2923/2923 546/2924/2924 540/2925/2925
f 543/2926/2926 540/2927/2927 546/2928/2928
f 341/2929/2929 337/2930/2930 336/2931/2931
f 341/2932/2932 547/2933/2933 337/2934/2934
f 551/2935/2935 547/2936/2936 341/2937/2937
f 551/2938/2938 341/2939/2939 345/2940/2940
f 345/2941/2941 341/2942/2942 344/2943/2943
f 553/2944/2944 552/2945/2945 345/2946/2946
f 553/2947/2947 345/2948/2948 346/2949/2949
f 553/2950/2950 346/2951/2951 348/2952/2952
f 509/2953/2953 512/2954/2954 513/2955/2955
f 555/2956/2956 510/2957/2957 513/2958/2958
f 537/2959/2959 541/2960/2960 511/2961/2961
f 541/2962/2962 512/2963/2963 511/2964/2964
f 513/2965/2965 512/2966/2966 541/2967/2967
f 544/2968/2968 513/2969/2969 541/2970/2970
f 514/2971/2971 510/2972/2972 555/2973/2973
f 544/2974/2974 541/2975/2975 490/2976/2976
f 550/2977/2977 557/2978/2978 543/2979/2979
f 556/2980/2980 513/2981/2981 544/2982/2982
f 556/2983/2983 555/2984/2984 513/2985/2985
f 557/2986/2986 544/2987/2987 543/2988/2988
f 557/2989/2989 556/2990/2990 544/2991/2991
f 557/2992/2992 558/2993/2993 556/2994/2994
f 559/2995/2995 550/2996/2996 549/2997/2997
f 560/2998/2998 559/2999/2999 549/3000/3000
f 560/3001/3001 549/3002/3002 547/3003/3003
f 561/3004/3004 547/3005/3005 551/3006/3006
f 562/3007/3007 561/3008/3008 551/3009/3009
f 552/3010/3010 564/3011/3011 551/3012/3012
f 564/3013/3013 562/3014/3014 551/3015/3015
f 552/3016/3016 551/3017/3017 345/3018/3018
f 565/3019/3019 564/3020/3020 552/3021/3021
f 564/3022/3022 565/3023/3023 562/3024/3024
f 566/3025/3025 563/3026/3026 562/3027/3027
f 565/3028/3028 552/3029/3029 553/3030/3030
f 566/3031/3031 562/3032/3032 565/3033/3033
f 565/3034/3034 553/3035/3035 348/3036/3036
f 568/3037/3037 565/3038/3038 348/3039/3039
f 568/3040/3040 566/3041/3041 565/3042/3042
f 530/3043/3043 532/3044/3044 531/3045/3045
f 514/3046/3046 526/3047/3047 529/3048/3048
f 532/3049/3049 530/3050/3050 569/3051/3051
f 530/3052/3052 526/3053/3053 514/3054/3054
f 569/3055/3055 530/3056/3056 514/3057/3057
f 571/3058/3058 572/3059/3059 570/3060/3060
f 550/3061/3061 570/3062/3062 557/3063/3063
f 558/3064/3064 514/3065/3065 555/3066/3066
f 572/3067/3067 573/3068/3068 570/3069/3069
f 569/3070/3070 575/3071/3071 532/3072/3072
f 556/3073/3073 558/3074/3074 555/3075/3075
f 570/3076/3076 573/3077/3077 557/3078/3078
f 574/3079/3079 575/3080/3080 572/3081/3081
f 576/3082/3082 572/3083/3083 571/3084/3084
f 576/3085/3085 574/3086/3086 572/3087/3087
f 573/3088/3088 558/3089/3089 557/3090/3090
f 569/3091/3091 573/3092/3092 572/3093/3093
f 578/3094/3094 574/3095/3095 576/3096/3096
f 514/3097/3097 558/3098/3098 569/3099/3099
f 573/3100/3100 569/3101/3101 558/3102/3102
f 572/3103/3103 575/3104/3104 569/3105/3105
f 579/3106/3106 577/3107/3107 575/3108/3108
f 580/3109/3109 579/3110/3110 574/3111/3111
f 574/3112/3112 579/3113/3113 575/3114/3114
f 582/3115/3115 581/3116/3116 579/3117/3117
f 580/3118/3118 582/3119/3119 579/3120/3120
f 581/3121/3121 582/3122/3122 476/3123/3123
f 583/3124/3124 582/3125/3125 580/3126/3126
f 570/3127/3127 550/3128/3128 559/3129/3129
f 584/3130/3130 559/3131/3131 560/3132/3132
f 571/3133/3133 570/3134/3134 559/3135/3135
f 584/3136/3136 571/3137/3137 559/3138/3138
f 561/3139/3139 560/3140/3140 547/3141/3141
f 584/3142/3142 560/3143/3143 561/3144/3144
f 584/3145/3145 561/3146/3146 563/3147/3147
f 571/3148/3148 584/3149/3149 585/3150/3150
f 576/3151/3151 571/3152/3152 585/3153/3153
f 562/3154/3154 563/3155/3155 561/3156/3156
f 563/3157/3157 585/3158/3158 584/3159/3159
f 586/3160/3160 576/3161/3161 585/3162/3162
f 588/3163/3163 586/3164/3164 585/3165/3165
f 588/3166/3166 576/3167/3167 586/3168/3168
f 588/3169/3169 587/3170/3170 576/3171/3171
f 590/3172/3172 563/3173/3173 566/3174/3174
f 585/3175/3175 563/3176/3176 590/3177/3177
f 588/3178/3178 585/3179/3179 590/3180/3180
f 591/3181/3181 589/3182/3182 590/3183/3183
f 589/3184/3184 588/3185/3185 590/3186/3186
f 567/3187/3187 590/3188/3188 566/3189/3189
f 591/3190/3190 590/3191/3191 567/3192/3192
f 532/3193/3193 592/3194/3194 535/3195/3195
f 536/3196/3196 535/3197/3197 593/3198/3198
f 593/3199/3199 535/3200/3200 592/3201/3201
f 397/3202/3202 536/3203/3203 593/3204/3204
f 536/3205/3205 397/3206/3206 534/3207/3207
f 577/3208/3208 592/3209/3209 532/3210/3210
f 577/3211/3211 593/3212/3212 592/3213/3213
f 397/3214/3214 593/3215/3215 467/3216/3216
f 575/3217/3217 577/3218/3218 532/3219/3219
f 593/3220/3220 470/3221/3221 467/3222/3222
f 593/3223/3223 577/3224/3224 470/3225/3225
f 596/3226/3226 594/3227/3227 574/3228/3228
f 578/3229/3229 596/3230/3230 574/3231/3231
f 472/3232/3232 577/3233/3233 581/3234/3234
f 577/3235/3235 472/3236/3236 470/3237/3237
f 594/3238/3238 595/3239/3239 574/3240/3240
f 578/3241/3241 589/3242/3242 596/3243/3243
f 581/3244/3244 577/3245/3245 579/3246/3246
f 595/3247/3247 580/3248/3248 574/3249/3249
f 597/3250/3250 596/3251/3251 589/3252/3252
f 472/3253/3253 581/3254/3254 475/3255/3255
f 596/3256/3256 597/3257/3257 594/3258/3258
f 595/3259/3259 598/3260/3260 580/3261/3261
f 475/3262/3262 581/3263/3263 476/3264/3264
f 589/3265/3265 599/3266/3266 597/3267/3267
f 594/3268/3268 598/3269/3269 595/3270/3270
f 475/3271/3271 476/3272/3272 601/3273/3273
f 594/3274/3274 600/3275/3275 598/3276/3276
f 587/3277/3277 578/3278/3278 576/3279/3279
f 588/3280/3280 589/3281/3281 587/3282/3282
f 587/3283/3283 589/3284/3284 578/3285/3285
f 589/3286/3286 591/3287/3287 599/3288/3288
f 602/3289/3289 77/3290/3290 76/3291/3291
f 76/3292/3292 603/3293/3293 602/3294/3294
f 77/3295/3295 602/3296/3296 604/3297/3297
f 602/3298/3298 605/3299/3299 604/3300/3300
f 603/3301/3301 605/3302/3302 602/3303/3303
f 603/3304/3304 607/3305/3305 605/3306/3306
f 606/3307/3307 607/3308/3308 603/3309/3309
f 608/3310/3310 604/3311/3311 605/3312/3312
f 610/3313/3313 608/3314/3314 605/3315/3315
f 605/3316/3316 607/3317/3317 610/3318/3318
f 610/3319/3319 609/3320/3320 608/3321/3321
f 612/3322/3322 87/3323/3323 89/3324/3324
f 88/3325/3325 87/3326/3326 612/3327/3327
f 612/3328/3328 89/3329/3329 77/3330/3330
f 85/3331/3331 91/3332/3332 613/3333/3333
f 90/3334/3334 85/3335/3335 613/3336/3336
f 92/3337/3337 139/3338/3338 90/3339/3339
f 139/3340/3340 86/3341/3341 90/3342/3342
f 614/3343/3343 88/3344/3344 612/3345/3345
f 615/3346/3346 88/3347/3347 614/3348/3348
f 91/3349/3349 88/3350/3350 615/3351/3351
f 616/3352/3352 613/3353/3353 91/3354/3354
f 90/3355/3355 613/3356/3356 617/3357/3357
f 616/3358/3358 91/3359/3359 619/3360/3360
f 77/3361/3361 604/3362/3362 612/3363/3363
f 617/3364/3364 613/3365/3365 616/3366/3366
f 90/3367/3367 620/3368/3368 618/3369/3369
f 90/3370/3370 617/3371/3371 620/3372/3372
f 619/3373/3373 91/3374/3374 615/3375/3375
f 614/3376/3376 612/3377/3377 604/3378/3378
f 621/3379/3379 617/3380/3380 616/3381/3381
f 622/3382/3382 615/3383/3383 614/3384/3384
f 622/3385/3385 614/3386/3386 604/3387/3387
f 620/3388/3388 617/3389/3389 621/3390/3390
f 624/3391/3391 623/3392/3392 620/3393/3393
f 621/3394/3394 624/3395/3395 620/3396/3396
f 622/3397/3397 604/3398/3398 608/3399/3399
f 625/3400/3400 621/3401/3401 619/3402/3402
f 621/3403/3403 616/3404/3404 619/3405/3405
f 624/3406/3406 626/3407/3407 623/3408/3408
f 609/3409/3409 622/3410/3410 608/3411/3411
f 622/3412/3412 609/3413/3413 615/3414/3414
f 619/3415/3415 615/3416/3416 609/3417/3417
f 611/3418/3418 609/3419/3419 610/3420/3420
f 627/3421/3421 623/3422/3422 626/3423/3423
f 621/3424/3424 626/3425/3425 624/3426/3426
f 625/3427/3427 626/3428/3428 621/3429/3429
f 609/3430/3430 611/3431/3431 619/3432/3432
f 611/3433/3433 629/3434/3434 619/3435/3435
f 629/3436/3436 625/3437/3437 619/3438/3438
f 611/3439/3439 630/3440/3440 629/3441/3441
f 631/3442/3442 625/3443/3443 629/3444/3444
f 631/3445/3445 626/3446/3446 625/3447/3447
f 633/3448/3448 631/3449/3449 629/3450/3450
f 630/3451/3451 634/3452/3452 629/3453/3453
f 634/3454/3454 632/3455/3455 629/3456/3456
f 632/3457/3457 633/3458/3458 629/3459/3459
f 627/3460/3460 626/3461/3461 635/3462/3462
f 631/3463/3463 635/3464/3464 626/3465/3465
f 114/3466/3466 116/3467/3467 111/3468/3468
f 115/3469/3469 636/3470/3470 117/3471/3471
f 116/3472/3472 117/3473/3473 76/3474/3474
f 117/3475/3475 603/3476/3476 76/3477/3477
f 114/3478/3478 117/3479/3479 116/3480/3480
f 603/3481/3481 117/3482/3482 636/3483/3483
f 636/3484/3484 115/3485/3485 638/3486/3486
f 115/3487/3487 640/3488/3488 637/3489/3489
f 162/3490/3490 640/3491/3491 115/3492/3492
f 603/3493/3493 641/3494/3494 606/3495/3495
f 636/3496/3496 641/3497/3497 603/3498/3498
f 638/3499/3499 115/3500/3500 637/3501/3501
f 639/3502/3502 638/3503/3503 637/3504/3504
f 642/3505/3505 636/3506/3506 638/3507/3507
f 641/3508/3508 636/3509/3509 642/3510/3510
f 637/3511/3511 643/3512/3512 639/3513/3513
f 640/3514/3514 643/3515/3515 637/3516/3516
f 641/3517/3517 644/3518/3518 606/3519/3519
f 644/3520/3520 641/3521/3521 642/3522/3522
f 638/3523/3523 645/3524/3524 642/3525/3525
f 643/3526/3526 646/3527/3527 639/3528/3528
f 607/3529/3529 606/3530/3530 644/3531/3531
f 639/3532/3532 645/3533/3533 638/3534/3534
f 646/3535/3535 645/3536/3536 639/3537/3537
f 610/3538/3538 607/3539/3539 644/3540/3540
f 642/3541/3541 645/3542/3542 647/3543/3543
f 646/3544/3544 648/3545/3545 645/3546/3546
f 610/3547/3547 644/3548/3548 611/3549/3549
f 649/3550/3550 644/3551/3551 642/3552/3552
f 645/3553/3553 648/3554/3554 647/3555/3555
f 644/3556/3556 630/3557/3557 611/3558/3558
f 650/3559/3559 644/3560/3560 649/3561/3561
f 630/3562/3562 644/3563/3563 650/3564/3564
f 647/3565/3565 649/3566/3566 642/3567/3567
f 647/3568/3568 648/3569/3569 651/3570/3570
f 647/3571/3571 651/3572/3572 649/3573/3573
f 651/3574/3574 650/3575/3575 649/3576/3576
f 634/3577/3577 652/3578/3578 632/3579/3579
f 652/3580/3580 633/3581/3581 632/3582/3582
f 653/3583/3583 630/3584/3584 650/3585/3585
f 634/3586/3586 630/3587/3587 653/3588/3588
f 163/3589/3589 640/3590/3590 162/3591/3591
f 655/3592/3592 163/3593/3593 654/3594/3594
f 655/3595/3595 640/3596/3596 163/3597/3597
f 640/3598/3598 656/3599/3599 643/3600/3600
f 657/3601/3601 656/3602/3602 640/3603/3603
f 656/3604/3604 646/3605/3605 643/3606/3606
f 657/3607/3607 658/3608/3608 656/3609/3609
f 656/3610/3610 659/3611/3611 646/3612/3612
f 658/3613/3613 659/3614/3614 656/3615/3615
f 657/3616/3616 659/3617/3617 658/3618/3618
f 646/3619/3619 659/3620/3620 648/3621/3621
f 657/3622/3622 660/3623/3623 659/3624/3624
f 660/3625/3625 651/3626/3626 648/3627/3627
f 659/3628/3628 660/3629/3629 648/3630/3630
f 175/3631/3631 176/3632/3632 161/3633/3633
f 161/3634/3634 654/3635/3635 163/3636/3636
f 161/3637/3637 176/3638/3638 654/3639/3639
f 176/3640/3640 655/3641/3641 654/3642/3642
f 176/3643/3643 409/3644/3644 655/3645/3645
f 409/3646/3646 662/3647/3647 655/3648/3648
f 409/3649/3649 663/3650/3650 662/3651/3651
f 655/3652/3652 661/3653/3653 640/3654/3654
f 655/3655/3655 662/3656/3656 661/3657/3657
f 661/3658/3658 657/3659/3659 640/3660/3660
f 663/3661/3661 657/3662/3662 661/3663/3663
f 661/3664/3664 662/3665/3665 663/3666/3666
f 409/3667/3667 665/3668/3668 663/3669/3669
f 409/3670/3670 664/3671/3671 665/3672/3672
f 664/3673/3673 666/3674/3674 665/3675/3675
f 663/3676/3676 665/3677/3677 657/3678/3678
f 657/3679/3679 670/3680/3680 660/3681/3681
f 665/3682/3682 671/3683/3683 657/3684/3684
f 669/3685/3685 668/3686/3686 672/3687/3687
f 671/3688/3688 670/3689/3689 657/3690/3690
f 672/3691/3691 673/3692/3692 675/3693/3693
f 665/3694/3694 667/3695/3695 671/3696/3696
f 668/3697/3697 673/3698/3698 672/3699/3699
f 635/3700/3700 628/3701/3701 627/3702/3702
f 653/3703/3703 650/3704/3704 680/3705/3705
f 651/3706/3706 680/3707/3707 650/3708/3708
f 679/3709/3709 680/3710/3710 651/3711/3711
f 681/3712/3712 683/3713/3713 682/3714/3714
f 631/3715/3715 685/3716/3716 677/3717/3717
f 652/3718/3718 686/3719/3719 633/3720/3720
f 686/3721/3721 631/3722/3722 633/3723/3723
f 631/3724/3724 686/3725/3725 685/3726/3726
f 631/3727/3727 677/3728/3728 635/3729/3729
f 687/3730/3730 677/3731/3731 685/3732/3732
f 652/3733/3733 689/3734/3734 686/3735/3735
f 689/3736/3736 688/3737/3737 686/3738/3738
f 680/3739/3739 634/3740/3740 653/3741/3741
f 652/3742/3742 634/3743/3743 690/3744/3744
f 691/3745/3745 689/3746/3746 652/3747/3747
f 691/3748/3748 693/3749/3749 689/3750/3750
f 680/3751/3751 690/3752/3752 634/3753/3753
f 691/3754/3754 652/3755/3755 690/3756/3756
f 677/3757/3757 678/3758/3758 635/3759/3759
f 677/3760/3760 687/3761/3761 678/3762/3762
f 686/3763/3763 688/3764/3764 685/3765/3765
f 688/3766/3766 695/3767/3767 694/3768/3768
f 692/3769/3769 688/3770/3770 689/3771/3771
f 689/3772/3772 693/3773/3773 692/3774/3774
f 698/3775/3775 628/3776/3776 635/3777/3777
f 678/3778/3778 698/3779/3779 635/3780/3780
f 678/3781/3781 699/3782/3782 698/3783/3783
f 687/3784/3784 700/3785/3785 678/3786/3786
f 685/3787/3787 701/3788/3788 687/3789/3789
f 687/3790/3790 701/3791/3791 700/3792/3792
f 694/3793/3793 685/3794/3794 688/3795/3795
f 685/3796/3796 694/3797/3797 701/3798/3798
f 695/3799/3799 701/3800/3800 694/3801/3801
f 695/3802/3802 702/3803/3803 701/3804/3804
f 692/3805/3805 695/3806/3806 688/3807/3807
f 690/3808/3808 680/3809/3809 696/3810/3810
f 691/3811/3811 690/3812/3812 696/3813/3813
f 693/3814/3814 697/3815/3815 692/3816/3816
f 679/3817/3817 681/3818/3818 680/3819/3819
f 700/3820/3820 699/3821/3821 678/3822/3822
f 700/3823/3823 703/3824/3824 699/3825/3825
f 702/3826/3826 703/3827/3827 700/3828/3828
f 701/3829/3829 702/3830/3830 700/3831/3831
f 692/3832/3832 702/3833/3833 695/3834/3834
f 697/3835/3835 704/3836/3836 692/3837/3837
f 682/3838/3838 696/3839/3839 680/3840/3840
f 706/3841/3841 693/3842/3842 691/3843/3843
f 704/3844/3844 693/3845/3845 706/3846/3846
f 704/3847/3847 697/3848/3848 693/3849/3849
f 681/3850/3850 682/3851/3851 680/3852/3852
f 704/3853/3853 702/3854/3854 692/3855/3855
f 705/3856/3856 691/3857/3857 696/3858/3858
f 705/3859/3859 706/3860/3860 691/3861/3861
f 696/3862/3862 682/3863/3863 707/3864/3864
f 683/3865/3865 707/3866/3866 682/3867/3867
f 705/3868/3868 696/3869/3869 707/3870/3870
f 683/3871/3871 684/3872/3872 707/3873/3873
f 710/3874/3874 704/3875/3875 706/3876/3876
f 708/3877/3877 704/3878/3878 710/3879/3879
f 707/3880/3880 709/3881/3881 705/3882/3882
f 711/3883/3883 705/3884/3884 709/3885/3885
f 706/3886/3886 705/3887/3887 711/3888/3888
f 707/3889/3889 712/3890/3890 709/3891/3891
f 712/3892/3892 711/3893/3893 709/3894/3894
f 684/3895/3895 712/3896/3896 707/3897/3897
f 713/3898/3898 706/3899/3899 711/3900/3900
f 713/3901/3901 710/3902/3902 706/3903/3903
f 712/3904/3904 713/3905/3905 711/3906/3906
f 714/3907/3907 679/3908/3908 651/3909/3909
f 715/3910/3910 681/3911/3911 679/3912/3912
f 714/3913/3913 715/3914/3914 679/3915/3915
f 714/3916/3916 651/3917/3917 660/3918/3918
f 714/3919/3919 716/3920/3920 715/3921/3921
f 717/3922/3922 715/3923/3923 716/3924/3924
f 660/3925/3925 670/3926/3926 718/3927/3927
f 721/3928/3928 717/3929/3929 716/3930/3930
f 718/3931/3931 714/3932/3932 660/3933/3933
f 718/3934/3934 716/3935/3935 714/3936/3936
f 719/3937/3937 716/3938/3938 718/3939/3939
f 670/3940/3940 719/3941/3941 718/3942/3942
f 720/3943/3943 719/3944/3944 670/3945/3945
f 721/3946/3946 722/3947/3947 717/3948/3948
f 715/3949/3949 717/3950/3950 681/3951/3951
f 722/3952/3952 724/3953/3953 723/3954/3954
f 681/3955/3955 717/3956/3956 725/3957/3957
f 725/3958/3958 722/3959/3959 684/3960/3960
f 722/3961/3961 725/3962/3962 717/3963/3963
f 723/3964/3964 684/3965/3965 722/3966/3966
f 725/3967/3967 684/3968/3968 681/3969/3969
f 683/3970/3970 681/3971/3971 684/3972/3972
f 723/3973/3973 726/3974/3974 684/3975/3975
f 724/3976/3976 726/3977/3977 723/3978/3978
f 726/3979/3979 729/3980/3980 728/3981/3981
f 684/3982/3982 730/3983/3983 712/3984/3984
f 730/3985/3985 684/3986/3986 726/3987/3987
f 731/3988/3988 712/3989/3989 730/3990/3990
f 712/3991/3991 731/3992/3992 713/3993/3993
f 728/3994/3994 730/3995/3995 726/3996/3996
f 728/3997/3997 732/3998/3998 730/3999/3999
f 729/4000/4000 732/4001/4001 728/4002/4002
f 729/4003/4003 733/4004/4004 732/4005/4005
f 734/4006/4006 730/4007/4007 732/4008/4008
f 733/4009/4009 734/4010/4010 732/4011/4011
f 735/4012/4012 736/4013/4013 731/4014/4014
f 737/4015/4015 736/4016/4016 735/4017/4017
f 730/4018/4018 735/4019/4019 731/4020/4020
f 667/4021/4021 739/4022/4022 671/4023/4023
f 674/4024/4024 669/4025/4025 672/4026/4026
f 739/4027/4027 740/4028/4028 720/4029/4029
f 739/4030/4030 669/4031/4031 740/4032/4032
f 671/4033/4033 739/4034/4034 720/4035/4035
f 671/4036/4036 720/4037/4037 670/4038/4038
f 674/4039/4039 740/4040/4040 669/4041/4041
f 676/4042/4042 674/4043/4043 672/4044/4044
f 667/4045/4045 669/4046/4046 739/4047/4047
f 719/4048/4048 740/4049/4049 716/4050/4050
f 720/4051/4051 740/4052/4052 719/4053/4053
f 674/4054/4054 721/4055/4055 716/4056/4056
f 674/4057/4057 716/4058/4058 740/4059/4059
f 674/4060/4060 742/4061/4061 721/4062/4062
f 721/4063/4063 743/4064/4064 722/4065/4065
f 742/4066/4066 741/4067/4067 721/4068/4068
f 743/4069/4069 724/4070/4070 722/4071/4071
f 741/4072/4072 743/4073/4073 721/4074/4074
f 741/4075/4075 747/4076/4076 743/4077/4077
f 742/4078/4078 744/4079/4079 741/4080/4080
f 745/4081/4081 748/4082/4082 676/4083/4083
f 743/4084/4084 726/4085/4085 724/4086/4086
f 743/4087/4087 747/4088/4088 726/4089/4089
f 741/4090/4090 744/4091/4091 747/4092/4092
f 742/4093/4093 748/4094/4094 744/4095/4095
f 745/4096/4096 749/4097/4097 748/4098/4098
f 749/4099/4099 745/4100/4100 746/4101/4101
f 747/4102/4102 727/4103/4103 726/4104/4104
f 744/4105/4105 750/4106/4106 747/4107/4107
f 748/4108/4108 750/4109/4109 744/4110/4110
f 748/4111/4111 749/4112/4112 750/4113/4113
f 749/4114/4114 751/4115/4115 750/4116/4116
f 750/4117/4117 727/4118/4118 747/4119/4119
f 751/4120/4120 752/4121/4121 750/4122/4122
f 750/4123/4123 752/4124/4124 727/4125/4125
f 727/4126/4126 752/4127/4127 729/4128/4128
f 675/4129/4129 676/4130/4130 672/4131/4131
f 675/4132/4132 673/4133/4133 754/4134/4134
f 673/4135/4135 755/4136/4136 676/4137/4137
f 675/4138/4138 754/4139/4139 676/4140/4140
f 673/4141/4141 676/4142/4142 754/4143/4143
f 755/4144/4144 745/4145/4145 676/4146/4146
f 674/4147/4147 676/4148/4148 742/4149/4149
f 742/4150/4150 676/4151/4151 748/4152/4152
f 752/4153/4153 733/4154/4154 729/4155/4155
f 759/4156/4156 758/4157/4157 757/4158/4158
f 761/4159/4159 759/4160/4160 757/4161/4161
f 757/4162/4162 738/4163/4163 737/4164/4164
f 735/4165/4165 762/4166/4166 737/4167/4167
f 734/4168/4168 735/4169/4169 730/4170/4170
f 737/4171/4171 762/4172/4172 757/4173/4173
f 734/4174/4174 762/4175/4175 735/4176/4176
f 733/4177/4177 762/4178/4178 734/4179/4179
f 761/4180/4180 762/4181/4181 733/4182/4182
f 762/4183/4183 761/4184/4184 757/4185/4185
f 763/4186/4186 263/4187/4187 261/4188/4188
f 262/4189/4189 263/4190/4190 763/4191/4191
f 266/4192/4192 764/4193/4193 264/4194/4194
f 266/4195/4195 269/4196/4196 764/4197/4197
f 763/4198/4198 261/4199/4199 766/4200/4200
f 766/4201/4201 261/4202/4202 267/4203/4203
f 276/4204/4204 262/4205/4205 763/4206/4206
f 267/4207/4207 264/4208/4208 765/4209/4209
f 92/4210/4210 90/4211/4211 268/4212/4212
f 765/4213/4213 768/4214/4214 267/4215/4215
f 768/4216/4216 766/4217/4217 267/4218/4218
f 768/4219/4219 769/4220/4220 766/4221/4221
f 269/4222/4222 268/4223/4223 618/4224/4224
f 770/4225/4225 765/4226/4226 264/4227/4227
f 618/4228/4228 268/4229/4229 90/4230/4230
f 264/4231/4231 764/4232/4232 770/4233/4233
f 269/4234/4234 618/4235/4235 767/4236/4236
f 769/4237/4237 763/4238/4238 766/4239/4239
f 770/4240/4240 269/4241/4241 767/4242/4242
f 764/4243/4243 269/4244/4244 770/4245/4245
f 767/4246/4246 618/4247/4247 620/4248/4248
f 771/4249/4249 763/4250/4250 769/4251/4251
f 772/4252/4252 769/4253/4253 768/4254/4254
f 772/4255/4255 768/4256/4256 765/4257/4257
f 770/4258/4258 773/4259/4259 765/4260/4260
f 770/4261/4261 774/4262/4262 773/4263/4263
f 775/4264/4264 767/4265/4265 620/4266/4266
f 775/4267/4267 770/4268/4268 767/4269/4269
f 772/4270/4270 773/4271/4271 769/4272/4272
f 773/4273/4273 772/4274/4274 765/4275/4275
f 774/4276/4276 770/4277/4277 777/4278/4278
f 776/4279/4279 770/4280/4280 775/4281/4281
f 778/4282/4282 769/4283/4283 773/4284/4284
f 777/4285/4285 773/4286/4286 774/4287/4287
f 776/4288/4288 777/4289/4289 770/4290/4290
f 778/4291/4291 779/4292/4292 769/4293/4293
f 781/4294/4294 778/4295/4295 773/4296/4296
f 780/4297/4297 777/4298/4298 776/4299/4299
f 781/4300/4300 777/4301/4301 780/4302/4302
f 777/4303/4303 781/4304/4304 773/4305/4305
f 627/4306/4306 620/4307/4307 623/4308/4308
f 782/4309/4309 778/4310/4310 781/4311/4311
f 782/4312/4312 779/4313/4313 778/4314/4314
f 627/4315/4315 775/4316/4316 620/4317/4317
f 628/4318/4318 775/4319/4319 627/4320/4320
f 782/4321/4321 785/4322/4322 779/4323/4323
f 784/4324/4324 781/4325/4325 780/4326/4326
f 783/4327/4327 782/4328/4328 781/4329/4329
f 783/4330/4330 785/4331/4331 782/4332/4332
f 628/4333/4333 776/4334/4334 775/4335/4335
f 784/4336/4336 780/4337/4337 776/4338/4338
f 786/4339/4339 784/4340/4340 776/4341/4341
f 628/4342/4342 786/4343/4343 776/4344/4344
f 787/4345/4345 784/4346/4346 786/4347/4347
f 788/4348/4348 786/4349/4349 789/4350/4350
f 788/4351/4351 787/4352/4352 786/4353/4353
f 276/4354/4354 272/4355/4355 262/4356/4356
f 278/4357/4357 275/4358/4358 274/4359/4359
f 277/4360/4360 274/4361/4361 276/4362/4362
f 278/4363/4363 274/4364/4364 277/4365/4365
f 771/4366/4366 276/4367/4367 763/4368/4368
f 790/4369/4369 278/4370/4370 277/4371/4371
f 771/4372/4372 277/4373/4373 276/4374/4374
f 779/4375/4375 277/4376/4376 771/4377/4377
f 779/4378/4378 771/4379/4379 769/4380/4380
f 785/4381/4381 277/4382/4382 779/4383/4383
f 781/4384/4384 791/4385/4385 783/4386/4386
f 784/4387/4387 791/4388/4388 781/4389/4389
f 791/4390/4390 792/4391/4391 783/4392/4392
f 793/4393/4393 792/4394/4394 791/4395/4395
f 793/4396/4396 794/4397/4397 792/4398/4398
f 795/4399/4399 791/4400/4400 784/4401/4401
f 796/4402/4402 791/4403/4403 795/4404/4404
f 796/4405/4405 793/4406/4406 791/4407/4407
f 795/4408/4408 784/4409/4409 787/4410/4410
f 797/4411/4411 794/4412/4412 793/4413/4413
f 787/4414/4414 796/4415/4415 795/4416/4416
f 797/4417/4417 793/4418/4418 796/4419/4419
f 790/4420/4420 275/4421/4421 278/4422/4422
f 273/4423/4423 275/4424/4424 790/4425/4425
f 801/4426/4426 304/4427/4427 305/4428/4428
f 305/4429/4429 273/4430/4430 790/4431/4431
f 801/4432/4432 305/4433/4433 802/4434/4434
f 802/4435/4435 790/4436/4436 277/4437/4437
f 802/4438/4438 305/4439/4439 790/4440/4440
f 792/4441/4441 802/4442/4442 277/4443/4443
f 785/4444/4444 792/4445/4445 277/4446/4446
f 792/4447/4447 785/4448/4448 783/4449/4449
f 794/4450/4450 802/4451/4451 792/4452/4452
f 802/4453/4453 794/4454/4454 804/4455/4455
f 804/4456/4456 794/4457/4457 797/4458/4458
f 324/4459/4459 322/4460/4460 320/4461/4461
f 805/4462/4462 326/4463/4463 322/4464/4464
f 327/4465/4465 325/4466/4466 326/4467/4467
f 303/4468/4468 304/4469/4469 324/4470/4470
f 805/4471/4471 322/4472/4472 324/4473/4473
f 328/4474/4474 325/4475/4475 327/4476/4476
f 801/4477/4477 324/4478/4478 304/4479/4479
f 806/4480/4480 327/4481/4481 326/4482/4482
f 807/4483/4483 327/4484/4484 806/4485/4485
f 805/4486/4486 324/4487/4487 809/4488/4488
f 326/4489/4489 805/4490/4490 810/4491/4491
f 324/4492/4492 801/4493/4493 808/4494/4494
f 808/4495/4495 809/4496/4496 324/4497/4497
f 811/4498/4498 809/4499/4499 808/4500/4500
f 805/4501/4501 809/4502/4502 811/4503/4503
f 808/4504/4504 801/4505/4505 802/4506/4506
f 811/4507/4507 808/4508/4508 802/4509/4509
f 812/4510/4510 806/4511/4511 326/4512/4512
f 811/4513/4513 802/4514/4514 814/4515/4515
f 805/4516/4516 811/4517/4517 815/4518/4518
f 810/4519/4519 805/4520/4520 815/4521/4521
f 812/4522/4522 326/4523/4523 810/4524/4524
f 812/4525/4525 813/4526/4526 806/4527/4527
f 812/4528/4528 810/4529/4529 817/4530/4530
f 813/4531/4531 812/4532/4532 817/4533/4533
f 814/4534/4534 816/4535/4535 811/4536/4536
f 815/4537/4537 811/4538/4538 816/4539/4539
f 814/4540/4540 802/4541/4541 803/4542/4542
f 810/4543/4543 815/4544/4544 816/4545/4545
f 816/4546/4546 817/4547/4547 810/4548/4548
f 803/4549/4549 816/4550/4550 814/4551/4551
f 319/4552/4552 321/4553/4553 328/4554/4554
f 348/4555/4555 319/4556/4556 819/4557/4557
f 328/4558/4558 819/4559/4559 319/4560/4560
f 807/4561/4561 328/4562/4562 327/4563/4563
f 819/4564/4564 328/4565/4565 820/4566/4566
f 820/4567/4567 821/4568/4568 819/4569/4569
f 822/4570/4570 820/4571/4571 328/4572/4572
f 806/4573/4573 328/4574/4574 807/4575/4575
f 823/4576/4576 328/4577/4577 806/4578/4578
f 823/4579/4579 822/4580/4580 328/4581/4581
f 823/4582/4582 806/4583/4583 813/4584/4584
f 824/4585/4585 822/4586/4586 823/4587/4587
f 826/4588/4588 823/4589/4589 825/4590/4590
f 817/4591/4591 823/4592/4592 813/4593/4593
f 825/4594/4594 823/4595/4595 817/4596/4596
f 818/4597/4597 817/4598/4598 816/4599/4599
f 818/4600/4600 827/4601/4601 817/4602/4602
f 825/4603/4603 817/4604/4604 827/4605/4605
f 828/4606/4606 825/4607/4607 827/4608/4608
f 789/4609/4609 786/4610/4610 628/4611/4611
f 798/4612/4612 787/4613/4613 788/4614/4614
f 799/4615/4615 787/4616/4616 798/4617/4617
f 800/4618/4618 796/4619/4619 787/4620/4620
f 798/4621/4621 788/4622/4622 789/4623/4623
f 800/4624/4624 787/4625/4625 799/4626/4626
f 829/4627/4627 789/4628/4628 628/4629/4629
f 798/4630/4630 789/4631/4631 829/4632/4632
f 829/4633/4633 799/4634/4634 798/4635/4635
f 830/4636/4636 799/4637/4637 829/4638/4638
f 698/4639/4639 832/4640/4640 628/4641/4641
f 832/4642/4642 829/4643/4643 628/4644/4644
f 699/4645/4645 832/4646/4646 698/4647/4647
f 829/4648/4648 832/4649/4649 703/4650/4650
f 833/4651/4651 830/4652/4652 829/4653/4653
f 833/4654/4654 829/4655/4655 703/4656/4656
f 830/4657/4657 831/4658/4658 799/4659/4659
f 831/4660/4660 800/4661/4661 799/4662/4662
f 703/4663/4663 832/4664/4664 699/4665/4665
f 702/4666/4666 833/4667/4667 703/4668/4668
f 833/4669/4669 835/4670/4670 830/4671/4671
f 835/4672/4672 834/4673/4673 830/4674/4674
f 830/4675/4675 834/4676/4676 831/4677/4677
f 702/4678/4678 837/4679/4679 833/4680/4680
f 838/4681/4681 833/4682/4682 837/4683/4683
f 835/4684/4684 833/4685/4685 838/4686/4686
f 836/4687/4687 831/4688/4688 834/4689/4689
f 708/4690/4690 702/4691/4691 704/4692/4692
f 708/4693/4693 837/4694/4694 702/4695/4695
f 708/4696/4696 840/4697/4697 837/4698/4698
f 838/4699/4699 837/4700/4700 840/4701/4701
f 838/4702/4702 839/4703/4703 835/4704/4704
f 839/4705/4705 834/4706/4706 835/4707/4707
f 839/4708/4708 836/4709/4709 834/4710/4710
f 841/4711/4711 838/4712/4712 840/4713/4713
f 710/4714/4714 840/4715/4715 708/4716/4716
f 841/4717/4717 840/4718/4718 842/4719/4719
f 842/4720/4720 840/4721/4721 710/4722/4722
f 843/4723/4723 842/4724/4724 710/4725/4725
f 839/4726/4726 838/4727/4727 841/4728/4728
f 844/4729/4729 841/4730/4730 842/4731/4731
f 800/4732/4732 797/4733/4733 796/4734/4734
f 804/4735/4735 797/4736/4736 800/4737/4737
f 831/4738/4738 802/4739/4739 804/4740/4740
f 831/4741/4741 804/4742/4742 800/4743/4743
f 849/4744/4744 850/4745/4745 847/4746/4746
f 851/4747/4747 848/4748/4748 847/4749/4749
f 846/4750/4750 836/4751/4751 839/4752/4752
f 844/4753/4753 839/4754/4754 841/4755/4755
f 852/4756/4756 839/4757/4757 844/4758/4758
f 852/4759/4759 846/4760/4760 839/4761/4761
f 847/4762/4762 842/4763/4763 843/4764/4764
f 852/4765/4765 853/4766/4766 846/4767/4767
f 847/4768/4768 844/4769/4769 842/4770/4770
f 854/4771/4771 853/4772/4772 852/4773/4773
f 858/4774/4774 853/4775/4775 856/4776/4776
f 848/4777/4777 857/4778/4778 847/4779/4779
f 855/4780/4780 847/4781/4781 843/4782/4782
f 844/4783/4783 859/4784/4784 852/4785/4785
f 847/4786/4786 857/4787/4787 844/4788/4788
f 857/4789/4789 859/4790/4790 844/4791/4791
f 859/4792/4792 854/4793/4793 852/4794/4794
f 849/4795/4795 847/4796/4796 855/4797/4797
f 856/4798/4798 853/4799/4799 854/4800/4800
f 860/4801/4801 854/4802/4802 859/4803/4803
f 860/4804/4804 861/4805/4805 854/4806/4806
f 861/4807/4807 856/4808/4808 854/4809/4809
f 860/4810/4810 856/4811/4811 861/4812/4812
f 857/4813/4813 860/4814/4814 859/4815/4815
f 862/4816/4816 860/4817/4817 857/4818/4818
f 862/4819/4819 856/4820/4820 860/4821/4821
f 843/4822/4822 710/4823/4823 736/4824/4824
f 855/4825/4825 843/4826/4826 736/4827/4827
f 849/4828/4828 855/4829/4829 863/4830/4830
f 736/4831/4831 710/4832/4832 713/4833/4833
f 738/4834/4834 849/4835/4835 863/4836/4836
f 736/4837/4837 713/4838/4838 731/4839/4839
f 863/4840/4840 855/4841/4841 736/4842/4842
f 737/4843/4843 738/4844/4844 736/4845/4845
f 738/4846/4846 863/4847/4847 736/4848/4848
f 845/4849/4849 803/4850/4850 802/4851/4851
f 858/4852/4852 816/4853/4853 803/4854/4854
f 845/4855/4855 802/4856/4856 831/4857/4857
f 818/4858/4858 816/4859/4859 858/4860/4860
f 845/4861/4861 831/4862/4862 836/4863/4863
f 803/4864/4864 845/4865/4865 853/4866/4866
f 858/4867/4867 803/4868/4868 853/4869/4869
f 836/4870/4870 846/4871/4871 845/4872/4872
f 853/4873/4873 845/4874/4874 846/4875/4875
f 850/4876/4876 851/4877/4877 847/4878/4878
f 850/4879/4879 864/4880/4880 851/4881/4881
f 864/4882/4882 848/4883/4883 851/4884/4884
f 849/4885/4885 864/4886/4886 850/4887/4887
f 848/4888/4888 864/4889/4889 849/4890/4890
f 848/4891/4891 849/4892/4892 867/4893/4893
f 856/4894/4894 865/4895/4895 858/4896/4896
f 866/4897/4897 865/4898/4898 856/4899/4899
f 871/4900/4900 868/4901/4901 870/4902/4902
f 871/4903/4903 872/4904/4904 868/4905/4905
f 872/4906/4906 857/4907/4907 868/4908/4908
f 869/4909/4909 868/4910/4910 848/4911/4911
f 868/4912/4912 857/4913/4913 848/4914/4914
f 874/4915/4915 866/4916/4916 856/4917/4917
f 870/4918/4918 868/4919/4919 869/4920/4920
f 857/4921/4921 872/4922/4922 873/4923/4923
f 875/4924/4924 866/4925/4925 874/4926/4926
f 857/4927/4927 873/4928/4928 862/4929/4929
f 867/4930/4930 869/4931/4931 848/4932/4932
f 862/4933/4933 874/4934/4934 856/4935/4935
f 876/4936/4936 870/4937/4937 869/4938/4938
f 873/4939/4939 874/4940/4940 862/4941/4941
f 875/4942/4942 874/4943/4943 873/4944/4944
f 738/4945/4945 760/4946/4946 849/4947/4947
f 760/4948/4948 867/4949/4949 849/4950/4950
f 760/4951/4951 877/4952/4952 867/4953/4953
f 869/4954/4954 867/4955/4955 877/4956/4956
f 876/4957/4957 869/4958/4958 877/4959/4959
f 758/4960/4960 760/4961/4961 757/4962/4962
f 876/4963/4963 760/4964/4964 758/4965/4965
f 757/4966/4966 760/4967/4967 738/4968/4968
f 760/4969/4969 876/4970/4970 877/4971/4971
f 878/4972/4972 828/4973/4973 827/4974/4974
f 865/4975/4975 878/4976/4976 827/4977/4977
f 827/4978/4978 818/4979/4979 858/4980/4980
f 865/4981/4981 827/4982/4982 858/4983/4983
f 406/4984/4984 408/4985/4985 409/4986/4986
f 407/4987/4987 880/4988/4988 408/4989/4989
f 408/4990/4990 880/4991/4991 409/4992/4992
f 407/4993/4993 881/4994/4994 880/4995/4995
f 880/4996/4996 664/4997/4997 409/4998/4998
f 881/4999/4999 664/5000/5000 880/5001/5001
f 881/5002/5002 883/5003/5003 664/5004/5004
f 664/5005/5005 883/5006/5006 884/5007/5007
f 664/5008/5008 884/5009/5009 666/5010/5010
f 407/5011/5011 882/5012/5012 881/5013/5013
f 881/5014/5014 886/5015/5015 883/5016/5016
f 884/5017/5017 887/5018/5018 666/5019/5019
f 882/5020/5020 886/5021/5021 881/5022/5022
f 883/5023/5023 889/5024/5024 884/5025/5025
f 887/5026/5026 667/5027/5027 666/5028/5028
f 884/5029/5029 888/5030/5030 887/5031/5031
f 884/5032/5032 889/5033/5033 888/5034/5034
f 886/5035/5035 889/5036/5036 883/5037/5037
f 882/5038/5038 890/5039/5039 886/5040/5040
f 887/5041/5041 668/5042/5042 667/5043/5043
f 891/5044/5044 887/5045/5045 888/5046/5046
f 886/5047/5047 890/5048/5048 889/5049/5049
f 890/5050/5050 893/5051/5051 889/5052/5052
f 666/5053/5053 667/5054/5054 665/5055/5055
f 668/5056/5056 669/5057/5057 667/5058/5058
f 892/5059/5059 888/5060/5060 889/5061/5061
f 893/5062/5062 892/5063/5063 889/5064/5064
f 894/5065/5065 891/5066/5066 888/5067/5067
f 892/5068/5068 894/5069/5069 888/5070/5070
f 892/5071/5071 893/5072/5072 894/5073/5073
f 894/5074/5074 897/5075/5075 896/5076/5076
f 887/5077/5077 755/5078/5078 668/5079/5079
f 755/5080/5080 887/5081/5081 891/5082/5082
f 668/5083/5083 755/5084/5084 673/5085/5085
f 898/5086/5086 755/5087/5087 891/5088/5088
f 895/5089/5089 898/5090/5090 891/5091/5091
f 899/5092/5092 756/5093/5093 755/5094/5094
f 898/5095/5095 899/5096/5096 755/5097/5097
f 894/5098/5098 895/5099/5099 891/5100/5100
f 895/5101/5101 899/5102/5102 898/5103/5103
f 900/5104/5104 901/5105/5105 895/5106/5106
f 902/5107/5107 904/5108/5108 900/5109/5109
f 900/5110/5110 903/5111/5111 901/5112/5112
f 443/5113/5113 444/5114/5114 429/5115/5115
f 441/5116/5116 905/5117/5117 444/5118/5118
f 431/5119/5119 907/5120/5120 425/5121/5121
f 425/5122/5122 907/5123/5123 906/5124/5124
f 431/5125/5125 429/5126/5126 907/5127/5127
f 429/5128/5128 444/5129/5129 907/5130/5130
f 425/5131/5131 906/5132/5132 407/5133/5133
f 906/5134/5134 885/5135/5135 407/5136/5136
f 908/5137/5137 885/5138/5138 906/5139/5139
f 907/5140/5140 909/5141/5141 906/5142/5142
f 444/5143/5143 909/5144/5144 907/5145/5145
f 444/5146/5146 905/5147/5147 909/5148/5148
f 885/5149/5149 882/5150/5150 407/5151/5151
f 910/5152/5152 909/5153/5153 905/5154/5154
f 908/5155/5155 906/5156/5156 909/5157/5157
f 910/5158/5158 911/5159/5159 909/5160/5160
f 911/5161/5161 908/5162/5162 909/5163/5163
f 911/5164/5164 912/5165/5165 908/5166/5166
f 908/5167/5167 890/5168/5168 885/5169/5169
f 912/5170/5170 890/5171/5171 908/5172/5172
f 913/5173/5173 890/5174/5174 911/5175/5175
f 913/5176/5176 914/5177/5177 890/5178/5178
f 912/5179/5179 911/5180/5180 890/5181/5181
f 890/5182/5182 914/5183/5183 915/5184/5184
f 885/5185/5185 890/5186/5186 882/5187/5187
f 893/5188/5188 890/5189/5189 916/5190/5190
f 915/5191/5191 897/5192/5192 916/5193/5193
f 915/5194/5194 916/5195/5195 890/5196/5196
f 916/5197/5197 894/5198/5198 893/5199/5199
f 915/5200/5200 919/5201/5201 897/5202/5202
f 916/5203/5203 897/5204/5204 894/5205/5205
f 897/5206/5206 919/5207/5207 896/5208/5208
f 915/5209/5209 918/5210/5210 919/5211/5211
f 904/5212/5212 903/5213/5213 900/5214/5214
f 915/5215/5215 921/5216/5216 918/5217/5217
f 442/5218/5218 905/5219/5219 441/5220/5220
f 440/5221/5221 446/5222/5222 445/5223/5223
f 442/5224/5224 445/5225/5225 905/5226/5226
f 446/5227/5227 456/5228/5228 922/5229/5229
f 445/5230/5230 446/5231/5231 922/5232/5232
f 445/5233/5233 922/5234/5234 905/5235/5235
f 905/5236/5236 913/5237/5237 910/5238/5238
f 922/5239/5239 913/5240/5240 905/5241/5241
f 923/5242/5242 913/5243/5243 922/5244/5244
f 910/5245/5245 913/5246/5246 911/5247/5247
f 924/5248/5248 917/5249/5249 914/5250/5250
f 925/5251/5251 926/5252/5252 924/5253/5253
f 917/5254/5254 915/5255/5255 914/5256/5256
f 926/5257/5257 917/5258/5258 924/5259/5259
f 927/5260/5260 917/5261/5261 926/5262/5262
f 456/5263/5263 455/5264/5264 929/5265/5265
f 455/5266/5266 457/5267/5267 929/5268/5268
f 457/5269/5269 931/5270/5270 930/5271/5271
f 457/5272/5272 461/5273/5273 931/5274/5274
f 931/5275/5275 461/5276/5276 932/5277/5277
f 461/5278/5278 460/5279/5279 932/5280/5280
f 451/5281/5281 456/5282/5282 446/5283/5283
f 462/5284/5284 463/5285/5285 460/5286/5286
f 929/5287/5287 930/5288/5288 933/5289/5289
f 456/5290/5290 929/5291/5291 934/5292/5292
f 933/5293/5293 934/5294/5294 929/5295/5295
f 929/5296/5296 457/5297/5297 930/5298/5298
f 931/5299/5299 935/5300/5300 930/5301/5301
f 463/5302/5302 936/5303/5303 932/5304/5304
f 460/5305/5305 463/5306/5306 932/5307/5307
f 922/5308/5308 456/5309/5309 938/5310/5310
f 456/5311/5311 934/5312/5312 938/5313/5313
f 936/5314/5314 939/5315/5315 932/5316/5316
f 463/5317/5317 940/5318/5318 936/5319/5319
f 937/5320/5320 940/5321/5321 463/5322/5322
f 941/5323/5323 931/5324/5324 932/5325/5325
f 464/5326/5326 937/5327/5327 463/5328/5328
f 939/5329/5329 941/5330/5330 932/5331/5331
f 935/5332/5332 931/5333/5333 941/5334/5334
f 941/5335/5335 942/5336/5336 935/5337/5337
f 943/5338/5338 942/5339/5339 944/5340/5340
f 944/5341/5341 942/5342/5342 941/5343/5343
f 944/5344/5344 941/5345/5345 945/5346/5346
f 923/5347/5347 922/5348/5348 938/5349/5349
f 934/5350/5350 923/5351/5351 938/5352/5352
f 933/5353/5353 923/5354/5354 934/5355/5355
f 935/5356/5356 933/5357/5357 930/5358/5358
f 939/5359/5359 936/5360/5360 940/5361/5361
f 935/5362/5362 925/5363/5363 933/5364/5364
f 948/5365/5365 939/5366/5366 947/5367/5367
f 942/5368/5368 949/5369/5369 935/5370/5370
f 945/5371/5371 941/5372/5372 939/5373/5373
f 948/5374/5374 945/5375/5375 939/5376/5376
f 950/5377/5377 948/5378/5378 947/5379/5379
f 943/5380/5380 949/5381/5381 942/5382/5382
f 937/5383/5383 946/5384/5384 952/5385/5385
f 937/5386/5386 952/5387/5387 940/5388/5388
f 947/5389/5389 939/5390/5390 940/5391/5391
f 947/5392/5392 940/5393/5393 952/5394/5394
f 949/5395/5395 925/5396/5396 935/5397/5397
f 923/5398/5398 951/5399/5399 913/5400/5400
f 925/5401/5401 951/5402/5402 933/5403/5403
f 949/5404/5404 955/5405/5405 925/5406/5406
f 913/5407/5407 951/5408/5408 914/5409/5409
f 951/5410/5410 924/5411/5411 914/5412/5412
f 925/5413/5413 924/5414/5414 951/5415/5415
f 925/5416/5416 955/5417/5417 926/5418/5418
f 927/5419/5419 928/5420/5420 917/5421/5421
f 959/5422/5422 956/5423/5423 928/5424/5424
f 945/5425/5425 961/5426/5426 944/5427/5427
f 961/5428/5428 943/5429/5429 944/5430/5430
f 962/5431/5431 943/5432/5432 961/5433/5433
f 962/5434/5434 949/5435/5435 943/5436/5436
f 963/5437/5437 962/5438/5438 961/5439/5439
f 948/5440/5440 961/5441/5441 945/5442/5442
f 963/5443/5443 961/5444/5444 965/5445/5445
f 962/5446/5446 966/5447/5447 949/5448/5448
f 964/5449/5449 966/5450/5450 962/5451/5451
f 964/5452/5452 962/5453/5453 963/5454/5454
f 965/5455/5455 961/5456/5456 948/5457/5457
f 967/5458/5458 963/5459/5459 965/5460/5460
f 967/5461/5461 964/5462/5462 963/5463/5463
f 965/5464/5464 948/5465/5465 950/5466/5466
f 967/5467/5467 968/5468/5468 964/5469/5469
f 964/5470/5470 969/5471/5471 966/5472/5472
f 969/5473/5473 964/5474/5474 968/5475/5475
f 949/5476/5476 966/5477/5477 955/5478/5478
f 967/5479/5479 965/5480/5480 970/5481/5481
f 966/5482/5482 971/5483/5483 955/5484/5484
f 973/5485/5485 967/5486/5486 972/5487/5487
f 967/5488/5488 973/5489/5489 968/5490/5490
f 969/5491/5491 974/5492/5492 966/5493/5493
f 970/5494/5494 972/5495/5495 967/5496/5496
f 955/5497/5497 975/5498/5498 926/5499/5499
f 971/5500/5500 975/5501/5501 955/5502/5502
f 968/5503/5503 973/5504/5504 976/5505/5505
f 966/5506/5506 974/5507/5507 971/5508/5508
f 974/5509/5509 975/5510/5510 971/5511/5511
f 968/5512/5512 976/5513/5513 969/5514/5514
f 974/5515/5515 977/5516/5516 975/5517/5517
f 969/5518/5518 978/5519/5519 974/5520/5520
f 926/5521/5521 975/5522/5522 927/5523/5523
f 974/5524/5524 979/5525/5525 977/5526/5526
f 976/5527/5527 978/5528/5528 969/5529/5529
f 975/5530/5530 977/5531/5531 927/5532/5532
f 974/5533/5533 978/5534/5534 979/5535/5535
f 973/5536/5536 972/5537/5537 980/5538/5538
f 980/5539/5539 976/5540/5540 973/5541/5541
f 981/5542/5542 976/5543/5543 980/5544/5544
f 977/5545/5545 928/5546/5546 927/5547/5547
f 981/5548/5548 980/5549/5549 960/5550/5550
f 978/5551/5551 981/5552/5552 979/5553/5553
f 976/5554/5554 981/5555/5555 978/5556/5556
f 981/5557/5557 960/5558/5558 979/5559/5559
f 977/5560/5560 979/5561/5561 982/5562/5562
f 958/5563/5563 957/5564/5564 960/5565/5565
f 982/5566/5566 959/5567/5567 928/5568/5568
f 977/5569/5569 982/5570/5570 928/5571/5571
f 896/5572/5572 902/5573/5573 894/5574/5574
f 756/5575/5575 746/5576/5576 745/5577/5577
f 746/5578/5578 983/5579/5579 749/5580/5580
f 983/5581/5581 751/5582/5582 749/5583/5583
f 751/5584/5584 983/5585/5585 752/5586/5586
f 752/5587/5587 983/5588/5588 753/5589/5589
f 895/5590/5590 901/5591/5591 756/5592/5592
f 895/5593/5593 756/5594/5594 899/5595/5595
f 902/5596/5596 895/5597/5597 894/5598/5598
f 902/5599/5599 900/5600/5600 895/5601/5601
f 903/5602/5602 920/5603/5603 901/5604/5604
f 756/5605/5605 745/5606/5606 755/5607/5607
f 901/5608/5608 746/5609/5609 756/5610/5610
f 920/5611/5611 746/5612/5612 901/5613/5613
f 920/5614/5614 984/5615/5615 746/5616/5616
f 984/5617/5617 983/5618/5618 746/5619/5619
f 983/5620/5620 984/5621/5621 985/5622/5622
f 985/5623/5623 986/5624/5624 983/5625/5625
f 986/5626/5626 987/5627/5627 983/5628/5628
f 753/5629/5629 983/5630/5630 987/5631/5631
f 985/5632/5632 988/5633/5633 986/5634/5634
f 988/5635/5635 987/5636/5636 986/5637/5637
f 989/5638/5638 987/5639/5639 988/5640/5640
f 989/5641/5641 991/5642/5642 987/5643/5643
f 752/5644/5644 992/5645/5645 733/5646/5646
f 990/5647/5647 758/5648/5648 759/5649/5649
f 753/5650/5650 992/5651/5651 752/5652/5652
f 991/5653/5653 992/5654/5654 753/5655/5655
f 994/5656/5656 993/5657/5657 990/5658/5658
f 991/5659/5659 753/5660/5660 987/5661/5661
f 990/5662/5662 759/5663/5663 997/5664/5664
f 992/5665/5665 990/5666/5666 997/5667/5667
f 991/5668/5668 990/5669/5669 992/5670/5670
f 990/5671/5671 991/5672/5672 994/5673/5673
f 991/5674/5674 998/5675/5675 994/5676/5676
f 999/5677/5677 995/5678/5678 994/5679/5679
f 998/5680/5680 999/5681/5681 994/5682/5682
f 999/5683/5683 996/5684/5684 995/5685/5685
f 919/5686/5686 918/5687/5687 896/5688/5688
f 896/5689/5689 918/5690/5690 902/5691/5691
f 918/5692/5692 904/5693/5693 902/5694/5694
f 904/5695/5695 918/5696/5696 1000/5697/5697
f 917/5698/5698 921/5699/5699 915/5700/5700
f 920/5701/5701 903/5702/5702 904/5703/5703
f 1000/5704/5704 920/5705/5705 904/5706/5706
f 921/5707/5707 1000/5708/5708 918/5709/5709
f 917/5710/5710 1001/5711/5711 921/5712/5712
f 1000/5713/5713 921/5714/5714 920/5715/5715
f 1003/5716/5716 1004/5717/5717 1002/5718/5718
f 1006/5719/5719 1002/5720/5720 1004/5721/5721
f 1006/5722/5722 1005/5723/5723 1002/5724/5724
f 921/5725/5725 1007/5726/5726 920/5727/5727
f 1001/5728/5728 1007/5729/5729 921/5730/5730
f 1007/5731/5731 984/5732/5732 920/5733/5733
f 1001/5734/5734 1008/5735/5735 1007/5736/5736
f 1008/5737/5737 1010/5738/5738 1007/5739/5739
f 1007/5740/5740 1009/5741/5741 984/5742/5742
f 1008/5743/5743 1013/5744/5744 1010/5745/5745
f 1011/5746/5746 1006/5747/5747 1014/5748/5748
f 1009/5749/5749 1007/5750/5750 1012/5751/5751
f 1007/5752/5752 1015/5753/5753 1012/5754/5754
f 1010/5755/5755 1015/5756/5756 1007/5757/5757
f 1009/5758/5758 989/5759/5759 984/5760/5760
f 989/5761/5761 985/5762/5762 984/5763/5763
f 1009/5764/5764 1012/5765/5765 989/5766/5766
f 1013/5767/5767 1017/5768/5768 1010/5769/5769
f 1012/5770/5770 1015/5771/5771 989/5772/5772
f 1013/5773/5773 1014/5774/5774 1018/5775/5775
f 985/5776/5776 989/5777/5777 988/5778/5778
f 1014/5779/5779 1016/5780/5780 1018/5781/5781
f 1017/5782/5782 1015/5783/5783 1010/5784/5784
f 1013/5785/5785 1018/5786/5786 1017/5787/5787
f 1017/5788/5788 998/5789/5789 989/5790/5790
f 1019/5791/5791 1016/5792/5792 996/5793/5793
f 1015/5794/5794 1017/5795/5795 989/5796/5796
f 1018/5797/5797 1016/5798/5798 1019/5799/5799
f 989/5800/5800 998/5801/5801 991/5802/5802
f 1017/5803/5803 1018/5804/5804 1019/5805/5805
f 998/5806/5806 1019/5807/5807 999/5808/5808
f 996/5809/5809 999/5810/5810 1019/5811/5811
f 1017/5812/5812 1019/5813/5813 998/5814/5814
f 1022/5815/5815 1023/5816/5816 1024/5817/5817
f 1025/5818/5818 1020/5819/5819 928/5820/5820
f 1026/5821/5821 1023/5822/5822 1022/5823/5823
f 956/5824/5824 1025/5825/5825 928/5826/5826
f 956/5827/5827 1026/5828/5828 1025/5829/5829
f 960/5830/5830 957/5831/5831 1027/5832/5832
f 979/5833/5833 960/5834/5834 1027/5835/5835
f 1029/5836/5836 1021/5837/5837 1030/5838/5838
f 928/5839/5839 1020/5840/5840 1001/5841/5841
f 1020/5842/5842 1026/5843/5843 1022/5844/5844
f 1025/5845/5845 1026/5846/5846 1020/5847/5847
f 1026/5848/5848 957/5849/5849 1023/5850/5850
f 957/5851/5851 1026/5852/5852 1027/5853/5853
f 956/5854/5854 1028/5855/5855 1026/5856/5856
f 1028/5857/5857 1027/5858/5858 1026/5859/5859
f 1029/5860/5860 1003/5861/5861 1002/5862/5862
f 1023/5863/5863 1021/5864/5864 1032/5865/5865
f 1022/5866/5866 1024/5867/5867 1020/5868/5868
f 928/5869/5869 1001/5870/5870 917/5871/5871
f 1032/5872/5872 1021/5873/5873 1029/5874/5874
f 1020/5875/5875 1033/5876/5876 1001/5877/5877
f 1024/5878/5878 1033/5879/5879 1020/5880/5880
f 1005/5881/5881 1029/5882/5882 1002/5883/5883
f 1032/5884/5884 1005/5885/5885 1008/5886/5886
f 1005/5887/5887 1032/5888/5888 1029/5889/5889
f 1034/5890/5890 1032/5891/5891 1008/5892/5892
f 1023/5893/5893 1034/5894/5894 1024/5895/5895
f 1023/5896/5896 1032/5897/5897 1034/5898/5898
f 1006/5899/5899 1011/5900/5900 1005/5901/5901
f 1034/5902/5902 1008/5903/5903 1024/5904/5904
f 1001/5905/5905 1033/5906/5906 1024/5907/5907
f 1024/5908/5908 1008/5909/5909 1001/5910/5910
f 1013/5911/5911 1008/5912/5912 1005/5913/5913
f 1005/5914/5914 1011/5915/5915 1013/5916/5916
f 1011/5917/5917 1014/5918/5918 1013/5919/5919
f 959/5920/5920 1028/5921/5921 956/5922/5922
f 982/5923/5923 1028/5924/5924 959/5925/5925
f 982/5926/5926 979/5927/5927 1028/5928/5928
f 1028/5929/5929 979/5930/5930 1027/5931/5931
f 733/5932/5932 997/5933/5933 761/5934/5934
f 997/5935/5935 759/5936/5936 761/5937/5937
f 992/5938/5938 997/5939/5939 733/5940/5940
f 1035/5941/5941 348/5942/5942 819/5943/5943
f 821/5944/5944 1035/5945/5945 819/5946/5946
f 554/5947/5947 348/5948/5948 1035/5949/5949
f 1035/5950/5950 821/5951/5951 554/5952/5952
f 1036/5953/5953 568/5954/5954 554/5955/5955
f 822/5956/5956 821/5957/5957 820/5958/5958
f 821/5959/5959 822/5960/5960 554/5961/5961
f 1036/5962/5962 554/5963/5963 1037/5964/5964
f 1038/5965/5965 1039/5966/5966 1037/5967/5967
f 1039/5968/5968 1036/5969/5969 1037/5970/5970
f 1037/5971/5971 1040/5972/5972 1038/5973/5973
f 554/5974/5974 1040/5975/5975 1037/5976/5976
f 822/5977/5977 1040/5978/5978 554/5979/5979
f 1040/5980/5980 822/5981/5981 824/5982/5982
f 1038/5983/5983 1040/5984/5984 1041/5985/5985
f 1041/5986/5986 1042/5987/5987 1038/5988/5988
f 1040/5989/5989 824/5990/5990 826/5991/5991
f 1043/5992/5992 1041/5993/5993 826/5994/5994
f 1040/5995/5995 826/5996/5996 1041/5997/5997
f 1044/5998/5998 1041/5999/5999 1043/6000/6000
f 826/6001/6001 824/6002/6002 823/6003/6003
f 1045/6004/6004 826/6005/6005 825/6006/6006
f 1043/6007/6007 826/6008/6008 1045/6009/6009
f 1045/6010/6010 825/6011/6011 828/6012/6012
f 1045/6013/6013 1046/6014/6014 1043/6015/6015
f 878/6016/6016 1045/6017/6017 828/6018/6018
f 878/6019/6019 1046/6020/6020 1045/6021/6021
f 1052/6022/6022 1051/6023/6023 1050/6024/6024
f 1050/6025/6025 1054/6026/6026 1053/6027/6027
f 1050/6028/6028 1055/6029/6029 1054/6030/6030
f 1058/6031/6031 1056/6032/6032 1055/6033/6033
f 1055/6034/6034 1057/6035/6035 1058/6036/6036
f 348/6037/6037 554/6038/6038 568/6039/6039
f 566/6040/6040 568/6041/6041 1036/6042/6042
f 1036/6043/6043 567/6044/6044 566/6045/6045
f 1049/6046/6046 1036/6047/6047 1039/6048/6048
f 1059/6049/6049 1036/6050/6050 1049/6051/6051
f 1059/6052/6052 1049/6053/6053 1050/6054/6054
f 1051/6055/6055 1059/6056/6056 1050/6057/6057
f 1042/6058/6058 1039/6059/6059 1038/6060/6060
f 1042/6061/6061 1049/6062/6062 1039/6063/6063
f 1049/6064/6064 1042/6065/6065 1050/6066/6066
f 1044/6067/6067 1050/6068/6068 1042/6069/6069
f 1044/6070/6070 1042/6071/6071 1041/6072/6072
f 1055/6073/6073 1050/6074/6074 1044/6075/6075
f 1047/6076/6076 1044/6077/6077 1043/6078/6078
f 1055/6079/6079 1044/6080/6080 1057/6081/6081
f 1055/6082/6082 1056/6083/6083 1054/6084/6084
f 1046/6085/6085 1047/6086/6086 1043/6087/6087
f 1057/6088/6088 1044/6089/6089 1047/6090/6090
f 1048/6091/6091 1047/6092/6092 1046/6093/6093
f 1048/6094/6094 1057/6095/6095 1047/6096/6096
f 476/6097/6097 582/6098/6098 1060/6099/6099
f 583/6100/6100 1060/6101/6101 582/6102/6102
f 462/6103/6103 601/6104/6104 464/6105/6105
f 601/6106/6106 476/6107/6107 1060/6108/6108
f 464/6109/6109 601/6110/6110 1060/6111/6111
f 1060/6112/6112 946/6113/6113 464/6114/6114
f 946/6115/6115 937/6116/6116 464/6117/6117
f 1062/6118/6118 1051/6119/6119 1052/6120/6120
f 1060/6121/6121 583/6122/6122 946/6123/6123
f 1062/6124/6124 1052/6125/6125 1063/6126/6126
f 946/6127/6127 953/6128/6128 952/6129/6129
f 1053/6130/6130 1063/6131/6131 1052/6132/6132
f 946/6133/6133 1065/6134/6134 953/6135/6135
f 1053/6136/6136 1052/6137/6137 1050/6138/6138
f 953/6139/6139 1064/6140/6140 952/6141/6141
f 954/6142/6142 947/6143/6143 952/6144/6144
f 947/6145/6145 954/6146/6146 950/6147/6147
f 1064/6148/6148 954/6149/6149 952/6150/6150
f 953/6151/6151 1065/6152/6152 1066/6153/6153
f 1063/6154/6154 1067/6155/6155 1068/6156/6156
f 1067/6157/6157 1063/6158/6158 1053/6159/6159
f 946/6160/6160 1069/6161/6161 1065/6162/6162
f 1066/6163/6163 1064/6164/6164 953/6165/6165
f 1066/6166/6166 1072/6167/6167 1064/6168/6168
f 1070/6169/6169 1063/6170/6170 1068/6171/6171
f 1065/6172/6172 1069/6173/6173 1070/6174/6174
f 1067/6175/6175 1053/6176/6176 1074/6177/6177
f 1068/6178/6178 1067/6179/6179 1073/6180/6180
f 1073/6181/6181 1072/6182/6182 1066/6183/6183
f 1066/6184/6184 1065/6185/6185 1073/6186/6186
f 1070/6187/6187 1068/6188/6188 1073/6189/6189
f 1065/6190/6190 1070/6191/6191 1073/6192/6192
f 950/6193/6193 954/6194/6194 1075/6195/6195
f 1071/6196/6196 1053/6197/6197 1054/6198/6198
f 1071/6199/6199 1074/6200/6200 1053/6201/6201
f 1067/6202/6202 1076/6203/6203 1073/6204/6204
f 1074/6205/6205 1076/6206/6206 1067/6207/6207
f 1072/6208/6208 1078/6209/6209 1064/6210/6210
f 1073/6211/6211 1077/6212/6212 1072/6213/6213
f 1056/6214/6214 1071/6215/6215 1054/6216/6216
f 1078/6217/6217 1079/6218/6218 1064/6219/6219
f 1064/6220/6220 1079/6221/6221 954/6222/6222
f 1079/6223/6223 1075/6224/6224 954/6225/6225
f 1077/6226/6226 1078/6227/6227 1072/6228/6228
f 1074/6229/6229 1071/6230/6230 1056/6231/6231
f 1076/6232/6232 1077/6233/6233 1073/6234/6234
f 1081/6235/6235 1079/6236/6236 1080/6237/6237
f 1081/6238/6238 1075/6239/6239 1079/6240/6240
f 1078/6241/6241 1082/6242/6242 1079/6243/6243
f 1081/6244/6244 958/6245/6245 1075/6246/6246
f 958/6247/6247 1081/6248/6248 1084/6249/6249
f 1080/6250/6250 1085/6251/6251 1086/6252/6252
f 1074/6253/6253 1056/6254/6254 1083/6255/6255
f 1084/6256/6256 1081/6257/6257 1080/6258/6258
f 1084/6259/6259 1080/6260/6260 1086/6261/6261
f 1084/6262/6262 1086/6263/6263 1031/6264/6264
f 1078/6265/6265 1077/6266/6266 1082/6267/6267
f 1077/6268/6268 1076/6269/6269 1082/6270/6270
f 1023/6271/6271 957/6272/6272 1084/6273/6273
f 958/6274/6274 1084/6275/6275 957/6276/6276
f 1051/6277/6277 567/6278/6278 1059/6279/6279
f 1062/6280/6280 567/6281/6281 1051/6282/6282
f 591/6283/6283 567/6284/6284 1062/6285/6285
f 1059/6286/6286 567/6287/6287 1036/6288/6288
f 601/6289/6289 462/6290/6290 475/6291/6291
f 598/6292/6292 600/6293/6293 580/6294/6294
f 597/6295/6295 1087/6296/6296 594/6297/6297
f 599/6298/6298 1087/6299/6299 597/6300/6300
f 580/6301/6301 1061/6302/6302 583/6303/6303
f 580/6304/6304 600/6305/6305 1061/6306/6306
f 594/6307/6307 1087/6308/6308 1088/6309/6309
f 594/6310/6310 1088/6311/6311 600/6312/6312
f 600/6313/6313 1088/6314/6314 1061/6315/6315
f 1061/6316/6316 946/6317/6317 583/6318/6318
f 599/6319/6319 1062/6320/6320 1063/6321/6321
f 1087/6322/6322 1089/6323/6323 1088/6324/6324
f 1089/6325/6325 1087/6326/6326 599/6327/6327
f 1088/6328/6328 1069/6329/6329 1061/6330/6330
f 1089/6331/6331 599/6332/6332 1069/6333/6333
f 1061/6334/6334 1069/6335/6335 946/6336/6336
f 1069/6337/6337 599/6338/6338 1063/6339/6339
f 1088/6340/6340 1089/6341/6341 1069/6342/6342
f 970/6343/6343 965/6344/6344 950/6345/6345
f 1069/6346/6346 1063/6347/6347 1070/6348/6348
f 970/6349/6349 950/6350/6350 1075/6351/6351
f 958/6352/6352 970/6353/6353 1075/6354/6354
f 972/6355/6355 970/6356/6356 958/6357/6357
f 980/6358/6358 972/6359/6359 960/6360/6360
f 960/6361/6361 972/6362/6362 958/6363/6363
f 599/6364/6364 591/6365/6365 1062/6366/6366
f 1090/6367/6367 872/6368/6368 1091/6369/6369
f 1091/6370/6370 872/6371/6371 871/6372/6372
f 1095/6373/6373 1091/6374/6374 1092/6375/6375
f 1090/6376/6376 1093/6377/6377 872/6378/6378
f 1096/6379/6379 1090/6380/6380 1091/6381/6381
f 866/6382/6382 879/6383/6383 865/6384/6384
f 875/6385/6385 879/6386/6386 866/6387/6387
f 1098/6388/6388 1091/6389/6389 871/6390/6390
f 1092/6391/6391 1091/6392/6392 1099/6393/6393
f 1093/6394/6394 1097/6395/6395 872/6396/6396
f 1101/6397/6397 1095/6398/6398 1092/6399/6399
f 1100/6400/6400 1101/6401/6401 1092/6402/6402
f 1095/6403/6403 1096/6404/6404 1091/6405/6405
f 1102/6406/6406 879/6407/6407 1097/6408/6408
f 1098/6409/6409 871/6410/6410 870/6411/6411
f 873/6412/6412 872/6413/6413 1097/6414/6414
f 1099/6415/6415 1091/6416/6416 1098/6417/6417
f 875/6418/6418 1097/6419/6419 879/6420/6420
f 1099/6421/6421 1098/6422/6422 870/6423/6423
f 1097/6424/6424 875/6425/6425 873/6426/6426
f 1092/6427/6427 1099/6428/6428 1103/6429/6429
f 870/6430/6430 876/6431/6431 1099/6432/6432
f 1103/6433/6433 876/6434/6434 758/6435/6435
f 758/6436/6436 993/6437/6437 1103/6438/6438
f 1103/6439/6439 1099/6440/6440 876/6441/6441
f 993/6442/6442 1092/6443/6443 1103/6444/6444
f 993/6445/6445 758/6446/6446 990/6447/6447
f 996/6448/6448 1092/6449/6449 993/6450/6450
f 996/6451/6451 1100/6452/6452 1092/6453/6453
f 995/6454/6454 993/6455/6455 994/6456/6456
f 995/6457/6457 996/6458/6458 993/6459/6459
f 1094/6460/6460 1046/6461/6461 878/6462/6462
f 1094/6463/6463 878/6464/6464 865/6465/6465
f 879/6466/6466 1048/6467/6467 1094/6468/6468
f 879/6469/6469 1094/6470/6470 865/6471/6471
f 1104/6472/6472 1056/6473/6473 1058/6474/6474
f 1104/6475/6475 1058/6476/6476 1057/6477/6477
f 1105/6478/6478 1106/6479/6479 1108/6480/6480
f 1104/6481/6481 1057/6482/6482 1048/6483/6483
f 1106/6484/6484 1110/6485/6485 1108/6486/6486
f 1105/6487/6487 1108/6488/6488 1109/6489/6489
f 1110/6490/6490 1093/6491/6491 1108/6492/6492
f 1104/6493/6493 1110/6494/6494 1106/6495/6495
f 1004/6496/6496 1003/6497/6497 1111/6498/6498
f 1111/6499/6499 1006/6500/6500 1004/6501/6501
f 1048/6502/6502 879/6503/6503 1104/6504/6504
f 1108/6505/6505 1093/6506/6506 1090/6507/6507
f 1110/6508/6508 1104/6509/6509 1102/6510/6510
f 1109/6511/6511 1108/6512/6512 1096/6513/6513
f 1110/6514/6514 1102/6515/6515 1093/6516/6516
f 1111/6517/6517 1112/6518/6518 1100/6519/6519
f 1003/6520/6520 1112/6521/6521 1111/6522/6522
f 1112/6523/6523 1003/6524/6524 1109/6525/6525
f 1104/6526/6526 879/6527/6527 1102/6528/6528
f 1096/6529/6529 1108/6530/6530 1090/6531/6531
f 1016/6532/6532 1111/6533/6533 1100/6534/6534
f 1016/6535/6535 1014/6536/6536 1006/6537/6537
f 1101/6538/6538 1096/6539/6539 1095/6540/6540
f 1093/6541/6541 1102/6542/6542 1097/6543/6543
f 1100/6544/6544 1112/6545/6545 1096/6546/6546
f 1112/6547/6547 1109/6548/6548 1096/6549/6549
f 1016/6550/6550 1100/6551/6551 996/6552/6552
f 1006/6553/6553 1111/6554/6554 1016/6555/6555
f 1048/6556/6556 1046/6557/6557 1094/6558/6558
f 1080/6559/6559 1079/6560/6560 1113/6561/6561
f 1085/6562/6562 1113/6563/6563 1107/6564/6564
f 1085/6565/6565 1080/6566/6566 1113/6567/6567
f 1074/6568/6568 1083/6569/6569 1076/6570/6570
f 1023/6571/6571 1084/6572/6572 1021/6573/6573
f 1083/6574/6574 1056/6575/6575 1104/6576/6576
f 1113/6577/6577 1079/6578/6578 1106/6579/6579
f 1079/6580/6580 1082/6581/6581 1106/6582/6582
f 1031/6583/6583 1086/6584/6584 1030/6585/6585
f 1085/6586/6586 1030/6587/6587 1086/6588/6588
f 1021/6589/6589 1031/6590/6590 1030/6591/6591
f 1076/6592/6592 1083/6593/6593 1082/6594/6594
f 1021/6595/6595 1084/6596/6596 1031/6597/6597
f 1113/6598/6598 1106/6599/6599 1105/6600/6600
f 1107/6601/6601 1113/6602/6602 1105/6603/6603
f 1030/6604/6604 1003/6605/6605 1029/6606/6606
f 1083/6607/6607 1104/6608/6608 1082/6609/6609
f 1030/6610/6610 1114/6611/6611 1003/6612/6612
f 1085/6613/6613 1114/6614/6614 1030/6615/6615
f 1114/6616/6616 1085/6617/6617 1107/6618/6618
f 1109/6619/6619 1107/6620/6620 1105/6621/6621
f 1107/6622/6622 1109/6623/6623 1003/6624/6624
f 1082/6625/6625 1104/6626/6626 1106/6627/6627
f 1003/6628/6628 1114/6629/6629 1107/6630/6630
f 1100/6631/6631 1096/6632/6632 1101/6633/6633
f 933/6634/6634 951/6635/6635 923/6636/6636
f 727/6637/6637 729/6638/6638 726/6639/6639
f 542/6640/6640 545/6641/6641 538/6642/6642
f 131/6643/6643 136/6644/6644 80/6645/6645
f 53/6646/6646 55/6647/6647 52/6648/6648
