# File exported by Houdini 16.5.405 (www.sidefx.com)
# 247 points
# 1470 vertices
# 490 primitives
# Bounds: [-93.2575607, -1.40333414, -60.3625946] to [93.1328812, 53.6361504, 60.2720528]
g 
v 84.1428909 -1.34279799 30.716568
v -71.558197 33.5846596 -5.59578562
v 16.7280407 19.2453709 -53.9250488
v -43.919136 21.3582859 -50.4476433
v 61.436306 31.183075 17.2404919
v -24.8364868 43.5704346 -30.6523361
v 80.7167587 0.576291978 -22.0934639
v 77.9492569 28.9460945 7.98347235
v -29.5477314 -0.384870172 -20.6625748
v -35.5986671 -1.33334494 45.2981224
v -45.7373619 23.0426483 -16.6467285
v -24.3947048 46.3706551 44.0324059
v 66.7244568 30.5771027 -32.1362305
v -75.5289764 17.7986031 47.2954407
v 2.55650926 22.3795319 -42.6100883
v 89.7103043 17.5014343 4.33407831
v -46.8390236 20.1828461 45.1786499
v 0.21951367 38.687336 58.6201096
v -10.172143 1.26612437 -59.7054214
v 68.0453262 28.6190796 26.705307
v -69.1925201 0.380073071 -35.0847931
v -25.5334816 19.5649624 54.9316139
v -18.1835747 10.8824434 -60.3625946
v 12.5859365 44.3540688 22.9102783
v -73.439476 22.5379181 -9.7380619
v 79.6670456 17.2796707 37.7119179
v -93.2575607 45.6983643 22.7074337
v -90.1742935 17.9157391 16.0725193
v 52.9068375 39.3657951 28.0021839
v -9.56704617 42.0697594 -22.6466675
v -4.69301701 -1.16899133 56.68787
v -39.4752846 46.2090683 -20.4333382
v 75.6181183 -0.696014583 38.8683739
v 2.3145802 20.2876339 -42.9358978
v 71.4136505 19.6313953 21.1606636
v -80.6137314 36.9639359 23.4596348
v 82.0735931 18.3410511 -18.9293537
v 42.9576416 -0.281555682 -48.2143326
v -0.222035393 15.378336 52.289444
v -59.9944382 -1.24777269 53.4669533
v -1.40485513 0.26407069 -54.315239
v -22.0388126 42.9576073 43.714798
v 92.5930862 7.18821096 2.70321488
v -75.046524 -0.330923259 -0.787689149
v 31.0798874 36.9079094 -49.0021019
v 45.6826248 34.125721 -9.27018547
v 53.9645348 20.5793209 37.7302094
v -91.4971542 53.6361504 15.210701
v 78.8195419 -0.590900838 -23.043829
v -30.0979099 16.9770145 40.5556793
v 58.5553703 18.8244972 -42.5764198
v -40.6307144 27.2458305 -27.9897461
v -36.411232 0.418680638 -54.1658669
v 59.2611923 37.8681259 21.7154827
v -68.7209702 40.7626305 41.1016541
v 39.5350494 19.5725937 -44.4669075
v 50.9682846 32.0457687 30.773201
v -92.1900711 47.0811615 15.2242298
v -90.7229691 9.81772995 31.0664577
v -22.7526226 21.391304 -58.4939651
v 65.3653717 18.6881771 44.3480377
v -83.1450806 46.3788681 -2.93043947
v -88.3704834 -1.32157397 29.3280315
v 77.5402985 19.6341534 9.08107567
v -5.78298426 45.3586845 12.134654
v -71.4852142 20.0173397 30.4765244
v -18.0575638 42.6327248 8.92703915
v 51.8645706 30.7196999 37.7706718
v 33.8101807 24.4888554 -46.3483162
v -19.4791279 -1.3413254 -33.6921806
v -55.1509056 48.7764549 -13.1635256
v 26.8822517 26.3486729 -49.4334335
v -71.5814056 8.57846355 -30.9268856
v 31.792841 41.9174423 37.8614693
v -87.0697174 52.2387123 31.782671
v 66.5461044 0.316941351 -37.9617119
v -87.0973434 -1.2173878 39.8567314
v -28.4806862 42.2912216 -30.5569801
v -4.0493288 -0.100502126 -52.5669708
v 75.1653671 18.4329071 -31.1584854
v -27.9300156 42.6149521 54.6570244
v 75.6521759 29.7632751 -12.1633835
v -75.3057632 16.6638908 -31.0567589
v 73.939537 18.9171982 -21.2247066
v -89.6577148 44.33424 32.3325348
v -58.8321609 11.287159 -41.8781204
v 15.6289692 15.4708433 52.6777611
v 19.4228134 37.7710876 -49.3174896
v 74.3324814 10.5569334 -28.9756317
v 24.7040653 2.14209175 51.1384277
v -9.83152485 45.8445244 38.8371696
v -79.2889175 20.1846657 4.2818203
v 53.2890167 36.8700256 -2.88603425
v -36.6037064 45.752346 45.9451714
v 48.2925453 12.8859949 -45.3837051
v -84.4290314 18.9982471 -13.2513075
v 69.2606964 12.4826374 44.4168968
v -59.3192673 21.0702438 27.9259396
v -79.9314041 0.652952492 -5.89948845
v 7.61794138 19.1956902 -50.7089386
v 53.8327103 10.0198803 48.774601
v -64.1063843 15.7407312 -40.1378593
v 22.9311047 42.5719604 -11.630105
v -15.0950937 39.0431595 58.6392403
v 14.6615219 24.9960594 -48.6453552
v 88.7761688 16.9345455 26.3932419
v 15.7986212 44.2912292 3.47198391
v -76.6421814 -0.739567816 48.5203056
v -50.5005646 26.8020077 47.3323402
v -67.0503387 21.5776577 -35.3258209
v 11.4544554 38.1339302 39.4792328
v -83.8813858 16.1023083 42.3345337
v -83.8673782 42.7349625 23.3933811
v 28.7899837 19.6259613 -48.1103134
v -42.5065079 22.5659218 -41.3348618
v 0.470366269 43.5475273 32.4226952
v -89.397934 48.4045715 5.82819366
v 5.92162085 32.0301514 -44.4513359
v 60.3307152 36.3673744 8.66872406
v -11.9378033 31.9228992 -38.4099693
v 70.6039505 24.851902 -26.5106754
v -78.4412613 36.8207321 9.35381794
v 21.8069935 18.6173344 51.244648
v 3.4649334 38.8682632 56.9901123
v -81.0080566 1.13850653 -13.9582481
v 59.7871017 -0.740104854 -40.9266167
v -64.0190048 37.7997169 -17.0754318
v -91.881424 44.8507652 29.5424595
v 55.0355339 25.8168659 -38.521183
v 39.3684235 39.5813789 -8.98956776
v 56.8269157 -0.883136213 46.9256516
v 16.2579365 22.5057468 -47.7128906
v 18.5825367 38.2035789 -16.7457695
v -82.052124 52.441597 -2.55775118
v 65.7022705 19.9356937 28.3199005
v 50.9035759 33.4683418 -41.9965324
v 14.4307623 44.4134254 15.6340857
v -52.852951 30.982645 -21.8442554
v -59.8589897 20.7700195 32.6974411
v 58.2516823 32.098278 3.36372757
v 26.0458088 -1.21828628 50.5139923
v 40.970192 34.5769844 -46.7239456
v 31.5619888 -0.147753492 -50.8333435
v 1.53502488 17.0716972 58.2649155
v -10.2084112 5.36718369 -59.6286659
v -77.1253815 12.1832161 -27.5935593
v -18.4912319 -0.276657432 -37.1703758
v -7.31418753 16.6984024 60.2720528
v 74.2397308 29.8606796 -22.580883
v -65.9238892 -0.395448953 9.72504711
v -1.8398031 43.2005081 40.3251915
v 52.4757729 20.3484745 46.5651321
v 58.088501 17.0909042 -43.1773834
v -67.5307846 22.3956909 12.6446095
v 63.1571693 5.69863033 -37.8068962
v -31.7251072 22.5298862 -32.1036568
v 43.1370163 32.8214607 36.2178535
v -59.3394165 0.146277398 -42.9708443
v -63.0336075 20.427145 51.3044052
v 81.1151428 0.313254505 34.2058029
v 3.05810142 42.1144638 -19.5786724
v 86.3069534 18.476429 -7.27796507
v -61.5019951 47.6648941 44.2327271
v 75.7419052 16.4974308 -30.9491463
v -70.3486481 0.721086979 11.4157763
v -75.487999 51.6042175 -8.18241501
v -82.5562439 19.3128185 -20.996067
v -89.825531 7.28282976 23.2388229
v -45.9006958 -0.233219922 -50.0581703
v -55.3028564 47.78228 35.8789139
v -76.1660004 19.5895405 -29.1655369
v -50.3578911 20.9890423 43.735508
v -28.8537674 44.6696281 8.31065941
v 61.3800278 18.9238243 -34.0460091
v 64.2547913 -1.40333414 -28.3726311
v 39.1730728 18.8559437 49.7421379
v 43.7325172 40.4917297 33.6815681
v -47.935318 46.4242897 48.1265221
v -84.4531784 42.8346024 27.9745293
v 34.809845 19.3246441 -49.9079552
v -23.1841736 26.8530178 -34.9926796
v -33.3610878 44.5370598 45.5542717
v -0.443590462 28.738287 -42.2776527
v -76.2863693 -0.361937523 -22.9082184
v 81.3692169 15.5477896 35.9334526
v 76.4927521 19.1334953 -4.08111048
v -81.4251938 43.1710129 5.46178722
v -75.8507309 7.36506653 -26.6540966
v -38.6442184 45.6887856 26.5925198
v -92.9831543 53.5247154 26.1243229
v 26.7435455 34.6344643 49.9300728
v -86.0005646 18.4756145 11.4925041
v 42.2469177 30.5129242 -46.412632
v -5.37066889 20.8956108 -52.5645256
v 71.8219833 2.2397449 -33.6499214
v 83.3287964 10.9201374 -20.370594
v -14.0028362 22.4985256 -36.9893303
v 14.1377678 45.6636543 18.7612705
v -59.3393364 44.9004784 -17.6034279
v 80.0681686 9.46387386 -24.1341629
v -14.3556108 41.0549164 55.7048302
v -87.0177765 53.2525406 3.24793053
v -57.2933464 22.7877674 -4.07655907
v -83.242691 20.0215874 -4.25281811
v -25.9063911 22.8046722 -33.6430702
v 86.2189331 0.0736812726 28.1594944
v 75.4399948 29.2949505 15.7436657
v -67.3449783 35.8537903 -14.1227484
v 41.1343765 31.6019421 44.5740395
v -90.8335953 -0.153898969 29.4952946
v 89.729393 17.3240356 16.4457817
v -10.8982534 41.6254463 40.5189285
v 69.1669083 18.9754486 -27.2167034
v -71.0996323 42.3475189 40.633503
v -31.1761742 -1.3460182 -15.2965603
v -83.3795242 -0.452569455 43.5671806
v -61.8056831 -0.362530112 -39.3213959
v -61.9252663 3.97234583 53.4696884
v -3.9557054 41.2530327 -40.9247322
v 14.5180073 44.3651619 39.951313
v -84.4462967 46.9908752 0.277342767
v -54.0679359 20.8296432 -46.1206474
v -32.6652069 23.1970272 -30.3001156
v 1.10998797 45.0661659 30.8688869
v 0.108575359 43.5120239 -3.36889577
v -82.8543777 41.042717 24.7972965
v -22.3020344 1.61131024 -59.3751373
v -60.9351463 22.7494144 20.1947365
v 87.3721542 4.80608797 -15.5257101
v 66.2871933 -1.34244895 43.953949
v 11.7750235 29.5739536 55.3873596
v 93.1328812 6.38332176 15.4321814
v -53.3608017 44.1031837 -19.1644897
v -6.67186785 22.0324192 -53.1937981
v -77.206604 49.8716049 38.6438103
v -86.234581 43.8651543 35.565731
v -40.9791107 42.4290466 -24.8816204
v -70.0013046 -0.539052248 12.838912
v -74.5447311 35.3353386 -1.67114961
v 14.109869 19.9737148 -47.7195435
v -13.2734461 41.9942284 -37.5351753
v -26.8879795 18.6780701 53.7454262
v -67.5624008 5.30084991 -35.5907326
v 58.2982101 32.7150726 23.0615158
v -60.1341782 27.6494923 38.4845123
v 2.21968579 15.8173656 -46.7262878
v -54.4800873 22.2140522 39.9830627
vt 0.712109447 0.480425507 0
vt 0.705407083 0.429648936 0
vt 0.78161782 0.518151283 0
vt 0.432815641 0.264333338 0
vt 0.0970576555 0.276420981 0
vt 0.0472902134 0.0679845735 0
vt 0.820599377 0.304127783 0
vt 0.945704997 0.281050712 0
vt 0.819613099 0.375042409 0
vt 0.299831629 0.593856812 0
vt 0.132970214 0.573732018 0
vt 0.285615146 0.523160756 0
vt 0.420052022 0.74679935 0
vt 0.361106068 0.751666963 0
vt 0.390316635 0.694203973 0
vt 0.321857452 0.384570092 0
vt 0.163550302 0.352373153 0
vt 0.107922949 0.320772409 0
vt 0.0419517606 0.249854699 0
vt 0.000320686144 0.162289977 0
vt 0.0472902134 0.0679845735 0
vt 0.321857452 0.384570092 0
vt 0.0970576555 0.276420981 0
vt 0.383288264 0.323886037 0
vt 0.354754776 0.866826117 0
vt 0.210616633 0.840053082 0
vt 0.347778648 0.822127879 0
vt 0.473260432 0.0477343462 0
vt 0.432815641 0.264333338 0
vt 0.113108017 0.0266015586 0
vt 0.0996169895 0.931919456 0
vt 0.00555314543 0.847484767 0
vt 0.0699140206 0.850689769 0
vt 0.692681372 0.356082797 0
vt 0.689931691 0.453125387 0
vt 0.573003411 0.364507109 0
vt 0.0739622265 0.806334257 0
vt 0.0924330652 0.810059488 0
vt 0.00601716945 0.798282385 0
vt 0.0443148427 0.760765672 0
vt 0.0739622265 0.806334257 0
vt 0.00601716945 0.798282385 0
vt 0.285773486 0.727004766 0
vt 0.239868209 0.753721416 0
vt 0.249160334 0.708494127 0
vt 0.154499799 0.798618555 0
vt 0.108257987 0.800353229 0
vt 0.128044143 0.766133428 0
vt 0.254837066 0.79742676 0
vt 0.182888985 0.796065748 0
vt 0.177433163 0.76228255 0
vt 0.42801702 0.552837849 0
vt 0.373458564 0.531421006 0
vt 0.381163388 0.470300466 0
vt 0.152776346 0.47659564 0
vt 0.174396262 0.421581239 0
vt 0.270264655 0.502151489 0
vt 0.946944594 0.293305159 0
vt 0.965416789 0.255992383 0
vt 0.990439177 0.285819322 0
vt 0.763012886 0.538831174 0
vt 0.786368608 0.575490296 0
vt 0.739850402 0.585623801 0
vt 0.963066518 0.39436847 0
vt 0.895976961 0.402038276 0
vt 0.946944594 0.293305159 0
vt 0.502147019 0.98796314 0
vt 0.422422498 0.98726064 0
vt 0.473084301 0.914001763 0
vt 0.132970214 0.573732018 0
vt 0.19366698 0.517088771 0
vt 0.285615146 0.523160756 0
vt 0.473084301 0.914001763 0
vt 0.422422498 0.98726064 0
vt 0.419641703 0.918155134 0
vt 0.378122181 0.933084726 0
vt 0.422422498 0.98726064 0
vt 0.361830443 0.992507398 0
vt 0.37746805 0.432585329 0
vt 0.42804122 0.459348172 0
vt 0.378314584 0.456773311 0
vt 0.940409303 0.804619431 0
vt 0.906106114 0.829411089 0
vt 0.916014433 0.765036523 0
vt 0.97496742 0.0178187396 0
vt 0.959595084 0.165071383 0
vt 0.934991598 0.00938095804 0
vt 0.656135559 0.127106488 0
vt 0.432815641 0.264333338 0
vt 0.473260432 0.0477343462 0
vt 0.529876888 0.399599195 0
vt 0.527224004 0.493719786 0
vt 0.444699049 0.405046552 0
vt 0.587542415 0.310178727 0
vt 0.469948351 0.392673135 0
vt 0.425258607 0.283456534 0
vt 0.381163388 0.470300466 0
vt 0.270264655 0.502151489 0
vt 0.273797423 0.436866552 0
vt 0.473260432 0.0477343462 0
vt 0.113108017 0.0266015586 0
vt 0.255816251 0.0136067802 0
vt 0.453910381 0.792417645 0
vt 0.354754776 0.866826117 0
vt 0.442912996 0.74671936 0
vt 0.985336542 0.69128269 0
vt 0.985258579 0.741960108 0
vt 0.925551951 0.685798943 0
vt 0.139626905 0.590717256 0
vt 0.155842587 0.651704848 0
vt 0.0320051461 0.594416678 0
vt 0.210616633 0.840053082 0
vt 0.206575468 0.905160606 0
vt 0.13863793 0.856336057 0
vt 0.254837066 0.79742676 0
vt 0.177433163 0.76228255 0
vt 0.225386828 0.760345101 0
vt 0.524303854 0.814597785 0
vt 0.557114065 0.89190799 0
vt 0.448232204 0.860355437 0
vt 0.656135559 0.127106488 0
vt 0.473260432 0.0477343462 0
vt 0.563945889 0.0288812742 0
vt 0.273797423 0.436866552 0
vt 0.270264655 0.502151489 0
vt 0.174396262 0.421581239 0
vt 0.378122181 0.933084726 0
vt 0.356339812 0.989286125 0
vt 0.344046742 0.915527344 0
vt 0.83525604 0.376494706 0
vt 0.880336344 0.350324601 0
vt 0.886091709 0.402085125 0
vt 0.568513095 0.189145207 0
vt 0.587542415 0.310178727 0
vt 0.425258607 0.283456534 0
vt 0.285773486 0.727004766 0
vt 0.361106068 0.751666963 0
vt 0.326624215 0.753570318 0
vt 0.646683335 0.553248048 0
vt 0.689931691 0.453125387 0
vt 0.739850402 0.585623801 0
vt 0.739850402 0.585623801 0
vt 0.689931691 0.453125387 0
vt 0.717666864 0.510223269 0
vt 0.822844148 0.750244081 0
vt 0.785027504 0.750467479 0
vt 0.785684764 0.72862792 0
vt 0.808128536 0.566257596 0
vt 0.862555683 0.631929338 0
vt 0.806350291 0.67928946 0
vt 0.0419517606 0.249854699 0
vt 0.01629599 0.226337463 0
vt 0.000320686144 0.162289977 0
vt 0.354754776 0.866826117 0
vt 0.206575468 0.905160606 0
vt 0.210616633 0.840053082 0
vt 0.563818812 0.95233196 0
vt 0.541272283 0.986415386 0
vt 0.509371221 0.911604285 0
vt 0.916014433 0.765036523 0
vt 0.906106114 0.829411089 0
vt 0.885468304 0.799995482 0
vt 0.139626905 0.590717256 0
vt 0.173718899 0.586123705 0
vt 0.155842587 0.651704848 0
vt 0.563818812 0.95233196 0
vt 0.509371221 0.911604285 0
vt 0.562691391 0.912799954 0
vt 0.132970214 0.573732018 0
vt 0.0719110072 0.564135134 0
vt 0.112718962 0.541517913 0
vt 0.695289552 0.838322699 0
vt 0.779873967 0.853396356 0
vt 0.82532227 0.873417079 0
vt 0.695289552 0.838322699 0
vt 0.670391381 0.844260514 0
vt 0.656632721 0.826514184 0
vt 0.844635308 0.536149442 0
vt 0.786368608 0.575490296 0
vt 0.763012886 0.538831174 0
vt 0.0135556478 0.310732573 0
vt 0.000156090275 0.278649986 0
vt 0.027426105 0.333856165 0
vt 0.451751143 0.43949312 0
vt 0.444699049 0.405046552 0
vt 0.527224004 0.493719786 0
vt 0.785684764 0.72862792 0
vt 0.785027504 0.750467479 0
vt 0.754154325 0.733549535 0
vt 0.655762434 0.0885421708 0
vt 0.656135559 0.127106488 0
vt 0.563945889 0.0288812742 0
vt 0.128044143 0.766133428 0
vt 0.177433163 0.76228255 0
vt 0.154499799 0.798618555 0
vt 0.634724379 0.25545615 0
vt 0.743964732 0.151743948 0
vt 0.70245856 0.254850686 0
vt 0.379444659 0.336662471 0
vt 0.383288264 0.323886037 0
vt 0.425258607 0.283456534 0
vt 0.809205711 0.373371571 0
vt 0.817864418 0.260562569 0
vt 0.820599377 0.304127783 0
vt 0.743964732 0.151743948 0
vt 0.78973037 0.103739634 0
vt 0.70245856 0.254850686 0
vt 0.542801082 0.660089672 0
vt 0.563778162 0.627754271 0
vt 0.613160253 0.682606161 0
vt 0.128655672 0.755292237 0
vt 0.106420115 0.731575191 0
vt 0.159454435 0.741033196 0
vt 0.432815641 0.264333338 0
vt 0.383288264 0.323886037 0
vt 0.0970576555 0.276420981 0
vt 0.905441046 0.212073013 0
vt 0.78973037 0.103739634 0
vt 0.934991598 0.00938095804 0
vt 0.642386019 0.733222902 0
vt 0.642541289 0.756702363 0
vt 0.610332131 0.755729198 0
vt 0.833862484 0.484219193 0
vt 0.807660639 0.506522477 0
vt 0.886091709 0.402085125 0
vt 0.97496742 0.0178187396 0
vt 0.997462809 0.154620096 0
vt 0.959595084 0.165071383 0
vt 0.685688794 0.928064108 0
vt 0.68121177 0.905327857 0
vt 0.736993134 0.902148426 0
vt 0.685688794 0.928064108 0
vt 0.629335463 0.864385128 0
vt 0.68121177 0.905327857 0
vt 0.769126713 0.591309786 0
vt 0.774619579 0.655547738 0
vt 0.731847465 0.627654493 0
vt 0.904394805 0.565075815 0
vt 0.930680215 0.606566787 0
vt 0.862900317 0.51835382 0
vt 0.82532227 0.873417079 0
vt 0.842261553 0.842700481 0
vt 0.870079637 0.85320574 0
vt 0.346509337 0.609610856 0
vt 0.299831629 0.593856812 0
vt 0.347131014 0.533829093 0
vt 0.575407088 0.437721312 0
vt 0.646683335 0.553248048 0
vt 0.590334415 0.501196802 0
vt 0.705863953 0.779814482 0
vt 0.756297827 0.761809945 0
vt 0.704536498 0.798665285 0
vt 0.842261553 0.842700481 0
vt 0.82532227 0.873417079 0
vt 0.816295028 0.849833608 0
vt 0.027426105 0.333856165 0
vt 0.0276864748 0.259659231 0
vt 0.0573356189 0.316233814 0
vt 0.64733237 0.956075847 0
vt 0.63404578 0.972789288 0
vt 0.582699418 0.969036698 0
vt 0.447076738 0.571305752 0
vt 0.381163388 0.470300466 0
vt 0.477125019 0.517003775 0
vt 0.819613099 0.375042409 0
vt 0.945704997 0.281050712 0
vt 0.91100508 0.322072774 0
vt 0.175378174 0.930668175 0
vt 0.13863793 0.856336057 0
vt 0.206575468 0.905160606 0
vt 0.629335463 0.864385128 0
vt 0.667231023 0.858003974 0
vt 0.68121177 0.905327857 0
vt 0.712109447 0.480425507 0
vt 0.689931691 0.453125387 0
vt 0.705407083 0.429648936 0
vt 0.77117157 0.978155196 0
vt 0.79621172 0.93189621 0
vt 0.804188907 0.96943742 0
vt 0.557114065 0.89190799 0
vt 0.629335463 0.864385128 0
vt 0.595911741 0.903834045 0
vt 0.629335463 0.864385128 0
vt 0.585662007 0.829317689 0
vt 0.667231023 0.858003974 0
vt 0.808128536 0.566257596 0
vt 0.806350291 0.67928946 0
vt 0.796445847 0.665155828 0
vt 0.809205711 0.373371571 0
vt 0.83525604 0.376494706 0
vt 0.886091709 0.402085125 0
vt 0.873507798 0.348386884 0
vt 0.880336344 0.350324601 0
vt 0.83525604 0.376494706 0
vt 0.789897144 0.826769412 0
vt 0.756297827 0.761809945 0
vt 0.784467041 0.758954465 0
vt 0.609214842 0.819041014 0
vt 0.588719249 0.791337967 0
vt 0.656632721 0.826514184 0
vt 0.819613099 0.375042409 0
vt 0.809205711 0.373371571 0
vt 0.820599377 0.304127783 0
vt 0.991077363 0.335002959 0
vt 0.978643477 0.33284381 0
vt 0.990439177 0.285819322 0
vt 0.299831629 0.593856812 0
vt 0.252943575 0.592681527 0
vt 0.132970214 0.573732018 0
vt 0.843933463 0.956614792 0
vt 0.79621172 0.93189621 0
vt 0.835968733 0.920328319 0
vt 0.817864418 0.260562569 0
vt 0.809205711 0.373371571 0
vt 0.768208623 0.364640564 0
vt 0.126777604 0.38941583 0
vt 0.0769945532 0.438525647 0
vt 0.0974560827 0.381488979 0
vt 0.19366698 0.517088771 0
vt 0.210649088 0.494952828 0
vt 0.285615146 0.523160756 0
vt 0.196187854 0.493338823 0
vt 0.19366698 0.517088771 0
vt 0.176780835 0.488257378 0
vt 0.437984049 0.846223712 0
vt 0.376617491 0.888670862 0
vt 0.354754776 0.866826117 0
vt 0.661835551 0.568605185 0
vt 0.686664581 0.579998612 0
vt 0.665728152 0.634276569 0
vt 0.37746805 0.432585329 0
vt 0.378314584 0.456773311 0
vt 0.269090146 0.428063065 0
vt 0.00555314543 0.847484767 0
vt 0.0996169895 0.931919456 0
vt 0.0134632895 0.882885575 0
vt 0.803685367 0.687657833 0
vt 0.746867061 0.676611423 0
vt 0.796445847 0.665155828 0
vt 0.209168643 0.719583988 0
vt 0.243060634 0.699549496 0
vt 0.249160334 0.708494127 0
vt 0.376617491 0.888670862 0
vt 0.293747544 0.926024497 0
vt 0.354754776 0.866826117 0
vt 0.923739672 0.327857137 0
vt 0.946944594 0.293305159 0
vt 0.895976961 0.402038276 0
vt 0.492943823 0.497079819 0
vt 0.45500648 0.477446824 0
vt 0.506579518 0.491748095 0
vt 0.754154325 0.733549535 0
vt 0.74277705 0.749955237 0
vt 0.716845691 0.726234913 0
vt 0.768208623 0.364640564 0
vt 0.759860337 0.306590915 0
vt 0.817864418 0.260562569 0
vt 0.70245856 0.254850686 0
vt 0.78973037 0.103739634 0
vt 0.817864418 0.260562569 0
vt 0.313551724 0.761116326 0
vt 0.307837278 0.781033635 0
vt 0.290262461 0.797407508 0
vt 0.0811406821 0.583686113 0
vt 0.139626905 0.590717256 0
vt 0.0320051461 0.594416678 0
vt 0.292372048 0.683200181 0
vt 0.332484722 0.665105462 0
vt 0.293667525 0.690610945 0
vt 0.292372048 0.683200181 0
vt 0.243060634 0.699549496 0
vt 0.24845545 0.689317822 0
vt 0.182980433 0.715058804 0
vt 0.16004692 0.701616645 0
vt 0.198520243 0.694950879 0
vt 0.991077363 0.335002959 0
vt 0.971790016 0.385380328 0
vt 0.963066518 0.39436847 0
vt 0.721167803 0.752878129 0
vt 0.705863953 0.779814482 0
vt 0.670526445 0.74987632 0
vt 0.609651208 0.28156653 0
vt 0.587542415 0.310178727 0
vt 0.609935641 0.252538383 0
vt 0.107922949 0.320772409 0
vt 0.0850285292 0.309064537 0
vt 0.0496079884 0.253228366 0
vt 0.182980433 0.715058804 0
vt 0.106420115 0.731575191 0
vt 0.16004692 0.701616645 0
vt 0.692681372 0.356082797 0
vt 0.702661335 0.301816612 0
vt 0.705407083 0.429648936 0
vt 0.705407083 0.429648936 0
vt 0.807660639 0.506522477 0
vt 0.78161782 0.518151283 0
vt 0.182980433 0.715058804 0
vt 0.198520243 0.694950879 0
vt 0.243060634 0.699549496 0
vt 0.785027504 0.750467479 0
vt 0.74277705 0.749955237 0
vt 0.754154325 0.733549535 0
vt 0.78973037 0.103739634 0
vt 0.887300014 0.0101792635 0
vt 0.934991598 0.00938095804 0
vt 0.285773486 0.727004766 0
vt 0.249160334 0.708494127 0
vt 0.307293534 0.711897254 0
vt 0.925551951 0.685798943 0
vt 0.914531648 0.633501291 0
vt 0.930680215 0.606566787 0
vt 0.768208623 0.364640564 0
vt 0.809205711 0.373371571 0
vt 0.886091709 0.402085125 0
vt 0.717666864 0.510223269 0
vt 0.741591752 0.511074364 0
vt 0.763012886 0.538831174 0
vt 0.383711427 0.416359633 0
vt 0.340945452 0.412418425 0
vt 0.435285121 0.40335986 0
vt 0.405649185 0.950418591 0
vt 0.378122181 0.933084726 0
vt 0.419641703 0.918155134 0
vt 0.820599377 0.304127783 0
vt 0.831583083 0.223128527 0
vt 0.905441046 0.212073013 0
vt 0.312065274 0.389621347 0
vt 0.201631844 0.365345329 0
vt 0.163550302 0.352373153 0
vt 0.299831629 0.593856812 0
vt 0.285615146 0.523160756 0
vt 0.347131014 0.533829093 0
vt 0.378122181 0.933084726 0
vt 0.377113372 0.919181406 0
vt 0.419641703 0.918155134 0
vt 0.378122181 0.933084726 0
vt 0.344046742 0.915527344 0
vt 0.377113372 0.919181406 0
vt 0.24845545 0.689317822 0
vt 0.243060634 0.699549496 0
vt 0.198520243 0.694950879 0
vt 0.725156128 0.139278978 0
vt 0.743964732 0.151743948 0
vt 0.693590045 0.179288372 0
vt 0.107922949 0.320772409 0
vt 0.0496079884 0.253228366 0
vt 0.0970576555 0.276420981 0
vt 0.469948351 0.392673135 0
vt 0.340945452 0.412418425 0
vt 0.379444659 0.336662471 0
vt 0.697835028 0.109785222 0
vt 0.676820874 0.100013688 0
vt 0.691920698 0.0724499673 0
vt 0.61363107 0.536822796 0
vt 0.590334415 0.501196802 0
vt 0.646683335 0.553248048 0
vt 0.587542415 0.310178727 0
vt 0.568513095 0.189145207 0
vt 0.595009744 0.231820121 0
vt 0.0924330652 0.810059488 0
vt 0.13863793 0.856336057 0
vt 0.152195126 0.907336414 0
vt 0.354754776 0.866826117 0
vt 0.347778648 0.822127879 0
vt 0.395908594 0.781574845 0
vt 0.519528091 0.372924089 0
vt 0.469948351 0.392673135 0
vt 0.529883265 0.361608624 0
vt 0.00601716945 0.798282385 0
vt 0.0924330652 0.810059488 0
vt 0.0699140206 0.850689769 0
vt 0.0699140206 0.850689769 0
vt 0.00555314543 0.847484767 0
vt 0.00601716945 0.798282385 0
vt 0.705407083 0.429648936 0
vt 0.702661335 0.301816612 0
vt 0.71302855 0.373614371 0
vt 0.132970214 0.573732018 0
vt 0.252943575 0.592681527 0
vt 0.180527374 0.584165931 0
vt 0.959595084 0.165071383 0
vt 0.997462809 0.154620096 0
vt 0.991894364 0.207800373 0
vt 0.442630291 0.633218765 0
vt 0.563778162 0.627754271 0
vt 0.498476803 0.644672632 0
vt 0.67102772 0.852810025 0
vt 0.742157757 0.879730046 0
vt 0.667231023 0.858003974 0
vt 0.624299765 0.942179918 0
vt 0.563818812 0.95233196 0
vt 0.562691391 0.912799954 0
vt 0.568513095 0.189145207 0
vt 0.586361587 0.186101615 0
vt 0.595009744 0.231820121 0
vt 0.293747544 0.926024497 0
vt 0.228217185 0.95113194 0
vt 0.206575468 0.905160606 0
vt 0.733475626 0.825092554 0
vt 0.689317346 0.814495504 0
vt 0.704536498 0.798665285 0
vt 0.541272283 0.986415386 0
vt 0.473084301 0.914001763 0
vt 0.509371221 0.911604285 0
vt 0.905441046 0.212073013 0
vt 0.934991598 0.00938095804 0
vt 0.959595084 0.165071383 0
vt 0.905441046 0.212073013 0
vt 0.959595084 0.165071383 0
vt 0.969304621 0.244145572 0
vt 0.469948351 0.392673135 0
vt 0.587542415 0.310178727 0
vt 0.529883265 0.361608624 0
vt 0.63404578 0.972789288 0
vt 0.640267849 0.984485209 0
vt 0.582699418 0.969036698 0
vt 0.293747544 0.926024497 0
vt 0.261883229 0.944681585 0
vt 0.228217185 0.95113194 0
vt 0.817864418 0.260562569 0
vt 0.78973037 0.103739634 0
vt 0.831583083 0.223128527 0
vt 0.200647131 0.756660163 0
vt 0.165757224 0.75406158 0
vt 0.159454435 0.741033196 0
vt 0.557114065 0.89190799 0
vt 0.585662007 0.829317689 0
vt 0.629335463 0.864385128 0
vt 0.507595479 0.591566443 0
vt 0.447076738 0.571305752 0
vt 0.56694001 0.578587174 0
vt 0.346525997 0.908886492 0
vt 0.293747544 0.926024497 0
vt 0.376617491 0.888670862 0
vt 0.541272283 0.986415386 0
vt 0.502147019 0.98796314 0
vt 0.473084301 0.914001763 0
vt 0.45500648 0.477446824 0
vt 0.45967558 0.461875796 0
vt 0.506579518 0.491748095 0
vt 0.833862484 0.484219193 0
vt 0.886091709 0.402085125 0
vt 0.85983628 0.453102082 0
vt 0.924241006 0.906858802 0
vt 0.975661337 0.915802777 0
vt 0.92930907 0.934308171 0
vt 0.969304621 0.244145572 0
vt 0.959595084 0.165071383 0
vt 0.991894364 0.207800373 0
vt 0.965416789 0.255992383 0
vt 0.991894364 0.207800373 0
vt 0.990439177 0.285819322 0
vt 0.0453706421 0.350669235 0
vt 0.0649413168 0.330943525 0
vt 0.0573582277 0.354111999 0
vt 0.0649413168 0.330943525 0
vt 0.128255934 0.346926957 0
vt 0.0573582277 0.354111999 0
vt 0.361106068 0.751666963 0
vt 0.351308554 0.717218816 0
vt 0.390316635 0.694203973 0
vt 0.634724379 0.25545615 0
vt 0.70245856 0.254850686 0
vt 0.692681372 0.356082797 0
vt 0.355510354 0.682909966 0
vt 0.351308554 0.717218816 0
vt 0.307293534 0.711897254 0
vt 0.724384904 0.99859482 0
vt 0.730010092 0.989154696 0
vt 0.77117157 0.978155196 0
vt 0.624586701 0.555105269 0
vt 0.617686331 0.605741203 0
vt 0.59045738 0.54574275 0
vt 0.711123288 0.928237855 0
vt 0.685688794 0.928064108 0
vt 0.736993134 0.902148426 0
vt 0.929545462 0.86038816 0
vt 0.999176443 0.842783332 0
vt 0.924140215 0.867281139 0
vt 0.870079637 0.85320574 0
vt 0.842261553 0.842700481 0
vt 0.885468304 0.799995482 0
vt 0.886541963 0.947818398 0
vt 0.835968733 0.920328319 0
vt 0.896627665 0.891889811 0
vt 0.0273840409 0.561737955 0
vt -0.00391084049 0.560403824 0
vt 0.0282670483 0.530793369 0
vt 0.963066518 0.39436847 0
vt 0.913794279 0.465576857 0
vt 0.895976961 0.402038276 0
vt 0.913794279 0.465576857 0
vt 0.880048394 0.508752525 0
vt 0.844635308 0.536149442 0
vt 0.822844148 0.750244081 0
vt 0.785684764 0.72862792 0
vt 0.81102103 0.723696113 0
vt 0.152195126 0.907336414 0
vt 0.120192066 0.92291075 0
vt 0.0996169895 0.931919456 0
vt 0.658481777 0.655632555 0
vt 0.703374624 0.616503775 0
vt 0.681386769 0.654461741 0
vt 0.0382083394 0.0759494677 0
vt 0.0782959685 0.0420441367 0
vt 0.0472902134 0.0679845735 0
vt 0.730010092 0.989154696 0
vt 0.715998232 0.93529284 0
vt 0.743285 0.926762402 0
vt 0.432815641 0.264333338 0
vt 0.0472902134 0.0679845735 0
vt 0.113108017 0.0266015586 0
vt 0.999176443 0.842783332 0
vt 0.977857649 0.858146966 0
vt 0.924140215 0.867281139 0
vt 0.968186378 0.893955529 0
vt 0.975661337 0.915802777 0
vt 0.924241006 0.906858802 0
vt 0.83525604 0.376494706 0
vt 0.809205711 0.373371571 0
vt 0.819613099 0.375042409 0
vt 0.725156128 0.139278978 0
vt 0.759486794 0.101400293 0
vt 0.743964732 0.151743948 0
vt 0.210649088 0.494952828 0
vt 0.281839788 0.518372297 0
vt 0.285615146 0.523160756 0
vt 0.711123288 0.928237855 0
vt 0.736993134 0.902148426 0
vt 0.76313436 0.913025439 0
vt 0.759486794 0.101400293 0
vt 0.772482634 0.0819946453 0
vt 0.78973037 0.103739634 0
vt 0.563818812 0.95233196 0
vt 0.582699418 0.969036698 0
vt 0.541272283 0.986415386 0
vt 0.351308554 0.717218816 0
vt 0.361106068 0.751666963 0
vt 0.285773486 0.727004766 0
vt 0.0320051461 0.594416678 0
vt 0.0717046857 0.671099901 0
vt 0.0486886278 0.687944651 0
vt 0.807660639 0.506522477 0
vt 0.71302855 0.373614371 0
vt 0.768208623 0.364640564 0
vt 0.716845691 0.726234913 0
vt 0.746867061 0.676611423 0
vt 0.741056859 0.704634786 0
vt 0.705863953 0.779814482 0
vt 0.683463335 0.781582296 0
vt 0.670526445 0.74987632 0
vt 0.239868209 0.753721416 0
vt 0.200647131 0.756660163 0
vt 0.209168643 0.719583988 0
vt 0.0453647934 0.533367693 0
vt 0.0273840409 0.561737955 0
vt 0.0282670483 0.530793369 0
vt 0.0733506307 0.35753116 0
vt 0.0573582277 0.354111999 0
vt 0.128255934 0.346926957 0
vt 0.731050968 0.92446667 0
vt 0.79621172 0.93189621 0
vt 0.743285 0.926762402 0
vt 0.293667525 0.690610945 0
vt 0.243060634 0.699549496 0
vt 0.292372048 0.683200181 0
vt 0.243060634 0.699549496 0
vt 0.307293534 0.711897254 0
vt 0.249160334 0.708494127 0
vt 0.557821691 0.350300521 0
vt 0.529883265 0.361608624 0
vt 0.587542415 0.310178727 0
vt 0.646683335 0.553248048 0
vt 0.739850402 0.585623801 0
vt 0.710750341 0.584339619 0
vt 0.321857452 0.384570092 0
vt 0.107922949 0.320772409 0
vt 0.0970576555 0.276420981 0
vt 0.642386019 0.733222902 0
vt 0.610332131 0.755729198 0
vt 0.553812981 0.713064373 0
vt 0.498476803 0.644672632 0
vt 0.563778162 0.627754271 0
vt 0.542801082 0.660089672 0
vt 0.347778648 0.822127879 0
vt 0.271733344 0.830842793 0
vt 0.364631236 0.80903697 0
vt 0.165757224 0.75406158 0
vt 0.128655672 0.755292237 0
vt 0.159454435 0.741033196 0
vt 0.834209323 0.719300985 0
vt 0.822844148 0.750244081 0
vt 0.81102103 0.723696113 0
vt 0.966216624 0.771134257 0
vt 0.916014433 0.765036523 0
vt 0.985258579 0.741960108 0
vt 0.395908594 0.781574845 0
vt 0.347778648 0.822127879 0
vt 0.364631236 0.80903697 0
vt 0.667231023 0.858003974 0
vt 0.585662007 0.829317689 0
vt 0.67102772 0.852810025 0
vt 0.779873967 0.853396356 0
vt 0.816295028 0.849833608 0
vt 0.82532227 0.873417079 0
vt 0.0751047879 0.710826576 0
vt 0.0357635655 0.740041196 0
vt 0.0371440351 0.718590915 0
vt 0.741591752 0.511074364 0
vt 0.78161782 0.518151283 0
vt 0.763012886 0.538831174 0
vt 0.19366698 0.517088771 0
vt 0.150974572 0.499582827 0
vt 0.176780835 0.488257378 0
vt 0.152195126 0.907336414 0
vt 0.0699140206 0.850689769 0
vt 0.0924330652 0.810059488 0
vt 0.152195126 0.907336414 0
vt 0.0996169895 0.931919456 0
vt 0.0699140206 0.850689769 0
vt 0.000156090275 0.278649986 0
vt 0.00396257406 0.252485752 0
vt 0.027426105 0.333856165 0
vt 0.64733237 0.956075847 0
vt 0.582699418 0.969036698 0
vt 0.624299765 0.942179918 0
vt 0.886541963 0.947818398 0
vt 0.843933463 0.956614792 0
vt 0.835968733 0.920328319 0
vt 0.422422498 0.98726064 0
vt 0.378122181 0.933084726 0
vt 0.405649185 0.950418591 0
vt 0.507677615 0.694428504 0
vt 0.553812981 0.713064373 0
vt 0.457291275 0.687536001 0
vt 0.658931553 0.923715055 0
vt 0.595911741 0.903834045 0
vt 0.685688794 0.928064108 0
vt 0.670526445 0.74987632 0
vt 0.683463335 0.781582296 0
vt 0.662768006 0.76680994 0
vt 0.583771527 0.326667517 0
vt 0.634724379 0.25545615 0
vt 0.573003411 0.364507109 0
vt 0.573003411 0.364507109 0
vt 0.634724379 0.25545615 0
vt 0.692681372 0.356082797 0
vt 0.435285121 0.40335986 0
vt 0.340945452 0.412418425 0
vt 0.469948351 0.392673135 0
vt 0.689317346 0.814495504 0
vt 0.733475626 0.825092554 0
vt 0.696205378 0.826035023 0
vt 0.820599377 0.304127783 0
vt 0.905441046 0.212073013 0
vt 0.945704997 0.281050712 0
vt 0.646683335 0.553248048 0
vt 0.575407088 0.437721312 0
vt 0.573003411 0.364507109 0
vt 0.646683335 0.553248048 0
vt 0.573003411 0.364507109 0
vt 0.689931691 0.453125387 0
vt 0.823584974 0.827558756 0
vt 0.789897144 0.826769412 0
vt 0.784467041 0.758954465 0
vt 0.806350291 0.67928946 0
vt 0.803685367 0.687657833 0
vt 0.796445847 0.665155828 0
vt 0.975661337 0.915802777 0
vt 0.97897315 0.922114253 0
vt 0.92930907 0.934308171 0
vt 0.741056859 0.704634786 0
vt 0.729339957 0.727062166 0
vt 0.716845691 0.726234913 0
vt 0.269090146 0.428063065 0
vt 0.243300453 0.384285003 0
vt 0.277276576 0.400833368 0
vt 0.126777604 0.38941583 0
vt 0.186403647 0.405982673 0
vt 0.174396262 0.421581239 0
vt 0.155842587 0.651704848 0
vt 0.173718899 0.586123705 0
vt 0.220897943 0.624040365 0
vt 0.763012886 0.538831174 0
vt 0.822310209 0.522865117 0
vt 0.844635308 0.536149442 0
vt 0.0970576555 0.276420981 0
vt 0.0496079884 0.253228366 0
vt 0.0472902134 0.0679845735 0
vt 0.209168643 0.719583988 0
vt 0.182980433 0.715058804 0
vt 0.243060634 0.699549496 0
vt 0.924241006 0.906858802 0
vt 0.896627665 0.891889811 0
vt 0.924140215 0.867281139 0
vt 0.209168643 0.719583988 0
vt 0.200647131 0.756660163 0
vt 0.159454435 0.741033196 0
vt 0.624299765 0.942179918 0
vt 0.582699418 0.969036698 0
vt 0.563818812 0.95233196 0
vt 0.209168643 0.719583988 0
vt 0.159454435 0.741033196 0
vt 0.182980433 0.715058804 0
vt 0.742157757 0.879730046 0
vt 0.67102772 0.852810025 0
vt 0.741798401 0.872556865 0
vt 0.186403647 0.405982673 0
vt 0.273797423 0.436866552 0
vt 0.174396262 0.421581239 0
vt 0.442630291 0.633218765 0
vt 0.396226317 0.595357537 0
vt 0.447076738 0.571305752 0
vt 0.346509337 0.609610856 0
vt 0.396226317 0.595357537 0
vt 0.442630291 0.633218765 0
vt 0.940409303 0.804619431 0
vt 0.916014433 0.765036523 0
vt 0.966216624 0.771134257 0
vt 0.68121177 0.905327857 0
vt 0.667231023 0.858003974 0
vt 0.742157757 0.879730046 0
vt 0.313551724 0.761116326 0
vt 0.290262461 0.797407508 0
vt 0.287228167 0.759626746 0
vt 0.789897144 0.826769412 0
vt 0.759443998 0.823415935 0
vt 0.756297827 0.761809945 0
vt 0.453910381 0.792417645 0
vt 0.437984049 0.846223712 0
vt 0.354754776 0.866826117 0
vt 0.71302855 0.373614371 0
vt 0.807660639 0.506522477 0
vt 0.705407083 0.429648936 0
vt 0.621786594 0.0533114485 0
vt 0.655762434 0.0885421708 0
vt 0.563945889 0.0288812742 0
vt 0.609935641 0.252538383 0
vt 0.587542415 0.310178727 0
vt 0.595009744 0.231820121 0
vt 0.379444659 0.336662471 0
vt 0.340945452 0.412418425 0
vt 0.321857452 0.384570092 0
vt 0.803685367 0.687657833 0
vt 0.741056859 0.704634786 0
vt 0.746867061 0.676611423 0
vt 0.243300453 0.384285003 0
vt 0.238514215 0.412523985 0
vt 0.208639801 0.388842791 0
vt 0.469948351 0.392673135 0
vt 0.379444659 0.336662471 0
vt 0.425258607 0.283456534 0
vt 0.473260432 0.0477343462 0
vt 0.255816251 0.0136067802 0
vt 0.366372764 -0.000431794178 0
vt 0.182888985 0.796065748 0
vt 0.154499799 0.798618555 0
vt 0.177433163 0.76228255 0
vt 0.71302855 0.373614371 0
vt 0.702661335 0.301816612 0
vt 0.759860337 0.306590915 0
vt 0.588719249 0.791337967 0
vt 0.588204145 0.757578611 0
vt 0.614100277 0.795236826 0
vt 0.733475626 0.825092554 0
vt 0.756297827 0.761809945 0
vt 0.759443998 0.823415935 0
vt 0.447076738 0.571305752 0
vt 0.42801702 0.552837849 0
vt 0.381163388 0.470300466 0
vt 0.541272283 0.986415386 0
vt 0.640267849 0.984485209 0
vt 0.600783587 0.991247356 0
vt 0.132970214 0.573732018 0
vt 0.112718962 0.541517913 0
vt 0.19366698 0.517088771 0
vt 0.769126713 0.591309786 0
vt 0.731847465 0.627654493 0
vt 0.727770507 0.592374444 0
vt 0.0453706421 0.350669235 0
vt 0.027426105 0.333856165 0
vt 0.0649413168 0.330943525 0
vt 0.595009744 0.231820121 0
vt 0.586361587 0.186101615 0
vt 0.609935641 0.252538383 0
vt 0.820085466 -0.00383926881 0
vt 0.795987725 0.0538522713 0
vt 0.691920698 0.0724499673 0
vt 0.42804122 0.459348172 0
vt 0.45500648 0.477446824 0
vt 0.378314584 0.456773311 0
vt 0.541422129 0.741106153 0
vt 0.469234496 0.742329419 0
vt 0.420052022 0.74679935 0
vt 0.102203816 0.544519424 0
vt 0.0719110072 0.564135134 0
vt 0.0453647934 0.533367693 0
vt 0.739850402 0.585623801 0
vt 0.717666864 0.510223269 0
vt 0.763012886 0.538831174 0
vt 0.92930907 0.934308171 0
vt 0.886541963 0.947818398 0
vt 0.896627665 0.891889811 0
vt 0.210649088 0.494952828 0
vt 0.19366698 0.517088771 0
vt 0.196187854 0.493338823 0
vt 0.399116725 0.678291917 0
vt 0.457291275 0.687536001 0
vt 0.390316635 0.694203973 0
vt 0.271733344 0.830842793 0
vt 0.340256035 0.818418622 0
vt 0.364631236 0.80903697 0
vt 0.691269457 0.193278164 0
vt 0.693590045 0.179288372 0
vt 0.743964732 0.151743948 0
vt 0.689931691 0.453125387 0
vt 0.692681372 0.356082797 0
vt 0.705407083 0.429648936 0
vt 0.78640461 0.532266259 0
vt 0.763012886 0.538831174 0
vt 0.78161782 0.518151283 0
vt 0.965416789 0.255992383 0
vt 0.969304621 0.244145572 0
vt 0.991894364 0.207800373 0
vt 0.807660639 0.506522477 0
vt 0.768208623 0.364640564 0
vt 0.886091709 0.402085125 0
vt 0.832371116 0.0365351066 0
vt 0.887300014 0.0101792635 0
vt 0.78973037 0.103739634 0
vt 0.59045738 0.54574275 0
vt 0.56694001 0.578587174 0
vt 0.477125019 0.517003775 0
vt 0.56694001 0.578587174 0
vt 0.597477734 0.623150051 0
vt 0.551204503 0.61303407 0
vt 0.597477734 0.623150051 0
vt 0.56694001 0.578587174 0
vt 0.617686331 0.605741203 0
vt 0.925551951 0.685798943 0
vt 0.985258579 0.741960108 0
vt 0.92549783 0.718016982 0
vt 0.106420115 0.731575191 0
vt 0.062997885 0.756911993 0
vt 0.0357635655 0.740041196 0
vt 0.214503318 0.665442407 0
vt 0.220897943 0.624040365 0
vt 0.279266357 0.681645334 0
vt 0.293747544 0.926024497 0
vt 0.206575468 0.905160606 0
vt 0.354754776 0.866826117 0
vt 0.656135559 0.127106488 0
vt 0.665740609 0.128478691 0
vt 0.584441006 0.178738907 0
vt 0.914531648 0.633501291 0
vt 0.862900317 0.51835382 0
vt 0.930680215 0.606566787 0
vt 0.731847465 0.627654493 0
vt 0.681386769 0.654461741 0
vt 0.727770507 0.592374444 0
vt 0.106420115 0.731575191 0
vt 0.128655672 0.755292237 0
vt 0.062997885 0.756911993 0
vt 0.716845691 0.726234913 0
vt 0.687211931 0.671452284 0
vt 0.704876602 0.677547038 0
vt 0.122592315 0.583955765 0
vt 0.139626905 0.590717256 0
vt 0.0811406821 0.583686113 0
vt 0.756297827 0.761809945 0
vt 0.705863953 0.779814482 0
vt 0.721167803 0.752878129 0
vt 0.128255934 0.346926957 0
vt 0.0652800947 0.316414833 0
vt 0.137390181 0.342040718 0
vt 0.584441006 0.178738907 0
vt 0.586361587 0.186101615 0
vt 0.568513095 0.189145207 0
vt 0.0573356189 0.316233814 0
vt 0.0652800947 0.316414833 0
vt 0.0649413168 0.330943525 0
vt 0.985336542 0.69128269 0
vt 0.925551951 0.685798943 0
vt 0.930680215 0.606566787 0
vt 0.243060634 0.699549496 0
vt 0.293667525 0.690610945 0
vt 0.307293534 0.711897254 0
vt 0.666240931 0.127818629 0
vt 0.656135559 0.127106488 0
vt 0.655762434 0.0885421708 0
vt 0.109233856 0.454349697 0
vt 0.0769945532 0.438525647 0
vt 0.126777604 0.38941583 0
vt 0.563778162 0.627754271 0
vt 0.442630291 0.633218765 0
vt 0.447076738 0.571305752 0
vt 0.326624215 0.753570318 0
vt 0.239868209 0.753721416 0
vt 0.285773486 0.727004766 0
vt 0.355510354 0.682909966 0
vt 0.399116725 0.678291917 0
vt 0.390316635 0.694203973 0
vt 0.655306399 0.226586401 0
vt 0.691269457 0.193278164 0
vt 0.634724379 0.25545615 0
vt 0.624299765 0.942179918 0
vt 0.646230519 0.9375965 0
vt 0.64733237 0.956075847 0
vt 0.307837278 0.781033635 0
vt 0.329891741 0.801319957 0
vt 0.290262461 0.797407508 0
vt 0.456737399 0.787372947 0
vt 0.453910381 0.792417645 0
vt 0.442912996 0.74671936 0
vt 0.378122181 0.933084726 0
vt 0.361830443 0.992507398 0
vt 0.356339812 0.989286125 0
vt 0.946944594 0.293305159 0
vt 0.978643477 0.33284381 0
vt 0.963066518 0.39436847 0
vt 0.448232204 0.860355437 0
vt 0.49317947 0.803290784 0
vt 0.524303854 0.814597785 0
vt 0.656135559 0.127106488 0
vt 0.568513095 0.189145207 0
vt 0.425258607 0.283456534 0
vt 0.271733344 0.830842793 0
vt 0.347778648 0.822127879 0
vt 0.210616633 0.840053082 0
vt 0.541422129 0.741106153 0
vt 0.519229174 0.742949724 0
vt 0.469234496 0.742329419 0
vt 0.844635308 0.536149442 0
vt 0.822310209 0.522865117 0
vt 0.850114703 0.504775047 0
vt 0.238514215 0.412523985 0
vt 0.243300453 0.384285003 0
vt 0.269090146 0.428063065 0
vt 0.787922084 0.595869124 0
vt 0.774619579 0.655547738 0
vt 0.769126713 0.591309786 0
vt 0.716845691 0.726234913 0
vt 0.729339957 0.727062166 0
vt 0.754154325 0.733549535 0
vt 0.74277705 0.749955237 0
vt 0.715600789 0.747907758 0
vt 0.716845691 0.726234913 0
vt 0.442912996 0.74671936 0
vt 0.354754776 0.866826117 0
vt 0.395908594 0.781574845 0
vt 0.602117062 0.930286109 0
vt 0.624299765 0.942179918 0
vt 0.562691391 0.912799954 0
vt 0.602117062 0.930286109 0
vt 0.562691391 0.912799954 0
vt 0.607019782 0.912555635 0
vt 0.77117157 0.978155196 0
vt 0.730010092 0.989154696 0
vt 0.743285 0.926762402 0
vt 0.506579518 0.491748095 0
vt 0.531249344 0.51336354 0
vt 0.492943823 0.497079819 0
vt 0.654594243 0.637075841 0
vt 0.661835551 0.568605185 0
vt 0.665728152 0.634276569 0
vt 0.670391381 0.844260514 0
vt 0.609214842 0.819041014 0
vt 0.656632721 0.826514184 0
vt 0.92549783 0.718016982 0
vt 0.985258579 0.741960108 0
vt 0.916014433 0.765036523 0
vt 0.568118811 0.703996837 0
vt 0.553812981 0.713064373 0
vt 0.507677615 0.694428504 0
vt 0.351308554 0.717218816 0
vt 0.355510354 0.682909966 0
vt 0.390316635 0.694203973 0
vt 0.396226317 0.595357537 0
vt 0.346509337 0.609610856 0
vt 0.375351727 0.543427289 0
vt 0.239868209 0.753721416 0
vt 0.209168643 0.719583988 0
vt 0.249160334 0.708494127 0
vt 0.945704997 0.281050712 0
vt 0.905441046 0.212073013 0
vt 0.969304621 0.244145572 0
vt 0.704536498 0.798665285 0
vt 0.756297827 0.761809945 0
vt 0.733475626 0.825092554 0
vt 0.106420115 0.731575191 0
vt 0.0751047879 0.710826576 0
vt 0.16004692 0.701616645 0
vt 0.106420115 0.731575191 0
vt 0.0357635655 0.740041196 0
vt 0.0751047879 0.710826576 0
vt 0.174396262 0.421581239 0
vt 0.109233856 0.454349697 0
vt 0.126777604 0.38941583 0
vt 0.347131014 0.533829093 0
vt 0.375351727 0.543427289 0
vt 0.346509337 0.609610856 0
vt 0.91100508 0.322072774 0
vt 0.873507798 0.348386884 0
vt 0.819613099 0.375042409 0
vt 0.873507798 0.348386884 0
vt 0.83525604 0.376494706 0
vt 0.819613099 0.375042409 0
vt 0.621786594 0.0533114485 0
vt 0.644505501 0.0731852576 0
vt 0.655762434 0.0885421708 0
vt 0.886091709 0.402085125 0
vt 0.880336344 0.350324601 0
vt 0.907778442 0.352679104 0
vt 0.702661335 0.301816612 0
vt 0.70245856 0.254850686 0
vt 0.759860337 0.306590915 0
vt 0.285615146 0.523160756 0
vt 0.281839788 0.518372297 0
vt 0.347131014 0.533829093 0
vt 0.155842587 0.651704848 0
vt 0.220897943 0.624040365 0
vt 0.214503318 0.665442407 0
vt 0.610332131 0.755729198 0
vt 0.541422129 0.741106153 0
vt 0.553812981 0.713064373 0
vt 0.838715315 0.580231547 0
vt 0.862555683 0.631929338 0
vt 0.808128536 0.566257596 0
vt 0.270264655 0.502151489 0
vt 0.210649088 0.494952828 0
vt 0.152776346 0.47659564 0
vt 0.808128536 0.566257596 0
vt 0.839105725 0.551382005 0
vt 0.838715315 0.580231547 0
vt 0.75424391 0.872044861 0
vt 0.670391381 0.844260514 0
vt 0.695289552 0.838322699 0
vt 0.746867061 0.676611423 0
vt 0.716845691 0.726234913 0
vt 0.704876602 0.677547038 0
vt 0.45500648 0.477446824 0
vt 0.423098505 0.43766284 0
vt 0.423787892 0.429670185 0
vt 0.457291275 0.687536001 0
vt 0.399116725 0.678291917 0
vt 0.426475942 0.675940752 0
vt 0.0443148427 0.760765672 0
vt 0.00601716945 0.798282385 0
vt 0.0413948447 0.74609977 0
vt 0.373458564 0.531421006 0
vt 0.270264655 0.502151489 0
vt 0.381163388 0.470300466 0
vt 0.027426105 0.333856165 0
vt 0.0573356189 0.316233814 0
vt 0.0649413168 0.330943525 0
vt 0.0320051461 0.594416678 0
vt 0.155842587 0.651704848 0
vt 0.0717046857 0.671099901 0
vt 0.568118811 0.703996837 0
vt 0.642386019 0.733222902 0
vt 0.553812981 0.713064373 0
vt 0.6532197 0.679709136 0
vt 0.687211931 0.671452284 0
vt 0.716845691 0.726234913 0
vt 0.991077363 0.335002959 0
vt 0.963066518 0.39436847 0
vt 0.978643477 0.33284381 0
vt 0.820599377 0.304127783 0
vt 0.817864418 0.260562569 0
vt 0.831583083 0.223128527 0
vt 0.355510354 0.682909966 0
vt 0.307293534 0.711897254 0
vt 0.293667525 0.690610945 0
vt 0.78973037 0.103739634 0
vt 0.743964732 0.151743948 0
vt 0.759486794 0.101400293 0
vt 0.13863793 0.856336057 0
vt 0.0924330652 0.810059488 0
vt 0.120338686 0.822308958 0
vt 0.831583083 0.223128527 0
vt 0.78973037 0.103739634 0
vt 0.905441046 0.212073013 0
vt 0.027426105 0.333856165 0
vt 0.00396257406 0.252485752 0
vt 0.0276864748 0.259659231 0
vt 0.977857649 0.858146966 0
vt 0.940368235 0.896888673 0
vt 0.924140215 0.867281139 0
vt 0.999015689 0.0910085663 0
vt 0.997462809 0.154620096 0
vt 0.987171769 0.0459325463 0
vt 0.629335463 0.864385128 0
vt 0.685688794 0.928064108 0
vt 0.595911741 0.903834045 0
vt 0.895976961 0.402038276 0
vt 0.913794279 0.465576857 0
vt 0.850114703 0.504775047 0
vt 0.844635308 0.536149442 0
vt 0.850114703 0.504775047 0
vt 0.913794279 0.465576857 0
vt 0.553812981 0.713064373 0
vt 0.541422129 0.741106153 0
vt 0.457291275 0.687536001 0
vt 0.442630291 0.633218765 0
vt 0.357572407 0.615381479 0
vt 0.346509337 0.609610856 0
vt 0.422422498 0.98726064 0
vt 0.405649185 0.950418591 0
vt 0.419641703 0.918155134 0
vt 0.210616633 0.840053082 0
vt 0.13863793 0.856336057 0
vt 0.120338686 0.822308958 0
vt 0.772482634 0.0819946453 0
vt 0.832371116 0.0365351066 0
vt 0.78973037 0.103739634 0
vt 0.59045738 0.54574275 0
vt 0.477125019 0.517003775 0
vt 0.48626861 0.507194042 0
vt 0.68121177 0.905327857 0
vt 0.742157757 0.879730046 0
vt 0.736993134 0.902148426 0
vt 0.321857452 0.384570092 0
vt 0.312065274 0.389621347 0
vt 0.163550302 0.352373153 0
vt 0.112718962 0.541517913 0
vt 0.0719110072 0.564135134 0
vt 0.102203816 0.544519424 0
vt 0.175378174 0.930668175 0
vt 0.152195126 0.907336414 0
vt 0.13863793 0.856336057 0
vt 0.715998232 0.93529284 0
vt 0.689560235 0.936701477 0
vt 0.743285 0.926762402 0
vt 0.290262461 0.797407508 0
vt 0.225386828 0.760345101 0
vt 0.287228167 0.759626746 0
vt 0.541422129 0.741106153 0
vt 0.420052022 0.74679935 0
vt 0.457291275 0.687536001 0
vt 0.42801702 0.552837849 0
vt 0.447076738 0.571305752 0
vt 0.396226317 0.595357537 0
vt 0.396226317 0.595357537 0
vt 0.375351727 0.543427289 0
vt 0.42801702 0.552837849 0
vt 0.506579518 0.491748095 0
vt 0.543550551 0.5156582 0
vt 0.531249344 0.51336354 0
vt 0.997462809 0.154620096 0
vt 0.97496742 0.0178187396 0
vt 0.987171769 0.0459325463 0
vt 0.768208623 0.364640564 0
vt 0.71302855 0.373614371 0
vt 0.759860337 0.306590915 0
vt 0.676820874 0.100013688 0
vt 0.697835028 0.109785222 0
vt 0.659198523 0.151518762 0
vt 0.423787892 0.429670185 0
vt 0.45967558 0.461875796 0
vt 0.45500648 0.477446824 0
vt 0.146599576 0.0183652211 0
vt 0.255816251 0.0136067802 0
vt 0.113108017 0.0266015586 0
vt 0.661835551 0.568605185 0
vt 0.617686331 0.605741203 0
vt 0.624586701 0.555105269 0
vt 0.681386769 0.654461741 0
vt 0.703374624 0.616503775 0
vt 0.727770507 0.592374444 0
vt 0.507677615 0.694428504 0
vt 0.457291275 0.687536001 0
vt 0.426475942 0.675940752 0
vt 0.557821691 0.350300521 0
vt 0.519528091 0.372924089 0
vt 0.529883265 0.361608624 0
vt 0.379444659 0.336662471 0
vt 0.321857452 0.384570092 0
vt 0.383288264 0.323886037 0
vt 0.298021883 0.598958015 0
vt 0.332484722 0.665105462 0
vt 0.292372048 0.683200181 0
vt 0.575407088 0.437721312 0
vt 0.570335209 0.400285393 0
vt 0.573003411 0.364507109 0
vt 0.77117157 0.978155196 0
vt 0.743285 0.926762402 0
vt 0.79621172 0.93189621 0
vt 0.206575468 0.905160606 0
vt 0.201773867 0.946826041 0
vt 0.175378174 0.930668175 0
vt 0.228217185 0.95113194 0
vt 0.201773867 0.946826041 0
vt 0.206575468 0.905160606 0
vt 0.795987725 0.0538522713 0
vt 0.697835028 0.109785222 0
vt 0.691920698 0.0724499673 0
vt 0.717666864 0.510223269 0
vt 0.689931691 0.453125387 0
vt 0.712109447 0.480425507 0
vt 0.420052022 0.74679935 0
vt 0.390316635 0.694203973 0
vt 0.457291275 0.687536001 0
vt 0.717666864 0.510223269 0
vt 0.712109447 0.480425507 0
vt 0.741591752 0.511074364 0
vt 0.978643477 0.33284381 0
vt 0.946944594 0.293305159 0
vt 0.990439177 0.285819322 0
vt 0.524303854 0.814597785 0
vt 0.585662007 0.829317689 0
vt 0.557114065 0.89190799 0
vt 0.56694001 0.578587174 0
vt 0.447076738 0.571305752 0
vt 0.477125019 0.517003775 0
vt 0.000320686144 0.162289977 0
vt 0.00321388314 0.118284918 0
vt 0.0472902134 0.0679845735 0
vt 0.985336542 0.69128269 0
vt 0.930680215 0.606566787 0
vt 0.96085453 0.641447067 0
vt 0.425258607 0.283456534 0
vt 0.383288264 0.323886037 0
vt 0.432815641 0.264333338 0
vt 0.582699418 0.969036698 0
vt 0.640267849 0.984485209 0
vt 0.541272283 0.986415386 0
vt 0.150974572 0.499582827 0
vt 0.19366698 0.517088771 0
vt 0.112718962 0.541517913 0
vt 0.880336344 0.350324601 0
vt 0.920054793 0.324810684 0
vt 0.907778442 0.352679104 0
vt 0.225386828 0.760345101 0
vt 0.290262461 0.797407508 0
vt 0.254837066 0.79742676 0
vt 0.108257987 0.800353229 0
vt 0.095432505 0.770632744 0
vt 0.128044143 0.766133428 0
vt 0.617686331 0.605741203 0
vt 0.661835551 0.568605185 0
vt 0.654594243 0.637075841 0
vt 0.774619579 0.655547738 0
vt 0.681386769 0.654461741 0
vt 0.731847465 0.627654493 0
vt 0.752551913 0.0326451957 0
vt 0.820085466 -0.00383926881 0
vt 0.691920698 0.0724499673 0
vt 0.847028196 0.716434419 0
vt 0.822844148 0.750244081 0
vt 0.834209323 0.719300985 0
vt 0.113108017 0.0266015586 0
vt 0.0472902134 0.0679845735 0
vt 0.0782959685 0.0420441367 0
vt 0.906106114 0.829411089 0
vt 0.870079637 0.85320574 0
vt 0.885468304 0.799995482 0
vt 0.656632721 0.826514184 0
vt 0.588719249 0.791337967 0
vt 0.614100277 0.795236826 0
vt 0.92930907 0.934308171 0
vt 0.896627665 0.891889811 0
vt 0.924241006 0.906858802 0
vt 0.128255934 0.346926957 0
vt 0.0649413168 0.330943525 0
vt 0.0652800947 0.316414833 0
vt 0.0719110072 0.564135134 0
vt 0.0273840409 0.561737955 0
vt 0.0453647934 0.533367693 0
vt 0.243300453 0.384285003 0
vt 0.208639801 0.388842791 0
vt 0.214399144 0.37041688 0
vt 0.361106068 0.751666963 0
vt 0.420052022 0.74679935 0
vt 0.40881139 0.754526377 0
vt 0.759860337 0.306590915 0
vt 0.70245856 0.254850686 0
vt 0.817864418 0.260562569 0
vt 0.152776346 0.47659564 0
vt 0.109233856 0.454349697 0
vt 0.174396262 0.421581239 0
vt 0.437986702 0.857814193 0
vt 0.49317947 0.803290784 0
vt 0.448232204 0.860355437 0
vt 0.467263877 0.803039491 0
vt 0.467611462 0.782651603 0
vt 0.49317947 0.803290784 0
vt 0.924140215 0.867281139 0
vt 0.940368235 0.896888673 0
vt 0.924241006 0.906858802 0
vt 0.940368235 0.896888673 0
vt 0.968186378 0.893955529 0
vt 0.924241006 0.906858802 0
vt 0.75424391 0.872044861 0
vt 0.695289552 0.838322699 0
vt 0.82532227 0.873417079 0
vt 0.563778162 0.627754271 0
vt 0.616963863 0.648474753 0
vt 0.613160253 0.682606161 0
vt 0.656135559 0.127106488 0
vt 0.425258607 0.283456534 0
vt 0.432815641 0.264333338 0
vt 0.0496079884 0.253228366 0
vt 0.0419517606 0.249854699 0
vt 0.0472902134 0.0679845735 0
vt 0.860654175 0.746313453 0
vt 0.823584974 0.827558756 0
vt 0.854634643 0.750844598 0
vt 0.318525136 0.415660322 0
vt 0.269090146 0.428063065 0
vt 0.277276576 0.400833368 0
vt 0.0325227901 0.692790985 0
vt 0.0320051461 0.594416678 0
vt 0.0486886278 0.687944651 0
vt 0.853286326 0.535188913 0
vt 0.839105725 0.551382005 0
vt 0.808128536 0.566257596 0
vt 0.79621172 0.93189621 0
vt 0.843933463 0.956614792 0
vt 0.804188907 0.96943742 0
vt 0.451751143 0.43949312 0
vt 0.527224004 0.493719786 0
vt 0.497268051 0.47669059 0
vt 0.692681372 0.356082797 0
vt 0.70245856 0.254850686 0
vt 0.702661335 0.301816612 0
vt 0.56694001 0.578587174 0
vt 0.59045738 0.54574275 0
vt 0.617686331 0.605741203 0
vt 0.285773486 0.727004766 0
vt 0.307293534 0.711897254 0
vt 0.351308554 0.717218816 0
vt 0.832371116 0.0365351066 0
vt 0.86050266 0.0201795734 0
vt 0.887300014 0.0101792635 0
vt 0.159454435 0.741033196 0
vt 0.106420115 0.731575191 0
vt 0.182980433 0.715058804 0
vt 0.56694001 0.578587174 0
vt 0.551204503 0.61303407 0
vt 0.507595479 0.591566443 0
vt 0.269090146 0.428063065 0
vt 0.318525136 0.415660322 0
vt 0.37746805 0.432585329 0
vt 0.691269457 0.193278164 0
vt 0.743964732 0.151743948 0
vt 0.634724379 0.25545615 0
vt 0.656135559 0.127106488 0
vt 0.584441006 0.178738907 0
vt 0.568513095 0.189145207 0
vt 0.784467041 0.758954465 0
vt 0.854634643 0.750844598 0
vt 0.823584974 0.827558756 0
vt 0.48626861 0.507194042 0
vt 0.477125019 0.517003775 0
vt 0.381163388 0.470300466 0
vt 0.78640461 0.532266259 0
vt 0.822310209 0.522865117 0
vt 0.763012886 0.538831174 0
vt 0.654594243 0.637075841 0
vt 0.597477734 0.623150051 0
vt 0.617686331 0.605741203 0
vt 0.741591752 0.511074364 0
vt 0.712109447 0.480425507 0
vt 0.78161782 0.518151283 0
vt 0.437986702 0.857814193 0
vt 0.467263877 0.803039491 0
vt 0.49317947 0.803290784 0
vt 0.292372048 0.683200181 0
vt 0.287255585 0.662964106 0
vt 0.298021883 0.598958015 0
vn 0.455571085 0.643265128 -0.442454398
vn 0.265767395 0.847196519 -0.353251666
vn 0.411226004 0.780341864 0.103437789
vn -0.020943094 -0.999926031 -0.020076748
vn -0.0130000282 -1.00121188 -0.0122361463
vn 0.172661364 -0.9682886 0.00199369597
vn -0.00456999196 0.944834173 -0.257204205
vn 0.0148525015 0.984669685 0.0787782595
vn 0.114811033 0.987900794 0.0448105559
vn -0.150510579 0.286255449 0.93955332
vn -0.152391285 0.411361396 0.613133609
vn -0.309033453 -0.141742215 0.937792361
vn -0.373992234 0.432521284 -0.814182937
vn -0.331788391 0.189806074 -0.903476179
vn -0.343033016 -0.0365003422 -0.940736115
vn 0.0899432302 -0.814792633 -0.211416632
vn 0.165576026 -0.604878128 -0.52436465
vn 0.0754800513 -0.964040339 -0.232470125
vn 0.65207845 -0.649196923 -0.247626886
vn 0.765691161 -0.331718713 -0.128459156
vn 0.172661364 -0.9682886 0.00199369597
vn 0.0899432302 -0.814792633 -0.211416632
vn -0.0130000282 -1.00121188 -0.0122361463
vn -0.0137263658 -0.996074736 -0.0361792408
vn 0.00727979233 1.00213289 -0.0289626624
vn -0.236240283 0.309693515 -0.107718393
vn 0.00558138499 1.00486267 0.0101197762
vn -0.0027839588 -0.870403588 0.11703562
vn -0.020943094 -0.999926031 -0.020076748
vn 0.00685131922 -0.992777884 0.0303177852
vn -0.477311492 0.646918058 -0.062208809
vn -0.213631868 0.543350577 0.356289595
vn -0.15605019 0.987957537 0.0441039987
vn 0.150707558 0.950000942 -0.0570787266
vn 0.177771315 0.947478652 -0.0587251745
vn 0.160736904 0.956419051 -0.0960105434
vn -0.552850068 -0.147885621 0.332090318
vn -0.23883988 0.526082873 0.0121323531
vn 0.0390885584 0.474589318 0.678423405
vn -0.280507326 0.627078533 0.231174037
vn -0.552850068 -0.147885621 0.332090318
vn 0.0390885584 0.474589318 0.678423405
vn -0.347341776 -0.194881216 -0.955229521
vn -0.052859053 0.59540379 -0.648950398
vn -0.319380552 -0.0662202165 -0.929346323
vn 0.317282319 0.764023304 0.159977421
vn 0.53768903 0.446633697 0.549896657
vn 0.626769304 0.351315528 0.42140311
vn 0.263568848 0.864370286 -0.0240625162
vn 0.566977978 0.556728065 0.0418543145
vn 0.350583881 0.748145938 0.0360801741
vn 0.241437525 -0.283309758 0.886031687
vn -0.142355114 -0.518210828 0.582947195
vn -0.156811938 -0.102858201 0.719833016
vn 0.0390885584 0.474589318 0.678423405
vn 0.111847132 0.113218106 0.959785342
vn 0.00437652972 -0.0301475208 0.81456995
vn 0.163702935 0.887023449 0.19432117
vn 0.155966461 0.809826195 0.458715081
vn -0.0117838373 0.772149742 0.47530061
vn 0.644219518 0.638262749 0.157326296
vn 0.53768903 0.446633697 0.549896657
vn 0.317282319 0.764023304 0.159977421
vn 0.180223212 0.952113569 0.138053998
vn 0.141921103 0.726640522 0.317732424
vn 0.163702935 0.887023449 0.19432117
vn -0.237622827 0.576833844 -0.517331302
vn -0.0754068941 0.516381502 -0.750752866
vn -0.194152206 -0.491542518 -0.530554712
vn -0.152391285 0.411361396 0.613133609
vn -0.37718454 -0.146520272 0.894946814
vn -0.309033453 -0.141742215 0.937792361
vn -0.194152206 -0.491542518 -0.530554712
vn -0.0754068941 0.516381502 -0.750752866
vn -0.14787744 -0.372011185 -0.849605024
vn 0.414888024 0.0749195889 -0.888590336
vn -0.0754068941 0.516381502 -0.750752866
vn 0.212650999 0.685557187 -0.471761554
vn 0.0897881091 0.91817987 0.133417457
vn -0.044405479 0.346270412 0.873666286
vn 0.141921103 0.726640522 0.317732424
vn 0.620468199 0.655097067 -0.057183709
vn 0.690881729 0.558879614 -0.190297559
vn 0.350583881 0.748145938 0.0360801741
vn -0.189660326 0.779347956 0.117138833
vn 0.105424382 0.989389777 0.08785519
vn 0.0806511939 0.936222017 0.00516289519
vn -0.0751177743 -0.987998068 -0.0491156504
vn -0.020943094 -0.999926031 -0.020076748
vn -0.0027839588 -0.870403588 0.11703562
vn -0.480181158 -0.583107293 -0.667753696
vn -0.683271646 -0.46649757 -0.451560259
vn -0.540368497 0.261914015 -0.0855572224
vn -0.0754913613 -0.972324669 -0.036202576
vn -0.0831748471 -0.77130115 -0.226858377
vn -0.0654956177 -0.985800564 -0.0372595154
vn -0.156811938 -0.102858201 0.719833016
vn 0.00437652972 -0.0301475208 0.81456995
vn -0.0027839588 -0.870403588 0.11703562
vn -0.0027839588 -0.870403588 0.11703562
vn 0.00685131922 -0.992777884 0.0303177852
vn 0.0207937732 -0.930751562 0.189571857
vn 0.212650999 0.685557187 -0.471761554
vn 0.00727979233 1.00213289 -0.0289626624
vn 0.0173896141 0.890970647 -0.211875841
vn 0.28799814 0.823222518 0.254562974
vn 0.544598222 0.612581968 0.269736916
vn 0.219883144 0.840445757 0.155569658
vn -0.605905175 -0.753624916 -0.255114853
vn -0.236240283 0.309693515 -0.107718393
vn -0.538805485 -0.855445564 -0.0138843842
vn -0.236240283 0.309693515 -0.107718393
vn -0.11858926 0.994616926 0.0207950491
vn -0.0500600897 1.01712608 0.0728225261
vn 0.263568848 0.864370286 -0.0240625162
vn 0.350583881 0.748145938 0.0360801741
vn 0.532322705 0.503785193 -0.076019682
vn 0.0342883095 0.251048058 -0.897286177
vn 0.177545115 -0.0893902332 -0.973677218
vn -0.0281905364 -0.254890174 -0.865966439
vn -0.0751177743 -0.987998068 -0.0491156504
vn -0.0027839588 -0.870403588 0.11703562
vn 0.060169667 -0.829736471 0.310354948
vn -0.0027839588 -0.870403588 0.11703562
vn 0.00437652972 -0.0301475208 0.81456995
vn 0.111847132 0.113218106 0.959785342
vn 0.414888024 0.0749195889 -0.888590336
vn 0.720461845 0.244083822 -0.649120867
vn 0.0899432302 -0.814792633 -0.211416632
vn 0.0376527421 0.964601874 0.0664003193
vn 0.0627035797 0.943490684 0.0540865697
vn 0.0897881091 0.91817987 0.133417457
vn -0.0460905097 -0.978737354 -0.0522079431
vn -0.0754913613 -0.972324669 -0.036202576
vn -0.0654956177 -0.985800564 -0.0372595154
vn -0.347341776 -0.194881216 -0.955229521
vn -0.331788391 0.189806074 -0.903476179
vn 0.0912241787 0.974402845 -0.0918620825
vn 0.263568848 0.864370286 -0.0240625162
vn 0.177771315 0.947478652 -0.0587251745
vn 0.317282319 0.764023304 0.159977421
vn 0.317282319 0.764023304 0.159977421
vn 0.177771315 0.947478652 -0.0587251745
vn 0.710198879 0.498158038 -0.362521291
vn -0.189660326 0.779347956 0.117138833
vn 0.0806511939 0.936222017 0.00516289519
vn -0.728208721 -0.508949459 -0.26669696
vn -0.552850068 -0.147885621 0.332090318
vn -0.535526395 -0.371605456 0.724615812
vn -0.662095428 -0.594591856 0.456451327
vn 0.65207845 -0.649196923 -0.247626886
vn 0.789594829 -0.275139004 -0.288572848
vn 0.765691161 -0.331718713 -0.128459156
vn 0.00727979233 1.00213289 -0.0289626624
vn -0.11858926 0.994616926 0.0207950491
vn -0.236240283 0.309693515 -0.107718393
vn -0.580984414 -0.0741089657 -0.808942139
vn -0.418848157 0.0748142302 -0.884411156
vn -0.0831748471 -0.77130115 -0.226858377
vn 0.350583881 0.748145938 0.0360801741
vn 0.690881729 0.558879614 -0.190297559
vn 0.532322705 0.503785193 -0.076019682
vn -0.605905175 -0.753624916 -0.255114853
vn -0.567315638 -0.57996881 -0.589052618
vn -0.236240283 0.309693515 -0.107718393
vn -0.580984414 -0.0741089657 -0.808942139
vn -0.0831748471 -0.77130115 -0.226858377
vn -0.529072404 -0.106917366 -0.812665045
vn -0.152391285 0.411361396 0.613133609
vn -0.26621756 0.189187691 0.914019227
vn -0.535526395 -0.371605456 0.724615812
vn 0.151428938 0.746681929 -0.361031055
vn 0.442576438 0.359990239 -0.698983073
vn 0.129546538 0.94441396 -0.0422034785
vn 0.151428938 0.746681929 -0.361031055
vn 0.274775356 0.399770766 -0.778479934
vn 0.0869996399 0.841255844 -0.477817029
vn 0.262090534 0.802620709 0.288062721
vn 0.53768903 0.446633697 0.549896657
vn 0.644219518 0.638262749 0.157326296
vn -0.728208721 -0.508949459 -0.26669696
vn -0.820302963 -0.342827171 -0.40876925
vn -0.572425604 -0.707709134 -0.132959142
vn -0.632205963 -0.367583364 -0.647217572
vn -0.540368497 0.261914015 -0.0855572224
vn -0.683271646 -0.46649757 -0.451560259
vn -0.728208721 -0.508949459 -0.26669696
vn 0.0806511939 0.936222017 0.00516289519
vn -0.820302963 -0.342827171 -0.40876925
vn -0.477394164 -0.572855711 0.331719518
vn -0.0751177743 -0.987998068 -0.0491156504
vn 0.060169667 -0.829736471 0.310354948
vn 0.626769304 0.351315528 0.42140311
vn 0.350583881 0.748145938 0.0360801741
vn 0.317282319 0.764023304 0.159977421
vn 0.0912241787 0.974402845 -0.0918620825
vn 0.0983284712 0.97391361 -0.0888252631
vn 0.139745384 0.990620613 -0.0175914224
vn -0.136344418 -0.936064899 -0.222805098
vn -0.0137263658 -0.996074736 -0.0361792408
vn -0.0654956177 -0.985800564 -0.0372595154
vn 0.0596399494 0.975831628 -0.108396314
vn 0.0722315237 0.957662523 -0.0669765547
vn -0.00456999196 0.944834173 -0.257204205
vn 0.0983284712 0.97391361 -0.0888252631
vn 0.170733407 0.988320351 -0.00367385196
vn 0.139745384 0.990620613 -0.0175914224
vn 0.262090534 0.802620709 0.288062721
vn 0.409272134 0.370764554 0.652681053
vn 0.53768903 0.446633697 0.549896657
vn 0.233281195 0.920172989 -0.155423939
vn 0.517880261 -0.254098386 -0.826728225
vn 0.350615323 -0.211244673 -0.918286204
vn -0.020943094 -0.999926031 -0.020076748
vn -0.0137263658 -0.996074736 -0.0361792408
vn -0.0130000282 -1.00121188 -0.0122361463
vn 0.0885537714 0.995436788 -0.00213428237
vn 0.170733407 0.988320351 -0.00367385196
vn 0.0806511939 0.936222017 0.00516289519
vn -0.781278312 -0.314482898 -0.410098046
vn -0.53157568 0.449837297 -0.612351596
vn -0.418478996 0.420514792 -0.740624785
vn 0.275930643 0.878061414 0.296045095
vn 0.18937847 0.954942405 0.0283115823
vn 0.0897881091 0.91817987 0.133417457
vn -0.189660326 0.779347956 0.117138833
vn -0.152391285 0.411361396 0.613133609
vn 0.105424382 0.989389777 0.08785519
vn 0.469132006 0.161957309 -0.819025755
vn 0.528928518 -0.0616453439 -0.833986104
vn 0.609447181 0.0505062379 -0.747001946
vn 0.469132006 0.161957309 -0.819025755
vn 0.347228169 -0.113094531 -0.939320266
vn 0.528928518 -0.0616453439 -0.833986104
vn -0.477394164 -0.572855711 0.331719518
vn -0.605787635 0.587400496 0.425724596
vn -0.91916573 0.241600856 0.307227582
vn 0.0389805399 0.750369906 0.598405719
vn 0.0883066282 0.815981388 0.451158464
vn 0.164662421 0.19535242 0.926054716
vn 0.129546538 0.94441396 -0.0422034785
vn 0.622868598 0.518594146 -0.177733734
vn 0.427879184 0.716059625 -0.207473919
vn 0.237462357 0.344568878 0.884807527
vn -0.150510579 0.286255449 0.93955332
vn -0.112968445 -0.571967542 0.551232934
vn 0.233281195 0.920172989 -0.155423939
vn 0.263568848 0.864370286 -0.0240625162
vn 0.511439502 0.467970401 -0.506599307
vn -0.788632572 0.0374354348 -0.646349072
vn -0.930953026 -0.343391657 -0.168009877
vn -0.682897925 -0.304946989 -0.687076986
vn 0.622868598 0.518594146 -0.177733734
vn 0.129546538 0.94441396 -0.0422034785
vn 0.404629022 0.54551053 -0.41381979
vn -0.572425604 -0.707709134 -0.132959142
vn -0.709006369 -0.693253458 -0.143401042
vn -0.656674564 -0.737014294 -0.0740823001
vn -0.682897925 -0.304946989 -0.687076986
vn -0.694055796 -0.12201108 -0.724908054
vn -0.549074233 -0.0912749842 -0.819632173
vn 0.164662421 0.19535242 0.926054716
vn -0.156811938 -0.102858201 0.719833016
vn 0.142497376 -0.0510764308 1.0062778
vn 0.114811033 0.987900794 0.0448105559
vn 0.0148525015 0.984669685 0.0787782595
vn 0.127145499 0.919468939 0.213076144
vn -0.720165253 0.378108591 0.237482667
vn -0.0500600897 1.01712608 0.0728225261
vn -0.11858926 0.994616926 0.0207950491
vn 0.347228169 -0.113094531 -0.939320266
vn 0.41199562 -0.0866839737 -0.914737463
vn 0.528928518 -0.0616453439 -0.833986104
vn 0.455571085 0.643265128 -0.442454398
vn 0.177771315 0.947478652 -0.0587251745
vn 0.265767395 0.847196519 -0.353251666
vn 0.544598222 0.612581968 0.269736916
vn 0.87580657 -0.212767228 0.0385875627
vn 0.418780386 0.849038363 0.0408991948
vn 0.177545115 -0.0893902332 -0.973677218
vn 0.347228169 -0.113094531 -0.939320266
vn 0.165576026 -0.604878128 -0.52436465
vn 0.347228169 -0.113094531 -0.939320266
vn 0.274775356 0.399770766 -0.778479934
vn 0.41199562 -0.0866839737 -0.914737463
vn -0.552850068 -0.147885621 0.332090318
vn -0.662095428 -0.594591856 0.456451327
vn -0.538805485 -0.855445564 -0.0138843842
vn 0.0596399494 0.975831628 -0.108396314
vn 0.0376527421 0.964601874 0.0664003193
vn 0.0897881091 0.91817987 0.133417457
vn 0.567780077 0.449754775 0.728251398
vn 0.0627035797 0.943490684 0.0540865697
vn 0.0376527421 0.964601874 0.0664003193
vn -0.720165253 0.378108591 0.237482667
vn -0.930953026 -0.343391657 -0.168009877
vn -0.797154129 -0.369464308 0.361385226
vn 0.0342883095 0.251048058 -0.897286177
vn -0.491895884 0.587227821 -0.568922162
vn 0.0869996399 0.841255844 -0.477817029
vn 0.114811033 0.987900794 0.0448105559
vn 0.0596399494 0.975831628 -0.108396314
vn -0.00456999196 0.944834173 -0.257204205
vn -0.150510579 0.286255449 0.93955332
vn 0.0751225278 0.976225734 0.214500532
vn -0.0117838373 0.772149742 0.47530061
vn -0.150510579 0.286255449 0.93955332
vn -0.0117838373 0.772149742 0.47530061
vn -0.152391285 0.411361396 0.613133609
vn 0.620468199 0.655097067 -0.057183709
vn 0.87580657 -0.212767228 0.0385875627
vn 0.765691161 -0.331718713 -0.128459156
vn 0.0722315237 0.957662523 -0.0669765547
vn 0.0596399494 0.975831628 -0.108396314
vn 0.0532757789 0.995229781 -0.0485989079
vn -0.437859923 -0.198870584 0.871365845
vn -0.605787635 0.587400496 0.425724596
vn -0.641411066 -0.227445573 0.714354575
vn -0.37718454 -0.146520272 0.894946814
vn -0.197184071 -0.583439112 0.655696392
vn -0.309033453 -0.141742215 0.937792361
vn -0.280507326 0.627078533 0.231174037
vn -0.37718454 -0.146520272 0.894946814
vn -0.628261268 -0.511668682 0.586074114
vn -0.0754068941 0.516381502 -0.750752866
vn -0.237622827 0.576833844 -0.517331302
vn 0.00727979233 1.00213289 -0.0289626624
vn 0.521674991 -0.369745344 0.690136313
vn 0.699229479 -0.126806989 0.701200604
vn 0.713634372 -0.0888735205 0.713694811
vn 0.0897881091 0.91817987 0.133417457
vn 0.141921103 0.726640522 0.317732424
vn 0.22250542 0.349911302 0.728928447
vn -0.213631868 0.543350577 0.356289595
vn -0.477311492 0.646918058 -0.062208809
vn -0.605787635 0.587400496 0.425724596
vn -0.656674564 -0.737014294 -0.0740823001
vn -0.794870019 -0.566417158 -0.147000521
vn -0.538805485 -0.855445564 -0.0138843842
vn 0.053452421 -0.154726401 -0.986405313
vn -0.225642487 -0.221536696 -0.900591433
vn -0.319380552 -0.0662202165 -0.929346323
vn -0.237622827 0.576833844 -0.517331302
vn -0.18799606 0.963995218 -0.207509592
vn 0.00727979233 1.00213289 -0.0289626624
vn 0.166258931 0.626247287 0.692814827
vn 0.163702935 0.887023449 0.19432117
vn 0.141921103 0.726640522 0.317732424
vn 0.163702935 0.887023449 0.19432117
vn 0.166258931 0.626247287 0.692814827
vn 0.0148525015 0.984669685 0.0787782595
vn -0.820302963 -0.342827171 -0.40876925
vn -0.561680019 0.656159461 -0.375307113
vn -0.781278312 -0.314482898 -0.410098046
vn 0.0532757789 0.995229781 -0.0485989079
vn -0.0509363115 0.996569455 -0.0714007914
vn 0.0722315237 0.957662523 -0.0669765547
vn 0.139745384 0.990620613 -0.0175914224
vn 0.170733407 0.988320351 -0.00367385196
vn 0.0722315237 0.957662523 -0.0669765547
vn 0.404629022 0.54551053 -0.41381979
vn 0.698984146 -0.189794257 -0.697948396
vn 0.800048769 0.252472907 -0.205143437
vn -0.794870019 -0.566417158 -0.147000521
vn -0.605905175 -0.753624916 -0.255114853
vn -0.538805485 -0.855445564 -0.0138843842
vn 0.318898916 0.348564386 -0.688343883
vn 0.720461845 0.244083822 -0.649120867
vn 0.0173896141 0.890970647 -0.211875841
vn 0.318898916 0.348564386 -0.688343883
vn -0.225642487 -0.221536696 -0.900591433
vn -0.193661317 0.579808354 -0.739174783
vn 0.26398924 -0.285641193 -0.940885544
vn 0.151428938 0.746681929 -0.361031055
vn 0.0869996399 0.841255844 -0.477817029
vn -0.150510579 0.286255449 0.93955332
vn 0.237462357 0.344568878 0.884807527
vn 0.180223212 0.952113569 0.138053998
vn -0.0754913613 -0.972324669 -0.036202576
vn -0.788632572 0.0374354348 -0.646349072
vn -0.656069458 -0.36059624 -0.626280725
vn -0.930953026 -0.343391657 -0.168009877
vn -0.0754913613 -0.972324669 -0.036202576
vn -0.797154129 -0.369464308 0.361385226
vn 0.0754800513 -0.964040339 -0.232470125
vn 0.469132006 0.161957309 -0.819025755
vn 0.439849943 -0.812928379 -0.310422838
vn 0.26398924 -0.285641193 -0.940885544
vn 0.517880261 -0.254098386 -0.826728225
vn 0.151428938 0.746681929 -0.361031055
vn 0.150707558 0.950000942 -0.0570787266
vn 0.0361857414 0.936900854 -0.215224221
vn 0.265767395 0.847196519 -0.353251666
vn 0.265767395 0.847196519 -0.353251666
vn 0.18937847 0.954942405 0.0283115823
vn 0.411226004 0.780341864 0.103437789
vn 0.26398924 -0.285641193 -0.940885544
vn 0.0869996399 0.841255844 -0.477817029
vn -0.225642487 -0.221536696 -0.900591433
vn 0.0806511939 0.936222017 0.00516289519
vn -0.561680019 0.656159461 -0.375307113
vn -0.820302963 -0.342827171 -0.40876925
vn 0.170733407 0.988320351 -0.00367385196
vn -0.561680019 0.656159461 -0.375307113
vn 0.0806511939 0.936222017 0.00516289519
vn -0.347341776 -0.194881216 -0.955229521
vn -0.319380552 -0.0662202165 -0.929346323
vn -0.34878239 -0.0810349286 -0.928610206
vn 0.219883144 0.840445757 0.155569658
vn 0.409272134 0.370764554 0.652681053
vn 0.0883066282 0.815981388 0.451158464
vn 0.0532757789 0.995229781 -0.0485989079
vn 0.0596399494 0.975831628 -0.108396314
vn 0.0897881091 0.91817987 0.133417457
vn 0.710198879 0.498158038 -0.362521291
vn 0.816289485 0.429776013 -0.257531017
vn 0.644219518 0.638262749 0.157326296
vn -0.14787744 -0.372011185 -0.849605024
vn 0.0315148719 -0.925916731 -0.273651689
vn -0.194152206 -0.491542518 -0.530554712
vn 0.0066842651 0.0712199211 -0.995308161
vn 0.414888024 0.0749195889 -0.888590336
vn -0.14787744 -0.372011185 -0.849605024
vn -0.00456999196 0.944834173 -0.257204205
vn 0.0772444308 0.978914976 -0.100593083
vn 0.0885537714 0.995436788 -0.00213428237
vn -0.0281905364 -0.254890174 -0.865966439
vn 0.177545115 -0.0893902332 -0.973677218
vn 0.165576026 -0.604878128 -0.52436465
vn -0.150510579 0.286255449 0.93955332
vn -0.309033453 -0.141742215 0.937792361
vn -0.112968445 -0.571967542 0.551232934
vn 0.414888024 0.0749195889 -0.888590336
vn 0.0315148719 -0.925916731 -0.273651689
vn -0.14787744 -0.372011185 -0.849605024
vn 0.414888024 0.0749195889 -0.888590336
vn 0.0899432302 -0.814792633 -0.211416632
vn 0.0315148719 -0.925916731 -0.273651689
vn -0.193661317 0.579808354 -0.739174783
vn -0.225642487 -0.221536696 -0.900591433
vn 0.0869996399 0.841255844 -0.477817029
vn -0.255896986 0.699462175 -0.685019135
vn 0.0983284712 0.97391361 -0.0888252631
vn -0.373992234 0.432521284 -0.814182937
vn 0.0754800513 -0.964040339 -0.232470125
vn 0.439849943 -0.812928379 -0.310422838
vn -0.0130000282 -1.00121188 -0.0122361463
vn -0.0831748471 -0.77130115 -0.226858377
vn 0.0315148719 -0.925916731 -0.273651689
vn -0.136344418 -0.936064899 -0.222805098
vn -0.142355114 -0.518210828 0.582947195
vn 0.224067256 -0.484722555 0.682654023
vn -0.112968445 -0.571967542 0.551232934
vn 0.800048769 0.252472907 -0.205143437
vn 0.511439502 0.467970401 -0.506599307
vn 0.263568848 0.864370286 -0.0240625162
vn -0.0754913613 -0.972324669 -0.036202576
vn -0.0460905097 -0.978737354 -0.0522079431
vn -0.141771227 -0.988646805 0.0814319998
vn -0.23883988 0.526082873 0.0121323531
vn -0.0500600897 1.01712608 0.0728225261
vn -0.540368497 0.261914015 -0.0855572224
vn 0.00727979233 1.00213289 -0.0289626624
vn 0.00558138499 1.00486267 0.0101197762
vn -0.18373549 0.576237321 -0.569317281
vn -0.529072404 -0.106917366 -0.812665045
vn -0.0831748471 -0.77130115 -0.226858377
vn -0.0486470908 -1.0002104 -0.0594889633
vn 0.0390885584 0.474589318 0.678423405
vn -0.23883988 0.526082873 0.0121323531
vn -0.15605019 0.987957537 0.0441039987
vn -0.15605019 0.987957537 0.0441039987
vn -0.213631868 0.543350577 0.356289595
vn 0.0390885584 0.474589318 0.678423405
vn 0.265767395 0.847196519 -0.353251666
vn 0.0361857414 0.936900854 -0.215224221
vn 0.125986516 0.987151682 -0.121100575
vn -0.152391285 0.411361396 0.613133609
vn -0.0117838373 0.772149742 0.47530061
vn -0.0132100778 0.893256128 0.392874688
vn 0.105424382 0.989389777 0.08785519
vn -0.152391285 0.411361396 0.613133609
vn -0.0132100778 0.893256128 0.392874688
vn 0.259821713 0.603774309 0.464069486
vn 0.409272134 0.370764554 0.652681053
vn 0.436781973 0.221699208 0.810855627
vn 0.19156462 0.797200501 -0.417942762
vn 0.715157747 -0.148292467 -0.695404112
vn 0.41199562 -0.0866839737 -0.914737463
vn -0.707279146 -0.060004171 -0.693607867
vn -0.580984414 -0.0741089657 -0.808942139
vn -0.529072404 -0.106917366 -0.812665045
vn -0.0460905097 -0.978737354 -0.0522079431
vn -0.798773468 -0.390598774 0.397992939
vn -0.141771227 -0.988646805 0.0814319998
vn -0.18799606 0.963995218 -0.207509592
vn -0.640704691 0.572929323 -0.259190202
vn -0.11858926 0.994616926 0.0207950491
vn -0.640704691 0.572929323 -0.259190202
vn -0.694055796 -0.12201108 -0.724908054
vn -0.682897925 -0.304946989 -0.687076986
vn -0.418848157 0.0748142302 -0.884411156
vn -0.194152206 -0.491542518 -0.530554712
vn -0.0831748471 -0.77130115 -0.226858377
vn 0.0885537714 0.995436788 -0.00213428237
vn 0.0806511939 0.936222017 0.00516289519
vn 0.105424382 0.989389777 0.08785519
vn 0.0885537714 0.995436788 -0.00213428237
vn 0.105424382 0.989389777 0.08785519
vn -0.00453248946 0.945808589 0.227859542
vn -0.0831748471 -0.77130115 -0.226858377
vn -0.0754913613 -0.972324669 -0.036202576
vn -0.0486470908 -1.0002104 -0.0594889633
vn -0.694055796 -0.12201108 -0.724908054
vn -0.594949663 0.438895911 -0.683574378
vn -0.549074233 -0.0912749842 -0.819632173
vn -0.18799606 0.963995218 -0.207509592
vn -0.594949663 0.438895911 -0.683574378
vn -0.640704691 0.572929323 -0.259190202
vn 0.0722315237 0.957662523 -0.0669765547
vn 0.170733407 0.988320351 -0.00367385196
vn 0.0772444308 0.978914976 -0.100593083
vn 0.160736904 0.956419051 -0.0960105434
vn 0.327878892 0.225260958 -0.910076082
vn 0.350615323 -0.211244673 -0.918286204
vn 0.177545115 -0.0893902332 -0.973677218
vn 0.274775356 0.399770766 -0.778479934
vn 0.347228169 -0.113094531 -0.939320266
vn 0.0389805399 0.750369906 0.598405719
vn 0.164662421 0.19535242 0.926054716
vn 0.163166016 -0.0147196194 0.990772069
vn -0.418848157 0.0748142302 -0.884411156
vn -0.18799606 0.963995218 -0.207509592
vn -0.237622827 0.576833844 -0.517331302
vn -0.418848157 0.0748142302 -0.884411156
vn -0.237622827 0.576833844 -0.517331302
vn -0.194152206 -0.491542518 -0.530554712
vn 0.166258931 0.626247287 0.692814827
vn 0.127145499 0.919468939 0.213076144
vn 0.0148525015 0.984669685 0.0787782595
vn 0.275930643 0.878061414 0.296045095
vn 0.0897881091 0.91817987 0.133417457
vn 0.183564648 0.632351816 0.635206282
vn 0.789481997 0.148425072 -0.603133798
vn 0.715157747 -0.148292467 -0.695404112
vn 0.427879184 0.716059625 -0.207473919
vn -0.00453248946 0.945808589 0.227859542
vn 0.105424382 0.989389777 0.08785519
vn -0.0132100778 0.893256128 0.392874688
vn 0.155966461 0.809826195 0.458715081
vn -0.0132100778 0.893256128 0.392874688
vn -0.0117838373 0.772149742 0.47530061
vn -0.64664948 -0.549192071 0.298242509
vn -0.198351398 -1.01058865 -0.0340295844
vn -0.520428896 -0.508262753 0.412176847
vn -0.198351398 -1.01058865 -0.0340295844
vn -0.271176815 -0.744559944 0.486590415
vn -0.520428896 -0.508262753 0.412176847
vn -0.331788391 0.189806074 -0.903476179
vn -0.291810781 -0.110382736 -0.946912169
vn -0.343033016 -0.0365003422 -0.940736115
vn 0.0912241787 0.974402845 -0.0918620825
vn 0.139745384 0.990620613 -0.0175914224
vn 0.150707558 0.950000942 -0.0570787266
vn -0.18373549 0.576237321 -0.569317281
vn -0.291810781 -0.110382736 -0.946912169
vn -0.34878239 -0.0810349286 -0.928610206
vn 0.28799814 0.823222518 0.254562974
vn 0.713634372 -0.0888735205 0.713694811
vn 0.544598222 0.612581968 0.269736916
vn 0.00685131922 -0.992777884 0.0303177852
vn 0.400101125 0.0303101148 0.919241488
vn 0.193747327 -0.268847674 0.934872627
vn 0.721737683 -0.201016292 -0.645693481
vn 0.469132006 0.161957309 -0.819025755
vn 0.609447181 0.0505062379 -0.747001946
vn 0.439849943 -0.812928379 -0.310422838
vn 0.469132006 0.161957309 -0.819025755
vn 0.65207845 -0.649196923 -0.247626886
vn 0.427879184 0.716059625 -0.207473919
vn 0.622868598 0.518594146 -0.177733734
vn 0.532322705 0.503785193 -0.076019682
vn 0.690881729 0.558879614 -0.190297559
vn 0.765691161 -0.331718713 -0.128459156
vn 0.789594829 -0.275139004 -0.288572848
vn -0.286269218 0.726535618 0.519480169
vn -0.189660326 0.779347956 0.117138833
vn -0.520428896 -0.508262753 0.412176847
vn 0.180223212 0.952113569 0.138053998
vn 0.259821713 0.603774309 0.464069486
vn 0.141921103 0.726640522 0.317732424
vn 0.259821713 0.603774309 0.464069486
vn 0.436781973 0.221699208 0.810855627
vn 0.262090534 0.802620709 0.288062721
vn -0.189660326 0.779347956 0.117138833
vn -0.728208721 -0.508949459 -0.26669696
vn -0.572425604 -0.707709134 -0.132959142
vn -0.540368497 0.261914015 -0.0855572224
vn -0.632205963 -0.367583364 -0.647217572
vn -0.477311492 0.646918058 -0.062208809
vn -0.632205963 -0.367583364 -0.647217572
vn -0.627809942 -0.461948693 -0.652654648
vn -0.477311492 0.646918058 -0.062208809
vn 0.79468894 -0.337101758 0.46105963
vn 0.521674991 -0.369745344 0.690136313
vn 0.172661364 -0.9682886 0.00199369597
vn 0.713634372 -0.0888735205 0.713694811
vn 0.699229479 -0.126806989 0.701200604
vn 0.79468894 -0.337101758 0.46105963
vn -0.020943094 -0.999926031 -0.020076748
vn 0.172661364 -0.9682886 0.00199369597
vn 0.00685131922 -0.992777884 0.0303177852
vn 0.469132006 0.161957309 -0.819025755
vn 0.721737683 -0.201016292 -0.645693481
vn 0.65207845 -0.649196923 -0.247626886
vn 0.609447181 0.0505062379 -0.747001946
vn 0.715157747 -0.148292467 -0.695404112
vn 0.789481997 0.148425072 -0.603133798
vn 0.0376527421 0.964601874 0.0664003193
vn 0.0596399494 0.975831628 -0.108396314
vn 0.114811033 0.987900794 0.0448105559
vn -0.255896986 0.699462175 -0.685019135
vn -0.183627531 0.685305178 -0.718442738
vn 0.0983284712 0.97391361 -0.0888252631
vn -0.197184071 -0.583439112 0.655696392
vn -0.325826526 -0.685491562 0.659575343
vn -0.309033453 -0.141742215 0.937792361
vn 0.721737683 -0.201016292 -0.645693481
vn 0.609447181 0.0505062379 -0.747001946
vn 0.706948459 0.116517246 -0.702972412
vn -0.183627531 0.685305178 -0.718442738
vn -0.268575847 0.42696178 -0.835903227
vn 0.170733407 0.988320351 -0.00367385196
vn -0.580984414 -0.0741089657 -0.808942139
vn -0.549074233 -0.0912749842 -0.819632173
vn -0.418848157 0.0748142302 -0.884411156
vn -0.291810781 -0.110382736 -0.946912169
vn -0.331788391 0.189806074 -0.903476179
vn -0.347341776 -0.194881216 -0.955229521
vn -0.538805485 -0.855445564 -0.0138843842
vn -0.581105113 0.469622552 0.0661570281
vn -0.23883988 0.526082873 0.0121323531
vn 0.18937847 0.954942405 0.0283115823
vn 0.125986516 0.987151682 -0.121100575
vn 0.0532757789 0.995229781 -0.0485989079
vn -0.781278312 -0.314482898 -0.410098046
vn -0.794870019 -0.566417158 -0.147000521
vn -0.709006369 -0.693253458 -0.143401042
vn -0.788632572 0.0374354348 -0.646349072
vn -0.707279146 -0.060004171 -0.693607867
vn -0.656069458 -0.36059624 -0.626280725
vn -0.052859053 0.59540379 -0.648950398
vn 0.160736904 0.956419051 -0.0960105434
vn 0.053452421 -0.154726401 -0.986405313
vn -0.493311137 -0.112456657 0.781035841
vn -0.286269218 0.726535618 0.519480169
vn -0.520428896 -0.508262753 0.412176847
vn -0.493311137 -0.112456657 0.781035841
vn -0.520428896 -0.508262753 0.412176847
vn -0.271176815 -0.744559944 0.486590415
vn 0.172661364 -0.9682886 0.00199369597
vn 0.87580657 -0.212767228 0.0385875627
vn 0.79468894 -0.337101758 0.46105963
vn 0.0173896141 0.890970647 -0.211875841
vn -0.225642487 -0.221536696 -0.900591433
vn 0.318898916 0.348564386 -0.688343883
vn -0.225642487 -0.221536696 -0.900591433
vn -0.34878239 -0.0810349286 -0.928610206
vn -0.319380552 -0.0662202165 -0.929346323
vn -0.656069458 -0.36059624 -0.626280725
vn -0.0486470908 -1.0002104 -0.0594889633
vn -0.0754913613 -0.972324669 -0.036202576
vn 0.263568848 0.864370286 -0.0240625162
vn 0.317282319 0.764023304 0.159977421
vn 0.566977978 0.556728065 0.0418543145
vn 0.0899432302 -0.814792633 -0.211416632
vn 0.0754800513 -0.964040339 -0.232470125
vn -0.0130000282 -1.00121188 -0.0122361463
vn -0.781278312 -0.314482898 -0.410098046
vn -0.418478996 0.420514792 -0.740624785
vn -0.447977334 0.0242195316 -0.900123596
vn 0.436781973 0.221699208 0.810855627
vn 0.409272134 0.370764554 0.652681053
vn 0.262090534 0.802620709 0.288062721
vn 0.00558138499 1.00486267 0.0101197762
vn -0.55273664 -0.472128719 -0.507153511
vn -0.528444588 0.0378575958 -1.05486298
vn 0.327878892 0.225260958 -0.910076082
vn 0.233281195 0.920172989 -0.155423939
vn 0.350615323 -0.211244673 -0.918286204
vn -0.64664948 -0.549192071 0.298242509
vn -0.189660326 0.779347956 0.117138833
vn -0.572425604 -0.707709134 -0.132959142
vn 0.418780386 0.849038363 0.0408991948
vn 0.350583881 0.748145938 0.0360801741
vn 0.544598222 0.612581968 0.269736916
vn -0.18373549 0.576237321 -0.569317281
vn 0.00558138499 1.00486267 0.0101197762
vn -0.528444588 0.0378575958 -1.05486298
vn 0.41199562 -0.0866839737 -0.914737463
vn 0.274775356 0.399770766 -0.778479934
vn 0.19156462 0.797200501 -0.417942762
vn 0.442576438 0.359990239 -0.698983073
vn 0.404629022 0.54551053 -0.41381979
vn 0.129546538 0.94441396 -0.0422034785
vn 0.442576438 0.359990239 -0.698983073
vn 0.698984146 -0.189794257 -0.697948396
vn 0.404629022 0.54551053 -0.41381979
vn 0.816289485 0.429776013 -0.257531017
vn 0.411226004 0.780341864 0.103437789
vn 0.644219518 0.638262749 0.157326296
vn -0.37718454 -0.146520272 0.894946814
vn -0.629680514 -0.517234325 0.588674784
vn -0.628261268 -0.511668682 0.586074114
vn -0.540368497 0.261914015 -0.0855572224
vn -0.15605019 0.987957537 0.0441039987
vn -0.23883988 0.526082873 0.0121323531
vn -0.540368497 0.261914015 -0.0855572224
vn -0.477311492 0.646918058 -0.062208809
vn -0.15605019 0.987957537 0.0441039987
vn -0.820302963 -0.342827171 -0.40876925
vn -0.668134332 -0.702255189 -0.259065092
vn -0.572425604 -0.707709134 -0.132959142
vn -0.682897925 -0.304946989 -0.687076986
vn -0.549074233 -0.0912749842 -0.819632173
vn -0.707279146 -0.060004171 -0.693607867
vn 0.690881729 0.558879614 -0.190297559
vn 0.620468199 0.655097067 -0.057183709
vn 0.765691161 -0.331718713 -0.128459156
vn -0.0754068941 0.516381502 -0.750752866
vn 0.414888024 0.0749195889 -0.888590336
vn 0.0066842651 0.0712199211 -0.995308161
vn -0.488530576 -0.658255756 -0.556166768
vn -0.447977334 0.0242195316 -0.900123596
vn -0.388196886 0.00422949111 -0.912440062
vn 0.0754800513 -0.964040339 -0.232470125
vn 0.165576026 -0.604878128 -0.52436465
vn 0.469132006 0.161957309 -0.819025755
vn -0.656069458 -0.36059624 -0.626280725
vn -0.707279146 -0.060004171 -0.693607867
vn -0.691811442 0.120406225 -0.711968601
vn -0.052859053 0.59540379 -0.648950398
vn 0.0912241787 0.974402845 -0.0918620825
vn 0.160736904 0.956419051 -0.0960105434
vn 0.160736904 0.956419051 -0.0960105434
vn 0.0912241787 0.974402845 -0.0918620825
vn 0.150707558 0.950000942 -0.0570787266
vn -0.194152206 -0.491542518 -0.530554712
vn 0.0315148719 -0.925916731 -0.273651689
vn -0.0831748471 -0.77130115 -0.226858377
vn -0.694055796 -0.12201108 -0.724908054
vn -0.640704691 0.572929323 -0.259190202
vn -0.594949663 0.438895911 -0.683574378
vn -0.00456999196 0.944834173 -0.257204205
vn 0.0885537714 0.995436788 -0.00213428237
vn 0.0148525015 0.984669685 0.0787782595
vn 0.263568848 0.864370286 -0.0240625162
vn 0.233281195 0.920172989 -0.155423939
vn 0.160736904 0.956419051 -0.0960105434
vn 0.263568848 0.864370286 -0.0240625162
vn 0.160736904 0.956419051 -0.0960105434
vn 0.177771315 0.947478652 -0.0587251745
vn -0.540368497 0.261914015 -0.0855572224
vn -0.720165253 0.378108591 0.237482667
vn -0.797154129 -0.369464308 0.361385226
vn -0.662095428 -0.594591856 0.456451327
vn -0.656674564 -0.737014294 -0.0740823001
vn -0.538805485 -0.855445564 -0.0138843842
vn 0.715157747 -0.148292467 -0.695404112
vn 0.129546538 0.94441396 -0.0422034785
vn 0.427879184 0.716059625 -0.207473919
vn -0.709006369 -0.693253458 -0.143401042
vn -0.668134332 -0.702255189 -0.259065092
vn -0.781278312 -0.314482898 -0.410098046
vn 0.22250542 0.349911302 0.728928447
vn 0.18937847 0.954942405 0.0283115823
vn 0.275930643 0.878061414 0.296045095
vn -0.437859923 -0.198870584 0.871365845
vn 0.060169667 -0.829736471 0.310354948
vn 0.111847132 0.113218106 0.959785342
vn -0.236240283 0.309693515 -0.107718393
vn -0.567315638 -0.57996881 -0.589052618
vn -0.488530576 -0.658255756 -0.556166768
vn 0.644219518 0.638262749 0.157326296
vn 0.648329556 0.294519871 0.688356996
vn 0.262090534 0.802620709 0.288062721
vn -0.0130000282 -1.00121188 -0.0122361463
vn 0.439849943 -0.812928379 -0.310422838
vn 0.172661364 -0.9682886 0.00199369597
vn 0.053452421 -0.154726401 -0.986405313
vn 0.26398924 -0.285641193 -0.940885544
vn -0.225642487 -0.221536696 -0.900591433
vn 0.789481997 0.148425072 -0.603133798
vn 0.789594829 -0.275139004 -0.288572848
vn 0.65207845 -0.649196923 -0.247626886
vn 0.053452421 -0.154726401 -0.986405313
vn 0.160736904 0.956419051 -0.0960105434
vn 0.350615323 -0.211244673 -0.918286204
vn -0.707279146 -0.060004171 -0.693607867
vn -0.549074233 -0.0912749842 -0.819632173
vn -0.580984414 -0.0741089657 -0.808942139
vn 0.053452421 -0.154726401 -0.986405313
vn 0.350615323 -0.211244673 -0.918286204
vn 0.26398924 -0.285641193 -0.940885544
vn 0.715157747 -0.148292467 -0.695404112
vn 0.19156462 0.797200501 -0.417942762
vn 0.129546538 0.94441396 -0.0422034785
vn 0.060169667 -0.829736471 0.310354948
vn -0.0027839588 -0.870403588 0.11703562
vn 0.111847132 0.113218106 0.959785342
vn 0.259821713 0.603774309 0.464069486
vn 0.335246831 -0.0467498861 0.950251877
vn 0.164662421 0.19535242 0.926054716
vn 0.237462357 0.344568878 0.884807527
vn 0.335246831 -0.0467498861 0.950251877
vn 0.259821713 0.603774309 0.464069486
vn 0.620468199 0.655097067 -0.057183709
vn 0.350583881 0.748145938 0.0360801741
vn 0.418780386 0.849038363 0.0408991948
vn 0.528928518 -0.0616453439 -0.833986104
vn 0.41199562 -0.0866839737 -0.914737463
vn 0.715157747 -0.148292467 -0.695404112
vn 0.404629022 0.54551053 -0.41381979
vn 0.800048769 0.252472907 -0.205143437
vn 0.622868598 0.518594146 -0.177733734
vn -0.720165253 0.378108591 0.237482667
vn -0.843546271 0.314786702 -0.0399573483
vn -0.930953026 -0.343391657 -0.168009877
vn 0.212650999 0.685557187 -0.471761554
vn -0.0754068941 0.516381502 -0.750752866
vn 0.00727979233 1.00213289 -0.0289626624
vn 0.125986516 0.987151682 -0.121100575
vn 0.18937847 0.954942405 0.0283115823
vn 0.265767395 0.847196519 -0.353251666
vn -0.437859923 -0.198870584 0.871365845
vn -0.477394164 -0.572855711 0.331719518
vn 0.060169667 -0.829736471 0.310354948
vn -0.797154129 -0.369464308 0.361385226
vn -0.0754913613 -0.972324669 -0.036202576
vn -0.141771227 -0.988646805 0.0814319998
vn -0.136344418 -0.936064899 -0.222805098
vn 0.0315148719 -0.925916731 -0.273651689
vn 0.0899432302 -0.814792633 -0.211416632
vn -0.656674564 -0.737014294 -0.0740823001
vn -0.709006369 -0.693253458 -0.143401042
vn -0.794870019 -0.566417158 -0.147000521
vn 0.18937847 0.954942405 0.0283115823
vn 0.648329556 0.294519871 0.688356996
vn 0.783619046 0.00181112322 0.651669323
vn -0.0831748471 -0.77130115 -0.226858377
vn -0.136344418 -0.936064899 -0.222805098
vn -0.0654956177 -0.985800564 -0.0372595154
vn -0.0027839588 -0.870403588 0.11703562
vn 0.0207937732 -0.930751562 0.189571857
vn -0.156811938 -0.102858201 0.719833016
vn 0.566977978 0.556728065 0.0418543145
vn 0.317282319 0.764023304 0.159977421
vn 0.350583881 0.748145938 0.0360801741
vn 0.125986516 0.987151682 -0.121100575
vn 0.0361857414 0.936900854 -0.215224221
vn -0.0509363115 0.996569455 -0.0714007914
vn -0.491895884 0.587227821 -0.568922162
vn 0.318898916 0.348564386 -0.688343883
vn -0.193661317 0.579808354 -0.739174783
vn -0.640704691 0.572929323 -0.259190202
vn -0.930953026 -0.343391657 -0.168009877
vn -0.843546271 0.314786702 -0.0399573483
vn 0.164662421 0.19535242 0.926054716
vn 0.241437525 -0.283309758 0.886031687
vn -0.156811938 -0.102858201 0.719833016
vn -0.418848157 0.0748142302 -0.884411156
vn -0.594949663 0.438895911 -0.683574378
vn -0.18799606 0.963995218 -0.207509592
vn -0.152391285 0.411361396 0.613133609
vn -0.535526395 -0.371605456 0.724615812
vn -0.37718454 -0.146520272 0.894946814
vn -0.477394164 -0.572855711 0.331719518
vn -0.91916573 0.241600856 0.307227582
vn -0.683271646 -0.46649757 -0.451560259
vn -0.64664948 -0.549192071 0.298242509
vn -0.572425604 -0.707709134 -0.132959142
vn -0.198351398 -1.01058865 -0.0340295844
vn -0.141771227 -0.988646805 0.0814319998
vn -0.798773468 -0.390598774 0.397992939
vn -0.797154129 -0.369464308 0.361385226
vn -0.197184071 -0.583439112 0.655696392
vn 0.00437652972 -0.0301475208 0.81456995
vn -0.112968445 -0.571967542 0.551232934
vn -0.044405479 0.346270412 0.873666286
vn 0.166258931 0.626247287 0.692814827
vn 0.141921103 0.726640522 0.317732424
vn -0.268575847 0.42696178 -0.835903227
vn -0.255896986 0.699462175 -0.685019135
vn -0.373992234 0.432521284 -0.814182937
vn -0.271176815 -0.744559944 0.486590415
vn -0.26621756 0.189187691 0.914019227
vn -0.493311137 -0.112456657 0.781035841
vn 0.317282319 0.764023304 0.159977421
vn 0.710198879 0.498158038 -0.362521291
vn 0.644219518 0.638262749 0.157326296
vn 0.427879184 0.716059625 -0.207473919
vn 0.690881729 0.558879614 -0.190297559
vn 0.789594829 -0.275139004 -0.288572848
vn -0.197184071 -0.583439112 0.655696392
vn -0.37718454 -0.146520272 0.894946814
vn -0.280507326 0.627078533 0.231174037
vn -0.528444588 0.0378575958 -1.05486298
vn -0.388196886 0.00422949111 -0.912440062
vn -0.343033016 -0.0365003422 -0.940736115
vn -0.55273664 -0.472128719 -0.507153511
vn -0.529598296 -0.561291993 -0.608889103
vn -0.528444588 0.0378575958 -1.05486298
vn -0.212224379 0.829867601 -0.506325066
vn -0.373992234 0.432521284 -0.814182937
vn 0.0983284712 0.97391361 -0.0888252631
vn 0.177771315 0.947478652 -0.0587251745
vn 0.150707558 0.950000942 -0.0570787266
vn 0.265767395 0.847196519 -0.353251666
vn 0.783619046 0.00181112322 0.651669323
vn 0.644219518 0.638262749 0.157326296
vn 0.411226004 0.780341864 0.103437789
vn 0.155966461 0.809826195 0.458715081
vn -0.00453248946 0.945808589 0.227859542
vn -0.0132100778 0.893256128 0.392874688
vn 0.18937847 0.954942405 0.0283115823
vn 0.0532757789 0.995229781 -0.0485989079
vn 0.0897881091 0.91817987 0.133417457
vn -0.418478996 0.420514792 -0.740624785
vn -0.561680019 0.656159461 -0.375307113
vn 0.170733407 0.988320351 -0.00367385196
vn 0.193747327 -0.268847674 0.934872627
vn 0.163166016 -0.0147196194 0.990772069
vn 0.142497376 -0.0510764308 1.0062778
vn 0.163166016 -0.0147196194 0.990772069
vn 0.263187408 0.664521515 0.609424293
vn 0.0883066282 0.815981388 0.451158464
vn 0.263187408 0.664521515 0.609424293
vn 0.163166016 -0.0147196194 0.990772069
vn 0.400101125 0.0303101148 0.919241488
vn 0.219883144 0.840445757 0.155569658
vn 0.544598222 0.612581968 0.269736916
vn 0.626769304 0.351315528 0.42140311
vn 0.517880261 -0.254098386 -0.826728225
vn 0.511439502 0.467970401 -0.506599307
vn 0.698984146 -0.189794257 -0.697948396
vn -0.55273664 -0.472128719 -0.507153511
vn -0.488530576 -0.658255756 -0.556166768
vn -0.529598296 -0.561291993 -0.608889103
vn -0.18799606 0.963995218 -0.207509592
vn -0.11858926 0.994616926 0.0207950491
vn 0.00727979233 1.00213289 -0.0289626624
vn -0.0751177743 -0.987998068 -0.0491156504
vn -0.683271646 -0.46649757 -0.451560259
vn -0.480181158 -0.583107293 -0.667753696
vn 0.409272134 0.370764554 0.652681053
vn 0.164662421 0.19535242 0.926054716
vn 0.0883066282 0.815981388 0.451158464
vn -0.91916573 0.241600856 0.307227582
vn -0.477311492 0.646918058 -0.062208809
vn -0.683271646 -0.46649757 -0.451560259
vn 0.517880261 -0.254098386 -0.826728225
vn 0.233281195 0.920172989 -0.155423939
vn 0.511439502 0.467970401 -0.506599307
vn -0.781278312 -0.314482898 -0.410098046
vn -0.605905175 -0.753624916 -0.255114853
vn -0.663997412 -0.72461468 -0.179048359
vn -0.663997412 -0.72461468 -0.179048359
vn -0.605905175 -0.753624916 -0.255114853
vn -0.794870019 -0.566417158 -0.147000521
vn -0.930953026 -0.343391657 -0.168009877
vn -0.788632572 0.0374354348 -0.646349072
vn -0.0754913613 -0.972324669 -0.036202576
vn -0.271176815 -0.744559944 0.486590415
vn -0.662095428 -0.594591856 0.456451327
vn -0.535526395 -0.371605456 0.724615812
vn -0.480181158 -0.583107293 -0.667753696
vn -0.798773468 -0.390598774 0.397992939
vn -0.0460905097 -0.978737354 -0.0522079431
vn -0.656674564 -0.737014294 -0.0740823001
vn -0.662095428 -0.594591856 0.456451327
vn -0.198351398 -1.01058865 -0.0340295844
vn 0.28799814 0.823222518 0.254562974
vn 0.219883144 0.840445757 0.155569658
vn 0.0883066282 0.815981388 0.451158464
vn -0.225642487 -0.221536696 -0.900591433
vn 0.0173896141 0.890970647 -0.211875841
vn -0.34878239 -0.0810349286 -0.928610206
vn -0.683271646 -0.46649757 -0.451560259
vn -0.0751177743 -0.987998068 -0.0491156504
vn -0.477394164 -0.572855711 0.331719518
vn -0.213631868 0.543350577 0.356289595
vn -0.605787635 0.587400496 0.425724596
vn -0.437859923 -0.198870584 0.871365845
vn 0.409272134 0.370764554 0.652681053
vn 0.259821713 0.603774309 0.464069486
vn 0.164662421 0.19535242 0.926054716
vn 0.0912241787 0.974402845 -0.0918620825
vn -0.052859053 0.59540379 -0.648950398
vn -0.347341776 -0.194881216 -0.955229521
vn -0.18373549 0.576237321 -0.569317281
vn -0.528444588 0.0378575958 -1.05486298
vn -0.343033016 -0.0365003422 -0.940736115
vn -0.331788391 0.189806074 -0.903476179
vn -0.212224379 0.829867601 -0.506325066
vn 0.0912241787 0.974402845 -0.0918620825
vn -0.707279146 -0.060004171 -0.693607867
vn -0.788632572 0.0374354348 -0.646349072
vn -0.682897925 -0.304946989 -0.687076986
vn 0.698984146 -0.189794257 -0.697948396
vn 0.511439502 0.467970401 -0.506599307
vn 0.800048769 0.252472907 -0.205143437
vn 0.720461845 0.244083822 -0.649120867
vn 0.212650999 0.685557187 -0.471761554
vn 0.0173896141 0.890970647 -0.211875841
vn 0.414888024 0.0749195889 -0.888590336
vn 0.212650999 0.685557187 -0.471761554
vn 0.720461845 0.244083822 -0.649120867
vn 0.163702935 0.887023449 0.19432117
vn 0.0751225278 0.976225734 0.214500532
vn 0.180223212 0.952113569 0.138053998
vn -0.0281905364 -0.254890174 -0.865966439
vn -0.491895884 0.587227821 -0.568922162
vn 0.0342883095 0.251048058 -0.897286177
vn -0.0751177743 -0.987998068 -0.0491156504
vn -0.0460905097 -0.978737354 -0.0522079431
vn -0.0654956177 -0.985800564 -0.0372595154
vn -0.55273664 -0.472128719 -0.507153511
vn 0.00558138499 1.00486267 0.0101197762
vn -0.236240283 0.309693515 -0.107718393
vn -0.268575847 0.42696178 -0.835903227
vn -0.183627531 0.685305178 -0.718442738
vn -0.255896986 0.699462175 -0.685019135
vn 0.262090534 0.802620709 0.288062721
vn 0.648329556 0.294519871 0.688356996
vn 0.22250542 0.349911302 0.728928447
vn 0.648329556 0.294519871 0.688356996
vn 0.18937847 0.954942405 0.0283115823
vn 0.22250542 0.349911302 0.728928447
vn -0.641411066 -0.227445573 0.714354575
vn -0.605787635 0.587400496 0.425724596
vn -0.477394164 -0.572855711 0.331719518
vn -0.781278312 -0.314482898 -0.410098046
vn -0.668134332 -0.702255189 -0.259065092
vn -0.820302963 -0.342827171 -0.40876925
vn -0.561680019 0.656159461 -0.375307113
vn -0.53157568 0.449837297 -0.612351596
vn -0.781278312 -0.314482898 -0.410098046
vn 0.0173896141 0.890970647 -0.211875841
vn 0.00727979233 1.00213289 -0.0289626624
vn -0.18373549 0.576237321 -0.569317281
vn -0.691811442 0.120406225 -0.711968601
vn -0.707279146 -0.060004171 -0.693607867
vn -0.529072404 -0.106917366 -0.812665045
vn -0.691811442 0.120406225 -0.711968601
vn -0.529072404 -0.106917366 -0.812665045
vn -0.656069458 -0.36059624 -0.626280725
vn 0.544598222 0.612581968 0.269736916
vn 0.713634372 -0.0888735205 0.713694811
vn 0.79468894 -0.337101758 0.46105963
vn 0.0148525015 0.984669685 0.0787782595
vn 0.155966461 0.809826195 0.458715081
vn 0.163702935 0.887023449 0.19432117
vn 0.28799814 0.823222518 0.254562974
vn 0.521674991 -0.369745344 0.690136313
vn 0.713634372 -0.0888735205 0.713694811
vn 0.274775356 0.399770766 -0.778479934
vn 0.0342883095 0.251048058 -0.897286177
vn 0.0869996399 0.841255844 -0.477817029
vn 0.626769304 0.351315528 0.42140311
vn 0.544598222 0.612581968 0.269736916
vn 0.350583881 0.748145938 0.0360801741
vn -0.567315638 -0.57996881 -0.589052618
vn -0.447977334 0.0242195316 -0.900123596
vn -0.488530576 -0.658255756 -0.556166768
vn -0.291810781 -0.110382736 -0.946912169
vn -0.18373549 0.576237321 -0.569317281
vn -0.343033016 -0.0365003422 -0.940736115
vn 0.335246831 -0.0467498861 0.950251877
vn 0.237462357 0.344568878 0.884807527
vn 0.224067256 -0.484722555 0.682654023
vn -0.052859053 0.59540379 -0.648950398
vn 0.053452421 -0.154726401 -0.986405313
vn -0.319380552 -0.0662202165 -0.929346323
vn 0.0148525015 0.984669685 0.0787782595
vn 0.0885537714 0.995436788 -0.00213428237
vn -0.00453248946 0.945808589 0.227859542
vn -0.682897925 -0.304946989 -0.687076986
vn -0.930953026 -0.343391657 -0.168009877
vn -0.640704691 0.572929323 -0.259190202
vn 0.517880261 -0.254098386 -0.826728225
vn 0.442576438 0.359990239 -0.698983073
vn 0.151428938 0.746681929 -0.361031055
vn 0.517880261 -0.254098386 -0.826728225
vn 0.698984146 -0.189794257 -0.697948396
vn 0.442576438 0.359990239 -0.698983073
vn 0.111847132 0.113218106 0.959785342
vn -0.213631868 0.543350577 0.356289595
vn -0.437859923 -0.198870584 0.871365845
vn -0.112968445 -0.571967542 0.551232934
vn 0.224067256 -0.484722555 0.682654023
vn 0.237462357 0.344568878 0.884807527
vn 0.127145499 0.919468939 0.213076144
vn 0.567780077 0.449754775 0.728251398
vn 0.114811033 0.987900794 0.0448105559
vn 0.567780077 0.449754775 0.728251398
vn 0.0376527421 0.964601874 0.0664003193
vn 0.114811033 0.987900794 0.0448105559
vn -0.437859923 -0.198870584 0.871365845
vn -0.641411066 -0.227445573 0.714354575
vn -0.477394164 -0.572855711 0.331719518
vn 0.0897881091 0.91817987 0.133417457
vn 0.0627035797 0.943490684 0.0540865697
vn -0.044405479 0.346270412 0.873666286
vn 0.0361857414 0.936900854 -0.215224221
vn 0.139745384 0.990620613 -0.0175914224
vn -0.0509363115 0.996569455 -0.0714007914
vn -0.309033453 -0.141742215 0.937792361
vn -0.325826526 -0.685491562 0.659575343
vn -0.112968445 -0.571967542 0.551232934
vn -0.236240283 0.309693515 -0.107718393
vn -0.488530576 -0.658255756 -0.556166768
vn -0.55273664 -0.472128719 -0.507153511
vn -0.418478996 0.420514792 -0.740624785
vn -0.268575847 0.42696178 -0.835903227
vn -0.447977334 0.0242195316 -0.900123596
vn -0.629680514 -0.517234325 0.588674784
vn -0.535526395 -0.371605456 0.724615812
vn -0.552850068 -0.147885621 0.332090318
vn 0.00437652972 -0.0301475208 0.81456995
vn -0.197184071 -0.583439112 0.655696392
vn 0.0390885584 0.474589318 0.678423405
vn -0.552850068 -0.147885621 0.332090318
vn -0.628261268 -0.511668682 0.586074114
vn -0.629680514 -0.517234325 0.588674784
vn 0.19156462 0.797200501 -0.417942762
vn 0.274775356 0.399770766 -0.778479934
vn 0.151428938 0.746681929 -0.361031055
vn -0.794870019 -0.566417158 -0.147000521
vn -0.781278312 -0.314482898 -0.410098046
vn -0.663997412 -0.72461468 -0.179048359
vn 0.166258931 0.626247287 0.692814827
vn 0.0627035797 0.943490684 0.0540865697
vn 0.567780077 0.449754775 0.728251398
vn -0.388196886 0.00422949111 -0.912440062
vn -0.528444588 0.0378575958 -1.05486298
vn -0.529598296 -0.561291993 -0.608889103
vn -0.280507326 0.627078533 0.231174037
vn 0.0390885584 0.474589318 0.678423405
vn -0.197184071 -0.583439112 0.655696392
vn -0.142355114 -0.518210828 0.582947195
vn 0.00437652972 -0.0301475208 0.81456995
vn -0.156811938 -0.102858201 0.719833016
vn -0.572425604 -0.707709134 -0.132959142
vn -0.656674564 -0.737014294 -0.0740823001
vn -0.198351398 -1.01058865 -0.0340295844
vn -0.538805485 -0.855445564 -0.0138843842
vn -0.236240283 0.309693515 -0.107718393
vn -0.581105113 0.469622552 0.0661570281
vn -0.567315638 -0.57996881 -0.589052618
vn -0.781278312 -0.314482898 -0.410098046
vn -0.447977334 0.0242195316 -0.900123596
vn -0.567315638 -0.57996881 -0.589052618
vn -0.605905175 -0.753624916 -0.255114853
vn -0.781278312 -0.314482898 -0.410098046
vn -0.150510579 0.286255449 0.93955332
vn 0.180223212 0.952113569 0.138053998
vn 0.0751225278 0.976225734 0.214500532
vn -0.00456999196 0.944834173 -0.257204205
vn 0.0722315237 0.957662523 -0.0669765547
vn 0.0772444308 0.978914976 -0.100593083
vn -0.18373549 0.576237321 -0.569317281
vn -0.34878239 -0.0810349286 -0.928610206
vn 0.0173896141 0.890970647 -0.211875841
vn 0.170733407 0.988320351 -0.00367385196
vn 0.0983284712 0.97391361 -0.0888252631
vn -0.183627531 0.685305178 -0.718442738
vn -0.0500600897 1.01712608 0.0728225261
vn -0.23883988 0.526082873 0.0121323531
vn -0.581105113 0.469622552 0.0661570281
vn 0.0772444308 0.978914976 -0.100593083
vn 0.170733407 0.988320351 -0.00367385196
vn 0.0885537714 0.995436788 -0.00213428237
vn -0.572425604 -0.707709134 -0.132959142
vn -0.668134332 -0.702255189 -0.259065092
vn -0.709006369 -0.693253458 -0.143401042
vn 0.721737683 -0.201016292 -0.645693481
vn 0.706948459 0.116517246 -0.702972412
vn 0.65207845 -0.649196923 -0.247626886
vn -0.26621756 0.189187691 0.914019227
vn -0.152391285 0.411361396 0.613133609
vn -0.286269218 0.726535618 0.519480169
vn 0.347228169 -0.113094531 -0.939320266
vn 0.469132006 0.161957309 -0.819025755
vn 0.165576026 -0.604878128 -0.52436465
vn 0.141921103 0.726640522 0.317732424
vn 0.259821713 0.603774309 0.464069486
vn 0.22250542 0.349911302 0.728928447
vn 0.262090534 0.802620709 0.288062721
vn 0.22250542 0.349911302 0.728928447
vn 0.259821713 0.603774309 0.464069486
vn -0.447977334 0.0242195316 -0.900123596
vn -0.268575847 0.42696178 -0.835903227
vn -0.388196886 0.00422949111 -0.912440062
vn 0.259821713 0.603774309 0.464069486
vn 0.180223212 0.952113569 0.138053998
vn 0.237462357 0.344568878 0.884807527
vn -0.0754068941 0.516381502 -0.750752866
vn 0.0066842651 0.0712199211 -0.995308161
vn -0.14787744 -0.372011185 -0.849605024
vn -0.236240283 0.309693515 -0.107718393
vn -0.0500600897 1.01712608 0.0728225261
vn -0.581105113 0.469622552 0.0661570281
vn -0.268575847 0.42696178 -0.835903227
vn -0.418478996 0.420514792 -0.740624785
vn 0.170733407 0.988320351 -0.00367385196
vn 0.193747327 -0.268847674 0.934872627
vn 0.142497376 -0.0510764308 1.0062778
vn 0.0207937732 -0.930751562 0.189571857
vn 0.528928518 -0.0616453439 -0.833986104
vn 0.715157747 -0.148292467 -0.695404112
vn 0.609447181 0.0505062379 -0.747001946
vn 0.0899432302 -0.814792633 -0.211416632
vn -0.0281905364 -0.254890174 -0.865966439
vn 0.165576026 -0.604878128 -0.52436465
vn -0.535526395 -0.371605456 0.724615812
vn -0.26621756 0.189187691 0.914019227
vn -0.271176815 -0.744559944 0.486590415
vn -0.720165253 0.378108591 0.237482667
vn -0.540368497 0.261914015 -0.0855572224
vn -0.0500600897 1.01712608 0.0728225261
vn 0.699229479 -0.126806989 0.701200604
vn 0.521674991 -0.369745344 0.690136313
vn 0.79468894 -0.337101758 0.46105963
vn 0.800048769 0.252472907 -0.205143437
vn 0.532322705 0.503785193 -0.076019682
vn 0.622868598 0.518594146 -0.177733734
vn -0.268575847 0.42696178 -0.835903227
vn -0.373992234 0.432521284 -0.814182937
vn -0.388196886 0.00422949111 -0.912440062
vn 0.241437525 -0.283309758 0.886031687
vn 0.164662421 0.19535242 0.926054716
vn 0.335246831 -0.0467498861 0.950251877
vn 0.335246831 -0.0467498861 0.950251877
vn 0.224067256 -0.484722555 0.682654023
vn 0.241437525 -0.283309758 0.886031687
vn 0.0148525015 0.984669685 0.0787782595
vn -0.00453248946 0.945808589 0.227859542
vn 0.155966461 0.809826195 0.458715081
vn -0.152391285 0.411361396 0.613133609
vn -0.189660326 0.779347956 0.117138833
vn -0.286269218 0.726535618 0.519480169
vn 0.0532757789 0.995229781 -0.0485989079
vn 0.125986516 0.987151682 -0.121100575
vn -0.0509363115 0.996569455 -0.0714007914
vn 0.224067256 -0.484722555 0.682654023
vn -0.142355114 -0.518210828 0.582947195
vn 0.241437525 -0.283309758 0.886031687
vn 0.567780077 0.449754775 0.728251398
vn 0.127145499 0.919468939 0.213076144
vn 0.166258931 0.626247287 0.692814827
vn 0.193747327 -0.268847674 0.934872627
vn 0.0207937732 -0.930751562 0.189571857
vn 0.00685131922 -0.992777884 0.0303177852
vn 0.521674991 -0.369745344 0.690136313
vn 0.400101125 0.0303101148 0.919241488
vn 0.00685131922 -0.992777884 0.0303177852
vn -0.477311492 0.646918058 -0.062208809
vn -0.627809942 -0.461948693 -0.652654648
vn -0.683271646 -0.46649757 -0.451560259
vn -0.488530576 -0.658255756 -0.556166768
vn -0.388196886 0.00422949111 -0.912440062
vn -0.529598296 -0.561291993 -0.608889103
vn -0.656069458 -0.36059624 -0.626280725
vn -0.529072404 -0.106917366 -0.812665045
vn -0.0486470908 -1.0002104 -0.0594889633
vn -0.136344418 -0.936064899 -0.222805098
vn 0.0899432302 -0.814792633 -0.211416632
vn -0.0137263658 -0.996074736 -0.0361792408
vn 0.0899432302 -0.814792633 -0.211416632
vn 0.720461845 0.244083822 -0.649120867
vn 0.318898916 0.348564386 -0.688343883
vn 0.233281195 0.920172989 -0.155423939
vn 0.327878892 0.225260958 -0.910076082
vn 0.160736904 0.956419051 -0.0960105434
vn 0.544598222 0.612581968 0.269736916
vn 0.79468894 -0.337101758 0.46105963
vn 0.87580657 -0.212767228 0.0385875627
vn -0.11858926 0.994616926 0.0207950491
vn -0.843546271 0.314786702 -0.0399573483
vn -0.720165253 0.378108591 0.237482667
vn -0.640704691 0.572929323 -0.259190202
vn -0.843546271 0.314786702 -0.0399573483
vn -0.11858926 0.994616926 0.0207950491
vn 0.00437652972 -0.0301475208 0.81456995
vn -0.142355114 -0.518210828 0.582947195
vn -0.112968445 -0.571967542 0.551232934
vn 0.710198879 0.498158038 -0.362521291
vn 0.177771315 0.947478652 -0.0587251745
vn 0.455571085 0.643265128 -0.442454398
vn -0.373992234 0.432521284 -0.814182937
vn -0.343033016 -0.0365003422 -0.940736115
vn -0.388196886 0.00422949111 -0.912440062
vn 0.710198879 0.498158038 -0.362521291
vn 0.455571085 0.643265128 -0.442454398
vn 0.816289485 0.429776013 -0.257531017
vn 0.0751225278 0.976225734 0.214500532
vn 0.163702935 0.887023449 0.19432117
vn -0.0117838373 0.772149742 0.47530061
vn 0.0342883095 0.251048058 -0.897286177
vn 0.274775356 0.399770766 -0.778479934
vn 0.177545115 -0.0893902332 -0.973677218
vn 0.163166016 -0.0147196194 0.990772069
vn 0.164662421 0.19535242 0.926054716
vn 0.142497376 -0.0510764308 1.0062778
vn 0.765691161 -0.331718713 -0.128459156
vn 0.87580657 -0.212767228 0.0385875627
vn 0.172661364 -0.9682886 0.00199369597
vn 0.28799814 0.823222518 0.254562974
vn 0.0883066282 0.815981388 0.451158464
vn 0.263187408 0.664521515 0.609424293
vn -0.0654956177 -0.985800564 -0.0372595154
vn -0.0137263658 -0.996074736 -0.0361792408
vn -0.020943094 -0.999926031 -0.020076748
vn -0.549074233 -0.0912749842 -0.819632173
vn -0.594949663 0.438895911 -0.683574378
vn -0.418848157 0.0748142302 -0.884411156
vn -0.629680514 -0.517234325 0.588674784
vn -0.37718454 -0.146520272 0.894946814
vn -0.535526395 -0.371605456 0.724615812
vn 0.0627035797 0.943490684 0.0540865697
vn 0.166258931 0.626247287 0.692814827
vn -0.044405479 0.346270412 0.873666286
vn 0.532322705 0.503785193 -0.076019682
vn 0.800048769 0.252472907 -0.205143437
vn 0.263568848 0.864370286 -0.0240625162
vn 0.53768903 0.446633697 0.549896657
vn 0.219883144 0.840445757 0.155569658
vn 0.626769304 0.351315528 0.42140311
vn 0.400101125 0.0303101148 0.919241488
vn 0.521674991 -0.369745344 0.690136313
vn 0.28799814 0.823222518 0.254562974
vn -0.605787635 0.587400496 0.425724596
vn -0.477311492 0.646918058 -0.062208809
vn -0.91916573 0.241600856 0.307227582
vn -0.325826526 -0.685491562 0.659575343
vn -0.197184071 -0.583439112 0.655696392
vn -0.112968445 -0.571967542 0.551232934
vn -0.520428896 -0.508262753 0.412176847
vn -0.189660326 0.779347956 0.117138833
vn -0.64664948 -0.549192071 0.298242509
vn 0.00685131922 -0.992777884 0.0303177852
vn 0.172661364 -0.9682886 0.00199369597
vn 0.521674991 -0.369745344 0.690136313
vn 0.690881729 0.558879614 -0.190297559
vn 0.427879184 0.716059625 -0.207473919
vn 0.532322705 0.503785193 -0.076019682
vn 0.0869996399 0.841255844 -0.477817029
vn -0.491895884 0.587227821 -0.568922162
vn -0.193661317 0.579808354 -0.739174783
vn 0.427879184 0.716059625 -0.207473919
vn 0.789594829 -0.275139004 -0.288572848
vn 0.789481997 0.148425072 -0.603133798
vn -0.271176815 -0.744559944 0.486590415
vn -0.198351398 -1.01058865 -0.0340295844
vn -0.662095428 -0.594591856 0.456451327
vn -0.26621756 0.189187691 0.914019227
vn -0.286269218 0.726535618 0.519480169
vn -0.493311137 -0.112456657 0.781035841
vn 0.18937847 0.954942405 0.0283115823
vn 0.783619046 0.00181112322 0.651669323
vn 0.411226004 0.780341864 0.103437789
vn -0.331788391 0.189806074 -0.903476179
vn -0.373992234 0.432521284 -0.814182937
vn -0.212224379 0.829867601 -0.506325066
vn -0.0509363115 0.996569455 -0.0714007914
vn 0.139745384 0.990620613 -0.0175914224
vn 0.0722315237 0.957662523 -0.0669765547
vn 0.0390885584 0.474589318 0.678423405
vn -0.213631868 0.543350577 0.356289595
vn 0.111847132 0.113218106 0.959785342
vn 0.0899432302 -0.814792633 -0.211416632
vn -0.491895884 0.587227821 -0.568922162
vn -0.0281905364 -0.254890174 -0.865966439
vn -0.738855422 0.422914237 -0.546115398
vn 0.318898916 0.348564386 -0.688343883
vn -0.491895884 0.587227821 -0.568922162
vn 0.65207845 -0.649196923 -0.247626886
vn 0.706948459 0.116517246 -0.702972412
vn 0.789481997 0.148425072 -0.603133798
vn 0.706948459 0.116517246 -0.702972412
vn 0.609447181 0.0505062379 -0.747001946
vn 0.789481997 0.148425072 -0.603133798
vn 0.19156462 0.797200501 -0.417942762
vn 0.151428938 0.746681929 -0.361031055
vn 0.129546538 0.94441396 -0.0422034785
vn 0.409272134 0.370764554 0.652681053
vn 0.219883144 0.840445757 0.155569658
vn 0.53768903 0.446633697 0.549896657
vn -0.0751177743 -0.987998068 -0.0491156504
vn -0.0654956177 -0.985800564 -0.0372595154
vn -0.020943094 -0.999926031 -0.020076748
vn 0.439849943 -0.812928379 -0.310422838
vn 0.65207845 -0.649196923 -0.247626886
vn 0.172661364 -0.9682886 0.00199369597
vn -0.480181158 -0.583107293 -0.667753696
vn -0.540368497 0.261914015 -0.0855572224
vn -0.798773468 -0.390598774 0.397992939
vn 0.183564648 0.632351816 0.635206282
vn 0.22250542 0.349911302 0.728928447
vn 0.275930643 0.878061414 0.296045095
vn -0.552850068 -0.147885621 0.332090318
vn -0.538805485 -0.855445564 -0.0138843842
vn -0.23883988 0.526082873 0.0121323531
vn -0.280507326 0.627078533 0.231174037
vn -0.628261268 -0.511668682 0.586074114
vn -0.552850068 -0.147885621 0.332090318
vn 0.87580657 -0.212767228 0.0385875627
vn 0.620468199 0.655097067 -0.057183709
vn 0.418780386 0.849038363 0.0408991948
vn -0.632205963 -0.367583364 -0.647217572
vn -0.683271646 -0.46649757 -0.451560259
vn -0.627809942 -0.461948693 -0.652654648
vn 0.150707558 0.950000942 -0.0570787266
vn 0.139745384 0.990620613 -0.0175914224
vn 0.0361857414 0.936900854 -0.215224221
vn 0.163166016 -0.0147196194 0.990772069
vn 0.193747327 -0.268847674 0.934872627
vn 0.400101125 0.0303101148 0.919241488
vn -0.347341776 -0.194881216 -0.955229521
vn -0.34878239 -0.0810349286 -0.928610206
vn -0.291810781 -0.110382736 -0.946912169
vn -0.418478996 0.420514792 -0.740624785
vn -0.53157568 0.449837297 -0.612351596
vn -0.561680019 0.656159461 -0.375307113
vn 0.350615323 -0.211244673 -0.918286204
vn 0.517880261 -0.254098386 -0.826728225
vn 0.26398924 -0.285641193 -0.940885544
vn 0.163166016 -0.0147196194 0.990772069
vn 0.0883066282 0.815981388 0.451158464
vn 0.0389805399 0.750369906 0.598405719
vn 0.22250542 0.349911302 0.728928447
vn 0.183564648 0.632351816 0.635206282
vn 0.0897881091 0.91817987 0.133417457
vn -0.212224379 0.829867601 -0.506325066
vn 0.0983284712 0.97391361 -0.0888252631
vn 0.0912241787 0.974402845 -0.0918620825
vn -0.0751177743 -0.987998068 -0.0491156504
vn -0.480181158 -0.583107293 -0.667753696
vn -0.0460905097 -0.978737354 -0.0522079431
vn -0.797154129 -0.369464308 0.361385226
vn -0.798773468 -0.390598774 0.397992939
vn -0.540368497 0.261914015 -0.0855572224
vn 0.0207937732 -0.930751562 0.189571857
vn 0.142497376 -0.0510764308 1.0062778
vn -0.156811938 -0.102858201 0.719833016
vn 0.783619046 0.00181112322 0.651669323
vn 0.648329556 0.294519871 0.688356996
vn 0.644219518 0.638262749 0.157326296
vn 0.28799814 0.823222518 0.254562974
vn 0.263187408 0.664521515 0.609424293
vn 0.400101125 0.0303101148 0.919241488
vn 0.816289485 0.429776013 -0.257531017
vn 0.455571085 0.643265128 -0.442454398
vn 0.411226004 0.780341864 0.103437789
vn 0.0899432302 -0.814792633 -0.211416632
vn -0.738855422 0.422914237 -0.546115398
vn -0.491895884 0.587227821 -0.568922162
vn 0.318898916 0.348564386 -0.688343883
vn -0.738855422 0.422914237 -0.546115398
vn 0.0899432302 -0.814792633 -0.211416632
g Group47124
f 93/1/1 130/2/2 54/3/3
f 215/4/4 175/5/5 1/6/6
f 65/7/7 12/8/8 198/9/9
f 104/10/10 163/11/11 22/12/12
f 78/13/13 241/14/14 181/15/15
f 79/16/16 38/17/17 126/18/18
f 7/19/19 43/20/20 1/21/21
f 79/22/22 175/23/23 70/24/24
f 115/25/25 203/26/26 156/27/27
f 10/28/28 215/29/29 230/30/30
f 28/31/31 14/32/32 66/33/33
f 133/34/34 46/35/35 45/36/36
f 139/37/37 98/38/38 159/39/39
f 172/40/40 139/41/41 159/42/42
f 118/43/43 88/44/44 105/45/45
f 207/46/46 20/47/47 35/48/48
f 82/49/49 8/50/50 64/51/51
f 87/52/52 39/53/53 31/54/54
f 159/55/55 218/56/56 50/57/57
f 42/58/58 182/59/59 81/60/60
f 5/61/61 20/62/62 207/63/63
f 124/64/64 111/65/65 42/66/66
f 4/67/67 60/68/68 53/69/69
f 163/70/70 109/71/71 22/72/72
f 53/73/73 60/74/74 227/75/75
f 145/76/76 60/77/77 234/78/78
f 220/79/79 151/80/80 111/81/81
f 16/82/82 162/83/83 64/84/84
f 190/85/85 170/86/86 48/87/87
f 63/88/88 215/89/89 10/90/90
f 238/91/91 210/92/92 92/93/93
f 184/94/94 169/95/95 9/96/96
f 31/97/97 50/98/98 10/99/99
f 10/100/100 230/101/101 141/102/102
f 234/103/103 115/104/104 15/105/105
f 26/106/106 106/107/107 135/108/108
f 2/109/109 203/110/110 36/111/111
f 203/112/112 25/113/113 154/114/114
f 82/115/115 64/116/116 186/117/117
f 3/118/118 143/119/119 41/120/120
f 63/121/121 10/122/122 40/123/123
f 10/124/124 50/125/125 218/126/126
f 145/127/127 194/128/128 79/129/129
f 24/130/130 116/131/131 220/132/132
f 150/133/133 184/134/134 9/135/135
f 118/136/136 241/137/137 219/138/138
f 82/139/139 46/140/140 207/141/141
f 207/142/142 46/143/143 140/144/144
f 190/145/145 48/146/146 58/147/147
f 139/148/148 55/149/149 226/150/150
f 7/151/151 229/152/152 43/153/153
f 115/154/154 25/155/155 203/156/156
f 86/157/157 222/158/158 169/159/159
f 64/160/160 162/161/161 186/162/162
f 2/163/163 208/164/164 203/165/165
f 86/166/166 169/167/167 158/168/168
f 163/169/169 235/170/170 55/171/171
f 56/172/172 174/173/173 80/174/174
f 56/175/175 180/176/176 114/177/177
f 68/178/178 20/179/179 5/180/180
f 58/181/181 117/182/182 27/183/183
f 192/184/184 92/185/185 210/186/186
f 58/187/187 48/188/188 117/189/189
f 77/190/190 63/191/191 40/192/192
f 35/193/193 64/194/194 207/195/195
f 219/196/196 32/197/197 30/198/198
f 147/199/199 70/200/200 9/201/201
f 137/202/202 67/203/203 65/204/204
f 32/205/205 71/206/206 30/207/207
f 68/208/208 47/209/209 20/210/210
f 136/211/211 129/212/212 193/213/213
f 215/214/214 70/215/215 175/216/216
f 189/217/217 71/218/218 48/219/219
f 62/220/220 134/221/221 166/222/222
f 177/223/223 29/224/224 220/225/225
f 190/226/226 163/227/227 170/228/228
f 76/229/229 155/230/230 89/231/231
f 76/232/232 95/233/233 155/234/234
f 77/235/235 112/236/236 59/237/237
f 176/238/238 152/239/239 123/240/240
f 80/241/241 84/242/242 37/243/243
f 18/244/244 104/245/245 148/246/246
f 136/247/247 82/248/248 13/249/249
f 188/250/250 125/251/251 146/252/252
f 84/253/253 80/254/254 213/255/255
f 27/256/256 187/257/257 113/258/258
f 146/259/259 83/260/260 102/261/261
f 123/262/262 31/263/263 90/264/264
f 198/265/265 12/266/266 91/267/267
f 204/268/268 154/269/269 25/270/270
f 95/271/271 153/272/272 155/273/273
f 93/274/274 46/275/275 130/276/276
f 106/277/277 232/278/278 211/279/279
f 143/280/280 95/281/281 38/282/282
f 95/283/283 180/284/284 153/285/285
f 139/286/286 226/287/287 36/288/288
f 137/289/289 24/290/290 220/291/291
f 224/292/292 116/293/293 24/294/294
f 204/295/295 125/296/296 99/297/297
f 3/298/298 100/299/299 114/300/300
f 198/301/301 137/302/302 65/303/303
f 104/304/304 201/305/305 81/306/306
f 104/307/307 81/308/308 163/309/309
f 16/310/310 232/311/311 43/312/312
f 67/313/313 137/314/314 107/315/315
f 108/316/316 112/317/317 216/318/318
f 109/319/319 17/320/320 22/321/321
f 172/322/322 109/323/323 247/324/324
f 60/325/325 4/326/326 115/327/327
f 33/328/328 160/329/329 185/330/330
f 220/331/331 111/332/332 157/333/333
f 14/334/334 28/335/335 112/336/336
f 113/337/337 122/338/338 36/339/339
f 72/340/340 132/341/341 105/342/342
f 4/343/343 110/344/344 115/345/345
f 212/346/346 42/347/347 111/348/348
f 42/349/349 212/350/350 12/351/351
f 117/352/352 202/353/353 62/354/354
f 107/355/355 225/356/356 67/357/357
f 30/358/358 71/359/359 67/360/360
f 213/361/361 121/362/362 149/363/363
f 122/364/364 2/365/365 36/366/366
f 34/367/367 194/368/368 15/369/369
f 34/370/370 132/371/371 240/372/372
f 69/373/373 56/374/374 114/375/375
f 104/376/376 18/377/377 124/378/378
f 184/379/379 188/380/380 21/381/381
f 125/382/382 184/383/383 99/384/384
f 126/385/385 76/386/386 49/387/387
f 69/388/388 129/389/389 56/390/390
f 133/391/391 161/392/392 130/393/393
f 130/394/394 29/395/395 54/396/396
f 69/397/397 114/398/398 132/399/399
f 48/400/400 202/401/401 117/402/402
f 71/403/403 202/404/404 48/405/405
f 118/406/406 105/407/407 183/408/408
f 135/409/409 47/410/410 152/411/411
f 107/412/412 137/413/413 220/414/414
f 140/415/415 119/416/416 5/417/417
f 227/418/418 19/419/419 53/420/420
f 23/421/421 145/422/422 227/423/423
f 65/424/424 173/425/425 189/426/426
f 41/427/427 143/428/428 38/429/429
f 104/430/430 22/431/431 148/432/432
f 145/433/433 19/434/434 227/435/435
f 145/436/436 79/437/437 19/438/438
f 240/439/439 132/440/440 114/441/441
f 237/442/442 32/443/443 78/444/444
f 126/445/445 49/446/446 175/447/447
f 169/448/448 19/449/449 147/450/450
f 39/451/451 144/452/452 148/453/453
f 149/454/454 13/455/455 82/456/456
f 184/457/457 150/458/458 44/459/459
f 98/460/460 154/461/461 92/462/462
f 115/463/463 156/464/464 197/465/465
f 158/466/466 169/467/467 217/468/468
f 159/469/469 98/470/470 66/471/471
f 66/472/472 14/473/473 159/474/474
f 130/475/475 161/476/476 103/477/477
f 163/478/478 81/479/479 178/480/480
f 170/481/481 163/482/482 178/483/483
f 191/484/484 47/485/485 209/486/486
f 51/487/487 164/488/488 153/489/489
f 73/490/490 86/491/491 158/492/492
f 150/493/493 165/494/494 44/495/495
f 110/496/496 167/497/497 25/498/498
f 167/499/499 83/500/500 146/501/501
f 222/502/502 53/503/503 169/504/504
f 189/505/505 48/506/506 170/507/507
f 189/508/508 170/509/509 94/510/510
f 169/511/511 184/512/512 217/513/513
f 83/514/514 171/515/515 102/516/516
f 110/517/517 171/518/518 167/519/519
f 67/520/520 71/521/521 173/522/522
f 45/523/523 142/524/524 193/525/525
f 143/526/526 180/527/527 95/528/528
f 176/529/529 123/530/530 101/531/531
f 222/532/532 110/533/533 4/534/534
f 222/535/535 4/536/536 53/537/537
f 212/538/538 91/539/539 12/540/540
f 177/541/541 220/542/542 74/543/543
f 196/544/544 164/545/545 37/546/546
f 94/547/547 170/548/548 178/549/549
f 182/550/550 178/551/551 81/552/552
f 128/553/553 179/554/554 85/555/555
f 179/556/556 214/557/557 85/558/558
f 241/559/559 120/560/560 181/561/561
f 219/562/562 30/563/563 133/564/564
f 197/565/565 120/566/566 183/567/567
f 26/568/568 185/569/569 106/570/570
f 230/571/571 97/572/572 131/573/573
f 195/574/574 76/575/575 89/576/576
f 49/577/577 76/578/578 7/579/579
f 37/580/580 84/581/581 186/582/582
f 162/583/583 43/584/584 229/585/585
f 75/586/586 190/587/587 85/588/588
f 124/589/589 191/590/590 111/591/591
f 191/592/592 209/593/593 68/594/594
f 190/595/595 58/596/596 27/597/597
f 92/598/598 192/599/599 28/600/600
f 192/601/601 168/602/602 28/603/603
f 206/604/604 33/605/605 1/606/606
f 185/607/607 160/608/608 206/609/609
f 215/610/610 1/611/611 230/612/612
f 76/613/613 195/614/614 7/615/615
f 89/616/616 164/617/617 196/618/618
f 24/619/619 137/620/620 198/621/621
f 237/622/622 233/623/623 32/624/624
f 17/625/625 242/626/626 22/627/627
f 195/628/628 89/629/629 200/630/630
f 233/631/631 199/632/632 71/633/633
f 86/634/634 102/635/635 222/636/636
f 120/637/637 241/638/638 118/639/639
f 36/640/640 228/641/641 98/642/642
f 29/643/643 103/644/644 107/645/645
f 62/646/646 122/647/647 187/648/648
f 188/649/649 73/650/650 21/651/651
f 88/652/652 45/653/653 72/654/654
f 236/655/655 75/656/656 85/657/657
f 236/658/658 85/659/659 214/660/660
f 1/661/661 232/662/662 206/663/663
f 15/664/664 132/665/665 34/666/666
f 132/667/667 183/668/668 105/669/669
f 21/670/670 217/671/671 184/672/672
f 82/673/673 207/674/674 8/675/675
f 79/676/676 126/677/677 175/678/678
f 62/679/679 166/680/680 127/681/681
f 209/682/682 47/683/683 68/684/684
f 156/685/685 11/686/686 205/687/687
f 142/688/688 136/689/689 193/690/690
f 128/691/691 190/692/692 27/693/693
f 211/694/694 64/695/695 106/696/696
f 197/697/697 156/698/698 205/699/699
f 153/700/700 180/701/701 51/702/702
f 174/703/703 213/704/704 80/705/705
f 174/706/706 121/707/707 213/708/708
f 119/709/709 54/710/710 5/711/711
f 109/712/712 245/713/713 247/714/714
f 92/715/715 66/716/716 98/717/717
f 92/718/718 28/719/719 66/720/720
f 117/721/721 221/722/722 27/723/723
f 146/724/724 102/725/725 73/726/726
f 162/727/727 16/728/728 43/729/729
f 60/730/730 145/731/731 23/732/732
f 138/733/733 127/734/734 52/735/735
f 126/736/736 38/737/737 76/738/738
f 21/739/739 73/740/740 243/741/741
f 88/742/742 219/743/743 45/744/744
f 45/745/745 219/746/746 133/747/747
f 53/748/748 19/749/749 169/750/750
f 83/751/751 167/752/752 171/753/753
f 65/754/754 189/755/755 12/756/756
f 82/757/757 136/758/758 45/759/759
f 82/760/760 45/761/761 46/762/762
f 92/763/763 204/764/764 99/765/765
f 226/766/766 113/767/767 36/768/768
f 164/769/769 80/770/770 37/771/771
f 187/772/772 221/773/773 62/774/774
f 157/775/775 29/776/776 177/777/777
f 108/778/778 40/779/779 218/780/780
f 203/781/781 208/782/782 138/783/783
f 5/784/784 57/785/785 68/786/786
f 175/787/787 49/788/788 1/789/789
f 72/790/790 69/791/791 132/792/792
f 196/793/793 229/794/794 7/795/795
f 72/796/796 45/797/797 193/798/798
f 73/799/799 102/800/800 86/801/801
f 72/802/802 193/803/803 69/804/804
f 164/805/805 51/806/806 80/807/807
f 40/808/808 10/809/809 218/810/810
f 191/811/811 231/812/812 123/813/813
f 18/814/814 231/815/815 191/816/816
f 16/817/817 64/818/818 211/819/819
f 155/820/820 153/821/821 164/822/822
f 213/823/823 149/824/824 84/825/825
f 204/826/826 96/827/827 125/828/828
f 234/829/829 60/830/830 115/831/831
f 103/832/832 29/833/833 130/834/834
f 108/835/835 77/836/836 40/837/837
f 99/838/838 184/839/839 44/840/840
f 147/841/841 19/842/842 79/843/843
f 113/844/844 187/845/845 122/846/846
f 29/847/847 57/848/848 244/849/849
f 169/850/850 147/851/851 9/852/852
f 10/853/853 141/854/854 31/855/855
f 8/856/856 207/857/857 64/858/858
f 103/859/859 161/860/860 225/861/861
f 100/862/862 34/863/863 240/864/864
f 167/865/865 125/866/866 96/867/867
f 123/868/868 87/869/869 31/870/870
f 222/871/871 171/872/872 110/873/873
f 163/874/874 55/875/875 109/876/876
f 77/877/877 59/878/878 210/879/879
f 128/880/880 27/881/881 179/882/882
f 44/883/883 165/884/884 99/885/885
f 17/886/886 50/887/887 148/888/888
f 151/889/889 212/890/890 111/891/891
f 199/892/892 237/893/893 78/894/894
f 214/895/895 235/896/896 236/897/897
f 207/898/898 140/899/899 5/900/900
f 37/901/901 162/902/902 229/903/903
f 17/904/904 109/905/905 172/906/906
f 205/907/907 52/908/908 181/909/909
f 11/910/910 223/911/911 205/912/912
f 6/913/913 78/914/914 32/915/915
f 46/916/916 133/917/917 130/918/918
f 244/919/919 5/920/920 54/921/921
f 182/922/922 94/923/923 178/924/924
f 29/925/925 107/926/926 220/927/927
f 166/928/928 202/929/929 71/930/930
f 131/931/931 101/932/932 90/933/933
f 101/934/934 61/935/935 152/936/936
f 61/937/937 101/938/938 97/939/939
f 135/940/940 106/941/941 35/942/942
f 129/943/943 13/944/944 121/945/945
f 11/946/946 138/947/947 223/948/948
f 110/949/949 25/950/950 115/951/951
f 63/952/952 210/953/953 238/954/954
f 47/955/955 123/956/956 152/957/957
f 59/958/958 28/959/959 210/960/960
f 129/961/961 136/962/962 13/963/963
f 62/964/964 2/965/965 239/966/966
f 239/967/967 2/968/968 122/969/969
f 125/970/970 188/971/971 184/972/972
f 214/973/973 226/974/974 55/975/975
f 238/976/976 165/977/977 150/978/978
f 113/979/979 226/980/980 179/981/981
f 26/982/982 135/983/983 152/984/984
f 132/985/985 15/986/986 183/987/987
f 210/988/988 63/989/989 77/990/990
f 14/991/991 112/992/992 108/993/993
f 47/994/994 191/995/995 123/996/996
f 219/997/997 88/998/998 118/999/999
f 197/1000/1000 205/1001/1001 181/1002/1002
f 241/1003/1003 6/1004/1004 219/1005/1005
f 73/1006/1006 188/1007/1007 146/1008/1008
f 121/1009/1009 13/1010/1010 149/1011/1011
f 194/1012/1012 234/1013/1013 15/1014/1014
f 145/1015/1015 234/1016/1016 194/1017/1017
f 42/1018/1018 201/1019/1019 124/1020/1020
f 41/1021/1021 100/1022/1022 3/1023/1023
f 63/1024/1024 150/1025/1025 9/1026/1026
f 11/1027/1027 156/1028/1028 203/1029/1029
f 199/1030/1030 233/1031/1031 237/1032/1032
f 68/1033/1033 57/1034/1034 157/1035/1035
f 57/1036/1036 29/1037/1037 157/1038/1038
f 216/1039/1039 112/1040/1040 77/1041/1041
f 62/1042/1042 221/1043/1043 117/1044/1044
f 202/1045/1045 134/1046/1046 62/1047/1047
f 15/1048/1048 115/1049/1049 197/1050/1050
f 243/1051/1051 73/1052/1052 158/1053/1053
f 243/1054/1054 158/1055/1055 21/1056/1056
f 106/1057/1057 185/1058/1058 206/1059/1059
f 12/1060/1060 182/1061/1061 42/1062/1062
f 26/1063/1063 33/1064/1064 185/1065/1065
f 180/1066/1066 3/1067/1067 114/1068/1068
f 35/1069/1069 106/1070/1070 64/1071/1071
f 208/1072/1072 127/1073/1073 138/1074/1074
f 120/1075/1075 197/1076/1076 181/1077/1077
f 231/1078/1078 18/1079/1079 144/1080/1080
f 88/1081/1081 72/1082/1082 105/1083/1083
f 12/1084/1084 189/1085/1085 94/1086/1086
f 146/1087/1087 125/1088/1088 167/1089/1089
f 129/1090/1090 174/1091/1091 56/1092/1092
f 129/1093/1093 121/1094/1094 174/1095/1095
f 218/1096/1096 14/1097/1097 108/1098/1098
f 148/1099/1099 144/1100/1100 18/1101/1101
f 91/1102/1102 224/1103/1103 198/1104/1104
f 224/1105/1105 24/1106/1106 198/1107/1107
f 108/1108/1108 216/1109/1109 77/1110/1110
f 220/1111/1111 116/1112/1112 151/1113/1113
f 161/1114/1114 30/1115/1115 225/1116/1116
f 22/1117/1117 242/1118/1118 148/1119/1119
f 203/1120/1120 138/1121/1121 11/1122/1122
f 166/1123/1123 199/1124/1124 127/1125/1125
f 245/1126/1126 55/1127/1127 139/1128/1128
f 50/1129/1129 17/1130/1130 159/1131/1131
f 139/1132/1132 247/1133/1133 245/1134/1134
f 51/1135/1135 180/1136/1136 56/1137/1137
f 122/1138/1138 62/1139/1139 239/1140/1140
f 212/1141/1141 116/1142/1142 224/1143/1143
f 52/1144/1144 205/1145/1145 223/1146/1146
f 172/1147/1147 159/1148/1148 17/1149/1149
f 39/1150/1150 50/1151/1151 31/1152/1152
f 27/1153/1153 113/1154/1154 179/1155/1155
f 36/1156/1156 203/1157/1157 228/1158/1158
f 208/1159/1159 62/1160/1160 127/1161/1161
f 208/1162/1162 2/1163/1163 62/1164/1164
f 104/1165/1165 124/1166/1166 201/1167/1167
f 65/1168/1168 67/1169/1169 173/1170/1170
f 197/1171/1171 183/1172/1172 15/1173/1173
f 71/1174/1174 32/1175/1175 233/1176/1176
f 154/1177/1177 98/1178/1178 228/1179/1179
f 173/1180/1180 71/1181/1181 189/1182/1182
f 27/1183/1183 221/1184/1184 187/1185/1185
f 195/1186/1186 200/1187/1187 7/1188/1188
f 235/1189/1189 163/1190/1190 75/1191/1191
f 95/1192/1192 76/1193/1193 38/1194/1194
f 111/1195/1195 191/1196/1196 157/1197/1197
f 68/1198/1198 157/1199/1199 191/1200/1200
f 127/1201/1201 199/1202/1202 52/1203/1203
f 191/1204/1204 124/1205/1205 18/1206/1206
f 60/1207/1207 23/1208/1208 227/1209/1209
f 203/1210/1210 154/1211/1211 228/1212/1212
f 199/1213/1213 166/1214/1214 71/1215/1215
f 131/1216/1216 90/1217/1217 141/1218/1218
f 155/1219/1219 164/1220/1220 89/1221/1221
f 79/1222/1222 41/1223/1223 38/1224/1224
f 55/1225/1225 235/1226/1226 214/1227/1227
f 204/1228/1228 92/1229/1229 154/1230/1230
f 160/1231/1231 33/1232/1232 206/1233/1233
f 149/1234/1234 186/1235/1235 84/1236/1236
f 199/1237/1237 78/1238/1238 52/1239/1239
f 87/1240/1240 123/1241/1241 231/1242/1242
f 231/1243/1243 144/1244/1244 87/1245/1245
f 12/1246/1246 94/1247/1247 182/1248/1248
f 163/1249/1249 190/1250/1250 75/1251/1251
f 107/1252/1252 103/1253/1253 225/1254/1254
f 144/1255/1255 39/1256/1256 87/1257/1257
f 224/1258/1258 91/1259/1259 212/1260/1260
f 131/1261/1261 141/1262/1262 230/1263/1263
f 33/1264/1264 97/1265/1265 230/1266/1266
f 28/1267/1267 168/1268/1268 210/1269/1269
f 138/1270/1270 52/1271/1271 223/1272/1272
f 21/1273/1273 158/1274/1274 217/1275/1275
f 147/1276/1276 79/1277/1277 70/1278/1278
f 79/1279/1279 194/1280/1280 34/1281/1281
f 136/1282/1282 142/1283/1283 45/1284/1284
f 106/1285/1285 206/1286/1286 232/1287/1287
f 25/1288/1288 96/1289/1289 204/1290/1290
f 167/1291/1291 96/1292/1292 25/1293/1293
f 50/1294/1294 39/1295/1295 148/1296/1296
f 140/1297/1297 46/1298/1298 93/1299/1299
f 78/1300/1300 181/1301/1301 52/1302/1302
f 140/1303/1303 93/1304/1304 119/1305/1305
f 201/1306/1306 42/1307/1307 81/1308/1308
f 3/1309/1309 180/1310/1310 143/1311/1311
f 101/1312/1312 123/1313/1313 90/1314/1314
f 43/1315/1315 232/1316/1316 1/1317/1317
f 26/1318/1318 152/1319/1319 61/1320/1320
f 9/1321/1321 70/1322/1322 215/1323/1323
f 102/1324/1324 171/1325/1325 222/1326/1326
f 245/1327/1327 109/1328/1328 55/1329/1329
f 116/1330/1330 212/1331/1331 151/1332/1332
f 186/1333/1333 149/1334/1334 82/1335/1335
f 20/1336/1336 135/1337/1337 35/1338/1338
f 97/1339/1339 33/1340/1340 26/1341/1341
f 112/1342/1342 28/1343/1343 59/1344/1344
f 242/1345/1345 17/1346/1346 148/1347/1347
f 85/1348/1348 190/1349/1349 128/1350/1350
f 230/1351/1351 1/1352/1352 33/1353/1353
f 162/1354/1354 37/1355/1355 186/1356/1356
f 114/1357/1357 100/1358/1358 240/1359/1359
f 37/1360/1360 229/1361/1361 196/1362/1362
f 214/1363/1363 179/1364/1364 226/1365/1365
f 235/1366/1366 75/1367/1367 236/1368/1368
f 29/1369/1369 244/1370/1370 54/1371/1371
f 241/1372/1372 78/1373/1373 6/1374/1374
f 225/1375/1375 30/1376/1376 67/1377/1377
f 159/1378/1378 14/1379/1379 218/1380/1380
f 79/1381/1381 100/1382/1382 41/1383/1383
f 246/1384/1384 34/1385/1385 100/1386/1386
f 7/1387/1387 200/1388/1388 196/1389/1389
f 200/1390/1390 89/1391/1391 196/1392/1392
f 51/1393/1393 56/1394/1394 80/1395/1395
f 47/1396/1396 135/1397/1397 20/1398/1398
f 63/1399/1399 9/1400/1400 215/1401/1401
f 49/1402/1402 7/1403/1403 1/1404/1404
f 238/1405/1405 92/1406/1406 165/1407/1407
f 74/1408/1408 157/1409/1409 177/1410/1410
f 139/1411/1411 36/1412/1412 98/1413/1413
f 172/1414/1414 247/1415/1415 139/1416/1416
f 232/1417/1417 16/1418/1418 211/1419/1419
f 192/1420/1420 210/1421/1421 168/1422/1422
f 133/1423/1423 30/1424/1424 161/1425/1425
f 101/1426/1426 131/1427/1427 97/1428/1428
f 118/1429/1429 183/1430/1430 120/1431/1431
f 166/1432/1432 134/1433/1433 202/1434/1434
f 193/1435/1435 129/1436/1436 69/1437/1437
f 101/1438/1438 152/1439/1439 176/1440/1440
f 157/1441/1441 74/1442/1442 220/1443/1443
f 6/1444/1444 32/1445/1445 219/1446/1446
f 63/1447/1447 238/1448/1448 150/1449/1449
f 99/1450/1450 165/1451/1451 92/1452/1452
f 141/1453/1453 90/1454/1454 31/1455/1455
f 244/1456/1456 57/1457/1457 5/1458/1458
f 26/1459/1459 61/1460/1460 97/1461/1461
f 119/1462/1462 93/1463/1463 54/1464/1464
f 79/1465/1465 246/1466/1466 100/1467/1467
f 34/1468/1468 246/1469/1469 79/1470/1470
