# File exported by Houdini 16.5.405 (www.sidefx.com)
# 528 points
# 3156 vertices
# 1052 primitives
# Bounds: [-183.29718, -1.92226934, -170.876068] to [183.604065, 187.831024, 171.074783]
g 
v -160.419708 -1.00813651 34.1890221
v -6.18968439 184.875656 14.9831619
v -83.1774902 72.6538467 -148.929138
v 32.1846771 15.0376883 -162.651154
v -59.3117332 -0.883035243 117.911461
v -84.7627945 148.382996 93.3008575
v -143.976273 43.129776 -123.367569
v -48.2943726 173.713806 -68.02005
v 17.3337345 174.710693 -67.3659515
v 182.110107 16.7776966 36.650547
v 86.9359131 112.422363 -113.20459
v -138.347595 79.1422653 118.075821
v 29.1280079 40.9867554 -170.430161
v -172.181534 70.8831177 -61.1698074
v 146.861877 43.2562485 119.06147
v 91.1911316 173.292603 9.11531353
v 3.91759825 -1.04811299 117.411613
v 64.6825409 14.7100811 153.331665
v 70.0111847 172.352448 -34.8021011
v 127.449753 3.0835104 -59.8059998
v -135.52887 127.839867 73.8124466
v 152.507736 25.2096233 -58.8335037
v 55.6111488 135.602921 131.412903
v -101.499809 -0.33284536 -123.461945
v 121.717308 157.401367 35.4853897
v -94.2750931 58.8021355 -147.728333
v -100.064613 45.0463524 125.660217
v 171.316223 90.2649384 19.8562241
v -142.745148 94.3140411 -98.5877686
v 170.446808 26.8243179 3.58131242
v -159.569702 115.172585 -28.4049797
v 84.7164383 162.502533 -40.5749702
v 158.160156 -1.86631763 51.8273468
v -176.780106 0.0177247804 15.7592545
v 166.70079 104.50013 35.9050636
v 92.2290497 0.00312724989 -100.703606
v 108.526573 110.287376 127.591431
v -2.92006969 24.1111469 -169.177658
v 54.9413147 54.8362656 169.392227
v -121.884964 156.157166 -7.76177216
v 173.575928 66.8522797 19.5978432
v 42.0585861 66.0635452 171.074783
v 27.4091148 64.4006729 -166.580902
v 156.44841 1.55979156 7.58973169
v -82.4758377 164.387466 64.8163376
v 103.985115 52.2516403 -130.368637
v -148.439682 27.0154305 -119.552383
v 128.712158 46.5940781 152.572617
v 122.009323 98.4591904 -82.8762207
v 33.4076042 7.04633808 145.185715
v 180.282349 6.60203791 10.3630772
v 60.7069206 177.845856 46.0088081
v -90.4627838 117.8843 -120.854095
v -181.044724 62.579464 43.6045532
v 159.778641 16.9682732 -17.1657448
v 158.162338 84.9383926 94.493454
v 25.1709652 91.9382858 -143.58461
v -176.207626 -1.21697402 -38.5478668
v 17.3709888 170.85318 88.3311005
v 169.540771 44.2913513 45.0791397
v -32.1692696 132.19783 -112.918007
v -89.4470825 28.8430061 -151.167313
v -178.887527 47.8087616 58.928196
v 135.525345 -1.61083376 124.153305
v 154.497375 98.011322 94.2203064
v -61.2272453 27.691433 -160.266113
v -128.16629 146.095154 -36.3429298
v 113.627548 24.6526871 150.761719
v 157.288544 68.5894928 -34.9683647
v -120.4786 5.65026283 87.7015152
v 19.2971649 184.682022 -37.0607109
v -49.3868904 118.35257 151.934357
v 53.0056725 129.025024 -111.842209
v -177.994324 79.6848984 35.3611526
v 154.688553 121.885025 53.019371
v 42.1609764 79.7778778 -145.012558
v -81.9739075 106.739906 -132.96022
v -119.62796 150.195602 59.7185669
v 81.5352554 31.3547649 -145.978012
v -148.466721 57.5991669 -114.902451
v 41.2186852 43.6426735 162.366333
v 0.387189716 157.34108 118.800781
v 158.170288 0.634833634 117.630226
v 7.07275343 101.973778 -140.254532
v -182.888916 43.0687027 27.8600426
v 76.9800186 171.792755 72.3983459
v -65.5448914 25.7353973 130.870758
v -111.039764 138.44426 -84.9042206
v 61.7784576 10.1537838 -141.69014
v 172.085999 40.8420486 20.722847
v 40.9723091 100.983894 -137.082489
v 119.838219 147.68988 -20.9616013
v -124.771912 12.0844784 94.5550461
v 53.0160866 61.5006027 -159.862701
v -121.052048 112.745163 -105.806473
v 1.58363521 83.4869156 170.824966
v 103.70578 -1.68686116 135.116913
v 63.6414642 87.4557571 -137.668304
v 169.660385 86.9230499 41.784565
v -94.1941147 8.66491318 -136.980408
v 3.1098783 137.822952 -113.946793
v 128.26535 142.179932 69.5650482
v 38.7319603 -1.35257244 136.179932
v -29.5357437 150.925934 -100.846306
v 134.850479 129.540939 -23.9110622
v -79.9153976 100.597847 146.368637
v 135.058136 44.5430298 144.77774
v 121.151451 46.8391151 -122.324715
v -157.175339 7.30972767 -92.2235718
v -58.5723991 139.616882 -108.816109
v -26.8170509 59.7808342 -164.953064
v -144.685837 18.628952 92.3759537
v 41.510643 133.294449 140.426361
v -73.7854004 -0.513034523 -123.78804
v -25.4441166 77.4596405 -160.149521
v 22.3951569 133.899124 144.516373
v -159.585739 121.860481 -2.80901599
v 137.498138 32.3779564 133.793854
v 49.5068741 166.409164 -66.2813034
v 181.879196 3.57876539 25.4784718
v -169.793793 108.998611 10.0239706
v 132.366348 66.4626465 150.663727
v 82.2485733 47.9018593 -140.032089
v -54.5635757 2.91402054 -133.897934
v -177.628662 71.0150833 -35.6110878
v -118.091385 77.0871811 134.034836
v 169.529556 34.754982 78.1808548
v -161.455856 7.63910151 68.3031693
v 90.2941589 100.924553 153.316666
v 156.241928 5.16864872 -2.36124516
v 64.1479797 168.731781 93.2540512
v 17.9163799 106.797928 165.021637
v 125.989426 -1.78833306 -48.7661018
v 178.040543 30.5450935 27.4181137
v -131.658981 127.827507 -77.3979416
v 109.345764 161.335999 65.3175354
v -30.5177479 30.2092476 141.240494
v 115.050102 45.426487 159.248734
v -121.168564 72.9456787 -132.029892
v 117.38205 160.542313 6.71634912
v 71.9372177 48.4176331 -153.852661
v -25.5744381 2.06336236 124.023239
v -127.341927 151.624817 18.5719128
v 131.062546 66.3483582 -89.8010635
v 5.16439438 157.015091 -95.9693527
v -168.108521 58.6792297 91.0736847
v 178.450333 -0.899644673 56.9072952
v -165.871033 55.7623444 -88.7470551
v -76.5480194 169.278595 -59.2657013
v 60.133976 27.0439701 -159.306854
v 170.539536 66.6235962 45.5224686
v -174.956573 37.9531288 74.1268234
v -64.1518784 179.804153 -45.3734856
v 44.9927292 169.651321 93.0273209
v -152.073685 31.144352 97.0426407
v 61.1719551 -1.7594223 -118.734535
v 13.4278622 4.36426497 -151.579483
v 72.6528625 137.176544 -94.2195129
v -131.714294 84.6049118 -117.673035
v -140.647583 60.8888779 119.502014
v 99.721283 131.38765 106.049538
v 141.730347 33.7436562 -85.316246
v 130.000809 120.973618 -49.6625786
v -98.5252609 167.391846 -2.33714938
v 109.763611 -1.92226934 -43.5442085
v -34.8852425 102.390259 -144.102524
v -6.62649059 170.559082 82.6058273
v 164.844711 -1.90594423 110.320107
v 106.653938 2.83505177 -81.6154327
v -182.821121 27.3271065 12.8785896
v -29.1748829 141.672424 137.897278
v -105.667854 83.2289429 -135.923904
v -122.740746 31.5550957 112.058586
v 38.7395782 120.810585 -122.638962
v 127.85463 17.7630463 137.844116
v -150.016586 119.645874 -52.1878891
v -45.1320801 153.378067 105.75222
v -43.1376305 44.6359406 -164.685226
v 47.9583778 183.421082 -19.5169621
v 103.437279 83.7098846 -121.600143
v -79.5193405 155.110428 87.9913635
v -133.259842 19.7539444 -128.332306
v 17.6083622 25.3903046 -170.56424
v -123.808403 6.07466269 -120.517738
v 68.0735245 106.191063 156.379761
v 44.8770294 184.207397 6.56518126
v -115.327652 96.8706589 -122.358711
v -48.8157387 145.19989 -101.510193
v -38.505806 182.692902 -48.0833664
v 158.596588 100.11058 82.4340515
v -101.887939 18.2847996 -142.505249
v -143.050644 111.833992 86.7185364
v 11.0052643 -0.369410217 -138.118881
v 96.7739792 26.0195122 157.938171
v 64.8703918 150.889297 -81.9718018
v -150.189743 -0.902214289 62.3358154
v -169.790985 13.7534676 -83.1042709
v -114.087067 157.07132 46.4197884
v -3.65224981 11.8639355 -160.925415
v 109.621574 166.139191 24.9424152
v 89.9189911 31.6759167 -137.831726
v 10.1817093 71.3796921 165.725433
v -55.6180305 175.169159 34.4921875
v -151.420502 123.178795 43.7361259
v 133.007507 147.924759 13.4284811
v 51.4443092 44.3229637 -167.33136
v 3.70744681 177.707275 60.0344276
v 156.360565 66.1705246 100.914764
v 8.27773094 187.728958 -13.5263786
v -102.484589 105.763817 -124.810242
v 170.405884 23.1682129 2.88348675
v 36.1880684 67.5414276 -164.130875
v -165.681244 1.20483673 -78.6469421
v 38.9007645 118.454124 156.724472
v -175.264389 1.15633142 20.940834
v 6.60711956 10.4133635 143.038712
v -92.0343781 83.8374939 145.666275
v -69.993927 123.019402 -122.442062
v -61.4692154 3.22185874 120.65889
v -54.810154 18.1547127 -157.473923
v -152.610291 62.9740181 108.086807
v -183.275345 33.0419693 -9.59957409
v 112.920174 1.3907392 135.561737
v 173.488297 73.7962952 -0.84887749
v 99.3958282 81.8703766 159.895325
v 22.0376472 185.087708 21.8451023
v -150.981003 97.8282547 88.5598068
v -179.285416 55.5941582 -44.7067413
v 157.639542 112.531296 -4.62382555
v -104.393944 -0.985513091 85.3399429
v 34.6232338 94.7338791 168.430923
v -34.5247803 161.868729 -89.4842911
v -146.66568 51.495369 114.550453
v -135.885025 36.7860832 -129.865036
v -163.168961 82.3667603 -75.4987259
v 137.413849 47.3587532 -88.5718307
v -180.50061 37.189846 -40.7074699
v -123.473442 144.288055 65.3068771
v -25.4462242 114.826332 -134.43721
v 119.301712 70.5519409 -106.887909
v -147.621414 110.622772 -74.9851151
v 144.425293 110.950638 -29.3305893
v 115.238174 61.6739044 -123.096214
v -104.512863 127.742363 -103.491158
v -175.506851 26.4278336 62.4975853
v 90.609848 120.192459 -102.637909
v 8.69129658 6.00700045 138.852982
v -1.7455709 129.911163 148.3918
v 163.962402 111.795151 23.6101151
v -141.928619 139.57753 -5.72852039
v 44.7977409 3.46960115 -145.289322
v 22.2357941 154.319687 122.242287
v 76.4942703 21.731657 158.532959
v -157.204544 68.2153244 -97.2965546
v -90.8321838 171.683945 -34.3396721
v 67.846611 27.8987598 -154.848984
v 167.382797 26.8927021 95.3049545
v 61.375473 92.4802246 163.589157
v 108.90519 12.4788418 -93.581749
v -71.6330795 87.6648254 -147.311859
v 69.7117767 1.6494925 140.587021
v 36.716507 154.121124 -89.7497635
v 94.1960678 155.798767 87.9305267
v 171.980362 51.1460686 -15.3359709
v -23.8319645 124.101273 -125.591232
v 35.7037354 76.3026886 -156.568436
v -171.52153 39.4188385 -78.5893631
v -108.857353 162.800323 -27.9304428
v 136.923569 92.4191589 126.505615
v 83.32341 152.876999 -62.4911232
v 86.2615433 15.7915106 153.761276
v -116.148285 43.7154427 -139.735977
v -168.964645 89.4945297 61.0113029
v 139.060349 129.218094 77.8041306
v -11.8729134 35.0533295 -169.970154
v -3.5629456 146.602097 132.262711
v 29.5468807 19.9189358 153.218597
v -183.29718 57.4683151 8.95028782
v 183.604065 8.04895306 18.7957096
v -51.8669434 65.7123566 -159.395676
v 155.649445 34.283596 116.063904
v -80.133255 154.979294 -79.0627365
v 11.4059277 29.0337543 152.126633
v -17.5731449 -1.45283055 -122.78817
v -115.602676 160.290787 8.47998047
v 9.25281048 186.797531 -25.5704117
v -178.948257 -1.25842655 -2.17788863
v -40.4381599 132.750961 144.443909
v -171.701569 99.3085861 41.2292366
v -120.114128 88.5292511 128.323715
v -54.8688393 9.65185928 -150.414505
v 165.895462 71.8935318 67.4571152
v 138.484451 12.5053682 -61.5698967
v 179.485718 17.7770901 11.9720106
v 106.294365 162.717438 -9.15261745
v -7.67478228 122.243385 -127.243629
v -176.235809 86.9236603 18.0163174
v 135.987183 107.437103 107.831635
v -16.9637394 161.747955 -91.284668
v -153.810516 9.9850378 78.603653
v 107.87912 128.030655 -70.3432312
v 99.4918747 67.5859756 -130.128448
v -20.9646816 119.148544 -129.158615
v 118.051239 117.806793 109.511063
v -69.7032318 86.4022446 153.496567
v 23.6646175 179.841599 -52.1216316
v -130.671478 -0.551403582 73.1760178
v -137.271973 140.962372 30.1501694
v -81.742897 134.963745 -106.909683
v -111.061417 147.288483 74.3992157
v -71.2222366 178.153259 -30.6007557
v 167.702362 105.248558 10.88904
v -36.9251976 4.23130178 126.36689
v -160.106903 100.6269 -59.5432739
v -155.420609 -1.30675697 -82.4435425
v 48.5188026 176.600372 -44.9115944
v 125.275124 38.9443893 -117.218552
v -65.0124512 103.697441 -139.244461
v 152.000351 29.6085892 123.030655
v 31.0153618 186.926804 -1.03363085
v 92.3614883 166.403976 76.838623
v 68.8218155 163.172348 -58.404213
v -134.559174 -1.01370215 -105.815788
v -126.619835 140.918961 -58.9229889
v -182.566589 59.1862793 -17.383667
v 18.4310036 91.6806183 170.614395
v -43.5624352 161.951279 89.5560455
v -159.215454 19.207407 -101.687073
v 66.2631226 62.5915947 -143.635803
v 148.697098 79.8529282 124.922676
v -45.4685402 169.821808 67.2663879
v 94.0076675 145.690247 98.4052887
v 79.1031876 8.97018242 -123.173393
v -89.8299789 15.0363922 115.681023
v -95.7649612 138.902222 -95.1224976
v 126.918884 150.703354 54.2510414
v 71.1181717 3.69072366 -122.26001
v -65.8001175 51.0247459 -158.30603
v -161.30719 75.1021652 91.9824829
v 2.37358594 185.454483 -33.4676285
v -12.4930754 175.76683 -68.252182
v 71.1605988 120.840576 135.500412
v 72.3757401 99.1545181 -130.631683
v -63.016861 -1.33097684 112.787727
v -24.3613796 5.2332058 -154.3134
v -146.001556 18.4771156 -118.494125
v -85.1944885 169.770615 -50.7830429
v -48.5481834 182.880463 -46.779007
v -37.3509483 122.448242 151.80899
v -101.427505 29.7876797 119.19857
v -173.633667 57.2602654 82.0871887
v 39.9230385 163.521835 106.944687
v 120.949707 114.204704 -71.4035416
v 112.294044 99.1532059 142.751678
v -118.516319 141.445953 -70.4677658
v 122.734085 31.4913139 -102.49614
v -9.10861015 93.7600403 -152.121063
v 41.405365 110.286873 161.916931
v -155.479675 41.8157196 -110.678284
v -175.789902 81.861908 53.236908
v -153.149078 82.3667068 -94.2790985
v 95.2721558 14.9288082 151.375916
v -108.707657 158.178696 -46.4806137
v 141.888092 68.7543335 141.130417
v -5.93852234 5.06199932 -154.096756
v -30.8297215 176.048904 53.0784683
v 76.9884262 176.152695 32.2349243
v -125.002403 -1.36455655 63.5787506
v 176.662308 -1.84936929 68.4365387
v -172.605331 91.6723175 -23.0258846
v -97.947113 162.434723 60.8808746
v -147.942276 1.60675514 73.8849945
v -72.0861969 170.793839 45.4192581
v 162.321014 44.4773674 76.173317
v 142.147537 8.03602791 -39.0643234
v -14.3056202 183.636841 20.8080311
v -51.257637 6.72419786 125.321991
v -28.2706833 180.782593 26.3210144
v -43.1821938 87.0047302 -153.292007
v 170.430817 11.3033743 91.0209732
v -179.909225 9.7738657 -22.8020344
v -163.706161 25.60532 -100.528809
v 154.3638 124.31884 27.460886
v -41.7851563 136.744019 -113.879036
v 43.4093895 178.255722 59.6928825
v -158.911438 32.6721954 92.09729
v 138.713943 1.13121498 126.302261
v -61.7850571 152.535385 -90.3407745
v 31.6461487 176.743225 68.9118576
v -59.1804466 142.680466 118.145149
v 163.911728 104.435814 55.5806427
v 64.8069992 178.184372 -21.0318966
v 139.575562 -1.54206681 -20.4584713
v -150.172577 128.248016 -25.7060223
v -92.2318802 -1.5088588 -113.835274
v 46.6427803 107.609612 -132.136368
v 92.6997299 41.6745872 163.677795
v 71.3816757 154.33403 106.897102
v -168.248749 97.8811722 -33.7793808
v 1.75143635 147.359375 -106.057396
v 48.6085091 29.565485 -167.265152
v 132.908691 142.465485 -4.18017387
v -171.194626 -0.729602695 -63.9653091
v -173.776184 30.3765717 70.7648849
v -102.364349 160.712708 60.3842773
v 72.4217148 138.511124 118.358429
v 100.776352 100.624924 -111.36618
v 78.4793396 7.19726706 147.290329
v 176.539764 18.7541027 66.5025406
v 58.4526787 15.0870409 152.954193
v 12.6297112 18.3037663 -170.388962
v 38.484726 54.8747292 -167.993011
v 164.808746 44.6424828 -33.5744896
v 151.123184 116.991028 77.2617569
v -171.442322 40.1726608 81.5572052
v 29.2338428 1.33385265 -145.525528
v -119.201256 25.3870678 -137.785095
v 173.128342 49.7791748 -1.39209306
v 18.7607079 187.653534 -20.3735886
v -124.506813 125.947487 -89.0510635
v 108.835518 92.9326553 151.87326
v -137.696579 112.077873 -88.3502197
v -178.844925 19.480999 -45.1854324
v 21.0309181 120.082405 157.245895
v 6.96158743 17.5591888 -168.778412
v 120.407249 135.522949 -42.6052895
v 168.037338 5.31013012 8.70836353
v -178.214249 28.6514683 56.0489502
v -78.5637207 6.78007841 -138.0401
v 11.7376156 83.9862289 -160.266708
v -22.6375637 97.3820419 163.623001
v 4.81394434 82.9339218 -160.916718
v 145.662354 132.359314 8.18929386
v 21.0815678 83.3765411 -157.871475
v 151.718445 30.1364956 -66.6122665
v 35.2866478 24.9513798 -169.69313
v 115.430161 21.8659382 -95.4636765
v 65.6905289 -1.42913556 133.56369
v -13.3953056 155.491226 118.653015
v -144.76445 106.191124 90.8927383
v 77.6096649 82.1340027 163.800293
v -62.5474815 13.8623915 -154.233383
v 88.641449 93.274353 158.700775
v -121.728409 59.3800049 124.189369
v -180.895523 18.0585232 26.9191055
v 50.1348 -1.13266921 -130.306961
v -52.2541656 104.222931 156.677917
v -21.1743546 5.91322088 130.910522
v 89.6953049 92.7568054 -127.337761
v 42.2868385 151.233917 122.792435
v -165.53241 113.559998 26.4552193
v -123.123276 17.9033737 -132.48584
v -5.0551219 183.804413 30.3836269
v 97.5334473 170.607239 29.3504353
v 119.935577 83.6233826 151.992401
v 121.857246 129.949921 93.2479782
v 103.073509 -1.67051411 -75.6932755
v 143.421997 135.832291 48.3571091
v 176.652817 32.0714417 51.6971283
v 168.647263 10.7053633 3.0542326
v 115.747742 144.914337 80.7192993
v -176.518188 10.5730009 32.9467659
v 40.230732 10.7681818 148.454193
v -125.012512 55.5636177 -134.45015
v -140.808121 38.4836464 109.445618
v 45.9524117 184.559204 -4.34730482
v 158.978821 22.9560394 117.907539
v -73.0550308 18.1961765 -153.145935
v -10.2886171 172.618988 -73.6989746
v -168.498169 5.36475325 46.2956924
v 86.7907639 140.428619 -79.4250259
v 145.74321 122.507935 78.5315628
v 181.57782 3.14867449 41.8384171
v 142.861313 40.0551491 126.172585
v 41.3757133 82.2910156 169.954773
v -38.2525177 88.6856079 163.828827
v 161.590897 12.2213402 115.341881
v -105.045662 21.0239086 112.132942
v 163.345749 94.8585892 69.4679489
v 149.09346 -1.26089776 6.19529438
v -112.504082 17.7880974 106.234909
v 29.877737 0.689451337 137.363403
v 42.8763466 33.489666 160.537231
v -138.462814 131.26091 -55.911602
v 32.9193573 -1.66947532 114.743271
v 13.5794811 34.4164734 -170.876068
v -109.614807 156.154312 62.3267784
v -46.9086266 28.6162148 -164.094574
v -19.2049847 27.5710754 -168.184021
v -5.40772343 186.469727 -11.8547745
v -173.210175 61.7328148 82.0532303
v -88.9790115 88.0142059 -141.150314
v -19.8249454 -1.67110455 -109.740105
v 68.8333817 20.1116943 -143.901459
v -176.245026 17.0748672 43.2326469
v 23.7845402 143.879044 -107.074669
v 162.836395 11.0250978 -2.51649618
v 156.815887 20.5433273 -33.2889709
v 116.500519 37.871067 -123.379311
v 77.4777069 170.047989 83.0239487
v 106.107018 8.24357033 143.006622
v -138.275024 67.8189926 -121.72818
v -11.9068155 167.287827 -83.0164719
v -24.6313057 122.464478 -126.819397
v 65.7502747 33.6084747 162.781158
v -85.4979858 24.1104584 123.874649
v 152.40036 87.9519653 110.182777
v 18.637579 187.708405 -3.7954371
v 23.9203529 9.53552723 145.605988
v 84.5801392 169.056366 77.4837112
v -96.1151047 152.309235 -73.0809174
v -38.5634651 137.562408 -108.059105
v -174.603424 21.04599 55.6569328
v -12.0345154 154.515488 -98.9212646
v 18.8099842 77.5985718 -163.349976
v -8.91982651 9.35327148 137.110275
v 152.976868 111.461815 81.2231293
v 102.436249 149.025696 -43.8042793
v -138.064789 18.1251564 -124.357384
v -167.618591 39.6737785 86.6809082
v -12.8961458 184.051392 -39.6464539
v -174.292084 44.9171066 78.2481079
v -90.5741806 17.0847473 -146.385437
v -79.0267105 171.903046 14.723753
v 58.9032898 176.765778 57.5471344
v 18.8103905 187.831024 -13.256835
v -147.543976 36.2984467 103.786812
v -146.840668 15.6032848 -114.407188
vt 0.819400012 0.257319987 0
vt 0.939589977 0.201900005 0
vt 0.90377003 0.301609993 0
vt 0.728349984 0.903410017 0
vt 0.768469989 0.889320016 0
vt 0.779129982 0.907809973 0
vt 0.850350022 0.116920002 0
vt 0.906589985 0.129669994 0
vt 0.861660004 0.143169999 0
vt 0.691950023 0.209759995 0
vt 0.643750012 0.204750001 0
vt 0.632070005 0.178959996 0
vt 0.393610001 0.375519991 0
vt 0.405750006 0.366719991 0
vt 0.445789993 0.381680012 0
vt 0.490130007 0.48556 0
vt 0.530059993 0.495290011 0
vt 0.506380022 0.529950023 0
vt 0.592320025 0.601819992 0
vt 0.530900002 0.584110022 0
vt 0.597259998 0.574739993 0
vt 0.672720015 0.790690005 0
vt 0.696120024 0.835600019 0
vt 0.669019997 0.850839972 0
vt 0.850950003 0.375710011 0
vt 0.87112999 0.374269992 0
vt 0.855459988 0.389699996 0
vt 0.643540025 0.312290013 0
vt 0.649169981 0.259860009 0
vt 0.712119997 0.296719998 0
vt 0.120030001 0.0512900017 0
vt 0.104869999 0.0419799984 0
vt 0.164419994 0.0488100015 0
vt 0.595939994 0.289029986 0
vt 0.57002002 0.335029989 0
vt 0.558459997 0.30528 0
vt 0.35194999 0.429969996 0
vt 0.366939992 0.472220004 0
vt 0.329340011 0.448799998 0
vt 0.299070001 0.573620021 0
vt 0.289119989 0.515150011 0
vt 0.322320014 0.549700022 0
vt 0.130439997 0.327199996 0
vt 0.168149993 0.358110011 0
vt 0.110880002 0.337929994 0
vt 0.645160019 0.739880025 0
vt 0.684099972 0.735090017 0
vt 0.655420005 0.767570019 0
vt 0.424459994 0.717700005 0
vt 0.407260001 0.734009981 0
vt 0.380080014 0.737479985 0
vt 0.807709992 0.01516 0
vt 0.827839971 0.0738800019 0
vt 0.793709993 0.0513000004 0
vt 0.690590024 0.699630022 0
vt 0.648530006 0.702790022 0
vt 0.714980006 0.685100019 0
vt 0.550520003 0.636389971 0
vt 0.588660002 0.629980028 0
vt 0.583429992 0.662509978 0
vt 0.893440008 0.316799998 0
vt 0.899309993 0.341690004 0
vt 0.712119997 0.296719998 0
vt 0.926829994 0.318690002 0
vt 0.963930011 0.277880013 0
vt 0.975610018 0.329809994 0
vt 0.579919994 0.747850001 0
vt 0.597580016 0.745809972 0
vt 0.602519989 0.761730015 0
vt 0.276540011 0.630800009 0
vt 0.297769994 0.638010025 0
vt 0.284370005 0.657959998 0
vt 0.536339998 0.359050006 0
vt 0.558459997 0.30528 0
vt 0.57002002 0.335029989 0
vt 0.904600024 0.642080009 0
vt 0.890699983 0.670740008 0
vt 0.875710011 0.647570014 0
vt 0.665199995 0.250050008 0
vt 0.692600012 0.240349993 0
vt 0.69660002 0.259810001 0
vt 0.747850001 0.255589992 0
vt 0.748139977 0.238639995 0
vt 0.810890019 0.249060005 0
vt 0.379559994 0.504750013 0
vt 0.35898 0.522329986 0
vt 0.296420008 0.485920012 0
vt 0.749199986 0.297190011 0
vt 0.759930015 0.284189999 0
vt 0.802619994 0.285750002 0
vt 0.867799997 0.741349995 0
vt 0.881910026 0.728250027 0
vt 0.891770005 0.759620011 0
vt 0.114880003 0.304850012 0
vt 0.110880002 0.337929994 0
vt 0.0920000002 0.313089997 0
vt 0.299070001 0.573620021 0
vt 0.261779994 0.54776001 0
vt 0.289119989 0.515150011 0
vt 0.966120005 0.266750008 0
vt 0.90377003 0.301609993 0
vt 0.939589977 0.201900005 0
vt 0.684099972 0.735090017 0
vt 0.718819976 0.739719987 0
vt 0.655420005 0.767570019 0
vt 0.505259991 0.301010013 0
vt 0.48664999 0.314509988 0
vt 0.496580005 0.283340007 0
vt 0.631200016 0.332910001 0
vt 0.603460014 0.329409987 0
vt 0.615589976 0.29824999 0
vt 0.707970023 0.324059993 0
vt 0.871399999 0.35442999 0
vt 0.789080024 0.355720013 0
vt 0.584379971 0.761319995 0
vt 0.59217 0.794740021 0
vt 0.575609982 0.786059976 0
vt 0.538950026 0.76226002 0
vt 0.499870002 0.776730001 0
vt 0.516049981 0.76849997 0
vt 0.675260007 0.986890018 0
vt 0.709339976 0.943679988 0
vt 0.681770027 0.994149983 0
vt 0.65982002 0.168180004 0
vt 0.696510017 0.180260003 0
vt 0.691950023 0.209759995 0
vt 0.530900002 0.584110022 0
vt 0.504970014 0.571619987 0
vt 0.529600024 0.551940024 0
vt 0.509109974 0.64744997 0
vt 0.490750015 0.632260025 0
vt 0.502889991 0.619390011 0
vt 0.926829994 0.318690002 0
vt 0.946569979 0.344170004 0
vt 0.924290001 0.34266001 0
vt 0.458420008 0.0234999992 0
vt 0.477010012 0.0213799998 0
vt 0.461089998 0.0721599981 0
vt 0.903199971 0.73714 0
vt 0.916830003 0.77858001 0
vt 0.891770005 0.759620011 0
vt 0.424459994 0.717700005 0
vt 0.437889993 0.725359976 0
vt 0.422769994 0.730870008 0
vt 0.890690029 0.190559998 0
vt 0.848249972 0.170860007 0
vt 0.908490002 0.161160007 0
vt 0.524739981 0.443679988 0
vt 0.530059993 0.495290011 0
vt 0.490130007 0.48556 0
vt 0.85781002 0.782100022 0
vt 0.932860017 0.818639994 0
vt 0.907800019 0.843770027 0
vt 0.457839996 0.338669986 0
vt 0.454919994 0.318399996 0
vt 0.476300001 0.328319997 0
vt 0.978739977 0.357340008 0
vt 0.976119995 0.387639999 0
vt 0.957679987 0.394549996 0
vt 0.481220007 0.81457001 0
vt 0.442470014 0.816799998 0
vt 0.499870002 0.776730001 0
vt 0.363070011 0.566359997 0
vt 0.374790013 0.537689984 0
vt 0.402550012 0.561869979 0
vt 0.626860023 0.352690011 0
vt 0.602689981 0.361589998 0
vt 0.603460014 0.329409987 0
vt 0.57002002 0.335029989 0
vt 0.583729982 0.371549994 0
vt 0.536339998 0.359050006 0
vt 0.612280011 0.822780013 0
vt 0.59217 0.794740021 0
vt 0.622919977 0.790809989 0
vt 0.647379994 0.853190005 0
vt 0.628600001 0.845640004 0
vt 0.637000024 0.816009998 0
vt 0.77482003 0.925549984 0
vt 0.789269984 0.940259993 0
vt 0.729950011 0.932039976 0
vt 0.819400012 0.257319987 0
vt 0.747850001 0.255589992 0
vt 0.810890019 0.249060005 0
vt 0.743860006 0.272480011 0
vt 0.759930015 0.284189999 0
vt 0.712119997 0.296719998 0
vt 0.820150018 0.888509989 0
vt 0.848839998 0.865469992 0
vt 0.855170012 0.911729991 0
vt 0.530059993 0.495290011 0
vt 0.545570016 0.461140007 0
vt 0.551259995 0.477979988 0
vt 0.363070011 0.566359997 0
vt 0.352090001 0.593620002 0
vt 0.316430002 0.597689986 0
vt 0.642149985 0.868560016 0
vt 0.627709985 0.903810024 0
vt 0.625500023 0.871330023 0
vt 0.789910018 0.686770022 0
vt 0.82901001 0.696129978 0
vt 0.807399988 0.704519987 0
vt 0.789910018 0.686770022 0
vt 0.807399988 0.704519987 0
vt 0.755919993 0.720229983 0
vt 0.588660002 0.629980028 0
vt 0.550520003 0.636389971 0
vt 0.551230013 0.61194998 0
vt 0.890690029 0.190559998 0
vt 0.930949986 0.166439995 0
vt 0.939589977 0.201900005 0
vt 0.825160027 0.667919993 0
vt 0.858919978 0.681710005 0
vt 0.805079997 0.679780006 0
vt 0.211339995 0.395700008 0
vt 0.168149993 0.358110011 0
vt 0.242730007 0.402460009 0
vt 0.705259979 0.367460012 0
vt 0.682020009 0.359290004 0
vt 0.718580008 0.355439991 0
vt 0.740819991 0.347880006 0
vt 0.789080024 0.355720013 0
vt 0.718580008 0.355439991 0
vt 0.785380006 0.185969993 0
vt 0.74405998 0.159160003 0
vt 0.776610017 0.141790003 0
vt 0.861660004 0.143169999 0
vt 0.908490002 0.161160007 0
vt 0.848249972 0.170860007 0
vt 0.536339998 0.359050006 0
vt 0.525080025 0.302780002 0
vt 0.558459997 0.30528 0
vt 0.518530011 0.832759976 0
vt 0.529820025 0.847270012 0
vt 0.474189997 0.893949986 0
vt 0.597259998 0.574739993 0
vt 0.530900002 0.584110022 0
vt 0.554750025 0.545809984 0
vt 0.31795001 0.705089986 0
vt 0.344969988 0.699220002 0
vt 0.336210012 0.741039991 0
vt 0.681770027 0.994149983 0
vt 0.709339976 0.943679988 0
vt 0.724839985 0.962199986 0
vt 0.752390027 0.0967099965 0
vt 0.764859974 0.112099998 0
vt 0.718420029 0.136020005 0
vt 0.855459988 0.389699996 0
vt 0.821259975 0.395660013 0
vt 0.850950003 0.375710011 0
vt 0.74454999 0.371969998 0
vt 0.789080024 0.355720013 0
vt 0.762549996 0.377110004 0
vt 0.455839992 0.597270012 0
vt 0.472820014 0.613789976 0
vt 0.446920007 0.615920007 0
vt 0.221809998 0.363950014 0
vt 0.238460004 0.387719989 0
vt 0.168149993 0.358110011 0
vt 0.622919977 0.790809989 0
vt 0.59217 0.794740021 0
vt 0.604439974 0.766950011 0
vt 0.604439974 0.766950011 0
vt 0.59217 0.794740021 0
vt 0.584379971 0.761319995 0
vt 0.916830003 0.77858001 0
vt 0.85781002 0.782100022 0
vt 0.867569983 0.772509992 0
vt 0.891770005 0.759620011 0
vt 0.867569983 0.772509992 0
vt 0.867799997 0.741349995 0
vt 0.728349984 0.903410017 0
vt 0.752460003 0.869509995 0
vt 0.768469989 0.889320016 0
vt 0.404760003 0.0451099984 0
vt 0.434020013 0.0387500003 0
vt 0.440530002 0.0724299997 0
vt 0.858919978 0.681710005 0
vt 0.82901001 0.696129978 0
vt 0.805079997 0.679780006 0
vt 0.528140008 0.613160014 0
vt 0.502889991 0.619390011 0
vt 0.509850025 0.600310028 0
vt 0.743860006 0.272480011 0
vt 0.788380027 0.273620009 0
vt 0.759930015 0.284189999 0
vt 0.724839985 0.962199986 0
vt 0.72803998 0.986450016 0
vt 0.692700028 0.995999992 0
vt 0.724839985 0.962199986 0
vt 0.772159994 0.96578002 0
vt 0.72803998 0.986450016 0
vt 0.786090016 0.780550003 0
vt 0.795260012 0.806420028 0
vt 0.745980024 0.815670013 0
vt 0.603760004 0.925610006 0
vt 0.579959989 0.913030028 0
vt 0.586700022 0.893620014 0
vt 0.454919994 0.318399996 0
vt 0.457839996 0.338669986 0
vt 0.420720011 0.340369999 0
vt 0.534070015 0.711109996 0
vt 0.572570026 0.715560019 0
vt 0.553070009 0.727710009 0
vt 0.817820013 0.236990005 0
vt 0.810890019 0.249060005 0
vt 0.775870025 0.230859995 0
vt 0.848839998 0.865469992 0
vt 0.890600026 0.878799975 0
vt 0.855170012 0.911729991 0
vt 0.594139993 0.924790025 0
vt 0.579959989 0.913030028 0
vt 0.603760004 0.925610006 0
vt 0.660960019 0.937529981 0
vt 0.61075002 0.933409989 0
vt 0.647010028 0.914849997 0
vt 0.164419994 0.0488100015 0
vt 0.121339999 0.0239400007 0
vt 0.168520004 0.0305700004 0
vt 0.555180013 0.535470009 0
vt 0.551750004 0.50819999 0
vt 0.570819974 0.537880003 0
vt 0.976480007 0.86492002 0
vt 0.959909976 0.82367003 0
vt 0.983749986 0.857249975 0
vt 0.924290001 0.34266001 0
vt 0.893440008 0.316799998 0
vt 0.926829994 0.318690002 0
vt 0.624800026 0.248459995 0
vt 0.58732003 0.250959992 0
vt 0.577970028 0.222990006 0
vt 0.718819976 0.739719987 0
vt 0.732649982 0.757770002 0
vt 0.672720015 0.790690005 0
vt 0.533330023 0.532840014 0
vt 0.551750004 0.50819999 0
vt 0.555180013 0.535470009 0
vt 0.572570026 0.715560019 0
vt 0.566359997 0.683709979 0
vt 0.599240005 0.691529989 0
vt 0.528060019 0.674920022 0
vt 0.539960027 0.657389998 0
vt 0.566359997 0.683709979 0
vt 0.850950003 0.375710011 0
vt 0.871399999 0.35442999 0
vt 0.87112999 0.374269992 0
vt 0.924290001 0.34266001 0
vt 0.946569979 0.344170004 0
vt 0.931270003 0.356629997 0
vt 0.730359972 0.210600004 0
vt 0.715219975 0.198039994 0
vt 0.73597002 0.181869999 0
vt 0.751339972 0.218150005 0
vt 0.759609997 0.184520006 0
vt 0.784720004 0.206129998 0
vt 0.620930016 0.666989982 0
vt 0.618019998 0.639859974 0
vt 0.686370015 0.626160026 0
vt 0.63519001 0.606970012 0
vt 0.592320025 0.601819992 0
vt 0.597259998 0.574739993 0
vt 0.378780007 0.60650003 0
vt 0.333730012 0.608519971 0
vt 0.352090001 0.593620002 0
vt 0.525080025 0.302780002 0
vt 0.545719981 0.287349999 0
vt 0.558459997 0.30528 0
vt 0.440690011 0.928409994 0
vt 0.43957001 0.900489986 0
vt 0.459969997 0.899460018 0
vt 0.855170012 0.911729991 0
vt 0.890600026 0.878799975 0
vt 0.901660025 0.91049999 0
vt 0.295709997 0.612760007 0
vt 0.261779994 0.54776001 0
vt 0.299070001 0.573620021 0
vt 0.893440008 0.316799998 0
vt 0.90377003 0.301609993 0
vt 0.926829994 0.318690002 0
vt 0.525080025 0.302780002 0
vt 0.514360011 0.290380001 0
vt 0.533630013 0.276899993 0
vt 0.434020013 0.0387500003 0
vt 0.44848001 0.0601000004 0
vt 0.440530002 0.0724299997 0
vt 0.0796499997 0.296600014 0
vt 0.109779999 0.279689997 0
vt 0.114880003 0.304850012 0
vt 0.0565599985 0.265260011 0
vt 0.0586900003 0.275860012 0
vt 0.0401500016 0.270190001 0
vt 0.672810018 0.150560006 0
vt 0.630649984 0.151549995 0
vt 0.676689982 0.132039994 0
vt 0.703170002 0.12088 0
vt 0.752390027 0.0967099965 0
vt 0.718420029 0.136020005 0
vt 0.69660002 0.259810001 0
vt 0.723720014 0.245609999 0
vt 0.727190018 0.265450001 0
vt 0.716769993 0.277880013 0
vt 0.743860006 0.272480011 0
vt 0.712119997 0.296719998 0
vt 0.459619999 0.548609972 0
vt 0.442460001 0.572889984 0
vt 0.443150014 0.514760017 0
vt 0.660960019 0.937529981 0
vt 0.682169974 0.927940011 0
vt 0.669700027 0.96262002 0
vt 0.828170002 0.368580014 0
vt 0.810159981 0.388960004 0
vt 0.789080024 0.355720013 0
vt 0.828170002 0.368580014 0
vt 0.871399999 0.35442999 0
vt 0.850950003 0.375710011 0
vt 0.728349984 0.903410017 0
vt 0.77482003 0.925549984 0
vt 0.729950011 0.932039976 0
vt 0.82901001 0.696129978 0
vt 0.858280003 0.707069993 0
vt 0.832899988 0.720149994 0
vt 0.789080024 0.355720013 0
vt 0.810159981 0.388960004 0
vt 0.794080019 0.38973999 0
vt 0.755919993 0.720229983 0
vt 0.76779002 0.734040022 0
vt 0.756150007 0.752319992 0
vt 0.902920008 0.862640023 0
vt 0.915210009 0.884069979 0
vt 0.890600026 0.878799975 0
vt 0.232590005 0.588760018 0
vt 0.268299997 0.616739988 0
vt 0.232700005 0.647920012 0
vt 0.490130007 0.48556 0
vt 0.477890015 0.536689997 0
vt 0.458400011 0.511449993 0
vt 0.284189999 0.390940011 0
vt 0.252880007 0.403659999 0
vt 0.266479999 0.371789992 0
vt 0.585169971 0.842840016 0
vt 0.566550016 0.817960024 0
vt 0.612280011 0.822780013 0
vt 0.261110008 0.673539996 0
vt 0.23725 0.684059978 0
vt 0.232889995 0.672930002 0
vt 0.48833999 0.0477899984 0
vt 0.493059993 0.0611199997 0
vt 0.461089998 0.0721599981 0
vt 0.490130007 0.48556 0
vt 0.458400011 0.511449993 0
vt 0.450729996 0.483880013 0
vt 0.524739981 0.443679988 0
vt 0.463730007 0.465310007 0
vt 0.473250002 0.453669995 0
vt 0.73597002 0.181869999 0
vt 0.704280019 0.157609999 0
vt 0.718420029 0.136020005 0
vt 0.434020013 0.0387500003 0
vt 0.446220011 0.0205499995 0
vt 0.44848001 0.0601000004 0
vt 0.266479999 0.371789992 0
vt 0.252880007 0.403659999 0
vt 0.247099996 0.376910001 0
vt 0.752460003 0.869509995 0
vt 0.782930017 0.865930021 0
vt 0.768469989 0.889320016 0
vt 0.442580014 0.665589988 0
vt 0.472979993 0.666679978 0
vt 0.461010009 0.676900029 0
vt 0.871399999 0.35442999 0
vt 0.924290001 0.34266001 0
vt 0.931270003 0.356629997 0
vt 0.707970023 0.324059993 0
vt 0.899309993 0.341690004 0
vt 0.871399999 0.35442999 0
vt 0.604510009 0.182799995 0
vt 0.643750012 0.204750001 0
vt 0.637780011 0.228080004 0
vt 0.604510009 0.182799995 0
vt 0.593840003 0.136979997 0
vt 0.606090009 0.132170007 0
vt 0.161500007 0.372850001 0
vt 0.133220002 0.364439994 0
vt 0.110880002 0.337929994 0
vt 0.645160019 0.739880025 0
vt 0.674009979 0.733650029 0
vt 0.684099972 0.735090017 0
vt 0.450729996 0.483880013 0
vt 0.421359986 0.509970009 0
vt 0.428350002 0.484070003 0
vt 0.588660002 0.629980028 0
vt 0.551230013 0.61194998 0
vt 0.592320025 0.601819992 0
vt 0.63519001 0.606970012 0
vt 0.588660002 0.629980028 0
vt 0.592320025 0.601819992 0
vt 0.807669997 0.1435 0
vt 0.785380006 0.185969993 0
vt 0.776610017 0.141790003 0
vt 0.221809998 0.363950014 0
vt 0.176760003 0.347629994 0
vt 0.201010004 0.341250002 0
vt 0.691950023 0.209759995 0
vt 0.632070005 0.178959996 0
vt 0.65982002 0.168180004 0
vt 0.850220025 0.217399999 0
vt 0.809480011 0.222189993 0
vt 0.841719985 0.192780003 0
vt 0.502889991 0.619390011 0
vt 0.528140008 0.613160014 0
vt 0.52828002 0.639230013 0
vt 0.427670002 0.00109000003 0
vt 0.434020013 0.0387500003 0
vt 0.404760003 0.0451099984 0
vt 0.80339998 0.792659998 0
vt 0.842149973 0.818400025 0
vt 0.811190009 0.832819998 0
vt 0.603460014 0.329409987 0
vt 0.583729982 0.371549994 0
vt 0.57002002 0.335029989 0
vt 0.378780007 0.60650003 0
vt 0.407090008 0.60402 0
vt 0.408650011 0.628199995 0
vt 0.800830007 0.191389993 0
vt 0.841719985 0.192780003 0
vt 0.809480011 0.222189993 0
vt 0.807669997 0.1435 0
vt 0.848249972 0.170860007 0
vt 0.785380006 0.185969993 0
vt 0.291000009 0.726490021 0
vt 0.299730003 0.716220021 0
vt 0.306190014 0.739239991 0
vt 0.599240005 0.691529989 0
vt 0.648530006 0.702790022 0
vt 0.59412998 0.715810001 0
vt 0.729950011 0.932039976 0
vt 0.789269984 0.940259993 0
vt 0.779770017 0.95547998 0
vt 0.786090016 0.780550003 0
vt 0.804239988 0.764159977 0
vt 0.80339998 0.792659998 0
vt 0.939589977 0.201900005 0
vt 0.893630028 0.203400001 0
vt 0.890690029 0.190559998 0
vt 0.890690029 0.190559998 0
vt 0.850220025 0.217399999 0
vt 0.841719985 0.192780003 0
vt 0.914009988 0.655579984 0
vt 0.890699983 0.670740008 0
vt 0.904600024 0.642080009 0
vt 0.312379986 0.392459989 0
vt 0.321830004 0.379889995 0
vt 0.324629992 0.395880014 0
vt 0.454919994 0.318399996 0
vt 0.465169996 0.297140002 0
vt 0.476300001 0.328319997 0
vt 0.751339972 0.218150005 0
vt 0.728630006 0.235709995 0
vt 0.730359972 0.210600004 0
vt 0.747850001 0.255589992 0
vt 0.723720014 0.245609999 0
vt 0.748139977 0.238639995 0
vt 0.475360006 0.370229989 0
vt 0.445789993 0.381680012 0
vt 0.457540005 0.363169998 0
vt 0.554750025 0.545809984 0
vt 0.533330023 0.532840014 0
vt 0.555180013 0.535470009 0
vt 0.529600024 0.551940024 0
vt 0.504970014 0.571619987 0
vt 0.506380022 0.529950023 0
vt 0.473250002 0.453669995 0
vt 0.463730007 0.465310007 0
vt 0.475360006 0.370229989 0
vt 0.586700022 0.893620014 0
vt 0.579959989 0.913030028 0
vt 0.551530004 0.911080003 0
vt 0.565970004 0.925580025 0
vt 0.537289977 0.933679998 0
vt 0.551530004 0.911080003 0
vt 0.534070015 0.711109996 0
vt 0.553070009 0.727710009 0
vt 0.529129982 0.725510001 0
vt 0.295709997 0.612760007 0
vt 0.239270002 0.567640007 0
vt 0.261779994 0.54776001 0
vt 0.966120005 0.266750008 0
vt 0.961510003 0.202580005 0
vt 0.969259977 0.234119996 0
vt 0.768469989 0.889320016 0
vt 0.795430005 0.88312 0
vt 0.779129982 0.907809973 0
vt 0.768469989 0.889320016 0
vt 0.782930017 0.865930021 0
vt 0.795430005 0.88312 0
vt 0.424459994 0.717700005 0
vt 0.443830013 0.712759972 0
vt 0.437889993 0.725359976 0
vt 0.908490002 0.161160007 0
vt 0.930949986 0.166439995 0
vt 0.890690029 0.190559998 0
vt 0.707920015 0.908869982 0
vt 0.729950011 0.932039976 0
vt 0.702139974 0.930480003 0
vt 0.805079997 0.679780006 0
vt 0.82901001 0.696129978 0
vt 0.789910018 0.686770022 0
vt 0.242730007 0.402460009 0
vt 0.223859996 0.400579989 0
vt 0.211339995 0.395700008 0
vt 0.712119997 0.296719998 0
vt 0.899309993 0.341690004 0
vt 0.694630027 0.307110012 0
vt 0.375860006 0.393330008 0
vt 0.393610001 0.375519991 0
vt 0.35194999 0.429969996 0
vt 0.858919978 0.681710005 0
vt 0.875710011 0.647570014 0
vt 0.890699983 0.670740008 0
vt 0.883019984 0.711950004 0
vt 0.858280003 0.707069993 0
vt 0.858919978 0.681710005 0
vt 0.827839971 0.0738800019 0
vt 0.803770006 0.110250004 0
vt 0.764859974 0.112099998 0
vt 0.906589985 0.129669994 0
vt 0.850350022 0.116920002 0
vt 0.827839971 0.0738800019 0
vt 0.523779988 0.898220003 0
vt 0.529820025 0.847270012 0
vt 0.56655997 0.868480027 0
vt 0.523779988 0.898220003 0
vt 0.476779997 0.950429976 0
vt 0.474189997 0.893949986 0
vt 0.457540005 0.363169998 0
vt 0.464379996 0.347950011 0
vt 0.474489987 0.352950007 0
vt 0.826979995 0.00486999983 0
vt 0.827839971 0.0738800019 0
vt 0.807709992 0.01516 0
vt 0.472820014 0.613789976 0
vt 0.490750015 0.632260025 0
vt 0.474790007 0.648090005 0
vt 0.879010022 0.693570018 0
vt 0.858919978 0.681710005 0
vt 0.890699983 0.670740008 0
vt 0.692600012 0.240349993 0
vt 0.723720014 0.245609999 0
vt 0.69660002 0.259810001 0
vt 0.461089998 0.0721599981 0
vt 0.493059993 0.0611199997 0
vt 0.479099989 0.0982600003 0
vt 0.74454999 0.371969998 0
vt 0.724489987 0.370689988 0
vt 0.718580008 0.355439991 0
vt 0.862580001 0.301829994 0
vt 0.90377003 0.301609993 0
vt 0.893440008 0.316799998 0
vt 0.592320025 0.601819992 0
vt 0.551230013 0.61194998 0
vt 0.530900002 0.584110022 0
vt 0.400209993 0.0591900013 0
vt 0.311489999 0.0474399999 0
vt 0.306879997 0.0349600017 0
vt 0.612280011 0.822780013 0
vt 0.566550016 0.817960024 0
vt 0.59217 0.794740021 0
vt 0.575609982 0.786059976 0
vt 0.59217 0.794740021 0
vt 0.566550016 0.817960024 0
vt 0.418500006 0.355859995 0
vt 0.38519001 0.364060014 0
vt 0.420720011 0.340369999 0
vt 0.355239987 0.670400023 0
vt 0.379810005 0.69532001 0
vt 0.344969988 0.699220002 0
vt 0.0664099976 0.05528 0
vt 0.0779599994 0.0360900015 0
vt 0.07491 0.0715700015 0
vt 0.672720015 0.790690005 0
vt 0.669019997 0.850839972 0
vt 0.637000024 0.816009998 0
vt 0.665199995 0.250050008 0
vt 0.69660002 0.259810001 0
vt 0.675010026 0.267259985 0
vt 0.752390027 0.0967099965 0
vt 0.703170002 0.12088 0
vt 0.732240021 0.0903199986 0
vt 0.732240021 0.0903199986 0
vt 0.788079977 0.0156299993 0
vt 0.752390027 0.0967099965 0
vt 0.995459974 0.355960011 0
vt 0.994319975 0.363059998 0
vt 0.978739977 0.357340008 0
vt 0.675790012 0.879239976 0
vt 0.669019997 0.850839972 0
vt 0.698080003 0.882120013 0
vt 0.637000024 0.816009998 0
vt 0.669019997 0.850839972 0
vt 0.647379994 0.853190005 0
vt 0.723720014 0.245609999 0
vt 0.747850001 0.255589992 0
vt 0.727190018 0.265450001 0
vt 0.747850001 0.255589992 0
vt 0.788380027 0.273620009 0
vt 0.743860006 0.272480011 0
vt 0.551259995 0.477979988 0
vt 0.568390012 0.484970003 0
vt 0.530059993 0.495290011 0
vt 0.533330023 0.532840014 0
vt 0.530059993 0.495290011 0
vt 0.551750004 0.50819999 0
vt 0.438859999 0.00844000001 0
vt 0.446220011 0.0205499995 0
vt 0.434020013 0.0387500003 0
vt 0.931270003 0.356629997 0
vt 0.978739977 0.357340008 0
vt 0.957679987 0.394549996 0
vt 0.463079989 0.714590013 0
vt 0.462859988 0.706279993 0
vt 0.478929996 0.715520024 0
vt 0.555029988 0.775529981 0
vt 0.538950026 0.76226002 0
vt 0.570330024 0.754239976 0
vt 0.85781002 0.782100022 0
vt 0.842149973 0.818400025 0
vt 0.825999975 0.770500004 0
vt 0.755919993 0.720229983 0
vt 0.756150007 0.752319992 0
vt 0.718819976 0.739719987 0
vt 0.961510003 0.202580005 0
vt 0.939589977 0.201900005 0
vt 0.94569999 0.17994 0
vt 0.917240024 0.737259984 0
vt 0.96341002 0.806930006 0
vt 0.954580009 0.816299975 0
vt 0.732649982 0.757770002 0
vt 0.756150007 0.752319992 0
vt 0.747579992 0.793649971 0
vt 0.718819976 0.739719987 0
vt 0.756150007 0.752319992 0
vt 0.732649982 0.757770002 0
vt 0.779190004 0.718739986 0
vt 0.76779002 0.734040022 0
vt 0.755919993 0.720229983 0
vt 0.804239988 0.764159977 0
vt 0.76779002 0.734040022 0
vt 0.788919985 0.735620022 0
vt 0.73597002 0.181869999 0
vt 0.715219975 0.198039994 0
vt 0.704280019 0.157609999 0
vt 0.672810018 0.150560006 0
vt 0.696510017 0.180260003 0
vt 0.65982002 0.168180004 0
vt 0.620930016 0.666989982 0
vt 0.583429992 0.662509978 0
vt 0.618019998 0.639859974 0
vt 0.455839992 0.597270012 0
vt 0.442460001 0.572889984 0
vt 0.460949987 0.576820016 0
vt 0.479099989 0.0982600003 0
vt 0.492740005 0.0738800019 0
vt 0.498809993 0.0920799971 0
vt 0.23725 0.684059978 0
vt 0.26177001 0.700070024 0
vt 0.240219995 0.69581002 0
vt 0.80339998 0.792659998 0
vt 0.795260012 0.806420028 0
vt 0.786090016 0.780550003 0
vt 0.748139977 0.238639995 0
vt 0.728630006 0.235709995 0
vt 0.751339972 0.218150005 0
vt 0.647379994 0.853190005 0
vt 0.642149985 0.868560016 0
vt 0.625500023 0.871330023 0
vt 0.751339972 0.218150005 0
vt 0.73597002 0.181869999 0
vt 0.759609997 0.184520006 0
vt 0.73597002 0.181869999 0
vt 0.74405998 0.159160003 0
vt 0.759609997 0.184520006 0
vt 0.631200016 0.332910001 0
vt 0.643540025 0.312290013 0
vt 0.658670008 0.34533 0
vt 0.631200016 0.332910001 0
vt 0.658670008 0.34533 0
vt 0.642490029 0.353480011 0
vt 0.443150014 0.514760017 0
vt 0.421359986 0.509970009 0
vt 0.450729996 0.483880013 0
vt 0.458400011 0.511449993 0
vt 0.459619999 0.548609972 0
vt 0.443150014 0.514760017 0
vt 0.788919985 0.735620022 0
vt 0.832899988 0.720149994 0
vt 0.804239988 0.764159977 0
vt 0.804239988 0.764159977 0
vt 0.837970018 0.753780007 0
vt 0.825999975 0.770500004 0
vt 0.469370008 0.872969985 0
vt 0.518530011 0.832759976 0
vt 0.474189997 0.893949986 0
vt 0.69660002 0.259810001 0
vt 0.716769993 0.277880013 0
vt 0.675010026 0.267259985 0
vt 0.69660002 0.259810001 0
vt 0.727190018 0.265450001 0
vt 0.716769993 0.277880013 0
vt 0.380600005 0.588370025 0
vt 0.378780007 0.60650003 0
vt 0.352090001 0.593620002 0
vt 0.175740004 0.329369992 0
vt 0.176760003 0.347629994 0
vt 0.14305 0.316060007 0
vt 0.201010004 0.341250002 0
vt 0.176760003 0.347629994 0
vt 0.175740004 0.329369992 0
vt 0.820150018 0.888509989 0
vt 0.813049972 0.856840014 0
vt 0.848839998 0.865469992 0
vt 0.704280019 0.157609999 0
vt 0.676689982 0.132039994 0
vt 0.703170002 0.12088 0
vt 0.867799997 0.741349995 0
vt 0.858280003 0.707069993 0
vt 0.881910026 0.728250027 0
vt 0.419319987 0.693189979 0
vt 0.430849999 0.677789986 0
vt 0.440860003 0.706390023 0
vt 0.58732003 0.250959992 0
vt 0.624800026 0.248459995 0
vt 0.601689994 0.262800008 0
vt 0.601689994 0.262800008 0
vt 0.624800026 0.248459995 0
vt 0.649169981 0.259860009 0
vt 0.733030021 0.853479981 0
vt 0.760500014 0.831579983 0
vt 0.752460003 0.869509995 0
vt 0.788529992 0.841929972 0
vt 0.813049972 0.856840014 0
vt 0.782930017 0.865930021 0
vt 0.295709997 0.612760007 0
vt 0.268299997 0.616739988 0
vt 0.239270002 0.567640007 0
vt 0.268299997 0.616739988 0
vt 0.276540011 0.630800009 0
vt 0.232700005 0.647920012 0
vt 0.672810018 0.150560006 0
vt 0.65982002 0.168180004 0
vt 0.630649984 0.151549995 0
vt 0.648530006 0.702790022 0
vt 0.691630006 0.726899981 0
vt 0.664590001 0.719560027 0
vt 0.704180002 0.335999995 0
vt 0.718580008 0.355439991 0
vt 0.682020009 0.359290004 0
vt 0.707970023 0.324059993 0
vt 0.789080024 0.355720013 0
vt 0.740819991 0.347880006 0
vt 0.300889999 0.684440017 0
vt 0.344969988 0.699220002 0
vt 0.31795001 0.705089986 0
vt 0.583429992 0.662509978 0
vt 0.620930016 0.666989982 0
vt 0.599240005 0.691529989 0
vt 0.469370008 0.872969985 0
vt 0.456059992 0.85848999 0
vt 0.489930004 0.838880002 0
vt 0.477890015 0.536689997 0
vt 0.459619999 0.548609972 0
vt 0.458400011 0.511449993 0
vt 0.504970014 0.571619987 0
vt 0.481849998 0.571200013 0
vt 0.506380022 0.529950023 0
vt 0.704180002 0.335999995 0
vt 0.740819991 0.347880006 0
vt 0.718580008 0.355439991 0
vt 0.404119998 0.529850006 0
vt 0.374790013 0.537689984 0
vt 0.35898 0.522329986 0
vt 0.344969988 0.699220002 0
vt 0.360659987 0.72627002 0
vt 0.336210012 0.741039991 0
vt 0.299730003 0.716220021 0
vt 0.336210012 0.741039991 0
vt 0.313210011 0.740239978 0
vt 0.817820013 0.236990005 0
vt 0.775870025 0.230859995 0
vt 0.809480011 0.222189993 0
vt 0.687189996 0.899049997 0
vt 0.707920015 0.908869982 0
vt 0.682169974 0.927940011 0
vt 0.276540011 0.630800009 0
vt 0.268299997 0.616739988 0
vt 0.295709997 0.612760007 0
vt 0.852649987 0.280290008 0
vt 0.819400012 0.257319987 0
vt 0.90377003 0.301609993 0
vt 0.420720011 0.340369999 0
vt 0.38519001 0.364060014 0
vt 0.402090013 0.342049986 0
vt 0.420720011 0.340369999 0
vt 0.402090013 0.342049986 0
vt 0.427109987 0.320300013 0
vt 0.176760003 0.347629994 0
vt 0.130439997 0.327199996 0
vt 0.14305 0.316060007 0
vt 0.579919994 0.747850001 0
vt 0.570330024 0.754239976 0
vt 0.55983001 0.752139986 0
vt 0.916830003 0.77858001 0
vt 0.932860017 0.818639994 0
vt 0.85781002 0.782100022 0
vt 0.261110008 0.673539996 0
vt 0.284370005 0.657959998 0
vt 0.300889999 0.684440017 0
vt 0.284370005 0.657959998 0
vt 0.325390011 0.669369996 0
vt 0.300889999 0.684440017 0
vt 0.440530002 0.0724299997 0
vt 0.44848001 0.0601000004 0
vt 0.461089998 0.0721599981 0
vt 0.807399988 0.704519987 0
vt 0.788919985 0.735620022 0
vt 0.779190004 0.718739986 0
vt 0.779190004 0.718739986 0
vt 0.788919985 0.735620022 0
vt 0.76779002 0.734040022 0
vt 0.96341002 0.806930006 0
vt 0.983749986 0.857249975 0
vt 0.959909976 0.82367003 0
vt 0.604510009 0.182799995 0
vt 0.606090009 0.132170007 0
vt 0.630649984 0.151549995 0
vt 0.836160004 0.294360012 0
vt 0.821250021 0.272139996 0
vt 0.862580001 0.301829994 0
vt 0.759930015 0.284189999 0
vt 0.788380027 0.273620009 0
vt 0.802619994 0.285750002 0
vt 0.855170012 0.911729991 0
vt 0.837329984 0.925159991 0
vt 0.806990027 0.914089978 0
vt 0.34119001 0.536050022 0
vt 0.322320014 0.549700022 0
vt 0.289119989 0.515150011 0
vt 0.707920015 0.908869982 0
vt 0.702139974 0.930480003 0
vt 0.682169974 0.927940011 0
vt 0.306879997 0.0349600017 0
vt 0.384829998 0.0288999993 0
vt 0.404760003 0.0451099984 0
vt 0.504970014 0.571619987 0
vt 0.482740015 0.590460002 0
vt 0.481849998 0.571200013 0
vt 0.306699991 0.395330012 0
vt 0.282889992 0.404619992 0
vt 0.284189999 0.390940011 0
vt 0.428350002 0.484070003 0
vt 0.35194999 0.429969996 0
vt 0.393610001 0.375519991 0
vt 0.687189996 0.899049997 0
vt 0.651009977 0.884760022 0
vt 0.675790012 0.879239976 0
vt 0.476779997 0.950429976 0
vt 0.459969997 0.899460018 0
vt 0.474189997 0.893949986 0
vt 0.728349984 0.903410017 0
vt 0.779129982 0.907809973 0
vt 0.77482003 0.925549984 0
vt 0.755919993 0.720229983 0
vt 0.718819976 0.739719987 0
vt 0.706900001 0.728280008 0
vt 0.550520003 0.636389971 0
vt 0.528140008 0.613160014 0
vt 0.551230013 0.61194998 0
vt 0.551230013 0.61194998 0
vt 0.528140008 0.613160014 0
vt 0.530900002 0.584110022 0
vt 0.536339998 0.359050006 0
vt 0.498030007 0.350749999 0
vt 0.525080025 0.302780002 0
vt 0.765890002 0.0223900005 0
vt 0.788079977 0.0156299993 0
vt 0.7324 0.0741899982 0
vt 0.779770017 0.95547998 0
vt 0.817910016 0.962589979 0
vt 0.790660024 0.97062999 0
vt 0.669700027 0.96262002 0
vt 0.709339976 0.943679988 0
vt 0.675260007 0.986890018 0
vt 0.669700027 0.96262002 0
vt 0.642480016 0.946579993 0
vt 0.660960019 0.937529981 0
vt 0.782930017 0.865930021 0
vt 0.813049972 0.856840014 0
vt 0.795430005 0.88312 0
vt 0.48664999 0.314509988 0
vt 0.465169996 0.297140002 0
vt 0.496580005 0.283340007 0
vt 0.355239987 0.670400023 0
vt 0.376819998 0.658770025 0
vt 0.384909987 0.676020026 0
vt 0.384909987 0.676020026 0
vt 0.379810005 0.69532001 0
vt 0.355239987 0.670400023 0
vt 0.643750012 0.204750001 0
vt 0.665170014 0.238769993 0
vt 0.637780011 0.228080004 0
vt 0.727190018 0.265450001 0
vt 0.747850001 0.255589992 0
vt 0.743860006 0.272480011 0
vt 0.727190018 0.265450001 0
vt 0.743860006 0.272480011 0
vt 0.716769993 0.277880013 0
vt 0.260340005 0.711549997 0
vt 0.26177001 0.700070024 0
vt 0.277509987 0.717790008 0
vt 0.890690029 0.190559998 0
vt 0.841719985 0.192780003 0
vt 0.848249972 0.170860007 0
vt 0.841719985 0.192780003 0
vt 0.800830007 0.191389993 0
vt 0.848249972 0.170860007 0
vt 0.440860003 0.706390023 0
vt 0.462859988 0.706279993 0
vt 0.463079989 0.714590013 0
vt 0.832899988 0.720149994 0
vt 0.858280003 0.707069993 0
vt 0.867799997 0.741349995 0
vt 0.832899988 0.720149994 0
vt 0.867799997 0.741349995 0
vt 0.837970018 0.753780007 0
vt 0.604510009 0.182799995 0
vt 0.60078001 0.214929998 0
vt 0.573499978 0.199110001 0
vt 0.502889991 0.619390011 0
vt 0.472820014 0.613789976 0
vt 0.482740015 0.590460002 0
vt 0.850350022 0.116920002 0
vt 0.861660004 0.143169999 0
vt 0.807669997 0.1435 0
vt 0.861660004 0.143169999 0
vt 0.848249972 0.170860007 0
vt 0.807669997 0.1435 0
vt 0.247099996 0.376910001 0
vt 0.238460004 0.387719989 0
vt 0.221809998 0.363950014 0
vt 0.266479999 0.371789992 0
vt 0.247099996 0.376910001 0
vt 0.230790004 0.357800007 0
vt 0.384829998 0.0288999993 0
vt 0.427670002 0.00109000003 0
vt 0.404760003 0.0451099984 0
vt 0.481849998 0.571200013 0
vt 0.482740015 0.590460002 0
vt 0.460949987 0.576820016 0
vt 0.477890015 0.536689997 0
vt 0.481849998 0.571200013 0
vt 0.459619999 0.548609972 0
vt 0.247099996 0.376910001 0
vt 0.221809998 0.363950014 0
vt 0.230790004 0.357800007 0
vt 0.502049983 0.691959977 0
vt 0.528060019 0.674920022 0
vt 0.534070015 0.711109996 0
vt 0.926829994 0.318690002 0
vt 0.975610018 0.329809994 0
vt 0.946569979 0.344170004 0
vt 0.638520002 0.784579992 0
vt 0.672720015 0.790690005 0
vt 0.637000024 0.816009998 0
vt 0.479680002 0.41148001 0
vt 0.473250002 0.453669995 0
vt 0.475360006 0.370229989 0
vt 0.661979973 0.621770024 0
vt 0.686370015 0.626160026 0
vt 0.618019998 0.639859974 0
vt 0.728630006 0.235709995 0
vt 0.692600012 0.240349993 0
vt 0.691950023 0.209759995 0
vt 0.825999975 0.770500004 0
vt 0.867569983 0.772509992 0
vt 0.85781002 0.782100022 0
vt 0.528140008 0.613160014 0
vt 0.550520003 0.636389971 0
vt 0.52828002 0.639230013 0
vt 0.324629992 0.395880014 0
vt 0.321830004 0.379889995 0
vt 0.341939986 0.365579993 0
vt 0.465169996 0.297140002 0
vt 0.486530006 0.32100001 0
vt 0.476300001 0.328319997 0
vt 0.443150014 0.514760017 0
vt 0.424080014 0.541469991 0
vt 0.421359986 0.509970009 0
vt 0.316430002 0.597689986 0
vt 0.299070001 0.573620021 0
vt 0.322320014 0.549700022 0
vt 0.316430002 0.597689986 0
vt 0.295709997 0.612760007 0
vt 0.299070001 0.573620021 0
vt 0.579919994 0.747850001 0
vt 0.584379971 0.761319995 0
vt 0.570330024 0.754239976 0
vt 0.570330024 0.754239976 0
vt 0.584379971 0.761319995 0
vt 0.575609982 0.786059976 0
vt 0.491340011 0.679329991 0
vt 0.502049983 0.691959977 0
vt 0.479169995 0.698019981 0
vt 0.469419986 0.691429973 0
vt 0.472979993 0.666679978 0
vt 0.491340011 0.679329991 0
vt 0.819400012 0.257319987 0
vt 0.810890019 0.249060005 0
vt 0.817820013 0.236990005 0
vt 0.871399999 0.35442999 0
vt 0.898039997 0.379390001 0
vt 0.87112999 0.374269992 0
vt 0.373160005 0.0203600004 0
vt 0.427670002 0.00109000003 0
vt 0.384829998 0.0288999993 0
vt 0.456059992 0.85848999 0
vt 0.449180007 0.841260016 0
vt 0.489930004 0.838880002 0
vt 0.978739977 0.357340008 0
vt 0.995000005 0.383859992 0
vt 0.986310005 0.389499992 0
vt 0.747579992 0.793649971 0
vt 0.745980024 0.815670013 0
vt 0.725950003 0.834200025 0
vt 0.637780011 0.228080004 0
vt 0.665170014 0.238769993 0
vt 0.641059995 0.241579995 0
vt 0.442460001 0.572889984 0
vt 0.440930009 0.595229983 0
vt 0.426400006 0.573949993 0
vt 0.455839992 0.597270012 0
vt 0.440930009 0.595229983 0
vt 0.442460001 0.572889984 0
vt 0.176290005 0.39399001 0
vt 0.164350003 0.391660005 0
vt 0.161500007 0.372850001 0
vt 0.168149993 0.358110011 0
vt 0.211339995 0.395700008 0
vt 0.161500007 0.372850001 0
vt 0.728630006 0.235709995 0
vt 0.723720014 0.245609999 0
vt 0.692600012 0.240349993 0
vt 0.723720014 0.245609999 0
vt 0.728630006 0.235709995 0
vt 0.748139977 0.238639995 0
vt 0.453179985 0.691929996 0
vt 0.461010009 0.676900029 0
vt 0.469419986 0.691429973 0
vt 0.828170002 0.368580014 0
vt 0.850950003 0.375710011 0
vt 0.821259975 0.395660013 0
vt 0.746070027 0.714579999 0
vt 0.755919993 0.720229983 0
vt 0.706900001 0.728280008 0
vt 0.631200016 0.332910001 0
vt 0.626860023 0.352690011 0
vt 0.603460014 0.329409987 0
vt 0.424080014 0.541469991 0
vt 0.426400006 0.573949993 0
vt 0.402550012 0.561869979 0
vt 0.580659986 0.28718999 0
vt 0.601689994 0.262800008 0
vt 0.595939994 0.289029986 0
vt 0.476779997 0.950429976 0
vt 0.440690011 0.928409994 0
vt 0.459969997 0.899460018 0
vt 0.655420005 0.767570019 0
vt 0.604439974 0.766950011 0
vt 0.625919998 0.742749989 0
vt 0.493200004 0.660650015 0
vt 0.490750015 0.632260025 0
vt 0.509109974 0.64744997 0
vt 0.827839971 0.0738800019 0
vt 0.850350022 0.116920002 0
vt 0.803770006 0.110250004 0
vt 0.803770006 0.110250004 0
vt 0.850350022 0.116920002 0
vt 0.807669997 0.1435 0
vt 0.807399988 0.704519987 0
vt 0.82901001 0.696129978 0
vt 0.832899988 0.720149994 0
vt 0.845860004 0.962059975 0
vt 0.832029998 0.964999974 0
vt 0.830560029 0.944989979 0
vt 0.94569999 0.17994 0
vt 0.939589977 0.201900005 0
vt 0.930949986 0.166439995 0
vt 0.296420008 0.485920012 0
vt 0.35898 0.522329986 0
vt 0.310669988 0.508090019 0
vt 0.627709985 0.903810024 0
vt 0.608399987 0.888769984 0
vt 0.625500023 0.871330023 0
vt 0.114880003 0.304850012 0
vt 0.14305 0.316060007 0
vt 0.130439997 0.327199996 0
vt 0.114880003 0.304850012 0
vt 0.130439997 0.327199996 0
vt 0.110880002 0.337929994 0
vt 0.445789993 0.381680012 0
vt 0.463730007 0.465310007 0
vt 0.393610001 0.375519991 0
vt 0.428350002 0.484070003 0
vt 0.393610001 0.375519991 0
vt 0.463730007 0.465310007 0
vt 0.810159981 0.388960004 0
vt 0.828170002 0.368580014 0
vt 0.821259975 0.395660013 0
vt 0.421359986 0.509970009 0
vt 0.35898 0.522329986 0
vt 0.379559994 0.504750013 0
vt 0.428350002 0.484070003 0
vt 0.379559994 0.504750013 0
vt 0.366939992 0.472220004 0
vt 0.23105 0.654439986 0
vt 0.232700005 0.647920012 0
vt 0.261110008 0.673539996 0
vt 0.820150018 0.888509989 0
vt 0.855170012 0.911729991 0
vt 0.806990027 0.914089978 0
vt 0.645160019 0.739880025 0
vt 0.655420005 0.767570019 0
vt 0.625919998 0.742749989 0
vt 0.661979973 0.621770024 0
vt 0.618019998 0.639859974 0
vt 0.588660002 0.629980028 0
vt 0.509850025 0.600310028 0
vt 0.502889991 0.619390011 0
vt 0.482740015 0.590460002 0
vt 0.504970014 0.571619987 0
vt 0.509850025 0.600310028 0
vt 0.482740015 0.590460002 0
vt 0.554750025 0.545809984 0
vt 0.529600024 0.551940024 0
vt 0.533330023 0.532840014 0
vt 0.530900002 0.584110022 0
vt 0.529600024 0.551940024 0
vt 0.554750025 0.545809984 0
vt 0.793709993 0.0513000004 0
vt 0.827839971 0.0738800019 0
vt 0.764859974 0.112099998 0
vt 0.931270003 0.356629997 0
vt 0.957679987 0.394549996 0
vt 0.944440007 0.393959999 0
vt 0.533330023 0.532840014 0
vt 0.506380022 0.529950023 0
vt 0.530059993 0.495290011 0
vt 0.529600024 0.551940024 0
vt 0.506380022 0.529950023 0
vt 0.533330023 0.532840014 0
vt 0.793709993 0.0513000004 0
vt 0.764859974 0.112099998 0
vt 0.752390027 0.0967099965 0
vt 0.692700028 0.995999992 0
vt 0.681770027 0.994149983 0
vt 0.724839985 0.962199986 0
vt 0.534070015 0.711109996 0
vt 0.566359997 0.683709979 0
vt 0.572570026 0.715560019 0
vt 0.528060019 0.674920022 0
vt 0.566359997 0.683709979 0
vt 0.534070015 0.711109996 0
vt 0.850220025 0.217399999 0
vt 0.890690029 0.190559998 0
vt 0.893630028 0.203400001 0
vt 0.819400012 0.257319987 0
vt 0.893630028 0.203400001 0
vt 0.939589977 0.201900005 0
vt 0.380600005 0.588370025 0
vt 0.352090001 0.593620002 0
vt 0.363070011 0.566359997 0
vt 0.729950011 0.932039976 0
vt 0.709339976 0.943679988 0
vt 0.702139974 0.930480003 0
vt 0.604510009 0.182799995 0
vt 0.573499978 0.199110001 0
vt 0.571730018 0.172790006 0
vt 0.604510009 0.182799995 0
vt 0.571730018 0.172790006 0
vt 0.593840003 0.136979997 0
vt 0.881910026 0.728250027 0
vt 0.883019984 0.711950004 0
vt 0.903199971 0.73714 0
vt 0.858280003 0.707069993 0
vt 0.883019984 0.711950004 0
vt 0.881910026 0.728250027 0
vt 0.855170012 0.911729991 0
vt 0.890299976 0.932210028 0
vt 0.837329984 0.925159991 0
vt 0.830560029 0.944989979 0
vt 0.837329984 0.925159991 0
vt 0.890299976 0.932210028 0
vt 0.518530011 0.832759976 0
vt 0.489930004 0.838880002 0
vt 0.548300028 0.805790007 0
vt 0.333730012 0.608519971 0
vt 0.378780007 0.60650003 0
vt 0.379920006 0.628430009 0
vt 0.510839999 0.942749977 0
vt 0.523779988 0.898220003 0
vt 0.551530004 0.911080003 0
vt 0.704280019 0.157609999 0
vt 0.672810018 0.150560006 0
vt 0.676689982 0.132039994 0
vt 0.696510017 0.180260003 0
vt 0.672810018 0.150560006 0
vt 0.704280019 0.157609999 0
vt 0.379920006 0.628430009 0
vt 0.40388 0.661029994 0
vt 0.376819998 0.658770025 0
vt 0.40388 0.661029994 0
vt 0.408650011 0.628199995 0
vt 0.42129001 0.649879992 0
vt 0.902920008 0.862640023 0
vt 0.874849975 0.847199976 0
vt 0.907800019 0.843770027 0
vt 0.284189999 0.390940011 0
vt 0.267780006 0.40933001 0
vt 0.252880007 0.403659999 0
vt 0.669019997 0.850839972 0
vt 0.706359982 0.857360005 0
vt 0.698080003 0.882120013 0
vt 0.795430005 0.88312 0
vt 0.813049972 0.856840014 0
vt 0.820150018 0.888509989 0
vt 0.745980024 0.815670013 0
vt 0.733030021 0.853479981 0
vt 0.725950003 0.834200025 0
vt 0.232889995 0.672930002 0
vt 0.23725 0.684059978 0
vt 0.225669995 0.679159999 0
vt 0.694630027 0.307110012 0
vt 0.899309993 0.341690004 0
vt 0.707970023 0.324059993 0
vt 0.694630027 0.307110012 0
vt 0.707970023 0.324059993 0
vt 0.704180002 0.335999995 0
vt 0.704280019 0.157609999 0
vt 0.715219975 0.198039994 0
vt 0.696510017 0.180260003 0
vt 0.715219975 0.198039994 0
vt 0.691950023 0.209759995 0
vt 0.696510017 0.180260003 0
vt 0.756150007 0.752319992 0
vt 0.786090016 0.780550003 0
vt 0.747579992 0.793649971 0
vt 0.164419994 0.0488100015 0
vt 0.104869999 0.0419799984 0
vt 0.121339999 0.0239400007 0
vt 0.599240005 0.691529989 0
vt 0.620930016 0.666989982 0
vt 0.648530006 0.702790022 0
vt 0.519620001 0.801410019 0
vt 0.481220007 0.81457001 0
vt 0.499870002 0.776730001 0
vt 0.675859988 0.330920011 0
vt 0.682020009 0.359290004 0
vt 0.658670008 0.34533 0
vt 0.658670008 0.34533 0
vt 0.682020009 0.359290004 0
vt 0.673430026 0.359259993 0
vt 0.664590001 0.719560027 0
vt 0.691630006 0.726899981 0
vt 0.682030022 0.729340017 0
vt 0.963930011 0.277880013 0
vt 0.90377003 0.301609993 0
vt 0.966120005 0.266750008 0
vt 0.655420005 0.767570019 0
vt 0.638520002 0.784579992 0
vt 0.604439974 0.766950011 0
vt 0.490130007 0.48556 0
vt 0.463730007 0.465310007 0
vt 0.524739981 0.443679988 0
vt 0.627709985 0.903810024 0
vt 0.603760004 0.925610006 0
vt 0.608399987 0.888769984 0
vt 0.493189991 0.036150001 0
vt 0.48833999 0.0477899984 0
vt 0.48545 0.0259099994 0
vt 0.497229993 0.711189985 0
vt 0.534070015 0.711109996 0
vt 0.515129983 0.721989989 0
vt 0.420720011 0.340369999 0
vt 0.457839996 0.338669986 0
vt 0.43235001 0.351720005 0
vt 0.637000024 0.816009998 0
vt 0.612280011 0.822780013 0
vt 0.622919977 0.790809989 0
vt 0.817910016 0.962589979 0
vt 0.789269984 0.940259993 0
vt 0.830560029 0.944989979 0
vt 0.643540025 0.312290013 0
vt 0.631200016 0.332910001 0
vt 0.615589976 0.29824999 0
vt 0.482740015 0.590460002 0
vt 0.455839992 0.597270012 0
vt 0.460949987 0.576820016 0
vt 0.649169981 0.259860009 0
vt 0.643540025 0.312290013 0
vt 0.615589976 0.29824999 0
vt 0.637780011 0.228080004 0
vt 0.641059995 0.241579995 0
vt 0.624800026 0.248459995 0
vt 0.161500007 0.372850001 0
vt 0.211339995 0.395700008 0
vt 0.176290005 0.39399001 0
vt 0.440930009 0.595229983 0
vt 0.455839992 0.597270012 0
vt 0.446920007 0.615920007 0
vt 0.385159999 0.714219987 0
vt 0.424459994 0.717700005 0
vt 0.380080014 0.737479985 0
vt 0.751339972 0.218150005 0
vt 0.775870025 0.230859995 0
vt 0.748139977 0.238639995 0
vt 0.748139977 0.238639995 0
vt 0.775870025 0.230859995 0
vt 0.810890019 0.249060005 0
vt 0.493200004 0.660650015 0
vt 0.474790007 0.648090005 0
vt 0.490750015 0.632260025 0
vt 0.321830004 0.379889995 0
vt 0.312379986 0.392459989 0
vt 0.306699991 0.395330012 0
vt 0.578419983 0.147540003 0
vt 0.593840003 0.136979997 0
vt 0.571730018 0.172790006 0
vt 0.642480016 0.946579993 0
vt 0.61075002 0.933409989 0
vt 0.660960019 0.937529981 0
vt 0.42129001 0.649879992 0
vt 0.442580014 0.665589988 0
vt 0.430849999 0.677789986 0
vt 0.637780011 0.228080004 0
vt 0.60078001 0.214929998 0
vt 0.604510009 0.182799995 0
vt 0.26177001 0.700070024 0
vt 0.23725 0.684059978 0
vt 0.261110008 0.673539996 0
vt 0.261110008 0.673539996 0
vt 0.300889999 0.684440017 0
vt 0.26177001 0.700070024 0
vt 0.594139993 0.924790025 0
vt 0.565970004 0.925580025 0
vt 0.579959989 0.913030028 0
vt 0.579959989 0.913030028 0
vt 0.565970004 0.925580025 0
vt 0.551530004 0.911080003 0
vt 0.643750012 0.204750001 0
vt 0.691950023 0.209759995 0
vt 0.692600012 0.240349993 0
vt 0.665170014 0.238769993 0
vt 0.643750012 0.204750001 0
vt 0.692600012 0.240349993 0
vt 0.461089998 0.0721599981 0
vt 0.44848001 0.0601000004 0
vt 0.458420008 0.0234999992 0
vt 0.38519001 0.364060014 0
vt 0.375800014 0.359079987 0
vt 0.402090013 0.342049986 0
vt 0.954580009 0.816299975 0
vt 0.903199971 0.73714 0
vt 0.917240024 0.737259984 0
vt 0.647379994 0.853190005 0
vt 0.651009977 0.884760022 0
vt 0.642149985 0.868560016 0
vt 0.402550012 0.561869979 0
vt 0.380600005 0.588370025 0
vt 0.363070011 0.566359997 0
vt 0.426400006 0.573949993 0
vt 0.416850001 0.588490009 0
vt 0.402550012 0.561869979 0
vt 0.661979973 0.621770024 0
vt 0.588660002 0.629980028 0
vt 0.63519001 0.606970012 0
vt 0.628600001 0.845640004 0
vt 0.612280011 0.822780013 0
vt 0.637000024 0.816009998 0
vt 0.440860003 0.706390023 0
vt 0.453179985 0.691929996 0
vt 0.462859988 0.706279993 0
vt 0.110880002 0.337929994 0
vt 0.133220002 0.364439994 0
vt 0.114309996 0.348159999 0
vt 0.718819976 0.739719987 0
vt 0.684099972 0.735090017 0
vt 0.706900001 0.728280008 0
vt 0.860669971 0.0806500018 0
vt 0.89151001 0.10644 0
vt 0.906589985 0.129669994 0
vt 0.0721599981 0.258560002 0
vt 0.0778800026 0.271780014 0
vt 0.0565599985 0.265260011 0
vt 0.0565599985 0.265260011 0
vt 0.0778800026 0.271780014 0
vt 0.068810001 0.279139996 0
vt 0.221809998 0.363950014 0
vt 0.168149993 0.358110011 0
vt 0.176760003 0.347629994 0
vt 0.176760003 0.347629994 0
vt 0.168149993 0.358110011 0
vt 0.130439997 0.327199996 0
vt 0.809480011 0.222189993 0
vt 0.785380006 0.185969993 0
vt 0.800830007 0.191389993 0
vt 0.252880007 0.403659999 0
vt 0.242730007 0.402460009 0
vt 0.238460004 0.387719989 0
vt 0.344969988 0.699220002 0
vt 0.385159999 0.714219987 0
vt 0.360659987 0.72627002 0
vt 0.344969988 0.699220002 0
vt 0.379810005 0.69532001 0
vt 0.385159999 0.714219987 0
vt 0.728630006 0.235709995 0
vt 0.691950023 0.209759995 0
vt 0.715219975 0.198039994 0
vt 0.785380006 0.185969993 0
vt 0.848249972 0.170860007 0
vt 0.800830007 0.191389993 0
vt 0.641059995 0.241579995 0
vt 0.665199995 0.250050008 0
vt 0.649169981 0.259860009 0
vt 0.975610018 0.329809994 0
vt 0.963930011 0.277880013 0
vt 0.972649992 0.29152 0
vt 0.665199995 0.250050008 0
vt 0.675010026 0.267259985 0
vt 0.649169981 0.259860009 0
vt 0.675010026 0.267259985 0
vt 0.712119997 0.296719998 0
vt 0.649169981 0.259860009 0
vt 0.553070009 0.727710009 0
vt 0.572570026 0.715560019 0
vt 0.56686002 0.735870004 0
vt 0.276540011 0.630800009 0
vt 0.295709997 0.612760007 0
vt 0.297769994 0.638010025 0
vt 0.297769994 0.638010025 0
vt 0.295709997 0.612760007 0
vt 0.333730012 0.608519971 0
vt 0.899309993 0.341690004 0
vt 0.893440008 0.316799998 0
vt 0.924290001 0.34266001 0
vt 0.924290001 0.34266001 0
vt 0.871399999 0.35442999 0
vt 0.899309993 0.341690004 0
vt 0.299730003 0.716220021 0
vt 0.31795001 0.705089986 0
vt 0.336210012 0.741039991 0
vt 0.704280019 0.157609999 0
vt 0.703170002 0.12088 0
vt 0.718420029 0.136020005 0
vt 0.374790013 0.537689984 0
vt 0.363070011 0.566359997 0
vt 0.34119001 0.536050022 0
vt 0.469419986 0.691429973 0
vt 0.479169995 0.698019981 0
vt 0.462859988 0.706279993 0
vt 0.821250021 0.272139996 0
vt 0.819400012 0.257319987 0
vt 0.852649987 0.280290008 0
vt 0.862580001 0.301829994 0
vt 0.821250021 0.272139996 0
vt 0.852649987 0.280290008 0
vt 0.751339972 0.218150005 0
vt 0.730359972 0.210600004 0
vt 0.73597002 0.181869999 0
vt 0.56655997 0.868480027 0
vt 0.566550016 0.817960024 0
vt 0.585169971 0.842840016 0
vt 0.605799973 0.859719992 0
vt 0.56655997 0.868480027 0
vt 0.585169971 0.842840016 0
vt 0.333730012 0.608519971 0
vt 0.316430002 0.597689986 0
vt 0.352090001 0.593620002 0
vt 0.316430002 0.597689986 0
vt 0.333730012 0.608519971 0
vt 0.295709997 0.612760007 0
vt 0.478929996 0.715520024 0
vt 0.497229993 0.711189985 0
vt 0.490060002 0.718949974 0
vt 0.490060002 0.718949974 0
vt 0.497229993 0.711189985 0
vt 0.515129983 0.721989989 0
vt 0.809480011 0.222189993 0
vt 0.784720004 0.206129998 0
vt 0.785380006 0.185969993 0
vt 0.489930004 0.838880002 0
vt 0.449180007 0.841260016 0
vt 0.481220007 0.81457001 0
vt 0.279220015 0.522580028 0
vt 0.289119989 0.515150011 0
vt 0.261779994 0.54776001 0
vt 0.704180002 0.335999995 0
vt 0.682020009 0.359290004 0
vt 0.675859988 0.330920011 0
vt 0.630649984 0.151549995 0
vt 0.606090009 0.132170007 0
vt 0.643850029 0.128040001 0
vt 0.858280003 0.707069993 0
vt 0.82901001 0.696129978 0
vt 0.858919978 0.681710005 0
vt 0.647010028 0.914849997 0
vt 0.682169974 0.927940011 0
vt 0.660960019 0.937529981 0
vt 0.647010028 0.914849997 0
vt 0.687189996 0.899049997 0
vt 0.682169974 0.927940011 0
vt 0.575609982 0.786059976 0
vt 0.548300028 0.805790007 0
vt 0.555029988 0.775529981 0
vt 0.325390011 0.669369996 0
vt 0.355239987 0.670400023 0
vt 0.344969988 0.699220002 0
vt 0.300889999 0.684440017 0
vt 0.325390011 0.669369996 0
vt 0.344969988 0.699220002 0
vt 0.832899988 0.720149994 0
vt 0.837970018 0.753780007 0
vt 0.804239988 0.764159977 0
vt 0.0565599985 0.265260011 0
vt 0.068810001 0.279139996 0
vt 0.0586900003 0.275860012 0
vt 0.658050001 0.100270003 0
vt 0.643850029 0.128040001 0
vt 0.624979973 0.115309998 0
vt 0.683409989 0.11259 0
vt 0.676689982 0.132039994 0
vt 0.643850029 0.128040001 0
vt 0.26177001 0.700070024 0
vt 0.299730003 0.716220021 0
vt 0.277509987 0.717790008 0
vt 0.718580008 0.355439991 0
vt 0.724489987 0.370689988 0
vt 0.705259979 0.367460012 0
vt 0.491340011 0.679329991 0
vt 0.528060019 0.674920022 0
vt 0.502049983 0.691959977 0
vt 0.491340011 0.679329991 0
vt 0.493200004 0.660650015 0
vt 0.528060019 0.674920022 0
vt 0.400029987 0.00735000009 0
vt 0.427670002 0.00109000003 0
vt 0.373160005 0.0203600004 0
vt 0.779770017 0.95547998 0
vt 0.772159994 0.96578002 0
vt 0.724839985 0.962199986 0
vt 0.779770017 0.95547998 0
vt 0.790660024 0.97062999 0
vt 0.772159994 0.96578002 0
vt 0.424080014 0.541469991 0
vt 0.402550012 0.561869979 0
vt 0.404119998 0.529850006 0
vt 0.402550012 0.561869979 0
vt 0.374790013 0.537689984 0
vt 0.404119998 0.529850006 0
vt 0.525080025 0.302780002 0
vt 0.506879985 0.310779989 0
vt 0.514360011 0.290380001 0
vt 0.418500006 0.355859995 0
vt 0.398479998 0.365269989 0
vt 0.38519001 0.364060014 0
vt 0.440860003 0.706390023 0
vt 0.430849999 0.677789986 0
vt 0.453179985 0.691929996 0
vt 0.421359986 0.509970009 0
vt 0.379559994 0.504750013 0
vt 0.428350002 0.484070003 0
vt 0.892419994 0.922909975 0
vt 0.890299976 0.932210028 0
vt 0.855170012 0.911729991 0
vt 0.545570016 0.461140007 0
vt 0.530059993 0.495290011 0
vt 0.524739981 0.443679988 0
vt 0.498809993 0.0920799971 0
vt 0.497070014 0.130809993 0
vt 0.479099989 0.0982600003 0
vt 0.788529992 0.841929972 0
vt 0.795260012 0.806420028 0
vt 0.811190009 0.832819998 0
vt 0.788529992 0.841929972 0
vt 0.811190009 0.832819998 0
vt 0.813049972 0.856840014 0
vt 0.204620004 0.032469999 0
vt 0.168520004 0.0305700004 0
vt 0.206210002 0.02348 0
vt 0.248390004 0.0334899984 0
vt 0.204620004 0.032469999 0
vt 0.206210002 0.02348 0
vt 0.728349984 0.903410017 0
vt 0.729950011 0.932039976 0
vt 0.707920015 0.908869982 0
vt 0.61075002 0.933409989 0
vt 0.603760004 0.925610006 0
vt 0.627709985 0.903810024 0
vt 0.961510003 0.202580005 0
vt 0.966120005 0.266750008 0
vt 0.939589977 0.201900005 0
vt 0.408650011 0.628199995 0
vt 0.379920006 0.628430009 0
vt 0.378780007 0.60650003 0
vt 0.712119997 0.296719998 0
vt 0.759930015 0.284189999 0
vt 0.749199986 0.297190011 0
vt 0.38519001 0.364060014 0
vt 0.341939986 0.365579993 0
vt 0.375800014 0.359079987 0
vt 0.712119997 0.296719998 0
vt 0.749199986 0.297190011 0
vt 0.893440008 0.316799998 0
vt 0.506380022 0.529950023 0
vt 0.481849998 0.571200013 0
vt 0.477890015 0.536689997 0
vt 0.506380022 0.529950023 0
vt 0.477890015 0.536689997 0
vt 0.490130007 0.48556 0
vt 0.458400011 0.511449993 0
vt 0.443150014 0.514760017 0
vt 0.450729996 0.483880013 0
vt 0.545719981 0.287349999 0
vt 0.525080025 0.302780002 0
vt 0.533630013 0.276899993 0
vt 0.675010026 0.267259985 0
vt 0.716769993 0.277880013 0
vt 0.712119997 0.296719998 0
vt 0.871399999 0.35442999 0
vt 0.828170002 0.368580014 0
vt 0.789080024 0.355720013 0
vt 0.175909996 0.0437100008 0
vt 0.164419994 0.0488100015 0
vt 0.168520004 0.0305700004 0
vt 0.891770005 0.759620011 0
vt 0.916830003 0.77858001 0
vt 0.867569983 0.772509992 0
vt 0.539960027 0.657389998 0
vt 0.528060019 0.674920022 0
vt 0.509109974 0.64744997 0
vt 0.788380027 0.273620009 0
vt 0.821250021 0.272139996 0
vt 0.802619994 0.285750002 0
vt 0.898039997 0.379390001 0
vt 0.931270003 0.356629997 0
vt 0.923500001 0.375440001 0
vt 0.481220007 0.81457001 0
vt 0.449180007 0.841260016 0
vt 0.442470014 0.816799998 0
vt 0.469419986 0.691429973 0
vt 0.491340011 0.679329991 0
vt 0.479169995 0.698019981 0
vt 0.442680001 0.650709987 0
vt 0.429410011 0.617770016 0
vt 0.452439994 0.637290001 0
vt 0.622919977 0.790809989 0
vt 0.604439974 0.766950011 0
vt 0.638520002 0.784579992 0
vt 0.366939992 0.472220004 0
vt 0.297610015 0.478469998 0
vt 0.329340011 0.448799998 0
vt 0.62015003 0.940729976 0
vt 0.61075002 0.933409989 0
vt 0.642480016 0.946579993 0
vt 0.606090009 0.132170007 0
vt 0.624979973 0.115309998 0
vt 0.643850029 0.128040001 0
vt 0.608399987 0.888769984 0
vt 0.603760004 0.925610006 0
vt 0.586700022 0.893620014 0
vt 0.378780007 0.60650003 0
vt 0.380600005 0.588370025 0
vt 0.407090008 0.60402 0
vt 0.349819988 0.0247699991 0
vt 0.373160005 0.0203600004 0
vt 0.384829998 0.0288999993 0
vt 0.306879997 0.0349600017 0
vt 0.349819988 0.0247699991 0
vt 0.384829998 0.0288999993 0
vt 0.605799973 0.859719992 0
vt 0.585169971 0.842840016 0
vt 0.612280011 0.822780013 0
vt 0.300889999 0.684440017 0
vt 0.31795001 0.705089986 0
vt 0.299730003 0.716220021 0
vt 0.299730003 0.716220021 0
vt 0.26177001 0.700070024 0
vt 0.300889999 0.684440017 0
vt 0.707970023 0.324059993 0
vt 0.740819991 0.347880006 0
vt 0.704180002 0.335999995 0
vt 0.715219975 0.198039994 0
vt 0.730359972 0.210600004 0
vt 0.728630006 0.235709995 0
vt 0.712119997 0.296719998 0
vt 0.694630027 0.307110012 0
vt 0.643540025 0.312290013 0
vt 0.407090008 0.60402 0
vt 0.380600005 0.588370025 0
vt 0.416850001 0.588490009 0
vt 0.402550012 0.561869979 0
vt 0.416850001 0.588490009 0
vt 0.380600005 0.588370025 0
vt 0.539960027 0.657389998 0
vt 0.509109974 0.64744997 0
vt 0.52828002 0.639230013 0
vt 0.718420029 0.136020005 0
vt 0.764859974 0.112099998 0
vt 0.741760015 0.139699996 0
vt 0.74405998 0.159160003 0
vt 0.718420029 0.136020005 0
vt 0.741760015 0.139699996 0
vt 0.551530004 0.911080003 0
vt 0.523779988 0.898220003 0
vt 0.56655997 0.868480027 0
vt 0.232590005 0.588760018 0
vt 0.239270002 0.567640007 0
vt 0.268299997 0.616739988 0
vt 0.784990013 0.757480025 0
vt 0.786090016 0.780550003 0
vt 0.756150007 0.752319992 0
vt 0.232700005 0.647920012 0
vt 0.284370005 0.657959998 0
vt 0.261110008 0.673539996 0
vt 0.811190009 0.832819998 0
vt 0.795260012 0.806420028 0
vt 0.80339998 0.792659998 0
vt 0.658670008 0.34533 0
vt 0.673430026 0.359259993 0
vt 0.642490029 0.353480011 0
vt 0.459509999 0.717499971 0
vt 0.443830013 0.712759972 0
vt 0.463079989 0.714590013 0
vt 0.819400012 0.257319987 0
vt 0.850220025 0.217399999 0
vt 0.893630028 0.203400001 0
vt 0.819400012 0.257319987 0
vt 0.817820013 0.236990005 0
vt 0.850220025 0.217399999 0
vt 0.648530006 0.702790022 0
vt 0.690590024 0.699630022 0
vt 0.698909998 0.714240015 0
vt 0.310669988 0.508090019 0
vt 0.289119989 0.515150011 0
vt 0.28955999 0.497550011 0
vt 0.310669988 0.508090019 0
vt 0.28955999 0.497550011 0
vt 0.296420008 0.485920012 0
vt 0.651009977 0.884760022 0
vt 0.627709985 0.903810024 0
vt 0.642149985 0.868560016 0
vt 0.651009977 0.884760022 0
vt 0.647010028 0.914849997 0
vt 0.627709985 0.903810024 0
vt 0.377920002 0.37165001 0
vt 0.342729986 0.394520015 0
vt 0.324629992 0.395880014 0
vt 0.372310013 0.386849999 0
vt 0.342729986 0.394520015 0
vt 0.377920002 0.37165001 0
vt 0.462859988 0.706279993 0
vt 0.479169995 0.698019981 0
vt 0.478929996 0.715520024 0
vt 0.446220011 0.0205499995 0
vt 0.458420008 0.0234999992 0
vt 0.44848001 0.0601000004 0
vt 0.35898 0.522329986 0
vt 0.34119001 0.536050022 0
vt 0.310669988 0.508090019 0
vt 0.310669988 0.508090019 0
vt 0.34119001 0.536050022 0
vt 0.289119989 0.515150011 0
vt 0.232590005 0.588760018 0
vt 0.232700005 0.647920012 0
vt 0.220929995 0.621469975 0
vt 0.826979995 0.00486999983 0
vt 0.836409986 0.0528599992 0
vt 0.827839971 0.0738800019 0
vt 0.637000024 0.816009998 0
vt 0.622919977 0.790809989 0
vt 0.638520002 0.784579992 0
vt 0.539960027 0.657389998 0
vt 0.52828002 0.639230013 0
vt 0.550520003 0.636389971 0
vt 0.379920006 0.628430009 0
vt 0.408650011 0.628199995 0
vt 0.40388 0.661029994 0
vt 0.247099996 0.376910001 0
vt 0.252880007 0.403659999 0
vt 0.238460004 0.387719989 0
vt 0.36680001 0.634079993 0
vt 0.355239987 0.670400023 0
vt 0.333730012 0.608519971 0
vt 0.36680001 0.634079993 0
vt 0.376819998 0.658770025 0
vt 0.355239987 0.670400023 0
vt 0.376819998 0.658770025 0
vt 0.40388 0.661029994 0
vt 0.384909987 0.676020026 0
vt 0.732649982 0.757770002 0
vt 0.747579992 0.793649971 0
vt 0.725950003 0.834200025 0
vt 0.741760015 0.139699996 0
vt 0.776610017 0.141790003 0
vt 0.74405998 0.159160003 0
vt 0.430849999 0.677789986 0
vt 0.442580014 0.665589988 0
vt 0.461010009 0.676900029 0
vt 0.65982002 0.168180004 0
vt 0.632070005 0.178959996 0
vt 0.630649984 0.151549995 0
vt 0.630649984 0.151549995 0
vt 0.632070005 0.178959996 0
vt 0.604510009 0.182799995 0
vt 0.385159999 0.714219987 0
vt 0.419319987 0.693189979 0
vt 0.424459994 0.717700005 0
vt 0.306699991 0.395330012 0
vt 0.266479999 0.371789992 0
vt 0.282539994 0.367269993 0
vt 0.506879985 0.310779989 0
vt 0.498030007 0.350749999 0
vt 0.495689988 0.32822001 0
vt 0.498030007 0.350749999 0
vt 0.506879985 0.310779989 0
vt 0.525080025 0.302780002 0
vt 0.375800014 0.359079987 0
vt 0.341939986 0.365579993 0
vt 0.373079985 0.338649988 0
vt 0.856999993 0.660260022 0
vt 0.858919978 0.681710005 0
vt 0.825160027 0.667919993 0
vt 0.104869999 0.0419799984 0
vt 0.0900100023 0.0295599997 0
vt 0.121339999 0.0239400007 0
vt 0.299730003 0.716220021 0
vt 0.291000009 0.726490021 0
vt 0.277509987 0.717790008 0
vt 0.498809993 0.0920799971 0
vt 0.499430001 0.109470002 0
vt 0.497070014 0.130809993 0
vt 0.421359986 0.509970009 0
vt 0.404119998 0.529850006 0
vt 0.35898 0.522329986 0
vt 0.625500023 0.871330023 0
vt 0.608399987 0.888769984 0
vt 0.605799973 0.859719992 0
vt 0.85781002 0.782100022 0
vt 0.907800019 0.843770027 0
vt 0.864539981 0.805840015 0
vt 0.429410011 0.617770016 0
vt 0.407090008 0.60402 0
vt 0.416850001 0.588490009 0
vt 0.408650011 0.628199995 0
vt 0.407090008 0.60402 0
vt 0.429410011 0.617770016 0
vt 0.424459994 0.717700005 0
vt 0.419319987 0.693189979 0
vt 0.440860003 0.706390023 0
vt 0.452439994 0.637290001 0
vt 0.474790007 0.648090005 0
vt 0.472979993 0.666679978 0
vt 0.864539981 0.805840015 0
vt 0.907800019 0.843770027 0
vt 0.874849975 0.847199976 0
vt 0.38519001 0.364060014 0
vt 0.324629992 0.395880014 0
vt 0.341939986 0.365579993 0
vt 0.602519989 0.761730015 0
vt 0.606289983 0.742439985 0
vt 0.604439974 0.766950011 0
vt 0.755919993 0.720229983 0
vt 0.757130027 0.708720028 0
vt 0.789910018 0.686770022 0
vt 0.40388 0.661029994 0
vt 0.430849999 0.677789986 0
vt 0.419319987 0.693189979 0
vt 0.599240005 0.691529989 0
vt 0.59412998 0.715810001 0
vt 0.572570026 0.715560019 0
vt 0.703170002 0.12088 0
vt 0.705349982 0.107170001 0
vt 0.732240021 0.0903199986 0
vt 0.705349982 0.107170001 0
vt 0.703170002 0.12088 0
vt 0.694360018 0.113519996 0
vt 0.0612599999 0.0725999996 0
vt 0.0664099976 0.05528 0
vt 0.07491 0.0715700015 0
vt 0.603460014 0.329409987 0
vt 0.602689981 0.361589998 0
vt 0.583729982 0.371549994 0
vt 0.867569983 0.772509992 0
vt 0.837970018 0.753780007 0
vt 0.867799997 0.741349995 0
vt 0.837970018 0.753780007 0
vt 0.867569983 0.772509992 0
vt 0.825999975 0.770500004 0
vt 0.282889992 0.404619992 0
vt 0.267780006 0.40933001 0
vt 0.284189999 0.390940011 0
vt 0.875710011 0.647570014 0
vt 0.858919978 0.681710005 0
vt 0.856999993 0.660260022 0
vt 0.452439994 0.637290001 0
vt 0.472979993 0.666679978 0
vt 0.442680001 0.650709987 0
vt 0.442580014 0.665589988 0
vt 0.442680001 0.650709987 0
vt 0.472979993 0.666679978 0
vt 0.232700005 0.647920012 0
vt 0.276540011 0.630800009 0
vt 0.284370005 0.657959998 0
vt 0.855170012 0.911729991 0
vt 0.901660025 0.91049999 0
vt 0.892419994 0.922909975 0
vt 0.625500023 0.871330023 0
vt 0.605799973 0.859719992 0
vt 0.628600001 0.845640004 0
vt 0.658050001 0.100270003 0
vt 0.683409989 0.11259 0
vt 0.643850029 0.128040001 0
vt 0.779770017 0.95547998 0
vt 0.724839985 0.962199986 0
vt 0.729950011 0.932039976 0
vt 0.807399988 0.704519987 0
vt 0.779190004 0.718739986 0
vt 0.755919993 0.720229983 0
vt 0.607389987 0.551100016 0
vt 0.597370028 0.546739995 0
vt 0.619679987 0.532360017 0
vt 0.297769994 0.638010025 0
vt 0.325390011 0.669369996 0
vt 0.284370005 0.657959998 0
vt 0.555029988 0.775529981 0
vt 0.499870002 0.776730001 0
vt 0.538950026 0.76226002 0
vt 0.958389997 0.826489985 0
vt 0.959909976 0.82367003 0
vt 0.96754998 0.852370024 0
vt 0.891770005 0.759620011 0
vt 0.881910026 0.728250027 0
vt 0.903199971 0.73714 0
vt 0.764859974 0.112099998 0
vt 0.776610017 0.141790003 0
vt 0.741760015 0.139699996 0
vt 0.643540025 0.312290013 0
vt 0.675859988 0.330920011 0
vt 0.658670008 0.34533 0
vt 0.916830003 0.77858001 0
vt 0.903199971 0.73714 0
vt 0.954580009 0.816299975 0
vt 0.916830003 0.77858001 0
vt 0.954580009 0.816299975 0
vt 0.932860017 0.818639994 0
vt 0.586700022 0.893620014 0
vt 0.551530004 0.911080003 0
vt 0.56655997 0.868480027 0
vt 0.601689994 0.262800008 0
vt 0.580659986 0.28718999 0
vt 0.58732003 0.250959992 0
vt 0.73597002 0.181869999 0
vt 0.718420029 0.136020005 0
vt 0.74405998 0.159160003 0
vt 0.472979993 0.666679978 0
vt 0.474790007 0.648090005 0
vt 0.493200004 0.660650015 0
vt 0.806990027 0.914089978 0
vt 0.795430005 0.88312 0
vt 0.820150018 0.888509989 0
vt 0.795430005 0.88312 0
vt 0.806990027 0.914089978 0
vt 0.779129982 0.907809973 0
vt 0.87112999 0.374269992 0
vt 0.874549985 0.387829989 0
vt 0.855459988 0.389699996 0
vt 0.87112999 0.374269992 0
vt 0.898039997 0.379390001 0
vt 0.874549985 0.387829989 0
vt 0.452439994 0.637290001 0
vt 0.472820014 0.613789976 0
vt 0.474790007 0.648090005 0
vt 0.442460001 0.572889984 0
vt 0.426400006 0.573949993 0
vt 0.424080014 0.541469991 0
vt 0.0778800026 0.271780014 0
vt 0.109779999 0.279689997 0
vt 0.0796499997 0.296600014 0
vt 0.374790013 0.537689984 0
vt 0.34119001 0.536050022 0
vt 0.35898 0.522329986 0
vt 0.427670002 0.00109000003 0
vt 0.438859999 0.00844000001 0
vt 0.434020013 0.0387500003 0
vt 0.811169982 0.000969999994 0
vt 0.826979995 0.00486999983 0
vt 0.807709992 0.01516 0
vt 0.475360006 0.370229989 0
vt 0.463730007 0.465310007 0
vt 0.445789993 0.381680012 0
vt 0.580659986 0.28718999 0
vt 0.595939994 0.289029986 0
vt 0.558459997 0.30528 0
vt 0.297769994 0.638010025 0
vt 0.319779992 0.63282001 0
vt 0.325390011 0.669369996 0
vt 0.94569999 0.17994 0
vt 0.930949986 0.166439995 0
vt 0.93730998 0.169699997 0
vt 0.752460003 0.869509995 0
vt 0.760500014 0.831579983 0
vt 0.788529992 0.841929972 0
vt 0.168520004 0.0305700004 0
vt 0.181429997 0.0255200006 0
vt 0.206210002 0.02348 0
vt 0.157729998 0.0254299995 0
vt 0.181429997 0.0255200006 0
vt 0.168520004 0.0305700004 0
vt 0.806990027 0.914089978 0
vt 0.830560029 0.944989979 0
vt 0.789269984 0.940259993 0
vt 0.450729996 0.483880013 0
vt 0.428350002 0.484070003 0
vt 0.463730007 0.465310007 0
vt 0.779129982 0.907809973 0
vt 0.806990027 0.914089978 0
vt 0.77482003 0.925549984 0
vt 0.806990027 0.914089978 0
vt 0.789269984 0.940259993 0
vt 0.77482003 0.925549984 0
vt 0.683409989 0.11259 0
vt 0.703170002 0.12088 0
vt 0.676689982 0.132039994 0
vt 0.608399987 0.888769984 0
vt 0.586700022 0.893620014 0
vt 0.605799973 0.859719992 0
vt 0.605799973 0.859719992 0
vt 0.586700022 0.893620014 0
vt 0.56655997 0.868480027 0
vt 0.539960027 0.657389998 0
vt 0.550520003 0.636389971 0
vt 0.583429992 0.662509978 0
vt 0.703170002 0.12088 0
vt 0.683409989 0.11259 0
vt 0.694360018 0.113519996 0
vt 0.665199995 0.250050008 0
vt 0.665170014 0.238769993 0
vt 0.692600012 0.240349993 0
vt 0.665170014 0.238769993 0
vt 0.665199995 0.250050008 0
vt 0.641059995 0.241579995 0
vt 0.96754998 0.852370024 0
vt 0.959909976 0.82367003 0
vt 0.976480007 0.86492002 0
vt 0.910290003 0.628769994 0
vt 0.904600024 0.642080009 0
vt 0.875710011 0.647570014 0
vt 0.648530006 0.702790022 0
vt 0.698909998 0.714240015 0
vt 0.691630006 0.726899981 0
vt 0.482740015 0.590460002 0
vt 0.472820014 0.613789976 0
vt 0.455839992 0.597270012 0
vt 0.548300028 0.805790007 0
vt 0.519620001 0.801410019 0
vt 0.555029988 0.775529981 0
vt 0.555029988 0.775529981 0
vt 0.519620001 0.801410019 0
vt 0.499870002 0.776730001 0
vt 0.630649984 0.151549995 0
vt 0.643850029 0.128040001 0
vt 0.676689982 0.132039994 0
vt 0.879010022 0.693570018 0
vt 0.883019984 0.711950004 0
vt 0.858919978 0.681710005 0
vt 0.479169995 0.698019981 0
vt 0.497229993 0.711189985 0
vt 0.478929996 0.715520024 0
vt 0.696120024 0.835600019 0
vt 0.706359982 0.857360005 0
vt 0.669019997 0.850839972 0
vt 0.725950003 0.834200025 0
vt 0.706359982 0.857360005 0
vt 0.696120024 0.835600019 0
vt 0.481849998 0.571200013 0
vt 0.460949987 0.576820016 0
vt 0.459619999 0.548609972 0
vt 0.625919998 0.742749989 0
vt 0.604439974 0.766950011 0
vt 0.606289983 0.742439985 0
vt 0.300799996 0.370629996 0
vt 0.306699991 0.395330012 0
vt 0.282539994 0.367269993 0
vt 0.490750015 0.632260025 0
vt 0.472820014 0.613789976 0
vt 0.502889991 0.619390011 0
vt 0.492740005 0.0738800019 0
vt 0.479099989 0.0982600003 0
vt 0.493059993 0.0611199997 0
vt 0.341939986 0.365579993 0
vt 0.321830004 0.379889995 0
vt 0.322140008 0.369080007 0
vt 0.459619999 0.548609972 0
vt 0.460949987 0.576820016 0
vt 0.442460001 0.572889984 0
vt 0.809480011 0.222189993 0
vt 0.775870025 0.230859995 0
vt 0.784720004 0.206129998 0
vt 0.751339972 0.218150005 0
vt 0.784720004 0.206129998 0
vt 0.775870025 0.230859995 0
vt 0.424080014 0.541469991 0
vt 0.404119998 0.529850006 0
vt 0.421359986 0.509970009 0
vt 0.687189996 0.899049997 0
vt 0.698080003 0.882120013 0
vt 0.707920015 0.908869982 0
vt 0.0778800026 0.271780014 0
vt 0.0796499997 0.296600014 0
vt 0.068810001 0.279139996 0
vt 0.682169974 0.927940011 0
vt 0.702139974 0.930480003 0
vt 0.669700027 0.96262002 0
vt 0.440860003 0.706390023 0
vt 0.463079989 0.714590013 0
vt 0.443830013 0.712759972 0
vt 0.440860003 0.706390023 0
vt 0.443830013 0.712759972 0
vt 0.424459994 0.717700005 0
vt 0.90377003 0.301609993 0
vt 0.963930011 0.277880013 0
vt 0.926829994 0.318690002 0
vt 0.826979995 0.00486999983 0
vt 0.846580029 0.0128499996 0
vt 0.836409986 0.0528599992 0
vt 0.52828002 0.639230013 0
vt 0.509109974 0.64744997 0
vt 0.502889991 0.619390011 0
vt 0.946569979 0.344170004 0
vt 0.978739977 0.357340008 0
vt 0.931270003 0.356629997 0
vt 0.462859988 0.706279993 0
vt 0.453179985 0.691929996 0
vt 0.469419986 0.691429973 0
vt 0.975610018 0.329809994 0
vt 0.978739977 0.357340008 0
vt 0.946569979 0.344170004 0
vt 0.168149993 0.358110011 0
vt 0.161500007 0.372850001 0
vt 0.110880002 0.337929994 0
vt 0.575609982 0.786059976 0
vt 0.566550016 0.817960024 0
vt 0.548300028 0.805790007 0
vt 0.784990013 0.757480025 0
vt 0.756150007 0.752319992 0
vt 0.76779002 0.734040022 0
vt 0.568390012 0.484970003 0
vt 0.551750004 0.50819999 0
vt 0.530059993 0.495290011 0
vt 0.430849999 0.677789986 0
vt 0.461010009 0.676900029 0
vt 0.453179985 0.691929996 0
vt 0.530900002 0.584110022 0
vt 0.509850025 0.600310028 0
vt 0.504970014 0.571619987 0
vt 0.530900002 0.584110022 0
vt 0.528140008 0.613160014 0
vt 0.509850025 0.600310028 0
vt 0.825999975 0.770500004 0
vt 0.80339998 0.792659998 0
vt 0.804239988 0.764159977 0
vt 0.917240024 0.737259984 0
vt 0.883019984 0.711950004 0
vt 0.907880008 0.726329982 0
vt 0.661979973 0.621770024 0
vt 0.672339976 0.617089987 0
vt 0.686370015 0.626160026 0
vt 0.461010009 0.676900029 0
vt 0.472979993 0.666679978 0
vt 0.469419986 0.691429973 0
vt 0.248390004 0.0334899984 0
vt 0.206210002 0.02348 0
vt 0.229509994 0.0268399995 0
vt 0.794080019 0.38973999 0
vt 0.776459992 0.384600013 0
vt 0.762549996 0.377110004 0
vt 0.523779988 0.898220003 0
vt 0.474189997 0.893949986 0
vt 0.529820025 0.847270012 0
vt 0.794080019 0.38973999 0
vt 0.762549996 0.377110004 0
vt 0.789080024 0.355720013 0
vt 0.760500014 0.831579983 0
vt 0.795260012 0.806420028 0
vt 0.788529992 0.841929972 0
vt 0.583209991 0.138919994 0
vt 0.593840003 0.136979997 0
vt 0.578419983 0.147540003 0
vt 0.860669971 0.0806500018 0
vt 0.906589985 0.129669994 0
vt 0.827839971 0.0738800019 0
vt 0.379810005 0.69532001 0
vt 0.384909987 0.676020026 0
vt 0.419319987 0.693189979 0
vt 0.157729998 0.0254299995 0
vt 0.121339999 0.0239400007 0
vt 0.130160004 0.0219899993 0
vt 0.845009983 0.0653600022 0
vt 0.860669971 0.0806500018 0
vt 0.827839971 0.0738800019 0
vt 0.429410011 0.617770016 0
vt 0.42129001 0.649879992 0
vt 0.408650011 0.628199995 0
vt 0.251800001 0.702579975 0
vt 0.26177001 0.700070024 0
vt 0.260340005 0.711549997 0
vt 0.306190014 0.739239991 0
vt 0.299730003 0.716220021 0
vt 0.313210011 0.740239978 0
vt 0.566359997 0.683709979 0
vt 0.539960027 0.657389998 0
vt 0.583429992 0.662509978 0
vt 0.583429992 0.662509978 0
vt 0.599240005 0.691529989 0
vt 0.566359997 0.683709979 0
vt 0.721819997 0.878530025 0
vt 0.733030021 0.853479981 0
vt 0.752460003 0.869509995 0
vt 0.721819997 0.878530025 0
vt 0.752460003 0.869509995 0
vt 0.728349984 0.903410017 0
vt 0.907880008 0.726329982 0
vt 0.883019984 0.711950004 0
vt 0.896019995 0.706749976 0
vt 0.789269984 0.940259993 0
vt 0.817910016 0.962589979 0
vt 0.779770017 0.95547998 0
vt 0.862580001 0.301829994 0
vt 0.852649987 0.280290008 0
vt 0.90377003 0.301609993 0
vt 0.555029988 0.775529981 0
vt 0.570330024 0.754239976 0
vt 0.575609982 0.786059976 0
vt 0.836790025 0.662810028 0
vt 0.856999993 0.660260022 0
vt 0.825160027 0.667919993 0
vt 0.60078001 0.214929998 0
vt 0.577970028 0.222990006 0
vt 0.573499978 0.199110001 0
vt 0.472420007 0.716289997 0
vt 0.463079989 0.714590013 0
vt 0.478929996 0.715520024 0
vt 0.470950007 0.334430009 0
vt 0.457839996 0.338669986 0
vt 0.476300001 0.328319997 0
vt 0.477010012 0.0213799998 0
vt 0.48545 0.0259099994 0
vt 0.48833999 0.0477899984 0
vt 0.976119995 0.387639999 0
vt 0.978739977 0.357340008 0
vt 0.986310005 0.389499992 0
vt 0.698080003 0.882120013 0
vt 0.721819997 0.878530025 0
vt 0.707920015 0.908869982 0
vt 0.707920015 0.908869982 0
vt 0.721819997 0.878530025 0
vt 0.728349984 0.903410017 0
vt 0.890299976 0.932210028 0
vt 0.868120015 0.966989994 0
vt 0.830560029 0.944989979 0
vt 0.890299976 0.932210028 0
vt 0.904699981 0.977240026 0
vt 0.868120015 0.966989994 0
vt 0.333730012 0.608519971 0
vt 0.379920006 0.628430009 0
vt 0.36680001 0.634079993 0
vt 0.74405998 0.159160003 0
vt 0.785380006 0.185969993 0
vt 0.759609997 0.184520006 0
vt 0.242730007 0.402460009 0
vt 0.168149993 0.358110011 0
vt 0.238460004 0.387719989 0
vt 0.479680002 0.41148001 0
vt 0.475360006 0.370229989 0
vt 0.481660008 0.385470003 0
vt 0.908490002 0.161160007 0
vt 0.861660004 0.143169999 0
vt 0.906589985 0.129669994 0
vt 0.906589985 0.129669994 0
vt 0.930949986 0.166439995 0
vt 0.908490002 0.161160007 0
vt 0.306699991 0.395330012 0
vt 0.300799996 0.370629996 0
vt 0.322140008 0.369080007 0
vt 0.647379994 0.853190005 0
vt 0.669019997 0.850839972 0
vt 0.675790012 0.879239976 0
vt 0.647379994 0.853190005 0
vt 0.675790012 0.879239976 0
vt 0.651009977 0.884760022 0
vt 0.452439994 0.637290001 0
vt 0.446920007 0.615920007 0
vt 0.472820014 0.613789976 0
vt 0.429410011 0.617770016 0
vt 0.416850001 0.588490009 0
vt 0.440930009 0.595229983 0
vt 0.426400006 0.573949993 0
vt 0.440930009 0.595229983 0
vt 0.416850001 0.588490009 0
vt 0.161500007 0.372850001 0
vt 0.164350003 0.391660005 0
vt 0.133220002 0.364439994 0
vt 0.902920008 0.862640023 0
vt 0.890600026 0.878799975 0
vt 0.874849975 0.847199976 0
vt 0.232889995 0.672930002 0
vt 0.23105 0.654439986 0
vt 0.261110008 0.673539996 0
vt 0.978739977 0.357340008 0
vt 0.994319975 0.363059998 0
vt 0.995000005 0.383859992 0
vt 0.961510003 0.202580005 0
vt 0.94569999 0.17994 0
vt 0.961260021 0.189180002 0
vt 0.788079977 0.0156299993 0
vt 0.793709993 0.0513000004 0
vt 0.752390027 0.0967099965 0
vt 0.807709992 0.01516 0
vt 0.793709993 0.0513000004 0
vt 0.788079977 0.0156299993 0
vt 0.537289977 0.933679998 0
vt 0.510839999 0.942749977 0
vt 0.551530004 0.911080003 0
vt 0.724839985 0.962199986 0
vt 0.709339976 0.943679988 0
vt 0.729950011 0.932039976 0
vt 0.529820025 0.847270012 0
vt 0.518530011 0.832759976 0
vt 0.566550016 0.817960024 0
vt 0.56655997 0.868480027 0
vt 0.529820025 0.847270012 0
vt 0.566550016 0.817960024 0
vt 0.477010012 0.0213799998 0
vt 0.48833999 0.0477899984 0
vt 0.461089998 0.0721599981 0
vt 0.830560029 0.944989979 0
vt 0.832029998 0.964999974 0
vt 0.817910016 0.962589979 0
vt 0.457540005 0.363169998 0
vt 0.474489987 0.352950007 0
vt 0.475360006 0.370229989 0
vt 0.832899988 0.720149994 0
vt 0.788919985 0.735620022 0
vt 0.807399988 0.704519987 0
vt 0.59412998 0.715810001 0
vt 0.579100013 0.730859995 0
vt 0.572570026 0.715560019 0
vt 0.440930009 0.595229983 0
vt 0.446920007 0.615920007 0
vt 0.429410011 0.617770016 0
vt 0.836409986 0.0528599992 0
vt 0.845009983 0.0653600022 0
vt 0.827839971 0.0738800019 0
vt 0.825999975 0.770500004 0
vt 0.842149973 0.818400025 0
vt 0.80339998 0.792659998 0
vt 0.579919994 0.747850001 0
vt 0.602519989 0.761730015 0
vt 0.584379971 0.761319995 0
vt 0.602519989 0.761730015 0
vt 0.604439974 0.766950011 0
vt 0.584379971 0.761319995 0
vt 0.0796499997 0.296600014 0
vt 0.114880003 0.304850012 0
vt 0.0920000002 0.313089997 0
vt 0.400209993 0.0591900013 0
vt 0.306879997 0.0349600017 0
vt 0.404760003 0.0451099984 0
vt 0.883019984 0.711950004 0
vt 0.917240024 0.737259984 0
vt 0.903199971 0.73714 0
vt 0.745980024 0.815670013 0
vt 0.760500014 0.831579983 0
vt 0.733030021 0.853479981 0
vt 0.786090016 0.780550003 0
vt 0.745980024 0.815670013 0
vt 0.747579992 0.793649971 0
vt 0.443150014 0.514760017 0
vt 0.442460001 0.572889984 0
vt 0.424080014 0.541469991 0
vt 0.784990013 0.757480025 0
vt 0.76779002 0.734040022 0
vt 0.804239988 0.764159977 0
vt 0.598559976 0.550100029 0
vt 0.597370028 0.546739995 0
vt 0.607389987 0.551100016 0
vt 0.959909976 0.82367003 0
vt 0.954580009 0.816299975 0
vt 0.96341002 0.806930006 0
vt 0.694630027 0.307110012 0
vt 0.675859988 0.330920011 0
vt 0.643540025 0.312290013 0
vt 0.749199986 0.297190011 0
vt 0.802619994 0.285750002 0
vt 0.836160004 0.294360012 0
vt 0.379810005 0.69532001 0
vt 0.419319987 0.693189979 0
vt 0.385159999 0.714219987 0
vt 0.43235001 0.351720005 0
vt 0.418500006 0.355859995 0
vt 0.420720011 0.340369999 0
vt 0.515129983 0.721989989 0
vt 0.534070015 0.711109996 0
vt 0.529129982 0.725510001 0
vt 0.625500023 0.871330023 0
vt 0.628600001 0.845640004 0
vt 0.647379994 0.853190005 0
vt 0.548300028 0.805790007 0
vt 0.489930004 0.838880002 0
vt 0.519620001 0.801410019 0
vt 0.333730012 0.608519971 0
vt 0.355239987 0.670400023 0
vt 0.319779992 0.63282001 0
vt 0.297769994 0.638010025 0
vt 0.333730012 0.608519971 0
vt 0.319779992 0.63282001 0
vt 0.813049972 0.856840014 0
vt 0.842149973 0.818400025 0
vt 0.874849975 0.847199976 0
vt 0.366939992 0.472220004 0
vt 0.35194999 0.429969996 0
vt 0.428350002 0.484070003 0
vt 0.757130027 0.708720028 0
vt 0.755919993 0.720229983 0
vt 0.746070027 0.714579999 0
vt 0.610629976 0.496010005 0
vt 0.570819974 0.537880003 0
vt 0.551750004 0.50819999 0
vt 0.610629976 0.496010005 0
vt 0.597370028 0.546739995 0
vt 0.570819974 0.537880003 0
vt 0.874849975 0.847199976 0
vt 0.848839998 0.865469992 0
vt 0.813049972 0.856840014 0
vt 0.379559994 0.504750013 0
vt 0.297610015 0.478469998 0
vt 0.366939992 0.472220004 0
vt 0.874849975 0.847199976 0
vt 0.890600026 0.878799975 0
vt 0.848839998 0.865469992 0
vt 0.601689994 0.262800008 0
vt 0.649169981 0.259860009 0
vt 0.615589976 0.29824999 0
vt 0.896019995 0.706749976 0
vt 0.879010022 0.693570018 0
vt 0.890699983 0.670740008 0
vt 0.606289983 0.742439985 0
vt 0.602519989 0.761730015 0
vt 0.597580016 0.745809972 0
vt 0.686370015 0.626160026 0
vt 0.705380023 0.646000028 0
vt 0.620930016 0.666989982 0
vt 0.698080003 0.882120013 0
vt 0.706359982 0.857360005 0
vt 0.721819997 0.878530025 0
vt 0.733030021 0.853479981 0
vt 0.721819997 0.878530025 0
vt 0.706359982 0.857360005 0
vt 0.624800026 0.248459995 0
vt 0.60078001 0.214929998 0
vt 0.637780011 0.228080004 0
vt 0.306699991 0.395330012 0
vt 0.284189999 0.390940011 0
vt 0.266479999 0.371789992 0
vt 0.60078001 0.214929998 0
vt 0.624800026 0.248459995 0
vt 0.577970028 0.222990006 0
vt 0.583429992 0.662509978 0
vt 0.588660002 0.629980028 0
vt 0.618019998 0.639859974 0
vt 0.40388 0.661029994 0
vt 0.42129001 0.649879992 0
vt 0.430849999 0.677789986 0
vt 0.806990027 0.914089978 0
vt 0.837329984 0.925159991 0
vt 0.830560029 0.944989979 0
vt 0.642490029 0.353480011 0
vt 0.626860023 0.352690011 0
vt 0.631200016 0.332910001 0
vt 0.85781002 0.782100022 0
vt 0.864539981 0.805840015 0
vt 0.842149973 0.818400025 0
vt 0.647010028 0.914849997 0
vt 0.651009977 0.884760022 0
vt 0.687189996 0.899049997 0
vt 0.788380027 0.273620009 0
vt 0.747850001 0.255589992 0
vt 0.819400012 0.257319987 0
vt 0.07491 0.0715700015 0
vt 0.0900100023 0.0295599997 0
vt 0.104869999 0.0419799984 0
vt 0.0900100023 0.0295599997 0
vt 0.07491 0.0715700015 0
vt 0.0779599994 0.0360900015 0
vt 0.718580008 0.355439991 0
vt 0.789080024 0.355720013 0
vt 0.74454999 0.371969998 0
vt 0.655420005 0.767570019 0
vt 0.672720015 0.790690005 0
vt 0.638520002 0.784579992 0
vt 0.551750004 0.50819999 0
vt 0.595780015 0.482439995 0
vt 0.610629976 0.496010005 0
vt 0.595780015 0.482439995 0
vt 0.551750004 0.50819999 0
vt 0.568390012 0.484970003 0
vt 0.231859997 0.573949993 0
vt 0.239270002 0.567640007 0
vt 0.232590005 0.588760018 0
vt 0.672720015 0.790690005 0
vt 0.655420005 0.767570019 0
vt 0.718819976 0.739719987 0
vt 0.429410011 0.617770016 0
vt 0.442680001 0.650709987 0
vt 0.42129001 0.649879992 0
vt 0.7324 0.0741899982 0
vt 0.732240021 0.0903199986 0
vt 0.705349982 0.107170001 0
vt 0.7324 0.0741899982 0
vt 0.788079977 0.0156299993 0
vt 0.732240021 0.0903199986 0
vt 0.81208998 0.969410002 0
vt 0.804350019 0.978380024 0
vt 0.790660024 0.97062999 0
vt 0.817910016 0.962589979 0
vt 0.81208998 0.969410002 0
vt 0.790660024 0.97062999 0
vt 0.931270003 0.356629997 0
vt 0.944440007 0.393959999 0
vt 0.935570002 0.382629991 0
vt 0.931270003 0.356629997 0
vt 0.935570002 0.382629991 0
vt 0.923500001 0.375440001 0
vt 0.316430002 0.597689986 0
vt 0.322320014 0.549700022 0
vt 0.363070011 0.566359997 0
vt 0.502049983 0.691959977 0
vt 0.534070015 0.711109996 0
vt 0.497229993 0.711189985 0
vt 0.379559994 0.504750013 0
vt 0.296420008 0.485920012 0
vt 0.297610015 0.478469998 0
vt 0.643750012 0.204750001 0
vt 0.604510009 0.182799995 0
vt 0.632070005 0.178959996 0
vt 0.545570016 0.461140007 0
vt 0.524739981 0.443679988 0
vt 0.534749985 0.44749999 0
vt 0.498030007 0.350749999 0
vt 0.47894001 0.351359993 0
vt 0.495689988 0.32822001 0
vt 0.784720004 0.206129998 0
vt 0.759609997 0.184520006 0
vt 0.785380006 0.185969993 0
vt 0.788529992 0.841929972 0
vt 0.782930017 0.865930021 0
vt 0.752460003 0.869509995 0
vt 0.377920002 0.37165001 0
vt 0.324629992 0.395880014 0
vt 0.38519001 0.364060014 0
vt 0.995459974 0.355960011 0
vt 0.978739977 0.357340008 0
vt 0.975610018 0.329809994 0
vt 0.615589976 0.29824999 0
vt 0.603460014 0.329409987 0
vt 0.595939994 0.289029986 0
vt 0.42129001 0.649879992 0
vt 0.442680001 0.650709987 0
vt 0.442580014 0.665589988 0
vt 0.518530011 0.832759976 0
vt 0.548300028 0.805790007 0
vt 0.566550016 0.817960024 0
vt 0.518530011 0.832759976 0
vt 0.469370008 0.872969985 0
vt 0.489930004 0.838880002 0
vt 0.864539981 0.805840015 0
vt 0.874849975 0.847199976 0
vt 0.842149973 0.818400025 0
vt 0.821250021 0.272139996 0
vt 0.788380027 0.273620009 0
vt 0.819400012 0.257319987 0
vt 0.497229993 0.711189985 0
vt 0.479169995 0.698019981 0
vt 0.502049983 0.691959977 0
vt 0.493200004 0.660650015 0
vt 0.509109974 0.64744997 0
vt 0.528060019 0.674920022 0
vt 0.807669997 0.1435 0
vt 0.776610017 0.141790003 0
vt 0.803770006 0.110250004 0
vt 0.764859974 0.112099998 0
vt 0.803770006 0.110250004 0
vt 0.776610017 0.141790003 0
vt 0.240219995 0.69581002 0
vt 0.26177001 0.700070024 0
vt 0.251800001 0.702579975 0
vt 0.620930016 0.666989982 0
vt 0.705380023 0.646000028 0
vt 0.648530006 0.702790022 0
vt 0.705380023 0.646000028 0
vt 0.714980006 0.685100019 0
vt 0.648530006 0.702790022 0
vt 0.36680001 0.634079993 0
vt 0.379920006 0.628430009 0
vt 0.376819998 0.658770025 0
vt 0.61075002 0.933409989 0
vt 0.627709985 0.903810024 0
vt 0.647010028 0.914849997 0
vt 0.871399999 0.35442999 0
vt 0.931270003 0.356629997 0
vt 0.898039997 0.379390001 0
vt 0.915210009 0.884069979 0
vt 0.915040016 0.900979996 0
vt 0.890600026 0.878799975 0
vt 0.890600026 0.878799975 0
vt 0.915040016 0.900979996 0
vt 0.901660025 0.91049999 0
vt 0.321830004 0.379889995 0
vt 0.306699991 0.395330012 0
vt 0.322140008 0.369080007 0
vt 0.472979993 0.666679978 0
vt 0.493200004 0.660650015 0
vt 0.491340011 0.679329991 0
vt 0.121339999 0.0239400007 0
vt 0.157729998 0.0254299995 0
vt 0.168520004 0.0305700004 0
vt 0.384909987 0.676020026 0
vt 0.40388 0.661029994 0
vt 0.419319987 0.693189979 0
vt 0.385159999 0.714219987 0
vt 0.380080014 0.737479985 0
vt 0.360659987 0.72627002 0
vt 0.675790012 0.879239976 0
vt 0.698080003 0.882120013 0
vt 0.687189996 0.899049997 0
vt 0.489930004 0.838880002 0
vt 0.481220007 0.81457001 0
vt 0.519620001 0.801410019 0
vt 0.648530006 0.702790022 0
vt 0.637650013 0.715659976 0
vt 0.59412998 0.715810001 0
vt 0.648530006 0.702790022 0
vt 0.664590001 0.719560027 0
vt 0.637650013 0.715659976 0
vt 0.615589976 0.29824999 0
vt 0.595939994 0.289029986 0
vt 0.601689994 0.262800008 0
vt 0.319779992 0.63282001 0
vt 0.355239987 0.670400023 0
vt 0.325390011 0.669369996 0
vt 0.745980024 0.815670013 0
vt 0.795260012 0.806420028 0
vt 0.760500014 0.831579983 0
vt 0.725950003 0.834200025 0
vt 0.733030021 0.853479981 0
vt 0.706359982 0.857360005 0
vt 0.463730007 0.465310007 0
vt 0.490130007 0.48556 0
vt 0.450729996 0.483880013 0
vt 0.830560029 0.944989979 0
vt 0.868120015 0.966989994 0
vt 0.845860004 0.962059975 0
vt 0.56686002 0.735870004 0
vt 0.572570026 0.715560019 0
vt 0.579100013 0.730859995 0
vt 0.732649982 0.757770002 0
vt 0.725950003 0.834200025 0
vt 0.672720015 0.790690005 0
vt 0.725950003 0.834200025 0
vt 0.696120024 0.835600019 0
vt 0.672720015 0.790690005 0
vt 0.446920007 0.615920007 0
vt 0.452439994 0.637290001 0
vt 0.429410011 0.617770016 0
vt 0.669700027 0.96262002 0
vt 0.702139974 0.930480003 0
vt 0.709339976 0.943679988 0
vt 0.440530002 0.0724299997 0
vt 0.400209993 0.0591900013 0
vt 0.404760003 0.0451099984 0
vt 0.836160004 0.294360012 0
vt 0.862580001 0.301829994 0
vt 0.893440008 0.316799998 0
vt 0.836160004 0.294360012 0
vt 0.893440008 0.316799998 0
vt 0.749199986 0.297190011 0
vt 0.850220025 0.217399999 0
vt 0.817820013 0.236990005 0
vt 0.809480011 0.222189993 0
vt 0.523779988 0.898220003 0
vt 0.510839999 0.942749977 0
vt 0.476779997 0.950429976 0
vt 0.811190009 0.832819998 0
vt 0.842149973 0.818400025 0
vt 0.813049972 0.856840014 0
vt 0.363070011 0.566359997 0
vt 0.322320014 0.549700022 0
vt 0.34119001 0.536050022 0
vt 0.619679987 0.532360017 0
vt 0.597370028 0.546739995 0
vt 0.610629976 0.496010005 0
vt 0.804239988 0.764159977 0
vt 0.786090016 0.780550003 0
vt 0.784990013 0.757480025 0
vt 0.896019995 0.706749976 0
vt 0.883019984 0.711950004 0
vt 0.879010022 0.693570018 0
vt 0.821250021 0.272139996 0
vt 0.836160004 0.294360012 0
vt 0.802619994 0.285750002 0
vt 0.661979973 0.621770024 0
vt 0.63519001 0.606970012 0
vt 0.672339976 0.617089987 0
vt 0.694630027 0.307110012 0
vt 0.704180002 0.335999995 0
vt 0.675859988 0.330920011 0
vt 0.603460014 0.329409987 0
vt 0.57002002 0.335029989 0
vt 0.595939994 0.289029986 0
vt 0.48664999 0.314509988 0
vt 0.486530006 0.32100001 0
vt 0.465169996 0.297140002 0
vt 0.628600001 0.845640004 0
vt 0.605799973 0.859719992 0
vt 0.612280011 0.822780013 0
vt 0.945179999 0.761529982 0
vt 0.96341002 0.806930006 0
vt 0.917240024 0.737259984 0
vt 0.624800026 0.248459995 0
vt 0.641059995 0.241579995 0
vt 0.649169981 0.259860009 0
vt 0.327019989 0.316020012 0
vt 0.156760007 0.285899997 0
vt 0.41238001 0.0929199979 0
vt 0.156760007 0.285899997 0
vt 0.179480001 0.0774499997 0
vt 0.41238001 0.0929199979 0
vt 0.0825000033 0.25514999 0
vt 0.0295100007 0.252079993 0
vt 0.0198800005 0.23184 0
vt 0.41238001 0.0929199979 0
vt 0.179480001 0.0774499997 0
vt 0.311489999 0.0474399999 0
vt 0.156760007 0.285899997 0
vt 0.0429899991 0.204530001 0
vt -0.000730000029 0.129960001 0
vt 0.511290014 0.163110003 0
vt 0.327019989 0.316020012 0
vt 0.41238001 0.0929199979 0
vt 0.256859988 0.0429599993 0
vt 0.218319997 0.0622799993 0
vt 0.204620004 0.032469999 0
vt 0.511290014 0.163110003 0
vt 0.41238001 0.0929199979 0
vt 0.471450001 0.119089998 0
vt 0.240840003 0.348470002 0
vt 0.201010004 0.341250002 0
vt 0.177709997 0.319599986 0
vt 0.440530002 0.0724299997 0
vt 0.418119997 0.0785000026 0
vt 0.400209993 0.0591900013 0
vt 0.179480001 0.0774499997 0
vt 0.156760007 0.285899997 0
vt -0.000730000029 0.129960001 0
vt 0.218319997 0.0622799993 0
vt 0.164419994 0.0488100015 0
vt 0.204620004 0.032469999 0
vt 0.454919994 0.318399996 0
vt 0.420720011 0.340369999 0
vt 0.427109987 0.320300013 0
vt 0.49090001 0.26752001 0
vt 0.327019989 0.316020012 0
vt 0.511290014 0.163110003 0
vt 0.402090013 0.342049986 0
vt 0.375800014 0.359079987 0
vt 0.373079985 0.338649988 0
vt 0.0565599985 0.265260011 0
vt 0.0401500016 0.270190001 0
vt 0.0295100007 0.252079993 0
vt 0.373079985 0.338649988 0
vt 0.341939986 0.365579993 0
vt 0.328299999 0.330920011 0
vt 0.500750005 0.137559995 0
vt 0.471450001 0.119089998 0
vt 0.497070014 0.130809993 0
vt 0.175740004 0.329369992 0
vt 0.14305 0.316060007 0
vt 0.177709997 0.319599986 0
vt 0.311489999 0.0474399999 0
vt 0.218319997 0.0622799993 0
vt 0.256859988 0.0429599993 0
vt 0.0429899991 0.204530001 0
vt 0.00949000008 0.194879994 0
vt -0.000730000029 0.129960001 0
vt 0.230790004 0.357800007 0
vt 0.201010004 0.341250002 0
vt 0.240840003 0.348470002 0
vt 0.266479999 0.371789992 0
vt 0.230790004 0.357800007 0
vt 0.256469995 0.357219994 0
vt 0.177709997 0.319599986 0
vt 0.14305 0.316060007 0
vt 0.139870003 0.302560002 0
vt 0.139870003 0.302560002 0
vt 0.109779999 0.279689997 0
vt 0.156760007 0.285899997 0
vt 0.201010004 0.341250002 0
vt 0.175740004 0.329369992 0
vt 0.177709997 0.319599986 0
vt 0.500750005 0.137559995 0
vt 0.511290014 0.163110003 0
vt 0.471450001 0.119089998 0
vt 0.300000012 0.35462001 0
vt 0.256469995 0.357219994 0
vt 0.240840003 0.348470002 0
vt 0.327019989 0.316020012 0
vt 0.240840003 0.348470002 0
vt 0.156760007 0.285899997 0
vt 0.471450001 0.119089998 0
vt 0.41238001 0.0929199979 0
vt 0.447100013 0.0864000022 0
vt 0.479099989 0.0982600003 0
vt 0.471450001 0.119089998 0
vt 0.447100013 0.0864000022 0
vt 0.503859997 0.262430012 0
vt 0.49090001 0.26752001 0
vt 0.509670019 0.243070006 0
vt 0.479099989 0.0982600003 0
vt 0.447100013 0.0864000022 0
vt 0.461089998 0.0721599981 0
vt 0.304729998 0.0420100018 0
vt 0.27155 0.0351400003 0
vt 0.306879997 0.0349600017 0
vt 0.0612599999 0.0725999996 0
vt 0.07491 0.0715700015 0
vt 0.0346399993 0.098679997 0
vt 0.175909996 0.0437100008 0
vt 0.168520004 0.0305700004 0
vt 0.204620004 0.032469999 0
vt 0.128130004 0.0606600009 0
vt 0.120030001 0.0512900017 0
vt 0.164419994 0.0488100015 0
vt 0.128130004 0.0606600009 0
vt 0.07491 0.0715700015 0
vt 0.120030001 0.0512900017 0
vt 0.341939986 0.365579993 0
vt 0.322140008 0.369080007 0
vt 0.328299999 0.330920011 0
vt 0.300000012 0.35462001 0
vt 0.240840003 0.348470002 0
vt 0.328299999 0.330920011 0
vt 0.109779999 0.279689997 0
vt 0.0825000033 0.25514999 0
vt 0.156760007 0.285899997 0
vt 0.304729998 0.0420100018 0
vt 0.256859988 0.0429599993 0
vt 0.27155 0.0351400003 0
vt 0.256859988 0.0429599993 0
vt 0.204620004 0.032469999 0
vt 0.248390004 0.0334899984 0
vt 0.465169996 0.297140002 0
vt 0.414990008 0.309599996 0
vt 0.49090001 0.26752001 0
vt 0.496580005 0.283340007 0
vt 0.465169996 0.297140002 0
vt 0.49090001 0.26752001 0
vt 0.230790004 0.357800007 0
vt 0.221809998 0.363950014 0
vt 0.201010004 0.341250002 0
vt 0.402090013 0.342049986 0
vt 0.373079985 0.338649988 0
vt 0.427109987 0.320300013 0
vt 0.427109987 0.320300013 0
vt 0.414990008 0.309599996 0
vt 0.465169996 0.297140002 0
vt 0.306879997 0.0349600017 0
vt 0.311489999 0.0474399999 0
vt 0.304729998 0.0420100018 0
vt 0.311489999 0.0474399999 0
vt 0.256859988 0.0429599993 0
vt 0.304729998 0.0420100018 0
vt 0.513890028 0.209729999 0
vt 0.49090001 0.26752001 0
vt 0.511290014 0.163110003 0
vt 0.0429899991 0.204530001 0
vt 0.01492 0.210659996 0
vt 0.00949000008 0.194879994 0
vt 0.454919994 0.318399996 0
vt 0.427109987 0.320300013 0
vt 0.465169996 0.297140002 0
vt 0.447100013 0.0864000022 0
vt 0.418119997 0.0785000026 0
vt 0.440530002 0.0724299997 0
vt 0.461089998 0.0721599981 0
vt 0.447100013 0.0864000022 0
vt 0.440530002 0.0724299997 0
vt 0.256469995 0.357219994 0
vt 0.230790004 0.357800007 0
vt 0.240840003 0.348470002 0
vt 0.14305 0.316060007 0
vt 0.114880003 0.304850012 0
vt 0.109779999 0.279689997 0
vt 0.0825000033 0.25514999 0
vt 0.0429899991 0.204530001 0
vt 0.156760007 0.285899997 0
vt 0.282539994 0.367269993 0
vt 0.256469995 0.357219994 0
vt 0.300000012 0.35462001 0
vt 0.0721599981 0.258560002 0
vt 0.0565599985 0.265260011 0
vt 0.0295100007 0.252079993 0
vt 0.373079985 0.338649988 0
vt 0.328299999 0.330920011 0
vt 0.394499987 0.323650002 0
vt 0.0346399993 0.098679997 0
vt 0.0284199994 0.0959599987 0
vt 0.0612599999 0.0725999996 0
vt 0.256859988 0.0429599993 0
vt 0.248390004 0.0334899984 0
vt 0.27155 0.0351400003 0
vt 0.179480001 0.0774499997 0
vt 0.07491 0.0715700015 0
vt 0.128130004 0.0606600009 0
vt 0.400209993 0.0591900013 0
vt 0.418119997 0.0785000026 0
vt 0.377889991 0.0706899986 0
vt 0.240840003 0.348470002 0
vt 0.177709997 0.319599986 0
vt 0.156760007 0.285899997 0
vt 0.418119997 0.0785000026 0
vt 0.41238001 0.0929199979 0
vt 0.377889991 0.0706899986 0
vt 0.377889991 0.0706899986 0
vt 0.41238001 0.0929199979 0
vt 0.311489999 0.0474399999 0
vt 0.497070014 0.130809993 0
vt 0.471450001 0.119089998 0
vt 0.479099989 0.0982600003 0
vt 0.139870003 0.302560002 0
vt 0.14305 0.316060007 0
vt 0.109779999 0.279689997 0
vt 0.570330024 0.754239976 0
vt 0.538950026 0.76226002 0
vt 0.55983001 0.752139986 0
vt 0.0825000033 0.25514999 0
vt 0.0721599981 0.258560002 0
vt 0.0295100007 0.252079993 0
vt 0.00541000022 0.117550001 0
vt 0.0346399993 0.098679997 0
vt -0.000730000029 0.129960001 0
vt 0.120030001 0.0512900017 0
vt 0.07491 0.0715700015 0
vt 0.104869999 0.0419799984 0
vt 0.311489999 0.0474399999 0
vt 0.179480001 0.0774499997 0
vt 0.218319997 0.0622799993 0
vt 0.0198800005 0.23184 0
vt 0.01492 0.210659996 0
vt 0.0429899991 0.204530001 0
vt 0.49090001 0.26752001 0
vt 0.414990008 0.309599996 0
vt 0.327019989 0.316020012 0
vt 0.394499987 0.323650002 0
vt 0.328299999 0.330920011 0
vt 0.414990008 0.309599996 0
vt 0.427109987 0.320300013 0
vt 0.394499987 0.323650002 0
vt 0.414990008 0.309599996 0
vt 0.282539994 0.367269993 0
vt 0.266479999 0.371789992 0
vt 0.256469995 0.357219994 0
vt 0.447100013 0.0864000022 0
vt 0.41238001 0.0929199979 0
vt 0.418119997 0.0785000026 0
vt 0.300799996 0.370629996 0
vt 0.282539994 0.367269993 0
vt 0.300000012 0.35462001 0
vt 0.179480001 0.0774499997 0
vt 0.164419994 0.0488100015 0
vt 0.218319997 0.0622799993 0
vt 0.109779999 0.279689997 0
vt 0.0778800026 0.271780014 0
vt 0.0825000033 0.25514999 0
vt 0.306879997 0.0349600017 0
vt 0.27155 0.0351400003 0
vt 0.29144001 0.0294899996 0
vt 0.427109987 0.320300013 0
vt 0.373079985 0.338649988 0
vt 0.394499987 0.323650002 0
vt 0.300000012 0.35462001 0
vt 0.328299999 0.330920011 0
vt 0.322140008 0.369080007 0
vt 0.322140008 0.369080007 0
vt 0.300799996 0.370629996 0
vt 0.300000012 0.35462001 0
vt 0.156760007 0.285899997 0
vt 0.177709997 0.319599986 0
vt 0.139870003 0.302560002 0
vt 0.414990008 0.309599996 0
vt 0.328299999 0.330920011 0
vt 0.327019989 0.316020012 0
vt 0.422769994 0.730870008 0
vt 0.407260001 0.734009981 0
vt 0.424459994 0.717700005 0
vt 0.164419994 0.0488100015 0
vt 0.179480001 0.0774499997 0
vt 0.128130004 0.0606600009 0
vt 0.400209993 0.0591900013 0
vt 0.377889991 0.0706899986 0
vt 0.311489999 0.0474399999 0
vt 0.496580005 0.283340007 0
vt 0.49090001 0.26752001 0
vt 0.503859997 0.262430012 0
vt 0.509670019 0.243070006 0
vt 0.49090001 0.26752001 0
vt 0.513890028 0.209729999 0
vt 0.328299999 0.330920011 0
vt 0.240840003 0.348470002 0
vt 0.327019989 0.316020012 0
vt 0.179480001 0.0774499997 0
vt -0.000730000029 0.129960001 0
vt 0.07491 0.0715700015 0
vt -0.000730000029 0.129960001 0
vt 0.0346399993 0.098679997 0
vt 0.07491 0.0715700015 0
vt 0.360659987 0.72627002 0
vt 0.380080014 0.737479985 0
vt 0.336210012 0.741039991 0
vt 0.204620004 0.032469999 0
vt 0.164419994 0.0488100015 0
vt 0.175909996 0.0437100008 0
vt 0.0825000033 0.25514999 0
vt 0.0198800005 0.23184 0
vt 0.0429899991 0.204530001 0
vt 0.0825000033 0.25514999 0
vt 0.0778800026 0.271780014 0
vt 0.0721599981 0.258560002 0
vt 0.0346399993 0.098679997 0
vt 0.00541000022 0.117550001 0
vt 0.0284199994 0.0959599987 0
vn -0.316268384 0.501707375 0.805148542
vn -0.467818022 0.703926325 0.53444761
vn -0.523079216 0.458889037 0.718198359
vn 0.484417796 0.832969904 -0.267395616
vn 0.472425908 0.809210181 -0.349274367
vn 0.376338482 0.877522409 -0.29719305
vn -0.135127157 0.965542376 0.222415268
vn -0.198505536 0.968025565 0.153369516
vn -0.154395431 0.943157673 0.294305235
vn 0.376362413 0.68854779 0.61988169
vn 0.363533288 0.782928526 0.504843116
vn 0.419227988 0.7012254 0.576654851
vn -0.135504648 0.986884236 0.0877380893
vn -0.0827706084 0.994359851 0.0663143992
vn -0.0919645354 0.995633364 0.0160193853
vn -0.170965344 0.858594775 -0.483307183
vn -0.132354215 0.771956623 -0.621743798
vn -0.215453774 0.772196293 -0.597739398
vn -0.0766586885 0.598464727 -0.797473073
vn -0.161224172 0.661170542 -0.7327075
vn 0.0188939497 0.676708817 -0.736008227
vn 0.856630385 0.278725475 -0.434161872
vn 0.812624812 0.399621159 -0.424197882
vn 0.804582894 0.474475116 -0.357098997
vn -0.338222653 -0.411174923 0.846487164
vn -0.353798091 -0.415237457 0.838095963
vn -0.374407887 -0.544779778 0.750355661
vn 0.155716613 -0.144557908 0.977166951
vn 0.253950804 0.216270417 0.942728043
vn -0.0383117273 -0.164169401 0.985687912
vn -0.00614100322 -0.840124965 0.5423581
vn 0.0292563178 -0.699863434 0.713677227
vn -0.0419533625 -0.926014066 0.375150412
vn 0.590891063 -0.193169504 0.78328377
vn 0.513897836 -0.354509264 0.781173587
vn 0.729110897 -0.170210898 0.662891865
vn -0.174675718 0.977255285 0.120251909
vn -0.2535671 0.963449657 0.0864200518
vn -0.198505536 0.968025565 0.153369516
vn -0.718785346 0.650952399 0.244149148
vn -0.60692966 0.747770429 0.269213557
vn -0.681575775 0.719964087 0.130790964
vn 0.61886555 -0.669474781 -0.410863638
vn 0.569613755 -0.635454893 -0.521284163
vn 0.831493258 -0.458288282 -0.313991487
vn 0.825762033 -0.503789246 -0.253601104
vn 0.859085381 -0.249761522 -0.446756631
vn 0.933280408 -0.0280527659 -0.35805127
vn -0.877902508 -0.256268412 -0.404491991
vn -0.656350732 -0.732953906 -0.178836137
vn -0.64983356 -0.753928483 -0.0964785814
vn 0.00452224631 0.998443067 0.0555974431
vn -0.0731926188 0.985981286 0.149946123
vn 0.0387512147 0.990935743 0.128626645
vn -0.0165786054 0.0407300331 -0.999032617
vn -0.0874476582 0.0172942653 -0.996019006
vn 0.0480516069 0.0725466311 -0.99620688
vn -0.235845715 0.405195236 -0.883285701
vn -0.140243486 0.450227946 -0.881831408
vn -0.207949996 0.242059544 -0.947715104
vn -0.427028328 -0.0533736795 0.902661681
vn -0.247000083 -0.358047634 0.900440276
vn -0.0383117273 -0.164169401 0.985687912
vn -0.653367937 0.309501082 0.6908831
vn -0.67432344 0.52745384 0.516798139
vn -0.775061846 0.366096914 0.515026212
vn 0.64331454 -0.524750233 -0.55747968
vn 0.531031251 -0.398109317 -0.748007238
vn 0.571314991 0.10060025 -0.814542115
vn -0.925550163 0.303740114 0.226050839
vn -0.968416572 0.244630605 0.0482206717
vn -0.986801326 0.110846817 0.118051283
vn 0.362287343 -0.503699005 0.784241915
vn 0.729110897 -0.170210898 0.662891865
vn 0.513897836 -0.354509264 0.781173587
vn 0.0203611869 -0.035744004 -0.999153495
vn 0.0480516069 0.0725466311 -0.99620688
vn 0.210300341 -0.335658312 -0.918208718
vn 0.224026442 0.398456693 0.8894068
vn 0.264003336 0.599496007 0.755583644
vn 0.183160096 0.311925828 0.932284594
vn -0.0229254868 0.418348491 0.907997191
vn 0.0178817958 0.591040492 0.806443691
vn -0.107098274 0.484872639 0.868002534
vn -0.329182088 0.942283213 0.0611685514
vn -0.466685385 0.883274138 0.0450717658
vn -0.39644146 0.871554196 0.288491786
vn -0.223730385 -0.5202384 0.824194551
vn -0.160362989 -0.123036236 0.979359925
vn -0.226976022 -0.130946308 0.965057015
vn 0.374283165 0.553627789 -0.743914187
vn 0.431509972 0.678705633 -0.594270825
vn 0.259640932 0.610146224 -0.748537242
vn 0.658613503 -0.704921961 -0.263274044
vn 0.831493258 -0.458288282 -0.313991487
vn 0.825762033 -0.503789246 -0.253601104
vn -0.718785346 0.650952399 0.244149148
vn -0.652881563 0.651175678 0.386931539
vn -0.60692966 0.747770429 0.269213557
vn -0.645136952 0.599043667 0.474283636
vn -0.523079216 0.458889037 0.718198359
vn -0.467818022 0.703926325 0.53444761
vn 0.859085381 -0.249761522 -0.446756631
vn 0.870959401 0.228336111 -0.435077488
vn 0.933280408 -0.0280527659 -0.35805127
vn -0.704933107 -0.465180337 -0.535421729
vn -0.591357648 -0.605434418 -0.532677531
vn -0.592437029 -0.601243734 -0.53621304
vn 0.216015905 -0.408906221 0.886641324
vn 0.39305988 -0.444459498 0.804959357
vn 0.335370064 -0.135789186 0.93224889
vn -0.259976625 -0.236856148 0.936114967
vn -0.279248834 -0.303644985 0.910944462
vn -0.242687404 -0.295426339 0.924027145
vn 0.870634973 0.255192727 -0.420560867
vn 0.986894608 0.156130821 -0.040770147
vn 0.920108378 0.385328293 -0.0701608807
vn 0.794022679 -0.606543183 0.0404133424
vn 0.707495511 -0.69266665 0.140224338
vn 0.618126988 -0.785753965 -0.0225749761
vn 0.424149066 0.827281117 0.368379682
vn 0.325254887 0.94287324 0.0721067488
vn 0.303741723 0.935691714 0.17950502
vn 0.425648957 0.617357433 0.661583543
vn 0.450704277 0.571984828 0.685345829
vn 0.376362413 0.68854779 0.61988169
vn -0.161224172 0.661170542 -0.7327075
vn -0.24989669 0.73617208 -0.628969252
vn -0.12138474 0.755548179 -0.643748999
vn -0.414769799 0.36154446 -0.835015953
vn -0.507202983 0.474452168 -0.71947217
vn -0.413130611 0.531929016 -0.739171565
vn -0.653367937 0.309501082 0.6908831
vn -0.730609119 0.139690906 0.668353856
vn -0.503088653 -0.0934686735 0.859165609
vn -0.65980202 -0.402883619 0.634307623
vn -0.720590174 -0.284736425 0.632198393
vn -0.645303845 -0.648469746 0.403819054
vn 0.298313051 0.673165441 -0.676651716
vn 0.160763443 0.668480456 -0.726146638
vn 0.259640932 0.610146224 -0.748537242
vn -0.877902508 -0.256268412 -0.404491991
vn -0.592437029 -0.601243734 -0.53621304
vn -0.58904475 -0.688849986 -0.422506869
vn -0.297249556 0.827672541 0.476026088
vn -0.174993038 0.905558884 0.386446118
vn -0.18451272 0.933363497 0.307875901
vn -0.000502402545 0.913462818 -0.406921804
vn -0.132354215 0.771956623 -0.621743798
vn -0.170965344 0.858594775 -0.483307183
vn 0.177828088 0.567539215 -0.803913176
vn 0.0268669687 0.596506536 -0.802158415
vn 0.0187294446 0.63332057 -0.773662746
vn -0.374869555 -0.530789018 -0.760089338
vn -0.337623566 -0.70263052 -0.626355171
vn -0.514121294 -0.453492314 -0.728027463
vn -0.794427097 0.0460457392 0.605611622
vn -0.720590174 -0.284736425 0.632198393
vn -0.65980202 -0.402883619 0.634307623
vn 0.955768824 0.0559411608 0.288749993
vn 0.656614602 -0.655167699 0.37364766
vn 0.707495511 -0.69266665 0.140224338
vn -0.679098308 0.73289448 -0.0411226377
vn -0.582507074 0.810895503 -0.0559804775
vn -0.632178962 0.754181385 -0.177651376
vn 0.205207646 -0.577738881 0.79000479
vn 0.256546795 -0.57819891 0.774512529
vn 0.39305988 -0.444459498 0.804959357
vn 0.513897836 -0.354509264 0.781173587
vn 0.26757437 -0.627554655 0.731149077
vn 0.362287343 -0.503699005 0.784241915
vn 0.998016655 0.0165298358 0.0607425608
vn 0.986894608 0.156130821 -0.040770147
vn 0.996278048 -0.0733282194 -0.0453109965
vn 0.898754239 0.406955868 -0.163180143
vn 0.983997881 0.175025508 0.0333798453
vn 0.962108552 0.162646011 -0.218845606
vn 0.322260588 0.927604198 -0.18894057
vn 0.216883302 0.96572119 -0.142633319
vn 0.337139815 0.938757002 -0.0712189749
vn -0.316268384 0.501707375 0.805148542
vn -0.0229254868 0.418348491 0.907997191
vn -0.107098274 0.484872639 0.868002534
vn -0.00894855987 0.209011659 0.977872133
vn -0.160362989 -0.123036236 0.979359925
vn -0.0383117273 -0.164169401 0.985687912
vn 0.270569563 0.838644385 -0.472723663
vn 0.228556886 0.774671912 -0.589614332
vn 0.135209352 0.879979432 -0.45536232
vn -0.132354215 0.771956623 -0.621743798
vn 0.00983112399 0.847005606 -0.531493008
vn -0.0249944571 0.7794016 -0.626025915
vn -0.679098308 0.73289448 -0.0411226377
vn -0.769917786 0.635666549 -0.0561660267
vn -0.783021033 0.607341528 0.134217471
vn 0.842472732 0.53872335 0.00409185188
vn 0.799410701 0.5797894 0.157438084
vn 0.931557298 0.348934323 0.102204964
vn 0.582751691 -0.406711698 -0.703552425
vn 0.640500247 0.299503833 -0.707146943
vn 0.569391668 0.251057804 -0.782791853
vn 0.582751691 -0.406711698 -0.703552425
vn 0.569391668 0.251057804 -0.782791853
vn 0.703227222 0.0976694003 -0.704224527
vn -0.140243486 0.450227946 -0.881831408
vn -0.235845715 0.405195236 -0.883285701
vn -0.153051212 0.571176231 -0.806432307
vn -0.297249556 0.827672541 0.476026088
vn -0.320255518 0.903310478 0.285423309
vn -0.467818022 0.703926325 0.53444761
vn 0.532302856 -0.437810123 -0.724552214
vn 0.373885512 0.100836165 -0.921977043
vn 0.630723953 -0.359990448 -0.687454879
vn 0.582751691 -0.406711698 -0.703552425
vn 0.569613755 -0.635454893 -0.521284163
vn 0.532302856 -0.437810123 -0.724552214
vn -0.0797513425 -0.560351253 0.824406564
vn -0.0856430382 -0.488579333 0.8683061
vn -0.151525065 -0.42961362 0.890209258
vn -0.243769705 -0.267347008 0.932256341
vn -0.242687404 -0.295426339 0.924027145
vn -0.151525065 -0.42961362 0.890209258
vn -0.0540155545 0.868232548 0.493208349
vn 0.0644193962 0.861809373 0.503124952
vn -0.048499424 0.943944037 0.326523185
vn -0.154395431 0.943157673 0.294305235
vn -0.18451272 0.933363497 0.307875901
vn -0.174993038 0.905558884 0.386446118
vn 0.362287343 -0.503699005 0.784241915
vn 0.64003998 0.16833888 0.749673843
vn 0.729110897 -0.170210898 0.662891865
vn 0.860532224 0.450200886 0.238334835
vn 0.918994129 0.291156113 0.265853345
vn 0.879147768 0.162981987 0.447812617
vn 0.0188939497 0.676708817 -0.736008227
vn -0.161224172 0.661170542 -0.7327075
vn 0.159398288 0.80184412 -0.575880289
vn -0.995753944 -0.0874185041 0.0288475696
vn -0.997793198 -0.0530900024 -0.0398774482
vn -0.665078878 -0.746657372 0.0131539647
vn 0.303741723 0.935691714 0.17950502
vn 0.325254887 0.94287324 0.0721067488
vn 0.229804248 0.970372498 0.0746130422
vn 0.0698560029 0.98218888 0.174427941
vn 0.00449053105 0.972584367 0.232507065
vn 0.192883313 0.872416914 0.449093223
vn -0.374407887 -0.544779778 0.750355661
vn -0.301815867 -0.599195063 0.741533816
vn -0.338222653 -0.411174923 0.846487164
vn -0.207911745 -0.561777294 0.800736487
vn -0.242687404 -0.295426339 0.924027145
vn -0.276599526 -0.475310862 0.835207939
vn -0.55640471 0.64598304 -0.522608578
vn -0.544334769 0.559415638 -0.625103056
vn -0.66995883 0.536199689 -0.513463855
vn 0.545121372 -0.625700116 -0.557980239
vn 0.573019922 -0.59800458 -0.560391545
vn 0.569613755 -0.635454893 -0.521284163
vn 0.996278048 -0.0733282194 -0.0453109965
vn 0.986894608 0.156130821 -0.040770147
vn 0.918072462 -0.0031259479 -0.396400273
vn 0.918072462 -0.0031259479 -0.396400273
vn 0.986894608 0.156130821 -0.040770147
vn 0.870634973 0.255192727 -0.420560867
vn 0.160763443 0.668480456 -0.726146638
vn 0.177828088 0.567539215 -0.803913176
vn 0.148830995 0.451929539 -0.879550397
vn 0.259640932 0.610146224 -0.748537242
vn 0.148830995 0.451929539 -0.879550397
vn 0.374283165 0.553627789 -0.743914187
vn 0.484417796 0.832969904 -0.267395616
vn 0.546759546 0.738616645 -0.394334167
vn 0.472425908 0.809210181 -0.349274367
vn -0.305689961 -0.694112062 0.65173775
vn -0.380890846 -0.600045085 0.703468621
vn -0.313748032 -0.83775264 0.446914762
vn 0.373885512 0.100836165 -0.921977043
vn 0.640500247 0.299503833 -0.707146943
vn 0.630723953 -0.359990448 -0.687454879
vn -0.260244966 0.555677652 -0.789616942
vn -0.413130611 0.531929016 -0.739171565
vn -0.307054967 0.637815595 -0.706334591
vn -0.00894855987 0.209011659 0.977872133
vn -0.128539383 0.314699888 0.940447628
vn -0.160362989 -0.123036236 0.979359925
vn 0.229804248 0.970372498 0.0746130422
vn 0.158659399 0.9816401 0.105877243
vn 0.209661275 0.969142377 0.129634529
vn 0.229804248 0.970372498 0.0746130422
vn 0.168313578 0.982907832 0.0745840073
vn 0.158659399 0.9816401 0.105877243
vn 0.654197335 0.493080348 -0.573495984
vn 0.509966969 0.64452374 -0.569669127
vn 0.715431333 0.510494351 -0.477025747
vn 0.77332592 0.547854125 0.319097102
vn 0.896940112 0.347763717 0.273054451
vn 0.947857559 0.223356947 0.227327362
vn -0.337623566 -0.70263052 -0.626355171
vn -0.374869555 -0.530789018 -0.760089338
vn -0.236537412 -0.725352168 -0.646462917
vn -0.346212536 -0.137722597 -0.927992046
vn -0.260271966 -0.181718409 -0.94828099
vn -0.289793074 -0.395539939 -0.871532023
vn -0.269750088 0.662143886 0.699142575
vn -0.107098274 0.484872639 0.868002534
vn -0.0188954379 0.647661746 0.761693656
vn 0.228556886 0.774671912 -0.589614332
vn 0.0948356465 0.771748602 -0.628816724
vn 0.135209352 0.879979432 -0.45536232
vn 0.778085887 0.506765544 0.371175438
vn 0.896940112 0.347763717 0.273054451
vn 0.77332592 0.547854125 0.319097102
vn 0.64368552 0.739767969 0.195990413
vn 0.665315568 0.63680476 0.389660031
vn 0.721880019 0.680515349 0.12565124
vn -0.0419533625 -0.926014066 0.375150412
vn -0.0502736792 -0.595878363 0.801499546
vn -0.0841733143 -0.662128091 0.744648337
vn 0.140103206 0.751205206 -0.645028532
vn -0.11403276 0.631856382 -0.766651213
vn 0.126553267 0.780375004 -0.612371683
vn 0.140103206 0.751205206 -0.645028532
vn 0.0251839068 0.683841705 -0.729195654
vn 0.159398288 0.80184412 -0.575880289
vn -0.503088653 -0.0934686735 0.859165609
vn -0.427028328 -0.0533736795 0.902661681
vn -0.653367937 0.309501082 0.6908831
vn 0.473467797 0.410858274 0.779117286
vn 0.804695487 0.13666898 0.577742875
vn 0.843737364 0.268155038 0.464973181
vn 0.870959401 0.228336111 -0.435077488
vn 0.838345647 0.28723067 -0.463330358
vn 0.856630385 0.278725475 -0.434161872
vn -0.0785964578 0.745517254 -0.66183573
vn -0.11403276 0.631856382 -0.766651213
vn 0.140103206 0.751205206 -0.645028532
vn -0.260271966 -0.181718409 -0.94828099
vn -0.282827079 0.102125458 -0.953718603
vn -0.195561752 0.0824336931 -0.977220654
vn -0.365822375 0.144535586 -0.919393003
vn -0.318402529 0.251170784 -0.914074898
vn -0.282827079 0.102125458 -0.953718603
vn -0.338222653 -0.411174923 0.846487164
vn -0.279248834 -0.303644985 0.910944462
vn -0.353798091 -0.415237457 0.838095963
vn -0.503088653 -0.0934686735 0.859165609
vn -0.730609119 0.139690906 0.668353856
vn -0.54822588 -0.247518972 0.798863411
vn 0.248008117 0.685829341 0.684200346
vn 0.368431777 0.630378783 0.683286607
vn 0.199802905 0.726566553 0.657403767
vn 0.0766582638 0.702953339 0.707092762
vn 0.056124106 0.786877215 0.6145522
vn 0.00891895313 0.745082676 0.666912496
vn -0.111080304 0.201728866 -0.97312212
vn -0.11298167 0.348361075 -0.930526495
vn 0.175743356 0.498868942 -0.848671913
vn -0.0388189144 0.60456568 -0.795608878
vn -0.0766586885 0.598464727 -0.797473073
vn 0.0188939497 0.676708817 -0.736008227
vn -0.821857989 0.540230393 -0.180833325
vn -0.887210548 0.460872412 -0.0213082116
vn -0.769917786 0.635666549 -0.0561660267
vn 0.64003998 0.16833888 0.749673843
vn 0.824933469 0.0656522736 0.56140399
vn 0.729110897 -0.170210898 0.662891865
vn 0.770452678 -0.267217159 0.578790009
vn 0.729110897 -0.170210898 0.662891865
vn 0.824933469 0.0656522736 0.56140399
vn 0.135209352 0.879979432 -0.45536232
vn 0.0948356465 0.771748602 -0.628816724
vn 0.00983112399 0.847005606 -0.531493008
vn -0.87275213 0.447607666 0.194810167
vn -0.652881563 0.651175678 0.386931539
vn -0.718785346 0.650952399 0.244149148
vn -0.427028328 -0.0533736795 0.902661681
vn -0.523079216 0.458889037 0.718198359
vn -0.653367937 0.309501082 0.6908831
vn 0.64003998 0.16833888 0.749673843
vn 0.765480757 0.461731195 0.448155582
vn 0.879147768 0.162981987 0.447812617
vn -0.380890846 -0.600045085 0.703468621
vn -0.522655129 -0.590597987 0.614837945
vn -0.313748032 -0.83775264 0.446914762
vn 0.805173278 -0.50434947 -0.311973989
vn 0.359033734 -0.921126306 -0.150402978
vn 0.658613503 -0.704921961 -0.263274044
vn 0.304727823 -0.834498346 -0.459079027
vn 0.531031251 -0.398109317 -0.748007238
vn 0.64331454 -0.524750233 -0.55747968
vn 0.465040386 0.594275415 0.656181514
vn 0.478514761 0.659920156 0.579248488
vn 0.47319591 0.663307905 0.579748452
vn 0.281515777 0.883161426 0.375199586
vn 0.0698560029 0.98218888 0.174427941
vn 0.192883313 0.872416914 0.449093223
vn 0.183160096 0.311925828 0.932284594
vn 0.164671078 0.457196712 0.873987794
vn 0.121728167 0.271027148 0.95484376
vn 0.131161571 0.13692686 0.981859267
vn -0.00894855987 0.209011659 0.977872133
vn -0.0383117273 -0.164169401 0.985687912
vn -0.381644279 0.803394496 -0.457061023
vn -0.509100854 0.769019842 -0.386555105
vn -0.399105966 0.853598833 -0.334788591
vn 0.64368552 0.739767969 0.195990413
vn 0.608651757 0.790882111 0.0636283979
vn 0.508681417 0.811717868 0.286979496
vn -0.253953457 -0.326021701 0.910613775
vn -0.187176198 -0.500960112 0.844987571
vn -0.242687404 -0.295426339 0.924027145
vn -0.253953457 -0.326021701 0.910613775
vn -0.279248834 -0.303644985 0.910944462
vn -0.338222653 -0.411174923 0.846487164
vn 0.484417796 0.832969904 -0.267395616
vn 0.322260588 0.927604198 -0.18894057
vn 0.337139815 0.938757002 -0.0712189749
vn 0.640500247 0.299503833 -0.707146943
vn 0.479228467 0.525884688 -0.702698588
vn 0.474043727 0.45511362 -0.75376004
vn -0.242687404 -0.295426339 0.924027145
vn -0.187176198 -0.500960112 0.844987571
vn -0.115502596 -0.664461792 0.738342524
vn 0.703227222 0.0976694003 -0.704224527
vn 0.68129915 0.291455984 -0.671479523
vn 0.808854699 0.362371683 -0.463077605
vn 0.0146561516 0.671463609 -0.740892649
vn -0.027937768 0.696180165 -0.717323244
vn 0.0948356465 0.771748602 -0.628816724
vn -0.780737221 0.449961603 0.433571249
vn -0.818271995 0.447504789 0.360791296
vn -0.897205472 0.222095683 0.381701261
vn -0.170965344 0.858594775 -0.483307183
vn -0.284473032 0.794325948 -0.53676945
vn -0.319486082 0.833058715 -0.4515993
vn 0.220565438 -0.695909381 -0.683418572
vn 0.462784827 -0.488160402 -0.739952445
vn 0.261929452 -0.810470462 -0.523956656
vn 0.986518145 0.00733946171 0.163487196
vn 0.960423172 0.24672319 0.129286811
vn 0.998016655 0.0165298358 0.0607425608
vn -0.983140528 -0.00761026843 0.182693765
vn -0.912575543 -0.198130459 0.357701302
vn -0.918135703 -0.0947035551 0.384783089
vn -0.823386669 -0.378980905 0.422383606
vn -0.868145466 -0.3839311 0.314515918
vn -0.645303845 -0.648469746 0.403819054
vn -0.170965344 0.858594775 -0.483307183
vn -0.319486082 0.833058715 -0.4515993
vn -0.257743955 0.944588244 -0.203276247
vn -0.000502402545 0.913462818 -0.406921804
vn -0.132202432 0.973278642 -0.187753007
vn -0.00663045235 0.963576615 -0.267350227
vn 0.199802905 0.726566553 0.657403767
vn 0.386174351 0.652550638 0.651956379
vn 0.192883313 0.872416914 0.449093223
vn -0.380890846 -0.600045085 0.703468621
vn -0.531837583 -0.495955199 0.686423481
vn -0.522655129 -0.590597987 0.614837945
vn 0.261929452 -0.810470462 -0.523956656
vn 0.462784827 -0.488160402 -0.739952445
vn 0.478358567 -0.674068034 -0.562854826
vn 0.546759546 0.738616645 -0.394334167
vn 0.484155238 0.764100492 -0.426314622
vn 0.472425908 0.809210181 -0.349274367
vn -0.806857586 0.29228279 -0.513372838
vn -0.642693639 0.308345884 -0.701332808
vn -0.74788779 0.243879363 -0.617403209
vn -0.279248834 -0.303644985 0.910944462
vn -0.503088653 -0.0934686735 0.859165609
vn -0.54822588 -0.247518972 0.798863411
vn -0.259976625 -0.236856148 0.936114967
vn -0.247000083 -0.358047634 0.900440276
vn -0.279248834 -0.303644985 0.910944462
vn 0.561698139 0.648577213 0.513656378
vn 0.363533288 0.782928526 0.504843116
vn 0.431087822 0.712888777 0.55313009
vn 0.561698139 0.648577213 0.513656378
vn 0.665315568 0.63680476 0.389660031
vn 0.610664666 0.691556692 0.385795206
vn 0.460510999 -0.78515178 -0.414084911
vn 0.796789408 -0.335665792 -0.502449155
vn 0.831493258 -0.458288282 -0.313991487
vn 0.825762033 -0.503789246 -0.253601104
vn 0.831493258 -0.458288282 -0.313991487
vn 0.859085381 -0.249761522 -0.446756631
vn -0.257743955 0.944588244 -0.203276247
vn -0.400233865 0.910019994 -0.108057499
vn -0.247786641 0.968202114 0.0344455354
vn -0.140243486 0.450227946 -0.881831408
vn -0.153051212 0.571176231 -0.806432307
vn -0.0766586885 0.598464727 -0.797473073
vn -0.0388189144 0.60456568 -0.795608878
vn -0.140243486 0.450227946 -0.881831408
vn -0.0766586885 0.598464727 -0.797473073
vn -0.112426303 0.942331791 0.315231621
vn -0.0540155545 0.868232548 0.493208349
vn -0.048499424 0.943944037 0.326523185
vn 0.545121372 -0.625700116 -0.557980239
vn 0.613766134 -0.595391631 -0.518459141
vn 0.42703262 -0.822734952 -0.375166923
vn 0.376362413 0.68854779 0.61988169
vn 0.419227988 0.7012254 0.576654851
vn 0.425648957 0.617357433 0.661583543
vn -0.351752639 0.761312544 0.544677258
vn -0.144261673 0.767754853 0.624292374
vn -0.225981712 0.863804936 0.450303704
vn -0.413130611 0.531929016 -0.739171565
vn -0.260244966 0.555677652 -0.789616942
vn -0.338628471 0.401069254 -0.851160526
vn -0.366864771 -0.515926421 0.774099588
vn -0.380890846 -0.600045085 0.703468621
vn -0.305689961 -0.694112062 0.65173775
vn 0.422292918 0.612424552 -0.668285012
vn 0.253748655 0.673301518 -0.694461346
vn 0.346972525 0.714528739 -0.607502103
vn 0.39305988 -0.444459498 0.804959357
vn 0.26757437 -0.627554655 0.731149077
vn 0.513897836 -0.354509264 0.781173587
vn -0.821857989 0.540230393 -0.180833325
vn -0.765771985 0.589666486 -0.256684214
vn -0.843673825 0.457923979 -0.280214667
vn -0.155066743 0.889951289 0.428883433
vn -0.225981712 0.863804936 0.450303704
vn -0.144261673 0.767754853 0.624292374
vn -0.112426303 0.942331791 0.315231621
vn -0.174993038 0.905558884 0.386446118
vn -0.0540155545 0.868232548 0.493208349
vn -0.821099699 -0.479871511 0.309060961
vn -0.96362865 -0.225408778 0.143564492
vn -0.661247015 -0.679426432 0.318012983
vn -0.195561752 0.0824336931 -0.977220654
vn -0.0874476582 0.0172942653 -0.996019006
vn -0.198335528 -0.210051805 -0.957361579
vn 0.337139815 0.938757002 -0.0712189749
vn 0.216883302 0.96572119 -0.142633319
vn 0.194666594 0.980828643 -0.00895068608
vn 0.654197335 0.493080348 -0.573495984
vn 0.435464531 0.417931855 -0.797310174
vn 0.422292918 0.612424552 -0.668285012
vn -0.467818022 0.703926325 0.53444761
vn -0.427269846 0.697028458 0.575840235
vn -0.297249556 0.827672541 0.476026088
vn -0.297249556 0.827672541 0.476026088
vn -0.351752639 0.761312544 0.544677258
vn -0.225981712 0.863804936 0.450303704
vn -0.0165786054 0.0407300331 -0.999032617
vn 0.0480516069 0.0725466311 -0.99620688
vn 0.0203611869 -0.035744004 -0.999153495
vn -0.181425646 -0.573318899 -0.798993289
vn -0.130448207 -0.625790715 -0.769005299
vn -0.167058259 -0.342959225 -0.924375772
vn -0.337623566 -0.70263052 -0.626355171
vn -0.281870782 -0.894775927 -0.346301764
vn -0.514121294 -0.453492314 -0.728027463
vn 0.0766582638 0.702953339 0.707092762
vn 0.193848476 0.63754791 0.745624185
vn 0.248008117 0.685829341 0.684200346
vn -0.0229254868 0.418348491 0.907997191
vn 0.164671078 0.457196712 0.873987794
vn 0.0178817958 0.591040492 0.806443691
vn -0.02790213 0.992144465 -0.121946059
vn -0.0919645354 0.995633364 0.0160193853
vn -0.0632835552 0.997906029 -0.0133668836
vn 0.159398288 0.80184412 -0.575880289
vn -0.0785964578 0.745517254 -0.66183573
vn 0.140103206 0.751205206 -0.645028532
vn -0.12138474 0.755548179 -0.643748999
vn -0.24989669 0.73617208 -0.628969252
vn -0.215453774 0.772196293 -0.597739398
vn -0.00663045235 0.963576615 -0.267350227
vn -0.132202432 0.973278642 -0.187753007
vn -0.02790213 0.992144465 -0.121946059
vn 0.947857559 0.223356947 0.227327362
vn 0.896940112 0.347763717 0.273054451
vn 0.949175179 0.123423859 0.289539546
vn 0.799507797 0.434781849 0.414429724
vn 0.829308152 0.391113371 0.399096668
vn 0.949175179 0.123423859 0.289539546
vn -0.346212536 -0.137722597 -0.927992046
vn -0.289793074 -0.395539939 -0.871532023
vn -0.312190861 -0.504550338 -0.804963291
vn -0.87275213 0.447607666 0.194810167
vn -0.645136952 0.599043667 0.474283636
vn -0.652881563 0.651175678 0.386931539
vn -0.645136952 0.599043667 0.474283636
vn -0.651977241 0.679549575 0.336359888
vn -0.652881563 0.651175678 0.386931539
vn 0.472425908 0.809210181 -0.349274367
vn 0.383021504 0.825912952 -0.413717657
vn 0.376338482 0.877522409 -0.29719305
vn 0.472425908 0.809210181 -0.349274367
vn 0.484155238 0.764100492 -0.426314622
vn 0.383021504 0.825912952 -0.413717657
vn -0.877902508 -0.256268412 -0.404491991
vn -0.704933107 -0.465180337 -0.535421729
vn -0.592437029 -0.601243734 -0.53621304
vn -0.18451272 0.933363497 0.307875901
vn -0.320255518 0.903310478 0.285423309
vn -0.297249556 0.827672541 0.476026088
vn 0.56332761 0.812095582 -0.152192995
vn 0.337139815 0.938757002 -0.0712189749
vn 0.466077089 0.884519517 0.0199325643
vn 0.630723953 -0.359990448 -0.687454879
vn 0.640500247 0.299503833 -0.707146943
vn 0.582751691 -0.406711698 -0.703552425
vn 0.532302856 -0.437810123 -0.724552214
vn 0.630723953 -0.359990448 -0.687454879
vn 0.582751691 -0.406711698 -0.703552425
vn -0.0383117273 -0.164169401 0.985687912
vn -0.247000083 -0.358047634 0.900440276
vn -0.00845473725 -0.164567798 0.986329556
vn -0.178534225 0.981168807 0.0737113431
vn -0.135504648 0.986884236 0.0877380893
vn -0.174675718 0.977255285 0.120251909
vn 0.373885512 0.100836165 -0.921977043
vn 0.210300341 -0.335658312 -0.918208718
vn 0.0480516069 0.0725466311 -0.99620688
vn 0.29023844 0.466253698 -0.835684836
vn 0.479228467 0.525884688 -0.702698588
vn 0.373885512 0.100836165 -0.921977043
vn -0.0731926188 0.985981286 0.149946123
vn -0.0653173551 0.969051063 0.238062769
vn 0.00449053105 0.972584367 0.232507065
vn -0.198505536 0.968025565 0.153369516
vn -0.135127157 0.965542376 0.222415268
vn -0.0731926188 0.985981286 0.149946123
vn 0.949403107 -0.0560501218 0.309018135
vn 0.918994129 0.291156113 0.265853345
vn 0.973219514 0.0196080487 0.229039758
vn 0.949403107 -0.0560501218 0.309018135
vn 0.804695487 0.13666898 0.577742875
vn 0.879147768 0.162981987 0.447812617
vn -0.0632835552 0.997906029 -0.0133668836
vn 0.0402880758 0.999130905 -0.0106863808
vn 0.0597954579 0.993029118 -0.101576075
vn -0.0632835552 0.997906029 -0.0133668836
vn -0.0731926188 0.985981286 0.149946123
vn 0.00452224631 0.998443067 0.0555974431
vn -0.544334769 0.559415638 -0.625103056
vn -0.507202983 0.474452168 -0.71947217
vn -0.603896916 0.438162774 -0.665824175
vn 0.170975909 0.228205532 -0.958482862
vn 0.373885512 0.100836165 -0.921977043
vn 0.0480516069 0.0725466311 -0.99620688
vn 0.264003336 0.599496007 0.755583644
vn 0.164671078 0.457196712 0.873987794
vn 0.183160096 0.311925828 0.932284594
vn -0.645303845 -0.648469746 0.403819054
vn -0.868145466 -0.3839311 0.314515918
vn -0.658895135 -0.705703259 0.26046136
vn -0.207911745 -0.561777294 0.800736487
vn -0.13686052 -0.598227918 0.789552212
vn -0.151525065 -0.42961362 0.890209258
vn -0.367921621 -0.125903815 0.921293557
vn -0.523079216 0.458889037 0.718198359
vn -0.427028328 -0.0533736795 0.902661681
vn -0.0766586885 0.598464727 -0.797473073
vn -0.153051212 0.571176231 -0.806432307
vn -0.161224172 0.661170542 -0.7327075
vn -0.250913292 -0.807981491 0.53311193
vn -0.174346596 -0.949127734 0.262220711
vn -0.301815867 -0.599195063 0.741533816
vn 0.998016655 0.0165298358 0.0607425608
vn 0.960423172 0.24672319 0.129286811
vn 0.986894608 0.156130821 -0.040770147
vn 0.920108378 0.385328293 -0.0701608807
vn 0.986894608 0.156130821 -0.040770147
vn 0.960423172 0.24672319 0.129286811
vn -0.312190861 -0.504550338 -0.804963291
vn -0.204144076 -0.614710629 -0.761876702
vn -0.236537412 -0.725352168 -0.646462917
vn -0.987545907 0.140716195 -0.0703717023
vn -0.987347603 -0.0160562806 -0.157755837
vn -0.997793198 -0.0530900024 -0.0398774482
vn 0.256546795 -0.57819891 0.774512529
vn 0.205207646 -0.577738881 0.79000479
vn 0.0862427503 -0.902846873 0.421224117
vn 0.856630385 0.278725475 -0.434161872
vn 0.804582894 0.474475116 -0.357098997
vn 0.962108552 0.162646011 -0.218845606
vn 0.224026442 0.398456693 0.8894068
vn 0.183160096 0.311925828 0.932284594
vn 0.171209842 0.164949462 0.971328378
vn 0.0698560029 0.98218888 0.174427941
vn 0.281515777 0.883161426 0.375199586
vn 0.136355698 0.981158316 0.136877373
vn 0.136355698 0.981158316 0.136877373
vn 0.108689874 0.993385077 0.0370494165
vn 0.0698560029 0.98218888 0.174427941
vn -0.897205472 0.222095683 0.381701261
vn -0.923711717 0.00731231039 0.383018583
vn -0.794427097 0.0460457392 0.605611622
vn 0.755573213 0.632999301 -0.168585286
vn 0.804582894 0.474475116 -0.357098997
vn 0.696898639 0.662113428 -0.275568873
vn 0.962108552 0.162646011 -0.218845606
vn 0.804582894 0.474475116 -0.357098997
vn 0.898754239 0.406955868 -0.163180143
vn 0.164671078 0.457196712 0.873987794
vn -0.0229254868 0.418348491 0.907997191
vn 0.121728167 0.271027148 0.95484376
vn -0.0229254868 0.418348491 0.907997191
vn -0.128539383 0.314699888 0.940447628
vn -0.00894855987 0.209011659 0.977872133
vn -0.0249944571 0.7794016 -0.626025915
vn -0.027937768 0.696180165 -0.717323244
vn -0.132354215 0.771956623 -0.621743798
vn -0.0785964578 0.745517254 -0.66183573
vn -0.132354215 0.771956623 -0.621743798
vn -0.11403276 0.631856382 -0.766651213
vn -0.476051241 -0.504836798 0.720079899
vn -0.531837583 -0.495955199 0.686423481
vn -0.380890846 -0.600045085 0.703468621
vn -0.54822588 -0.247518972 0.798863411
vn -0.794427097 0.0460457392 0.605611622
vn -0.65980202 -0.402883619 0.634307623
vn -0.606369078 -0.457266539 -0.650556564
vn -0.689251602 -0.135151744 -0.711804986
vn -0.479330331 -0.367155522 -0.797144413
vn 0.985677004 0.150807232 0.0754847527
vn 0.794022679 -0.606543183 0.0404133424
vn 0.971596003 -0.158232659 -0.175964922
vn 0.177828088 0.567539215 -0.803913176
vn 0.253748655 0.673301518 -0.694461346
vn 0.281386614 0.48949635 -0.825357497
vn 0.703227222 0.0976694003 -0.704224527
vn 0.808854699 0.362371683 -0.463077605
vn 0.870959401 0.228336111 -0.435077488
vn -0.651977241 0.679549575 0.336359888
vn -0.467818022 0.703926325 0.53444761
vn -0.465283513 0.804424167 0.369341224
vn 0.116422191 0.614708126 -0.780115247
vn 0.0188939497 0.676708817 -0.736008227
vn 0.0794533417 0.64585036 -0.759318531
vn 0.838345647 0.28723067 -0.463330358
vn 0.808854699 0.362371683 -0.463077605
vn 0.79271698 0.374597311 -0.480912328
vn 0.870959401 0.228336111 -0.435077488
vn 0.808854699 0.362371683 -0.463077605
vn 0.838345647 0.28723067 -0.463330358
vn 0.420146406 0.0593857095 -0.905511141
vn 0.68129915 0.291455984 -0.671479523
vn 0.703227222 0.0976694003 -0.704224527
vn 0.435464531 0.417931855 -0.797310174
vn 0.68129915 0.291455984 -0.671479523
vn 0.413811713 0.209798381 -0.885858178
vn 0.199802905 0.726566553 0.657403767
vn 0.368431777 0.630378783 0.683286607
vn 0.386174351 0.652550638 0.651956379
vn 0.465040386 0.594275415 0.656181514
vn 0.450704277 0.571984828 0.685345829
vn 0.425648957 0.617357433 0.661583543
vn -0.111080304 0.201728866 -0.97312212
vn -0.207949996 0.242059544 -0.947715104
vn -0.11298167 0.348361075 -0.930526495
vn -0.55640471 0.64598304 -0.522608578
vn -0.509100854 0.769019842 -0.386555105
vn -0.447803229 0.75394237 -0.480669439
vn -0.658895135 -0.705703259 0.26046136
vn -0.849466562 -0.460160851 0.258183241
vn -0.863066435 -0.434822798 0.256993353
vn -0.912575543 -0.198130459 0.357701302
vn -0.950048506 -0.232555419 0.208148167
vn -0.823386669 -0.378980905 0.422383606
vn 0.422292918 0.612424552 -0.668285012
vn 0.509966969 0.64452374 -0.569669127
vn 0.654197335 0.493080348 -0.573495984
vn 0.0178817958 0.591040492 0.806443691
vn 0.193848476 0.63754791 0.745624185
vn 0.0766582638 0.702953339 0.707092762
vn 0.898754239 0.406955868 -0.163180143
vn 0.842472732 0.53872335 0.00409185188
vn 0.931557298 0.348934323 0.102204964
vn 0.0766582638 0.702953339 0.707092762
vn 0.199802905 0.726566553 0.657403767
vn 0.056124106 0.786877215 0.6145522
vn 0.199802905 0.726566553 0.657403767
vn 0.0644193962 0.861809373 0.503124952
vn 0.056124106 0.786877215 0.6145522
vn 0.216015905 -0.408906221 0.886641324
vn 0.155716613 -0.144557908 0.977166951
vn 0.0173236188 -0.455527991 0.890052795
vn 0.216015905 -0.408906221 0.886641324
vn 0.0173236188 -0.455527991 0.890052795
vn 0.105950803 -0.581284881 0.806772768
vn -0.399105966 0.853598833 -0.334788591
vn -0.400233865 0.910019994 -0.108057499
vn -0.257743955 0.944588244 -0.203276247
vn -0.319486082 0.833058715 -0.4515993
vn -0.381644279 0.803394496 -0.457061023
vn -0.399105966 0.853598833 -0.334788591
vn 0.413811713 0.209798381 -0.885858178
vn 0.474043727 0.45511362 -0.75376004
vn 0.435464531 0.417931855 -0.797310174
vn 0.435464531 0.417931855 -0.797310174
vn 0.248006642 0.31080246 -0.91754806
vn 0.281386614 0.48949635 -0.825357497
vn 0.765480757 0.461731195 0.448155582
vn 0.860532224 0.450200886 0.238334835
vn 0.879147768 0.162981987 0.447812617
vn 0.183160096 0.311925828 0.932284594
vn 0.131161571 0.13692686 0.981859267
vn 0.171209842 0.164949462 0.971328378
vn 0.183160096 0.311925828 0.932284594
vn 0.121728167 0.271027148 0.95484376
vn 0.131161571 0.13692686 0.981859267
vn -0.727442682 0.666762412 -0.16203405
vn -0.821857989 0.540230393 -0.180833325
vn -0.769917786 0.635666549 -0.0561660267
vn 0.5245502 -0.75628221 -0.391004056
vn 0.613766134 -0.595391631 -0.518459141
vn 0.506660938 -0.782237768 -0.362489611
vn 0.42703262 -0.822734952 -0.375166923
vn 0.613766134 -0.595391631 -0.518459141
vn 0.5245502 -0.75628221 -0.391004056
vn 0.270569563 0.838644385 -0.472723663
vn 0.332293093 0.765297055 -0.55127281
vn 0.228556886 0.774671912 -0.589614332
vn 0.386174351 0.652550638 0.651956379
vn 0.47319591 0.663307905 0.579748452
vn 0.281515777 0.883161426 0.375199586
vn 0.374283165 0.553627789 -0.743914187
vn 0.479228467 0.525884688 -0.702698588
vn 0.431509972 0.678705633 -0.594270825
vn -0.953306019 0.0518496148 -0.29752183
vn -0.890646577 0.189286321 -0.413423896
vn -0.847457528 -0.138171449 -0.512566626
vn 0.804695487 0.13666898 0.577742875
vn 0.473467797 0.410858274 0.779117286
vn 0.570067346 0.134486392 0.810516179
vn 0.570067346 0.134486392 0.810516179
vn 0.473467797 0.410858274 0.779117286
vn 0.253950804 0.216270417 0.942728043
vn 0.629911721 0.667626739 -0.396844745
vn 0.603491783 0.653470099 -0.456918418
vn 0.546759546 0.738616645 -0.394334167
vn 0.501723051 0.714519322 -0.487581909
vn 0.332293093 0.765297055 -0.55127281
vn 0.484155238 0.764100492 -0.426314622
vn -0.87275213 0.447607666 0.194810167
vn -0.818271995 0.447504789 0.360791296
vn -0.645136952 0.599043667 0.474283636
vn -0.818271995 0.447504789 0.360791296
vn -0.925550163 0.303740114 0.226050839
vn -0.897205472 0.222095683 0.381701261
vn 0.465040386 0.594275415 0.656181514
vn 0.425648957 0.617357433 0.661583543
vn 0.478514761 0.659920156 0.579248488
vn -0.0874476582 0.0172942653 -0.996019006
vn 0.008146354 -0.459060609 -0.888367593
vn -0.167058259 -0.342959225 -0.924375772
vn -0.153038755 -0.325472146 0.933084607
vn -0.151525065 -0.42961362 0.890209258
vn -0.0856430382 -0.488579333 0.8683061
vn -0.259976625 -0.236856148 0.936114967
vn -0.242687404 -0.295426339 0.924027145
vn -0.243769705 -0.267347008 0.932256341
vn -0.996691763 -0.022380732 0.0781322196
vn -0.997793198 -0.0530900024 -0.0398774482
vn -0.995753944 -0.0874185041 0.0288475696
vn -0.207949996 0.242059544 -0.947715104
vn -0.111080304 0.201728866 -0.97312212
vn -0.195561752 0.0824336931 -0.977220654
vn 0.765480757 0.461731195 0.448155582
vn 0.77907896 0.136992857 0.611775219
vn 0.90973413 0.270523578 0.314961702
vn -0.284473032 0.794325948 -0.53676945
vn -0.381644279 0.803394496 -0.457061023
vn -0.319486082 0.833058715 -0.4515993
vn -0.24989669 0.73617208 -0.628969252
vn -0.322809964 0.765610576 -0.556447923
vn -0.215453774 0.772196293 -0.597739398
vn -0.153038755 -0.325472146 0.933084607
vn -0.243769705 -0.267347008 0.932256341
vn -0.151525065 -0.42961362 0.890209258
vn -0.522983432 0.843758941 -0.120660841
vn -0.582507074 0.810895503 -0.0559804775
vn -0.466685385 0.883274138 0.0450717658
vn -0.997793198 -0.0530900024 -0.0398774482
vn -0.985193014 -0.155524254 -0.072158806
vn -0.665078878 -0.746657372 0.0131539647
vn -0.96362865 -0.225408778 0.143564492
vn -0.665078878 -0.746657372 0.0131539647
vn -0.645588338 -0.740888417 0.185202524
vn -0.269750088 0.662143886 0.699142575
vn -0.0188954379 0.647661746 0.761693656
vn -0.144261673 0.767754853 0.624292374
vn 0.697502792 0.710892797 -0.0901188105
vn 0.56332761 0.812095582 -0.152192995
vn 0.608651757 0.790882111 0.0636283979
vn -0.925550163 0.303740114 0.226050839
vn -0.818271995 0.447504789 0.360791296
vn -0.87275213 0.447607666 0.194810167
vn -0.434936464 0.425897449 0.793373585
vn -0.316268384 0.501707375 0.805148542
vn -0.523079216 0.458889037 0.718198359
vn -0.236537412 -0.725352168 -0.646462917
vn -0.204144076 -0.614710629 -0.761876702
vn -0.102828294 -0.857920289 -0.503387451
vn -0.236537412 -0.725352168 -0.646462917
vn -0.102828294 -0.857920289 -0.503387451
vn -0.144005001 -0.906081736 -0.397842079
vn 0.613766134 -0.595391631 -0.518459141
vn 0.61886555 -0.669474781 -0.410863638
vn 0.506660938 -0.782237768 -0.362489611
vn 0.64331454 -0.524750233 -0.55747968
vn 0.971596003 -0.158232659 -0.175964922
vn 0.622092307 -0.779240429 -0.0760629252
vn 0.160763443 0.668480456 -0.726146638
vn 0.0268669687 0.596506536 -0.802158415
vn 0.177828088 0.567539215 -0.803913176
vn -0.983140528 -0.00761026843 0.182693765
vn -0.986801326 0.110846817 0.118051283
vn -0.996691763 -0.022380732 0.0781322196
vn -0.986801326 0.110846817 0.118051283
vn -0.99359715 0.112805709 0.00629110448
vn -0.996691763 -0.022380732 0.0781322196
vn -0.313748032 -0.83775264 0.446914762
vn -0.522655129 -0.590597987 0.614837945
vn -0.645303845 -0.648469746 0.403819054
vn 0.569391668 0.251057804 -0.782791853
vn 0.413811713 0.209798381 -0.885858178
vn 0.420146406 0.0593857095 -0.905511141
vn 0.420146406 0.0593857095 -0.905511141
vn 0.413811713 0.209798381 -0.885858178
vn 0.68129915 0.291455984 -0.671479523
vn 0.0188939497 0.676708817 -0.736008227
vn 0.159398288 0.80184412 -0.575880289
vn 0.0251839068 0.683841705 -0.729195654
vn 0.561698139 0.648577213 0.513656378
vn 0.610664666 0.691556692 0.385795206
vn 0.478514761 0.659920156 0.579248488
vn -0.302300066 -0.193246469 0.933418632
vn -0.275131345 0.280929536 0.91944623
vn -0.367921621 -0.125903815 0.921293557
vn -0.160362989 -0.123036236 0.979359925
vn -0.128539383 0.314699888 0.940447628
vn -0.226976022 -0.130946308 0.965057015
vn 0.135209352 0.879979432 -0.45536232
vn 0.143061936 0.934647739 -0.325525373
vn 0.26198104 0.908956826 -0.324289113
vn -0.620852232 0.780356348 0.0747422948
vn -0.681575775 0.719964087 0.130790964
vn -0.60692966 0.747770429 0.269213557
vn 0.56332761 0.812095582 -0.152192995
vn 0.466077089 0.884519517 0.0199325643
vn 0.608651757 0.790882111 0.0636283979
vn -0.301815867 -0.599195063 0.741533816
vn -0.362758815 -0.596544564 0.715919316
vn -0.305689961 -0.694112062 0.65173775
vn -0.24989669 0.73617208 -0.628969252
vn -0.406903714 0.67148 -0.619309247
vn -0.322809964 0.765610576 -0.556447923
vn 0.008146354 -0.459060609 -0.888367593
vn 0.210300341 -0.335658312 -0.918208718
vn 0.220565438 -0.695909381 -0.683418572
vn -0.247786641 0.968202114 0.0344455354
vn -0.174675718 0.977255285 0.120251909
vn -0.135504648 0.986884236 0.0877380893
vn 0.697502792 0.710892797 -0.0901188105
vn 0.774246514 0.632754505 -0.012813122
vn 0.755573213 0.632999301 -0.168585286
vn 0.804695487 0.13666898 0.577742875
vn 0.824933469 0.0656522736 0.56140399
vn 0.879147768 0.162981987 0.447812617
vn 0.484417796 0.832969904 -0.267395616
vn 0.376338482 0.877522409 -0.29719305
vn 0.322260588 0.927604198 -0.18894057
vn 0.703227222 0.0976694003 -0.704224527
vn 0.870959401 0.228336111 -0.435077488
vn 0.796789408 -0.335665792 -0.502449155
vn -0.235845715 0.405195236 -0.883285701
vn -0.260244966 0.555677652 -0.789616942
vn -0.153051212 0.571176231 -0.806432307
vn -0.153051212 0.571176231 -0.806432307
vn -0.260244966 0.555677652 -0.789616942
vn -0.161224172 0.661170542 -0.7327075
vn 0.362287343 -0.503699005 0.784241915
vn 0.478199929 -0.458506972 0.749063492
vn 0.64003998 0.16833888 0.749673843
vn 0.168313578 0.982907832 0.0745840073
vn 0.108689874 0.993385077 0.0370494165
vn 0.158659399 0.9816401 0.105877243
vn 0.194666594 0.980828643 -0.00895068608
vn 0.0597954579 0.993029118 -0.101576075
vn 0.108689874 0.993385077 0.0370494165
vn 0.508681417 0.811717868 0.286979496
vn 0.325254887 0.94287324 0.0721067488
vn 0.424149066 0.827281117 0.368379682
vn 0.508681417 0.811717868 0.286979496
vn 0.59457773 0.705955803 0.384842485
vn 0.64368552 0.739767969 0.195990413
vn 0.484155238 0.764100492 -0.426314622
vn 0.332293093 0.765297055 -0.55127281
vn 0.383021504 0.825912952 -0.413717657
vn -0.591357648 -0.605434418 -0.532677531
vn -0.281870782 -0.894775927 -0.346301764
vn -0.592437029 -0.601243734 -0.53621304
vn -0.987545907 0.140716195 -0.0703717023
vn -0.951479554 0.266918004 -0.153106019
vn -0.973800242 0.113525271 -0.19704102
vn -0.973800242 0.113525271 -0.19704102
vn -0.987347603 -0.0160562806 -0.157755837
vn -0.987545907 0.140716195 -0.0703717023
vn 0.363533288 0.782928526 0.504843116
vn 0.280137002 0.685765624 0.671750546
vn 0.431087822 0.712888777 0.55313009
vn 0.121728167 0.271027148 0.95484376
vn -0.0229254868 0.418348491 0.907997191
vn -0.00894855987 0.209011659 0.977872133
vn 0.121728167 0.271027148 0.95484376
vn -0.00894855987 0.209011659 0.977872133
vn 0.131161571 0.13692686 0.981859267
vn -0.849466562 -0.460160851 0.258183241
vn -0.950048506 -0.232555419 0.208148167
vn -0.863066435 -0.434822798 0.256993353
vn -0.297249556 0.827672541 0.476026088
vn -0.225981712 0.863804936 0.450303704
vn -0.174993038 0.905558884 0.386446118
vn -0.225981712 0.863804936 0.450303704
vn -0.155066743 0.889951289 0.428883433
vn -0.174993038 0.905558884 0.386446118
vn -0.847457528 -0.138171449 -0.512566626
vn -0.689251602 -0.135151744 -0.711804986
vn -0.606369078 -0.457266539 -0.650556564
vn 0.474043727 0.45511362 -0.75376004
vn 0.479228467 0.525884688 -0.702698588
vn 0.374283165 0.553627789 -0.743914187
vn 0.474043727 0.45511362 -0.75376004
vn 0.374283165 0.553627789 -0.743914187
vn 0.248006642 0.31080246 -0.91754806
vn 0.561698139 0.648577213 0.513656378
vn 0.602075696 0.596627951 0.530603528
vn 0.829308152 0.391113371 0.399096668
vn -0.413130611 0.531929016 -0.739171565
vn -0.544334769 0.559415638 -0.625103056
vn -0.406903714 0.67148 -0.619309247
vn -0.135127157 0.965542376 0.222415268
vn -0.154395431 0.943157673 0.294305235
vn -0.112426303 0.942331791 0.315231621
vn -0.154395431 0.943157673 0.294305235
vn -0.174993038 0.905558884 0.386446118
vn -0.112426303 0.942331791 0.315231621
vn 0.478358567 -0.674068034 -0.562854826
vn 0.573019922 -0.59800458 -0.560391545
vn 0.545121372 -0.625700116 -0.557980239
vn 0.261929452 -0.810470462 -0.523956656
vn 0.478358567 -0.674068034 -0.562854826
vn 0.380335063 -0.803454101 -0.458046675
vn -0.362758815 -0.596544564 0.715919316
vn -0.366864771 -0.515926421 0.774099588
vn -0.305689961 -0.694112062 0.65173775
vn -0.322809964 0.765610576 -0.556447923
vn -0.406903714 0.67148 -0.619309247
vn -0.447803229 0.75394237 -0.480669439
vn -0.284473032 0.794325948 -0.53676945
vn -0.322809964 0.765610576 -0.556447923
vn -0.381644279 0.803394496 -0.457061023
vn 0.478358567 -0.674068034 -0.562854826
vn 0.545121372 -0.625700116 -0.557980239
vn 0.380335063 -0.803454101 -0.458046675
vn -0.416667879 0.035514079 -0.908364832
vn -0.365822375 0.144535586 -0.919393003
vn -0.346212536 -0.137722597 -0.927992046
vn -0.653367937 0.309501082 0.6908831
vn -0.775061846 0.366096914 0.515026212
vn -0.730609119 0.139690906 0.668353856
vn 0.95697695 -0.00787448045 -0.290057003
vn 0.856630385 0.278725475 -0.434161872
vn 0.962108552 0.162646011 -0.218845606
vn 0.0184071269 0.968836427 -0.247016579
vn -0.00663045235 0.963576615 -0.267350227
vn -0.02790213 0.992144465 -0.121946059
vn -0.0484883972 0.445378929 -0.894028246
vn 0.175743356 0.498868942 -0.848671913
vn -0.11298167 0.348361075 -0.930526495
vn 0.193848476 0.63754791 0.745624185
vn 0.264003336 0.599496007 0.755583644
vn 0.376362413 0.68854779 0.61988169
vn 0.281386614 0.48949635 -0.825357497
vn 0.148830995 0.451929539 -0.879550397
vn 0.177828088 0.567539215 -0.803913176
vn -0.260244966 0.555677652 -0.789616942
vn -0.235845715 0.405195236 -0.883285701
vn -0.338628471 0.401069254 -0.851160526
vn -0.167058259 -0.342959225 -0.924375772
vn -0.130448207 -0.625790715 -0.769005299
vn -0.0848590136 -0.823405445 -0.561072469
vn -0.281870782 -0.894775927 -0.346301764
vn -0.606369078 -0.457266539 -0.650556564
vn -0.514121294 -0.453492314 -0.728027463
vn -0.399105966 0.853598833 -0.334788591
vn -0.520032942 0.808252096 -0.276214004
vn -0.400233865 0.910019994 -0.108057499
vn -0.783021033 0.607341528 0.134217471
vn -0.718785346 0.650952399 0.244149148
vn -0.681575775 0.719964087 0.130790964
vn -0.783021033 0.607341528 0.134217471
vn -0.87275213 0.447607666 0.194810167
vn -0.718785346 0.650952399 0.244149148
vn 0.64331454 -0.524750233 -0.55747968
vn 0.870634973 0.255192727 -0.420560867
vn 0.971596003 -0.158232659 -0.175964922
vn 0.971596003 -0.158232659 -0.175964922
vn 0.870634973 0.255192727 -0.420560867
vn 0.920108378 0.385328293 -0.0701608807
vn -0.489192516 0.156001955 -0.858110785
vn -0.416667879 0.035514079 -0.908364832
vn -0.539958656 -0.0186805353 -0.841484249
vn -0.66129756 0.104333006 -0.742832363
vn -0.642693639 0.308345884 -0.701332808
vn -0.489192516 0.156001955 -0.858110785
vn -0.316268384 0.501707375 0.805148542
vn -0.107098274 0.484872639 0.868002534
vn -0.269750088 0.662143886 0.699142575
vn -0.279248834 -0.303644985 0.910944462
vn -0.30090481 -0.475675046 0.826552868
vn -0.353798091 -0.415237457 0.838095963
vn -0.356120199 -0.518798292 0.777191579
vn -0.366864771 -0.515926421 0.774099588
vn -0.362758815 -0.596544564 0.715919316
vn 0.77907896 0.136992857 0.611775219
vn 0.815515399 0.0336744785 0.577754855
vn 0.90973413 0.270523578 0.314961702
vn -0.794427097 0.0460457392 0.605611622
vn -0.918135703 -0.0947035551 0.384783089
vn -0.808350861 -0.260311574 0.528021574
vn 0.79271698 0.374597311 -0.480912328
vn 0.715431333 0.510494351 -0.477025747
vn 0.756162047 0.504975796 -0.416195124
vn 0.431087822 0.712888777 0.55313009
vn 0.280137002 0.685765624 0.671750546
vn 0.378582954 0.550798535 0.743838608
vn -0.509100854 0.769019842 -0.386555105
vn -0.630950093 0.661114633 -0.405991703
vn -0.598161101 0.747389555 -0.28915751
vn -0.55640471 0.64598304 -0.522608578
vn -0.630950093 0.661114633 -0.405991703
vn -0.509100854 0.769019842 -0.386555105
vn 0.505069673 -0.541517258 -0.672059238
vn 0.735064566 -0.394578338 -0.55135113
vn 0.460510999 -0.78515178 -0.414084911
vn 0.569613755 -0.635454893 -0.521284163
vn 0.582751691 -0.406711698 -0.703552425
vn 0.460510999 -0.78515178 -0.414084911
vn 0.193848476 0.63754791 0.745624185
vn 0.164671078 0.457196712 0.873987794
vn 0.264003336 0.599496007 0.755583644
vn 0.164671078 0.457196712 0.873987794
vn 0.193848476 0.63754791 0.745624185
vn 0.0178817958 0.591040492 0.806443691
vn -0.800504863 0.116259888 -0.587941647
vn -0.74788779 0.243879363 -0.617403209
vn -0.66129756 0.104333006 -0.742832363
vn -0.253953457 -0.326021701 0.910613775
vn -0.338222653 -0.411174923 0.846487164
vn -0.301815867 -0.599195063 0.741533816
vn 0.735064566 -0.394578338 -0.55135113
vn 0.703227222 0.0976694003 -0.704224527
vn 0.796789408 -0.335665792 -0.502449155
vn 0.216015905 -0.408906221 0.886641324
vn 0.205207646 -0.577738881 0.79000479
vn 0.39305988 -0.444459498 0.804959357
vn -0.520032942 0.808252096 -0.276214004
vn -0.598161101 0.747389555 -0.28915751
vn -0.632178962 0.754181385 -0.177651376
vn 0.770452678 -0.267217159 0.578790009
vn 0.570067346 0.134486392 0.810516179
vn 0.590891063 -0.193169504 0.78328377
vn 0.804695487 0.13666898 0.577742875
vn 0.770452678 -0.267217159 0.578790009
vn 0.824933469 0.0656522736 0.56140399
vn 0.933280408 -0.0280527659 -0.35805127
vn 0.918072462 -0.0031259479 -0.396400273
vn 0.805173278 -0.50434947 -0.311973989
vn -0.485741138 0.314341515 -0.815625489
vn -0.507202983 0.474452168 -0.71947217
vn -0.414769799 0.36154446 -0.835015953
vn -0.0731926188 0.985981286 0.149946123
vn -0.135127157 0.965542376 0.222415268
vn -0.0653173551 0.969051063 0.238062769
vn -0.0653173551 0.969051063 0.238062769
vn -0.135127157 0.965542376 0.222415268
vn -0.112426303 0.942331791 0.315231621
vn 0.569391668 0.251057804 -0.782791853
vn 0.640500247 0.299503833 -0.707146943
vn 0.474043727 0.45511362 -0.75376004
vn -0.0143242925 0.984229743 -0.176314041
vn -0.02790213 0.992144465 -0.121946059
vn 0.0882324353 0.968953788 -0.230962649
vn -0.465283513 0.804424167 0.369341224
vn -0.467818022 0.703926325 0.53444761
vn -0.320255518 0.903310478 0.285423309
vn -0.39644146 0.871554196 0.288491786
vn -0.466685385 0.883274138 0.0450717658
vn -0.509268284 0.850613594 0.130776092
vn 0.799410701 0.5797894 0.157438084
vn 0.917999566 0.348945379 0.188451186
vn 0.931557298 0.348934323 0.102204964
vn 0.658613503 -0.704921961 -0.263274044
vn 0.506660938 -0.782237768 -0.362489611
vn 0.61886555 -0.669474781 -0.410863638
vn 0.658613503 -0.704921961 -0.263274044
vn 0.61886555 -0.669474781 -0.410863638
vn 0.831493258 -0.458288282 -0.313991487
vn -0.0919645354 0.995633364 0.0160193853
vn -0.132202432 0.973278642 -0.187753007
vn -0.135504648 0.986884236 0.0877380893
vn -0.247786641 0.968202114 0.0344455354
vn -0.135504648 0.986884236 0.0877380893
vn -0.132202432 0.973278642 -0.187753007
vn -0.187176198 -0.500960112 0.844987571
vn -0.253953457 -0.326021701 0.910613775
vn -0.301815867 -0.599195063 0.741533816
vn -0.400233865 0.910019994 -0.108057499
vn -0.466685385 0.883274138 0.0450717658
vn -0.329182088 0.942283213 0.0611685514
vn -0.247786641 0.968202114 0.0344455354
vn -0.329182088 0.942283213 0.0611685514
vn -0.2535671 0.963449657 0.0864200518
vn -0.923711717 0.00731231039 0.383018583
vn -0.897205472 0.222095683 0.381701261
vn -0.983140528 -0.00761026843 0.182693765
vn 0.270569563 0.838644385 -0.472723663
vn 0.135209352 0.879979432 -0.45536232
vn 0.26198104 0.908956826 -0.324289113
vn 0.825762033 -0.503789246 -0.253601104
vn 0.933280408 -0.0280527659 -0.35805127
vn 0.805173278 -0.50434947 -0.311973989
vn -0.0484883972 0.445378929 -0.894028246
vn -0.11298167 0.348361075 -0.930526495
vn -0.140243486 0.450227946 -0.881831408
vn -0.307054967 0.637815595 -0.706334591
vn -0.413130611 0.531929016 -0.739171565
vn -0.406903714 0.67148 -0.619309247
vn -0.24989669 0.73617208 -0.628969252
vn -0.307054967 0.637815595 -0.706334591
vn -0.406903714 0.67148 -0.619309247
vn 0.159398288 0.80184412 -0.575880289
vn -0.12138474 0.755548179 -0.643748999
vn -0.0785964578 0.745517254 -0.66183573
vn -0.161224172 0.661170542 -0.7327075
vn -0.12138474 0.755548179 -0.643748999
vn 0.159398288 0.80184412 -0.575880289
vn 0.0387512147 0.990935743 0.128626645
vn -0.0731926188 0.985981286 0.149946123
vn 0.00449053105 0.972584367 0.232507065
vn -0.54822588 -0.247518972 0.798863411
vn -0.65980202 -0.402883619 0.634307623
vn -0.531837583 -0.495955199 0.686423481
vn -0.0785964578 0.745517254 -0.66183573
vn -0.215453774 0.772196293 -0.597739398
vn -0.132354215 0.771956623 -0.621743798
vn -0.12138474 0.755548179 -0.643748999
vn -0.215453774 0.772196293 -0.597739398
vn -0.0785964578 0.745517254 -0.66183573
vn 0.0387512147 0.990935743 0.128626645
vn 0.00449053105 0.972584367 0.232507065
vn 0.0698560029 0.98218888 0.174427941
vn 0.209661275 0.969142377 0.129634529
vn 0.303741723 0.935691714 0.17950502
vn 0.229804248 0.970372498 0.0746130422
vn -0.346212536 -0.137722597 -0.927992046
vn -0.282827079 0.102125458 -0.953718603
vn -0.260271966 -0.181718409 -0.94828099
vn -0.365822375 0.144535586 -0.919393003
vn -0.282827079 0.102125458 -0.953718603
vn -0.346212536 -0.137722597 -0.927992046
vn -0.351752639 0.761312544 0.544677258
vn -0.297249556 0.827672541 0.476026088
vn -0.427269846 0.697028458 0.575840235
vn -0.316268384 0.501707375 0.805148542
vn -0.427269846 0.697028458 0.575840235
vn -0.467818022 0.703926325 0.53444761
vn -0.727442682 0.666762412 -0.16203405
vn -0.769917786 0.635666549 -0.0561660267
vn -0.679098308 0.73289448 -0.0411226377
vn 0.337139815 0.938757002 -0.0712189749
vn 0.325254887 0.94287324 0.0721067488
vn 0.466077089 0.884519517 0.0199325643
vn 0.561698139 0.648577213 0.513656378
vn 0.829308152 0.391113371 0.399096668
vn 0.799507797 0.434781849 0.414429724
vn 0.561698139 0.648577213 0.513656378
vn 0.799507797 0.434781849 0.414429724
vn 0.665315568 0.63680476 0.389660031
vn 0.431509972 0.678705633 -0.594270825
vn 0.29023844 0.466253698 -0.835684836
vn 0.298313051 0.673165441 -0.676651716
vn 0.479228467 0.525884688 -0.702698588
vn 0.29023844 0.466253698 -0.835684836
vn 0.431509972 0.678705633 -0.594270825
vn 0.135209352 0.879979432 -0.45536232
vn -0.000502402545 0.913462818 -0.406921804
vn 0.143061936 0.934647739 -0.325525373
vn 0.0882324353 0.968953788 -0.230962649
vn 0.143061936 0.934647739 -0.325525373
vn -0.000502402545 0.913462818 -0.406921804
vn 0.860532224 0.450200886 0.238334835
vn 0.90973413 0.270523578 0.314961702
vn 0.913635612 0.384518594 0.131967887
vn -0.887210548 0.460872412 -0.0213082116
vn -0.821857989 0.540230393 -0.180833325
vn -0.888704062 0.41696161 -0.190651938
vn 0.843737364 0.268155038 0.464973181
vn 0.949403107 -0.0560501218 0.309018135
vn 0.949175179 0.123423859 0.289539546
vn 0.386174351 0.652550638 0.651956379
vn 0.465040386 0.594275415 0.656181514
vn 0.47319591 0.663307905 0.579748452
vn 0.450704277 0.571984828 0.685345829
vn 0.465040386 0.594275415 0.656181514
vn 0.386174351 0.652550638 0.651956379
vn -0.888704062 0.41696161 -0.190651938
vn -0.927008212 0.261023432 -0.269300103
vn -0.951479554 0.266918004 -0.153106019
vn -0.927008212 0.261023432 -0.269300103
vn -0.843673825 0.457923979 -0.280214667
vn -0.856508374 0.366784632 -0.363128692
vn 0.0146561516 0.671463609 -0.740892649
vn 0.160161361 0.691058278 -0.704831004
vn 0.0187294446 0.63332057 -0.773662746
vn 0.220565438 -0.695909381 -0.683418572
vn 0.362178594 -0.309910625 -0.879080236
vn 0.462784827 -0.488160402 -0.739952445
vn 0.804582894 0.474475116 -0.357098997
vn 0.732178986 0.585554779 -0.347907364
vn 0.696898639 0.662113428 -0.275568873
vn 0.383021504 0.825912952 -0.413717657
vn 0.332293093 0.765297055 -0.55127281
vn 0.270569563 0.838644385 -0.472723663
vn 0.715431333 0.510494351 -0.477025747
vn 0.629911721 0.667626739 -0.396844745
vn 0.756162047 0.504975796 -0.416195124
vn -0.918135703 -0.0947035551 0.384783089
vn -0.912575543 -0.198130459 0.357701302
vn -0.808350861 -0.260311574 0.528021574
vn -0.00845473725 -0.164567798 0.986329556
vn -0.247000083 -0.358047634 0.900440276
vn -0.259976625 -0.236856148 0.936114967
vn -0.00845473725 -0.164567798 0.986329556
vn -0.259976625 -0.236856148 0.936114967
vn -0.153038755 -0.325472146 0.933084607
vn 0.386174351 0.652550638 0.651956379
vn 0.368431777 0.630378783 0.683286607
vn 0.450704277 0.571984828 0.685345829
vn 0.368431777 0.630378783 0.683286607
vn 0.376362413 0.68854779 0.61988169
vn 0.450704277 0.571984828 0.685345829
vn 0.808854699 0.362371683 -0.463077605
vn 0.654197335 0.493080348 -0.573495984
vn 0.79271698 0.374597311 -0.480912328
vn -0.0419533625 -0.926014066 0.375150412
vn 0.0292563178 -0.699863434 0.713677227
vn -0.0502736792 -0.595878363 0.801499546
vn -0.195561752 0.0824336931 -0.977220654
vn -0.111080304 0.201728866 -0.97312212
vn -0.0874476582 0.0172942653 -0.996019006
vn 0.967360854 0.1284834 0.218415037
vn 0.955768824 0.0559411608 0.288749993
vn 0.707495511 -0.69266665 0.140224338
vn -0.0288307462 -0.348070264 0.937024951
vn -0.0856430382 -0.488579333 0.8683061
vn 0.0173236188 -0.455527991 0.890052795
vn 0.0173236188 -0.455527991 0.890052795
vn -0.0856430382 -0.488579333 0.8683061
vn -0.0502736792 -0.595878363 0.801499546
vn -0.167058259 -0.342959225 -0.924375772
vn 0.008146354 -0.459060609 -0.888367593
vn -0.181425646 -0.573318899 -0.798993289
vn -0.67432344 0.52745384 0.516798139
vn -0.523079216 0.458889037 0.718198359
vn -0.645136952 0.599043667 0.474283636
vn 0.933280408 -0.0280527659 -0.35805127
vn 0.95697695 -0.00787448045 -0.290057003
vn 0.918072462 -0.0031259479 -0.396400273
vn -0.170965344 0.858594775 -0.483307183
vn -0.132202432 0.973278642 -0.187753007
vn -0.000502402545 0.913462818 -0.406921804
vn 0.799410701 0.5797894 0.157438084
vn 0.77332592 0.547854125 0.319097102
vn 0.917999566 0.348945379 0.188451186
vn -0.912575543 -0.198130459 0.357701302
vn -0.823386669 -0.378980905 0.422383606
vn -0.808350861 -0.260311574 0.528021574
vn -0.425193518 -0.205602095 -0.881440938
vn -0.346212536 -0.137722597 -0.927992046
vn -0.343887985 -0.483171105 -0.805162609
vn -0.236537412 -0.725352168 -0.646462917
vn -0.374869555 -0.530789018 -0.760089338
vn -0.343887985 -0.483171105 -0.805162609
vn 0.962108552 0.162646011 -0.218845606
vn 0.998016655 0.0165298358 0.0607425608
vn 0.996278048 -0.0733282194 -0.0453109965
vn 0.0597954579 0.993029118 -0.101576075
vn 0.216883302 0.96572119 -0.142633319
vn 0.0882324353 0.968953788 -0.230962649
vn 0.155716613 -0.144557908 0.977166951
vn 0.216015905 -0.408906221 0.886641324
vn 0.335370064 -0.135789186 0.93224889
vn -0.406903714 0.67148 -0.619309247
vn -0.55640471 0.64598304 -0.522608578
vn -0.447803229 0.75394237 -0.480669439
vn 0.253950804 0.216270417 0.942728043
vn 0.155716613 -0.144557908 0.977166951
vn 0.335370064 -0.135789186 0.93224889
vn 0.431087822 0.712888777 0.55313009
vn 0.378582954 0.550798535 0.743838608
vn 0.473467797 0.410858274 0.779117286
vn 0.460510999 -0.78515178 -0.414084911
vn 0.582751691 -0.406711698 -0.703552425
vn 0.505069673 -0.541517258 -0.672059238
vn -0.630950093 0.661114633 -0.405991703
vn -0.55640471 0.64598304 -0.522608578
vn -0.66995883 0.536199689 -0.513463855
vn -0.979862928 -0.104840592 -0.16993238
vn -0.877902508 -0.256268412 -0.404491991
vn -0.64983356 -0.753928483 -0.0964785814
vn 0.0766582638 0.702953339 0.707092762
vn -0.0188954379 0.647661746 0.761693656
vn 0.0178817958 0.591040492 0.806443691
vn 0.0178817958 0.591040492 0.806443691
vn -0.0188954379 0.647661746 0.761693656
vn -0.107098274 0.484872639 0.868002534
vn -0.485741138 0.314341515 -0.815625489
vn -0.603896916 0.438162774 -0.665824175
vn -0.507202983 0.474452168 -0.71947217
vn -0.130448207 -0.625790715 -0.769005299
vn -0.181425646 -0.573318899 -0.798993289
vn 0.008146354 -0.459060609 -0.888367593
vn 0.778085887 0.506765544 0.371175438
vn 0.665315568 0.63680476 0.389660031
vn 0.799507797 0.434781849 0.414429724
vn 0.59457773 0.705955803 0.384842485
vn 0.665315568 0.63680476 0.389660031
vn 0.64368552 0.739767969 0.195990413
vn -0.856508374 0.366784632 -0.363128692
vn -0.806857586 0.29228279 -0.513372838
vn -0.890646577 0.189286321 -0.413423896
vn 0.431087822 0.712888777 0.55313009
vn 0.602075696 0.596627951 0.530603528
vn 0.561698139 0.648577213 0.513656378
vn -0.950048506 -0.232555419 0.208148167
vn -0.912575543 -0.198130459 0.357701302
vn -0.983140528 -0.00761026843 0.182693765
vn -0.983140528 -0.00761026843 0.182693765
vn -0.996691763 -0.022380732 0.0781322196
vn -0.950048506 -0.232555419 0.208148167
vn 0.778085887 0.506765544 0.371175438
vn 0.799507797 0.434781849 0.414429724
vn 0.896940112 0.347763717 0.273054451
vn 0.896940112 0.347763717 0.273054451
vn 0.799507797 0.434781849 0.414429724
vn 0.949175179 0.123423859 0.289539546
vn 0.363533288 0.782928526 0.504843116
vn 0.376362413 0.68854779 0.61988169
vn 0.264003336 0.599496007 0.755583644
vn 0.280137002 0.685765624 0.671750546
vn 0.363533288 0.782928526 0.504843116
vn 0.264003336 0.599496007 0.755583644
vn -0.645303845 -0.648469746 0.403819054
vn -0.522655129 -0.590597987 0.614837945
vn -0.65980202 -0.402883619 0.634307623
vn -0.204144076 -0.614710629 -0.761876702
vn -0.167236909 -0.86855197 -0.466529071
vn -0.102828294 -0.857920289 -0.503387451
vn 0.0794533417 0.64585036 -0.759318531
vn 0.298313051 0.673165441 -0.676651716
vn 0.116422191 0.614708126 -0.780115247
vn 0.898754239 0.406955868 -0.163180143
vn 0.774246514 0.632754505 -0.012813122
vn 0.842472732 0.53872335 0.00409185188
vn -0.632178962 0.754181385 -0.177651376
vn -0.727442682 0.666762412 -0.16203405
vn -0.679098308 0.73289448 -0.0411226377
vn -0.598161101 0.747389555 -0.28915751
vn -0.688195944 0.675991893 -0.263479412
vn -0.632178962 0.754181385 -0.177651376
vn -0.0484883972 0.445378929 -0.894028246
vn -0.140243486 0.450227946 -0.881831408
vn -0.0388189144 0.60456568 -0.795608878
vn 0.983997881 0.175025508 0.0333798453
vn 0.998016655 0.0165298358 0.0607425608
vn 0.962108552 0.162646011 -0.218845606
vn -0.847457528 -0.138171449 -0.512566626
vn -0.800504863 0.116259888 -0.587941647
vn -0.689251602 -0.135151744 -0.711804986
vn 0.831493258 -0.458288282 -0.313991487
vn 0.796789408 -0.335665792 -0.502449155
vn 0.859085381 -0.249761522 -0.446756631
vn 0.870959401 0.228336111 -0.435077488
vn 0.859085381 -0.249761522 -0.446756631
vn 0.796789408 -0.335665792 -0.502449155
vn -0.178534225 0.981168807 0.0737113431
vn -0.174675718 0.977255285 0.120251909
vn -0.198505536 0.968025565 0.153369516
vn 0.368744612 -0.844081223 -0.389299929
vn 0.536473036 -0.765487373 -0.355282605
vn 0.304727823 -0.834498346 -0.459079027
vn 0.304727823 -0.834498346 -0.459079027
vn 0.536473036 -0.765487373 -0.355282605
vn 0.696940958 -0.498991221 -0.515054405
vn 0.545121372 -0.625700116 -0.557980239
vn 0.569613755 -0.635454893 -0.521284163
vn 0.613766134 -0.595391631 -0.518459141
vn 0.613766134 -0.595391631 -0.518459141
vn 0.569613755 -0.635454893 -0.521284163
vn 0.61886555 -0.669474781 -0.410863638
vn -0.144261673 0.767754853 0.624292374
vn -0.0540155545 0.868232548 0.493208349
vn -0.155066743 0.889951289 0.428883433
vn 0.462784827 -0.488160402 -0.739952445
vn 0.532302856 -0.437810123 -0.724552214
vn 0.573019922 -0.59800458 -0.560391545
vn -0.997793198 -0.0530900024 -0.0398774482
vn -0.979862928 -0.104840592 -0.16993238
vn -0.985193014 -0.155524254 -0.072158806
vn -0.997793198 -0.0530900024 -0.0398774482
vn -0.987347603 -0.0160562806 -0.157755837
vn -0.979862928 -0.104840592 -0.16993238
vn 0.193848476 0.63754791 0.745624185
vn 0.376362413 0.68854779 0.61988169
vn 0.368431777 0.630378783 0.683286607
vn -0.0540155545 0.868232548 0.493208349
vn -0.174993038 0.905558884 0.386446118
vn -0.155066743 0.889951289 0.428883433
vn 0.378582954 0.550798535 0.743838608
vn 0.224026442 0.398456693 0.8894068
vn 0.253950804 0.216270417 0.942728043
vn -0.775061846 0.366096914 0.515026212
vn -0.67432344 0.52745384 0.516798139
vn -0.780737221 0.449961603 0.433571249
vn 0.224026442 0.398456693 0.8894068
vn 0.171209842 0.164949462 0.971328378
vn 0.253950804 0.216270417 0.942728043
vn 0.171209842 0.164949462 0.971328378
vn -0.0383117273 -0.164169401 0.985687912
vn 0.253950804 0.216270417 0.942728043
vn -0.289793074 -0.395539939 -0.871532023
vn -0.260271966 -0.181718409 -0.94828099
vn -0.204144076 -0.614710629 -0.761876702
vn -0.925550163 0.303740114 0.226050839
vn -0.87275213 0.447607666 0.194810167
vn -0.968416572 0.244630605 0.0482206717
vn -0.968416572 0.244630605 0.0482206717
vn -0.87275213 0.447607666 0.194810167
vn -0.887210548 0.460872412 -0.0213082116
vn -0.247000083 -0.358047634 0.900440276
vn -0.427028328 -0.0533736795 0.902661681
vn -0.503088653 -0.0934686735 0.859165609
vn -0.503088653 -0.0934686735 0.859165609
vn -0.279248834 -0.303644985 0.910944462
vn -0.247000083 -0.358047634 0.900440276
vn -0.96362865 -0.225408778 0.143564492
vn -0.995753944 -0.0874185041 0.0288475696
vn -0.665078878 -0.746657372 0.0131539647
vn 0.386174351 0.652550638 0.651956379
vn 0.281515777 0.883161426 0.375199586
vn 0.192883313 0.872416914 0.449093223
vn -0.582507074 0.810895503 -0.0559804775
vn -0.679098308 0.73289448 -0.0411226377
vn -0.620852232 0.780356348 0.0747422948
vn -0.66129756 0.104333006 -0.742832363
vn -0.539958656 -0.0186805353 -0.841484249
vn -0.689251602 -0.135151744 -0.711804986
vn -0.275131345 0.280929536 0.91944623
vn -0.316268384 0.501707375 0.805148542
vn -0.434936464 0.425897449 0.793373585
vn -0.367921621 -0.125903815 0.921293557
vn -0.275131345 0.280929536 0.91944623
vn -0.434936464 0.425897449 0.793373585
vn 0.0766582638 0.702953339 0.707092762
vn 0.248008117 0.685829341 0.684200346
vn 0.199802905 0.726566553 0.657403767
vn 0.973219514 0.0196080487 0.229039758
vn 0.960423172 0.24672319 0.129286811
vn 0.986518145 0.00733946171 0.163487196
vn 0.981357098 0.132349849 0.139360905
vn 0.973219514 0.0196080487 0.229039758
vn 0.986518145 0.00733946171 0.163487196
vn -0.887210548 0.460872412 -0.0213082116
vn -0.783021033 0.607341528 0.134217471
vn -0.769917786 0.635666549 -0.0561660267
vn -0.783021033 0.607341528 0.134217471
vn -0.887210548 0.460872412 -0.0213082116
vn -0.87275213 0.447607666 0.194810167
vn -0.479330331 -0.367155522 -0.797144413
vn -0.425193518 -0.205602095 -0.881440938
vn -0.374869555 -0.530789018 -0.760089338
vn -0.374869555 -0.530789018 -0.760089338
vn -0.425193518 -0.205602095 -0.881440938
vn -0.343887985 -0.483171105 -0.805162609
vn -0.144261673 0.767754853 0.624292374
vn 0.00891895313 0.745082676 0.666912496
vn -0.0540155545 0.868232548 0.493208349
vn 0.90973413 0.270523578 0.314961702
vn 0.815515399 0.0336744785 0.577754855
vn 0.955768824 0.0559411608 0.288749993
vn -0.651977241 0.679549575 0.336359888
vn -0.60692966 0.747770429 0.269213557
vn -0.652881563 0.651175678 0.386931539
vn -0.153038755 -0.325472146 0.933084607
vn -0.0856430382 -0.488579333 0.8683061
vn -0.0288307462 -0.348070264 0.937024951
vn 0.478514761 0.659920156 0.579248488
vn 0.610664666 0.691556692 0.385795206
vn 0.53472358 0.673843563 0.509907365
vn 0.479228467 0.525884688 -0.702698588
vn 0.640500247 0.299503833 -0.707146943
vn 0.373885512 0.100836165 -0.921977043
vn 0.721880019 0.680515349 0.12565124
vn 0.608651757 0.790882111 0.0636283979
vn 0.64368552 0.739767969 0.195990413
vn 0.721880019 0.680515349 0.12565124
vn 0.697502792 0.710892797 -0.0901188105
vn 0.608651757 0.790882111 0.0636283979
vn 0.920108378 0.385328293 -0.0701608807
vn 0.913635612 0.384518594 0.131967887
vn 0.985677004 0.150807232 0.0754847527
vn -0.99359715 0.112805709 0.00629110448
vn -0.987545907 0.140716195 -0.0703717023
vn -0.997793198 -0.0530900024 -0.0398774482
vn -0.996691763 -0.022380732 0.0781322196
vn -0.99359715 0.112805709 0.00629110448
vn -0.997793198 -0.0530900024 -0.0398774482
vn 0.474043727 0.45511362 -0.75376004
vn 0.248006642 0.31080246 -0.91754806
vn 0.435464531 0.417931855 -0.797310174
vn 0.304727823 -0.834498346 -0.459079027
vn 0.696940958 -0.498991221 -0.515054405
vn 0.531031251 -0.398109317 -0.748007238
vn 0.508681417 0.811717868 0.286979496
vn 0.53472358 0.673843563 0.509907365
vn 0.59457773 0.705955803 0.384842485
vn 0.424149066 0.827281117 0.368379682
vn 0.47319591 0.663307905 0.579748452
vn 0.53472358 0.673843563 0.509907365
vn -0.950048506 -0.232555419 0.208148167
vn -0.96362865 -0.225408778 0.143564492
vn -0.863066435 -0.434822798 0.256993353
vn -0.151525065 -0.42961362 0.890209258
vn -0.13686052 -0.598227918 0.789552212
vn -0.0797513425 -0.560351253 0.824406564
vn -0.489192516 0.156001955 -0.858110785
vn -0.365822375 0.144535586 -0.919393003
vn -0.416667879 0.035514079 -0.908364832
vn -0.489192516 0.156001955 -0.858110785
vn -0.485741138 0.314341515 -0.815625489
vn -0.365822375 0.144535586 -0.919393003
vn -0.30090481 -0.475675046 0.826552868
vn -0.366864771 -0.515926421 0.774099588
vn -0.356120199 -0.518798292 0.777191579
vn 0.194666594 0.980828643 -0.00895068608
vn 0.168313578 0.982907832 0.0745840073
vn 0.229804248 0.970372498 0.0746130422
vn 0.194666594 0.980828643 -0.00895068608
vn 0.108689874 0.993385077 0.0370494165
vn 0.168313578 0.982907832 0.0745840073
vn -0.520032942 0.808252096 -0.276214004
vn -0.632178962 0.754181385 -0.177651376
vn -0.522983432 0.843758941 -0.120660841
vn -0.632178962 0.754181385 -0.177651376
vn -0.582507074 0.810895503 -0.0559804775
vn -0.522983432 0.843758941 -0.120660841
vn 0.64003998 0.16833888 0.749673843
vn 0.77907896 0.136992857 0.611775219
vn 0.765480757 0.461731195 0.448155582
vn -0.312190861 -0.504550338 -0.804963291
vn -0.289793074 -0.395539939 -0.871532023
vn -0.204144076 -0.614710629 -0.761876702
vn -0.847457528 -0.138171449 -0.512566626
vn -0.890646577 0.189286321 -0.413423896
vn -0.800504863 0.116259888 -0.587941647
vn -0.400233865 0.910019994 -0.108057499
vn -0.329182088 0.942283213 0.0611685514
vn -0.247786641 0.968202114 0.0344455354
vn 0.0312398132 0.867642462 -0.496206254
vn -0.000502402545 0.913462818 -0.406921804
vn 0.135209352 0.879979432 -0.45536232
vn 0.00983112399 0.847005606 -0.531493008
vn -0.132354215 0.771956623 -0.621743798
vn -0.000502402545 0.913462818 -0.406921804
vn -0.863066435 -0.434822798 0.256993353
vn -0.661247015 -0.679426432 0.318012983
vn -0.658895135 -0.705703259 0.26046136
vn 0.501723051 0.714519322 -0.487581909
vn 0.509966969 0.64452374 -0.569669127
vn 0.346972525 0.714528739 -0.607502103
vn 0.501723051 0.714519322 -0.487581909
vn 0.346972525 0.714528739 -0.607502103
vn 0.332293093 0.765297055 -0.55127281
vn -0.150293767 -0.826502621 0.542499006
vn -0.0841733143 -0.662128091 0.744648337
vn -0.207911745 -0.561777294 0.800736487
vn -0.115404293 -0.798802912 0.590420008
vn -0.150293767 -0.826502621 0.542499006
vn -0.207911745 -0.561777294 0.800736487
vn 0.484417796 0.832969904 -0.267395616
vn 0.337139815 0.938757002 -0.0712189749
vn 0.56332761 0.812095582 -0.152192995
vn 0.665315568 0.63680476 0.389660031
vn 0.77332592 0.547854125 0.319097102
vn 0.799410701 0.5797894 0.157438084
vn -0.651977241 0.679549575 0.336359888
vn -0.645136952 0.599043667 0.474283636
vn -0.467818022 0.703926325 0.53444761
vn -0.843673825 0.457923979 -0.280214667
vn -0.888704062 0.41696161 -0.190651938
vn -0.821857989 0.540230393 -0.180833325
vn -0.0383117273 -0.164169401 0.985687912
vn -0.160362989 -0.123036236 0.979359925
vn -0.223730385 -0.5202384 0.824194551
vn -0.204144076 -0.614710629 -0.761876702
vn -0.0848590136 -0.823405445 -0.561072469
vn -0.167236909 -0.86855197 -0.466529071
vn -0.0383117273 -0.164169401 0.985687912
vn -0.223730385 -0.5202384 0.824194551
vn -0.427028328 -0.0533736795 0.902661681
vn -0.215453774 0.772196293 -0.597739398
vn -0.322809964 0.765610576 -0.556447923
vn -0.284473032 0.794325948 -0.53676945
vn -0.215453774 0.772196293 -0.597739398
vn -0.284473032 0.794325948 -0.53676945
vn -0.170965344 0.858594775 -0.483307183
vn -0.319486082 0.833058715 -0.4515993
vn -0.399105966 0.853598833 -0.334788591
vn -0.257743955 0.944588244 -0.203276247
vn 0.824933469 0.0656522736 0.56140399
vn 0.64003998 0.16833888 0.749673843
vn 0.879147768 0.162981987 0.447812617
vn 0.171209842 0.164949462 0.971328378
vn 0.131161571 0.13692686 0.981859267
vn -0.0383117273 -0.164169401 0.985687912
vn -0.279248834 -0.303644985 0.910944462
vn -0.253953457 -0.326021701 0.910613775
vn -0.242687404 -0.295426339 0.924027145
vn -0.208912641 -0.953905642 0.215451732
vn -0.0419533625 -0.926014066 0.375150412
vn -0.0841733143 -0.662128091 0.744648337
vn 0.259640932 0.610146224 -0.748537242
vn 0.160763443 0.668480456 -0.726146638
vn 0.148830995 0.451929539 -0.879550397
vn -0.318402529 0.251170784 -0.914074898
vn -0.365822375 0.144535586 -0.919393003
vn -0.414769799 0.36154446 -0.835015953
vn -0.128539383 0.314699888 0.940447628
vn -0.275131345 0.280929536 0.91944623
vn -0.226976022 -0.130946308 0.965057015
vn -0.30090481 -0.475675046 0.826552868
vn -0.54822588 -0.247518972 0.798863411
vn -0.366864771 -0.515926421 0.774099588
vn 0.955768824 0.0559411608 0.288749993
vn 0.815515399 0.0336744785 0.577754855
vn 0.656614602 -0.655167699 0.37364766
vn -0.66129756 0.104333006 -0.742832363
vn -0.489192516 0.156001955 -0.858110785
vn -0.539958656 -0.0186805353 -0.841484249
vn -0.76887989 0.392074406 -0.505075693
vn -0.75245297 0.531481206 -0.389027297
vn -0.687845349 0.465751946 -0.556726038
vn 0.996278048 -0.0733282194 -0.0453109965
vn 0.918072462 -0.0031259479 -0.396400273
vn 0.95697695 -0.00787448045 -0.290057003
vn -0.2535671 0.963449657 0.0864200518
vn -0.320255518 0.903310478 0.285423309
vn -0.198505536 0.968025565 0.153369516
vn 0.610664666 0.691556692 0.385795206
vn 0.665315568 0.63680476 0.389660031
vn 0.59457773 0.705955803 0.384842485
vn 0.610664666 0.691556692 0.385795206
vn 0.59457773 0.705955803 0.384842485
vn 0.53472358 0.673843563 0.509907365
vn 0.917999566 0.348945379 0.188451186
vn 0.77332592 0.547854125 0.319097102
vn 0.947857559 0.223356947 0.227327362
vn -0.821857989 0.540230393 -0.180833325
vn -0.727442682 0.666762412 -0.16203405
vn -0.765771985 0.589666486 -0.256684214
vn -0.374407887 -0.544779778 0.750355661
vn -0.356120199 -0.518798292 0.777191579
vn -0.362758815 -0.596544564 0.715919316
vn -0.301815867 -0.599195063 0.741533816
vn -0.374407887 -0.544779778 0.750355661
vn -0.362758815 -0.596544564 0.715919316
vn 0.981357098 0.132349849 0.139360905
vn 0.986518145 0.00733946171 0.163487196
vn 0.998016655 0.0165298358 0.0607425608
vn -0.996691763 -0.022380732 0.0781322196
vn -0.995753944 -0.0874185041 0.0288475696
vn -0.96362865 -0.225408778 0.143564492
vn -0.96362865 -0.225408778 0.143564492
vn -0.950048506 -0.232555419 0.208148167
vn -0.996691763 -0.022380732 0.0781322196
vn -0.259976625 -0.236856148 0.936114967
vn -0.243769705 -0.267347008 0.932256341
vn -0.153038755 -0.325472146 0.933084607
vn 0.368431777 0.630378783 0.683286607
vn 0.248008117 0.685829341 0.684200346
vn 0.193848476 0.63754791 0.745624185
vn -0.0383117273 -0.164169401 0.985687912
vn -0.00845473725 -0.164567798 0.986329556
vn 0.155716613 -0.144557908 0.977166951
vn -0.765771985 0.589666486 -0.256684214
vn -0.727442682 0.666762412 -0.16203405
vn -0.688195944 0.675991893 -0.263479412
vn -0.632178962 0.754181385 -0.177651376
vn -0.688195944 0.675991893 -0.263479412
vn -0.727442682 0.666762412 -0.16203405
vn -0.318402529 0.251170784 -0.914074898
vn -0.414769799 0.36154446 -0.835015953
vn -0.338628471 0.401069254 -0.851160526
vn 0.192883313 0.872416914 0.449093223
vn 0.00449053105 0.972584367 0.232507065
vn 0.0187745634 0.939851642 0.341066837
vn 0.0644193962 0.861809373 0.503124952
vn 0.192883313 0.872416914 0.449093223
vn 0.0187745634 0.939851642 0.341066837
vn 0.949175179 0.123423859 0.289539546
vn 0.949403107 -0.0560501218 0.309018135
vn 0.973219514 0.0196080487 0.229039758
vn -0.780737221 0.449961603 0.433571249
vn -0.645136952 0.599043667 0.474283636
vn -0.818271995 0.447504789 0.360791296
vn 0.660667181 0.408852637 -0.629569888
vn 0.654197335 0.493080348 -0.573495984
vn 0.808854699 0.362371683 -0.463077605
vn -0.897205472 0.222095683 0.381701261
vn -0.986801326 0.110846817 0.118051283
vn -0.983140528 -0.00761026843 0.182693765
vn 0.346972525 0.714528739 -0.607502103
vn 0.509966969 0.64452374 -0.569669127
vn 0.422292918 0.612424552 -0.668285012
vn 0.0173236188 -0.455527991 0.890052795
vn -0.0502736792 -0.595878363 0.801499546
vn 0.105950803 -0.581284881 0.806772768
vn -0.591357648 -0.605434418 -0.532677531
vn -0.704933107 -0.465180337 -0.535421729
vn -0.606369078 -0.457266539 -0.650556564
vn -0.316268384 0.501707375 0.805148542
vn -0.351752639 0.761312544 0.544677258
vn -0.427269846 0.697028458 0.575840235
vn -0.316268384 0.501707375 0.805148542
vn -0.269750088 0.662143886 0.699142575
vn -0.351752639 0.761312544 0.544677258
vn -0.0874476582 0.0172942653 -0.996019006
vn -0.0165786054 0.0407300331 -0.999032617
vn 0.0203611869 -0.035744004 -0.999153495
vn -0.509268284 0.850613594 0.130776092
vn -0.60692966 0.747770429 0.269213557
vn -0.465283513 0.804424167 0.369341224
vn -0.509268284 0.850613594 0.130776092
vn -0.465283513 0.804424167 0.369341224
vn -0.39644146 0.871554196 0.288491786
vn 0.774246514 0.632754505 -0.012813122
vn 0.799410701 0.5797894 0.157438084
vn 0.842472732 0.53872335 0.00409185188
vn 0.774246514 0.632754505 -0.012813122
vn 0.721880019 0.680515349 0.12565124
vn 0.799410701 0.5797894 0.157438084
vn -0.169860482 -0.400532901 -0.900400341
vn -0.1415243 -0.269782871 -0.952464283
vn -0.167058259 -0.342959225 -0.924375772
vn -0.198335528 -0.210051805 -0.957361579
vn -0.1415243 -0.269782871 -0.952464283
vn -0.169860482 -0.400532901 -0.900400341
vn -0.689251602 -0.135151744 -0.711804986
vn -0.539958656 -0.0186805353 -0.841484249
vn -0.479330331 -0.367155522 -0.797144413
vn -0.531837583 -0.495955199 0.686423481
vn -0.65980202 -0.402883619 0.634307623
vn -0.522655129 -0.590597987 0.614837945
vn -0.466685385 0.883274138 0.0450717658
vn -0.620852232 0.780356348 0.0747422948
vn -0.509268284 0.850613594 0.130776092
vn -0.509268284 0.850613594 0.130776092
vn -0.620852232 0.780356348 0.0747422948
vn -0.60692966 0.747770429 0.269213557
vn -0.780737221 0.449961603 0.433571249
vn -0.897205472 0.222095683 0.381701261
vn -0.775061846 0.366096914 0.515026212
vn -0.0632835552 0.997906029 -0.0133668836
vn -0.0827706084 0.994359851 0.0663143992
vn -0.0731926188 0.985981286 0.149946123
vn 0.962108552 0.162646011 -0.218845606
vn 0.996278048 -0.0733282194 -0.0453109965
vn 0.95697695 -0.00787448045 -0.290057003
vn -0.318402529 0.251170784 -0.914074898
vn -0.338628471 0.401069254 -0.851160526
vn -0.235845715 0.405195236 -0.883285701
vn -0.888704062 0.41696161 -0.190651938
vn -0.843673825 0.457923979 -0.280214667
vn -0.927008212 0.261023432 -0.269300103
vn 0.478358567 -0.674068034 -0.562854826
vn 0.462784827 -0.488160402 -0.739952445
vn 0.573019922 -0.59800458 -0.560391545
vn -0.934139609 0.336187363 -0.119838186
vn -0.987545907 0.140716195 -0.0703717023
vn -0.887210548 0.460872412 -0.0213082116
vn -0.934139609 0.336187363 -0.119838186
vn -0.951479554 0.266918004 -0.153106019
vn -0.987545907 0.140716195 -0.0703717023
vn -0.951479554 0.266918004 -0.153106019
vn -0.927008212 0.261023432 -0.269300103
vn -0.973800242 0.113525271 -0.19704102
vn 0.838345647 0.28723067 -0.463330358
vn 0.79271698 0.374597311 -0.480912328
vn 0.756162047 0.504975796 -0.416195124
vn 0.0187745634 0.939851642 0.341066837
vn -0.048499424 0.943944037 0.326523185
vn 0.0644193962 0.861809373 0.503124952
vn -0.890646577 0.189286321 -0.413423896
vn -0.806857586 0.29228279 -0.513372838
vn -0.74788779 0.243879363 -0.617403209
vn 0.425648957 0.617357433 0.661583543
vn 0.419227988 0.7012254 0.576654851
vn 0.478514761 0.659920156 0.579248488
vn 0.478514761 0.659920156 0.579248488
vn 0.419227988 0.7012254 0.576654851
vn 0.561698139 0.648577213 0.513656378
vn -0.979862928 -0.104840592 -0.16993238
vn -0.953306019 0.0518496148 -0.29752183
vn -0.877902508 -0.256268412 -0.404491991
vn 0.008146354 -0.459060609 -0.888367593
vn 0.261929452 -0.810470462 -0.523956656
vn 0.0605025031 -0.909681976 -0.410874903
vn 0.77907896 0.136992857 0.611775219
vn 0.478199929 -0.458506972 0.749063492
vn 0.815515399 0.0336744785 0.577754855
vn 0.478199929 -0.458506972 0.749063492
vn 0.77907896 0.136992857 0.611775219
vn 0.64003998 0.16833888 0.749673843
vn -0.167236909 -0.86855197 -0.466529071
vn -0.0848590136 -0.823405445 -0.561072469
vn -0.062865749 -0.936993718 -0.343643367
vn 0.362178594 -0.309910625 -0.879080236
vn 0.373885512 0.100836165 -0.921977043
vn 0.532302856 -0.437810123 -0.724552214
vn 0.0292563178 -0.699863434 0.713677227
vn 0.105950803 -0.581284881 0.806772768
vn -0.0502736792 -0.595878363 0.801499546
vn -0.96362865 -0.225408778 0.143564492
vn -0.821099699 -0.479871511 0.309060961
vn -0.863066435 -0.434822798 0.256993353
vn -0.863066435 -0.434822798 0.256993353
vn -0.821099699 -0.479871511 0.309060961
vn -0.661247015 -0.679426432 0.318012983
vn -0.400233865 0.910019994 -0.108057499
vn -0.522983432 0.843758941 -0.120660841
vn -0.466685385 0.883274138 0.0450717658
vn 0.931557298 0.348934323 0.102204964
vn 0.917999566 0.348945379 0.188451186
vn 0.981357098 0.132349849 0.139360905
vn 0.177828088 0.567539215 -0.803913176
vn 0.0187294446 0.63332057 -0.773662746
vn 0.149917781 0.63001442 -0.761975348
vn -0.75245297 0.531481206 -0.389027297
vn -0.765771985 0.589666486 -0.256684214
vn -0.688195944 0.675991893 -0.263479412
vn -0.843673825 0.457923979 -0.280214667
vn -0.765771985 0.589666486 -0.256684214
vn -0.75245297 0.531481206 -0.389027297
vn -0.877902508 -0.256268412 -0.404491991
vn -0.953306019 0.0518496148 -0.29752183
vn -0.847457528 -0.138171449 -0.512566626
vn -0.687845349 0.465751946 -0.556726038
vn -0.603896916 0.438162774 -0.665824175
vn -0.642693639 0.308345884 -0.701332808
vn 0.149917781 0.63001442 -0.761975348
vn 0.0187294446 0.63332057 -0.773662746
vn 0.160161361 0.691058278 -0.704831004
vn -0.204144076 -0.614710629 -0.761876702
vn -0.167058259 -0.342959225 -0.924375772
vn -0.0848590136 -0.823405445 -0.561072469
vn 0.571314991 0.10060025 -0.814542115
vn 0.696940958 -0.498991221 -0.515054405
vn 0.918072462 -0.0031259479 -0.396400273
vn 0.703227222 0.0976694003 -0.704224527
vn 0.505069673 -0.541517258 -0.672059238
vn 0.582751691 -0.406711698 -0.703552425
vn -0.927008212 0.261023432 -0.269300103
vn -0.890646577 0.189286321 -0.413423896
vn -0.953306019 0.0518496148 -0.29752183
vn -0.195561752 0.0824336931 -0.977220654
vn -0.198335528 -0.210051805 -0.957361579
vn -0.260271966 -0.181718409 -0.94828099
vn 0.281515777 0.883161426 0.375199586
vn 0.209661275 0.969142377 0.129634529
vn 0.136355698 0.981158316 0.136877373
vn 0.209661275 0.969142377 0.129634529
vn 0.281515777 0.883161426 0.375199586
vn 0.303741723 0.935691714 0.17950502
vn 0.26757437 -0.627554655 0.731149077
vn 0.256546795 -0.57819891 0.774512529
vn 0.0862427503 -0.902846873 0.421224117
vn 0.39305988 -0.444459498 0.804959357
vn 0.256546795 -0.57819891 0.774512529
vn 0.26757437 -0.627554655 0.731149077
vn 0.148830995 0.451929539 -0.879550397
vn 0.248006642 0.31080246 -0.91754806
vn 0.374283165 0.553627789 -0.743914187
vn 0.248006642 0.31080246 -0.91754806
vn 0.148830995 0.451929539 -0.879550397
vn 0.281386614 0.48949635 -0.825357497
vn 0.210300341 -0.335658312 -0.918208718
vn 0.362178594 -0.309910625 -0.879080236
vn 0.220565438 -0.695909381 -0.683418572
vn 0.210300341 -0.335658312 -0.918208718
vn 0.373885512 0.100836165 -0.921977043
vn 0.362178594 -0.309910625 -0.879080236
vn -0.687845349 0.465751946 -0.556726038
vn -0.642693639 0.308345884 -0.701332808
vn -0.76887989 0.392074406 -0.505075693
vn -0.806857586 0.29228279 -0.513372838
vn -0.76887989 0.392074406 -0.505075693
vn -0.642693639 0.308345884 -0.701332808
vn -0.897205472 0.222095683 0.381701261
vn -0.925550163 0.303740114 0.226050839
vn -0.986801326 0.110846817 0.118051283
vn 0.135209352 0.879979432 -0.45536232
vn 0.00983112399 0.847005606 -0.531493008
vn 0.0312398132 0.867642462 -0.496206254
vn 0.931557298 0.348934323 0.102204964
vn 0.981357098 0.132349849 0.139360905
vn 0.983997881 0.175025508 0.0333798453
vn 0.508681417 0.811717868 0.286979496
vn 0.424149066 0.827281117 0.368379682
vn 0.53472358 0.673843563 0.509907365
vn 0.194666594 0.980828643 -0.00895068608
vn 0.229804248 0.970372498 0.0746130422
vn 0.337139815 0.938757002 -0.0712189749
vn 0.569391668 0.251057804 -0.782791853
vn 0.420146406 0.0593857095 -0.905511141
vn 0.703227222 0.0976694003 -0.704224527
vn 0.0794533417 0.64585036 -0.759318531
vn -0.161955282 0.682870865 -0.71236068
vn 0.0268669687 0.596506536 -0.802158415
vn -0.968416572 0.244630605 0.0482206717
vn -0.99359715 0.112805709 0.00629110448
vn -0.986801326 0.110846817 0.118051283
vn 0.985677004 0.150807232 0.0754847527
vn 0.707495511 -0.69266665 0.140224338
vn 0.794022679 -0.606543183 0.0404133424
vn -0.161955282 0.682870865 -0.71236068
vn 0.0251839068 0.683841705 -0.729195654
vn 0.126553267 0.780375004 -0.612371683
vn 0.259640932 0.610146224 -0.748537242
vn 0.431509972 0.678705633 -0.594270825
vn 0.298313051 0.673165441 -0.676651716
vn 0.00449053105 0.972584367 0.232507065
vn -0.048499424 0.943944037 0.326523185
vn 0.0187745634 0.939851642 0.341066837
vn 0.155716613 -0.144557908 0.977166951
vn -0.0288307462 -0.348070264 0.937024951
vn 0.0173236188 -0.455527991 0.890052795
vn 0.160763443 0.668480456 -0.726146638
vn 0.298313051 0.673165441 -0.676651716
vn 0.0794533417 0.64585036 -0.759318531
vn 0.160763443 0.668480456 -0.726146638
vn 0.0794533417 0.64585036 -0.759318531
vn 0.0268669687 0.596506536 -0.802158415
vn 0.947857559 0.223356947 0.227327362
vn 0.949175179 0.123423859 0.289539546
vn 0.973219514 0.0196080487 0.229039758
vn 0.570067346 0.134486392 0.810516179
vn 0.770452678 -0.267217159 0.578790009
vn 0.804695487 0.13666898 0.577742875
vn 0.199802905 0.726566553 0.657403767
vn 0.192883313 0.872416914 0.449093223
vn 0.0644193962 0.861809373 0.503124952
vn -0.642693639 0.308345884 -0.701332808
vn -0.603896916 0.438162774 -0.665824175
vn -0.485741138 0.314341515 -0.815625489
vn 0.26198104 0.908956826 -0.324289113
vn 0.383021504 0.825912952 -0.413717657
vn 0.270569563 0.838644385 -0.472723663
vn 0.383021504 0.825912952 -0.413717657
vn 0.26198104 0.908956826 -0.324289113
vn 0.376338482 0.877522409 -0.29719305
vn -0.353798091 -0.415237457 0.838095963
vn -0.356120199 -0.518798292 0.777191579
vn -0.374407887 -0.544779778 0.750355661
vn -0.353798091 -0.415237457 0.838095963
vn -0.30090481 -0.475675046 0.826552868
vn -0.356120199 -0.518798292 0.777191579
vn -0.687845349 0.465751946 -0.556726038
vn -0.544334769 0.559415638 -0.625103056
vn -0.603896916 0.438162774 -0.665824175
vn -0.509100854 0.769019842 -0.386555105
vn -0.598161101 0.747389555 -0.28915751
vn -0.520032942 0.808252096 -0.276214004
vn 0.536473036 -0.765487373 -0.355282605
vn 0.359033734 -0.921126306 -0.150402978
vn 0.805173278 -0.50434947 -0.311973989
vn -0.582507074 0.810895503 -0.0559804775
vn -0.620852232 0.780356348 0.0747422948
vn -0.466685385 0.883274138 0.0450717658
vn -0.366864771 -0.515926421 0.774099588
vn -0.476051241 -0.504836798 0.720079899
vn -0.380890846 -0.600045085 0.703468621
vn 0.0402880758 0.999130905 -0.0106863808
vn -0.0632835552 0.997906029 -0.0133668836
vn 0.00452224631 0.998443067 0.0555974431
vn -0.02790213 0.992144465 -0.121946059
vn -0.132202432 0.973278642 -0.187753007
vn -0.0919645354 0.995633364 0.0160193853
vn 0.770452678 -0.267217159 0.578790009
vn 0.590891063 -0.193169504 0.78328377
vn 0.729110897 -0.170210898 0.662891865
vn -0.968416572 0.244630605 0.0482206717
vn -0.964455247 0.264211416 -0.0042862962
vn -0.99359715 0.112805709 0.00629110448
vn -0.465283513 0.804424167 0.369341224
vn -0.320255518 0.903310478 0.285423309
vn -0.39644146 0.871554196 0.288491786
vn 0.546759546 0.738616645 -0.394334167
vn 0.603491783 0.653470099 -0.456918418
vn 0.501723051 0.714519322 -0.487581909
vn -0.0841733143 -0.662128091 0.744648337
vn -0.13686052 -0.598227918 0.789552212
vn -0.207911745 -0.561777294 0.800736487
vn -0.0797513425 -0.560351253 0.824406564
vn -0.13686052 -0.598227918 0.789552212
vn -0.0841733143 -0.662128091 0.744648337
vn 0.26198104 0.908956826 -0.324289113
vn 0.0882324353 0.968953788 -0.230962649
vn 0.216883302 0.96572119 -0.142633319
vn -0.257743955 0.944588244 -0.203276247
vn -0.247786641 0.968202114 0.0344455354
vn -0.132202432 0.973278642 -0.187753007
vn 0.376338482 0.877522409 -0.29719305
vn 0.26198104 0.908956826 -0.324289113
vn 0.322260588 0.927604198 -0.18894057
vn 0.26198104 0.908956826 -0.324289113
vn 0.216883302 0.96572119 -0.142633319
vn 0.322260588 0.927604198 -0.18894057
vn 0.424149066 0.827281117 0.368379682
vn 0.281515777 0.883161426 0.375199586
vn 0.47319591 0.663307905 0.579748452
vn 0.917999566 0.348945379 0.188451186
vn 0.947857559 0.223356947 0.227327362
vn 0.981357098 0.132349849 0.139360905
vn 0.981357098 0.132349849 0.139360905
vn 0.947857559 0.223356947 0.227327362
vn 0.973219514 0.0196080487 0.229039758
vn -0.318402529 0.251170784 -0.914074898
vn -0.235845715 0.405195236 -0.883285701
vn -0.207949996 0.242059544 -0.947715104
vn 0.281515777 0.883161426 0.375199586
vn 0.424149066 0.827281117 0.368379682
vn 0.303741723 0.935691714 0.17950502
vn 0.224026442 0.398456693 0.8894068
vn 0.280137002 0.685765624 0.671750546
vn 0.264003336 0.599496007 0.755583644
vn 0.280137002 0.685765624 0.671750546
vn 0.224026442 0.398456693 0.8894068
vn 0.378582954 0.550798535 0.743838608
vn 0.126553267 0.780375004 -0.612371683
vn 0.0251839068 0.683841705 -0.729195654
vn 0.140103206 0.751205206 -0.645028532
vn 0.008146354 -0.459060609 -0.888367593
vn 0.0203611869 -0.035744004 -0.999153495
vn 0.210300341 -0.335658312 -0.918208718
vn -0.0874476582 0.0172942653 -0.996019006
vn 0.0203611869 -0.035744004 -0.999153495
vn 0.008146354 -0.459060609 -0.888367593
vn -0.406903714 0.67148 -0.619309247
vn -0.544334769 0.559415638 -0.625103056
vn -0.55640471 0.64598304 -0.522608578
vn 0.913635612 0.384518594 0.131967887
vn 0.967360854 0.1284834 0.218415037
vn 0.985677004 0.150807232 0.0754847527
vn 0.985677004 0.150807232 0.0754847527
vn 0.967360854 0.1284834 0.218415037
vn 0.707495511 -0.69266665 0.140224338
vn 0.478514761 0.659920156 0.579248488
vn 0.53472358 0.673843563 0.509907365
vn 0.47319591 0.663307905 0.579748452
vn 0.170975909 0.228205532 -0.958482862
vn 0.29023844 0.466253698 -0.835684836
vn 0.373885512 0.100836165 -0.921977043
vn -0.539958656 -0.0186805353 -0.841484249
vn -0.425193518 -0.205602095 -0.881440938
vn -0.479330331 -0.367155522 -0.797144413
vn 0.812624812 0.399621159 -0.424197882
vn 0.732178986 0.585554779 -0.347907364
vn 0.804582894 0.474475116 -0.357098997
vn 0.756162047 0.504975796 -0.416195124
vn 0.732178986 0.585554779 -0.347907364
vn 0.812624812 0.399621159 -0.424197882
vn -0.322809964 0.765610576 -0.556447923
vn -0.447803229 0.75394237 -0.480669439
vn -0.381644279 0.803394496 -0.457061023
vn 0.805173278 -0.50434947 -0.311973989
vn 0.918072462 -0.0031259479 -0.396400273
vn 0.696940958 -0.498991221 -0.515054405
vn 0.0266068168 -0.87560755 -0.482289881
vn 0.008146354 -0.459060609 -0.888367593
vn 0.0605025031 -0.909681976 -0.410874903
vn -0.507202983 0.474452168 -0.71947217
vn -0.544334769 0.559415638 -0.625103056
vn -0.413130611 0.531929016 -0.739171565
vn -0.849466562 -0.460160851 0.258183241
vn -0.658895135 -0.705703259 0.26046136
vn -0.868145466 -0.3839311 0.314515918
vn -0.0848590136 -0.823405445 -0.561072469
vn -0.130448207 -0.625790715 -0.769005299
vn -0.0215139836 -0.874763012 -0.484073251
vn -0.381644279 0.803394496 -0.457061023
vn -0.447803229 0.75394237 -0.480669439
vn -0.509100854 0.769019842 -0.386555105
vn -0.144261673 0.767754853 0.624292374
vn -0.0188954379 0.647661746 0.761693656
vn 0.00891895313 0.745082676 0.666912496
vn 0.0766582638 0.702953339 0.707092762
vn 0.00891895313 0.745082676 0.666912496
vn -0.0188954379 0.647661746 0.761693656
vn -0.520032942 0.808252096 -0.276214004
vn -0.522983432 0.843758941 -0.120660841
vn -0.400233865 0.910019994 -0.108057499
vn 0.697502792 0.710892797 -0.0901188105
vn 0.696898639 0.662113428 -0.275568873
vn 0.56332761 0.812095582 -0.152192995
vn 0.536473036 -0.765487373 -0.355282605
vn 0.805173278 -0.50434947 -0.311973989
vn 0.696940958 -0.498991221 -0.515054405
vn 0.608651757 0.790882111 0.0636283979
vn 0.466077089 0.884519517 0.0199325643
vn 0.508681417 0.811717868 0.286979496
vn -0.847457528 -0.138171449 -0.512566626
vn -0.606369078 -0.457266539 -0.650556564
vn -0.704933107 -0.465180337 -0.535421729
vn -0.847457528 -0.138171449 -0.512566626
vn -0.704933107 -0.465180337 -0.535421729
vn -0.877902508 -0.256268412 -0.404491991
vn -0.523079216 0.458889037 0.718198359
vn -0.67432344 0.52745384 0.516798139
vn -0.653367937 0.309501082 0.6908831
vn -0.0632835552 0.997906029 -0.0133668836
vn -0.0919645354 0.995633364 0.0160193853
vn -0.0827706084 0.994359851 0.0663143992
vn -0.338628471 0.401069254 -0.851160526
vn -0.414769799 0.36154446 -0.835015953
vn -0.413130611 0.531929016 -0.739171565
vn -0.730609119 0.139690906 0.668353856
vn -0.794427097 0.0460457392 0.605611622
vn -0.54822588 -0.247518972 0.798863411
vn -0.689251602 -0.135151744 -0.711804986
vn -0.800504863 0.116259888 -0.587941647
vn -0.66129756 0.104333006 -0.742832363
vn -0.775061846 0.366096914 0.515026212
vn -0.794427097 0.0460457392 0.605611622
vn -0.730609119 0.139690906 0.668353856
vn 0.569613755 -0.635454893 -0.521284163
vn 0.460510999 -0.78515178 -0.414084911
vn 0.831493258 -0.458288282 -0.313991487
vn 0.920108378 0.385328293 -0.0701608807
vn 0.960423172 0.24672319 0.129286811
vn 0.913635612 0.384518594 0.131967887
vn 0.660667181 0.408852637 -0.629569888
vn 0.808854699 0.362371683 -0.463077605
vn 0.68129915 0.291455984 -0.671479523
vn -0.027937768 0.696180165 -0.717323244
vn -0.11403276 0.631856382 -0.766651213
vn -0.132354215 0.771956623 -0.621743798
vn -0.890646577 0.189286321 -0.413423896
vn -0.74788779 0.243879363 -0.617403209
vn -0.800504863 0.116259888 -0.587941647
vn -0.161224172 0.661170542 -0.7327075
vn -0.307054967 0.637815595 -0.706334591
vn -0.24989669 0.73617208 -0.628969252
vn -0.161224172 0.661170542 -0.7327075
vn -0.260244966 0.555677652 -0.789616942
vn -0.307054967 0.637815595 -0.706334591
vn 0.281386614 0.48949635 -0.825357497
vn 0.422292918 0.612424552 -0.668285012
vn 0.435464531 0.417931855 -0.797310174
vn 0.116422191 0.614708126 -0.780115247
vn 0.29023844 0.466253698 -0.835684836
vn 0.175743356 0.498868942 -0.848671913
vn -0.0484883972 0.445378929 -0.894028246
vn 0.116422191 0.614708126 -0.780115247
vn 0.175743356 0.498868942 -0.848671913
vn -0.74788779 0.243879363 -0.617403209
vn -0.642693639 0.308345884 -0.701332808
vn -0.66129756 0.104333006 -0.742832363
vn -0.115404293 -0.798802912 0.590420008
vn -0.207911745 -0.561777294 0.800736487
vn -0.276599526 -0.475310862 0.835207939
vn -0.115502596 -0.664461792 0.738342524
vn -0.115404293 -0.798802912 0.590420008
vn -0.276599526 -0.475310862 0.835207939
vn 0.949403107 -0.0560501218 0.309018135
vn 0.879147768 0.162981987 0.447812617
vn 0.918994129 0.291156113 0.265853345
vn -0.115502596 -0.664461792 0.738342524
vn -0.276599526 -0.475310862 0.835207939
vn -0.242687404 -0.295426339 0.924027145
vn 0.603491783 0.653470099 -0.456918418
vn 0.509966969 0.64452374 -0.569669127
vn 0.501723051 0.714519322 -0.487581909
vn 0.77332592 0.547854125 0.319097102
vn 0.665315568 0.63680476 0.389660031
vn 0.778085887 0.506765544 0.371175438
vn -0.178534225 0.981168807 0.0737113431
vn -0.198505536 0.968025565 0.153369516
vn -0.0731926188 0.985981286 0.149946123
vn -0.987347603 -0.0160562806 -0.157755837
vn -0.973800242 0.113525271 -0.19704102
vn -0.953306019 0.0518496148 -0.29752183
vn -0.0797513425 -0.560351253 0.824406564
vn -0.0502736792 -0.595878363 0.801499546
vn -0.0856430382 -0.488579333 0.8683061
vn -0.135504648 0.986884236 0.0877380893
vn -0.178534225 0.981168807 0.0737113431
vn -0.0731926188 0.985981286 0.149946123
vn -0.75245297 0.531481206 -0.389027297
vn -0.856508374 0.366784632 -0.363128692
vn -0.843673825 0.457923979 -0.280214667
vn -0.868145466 -0.3839311 0.314515918
vn -0.950048506 -0.232555419 0.208148167
vn -0.849466562 -0.460160851 0.258183241
vn -0.661247015 -0.679426432 0.318012983
vn -0.96362865 -0.225408778 0.143564492
vn -0.645588338 -0.740888417 0.185202524
vn -0.282827079 0.102125458 -0.953718603
vn -0.318402529 0.251170784 -0.914074898
vn -0.207949996 0.242059544 -0.947715104
vn -0.207949996 0.242059544 -0.947715104
vn -0.195561752 0.0824336931 -0.977220654
vn -0.282827079 0.102125458 -0.953718603
vn 0.618646979 0.708369672 -0.339835644
vn 0.629911721 0.667626739 -0.396844745
vn 0.546759546 0.738616645 -0.394334167
vn 0.618646979 0.708369672 -0.339835644
vn 0.546759546 0.738616645 -0.394334167
vn 0.484417796 0.832969904 -0.267395616
vn 0.175743356 0.498868942 -0.848671913
vn 0.29023844 0.466253698 -0.835684836
vn 0.0512225553 0.243836924 -0.968462586
vn 0.216883302 0.96572119 -0.142633319
vn 0.0597954579 0.993029118 -0.101576075
vn 0.194666594 0.980828643 -0.00895068608
vn -0.367921621 -0.125903815 0.921293557
vn -0.434936464 0.425897449 0.793373585
vn -0.523079216 0.458889037 0.718198359
vn 0.985677004 0.150807232 0.0754847527
vn 0.971596003 -0.158232659 -0.175964922
vn 0.920108378 0.385328293 -0.0701608807
vn 0.462784827 -0.488160402 -0.739952445
vn 0.362178594 -0.309910625 -0.879080236
vn 0.532302856 -0.437810123 -0.724552214
vn 0.602075696 0.596627951 0.530603528
vn 0.843737364 0.268155038 0.464973181
vn 0.829308152 0.391113371 0.399096668
vn -0.514121294 -0.453492314 -0.728027463
vn -0.606369078 -0.457266539 -0.650556564
vn -0.479330331 -0.367155522 -0.797144413
vn -0.479330331 -0.367155522 -0.797144413
vn -0.374869555 -0.530789018 -0.760089338
vn -0.514121294 -0.453492314 -0.728027463
vn -0.720590174 -0.284736425 0.632198393
vn -0.808350861 -0.260311574 0.528021574
vn -0.823386669 -0.378980905 0.422383606
vn -0.720590174 -0.284736425 0.632198393
vn -0.794427097 0.0460457392 0.605611622
vn -0.808350861 -0.260311574 0.528021574
vn 0.696898639 0.662113428 -0.275568873
vn 0.618646979 0.708369672 -0.339835644
vn 0.56332761 0.812095582 -0.152192995
vn 0.56332761 0.812095582 -0.152192995
vn 0.618646979 0.708369672 -0.339835644
vn 0.484417796 0.832969904 -0.267395616
vn -0.000502402545 0.913462818 -0.406921804
vn 0.0184071269 0.968836427 -0.247016579
vn 0.0882324353 0.968953788 -0.230962649
vn -0.000502402545 0.913462818 -0.406921804
vn -0.00663045235 0.963576615 -0.267350227
vn 0.0184071269 0.968836427 -0.247016579
vn -0.887210548 0.460872412 -0.0213082116
vn -0.888704062 0.41696161 -0.190651938
vn -0.934139609 0.336187363 -0.119838186
vn 0.0644193962 0.861809373 0.503124952
vn -0.0540155545 0.868232548 0.493208349
vn 0.056124106 0.786877215 0.6145522
vn 0.532302856 -0.437810123 -0.724552214
vn 0.569613755 -0.635454893 -0.521284163
vn 0.573019922 -0.59800458 -0.560391545
vn 0.0184071269 0.968836427 -0.247016579
vn -0.02790213 0.992144465 -0.121946059
vn -0.0143242925 0.984229743 -0.176314041
vn -0.18451272 0.933363497 0.307875901
vn -0.154395431 0.943157673 0.294305235
vn -0.198505536 0.968025565 0.153369516
vn -0.198505536 0.968025565 0.153369516
vn -0.320255518 0.903310478 0.285423309
vn -0.18451272 0.933363497 0.307875901
vn 0.008146354 -0.459060609 -0.888367593
vn 0.0266068168 -0.87560755 -0.482289881
vn -0.0215139836 -0.874763012 -0.484073251
vn 0.898754239 0.406955868 -0.163180143
vn 0.804582894 0.474475116 -0.357098997
vn 0.755573213 0.632999301 -0.168585286
vn 0.898754239 0.406955868 -0.163180143
vn 0.755573213 0.632999301 -0.168585286
vn 0.774246514 0.632754505 -0.012813122
vn -0.687845349 0.465751946 -0.556726038
vn -0.66995883 0.536199689 -0.513463855
vn -0.544334769 0.559415638 -0.625103056
vn -0.75245297 0.531481206 -0.389027297
vn -0.688195944 0.675991893 -0.263479412
vn -0.630950093 0.661114633 -0.405991703
vn -0.598161101 0.747389555 -0.28915751
vn -0.630950093 0.661114633 -0.405991703
vn -0.688195944 0.675991893 -0.263479412
vn 0.460510999 -0.78515178 -0.414084911
vn 0.735064566 -0.394578338 -0.55135113
vn 0.796789408 -0.335665792 -0.502449155
vn 0.0146561516 0.671463609 -0.740892649
vn 0.0948356465 0.771748602 -0.628816724
vn 0.160161361 0.691058278 -0.704831004
vn -0.918135703 -0.0947035551 0.384783089
vn -0.923711717 0.00731231039 0.383018583
vn -0.983140528 -0.00761026843 0.182693765
vn -0.794427097 0.0460457392 0.605611622
vn -0.923711717 0.00731231039 0.383018583
vn -0.918135703 -0.0947035551 0.384783089
vn -0.651977241 0.679549575 0.336359888
vn -0.465283513 0.804424167 0.369341224
vn -0.60692966 0.747770429 0.269213557
vn 0.108689874 0.993385077 0.0370494165
vn 0.0387512147 0.990935743 0.128626645
vn 0.0698560029 0.98218888 0.174427941
vn 0.00452224631 0.998443067 0.0555974431
vn 0.0387512147 0.990935743 0.128626645
vn 0.108689874 0.993385077 0.0370494165
vn 0.829308152 0.391113371 0.399096668
vn 0.843737364 0.268155038 0.464973181
vn 0.949175179 0.123423859 0.289539546
vn 0.229804248 0.970372498 0.0746130422
vn 0.325254887 0.94287324 0.0721067488
vn 0.337139815 0.938757002 -0.0712189749
vn 0.918994129 0.291156113 0.265853345
vn 0.860532224 0.450200886 0.238334835
vn 0.960423172 0.24672319 0.129286811
vn 0.973219514 0.0196080487 0.229039758
vn 0.918994129 0.291156113 0.265853345
vn 0.960423172 0.24672319 0.129286811
vn -0.720590174 -0.284736425 0.632198393
vn -0.823386669 -0.378980905 0.422383606
vn -0.645303845 -0.648469746 0.403819054
vn 0.0882324353 0.968953788 -0.230962649
vn -0.02790213 0.992144465 -0.121946059
vn 0.0597954579 0.993029118 -0.101576075
vn -0.0632835552 0.997906029 -0.0133668836
vn 0.0597954579 0.993029118 -0.101576075
vn -0.02790213 0.992144465 -0.121946059
vn 0.474043727 0.45511362 -0.75376004
vn 0.413811713 0.209798381 -0.885858178
vn 0.569391668 0.251057804 -0.782791853
vn -0.198335528 -0.210051805 -0.957361579
vn -0.169860482 -0.400532901 -0.900400341
vn -0.260271966 -0.181718409 -0.94828099
vn -0.630950093 0.661114633 -0.405991703
vn -0.66995883 0.536199689 -0.513463855
vn -0.75245297 0.531481206 -0.389027297
vn -0.0827706084 0.994359851 0.0663143992
vn -0.135504648 0.986884236 0.0877380893
vn -0.0731926188 0.985981286 0.149946123
vn 0.281386614 0.48949635 -0.825357497
vn 0.253748655 0.673301518 -0.694461346
vn 0.422292918 0.612424552 -0.668285012
vn 0.64331454 -0.524750233 -0.55747968
vn 0.571314991 0.10060025 -0.814542115
vn 0.870634973 0.255192727 -0.420560867
vn 0.571314991 0.10060025 -0.814542115
vn 0.918072462 -0.0031259479 -0.396400273
vn 0.870634973 0.255192727 -0.420560867
vn 0.805173278 -0.50434947 -0.311973989
vn 0.658613503 -0.704921961 -0.263274044
vn 0.825762033 -0.503789246 -0.253601104
vn -0.250913292 -0.807981491 0.53311193
vn -0.301815867 -0.599195063 0.741533816
vn -0.305689961 -0.694112062 0.65173775
vn 0.29023844 0.466253698 -0.835684836
vn 0.116422191 0.614708126 -0.780115247
vn 0.298313051 0.673165441 -0.676651716
vn 0.715431333 0.510494351 -0.477025747
vn 0.603491783 0.653470099 -0.456918418
vn 0.629911721 0.667626739 -0.396844745
vn 0.654197335 0.493080348 -0.573495984
vn 0.715431333 0.510494351 -0.477025747
vn 0.79271698 0.374597311 -0.480912328
vn -0.399105966 0.853598833 -0.334788591
vn -0.509100854 0.769019842 -0.386555105
vn -0.520032942 0.808252096 -0.276214004
vn 0.660667181 0.408852637 -0.629569888
vn 0.68129915 0.291455984 -0.671479523
vn 0.435464531 0.417931855 -0.797310174
vn 0.0251839068 0.683841705 -0.729195654
vn -0.161955282 0.682870865 -0.71236068
vn 0.0794533417 0.64585036 -0.759318531
vn 0.0251839068 0.683841705 -0.729195654
vn 0.0794533417 0.64585036 -0.759318531
vn 0.0188939497 0.676708817 -0.736008227
vn -0.00845473725 -0.164567798 0.986329556
vn -0.0288307462 -0.348070264 0.937024951
vn 0.155716613 -0.144557908 0.977166951
vn -0.223730385 -0.5202384 0.824194551
vn -0.226976022 -0.130946308 0.965057015
vn -0.302300066 -0.193246469 0.933418632
vn -0.987347603 -0.0160562806 -0.157755837
vn -0.953306019 0.0518496148 -0.29752183
vn -0.979862928 -0.104840592 -0.16993238
vn -0.343887985 -0.483171105 -0.805162609
vn -0.312190861 -0.504550338 -0.804963291
vn -0.236537412 -0.725352168 -0.646462917
vn -0.343887985 -0.483171105 -0.805162609
vn -0.346212536 -0.137722597 -0.927992046
vn -0.312190861 -0.504550338 -0.804963291
vn 0.931557298 0.348934323 0.102204964
vn 0.983997881 0.175025508 0.0333798453
vn 0.898754239 0.406955868 -0.163180143
vn 0.913635612 0.384518594 0.131967887
vn 0.90973413 0.270523578 0.314961702
vn 0.967360854 0.1284834 0.218415037
vn -0.887210548 0.460872412 -0.0213082116
vn -0.987545907 0.140716195 -0.0703717023
vn -0.964455247 0.264211416 -0.0042862962
vn -0.968416572 0.244630605 0.0482206717
vn -0.887210548 0.460872412 -0.0213082116
vn -0.964455247 0.264211416 -0.0042862962
vn 0.332293093 0.765297055 -0.55127281
vn 0.253748655 0.673301518 -0.694461346
vn 0.160161361 0.691058278 -0.704831004
vn -0.2535671 0.963449657 0.0864200518
vn -0.174675718 0.977255285 0.120251909
vn -0.247786641 0.968202114 0.0344455354
vn 0.505069673 -0.541517258 -0.672059238
vn 0.703227222 0.0976694003 -0.704224527
vn 0.735064566 -0.394578338 -0.55135113
vn 0.0187294446 0.63332057 -0.773662746
vn 0.126553267 0.780375004 -0.612371683
vn -0.11403276 0.631856382 -0.766651213
vn 0.0187294446 0.63332057 -0.773662746
vn -0.161955282 0.682870865 -0.71236068
vn 0.126553267 0.780375004 -0.612371683
vn 0.160161361 0.691058278 -0.704831004
vn 0.228556886 0.774671912 -0.589614332
vn 0.332293093 0.765297055 -0.55127281
vn -0.329182088 0.942283213 0.0611685514
vn -0.320255518 0.903310478 0.285423309
vn -0.2535671 0.963449657 0.0864200518
vn 0.160161361 0.691058278 -0.704831004
vn 0.0948356465 0.771748602 -0.628816724
vn 0.228556886 0.774671912 -0.589614332
vn 0.570067346 0.134486392 0.810516179
vn 0.253950804 0.216270417 0.942728043
vn 0.335370064 -0.135789186 0.93224889
vn 0.0512225553 0.243836924 -0.968462586
vn 0.170975909 0.228205532 -0.958482862
vn 0.0480516069 0.0725466311 -0.99620688
vn 0.696940958 -0.498991221 -0.515054405
vn 0.571314991 0.10060025 -0.814542115
vn 0.531031251 -0.398109317 -0.748007238
vn 0.175743356 0.498868942 -0.848671913
vn 0.0512225553 0.243836924 -0.968462586
vn -0.111080304 0.201728866 -0.97312212
vn 0.696898639 0.662113428 -0.275568873
vn 0.732178986 0.585554779 -0.347907364
vn 0.618646979 0.708369672 -0.339835644
vn 0.629911721 0.667626739 -0.396844745
vn 0.618646979 0.708369672 -0.339835644
vn 0.732178986 0.585554779 -0.347907364
vn 0.473467797 0.410858274 0.779117286
vn 0.602075696 0.596627951 0.530603528
vn 0.431087822 0.712888777 0.55313009
vn 0.008146354 -0.459060609 -0.888367593
vn 0.220565438 -0.695909381 -0.683418572
vn 0.261929452 -0.810470462 -0.523956656
vn 0.602075696 0.596627951 0.530603528
vn 0.473467797 0.410858274 0.779117286
vn 0.843737364 0.268155038 0.464973181
vn -0.207949996 0.242059544 -0.947715104
vn -0.140243486 0.450227946 -0.881831408
vn -0.11298167 0.348361075 -0.930526495
vn -0.927008212 0.261023432 -0.269300103
vn -0.856508374 0.366784632 -0.363128692
vn -0.890646577 0.189286321 -0.413423896
vn 0.26198104 0.908956826 -0.324289113
vn 0.143061936 0.934647739 -0.325525373
vn 0.0882324353 0.968953788 -0.230962649
vn 0.105950803 -0.581284881 0.806772768
vn 0.205207646 -0.577738881 0.79000479
vn 0.216015905 -0.408906221 0.886641324
vn 0.177828088 0.567539215 -0.803913176
vn 0.149917781 0.63001442 -0.761975348
vn 0.253748655 0.673301518 -0.694461346
vn 0.721880019 0.680515349 0.12565124
vn 0.774246514 0.632754505 -0.012813122
vn 0.697502792 0.710892797 -0.0901188105
vn -0.128539383 0.314699888 0.940447628
vn -0.0229254868 0.418348491 0.907997191
vn -0.316268384 0.501707375 0.805148542
vn 0.0862427503 -0.902846873 0.421224117
vn 0.105950803 -0.581284881 0.806772768
vn 0.0292563178 -0.699863434 0.713677227
vn 0.105950803 -0.581284881 0.806772768
vn 0.0862427503 -0.902846873 0.421224117
vn 0.205207646 -0.577738881 0.79000479
vn -0.151525065 -0.42961362 0.890209258
vn -0.242687404 -0.295426339 0.924027145
vn -0.207911745 -0.561777294 0.800736487
vn 0.933280408 -0.0280527659 -0.35805127
vn 0.856630385 0.278725475 -0.434161872
vn 0.95697695 -0.00787448045 -0.290057003
vn -0.11403276 0.631856382 -0.766651213
vn 0.0146561516 0.671463609 -0.740892649
vn 0.0187294446 0.63332057 -0.773662746
vn 0.0146561516 0.671463609 -0.740892649
vn -0.11403276 0.631856382 -0.766651213
vn -0.027937768 0.696180165 -0.717323244
vn -0.67432344 0.52745384 0.516798139
vn -0.645136952 0.599043667 0.474283636
vn -0.780737221 0.449961603 0.433571249
vn 0.856630385 0.278725475 -0.434161872
vn 0.933280408 -0.0280527659 -0.35805127
vn 0.870959401 0.228336111 -0.435077488
vn -0.75245297 0.531481206 -0.389027297
vn -0.76887989 0.392074406 -0.505075693
vn -0.856508374 0.366784632 -0.363128692
vn 0.158659399 0.9816401 0.105877243
vn 0.136355698 0.981158316 0.136877373
vn 0.209661275 0.969142377 0.129634529
vn 0.158659399 0.9816401 0.105877243
vn 0.108689874 0.993385077 0.0370494165
vn 0.136355698 0.981158316 0.136877373
vn 0.0402880758 0.999130905 -0.0106863808
vn 0.00452224631 0.998443067 0.0555974431
vn 0.108689874 0.993385077 0.0370494165
vn 0.0597954579 0.993029118 -0.101576075
vn 0.0402880758 0.999130905 -0.0106863808
vn 0.108689874 0.993385077 0.0370494165
vn -0.54822588 -0.247518972 0.798863411
vn -0.531837583 -0.495955199 0.686423481
vn -0.476051241 -0.504836798 0.720079899
vn -0.54822588 -0.247518972 0.798863411
vn -0.476051241 -0.504836798 0.720079899
vn -0.366864771 -0.515926421 0.774099588
vn -0.783021033 0.607341528 0.134217471
vn -0.681575775 0.719964087 0.130790964
vn -0.679098308 0.73289448 -0.0411226377
vn -0.416667879 0.035514079 -0.908364832
vn -0.346212536 -0.137722597 -0.927992046
vn -0.425193518 -0.205602095 -0.881440938
vn -0.329182088 0.942283213 0.0611685514
vn -0.39644146 0.871554196 0.288491786
vn -0.320255518 0.903310478 0.285423309
vn 0.363533288 0.782928526 0.504843116
vn 0.561698139 0.648577213 0.513656378
vn 0.419227988 0.7012254 0.576654851
vn 0.00983112399 0.847005606 -0.531493008
vn -0.000502402545 0.913462818 -0.406921804
vn 0.0312398132 0.867642462 -0.496206254
vn 0.478199929 -0.458506972 0.749063492
vn 0.656614602 -0.655167699 0.37364766
vn 0.815515399 0.0336744785 0.577754855
vn 0.00891895313 0.745082676 0.666912496
vn 0.056124106 0.786877215 0.6145522
vn -0.0540155545 0.868232548 0.493208349
vn 0.501723051 0.714519322 -0.487581909
vn 0.484155238 0.764100492 -0.426314622
vn 0.546759546 0.738616645 -0.394334167
vn -0.169860482 -0.400532901 -0.900400341
vn -0.167058259 -0.342959225 -0.924375772
vn -0.204144076 -0.614710629 -0.761876702
vn -0.897205472 0.222095683 0.381701261
vn -0.794427097 0.0460457392 0.605611622
vn -0.775061846 0.366096914 0.515026212
vn 0.335370064 -0.135789186 0.93224889
vn 0.39305988 -0.444459498 0.804959357
vn 0.590891063 -0.193169504 0.78328377
vn -0.856508374 0.366784632 -0.363128692
vn -0.76887989 0.392074406 -0.505075693
vn -0.806857586 0.29228279 -0.513372838
vn 0.860532224 0.450200886 0.238334835
vn 0.913635612 0.384518594 0.131967887
vn 0.960423172 0.24672319 0.129286811
vn 0.860532224 0.450200886 0.238334835
vn 0.765480757 0.461731195 0.448155582
vn 0.90973413 0.270523578 0.314961702
vn 0.149917781 0.63001442 -0.761975348
vn 0.160161361 0.691058278 -0.704831004
vn 0.253748655 0.673301518 -0.694461346
vn -0.275131345 0.280929536 0.91944623
vn -0.128539383 0.314699888 0.940447628
vn -0.316268384 0.501707375 0.805148542
vn -0.425193518 -0.205602095 -0.881440938
vn -0.539958656 -0.0186805353 -0.841484249
vn -0.416667879 0.035514079 -0.908364832
vn -0.485741138 0.314341515 -0.815625489
vn -0.414769799 0.36154446 -0.835015953
vn -0.365822375 0.144535586 -0.919393003
vn -0.112426303 0.942331791 0.315231621
vn -0.048499424 0.943944037 0.326523185
vn -0.0653173551 0.969051063 0.238062769
vn 0.00449053105 0.972584367 0.232507065
vn -0.0653173551 0.969051063 0.238062769
vn -0.048499424 0.943944037 0.326523185
vn -0.823386669 -0.378980905 0.422383606
vn -0.950048506 -0.232555419 0.208148167
vn -0.868145466 -0.3839311 0.314515918
vn -0.111080304 0.201728866 -0.97312212
vn 0.0512225553 0.243836924 -0.968462586
vn -0.0874476582 0.0172942653 -0.996019006
vn 0.0512225553 0.243836924 -0.968462586
vn 0.0480516069 0.0725466311 -0.99620688
vn -0.0874476582 0.0172942653 -0.996019006
vn -0.934139609 0.336187363 -0.119838186
vn -0.888704062 0.41696161 -0.190651938
vn -0.951479554 0.266918004 -0.153106019
vn 0.665315568 0.63680476 0.389660031
vn 0.799410701 0.5797894 0.157438084
vn 0.721880019 0.680515349 0.12565124
vn -0.279248834 -0.303644985 0.910944462
vn -0.54822588 -0.247518972 0.798863411
vn -0.30090481 -0.475675046 0.826552868
vn -0.027937768 0.696180165 -0.717323244
vn -0.0249944571 0.7794016 -0.626025915
vn 0.0948356465 0.771748602 -0.628816724
vn 0.0948356465 0.771748602 -0.628816724
vn -0.0249944571 0.7794016 -0.626025915
vn 0.00983112399 0.847005606 -0.531493008
vn -0.130448207 -0.625790715 -0.769005299
vn 0.008146354 -0.459060609 -0.888367593
vn -0.0215139836 -0.874763012 -0.484073251
vn -0.642693639 0.308345884 -0.701332808
vn -0.485741138 0.314341515 -0.815625489
vn -0.489192516 0.156001955 -0.858110785
vn -0.0502736792 -0.595878363 0.801499546
vn -0.0797513425 -0.560351253 0.824406564
vn -0.0841733143 -0.662128091 0.744648337
vn -0.973800242 0.113525271 -0.19704102
vn -0.927008212 0.261023432 -0.269300103
vn -0.953306019 0.0518496148 -0.29752183
vn -0.979862928 -0.104840592 -0.16993238
vn -0.64983356 -0.753928483 -0.0964785814
vn -0.985193014 -0.155524254 -0.072158806
vn 0.755573213 0.632999301 -0.168585286
vn 0.696898639 0.662113428 -0.275568873
vn 0.697502792 0.710892797 -0.0901188105
vn 0.90973413 0.270523578 0.314961702
vn 0.955768824 0.0559411608 0.288749993
vn 0.967360854 0.1284834 0.218415037
vn -0.0874476582 0.0172942653 -0.996019006
vn -0.1415243 -0.269782871 -0.952464283
vn -0.198335528 -0.210051805 -0.957361579
vn -0.0874476582 0.0172942653 -0.996019006
vn -0.167058259 -0.342959225 -0.924375772
vn -0.1415243 -0.269782871 -0.952464283
vn 0.335370064 -0.135789186 0.93224889
vn 0.590891063 -0.193169504 0.78328377
vn 0.570067346 0.134486392 0.810516179
vn -0.964455247 0.264211416 -0.0042862962
vn -0.987545907 0.140716195 -0.0703717023
vn -0.99359715 0.112805709 0.00629110448
vn 0.715431333 0.510494351 -0.477025747
vn 0.509966969 0.64452374 -0.569669127
vn 0.603491783 0.653470099 -0.456918418
vn 0.756162047 0.504975796 -0.416195124
vn 0.629911721 0.667626739 -0.396844745
vn 0.732178986 0.585554779 -0.347907364
vn -0.132202432 0.973278642 -0.187753007
vn -0.170965344 0.858594775 -0.483307183
vn -0.257743955 0.944588244 -0.203276247
vn 0.0882324353 0.968953788 -0.230962649
vn 0.0184071269 0.968836427 -0.247016579
vn -0.0143242925 0.984229743 -0.176314041
vn -0.204144076 -0.614710629 -0.761876702
vn -0.260271966 -0.181718409 -0.94828099
vn -0.169860482 -0.400532901 -0.900400341
vn 0.838345647 0.28723067 -0.463330358
vn 0.756162047 0.504975796 -0.416195124
vn 0.856630385 0.278725475 -0.434161872
vn 0.756162047 0.504975796 -0.416195124
vn 0.812624812 0.399621159 -0.424197882
vn 0.856630385 0.278725475 -0.434161872
vn -0.66995883 0.536199689 -0.513463855
vn -0.687845349 0.465751946 -0.556726038
vn -0.75245297 0.531481206 -0.389027297
vn 0.508681417 0.811717868 0.286979496
vn 0.466077089 0.884519517 0.0199325643
vn 0.325254887 0.94287324 0.0721067488
vn -0.313748032 -0.83775264 0.446914762
vn -0.250913292 -0.807981491 0.53311193
vn -0.305689961 -0.694112062 0.65173775
vn -0.302300066 -0.193246469 0.933418632
vn -0.367921621 -0.125903815 0.921293557
vn -0.427028328 -0.0533736795 0.902661681
vn -0.302300066 -0.193246469 0.933418632
vn -0.427028328 -0.0533736795 0.902661681
vn -0.223730385 -0.5202384 0.824194551
vn -0.351752639 0.761312544 0.544677258
vn -0.269750088 0.662143886 0.699142575
vn -0.144261673 0.767754853 0.624292374
vn 0.949403107 -0.0560501218 0.309018135
vn 0.843737364 0.268155038 0.464973181
vn 0.804695487 0.13666898 0.577742875
vn 0.346972525 0.714528739 -0.607502103
vn 0.253748655 0.673301518 -0.694461346
vn 0.332293093 0.765297055 -0.55127281
vn -0.679098308 0.73289448 -0.0411226377
vn -0.681575775 0.719964087 0.130790964
vn -0.620852232 0.780356348 0.0747422948
vn 0.0268669687 0.596506536 -0.802158415
vn -0.161955282 0.682870865 -0.71236068
vn 0.0187294446 0.63332057 -0.773662746
vn 0.435464531 0.417931855 -0.797310174
vn 0.654197335 0.493080348 -0.573495984
vn 0.660667181 0.408852637 -0.629569888
vn 0.0512225553 0.243836924 -0.968462586
vn 0.29023844 0.466253698 -0.835684836
vn 0.170975909 0.228205532 -0.958482862
vn -0.275131345 0.280929536 0.91944623
vn -0.302300066 -0.193246469 0.933418632
vn -0.226976022 -0.130946308 0.965057015
vn -0.0484883972 0.445378929 -0.894028246
vn -0.0388189144 0.60456568 -0.795608878
vn 0.116422191 0.614708126 -0.780115247
vn -0.00845473725 -0.164567798 0.986329556
vn -0.153038755 -0.325472146 0.933084607
vn -0.0288307462 -0.348070264 0.937024951
vn 0.39305988 -0.444459498 0.804959357
vn 0.513897836 -0.354509264 0.781173587
vn 0.590891063 -0.193169504 0.78328377
vn -0.591357648 -0.605434418 -0.532677531
vn -0.606369078 -0.457266539 -0.650556564
vn -0.281870782 -0.894775927 -0.346301764
vn 0.983997881 0.175025508 0.0333798453
vn 0.981357098 0.132349849 0.139360905
vn 0.998016655 0.0165298358 0.0607425608
vn -0.0388189144 0.60456568 -0.795608878
vn 0.0188939497 0.676708817 -0.736008227
vn 0.116422191 0.614708126 -0.780115247
vn 0.473467797 0.410858274 0.779117286
vn 0.378582954 0.550798535 0.743838608
vn 0.253950804 0.216270417 0.942728043
vn -0.00207260391 -0.999965727 -0.0080118496
vn 0.00435235025 -0.999987662 -0.00236712792
vn -0.017857587 -0.999442995 0.0281943642
vn 0.00435235025 -0.999987662 -0.00236712792
vn -0.00715588359 -0.999901295 0.012090967
vn -0.017857587 -0.999442995 0.0281943642
vn 0.229196876 -0.964733005 -0.129457101
vn 0.622092307 -0.779240429 -0.0760629252
vn 0.794022679 -0.606543183 0.0404133424
vn -0.017857587 -0.999442995 0.0281943642
vn -0.00715588359 -0.999901295 0.012090967
vn -0.174346596 -0.949127734 0.262220711
vn 0.00435235025 -0.999987662 -0.00236712792
vn 0.060875807 -0.997212052 -0.04315437
vn 0.656614602 -0.655167699 0.37364766
vn -0.665078878 -0.746657372 0.0131539647
vn -0.00207260391 -0.999965727 -0.0080118496
vn -0.017857587 -0.999442995 0.0281943642
vn -0.0442816541 -0.901617825 0.430261046
vn -0.0409891643 -0.974240243 0.221755922
vn -0.150293767 -0.826502621 0.542499006
vn -0.665078878 -0.746657372 0.0131539647
vn -0.017857587 -0.999442995 0.0281943642
vn -0.195014402 -0.974314511 0.11260888
vn 0.159714371 -0.966802776 -0.199458674
vn 0.42703262 -0.822734952 -0.375166923
vn 0.227609396 -0.958019137 -0.174336299
vn -0.313748032 -0.83775264 0.446914762
vn -0.0832499638 -0.963228762 0.255460083
vn -0.250913292 -0.807981491 0.53311193
vn -0.00715588359 -0.999901295 0.012090967
vn 0.00435235025 -0.999987662 -0.00236712792
vn 0.656614602 -0.655167699 0.37364766
vn -0.0409891643 -0.974240243 0.221755922
vn -0.0419533625 -0.926014066 0.375150412
vn -0.150293767 -0.826502621 0.542499006
vn -0.337623566 -0.70263052 -0.626355171
vn -0.236537412 -0.725352168 -0.646462917
vn -0.144005001 -0.906081736 -0.397842079
vn -0.238319069 -0.933568239 -0.267683357
vn -0.00207260391 -0.999965727 -0.0080118496
vn -0.665078878 -0.746657372 0.0131539647
vn -0.102828294 -0.857920289 -0.503387451
vn -0.167236909 -0.86855197 -0.466529071
vn -0.062865749 -0.936993718 -0.343643367
vn 0.304727823 -0.834498346 -0.459079027
vn 0.64331454 -0.524750233 -0.55747968
vn 0.622092307 -0.779240429 -0.0760629252
vn -0.062865749 -0.936993718 -0.343643367
vn -0.0848590136 -0.823405445 -0.561072469
vn -0.0225296915 -0.993497193 -0.111604653
vn -0.645588338 -0.740888417 0.185202524
vn -0.195014402 -0.974314511 0.11260888
vn -0.661247015 -0.679426432 0.318012983
vn 0.5245502 -0.75628221 -0.391004056
vn 0.506660938 -0.782237768 -0.362489611
vn 0.227609396 -0.958019137 -0.174336299
vn -0.174346596 -0.949127734 0.262220711
vn -0.0409891643 -0.974240243 0.221755922
vn -0.0442816541 -0.901617825 0.430261046
vn 0.060875807 -0.997212052 -0.04315437
vn 0.707495511 -0.69266665 0.140224338
vn 0.656614602 -0.655167699 0.37364766
vn 0.380335063 -0.803454101 -0.458046675
vn 0.42703262 -0.822734952 -0.375166923
vn 0.159714371 -0.966802776 -0.199458674
vn 0.261929452 -0.810470462 -0.523956656
vn 0.380335063 -0.803454101 -0.458046675
vn 0.161326453 -0.958839297 -0.233668879
vn 0.227609396 -0.958019137 -0.174336299
vn 0.506660938 -0.782237768 -0.362489611
vn 0.298232168 -0.940725267 -0.161534801
vn 0.298232168 -0.940725267 -0.161534801
vn 0.359033734 -0.921126306 -0.150402978
vn 0.00435235025 -0.999987662 -0.00236712792
vn 0.42703262 -0.822734952 -0.375166923
vn 0.5245502 -0.75628221 -0.391004056
vn 0.227609396 -0.958019137 -0.174336299
vn -0.645588338 -0.740888417 0.185202524
vn -0.665078878 -0.746657372 0.0131539647
vn -0.195014402 -0.974314511 0.11260888
vn -0.0235975962 -0.979920506 -0.197987556
vn 0.161326453 -0.958839297 -0.233668879
vn 0.159714371 -0.966802776 -0.199458674
vn -0.00207260391 -0.999965727 -0.0080118496
vn 0.159714371 -0.966802776 -0.199458674
vn 0.00435235025 -0.999987662 -0.00236712792
vn -0.195014402 -0.974314511 0.11260888
vn -0.017857587 -0.999442995 0.0281943642
vn -0.25769195 -0.952841163 0.160276711
vn -0.658895135 -0.705703259 0.26046136
vn -0.195014402 -0.974314511 0.11260888
vn -0.25769195 -0.952841163 0.160276711
vn -0.58904475 -0.688849986 -0.422506869
vn -0.238319069 -0.933568239 -0.267683357
vn -0.656350732 -0.732953906 -0.178836137
vn -0.658895135 -0.705703259 0.26046136
vn -0.25769195 -0.952841163 0.160276711
vn -0.645303845 -0.648469746 0.403819054
vn -0.213363394 -0.874722719 0.435127795
vn -0.115502596 -0.664461792 0.738342524
vn -0.301815867 -0.599195063 0.741533816
vn 0.26757437 -0.627554655 0.731149077
vn 0.0862427503 -0.902846873 0.421224117
vn 0.141420037 -0.91369921 0.380990803
vn -0.208912641 -0.953905642 0.215451732
vn -0.0841733143 -0.662128091 0.744648337
vn -0.150293767 -0.826502621 0.542499006
vn 0.00357970805 -0.978682339 0.205348194
vn -0.00614100322 -0.840124965 0.5423581
vn -0.0419533625 -0.926014066 0.375150412
vn 0.00357970805 -0.978682339 0.205348194
vn 0.0862427503 -0.902846873 0.421224117
vn -0.00614100322 -0.840124965 0.5423581
vn -0.0848590136 -0.823405445 -0.561072469
vn -0.0215139836 -0.874763012 -0.484073251
vn -0.0225296915 -0.993497193 -0.111604653
vn -0.0235975962 -0.979920506 -0.197987556
vn 0.159714371 -0.966802776 -0.199458674
vn -0.0225296915 -0.993497193 -0.111604653
vn 0.359033734 -0.921126306 -0.150402978
vn 0.229196876 -0.964733005 -0.129457101
vn 0.00435235025 -0.999987662 -0.00236712792
vn -0.213363394 -0.874722719 0.435127795
vn -0.0442816541 -0.901617825 0.430261046
vn -0.115502596 -0.664461792 0.738342524
vn -0.0442816541 -0.901617825 0.430261046
vn -0.150293767 -0.826502621 0.542499006
vn -0.115404293 -0.798802912 0.590420008
vn -0.281870782 -0.894775927 -0.346301764
vn -0.0095455721 -0.99834758 -0.0566652603
vn -0.238319069 -0.933568239 -0.267683357
vn -0.592437029 -0.601243734 -0.53621304
vn -0.281870782 -0.894775927 -0.346301764
vn -0.238319069 -0.933568239 -0.267683357
vn 0.380335063 -0.803454101 -0.458046675
vn 0.545121372 -0.625700116 -0.557980239
vn 0.42703262 -0.822734952 -0.375166923
vn -0.102828294 -0.857920289 -0.503387451
vn -0.062865749 -0.936993718 -0.343643367
vn -0.144005001 -0.906081736 -0.397842079
vn -0.144005001 -0.906081736 -0.397842079
vn -0.0095455721 -0.99834758 -0.0566652603
vn -0.281870782 -0.894775927 -0.346301764
vn -0.301815867 -0.599195063 0.741533816
vn -0.174346596 -0.949127734 0.262220711
vn -0.213363394 -0.874722719 0.435127795
vn -0.174346596 -0.949127734 0.262220711
vn -0.0442816541 -0.901617825 0.430261046
vn -0.213363394 -0.874722719 0.435127795
vn -0.64983356 -0.753928483 -0.0964785814
vn -0.238319069 -0.933568239 -0.267683357
vn -0.665078878 -0.746657372 0.0131539647
vn 0.060875807 -0.997212052 -0.04315437
vn 0.618126988 -0.785753965 -0.0225749761
vn 0.707495511 -0.69266665 0.140224338
vn -0.337623566 -0.70263052 -0.626355171
vn -0.144005001 -0.906081736 -0.397842079
vn -0.281870782 -0.894775927 -0.346301764
vn -0.25769195 -0.952841163 0.160276711
vn -0.0832499638 -0.963228762 0.255460083
vn -0.313748032 -0.83775264 0.446914762
vn -0.645303845 -0.648469746 0.403819054
vn -0.25769195 -0.952841163 0.160276711
vn -0.313748032 -0.83775264 0.446914762
vn 0.161326453 -0.958839297 -0.233668879
vn 0.380335063 -0.803454101 -0.458046675
vn 0.159714371 -0.966802776 -0.199458674
vn 0.506660938 -0.782237768 -0.362489611
vn 0.658613503 -0.704921961 -0.263274044
vn 0.359033734 -0.921126306 -0.150402978
vn 0.229196876 -0.964733005 -0.129457101
vn 0.060875807 -0.997212052 -0.04315437
vn 0.00435235025 -0.999987662 -0.00236712792
vn 0.0605025031 -0.909681976 -0.410874903
vn 0.161326453 -0.958839297 -0.233668879
vn -0.0235975962 -0.979920506 -0.197987556
vn 0.368744612 -0.844081223 -0.389299929
vn 0.304727823 -0.834498346 -0.459079027
vn 0.622092307 -0.779240429 -0.0760629252
vn -0.062865749 -0.936993718 -0.343643367
vn -0.0225296915 -0.993497193 -0.111604653
vn -0.0117350863 -0.972286284 -0.233498782
vn 0.141420037 -0.91369921 0.380990803
vn 0.362287343 -0.503699005 0.784241915
vn 0.26757437 -0.627554655 0.731149077
vn -0.0442816541 -0.901617825 0.430261046
vn -0.115404293 -0.798802912 0.590420008
vn -0.115502596 -0.664461792 0.738342524
vn -0.00715588359 -0.999901295 0.012090967
vn 0.0862427503 -0.902846873 0.421224117
vn 0.00357970805 -0.978682339 0.205348194
vn -0.250913292 -0.807981491 0.53311193
vn -0.0832499638 -0.963228762 0.255460083
vn -0.167216361 -0.951866508 0.256882936
vn 0.159714371 -0.966802776 -0.199458674
vn 0.227609396 -0.958019137 -0.174336299
vn 0.00435235025 -0.999987662 -0.00236712792
vn -0.0832499638 -0.963228762 0.255460083
vn -0.017857587 -0.999442995 0.0281943642
vn -0.167216361 -0.951866508 0.256882936
vn -0.167216361 -0.951866508 0.256882936
vn -0.017857587 -0.999442995 0.0281943642
vn -0.174346596 -0.949127734 0.262220711
vn -0.661247015 -0.679426432 0.318012983
vn -0.195014402 -0.974314511 0.11260888
vn -0.658895135 -0.705703259 0.26046136
vn 0.298232168 -0.940725267 -0.161534801
vn 0.506660938 -0.782237768 -0.362489611
vn 0.359033734 -0.921126306 -0.150402978
vn 0.971596003 -0.158232659 -0.175964922
vn 0.794022679 -0.606543183 0.0404133424
vn 0.622092307 -0.779240429 -0.0760629252
vn 0.229196876 -0.964733005 -0.129457101
vn 0.368744612 -0.844081223 -0.389299929
vn 0.622092307 -0.779240429 -0.0760629252
vn 0.478199929 -0.458506972 0.749063492
vn 0.141420037 -0.91369921 0.380990803
vn 0.656614602 -0.655167699 0.37364766
vn -0.00614100322 -0.840124965 0.5423581
vn 0.0862427503 -0.902846873 0.421224117
vn 0.0292563178 -0.699863434 0.713677227
vn -0.174346596 -0.949127734 0.262220711
vn -0.00715588359 -0.999901295 0.012090967
vn -0.0409891643 -0.974240243 0.221755922
vn 0.794022679 -0.606543183 0.0404133424
vn 0.618126988 -0.785753965 -0.0225749761
vn 0.060875807 -0.997212052 -0.04315437
vn -0.238319069 -0.933568239 -0.267683357
vn -0.0095455721 -0.99834758 -0.0566652603
vn -0.00207260391 -0.999965727 -0.0080118496
vn -0.0117350863 -0.972286284 -0.233498782
vn -0.0225296915 -0.993497193 -0.111604653
vn -0.0095455721 -0.99834758 -0.0566652603
vn -0.144005001 -0.906081736 -0.397842079
vn -0.0117350863 -0.972286284 -0.233498782
vn -0.0095455721 -0.99834758 -0.0566652603
vn 0.0605025031 -0.909681976 -0.410874903
vn 0.261929452 -0.810470462 -0.523956656
vn 0.161326453 -0.958839297 -0.233668879
vn -0.25769195 -0.952841163 0.160276711
vn -0.017857587 -0.999442995 0.0281943642
vn -0.0832499638 -0.963228762 0.255460083
vn 0.0266068168 -0.87560755 -0.482289881
vn 0.0605025031 -0.909681976 -0.410874903
vn -0.0235975962 -0.979920506 -0.197987556
vn -0.00715588359 -0.999901295 0.012090967
vn -0.0419533625 -0.926014066 0.375150412
vn -0.0409891643 -0.974240243 0.221755922
vn 0.359033734 -0.921126306 -0.150402978
vn 0.536473036 -0.765487373 -0.355282605
vn 0.229196876 -0.964733005 -0.129457101
vn -0.301815867 -0.599195063 0.741533816
vn -0.115502596 -0.664461792 0.738342524
vn -0.187176198 -0.500960112 0.844987571
vn -0.144005001 -0.906081736 -0.397842079
vn -0.062865749 -0.936993718 -0.343643367
vn -0.0117350863 -0.972286284 -0.233498782
vn -0.0235975962 -0.979920506 -0.197987556
vn -0.0225296915 -0.993497193 -0.111604653
vn -0.0215139836 -0.874763012 -0.484073251
vn -0.0215139836 -0.874763012 -0.484073251
vn 0.0266068168 -0.87560755 -0.482289881
vn -0.0235975962 -0.979920506 -0.197987556
vn 0.00435235025 -0.999987662 -0.00236712792
vn 0.227609396 -0.958019137 -0.174336299
vn 0.298232168 -0.940725267 -0.161534801
vn -0.0095455721 -0.99834758 -0.0566652603
vn -0.0225296915 -0.993497193 -0.111604653
vn -0.00207260391 -0.999965727 -0.0080118496
vn -0.58904475 -0.688849986 -0.422506869
vn -0.656350732 -0.732953906 -0.178836137
vn -0.877902508 -0.256268412 -0.404491991
vn -0.0419533625 -0.926014066 0.375150412
vn -0.00715588359 -0.999901295 0.012090967
vn 0.00357970805 -0.978682339 0.205348194
vn -0.250913292 -0.807981491 0.53311193
vn -0.167216361 -0.951866508 0.256882936
vn -0.174346596 -0.949127734 0.262220711
vn -0.592437029 -0.601243734 -0.53621304
vn -0.238319069 -0.933568239 -0.267683357
vn -0.58904475 -0.688849986 -0.422506869
vn -0.656350732 -0.732953906 -0.178836137
vn -0.238319069 -0.933568239 -0.267683357
vn -0.64983356 -0.753928483 -0.0964785814
vn -0.0225296915 -0.993497193 -0.111604653
vn 0.159714371 -0.966802776 -0.199458674
vn -0.00207260391 -0.999965727 -0.0080118496
vn -0.00715588359 -0.999901295 0.012090967
vn 0.656614602 -0.655167699 0.37364766
vn 0.0862427503 -0.902846873 0.421224117
vn 0.656614602 -0.655167699 0.37364766
vn 0.141420037 -0.91369921 0.380990803
vn 0.0862427503 -0.902846873 0.421224117
vn -0.985193014 -0.155524254 -0.072158806
vn -0.64983356 -0.753928483 -0.0964785814
vn -0.665078878 -0.746657372 0.0131539647
vn -0.150293767 -0.826502621 0.542499006
vn -0.0419533625 -0.926014066 0.375150412
vn -0.208912641 -0.953905642 0.215451732
vn 0.229196876 -0.964733005 -0.129457101
vn 0.794022679 -0.606543183 0.0404133424
vn 0.060875807 -0.997212052 -0.04315437
vn 0.229196876 -0.964733005 -0.129457101
vn 0.536473036 -0.765487373 -0.355282605
vn 0.368744612 -0.844081223 -0.389299929
vn 0.141420037 -0.91369921 0.380990803
vn 0.478199929 -0.458506972 0.749063492
vn 0.362287343 -0.503699005 0.784241915
g Group8682
f 72/1/1 310/2/2 290/3/3
f 295/4/4 32/5/5 19/6/6
f 366/7/7 373/8/8 331/9/9
f 342/10/10 37/11/11 304/12/12
f 376/13/13 2/14/14 490/15/15
f 8/16/16 232/17/17 388/18/18
f 166/19/19 218/20/20 239/21/21
f 69/22/22 242/23/23 229/24/24
f 506/25/25 350/26/26 334/27/27
f 397/28/28 225/29/29 42/30/30
f 261/31/31 408/32/32 103/33/33
f 48/34/34 175/35/35 118/36/36
f 203/37/37 524/38/38 373/39/39
f 204/40/40 78/41/41 308/42/42
f 293/43/43 437/44/44 22/45/45
f 498/46/46 435/47/47 413/48/48
f 197/49/49 403/50/50 58/51/51
f 508/52/52 453/53/53 226/54/54
f 486/55/55 275/56/56 13/57/57
f 260/58/58 379/59/59 280/60/60
f 126/61/61 444/62/62 42/63/63
f 12/64/64 440/65/65 339/66/66
f 51/67/67 460/68/68 211/69/69
f 360/70/70 74/71/71 54/72/72
f 387/73/73 118/74/74 175/75/75
f 183/76/76 13/77/77 436/78/78
f 443/79/79 185/80/80 258/81/81
f 132/82/82 424/83/83 349/84/84
f 164/85/85 285/86/86 405/87/87
f 202/88/88 96/89/89 476/90/90
f 76/91/91 266/92/92 57/93/93
f 375/94/94 22/95/95 498/96/96
f 204/97/97 21/98/98 78/99/99
f 192/100/100 290/101/101 310/102/102
f 435/103/103 236/104/104 413/105/105
f 328/106/106 528/107/107 109/108/108
f 194/109/109 68/110/110 138/111/111
f 81/112/112 27/113/113 137/114/114
f 294/115/115 90/116/116 134/117/117
f 473/118/118 369/119/119 147/120/120
f 321/121/121 454/122/122 510/123/123
f 161/124/124 406/125/125 342/126/126
f 218/127/127 309/128/128 110/129/129
f 172/130/130 187/131/131 210/132/132
f 12/133/133 221/134/134 160/135/135
f 386/136/136 520/137/137 128/138/138
f 434/139/139 84/140/140 57/141/141
f 197/142/142 109/143/143 213/144/144
f 181/145/145 327/146/146 45/147/147
f 341/148/148 232/149/149 8/150/150
f 396/151/151 296/152/152 101/153/153
f 452/154/154 184/155/155 519/156/156
f 146/157/157 520/158/158 386/159/159
f 380/160/160 168/161/161 369/162/162
f 250/163/163 40/164/164 67/165/165
f 362/166/166 501/167/167 68/168/168
f 175/169/169 223/170/170 387/171/171
f 41/172/172 90/173/173 418/174/174
f 312/175/175 28/176/176 224/177/177
f 392/178/178 179/179/179 16/180/180
f 72/181/181 132/182/182 349/183/183
f 326/184/184 96/185/185 42/186/186
f 119/187/187 262/188/188 9/189/189
f 232/190/190 503/191/191 299/192/192
f 250/193/193 117/194/194 451/195/195
f 249/196/196 75/197/197 35/198/198
f 201/199/199 141/200/200 123/201/201
f 201/202/202 123/203/203 108/204/204
f 379/205/205 260/206/206 318/207/207
f 181/208/208 371/209/209 310/210/210
f 256/211/211 206/212/212 79/213/213
f 201/214/214 437/215/215 256/216/216
f 463/217/217 410/218/218 277/219/219
f 283/220/220 137/221/221 277/222/222
f 82/223/223 352/224/224 59/225/225
f 331/226/226 45/227/227 327/228/228
f 387/229/229 319/230/230 118/231/231
f 127/232/232 374/233/233 15/234/234
f 239/235/235 218/236/236 384/237/237
f 170/238/238 222/239/239 287/240/240
f 510/241/241 454/242/242 367/243/243
f 385/244/244 389/245/245 131/246/246
f 334/247/247 219/248/248 506/249/249
f 216/250/250 137/251/251 516/252/252
f 420/253/253 95/254/254 422/255/255
f 333/256/256 494/257/257 437/258/258
f 418/259/259 90/260/260 30/261/261
f 30/262/262 90/263/263 294/264/264
f 84/265/265 396/266/266 91/267/267
f 57/268/268 91/269/269 76/270/270
f 295/271/271 518/272/272 32/273/273
f 93/274/274 112/275/275 372/276/276
f 206/277/277 141/278/278 79/279/279
f 77/280/280 210/281/281 53/282/282
f 326/283/283 431/284/284 96/285/285
f 367/286/286 52/287/287 86/288/288
f 367/289/289 186/290/290 52/291/291
f 407/292/292 246/293/293 353/294/294
f 414/295/295 190/296/296 479/297/297
f 184/298/298 452/299/299 100/300/300
f 62/301/301 66/302/302 468/303/303
f 288/304/304 349/305/305 248/306/306
f 262/307/307 145/308/308 9/309/309
f 517/310/310 190/311/311 414/312/312
f 336/313/313 472/314/314 458/315/315
f 103/316/316 18/317/317 50/318/318
f 512/319/319 104/320/320 61/321/321
f 512/322/322 504/323/323 384/324/324
f 160/325/325 126/326/326 12/327/327
f 455/328/328 364/329/329 330/330/330
f 236/331/331 144/332/332 69/333/333
f 188/334/334 104/335/335 512/336/336
f 66/337/337 338/338/338 178/339/339
f 26/340/340 3/341/341 338/342/342
f 506/343/343 27/344/344 350/345/345
f 160/346/346 221/347/347 233/348/348
f 113/349/349 23/350/350 450/351/351
f 116/352/352 252/353/353 276/354/354
f 111/355/355 115/356/356 515/357/357
f 357/358/358 166/359/359 239/360/360
f 31/361/361 121/362/362 117/363/363
f 319/364/364 474/365/365 118/366/366
f 107/367/367 118/368/368 474/369/369
f 9/370/370 145/371/371 503/372/372
f 289/373/373 21/374/374 204/375/375
f 126/376/376 290/377/377 12/378/378
f 319/379/379 281/380/380 15/381/381
f 112/382/382 300/383/383 372/384/384
f 55/385/385 393/386/386 375/387/387
f 427/388/388 460/389/389 51/390/390
f 332/391/391 456/392/392 263/393/393
f 500/394/394 385/395/395 131/396/396
f 258/397/397 358/398/398 231/399/399
f 475/400/400 326/401/401 42/402/402
f 511/403/403 355/404/404 347/405/405
f 336/406/406 25/407/407 136/408/408
f 87/409/409 377/410/410 137/411/411
f 87/412/412 27/413/413 506/414/414
f 295/415/415 392/416/416 16/417/417
f 141/418/418 94/419/419 329/420/420
f 137/421/421 377/422/422 313/423/423
f 108/424/424 243/425/425 240/426/426
f 400/427/427 514/428/428 145/429/429
f 227/430/430 273/431/431 491/432/432
f 8/433/433 282/434/434 149/435/435
f 4/436/436 150/437/437 251/438/438
f 151/439/439 60/440/440 41/441/441
f 63/442/442 152/443/443 522/444/444
f 404/445/445 245/446/446 128/447/447
f 8/448/448 149/449/449 153/450/450
f 341/451/451 348/452/452 189/453/453
f 450/454/454 398/455/455 131/456/456
f 112/457/457 155/458/458 300/459/459
f 251/460/460 150/461/461 89/462/462
f 518/463/463 270/464/464 32/465/465
f 254/466/466 502/467/467 80/468/468
f 27/469/469 160/470/470 233/471/471
f 81/472/472 444/473/473 27/474/474
f 298/475/475 37/476/476 354/477/477
f 298/478/478 472/479/479 274/480/480
f 356/481/481 162/482/482 22/483/483
f 498/484/484 22/485/485 435/486/486
f 153/487/487 255/488/488 311/489/489
f 379/490/490 318/491/491 166/492/492
f 357/493/493 379/494/494 166/495/495
f 167/496/496 82/497/497 59/498/498
f 333/499/499 259/500/500 36/501/501
f 342/502/502 304/503/503 161/504/504
f 390/505/505 171/506/506 177/507/507
f 210/508/508 77/509/509 492/510/510
f 465/511/511 112/512/512 93/513/513
f 11/514/514 73/515/515 158/516/516
f 68/517/517 223/518/518 175/519/519
f 31/520/520 176/521/521 314/522/522
f 439/523/523 177/524/524 171/525/525
f 167/526/526 327/527/527 82/528/528
f 462/529/529 445/530/530 215/531/531
f 178/532/532 275/533/533 488/534/534
f 16/535/535 179/536/536 466/537/537
f 407/538/538 449/539/539 11/540/540
f 310/541/541 6/542/542 181/543/543
f 181/544/544 390/545/545 177/546/546
f 486/547/547 13/548/548 183/549/549
f 425/550/550 199/551/551 38/552/552
f 184/553/553 323/554/554 519/555/555
f 116/556/556 214/557/557 113/558/558
f 132/559/559 358/560/560 424/561/561
f 286/562/562 490/563/563 209/564/564
f 384/565/565 188/566/566 512/567/567
f 110/568/568 309/569/569 388/570/570
f 189/571/571 348/572/572 286/573/573
f 479/574/574 190/575/575 56/576/576
f 65/577/577 507/578/578 56/579/579
f 62/580/580 468/581/581 523/582/582
f 289/583/583 192/584/584 21/585/585
f 192/586/586 238/587/587 21/588/588
f 32/589/589 322/590/590 19/591/591
f 32/592/592 270/593/593 322/594/594
f 197/595/595 328/596/596 109/597/597
f 45/598/598 371/599/599 181/600/600
f 140/601/601 16/602/602 200/603/603
f 79/604/604 141/605/605 201/606/606
f 256/607/607 79/608/608 201/609/609
f 42/610/610 444/611/611 39/612/612
f 378/613/613 376/614/614 203/615/615
f 206/616/616 436/617/617 13/618/618
f 212/619/619 94/620/620 206/621/621
f 453/622/622 207/623/623 389/624/624
f 373/625/625 366/626/626 453/627/627
f 208/628/628 374/629/629 292/630/630
f 208/631/631 364/632/632 15/633/633
f 209/634/634 526/635/635 419/636/636
f 209/637/637 453/638/638 508/639/639
f 95/640/640 187/641/641 159/642/642
f 412/643/643 206/644/644 13/645/645
f 185/646/646 358/647/647 258/648/648
f 128/649/649 245/650/650 470/651/651
f 216/652/652 509/653/653 277/654/654
f 217/655/655 290/656/656 126/657/657
f 166/658/658 318/659/659 218/660/660
f 70/661/661 344/662/662 219/663/663
f 41/664/664 60/665/665 90/666/666
f 134/667/667 90/668/668 60/669/669
f 523/670/670 442/671/671 100/672/672
f 325/673/673 237/674/674 222/675/675
f 501/676/676 362/677/677 97/678/678
f 69/679/679 229/680/680 224/681/681
f 443/682/682 258/683/683 441/684/684
f 385/685/685 500/686/686 525/687/687
f 525/688/688 320/689/689 385/690/690
f 491/691/691 351/692/692 146/693/693
f 433/694/694 229/695/695 402/696/696
f 224/697/697 229/698/698 312/699/699
f 358/700/700 132/701/701 231/702/702
f 132/703/703 431/704/704 326/705/705
f 299/706/706 514/707/707 232/708/708
f 188/709/709 232/710/710 104/711/711
f 527/712/712 155/713/713 112/714/714
f 233/715/715 146/716/716 386/717/717
f 346/718/718 47/719/719 182/720/720
f 10/721/721 473/722/722 279/723/723
f 396/724/724 73/725/725 343/726/726
f 108/727/727 240/728/728 236/729/729
f 238/730/730 310/731/731 487/732/732
f 430/733/733 239/734/734 303/735/735
f 144/736/736 240/737/737 49/738/738
f 236/739/739 240/740/740 144/741/741
f 46/742/742 243/743/743 108/744/744
f 449/745/745 243/746/746 302/747/747
f 450/748/748 23/749/749 398/750/750
f 332/751/751 406/752/752 161/753/753
f 111/754/754 280/755/755 115/756/756
f 420/757/757 355/758/758 88/759/759
f 470/760/760 513/761/761 495/762/762
f 152/763/763 428/764/764 404/765/765
f 11/766/766 246/767/767 407/768/768
f 424/769/769 214/770/770 116/771/771
f 312/772/772 249/773/773 35/774/774
f 116/775/775 450/776/776 252/777/777
f 450/778/778 352/779/779 252/780/780
f 194/781/781 397/782/782 253/783/783
f 194/784/784 253/785/785 271/786/786
f 347/787/787 255/788/788 153/789/789
f 149/790/790 511/791/791 347/792/792
f 302/793/793 329/794/794 449/795/795
f 449/796/796 98/797/797 343/798/798
f 281/799/799 127/800/800 15/801/801
f 258/802/802 475/803/803 441/804/804
f 258/805/805 231/806/806 475/807/807
f 394/808/808 31/809/809 117/810/810
f 169/811/811 259/812/812 20/813/813
f 36/814/814 259/815/815 169/816/816
f 119/817/817 195/818/818 262/819/819
f 398/820/820 263/821/821 500/822/822
f 76/823/823 94/824/824 266/825/825
f 267/826/826 148/827/827 382/828/828
f 364/829/829 455/830/830 122/831/831
f 122/832/832 455/833/833 225/834/834
f 426/835/835 301/836/836 518/837/837
f 471/838/838 195/839/839 270/840/840
f 289/841/841 273/842/842 192/843/843
f 273/844/844 360/845/845 491/846/846
f 332/847/847 161/848/848 456/849/849
f 275/850/850 411/851/851 38/852/852
f 483/853/853 277/854/854 410/855/855
f 81/856/856 137/857/857 283/858/858
f 85/859/859 222/860/860 170/861/861
f 280/862/862 111/863/863 178/864/864
f 281/865/865 467/866/866 257/867/867
f 282/868/868 511/869/869 149/870/870
f 309/871/871 335/872/872 388/873/873
f 483/874/874 283/875/875 277/876/876
f 268/877/877 40/878/878 285/879/879
f 222/880/880 381/881/881 287/882/882
f 445/883/883 287/884/884 34/885/885
f 288/886/886 248/887/887 171/888/888
f 205/889/889 140/890/890 25/891/891
f 360/892/892 273/893/893 289/894/894
f 106/895/895 72/896/896 290/897/897
f 100/898/898 442/899/899 429/900/900
f 100/901/901 429/902/902 24/903/903
f 259/904/904 293/905/905 20/906/906
f 51/907/907 279/908/908 120/909/909
f 84/910/910 296/911/911 396/912/912
f 63/913/913 54/914/914 85/915/915
f 54/916/916 278/917/917 85/918/918
f 372/919/919 300/920/920 128/921/921
f 123/922/922 302/923/923 46/924/924
f 46/925/925 302/926/926 243/927/927
f 239/928/928 384/929/929 504/930/930
f 298/931/931 274/932/932 456/933/933
f 305/934/934 447/935/935 217/936/936
f 96/937/937 431/938/938 476/939/939
f 9/940/940 306/941/941 316/942/942
f 143/943/943 308/944/944 78/945/945
f 140/946/946 200/947/947 25/948/948
f 219/949/949 481/950/950 93/951/951
f 309/952/952 244/953/953 335/954/954
f 411/955/955 436/956/956 4/957/957
f 311/958/958 203/959/959 376/960/960
f 205/961/961 383/962/962 433/963/963
f 364/964/964 474/965/965 15/966/966
f 295/967/967 19/968/968 392/969/969
f 108/970/970 236/971/971 162/972/972
f 260/973/973 77/974/974 318/975/975
f 318/976/976 77/977/977 218/978/978
f 387/979/979 83/980/980 319/981/981
f 186/982/982 320/983/983 52/984/984
f 466/985/985 419/986/986 320/987/987
f 136/988/988 454/989/989 321/990/990
f 136/991/991 102/992/992 336/993/993
f 270/994/994 195/995/995 322/996/996
f 528/997/997 323/998/998 109/999/999
f 325/1000/1000 125/1001/1001 228/1002/1002
f 228/1003/1003 237/1004/1004 325/1005/1005
f 37/1006/1006 129/1007/1007 354/1008/1008
f 231/1009/1009 132/1010/1010 326/1011/1011
f 231/1012/1012 326/1013/1013 475/1014/1014
f 513/1015/1015 428/1016/1016 495/1017/1017
f 181/1018/1018 177/1019/1019 327/1020/1020
f 177/1021/1021 439/1022/1022 327/1023/1023
f 382/1024/1024 47/1025/1025 346/1026/1026
f 329/1027/1027 94/1028/1028 76/1029/1029
f 329/1030/1030 76/1031/1031 98/1032/1032
f 298/1033/1033 269/1034/1034 507/1035/1035
f 210/1036/1036 95/1037/1037 244/1038/1038
f 366/1039/1039 331/1040/1040 167/1041/1041
f 331/1042/1042 327/1043/1043 167/1044/1044
f 89/1045/1045 494/1046/1046 333/1047/1047
f 251/1048/1048 89/1049/1049 337/1050/1050
f 481/1051/1051 465/1052/1052 93/1053/1053
f 335/1054/1054 244/1055/1055 88/1056/1056
f 282/1057/1057 335/1058/1058 511/1059/1059
f 89/1060/1060 333/1061/1061 337/1062/1062
f 272/1063/1063 26/1064/1064 62/1065/1065
f 12/1066/1066 339/1067/1067 221/1068/1068
f 264/1069/1069 69/1070/1070 224/1071/1071
f 521/1072/1072 189/1073/1073 286/1074/1074
f 432/1075/1075 515/1076/1076 115/1077/1077
f 214/1078/1078 185/1079/1079 342/1080/1080
f 343/1081/1081 91/1082/1082 396/1083/1083
f 77/1084/1084 260/1085/1085 492/1086/1086
f 38/1087/1087 199/1088/1088 345/1089/1089
f 323/1090/1090 346/1091/1091 519/1092/1092
f 347/1093/1093 363/1094/1094 255/1095/1095
f 451/1096/1096 204/1097/1097 308/1098/1098
f 451/1099/1099 289/1100/1100 204/1101/1101
f 51/1102/1102 294/1103/1103 279/1104/1104
f 279/1105/1105 294/1106/1106 134/1107/1107
f 464/1108/1108 272/1109/1109 234/1110/1110
f 7/1111/1111 502/1112/1112 464/1113/1113
f 72/1114/1114 349/1115/1115 288/1116/1116
f 27/1117/1117 173/1118/1118 350/1119/1119
f 478/1120/1120 465/1121/1121 481/1122/1122
f 467/1123/1123 477/1124/1124 257/1125/1125
f 146/1126/1126 522/1127/1127 415/1128/1128
f 49/1129/1129 353/1130/1130 163/1131/1131
f 354/1132/1132 129/1133/1133 421/1134/1134
f 355/1135/1135 135/1136/1136 324/1137/1137
f 420/1138/1138 135/1139/1139 355/1140/1140
f 499/1141/1141 317/1142/1142 356/1143/1143
f 437/1144/1144 201/1145/1145 356/1146/1146
f 214/1147/1147 358/1148/1148 185/1149/1149
f 358/1150/1150 214/1151/1151 424/1152/1152
f 359/1153/1153 80/1154/1154 7/1155/1155
f 87/1156/1156 506/1157/1157 219/1158/1158
f 317/1159/1159 108/1160/1160 162/1161/1161
f 194/1162/1162 362/1163/1163 68/1164/1164
f 363/1165/1165 324/1166/1166 67/1167/1167
f 107/1168/1168 122/1169/1169 48/1170/1170
f 364/1171/1171 107/1172/1172 474/1173/1173
f 413/1174/1174 30/1175/1175 55/1176/1176
f 139/1177/1177 187/1178/1178 172/1179/1179
f 453/1180/1180 366/1181/1181 207/1182/1182
f 207/1183/1183 366/1184/1184 167/1185/1185
f 123/1186/1186 141/1187/1187 329/1188/1188
f 340/1189/1189 286/1190/1190 71/1191/1191
f 487/1192/1192 310/1193/1193 371/1194/1194
f 405/1195/1195 285/1196/1196 198/1197/1197
f 75/1198/1198 391/1199/1199 35/1200/1200
f 375/1201/1201 20/1202/1202 293/1203/1203
f 375/1204/1204 293/1205/1205 22/1206/1206
f 490/1207/1207 348/1208/1208 376/1209/1209
f 311/1210/1210 376/1211/1211 348/1212/1212
f 377/1213/1213 87/1214/1214 219/1215/1215
f 255/1216/1216 285/1217/1217 164/1218/1218
f 311/1219/1219 164/1220/1220 524/1221/1221
f 351/1222/1222 491/1223/1223 63/1224/1224
f 119/1225/1225 9/1226/1226 316/1227/1227
f 498/1228/1228 413/1229/1229 55/1230/1230
f 432/1231/1231 115/1232/1232 379/1233/1233
f 53/1234/1234 210/1235/1235 244/1236/1236
f 309/1237/1237 53/1238/1238 244/1239/1239
f 384/1240/1240 110/1241/1241 188/1242/1242
f 218/1243/1243 110/1244/1244 384/1245/1245
f 226/1246/1246 453/1247/1247 389/1248/1248
f 233/1249/1249 386/1250/1250 155/1251/1251
f 188/1252/1252 388/1253/1253 232/1254/1254
f 110/1255/1255 388/1256/1256 188/1257/1257
f 226/1258/1258 389/1259/1259 385/1260/1260
f 86/1261/1261 510/1262/1262 367/1263/1263
f 62/1264/1264 338/1265/1265 66/1266/1266
f 26/1267/1267 338/1268/1268 62/1269/1269
f 390/1270/1270 181/1271/1271 6/1272/1272
f 72/1273/1273 6/1274/1274 310/1275/1275
f 394/1276/1276 117/1277/1277 250/1278/1278
f 16/1279/1279 454/1280/1280 200/1281/1281
f 298/1282/1282 507/1283/1283 65/1284/1284
f 298/1285/1285 65/1286/1286 472/1287/1287
f 266/1288/1288 212/1289/1289 434/1290/1290
f 94/1291/1291 212/1292/1292 266/1293/1293
f 9/1294/1294 341/1295/1295 306/1296/1296
f 71/1297/1297 306/1298/1298 341/1299/1299
f 127/1300/1300 257/1301/1301 459/1302/1302
f 121/1303/1303 31/1304/1304 399/1305/1305
f 330/1306/1306 208/1307/1307 56/1308/1308
f 398/1309/1309 332/1310/1310 263/1311/1311
f 406/1312/1312 332/1313/1313 398/1314/1314
f 399/1315/1315 14/1316/1316 125/1317/1317
f 14/1318/1318 314/1319/1319 235/1320/1320
f 400/1321/1321 496/1322/1322 101/1323/1323
f 4/1324/1324 401/1325/1325 150/1326/1326
f 229/1327/1327 105/1328/1328 402/1329/1329
f 322/1330/1330 195/1331/1331 119/1332/1332
f 353/1333/1333 426/1334/1334 163/1335/1335
f 522/1336/1336 152/1337/1337 415/1338/1338
f 39/1339/1339 444/1340/1340 81/1341/1341
f 39/1342/1342 81/1343/1343 483/1344/1344
f 398/1345/1345 23/1346/1346 406/1347/1347
f 23/1348/1348 342/1349/1349 406/1350/1350
f 240/1351/1351 407/1352/1352 49/1353/1353
f 103/1354/1354 408/1355/1355 18/1356/1356
f 178/1357/1357 111/1358/1358 275/1359/1359
f 409/1360/1360 380/1361/1361 369/1362/1362
f 505/1363/1363 410/1364/1364 253/1365/1365
f 253/1366/1366 410/1367/1367 18/1368/1368
f 38/1369/1369 411/1370/1370 425/1371/1371
f 440/1372/1372 290/1373/1373 192/1374/1374
f 413/1375/1375 264/1376/1376 30/1377/1377
f 8/1378/1378 348/1379/1379 341/1380/1380
f 75/1381/1381 414/1382/1382 391/1383/1383
f 152/1384/1384 404/1385/1385 415/1386/1386
f 417/1387/1387 62/1388/1388 191/1389/1389
f 100/1390/1390 452/1391/1391 191/1392/1392
f 224/1393/1393 41/1394/1394 418/1395/1395
f 419/1396/1396 179/1397/1397 71/1398/1398
f 397/1399/1399 194/1400/1400 138/1401/1401
f 244/1402/1402 420/1403/1403 88/1404/1404
f 225/1405/1405 397/1406/1406 138/1407/1407
f 354/1408/1408 421/1409/1409 455/1410/1410
f 356/1411/1411 201/1412/1412 499/1413/1413
f 135/1414/1414 420/1415/1415 422/1416/1416
f 423/1417/1417 197/1418/1418 58/1419/1419
f 116/1420/1420 248/1421/1421 424/1422/1422
f 424/1423/1423 248/1424/1424 349/1425/1425
f 139/1426/1426 159/1427/1427 187/1428/1428
f 199/1429/1429 425/1430/1430 411/1431/1431
f 517/1432/1432 472/1433/1433 65/1434/1434
f 102/1435/1435 472/1436/1436 336/1437/1437
f 235/1438/1438 254/1439/1439 148/1440/1440
f 354/1441/1441 269/1442/1442 298/1443/1443
f 428/1444/1444 152/1445/1445 63/1446/1446
f 63/1447/1447 85/1448/1448 428/1449/1449
f 517/1450/1450 65/1451/1451 190/1452/1452
f 190/1453/1453 65/1454/1454 56/1455/1455
f 37/1456/1456 342/1457/1457 185/1458/1458
f 129/1459/1459 37/1460/1460 185/1461/1461
f 128/1462/1462 300/1463/1463 386/1464/1464
f 442/1465/1465 291/1466/1466 429/1467/1467
f 303/1468/1468 434/1469/1469 430/1470/1470
f 312/1471/1471 383/1472/1472 249/1473/1473
f 67/1474/1474 394/1475/1475 250/1476/1476
f 324/1477/1477 484/1478/1478 67/1479/1479
f 432/1480/1480 379/1481/1481 357/1482/1482
f 28/1483/1483 41/1484/1484 224/1485/1485
f 382/1486/1486 359/1487/1487 47/1488/1488
f 22/1489/1489 162/1490/1490 435/1491/1491
f 236/1492/1492 435/1493/1493 162/1494/1494
f 378/1495/1495 203/1496/1496 373/1497/1497
f 44/1498/1498 130/1499/1499 427/1500/1500
f 427/1501/1501 130/1502/1502 497/1503/1503
f 333/1504/1504 437/1505/1505 259/1506/1506
f 259/1507/1507 437/1508/1508 293/1509/1509
f 171/1510/1510 82/1511/1511 439/1512/1512
f 150/1513/1513 256/1514/1514 494/1515/1515
f 222/1516/1516 423/1517/1517 381/1518/1518
f 222/1519/1519 237/1520/1520 423/1521/1521
f 214/1522/1522 342/1523/1523 23/1524/1524
f 82/1525/1525 327/1526/1526 439/1527/1527
f 421/1528/1528 443/1529/1529 225/1530/1530
f 339/1531/1531 440/1532/1532 227/1533/1533
f 443/1534/1534 441/1535/1535 225/1536/1536
f 441/1537/1537 42/1538/1538 225/1539/1539
f 468/1540/1540 66/1541/1541 442/1542/1542
f 360/1543/1543 289/1544/1544 74/1545/1545
f 74/1546/1546 289/1547/1547 121/1548/1548
f 444/1549/1549 126/1550/1550 160/1551/1551
f 160/1552/1552 27/1553/1553 444/1554/1554
f 445/1555/1555 170/1556/1556 287/1557/1557
f 398/1558/1558 500/1559/1559 131/1560/1560
f 40/1561/1561 250/1562/1562 143/1563/1563
f 7/1564/1564 234/1565/1565 47/1566/1566
f 447/1567/1567 72/1568/1568 106/1569/1569
f 217/1570/1570 447/1571/1571 106/1572/1572
f 116/1573/1573 113/1574/1574 450/1575/1575
f 292/1576/1576 60/1577/1577 151/1578/1578
f 99/1579/1579 292/1580/1580 151/1581/1581
f 121/1582/1582 451/1583/1583 117/1584/1584
f 451/1585/1585 121/1586/1586 289/1587/1587
f 182/1588/1588 417/1589/1589 452/1590/1590
f 452/1591/1591 417/1592/1592 191/1593/1593
f 171/1594/1594 276/1595/1595 82/1596/1596
f 257/1597/1597 477/1598/1598 380/1599/1599
f 238/1600/1600 78/1601/1601 21/1602/1602
f 483/1603/1603 410/1604/1604 505/1605/1605
f 456/1606/1606 274/1607/1607 461/1608/1608
f 94/1609/1609 141/1610/1610 206/1611/1611
f 458/1612/1612 25/1613/1613 336/1614/1614
f 458/1615/1615 205/1616/1616 25/1617/1617
f 134/1618/1618 459/1619/1619 10/1620/1620
f 278/1621/1621 325/1622/1622 222/1623/1623
f 85/1624/1624 278/1625/1625 222/1626/1626
f 329/1627/1627 98/1628/1628 449/1629/1629
f 427/1630/1630 497/1631/1631 460/1632/1632
f 136/1633/1633 461/1634/1634 102/1635/1635
f 321/1636/1636 263/1637/1637 461/1638/1638
f 428/1639/1639 445/1640/1640 495/1641/1641
f 277/1642/1642 509/1643/1643 463/1644/1644
f 464/1645/1645 26/1646/1646 272/1647/1647
f 464/1648/1648 139/1649/1649 26/1650/1650
f 173/1651/1651 465/1652/1652 478/1653/1653
f 466/1654/1654 186/1655/1655 367/1656/1656
f 466/1657/1657 320/1658/1658 186/1659/1659
f 363/1660/1660 67/1661/1661 268/1662/1662
f 67/1663/1663 40/1664/1664 268/1665/1665
f 319/1666/1666 467/1667/1667 281/1668/1668
f 523/1669/1669 468/1670/1670 442/1671/1671
f 382/1672/1672 148/1673/1673 359/1674/1674
f 255/1675/1675 164/1676/1676 311/1677/1677
f 469/1678/1678 341/1679/1679 9/1680/1680
f 503/1681/1681 232/1682/1682 341/1683/1683
f 495/1684/1684 215/1685/1685 470/1686/1686
f 471/1687/1687 246/1688/1688 158/1689/1689
f 471/1690/1690 158/1691/1691 195/1692/1692
f 247/1693/1693 50/1694/1694 216/1695/1695
f 448/1696/1696 247/1697/1697 216/1698/1698
f 295/1699/1699 16/1700/1700 140/1701/1701
f 472/1702/1702 414/1703/1703 75/1704/1704
f 238/1705/1705 192/1706/1706 310/1707/1707
f 314/1708/1708 399/1709/1709 31/1710/1710
f 42/1711/1711 96/1712/1712 202/1713/1713
f 442/1714/1714 345/1715/1715 291/1716/1716
f 42/1717/1717 202/1718/1718 126/1719/1719
f 388/1720/1720 335/1721/1721 282/1722/1722
f 388/1723/1723 282/1724/1724 8/1725/1725
f 149/1726/1726 347/1727/1727 153/1728/1728
f 474/1729/1729 319/1730/1730 15/1731/1731
f 441/1732/1732 475/1733/1733 42/1734/1734
f 27/1735/1735 87/1736/1736 137/1737/1737
f 482/1738/1738 103/1739/1739 50/1740/1740
f 57/1741/1741 84/1742/1742 91/1743/1743
f 3/1744/1744 26/1745/1745 172/1746/1746
f 431/1747/1747 447/1748/1748 476/1749/1749
f 173/1750/1750 233/1751/1751 465/1752/1752
f 380/1753/1753 477/1754/1754 168/1755/1755
f 7/1756/1756 464/1757/1757 234/1758/1758
f 361/1759/1759 241/1760/1760 29/1761/1761
f 418/1762/1762 30/1763/1763 264/1764/1764
f 524/1765/1765 371/1766/1766 373/1767/1767
f 274/1768/1768 472/1769/1769 102/1770/1770
f 274/1771/1771 102/1772/1772 461/1773/1773
f 391/1774/1774 414/1775/1775 479/1776/1776
f 31/1777/1777 394/1778/1778 176/1779/1779
f 334/1780/1780 478/1781/1781 481/1782/1782
f 219/1783/1783 334/1784/1784 481/1785/1785
f 99/1786/1786 151/1787/1787 41/1788/1788
f 85/1789/1789 170/1790/1790 445/1791/1791
f 445/1792/1792 428/1793/1793 85/1794/1794
f 81/1795/1795 283/1796/1796 483/1797/1797
f 23/1798/1798 113/1799/1799 214/1800/1800
f 42/1801/1801 39/1802/1802 397/1803/1803
f 176/1804/1804 394/1805/1805 484/1806/1806
f 67/1807/1807 484/1808/1808 394/1809/1809
f 3/1810/1810 172/1811/1811 492/1812/1812
f 131/1813/1813 389/1814/1814 154/1815/1815
f 352/1816/1816 131/1817/1817 154/1818/1818
f 56/1819/1819 208/1820/1820 292/1821/1821
f 227/1822/1822 192/1823/1823 273/1824/1824
f 180/1825/1825 407/1826/1826 240/1827/1827
f 491/1828/1828 54/1829/1829 63/1830/1830
f 158/1831/1831 246/1832/1832 11/1833/1833
f 253/1834/1834 18/1835/1835 271/1836/1836
f 528/1837/1837 328/1838/1838 346/1839/1839
f 72/1840/1840 390/1841/1841 6/1842/1842
f 72/1843/1843 288/1844/1844 390/1845/1845
f 275/1846/1846 486/1847/1847 183/1848/1848
f 198/1849/1849 78/1850/1850 487/1851/1851
f 198/1852/1852 487/1853/1853 405/1854/1854
f 383/1855/1855 75/1856/1856 249/1857/1857
f 383/1858/1858 458/1859/1859 75/1860/1860
f 220/1861/1861 489/1862/1862 38/1863/1863
f 488/1864/1864 489/1865/1865 220/1866/1866
f 47/1867/1867 234/1868/1868 182/1869/1869
f 155/1870/1870 386/1871/1871 300/1872/1872
f 285/1873/1873 143/1874/1874 198/1875/1875
f 198/1876/1876 143/1877/1877 78/1878/1878
f 227/1879/1879 491/1880/1880 339/1881/1881
f 209/1882/1882 2/1883/1883 453/1884/1884
f 224/1885/1885 418/1886/1886 264/1887/1887
f 3/1888/1888 492/1889/1889 260/1890/1890
f 399/1891/1891 314/1892/1892 14/1893/1893
f 89/1894/1894 150/1895/1895 494/1896/1896
f 370/1897/1897 325/1898/1898 121/1899/1899
f 370/1900/1900 125/1901/1901 325/1902/1902
f 125/1903/1903 14/1904/1904 228/1905/1905
f 144/1906/1906 49/1907/1907 163/1908/1908
f 154/1909/1909 59/1910/1910 352/1911/1911
f 148/1912/1912 254/1913/1913 80/1914/1914
f 161/1915/1915 304/1916/1916 456/1917/1917
f 456/1918/1918 304/1919/1919 298/1920/1920
f 423/1921/1921 267/1922/1922 197/1923/1923
f 411/1924/1924 251/1925/1925 416/1926/1926
f 467/1927/1927 83/1928/1928 477/1929/1929
f 83/1930/1930 467/1931/1931 319/1932/1932
f 291/1933/1933 345/1934/1934 124/1935/1935
f 401/1936/1936 206/1937/1937 256/1938/1938
f 408/1939/1939 271/1940/1940 18/1941/1941
f 445/1942/1942 462/1943/1943 495/1944/1944
f 495/1945/1945 462/1946/1946 215/1947/1947
f 255/1948/1948 268/1949/1949 285/1950/1950
f 35/1951/1951 391/1952/1952 99/1953/1953
f 396/1954/1954 101/1955/1955 174/1956/1956
f 241/1957/1957 176/1958/1958 484/1959/1959
f 314/1960/1960 176/1961/1961 241/1962/1962
f 197/1963/1963 267/1964/1964 382/1965/1965
f 29/1966/1966 159/1967/1967 502/1968/1968
f 174/1969/1969 101/1970/1970 496/1971/1971
f 442/1972/1972 38/1973/1973 345/1974/1974
f 211/1975/1975 497/1976/1976 30/1977/1977
f 108/1978/1978 499/1979/1979 201/1980/1980
f 14/1981/1981 148/1982/1982 267/1983/1983
f 178/1984/1984 488/1985/1985 66/1986/1986
f 500/1987/1987 86/1988/1988 525/1989/1989
f 86/1990/1990 500/1991/1991 510/1992/1992
f 223/1993/1993 501/1994/1994 97/1995/1995
f 68/1996/1996 501/1997/1997 223/1998/1998
f 91/1999/1999 98/2000/2000 76/2001/2001
f 98/2002/2002 91/2003/2003 343/2004/2004
f 436/2005/2005 401/2006/2006 4/2007/2007
f 436/2008/2008 206/2009/2009 401/2010/2010
f 29/2011/2011 502/2012/2012 361/2013/2013
f 254/2014/2014 361/2015/2015 502/2016/2016
f 491/2017/2017 360/2018/2018 54/2019/2019
f 9/2020/2020 503/2021/2021 469/2022/2022
f 35/2023/2023 99/2024/2024 28/2025/2025
f 136/2026/2026 321/2027/2027 461/2028/2028
f 466/2029/2029 367/2030/2030 16/2031/2031
f 123/2032/2032 46/2033/2033 108/2034/2034
f 303/2035/2035 265/2036/2036 296/2037/2037
f 74/2038/2038 278/2039/2039 54/2040/2040
f 10/2041/2041 369/2042/2042 473/2043/2043
f 265/2044/2044 504/2045/2045 61/2046/2046
f 57/2047/2047 266/2048/2048 434/2049/2049
f 389/2050/2050 59/2051/2051 154/2052/2052
f 397/2053/2053 505/2054/2054 253/2055/2055
f 84/2056/2056 434/2057/2057 303/2058/2058
f 84/2059/2059 303/2060/2060 296/2061/2061
f 479/2062/2062 56/2063/2063 292/2064/2064
f 122/2065/2065 107/2066/2066 364/2067/2067
f 450/2068/2068 131/2069/2069 352/2070/2070
f 502/2071/2071 159/2072/2072 139/2073/2073
f 316/2074/2074 322/2075/2075 119/2076/2076
f 322/2077/2077 316/2078/2078 19/2079/2079
f 350/2080/2080 478/2081/2081 334/2082/2082
f 350/2083/2083 173/2084/2084 478/2085/2085
f 29/2086/2086 95/2087/2087 159/2088/2088
f 355/2089/2089 324/2090/2090 363/2091/2091
f 130/2092/2092 393/2093/2093 55/2094/2094
f 40/2095/2095 143/2096/2096 285/2097/2097
f 465/2098/2098 527/2099/2099 112/2100/2100
f 526/2101/2101 209/2102/2102 508/2103/2103
f 286/2104/2104 348/2105/2105 490/2106/2106
f 107/2107/2107 48/2108/2108 118/2109/2109
f 74/2110/2110 297/2111/2111 278/2112/2112
f 487/2113/2113 371/2114/2114 405/2115/2115
f 518/2116/2116 301/2117/2117 471/2118/2118
f 50/2119/2119 509/2120/2120 216/2121/2121
f 463/2122/2122 509/2123/2123 50/2124/2124
f 316/2125/2125 71/2126/2126 179/2127/2127
f 153/2128/2128 311/2129/2129 348/2130/2130
f 19/2131/2131 316/2132/2132 392/2133/2133
f 316/2134/2134 179/2135/2135 392/2136/2136
f 321/2137/2137 500/2138/2138 263/2139/2139
f 391/2140/2140 479/2141/2141 99/2142/2142
f 99/2143/2143 479/2144/2144 292/2145/2145
f 3/2146/2146 260/2147/2147 280/2148/2148
f 500/2149/2149 321/2150/2150 510/2151/2151
f 443/2152/2152 129/2153/2153 185/2154/2154
f 129/2155/2155 443/2156/2156 421/2157/2157
f 61/2158/2158 504/2159/2159 512/2160/2160
f 411/2161/2161 183/2162/2162 436/2163/2163
f 275/2164/2164 183/2165/2165 411/2166/2166
f 244/2167/2167 95/2168/2168 420/2169/2169
f 459/2170/2170 409/2171/2171 10/2172/2172
f 10/2173/2173 409/2174/2174 369/2175/2175
f 456/2176/2176 461/2177/2177 263/2178/2178
f 412/2179/2179 212/2180/2180 206/2181/2181
f 234/2182/2182 417/2183/2183 182/2184/2184
f 242/2185/2185 105/2186/2186 229/2187/2187
f 163/2188/2188 105/2189/2189 242/2190/2190
f 335/2191/2191 88/2192/2192 511/2193/2193
f 55/2194/2194 30/2195/2195 497/2196/2196
f 157/2197/2197 411/2198/2198 416/2199/2199
f 187/2200/2200 95/2201/2201 210/2202/2202
f 513/2203/2203 470/2204/2204 245/2205/2205
f 345/2206/2206 199/2207/2207 365/2208/2208
f 511/2209/2209 88/2210/2210 355/2211/2211
f 171/2212/2212 248/2213/2213 276/2214/2214
f 116/2215/2215 276/2216/2216 248/2217/2217
f 363/2218/2218 268/2219/2219 255/2220/2220
f 205/2221/2221 402/2222/2222 140/2223/2223
f 130/2224/2224 55/2225/2225 497/2226/2226
f 25/2227/2227 200/2228/2228 136/2229/2229
f 382/2230/2230 346/2231/2231 328/2232/2232
f 382/2233/2233 328/2234/2234 197/2235/2235
f 290/2236/2236 440/2237/2237 12/2238/2238
f 209/2239/2239 490/2240/2240 2/2241/2241
f 492/2242/2242 172/2243/2243 210/2244/2244
f 221/2245/2245 146/2246/2246 233/2247/2247
f 47/2248/2248 359/2249/2249 7/2250/2250
f 339/2251/2251 146/2252/2252 221/2253/2253
f 437/2254/2254 356/2255/2255 22/2256/2256
f 134/2257/2257 60/2258/2258 459/2259/2259
f 180/2260/2260 240/2261/2261 243/2262/2262
f 514/2263/2263 104/2264/2264 232/2265/2265
f 148/2266/2266 80/2267/2267 359/2268/2268
f 218/2269/2269 53/2270/2270 309/2271/2271
f 218/2272/2272 77/2273/2273 53/2274/2274
f 343/2275/2275 11/2276/2276 449/2277/2277
f 430/2278/2278 212/2279/2279 515/2280/2280
f 432/2281/2281 430/2282/2282 515/2283/2283
f 80/2284/2284 502/2285/2285 7/2286/2286
f 448/2287/2287 216/2288/2288 516/2289/2289
f 313/2290/2290 448/2291/2291 516/2292/2292
f 208/2293/2293 15/2294/2294 374/2295/2295
f 313/2296/2296 516/2297/2297 137/2298/2298
f 301/2299/2299 246/2300/2300 471/2301/2301
f 414/2302/2302 472/2303/2303 517/2304/2304
f 378/2305/2305 373/2306/2306 453/2307/2307
f 237/2308/2308 228/2309/2309 267/2310/2310
f 463/2311/2311 18/2312/2312 410/2313/2313
f 376/2314/2314 378/2315/2315 453/2316/2316
f 241/2317/2317 235/2318/2318 314/2319/2319
f 245/2320/2320 428/2321/2321 513/2322/2322
f 215/2323/2323 445/2324/2324 34/2325/2325
f 338/2326/2326 3/2327/2327 280/2328/2328
f 280/2329/2329 178/2330/2330 338/2331/2331
f 92/2332/2332 426/2333/2333 518/2334/2334
f 92/2335/2335 518/2336/2336 295/2337/2337
f 515/2338/2338 212/2339/2339 43/2340/2340
f 179/2341/2341 419/2342/2342 466/2343/2343
f 217/2344/2344 106/2345/2345 290/2346/2346
f 10/2347/2347 279/2348/2348 134/2349/2349
f 150/2350/2350 401/2351/2351 256/2352/2352
f 269/2353/2353 330/2354/2354 507/2355/2355
f 519/2356/2356 346/2357/2357 182/2358/2358
f 182/2359/2359 452/2360/2360 519/2361/2361
f 520/2362/2362 415/2363/2363 404/2364/2364
f 520/2365/2365 146/2366/2366 415/2367/2367
f 402/2368/2368 92/2369/2369 140/2370/2370
f 140/2371/2371 92/2372/2372 295/2373/2373
f 341/2374/2374 521/2375/2375 71/2376/2376
f 341/2377/2377 189/2378/2378 521/2379/2379
f 121/2380/2380 399/2381/2381 370/2382/2382
f 352/2383/2383 82/2384/2384 252/2385/2385
f 256/2386/2386 437/2387/2387 494/2388/2388
f 521/2389/2389 286/2390/2390 340/2391/2391
f 45/2392/2392 331/2393/2393 373/2394/2394
f 373/2395/2395 371/2396/2396 45/2397/2397
f 411/2398/2398 157/2399/2399 365/2400/2400
f 312/2401/2401 229/2402/2402 433/2403/2403
f 312/2404/2404 433/2405/2405 383/2406/2406
f 29/2407/2407 422/2408/2408 95/2409/2409
f 241/2410/2410 484/2411/2411 135/2412/2412
f 324/2413/2413 135/2414/2414 484/2415/2415
f 356/2416/2416 317/2417/2417 162/2418/2418
f 400/2419/2419 145/2420/2420 496/2421/2421
f 522/2422/2422 351/2423/2423 63/2424/2424
f 146/2425/2425 351/2426/2426 522/2427/2427
f 238/2428/2428 487/2429/2429 78/2430/2430
f 320/2431/2431 226/2432/2432 385/2433/2433
f 508/2434/2434 226/2435/2435 320/2436/2436
f 507/2437/2437 330/2438/2438 56/2439/2439
f 367/2440/2440 454/2441/2441 16/2442/2442
f 374/2443/2443 127/2444/2444 60/2445/2445
f 292/2446/2446 374/2447/2447 60/2448/2448
f 520/2449/2449 404/2450/2450 128/2451/2451
f 71/2452/2452 286/2453/2453 419/2454/2454
f 209/2455/2455 419/2456/2456 286/2457/2457
f 329/2458/2458 302/2459/2459 123/2460/2460
f 488/2461/2461 220/2462/2462 66/2463/2463
f 135/2464/2464 422/2465/2465 241/2466/2466
f 2/2467/2467 376/2468/2468 453/2469/2469
f 343/2470/2470 73/2471/2471 11/2472/2472
f 51/2473/2473 211/2474/2474 294/2475/2475
f 211/2476/2476 30/2477/2477 294/2478/2478
f 55/2479/2479 375/2480/2480 498/2481/2481
f 70/2482/2482 219/2483/2483 93/2484/2484
f 212/2485/2485 430/2486/2486 434/2487/2487
f 353/2488/2488 301/2489/2489 426/2490/2490
f 407/2491/2491 353/2492/2492 49/2493/2493
f 347/2494/2494 355/2495/2495 363/2496/2496
f 180/2497/2497 243/2498/2498 449/2499/2499
f 504/2500/2500 265/2501/2501 303/2502/2502
f 504/2503/2503 303/2504/2504 239/2505/2505
f 39/2506/2506 505/2507/2507 397/2508/2508
f 202/2509/2509 476/2510/2510 305/2511/2511
f 237/2512/2512 267/2513/2513 423/2514/2514
f 191/2515/2515 523/2516/2516 100/2517/2517
f 191/2518/2518 62/2519/2519 523/2520/2520
f 35/2521/2521 28/2522/2522 312/2523/2523
f 459/2524/2524 257/2525/2525 409/2526/2526
f 121/2527/2527 325/2528/2528 297/2529/2529
f 74/2530/2530 121/2531/2531 297/2532/2532
f 195/2533/2533 73/2534/2534 496/2535/2535
f 524/2536/2536 203/2537/2537 311/2538/2538
f 499/2539/2539 108/2540/2540 317/2541/2541
f 101/2542/2542 61/2543/2543 104/2544/2544
f 101/2545/2545 265/2546/2546 61/2547/2547
f 496/2548/2548 262/2549/2549 195/2550/2550
f 164/2551/2551 371/2552/2552 524/2553/2553
f 496/2554/2554 145/2555/2555 262/2556/2556
f 122/2557/2557 225/2558/2558 138/2559/2559
f 43/2560/2560 412/2561/2561 13/2562/2562
f 497/2563/2563 211/2564/2564 460/2565/2565
f 515/2566/2566 43/2567/2567 111/2568/2568
f 402/2569/2569 105/2570/2570 92/2571/2571
f 426/2572/2572 92/2573/2573 105/2574/2574
f 455/2575/2575 269/2576/2576 354/2577/2577
f 411/2578/2578 4/2579/2579 251/2580/2580
f 269/2581/2581 455/2582/2582 330/2583/2583
f 280/2584/2584 379/2585/2585 115/2586/2586
f 14/2587/2587 235/2588/2588 148/2589/2589
f 316/2590/2590 306/2591/2591 71/2592/2592
f 271/2593/2593 362/2594/2594 194/2595/2595
f 396/2596/2596 174/2597/2597 73/2598/2598
f 458/2599/2599 383/2600/2600 205/2601/2601
f 431/2602/2602 132/2603/2603 72/2604/2604
f 97/2605/2605 271/2606/2606 408/2607/2607
f 271/2608/2608 97/2609/2609 362/2610/2610
f 277/2611/2611 137/2612/2612 216/2613/2613
f 413/2614/2614 69/2615/2615 264/2616/2616
f 104/2617/2617 400/2618/2618 101/2619/2619
f 400/2620/2620 104/2621/2621 514/2622/2622
f 440/2623/2623 192/2624/2624 227/2625/2625
f 69/2626/2626 413/2627/2627 236/2628/2628
f 241/2629/2629 361/2630/2630 235/2631/2631
f 52/2632/2632 525/2633/2633 86/2634/2634
f 52/2635/2635 320/2636/2636 525/2637/2637
f 526/2638/2638 508/2639/2639 320/2640/2640
f 419/2641/2641 526/2642/2642 320/2643/2643
f 233/2644/2644 155/2645/2645 527/2646/2646
f 233/2647/2647 527/2648/2648 465/2649/2649
f 451/2650/2650 308/2651/2651 250/2652/2652
f 272/2653/2653 62/2654/2654 417/2655/2655
f 164/2656/2656 405/2657/2657 371/2658/2658
f 37/2659/2659 298/2660/2660 304/2661/2661
f 503/2662/2662 341/2663/2663 469/2664/2664
f 83/2665/2665 168/2666/2666 477/2667/2667
f 276/2668/2668 252/2669/2669 82/2670/2670
f 471/2671/2671 270/2672/2672 518/2673/2673
f 220/2674/2674 38/2675/2675 442/2676/2676
f 491/2677/2677 146/2678/2678 339/2679/2679
f 138/2680/2680 68/2681/2681 48/2682/2682
f 235/2683/2683 361/2684/2684 254/2685/2685
f 127/2686/2686 459/2687/2687 60/2688/2688
f 127/2689/2689 281/2690/2690 257/2691/2691
f 174/2692/2692 496/2693/2693 73/2694/2694
f 447/2695/2695 431/2696/2696 72/2697/2697
f 417/2698/2698 234/2699/2699 272/2700/2700
f 139/2701/2701 172/2702/2702 26/2703/2703
f 167/2704/2704 59/2705/2705 207/2706/2706
f 389/2707/2707 207/2708/2708 59/2709/2709
f 404/2710/2710 428/2711/2711 245/2712/2712
f 111/2713/2713 43/2714/2714 275/2715/2715
f 43/2716/2716 13/2717/2717 275/2718/2718
f 370/2719/2719 399/2720/2720 125/2721/2721
f 472/2722/2722 75/2723/2723 458/2724/2724
f 27/2725/2725 233/2726/2726 173/2727/2727
f 514/2728/2728 299/2729/2729 145/2730/2730
f 145/2731/2731 299/2732/2732 503/2733/2733
f 199/2734/2734 411/2735/2735 365/2736/2736
f 502/2737/2737 139/2738/2738 464/2739/2739
f 18/2740/2740 463/2741/2741 50/2742/2742
f 228/2743/2743 14/2744/2744 267/2745/2745
f 423/2746/2746 58/2747/2747 381/2748/2748
f 433/2749/2749 402/2750/2750 205/2751/2751
f 257/2752/2752 380/2753/2753 409/2754/2754
f 275/2755/2755 489/2756/2756 488/2757/2757
f 275/2758/2758 38/2759/2759 489/2760/2760
f 138/2761/2761 48/2762/2762 122/2763/2763
f 297/2764/2764 325/2765/2765 278/2766/2766
f 353/2767/2767 246/2768/2768 301/2769/2769
f 163/2770/2770 426/2771/2771 105/2772/2772
f 348/2773/2773 8/2774/2774 153/2775/2775
f 71/2776/2776 521/2777/2777 340/2778/2778
f 442/2779/2779 66/2780/2780 220/2781/2781
f 144/2782/2782 163/2783/2783 69/2784/2784
f 163/2785/2785 242/2786/2786 69/2787/2787
f 422/2788/2788 29/2789/2789 241/2790/2790
f 136/2791/2791 200/2792/2792 454/2793/2793
f 372/2794/2794 70/2795/2795 93/2796/2796
f 305/2797/2797 217/2798/2798 126/2799/2799
f 305/2800/2800 126/2801/2801 202/2802/2802
f 390/2803/2803 288/2804/2804 171/2805/2805
f 208/2806/2806 330/2807/2807 364/2808/2808
f 158/2809/2809 73/2810/2810 195/2811/2811
f 250/2812/2812 308/2813/2813 143/2814/2814
f 296/2815/2815 265/2816/2816 101/2817/2817
f 449/2818/2818 407/2819/2819 180/2820/2820
f 43/2821/2821 212/2822/2822 412/2823/2823
f 447/2824/2824 305/2825/2825 476/2826/2826
f 432/2827/2827 357/2828/2828 430/2829/2829
f 39/2830/2830 483/2831/2831 505/2832/2832
f 68/2833/2833 175/2834/2834 48/2835/2835
f 528/2836/2836 346/2837/2837 323/2838/2838
f 28/2839/2839 99/2840/2840 41/2841/2841
f 357/2842/2842 239/2843/2843 430/2844/2844
f 455/2845/2845 421/2846/2846 225/2847/2847
f 493/2848/2848 165/2849/2849 368/2850/2850
f 165/2851/2851 485/2852/2852 368/2853/2853
f 480/2854/2854 120/2855/2855 473/2856/2856
f 368/2857/2857 485/2858/2858 344/2859/2859
f 165/2860/2860 33/2861/2861 168/2862/2862
f 287/2863/2863 493/2864/2864 368/2865/2865
f 142/2866/2866 17/2867/2867 247/2868/2868
f 287/2869/2869 368/2870/2870 1/2871/2871
f 156/2872/2872 36/2873/2873 457/2874/2874
f 372/2875/2875 307/2876/2876 70/2877/2877
f 485/2878/2878 165/2879/2879 168/2880/2880
f 17/2881/2881 103/2882/2882 247/2883/2883
f 184/2884/2884 100/2885/2885 24/2886/2886
f 315/2887/2887 493/2888/2888 287/2889/2889
f 429/2890/2890 291/2891/2891 124/2892/2892
f 427/2893/2893 51/2894/2894 120/2895/2895
f 124/2896/2896 345/2897/2897 284/2898/2898
f 34/2899/2899 1/2900/2900 215/2901/2901
f 169/2902/2902 20/2903/2903 457/2904/2904
f 344/2905/2905 17/2906/2906 142/2907/2907
f 33/2908/2908 369/2909/2909 168/2910/2910
f 337/2911/2911 36/2912/2912 156/2913/2913
f 251/2914/2914 337/2915/2915 446/2916/2916
f 457/2917/2917 20/2918/2918 133/2919/2919
f 133/2920/2920 393/2921/2921 165/2922/2922
f 36/2923/2923 169/2924/2924 457/2925/2925
f 34/2926/2926 287/2927/2927 1/2928/2928
f 193/2929/2929 446/2930/2930 156/2931/2931
f 493/2932/2932 156/2933/2933 165/2934/2934
f 1/2935/2935 368/2936/2936 196/2937/2937
f 470/2938/2938 1/2939/2939 196/2940/2940
f 213/2941/2941 315/2942/2942 403/2943/2943
f 470/2944/2944 196/2945/2945 128/2946/2946
f 5/2947/2947 313/2948/2948 219/2949/2949
f 223/2950/2950 97/2951/2951 64/2952/2952
f 482/2953/2953 50/2954/2954 247/2955/2955
f 438/2956/2956 261/2957/2957 103/2958/2958
f 438/2959/2959 97/2960/2960 261/2961/2961
f 345/2962/2962 365/2963/2963 284/2964/2964
f 193/2965/2965 156/2966/2966 284/2967/2967
f 393/2968/2968 480/2969/2969 165/2970/2970
f 5/2971/2971 142/2972/2972 313/2973/2973
f 142/2974/2974 247/2975/2975 448/2976/2976
f 323/2977/2977 395/2978/2978 315/2979/2979
f 109/2980/2980 323/2981/2981 315/2982/2982
f 337/2983/2983 333/2984/2984 36/2985/2985
f 429/2986/2986 124/2987/2987 24/2988/2988
f 24/2989/2989 395/2990/2990 323/2991/2991
f 219/2992/2992 344/2993/2993 5/2994/2994
f 344/2995/2995 142/2996/2996 5/2997/2997
f 58/2998/2998 315/2999/2999 287/3000/3000
f 33/3001/3001 147/3002/3002 369/3003/3003
f 184/3004/3004 24/3005/3005 323/3006/3006
f 196/3007/3007 307/3008/3008 372/3009/3009
f 128/3010/3010 196/3011/3011 372/3012/3012
f 446/3013/3013 337/3014/3014 156/3015/3015
f 20/3016/3016 375/3017/3017 393/3018/3018
f 480/3019/3019 33/3020/3020 165/3021/3021
f 416/3022/3022 446/3023/3023 193/3024/3024
f 44/3025/3025 427/3026/3026 120/3027/3027
f 124/3028/3028 284/3029/3029 114/3030/3030
f 64/3031/3031 387/3032/3032 223/3033/3033
f 142/3034/3034 448/3035/3035 313/3036/3036
f 485/3037/3037 97/3038/3038 438/3039/3039
f 70/3040/3040 307/3041/3041 230/3042/3042
f 156/3043/3043 457/3044/3044 165/3045/3045
f 307/3046/3046 368/3047/3047 230/3048/3048
f 230/3049/3049 368/3050/3050 344/3051/3051
f 215/3052/3052 1/3053/3053 470/3054/3054
f 133/3055/3055 20/3056/3056 393/3057/3057
f 279/3058/3058 473/3059/3059 120/3060/3060
f 480/3061/3061 44/3062/3062 120/3063/3063
f 83/3064/3064 64/3065/3065 168/3066/3066
f 261/3067/3067 97/3068/3068 408/3069/3069
f 344/3070/3070 485/3071/3071 17/3072/3072
f 473/3073/3073 147/3074/3074 33/3075/3075
f 315/3076/3076 395/3077/3077 493/3078/3078
f 114/3079/3079 284/3080/3080 395/3081/3081
f 24/3082/3082 114/3083/3083 395/3084/3084
f 416/3085/3085 251/3086/3086 446/3087/3087
f 196/3088/3088 368/3089/3089 307/3090/3090
f 157/3091/3091 416/3092/3092 193/3093/3093
f 485/3094/3094 103/3095/3095 17/3096/3096
f 393/3097/3097 130/3098/3098 480/3099/3099
f 219/3100/3100 313/3101/3101 377/3102/3102
f 24/3103/3103 124/3104/3104 114/3105/3105
f 193/3106/3106 284/3107/3107 365/3108/3108
f 365/3109/3109 157/3110/3110 193/3111/3111
f 165/3112/3112 457/3113/3113 133/3114/3114
f 395/3115/3115 284/3116/3116 493/3117/3117
f 213/3118/3118 403/3119/3119 197/3120/3120
f 103/3121/3121 485/3122/3122 438/3123/3123
f 70/3124/3124 230/3125/3125 344/3126/3126
f 109/3127/3127 315/3128/3128 213/3129/3129
f 403/3130/3130 315/3131/3131 58/3132/3132
f 284/3133/3133 156/3134/3134 493/3135/3135
f 485/3136/3136 168/3137/3137 97/3138/3138
f 168/3139/3139 64/3140/3140 97/3141/3141
f 381/3142/3142 58/3143/3143 287/3144/3144
f 247/3145/3145 103/3146/3146 482/3147/3147
f 480/3148/3148 473/3149/3149 33/3150/3150
f 480/3151/3151 130/3152/3152 44/3153/3153
f 64/3154/3154 83/3155/3155 387/3156/3156
