# File exported by Houdini 16.5.405 (www.sidefx.com)
# 499 points
# 2982 vertices
# 994 primitives
# Bounds: [-40.1190491, -1.34735489, -20.8442116] to [40.1353912, 40.2741737, 20.8431549]
g 
v 30.5550537 22.4508209 17.9917507
v 36.11129 5.57792664 -4.85074472
v -33.7930374 31.8393402 -1.57034743
v -0.23238349 12.3407021 -19.3782883
v 10.6693373 -1.16265106 -0.112729497
v -7.23902893 32.8014793 16.980442
v 30.2397938 9.47427368 -16.3058872
v -38.4025726 13.8307476 -11.602294
v 2.00091505 20.052845 -17.4857903
v 32.4665527 6.873909 13.8365231
v 36.9763336 16.9695091 -18.9803371
v 29.0508671 24.7561512 -20.8023167
v -38.7694855 16.6601448 4.18166399
v -8.11000729 16.0921593 -18.6500454
v -9.29297733 40.0084457 3.41724157
v -18.9517422 0.366706848 5.87180567
v -1.89182293 26.3111706 -10.3352461
v -15.2300901 -1.32583618 0.928569973
v 36.1676483 37.161087 1.99447131
v -39.6942673 6.36821747 -2.1495831
v 36.7236481 35.9394531 3.11557889
v -37.7815704 27.4533215 -1.6470499
v 34.0359192 0.190177917 -1.19569802
v 37.2395325 21.6094379 -19.5892696
v 21.9721565 10.6212521 18.05019
v -16.3413734 16.4178963 -17.9880486
v 21.34688 22.088398 -20.4989662
v -3.02833247 11.8773212 16.3420143
v -13.4359074 37.5422745 -0.444705486
v 26.239994 1.00566101 9.17387104
v 33.2758713 35.1113129 11.1822433
v -2.42237139 0.317176819 -5.99975824
v 1.64856744 36.661026 13.621418
v 3.01947784 30.8010101 20.4182644
v -35.9412384 16.0357113 -13.8250504
v 26.0453758 30.9224358 -15.4297981
v 15.7715902 -0.984514236 -6.89990187
v -30.2559624 17.5854053 20.8186626
v 26.0145721 6.15872574 -15.2894144
v 19.9153595 37.7458878 12.4045076
v -35.9790649 10.7199535 17.5054226
v 34.803627 5.63077927 11.4937096
v -12.6957712 15.0586662 -18.8462677
v 34.9723206 31.8391647 -14.8506098
v 23.9521999 28.6516457 20.3862343
v -37.4354019 7.24212265 -5.18233347
v 40.0562363 13.8875446 -9.89099026
v -33.5107651 0.0893211365 5.10452366
v 7.53057432 39.4299011 10.4507771
v 10.6589174 0.456363678 -9.2156477
v -38.2887497 15.1523914 19.5166874
v 0.392642438 22.3662834 -15.2707815
v 31.0073109 31.3470459 15.5363607
v -38.4947281 22.4023895 -8.72638988
v 16.0708084 34.4715958 -9.39181232
v 34.7617569 7.40970993 11.948844
v -38.7086945 17.4353104 -11.4650335
v 32.2210617 31.7077026 -16.5779343
v 11.5171585 11.0441284 20.1640854
v 23.2817688 39.8103218 -4.40150309
v 4.16527367 -1.10485458 3.3736825
v 12.0535851 14.2734108 -20.8442116
v 31.7031212 37.8911743 11.0211649
v -36.1490555 30.9022789 6.39528942
v 13.3978319 39.5202675 1.414801
v 34.8523483 3.14373398 -3.68573451
v -36.3578339 4.44356155 10.2634754
v -10.6801004 0.591365814 5.47397804
v -28.0743828 35.6521034 0.649687529
v 5.24121761 18.1604481 -19.4443607
v 23.038269 39.8841591 7.87680244
v 40.0479889 17.6598377 -8.97524261
v -29.4471359 14.1101685 20.4316025
v 31.9496994 -1.34501839 3.90615797
v 38.0043182 21.9104137 -17.776701
v -29.4086971 36.0328407 2.01529002
v 2.05378914 39.964695 2.26671696
v 31.6429024 3.47160053 -7.66830063
v 31.8585224 12.774889 16.9351616
v -35.4599228 21.5819073 19.2203217
v 35.9824982 26.596468 -18.8688431
v -2.29179454 39.2125854 0.609699011
v -10.8702011 29.0435486 20.5412903
v 8.79626083 30.0979996 -7.54130936
v 24.759491 0.565803528 -11.5503445
v -38.7595367 20.2230988 -6.46986198
v -28.0412636 23.0073586 20.8282166
v 28.6050987 18.0018368 -20.7119274
v 35.9684219 10.4098816 -1.24963796
v -18.29916 38.0490875 0.910656512
v 34.0895309 38.1843147 5.37134409
v -29.5660343 27.5217266 15.4466391
v 35.5003662 1.20265579 0.931245983
v -24.7127438 -1.17324448 1.10279346
v 28.4334564 39.9547348 1.25933599
v 26.7957859 19.2325382 18.8700905
v -4.72428608 14.4919777 -19.1324806
v 38.7057114 12.5048237 -11.1469917
v -36.3908539 28.9366188 10.4479332
v 15.616663 20.442009 20.5214005
v 19.1248322 40.1597977 3.74315643
v 39.6196289 17.4791718 -14.6374722
v -6.47356606 12.0886459 -17.7247639
v -37.3675385 28.8186073 4.52822971
v 23.5834465 -0.503471375 7.87476587
v -33.685257 -0.130065918 3.90700126
v 31.4112568 26.6685104 14.5276222
v -3.47045517 37.1874313 12.713254
v 28.5086937 -1.34735489 -2.280828
v 0.13454251 23.7247639 -12.4811668
v 34.4328308 38.8694572 -1.79714286
v -5.87601566 -1.03857803 2.93592048
v 21.5623951 2.02816772 -13.152277
v -4.85909224 39.5294876 7.53282976
v 3.76919365 25.4333534 -12.2323647
v -30.7512913 7.27399063 -6.80080557
v 19.9431896 -0.656761169 -9.54349899
v -11.526536 37.6473007 7.22168827
v -38.6328735 9.24638748 15.4392424
v 31.6752281 20.1166077 -20.7844238
v 8.20405674 5.82380676 15.6171684
v 25.5170517 40.0069084 -2.39313841
v 25.6723442 -0.52878952 -9.55794144
v 30.5853519 30.629425 17.9357204
v -36.591774 15.3217659 20.2902393
v 7.0194087 17.341362 -20.2273159
v -37.7641373 18.0926342 -12.3886786
v 19.407486 39.6589355 9.90309143
v 30.0056572 34.2243462 -13.9746208
v -38.752121 5.96862793 9.08266068
v 32.9352951 9.38761902 15.5428143
v -12.8270226 13.9977303 -18.2847595
v -3.09263635 0.590942383 4.90187454
v 15.1092396 34.930687 -6.40145445
v -25.3259869 15.2336197 -16.4010906
v -39.2486496 8.9383812 13.4378853
v 30.6120224 -0.492923737 6.85076857
v 20.8191166 38.5696449 -6.45945358
v 7.98999643 16.1318264 20.7115211
v -6.19163752 35.0630264 -3.02896738
v 34.6613083 34.5503578 -10.4693241
v 34.7659225 -0.702922821 2.55542922
v 8.55283737 26.3449364 -13.970377
v 4.30234003 40.1951828 6.90839386
v -39.5136795 14.0764942 -10.0786963
v -30.7122002 24.3786964 19.2383595
v 23.5087337 37.8045959 -9.45510578
v -11.993268 -0.805463791 3.33157301
v 6.77865505 30.0545197 20.8422413
v 15.6271191 -1.11219788 7.75076389
v -19.3281269 -1.32125854 -0.0705424994
v 12.9111986 38.2320366 -0.00898149982
v 22.1780434 21.0776997 -20.7282314
v -29.5561142 35.4489174 3.58822465
v 12.3568535 34.0153847 16.7861805
v 31.5267735 -1.31837082 -0.508316517
v -25.924324 -0.954547882 4.26841116
v 8.41790962 16.1214828 -20.6688271
v 18.2486076 35.1400223 -10.0098457
v -0.376227468 38.5222244 -0.0816664994
v -3.73228621 29.9858589 20.8021793
v 10.6782169 -0.743473053 -7.40971851
v 30.4183826 0.213363647 -5.93601322
v 29.274065 39.2354889 -3.7525239
v -36.7678986 23.9685116 16.9972649
v 34.6498108 2.17094421 9.29269886
v -28.0672588 24.8590336 20.0040779
v -5.88211393 -0.983394623 -2.05038905
v 33.5671616 14.0675201 -17.9851646
v -37.6500931 21.3310204 17.4868641
v 38.7855148 24.455904 -6.66844273
v -8.43205261 26.5746536 -10.0804234
v -33.7053375 12.3628845 19.0516357
v 26.5605011 3.24681473 -13.2617149
v -35.2147369 31.4582214 1.27446151
v 10.4592524 0.136741638 9.72446918
v 14.7096901 -0.0111274719 -9.40798187
v 36.2279816 21.6789646 -20.1324806
v -31.3856468 8.3660059 14.7840452
v -14.666852 39.385006 2.3821609
v 15.5877438 37.5935593 -0.626367033
v 35.2821121 18.2465267 -19.9946365
v -1.00235844 -1.11811829 2.02664757
v -19.9303493 15.6661682 20.8156033
v -11.4279432 39.1968002 1.44130933
v 20.5301075 39.9763947 1.06584108
v 19.2219963 -0.0207366943 -10.6319475
v -38.1688309 25.3713589 -5.49724817
v 29.4090576 -0.682661057 -4.89139557
v 7.24618626 14.0095711 -20.7806854
v 35.077179 38.9148788 1.34608507
v -34.5928574 17.4516525 20.6277275
v 16.72435 36.4417763 -3.25268507
v -29.1651897 17.2123451 -15.0089321
v 31.015089 8.49000549 -14.4493027
v 33.5805283 39.500248 -0.172748998
v -3.52420807 16.38871 20.8431549
v -40.0902176 5.4128809 3.02600646
v 6.88196278 31.2115021 -6.00812912
v 34.3424911 26.4139347 -20.5213852
v 16.8436337 39.2217407 10.9496975
v 26.7990837 0.621799469 -10.7395086
v 2.56635189 27.8259468 -8.6233387
v 22.2031765 8.99368668 16.9902725
v 24.0108986 -1.3440361 5.94900036
v -22.1519489 14.3966331 -16.6414318
v 29.1129742 39.5377274 8.37104511
v 5.14659882 27.1976814 -9.78222847
v 19.3529415 20.1568317 20.0529003
v -19.6998653 33.6287537 10.2064161
v 34.5223465 0.55770874 7.41890812
v -18.6552181 17.937067 -16.4998322
v 6.11112499 27.4581604 -10.7931871
v -23.1824837 25.6218128 20.6676292
v 33.4965744 27.8737869 -19.9258804
v -0.443499029 13.6199703 -19.7179928
v 19.6752644 39.3682365 0.0644410029
v -23.2656212 37.6798553 2.19765806
v 39.8921432 15.5163612 -13.204442
v -5.01917839 16.2868671 -18.81744
v -38.689003 19.7382622 -10.7733526
v -29.29039 0.0954170227 5.77592897
v 14.9137173 39.8852768 10.0218496
v 34.564949 -0.913448334 4.44634533
v -31.7994423 13.8966064 -13.8232975
v 4.04107904 31.8017464 -5.66613054
v 29.9902611 32.4753265 16.6528835
v -30.2718716 20.4652653 20.7029762
v -10.0289192 39.2119331 5.31862593
v 8.64557743 27.5123367 -12.6794844
v -31.4633007 15.2038326 -14.7183313
v 37.8022079 9.87373543 -5.7557025
v -9.37318516 14.119978 -18.6541538
v -37.7594299 17.1449986 19.7108879
v -0.35404247 2.74638748 6.88685083
v 34.0411453 11.5173931 13.2148867
v 35.3836975 29.1522446 -17.8883553
v 39.1986618 11.745491 -9.01541138
v 34.1850739 39.3896675 2.23831344
v 2.22845197 0.236457825 4.68174362
v 14.2946453 23.9796963 20.6924915
v -6.42235947 37.0640831 11.3103838
v -35.8742752 23.7081413 18.3260345
v 37.6476364 27.504673 -8.79500484
v 7.00979137 11.1345043 20.7326889
v -38.8770142 9.74598694 -7.56566763
v 28.037878 6.29655933 -14.7181454
v 21.8720226 -1.09528732 -8.49067402
v -30.7652435 16.2446575 -14.9856806
v 37.3887634 33.2261581 1.01844859
v 33.6134186 12.3751144 -16.6869717
v 19.6798267 4.37007904 13.0791168
v -37.296875 26.1002998 12.1158857
v 14.5389471 24.7744274 -16.6237011
v -23.9736595 -1.33731461 2.88456011
v 9.35671234 0.51632309 9.63782692
v -7.63758135 17.233902 -17.9761162
v -33.9968338 32.2207718 -0.508757472
v 35.6503677 5.98448563 -1.77079487
v 14.3021793 19.4098797 -20.4855042
v -29.166275 1.03622055 -0.281493008
v -17.8907681 15.4608631 -18.1628571
v -39.7359009 12.8421116 -8.36698532
v 31.8293896 34.7906761 14.0251274
v -5.55396175 17.8246346 -17.7638054
v -7.9851346 40.0261841 2.39306855
v 34.4282913 1.16333771 -2.06106758
v -4.96080685 15.8586292 20.4075031
v 20.0565109 29.2214241 20.7786293
v -38.5556183 16.154047 10.5092201
v -9.85969162 29.8961067 19.8878269
v -13.6974077 -1.29012299 2.25399184
v -38.0996933 19.3664341 8.23775482
v 17.5333118 39.99963 7.32914352
v 22.4510956 30.1907959 20.1792412
v -38.0093079 22.8162384 5.4722476
v -1.91027355 39.935936 1.70567346
v -9.11831093 36.3514862 10.5039959
v 36.3369827 5.65446472 -4.15335989
v 4.35402632 24.2341595 -14.433075
v 17.3291645 11.8437881 19.2254028
v -35.2213669 32.0588493 6.42032051
v 8.15919399 40.1515388 2.79968143
v 31.7747383 36.7639847 12.3443546
v -23.6256542 37.3851204 1.4181509
v 35.4919128 2.74344254 -2.05879998
v 23.3356018 4.83860016 -14.9136572
v -4.48852158 38.1266899 10.6261082
v -36.6804962 7.53518295 13.7202682
v 17.9847679 -1.30511475 7.08160162
v -31.464138 35.0342331 3.17597747
v 19.7232437 1.14003754 -12.0065479
v 9.6857357 40.0233574 9.67921066
v -39.2806778 3.55878162 1.86010683
v 31.0580921 28.7202301 16.6201019
v 35.0570221 -0.162830353 3.61166644
v 1.04993856 14.2032681 20.8096428
v 7.60462666 -1.18574905 3.09758067
v 31.9501095 23.5856228 15.2946415
v -36.3862991 17.2050877 -13.543458
v -1.77065694 39.1521111 9.31124783
v 24.4712734 2.67399597 -13.4593372
v -0.80400753 -0.929325104 -4.11894369
v 21.005249 26.8122349 20.5997086
v 15.3846207 -0.545021057 8.70578098
v 4.11141825 39.7799683 8.63773632
v 3.34294844 39.0060005 0.635708988
v 3.0594697 14.0978394 -20.5242195
v -40.1190491 4.28359222 1.85232496
v 26.4000816 36.7171326 12.9797363
v 2.07668591 -1.12766647 2.37047696
v -36.7672653 16.3196888 20.3214684
v 19.0278206 38.1453476 -4.51374674
v 32.6353149 25.6006622 -20.8320427
v 5.28308296 23.2376041 -15.6313362
v 14.1001091 28.7827301 20.7818851
v 35.9316559 33.16185 -7.12289381
v 37.1050034 9.03359604 -8.30904198
v -4.70755863 40.1502419 4.90236473
v -0.0632160008 17.316679 -19.1324806
v -9.88692284 16.4247322 20.8377399
v 30.4872665 26.6830978 17.8486862
v 31.5566387 38.6558228 9.76789856
v 37.783783 8.9315834 -6.77431488
v 38.3108215 20.35116 -17.903738
v 24.1219139 38.6766663 -7.45246983
v -37.5007477 25.0384045 -6.76322365
v -3.20751119 30.7281666 20.220768
v 23.9946594 -0.259384155 -10.471427
v -10.3165483 15.503191 20.4523869
v 12.1151495 33.4997673 -4.26562405
v -0.0478550009 16.1051083 -19.7751579
v 24.188673 29.8033333 20.2874756
v 26.4399147 38.3022957 -7.50978851
v -37.6036072 24.6776848 10.2079611
v 5.12890291 28.1547585 -8.69507599
v 11.5387449 -1.00401688 -6.71875906
v -29.4912567 -1.04527473 4.12566757
v 29.1968632 6.13039112 -13.5752964
v 34.5071716 7.90356445 1.57233751
v 39.5004349 21.4028168 -6.8028183
v 2.80862141 15.5399323 -20.3382454
v -29.7354584 -1.26759338 3.2211647
v 14.219223 39.9263306 2.45420504
v 32.3535995 6.75180435 -10.5455217
v 29.9987144 30.4880905 18.4096432
v 5.88829613 9.94733429 19.4292431
v -29.9612255 -0.712579727 2.32231855
v -1.616979 -0.778438568 2.9334259
v 8.71663189 39.831749 1.84009743
v 8.02168179 29.1030178 -9.63749981
v 11.0200586 10.4004498 19.8784103
v 36.4413834 35.2197495 3.84825659
v -10.2585688 -0.825019836 -2.87087536
v -38.9555359 17.5409451 -10.175189
v 19.8719425 31.3652706 -13.3136377
v -3.71145058 40.2319946 3.70559359
v -13.7425976 17.8548927 -17.4688358
v -12.5875025 29.0519695 19.9328003
v 33.0597 -0.763792038 -0.631209016
v 34.9127502 35.9945602 6.79281807
v 17.0424023 37.0522232 -1.61610305
v 13.2421703 40.1899338 5.06554222
v -13.0706787 16.3889942 -18.3991852
v 33.55439 -1.17123032 1.890468
v 3.26974058 -0.73670578 -5.94188786
v 18.944212 37.0609589 -7.97583675
v 30.8693657 30.4067154 15.9137754
v 6.25556231 40.2741737 3.79274154
v -5.09739494 17.340477 -18.4209576
v 27.8252773 -1.15139389 -4.74803638
v 10.898037 30.8405571 20.4065285
v 33.6062698 7.76902008 14.368041
v -8.85875797 38.1838226 7.66669989
v 27.8630695 39.8595276 5.18747854
v 18.4916763 22.1710205 -19.6851349
v 26.1715126 -0.981538773 -8.03994846
v 11.6123571 15.4237671 20.5450706
v 14.6117001 31.1858444 19.7940941
v -39.7696152 6.24456406 7.15779495
v -36.0960083 24.2968445 17.5818405
v 8.74280453 28.7469521 -11.1106539
v 23.1716461 -1.21486664 -7.09630108
v -35.3047028 14.7741013 -13.686059
v 35.2815857 12.1720009 -14.6605539
v 34.7018433 4.24475861 11.1435652
v 30.5321827 31.9611244 16.7178364
v -34.8573914 32.6768532 5.14123583
v -37.2881317 16.2945709 -12.8978682
v -8.65112495 39.8559227 4.74300909
v -33.2287445 1.96486282 7.73764038
v 0.809092999 0.151317596 4.18267536
v 35.0343781 37.7285652 -2.11003947
v -35.9057999 31.1529675 4.05530548
v 21.7445736 38.5637131 -7.46181774
v 0.35354799 3.6073885 7.82199049
v -35.8752365 18.0685387 -13.1498919
v 13.2309589 20.3542881 -19.6029816
v -24.9839153 37.1872864 2.52499962
v 29.6877556 35.3861427 -11.9254665
v -39.0834351 12.7064152 7.22405815
v -34.7757721 13.2318153 19.4995136
v 14.359396 -1.10442352 -5.81141567
v 28.133852 39.6980095 -2.81128073
v 40.1353912 15.6276569 -11.8247318
v -18.4898491 -0.748512268 3.88431382
v -23.7701797 17.5314617 -15.8968077
v 13.0161467 -1.06227303 6.05947495
v 27.1419945 -0.535049438 -8.52843952
v 39.978241 14.238678 -11.3268566
v 20.1460838 37.0563507 -8.89046097
v 33.1877365 -0.656856537 5.754632
v -26.3551235 24.2582359 20.7888832
v -24.3589706 0.507190704 6.4355216
v 12.8156128 33.4305763 -5.07354069
v -13.4489536 24.8464699 -11.4657917
v -26.4411755 15.3811245 20.7950153
v -39.9536514 7.1842041 -2.29303145
v 6.36498785 30.6700897 20.6394844
v 25.4720383 37.3337097 -10.2532492
v 5.20311117 25.7534294 -12.7948761
v 19.312973 39.9656296 1.85204005
v -38.8551254 8.40107727 -5.86025476
v 9.23945236 11.2316208 20.5865021
v 38.6938248 21.3950825 -14.7501507
v 22.8101559 39.5605927 9.86870575
v -12.6941528 15.7439404 20.8115196
v -39.0526962 17.4160748 -4.38240051
v -4.72667313 -0.804653168 -4.188169
v 39.1385117 19.1764488 -16.1520844
v -17.7681065 15.0579414 20.5053349
v -8.4267025 14.793251 -18.9036579
v 20.0273819 6.53622818 15.0631685
v 28.0445213 29.8621311 19.1120415
v -36.8033142 14.0031891 -12.7582941
v -21.8260994 15.1374359 20.799612
v 0.321846515 29.4606476 -7.66501141
v 31.6903038 13.799427 17.189333
v 5.87218332 19.7126045 -18.501749
v -2.89523053 20.2707119 -15.7043638
v 33.0247192 26.6666565 -20.6582966
v 7.62820864 -0.620334625 5.82625294
v -27.0162678 36.817028 2.22524643
v 33.1998749 39.6804733 3.19986057
v 37.2349854 18.6252079 -19.7529564
v -1.32670343 20.7408409 -16.3302727
v 6.5944643 -0.281459808 6.48115635
v -12.1599865 36.796608 -1.35405207
v -33.7007446 0.705028534 6.17118979
v 36.1771393 18.9576607 -20.0611343
v 10.5382957 1.05056 10.7639408
v 22.1985416 40.1361961 3.06213021
v -1.41181946 -0.699874878 -4.85405445
v -35.1472931 1.62020111 5.75331736
v -14.945302 33.3785706 12.5015707
v 37.5022812 17.4900608 -18.8421459
v 27.9424591 24.8794155 -20.5721092
v 6.33807087 10.5737553 20.4008503
v 14.5525551 15.0500641 20.12747
v 34.5530396 36.0386696 -7.72764111
v 18.7227554 39.50914 1.02184057
v 18.7514801 15.0588646 -20.5936146
v -1.84581804 40.1903572 2.82561088
v -6.93943214 30.8589554 19.820055
v 18.3988724 29.9570446 20.7496452
v -38.6067657 12.8404198 -10.9874706
v 35.9184494 37.44207 2.79103208
v -36.8169861 27.7147217 11.3405886
v 19.1468964 15.8316803 -20.8191376
v 9.73529816 -0.307476044 7.932868
v -6.48408508 13.6647987 -18.7935181
v 12.2332678 40.1707573 3.59036517
v -37.7903595 22.304987 12.0026178
v 14.438323 -1.26371765 5.25301743
v 11.8576603 37.3125381 -0.954331458
v -9.93264961 12.7088394 -17.6028214
v -3.16414952 15.4071522 20.5418453
v 13.8322992 31.8068695 -11.1186962
v 33.8984909 10.8696804 4.03105211
v 6.86983728 36.6657104 13.8037176
v 17.3266945 36.4162941 -6.77598572
v 33.7652283 39.6144371 1.05757749
v -3.84704137 15.6623116 20.3882141
v 10.6996393 27.949255 -13.2991714
v 35.3500214 1.87937164 -1.50628781
v 1.04243696 23.7126293 -12.6395445
v 19.0392723 10.2219219 18.3846245
v -11.0170355 28.2879066 20.8293571
v -21.9874477 15.474205 -17.282196
v 24.173399 -1.06472778 -8.80377483
v 35.3548813 1.17961884 -0.624598503
v 7.66980743 8.26212788 18.1102867
v -28.8983555 35.9149017 1.36278749
v -8.74787426 19.6160488 -16.0084076
v 25.7197971 1.45787048 -12.2158337
v -6.83519745 30.0792847 20.6409492
v 15.5138168 -0.438961029 -8.60136986
v -37.0069733 29.4902992 5.55136156
v -37.7272949 18.9975395 -11.9150753
vt 0.504056156 0.234833479 0
vt 0.438197136 0.2904405 0
vt 0.374714583 0.262842864 0
vt 0.415055454 0.523813009 0
vt 0.565038264 0.598712385 0
vt 0.445389211 0.639961779 0
vt 0.899551928 0.111705333 0
vt 0.81407696 0.250536829 0
vt 0.834935606 0.116666347 0
vt 0.0875809491 0.7014516 0
vt 0.216225356 0.862160802 0
vt 0.172290072 0.919722319 0
vt 0.757522702 0.398395598 0
vt 0.742254019 0.531493962 0
vt 0.69411242 0.439267218 0
vt 0.794908762 0.758114576 0
vt 0.662632704 0.774728239 0
vt 0.697269857 0.674144983 0
vt 0.8703655 0.858811557 0
vt 0.840477288 0.915342927 0
vt 0.79514116 0.819755256 0
vt 0.650167346 0.685852289 0
vt 0.531812906 0.765074193 0
vt 0.576622963 0.698447347 0
vt 0.246090174 0.897727489 0
vt 0.242899835 0.951001465 0
vt 0.214449316 0.91890645 0
vt 0.97444123 0.112669617 0
vt 0.81407696 0.250536829 0
vt 0.899551928 0.111705333 0
vt 0.465895951 0.439300597 0
vt 0.565038264 0.598712385 0
vt 0.430566967 0.452383131 0
vt 0.913862884 0.875524759 0
vt 0.947426498 0.904883325 0
vt 0.840477288 0.915342927 0
vt 0.166627482 0.287841797 0
vt 0.240849003 0.314563483 0
vt 0.20083271 0.345572233 0
vt 0.0435726568 0.792916656 0
vt 0.0875809491 0.7014516 0
vt 0.172290072 0.919722319 0
vt 0.120867655 0.716425061 0
vt 0.259678036 0.769140422 0
vt 0.221368074 0.820412099 0
vt 0.657920837 0.493940413 0
vt 0.607993603 0.338340521 0
vt 0.675688386 0.378913254 0
vt 0.169741079 0.543278992 0
vt 0.134215891 0.62507838 0
vt 0.106648058 0.574166238 0
vt 0.0870940834 0.430063874 0
vt 0.0444327742 0.539291859 0
vt 0.0630576536 0.46220848 0
vt 0.0778962523 0.894174516 0
vt 0.0373721495 0.874203801 0
vt 0.0533164181 0.816289902 0
vt 0.0630576536 0.46220848 0
vt 0.0444327742 0.539291859 0
vt 0.0478951782 0.503122985 0
vt 0.662632704 0.774728239 0
vt 0.531812906 0.765074193 0
vt 0.650167346 0.685852289 0
vt 0.553047121 0.258797735 0
vt 0.518913567 0.3391518 0
vt 0.438197136 0.2904405 0
vt 0.294098675 0.478532434 0
vt 0.331393063 0.469982266 0
vt 0.286498517 0.505540311 0
vt 0.979958773 0.188171655 0
vt 0.960473895 0.279213428 0
vt 0.832701385 0.485319644 0
vt 0.234245554 0.100135043 0
vt 0.259102434 0.0921296999 0
vt 0.229927704 0.118083268 0
vt 0.0289837979 0.199096113 0
vt 0.0563298613 0.115150124 0
vt 0.0850095451 0.151105061 0
vt 0.598898947 0.188994914 0
vt 0.772408903 0.135856122 0
vt 0.714599311 0.30117169 0
vt 0.858200192 0.823890686 0
vt 0.79514116 0.819755256 0
vt 0.860392928 0.770563543 0
vt 0.395445377 0.637350202 0
vt 0.329653382 0.600163579 0
vt 0.384289443 0.551671267 0
vt 0.302937359 0.274649918 0
vt 0.316280633 0.302560925 0
vt 0.234892771 0.282711923 0
vt 0.795885146 0.209141538 0
vt 0.800199986 0.280445665 0
vt 0.761891305 0.308897316 0
vt 0.780904353 0.181413233 0
vt 0.751964927 0.231762066 0
vt 0.766119361 0.174006805 0
vt 0.0957772434 0.189915046 0
vt 0.124106601 0.228823617 0
vt 0.0765285566 0.218612149 0
vt 0.192499354 0.242085084 0
vt 0.244249195 0.233039916 0
vt 0.258469582 0.256034255 0
vt 0.89437151 0.0604458489 0
vt 0.814472198 0.108466759 0
vt 0.834540427 0.0426989496 0
vt 0.780245185 0.0222522989 0
vt 0.799828708 0.0660813525 0
vt 0.768642426 0.0426453985 0
vt 0.0532315783 0.734098554 0
vt 0.0875809491 0.7014516 0
vt 0.0435726568 0.792916656 0
vt 0.0373721495 0.874203801 0
vt 0.0265429784 0.802616775 0
vt 0.0533164181 0.816289902 0
vt 0.886671543 0.954650879 0
vt 0.914839566 0.938015044 0
vt 0.957492173 0.956034482 0
vt 0.438197136 0.2904405 0
vt 0.504056156 0.234833479 0
vt 0.553047121 0.258797735 0
vt 0.300621212 0.925567687 0
vt 0.28672713 0.884133101 0
vt 0.296341419 0.879665852 0
vt 0.271899819 0.775129914 0
vt 0.302789599 0.842265129 0
vt 0.288258195 0.859648287 0
vt 0.106044799 0.966364503 0
vt 0.104943953 0.981531262 0
vt 0.0671223253 0.969242275 0
vt 0.154585257 0.497727901 0
vt 0.0759681538 0.585076094 0
vt 0.0736959055 0.547116458 0
vt 0.875390351 0.577377498 0
vt 0.856728137 0.556112528 0
vt 0.948898077 0.541777194 0
vt 0.914774299 0.719913065 0
vt 0.922542632 0.647752345 0
vt 0.951425076 0.600125074 0
vt 0.36536324 0.485958725 0
vt 0.395381778 0.459326178 0
vt 0.335830182 0.564710379 0
vt 0.351292282 0.444862485 0
vt 0.382217586 0.439874113 0
vt 0.351266116 0.455223441 0
vt 0.0987789109 0.574572206 0
vt 0.141077042 0.539404154 0
vt 0.148528293 0.545416355 0
vt 0.328621209 0.461918384 0
vt 0.29105413 0.46884504 0
vt 0.32312721 0.448865563 0
vt 0.596352577 0.320993394 0
vt 0.58381784 0.242056042 0
vt 0.733366251 0.327215791 0
vt 0.794908762 0.758114576 0
vt 0.697269857 0.674144983 0
vt 0.728026211 0.651417315 0
vt 0.379712343 0.190403834 0
vt 0.493575186 0.210168332 0
vt 0.421250254 0.21317333 0
vt 0.265637606 0.207759798 0
vt 0.275008887 0.22197561 0
vt 0.226235151 0.218028352 0
vt 0.671152174 0.530514002 0
vt 0.637813866 0.555344343 0
vt 0.676791072 0.477556527 0
vt 0.691234529 0.484399706 0
vt 0.742254019 0.531493962 0
vt 0.691165149 0.545638442 0
vt 0.0255977716 0.79637295 0
vt 0.0206887443 0.772943199 0
vt 0.041130878 0.76812911 0
vt 0.0765285566 0.218612149 0
vt 0.124106601 0.228823617 0
vt 0.0828615651 0.247272015 0
vt 0.979958773 0.188171655 0
vt 0.826625884 0.413834006 0
vt 0.826065004 0.312780738 0
vt 0.761523604 0.530696988 0
vt 0.760315955 0.543218732 0
vt 0.724094272 0.550361395 0
vt 0.320594192 0.375689179 0
vt 0.27291739 0.379667312 0
vt 0.279421806 0.311887205 0
vt 0.358617127 0.28938067 0
vt 0.348450392 0.344232023 0
vt 0.337952107 0.293066889 0
vt 0.914774299 0.719913065 0
vt 0.951425076 0.600125074 0
vt 0.955400646 0.66551888 0
vt 0.918113887 0.72764641 0
vt 0.968553126 0.743299365 0
vt 0.995569408 0.780712962 0
vt 0.512709975 0.417317003 0
vt 0.471526295 0.419514209 0
vt 0.516261816 0.408729047 0
vt 0.777832448 0.904535651 0
vt 0.784781337 0.860191345 0
vt 0.795894206 0.921137929 0
vt 0.181618869 0.624950409 0
vt 0.205976769 0.562635005 0
vt 0.243014127 0.586804688 0
vt 0.234245554 0.100135043 0
vt 0.229927704 0.118083268 0
vt 0.175162718 0.143162355 0
vt 0.811573803 0.448164076 0
vt 0.797927082 0.446966738 0
vt 0.803920686 0.415759295 0
vt 0.792404115 0.434755236 0
vt 0.757522702 0.398395598 0
vt 0.80654788 0.321321756 0
vt 0.511351943 0.750601888 0
vt 0.473978937 0.76836288 0
vt 0.475557387 0.735697389 0
vt 0.572143495 0.359937429 0
vt 0.518913567 0.3391518 0
vt 0.553047121 0.258797735 0
vt 0.95539242 0.353322685 0
vt 0.840542793 0.501307309 0
vt 0.832701385 0.485319644 0
vt 0.29105413 0.46884504 0
vt 0.265012383 0.459952801 0
vt 0.289571285 0.449880987 0
vt 0.0547951646 0.307631701 0
vt 0.0952814147 0.31148231 0
vt 0.125022352 0.38454935 0
vt 0.0572983213 0.283521831 0
vt 0.0429143943 0.235565543 0
vt 0.0750822499 0.27116859 0
vt 0.772408903 0.135856122 0
vt 0.598898947 0.188994914 0
vt 0.679022789 0.0248339381 0
vt 0.772408903 0.135856122 0
vt 0.713611007 0.0574847721 0
vt 0.780992806 0.0736786425 0
vt 0.851807356 0.53470552 0
vt 0.959894955 0.491279066 0
vt 0.948898077 0.541777194 0
vt 0.145352885 0.716228306 0
vt 0.220730498 0.715525806 0
vt 0.231646851 0.752787471 0
vt 0.387286544 0.448770523 0
vt 0.351266116 0.455223441 0
vt 0.382217586 0.439874113 0
vt 0.465895951 0.439300597 0
vt 0.430566967 0.452383131 0
vt 0.418592185 0.434085399 0
vt 0.0358384736 0.566913068 0
vt 0.0661761388 0.593342483 0
vt 0.0525734164 0.602127075 0
vt 0.0740888417 0.602587402 0
vt 0.16812931 0.685630858 0
vt 0.090803206 0.635849774 0
vt 0.0952814147 0.31148231 0
vt 0.184350133 0.377181292 0
vt 0.125022352 0.38454935 0
vt 0.887914538 0.729709446 0
vt 0.839076579 0.701515853 0
vt 0.843148768 0.674102068 0
vt 0.834935606 0.116666347 0
vt 0.89437151 0.0604458489 0
vt 0.899551928 0.111705333 0
vt 0.783798516 0.938793898 0
vt 0.777832448 0.904535651 0
vt 0.796707869 0.936672986 0
vt 0.0435726568 0.792916656 0
vt 0.172290072 0.919722319 0
vt 0.14800632 0.90907681 0
vt 0.214449316 0.91890645 0
vt 0.214943215 0.906285942 0
vt 0.246090174 0.897727489 0
vt 0.89437151 0.0604458489 0
vt 0.834935606 0.116666347 0
vt 0.814472198 0.108466759 0
vt 0.766119361 0.174006805 0
vt 0.793197751 0.130772531 0
vt 0.780904353 0.181413233 0
vt 0.240849003 0.314563483 0
vt 0.166627482 0.287841797 0
vt 0.234892771 0.282711923 0
vt 0.180804521 0.279185951 0
vt 0.160783365 0.259595007 0
vt 0.192499354 0.242085084 0
vt 0.271840423 0.933524072 0
vt 0.242899835 0.951001465 0
vt 0.246090174 0.897727489 0
vt 0.0870940834 0.430063874 0
vt 0.0718582347 0.432682186 0
vt 0.0767882913 0.405982822 0
vt 0.53026247 0.707704544 0
vt 0.506702483 0.729755998 0
vt 0.475557387 0.735697389 0
vt 0.713611007 0.0574847721 0
vt 0.73878324 0.0253966451 0
vt 0.780992806 0.0736786425 0
vt 0.331393063 0.469982266 0
vt 0.313150883 0.506929457 0
vt 0.286498517 0.505540311 0
vt 0.227935567 0.0891765058 0
vt 0.165206864 0.121674046 0
vt 0.18490918 0.10056746 0
vt 0.968553126 0.743299365 0
vt 0.971748888 0.738839984 0
vt 0.989862263 0.762757957 0
vt 0.157926202 0.695168018 0
vt 0.220730498 0.715525806 0
vt 0.145352885 0.716228306 0
vt 0.592412114 0.480413616 0
vt 0.592412114 0.550911129 0
vt 0.55276376 0.422068954 0
vt 0.914839566 0.938015044 0
vt 0.886671543 0.954650879 0
vt 0.840477288 0.915342927 0
vt 0.181618869 0.624950409 0
vt 0.243014127 0.586804688 0
vt 0.202961013 0.657794416 0
vt 0.0289837979 0.199096113 0
vt 0.0850095451 0.151105061 0
vt 0.0669939443 0.181697533 0
vt 0.259678036 0.769140422 0
vt 0.271899819 0.775129914 0
vt 0.288258195 0.859648287 0
vt 0.259678036 0.769140422 0
vt 0.26137358 0.748956382 0
vt 0.271899819 0.775129914 0
vt 0.560234666 0.4072209 0
vt 0.568454266 0.386569828 0
vt 0.576232076 0.413512498 0
vt 0.569359958 0.426130056 0
vt 0.580316246 0.431304604 0
vt 0.589173019 0.454968989 0
vt 0.0740888417 0.602587402 0
vt 0.090803206 0.635849774 0
vt 0.0622703359 0.620857 0
vt 0.0289837979 0.199096113 0
vt 0.0222701654 0.149510175 0
vt 0.0563298613 0.115150124 0
vt 0.875390351 0.577377498 0
vt 0.795081735 0.608155489 0
vt 0.856728137 0.556112528 0
vt 0.806724429 0.644219935 0
vt 0.839076579 0.701515853 0
vt 0.781763613 0.654857635 0
vt 0.102395602 0.150703147 0
vt 0.119612888 0.149157017 0
vt 0.110493578 0.173843756 0
vt 0.110493578 0.173843756 0
vt 0.127211928 0.155448049 0
vt 0.135943815 0.21280928 0
vt 0.739101827 0.370855391 0
vt 0.709153235 0.405376881 0
vt 0.7000947 0.378678709 0
vt 0.596352577 0.320993394 0
vt 0.733366251 0.327215791 0
vt 0.686912656 0.372567773 0
vt 0.235419601 0.466176569 0
vt 0.110751562 0.389091998 0
vt 0.286005795 0.440340012 0
vt 0.156042174 0.491409719 0
vt 0.0444327742 0.539291859 0
vt 0.0870940834 0.430063874 0
vt 0.0411280133 0.719116986 0
vt 0.0532315783 0.734098554 0
vt 0.041130878 0.76812911 0
vt 0.968553126 0.743299365 0
vt 0.989862263 0.762757957 0
vt 0.995569408 0.780712962 0
vt 0.914839566 0.938015044 0
vt 0.956245959 0.938683748 0
vt 0.957492173 0.956034482 0
vt 0.96040386 0.848437071 0
vt 0.967606843 0.859657943 0
vt 0.955990255 0.901263237 0
vt 0.195203722 0.19966419 0
vt 0.293220222 0.201656237 0
vt 0.191325873 0.213870123 0
vt 0.0957772434 0.189915046 0
vt 0.135943815 0.21280928 0
vt 0.148157284 0.232378453 0
vt 0.268972516 0.893812895 0
vt 0.271840423 0.933524072 0
vt 0.246090174 0.897727489 0
vt 0.0875809491 0.7014516 0
vt 0.239448696 0.843620658 0
vt 0.216225356 0.862160802 0
vt 0.424418598 0.673494875 0
vt 0.450483173 0.683993161 0
vt 0.458023041 0.723589182 0
vt 0.937064946 0.833587825 0
vt 0.860392928 0.770563543 0
vt 0.924761295 0.756782949 0
vt 0.764457047 0.271538168 0
vt 0.751964927 0.231762066 0
vt 0.77236408 0.227238685 0
vt 0.686912656 0.372567773 0
vt 0.733366251 0.327215791 0
vt 0.7537117 0.331395924 0
vt 0.55276376 0.422068954 0
vt 0.592412114 0.550911129 0
vt 0.565038264 0.598712385 0
vt 0.546679616 0.202217117 0
vt 0.548932195 0.248349845 0
vt 0.518655002 0.231443912 0
vt 0.257003665 0.507885635 0
vt 0.271092623 0.538623989 0
vt 0.204366565 0.522405982 0
vt 0.242851764 0.489738464 0
vt 0.194153473 0.515646577 0
vt 0.230703622 0.48308906 0
vt 0.180804521 0.279185951 0
vt 0.147285476 0.279621989 0
vt 0.160783365 0.259595007 0
vt 0.121904612 0.280084908 0
vt 0.0572983213 0.283521831 0
vt 0.0750822499 0.27116859 0
vt 0.158119202 0.930351913 0
vt 0.14800632 0.90907681 0
vt 0.172290072 0.919722319 0
vt 0.103704378 0.883438587 0
vt 0.0778962523 0.894174516 0
vt 0.0533164181 0.816289902 0
vt 0.458023041 0.723589182 0
vt 0.46655041 0.704256356 0
vt 0.506825626 0.703486025 0
vt 0.506825626 0.703486025 0
vt 0.472345412 0.695062757 0
vt 0.645140409 0.679158211 0
vt 0.742254019 0.531493962 0
vt 0.724094272 0.550361395 0
vt 0.691165149 0.545638442 0
vt 0.305902123 0.850938201 0
vt 0.296341419 0.879665852 0
vt 0.286227554 0.871180952 0
vt 0.142213807 0.947430849 0
vt 0.114204973 0.944437027 0
vt 0.125265166 0.888844192 0
vt 0.142213807 0.947430849 0
vt 0.128122672 0.987276971 0
vt 0.12872009 0.9564116 0
vt 0.546841979 0.193371698 0
vt 0.498823941 0.216840997 0
vt 0.493575186 0.210168332 0
vt 0.394617647 0.224398077 0
vt 0.45887965 0.217843667 0
vt 0.455916494 0.22345382 0
vt 0.31670019 0.233373851 0
vt 0.323760271 0.242081746 0
vt 0.258469582 0.256034255 0
vt 0.394617647 0.224398077 0
vt 0.455916494 0.22345382 0
vt 0.351859301 0.241484359 0
vt 0.840542793 0.501307309 0
vt 0.818659365 0.521159589 0
vt 0.832701385 0.485319644 0
vt 0.820200682 0.478873104 0
vt 0.810167551 0.51298672 0
vt 0.809864402 0.482041776 0
vt 0.95105052 0.592176557 0
vt 0.875602424 0.591958523 0
vt 0.955168545 0.563919961 0
vt 0.231646851 0.752787471 0
vt 0.220730498 0.715525806 0
vt 0.251097947 0.736556351 0
vt 0.938608825 0.764253974 0
vt 0.976894796 0.800378859 0
vt 0.954073966 0.796260476 0
vt 0.969451368 0.81024611 0
vt 0.976230443 0.807877004 0
vt 0.972210467 0.869828999 0
vt 0.0490137488 0.958759606 0
vt 0.0328020453 0.932803571 0
vt 0.106044799 0.966364503 0
vt 0.0320903249 0.0734438896 0
vt 0.0116650369 0.0873506591 0
vt 0.00387596898 0.0573576614 0
vt 0.387886524 0.199768424 0
vt 0.372171938 0.216711298 0
vt 0.307053119 0.209140748 0
vt 0.395445377 0.637350202 0
vt 0.415055454 0.523813009 0
vt 0.445389211 0.639961779 0
vt 0.379741311 0.37930876 0
vt 0.392338276 0.374203801 0
vt 0.474832714 0.38454935 0
vt 0.348450392 0.344232023 0
vt 0.34827143 0.36989817 0
vt 0.316280633 0.302560925 0
vt 0.287331074 0.633989573 0
vt 0.270397782 0.704704821 0
vt 0.243999809 0.71710968 0
vt 0.195203722 0.19966419 0
vt 0.191325873 0.213870123 0
vt 0.150277823 0.210661829 0
vt 0.810167551 0.51298672 0
vt 0.800323427 0.523350835 0
vt 0.796690702 0.510934591 0
vt 0.30269438 0.971640587 0
vt 0.253154755 0.982998252 0
vt 0.300621212 0.925567687 0
vt 0.854373038 0.963078797 0
vt 0.828945458 0.964910567 0
vt 0.849771917 0.939846337 0
vt 0.787315011 0.947034061 0
vt 0.796707869 0.936672986 0
vt 0.811543286 0.959765494 0
vt 0.531812906 0.765074193 0
vt 0.506702483 0.729755998 0
vt 0.576622963 0.698447347 0
vt 0.51306051 0.782322705 0
vt 0.473978937 0.76836288 0
vt 0.511351943 0.750601888 0
vt 0.202063471 0.475873411 0
vt 0.156042174 0.491409719 0
vt 0.103971586 0.415939569 0
vt 0.141077042 0.539404154 0
vt 0.0987789109 0.574572206 0
vt 0.154585257 0.497727901 0
vt 0.216225356 0.862160802 0
vt 0.245899111 0.8919999 0
vt 0.209950134 0.897185385 0
vt 0.216225356 0.862160802 0
vt 0.247896299 0.872829258 0
vt 0.245899111 0.8919999 0
vt 0.304027289 0.218523785 0
vt 0.347173333 0.224569038 0
vt 0.303378552 0.226781383 0
vt 0.347173333 0.224569038 0
vt 0.356375664 0.231897667 0
vt 0.31670019 0.233373851 0
vt 0.030071022 0.726576507 0
vt 0.041130878 0.76812911 0
vt 0.0206887443 0.772943199 0
vt 0.0553417839 0.294546336 0
vt 0.0572983213 0.283521831 0
vt 0.121904612 0.280084908 0
vt 0.5118016 0.379734099 0
vt 0.392338276 0.374203801 0
vt 0.518913567 0.3391518 0
vt 0.531812906 0.765074193 0
vt 0.51306051 0.782322705 0
vt 0.511351943 0.750601888 0
vt 0.288258195 0.859648287 0
vt 0.279743046 0.876832724 0
vt 0.259678036 0.769140422 0
vt 0.305902123 0.850938201 0
vt 0.286227554 0.871180952 0
vt 0.288258195 0.859648287 0
vt 0.81002146 0.182921648 0
vt 0.81407696 0.250536829 0
vt 0.795885146 0.209141538 0
vt 0.81002146 0.182921648 0
vt 0.795885146 0.209141538 0
vt 0.798921108 0.146466419 0
vt 0.0255977716 0.79637295 0
vt 0.0107145086 0.803178072 0
vt 0.0206887443 0.772943199 0
vt 0.0194375999 0.896343708 0
vt 0.012873359 0.830633342 0
vt 0.0265429784 0.802616775 0
vt 0.843026578 0.608859003 0
vt 0.951425076 0.600125074 0
vt 0.922542632 0.647752345 0
vt 0.891092896 0.711229086 0
vt 0.869650424 0.666189909 0
vt 0.922542632 0.647752345 0
vt 0.32312721 0.448865563 0
vt 0.29105413 0.46884504 0
vt 0.289571285 0.449880987 0
vt 0.95539242 0.353322685 0
vt 0.832701385 0.485319644 0
vt 0.953426301 0.30466345 0
vt 0.229554042 0.982252896 0
vt 0.189148575 0.967302561 0
vt 0.214449316 0.91890645 0
vt 0.137567833 0.981403589 0
vt 0.128122672 0.987276971 0
vt 0.142213807 0.947430849 0
vt 0.976230443 0.807877004 0
vt 0.979667902 0.90699321 0
vt 0.972210467 0.869828999 0
vt 0.967606843 0.859657943 0
vt 0.969562531 0.901833355 0
vt 0.955990255 0.901263237 0
vt 0.827459276 0.636811197 0
vt 0.843026578 0.608859003 0
vt 0.922542632 0.647752345 0
vt 0.827459276 0.636811197 0
vt 0.799495399 0.612733185 0
vt 0.843026578 0.608859003 0
vt 0.185054421 0.222311199 0
vt 0.200017974 0.231106728 0
vt 0.148157284 0.232378453 0
vt 0.145767003 0.218039587 0
vt 0.185054421 0.222311199 0
vt 0.148157284 0.232378453 0
vt 0.157203168 0.939788163 0
vt 0.182789803 0.932477951 0
vt 0.141911075 0.985004842 0
vt 0.182789803 0.932477951 0
vt 0.168089792 0.928908348 0
vt 0.189370975 0.917319417 0
vt 0.332656443 0.425192773 0
vt 0.334946752 0.439534664 0
vt 0.286005795 0.440340012 0
vt 0.381629109 0.431426287 0
vt 0.35718593 0.438098043 0
vt 0.359223247 0.424170464 0
vt 0.840477288 0.915342927 0
vt 0.947426498 0.904883325 0
vt 0.914839566 0.938015044 0
vt 0.963170767 0.918267787 0
vt 0.914839566 0.938015044 0
vt 0.947426498 0.904883325 0
vt 0.637813866 0.555344343 0
vt 0.657920837 0.493940413 0
vt 0.676791072 0.477556527 0
vt 0.657920837 0.493940413 0
vt 0.675688386 0.378913254 0
vt 0.68586725 0.417846203 0
vt 0.801697731 0.0808719769 0
vt 0.834540427 0.0426989496 0
vt 0.809482038 0.0824765489 0
vt 0.772408903 0.135856122 0
vt 0.788519323 0.105417356 0
vt 0.801106572 0.108576462 0
vt 0.0951054096 0.699782133 0
vt 0.120867655 0.716425061 0
vt 0.221368074 0.820412099 0
vt 0.0951054096 0.699782133 0
vt 0.0964542776 0.684211314 0
vt 0.108930171 0.697276831 0
vt 0.316280633 0.302560925 0
vt 0.279421806 0.311887205 0
vt 0.234892771 0.282711923 0
vt 0.320594192 0.375689179 0
vt 0.279421806 0.311887205 0
vt 0.316280633 0.302560925 0
vt 0.811573803 0.448164076 0
vt 0.809864402 0.482041776 0
vt 0.797927082 0.446966738 0
vt 0.792404115 0.434755236 0
vt 0.786111712 0.500828981 0
vt 0.757522702 0.398395598 0
vt 0.313320845 0.544978261 0
vt 0.36536324 0.485958725 0
vt 0.335830182 0.564710379 0
vt 0.296159267 0.0375861898 0
vt 0.323871791 0.0268771369 0
vt 0.292226791 0.0600126199 0
vt 0.0669939443 0.181697533 0
vt 0.037484251 0.211164221 0
vt 0.0289837979 0.199096113 0
vt 0.0107145086 0.803178072 0
vt 0.0265429784 0.802616775 0
vt 0.012873359 0.830633342 0
vt 0.800199986 0.280445665 0
vt 0.739101827 0.370855391 0
vt 0.7537117 0.331395924 0
vt 0.7537117 0.331395924 0
vt 0.739101827 0.370855391 0
vt 0.742740691 0.34547621 0
vt 0.235419601 0.466176569 0
vt 0.103971586 0.415939569 0
vt 0.110751562 0.389091998 0
vt 0.0912935883 0.39950195 0
vt 0.0789618418 0.389631897 0
vt 0.110751562 0.389091998 0
vt 0.258469582 0.256034255 0
vt 0.323760271 0.242081746 0
vt 0.324977338 0.261440307 0
vt 0.323024333 0.285778254 0
vt 0.354932308 0.265186608 0
vt 0.337952107 0.293066889 0
vt 0.296159267 0.0375861898 0
vt 0.292226791 0.0600126199 0
vt 0.269429415 0.0691702291 0
vt 0.296159267 0.0375861898 0
vt 0.257789761 0.0667167529 0
vt 0.26498881 0.0501498319 0
vt 0.554269671 0.391117722 0
vt 0.568454266 0.386569828 0
vt 0.548746765 0.407664895 0
vt 0.958007276 0.0559609905 0
vt 0.973334908 0.0717256218 0
vt 0.921829641 0.0509426706 0
vt 0.788112521 0.523979485 0
vt 0.761523604 0.530696988 0
vt 0.796690702 0.510934591 0
vt 0.786111712 0.500828981 0
vt 0.742254019 0.531493962 0
vt 0.757522702 0.398395598 0
vt 0.504056156 0.234833479 0
vt 0.374714583 0.262842864 0
vt 0.362234443 0.246444777 0
vt 0.354932308 0.265186608 0
vt 0.324977338 0.261440307 0
vt 0.362234443 0.246444777 0
vt 0.73878324 0.0253966451 0
vt 0.701807916 0.0147939129 0
vt 0.728550494 0.00387594104 0
vt 0.768642426 0.0426453985 0
vt 0.728550494 0.00387594104 0
vt 0.780245185 0.0222522989 0
vt 0.0661761388 0.593342483 0
vt 0.0358384736 0.566913068 0
vt 0.0440397151 0.565104961 0
vt 0.104943953 0.981531262 0
vt 0.11772535 0.968700707 0
vt 0.128122672 0.987276971 0
vt 0.851807356 0.53470552 0
vt 0.795081735 0.608155489 0
vt 0.767819583 0.591199934 0
vt 0.698368788 0.665937245 0
vt 0.761520863 0.616775095 0
vt 0.76731807 0.620586216 0
vt 0.110493578 0.173843756 0
vt 0.135943815 0.21280928 0
vt 0.0957772434 0.189915046 0
vt 0.0669939443 0.181697533 0
vt 0.102395602 0.150703147 0
vt 0.110493578 0.173843756 0
vt 0.809523582 0.535734475 0
vt 0.767389715 0.554243505 0
vt 0.790515125 0.53225714 0
vt 0.788112521 0.523979485 0
vt 0.760315955 0.543218732 0
vt 0.761523604 0.530696988 0
vt 0.0964542776 0.684211314 0
vt 0.126126796 0.689763844 0
vt 0.108930171 0.697276831 0
vt 0.914774299 0.719913065 0
vt 0.955400646 0.66551888 0
vt 0.946430087 0.723057926 0
vt 0.458023041 0.723589182 0
vt 0.444300413 0.724504888 0
vt 0.424418598 0.673494875 0
vt 0.473978937 0.76836288 0
vt 0.451235116 0.738627017 0
vt 0.458233804 0.730868161 0
vt 0.242851764 0.489738464 0
vt 0.257642418 0.493833572 0
vt 0.194153473 0.515646577 0
vt 0.29105413 0.46884504 0
vt 0.331393063 0.469982266 0
vt 0.294098675 0.478532434 0
vt 0.568454266 0.386569828 0
vt 0.560234666 0.4072209 0
vt 0.548746765 0.407664895 0
vt 0.512709975 0.417317003 0
vt 0.503421307 0.427124292 0
vt 0.447546452 0.426939189 0
vt 0.143851608 0.303210646 0
vt 0.0553417839 0.294546336 0
vt 0.166627482 0.287841797 0
vt 0.166627482 0.287841797 0
vt 0.20083271 0.345572233 0
vt 0.143851608 0.303210646 0
vt 0.0320903249 0.0734438896 0
vt 0.105566233 0.133837372 0
vt 0.0519370586 0.0980371237 0
vt 0.0116650369 0.0873506591 0
vt 0.0320903249 0.0734438896 0
vt 0.0519370586 0.0980371237 0
vt 0.799828708 0.0660813525 0
vt 0.780245185 0.0222522989 0
vt 0.834540427 0.0426989496 0
vt 0.795894206 0.921137929 0
vt 0.783231616 0.822253644 0
vt 0.79514116 0.819755256 0
vt 0.958336771 0.548459053 0
vt 0.955168545 0.563919961 0
vt 0.875390351 0.577377498 0
vt 0.251097947 0.736556351 0
vt 0.26137358 0.748956382 0
vt 0.231646851 0.752787471 0
vt 0.382217586 0.439874113 0
vt 0.35718593 0.438098043 0
vt 0.381629109 0.431426287 0
vt 0.516261816 0.408729047 0
vt 0.471526295 0.419514209 0
vt 0.517763495 0.396901429 0
vt 0.764457047 0.271538168 0
vt 0.740935326 0.287037849 0
vt 0.751964927 0.231762066 0
vt 0.733366251 0.327215791 0
vt 0.58381784 0.242056042 0
vt 0.703845382 0.303683639 0
vt 0.234245554 0.100135043 0
vt 0.155523062 0.145868883 0
vt 0.141119331 0.140371665 0
vt 0.143174529 0.166832268 0
vt 0.135943815 0.21280928 0
vt 0.127211928 0.155448049 0
vt 0.381629109 0.431426287 0
vt 0.418592185 0.434085399 0
vt 0.382217586 0.439874113 0
vt 0.418592185 0.434085399 0
vt 0.387286544 0.448770523 0
vt 0.382217586 0.439874113 0
vt 0.924761295 0.756782949 0
vt 0.860392928 0.770563543 0
vt 0.870362341 0.75838387 0
vt 0.860392928 0.770563543 0
vt 0.822809577 0.782433152 0
vt 0.870362341 0.75838387 0
vt 0.656767488 0.55832994 0
vt 0.637813866 0.555344343 0
vt 0.671152174 0.530514002 0
vt 0.67446661 0.551462114 0
vt 0.691234529 0.484399706 0
vt 0.691165149 0.545638442 0
vt 0.127211928 0.155448049 0
vt 0.141119331 0.140371665 0
vt 0.143174529 0.166832268 0
vt 0.105566233 0.133837372 0
vt 0.131734431 0.134644881 0
vt 0.119612888 0.149157017 0
vt 0.806724429 0.644219935 0
vt 0.781763613 0.654857635 0
vt 0.76731807 0.620586216 0
vt 0.76731807 0.620586216 0
vt 0.728026211 0.651417315 0
vt 0.698368788 0.665937245 0
vt 0.293220222 0.201656237 0
vt 0.379712343 0.190403834 0
vt 0.307053119 0.209140748 0
vt 0.265637606 0.207759798 0
vt 0.304027289 0.218523785 0
vt 0.275008887 0.22197561 0
vt 0.0116650369 0.0873506591 0
vt 0.0519370586 0.0980371237 0
vt 0.0186853129 0.126196012 0
vt 0.0373721495 0.874203801 0
vt 0.0194375999 0.896343708 0
vt 0.0265429784 0.802616775 0
vt 0.691165149 0.545638442 0
vt 0.703046024 0.560980141 0
vt 0.681987107 0.564360082 0
vt 0.67446661 0.551462114 0
vt 0.691165149 0.545638442 0
vt 0.681987107 0.564360082 0
vt 0.271092623 0.538623989 0
vt 0.255048156 0.570282042 0
vt 0.204366565 0.522405982 0
vt 0.231206521 0.0611796454 0
vt 0.26498881 0.0501498319 0
vt 0.257789761 0.0667167529 0
vt 0.192499354 0.242085084 0
vt 0.258469582 0.256034255 0
vt 0.218951732 0.275946319 0
vt 0.258469582 0.256034255 0
vt 0.324977338 0.261440307 0
vt 0.259898275 0.269021153 0
vt 0.849771917 0.939846337 0
vt 0.817570448 0.951902032 0
vt 0.796707869 0.936672986 0
vt 0.840477288 0.915342927 0
vt 0.795894206 0.921137929 0
vt 0.79514116 0.819755256 0
vt 0.518913567 0.3391518 0
vt 0.532245398 0.374729425 0
vt 0.5118016 0.379734099 0
vt 0.518913567 0.3391518 0
vt 0.572143495 0.359937429 0
vt 0.532245398 0.374729425 0
vt 0.0740888417 0.602587402 0
vt 0.134215891 0.62507838 0
vt 0.16812931 0.685630858 0
vt 0.134215891 0.62507838 0
vt 0.202961013 0.657794416 0
vt 0.16812931 0.685630858 0
vt 0.783758223 0.217444003 0
vt 0.764457047 0.271538168 0
vt 0.77236408 0.227238685 0
vt 0.780904353 0.181413233 0
vt 0.798921108 0.146466419 0
vt 0.783758223 0.217444003 0
vt 0.718280911 0.775021374 0
vt 0.794908762 0.758114576 0
vt 0.769016922 0.770508111 0
vt 0.247553885 0.38271299 0
vt 0.212902129 0.381790161 0
vt 0.240849003 0.314563483 0
vt 0.68586725 0.417846203 0
vt 0.6856727 0.380989492 0
vt 0.69327426 0.421441048 0
vt 0.69411242 0.439267218 0
vt 0.671152174 0.530514002 0
vt 0.676791072 0.477556527 0
vt 0.812181592 0.144721329 0
vt 0.81002146 0.182921648 0
vt 0.807367325 0.108876884 0
vt 0.812181592 0.144721329 0
vt 0.81407696 0.250536829 0
vt 0.81002146 0.182921648 0
vt 0.364152938 0.685262918 0
vt 0.270397782 0.704704821 0
vt 0.309924871 0.631919384 0
vt 0.270397782 0.704704821 0
vt 0.287331074 0.633989573 0
vt 0.309924871 0.631919384 0
vt 0.141077042 0.539404154 0
vt 0.154585257 0.497727901 0
vt 0.202063471 0.475873411 0
vt 0.235419601 0.466176569 0
vt 0.202063471 0.475873411 0
vt 0.103971586 0.415939569 0
vt 0.468649656 0.225913048 0
vt 0.504056156 0.234833479 0
vt 0.362234443 0.246444777 0
vt 0.546679616 0.202217117 0
vt 0.518655002 0.231443912 0
vt 0.501969099 0.222334102 0
vt 0.825906754 0.757366478 0
vt 0.793032467 0.763489544 0
vt 0.877420008 0.737559795 0
vt 0.877420008 0.737559795 0
vt 0.906579316 0.733639717 0
vt 0.853849888 0.755342066 0
vt 0.760315955 0.543218732 0
vt 0.722609937 0.562571287 0
vt 0.724094272 0.550361395 0
vt 0.722609937 0.562571287 0
vt 0.696023047 0.569685459 0
vt 0.703046024 0.560980141 0
vt 0.807367325 0.108876884 0
vt 0.801106572 0.108576462 0
vt 0.801697731 0.0808719769 0
vt 0.807367325 0.108876884 0
vt 0.81002146 0.182921648 0
vt 0.798921108 0.146466419 0
vt 0.230703622 0.48308906 0
vt 0.141077042 0.539404154 0
vt 0.202063471 0.475873411 0
vt 0.148528293 0.545416355 0
vt 0.141077042 0.539404154 0
vt 0.230703622 0.48308906 0
vt 0.147675484 0.120103881 0
vt 0.18490918 0.10056746 0
vt 0.165206864 0.121674046 0
vt 0.119612888 0.149157017 0
vt 0.131734431 0.134644881 0
vt 0.141119331 0.140371665 0
vt 0.309924871 0.631919384 0
vt 0.395445377 0.637350202 0
vt 0.364152938 0.685262918 0
vt 0.445389211 0.639961779 0
vt 0.364152938 0.685262918 0
vt 0.395445377 0.637350202 0
vt 0.718280911 0.775021374 0
vt 0.769016922 0.770508111 0
vt 0.723575354 0.781075537 0
vt 0.66492933 0.780369937 0
vt 0.570796311 0.775870442 0
vt 0.662632704 0.774728239 0
vt 0.826625884 0.413834006 0
vt 0.810732841 0.410705298 0
vt 0.812894166 0.354273617 0
vt 0.803920686 0.415759295 0
vt 0.792404115 0.434755236 0
vt 0.80654788 0.321321756 0
vt 0.300621212 0.925567687 0
vt 0.253154755 0.982998252 0
vt 0.271840423 0.933524072 0
vt 0.300621212 0.925567687 0
vt 0.271840423 0.933524072 0
vt 0.268972516 0.893812895 0
vt 0.110493578 0.173843756 0
vt 0.0957772434 0.189915046 0
vt 0.0762309209 0.188351274 0
vt 0.0762309209 0.188351274 0
vt 0.0957772434 0.189915046 0
vt 0.037484251 0.211164221 0
vt 0.967606843 0.859657943 0
vt 0.96040386 0.848437071 0
vt 0.969451368 0.81024611 0
vt 0.937064946 0.833587825 0
vt 0.924761295 0.756782949 0
vt 0.954073966 0.796260476 0
vt 0.281667799 0.779538512 0
vt 0.294333488 0.796430588 0
vt 0.302789599 0.842265129 0
vt 0.962570608 0.511958897 0
vt 0.948898077 0.541777194 0
vt 0.959894955 0.491279066 0
vt 0.534185112 0.78007102 0
vt 0.51306051 0.782322705 0
vt 0.531812906 0.765074193 0
vt 0.570796311 0.775870442 0
vt 0.545885265 0.771217942 0
vt 0.662632704 0.774728239 0
vt 0.81407696 0.250536829 0
vt 0.800199986 0.280445665 0
vt 0.795885146 0.209141538 0
vt 0.810732841 0.410705298 0
vt 0.80654788 0.321321756 0
vt 0.812894166 0.354273617 0
vt 0.0444327742 0.539291859 0
vt 0.0289779827 0.531610727 0
vt 0.0478951782 0.503122985 0
vt 0.189148575 0.967302561 0
vt 0.141911075 0.985004842 0
vt 0.182789803 0.932477951 0
vt 0.954073966 0.796260476 0
vt 0.969451368 0.81024611 0
vt 0.96040386 0.848437071 0
vt 0.976894796 0.800378859 0
vt 0.969451368 0.81024611 0
vt 0.954073966 0.796260476 0
vt 0.142213807 0.947430849 0
vt 0.125265166 0.888844192 0
vt 0.14800632 0.90907681 0
vt 0.125265166 0.888844192 0
vt 0.0533164181 0.816289902 0
vt 0.14800632 0.90907681 0
vt 0.395381778 0.459326178 0
vt 0.415055454 0.523813009 0
vt 0.335830182 0.564710379 0
vt 0.415055454 0.523813009 0
vt 0.430566967 0.452383131 0
vt 0.565038264 0.598712385 0
vt 0.46655041 0.704256356 0
vt 0.458023041 0.723589182 0
vt 0.450483173 0.683993161 0
vt 0.701807916 0.0147939129 0
vt 0.73878324 0.0253966451 0
vt 0.713611007 0.0574847721 0
vt 0.840542793 0.501307309 0
vt 0.824856818 0.530770421 0
vt 0.818659365 0.521159589 0
vt 0.818659365 0.521159589 0
vt 0.809523582 0.535734475 0
vt 0.800323427 0.523350835 0
vt 0.548932195 0.248349845 0
vt 0.553047121 0.258797735 0
vt 0.518655002 0.231443912 0
vt 0.963170767 0.918267787 0
vt 0.955990255 0.901263237 0
vt 0.969562531 0.901833355 0
vt 0.69327426 0.421441048 0
vt 0.6856727 0.380989492 0
vt 0.7000947 0.378678709 0
vt 0.686912656 0.372567773 0
vt 0.7537117 0.331395924 0
vt 0.715241015 0.357837558 0
vt 0.826625884 0.413834006 0
vt 0.81964165 0.443754941 0
vt 0.810732841 0.410705298 0
vt 0.820200682 0.478873104 0
vt 0.809864402 0.482041776 0
vt 0.811573803 0.448164076 0
vt 0.0759681538 0.585076094 0
vt 0.0394152962 0.545979559 0
vt 0.0736959055 0.547116458 0
vt 0.0736959055 0.547116458 0
vt 0.0444327742 0.539291859 0
vt 0.0916436836 0.527787805 0
vt 0.772408903 0.135856122 0
vt 0.679022789 0.0248339381 0
vt 0.713611007 0.0574847721 0
vt 0.679022789 0.0248339381 0
vt 0.701807916 0.0147939129 0
vt 0.713611007 0.0574847721 0
vt 0.421250254 0.21317333 0
vt 0.45887965 0.217843667 0
vt 0.394617647 0.224398077 0
vt 0.387886524 0.199768424 0
vt 0.421250254 0.21317333 0
vt 0.372171938 0.216711298 0
vt 0.203508094 0.152545974 0
vt 0.25875029 0.103080906 0
vt 0.175359845 0.192335159 0
vt 0.150277823 0.210661829 0
vt 0.191325873 0.213870123 0
vt 0.145767003 0.218039587 0
vt 0.0736959055 0.547116458 0
vt 0.0394152962 0.545979559 0
vt 0.0444327742 0.539291859 0
vt 0.0309469346 0.545305431 0
vt 0.0289779827 0.531610727 0
vt 0.0444327742 0.539291859 0
vt 0.783758223 0.217444003 0
vt 0.761891305 0.308897316 0
vt 0.764457047 0.271538168 0
vt 0.740935326 0.287037849 0
vt 0.764457047 0.271538168 0
vt 0.755861223 0.30251509 0
vt 0.562247992 0.698090076 0
vt 0.506825626 0.703486025 0
vt 0.59123528 0.689493537 0
vt 0.53026247 0.707704544 0
vt 0.458023041 0.723589182 0
vt 0.506825626 0.703486025 0
vt 0.372171938 0.216711298 0
vt 0.421250254 0.21317333 0
vt 0.394617647 0.224398077 0
vt 0.347173333 0.224569038 0
vt 0.394617647 0.224398077 0
vt 0.356375664 0.231897667 0
vt 0.142220452 0.203471661 0
vt 0.164572895 0.183412537 0
vt 0.150277823 0.210661829 0
vt 0.165703103 0.170109704 0
vt 0.142220452 0.203471661 0
vt 0.143174529 0.166832268 0
vt 0.81964165 0.443754941 0
vt 0.826625884 0.413834006 0
vt 0.820200682 0.478873104 0
vt 0.979958773 0.188171655 0
vt 0.832701385 0.485319644 0
vt 0.826625884 0.413834006 0
vt 0.546841979 0.193371698 0
vt 0.599973798 0.144735873 0
vt 0.602875412 0.15571025 0
vt 0.886671543 0.954650879 0
vt 0.854373038 0.963078797 0
vt 0.849771917 0.939846337 0
vt 0.760315955 0.543218732 0
vt 0.767389715 0.554243505 0
vt 0.722609937 0.562571287 0
vt 0.790515125 0.53225714 0
vt 0.767389715 0.554243505 0
vt 0.760315955 0.543218732 0
vt 0.265012383 0.459952801 0
vt 0.235419601 0.466176569 0
vt 0.286005795 0.440340012 0
vt 0.230703622 0.48308906 0
vt 0.202063471 0.475873411 0
vt 0.235419601 0.466176569 0
vt 0.0345736481 0.229459956 0
vt 0.0342072062 0.254192084 0
vt 0.0260356199 0.223783508 0
vt 0.0260356199 0.223783508 0
vt 0.0289837979 0.199096113 0
vt 0.0370445698 0.220424697 0
vt 0.475557387 0.735697389 0
vt 0.473978937 0.76836288 0
vt 0.458233804 0.730868161 0
vt 0.475557387 0.735697389 0
vt 0.458023041 0.723589182 0
vt 0.53026247 0.707704544 0
vt 0.175162718 0.143162355 0
vt 0.197599292 0.147080243 0
vt 0.165703103 0.170109704 0
vt 0.150277823 0.210661829 0
vt 0.164572895 0.183412537 0
vt 0.203508094 0.152545974 0
vt 0.512709975 0.417317003 0
vt 0.553739071 0.414704025 0
vt 0.503421307 0.427124292 0
vt 0.465895951 0.439300597 0
vt 0.55276376 0.422068954 0
vt 0.565038264 0.598712385 0
vt 0.0630576536 0.46220848 0
vt 0.0428575426 0.488103956 0
vt 0.0512087233 0.450756639 0
vt 0.0767882913 0.405982822 0
vt 0.0718582347 0.432682186 0
vt 0.0601451434 0.429579496 0
vt 0.0345736481 0.229459956 0
vt 0.0260356199 0.223783508 0
vt 0.0370445698 0.220424697 0
vt 0.0370445698 0.220424697 0
vt 0.0957772434 0.189915046 0
vt 0.0765285566 0.218612149 0
vt 0.698368788 0.665937245 0
vt 0.728026211 0.651417315 0
vt 0.697269857 0.674144983 0
vt 0.650167346 0.685852289 0
vt 0.576622963 0.698447347 0
vt 0.628725529 0.686061323 0
vt 0.822809577 0.782433152 0
vt 0.817537665 0.797887564 0
vt 0.783231616 0.822253644 0
vt 0.822809577 0.782433152 0
vt 0.860392928 0.770563543 0
vt 0.817537665 0.797887564 0
vt 0.290092319 0.599698126 0
vt 0.287331074 0.633989573 0
vt 0.243999809 0.71710968 0
vt 0.308543861 0.591868818 0
vt 0.309924871 0.631919384 0
vt 0.287331074 0.633989573 0
vt 0.0759681538 0.585076094 0
vt 0.0661761388 0.593342483 0
vt 0.0440397151 0.565104961 0
vt 0.106648058 0.574166238 0
vt 0.134215891 0.62507838 0
vt 0.0740888417 0.602587402 0
vt 0.180804521 0.279185951 0
vt 0.166627482 0.287841797 0
vt 0.147285476 0.279621989 0
vt 0.166627482 0.287841797 0
vt 0.0553417839 0.294546336 0
vt 0.121904612 0.280084908 0
vt 0.818659365 0.521159589 0
vt 0.824856818 0.530770421 0
vt 0.809523582 0.535734475 0
vt 0.0767882913 0.405982822 0
vt 0.0601451434 0.429579496 0
vt 0.0668354779 0.380931199 0
vt 0.290092319 0.599698126 0
vt 0.308543861 0.591868818 0
vt 0.287331074 0.633989573 0
vt 0.313320845 0.544978261 0
vt 0.335830182 0.564710379 0
vt 0.308543861 0.591868818 0
vt 0.8535043 0.593535364 0
vt 0.795081735 0.608155489 0
vt 0.875390351 0.577377498 0
vt 0.875390351 0.577377498 0
vt 0.955168545 0.563919961 0
vt 0.8535043 0.593535364 0
vt 0.69327426 0.421441048 0
vt 0.69411242 0.439267218 0
vt 0.676791072 0.477556527 0
vt 0.709153235 0.405376881 0
vt 0.69327426 0.421441048 0
vt 0.7000947 0.378678709 0
vt 0.381629109 0.431426287 0
vt 0.359223247 0.424170464 0
vt 0.44756636 0.417635739 0
vt 0.44756636 0.417635739 0
vt 0.418592185 0.434085399 0
vt 0.381629109 0.431426287 0
vt 0.0750822499 0.27116859 0
vt 0.119709171 0.265208215 0
vt 0.121904612 0.280084908 0
vt 0.0828615651 0.247272015 0
vt 0.0750822499 0.27116859 0
vt 0.0429143943 0.235565543 0
vt 0.292226791 0.0600126199 0
vt 0.29906702 0.0612998232 0
vt 0.278313935 0.102786191 0
vt 0.292226791 0.0600126199 0
vt 0.323871791 0.0268771369 0
vt 0.29906702 0.0612998232 0
vt 0.843148768 0.674102068 0
vt 0.869650424 0.666189909 0
vt 0.891092896 0.711229086 0
vt 0.806724429 0.644219935 0
vt 0.799495399 0.612733185 0
vt 0.827459276 0.636811197 0
vt 0.358617127 0.28938067 0
vt 0.371154547 0.372396469 0
vt 0.348450392 0.344232023 0
vt 0.371154547 0.372396469 0
vt 0.34827143 0.36989817 0
vt 0.348450392 0.344232023 0
vt 0.681987107 0.564360082 0
vt 0.656767488 0.55832994 0
vt 0.67446661 0.551462114 0
vt 0.294333488 0.796430588 0
vt 0.303755194 0.812709868 0
vt 0.302789599 0.842265129 0
vt 0.409948915 0.443556905 0
vt 0.418592185 0.434085399 0
vt 0.430566967 0.452383131 0
vt 0.350543976 0.465827823 0
vt 0.387286544 0.448770523 0
vt 0.395381778 0.459326178 0
vt 0.269429415 0.0691702291 0
vt 0.259102434 0.0921296999 0
vt 0.250030667 0.0863315314 0
vt 0.250030667 0.0863315314 0
vt 0.229501501 0.0742014796 0
vt 0.269429415 0.0691702291 0
vt 0.570796311 0.775870442 0
vt 0.534185112 0.78007102 0
vt 0.545885265 0.771217942 0
vt 0.5118016 0.379734099 0
vt 0.474832714 0.38454935 0
vt 0.392338276 0.374203801 0
vt 0.0661761388 0.593342483 0
vt 0.0750470981 0.592616439 0
vt 0.0740888417 0.602587402 0
vt 0.0661761388 0.593342483 0
vt 0.0740888417 0.602587402 0
vt 0.0622703359 0.620857 0
vt 0.286005795 0.440340012 0
vt 0.334946752 0.439534664 0
vt 0.289571285 0.449880987 0
vt 0.289571285 0.449880987 0
vt 0.265012383 0.459952801 0
vt 0.286005795 0.440340012 0
vt 0.145767003 0.218039587 0
vt 0.142220452 0.203471661 0
vt 0.150277823 0.210661829 0
vt 0.135943815 0.21280928 0
vt 0.143174529 0.166832268 0
vt 0.142220452 0.203471661 0
vt 0.45887965 0.217843667 0
vt 0.498823941 0.216840997 0
vt 0.48346597 0.223718807 0
vt 0.501969099 0.222334102 0
vt 0.518655002 0.231443912 0
vt 0.48346597 0.223718807 0
vt 0.157203168 0.939788163 0
vt 0.137567833 0.981403589 0
vt 0.142213807 0.947430849 0
vt 0.14800632 0.90907681 0
vt 0.158119202 0.930351913 0
vt 0.142213807 0.947430849 0
vt 0.351266116 0.455223441 0
vt 0.328621209 0.461918384 0
vt 0.32312721 0.448865563 0
vt 0.336676896 0.474633068 0
vt 0.350543976 0.465827823 0
vt 0.313320845 0.544978261 0
vt 0.576232076 0.413512498 0
vt 0.580316246 0.431304604 0
vt 0.566929042 0.419263542 0
vt 0.817570448 0.951902032 0
vt 0.811543286 0.959765494 0
vt 0.796707869 0.936672986 0
vt 0.788519323 0.105417356 0
vt 0.794635713 0.0765378699 0
vt 0.801106572 0.108576462 0
vt 0.768642426 0.0426453985 0
vt 0.794635713 0.0765378699 0
vt 0.780992806 0.0736786425 0
vt 0.218951732 0.275946319 0
vt 0.258469582 0.256034255 0
vt 0.259898275 0.269021153 0
vt 0.234892771 0.282711923 0
vt 0.166627482 0.287841797 0
vt 0.218951732 0.275946319 0
vt 0.703046024 0.560980141 0
vt 0.696023047 0.569685459 0
vt 0.681987107 0.564360082 0
vt 0.302789599 0.842265129 0
vt 0.303755194 0.812709868 0
vt 0.310414523 0.837119222 0
vt 0.517763495 0.396901429 0
vt 0.471526295 0.419514209 0
vt 0.44756636 0.417635739 0
vt 0.979958773 0.188171655 0
vt 0.826065004 0.312780738 0
vt 0.97444123 0.112669617 0
vt 0.335830182 0.564710379 0
vt 0.384289443 0.551671267 0
vt 0.329653382 0.600163579 0
vt 0.329653382 0.600163579 0
vt 0.308543861 0.591868818 0
vt 0.335830182 0.564710379 0
vt 0.967568576 0.726292193 0
vt 0.971748888 0.738839984 0
vt 0.968553126 0.743299365 0
vt 0.0985967293 0.678779066 0
vt 0.126126796 0.689763844 0
vt 0.0964542776 0.684211314 0
vt 0.511351943 0.750601888 0
vt 0.475557387 0.735697389 0
vt 0.506702483 0.729755998 0
vt 0.531812906 0.765074193 0
vt 0.511351943 0.750601888 0
vt 0.506702483 0.729755998 0
vt 0.356375664 0.231897667 0
vt 0.394617647 0.224398077 0
vt 0.351859301 0.241484359 0
vt 0.323760271 0.242081746 0
vt 0.351859301 0.241484359 0
vt 0.324977338 0.261440307 0
vt 0.231206521 0.0611796454 0
vt 0.257789761 0.0667167529 0
vt 0.229501501 0.0742014796 0
vt 0.18490918 0.10056746 0
vt 0.147675484 0.120103881 0
vt 0.213219583 0.0715200603 0
vt 0.543277979 0.399864912 0
vt 0.548746765 0.407664895 0
vt 0.516261816 0.408729047 0
vt 0.517763495 0.396901429 0
vt 0.543277979 0.399864912 0
vt 0.516261816 0.408729047 0
vt 0.214943215 0.906285942 0
vt 0.209950134 0.897185385 0
vt 0.245899111 0.8919999 0
vt 0.172290072 0.919722319 0
vt 0.216225356 0.862160802 0
vt 0.209950134 0.897185385 0
vt 0.382217586 0.439874113 0
vt 0.351292282 0.444862485 0
vt 0.35718593 0.438098043 0
vt 0.334946752 0.439534664 0
vt 0.32312721 0.448865563 0
vt 0.289571285 0.449880987 0
vt 0.458233804 0.730868161 0
vt 0.451235116 0.738627017 0
vt 0.444300413 0.724504888 0
vt 0.938608825 0.764253974 0
vt 0.954073966 0.796260476 0
vt 0.924761295 0.756782949 0
vt 0.714599311 0.30117169 0
vt 0.772408903 0.135856122 0
vt 0.751964927 0.231762066 0
vt 0.751964927 0.231762066 0
vt 0.740935326 0.287037849 0
vt 0.714599311 0.30117169 0
vt 0.231646851 0.752787471 0
vt 0.26137358 0.748956382 0
vt 0.259678036 0.769140422 0
vt 0.120867655 0.716425061 0
vt 0.231646851 0.752787471 0
vt 0.259678036 0.769140422 0
vt 0.0661761388 0.593342483 0
vt 0.0622703359 0.620857 0
vt 0.0525734164 0.602127075 0
vt 0.0490137488 0.958759606 0
vt 0.106044799 0.966364503 0
vt 0.0671223253 0.969242275 0
vt 0.168089792 0.928908348 0
vt 0.172290072 0.919722319 0
vt 0.189370975 0.917319417 0
vt 0.214943215 0.906285942 0
vt 0.172290072 0.919722319 0
vt 0.209950134 0.897185385 0
vt 0.0370445698 0.220424697 0
vt 0.0765285566 0.218612149 0
vt 0.0429143943 0.235565543 0
vt 0.0765285566 0.218612149 0
vt 0.0828615651 0.247272015 0
vt 0.0429143943 0.235565543 0
vt 0.733366251 0.327215791 0
vt 0.739595056 0.317489028 0
vt 0.7537117 0.331395924 0
vt 0.733366251 0.327215791 0
vt 0.703845382 0.303683639 0
vt 0.739595056 0.317489028 0
vt 0.845227897 0.736422658 0
vt 0.794908762 0.758114576 0
vt 0.728026211 0.651417315 0
vt 0.793032467 0.763489544 0
vt 0.794908762 0.758114576 0
vt 0.877420008 0.737559795 0
vt 0.323024333 0.285778254 0
vt 0.337952107 0.293066889 0
vt 0.316280633 0.302560925 0
vt 0.348450392 0.344232023 0
vt 0.316280633 0.302560925 0
vt 0.337952107 0.293066889 0
vt 0.473073661 0.785946012 0
vt 0.473978937 0.76836288 0
vt 0.51306051 0.782322705 0
vt 0.473073661 0.785946012 0
vt 0.451235116 0.738627017 0
vt 0.473978937 0.76836288 0
vt 0.106044799 0.966364503 0
vt 0.0373721495 0.874203801 0
vt 0.0778962523 0.894174516 0
vt 0.103704378 0.883438587 0
vt 0.114204973 0.944437027 0
vt 0.0778962523 0.894174516 0
vt 0.76731807 0.620586216 0
vt 0.761520863 0.616775095 0
vt 0.795081735 0.608155489 0
vt 0.806724429 0.644219935 0
vt 0.76731807 0.620586216 0
vt 0.783411384 0.618003488 0
vt 0.973334908 0.0717256218 0
vt 0.89437151 0.0604458489 0
vt 0.921829641 0.0509426706 0
vt 0.872247636 0.0404983684 0
vt 0.904825211 0.0496359393 0
vt 0.89437151 0.0604458489 0
vt 0.0870940834 0.430063874 0
vt 0.0630576536 0.46220848 0
vt 0.0718582347 0.432682186 0
vt 0.0718582347 0.432682186 0
vt 0.0630576536 0.46220848 0
vt 0.0601451434 0.429579496 0
vt 0.809864402 0.482041776 0
vt 0.798421204 0.493947327 0
vt 0.797927082 0.446966738 0
vt 0.810167551 0.51298672 0
vt 0.796690702 0.510934591 0
vt 0.809864402 0.482041776 0
vt 0.553739071 0.414704025 0
vt 0.512709975 0.417317003 0
vt 0.548746765 0.407664895 0
vt 0.516261816 0.408729047 0
vt 0.548746765 0.407664895 0
vt 0.512709975 0.417317003 0
vt 0.0377631523 0.797554255 0
vt 0.0533164181 0.816289902 0
vt 0.0265429784 0.802616775 0
vt 0.0435726568 0.792916656 0
vt 0.14800632 0.90907681 0
vt 0.0533164181 0.816289902 0
vt 0.0478951782 0.503122985 0
vt 0.0289779827 0.531610727 0
vt 0.0428575426 0.488103956 0
vt 0.0478951782 0.503122985 0
vt 0.0428575426 0.488103956 0
vt 0.0630576536 0.46220848 0
vt 0.959894955 0.491279066 0
vt 0.851807356 0.53470552 0
vt 0.896316409 0.491279066 0
vt 0.851807356 0.53470552 0
vt 0.767819583 0.591199934 0
vt 0.896316409 0.491279066 0
vt 0.947426498 0.904883325 0
vt 0.913862884 0.875524759 0
vt 0.944100022 0.854148746 0
vt 0.858200192 0.823890686 0
vt 0.8703655 0.858811557 0
vt 0.79514116 0.819755256 0
vt 0.255048156 0.570282042 0
vt 0.205976769 0.562635005 0
vt 0.204366565 0.522405982 0
vt 0.205976769 0.562635005 0
vt 0.181618869 0.624950409 0
vt 0.169741079 0.543278992 0
vt 0.798921108 0.146466419 0
vt 0.780904353 0.181413233 0
vt 0.793197751 0.130772531 0
vt 0.801106572 0.108576462 0
vt 0.807367325 0.108876884 0
vt 0.798921108 0.146466419 0
vt 0.6856727 0.380989492 0
vt 0.631865501 0.34902814 0
vt 0.686912656 0.372567773 0
vt 0.686912656 0.372567773 0
vt 0.715241015 0.357837558 0
vt 0.6856727 0.380989492 0
vt 0.351266116 0.455223441 0
vt 0.387286544 0.448770523 0
vt 0.350543976 0.465827823 0
vt 0.336676896 0.474633068 0
vt 0.351266116 0.455223441 0
vt 0.350543976 0.465827823 0
vt 0.546841979 0.193371698 0
vt 0.602875412 0.15571025 0
vt 0.546679616 0.202217117 0
vt 0.501969099 0.222334102 0
vt 0.546841979 0.193371698 0
vt 0.546679616 0.202217117 0
vt 0.268972516 0.893812895 0
vt 0.246090174 0.897727489 0
vt 0.272394717 0.880036891 0
vt 0.279743046 0.876832724 0
vt 0.288258195 0.859648287 0
vt 0.286227554 0.871180952 0
vt 0.194153473 0.515646577 0
vt 0.148528293 0.545416355 0
vt 0.230703622 0.48308906 0
vt 0.204366565 0.522405982 0
vt 0.205976769 0.562635005 0
vt 0.169741079 0.543278992 0
vt 0.834935606 0.116666347 0
vt 0.812181592 0.144721329 0
vt 0.814472198 0.108466759 0
vt 0.834935606 0.116666347 0
vt 0.81407696 0.250536829 0
vt 0.812181592 0.144721329 0
vt 0.503421307 0.427124292 0
vt 0.418592185 0.434085399 0
vt 0.447546452 0.426939189 0
vt 0.44756636 0.417635739 0
vt 0.447546452 0.426939189 0
vt 0.418592185 0.434085399 0
vt 0.849771917 0.939846337 0
vt 0.796707869 0.936672986 0
vt 0.795894206 0.921137929 0
vt 0.796707869 0.936672986 0
vt 0.777832448 0.904535651 0
vt 0.795894206 0.921137929 0
vt 0.0593986213 0.710382581 0
vt 0.0845701471 0.69111228 0
vt 0.0532315783 0.734098554 0
vt 0.0411280133 0.719116986 0
vt 0.0593986213 0.710382581 0
vt 0.0532315783 0.734098554 0
vt 0.331393063 0.469982266 0
vt 0.336676896 0.474633068 0
vt 0.313150883 0.506929457 0
vt 0.336676896 0.474633068 0
vt 0.331393063 0.469982266 0
vt 0.351266116 0.455223441 0
vt 0.347173333 0.224569038 0
vt 0.372171938 0.216711298 0
vt 0.394617647 0.224398077 0
vt 0.372171938 0.216711298 0
vt 0.347173333 0.224569038 0
vt 0.304027289 0.218523785 0
vt 0.300621212 0.925567687 0
vt 0.268972516 0.893812895 0
vt 0.28672713 0.884133101 0
vt 0.28672713 0.884133101 0
vt 0.268972516 0.893812895 0
vt 0.279743046 0.876832724 0
vt 0.623850644 0.25407356 0
vt 0.586214423 0.228033751 0
vt 0.703845382 0.303683639 0
vt 0.697269857 0.674144983 0
vt 0.685406744 0.671681762 0
vt 0.693310142 0.668396413 0
vt 0.887914538 0.729709446 0
vt 0.843148768 0.674102068 0
vt 0.891092896 0.711229086 0
vt 0.918113887 0.72764641 0
vt 0.877420008 0.737559795 0
vt 0.887914538 0.729709446 0
vt 0.892977417 0.817738235 0
vt 0.937064946 0.833587825 0
vt 0.903774798 0.844748795 0
vt 0.937064946 0.833587825 0
vt 0.892977417 0.817738235 0
vt 0.860392928 0.770563543 0
vt 0.518913567 0.3391518 0
vt 0.392338276 0.374203801 0
vt 0.404339075 0.309212744 0
vt 0.374714583 0.262842864 0
vt 0.404339075 0.309212744 0
vt 0.392338276 0.374203801 0
vt 0.795885146 0.209141538 0
vt 0.783758223 0.217444003 0
vt 0.798921108 0.146466419 0
vt 0.795885146 0.209141538 0
vt 0.761891305 0.308897316 0
vt 0.783758223 0.217444003 0
vt 0.903774798 0.844748795 0
vt 0.8703655 0.858811557 0
vt 0.858200192 0.823890686 0
vt 0.944100022 0.854148746 0
vt 0.913862884 0.875524759 0
vt 0.903774798 0.844748795 0
vt 0.148157284 0.232378453 0
vt 0.160783365 0.259595007 0
vt 0.119709171 0.265208215 0
vt 0.119709171 0.265208215 0
vt 0.160783365 0.259595007 0
vt 0.147285476 0.279621989 0
vt 0.918113887 0.72764641 0
vt 0.914774299 0.719913065 0
vt 0.946430087 0.723057926 0
vt 0.918113887 0.72764641 0
vt 0.887914538 0.729709446 0
vt 0.914774299 0.719913065 0
vt 0.840477288 0.915342927 0
vt 0.8703655 0.858811557 0
vt 0.913862884 0.875524759 0
vt 0.8703655 0.858811557 0
vt 0.903774798 0.844748795 0
vt 0.913862884 0.875524759 0
vt 0.307053119 0.209140748 0
vt 0.372171938 0.216711298 0
vt 0.304027289 0.218523785 0
vt 0.265637606 0.207759798 0
vt 0.307053119 0.209140748 0
vt 0.304027289 0.218523785 0
vt 0.374714583 0.262842864 0
vt 0.371154547 0.372396469 0
vt 0.358617127 0.28938067 0
vt 0.354932308 0.265186608 0
vt 0.362234443 0.246444777 0
vt 0.374714583 0.262842864 0
vt 0.245899111 0.8919999 0
vt 0.272394717 0.880036891 0
vt 0.246090174 0.897727489 0
vt 0.214943215 0.906285942 0
vt 0.245899111 0.8919999 0
vt 0.246090174 0.897727489 0
vt 0.271092623 0.538623989 0
vt 0.281302899 0.547331691 0
vt 0.255048156 0.570282042 0
vt 0.305167556 0.524486601 0
vt 0.281302899 0.547331691 0
vt 0.271092623 0.538623989 0
vt 0.8535043 0.593535364 0
vt 0.843026578 0.608859003 0
vt 0.799495399 0.612733185 0
vt 0.843026578 0.608859003 0
vt 0.875602424 0.591958523 0
vt 0.95105052 0.592176557 0
vt 0.969562531 0.901833355 0
vt 0.972210467 0.869828999 0
vt 0.979667902 0.90699321 0
vt 0.969562531 0.901833355 0
vt 0.979667902 0.90699321 0
vt 0.979667902 0.918369472 0
vt 0.226235151 0.218028352 0
vt 0.275008887 0.22197561 0
vt 0.303378552 0.226781383 0
vt 0.275008887 0.22197561 0
vt 0.304027289 0.218523785 0
vt 0.303378552 0.226781383 0
vt 0.041130878 0.76812911 0
vt 0.030071022 0.726576507 0
vt 0.0411280133 0.719116986 0
vt 0.0952814147 0.31148231 0
vt 0.0547951646 0.307631701 0
vt 0.0553417839 0.294546336 0
vt 0.493575186 0.210168332 0
vt 0.45887965 0.217843667 0
vt 0.421250254 0.21317333 0
vt 0.493575186 0.210168332 0
vt 0.498823941 0.216840997 0
vt 0.45887965 0.217843667 0
vt 0.245899111 0.8919999 0
vt 0.247896299 0.872829258 0
vt 0.272394717 0.880036891 0
vt 0.0875809491 0.7014516 0
vt 0.221368074 0.820412099 0
vt 0.239448696 0.843620658 0
vt 0.156042174 0.491409719 0
vt 0.0870940834 0.430063874 0
vt 0.103971586 0.415939569 0
vt 0.0912935883 0.39950195 0
vt 0.0870940834 0.430063874 0
vt 0.0767882913 0.405982822 0
vt 0.324977338 0.261440307 0
vt 0.354932308 0.265186608 0
vt 0.323024333 0.285778254 0
vt 0.324977338 0.261440307 0
vt 0.302937359 0.274649918 0
vt 0.259898275 0.269021153 0
vt 0.73878324 0.0253966451 0
vt 0.768642426 0.0426453985 0
vt 0.780992806 0.0736786425 0
vt 0.73878324 0.0253966451 0
vt 0.728550494 0.00387594104 0
vt 0.768642426 0.0426453985 0
vt 0.69411242 0.439267218 0
vt 0.742254019 0.531493962 0
vt 0.691234529 0.484399706 0
vt 0.69411242 0.439267218 0
vt 0.691234529 0.484399706 0
vt 0.671152174 0.530514002 0
vt 0.553047121 0.258797735 0
vt 0.504056156 0.234833479 0
vt 0.518655002 0.231443912 0
vt 0.518655002 0.231443912 0
vt 0.504056156 0.234833479 0
vt 0.48346597 0.223718807 0
vt 0.832701385 0.485319644 0
vt 0.818659365 0.521159589 0
vt 0.820200682 0.478873104 0
vt 0.820200682 0.478873104 0
vt 0.826625884 0.413834006 0
vt 0.832701385 0.485319644 0
vt 0.192499354 0.242085084 0
vt 0.218951732 0.275946319 0
vt 0.180804521 0.279185951 0
vt 0.180804521 0.279185951 0
vt 0.218951732 0.275946319 0
vt 0.166627482 0.287841797 0
vt 0.872247636 0.0404983684 0
vt 0.89437151 0.0604458489 0
vt 0.834540427 0.0426989496 0
vt 0.783231616 0.822253644 0
vt 0.795894206 0.921137929 0
vt 0.784781337 0.860191345 0
vt 0.0951054096 0.699782133 0
vt 0.108930171 0.697276831 0
vt 0.120867655 0.716425061 0
vt 0.120867655 0.716425061 0
vt 0.145352885 0.716228306 0
vt 0.231646851 0.752787471 0
vt 0.305902123 0.850938201 0
vt 0.288258195 0.859648287 0
vt 0.302789599 0.842265129 0
vt 0.302789599 0.842265129 0
vt 0.310414523 0.837119222 0
vt 0.305902123 0.850938201 0
vt 0.839076579 0.701515853 0
vt 0.728026211 0.651417315 0
vt 0.781763613 0.654857635 0
vt 0.781763613 0.654857635 0
vt 0.728026211 0.651417315 0
vt 0.76731807 0.620586216 0
vt 0.800199986 0.280445665 0
vt 0.757522702 0.398395598 0
vt 0.739101827 0.370855391 0
vt 0.739101827 0.370855391 0
vt 0.757522702 0.398395598 0
vt 0.712845147 0.416888863 0
vt 0.126126796 0.689763844 0
vt 0.145352885 0.716228306 0
vt 0.108930171 0.697276831 0
vt 0.120867655 0.716425061 0
vt 0.108930171 0.697276831 0
vt 0.145352885 0.716228306 0
vt 0.553739071 0.414704025 0
vt 0.55276376 0.422068954 0
vt 0.503421307 0.427124292 0
vt 0.576232076 0.413512498 0
vt 0.566929042 0.419263542 0
vt 0.560234666 0.4072209 0
vt 0.324977338 0.261440307 0
vt 0.323024333 0.285778254 0
vt 0.302937359 0.274649918 0
vt 0.316280633 0.302560925 0
vt 0.302937359 0.274649918 0
vt 0.323024333 0.285778254 0
vt 0.103971586 0.415939569 0
vt 0.0870940834 0.430063874 0
vt 0.0912935883 0.39950195 0
vt 0.103971586 0.415939569 0
vt 0.0912935883 0.39950195 0
vt 0.110751562 0.389091998 0
vt 0.80654788 0.321321756 0
vt 0.757522702 0.398395598 0
vt 0.800199986 0.280445665 0
vt 0.813804805 0.292669863 0
vt 0.80654788 0.321321756 0
vt 0.800199986 0.280445665 0
vt 0.914774299 0.719913065 0
vt 0.887914538 0.729709446 0
vt 0.891092896 0.711229086 0
vt 0.891092896 0.711229086 0
vt 0.922542632 0.647752345 0
vt 0.914774299 0.719913065 0
vt 0.676791072 0.477556527 0
vt 0.68586725 0.417846203 0
vt 0.69327426 0.421441048 0
vt 0.657920837 0.493940413 0
vt 0.68586725 0.417846203 0
vt 0.676791072 0.477556527 0
vt 0.259898275 0.269021153 0
vt 0.234892771 0.282711923 0
vt 0.218951732 0.275946319 0
vt 0.302937359 0.274649918 0
vt 0.234892771 0.282711923 0
vt 0.259898275 0.269021153 0
vt 0.293220222 0.201656237 0
vt 0.307053119 0.209140748 0
vt 0.265637606 0.207759798 0
vt 0.265637606 0.207759798 0
vt 0.191325873 0.213870123 0
vt 0.293220222 0.201656237 0
vt 0.269281119 0.469551861 0
vt 0.230703622 0.48308906 0
vt 0.265012383 0.459952801 0
vt 0.230703622 0.48308906 0
vt 0.235419601 0.466176569 0
vt 0.265012383 0.459952801 0
vt 0.872247636 0.0404983684 0
vt 0.834540427 0.0426989496 0
vt 0.837155402 0.0347443633 0
vt 0.834540427 0.0426989496 0
vt 0.780245185 0.0222522989 0
vt 0.837155402 0.0347443633 0
vt 0.0952814147 0.31148231 0
vt 0.143851608 0.303210646 0
vt 0.184350133 0.377181292 0
vt 0.0553417839 0.294546336 0
vt 0.143851608 0.303210646 0
vt 0.0952814147 0.31148231 0
vt 0.739595056 0.317489028 0
vt 0.755861223 0.30251509 0
vt 0.7537117 0.331395924 0
vt 0.761891305 0.308897316 0
vt 0.800199986 0.280445665 0
vt 0.7537117 0.331395924 0
vt 0.458233804 0.730868161 0
vt 0.444300413 0.724504888 0
vt 0.458023041 0.723589182 0
vt 0.458233804 0.730868161 0
vt 0.458023041 0.723589182 0
vt 0.475557387 0.735697389 0
vt 0.141119331 0.140371665 0
vt 0.155523062 0.145868883 0
vt 0.143174529 0.166832268 0
vt 0.175162718 0.143162355 0
vt 0.165703103 0.170109704 0
vt 0.143174529 0.166832268 0
vt 0.0987789109 0.574572206 0
vt 0.0759681538 0.585076094 0
vt 0.154585257 0.497727901 0
vt 0.0750470981 0.592616439 0
vt 0.106648058 0.574166238 0
vt 0.0740888417 0.602587402 0
vt 0.257003665 0.507885635 0
vt 0.286498517 0.505540311 0
vt 0.271092623 0.538623989 0
vt 0.286498517 0.505540311 0
vt 0.305167556 0.524486601 0
vt 0.271092623 0.538623989 0
vt 0.845227897 0.736422658 0
vt 0.728026211 0.651417315 0
vt 0.839076579 0.701515853 0
vt 0.887914538 0.729709446 0
vt 0.845227897 0.736422658 0
vt 0.839076579 0.701515853 0
vt 0.0328020453 0.932803571 0
vt 0.0373721495 0.874203801 0
vt 0.106044799 0.966364503 0
vt 0.0328020453 0.932803571 0
vt 0.0194375999 0.896343708 0
vt 0.0373721495 0.874203801 0
vt 0.189148575 0.967302561 0
vt 0.182789803 0.932477951 0
vt 0.214449316 0.91890645 0
vt 0.182789803 0.932477951 0
vt 0.189370975 0.917319417 0
vt 0.214449316 0.91890645 0
vt 0.31670019 0.233373851 0
vt 0.356375664 0.231897667 0
vt 0.323760271 0.242081746 0
vt 0.356375664 0.231897667 0
vt 0.351859301 0.241484359 0
vt 0.323760271 0.242081746 0
vt 0.294098675 0.478532434 0
vt 0.286498517 0.505540311 0
vt 0.257003665 0.507885635 0
vt 0.29105413 0.46884504 0
vt 0.294098675 0.478532434 0
vt 0.257642418 0.493833572 0
vt 0.697269857 0.674144983 0
vt 0.650167346 0.685852289 0
vt 0.685406744 0.671681762 0
vt 0.662632704 0.774728239 0
vt 0.650167346 0.685852289 0
vt 0.697269857 0.674144983 0
vt 0.126126796 0.689763844 0
vt 0.0985967293 0.678779066 0
vt 0.157926202 0.695168018 0
vt 0.126126796 0.689763844 0
vt 0.157926202 0.695168018 0
vt 0.145352885 0.716228306 0
vt 0.0572983213 0.283521831 0
vt 0.0342072062 0.254192084 0
vt 0.0345736481 0.229459956 0
vt 0.0572983213 0.283521831 0
vt 0.0553417839 0.294546336 0
vt 0.0342072062 0.254192084 0
vt 0.172290072 0.919722319 0
vt 0.214943215 0.906285942 0
vt 0.189370975 0.917319417 0
vt 0.214449316 0.91890645 0
vt 0.189370975 0.917319417 0
vt 0.214943215 0.906285942 0
vt 0.104943953 0.981531262 0
vt 0.106044799 0.966364503 0
vt 0.11772535 0.968700707 0
vt 0.106044799 0.966364503 0
vt 0.0778962523 0.894174516 0
vt 0.114204973 0.944437027 0
vt 0.102395602 0.150703147 0
vt 0.105566233 0.133837372 0
vt 0.119612888 0.149157017 0
vt 0.105566233 0.133837372 0
vt 0.0899930745 0.129019365 0
vt 0.0519370586 0.0980371237 0
vt 0.854373038 0.963078797 0
vt 0.886671543 0.954650879 0
vt 0.880418003 0.963885486 0
vt 0.569359958 0.426130056 0
vt 0.589173019 0.454968989 0
vt 0.592412114 0.480413616 0
vt 0.695935369 0.780963302 0
vt 0.718280911 0.775021374 0
vt 0.723575354 0.781075537 0
vt 0.371154547 0.372396469 0
vt 0.379741311 0.37930876 0
vt 0.34827143 0.36989817 0
vt 0.820200682 0.478873104 0
vt 0.818659365 0.521159589 0
vt 0.810167551 0.51298672 0
vt 0.818659365 0.521159589 0
vt 0.800323427 0.523350835 0
vt 0.810167551 0.51298672 0
vt 0.714599311 0.30117169 0
vt 0.586214423 0.228033751 0
vt 0.598898947 0.188994914 0
vt 0.645140409 0.679158211 0
vt 0.685406744 0.671681762 0
vt 0.650167346 0.685852289 0
vt 0.229927704 0.118083268 0
vt 0.259102434 0.0921296999 0
vt 0.203508094 0.152545974 0
vt 0.197599292 0.147080243 0
vt 0.203508094 0.152545974 0
vt 0.164572895 0.183412537 0
vt 0.29105413 0.46884504 0
vt 0.269281119 0.469551861 0
vt 0.265012383 0.459952801 0
vt 0.29105413 0.46884504 0
vt 0.257642418 0.493833572 0
vt 0.242851764 0.489738464 0
vt 0.906579316 0.733639717 0
vt 0.918113887 0.72764641 0
vt 0.995569408 0.780712962 0
vt 0.877420008 0.737559795 0
vt 0.918113887 0.72764641 0
vt 0.906579316 0.733639717 0
vt 0.0669939443 0.181697533 0
vt 0.0850095451 0.151105061 0
vt 0.102395602 0.150703147 0
vt 0.0899930745 0.129019365 0
vt 0.105566233 0.133837372 0
vt 0.102395602 0.150703147 0
vt 0.944100022 0.854148746 0
vt 0.954073966 0.796260476 0
vt 0.96040386 0.848437071 0
vt 0.96040386 0.848437071 0
vt 0.947426498 0.904883325 0
vt 0.944100022 0.854148746 0
vt 0.259102434 0.0921296999 0
vt 0.25875029 0.103080906 0
vt 0.203508094 0.152545974 0
vt 0.292226791 0.0600126199 0
vt 0.278313935 0.102786191 0
vt 0.25875029 0.103080906 0
vt 0.810732841 0.410705298 0
vt 0.811573803 0.448164076 0
vt 0.803920686 0.415759295 0
vt 0.810732841 0.410705298 0
vt 0.803920686 0.415759295 0
vt 0.80654788 0.321321756 0
vt 0.801106572 0.108576462 0
vt 0.798921108 0.146466419 0
vt 0.793197751 0.130772531 0
vt 0.793197751 0.130772531 0
vt 0.772408903 0.135856122 0
vt 0.801106572 0.108576462 0
vt 0.0630576536 0.46220848 0
vt 0.0512087233 0.450756639 0
vt 0.0601451434 0.429579496 0
vt 0.253154755 0.982998252 0
vt 0.242899835 0.951001465 0
vt 0.271840423 0.933524072 0
vt 0.247896299 0.872829258 0
vt 0.239448696 0.843620658 0
vt 0.272394717 0.880036891 0
vt 0.216225356 0.862160802 0
vt 0.239448696 0.843620658 0
vt 0.247896299 0.872829258 0
vt 0.103704378 0.883438587 0
vt 0.125265166 0.888844192 0
vt 0.114204973 0.944437027 0
vt 0.125265166 0.888844192 0
vt 0.103704378 0.883438587 0
vt 0.0533164181 0.816289902 0
vt 0.242851764 0.489738464 0
vt 0.230703622 0.48308906 0
vt 0.269281119 0.469551861 0
vt 0.242851764 0.489738464 0
vt 0.269281119 0.469551861 0
vt 0.29105413 0.46884504 0
vt 0.809482038 0.0824765489 0
vt 0.807367325 0.108876884 0
vt 0.801697731 0.0808719769 0
vt 0.834540427 0.0426989496 0
vt 0.814472198 0.108466759 0
vt 0.809482038 0.0824765489 0
vt 0.145767003 0.218039587 0
vt 0.191325873 0.213870123 0
vt 0.185054421 0.222311199 0
vt 0.185054421 0.222311199 0
vt 0.226235151 0.218028352 0
vt 0.230283961 0.225525737 0
vt 0.242899835 0.951001465 0
vt 0.229554042 0.982252896 0
vt 0.214449316 0.91890645 0
vt 0.253154755 0.982998252 0
vt 0.229554042 0.982252896 0
vt 0.242899835 0.951001465 0
vt 0.962109804 0.724962234 0
vt 0.967568576 0.726292193 0
vt 0.968553126 0.743299365 0
vt 0.918113887 0.72764641 0
vt 0.962109804 0.724962234 0
vt 0.968553126 0.743299365 0
vt 0.631865501 0.34902814 0
vt 0.596352577 0.320993394 0
vt 0.686912656 0.372567773 0
vt 0.795081735 0.608155489 0
vt 0.761520863 0.616775095 0
vt 0.767819583 0.591199934 0
vt 0.814472198 0.108466759 0
vt 0.812181592 0.144721329 0
vt 0.807367325 0.108876884 0
vt 0.809482038 0.0824765489 0
vt 0.814472198 0.108466759 0
vt 0.807367325 0.108876884 0
vt 0.761891305 0.308897316 0
vt 0.7537117 0.331395924 0
vt 0.755861223 0.30251509 0
vt 0.761891305 0.308897316 0
vt 0.755861223 0.30251509 0
vt 0.764457047 0.271538168 0
vt 0.191325873 0.213870123 0
vt 0.265637606 0.207759798 0
vt 0.226235151 0.218028352 0
vt 0.191325873 0.213870123 0
vt 0.226235151 0.218028352 0
vt 0.185054421 0.222311199 0
vt 0.250030667 0.0863315314 0
vt 0.259102434 0.0921296999 0
vt 0.234245554 0.100135043 0
vt 0.165206864 0.121674046 0
vt 0.227935567 0.0891765058 0
vt 0.234245554 0.100135043 0
vt 0.8535043 0.593535364 0
vt 0.799495399 0.612733185 0
vt 0.795081735 0.608155489 0
vt 0.76731807 0.620586216 0
vt 0.795081735 0.608155489 0
vt 0.783411384 0.618003488 0
vt 0.041130878 0.76812911 0
vt 0.0532315783 0.734098554 0
vt 0.0435726568 0.792916656 0
vt 0.0435726568 0.792916656 0
vt 0.0533164181 0.816289902 0
vt 0.0377631523 0.797554255 0
vt 0.97444123 0.112669617 0
vt 0.826065004 0.312780738 0
vt 0.81407696 0.250536829 0
vt 0.826065004 0.312780738 0
vt 0.826625884 0.413834006 0
vt 0.812894166 0.354273617 0
vt 0.817570448 0.951902032 0
vt 0.828945458 0.964910567 0
vt 0.811543286 0.959765494 0
vt 0.828945458 0.964910567 0
vt 0.817570448 0.951902032 0
vt 0.849771917 0.939846337 0
vt 0.134215891 0.62507838 0
vt 0.181618869 0.624950409 0
vt 0.202961013 0.657794416 0
vt 0.169741079 0.543278992 0
vt 0.181618869 0.624950409 0
vt 0.134215891 0.62507838 0
vt 0.31670019 0.233373851 0
vt 0.258469582 0.256034255 0
vt 0.244249195 0.233039916 0
vt 0.226235151 0.218028352 0
vt 0.303378552 0.226781383 0
vt 0.230283961 0.225525737 0
vt 0.430566967 0.452383131 0
vt 0.395381778 0.459326178 0
vt 0.409948915 0.443556905 0
vt 0.430566967 0.452383131 0
vt 0.415055454 0.523813009 0
vt 0.395381778 0.459326178 0
vt 0.379741311 0.37930876 0
vt 0.371154547 0.372396469 0
vt 0.392338276 0.374203801 0
vt 0.374714583 0.262842864 0
vt 0.392338276 0.374203801 0
vt 0.371154547 0.372396469 0
vt 0.767389715 0.554243505 0
vt 0.72597599 0.573300898 0
vt 0.722609937 0.562571287 0
vt 0.72597599 0.573300898 0
vt 0.696023047 0.569685459 0
vt 0.722609937 0.562571287 0
vt 0.041130878 0.76812911 0
vt 0.0435726568 0.792916656 0
vt 0.0377631523 0.797554255 0
vt 0.0377631523 0.797554255 0
vt 0.0255977716 0.79637295 0
vt 0.041130878 0.76812911 0
vt 0.165703103 0.170109704 0
vt 0.164572895 0.183412537 0
vt 0.142220452 0.203471661 0
vt 0.197599292 0.147080243 0
vt 0.164572895 0.183412537 0
vt 0.165703103 0.170109704 0
vt 0.148157284 0.232378453 0
vt 0.192499354 0.242085084 0
vt 0.160783365 0.259595007 0
vt 0.148157284 0.232378453 0
vt 0.200017974 0.231106728 0
vt 0.192499354 0.242085084 0
vt 0.387286544 0.448770523 0
vt 0.418592185 0.434085399 0
vt 0.409948915 0.443556905 0
vt 0.395381778 0.459326178 0
vt 0.387286544 0.448770523 0
vt 0.409948915 0.443556905 0
vt 0.691165149 0.545638442 0
vt 0.724094272 0.550361395 0
vt 0.703046024 0.560980141 0
vt 0.724094272 0.550361395 0
vt 0.722609937 0.562571287 0
vt 0.703046024 0.560980141 0
vt 0.81407696 0.250536829 0
vt 0.826065004 0.312780738 0
vt 0.813804805 0.292669863 0
vt 0.81407696 0.250536829 0
vt 0.813804805 0.292669863 0
vt 0.800199986 0.280445665 0
vt 0.165206864 0.121674046 0
vt 0.234245554 0.100135043 0
vt 0.141119331 0.140371665 0
vt 0.131734431 0.134644881 0
vt 0.165206864 0.121674046 0
vt 0.141119331 0.140371665 0
vt 0.0875809491 0.7014516 0
vt 0.0951054096 0.699782133 0
vt 0.221368074 0.820412099 0
vt 0.0532315783 0.734098554 0
vt 0.0845701471 0.69111228 0
vt 0.0875809491 0.7014516 0
vt 0.244249195 0.233039916 0
vt 0.192499354 0.242085084 0
vt 0.200017974 0.231106728 0
vt 0.230283961 0.225525737 0
vt 0.303378552 0.226781383 0
vt 0.244249195 0.233039916 0
vt 0.29105413 0.46884504 0
vt 0.328621209 0.461918384 0
vt 0.331393063 0.469982266 0
vt 0.351266116 0.455223441 0
vt 0.331393063 0.469982266 0
vt 0.328621209 0.461918384 0
vt 0.796690702 0.510934591 0
vt 0.761523604 0.530696988 0
vt 0.742254019 0.531493962 0
vt 0.761523604 0.530696988 0
vt 0.724094272 0.550361395 0
vt 0.742254019 0.531493962 0
vt 0.240849003 0.314563483 0
vt 0.212902129 0.381790161 0
vt 0.20083271 0.345572233 0
vt 0.184350133 0.377181292 0
vt 0.143851608 0.303210646 0
vt 0.20083271 0.345572233 0
vt 0.948898077 0.541777194 0
vt 0.962570608 0.511958897 0
vt 0.958336771 0.548459053 0
vt 0.958336771 0.548459053 0
vt 0.875390351 0.577377498 0
vt 0.948898077 0.541777194 0
vt 0.354932308 0.265186608 0
vt 0.358617127 0.28938067 0
vt 0.337952107 0.293066889 0
vt 0.354932308 0.265186608 0
vt 0.374714583 0.262842864 0
vt 0.358617127 0.28938067 0
vt 0.124106601 0.228823617 0
vt 0.119709171 0.265208215 0
vt 0.0828615651 0.247272015 0
vt 0.0828615651 0.247272015 0
vt 0.119709171 0.265208215 0
vt 0.0750822499 0.27116859 0
vt 0.194153473 0.515646577 0
vt 0.169741079 0.543278992 0
vt 0.148528293 0.545416355 0
vt 0.148528293 0.545416355 0
vt 0.169741079 0.543278992 0
vt 0.106648058 0.574166238 0
vt 0.800323427 0.523350835 0
vt 0.788112521 0.523979485 0
vt 0.796690702 0.510934591 0
vt 0.788112521 0.523979485 0
vt 0.790515125 0.53225714 0
vt 0.760315955 0.543218732 0
vt 0.806724429 0.644219935 0
vt 0.827459276 0.636811197 0
vt 0.843148768 0.674102068 0
vt 0.843148768 0.674102068 0
vt 0.839076579 0.701515853 0
vt 0.806724429 0.644219935 0
vt 0.184350133 0.377181292 0
vt 0.20083271 0.345572233 0
vt 0.212902129 0.381790161 0
vt 0.825906754 0.757366478 0
vt 0.877420008 0.737559795 0
vt 0.853849888 0.755342066 0
vt 0.817537665 0.797887564 0
vt 0.79514116 0.819755256 0
vt 0.783231616 0.822253644 0
vt 0.79514116 0.819755256 0
vt 0.817537665 0.797887564 0
vt 0.860392928 0.770563543 0
vt 0.532245398 0.374729425 0
vt 0.572143495 0.359937429 0
vt 0.571459889 0.367266238 0
vt 0.976894796 0.800378859 0
vt 0.976230443 0.807877004 0
vt 0.969451368 0.81024611 0
vt 0.229501501 0.0742014796 0
vt 0.250030667 0.0863315314 0
vt 0.227935567 0.0891765058 0
vt 0.234245554 0.100135043 0
vt 0.227935567 0.0891765058 0
vt 0.250030667 0.0863315314 0
vt 0.786111712 0.500828981 0
vt 0.796690702 0.510934591 0
vt 0.742254019 0.531493962 0
vt 0.798421204 0.493947327 0
vt 0.786111712 0.500828981 0
vt 0.797927082 0.446966738 0
vt 0.554269671 0.391117722 0
vt 0.543277979 0.399864912 0
vt 0.517763495 0.396901429 0
vt 0.554269671 0.391117722 0
vt 0.548746765 0.407664895 0
vt 0.543277979 0.399864912 0
vt 0.0428575426 0.488103956 0
vt 0.0242248047 0.482352912 0
vt 0.0512087233 0.450756639 0
vt 0.0428575426 0.488103956 0
vt 0.0289779827 0.531610727 0
vt 0.0242248047 0.482352912 0
vt 0.281667799 0.779538512 0
vt 0.302789599 0.842265129 0
vt 0.271899819 0.775129914 0
vt 0.271899819 0.775129914 0
vt 0.26137358 0.748956382 0
vt 0.281667799 0.779538512 0
vt 0.0875809491 0.7014516 0
vt 0.0845701471 0.69111228 0
vt 0.0951054096 0.699782133 0
vt 0.0951054096 0.699782133 0
vt 0.0845701471 0.69111228 0
vt 0.0964542776 0.684211314 0
vt 0.957492173 0.956034482 0
vt 0.956245959 0.938683748 0
vt 0.979667902 0.918369472 0
vt 0.914839566 0.938015044 0
vt 0.963170767 0.918267787 0
vt 0.956245959 0.938683748 0
vt 0.553739071 0.414704025 0
vt 0.548746765 0.407664895 0
vt 0.560234666 0.4072209 0
vt 0.560234666 0.4072209 0
vt 0.566929042 0.419263542 0
vt 0.553739071 0.414704025 0
vt 0.455916494 0.22345382 0
vt 0.362234443 0.246444777 0
vt 0.351859301 0.241484359 0
vt 0.362234443 0.246444777 0
vt 0.324977338 0.261440307 0
vt 0.351859301 0.241484359 0
vt 0.788519323 0.105417356 0
vt 0.780992806 0.0736786425 0
vt 0.794635713 0.0765378699 0
vt 0.780992806 0.0736786425 0
vt 0.788519323 0.105417356 0
vt 0.772408903 0.135856122 0
vt 0.714599311 0.30117169 0
vt 0.740935326 0.287037849 0
vt 0.739595056 0.317489028 0
vt 0.739595056 0.317489028 0
vt 0.740935326 0.287037849 0
vt 0.755861223 0.30251509 0
vt 0.012873359 0.830633342 0
vt 0.0136654153 0.874129713 0
vt 0.00387597876 0.82643038 0
vt 0.0107145086 0.803178072 0
vt 0.012873359 0.830633342 0
vt 0.00387597876 0.82643038 0
vt 0.979667902 0.918369472 0
vt 0.956245959 0.938683748 0
vt 0.963170767 0.918267787 0
vt 0.969562531 0.901833355 0
vt 0.979667902 0.918369472 0
vt 0.963170767 0.918267787 0
vt 0.119612888 0.149157017 0
vt 0.127211928 0.155448049 0
vt 0.110493578 0.173843756 0
vt 0.119612888 0.149157017 0
vt 0.141119331 0.140371665 0
vt 0.127211928 0.155448049 0
vt 0.703845382 0.303683639 0
vt 0.714599311 0.30117169 0
vt 0.739595056 0.317489028 0
vt 0.703845382 0.303683639 0
vt 0.586214423 0.228033751 0
vt 0.714599311 0.30117169 0
vt 0.553739071 0.414704025 0
vt 0.569359958 0.426130056 0
vt 0.55276376 0.422068954 0
vt 0.55276376 0.422068954 0
vt 0.569359958 0.426130056 0
vt 0.592412114 0.480413616 0
vt 0.257642418 0.493833572 0
vt 0.204366565 0.522405982 0
vt 0.194153473 0.515646577 0
vt 0.194153473 0.515646577 0
vt 0.204366565 0.522405982 0
vt 0.169741079 0.543278992 0
vt 0.45887965 0.217843667 0
vt 0.468649656 0.225913048 0
vt 0.455916494 0.22345382 0
vt 0.468649656 0.225913048 0
vt 0.362234443 0.246444777 0
vt 0.455916494 0.22345382 0
vt 0.0519370586 0.0980371237 0
vt 0.0899930745 0.129019365 0
vt 0.0563298613 0.115150124 0
vt 0.0222701654 0.149510175 0
vt 0.0519370586 0.0980371237 0
vt 0.0563298613 0.115150124 0
vt 0.892977417 0.817738235 0
vt 0.858200192 0.823890686 0
vt 0.860392928 0.770563543 0
vt 0.892977417 0.817738235 0
vt 0.903774798 0.844748795 0
vt 0.858200192 0.823890686 0
vt 0.472345412 0.695062757 0
vt 0.46655041 0.704256356 0
vt 0.450483173 0.683993161 0
vt 0.46655041 0.704256356 0
vt 0.472345412 0.695062757 0
vt 0.506825626 0.703486025 0
vt 0.803920686 0.415759295 0
vt 0.797927082 0.446966738 0
vt 0.792404115 0.434755236 0
vt 0.797927082 0.446966738 0
vt 0.786111712 0.500828981 0
vt 0.792404115 0.434755236 0
vt 0.0669939443 0.181697533 0
vt 0.110493578 0.173843756 0
vt 0.0762309209 0.188351274 0
vt 0.0669939443 0.181697533 0
vt 0.0762309209 0.188351274 0
vt 0.037484251 0.211164221 0
vt 0.158119202 0.930351913 0
vt 0.172290072 0.919722319 0
vt 0.168089792 0.928908348 0
vt 0.142213807 0.947430849 0
vt 0.158119202 0.930351913 0
vt 0.157203168 0.939788163 0
vt 0.783758223 0.217444003 0
vt 0.77236408 0.227238685 0
vt 0.780904353 0.181413233 0
vt 0.751964927 0.231762066 0
vt 0.780904353 0.181413233 0
vt 0.77236408 0.227238685 0
vt 0.418592185 0.434085399 0
vt 0.503421307 0.427124292 0
vt 0.465895951 0.439300597 0
vt 0.503421307 0.427124292 0
vt 0.55276376 0.422068954 0
vt 0.465895951 0.439300597 0
vt 0.739101827 0.370855391 0
vt 0.712845147 0.416888863 0
vt 0.709153235 0.405376881 0
vt 0.709153235 0.405376881 0
vt 0.712845147 0.416888863 0
vt 0.69327426 0.421441048 0
vt 0.800323427 0.523350835 0
vt 0.809523582 0.535734475 0
vt 0.790515125 0.53225714 0
vt 0.800323427 0.523350835 0
vt 0.790515125 0.53225714 0
vt 0.788112521 0.523979485 0
vt 0.168089792 0.928908348 0
vt 0.182789803 0.932477951 0
vt 0.157203168 0.939788163 0
vt 0.157203168 0.939788163 0
vt 0.158119202 0.930351913 0
vt 0.168089792 0.928908348 0
vt 0.131734431 0.134644881 0
vt 0.147675484 0.120103881 0
vt 0.165206864 0.121674046 0
vt 0.147675484 0.120103881 0
vt 0.131734431 0.134644881 0
vt 0.105566233 0.133837372 0
vt 0.656767488 0.55832994 0
vt 0.671152174 0.530514002 0
vt 0.67446661 0.551462114 0
vt 0.671152174 0.530514002 0
vt 0.691234529 0.484399706 0
vt 0.67446661 0.551462114 0
vt 0.534185112 0.78007102 0
vt 0.531812906 0.765074193 0
vt 0.545885265 0.771217942 0
vt 0.662632704 0.774728239 0
vt 0.545885265 0.771217942 0
vt 0.531812906 0.765074193 0
vt 0.751964927 0.231762066 0
vt 0.772408903 0.135856122 0
vt 0.766119361 0.174006805 0
vt 0.766119361 0.174006805 0
vt 0.772408903 0.135856122 0
vt 0.793197751 0.130772531 0
vt 0.203508094 0.152545974 0
vt 0.197599292 0.147080243 0
vt 0.229927704 0.118083268 0
vt 0.175162718 0.143162355 0
vt 0.229927704 0.118083268 0
vt 0.197599292 0.147080243 0
vt 0.335830182 0.564710379 0
vt 0.415055454 0.523813009 0
vt 0.384289443 0.551671267 0
vt 0.384289443 0.551671267 0
vt 0.415055454 0.523813009 0
vt 0.395445377 0.637350202 0
vt 0.562247992 0.698090076 0
vt 0.53026247 0.707704544 0
vt 0.506825626 0.703486025 0
vt 0.576622963 0.698447347 0
vt 0.506702483 0.729755998 0
vt 0.53026247 0.707704544 0
vt 0.779726326 0.856077135 0
vt 0.783231616 0.822253644 0
vt 0.784781337 0.860191345 0
vt 0.784781337 0.860191345 0
vt 0.775678277 0.888287365 0
vt 0.779726326 0.856077135 0
vt 0.247553885 0.38271299 0
vt 0.240849003 0.314563483 0
vt 0.27291739 0.379667312 0
vt 0.793032467 0.763489544 0
vt 0.769016922 0.770508111 0
vt 0.794908762 0.758114576 0
vt 0.0563298613 0.115150124 0
vt 0.0899930745 0.129019365 0
vt 0.0850095451 0.151105061 0
vt 0.0899930745 0.129019365 0
vt 0.102395602 0.150703147 0
vt 0.0850095451 0.151105061 0
vt 0.229501501 0.0742014796 0
vt 0.257789761 0.0667167529 0
vt 0.269429415 0.0691702291 0
vt 0.296159267 0.0375861898 0
vt 0.269429415 0.0691702291 0
vt 0.257789761 0.0667167529 0
vt 0.135943815 0.21280928 0
vt 0.142220452 0.203471661 0
vt 0.145767003 0.218039587 0
vt 0.135943815 0.21280928 0
vt 0.145767003 0.218039587 0
vt 0.148157284 0.232378453 0
vt 0.921829641 0.0509426706 0
vt 0.89437151 0.0604458489 0
vt 0.904825211 0.0496359393 0
vt 0.777832448 0.904535651 0
vt 0.775678277 0.888287365 0
vt 0.784781337 0.860191345 0
vt 0.806724429 0.644219935 0
vt 0.783411384 0.618003488 0
vt 0.799495399 0.612733185 0
vt 0.799495399 0.612733185 0
vt 0.783411384 0.618003488 0
vt 0.795081735 0.608155489 0
vt 0.11772535 0.968700707 0
vt 0.106044799 0.966364503 0
vt 0.12872009 0.9564116 0
vt 0.128122672 0.987276971 0
vt 0.11772535 0.968700707 0
vt 0.12872009 0.9564116 0
vt 0.119709171 0.265208215 0
vt 0.147285476 0.279621989 0
vt 0.121904612 0.280084908 0
vt 0.121904612 0.280084908 0
vt 0.147285476 0.279621989 0
vt 0.166627482 0.287841797 0
vt 0.650167346 0.685852289 0
vt 0.628725529 0.686061323 0
vt 0.645140409 0.679158211 0
vt 0.628725529 0.686061323 0
vt 0.576622963 0.698447347 0
vt 0.59123528 0.689493537 0
vt 0.849771917 0.939846337 0
vt 0.795894206 0.921137929 0
vt 0.840477288 0.915342927 0
vt 0.886671543 0.954650879 0
vt 0.849771917 0.939846337 0
vt 0.840477288 0.915342927 0
vt 0.826065004 0.312780738 0
vt 0.813241422 0.318133563 0
vt 0.813804805 0.292669863 0
vt 0.813804805 0.292669863 0
vt 0.813241422 0.318133563 0
vt 0.80654788 0.321321756 0
vt 0.106044799 0.966364503 0
vt 0.114204973 0.944437027 0
vt 0.12872009 0.9564116 0
vt 0.114204973 0.944437027 0
vt 0.142213807 0.947430849 0
vt 0.12872009 0.9564116 0
vt 0.628725529 0.686061323 0
vt 0.59123528 0.689493537 0
vt 0.645140409 0.679158211 0
vt 0.59123528 0.689493537 0
vt 0.506825626 0.703486025 0
vt 0.645140409 0.679158211 0
vt 0.351292282 0.444862485 0
vt 0.32312721 0.448865563 0
vt 0.35718593 0.438098043 0
vt 0.351266116 0.455223441 0
vt 0.32312721 0.448865563 0
vt 0.351292282 0.444862485 0
vt 0.948898077 0.541777194 0
vt 0.856728137 0.556112528 0
vt 0.851807356 0.53470552 0
vt 0.851807356 0.53470552 0
vt 0.856728137 0.556112528 0
vt 0.795081735 0.608155489 0
vt 0.946430087 0.723057926 0
vt 0.955400646 0.66551888 0
vt 0.962109804 0.724962234 0
vt 0.962109804 0.724962234 0
vt 0.918113887 0.72764641 0
vt 0.946430087 0.723057926 0
vt 0.97444123 0.112669617 0
vt 0.899551928 0.111705333 0
vt 0.973334908 0.0717256218 0
vt 0.973334908 0.0717256218 0
vt 0.899551928 0.111705333 0
vt 0.89437151 0.0604458489 0
vt 0.576622963 0.698447347 0
vt 0.53026247 0.707704544 0
vt 0.562247992 0.698090076 0
vt 0.576622963 0.698447347 0
vt 0.562247992 0.698090076 0
vt 0.59123528 0.689493537 0
vt 0.309924871 0.631919384 0
vt 0.329653382 0.600163579 0
vt 0.395445377 0.637350202 0
vt 0.308543861 0.591868818 0
vt 0.329653382 0.600163579 0
vt 0.309924871 0.631919384 0
vt 0.95105052 0.592176557 0
vt 0.955168545 0.563919961 0
vt 0.951425076 0.600125074 0
vt 0.951425076 0.600125074 0
vt 0.843026578 0.608859003 0
vt 0.95105052 0.592176557 0
vt 0.257642418 0.493833572 0
vt 0.294098675 0.478532434 0
vt 0.257003665 0.507885635 0
vt 0.257003665 0.507885635 0
vt 0.204366565 0.522405982 0
vt 0.257642418 0.493833572 0
vt 0.345496595 0.00387596898 0
vt 0.29906702 0.0612998232 0
vt 0.323871791 0.0268771369 0
vt 0.310773402 0.0245555062 0
vt 0.345496595 0.00387596898 0
vt 0.323871791 0.0268771369 0
vt 0.0750470981 0.592616439 0
vt 0.0661761388 0.593342483 0
vt 0.0759681538 0.585076094 0
vt 0.0987789109 0.574572206 0
vt 0.0750470981 0.592616439 0
vt 0.0759681538 0.585076094 0
vt 0.742740691 0.34547621 0
vt 0.739101827 0.370855391 0
vt 0.718815327 0.366619796 0
vt 0.715241015 0.357837558 0
vt 0.7537117 0.331395924 0
vt 0.742740691 0.34547621 0
vt 0.45887965 0.217843667 0
vt 0.48346597 0.223718807 0
vt 0.468649656 0.225913048 0
vt 0.48346597 0.223718807 0
vt 0.504056156 0.234833479 0
vt 0.468649656 0.225913048 0
vt 0.0572983213 0.283521831 0
vt 0.0345736481 0.229459956 0
vt 0.0429143943 0.235565543 0
vt 0.0345736481 0.229459956 0
vt 0.0370445698 0.220424697 0
vt 0.0429143943 0.235565543 0
vt 0.0440397151 0.565104961 0
vt 0.0358384736 0.566913068 0
vt 0.0309469346 0.545305431 0
vt 0.0759681538 0.585076094 0
vt 0.0440397151 0.565104961 0
vt 0.0394152962 0.545979559 0
vt 0.313150883 0.506929457 0
vt 0.305167556 0.524486601 0
vt 0.286498517 0.505540311 0
vt 0.296159267 0.0375861898 0
vt 0.310773402 0.0245555062 0
vt 0.323871791 0.0268771369 0
vt 0.742740691 0.34547621 0
vt 0.718815327 0.366619796 0
vt 0.715241015 0.357837558 0
vt 0.6856727 0.380989492 0
vt 0.715241015 0.357837558 0
vt 0.718815327 0.366619796 0
vt 0.379712343 0.190403834 0
vt 0.421250254 0.21317333 0
vt 0.387886524 0.199768424 0
vt 0.379712343 0.190403834 0
vt 0.387886524 0.199768424 0
vt 0.307053119 0.209140748 0
vt 0.801697731 0.0808719769 0
vt 0.801106572 0.108576462 0
vt 0.794635713 0.0765378699 0
vt 0.768642426 0.0426453985 0
vt 0.801697731 0.0808719769 0
vt 0.794635713 0.0765378699 0
vt 0.0440397151 0.565104961 0
vt 0.0309469346 0.545305431 0
vt 0.0394152962 0.545979559 0
vt 0.0394152962 0.545979559 0
vt 0.0309469346 0.545305431 0
vt 0.0444327742 0.539291859 0
vt 0.675688386 0.378913254 0
vt 0.6856727 0.380989492 0
vt 0.68586725 0.417846203 0
vt 0.675688386 0.378913254 0
vt 0.631865501 0.34902814 0
vt 0.6856727 0.380989492 0
vt 0.124106601 0.228823617 0
vt 0.148157284 0.232378453 0
vt 0.119709171 0.265208215 0
vt 0.0957772434 0.189915046 0
vt 0.148157284 0.232378453 0
vt 0.124106601 0.228823617 0
vt 0.813241422 0.318133563 0
vt 0.826065004 0.312780738 0
vt 0.812894166 0.354273617 0
vt 0.813241422 0.318133563 0
vt 0.812894166 0.354273617 0
vt 0.80654788 0.321321756 0
vt 0.799828708 0.0660813525 0
vt 0.834540427 0.0426989496 0
vt 0.801697731 0.0808719769 0
vt 0.801697731 0.0808719769 0
vt 0.768642426 0.0426453985 0
vt 0.799828708 0.0660813525 0
vt 0.404339075 0.309212744 0
vt 0.374714583 0.262842864 0
vt 0.438197136 0.2904405 0
vt 0.518913567 0.3391518 0
vt 0.404339075 0.309212744 0
vt 0.438197136 0.2904405 0
vt 0.137567833 0.981403589 0
vt 0.141911075 0.985004842 0
vt 0.128122672 0.987276971 0
vt 0.141911075 0.985004842 0
vt 0.137567833 0.981403589 0
vt 0.157203168 0.939788163 0
vt 0.148528293 0.545416355 0
vt 0.106648058 0.574166238 0
vt 0.0987789109 0.574572206 0
vt 0.0987789109 0.574572206 0
vt 0.106648058 0.574166238 0
vt 0.0750470981 0.592616439 0
vt 0.607993603 0.338340521 0
vt 0.587105811 0.322185963 0
vt 0.596352577 0.320993394 0
vt 0.587105811 0.322185963 0
vt 0.58381784 0.242056042 0
vt 0.596352577 0.320993394 0
vt 0.869650424 0.666189909 0
vt 0.827459276 0.636811197 0
vt 0.922542632 0.647752345 0
vt 0.869650424 0.666189909 0
vt 0.843148768 0.674102068 0
vt 0.827459276 0.636811197 0
vt 0.0136654153 0.874129713 0
vt 0.012873359 0.830633342 0
vt 0.0194375999 0.896343708 0
vt 0.0186853129 0.126196012 0
vt 0.0519370586 0.0980371237 0
vt 0.0222701654 0.149510175 0
vt 0.203508094 0.152545974 0
vt 0.175359845 0.192335159 0
vt 0.150277823 0.210661829 0
vt 0.150277823 0.210661829 0
vt 0.175359845 0.192335159 0
vt 0.195203722 0.19966419 0
vt 0.0916436836 0.527787805 0
vt 0.0444327742 0.539291859 0
vt 0.156042174 0.491409719 0
vt 0.0736959055 0.547116458 0
vt 0.0916436836 0.527787805 0
vt 0.154585257 0.497727901 0
vt 0.303378552 0.226781383 0
vt 0.31670019 0.233373851 0
vt 0.244249195 0.233039916 0
vt 0.303378552 0.226781383 0
vt 0.347173333 0.224569038 0
vt 0.31670019 0.233373851 0
vt 0.34827143 0.36989817 0
vt 0.320594192 0.375689179 0
vt 0.316280633 0.302560925 0
vt 0.34827143 0.36989817 0
vt 0.348482609 0.378420711 0
vt 0.320594192 0.375689179 0
vt 0.877420008 0.737559795 0
vt 0.794908762 0.758114576 0
vt 0.845227897 0.736422658 0
vt 0.887914538 0.729709446 0
vt 0.877420008 0.737559795 0
vt 0.845227897 0.736422658 0
vt 0.570493758 0.377906978 0
vt 0.568454266 0.386569828 0
vt 0.554269671 0.391117722 0
vt 0.783798516 0.938793898 0
vt 0.796707869 0.936672986 0
vt 0.787315011 0.947034061 0
vt 0.0255977716 0.79637295 0
vt 0.0377631523 0.797554255 0
vt 0.0265429784 0.802616775 0
vt 0.0107145086 0.803178072 0
vt 0.0255977716 0.79637295 0
vt 0.0265429784 0.802616775 0
vt 0.967606843 0.859657943 0
vt 0.972210467 0.869828999 0
vt 0.969562531 0.901833355 0
vt 0.969451368 0.81024611 0
vt 0.972210467 0.869828999 0
vt 0.967606843 0.859657943 0
vt 0.202063471 0.475873411 0
vt 0.154585257 0.497727901 0
vt 0.156042174 0.491409719 0
vt 0.0916436836 0.527787805 0
vt 0.156042174 0.491409719 0
vt 0.154585257 0.497727901 0
vt 0.718815327 0.366619796 0
vt 0.739101827 0.370855391 0
vt 0.7000947 0.378678709 0
vt 0.6856727 0.380989492 0
vt 0.718815327 0.366619796 0
vt 0.7000947 0.378678709 0
vt 0.359223247 0.424170464 0
vt 0.35718593 0.438098043 0
vt 0.334946752 0.439534664 0
vt 0.32312721 0.448865563 0
vt 0.334946752 0.439534664 0
vt 0.35718593 0.438098043 0
vt 0.185054421 0.222311199 0
vt 0.230283961 0.225525737 0
vt 0.200017974 0.231106728 0
vt 0.230283961 0.225525737 0
vt 0.244249195 0.233039916 0
vt 0.200017974 0.231106728 0
vt 0.937064946 0.833587825 0
vt 0.944100022 0.854148746 0
vt 0.903774798 0.844748795 0
vt 0.954073966 0.796260476 0
vt 0.944100022 0.854148746 0
vt 0.937064946 0.833587825 0
vt 0.757522702 0.398395598 0
vt 0.69411242 0.439267218 0
vt 0.712845147 0.416888863 0
vt 0.712845147 0.416888863 0
vt 0.69411242 0.439267218 0
vt 0.69327426 0.421441048 0
vt 0.243999809 0.71710968 0
vt 0.270397782 0.704704821 0
vt 0.265903443 0.717022836 0
vt 0.270397782 0.704704821 0
vt 0.364152938 0.685262918 0
vt 0.265903443 0.717022836 0
vt 0.332656443 0.425192773 0
vt 0.359223247 0.424170464 0
vt 0.334946752 0.439534664 0
vt 0.953426301 0.30466345 0
vt 0.832701385 0.485319644 0
vt 0.960473895 0.279213428 0
vt 0.697269857 0.674144983 0
vt 0.693310142 0.668396413 0
vt 0.698368788 0.665937245 0
vt 0.58381784 0.242056042 0
vt 0.623850644 0.25407356 0
vt 0.703845382 0.303683639 0
vt 0.227935567 0.0891765058 0
vt 0.18490918 0.10056746 0
vt 0.229501501 0.0742014796 0
vt 0.213219583 0.0715200603 0
vt 0.229501501 0.0742014796 0
vt 0.18490918 0.10056746 0
vt 0.268972516 0.893812895 0
vt 0.272394717 0.880036891 0
vt 0.279743046 0.876832724 0
vt 0.272394717 0.880036891 0
vt 0.239448696 0.843620658 0
vt 0.279743046 0.876832724 0
vt 0.279421806 0.311887205 0
vt 0.240849003 0.314563483 0
vt 0.234892771 0.282711923 0
vt 0.27291739 0.379667312 0
vt 0.240849003 0.314563483 0
vt 0.279421806 0.311887205 0
vt 0.155523062 0.145868883 0
vt 0.175162718 0.143162355 0
vt 0.143174529 0.166832268 0
vt 0.234245554 0.100135043 0
vt 0.175162718 0.143162355 0
vt 0.155523062 0.145868883 0
vt 0.037484251 0.211164221 0
vt 0.0957772434 0.189915046 0
vt 0.0370445698 0.220424697 0
vt 0.0289837979 0.199096113 0
vt 0.037484251 0.211164221 0
vt 0.0370445698 0.220424697 0
vt 0.623850644 0.25407356 0
vt 0.584970891 0.23652035 0
vt 0.586214423 0.228033751 0
vt 0.58381784 0.242056042 0
vt 0.584970891 0.23652035 0
vt 0.623850644 0.25407356 0
vt 0.213219583 0.0715200603 0
vt 0.231206521 0.0611796454 0
vt 0.229501501 0.0742014796 0
vt 0.255048156 0.570282042 0
vt 0.243014127 0.586804688 0
vt 0.205976769 0.562635005 0
vt 0.239448696 0.843620658 0
vt 0.221368074 0.820412099 0
vt 0.279743046 0.876832724 0
vt 0.259678036 0.769140422 0
vt 0.279743046 0.876832724 0
vt 0.221368074 0.820412099 0
vt 0.292226791 0.0600126199 0
vt 0.25875029 0.103080906 0
vt 0.259102434 0.0921296999 0
vt 0.292226791 0.0600126199 0
vt 0.259102434 0.0921296999 0
vt 0.269429415 0.0691702291 0
vt 0.8535043 0.593535364 0
vt 0.955168545 0.563919961 0
vt 0.875602424 0.591958523 0
vt 0.875602424 0.591958523 0
vt 0.843026578 0.608859003 0
vt 0.8535043 0.593535364 0
vt 0.794908762 0.758114576 0
vt 0.718280911 0.775021374 0
vt 0.662632704 0.774728239 0
vt 0.662632704 0.774728239 0
vt 0.718280911 0.775021374 0
vt 0.695935369 0.780963302 0
vt 0.512709975 0.417317003 0
vt 0.447546452 0.426939189 0
vt 0.471526295 0.419514209 0
vt 0.471526295 0.419514209 0
vt 0.447546452 0.426939189 0
vt 0.44756636 0.417635739 0
vt 0.798421204 0.493947327 0
vt 0.796690702 0.510934591 0
vt 0.786111712 0.500828981 0
vt 0.809864402 0.482041776 0
vt 0.796690702 0.510934591 0
vt 0.798421204 0.493947327 0
vt 0.28672713 0.884133101 0
vt 0.279743046 0.876832724 0
vt 0.286227554 0.871180952 0
vt 0.28672713 0.884133101 0
vt 0.286227554 0.871180952 0
vt 0.296341419 0.879665852 0
vt 0.607993603 0.338340521 0
vt 0.596352577 0.320993394 0
vt 0.631865501 0.34902814 0
vt 0.675688386 0.378913254 0
vt 0.607993603 0.338340521 0
vt 0.631865501 0.34902814 0
vt 0.498823941 0.216840997 0
vt 0.546841979 0.193371698 0
vt 0.501969099 0.222334102 0
vt 0.498823941 0.216840997 0
vt 0.501969099 0.222334102 0
vt 0.48346597 0.223718807 0
vt 0.36536324 0.485958725 0
vt 0.350543976 0.465827823 0
vt 0.395381778 0.459326178 0
vt 0.350543976 0.465827823 0
vt 0.36536324 0.485958725 0
vt 0.313320845 0.544978261 0
vt 0.0789618418 0.389631897 0
vt 0.0767882913 0.405982822 0
vt 0.0668354779 0.380931199 0
vt 0.0767882913 0.405982822 0
vt 0.0789618418 0.389631897 0
vt 0.0912935883 0.39950195 0
vt 0.379741311 0.37930876 0
vt 0.348482609 0.378420711 0
vt 0.34827143 0.36989817 0
vt 0.695935369 0.780963302 0
vt 0.66492933 0.780369937 0
vt 0.662632704 0.774728239 0
vt 0.81964165 0.443754941 0
vt 0.820200682 0.478873104 0
vt 0.811573803 0.448164076 0
vt 0.81964165 0.443754941 0
vt 0.811573803 0.448164076 0
vt 0.810732841 0.410705298 0
vt 0.96040386 0.848437071 0
vt 0.955990255 0.901263237 0
vt 0.947426498 0.904883325 0
vt 0.955990255 0.901263237 0
vt 0.963170767 0.918267787 0
vt 0.947426498 0.904883325 0
vt 0.566929042 0.419263542 0
vt 0.569359958 0.426130056 0
vt 0.553739071 0.414704025 0
vt 0.580316246 0.431304604 0
vt 0.569359958 0.426130056 0
vt 0.566929042 0.419263542 0
vn -0.245068625 0.852030635 0.462585241
vn -0.212795109 0.81651324 0.536678851
vn -0.227417916 0.824709833 0.517817259
vn -0.0760629699 0.649504304 -0.756543815
vn -0.196382374 0.73102653 -0.653478563
vn -0.0725788996 0.683660924 -0.726181865
vn -0.159331739 -0.730989456 -0.663526773
vn -0.0894700959 -0.901171386 -0.42412892
vn -0.193610549 -0.757919312 -0.622955322
vn 0.925456703 -0.0523337387 0.375221282
vn 0.917682767 -0.111362137 0.381387919
vn 0.971107602 -0.218262538 0.0964966342
vn -0.0106646027 -0.999808848 -0.0163863264
vn 0.0293394458 -0.998406708 -0.0482003577
vn 0.0194511879 -0.971438944 0.236491427
vn -0.000926732551 0.162249014 0.98674947
vn -0.0509707369 0.186630875 0.981106997
vn -0.070411332 -0.202515796 0.976744413
vn -0.991537988 0.11682234 0.0566131957
vn -0.992617428 0.116021529 0.0353505947
vn -0.998444259 0.0195038542 0.0522358567
vn 0.0240819845 -0.1990574 0.979691923
vn -0.18536149 0.193305612 0.963469803
vn 0.0261816774 -0.133797139 0.990662873
vn 0.73284781 -0.564175487 -0.380315632
vn 0.585879266 -0.632860959 -0.506194055
vn 0.631052136 -0.643478155 -0.433254153
vn -0.174340963 -0.638192952 -0.749876618
vn -0.0894700959 -0.901171386 -0.42412892
vn -0.159331739 -0.730989456 -0.663526773
vn -0.154688179 0.561181724 -0.813109279
vn -0.196382374 0.73102653 -0.653478563
vn -0.147841334 0.591809094 -0.792404532
vn -0.993262649 0.103156753 0.0528017096
vn -0.943587422 0.3308222 0.014122433
vn -0.992617428 0.116021529 0.0353505947
vn 0.034140341 0.80324924 0.594663858
vn -0.0135998931 0.761109173 0.64848125
vn 0.0154401278 0.744443774 0.667506576
vn 0.917942762 0.000169909035 0.396712899
vn 0.925456703 -0.0523337387 0.375221282
vn 0.971107602 -0.218262538 0.0964966342
vn 0.988685429 0.148746103 0.0193875842
vn 0.975042105 0.0452919863 0.217350721
vn 0.990398169 0.0927558616 0.1025078
vn 0.0854023919 -0.710564256 0.6984303
vn -0.0588405021 -0.715363264 0.696271002
vn -0.0291060209 -0.729891956 0.682942569
vn -0.219816297 0.566195667 -0.794420063
vn -0.227929443 0.586491585 -0.77722311
vn -0.195659444 0.47118029 -0.860061944
vn 0.172956064 -0.49121967 -0.853691697
vn 0.139536202 -0.350140125 -0.926245928
vn 0.337385029 -0.56830442 -0.750467539
vn 0.94126755 0.30347988 -0.148038626
vn 0.918346524 0.353776872 -0.177429989
vn 0.98540169 0.135571897 0.102974474
vn 0.337385029 -0.56830442 -0.750467539
vn 0.139536202 -0.350140125 -0.926245928
vn 0.287403941 -0.538901091 -0.791823626
vn -0.0509707369 0.186630875 0.981106997
vn -0.18536149 0.193305612 0.963469803
vn 0.0240819845 -0.1990574 0.979691923
vn -0.541575432 0.768896282 0.339844733
vn -0.22150819 0.804641724 0.550895512
vn -0.212795109 0.81651324 0.536678851
vn -0.123782836 0.517605901 -0.846617937
vn -0.17586109 0.545883596 -0.819197118
vn -0.147840306 0.607575059 -0.780381799
vn -0.175660789 -0.610184669 -0.772539973
vn -0.128515407 -0.655190885 -0.74445188
vn -0.0924514234 -0.728634 -0.678634822
vn -0.513457716 0.803926528 -0.300105453
vn -0.353200704 0.801260293 -0.482940137
vn -0.46511212 0.819452405 -0.334915519
vn 0.551031649 0.789497852 -0.27029112
vn 0.241110697 0.866466582 -0.437151372
vn 0.183184415 0.908423543 -0.37577951
vn 0.0620428883 -0.577451527 0.814064145
vn 0.0244293474 -0.777096391 0.628907263
vn 0.0136905592 -0.717999697 0.695908844
vn -0.992030799 0.11845085 0.0429444872
vn -0.998444259 0.0195038542 0.0522358567
vn -0.943667352 -0.254367173 0.211635008
vn -0.00996939186 0.650294542 -0.759616733
vn 0.0398691632 0.620049655 -0.783548951
vn -0.00490511116 0.637795627 -0.77019006
vn -0.0873072445 0.915409267 0.392941892
vn -0.147348747 0.816078484 0.558841765
vn -0.0598159693 0.853262007 0.518040657
vn 0.0124962032 -0.99914372 -0.0394439213
vn -0.00413745129 -0.997226179 -0.074315615
vn -0.00256519089 -0.98953855 0.144245207
vn 0.0383532755 -0.895483732 0.443438768
vn 0.0387359522 -0.778985977 0.625843644
vn 0.05009 -0.801203966 0.596291304
vn 0.0382585898 0.994456768 -0.0979390815
vn 0.0177372675 0.999749482 0.0136473784
vn 0.0475998856 0.998862326 -0.00287921424
vn 0.011370888 0.999729156 0.0203047041
vn 0.00429204339 0.999076605 -0.0427491181
vn -0.0308688581 0.992235422 0.120482437
vn -0.272766173 -0.761228025 -0.588328421
vn -0.258007586 -0.81862396 -0.51311475
vn -0.562883377 -0.814563334 -0.140174702
vn -0.677774906 -0.662792504 0.318319499
vn -0.596909285 -0.747684836 0.290975243
vn -0.366790712 -0.774859786 0.514836788
vn 0.888247073 0.187389895 0.419406891
vn 0.925456703 -0.0523337387 0.375221282
vn 0.917942762 0.000169909035 0.396712899
vn 0.918346524 0.353776872 -0.177429989
vn 0.893758774 0.44533357 -0.0536020249
vn 0.98540169 0.135571897 0.102974474
vn -0.865036368 0.438337803 -0.244074032
vn -0.906226993 0.408581823 -0.108690597
vn -0.608699977 0.739801109 -0.286668122
vn -0.212795109 0.81651324 0.536678851
vn -0.245068625 0.852030635 0.462585241
vn -0.541575432 0.768896282 0.339844733
vn 0.548896372 -0.706582665 -0.446602464
vn 0.652892292 -0.596019804 -0.467431307
vn 0.598565757 -0.707982183 -0.37480697
vn 0.954044461 -0.0964522064 0.283718616
vn 0.94196552 -0.326300442 0.0789245069
vn 0.989773989 -0.140095472 -0.0268463623
vn 0.915332377 0.274719298 -0.294441879
vn 0.724167228 0.148108453 -0.673532248
vn 0.786197066 0.337705195 -0.517541647
vn 0.0399064124 -0.154494807 -0.987187326
vn 0.0577915348 0.069156006 -0.995930493
vn 0.0832479373 -0.0878790915 -0.992646456
vn 0.114178941 -0.621547759 0.775010705
vn 0.096226275 -0.675134659 0.731391609
vn 0.115833439 -0.642980278 0.757072687
vn 0.193058372 -0.0197043959 0.980989397
vn 0.189360306 -0.114749201 0.975179672
vn 0.573068798 -0.0619087294 0.817165554
vn 7.01487661e-05 0.643951595 -0.765066206
vn -0.0753855333 0.588295579 -0.805124342
vn 0.0232091136 0.646883547 -0.762235522
vn -0.0458806567 -0.031348452 -0.998454928
vn -0.088657327 -0.0818400905 -0.992694318
vn -0.0412223898 0.359227836 -0.932339072
vn -0.0831811056 0.199407905 -0.976379812
vn -0.051152952 0.0925851688 -0.994389951
vn -0.151763096 0.344977111 -0.92626065
vn -0.120161533 0.252416641 -0.960128665
vn -0.156832993 0.254644781 -0.954232454
vn -0.133026823 0.0164294988 -0.990976214
vn -0.321350276 -0.732315183 0.600373685
vn -0.298297793 -0.54302913 0.784944475
vn -0.264622658 -0.784343839 0.561052203
vn -0.000926732551 0.162249014 0.98674947
vn -0.070411332 -0.202515796 0.976744413
vn -0.0700510368 -0.160632417 0.984525323
vn -0.0725788996 0.683660924 -0.726181865
vn -0.196382374 0.73102653 -0.653478563
vn -0.142095894 0.787861884 -0.599234879
vn 0.00529280724 0.839223206 -0.543761373
vn 0.0137094175 0.894111812 -0.447633892
vn 0.00724277738 0.895996928 -0.444001138
vn 0.0958709642 -0.861455381 0.498701632
vn 0.658843935 -0.5420174 0.52167207
vn 0.0725633651 -0.817356288 0.571544588
vn 0.0325971842 -0.980513334 0.193729505
vn 0.0293394458 -0.998406708 -0.0482003577
vn 0.075459376 -0.988243103 0.132972002
vn 0.791172683 0.565349042 0.233294517
vn 0.705182076 0.627631783 0.329843134
vn 0.832692266 0.400837332 0.382038176
vn 0.0475998856 0.998862326 -0.00287921424
vn 0.0177372675 0.999749482 0.0136473784
vn 0.0468486957 0.997360229 0.0554781854
vn -0.175660789 -0.610184669 -0.772539973
vn -0.137306556 -0.776121438 -0.615453064
vn -0.141033217 -0.754803956 -0.640609503
vn 0.167999208 -0.97409308 -0.151390329
vn 0.336343825 -0.89809829 -0.28335917
vn 0.172631294 -0.975005627 -0.139865816
vn -0.0342755951 0.697717726 0.71555239
vn -0.0167034175 0.623715043 0.781473279
vn -0.0296154451 0.766632795 0.641402543
vn -0.31638065 0.79707855 0.514362812
vn -0.286996871 0.787190616 0.545860648
vn -0.317325622 0.803155839 0.5042274
vn 0.193058372 -0.0197043959 0.980989397
vn 0.573068798 -0.0619087294 0.817165554
vn 0.630293548 0.0030125035 0.776351035
vn 0.179658979 0.366763532 0.912801743
vn 0.275109679 0.623970628 0.73142004
vn 0.480830431 0.641738892 0.597472429
vn -0.225562826 0.115094125 -0.967406273
vn -0.239387974 -0.295765072 -0.924779117
vn -0.222041249 -0.313033193 -0.92342186
vn -0.582491755 -0.595099807 -0.553678095
vn -0.95732975 -0.194975704 -0.213317111
vn -0.98000747 -0.102756657 -0.170371756
vn -0.223381072 0.58182621 -0.782035291
vn -0.210879847 0.581491113 -0.785746634
vn -0.271141589 0.62713933 -0.730190694
vn -0.513457716 0.803926528 -0.300105453
vn -0.46511212 0.819452405 -0.334915519
vn -0.57972753 0.801933944 -0.144284666
vn -0.0760402232 -0.932728708 -0.352469981
vn -0.0413013138 -0.976489723 -0.211570188
vn -0.0243453998 -0.980459929 -0.195206732
vn -0.0116798207 -0.997856379 -0.0643906966
vn -0.0106646027 -0.999808848 -0.0163863264
vn -0.0297996625 -0.989185214 -0.143612772
vn -0.166306615 0.162467331 0.972597837
vn -0.28356865 0.302911222 0.909853578
vn -0.147393301 0.0893089548 0.985037625
vn -0.48112303 0.662904263 0.573653698
vn -0.22150819 0.804641724 0.550895512
vn -0.541575432 0.768896282 0.339844733
vn -0.141820908 -0.520900488 -0.841753781
vn -0.0166504327 -0.657837868 -0.752975464
vn -0.0924514234 -0.728634 -0.678634822
vn -0.156832993 0.254644781 -0.954232454
vn -0.108333237 -0.167835727 -0.979844451
vn -0.170460463 -0.147138759 -0.974316955
vn 0.480830431 0.641738892 0.597472429
vn 0.0668937862 0.742600501 0.666385531
vn 0.0775701404 0.658329308 0.748722553
vn 0.386349976 0.843225598 0.373770565
vn 0.276980996 0.95175159 0.132100433
vn 0.111803621 0.965248108 0.236211836
vn 0.0244293474 -0.777096391 0.628907263
vn 0.0620428883 -0.577451527 0.814064145
vn -0.0302659404 -0.624900103 0.780117869
vn 0.0244293474 -0.777096391 0.628907263
vn -0.00935226306 -0.737704337 0.675059259
vn -0.0520066768 -0.754401207 0.654350042
vn 0.0868523717 -0.680727124 0.727370024
vn 0.658843935 -0.5420174 0.52167207
vn 0.115833439 -0.642980278 0.757072687
vn 0.96455878 0.115491226 0.237251446
vn 0.573068798 -0.0619087294 0.817165554
vn 0.960942507 0.113775998 0.252278656
vn -0.0613340624 0.414128989 -0.908149421
vn -0.0412223898 0.359227836 -0.932339072
vn -0.088657327 -0.0818400905 -0.992694318
vn -0.154688179 0.561181724 -0.813109279
vn -0.147841334 0.591809094 -0.792404532
vn -0.19388254 -0.0149944546 -0.980910063
vn 0.724167228 0.148108453 -0.673532248
vn 0.388236493 0.278594822 -0.878440261
vn 0.786197066 0.337705195 -0.517541647
vn 0.105049595 0.595489979 -0.79646492
vn -0.124780037 0.794821441 -0.593876064
vn 0.0754995719 0.716648936 -0.693335533
vn 0.0668937862 0.742600501 0.666385531
vn 0.0464692488 0.72264725 0.689653099
vn 0.0775701404 0.658329308 0.748722553
vn 0.0635950789 0.0813675448 0.994653225
vn 0.0224054437 -0.0267217606 0.999391794
vn 0.0785000026 -0.0675140917 0.99462533
vn -0.193610549 -0.757919312 -0.622955322
vn -0.272766173 -0.761228025 -0.588328421
vn -0.159331739 -0.730989456 -0.663526773
vn -0.587267399 -0.507158935 -0.630798519
vn -0.582491755 -0.595099807 -0.553678095
vn -0.945450425 -0.0624436624 -0.319725245
vn 0.917942762 0.000169909035 0.396712899
vn 0.971107602 -0.218262538 0.0964966342
vn 0.988311708 0.0383421071 0.147546023
vn 0.631052136 -0.643478155 -0.433254153
vn 0.887348235 -0.456002951 -0.0683695301
vn 0.73284781 -0.564175487 -0.380315632
vn -0.272766173 -0.761228025 -0.588328421
vn -0.193610549 -0.757919312 -0.622955322
vn -0.258007586 -0.81862396 -0.51311475
vn 0.05009 -0.801203966 0.596291304
vn 0.0154884709 -0.903579354 0.4281407
vn 0.0383532755 -0.895483732 0.443438768
vn -0.0135998931 0.761109173 0.64848125
vn 0.034140341 0.80324924 0.594663858
vn -0.0598159693 0.853262007 0.518040657
vn 0.0105440207 0.937526882 0.34775278
vn 0.0229633562 0.997145057 0.071933642
vn 0.011370888 0.999729156 0.0203047041
vn 0.639683306 -0.556270003 -0.530442178
vn 0.585879266 -0.632860959 -0.506194055
vn 0.73284781 -0.564175487 -0.380315632
vn 0.172956064 -0.49121967 -0.853691697
vn 0.38884002 -0.581612766 -0.714513898
vn 0.380499482 -0.560804248 -0.735335767
vn -0.0139022116 -0.130330592 0.991373122
vn -0.0350031294 -0.0224528369 0.999134958
vn -0.147393301 0.0893089548 0.985037625
vn -0.00935226306 -0.737704337 0.675059259
vn -0.0500063337 -0.749322414 0.660314381
vn -0.0520066768 -0.754401207 0.654350042
vn -0.17586109 0.545883596 -0.819197118
vn -0.278366983 0.715548515 -0.640704393
vn -0.147840306 0.607575059 -0.780381799
vn -0.448921531 0.748148978 -0.48861286
vn -0.4466483 0.745110095 -0.495294183
vn -0.374826133 0.686333179 -0.623259306
vn 0.275109679 0.623970628 0.73142004
vn 0.757443666 0.357397765 0.546393573
vn 0.656266034 0.390669584 0.645516872
vn 0.630293548 0.0030125035 0.776351035
vn 0.573068798 -0.0619087294 0.817165554
vn 0.96455878 0.115491226 0.237251446
vn -0.403412789 0.659995854 -0.633769393
vn -0.409519702 0.717326343 -0.563681304
vn -0.1915932 0.570101738 -0.798921764
vn -0.906226993 0.408581823 -0.108690597
vn -0.865036368 0.438337803 -0.244074032
vn -0.992617428 0.116021529 0.0353505947
vn -0.223381072 0.58182621 -0.782035291
vn -0.271141589 0.62713933 -0.730190694
vn -0.304801375 0.661240578 -0.685461164
vn 0.551031649 0.789497852 -0.27029112
vn 0.183184415 0.908423543 -0.37577951
vn 0.172945291 0.928793132 -0.327770293
vn 0.975042105 0.0452919863 0.217350721
vn 0.954044461 -0.0964522064 0.283718616
vn 0.989773989 -0.140095472 -0.0268463623
vn 0.975042105 0.0452919863 0.217350721
vn 0.601163387 -0.35045141 0.718182683
vn 0.954044461 -0.0964522064 0.283718616
vn -0.63826561 -0.0484150164 -0.768292308
vn -0.681713641 -0.203817159 -0.702655673
vn -0.864474714 0.0798894167 -0.496287256
vn -0.371119291 0.531815767 -0.761211097
vn -0.812450349 0.353651524 -0.463524699
vn -0.76138097 0.458066314 -0.458774775
vn 0.105049595 0.595489979 -0.79646492
vn 0.0754995719 0.716648936 -0.693335533
vn 0.672118366 0.545215428 -0.500996113
vn 0.551031649 0.789497852 -0.27029112
vn 0.601506591 0.720193744 -0.345703393
vn 0.241110697 0.866466582 -0.437151372
vn 0.114178941 -0.621547759 0.775010705
vn 0.10065192 -0.59465003 0.797659457
vn 0.096226275 -0.675134659 0.731391609
vn 0.0882561207 -0.0555426776 0.994548082
vn 0.0224054437 -0.0267217606 0.999391794
vn 0.0275545716 -0.0106398687 0.999563754
vn 0.0514117852 0.930125654 -0.36362493
vn -0.22464627 0.889737844 -0.397367239
vn -0.084226653 0.972056866 -0.21911478
vn -0.084226653 0.972056866 -0.21911478
vn -0.37152195 0.890230119 -0.263555914
vn -0.17288889 0.968873084 -0.177184969
vn -0.0226127524 -0.996241331 0.0836171955
vn -0.0917140543 -0.983215272 0.157722443
vn -0.128431827 -0.956547558 0.261767089
vn -0.321350276 -0.732315183 0.600373685
vn -0.264622658 -0.784343839 0.561052203
vn -0.328008533 -0.770371854 0.546751857
vn -0.0346588977 -0.251571 -0.967218041
vn -0.0166504327 -0.657837868 -0.752975464
vn -0.141820908 -0.520900488 -0.841753781
vn 0.0876554996 -0.385403246 -0.918575525
vn 0.139536202 -0.350140125 -0.926245928
vn 0.172956064 -0.49121967 -0.853691697
vn 0.480830431 0.641738892 0.597472429
vn 0.888247073 0.187389895 0.419406891
vn 0.832692266 0.400837332 0.382038176
vn 0.275109679 0.623970628 0.73142004
vn 0.656266034 0.390669584 0.645516872
vn 0.480830431 0.641738892 0.597472429
vn -0.906226993 0.408581823 -0.108690597
vn -0.738299727 0.653443515 -0.167108372
vn -0.608699977 0.739801109 -0.286668122
vn -0.948974907 0.272933841 0.157967478
vn -0.862024546 0.441847622 0.24836342
vn -0.896645546 0.438190639 0.0633703396
vn 0.00175792538 0.720993221 -0.692940056
vn 0.0122218952 0.696953297 -0.717012286
vn -0.00763739878 0.85023427 -0.526349127
vn 0.0382585898 0.994456768 -0.0979390815
vn -0.17288889 0.968873084 -0.177184969
vn -0.00465260586 0.999777377 -0.0205787644
vn 0.67075783 -0.556245327 -0.49058643
vn 0.639683306 -0.556270003 -0.530442178
vn 0.73284781 -0.564175487 -0.380315632
vn 0.925456703 -0.0523337387 0.375221282
vn 0.955638766 -0.0320949256 0.292787552
vn 0.917682767 -0.111362137 0.381387919
vn -0.608995795 -0.549869239 0.571636319
vn -0.144581825 -0.649494708 0.746493578
vn -0.237929359 -0.280827016 0.929798841
vn -0.99364084 0.108540699 0.0299463309
vn -0.943667352 -0.254367173 0.211635008
vn -0.782628179 -0.154328808 0.603055358
vn 0.0289110616 -0.916837871 0.39821142
vn 0.0387359522 -0.778985977 0.625843644
vn 0.0121489065 -0.880313396 0.474236995
vn -0.328008533 -0.770371854 0.546751857
vn -0.264622658 -0.784343839 0.561052203
vn -0.067197971 -0.971767247 0.226170093
vn -0.1915932 0.570101738 -0.798921764
vn -0.409519702 0.717326343 -0.563681304
vn -0.196382374 0.73102653 -0.653478563
vn -0.608699977 0.739801109 -0.286668122
vn -0.637247384 0.767271161 0.0721860826
vn -0.459252834 0.881769896 0.107557982
vn -0.160225436 0.584736645 -0.795242548
vn -0.184204414 0.629516602 -0.754836142
vn -0.186387733 0.572565377 -0.798391163
vn -0.125390306 0.365370125 -0.92237848
vn -0.132700428 0.367562741 -0.920482576
vn -0.0602284223 0.146381497 -0.987393022
vn 0.0105440207 0.937526882 0.34775278
vn 0.0300658997 0.95588994 0.292182177
vn 0.0229633562 0.997145057 0.071933642
vn 0.0548160896 0.914283514 0.40134877
vn 0.386349976 0.843225598 0.373770565
vn 0.111803621 0.965248108 0.236211836
vn 0.995940566 -0.012772386 -0.0891036838
vn 0.988311708 0.0383421071 0.147546023
vn 0.971107602 -0.218262538 0.0964966342
vn 0.963211 0.24774079 -0.10415864
vn 0.94126755 0.30347988 -0.148038626
vn 0.98540169 0.135571897 0.102974474
vn -0.237929359 -0.280827016 0.929798841
vn -0.147167817 -0.502434254 0.851998508
vn -0.0062385248 -0.45046398 0.892772734
vn -0.0062385248 -0.45046398 0.892772734
vn -0.0302659404 -0.624900103 0.780117869
vn 0.0620428883 -0.577451527 0.814064145
vn 0.0293394458 -0.998406708 -0.0482003577
vn 0.172631294 -0.975005627 -0.139865816
vn 0.075459376 -0.988243103 0.132972002
vn 0.69660145 -0.709820628 -0.104408994
vn 0.598565757 -0.707982183 -0.37480697
vn 0.868154585 -0.432739347 -0.242990315
vn 0.962865412 0.00607219338 -0.269913405
vn 0.95302546 0.273937672 -0.12923038
vn 0.987220347 0.0777762607 0.139092699
vn 0.962865412 0.00607219338 -0.269913405
vn 0.577373087 -0.198810905 -0.791905582
vn 0.956832469 0.0781194866 -0.279944539
vn -0.409519702 0.717326343 -0.563681304
vn -0.292499006 0.826819479 -0.48043111
vn -0.196382374 0.73102653 -0.653478563
vn -0.158472046 0.980102718 -0.119520821
vn -0.206275776 0.860317707 -0.466158479
vn -0.222562104 0.974093854 0.0400907062
vn -0.0210962836 0.999629796 -0.0171805844
vn -0.0521062687 0.989731252 0.133104816
vn -0.0308688581 0.992235422 0.120482437
vn -0.158472046 0.980102718 -0.119520821
vn -0.222562104 0.974093854 0.0400907062
vn -0.156286463 0.944679081 0.288367808
vn -0.0166504327 -0.657837868 -0.752975464
vn 0.12022952 -0.75673002 -0.642576516
vn -0.0924514234 -0.728634 -0.678634822
vn -0.0988865867 -0.819486916 -0.56450206
vn 0.0434855968 -0.850824237 -0.523647964
vn -0.0708033219 -0.922847807 -0.378600955
vn 0.45890981 -0.178213999 0.870426118
vn 0.162895679 -0.345646411 0.924117744
vn 0.572139263 -0.256304145 0.779079556
vn 0.960942507 0.113775998 0.252278656
vn 0.573068798 -0.0619087294 0.817165554
vn 0.572139263 -0.256304145 0.779079556
vn -0.678143799 0.221948296 0.700614035
vn -0.44475016 0.498508245 0.744101346
vn -0.907985032 0.255805165 0.331853807
vn -0.7920295 0.44814387 0.414555699
vn -0.48112303 0.662904263 0.573653698
vn -0.650996506 0.660343587 0.374366105
vn 0.672118366 0.545215428 -0.500996113
vn 0.668104053 0.627492726 -0.399862289
vn 0.915332377 0.274719298 -0.294441879
vn 0.0754995719 0.716648936 -0.693335533
vn 0.668104053 0.627492726 -0.399862289
vn 0.672118366 0.545215428 -0.500996113
vn -0.0984667838 0.731821716 -0.674345016
vn -0.0742812902 0.833879888 -0.54692471
vn -0.016168775 0.771807909 -0.635650218
vn -0.00996939186 0.650294542 -0.759616733
vn -0.0760629699 0.649504304 -0.756543815
vn -0.0725788996 0.683660924 -0.726181865
vn -0.169442207 0.578379214 0.797976732
vn -0.217711508 0.791297495 0.571357965
vn -0.143688768 0.524982512 0.838896155
vn -0.286996871 0.787190616 0.545860648
vn -0.15262334 0.752027035 0.641218722
vn -0.147348747 0.816078484 0.558841765
vn -0.0058853589 0.643275559 -0.765612245
vn 0.0177846085 0.667265832 -0.744607151
vn -0.0164098237 0.670885026 -0.741379857
vn 0.00175792538 0.720993221 -0.692940056
vn -0.00763739878 0.85023427 -0.526349127
vn -0.167798847 0.856625497 -0.487889767
vn 0.0434855968 -0.850824237 -0.523647964
vn 0.213208407 -0.868995965 -0.446529061
vn 0.0516627394 -0.96150738 -0.269879013
vn 0.450000376 -0.693329632 -0.562844396
vn 0.569092989 -0.598799467 -0.563535571
vn 0.548896372 -0.706582665 -0.446602464
vn -0.76138097 0.458066314 -0.458774775
vn -0.812450349 0.353651524 -0.463524699
vn -0.993266046 0.115771502 -0.00442110701
vn -0.681713641 -0.203817159 -0.702655673
vn -0.945450425 -0.0624436624 -0.319725245
vn -0.864474714 0.0798894167 -0.496287256
vn -0.18536149 0.193305612 0.963469803
vn -0.0350031294 -0.0224528369 0.999134958
vn 0.0261816774 -0.133797139 0.990662873
vn -0.269859463 0.579030752 0.769349873
vn -0.28356865 0.302911222 0.909853578
vn -0.166306615 0.162467331 0.972597837
vn 0.0109920604 -0.24581553 -0.969254315
vn 0.0876554996 -0.385403246 -0.918575525
vn 0.0685465634 -0.503408015 -0.861325502
vn -0.051152952 0.0925851688 -0.994389951
vn -0.0831811056 0.199407905 -0.976379812
vn 0.0399064124 -0.154494807 -0.987187326
vn 0.917682767 -0.111362137 0.381387919
vn 0.949585736 -0.309809059 0.0480130464
vn 0.928116083 -0.191305384 0.319378614
vn 0.917682767 -0.111362137 0.381387919
vn 0.940762758 -0.0887570754 0.327242464
vn 0.949585736 -0.309809059 0.0480130464
vn 0.00379561121 0.916679144 -0.399606079
vn -0.0516279936 0.952547193 -0.2999807
vn 0.000170917425 0.989525855 -0.144355834
vn -0.0516279936 0.952547193 -0.2999807
vn -0.103750639 0.993620694 0.0442009345
vn -0.0210962836 0.999629796 -0.0171805844
vn 0.454178095 0.72644347 0.515754044
vn 0.832692266 0.400837332 0.382038176
vn 0.705182076 0.627631783 0.329843134
vn 0.454178095 0.72644347 0.515754044
vn 0.386349976 0.843225598 0.373770565
vn 0.0548160896 0.914283514 0.40134877
vn -0.273928881 0.617620409 0.737230062
vn -0.217711508 0.791297495 0.571357965
vn -0.22150819 0.804641724 0.550895512
vn -0.18536149 0.193305612 0.963469803
vn -0.269859463 0.579030752 0.769349873
vn -0.166306615 0.162467331 0.972597837
vn 0.989773989 -0.140095472 -0.0268463623
vn 0.928057015 -0.287919343 -0.236247435
vn 0.975042105 0.0452919863 0.217350721
vn 0.69660145 -0.709820628 -0.104408994
vn 0.868154585 -0.432739347 -0.242990315
vn 0.989773989 -0.140095472 -0.0268463623
vn -0.0845725089 -0.929731667 -0.358394325
vn -0.0894700959 -0.901171386 -0.42412892
vn 0.0124962032 -0.99914372 -0.0394439213
vn -0.0845725089 -0.929731667 -0.358394325
vn 0.0124962032 -0.99914372 -0.0394439213
vn 0.0124123478 -0.98855257 0.150365427
vn 0.791172683 0.565349042 0.233294517
vn 0.708179712 0.706025004 0.0031763427
vn 0.705182076 0.627631783 0.329843134
vn 0.64468503 0.677104414 -0.354839176
vn 0.867141545 0.456567198 -0.199027538
vn 0.893758774 0.44533357 -0.0536020249
vn 0.171051323 -0.215564162 0.961391389
vn 0.573068798 -0.0619087294 0.817165554
vn 0.189360306 -0.114749201 0.975179672
vn 0.0996524692 -0.0775615498 0.991994739
vn 0.130867541 -0.112248115 0.985024929
vn 0.189360306 -0.114749201 0.975179672
vn -0.133026823 0.0164294988 -0.990976214
vn -0.156832993 0.254644781 -0.954232454
vn -0.170460463 -0.147138759 -0.974316955
vn -0.141820908 -0.520900488 -0.841753781
vn -0.0924514234 -0.728634 -0.678634822
vn -0.157028869 -0.648709536 -0.744659483
vn 0.550290227 -0.64924407 -0.525036097
vn 0.558621287 -0.660215199 -0.502053916
vn 0.631052136 -0.643478155 -0.433254153
vn 0.758144498 -0.358373374 -0.544780254
vn 0.577373087 -0.198810905 -0.791905582
vn 0.962865412 0.00607219338 -0.269913405
vn -0.48112303 0.662904263 0.573653698
vn -0.541575432 0.768896282 0.339844733
vn -0.650996506 0.660343587 0.374366105
vn -0.862024546 0.441847622 0.24836342
vn -0.827093124 0.54964745 0.117492884
vn -0.896645546 0.438190639 0.0633703396
vn 0.142521679 -0.112070203 0.983426571
vn 0.171051323 -0.215564162 0.961391389
vn 0.189360306 -0.114749201 0.975179672
vn 0.142521679 -0.112070203 0.983426571
vn 0.156244621 -0.30510217 0.939414799
vn 0.171051323 -0.215564162 0.961391389
vn -0.00843188632 0.964604914 -0.263564587
vn 0.0174757317 0.995315671 -0.0950866491
vn -0.00465260586 0.999777377 -0.0205787644
vn -0.0975544304 0.967981279 -0.231290668
vn -0.00843188632 0.964604914 -0.263564587
vn -0.00465260586 0.999777377 -0.0205787644
vn 0.884260356 -0.309649765 -0.349572182
vn 0.653178871 -0.617235482 -0.438608885
vn 0.446962565 -0.541156173 -0.712302327
vn 0.653178871 -0.617235482 -0.438608885
vn 0.889150202 -0.379941672 -0.25506115
vn 0.874857724 -0.477671325 -0.0803370103
vn -0.157028869 -0.648709536 -0.744659483
vn -0.129339278 -0.387100071 -0.912921071
vn -0.141820908 -0.520900488 -0.841753781
vn -0.130231693 -0.579557776 -0.804457963
vn -0.0749307498 -0.434516758 -0.897541344
vn -0.128515407 -0.655190885 -0.74445188
vn -0.992617428 0.116021529 0.0353505947
vn -0.943587422 0.3308222 0.014122433
vn -0.906226993 0.408581823 -0.108690597
vn -0.814333022 0.575316191 -0.0766359642
vn -0.906226993 0.408581823 -0.108690597
vn -0.943587422 0.3308222 0.014122433
vn 0.658843935 -0.5420174 0.52167207
vn 0.0854023919 -0.710564256 0.6984303
vn 0.0725633651 -0.817356288 0.571544588
vn 0.0854023919 -0.710564256 0.6984303
vn -0.0291060209 -0.729891956 0.682942569
vn 0.0389601998 -0.793105781 0.607836604
vn -0.363805175 -0.868157506 0.337562352
vn -0.562883377 -0.814563334 -0.140174702
vn -0.421771914 -0.901998818 -0.0922309011
vn 0.0244293474 -0.777096391 0.628907263
vn -0.0315493271 -0.791001022 0.611000896
vn -0.0673813298 -0.913363218 0.401531309
vn 0.976547182 0.0686921701 0.204051226
vn 0.988685429 0.148746103 0.0193875842
vn 0.990398169 0.0927558616 0.1025078
vn 0.976547182 0.0686921701 0.204051226
vn 0.776927173 0.284865797 0.561458528
vn 0.97318244 0.0763875991 0.216981366
vn -0.147348747 0.816078484 0.558841765
vn -0.0296154451 0.766632795 0.641402543
vn -0.0598159693 0.853262007 0.518040657
vn -0.0342755951 0.697717726 0.71555239
vn -0.0296154451 0.766632795 0.641402543
vn -0.147348747 0.816078484 0.558841765
vn -0.0760402232 -0.932728708 -0.352469981
vn -0.0708033219 -0.922847807 -0.378600955
vn -0.0413013138 -0.976489723 -0.211570188
vn -0.0116798207 -0.997856379 -0.0643906966
vn 0.000740022748 -0.998626113 -0.0523953624
vn -0.0106646027 -0.999808848 -0.0163863264
vn -0.0511791147 0.693383813 -0.718748629
vn 7.01487661e-05 0.643951595 -0.765066206
vn 0.0232091136 0.646883547 -0.762235522
vn -0.331616074 0.764734209 -0.552460134
vn -0.338949203 0.791396558 -0.508728802
vn -0.303223222 0.800465345 -0.51702112
vn 0.172945291 0.928793132 -0.327770293
vn 0.236013025 0.957276583 -0.167091101
vn 0.551031649 0.789497852 -0.27029112
vn 0.708179712 0.706025004 0.0031763427
vn 0.893758774 0.44533357 -0.0536020249
vn 0.867141545 0.456567198 -0.199027538
vn -0.00413745129 -0.997226179 -0.074315615
vn -0.0226127524 -0.996241331 0.0836171955
vn -0.067197971 -0.971767247 0.226170093
vn -0.067197971 -0.971767247 0.226170093
vn -0.0226127524 -0.996241331 0.0836171955
vn -0.086237222 -0.970431507 0.225445986
vn -0.0346588977 -0.251571 -0.967218041
vn 0.0685465634 -0.503408015 -0.861325502
vn -0.0166504327 -0.657837868 -0.752975464
vn 0.123444982 -0.586490571 -0.800493658
vn 0.26909095 -0.652026892 -0.708837748
vn -0.0166504327 -0.657837868 -0.752975464
vn -0.0308688581 0.992235422 0.120482437
vn -0.0521062687 0.989731252 0.133104816
vn -0.151058599 0.927191317 0.342779249
vn -0.210276768 0.863940179 0.457592666
vn -0.272067368 0.830661833 0.485778034
vn -0.317325622 0.803155839 0.5042274
vn -0.331616074 0.764734209 -0.552460134
vn -0.303223222 0.800465345 -0.51702112
vn -0.424102664 0.819071591 -0.386339992
vn -0.331616074 0.764734209 -0.552460134
vn -0.346136212 0.774318755 -0.529735982
vn -0.235715687 0.723330796 -0.649022698
vn -0.371473849 -0.480910778 -0.794186413
vn -0.681713641 -0.203817159 -0.702655673
vn -0.380778193 -0.0713145137 -0.921912253
vn -0.587267399 -0.507158935 -0.630798519
vn -0.371473849 -0.480910778 -0.794186413
vn -0.582491755 -0.595099807 -0.553678095
vn 0.182960719 -0.959049702 -0.216215268
vn 0.167999208 -0.97409308 -0.151390329
vn 0.0516627394 -0.96150738 -0.269879013
vn 0.000740022748 -0.998626113 -0.0523953624
vn 0.0293394458 -0.998406708 -0.0482003577
vn -0.0106646027 -0.999808848 -0.0163863264
vn -0.245068625 0.852030635 0.462585241
vn -0.227417916 0.824709833 0.517817259
vn -0.22529839 0.850770593 0.474794656
vn -0.272067368 0.830661833 0.485778034
vn -0.151058599 0.927191317 0.342779249
vn -0.22529839 0.850770593 0.474794656
vn -0.0500063337 -0.749322414 0.660314381
vn -0.144581825 -0.649494708 0.746493578
vn -0.608995795 -0.549869239 0.571636319
vn -0.366790712 -0.774859786 0.514836788
vn -0.608995795 -0.549869239 0.571636319
vn -0.677774906 -0.662792504 0.318319499
vn 0.388236493 0.278594822 -0.878440261
vn 0.724167228 0.148108453 -0.673532248
vn 0.332777619 0.0339916833 -0.942392468
vn 0.724167228 0.148108453 -0.673532248
vn 0.905303001 0.0908354595 -0.414940357
vn 0.577373087 -0.198810905 -0.791905582
vn 0.0868523717 -0.680727124 0.727370024
vn 0.10065192 -0.59465003 0.797659457
vn -0.0588405021 -0.715363264 0.696271002
vn -0.298297793 -0.54302913 0.784944475
vn -0.155639783 -0.597507 0.78661406
vn 0.0110788131 -0.299252421 0.954109669
vn -0.084226653 0.972056866 -0.21911478
vn -0.17288889 0.968873084 -0.177184969
vn 0.0382585898 0.994456768 -0.0979390815
vn 0.172945291 0.928793132 -0.327770293
vn 0.0514117852 0.930125654 -0.36362493
vn -0.084226653 0.972056866 -0.21911478
vn 0.450000376 -0.693329632 -0.562844396
vn 0.548896372 -0.706582665 -0.446602464
vn 0.389181614 -0.840574563 -0.376791954
vn 0.182960719 -0.959049702 -0.216215268
vn 0.336343825 -0.89809829 -0.28335917
vn 0.167999208 -0.97409308 -0.151390329
vn 0.776927173 0.284865797 0.561458528
vn 0.867050588 0.0239227433 0.497645468
vn 0.97318244 0.0763875991 0.216981366
vn 0.193058372 -0.0197043959 0.980989397
vn 0.630293548 0.0030125035 0.776351035
vn 0.307309657 0.0617893748 0.949601352
vn -0.237929359 -0.280827016 0.929798841
vn -0.782628179 -0.154328808 0.603055358
vn -0.608995795 -0.549869239 0.571636319
vn -0.28356865 0.302911222 0.909853578
vn -0.678143799 0.221948296 0.700614035
vn -0.307759434 0.0624813177 0.949410439
vn -0.125390306 0.365370125 -0.92237848
vn -0.147458866 0.526611686 -0.837219238
vn -0.132700428 0.367562741 -0.920482576
vn -0.156832993 0.254644781 -0.954232454
vn -0.17586109 0.545883596 -0.819197118
vn -0.123782836 0.517605901 -0.846617937
vn -0.681713641 -0.203817159 -0.702655673
vn -0.63826561 -0.0484150164 -0.768292308
vn -0.380778193 -0.0713145137 -0.921912253
vn -0.225562826 0.115094125 -0.967406273
vn -0.18830128 0.420913607 -0.887341201
vn -0.212838337 -0.0541743524 -0.975584388
vn 0.0528211817 0.746558368 0.66321981
vn 0.454178095 0.72644347 0.515754044
vn 0.034140341 0.80324924 0.594663858
vn 0.034140341 0.80324924 0.594663858
vn 0.0154401278 0.744443774 0.667506576
vn 0.0528211817 0.746558368 0.66321981
vn 0.0754995719 0.716648936 -0.693335533
vn -0.124780037 0.794821441 -0.593876064
vn 0.0623739101 0.769923329 -0.635080695
vn 0.668104053 0.627492726 -0.399862289
vn 0.0754995719 0.716648936 -0.693335533
vn 0.0623739101 0.769923329 -0.635080695
vn -0.596909285 -0.747684836 0.290975243
vn -0.677774906 -0.662792504 0.318319499
vn -0.562883377 -0.814563334 -0.140174702
vn -0.98000747 -0.102756657 -0.170371756
vn -0.870975435 -0.4882873 -0.0545641296
vn -0.998444259 0.0195038542 0.0522358567
vn 0.601163387 -0.35045141 0.718182683
vn 0.572139263 -0.256304145 0.779079556
vn 0.114178941 -0.621547759 0.775010705
vn 0.572139263 -0.256304145 0.779079556
vn 0.601163387 -0.35045141 0.718182683
vn 0.960942507 0.113775998 0.252278656
vn -0.088657327 -0.0818400905 -0.992694318
vn -0.0749307498 -0.434516758 -0.897541344
vn -0.130231693 -0.579557776 -0.804457963
vn -0.222041249 -0.313033193 -0.92342186
vn -0.239387974 -0.295765072 -0.924779117
vn -0.174340963 -0.638192952 -0.749876618
vn 0.0289110616 -0.916837871 0.39821142
vn 0.0457455926 -0.757967174 0.650686562
vn 0.0387359522 -0.778985977 0.625843644
vn -0.264622658 -0.784343839 0.561052203
vn -0.298297793 -0.54302913 0.784944475
vn -0.186040014 -0.738318324 0.648286402
vn -0.513457716 0.803926528 -0.300105453
vn -0.543703735 0.804694474 -0.238438904
vn -0.44778797 0.803488553 -0.392291069
vn -0.518700421 0.837881505 -0.170012638
vn -0.17288889 0.968873084 -0.177184969
vn -0.37152195 0.890230119 -0.263555914
vn -0.130231693 -0.579557776 -0.804457963
vn -0.19388254 -0.0149944546 -0.980910063
vn -0.088657327 -0.0818400905 -0.992694318
vn -0.19388254 -0.0149944546 -0.980910063
vn -0.0613340624 0.414128989 -0.908149421
vn -0.088657327 -0.0818400905 -0.992694318
vn -0.782628179 -0.154328808 0.603055358
vn -0.943667352 -0.254367173 0.211635008
vn -0.608995795 -0.549869239 0.571636319
vn -0.943667352 -0.254367173 0.211635008
vn -0.677774906 -0.662792504 0.318319499
vn -0.608995795 -0.549869239 0.571636319
vn 0.602251828 -0.656297743 0.454495221
vn 0.658843935 -0.5420174 0.52167207
vn 0.0958709642 -0.861455381 0.498701632
vn 0.152390838 -0.906311989 0.39417699
vn 0.0325971842 -0.980513334 0.193729505
vn 0.075459376 -0.988243103 0.132972002
vn -0.37152195 0.890230119 -0.263555914
vn -0.44778797 0.803488553 -0.392291069
vn -0.518700421 0.837881505 -0.170012638
vn -0.124780037 0.794821441 -0.593876064
vn -0.319305718 0.746438205 -0.583844066
vn -0.22464627 0.889737844 -0.397367239
vn 0.0882561207 -0.0555426776 0.994548082
vn 0.0275545716 -0.0106398687 0.999563754
vn 0.0110788131 -0.299252421 0.954109669
vn 0.0110788131 -0.299252421 0.954109669
vn -0.0700510368 -0.160632417 0.984525323
vn -0.298297793 -0.54302913 0.784944475
vn 0.0122218952 0.696953297 -0.717012286
vn -0.0725788996 0.683660924 -0.726181865
vn -0.016168775 0.771807909 -0.635650218
vn 0.00529280724 0.839223206 -0.543761373
vn 0.00379561121 0.916679144 -0.399606079
vn 0.0137094175 0.894111812 -0.447633892
vn 0.668104053 0.627492726 -0.399862289
vn 0.0623739101 0.769923329 -0.635080695
vn 0.64468503 0.677104414 -0.354839176
vn 0.918346524 0.353776872 -0.177429989
vn 0.64468503 0.677104414 -0.354839176
vn 0.893758774 0.44533357 -0.0536020249
vn 0.075459376 -0.988243103 0.132972002
vn 0.28790012 -0.951974571 -0.104201891
vn 0.566767454 -0.798982382 0.201001853
vn 0.152390838 -0.906311989 0.39417699
vn 0.075459376 -0.988243103 0.132972002
vn 0.566767454 -0.798982382 0.201001853
vn -0.184204414 0.629516602 -0.754836142
vn -0.26182723 0.661059797 -0.703168869
vn -0.186387733 0.572565377 -0.798391163
vn -0.26182723 0.661059797 -0.703168869
vn -0.235715687 0.723330796 -0.649022698
vn -0.346136212 0.774318755 -0.529735982
vn 0.011370888 0.999729156 0.0203047041
vn -0.0308688581 0.992235422 0.120482437
vn -0.0142032085 0.944661796 0.327738285
vn -0.0308688581 0.992235422 0.120482437
vn -0.151058599 0.927191317 0.342779249
vn -0.0705714375 0.960024238 0.270874649
vn -0.993266046 0.115771502 -0.00442110701
vn -0.984809697 0.127614707 -0.11774645
vn -0.945450425 -0.0624436624 -0.319725245
vn -0.992617428 0.116021529 0.0353505947
vn -0.98000747 -0.102756657 -0.170371756
vn -0.998444259 0.0195038542 0.0522358567
vn -0.22150819 0.804641724 0.550895512
vn -0.269859463 0.579030752 0.769349873
vn -0.273928881 0.617620409 0.737230062
vn -0.22150819 0.804641724 0.550895512
vn -0.48112303 0.662904263 0.573653698
vn -0.269859463 0.579030752 0.769349873
vn 0.105049595 0.595489979 -0.79646492
vn -0.227929443 0.586491585 -0.77722311
vn -0.124780037 0.794821441 -0.593876064
vn -0.227929443 0.586491585 -0.77722311
vn -0.304801375 0.661240578 -0.685461164
vn -0.124780037 0.794821441 -0.593876064
vn 0.0156242214 -0.980220556 0.197290733
vn 0.0289110616 -0.916837871 0.39821142
vn 0.0121489065 -0.880313396 0.474236995
vn 0.0383532755 -0.895483732 0.443438768
vn 0.0124123478 -0.98855257 0.150365427
vn 0.0156242214 -0.980220556 0.197290733
vn -0.0164486133 0.346689999 0.937835515
vn -0.000926732551 0.162249014 0.98674947
vn -0.0167034175 0.623715043 0.781473279
vn -0.0193416849 0.537460804 0.843066871
vn 0.0224570893 0.649895906 0.759691358
vn -0.0135998931 0.761109173 0.64848125
vn 0.0389601998 -0.793105781 0.607836604
vn -0.137907177 -0.847295463 0.5129053
vn -0.0261316132 -0.947682858 0.318141848
vn 0.0194511879 -0.971438944 0.236491427
vn 0.0958709642 -0.861455381 0.498701632
vn 0.0725633651 -0.817356288 0.571544588
vn -0.130034372 -0.882585287 -0.451812238
vn -0.0845725089 -0.929731667 -0.358394325
vn -0.182362929 -0.978280663 -0.0985427275
vn -0.130034372 -0.882585287 -0.451812238
vn -0.0894700959 -0.901171386 -0.42412892
vn -0.0845725089 -0.929731667 -0.358394325
vn 0.0122218952 0.696953297 -0.717012286
vn 0.0177846085 0.667265832 -0.744607151
vn 0.0228337329 0.619864702 -0.784376502
vn 0.0177846085 0.667265832 -0.744607151
vn -0.0058853589 0.643275559 -0.765612245
vn 0.0228337329 0.619864702 -0.784376502
vn -0.051152952 0.0925851688 -0.994389951
vn 0.0399064124 -0.154494807 -0.987187326
vn 0.0109920604 -0.24581553 -0.969254315
vn -0.0346588977 -0.251571 -0.967218041
vn 0.0109920604 -0.24581553 -0.969254315
vn 0.0685465634 -0.503408015 -0.861325502
vn -0.211490616 0.94733572 0.240471974
vn -0.245068625 0.852030635 0.462585241
vn -0.22529839 0.850770593 0.474794656
vn -0.608699977 0.739801109 -0.286668122
vn -0.459252834 0.881769896 0.107557982
vn -0.382024616 0.914789319 -0.131215915
vn 0.0224570893 0.649895906 0.759691358
vn -0.0193416849 0.537460804 0.843066871
vn 0.0348893553 0.404058784 0.914067388
vn 0.0348893553 0.404058784 0.914067388
vn 0.0775701404 0.658329308 0.748722553
vn 0.0464692488 0.72264725 0.689653099
vn 0.336343825 -0.89809829 -0.28335917
vn 0.442134082 -0.846714139 -0.295960724
vn 0.172631294 -0.975005627 -0.139865816
vn 0.442134082 -0.846714139 -0.295960724
vn 0.69660145 -0.709820628 -0.104408994
vn 0.28790012 -0.951974571 -0.104201891
vn -0.182362929 -0.978280663 -0.0985427275
vn -0.0673813298 -0.913363218 0.401531309
vn -0.363805175 -0.868157506 0.337562352
vn -0.182362929 -0.978280663 -0.0985427275
vn -0.0845725089 -0.929731667 -0.358394325
vn 0.0124123478 -0.98855257 0.150365427
vn -0.0602284223 0.146381497 -0.987393022
vn -0.051152952 0.0925851688 -0.994389951
vn 0.0109920604 -0.24581553 -0.969254315
vn -0.151763096 0.344977111 -0.92626065
vn -0.051152952 0.0925851688 -0.994389951
vn -0.0602284223 0.146381497 -0.987393022
vn -0.304801375 0.661240578 -0.685461164
vn -0.374826133 0.686333179 -0.623259306
vn -0.4466483 0.745110095 -0.495294183
vn -0.22464627 0.889737844 -0.397367239
vn -0.319305718 0.746438205 -0.583844066
vn -0.44778797 0.803488553 -0.392291069
vn 0.0228337329 0.619864702 -0.784376502
vn -0.00996939186 0.650294542 -0.759616733
vn 0.0122218952 0.696953297 -0.717012286
vn -0.0725788996 0.683660924 -0.726181865
vn 0.0122218952 0.696953297 -0.717012286
vn -0.00996939186 0.650294542 -0.759616733
vn -0.0164486133 0.346689999 0.937835515
vn -0.0167034175 0.623715043 0.781473279
vn -0.0342755951 0.697717726 0.71555239
vn -0.169442207 0.578379214 0.797976732
vn -0.143688768 0.524982512 0.838896155
vn -0.0509707369 0.186630875 0.981106997
vn -0.137306556 -0.776121438 -0.615453064
vn -0.0804508701 -0.904935658 -0.417874694
vn -0.0915281028 -0.908891976 -0.4068636
vn -0.0243453998 -0.980459929 -0.195206732
vn -0.0116798207 -0.997856379 -0.0643906966
vn -0.0297996625 -0.989185214 -0.143612772
vn 0.548896372 -0.706582665 -0.446602464
vn 0.569092989 -0.598799467 -0.563535571
vn 0.639683306 -0.556270003 -0.530442178
vn 0.548896372 -0.706582665 -0.446602464
vn 0.639683306 -0.556270003 -0.530442178
vn 0.67075783 -0.556245327 -0.49058643
vn -0.084226653 0.972056866 -0.21911478
vn 0.0382585898 0.994456768 -0.0979390815
vn 0.117843077 0.968284428 -0.220314473
vn 0.117843077 0.968284428 -0.220314473
vn 0.0382585898 0.994456768 -0.0979390815
vn 0.236013025 0.957276583 -0.167091101
vn -0.862024546 0.441847622 0.24836342
vn -0.948974907 0.272933841 0.157967478
vn -0.7920295 0.44814387 0.414555699
vn -0.99364084 0.108540699 0.0299463309
vn -0.782628179 -0.154328808 0.603055358
vn -0.907985032 0.255805165 0.331853807
vn 0.696241081 -0.463624001 0.547997296
vn 0.658843935 -0.5420174 0.52167207
vn 0.94196552 -0.326300442 0.0789245069
vn 0.696241081 -0.463624001 0.547997296
vn 0.115833439 -0.642980278 0.757072687
vn 0.658843935 -0.5420174 0.52167207
vn -0.273928881 0.617620409 0.737230062
vn -0.269859463 0.579030752 0.769349873
vn -0.18536149 0.193305612 0.963469803
vn -0.143688768 0.524982512 0.838896155
vn -0.129212499 0.297272831 0.94600904
vn -0.0509707369 0.186630875 0.981106997
vn -0.0894700959 -0.901171386 -0.42412892
vn -0.00413745129 -0.997226179 -0.074315615
vn 0.0124962032 -0.99914372 -0.0394439213
vn -0.0804508701 -0.904935658 -0.417874694
vn -0.0297996625 -0.989185214 -0.143612772
vn -0.0915281028 -0.908891976 -0.4068636
vn 0.139536202 -0.350140125 -0.926245928
vn 0.446962565 -0.541156173 -0.712302327
vn 0.287403941 -0.538901091 -0.791823626
vn 0.558621287 -0.660215199 -0.502053916
vn 0.446962565 -0.541156173 -0.712302327
vn 0.653178871 -0.617235482 -0.438608885
vn -0.907985032 0.255805165 0.331853807
vn -0.7920295 0.44814387 0.414555699
vn -0.948974907 0.272933841 0.157967478
vn -0.44475016 0.498508245 0.744101346
vn -0.7920295 0.44814387 0.414555699
vn -0.907985032 0.255805165 0.331853807
vn 0.962865412 0.00607219338 -0.269913405
vn 0.987220347 0.0777762607 0.139092699
vn 0.988311708 0.0383421071 0.147546023
vn 0.987220347 0.0777762607 0.139092699
vn 0.98540169 0.135571897 0.102974474
vn 0.988311708 0.0383421071 0.147546023
vn -0.0753855333 0.588295579 -0.805124342
vn -0.0760629699 0.649504304 -0.756543815
vn 0.0232091136 0.646883547 -0.762235522
vn -0.0760629699 0.649504304 -0.756543815
vn -0.147841334 0.591809094 -0.792404532
vn -0.196382374 0.73102653 -0.653478563
vn -0.147167817 -0.502434254 0.851998508
vn -0.237929359 -0.280827016 0.929798841
vn -0.144581825 -0.649494708 0.746493578
vn -0.144581825 -0.649494708 0.746493578
vn -0.0500063337 -0.749322414 0.660314381
vn -0.00935226306 -0.737704337 0.675059259
vn -0.0166504327 -0.657837868 -0.752975464
vn 0.26909095 -0.652026892 -0.708837748
vn 0.12022952 -0.75673002 -0.642576516
vn 0.12022952 -0.75673002 -0.642576516
vn 0.450000376 -0.693329632 -0.562844396
vn 0.213208407 -0.868995965 -0.446529061
vn -0.637247384 0.767271161 0.0721860826
vn -0.541575432 0.768896282 0.339844733
vn -0.459252834 0.881769896 0.107557982
vn -0.814333022 0.575316191 -0.0766359642
vn -0.896645546 0.438190639 0.0633703396
vn -0.827093124 0.54964745 0.117492884
vn -0.0261316132 -0.947682858 0.318141848
vn -0.137907177 -0.847295463 0.5129053
vn -0.128431827 -0.956547558 0.261767089
vn -0.328008533 -0.770371854 0.546751857
vn -0.067197971 -0.971767247 0.226170093
vn -0.158273846 -0.920965672 0.356050074
vn -0.137306556 -0.776121438 -0.615453064
vn -0.0989396349 -0.892582059 -0.43989554
vn -0.0804508701 -0.904935658 -0.417874694
vn -0.0988865867 -0.819486916 -0.56450206
vn -0.0708033219 -0.922847807 -0.378600955
vn -0.0760402232 -0.932728708 -0.352469981
vn 0.0577915348 0.069156006 -0.995930493
vn 0.189673439 -0.154808089 -0.969566166
vn 0.0832479373 -0.0878790915 -0.992646456
vn 0.0832479373 -0.0878790915 -0.992646456
vn 0.139536202 -0.350140125 -0.926245928
vn 0.0762205124 -0.246644616 -0.966103971
vn 0.0244293474 -0.777096391 0.628907263
vn -0.0302659404 -0.624900103 0.780117869
vn -0.00935226306 -0.737704337 0.675059259
vn -0.0302659404 -0.624900103 0.780117869
vn -0.144581825 -0.649494708 0.746493578
vn -0.00935226306 -0.737704337 0.675059259
vn -0.142095894 0.787861884 -0.599234879
vn -0.206275776 0.860317707 -0.466158479
vn -0.158472046 0.980102718 -0.119520821
vn -0.0984667838 0.731821716 -0.674345016
vn -0.142095894 0.787861884 -0.599234879
vn -0.0742812902 0.833879888 -0.54692471
vn -0.245727599 0.778974533 -0.576902568
vn -0.127702653 0.717540562 -0.684709847
vn -0.0164098237 0.670885026 -0.741379857
vn -0.167798847 0.856625497 -0.487889767
vn -0.00763739878 0.85023427 -0.526349127
vn -0.0975544304 0.967981279 -0.231290668
vn 0.0832479373 -0.0878790915 -0.992646456
vn 0.189673439 -0.154808089 -0.969566166
vn 0.139536202 -0.350140125 -0.926245928
vn 0.577373087 -0.198810905 -0.791905582
vn 0.446962565 -0.541156173 -0.712302327
vn 0.139536202 -0.350140125 -0.926245928
vn 0.0156242214 -0.980220556 0.197290733
vn -0.00256519089 -0.98953855 0.144245207
vn 0.0289110616 -0.916837871 0.39821142
vn 0.0457455926 -0.757967174 0.650686562
vn 0.0289110616 -0.916837871 0.39821142
vn 0.027282076 -0.872915626 0.487107843
vn 0.0240470581 -0.336078376 0.941526949
vn -0.0062385248 -0.45046398 0.892772734
vn 0.0253191143 -0.486147732 0.873509824
vn -0.0139022116 -0.130330592 0.991373122
vn -0.237929359 -0.280827016 0.929798841
vn -0.0062385248 -0.45046398 0.892772734
vn -0.0742812902 0.833879888 -0.54692471
vn -0.142095894 0.787861884 -0.599234879
vn -0.158472046 0.980102718 -0.119520821
vn -0.0516279936 0.952547193 -0.2999807
vn -0.158472046 0.980102718 -0.119520821
vn -0.103750639 0.993620694 0.0442009345
vn -0.401266783 0.869425058 -0.288244933
vn -0.434091061 0.815346062 -0.383113235
vn -0.167798847 0.856625497 -0.487889767
vn -0.585020185 0.799696982 -0.135040596
vn -0.401266783 0.869425058 -0.288244933
vn -0.518700421 0.837881505 -0.170012638
vn -0.0989396349 -0.892582059 -0.43989554
vn -0.137306556 -0.776121438 -0.615453064
vn -0.0988865867 -0.819486916 -0.56450206
vn -0.175660789 -0.610184669 -0.772539973
vn -0.0924514234 -0.728634 -0.678634822
vn -0.137306556 -0.776121438 -0.615453064
vn -0.409519702 0.717326343 -0.563681304
vn -0.403412789 0.659995854 -0.633769393
vn -0.865036368 0.438337803 -0.244074032
vn -0.865036368 0.438337803 -0.244074032
vn -0.76138097 0.458066314 -0.458774775
vn -0.993266046 0.115771502 -0.00442110701
vn 0.336343825 -0.89809829 -0.28335917
vn 0.548896372 -0.706582665 -0.446602464
vn 0.442134082 -0.846714139 -0.295960724
vn 0.389181614 -0.840574563 -0.376791954
vn 0.548896372 -0.706582665 -0.446602464
vn 0.336343825 -0.89809829 -0.28335917
vn -0.108333237 -0.167835727 -0.979844451
vn -0.0346588977 -0.251571 -0.967218041
vn -0.141820908 -0.520900488 -0.841753781
vn -0.0602284223 0.146381497 -0.987393022
vn 0.0109920604 -0.24581553 -0.969254315
vn -0.0346588977 -0.251571 -0.967218041
vn 0.516522884 0.841030061 0.160849124
vn 0.705182076 0.627631783 0.329843134
vn 0.708179712 0.706025004 0.0031763427
vn 0.708179712 0.706025004 0.0031763427
vn 0.551031649 0.789497852 -0.27029112
vn 0.287041485 0.956431627 -0.0533449575
vn -0.147393301 0.0893089548 0.985037625
vn -0.28356865 0.302911222 0.909853578
vn -0.307759434 0.0624813177 0.949410439
vn -0.147393301 0.0893089548 0.985037625
vn -0.237929359 -0.280827016 0.929798841
vn -0.0139022116 -0.130330592 0.991373122
vn -0.57972753 0.801933944 -0.144284666
vn -0.501513422 0.824057162 -0.263465375
vn -0.585020185 0.799696982 -0.135040596
vn -0.167798847 0.856625497 -0.487889767
vn -0.434091061 0.815346062 -0.383113235
vn -0.245727599 0.778974533 -0.576902568
vn -0.225562826 0.115094125 -0.967406273
vn -0.394431919 0.254645437 -0.882937789
vn -0.18830128 0.420913607 -0.887341201
vn -0.154688179 0.561181724 -0.813109279
vn -0.1915932 0.570101738 -0.798921764
vn -0.196382374 0.73102653 -0.653478563
vn 0.337385029 -0.56830442 -0.750467539
vn 0.468704998 -0.622785032 -0.626461744
vn 0.550290227 -0.64924407 -0.525036097
vn 0.380499482 -0.560804248 -0.735335767
vn 0.38884002 -0.581612766 -0.714513898
vn 0.569092989 -0.598799467 -0.563535571
vn 0.516522884 0.841030061 0.160849124
vn 0.708179712 0.706025004 0.0031763427
vn 0.287041485 0.956431627 -0.0533449575
vn 0.287041485 0.956431627 -0.0533449575
vn 0.0382585898 0.994456768 -0.0979390815
vn 0.0475998856 0.998862326 -0.00287921424
vn -0.298297793 -0.54302913 0.784944475
vn -0.0700510368 -0.160632417 0.984525323
vn -0.070411332 -0.202515796 0.976744413
vn 0.0240819845 -0.1990574 0.979691923
vn 0.0261816774 -0.133797139 0.990662873
vn 0.0280811675 -0.376119375 0.926145554
vn -0.677774906 -0.662792504 0.318319499
vn -0.921983778 -0.333260089 0.197189078
vn -0.870975435 -0.4882873 -0.0545641296
vn -0.677774906 -0.662792504 0.318319499
vn -0.943667352 -0.254367173 0.211635008
vn -0.921983778 -0.333260089 0.197189078
vn -0.127702653 0.717540562 -0.684709847
vn -0.0058853589 0.643275559 -0.765612245
vn -0.0164098237 0.670885026 -0.741379857
vn -0.00778637873 0.655107796 -0.75549531
vn 0.0228337329 0.619864702 -0.784376502
vn -0.0058853589 0.643275559 -0.765612245
vn 0.0577915348 0.069156006 -0.995930493
vn 0.388236493 0.278594822 -0.878440261
vn 0.332777619 0.0339916833 -0.942392468
vn -0.195659444 0.47118029 -0.860061944
vn -0.227929443 0.586491585 -0.77722311
vn 0.105049595 0.595489979 -0.79646492
vn 0.0105440207 0.937526882 0.34775278
vn 0.034140341 0.80324924 0.594663858
vn 0.0300658997 0.95588994 0.292182177
vn 0.034140341 0.80324924 0.594663858
vn 0.454178095 0.72644347 0.515754044
vn 0.0548160896 0.914283514 0.40134877
vn 0.12022952 -0.75673002 -0.642576516
vn 0.26909095 -0.652026892 -0.708837748
vn 0.450000376 -0.693329632 -0.562844396
vn 0.380499482 -0.560804248 -0.735335767
vn 0.569092989 -0.598799467 -0.563535571
vn 0.450000376 -0.693329632 -0.562844396
vn -0.127702653 0.717540562 -0.684709847
vn -0.00778637873 0.655107796 -0.75549531
vn -0.0058853589 0.643275559 -0.765612245
vn -0.0511791147 0.693383813 -0.718748629
vn 0.0232091136 0.646883547 -0.762235522
vn -0.00778637873 0.655107796 -0.75549531
vn 0.150073707 -0.450271875 0.88018924
vn 0.10065192 -0.59465003 0.797659457
vn 0.114178941 -0.621547759 0.775010705
vn 0.114178941 -0.621547759 0.775010705
vn 0.572139263 -0.256304145 0.779079556
vn 0.150073707 -0.450271875 0.88018924
vn -0.0261316132 -0.947682858 0.318141848
vn 0.0194511879 -0.971438944 0.236491427
vn 0.0725633651 -0.817356288 0.571544588
vn -0.0917140543 -0.983215272 0.157722443
vn -0.0261316132 -0.947682858 0.318141848
vn -0.128431827 -0.956547558 0.261767089
vn -0.130231693 -0.579557776 -0.804457963
vn -0.128515407 -0.655190885 -0.74445188
vn -0.175660789 -0.610184669 -0.772539973
vn -0.175660789 -0.610184669 -0.772539973
vn -0.19388254 -0.0149944546 -0.980910063
vn -0.130231693 -0.579557776 -0.804457963
vn 0.111803621 0.965248108 0.236211836
vn 0.0306568854 0.993871272 0.106207408
vn 0.0548160896 0.914283514 0.40134877
vn 0.0468486957 0.997360229 0.0554781854
vn 0.111803621 0.965248108 0.236211836
vn 0.276980996 0.95175159 0.132100433
vn -0.303223222 0.800465345 -0.51702112
vn -0.0511791147 0.693383813 -0.718748629
vn -0.00778637873 0.655107796 -0.75549531
vn -0.303223222 0.800465345 -0.51702112
vn -0.338949203 0.791396558 -0.508728802
vn -0.0511791147 0.693383813 -0.718748629
vn 0.0785000026 -0.0675140917 0.99462533
vn 0.130867541 -0.112248115 0.985024929
vn 0.0996524692 -0.0775615498 0.991994739
vn 0.0882561207 -0.0555426776 0.994548082
vn 0.156244621 -0.30510217 0.939414799
vn 0.142521679 -0.112070203 0.983426571
vn -0.31638065 0.79707855 0.514362812
vn -0.243823171 0.777166009 0.580140591
vn -0.286996871 0.787190616 0.545860648
vn -0.243823171 0.777166009 0.580140591
vn -0.15262334 0.752027035 0.641218722
vn -0.286996871 0.787190616 0.545860648
vn 0.566767454 -0.798982382 0.201001853
vn 0.602251828 -0.656297743 0.454495221
vn 0.152390838 -0.906311989 0.39417699
vn 0.658843935 -0.5420174 0.52167207
vn 0.602251828 -0.656297743 0.454495221
vn 0.94196552 -0.326300442 0.0789245069
vn -0.144432828 0.462930679 -0.874548078
vn -0.19388254 -0.0149944546 -0.980910063
vn -0.147841334 0.591809094 -0.792404532
vn -0.0357695557 0.584342718 -0.810718238
vn -0.0613340624 0.414128989 -0.908149421
vn -0.0753855333 0.588295579 -0.805124342
vn -0.424102664 0.819071591 -0.386339992
vn -0.353200704 0.801260293 -0.482940137
vn -0.463048398 0.796324551 -0.389169872
vn -0.463048398 0.796324551 -0.389169872
vn -0.374457389 0.719522476 -0.584866703
vn -0.424102664 0.819071591 -0.386339992
vn -0.143688768 0.524982512 0.838896155
vn -0.273928881 0.617620409 0.737230062
vn -0.129212499 0.297272831 0.94600904
vn -0.273928881 0.617620409 0.737230062
vn -0.143688768 0.524982512 0.838896155
vn -0.217711508 0.791297495 0.571357965
vn 0.388236493 0.278594822 -0.878440261
vn -0.00963668898 0.376340538 -0.926431358
vn 0.105049595 0.595489979 -0.79646492
vn 0.388236493 0.278594822 -0.878440261
vn 0.105049595 0.595489979 -0.79646492
vn 0.672118366 0.545215428 -0.500996113
vn -0.141820908 -0.520900488 -0.841753781
vn -0.129339278 -0.387100071 -0.912921071
vn -0.170460463 -0.147138759 -0.974316955
vn -0.170460463 -0.147138759 -0.974316955
vn -0.108333237 -0.167835727 -0.979844451
vn -0.141820908 -0.520900488 -0.841753781
vn -0.0975544304 0.967981279 -0.231290668
vn -0.401266783 0.869425058 -0.288244933
vn -0.167798847 0.856625497 -0.487889767
vn -0.17288889 0.968873084 -0.177184969
vn -0.518700421 0.837881505 -0.170012638
vn -0.401266783 0.869425058 -0.288244933
vn -0.206275776 0.860317707 -0.466158479
vn -0.292499006 0.826819479 -0.48043111
vn -0.258538842 0.965533316 0.0300507937
vn -0.382024616 0.914789319 -0.131215915
vn -0.459252834 0.881769896 0.107557982
vn -0.258538842 0.965533316 0.0300507937
vn 0.884260356 -0.309649765 -0.349572182
vn 0.758144498 -0.358373374 -0.544780254
vn 0.962865412 0.00607219338 -0.269913405
vn 0.988311708 0.0383421071 0.147546023
vn 0.995940566 -0.012772386 -0.0891036838
vn 0.962865412 0.00607219338 -0.269913405
vn -0.0412223898 0.359227836 -0.932339072
vn -0.120161533 0.252416641 -0.960128665
vn -0.133026823 0.0164294988 -0.990976214
vn -0.200549737 0.709087372 -0.675999045
vn -0.0357695557 0.584342718 -0.810718238
vn -0.0511791147 0.693383813 -0.718748629
vn -0.864474714 0.0798894167 -0.496287256
vn -0.812450349 0.353651524 -0.463524699
vn -0.596256077 0.248926401 -0.763226151
vn -0.984809697 0.127614707 -0.11774645
vn -0.864474714 0.0798894167 -0.496287256
vn -0.945450425 -0.0624436624 -0.319725245
vn -0.0315493271 -0.791001022 0.611000896
vn -0.297974974 -0.81406498 0.498506933
vn -0.0673813298 -0.913363218 0.401531309
vn -0.366790712 -0.774859786 0.514836788
vn -0.297974974 -0.81406498 0.498506933
vn -0.0520066768 -0.754401207 0.654350042
vn -0.0142032085 0.944661796 0.327738285
vn -0.0308688581 0.992235422 0.120482437
vn -0.0705714375 0.960024238 0.270874649
vn -0.0598159693 0.853262007 0.518040657
vn 0.034140341 0.80324924 0.594663858
vn -0.0142032085 0.944661796 0.327738285
vn 0.28790012 -0.951974571 -0.104201891
vn 0.69660145 -0.709820628 -0.104408994
vn 0.566767454 -0.798982382 0.201001853
vn 0.94196552 -0.326300442 0.0789245069
vn 0.602251828 -0.656297743 0.454495221
vn 0.566767454 -0.798982382 0.201001853
vn -0.174340963 -0.638192952 -0.749876618
vn -0.239387974 -0.295765072 -0.924779117
vn -0.175660789 -0.610184669 -0.772539973
vn -0.175660789 -0.610184669 -0.772539973
vn -0.141033217 -0.754803956 -0.640609503
vn -0.174340963 -0.638192952 -0.749876618
vn 0.0232091136 0.646883547 -0.762235522
vn -0.00490511116 0.637795627 -0.77019006
vn 0.0398691632 0.620049655 -0.783548951
vn 0.0398691632 0.620049655 -0.783548951
vn -0.00778637873 0.655107796 -0.75549531
vn 0.0232091136 0.646883547 -0.762235522
vn 0.776927173 0.284865797 0.561458528
vn 0.757443666 0.357397765 0.546393573
vn 0.275109679 0.623970628 0.73142004
vn 0.413520306 0.316171795 0.853836238
vn 0.867050588 0.0239227433 0.497645468
vn 0.776927173 0.284865797 0.561458528
vn -0.166306615 0.162467331 0.972597837
vn -0.147393301 0.0893089548 0.985037625
vn -0.0350031294 -0.0224528369 0.999134958
vn -0.18536149 0.193305612 0.963469803
vn -0.166306615 0.162467331 0.972597837
vn -0.0350031294 -0.0224528369 0.999134958
vn -0.103750639 0.993620694 0.0442009345
vn -0.158472046 0.980102718 -0.119520821
vn -0.156286463 0.944679081 0.288367808
vn -0.0521062687 0.989731252 0.133104816
vn -0.156286463 0.944679081 0.288367808
vn -0.151058599 0.927191317 0.342779249
vn -0.26182723 0.661059797 -0.703168869
vn -0.346136212 0.774318755 -0.529735982
vn -0.374457389 0.719522476 -0.584866703
vn -0.374826133 0.686333179 -0.623259306
vn -0.304801375 0.661240578 -0.685461164
vn -0.271141589 0.62713933 -0.730190694
vn -0.253675461 -0.406690896 -0.877639592
vn -0.380778193 -0.0713145137 -0.921912253
vn -0.222041249 -0.313033193 -0.92342186
vn -0.174340963 -0.638192952 -0.749876618
vn -0.253675461 -0.406690896 -0.877639592
vn -0.222041249 -0.313033193 -0.92342186
vn 0.887348235 -0.456002951 -0.0683695301
vn 0.928116083 -0.191305384 0.319378614
vn 0.949585736 -0.309809059 0.0480130464
vn 0.971107602 -0.218262538 0.0964966342
vn 0.917682767 -0.111362137 0.381387919
vn 0.928116083 -0.191305384 0.319378614
vn -0.088657327 -0.0818400905 -0.992694318
vn -0.0458806567 -0.031348452 -0.998454928
vn -0.0749307498 -0.434516758 -0.897541344
vn -0.129339278 -0.387100071 -0.912921071
vn -0.133026823 0.0164294988 -0.990976214
vn -0.170460463 -0.147138759 -0.974316955
vn -0.307759434 0.0624813177 0.949410439
vn -0.678143799 0.221948296 0.700614035
vn -0.782628179 -0.154328808 0.603055358
vn -0.678143799 0.221948296 0.700614035
vn -0.907985032 0.255805165 0.331853807
vn -0.782628179 -0.154328808 0.603055358
vn 0.0136905592 -0.717999697 0.695908844
vn 0.0244293474 -0.777096391 0.628907263
vn 0.0387359522 -0.778985977 0.625843644
vn 0.0387359522 -0.778985977 0.625843644
vn 0.0457455926 -0.757967174 0.650686562
vn 0.0136905592 -0.717999697 0.695908844
vn 0.960942507 0.113775998 0.252278656
vn 0.601163387 -0.35045141 0.718182683
vn 0.975042105 0.0452919863 0.217350721
vn 0.988685429 0.148746103 0.0193875842
vn 0.960942507 0.113775998 0.252278656
vn 0.975042105 0.0452919863 0.217350721
vn 0.388236493 0.278594822 -0.878440261
vn 0.672118366 0.545215428 -0.500996113
vn 0.786197066 0.337705195 -0.517541647
vn 0.672118366 0.545215428 -0.500996113
vn 0.915332377 0.274719298 -0.294441879
vn 0.786197066 0.337705195 -0.517541647
vn 0.889150202 -0.379941672 -0.25506115
vn 0.971107602 -0.218262538 0.0964966342
vn 0.874857724 -0.477671325 -0.0803370103
vn 0.887348235 -0.456002951 -0.0683695301
vn 0.971107602 -0.218262538 0.0964966342
vn 0.928116083 -0.191305384 0.319378614
vn 0.287041485 0.956431627 -0.0533449575
vn 0.0475998856 0.998862326 -0.00287921424
vn 0.276980996 0.95175159 0.132100433
vn 0.0475998856 0.998862326 -0.00287921424
vn 0.0468486957 0.997360229 0.0554781854
vn 0.276980996 0.95175159 0.132100433
vn -0.264622658 -0.784343839 0.561052203
vn -0.0574059561 -0.788237214 0.612688065
vn -0.067197971 -0.971767247 0.226170093
vn -0.264622658 -0.784343839 0.561052203
vn -0.186040014 -0.738318324 0.648286402
vn -0.0574059561 -0.788237214 0.612688065
vn 0.00773273455 -0.00731232762 0.999943435
vn -0.000926732551 0.162249014 0.98674947
vn -0.0700510368 -0.160632417 0.984525323
vn -0.0193416849 0.537460804 0.843066871
vn -0.000926732551 0.162249014 0.98674947
vn 0.0348893553 0.404058784 0.914067388
vn -0.210276768 0.863940179 0.457592666
vn -0.317325622 0.803155839 0.5042274
vn -0.147348747 0.816078484 0.558841765
vn -0.286996871 0.787190616 0.545860648
vn -0.147348747 0.816078484 0.558841765
vn -0.317325622 0.803155839 0.5042274
vn -0.44475016 0.498508245 0.744101346
vn -0.28356865 0.302911222 0.909853578
vn -0.269859463 0.579030752 0.769349873
vn -0.44475016 0.498508245 0.744101346
vn -0.678143799 0.221948296 0.700614035
vn -0.28356865 0.302911222 0.909853578
vn 0.915332377 0.274719298 -0.294441879
vn 0.918346524 0.353776872 -0.177429989
vn 0.94126755 0.30347988 -0.148038626
vn 0.963211 0.24774079 -0.10415864
vn 0.95302546 0.273937672 -0.12923038
vn 0.94126755 0.30347988 -0.148038626
vn 0.0110788131 -0.299252421 0.954109669
vn -0.155639783 -0.597507 0.78661406
vn 0.10065192 -0.59465003 0.797659457
vn 0.0882561207 -0.0555426776 0.994548082
vn 0.0110788131 -0.299252421 0.954109669
vn 0.0979767889 -0.290736228 0.951773584
vn -0.371473849 -0.480910778 -0.794186413
vn -0.272766173 -0.761228025 -0.588328421
vn -0.582491755 -0.595099807 -0.553678095
vn -0.688862443 -0.58539629 -0.427527308
vn -0.549370229 -0.665887773 -0.504763246
vn -0.272766173 -0.761228025 -0.588328421
vn 0.172956064 -0.49121967 -0.853691697
vn 0.337385029 -0.56830442 -0.750467539
vn 0.38884002 -0.581612766 -0.714513898
vn 0.38884002 -0.581612766 -0.714513898
vn 0.337385029 -0.56830442 -0.750467539
vn 0.569092989 -0.598799467 -0.563535571
vn -0.0708033219 -0.922847807 -0.378600955
vn -0.0338853858 -0.980171382 -0.195232883
vn -0.0413013138 -0.976489723 -0.211570188
vn 0.0434855968 -0.850824237 -0.523647964
vn 0.0516627394 -0.96150738 -0.269879013
vn -0.0708033219 -0.922847807 -0.378600955
vn -0.394431919 0.254645437 -0.882937789
vn -0.225562826 0.115094125 -0.967406273
vn -0.380778193 -0.0713145137 -0.921912253
vn -0.222041249 -0.313033193 -0.92342186
vn -0.380778193 -0.0713145137 -0.921912253
vn -0.225562826 0.115094125 -0.967406273
vn 0.935574234 0.278795123 0.216734648
vn 0.98540169 0.135571897 0.102974474
vn 0.893758774 0.44533357 -0.0536020249
vn 0.917942762 0.000169909035 0.396712899
vn 0.988311708 0.0383421071 0.147546023
vn 0.98540169 0.135571897 0.102974474
vn 0.287403941 -0.538901091 -0.791823626
vn 0.446962565 -0.541156173 -0.712302327
vn 0.468704998 -0.622785032 -0.626461744
vn 0.287403941 -0.538901091 -0.791823626
vn 0.468704998 -0.622785032 -0.626461744
vn 0.337385029 -0.56830442 -0.750467539
vn 0.658843935 -0.5420174 0.52167207
vn 0.0868523717 -0.680727124 0.727370024
vn 0.0854023919 -0.710564256 0.6984303
vn 0.0868523717 -0.680727124 0.727370024
vn -0.0588405021 -0.715363264 0.696271002
vn 0.0854023919 -0.710564256 0.6984303
vn -0.943587422 0.3308222 0.014122433
vn -0.993262649 0.103156753 0.0528017096
vn -0.992339909 0.114369512 0.0467031822
vn -0.992030799 0.11845085 0.0429444872
vn -0.991537988 0.11682234 0.0566131957
vn -0.998444259 0.0195038542 0.0522358567
vn -0.26182723 0.661059797 -0.703168869
vn -0.210879847 0.581491113 -0.785746634
vn -0.186387733 0.572565377 -0.798391163
vn -0.210879847 0.581491113 -0.785746634
vn -0.223381072 0.58182621 -0.782035291
vn -0.219816297 0.566195667 -0.794420063
vn 0.0124123478 -0.98855257 0.150365427
vn 0.0383532755 -0.895483732 0.443438768
vn 0.0154884709 -0.903579354 0.4281407
vn -0.0673813298 -0.913363218 0.401531309
vn -0.182362929 -0.978280663 -0.0985427275
vn 0.0124123478 -0.98855257 0.150365427
vn -0.137907177 -0.847295463 0.5129053
vn -0.182138965 -0.736123323 0.651880324
vn -0.328008533 -0.770371854 0.546751857
vn -0.328008533 -0.770371854 0.546751857
vn -0.158273846 -0.920965672 0.356050074
vn -0.137907177 -0.847295463 0.5129053
vn -0.0412223898 0.359227836 -0.932339072
vn -0.0613340624 0.414128989 -0.908149421
vn -0.0357695557 0.584342718 -0.810718238
vn -0.200549737 0.709087372 -0.675999045
vn -0.0412223898 0.359227836 -0.932339072
vn -0.0357695557 0.584342718 -0.810718238
vn -0.409519702 0.717326343 -0.563681304
vn -0.865036368 0.438337803 -0.244074032
vn -0.608699977 0.739801109 -0.286668122
vn -0.382024616 0.914789319 -0.131215915
vn -0.409519702 0.717326343 -0.563681304
vn -0.608699977 0.739801109 -0.286668122
vn 0.67075783 -0.556245327 -0.49058643
vn 0.73284781 -0.564175487 -0.380315632
vn 0.96425879 -0.256284148 -0.0672569573
vn 0.928057015 -0.287919343 -0.236247435
vn 0.989773989 -0.140095472 -0.0268463623
vn 0.868154585 -0.432739347 -0.242990315
vn -0.132700428 0.367562741 -0.920482576
vn -0.151763096 0.344977111 -0.92626065
vn -0.0602284223 0.146381497 -0.987393022
vn -0.186387733 0.572565377 -0.798391163
vn -0.210879847 0.581491113 -0.785746634
vn -0.219816297 0.566195667 -0.794420063
vn -0.193610549 -0.757919312 -0.622955322
vn -0.130034372 -0.882585287 -0.451812238
vn -0.258007586 -0.81862396 -0.51311475
vn -0.193610549 -0.757919312 -0.622955322
vn -0.0894700959 -0.901171386 -0.42412892
vn -0.130034372 -0.882585287 -0.451812238
vn -0.18830128 0.420913607 -0.887341201
vn -0.19388254 -0.0149944546 -0.980910063
vn -0.212838337 -0.0541743524 -0.975584388
vn -0.175660789 -0.610184669 -0.772539973
vn -0.212838337 -0.0541743524 -0.975584388
vn -0.19388254 -0.0149944546 -0.980910063
vn -0.993266046 0.115771502 -0.00442110701
vn -0.945450425 -0.0624436624 -0.319725245
vn -0.98000747 -0.102756657 -0.170371756
vn -0.945450425 -0.0624436624 -0.319725245
vn -0.582491755 -0.595099807 -0.553678095
vn -0.98000747 -0.102756657 -0.170371756
vn 0.656266034 0.390669584 0.645516872
vn 0.757443666 0.357397765 0.546393573
vn 0.888247073 0.187389895 0.419406891
vn 0.480830431 0.641738892 0.597472429
vn 0.656266034 0.390669584 0.645516872
vn 0.888247073 0.187389895 0.419406891
vn -0.17586109 0.545883596 -0.819197118
vn -0.200549737 0.709087372 -0.675999045
vn -0.278366983 0.715548515 -0.640704393
vn -0.200549737 0.709087372 -0.675999045
vn -0.17586109 0.545883596 -0.819197118
vn -0.0412223898 0.359227836 -0.932339072
vn -0.0516279936 0.952547193 -0.2999807
vn -0.0742812902 0.833879888 -0.54692471
vn -0.158472046 0.980102718 -0.119520821
vn -0.0742812902 0.833879888 -0.54692471
vn -0.0516279936 0.952547193 -0.2999807
vn 0.00379561121 0.916679144 -0.399606079
vn 0.548896372 -0.706582665 -0.446602464
vn 0.67075783 -0.556245327 -0.49058643
vn 0.652892292 -0.596019804 -0.467431307
vn 0.652892292 -0.596019804 -0.467431307
vn 0.67075783 -0.556245327 -0.49058643
vn 0.928057015 -0.287919343 -0.236247435
vn -0.173766494 -0.739736795 0.650072873
vn -0.0144972503 -0.656920373 0.753820598
vn -0.186040014 -0.738318324 0.648286402
vn -0.070411332 -0.202515796 0.976744413
vn -0.0144972503 -0.656920373 0.753820598
vn -0.219391525 -0.60548389 0.765020609
vn 0.0635950789 0.0813675448 0.994653225
vn 0.0785000026 -0.0675140917 0.99462533
vn 0.0996524692 -0.0775615498 0.991994739
vn 0.179658979 0.366763532 0.912801743
vn 0.0348893553 0.404058784 0.914067388
vn 0.0635950789 0.0813675448 0.994653225
vn -0.991985738 0.123971343 0.0244037658
vn -0.99364084 0.108540699 0.0299463309
vn -0.992921591 0.112255991 0.0387975983
vn -0.99364084 0.108540699 0.0299463309
vn -0.991985738 0.123971343 0.0244037658
vn -0.943667352 -0.254367173 0.211635008
vn -0.22150819 0.804641724 0.550895512
vn -0.217711508 0.791297495 0.571357965
vn -0.206108153 0.81826216 0.536625147
vn -0.227417916 0.824709833 0.517817259
vn -0.206108153 0.81826216 0.536625147
vn -0.217711508 0.791297495 0.571357965
vn 0.0124962032 -0.99914372 -0.0394439213
vn 0.0156242214 -0.980220556 0.197290733
vn 0.0124123478 -0.98855257 0.150365427
vn 0.0124962032 -0.99914372 -0.0394439213
vn -0.00256519089 -0.98953855 0.144245207
vn 0.0156242214 -0.980220556 0.197290733
vn -0.992921591 0.112255991 0.0387975983
vn -0.991537988 0.11682234 0.0566131957
vn -0.992030799 0.11845085 0.0429444872
vn -0.992339909 0.114369512 0.0467031822
vn -0.993262649 0.103156753 0.0528017096
vn -0.992921591 0.112255991 0.0387975983
vn -0.00465260586 0.999777377 -0.0205787644
vn 0.0229633562 0.997145057 0.071933642
vn 0.0306568854 0.993871272 0.106207408
vn 0.0306568854 0.993871272 0.106207408
vn 0.0229633562 0.997145057 0.071933642
vn 0.0300658997 0.95588994 0.292182177
vn 0.179658979 0.366763532 0.912801743
vn 0.193058372 -0.0197043959 0.980989397
vn 0.307309657 0.0617893748 0.949601352
vn 0.179658979 0.366763532 0.912801743
vn 0.0635950789 0.0813675448 0.994653225
vn 0.193058372 -0.0197043959 0.980989397
vn -0.992617428 0.116021529 0.0353505947
vn -0.991537988 0.11682234 0.0566131957
vn -0.993262649 0.103156753 0.0528017096
vn -0.991537988 0.11682234 0.0566131957
vn -0.992921591 0.112255991 0.0387975983
vn -0.993262649 0.103156753 0.0528017096
vn -0.016168775 0.771807909 -0.635650218
vn -0.0742812902 0.833879888 -0.54692471
vn 0.00379561121 0.916679144 -0.399606079
vn 0.00529280724 0.839223206 -0.543761373
vn -0.016168775 0.771807909 -0.635650218
vn 0.00379561121 0.916679144 -0.399606079
vn -0.227417916 0.824709833 0.517817259
vn -0.243823171 0.777166009 0.580140591
vn -0.31638065 0.79707855 0.514362812
vn -0.272067368 0.830661833 0.485778034
vn -0.22529839 0.850770593 0.474794656
vn -0.227417916 0.824709833 0.517817259
vn 0.949585736 -0.309809059 0.0480130464
vn 0.96425879 -0.256284148 -0.0672569573
vn 0.73284781 -0.564175487 -0.380315632
vn 0.887348235 -0.456002951 -0.0683695301
vn 0.949585736 -0.309809059 0.0480130464
vn 0.73284781 -0.564175487 -0.380315632
vn -0.184204414 0.629516602 -0.754836142
vn -0.235715687 0.723330796 -0.649022698
vn -0.26182723 0.661059797 -0.703168869
vn -0.331616074 0.764734209 -0.552460134
vn -0.235715687 0.723330796 -0.649022698
vn -0.184204414 0.629516602 -0.754836142
vn 0.150073707 -0.450271875 0.88018924
vn 0.171051323 -0.215564162 0.961391389
vn 0.156244621 -0.30510217 0.939414799
vn 0.171051323 -0.215564162 0.961391389
vn 0.162895679 -0.345646411 0.924117744
vn 0.45890981 -0.178213999 0.870426118
vn -0.827093124 0.54964745 0.117492884
vn -0.650996506 0.660343587 0.374366105
vn -0.541575432 0.768896282 0.339844733
vn -0.827093124 0.54964745 0.117492884
vn -0.541575432 0.768896282 0.339844733
vn -0.637247384 0.767271161 0.0721860826
vn 0.00724277738 0.895996928 -0.444001138
vn 0.0137094175 0.894111812 -0.447633892
vn 0.000170917425 0.989525855 -0.144355834
vn 0.0137094175 0.894111812 -0.447633892
vn 0.00379561121 0.916679144 -0.399606079
vn 0.000170917425 0.989525855 -0.144355834
vn 0.832692266 0.400837332 0.382038176
vn 0.454178095 0.72644347 0.515754044
vn 0.480830431 0.641738892 0.597472429
vn 0.0668937862 0.742600501 0.666385531
vn 0.480830431 0.641738892 0.597472429
vn 0.454178095 0.72644347 0.515754044
vn -0.196382374 0.73102653 -0.653478563
vn -0.206275776 0.860317707 -0.466158479
vn -0.142095894 0.787861884 -0.599234879
vn -0.196382374 0.73102653 -0.653478563
vn -0.292499006 0.826819479 -0.48043111
vn -0.206275776 0.860317707 -0.466158479
vn 0.949585736 -0.309809059 0.0480130464
vn 0.940762758 -0.0887570754 0.327242464
vn 0.96425879 -0.256284148 -0.0672569573
vn 0.925456703 -0.0523337387 0.375221282
vn 0.990398169 0.0927558616 0.1025078
vn 0.955638766 -0.0320949256 0.292787552
vn 0.0876554996 -0.385403246 -0.918575525
vn 0.172956064 -0.49121967 -0.853691697
vn 0.0685465634 -0.503408015 -0.861325502
vn 0.123444982 -0.586490571 -0.800493658
vn 0.172956064 -0.49121967 -0.853691697
vn 0.380499482 -0.560804248 -0.735335767
vn -0.151058599 0.927191317 0.342779249
vn -0.272067368 0.830661833 0.485778034
vn -0.210276768 0.863940179 0.457592666
vn -0.151058599 0.927191317 0.342779249
vn -0.0873072445 0.915409267 0.392941892
vn -0.0705714375 0.960024238 0.270874649
vn -0.0500063337 -0.749322414 0.660314381
vn -0.366790712 -0.774859786 0.514836788
vn -0.0520066768 -0.754401207 0.654350042
vn -0.0500063337 -0.749322414 0.660314381
vn -0.608995795 -0.549869239 0.571636319
vn -0.366790712 -0.774859786 0.514836788
vn 0.0194511879 -0.971438944 0.236491427
vn 0.0293394458 -0.998406708 -0.0482003577
vn 0.0325971842 -0.980513334 0.193729505
vn 0.0194511879 -0.971438944 0.236491427
vn 0.0325971842 -0.980513334 0.193729505
vn 0.0958709642 -0.861455381 0.498701632
vn -0.541575432 0.768896282 0.339844733
vn -0.245068625 0.852030635 0.462585241
vn -0.459252834 0.881769896 0.107557982
vn -0.459252834 0.881769896 0.107557982
vn -0.245068625 0.852030635 0.462585241
vn -0.258538842 0.965533316 0.0300507937
vn -0.0924514234 -0.728634 -0.678634822
vn 0.12022952 -0.75673002 -0.642576516
vn -0.0988865867 -0.819486916 -0.56450206
vn -0.0988865867 -0.819486916 -0.56450206
vn -0.137306556 -0.776121438 -0.615453064
vn -0.0924514234 -0.728634 -0.678634822
vn 0.011370888 0.999729156 0.0203047041
vn -0.0142032085 0.944661796 0.327738285
vn 0.0105440207 0.937526882 0.34775278
vn 0.0105440207 0.937526882 0.34775278
vn -0.0142032085 0.944661796 0.327738285
vn 0.034140341 0.80324924 0.594663858
vn -0.688862443 -0.58539629 -0.427527308
vn -0.272766173 -0.761228025 -0.588328421
vn -0.562883377 -0.814563334 -0.140174702
vn -0.870975435 -0.4882873 -0.0545641296
vn -0.98000747 -0.102756657 -0.170371756
vn -0.95732975 -0.194975704 -0.213317111
vn 0.976547182 0.0686921701 0.204051226
vn 0.97318244 0.0763875991 0.216981366
vn 0.988685429 0.148746103 0.0193875842
vn 0.988685429 0.148746103 0.0193875842
vn 0.96455878 0.115491226 0.237251446
vn 0.960942507 0.113775998 0.252278656
vn 0.69660145 -0.709820628 -0.104408994
vn 0.989773989 -0.140095472 -0.0268463623
vn 0.94196552 -0.326300442 0.0789245069
vn 0.94196552 -0.326300442 0.0789245069
vn 0.566767454 -0.798982382 0.201001853
vn 0.69660145 -0.709820628 -0.104408994
vn 0.0224054437 -0.0267217606 0.999391794
vn -0.0700510368 -0.160632417 0.984525323
vn 0.0275545716 -0.0106398687 0.999563754
vn 0.0275545716 -0.0106398687 0.999563754
vn -0.0700510368 -0.160632417 0.984525323
vn 0.0110788131 -0.299252421 0.954109669
vn -0.00413745129 -0.997226179 -0.074315615
vn -0.0106646027 -0.999808848 -0.0163863264
vn -0.0226127524 -0.996241331 0.0836171955
vn -0.0226127524 -0.996241331 0.0836171955
vn -0.0106646027 -0.999808848 -0.0163863264
vn -0.0354314372 -0.998419702 0.0436185673
vn 0.867050588 0.0239227433 0.497645468
vn 0.96455878 0.115491226 0.237251446
vn 0.97318244 0.0763875991 0.216981366
vn 0.988685429 0.148746103 0.0193875842
vn 0.97318244 0.0763875991 0.216981366
vn 0.96455878 0.115491226 0.237251446
vn -0.394431919 0.254645437 -0.882937789
vn -0.1915932 0.570101738 -0.798921764
vn -0.18830128 0.420913607 -0.887341201
vn -0.864474714 0.0798894167 -0.496287256
vn -0.596256077 0.248926401 -0.763226151
vn -0.63826561 -0.0484150164 -0.768292308
vn -0.151058599 0.927191317 0.342779249
vn -0.210276768 0.863940179 0.457592666
vn -0.0873072445 0.915409267 0.392941892
vn -0.147348747 0.816078484 0.558841765
vn -0.0873072445 0.915409267 0.392941892
vn -0.210276768 0.863940179 0.457592666
vn 0.0685465634 -0.503408015 -0.861325502
vn 0.172956064 -0.49121967 -0.853691697
vn 0.123444982 -0.586490571 -0.800493658
vn 0.0685465634 -0.503408015 -0.861325502
vn 0.123444982 -0.586490571 -0.800493658
vn -0.0166504327 -0.657837868 -0.752975464
vn -0.0297996625 -0.989185214 -0.143612772
vn -0.0106646027 -0.999808848 -0.0163863264
vn -0.00413745129 -0.997226179 -0.074315615
vn -0.089289397 -0.912792325 -0.398544282
vn -0.0297996625 -0.989185214 -0.143612772
vn -0.00413745129 -0.997226179 -0.074315615
vn 0.193058372 -0.0197043959 0.980989397
vn 0.0635950789 0.0813675448 0.994653225
vn 0.0996524692 -0.0775615498 0.991994739
vn 0.0996524692 -0.0775615498 0.991994739
vn 0.189360306 -0.114749201 0.975179672
vn 0.193058372 -0.0197043959 0.980989397
vn 0.0725633651 -0.817356288 0.571544588
vn 0.0389601998 -0.793105781 0.607836604
vn -0.0261316132 -0.947682858 0.318141848
vn 0.0854023919 -0.710564256 0.6984303
vn 0.0389601998 -0.793105781 0.607836604
vn 0.0725633651 -0.817356288 0.571544588
vn -0.0705714375 0.960024238 0.270874649
vn -0.0598159693 0.853262007 0.518040657
vn -0.0142032085 0.944661796 0.327738285
vn -0.0873072445 0.915409267 0.392941892
vn -0.0598159693 0.853262007 0.518040657
vn -0.0705714375 0.960024238 0.270874649
vn 0.0122218952 0.696953297 -0.717012286
vn -0.016168775 0.771807909 -0.635650218
vn 0.00529280724 0.839223206 -0.543761373
vn 0.00529280724 0.839223206 -0.543761373
vn -0.00763739878 0.85023427 -0.526349127
vn 0.0122218952 0.696953297 -0.717012286
vn -0.123414233 0.205228761 -0.970901728
vn -0.0602284223 0.146381497 -0.987393022
vn -0.108333237 -0.167835727 -0.979844451
vn -0.0602284223 0.146381497 -0.987393022
vn -0.0346588977 -0.251571 -0.967218041
vn -0.108333237 -0.167835727 -0.979844451
vn -0.688862443 -0.58539629 -0.427527308
vn -0.562883377 -0.814563334 -0.140174702
vn -0.870975435 -0.4882873 -0.0545641296
vn -0.562883377 -0.814563334 -0.140174702
vn -0.677774906 -0.662792504 0.318319499
vn -0.870975435 -0.4882873 -0.0545641296
vn 0.0668937862 0.742600501 0.666385531
vn 0.0528211817 0.746558368 0.66321981
vn 0.0464692488 0.72264725 0.689653099
vn 0.454178095 0.72644347 0.515754044
vn 0.0528211817 0.746558368 0.66321981
vn 0.0668937862 0.742600501 0.666385531
vn -0.0574059561 -0.788237214 0.612688065
vn 0.027282076 -0.872915626 0.487107843
vn -0.067197971 -0.971767247 0.226170093
vn -0.00256519089 -0.98953855 0.144245207
vn -0.00413745129 -0.997226179 -0.074315615
vn -0.067197971 -0.971767247 0.226170093
vn -0.307759434 0.0624813177 0.949410439
vn -0.782628179 -0.154328808 0.603055358
vn -0.237929359 -0.280827016 0.929798841
vn -0.307759434 0.0624813177 0.949410439
vn -0.237929359 -0.280827016 0.929798841
vn -0.147393301 0.0893089548 0.985037625
vn -0.44778797 0.803488553 -0.392291069
vn -0.543703735 0.804694474 -0.238438904
vn -0.518700421 0.837881505 -0.170012638
vn -0.57972753 0.801933944 -0.144284666
vn -0.585020185 0.799696982 -0.135040596
vn -0.518700421 0.837881505 -0.170012638
vn -0.0831811056 0.199407905 -0.976379812
vn 0.0577915348 0.069156006 -0.995930493
vn 0.0399064124 -0.154494807 -0.987187326
vn -0.00963668898 0.376340538 -0.926431358
vn -0.195659444 0.47118029 -0.860061944
vn 0.105049595 0.595489979 -0.79646492
vn -0.160225436 0.584736645 -0.795242548
vn -0.147840306 0.607575059 -0.780381799
vn -0.184204414 0.629516602 -0.754836142
vn -0.147840306 0.607575059 -0.780381799
vn -0.331616074 0.764734209 -0.552460134
vn -0.184204414 0.629516602 -0.754836142
vn 0.00773273455 -0.00731232762 0.999943435
vn -0.0700510368 -0.160632417 0.984525323
vn 0.0224054437 -0.0267217606 0.999391794
vn 0.0635950789 0.0813675448 0.994653225
vn 0.00773273455 -0.00731232762 0.999943435
vn 0.0224054437 -0.0267217606 0.999391794
vn 0.668104053 0.627492726 -0.399862289
vn 0.918346524 0.353776872 -0.177429989
vn 0.915332377 0.274719298 -0.294441879
vn 0.668104053 0.627492726 -0.399862289
vn 0.64468503 0.677104414 -0.354839176
vn 0.918346524 0.353776872 -0.177429989
vn 0.558621287 -0.660215199 -0.502053916
vn 0.653178871 -0.617235482 -0.438608885
vn 0.631052136 -0.643478155 -0.433254153
vn 0.653178871 -0.617235482 -0.438608885
vn 0.874857724 -0.477671325 -0.0803370103
vn 0.631052136 -0.643478155 -0.433254153
vn -0.0210962836 0.999629796 -0.0171805844
vn -0.103750639 0.993620694 0.0442009345
vn -0.0521062687 0.989731252 0.133104816
vn -0.103750639 0.993620694 0.0442009345
vn -0.156286463 0.944679081 0.288367808
vn -0.0521062687 0.989731252 0.133104816
vn -0.123782836 0.517605901 -0.846617937
vn -0.147840306 0.607575059 -0.780381799
vn -0.160225436 0.584736645 -0.795242548
vn -0.156832993 0.254644781 -0.954232454
vn -0.123782836 0.517605901 -0.846617937
vn -0.147458866 0.526611686 -0.837219238
vn -0.070411332 -0.202515796 0.976744413
vn 0.0240819845 -0.1990574 0.979691923
vn -0.0144972503 -0.656920373 0.753820598
vn -0.0509707369 0.186630875 0.981106997
vn 0.0240819845 -0.1990574 0.979691923
vn -0.070411332 -0.202515796 0.976744413
vn 0.867050588 0.0239227433 0.497645468
vn 0.413520306 0.316171795 0.853836238
vn 0.630293548 0.0030125035 0.776351035
vn 0.867050588 0.0239227433 0.497645468
vn 0.630293548 0.0030125035 0.776351035
vn 0.96455878 0.115491226 0.237251446
vn 0.386349976 0.843225598 0.373770565
vn 0.705182076 0.627631783 0.329843134
vn 0.516522884 0.841030061 0.160849124
vn 0.386349976 0.843225598 0.373770565
vn 0.454178095 0.72644347 0.515754044
vn 0.705182076 0.627631783 0.329843134
vn 0.971107602 -0.218262538 0.0964966342
vn 0.887348235 -0.456002951 -0.0683695301
vn 0.874857724 -0.477671325 -0.0803370103
vn 0.631052136 -0.643478155 -0.433254153
vn 0.874857724 -0.477671325 -0.0803370103
vn 0.887348235 -0.456002951 -0.0683695301
vn 0.724167228 0.148108453 -0.673532248
vn 0.915332377 0.274719298 -0.294441879
vn 0.905303001 0.0908354595 -0.414940357
vn 0.915332377 0.274719298 -0.294441879
vn 0.94126755 0.30347988 -0.148038626
vn 0.95302546 0.273937672 -0.12923038
vn 0.0514117852 0.930125654 -0.36362493
vn -0.124780037 0.794821441 -0.593876064
vn -0.22464627 0.889737844 -0.397367239
vn -0.124780037 0.794821441 -0.593876064
vn 0.0442446657 0.824856281 -0.563608527
vn 0.0623739101 0.769923329 -0.635080695
vn -0.76138097 0.458066314 -0.458774775
vn -0.865036368 0.438337803 -0.244074032
vn -0.403412789 0.659995854 -0.633769393
vn -0.371119291 0.531815767 -0.761211097
vn -0.76138097 0.458066314 -0.458774775
vn -0.403412789 0.659995854 -0.633769393
vn -0.0903290659 0.500251651 0.86115551
vn -0.0164486133 0.346689999 0.937835515
vn -0.0342755951 0.697717726 0.71555239
vn -0.243823171 0.777166009 0.580140591
vn -0.169442207 0.578379214 0.797976732
vn -0.15262334 0.752027035 0.641218722
vn -0.0988865867 -0.819486916 -0.56450206
vn 0.12022952 -0.75673002 -0.642576516
vn 0.0434855968 -0.850824237 -0.523647964
vn 0.12022952 -0.75673002 -0.642576516
vn 0.213208407 -0.868995965 -0.446529061
vn 0.0434855968 -0.850824237 -0.523647964
vn 0.0136905592 -0.717999697 0.695908844
vn -0.0144972503 -0.656920373 0.753820598
vn 0.0620428883 -0.577451527 0.814064145
vn 0.0620428883 -0.577451527 0.814064145
vn -0.0144972503 -0.656920373 0.753820598
vn 0.0240819845 -0.1990574 0.979691923
vn -0.46511212 0.819452405 -0.334915519
vn -0.353200704 0.801260293 -0.482940137
vn -0.245727599 0.778974533 -0.576902568
vn -0.501513422 0.824057162 -0.263465375
vn -0.245727599 0.778974533 -0.576902568
vn -0.434091061 0.815346062 -0.383113235
vn -0.156832993 0.254644781 -0.954232454
vn -0.123414233 0.205228761 -0.970901728
vn -0.108333237 -0.167835727 -0.979844451
vn -0.156832993 0.254644781 -0.954232454
vn -0.147458866 0.526611686 -0.837219238
vn -0.125390306 0.365370125 -0.92237848
vn 0.0775701404 0.658329308 0.748722553
vn 0.179658979 0.366763532 0.912801743
vn 0.480830431 0.641738892 0.597472429
vn 0.0348893553 0.404058784 0.914067388
vn 0.179658979 0.366763532 0.912801743
vn 0.0775701404 0.658329308 0.748722553
vn 0.172945291 0.928793132 -0.327770293
vn 0.183184415 0.908423543 -0.37577951
vn 0.0514117852 0.930125654 -0.36362493
vn 0.0442446657 0.824856281 -0.563608527
vn -0.124780037 0.794821441 -0.593876064
vn 0.0514117852 0.930125654 -0.36362493
vn -0.992339909 0.114369512 0.0467031822
vn -0.907985032 0.255805165 0.331853807
vn -0.948974907 0.272933841 0.157967478
vn -0.948974907 0.272933841 0.157967478
vn -0.943587422 0.3308222 0.014122433
vn -0.992339909 0.114369512 0.0467031822
vn -0.353200704 0.801260293 -0.482940137
vn -0.127702653 0.717540562 -0.684709847
vn -0.245727599 0.778974533 -0.576902568
vn -0.303223222 0.800465345 -0.51702112
vn -0.00778637873 0.655107796 -0.75549531
vn -0.127702653 0.717540562 -0.684709847
vn -0.0804508701 -0.904935658 -0.417874694
vn -0.0760402232 -0.932728708 -0.352469981
vn -0.0243453998 -0.980459929 -0.195206732
vn -0.0804508701 -0.904935658 -0.417874694
vn -0.0243453998 -0.980459929 -0.195206732
vn -0.0297996625 -0.989185214 -0.143612772
vn -0.0673813298 -0.913363218 0.401531309
vn 0.0124123478 -0.98855257 0.150365427
vn 0.0154884709 -0.903579354 0.4281407
vn 0.0154884709 -0.903579354 0.4281407
vn 0.0244293474 -0.777096391 0.628907263
vn -0.0673813298 -0.913363218 0.401531309
vn 0.337385029 -0.56830442 -0.750467539
vn 0.550290227 -0.64924407 -0.525036097
vn 0.569092989 -0.598799467 -0.563535571
vn 0.569092989 -0.598799467 -0.563535571
vn 0.585879266 -0.632860959 -0.506194055
vn 0.639683306 -0.556270003 -0.530442178
vn 0.940762758 -0.0887570754 0.327242464
vn 0.955638766 -0.0320949256 0.292787552
vn 0.96425879 -0.256284148 -0.0672569573
vn 0.917682767 -0.111362137 0.381387919
vn 0.955638766 -0.0320949256 0.292787552
vn 0.940762758 -0.0887570754 0.327242464
vn 0.963211 0.24774079 -0.10415864
vn 0.987220347 0.0777762607 0.139092699
vn 0.95302546 0.273937672 -0.12923038
vn 0.987220347 0.0777762607 0.139092699
vn 0.963211 0.24774079 -0.10415864
vn 0.98540169 0.135571897 0.102974474
vn -0.125390306 0.365370125 -0.92237848
vn -0.0602284223 0.146381497 -0.987393022
vn -0.123414233 0.205228761 -0.970901728
vn -0.125390306 0.365370125 -0.92237848
vn -0.123414233 0.205228761 -0.970901728
vn -0.156832993 0.254644781 -0.954232454
vn -0.421771914 -0.901998818 -0.0922309011
vn -0.182362929 -0.978280663 -0.0985427275
vn -0.363805175 -0.868157506 0.337562352
vn -0.562883377 -0.814563334 -0.140174702
vn -0.258007586 -0.81862396 -0.51311475
vn -0.421771914 -0.901998818 -0.0922309011
vn -0.0975544304 0.967981279 -0.231290668
vn -0.00763739878 0.85023427 -0.526349127
vn -0.00843188632 0.964604914 -0.263564587
vn -0.00843188632 0.964604914 -0.263564587
vn 0.00724277738 0.895996928 -0.444001138
vn 0.0107139191 0.978175938 -0.20750165
vn 0.585879266 -0.632860959 -0.506194055
vn 0.550290227 -0.64924407 -0.525036097
vn 0.631052136 -0.643478155 -0.433254153
vn 0.569092989 -0.598799467 -0.563535571
vn 0.550290227 -0.64924407 -0.525036097
vn 0.585879266 -0.632860959 -0.506194055
vn 0.413520306 0.316171795 0.853836238
vn 0.776927173 0.284865797 0.561458528
vn 0.275109679 0.623970628 0.73142004
vn 0.179658979 0.366763532 0.912801743
vn 0.413520306 0.316171795 0.853836238
vn 0.275109679 0.623970628 0.73142004
vn -0.182138965 -0.736123323 0.651880324
vn -0.321350276 -0.732315183 0.600373685
vn -0.328008533 -0.770371854 0.546751857
vn 0.10065192 -0.59465003 0.797659457
vn -0.155639783 -0.597507 0.78661406
vn -0.0588405021 -0.715363264 0.696271002
vn -0.258007586 -0.81862396 -0.51311475
vn -0.130034372 -0.882585287 -0.451812238
vn -0.182362929 -0.978280663 -0.0985427275
vn -0.421771914 -0.901998818 -0.0922309011
vn -0.258007586 -0.81862396 -0.51311475
vn -0.182362929 -0.978280663 -0.0985427275
vn -0.00256519089 -0.98953855 0.144245207
vn -0.067197971 -0.971767247 0.226170093
vn 0.027282076 -0.872915626 0.487107843
vn -0.00256519089 -0.98953855 0.144245207
vn 0.027282076 -0.872915626 0.487107843
vn 0.0289110616 -0.916837871 0.39821142
vn -0.00763739878 0.85023427 -0.526349127
vn 0.00529280724 0.839223206 -0.543761373
vn 0.00724277738 0.895996928 -0.444001138
vn -0.00763739878 0.85023427 -0.526349127
vn 0.00724277738 0.895996928 -0.444001138
vn -0.00843188632 0.964604914 -0.263564587
vn -0.463048398 0.796324551 -0.389169872
vn -0.353200704 0.801260293 -0.482940137
vn -0.513457716 0.803926528 -0.300105453
vn -0.4466483 0.745110095 -0.495294183
vn -0.448921531 0.748148978 -0.48861286
vn -0.513457716 0.803926528 -0.300105453
vn 0.150073707 -0.450271875 0.88018924
vn 0.156244621 -0.30510217 0.939414799
vn 0.10065192 -0.59465003 0.797659457
vn 0.0110788131 -0.299252421 0.954109669
vn 0.10065192 -0.59465003 0.797659457
vn 0.0979767889 -0.290736228 0.951773584
vn 0.832692266 0.400837332 0.382038176
vn 0.888247073 0.187389895 0.419406891
vn 0.917942762 0.000169909035 0.396712899
vn 0.917942762 0.000169909035 0.396712899
vn 0.98540169 0.135571897 0.102974474
vn 0.935574234 0.278795123 0.216734648
vn -0.174340963 -0.638192952 -0.749876618
vn -0.141033217 -0.754803956 -0.640609503
vn -0.0894700959 -0.901171386 -0.42412892
vn -0.141033217 -0.754803956 -0.640609503
vn -0.137306556 -0.776121438 -0.615453064
vn -0.0915281028 -0.908891976 -0.4068636
vn -0.984809697 0.127614707 -0.11774645
vn -0.812450349 0.353651524 -0.463524699
vn -0.864474714 0.0798894167 -0.496287256
vn -0.812450349 0.353651524 -0.463524699
vn -0.984809697 0.127614707 -0.11774645
vn -0.993266046 0.115771502 -0.00442110701
vn -0.227929443 0.586491585 -0.77722311
vn -0.223381072 0.58182621 -0.782035291
vn -0.304801375 0.661240578 -0.685461164
vn -0.219816297 0.566195667 -0.794420063
vn -0.223381072 0.58182621 -0.782035291
vn -0.227929443 0.586491585 -0.77722311
vn -0.0210962836 0.999629796 -0.0171805844
vn -0.0308688581 0.992235422 0.120482437
vn 0.00429204339 0.999076605 -0.0427491181
vn 0.00724277738 0.895996928 -0.444001138
vn 0.000170917425 0.989525855 -0.144355834
vn 0.0107139191 0.978175938 -0.20750165
vn -0.147841334 0.591809094 -0.792404532
vn -0.0753855333 0.588295579 -0.805124342
vn -0.144432828 0.462930679 -0.874548078
vn -0.147841334 0.591809094 -0.792404532
vn -0.0760629699 0.649504304 -0.756543815
vn -0.0753855333 0.588295579 -0.805124342
vn -0.169442207 0.578379214 0.797976732
vn -0.243823171 0.777166009 0.580140591
vn -0.217711508 0.791297495 0.571357965
vn -0.227417916 0.824709833 0.517817259
vn -0.217711508 0.791297495 0.571357965
vn -0.243823171 0.777166009 0.580140591
vn 0.548896372 -0.706582665 -0.446602464
vn 0.598565757 -0.707982183 -0.37480697
vn 0.442134082 -0.846714139 -0.295960724
vn 0.598565757 -0.707982183 -0.37480697
vn 0.69660145 -0.709820628 -0.104408994
vn 0.442134082 -0.846714139 -0.295960724
vn 0.832692266 0.400837332 0.382038176
vn 0.917942762 0.000169909035 0.396712899
vn 0.935574234 0.278795123 0.216734648
vn 0.935574234 0.278795123 0.216734648
vn 0.791172683 0.565349042 0.233294517
vn 0.832692266 0.400837332 0.382038176
vn -0.585020185 0.799696982 -0.135040596
vn -0.434091061 0.815346062 -0.383113235
vn -0.401266783 0.869425058 -0.288244933
vn -0.501513422 0.824057162 -0.263465375
vn -0.434091061 0.815346062 -0.383113235
vn -0.585020185 0.799696982 -0.135040596
vn -0.00465260586 0.999777377 -0.0205787644
vn 0.011370888 0.999729156 0.0203047041
vn 0.0229633562 0.997145057 0.071933642
vn -0.00465260586 0.999777377 -0.0205787644
vn 0.0174757317 0.995315671 -0.0950866491
vn 0.011370888 0.999729156 0.0203047041
vn -0.0613340624 0.414128989 -0.908149421
vn -0.19388254 -0.0149944546 -0.980910063
vn -0.144432828 0.462930679 -0.874548078
vn -0.0753855333 0.588295579 -0.805124342
vn -0.0613340624 0.414128989 -0.908149421
vn -0.144432828 0.462930679 -0.874548078
vn 0.075459376 -0.988243103 0.132972002
vn 0.172631294 -0.975005627 -0.139865816
vn 0.28790012 -0.951974571 -0.104201891
vn 0.172631294 -0.975005627 -0.139865816
vn 0.442134082 -0.846714139 -0.295960724
vn 0.28790012 -0.951974571 -0.104201891
vn -0.0894700959 -0.901171386 -0.42412892
vn -0.141033217 -0.754803956 -0.640609503
vn -0.089289397 -0.912792325 -0.398544282
vn -0.0894700959 -0.901171386 -0.42412892
vn -0.089289397 -0.912792325 -0.398544282
vn -0.00413745129 -0.997226179 -0.074315615
vn -0.4466483 0.745110095 -0.495294183
vn -0.513457716 0.803926528 -0.300105453
vn -0.44778797 0.803488553 -0.392291069
vn -0.319305718 0.746438205 -0.583844066
vn -0.4466483 0.745110095 -0.495294183
vn -0.44778797 0.803488553 -0.392291069
vn 0.925456703 -0.0523337387 0.375221282
vn 0.976547182 0.0686921701 0.204051226
vn 0.990398169 0.0927558616 0.1025078
vn 0.888247073 0.187389895 0.419406891
vn 0.757443666 0.357397765 0.546393573
vn 0.925456703 -0.0523337387 0.375221282
vn 0.00429204339 0.999076605 -0.0427491181
vn 0.011370888 0.999729156 0.0203047041
vn 0.0174757317 0.995315671 -0.0950866491
vn 0.0107139191 0.978175938 -0.20750165
vn 0.000170917425 0.989525855 -0.144355834
vn 0.00429204339 0.999076605 -0.0427491181
vn -0.156832993 0.254644781 -0.954232454
vn -0.120161533 0.252416641 -0.960128665
vn -0.17586109 0.545883596 -0.819197118
vn -0.0412223898 0.359227836 -0.932339072
vn -0.17586109 0.545883596 -0.819197118
vn -0.120161533 0.252416641 -0.960128665
vn 0.0516627394 -0.96150738 -0.269879013
vn 0.167999208 -0.97409308 -0.151390329
vn 0.0293394458 -0.998406708 -0.0482003577
vn 0.167999208 -0.97409308 -0.151390329
vn 0.172631294 -0.975005627 -0.139865816
vn 0.0293394458 -0.998406708 -0.0482003577
vn -0.0135998931 0.761109173 0.64848125
vn 0.0224570893 0.649895906 0.759691358
vn 0.0154401278 0.744443774 0.667506576
vn 0.0464692488 0.72264725 0.689653099
vn 0.0528211817 0.746558368 0.66321981
vn 0.0154401278 0.744443774 0.667506576
vn 0.115833439 -0.642980278 0.757072687
vn 0.696241081 -0.463624001 0.547997296
vn 0.601163387 -0.35045141 0.718182683
vn 0.601163387 -0.35045141 0.718182683
vn 0.114178941 -0.621547759 0.775010705
vn 0.115833439 -0.642980278 0.757072687
vn -0.272067368 0.830661833 0.485778034
vn -0.31638065 0.79707855 0.514362812
vn -0.317325622 0.803155839 0.5042274
vn -0.272067368 0.830661833 0.485778034
vn -0.227417916 0.824709833 0.517817259
vn -0.31638065 0.79707855 0.514362812
vn 0.0177372675 0.999749482 0.0136473784
vn 0.0306568854 0.993871272 0.106207408
vn 0.0468486957 0.997360229 0.0554781854
vn 0.0468486957 0.997360229 0.0554781854
vn 0.0306568854 0.993871272 0.106207408
vn 0.111803621 0.965248108 0.236211836
vn -0.132700428 0.367562741 -0.920482576
vn -0.219816297 0.566195667 -0.794420063
vn -0.151763096 0.344977111 -0.92626065
vn -0.151763096 0.344977111 -0.92626065
vn -0.219816297 0.566195667 -0.794420063
vn -0.195659444 0.47118029 -0.860061944
vn 0.213208407 -0.868995965 -0.446529061
vn 0.182960719 -0.959049702 -0.216215268
vn 0.0516627394 -0.96150738 -0.269879013
vn 0.182960719 -0.959049702 -0.216215268
vn 0.389181614 -0.840574563 -0.376791954
vn 0.336343825 -0.89809829 -0.28335917
vn 0.0882561207 -0.0555426776 0.994548082
vn 0.142521679 -0.112070203 0.983426571
vn 0.0785000026 -0.0675140917 0.99462533
vn 0.0785000026 -0.0675140917 0.99462533
vn 0.0224054437 -0.0267217606 0.999391794
vn 0.0882561207 -0.0555426776 0.994548082
vn 0.0464692488 0.72264725 0.689653099
vn 0.0154401278 0.744443774 0.667506576
vn 0.0224570893 0.649895906 0.759691358
vn 0.0224570893 0.649895906 0.759691358
vn 0.0348893553 0.404058784 0.914067388
vn 0.0464692488 0.72264725 0.689653099
vn -0.921983778 -0.333260089 0.197189078
vn -0.998444259 0.0195038542 0.0522358567
vn -0.870975435 -0.4882873 -0.0545641296
vn -0.998444259 0.0195038542 0.0522358567
vn -0.921983778 -0.333260089 0.197189078
vn -0.943667352 -0.254367173 0.211635008
vn -0.269859463 0.579030752 0.769349873
vn -0.48112303 0.662904263 0.573653698
vn -0.44475016 0.498508245 0.744101346
vn -0.44475016 0.498508245 0.744101346
vn -0.48112303 0.662904263 0.573653698
vn -0.7920295 0.44814387 0.414555699
vn -0.374457389 0.719522476 -0.584866703
vn -0.463048398 0.796324551 -0.389169872
vn -0.448921531 0.748148978 -0.48861286
vn -0.513457716 0.803926528 -0.300105453
vn -0.448921531 0.748148978 -0.48861286
vn -0.463048398 0.796324551 -0.389169872
vn 0.000740022748 -0.998626113 -0.0523953624
vn 0.0516627394 -0.96150738 -0.269879013
vn 0.0293394458 -0.998406708 -0.0482003577
vn -0.0338853858 -0.980171382 -0.195232883
vn 0.000740022748 -0.998626113 -0.0523953624
vn -0.0413013138 -0.976489723 -0.211570188
vn -0.371473849 -0.480910778 -0.794186413
vn -0.253675461 -0.406690896 -0.877639592
vn -0.174340963 -0.638192952 -0.749876618
vn -0.371473849 -0.480910778 -0.794186413
vn -0.380778193 -0.0713145137 -0.921912253
vn -0.253675461 -0.406690896 -0.877639592
vn 0.468704998 -0.622785032 -0.626461744
vn 0.558621287 -0.660215199 -0.502053916
vn 0.550290227 -0.64924407 -0.525036097
vn 0.468704998 -0.622785032 -0.626461744
vn 0.446962565 -0.541156173 -0.712302327
vn 0.558621287 -0.660215199 -0.502053916
vn 0.696241081 -0.463624001 0.547997296
vn 0.94196552 -0.326300442 0.0789245069
vn 0.954044461 -0.0964522064 0.283718616
vn 0.954044461 -0.0964522064 0.283718616
vn 0.601163387 -0.35045141 0.718182683
vn 0.696241081 -0.463624001 0.547997296
vn 0.925456703 -0.0523337387 0.375221282
vn 0.757443666 0.357397765 0.546393573
vn 0.976547182 0.0686921701 0.204051226
vn 0.976547182 0.0686921701 0.204051226
vn 0.757443666 0.357397765 0.546393573
vn 0.776927173 0.284865797 0.561458528
vn -0.608699977 0.739801109 -0.286668122
vn -0.738299727 0.653443515 -0.167108372
vn -0.637247384 0.767271161 0.0721860826
vn -0.906226993 0.408581823 -0.108690597
vn -0.814333022 0.575316191 -0.0766359642
vn -0.738299727 0.653443515 -0.167108372
vn -0.394431919 0.254645437 -0.882937789
vn -0.380778193 -0.0713145137 -0.921912253
vn -0.63826561 -0.0484150164 -0.768292308
vn -0.63826561 -0.0484150164 -0.768292308
vn -0.596256077 0.248926401 -0.763226151
vn -0.394431919 0.254645437 -0.882937789
vn -0.222562104 0.974093854 0.0400907062
vn -0.22529839 0.850770593 0.474794656
vn -0.156286463 0.944679081 0.288367808
vn -0.22529839 0.850770593 0.474794656
vn -0.151058599 0.927191317 0.342779249
vn -0.156286463 0.944679081 0.288367808
vn -0.0315493271 -0.791001022 0.611000896
vn -0.0520066768 -0.754401207 0.654350042
vn -0.297974974 -0.81406498 0.498506933
vn -0.0520066768 -0.754401207 0.654350042
vn -0.0315493271 -0.791001022 0.611000896
vn 0.0244293474 -0.777096391 0.628907263
vn 0.0136905592 -0.717999697 0.695908844
vn 0.0457455926 -0.757967174 0.650686562
vn -0.0574059561 -0.788237214 0.612688065
vn -0.0574059561 -0.788237214 0.612688065
vn 0.0457455926 -0.757967174 0.650686562
vn 0.027282076 -0.872915626 0.487107843
vn 0.867141545 0.456567198 -0.199027538
vn 0.601506591 0.720193744 -0.345703393
vn 0.551031649 0.789497852 -0.27029112
vn 0.708179712 0.706025004 0.0031763427
vn 0.867141545 0.456567198 -0.199027538
vn 0.551031649 0.789497852 -0.27029112
vn -0.637247384 0.767271161 0.0721860826
vn -0.738299727 0.653443515 -0.167108372
vn -0.814333022 0.575316191 -0.0766359642
vn -0.827093124 0.54964745 0.117492884
vn -0.637247384 0.767271161 0.0721860826
vn -0.814333022 0.575316191 -0.0766359642
vn -0.22464627 0.889737844 -0.397367239
vn -0.37152195 0.890230119 -0.263555914
vn -0.084226653 0.972056866 -0.21911478
vn -0.22464627 0.889737844 -0.397367239
vn -0.44778797 0.803488553 -0.392291069
vn -0.37152195 0.890230119 -0.263555914
vn -0.186040014 -0.738318324 0.648286402
vn 0.0136905592 -0.717999697 0.695908844
vn -0.0574059561 -0.788237214 0.612688065
vn -0.186040014 -0.738318324 0.648286402
vn -0.0144972503 -0.656920373 0.753820598
vn 0.0136905592 -0.717999697 0.695908844
vn -0.394431919 0.254645437 -0.882937789
vn -0.371119291 0.531815767 -0.761211097
vn -0.1915932 0.570101738 -0.798921764
vn -0.1915932 0.570101738 -0.798921764
vn -0.371119291 0.531815767 -0.761211097
vn -0.403412789 0.659995854 -0.633769393
vn -0.147458866 0.526611686 -0.837219238
vn -0.186387733 0.572565377 -0.798391163
vn -0.132700428 0.367562741 -0.920482576
vn -0.132700428 0.367562741 -0.920482576
vn -0.186387733 0.572565377 -0.798391163
vn -0.219816297 0.566195667 -0.794420063
vn -0.206275776 0.860317707 -0.466158479
vn -0.211490616 0.94733572 0.240471974
vn -0.222562104 0.974093854 0.0400907062
vn -0.211490616 0.94733572 0.240471974
vn -0.22529839 0.850770593 0.474794656
vn -0.222562104 0.974093854 0.0400907062
vn 0.0623739101 0.769923329 -0.635080695
vn 0.0442446657 0.824856281 -0.563608527
vn 0.241110697 0.866466582 -0.437151372
vn 0.601506591 0.720193744 -0.345703393
vn 0.0623739101 0.769923329 -0.635080695
vn 0.241110697 0.866466582 -0.437151372
vn -0.991985738 0.123971343 0.0244037658
vn -0.992030799 0.11845085 0.0429444872
vn -0.943667352 -0.254367173 0.211635008
vn -0.991985738 0.123971343 0.0244037658
vn -0.992921591 0.112255991 0.0387975983
vn -0.992030799 0.11845085 0.0429444872
vn -0.0302659404 -0.624900103 0.780117869
vn -0.147167817 -0.502434254 0.851998508
vn -0.144581825 -0.649494708 0.746493578
vn -0.147167817 -0.502434254 0.851998508
vn -0.0302659404 -0.624900103 0.780117869
vn -0.0062385248 -0.45046398 0.892772734
vn -0.0243453998 -0.980459929 -0.195206732
vn -0.0413013138 -0.976489723 -0.211570188
vn -0.0116798207 -0.997856379 -0.0643906966
vn -0.0413013138 -0.976489723 -0.211570188
vn 0.000740022748 -0.998626113 -0.0523953624
vn -0.0116798207 -0.997856379 -0.0643906966
vn 0.172945291 0.928793132 -0.327770293
vn -0.084226653 0.972056866 -0.21911478
vn 0.117843077 0.968284428 -0.220314473
vn 0.172945291 0.928793132 -0.327770293
vn 0.117843077 0.968284428 -0.220314473
vn 0.236013025 0.957276583 -0.167091101
vn 0.995940566 -0.012772386 -0.0891036838
vn 0.971107602 -0.218262538 0.0964966342
vn 0.889150202 -0.379941672 -0.25506115
vn 0.962865412 0.00607219338 -0.269913405
vn 0.995940566 -0.012772386 -0.0891036838
vn 0.884260356 -0.309649765 -0.349572182
vn 0.0156242214 -0.980220556 0.197290733
vn 0.0121489065 -0.880313396 0.474236995
vn 0.0383532755 -0.895483732 0.443438768
vn 0.0387359522 -0.778985977 0.625843644
vn 0.0383532755 -0.895483732 0.443438768
vn 0.0121489065 -0.880313396 0.474236995
vn -0.19388254 -0.0149944546 -0.980910063
vn -0.18830128 0.420913607 -0.887341201
vn -0.154688179 0.561181724 -0.813109279
vn -0.18830128 0.420913607 -0.887341201
vn -0.1915932 0.570101738 -0.798921764
vn -0.154688179 0.561181724 -0.813109279
vn -0.0226127524 -0.996241331 0.0836171955
vn -0.0354314372 -0.998419702 0.0436185673
vn -0.0917140543 -0.983215272 0.157722443
vn -0.0917140543 -0.983215272 0.157722443
vn -0.0354314372 -0.998419702 0.0436185673
vn -0.0261316132 -0.947682858 0.318141848
vn 0.213208407 -0.868995965 -0.446529061
vn 0.450000376 -0.693329632 -0.562844396
vn 0.389181614 -0.840574563 -0.376791954
vn 0.213208407 -0.868995965 -0.446529061
vn 0.389181614 -0.840574563 -0.376791954
vn 0.182960719 -0.959049702 -0.216215268
vn 0.889150202 -0.379941672 -0.25506115
vn 0.653178871 -0.617235482 -0.438608885
vn 0.884260356 -0.309649765 -0.349572182
vn 0.884260356 -0.309649765 -0.349572182
vn 0.995940566 -0.012772386 -0.0891036838
vn 0.889150202 -0.379941672 -0.25506115
vn -0.319305718 0.746438205 -0.583844066
vn -0.304801375 0.661240578 -0.685461164
vn -0.4466483 0.745110095 -0.495294183
vn -0.304801375 0.661240578 -0.685461164
vn -0.319305718 0.746438205 -0.583844066
vn -0.124780037 0.794821441 -0.593876064
vn 0.602251828 -0.656297743 0.454495221
vn 0.0958709642 -0.861455381 0.498701632
vn 0.152390838 -0.906311989 0.39417699
vn 0.0958709642 -0.861455381 0.498701632
vn 0.0325971842 -0.980513334 0.193729505
vn 0.152390838 -0.906311989 0.39417699
vn -0.273928881 0.617620409 0.737230062
vn -0.18536149 0.193305612 0.963469803
vn -0.129212499 0.297272831 0.94600904
vn -0.0509707369 0.186630875 0.981106997
vn -0.129212499 0.297272831 0.94600904
vn -0.18536149 0.193305612 0.963469803
vn 0.0387359522 -0.778985977 0.625843644
vn 0.0244293474 -0.777096391 0.628907263
vn 0.05009 -0.801203966 0.596291304
vn 0.05009 -0.801203966 0.596291304
vn 0.0244293474 -0.777096391 0.628907263
vn 0.0154884709 -0.903579354 0.4281407
vn -0.245727599 0.778974533 -0.576902568
vn -0.501513422 0.824057162 -0.263465375
vn -0.46511212 0.819452405 -0.334915519
vn -0.57972753 0.801933944 -0.144284666
vn -0.46511212 0.819452405 -0.334915519
vn -0.501513422 0.824057162 -0.263465375
vn 0.0232091136 0.646883547 -0.762235522
vn -0.0760629699 0.649504304 -0.756543815
vn -0.00490511116 0.637795627 -0.77019006
vn -0.00490511116 0.637795627 -0.77019006
vn -0.0760629699 0.649504304 -0.756543815
vn -0.00996939186 0.650294542 -0.759616733
vn 0.0240470581 -0.336078376 0.941526949
vn -0.0139022116 -0.130330592 0.991373122
vn -0.0062385248 -0.45046398 0.892772734
vn 0.0261816774 -0.133797139 0.990662873
vn -0.0350031294 -0.0224528369 0.999134958
vn -0.0139022116 -0.130330592 0.991373122
vn -0.688862443 -0.58539629 -0.427527308
vn -0.870975435 -0.4882873 -0.0545641296
vn -0.95732975 -0.194975704 -0.213317111
vn -0.95732975 -0.194975704 -0.213317111
vn -0.549370229 -0.665887773 -0.504763246
vn -0.688862443 -0.58539629 -0.427527308
vn -0.0193416849 0.537460804 0.843066871
vn -0.0135998931 0.761109173 0.64848125
vn -0.0167034175 0.623715043 0.781473279
vn -0.0193416849 0.537460804 0.843066871
vn -0.0167034175 0.623715043 0.781473279
vn -0.000926732551 0.162249014 0.98674947
vn 0.241110697 0.866466582 -0.437151372
vn 0.0442446657 0.824856281 -0.563608527
vn 0.183184415 0.908423543 -0.37577951
vn 0.0442446657 0.824856281 -0.563608527
vn 0.0514117852 0.930125654 -0.36362493
vn 0.183184415 0.908423543 -0.37577951
vn -0.374457389 0.719522476 -0.584866703
vn -0.346136212 0.774318755 -0.529735982
vn -0.424102664 0.819071591 -0.386339992
vn -0.331616074 0.764734209 -0.552460134
vn -0.424102664 0.819071591 -0.386339992
vn -0.346136212 0.774318755 -0.529735982
vn -0.17288889 0.968873084 -0.177184969
vn -0.401266783 0.869425058 -0.288244933
vn -0.0975544304 0.967981279 -0.231290668
vn -0.17288889 0.968873084 -0.177184969
vn -0.0975544304 0.967981279 -0.231290668
vn -0.00465260586 0.999777377 -0.0205787644
vn -0.582491755 -0.595099807 -0.553678095
vn -0.272766173 -0.761228025 -0.588328421
vn -0.549370229 -0.665887773 -0.504763246
vn -0.582491755 -0.595099807 -0.553678095
vn -0.549370229 -0.665887773 -0.504763246
vn -0.95732975 -0.194975704 -0.213317111
vn 0.0882561207 -0.0555426776 0.994548082
vn 0.0979767889 -0.290736228 0.951773584
vn 0.156244621 -0.30510217 0.939414799
vn 0.156244621 -0.30510217 0.939414799
vn 0.0979767889 -0.290736228 0.951773584
vn 0.10065192 -0.59465003 0.797659457
vn 0.905303001 0.0908354595 -0.414940357
vn 0.915332377 0.274719298 -0.294441879
vn 0.956832469 0.0781194866 -0.279944539
vn 0.577373087 -0.198810905 -0.791905582
vn 0.905303001 0.0908354595 -0.414940357
vn 0.956832469 0.0781194866 -0.279944539
vn 0.0306568854 0.993871272 0.106207408
vn 0.0300658997 0.95588994 0.292182177
vn 0.0548160896 0.914283514 0.40134877
vn 0.0548160896 0.914283514 0.40134877
vn 0.0300658997 0.95588994 0.292182177
vn 0.034140341 0.80324924 0.594663858
vn 0.0240819845 -0.1990574 0.979691923
vn 0.0280811675 -0.376119375 0.926145554
vn 0.0620428883 -0.577451527 0.814064145
vn 0.0280811675 -0.376119375 0.926145554
vn 0.0261816774 -0.133797139 0.990662873
vn 0.0253191143 -0.486147732 0.873509824
vn -0.993266046 0.115771502 -0.00442110701
vn -0.98000747 -0.102756657 -0.170371756
vn -0.992617428 0.116021529 0.0353505947
vn -0.865036368 0.438337803 -0.244074032
vn -0.993266046 0.115771502 -0.00442110701
vn -0.992617428 0.116021529 0.0353505947
vn -0.141033217 -0.754803956 -0.640609503
vn -0.0840873048 -0.89485997 -0.438354731
vn -0.089289397 -0.912792325 -0.398544282
vn -0.089289397 -0.912792325 -0.398544282
vn -0.0840873048 -0.89485997 -0.438354731
vn -0.0297996625 -0.989185214 -0.143612772
vn 0.915332377 0.274719298 -0.294441879
vn 0.95302546 0.273937672 -0.12923038
vn 0.956832469 0.0781194866 -0.279944539
vn 0.95302546 0.273937672 -0.12923038
vn 0.962865412 0.00607219338 -0.269913405
vn 0.956832469 0.0781194866 -0.279944539
vn 0.0280811675 -0.376119375 0.926145554
vn 0.0253191143 -0.486147732 0.873509824
vn 0.0620428883 -0.577451527 0.814064145
vn 0.0253191143 -0.486147732 0.873509824
vn -0.0062385248 -0.45046398 0.892772734
vn 0.0620428883 -0.577451527 0.814064145
vn -0.0458806567 -0.031348452 -0.998454928
vn -0.133026823 0.0164294988 -0.990976214
vn -0.0749307498 -0.434516758 -0.897541344
vn -0.0412223898 0.359227836 -0.932339072
vn -0.133026823 0.0164294988 -0.990976214
vn -0.0458806567 -0.031348452 -0.998454928
vn 0.115833439 -0.642980278 0.757072687
vn 0.096226275 -0.675134659 0.731391609
vn 0.0868523717 -0.680727124 0.727370024
vn 0.0868523717 -0.680727124 0.727370024
vn 0.096226275 -0.675134659 0.731391609
vn 0.10065192 -0.59465003 0.797659457
vn 0.307309657 0.0617893748 0.949601352
vn 0.630293548 0.0030125035 0.776351035
vn 0.413520306 0.316171795 0.853836238
vn 0.413520306 0.316171795 0.853836238
vn 0.179658979 0.366763532 0.912801743
vn 0.307309657 0.0617893748 0.949601352
vn -0.174340963 -0.638192952 -0.749876618
vn -0.159331739 -0.730989456 -0.663526773
vn -0.371473849 -0.480910778 -0.794186413
vn -0.371473849 -0.480910778 -0.794186413
vn -0.159331739 -0.730989456 -0.663526773
vn -0.272766173 -0.761228025 -0.588328421
vn 0.0261816774 -0.133797139 0.990662873
vn -0.0139022116 -0.130330592 0.991373122
vn 0.0240470581 -0.336078376 0.941526949
vn 0.0261816774 -0.133797139 0.990662873
vn 0.0240470581 -0.336078376 0.941526949
vn 0.0253191143 -0.486147732 0.873509824
vn 0.0228337329 0.619864702 -0.784376502
vn 0.0398691632 0.620049655 -0.783548951
vn -0.00996939186 0.650294542 -0.759616733
vn -0.00778637873 0.655107796 -0.75549531
vn 0.0398691632 0.620049655 -0.783548951
vn 0.0228337329 0.619864702 -0.784376502
vn 0.45890981 -0.178213999 0.870426118
vn 0.572139263 -0.256304145 0.779079556
vn 0.573068798 -0.0619087294 0.817165554
vn 0.573068798 -0.0619087294 0.817165554
vn 0.171051323 -0.215564162 0.961391389
vn 0.45890981 -0.178213999 0.870426118
vn -0.147458866 0.526611686 -0.837219238
vn -0.123782836 0.517605901 -0.846617937
vn -0.160225436 0.584736645 -0.795242548
vn -0.160225436 0.584736645 -0.795242548
vn -0.186387733 0.572565377 -0.798391163
vn -0.147458866 0.526611686 -0.837219238
vn -0.200549737 0.709087372 -0.675999045
vn -0.0511791147 0.693383813 -0.718748629
vn -0.338949203 0.791396558 -0.508728802
vn -0.278366983 0.715548515 -0.640704393
vn -0.200549737 0.709087372 -0.675999045
vn -0.338949203 0.791396558 -0.508728802
vn -0.00963668898 0.376340538 -0.926431358
vn 0.388236493 0.278594822 -0.878440261
vn 0.0577915348 0.069156006 -0.995930493
vn -0.0831811056 0.199407905 -0.976379812
vn -0.00963668898 0.376340538 -0.926431358
vn 0.0577915348 0.069156006 -0.995930493
vn -0.086237222 -0.970431507 0.225445986
vn -0.0226127524 -0.996241331 0.0836171955
vn -0.0804348662 -0.964838743 0.250232697
vn -0.158273846 -0.920965672 0.356050074
vn -0.067197971 -0.971767247 0.226170093
vn -0.086237222 -0.970431507 0.225445986
vn -0.206275776 0.860317707 -0.466158479
vn -0.258538842 0.965533316 0.0300507937
vn -0.211490616 0.94733572 0.240471974
vn -0.258538842 0.965533316 0.0300507937
vn -0.245068625 0.852030635 0.462585241
vn -0.211490616 0.94733572 0.240471974
vn 0.386349976 0.843225598 0.373770565
vn 0.516522884 0.841030061 0.160849124
vn 0.276980996 0.95175159 0.132100433
vn 0.516522884 0.841030061 0.160849124
vn 0.287041485 0.956431627 -0.0533449575
vn 0.276980996 0.95175159 0.132100433
vn 0.332777619 0.0339916833 -0.942392468
vn 0.724167228 0.148108453 -0.673532248
vn 0.577373087 -0.198810905 -0.791905582
vn 0.0577915348 0.069156006 -0.995930493
vn 0.332777619 0.0339916833 -0.942392468
vn 0.189673439 -0.154808089 -0.969566166
vn -0.278366983 0.715548515 -0.640704393
vn -0.331616074 0.764734209 -0.552460134
vn -0.147840306 0.607575059 -0.780381799
vn -0.331616074 0.764734209 -0.552460134
vn -0.278366983 0.715548515 -0.640704393
vn -0.338949203 0.791396558 -0.508728802
vn -0.086237222 -0.970431507 0.225445986
vn -0.0804348662 -0.964838743 0.250232697
vn -0.158273846 -0.920965672 0.356050074
vn -0.137907177 -0.847295463 0.5129053
vn -0.158273846 -0.920965672 0.356050074
vn -0.0804348662 -0.964838743 0.250232697
vn -0.0725788996 0.683660924 -0.726181865
vn -0.142095894 0.787861884 -0.599234879
vn -0.0984667838 0.731821716 -0.674345016
vn -0.0725788996 0.683660924 -0.726181865
vn -0.0984667838 0.731821716 -0.674345016
vn -0.016168775 0.771807909 -0.635650218
vn -0.363805175 -0.868157506 0.337562352
vn -0.0673813298 -0.913363218 0.401531309
vn -0.297974974 -0.81406498 0.498506933
vn -0.366790712 -0.774859786 0.514836788
vn -0.363805175 -0.868157506 0.337562352
vn -0.297974974 -0.81406498 0.498506933
vn 0.332777619 0.0339916833 -0.942392468
vn 0.577373087 -0.198810905 -0.791905582
vn 0.189673439 -0.154808089 -0.969566166
vn 0.189673439 -0.154808089 -0.969566166
vn 0.577373087 -0.198810905 -0.791905582
vn 0.139536202 -0.350140125 -0.926245928
vn -0.0291060209 -0.729891956 0.682942569
vn -0.137907177 -0.847295463 0.5129053
vn 0.0389601998 -0.793105781 0.607836604
vn -0.0291060209 -0.729891956 0.682942569
vn -0.182138965 -0.736123323 0.651880324
vn -0.137907177 -0.847295463 0.5129053
vn 0.0177372675 0.999749482 0.0136473784
vn -0.00465260586 0.999777377 -0.0205787644
vn 0.0306568854 0.993871272 0.106207408
vn 0.0382585898 0.994456768 -0.0979390815
vn -0.00465260586 0.999777377 -0.0205787644
vn 0.0177372675 0.999749482 0.0136473784
vn -0.0840873048 -0.89485997 -0.438354731
vn -0.141033217 -0.754803956 -0.640609503
vn -0.0915281028 -0.908891976 -0.4068636
vn -0.0840873048 -0.89485997 -0.438354731
vn -0.0915281028 -0.908891976 -0.4068636
vn -0.0297996625 -0.989185214 -0.143612772
vn -0.596909285 -0.747684836 0.290975243
vn -0.562883377 -0.814563334 -0.140174702
vn -0.363805175 -0.868157506 0.337562352
vn -0.363805175 -0.868157506 0.337562352
vn -0.366790712 -0.774859786 0.514836788
vn -0.596909285 -0.747684836 0.290975243
vn -0.206108153 0.81826216 0.536625147
vn -0.227417916 0.824709833 0.517817259
vn -0.212795109 0.81651324 0.536678851
vn -0.22150819 0.804641724 0.550895512
vn -0.206108153 0.81826216 0.536625147
vn -0.212795109 0.81651324 0.536678851
vn 0.758144498 -0.358373374 -0.544780254
vn 0.446962565 -0.541156173 -0.712302327
vn 0.577373087 -0.198810905 -0.791905582
vn 0.446962565 -0.541156173 -0.712302327
vn 0.758144498 -0.358373374 -0.544780254
vn 0.884260356 -0.309649765 -0.349572182
vn -0.151763096 0.344977111 -0.92626065
vn -0.195659444 0.47118029 -0.860061944
vn -0.0831811056 0.199407905 -0.976379812
vn -0.0831811056 0.199407905 -0.976379812
vn -0.195659444 0.47118029 -0.860061944
vn -0.00963668898 0.376340538 -0.926431358
vn -0.0588405021 -0.715363264 0.696271002
vn -0.155639783 -0.597507 0.78661406
vn -0.321350276 -0.732315183 0.600373685
vn -0.155639783 -0.597507 0.78661406
vn -0.298297793 -0.54302913 0.784944475
vn -0.321350276 -0.732315183 0.600373685
vn 0.130867541 -0.112248115 0.985024929
vn 0.142521679 -0.112070203 0.983426571
vn 0.189360306 -0.114749201 0.975179672
vn 0.130867541 -0.112248115 0.985024929
vn 0.0785000026 -0.0675140917 0.99462533
vn 0.142521679 -0.112070203 0.983426571
vn 0.601506591 0.720193744 -0.345703393
vn 0.867141545 0.456567198 -0.199027538
vn 0.64468503 0.677104414 -0.354839176
vn 0.64468503 0.677104414 -0.354839176
vn 0.0623739101 0.769923329 -0.635080695
vn 0.601506591 0.720193744 -0.345703393
vn -0.245727599 0.778974533 -0.576902568
vn -0.0164098237 0.670885026 -0.741379857
vn -0.167798847 0.856625497 -0.487889767
vn -0.167798847 0.856625497 -0.487889767
vn -0.0164098237 0.670885026 -0.741379857
vn 0.00175792538 0.720993221 -0.692940056
vn 0.0762205124 -0.246644616 -0.966103971
vn 0.139536202 -0.350140125 -0.926245928
vn 0.0876554996 -0.385403246 -0.918575525
vn 0.0832479373 -0.0878790915 -0.992646456
vn 0.0762205124 -0.246644616 -0.966103971
vn 0.0399064124 -0.154494807 -0.987187326
vn 0.000170917425 0.989525855 -0.144355834
vn -0.0210962836 0.999629796 -0.0171805844
vn 0.00429204339 0.999076605 -0.0427491181
vn 0.000170917425 0.989525855 -0.144355834
vn -0.0516279936 0.952547193 -0.2999807
vn -0.0210962836 0.999629796 -0.0171805844
vn -0.15262334 0.752027035 0.641218722
vn -0.0342755951 0.697717726 0.71555239
vn -0.147348747 0.816078484 0.558841765
vn -0.15262334 0.752027035 0.641218722
vn -0.0903290659 0.500251651 0.86115551
vn -0.0342755951 0.697717726 0.71555239
vn 0.0348893553 0.404058784 0.914067388
vn -0.000926732551 0.162249014 0.98674947
vn 0.00773273455 -0.00731232762 0.999943435
vn 0.0635950789 0.0813675448 0.994653225
vn 0.0348893553 0.404058784 0.914067388
vn 0.00773273455 -0.00731232762 0.999943435
vn -0.587267399 -0.507158935 -0.630798519
vn -0.681713641 -0.203817159 -0.702655673
vn -0.371473849 -0.480910778 -0.794186413
vn -0.587267399 -0.507158935 -0.630798519
vn -0.945450425 -0.0624436624 -0.319725245
vn -0.681713641 -0.203817159 -0.702655673
vn 0.791172683 0.565349042 0.233294517
vn 0.935574234 0.278795123 0.216734648
vn 0.893758774 0.44533357 -0.0536020249
vn 0.708179712 0.706025004 0.0031763427
vn 0.791172683 0.565349042 0.233294517
vn 0.893758774 0.44533357 -0.0536020249
vn -0.862024546 0.441847622 0.24836342
vn -0.650996506 0.660343587 0.374366105
vn -0.827093124 0.54964745 0.117492884
vn -0.7920295 0.44814387 0.414555699
vn -0.650996506 0.660343587 0.374366105
vn -0.862024546 0.441847622 0.24836342
vn 0.0109920604 -0.24581553 -0.969254315
vn 0.0399064124 -0.154494807 -0.987187326
vn 0.0876554996 -0.385403246 -0.918575525
vn 0.0762205124 -0.246644616 -0.966103971
vn 0.0876554996 -0.385403246 -0.918575525
vn 0.0399064124 -0.154494807 -0.987187326
vn -0.0804348662 -0.964838743 0.250232697
vn -0.0226127524 -0.996241331 0.0836171955
vn -0.128431827 -0.956547558 0.261767089
vn -0.137907177 -0.847295463 0.5129053
vn -0.0804348662 -0.964838743 0.250232697
vn -0.128431827 -0.956547558 0.261767089
vn -0.128515407 -0.655190885 -0.74445188
vn -0.0749307498 -0.434516758 -0.897541344
vn -0.129339278 -0.387100071 -0.912921071
vn -0.133026823 0.0164294988 -0.990976214
vn -0.129339278 -0.387100071 -0.912921071
vn -0.0749307498 -0.434516758 -0.897541344
vn -0.00843188632 0.964604914 -0.263564587
vn 0.0107139191 0.978175938 -0.20750165
vn 0.0174757317 0.995315671 -0.0950866491
vn 0.0107139191 0.978175938 -0.20750165
vn 0.00429204339 0.999076605 -0.0427491181
vn 0.0174757317 0.995315671 -0.0950866491
vn -0.99364084 0.108540699 0.0299463309
vn -0.992339909 0.114369512 0.0467031822
vn -0.992921591 0.112255991 0.0387975983
vn -0.907985032 0.255805165 0.331853807
vn -0.992339909 0.114369512 0.0467031822
vn -0.99364084 0.108540699 0.0299463309
vn -0.0106646027 -0.999808848 -0.0163863264
vn 0.0194511879 -0.971438944 0.236491427
vn -0.0354314372 -0.998419702 0.0436185673
vn -0.0354314372 -0.998419702 0.0436185673
vn 0.0194511879 -0.971438944 0.236491427
vn -0.0261316132 -0.947682858 0.318141848
vn -0.0164098237 0.670885026 -0.741379857
vn 0.0177846085 0.667265832 -0.744607151
vn 0.00175792538 0.720993221 -0.692940056
vn 0.0177846085 0.667265832 -0.744607151
vn 0.0122218952 0.696953297 -0.717012286
vn 0.00175792538 0.720993221 -0.692940056
vn -0.157028869 -0.648709536 -0.744659483
vn -0.128515407 -0.655190885 -0.74445188
vn -0.129339278 -0.387100071 -0.912921071
vn -0.157028869 -0.648709536 -0.744659483
vn -0.0924514234 -0.728634 -0.678634822
vn -0.128515407 -0.655190885 -0.74445188
vn -0.070411332 -0.202515796 0.976744413
vn -0.219391525 -0.60548389 0.765020609
vn -0.298297793 -0.54302913 0.784944475
vn -0.298297793 -0.54302913 0.784944475
vn -0.173766494 -0.739736795 0.650072873
vn -0.186040014 -0.738318324 0.648286402
vn -0.448921531 0.748148978 -0.48861286
vn -0.374826133 0.686333179 -0.623259306
vn -0.374457389 0.719522476 -0.584866703
vn -0.271141589 0.62713933 -0.730190694
vn -0.374457389 0.719522476 -0.584866703
vn -0.374826133 0.686333179 -0.623259306
vn 0.67075783 -0.556245327 -0.49058643
vn 0.96425879 -0.256284148 -0.0672569573
vn 0.928057015 -0.287919343 -0.236247435
vn 0.96425879 -0.256284148 -0.0672569573
vn 0.955638766 -0.0320949256 0.292787552
vn 0.928057015 -0.287919343 -0.236247435
vn -0.0296154451 0.766632795 0.641402543
vn -0.0135998931 0.761109173 0.64848125
vn -0.0598159693 0.853262007 0.518040657
vn -0.0167034175 0.623715043 0.781473279
vn -0.0135998931 0.761109173 0.64848125
vn -0.0296154451 0.766632795 0.641402543
vn -0.543703735 0.804694474 -0.238438904
vn -0.57972753 0.801933944 -0.144284666
vn -0.518700421 0.837881505 -0.170012638
vn -0.513457716 0.803926528 -0.300105453
vn -0.57972753 0.801933944 -0.144284666
vn -0.543703735 0.804694474 -0.238438904
vn 0.236013025 0.957276583 -0.167091101
vn 0.0382585898 0.994456768 -0.0979390815
vn 0.287041485 0.956431627 -0.0533449575
vn 0.551031649 0.789497852 -0.27029112
vn 0.236013025 0.957276583 -0.167091101
vn 0.287041485 0.956431627 -0.0533449575
vn -0.173766494 -0.739736795 0.650072873
vn -0.219391525 -0.60548389 0.765020609
vn -0.0144972503 -0.656920373 0.753820598
vn -0.298297793 -0.54302913 0.784944475
vn -0.219391525 -0.60548389 0.765020609
vn -0.173766494 -0.739736795 0.650072873
vn -0.271141589 0.62713933 -0.730190694
vn -0.26182723 0.661059797 -0.703168869
vn -0.374457389 0.719522476 -0.584866703
vn -0.26182723 0.661059797 -0.703168869
vn -0.271141589 0.62713933 -0.730190694
vn -0.210879847 0.581491113 -0.785746634
vn 0.955638766 -0.0320949256 0.292787552
vn 0.990398169 0.0927558616 0.1025078
vn 0.928057015 -0.287919343 -0.236247435
vn 0.975042105 0.0452919863 0.217350721
vn 0.928057015 -0.287919343 -0.236247435
vn 0.990398169 0.0927558616 0.1025078
vn -0.303223222 0.800465345 -0.51702112
vn -0.127702653 0.717540562 -0.684709847
vn -0.353200704 0.801260293 -0.482940137
vn -0.303223222 0.800465345 -0.51702112
vn -0.353200704 0.801260293 -0.482940137
vn -0.424102664 0.819071591 -0.386339992
vn 0.150073707 -0.450271875 0.88018924
vn 0.572139263 -0.256304145 0.779079556
vn 0.162895679 -0.345646411 0.924117744
vn 0.162895679 -0.345646411 0.924117744
vn 0.171051323 -0.215564162 0.961391389
vn 0.150073707 -0.450271875 0.88018924
vn -0.000926732551 0.162249014 0.98674947
vn -0.0164486133 0.346689999 0.937835515
vn -0.0509707369 0.186630875 0.981106997
vn -0.0509707369 0.186630875 0.981106997
vn -0.0164486133 0.346689999 0.937835515
vn -0.0903290659 0.500251651 0.86115551
vn -0.225562826 0.115094125 -0.967406273
vn -0.212838337 -0.0541743524 -0.975584388
vn -0.239387974 -0.295765072 -0.924779117
vn -0.239387974 -0.295765072 -0.924779117
vn -0.212838337 -0.0541743524 -0.975584388
vn -0.175660789 -0.610184669 -0.772539973
vn -0.0338853858 -0.980171382 -0.195232883
vn 0.0516627394 -0.96150738 -0.269879013
vn 0.000740022748 -0.998626113 -0.0523953624
vn -0.0708033219 -0.922847807 -0.378600955
vn 0.0516627394 -0.96150738 -0.269879013
vn -0.0338853858 -0.980171382 -0.195232883
vn 0.652892292 -0.596019804 -0.467431307
vn 0.928057015 -0.287919343 -0.236247435
vn 0.868154585 -0.432739347 -0.242990315
vn 0.652892292 -0.596019804 -0.467431307
vn 0.868154585 -0.432739347 -0.242990315
vn 0.598565757 -0.707982183 -0.37480697
vn -0.0588405021 -0.715363264 0.696271002
vn -0.321350276 -0.732315183 0.600373685
vn -0.182138965 -0.736123323 0.651880324
vn -0.0291060209 -0.729891956 0.682942569
vn -0.0588405021 -0.715363264 0.696271002
vn -0.182138965 -0.736123323 0.651880324
vn -0.292499006 0.826819479 -0.48043111
vn -0.409519702 0.717326343 -0.563681304
vn -0.382024616 0.914789319 -0.131215915
vn -0.292499006 0.826819479 -0.48043111
vn -0.382024616 0.914789319 -0.131215915
vn -0.258538842 0.965533316 0.0300507937
vn 7.01487661e-05 0.643951595 -0.765066206
vn -0.0357695557 0.584342718 -0.810718238
vn -0.0753855333 0.588295579 -0.805124342
vn -0.0357695557 0.584342718 -0.810718238
vn 7.01487661e-05 0.643951595 -0.765066206
vn -0.0511791147 0.693383813 -0.718748629
vn 0.26909095 -0.652026892 -0.708837748
vn 0.380499482 -0.560804248 -0.735335767
vn 0.450000376 -0.693329632 -0.562844396
vn 0.380499482 -0.560804248 -0.735335767
vn 0.26909095 -0.652026892 -0.708837748
vn 0.123444982 -0.586490571 -0.800493658
vn -0.169442207 0.578379214 0.797976732
vn -0.0903290659 0.500251651 0.86115551
vn -0.15262334 0.752027035 0.641218722
vn -0.0903290659 0.500251651 0.86115551
vn -0.169442207 0.578379214 0.797976732
vn -0.0509707369 0.186630875 0.981106997
vn -0.0989396349 -0.892582059 -0.43989554
vn -0.0988865867 -0.819486916 -0.56450206
vn -0.0760402232 -0.932728708 -0.352469981
vn -0.0989396349 -0.892582059 -0.43989554
vn -0.0760402232 -0.932728708 -0.352469981
vn -0.0804508701 -0.904935658 -0.417874694
vn -0.948974907 0.272933841 0.157967478
vn -0.896645546 0.438190639 0.0633703396
vn -0.943587422 0.3308222 0.014122433
vn -0.896645546 0.438190639 0.0633703396
vn -0.814333022 0.575316191 -0.0766359642
vn -0.943587422 0.3308222 0.014122433
vn -0.596256077 0.248926401 -0.763226151
vn -0.371119291 0.531815767 -0.761211097
vn -0.394431919 0.254645437 -0.882937789
vn -0.812450349 0.353651524 -0.463524699
vn -0.371119291 0.531815767 -0.761211097
vn -0.596256077 0.248926401 -0.763226151
g Group53632
f 154/1/1 210/2/2 118/3/3
f 416/4/4 69/5/5 448/6/6
f 116/7/7 354/8/8 261/9/9
f 53/10/10 89/11/11 47/12/12
f 5/13/13 109/14/14 290/15/15
f 149/16/16 488/17/17 197/18/18
f 13/19/19 428/20/20 198/21/21
f 321/22/22 87/23/23 184/24/24
f 2/25/25 345/26/26 318/27/27
f 225/28/28 354/29/29 116/30/30
f 407/31/31 69/32/32 212/33/33
f 276/34/34 104/35/35 428/36/36
f 201/37/37 480/38/38 155/39/39
f 353/40/40 53/41/41 47/42/42
f 107/43/43 56/44/44 479/45/45
f 30/46/46 492/47/47 451/48/48
f 376/49/49 36/50/50 457/51/51
f 39/52/52 182/53/53 7/54/54
f 244/55/55 317/56/56 250/57/57
f 7/58/58 182/59/59 169/60/60
f 488/61/61 87/62/62 321/63/63
f 282/64/64 92/65/65 210/66/66
f 320/67/67 370/68/68 9/69/69
f 206/70/70 476/71/71 292/72/72
f 351/73/73 208/74/74 84/75/75
f 111/76/76 400/77/77 334/78/78
f 330/79/79 414/80/80 235/81/81
f 401/82/82 198/83/83 136/84/84
f 140/85/85 437/86/86 172/87/87
f 301/88/88 108/89/89 49/90/90
f 18/91/91 168/92/92 183/93/93
f 406/94/94 68/95/95 16/96/96
f 122/97/97 452/98/98 95/99/99
f 363/100/100 369/101/101 144/102/102
f 46/103/103 348/104/104 294/105/105
f 130/106/106 454/107/107 67/108/108
f 31/109/109 53/110/110 353/111/111
f 317/112/112 19/113/113 250/114/114
f 188/115/115 22/116/116 258/117/117
f 210/118/118 154/119/119 282/120/120
f 163/121/121 267/122/122 23/123/123
f 42/124/124 296/125/125 93/126/126
f 75/127/127 24/128/128 81/129/129
f 469/130/130 314/131/131 120/132/132
f 204/133/133 433/134/134 10/135/135
f 45/136/136 96/137/137 438/138/138
f 494/139/139 358/140/140 17/141/141
f 432/142/142 43/143/143 14/144/144
f 12/145/145 153/146/146 27/147/147
f 220/148/148 332/149/149 97/150/150
f 347/151/151 477/152/152 240/153/153
f 149/154/154 197/155/155 297/156/156
f 448/157/157 69/158/158 90/159/159
f 307/160/160 77/161/161 350/162/162
f 137/163/163 166/164/164 105/165/165
f 205/166/166 109/167/167 74/168/168
f 467/169/169 91/170/170 361/171/171
f 95/172/172 452/173/173 375/174/174
f 206/175/175 50/176/176 32/177/177
f 371/178/178 189/179/179 156/180/180
f 328/181/181 34/182/182 33/183/183
f 278/184/184 6/185/185 242/186/186
f 45/187/187 438/188/188 1/189/189
f 333/190/190 227/191/191 284/192/192
f 249/193/193 135/194/194 231/195/195
f 246/196/196 418/197/197 263/198/198
f 356/199/199 254/200/200 484/201/201
f 351/202/202 84/203/203 134/204/204
f 497/205/205 37/206/206 337/207/207
f 403/208/208 5/209/209 303/210/210
f 228/211/211 80/212/212 192/213/213
f 381/214/214 92/215/215 282/216/216
f 4/217/217 113/218/218 292/219/219
f 332/220/220 308/221/221 216/222/222
f 284/223/223 310/224/224 275/225/225
f 323/226/226 444/227/227 207/228/228
f 414/229/229 330/230/230 173/231/231
f 414/232/232 179/233/233 391/234/234
f 252/235/235 166/236/236 10/237/237
f 299/238/238 438/239/239 236/240/240
f 364/241/241 14/242/242 43/243/243
f 407/244/244 212/245/245 262/246/246
f 24/247/247 200/248/248 81/249/249
f 215/250/250 147/251/251 58/252/252
f 310/253/253 379/254/254 275/255/255
f 269/256/256 241/257/257 100/258/258
f 261/259/259 46/260/260 116/261/261
f 466/262/262 246/263/263 145/264/264
f 353/265/265 47/266/266 72/267/267
f 318/268/268 324/269/269 2/270/270
f 46/271/271 261/272/272 348/273/273
f 16/274/274 157/275/275 406/276/276
f 480/277/277 201/278/278 49/279/279
f 223/280/280 274/281/281 363/282/282
f 78/283/283 345/284/284 2/285/285
f 39/286/286 247/287/287 174/288/288
f 417/289/289 38/290/290 192/291/291
f 179/292/292 289/293/293 391/294/294
f 370/295/295 446/296/296 9/297/297
f 382/298/298 55/299/299 478/300/300
f 227/301/301 387/302/302 264/303/303
f 1/304/304 438/305/305 299/306/306
f 327/307/307 3/308/308 397/309/309
f 22/310/310 188/311/311 428/312/312
f 356/313/313 484/314/314 159/315/315
f 111/316/316 334/317/317 164/318/318
f 56/319/319 42/320/320 93/321/321
f 56/322/322 373/323/323 42/324/324
f 389/325/325 8/326/326 57/327/327
f 499/328/328 221/329/329 54/330/330
f 215/331/331 58/332/332 237/333/333
f 111/334/334 460/335/335 400/336/336
f 204/337/337 352/338/338 433/339/339
f 378/340/340 241/341/341 139/342/342
f 326/343/343 395/344/344 60/345/345
f 60/346/346 138/347/347 186/348/348
f 298/349/349 408/350/350 470/351/351
f 347/352/352 240/353/353 256/354/354
f 190/355/355 113/356/356 4/357/357
f 462/358/358 182/359/359 39/360/360
f 284/361/361 31/362/362 361/363/363
f 227/364/364 264/365/365 284/366/366
f 22/367/367 175/368/368 258/369/369
f 253/370/370 468/371/371 498/372/372
f 152/373/373 160/374/374 65/375/375
f 122/376/376 186/377/377 101/378/378
f 66/379/379 78/380/380 2/381/381
f 53/382/382 340/383/383 89/384/384
f 119/385/385 41/386/386 125/387/387
f 473/388/388 136/389/389 51/390/390
f 112/391/391 68/392/392 148/393/393
f 256/394/394 240/395/395 311/396/396
f 397/397/397 3/398/398 69/399/399
f 258/400/400 388/401/401 291/402/402
f 439/403/403 315/404/404 398/405/405
f 126/406/406 260/407/407 158/408/408
f 223/409/409 128/410/410 274/411/411
f 426/412/412 323/413/413 207/414/414
f 405/415/415 72/416/416 47/417/417
f 171/418/418 244/419/419 250/420/420
f 125/421/421 402/422/422 73/423/423
f 73/424/424 173/425/425 330/426/426
f 109/427/427 156/428/428 74/429/429
f 142/430/430 23/431/431 491/432/432
f 102/433/433 425/434/434 341/435/435
f 102/436/436 445/437/437 430/438/438
f 3/439/439 493/440/440 69/441/441
f 180/442/442 285/443/443 218/444/444
f 357/445/445 319/446/446 144/447/447
f 180/448/448 218/449/449 390/450/450
f 113/451/451 85/452/452 292/453/453
f 187/454/454 329/455/455 117/456/456
f 79/457/457 25/458/458 131/459/459
f 236/460/460 438/461/461 131/462/462
f 234/463/463 243/464/464 170/465/465
f 165/466/466 381/467/467 99/468/468
f 237/469/469 44/470/470 75/471/471
f 58/472/472 44/473/473 237/474/474
f 29/475/475 185/476/476 82/477/477
f 140/478/478 416/479/479 448/480/480
f 83/481/481 359/482/482 214/483/483
f 6/484/484 464/485/485 108/486/486
f 199/487/487 475/488/488 181/489/489
f 152/490/490 65/491/491 461/492/492
f 329/493/493 123/494/494 490/495/495
f 202/496/496 339/497/497 163/498/498
f 54/499/499 221/500/500 86/501/501
f 8/502/502 145/503/503 57/504/504
f 87/505/505 38/506/506 184/507/507
f 146/508/508 80/509/509 228/510/510
f 62/511/511 462/512/512 287/513/513
f 153/514/514 12/515/515 469/516/516
f 89/517/517 279/518/518 232/519/519
f 89/520/520 259/521/521 279/522/522
f 277/523/523 266/524/524 463/525/525
f 266/526/526 15/527/527 357/528/528
f 63/529/529 361/530/530 91/531/531
f 63/532/532 323/533/533 426/534/534
f 167/535/535 359/536/536 92/537/537
f 87/538/538 146/539/539 228/540/540
f 93/541/541 485/542/542 56/543/543
f 142/544/544 491/545/545 93/546/546
f 151/547/547 354/548/548 18/549/549
f 151/550/550 18/551/551 255/552/552
f 467/553/553 191/554/554 91/555/555
f 141/556/556 393/557/557 19/558/558
f 281/559/559 438/560/560 96/561/561
f 304/562/562 209/563/563 96/564/564
f 97/565/565 332/566/566 216/567/567
f 4/568/568 292/569/569 103/570/570
f 195/571/571 385/572/572 318/573/573
f 456/574/574 445/575/575 102/576/576
f 381/577/577 282/578/578 99/579/579
f 468/580/580 64/581/581 498/582/582
f 459/583/583 281/584/584 96/585/585
f 459/586/586 59/587/587 281/588/588
f 344/589/589 472/590/590 101/591/591
f 422/592/592 344/593/593 101/594/594
f 219/595/595 98/596/596 11/597/597
f 98/598/598 410/599/599 238/600/600
f 103/601/601 471/602/602 4/603/603
f 132/604/604 233/605/605 476/606/606
f 428/607/607 104/608/608 22/609/609
f 394/610/610 22/611/611 104/612/612
f 166/613/613 30/614/614 105/615/615
f 30/616/616 451/617/617 305/618/618
f 48/619/619 294/620/620 106/621/621
f 414/622/622 222/623/623 338/624/624
f 368/625/625 107/626/626 479/627/627
f 368/628/628 124/629/629 295/630/630
f 108/631/631 33/632/632 49/633/633
f 328/634/634 33/635/635 108/636/636
f 497/637/637 117/638/638 37/639/639
f 403/640/640 383/641/641 5/642/642
f 110/643/643 494/644/644 17/645/645
f 52/646/646 440/647/647 486/648/648
f 164/649/649 196/650/650 111/651/651
f 191/652/652 19/653/653 393/654/654
f 168/655/655 298/656/656 311/657/657
f 311/658/658 298/659/659 61/660/660
f 190/661/661 287/662/662 113/663/663
f 302/664/664 495/665/665 113/666/666
f 144/667/667 319/668/668 114/669/669
f 288/670/670 374/671/671 242/672/672
f 52/673/673 486/674/674 115/675/675
f 52/676/676 421/677/677 280/678/678
f 435/679/679 8/680/680 35/681/681
f 466/682/682 435/683/683 246/684/684
f 377/685/685 371/686/686 490/687/687
f 383/688/688 109/689/689 5/690/690
f 154/691/691 118/692/692 229/693/693
f 374/694/694 114/695/695 229/696/696
f 289/697/697 41/698/698 119/699/699
f 67/700/700 119/701/701 130/702/702
f 200/703/703 24/704/704 178/705/705
f 24/706/706 325/707/707 445/708/708
f 252/709/709 352/710/710 492/711/711
f 477/712/712 458/713/713 245/714/714
f 60/715/715 186/716/716 122/717/717
f 164/718/718 326/719/719 60/720/720
f 202/721/721 163/722/722 409/723/723
f 377/724/724 189/725/725 371/726/726
f 124/727/727 322/728/728 295/729/729
f 45/730/730 1/731/731 434/732/732
f 125/733/733 51/734/734 119/735/735
f 80/736/736 234/737/737 312/738/738
f 126/739/739 70/740/740 260/741/741
f 332/742/742 370/743/743 320/744/744
f 8/745/745 389/746/746 35/747/747
f 249/748/748 194/749/749 489/750/750
f 40/751/751 63/752/752 201/753/753
f 201/754/754 155/755/755 40/756/756
f 58/757/757 147/758/758 129/759/759
f 44/760/760 58/761/761 129/762/762
f 454/763/763 130/764/764 294/765/765
f 263/766/766 309/767/767 198/768/768
f 373/769/769 131/770/770 204/771/771
f 131/772/772 373/773/773 236/774/774
f 43/775/775 233/776/776 132/777/777
f 231/778/778 135/779/779 225/780/780
f 112/781/781 133/782/782 68/783/783
f 240/784/784 477/785/785 396/786/786
f 351/787/787 481/788/788 367/789/789
f 313/790/790 186/791/791 138/792/792
f 132/793/793 262/794/794 43/795/795
f 262/796/796 364/797/797 43/798/798
f 51/799/799 136/800/800 119/801/801
f 136/802/802 130/803/803 119/804/804
f 211/805/805 166/806/806 137/807/807
f 412/808/808 205/809/809 74/810/810
f 138/811/811 367/812/812 313/813/813
f 147/814/814 411/815/815 395/816/816
f 378/817/817 139/818/818 245/819/819
f 245/820/820 297/821/821 477/822/822
f 160/823/823 448/824/824 82/825/825
f 307/826/826 277/827/827 77/828/828
f 44/829/829 129/830/830 141/831/831
f 317/832/832 141/833/833 19/834/834
f 74/835/835 365/836/836 224/837/837
f 412/838/838 74/839/839 224/840/840
f 315/841/841 143/842/842 398/843/843
f 143/844/844 280/845/845 421/846/846
f 363/847/847 144/848/848 293/849/849
f 144/850/850 114/851/851 306/852/852
f 86/853/853 355/854/854 145/855/855
f 428/856/856 263/857/857 198/858/858
f 92/859/859 146/860/860 167/861/861
f 92/862/862 381/863/863 146/864/864
f 215/865/865 36/866/866 147/867/867
f 36/868/868 159/869/869 147/870/870
f 272/871/871 112/872/872 148/873/873
f 406/874/874 255/875/875 272/876/876
f 161/877/877 149/878/878 34/879/879
f 419/880/880 372/881/881 480/882/882
f 305/883/883 176/884/884 150/885/885
f 290/886/886 137/887/887 105/888/888
f 94/889/889 151/890/890 343/891/891
f 94/892/892 354/893/893 151/894/894
f 160/895/895 475/896/896 226/897/897
f 475/898/898 199/899/899 226/900/900
f 153/901/901 469/902/902 62/903/903
f 190/904/904 62/905/905 287/906/906
f 399/907/907 154/908/908 229/909/909
f 258/910/910 291/911/911 76/912/912
f 372/913/913 419/914/914 465/915/915
f 465/916/916 275/917/917 379/918/918
f 189/919/919 360/920/920 156/921/921
f 360/922/922 142/923/923 365/924/924
f 343/925/925 338/926/926 48/927/927
f 343/928/928 151/929/929 255/930/930
f 158/931/931 153/932/932 62/933/933
f 27/934/934 153/935/935 158/936/936
f 159/937/937 478/938/938 55/939/939
f 395/940/940 411/941/941 367/942/942
f 226/943/943 140/944/944 160/945/945
f 448/946/946 160/947/947 140/948/948
f 161/949/949 34/950/950 328/951/951
f 83/952/952 214/953/953 488/954/954
f 50/955/955 162/956/956 366/957/957
f 337/958/958 403/959/959 303/960/960
f 163/961/961 339/962/962 78/963/963
f 163/964/964 78/965/965 66/966/966
f 60/967/967 122/968/968 404/969/969
f 404/970/970 122/971/971 196/972/972
f 468/973/973 253/974/974 165/975/975
f 473/976/976 51/977/977 170/978/978
f 386/979/979 166/980/980 296/981/981
f 386/982/982 10/983/983 166/984/984
f 167/985/985 146/986/986 87/987/987
f 214/988/988 413/989/989 488/990/990
f 354/991/991 168/992/992 18/993/993
f 162/994/994 303/995/995 366/996/996
f 182/997/997 11/998/998 169/999/999
f 385/1000/1000 11/1001/1001 98/1002/1002
f 170/1003/1003 165/1004/1004 253/1005/1005
f 243/1006/1006 165/1007/1007 170/1008/1008
f 102/1009/1009 341/1010/1010 72/1011/1011
f 341/1012/1012 250/1013/1013 72/1014/1014
f 358/1015/1015 416/1016/1016 17/1017/1017
f 416/1018/1018 212/1019/1019 69/1020/1020
f 402/1021/1021 125/1022/1022 41/1023/1023
f 41/1024/1024 289/1025/1025 179/1026/1026
f 113/1027/1027 495/1028/1028 85/1029/1029
f 85/1030/1030 202/1031/1031 123/1032/1032
f 388/1033/1033 282/1034/1034 291/1035/1035
f 394/1036/1036 498/1037/1037 64/1038/1038
f 150/1039/1039 176/1040/1040 470/1041/1041
f 256/1042/1042 311/1043/1043 447/1044/1044
f 50/1045/1045 177/1046/1046 162/1047/1047
f 187/1048/1048 117/1049/1049 497/1050/1050
f 314/1051/1051 450/1052/1052 120/1053/1053
f 120/1054/1054 182/1055/1055 88/1056/1056
f 414/1057/1057 173/1058/1058 179/1059/1059
f 173/1060/1060 41/1061/1061 179/1062/1062
f 90/1063/1063 285/1064/1064 180/1065/1065
f 29/1066/1066 90/1067/1067 185/1068/1068
f 331/1069/1069 336/1070/1070 181/1071/1071
f 461/1072/1072 65/1073/1073 422/1074/1074
f 120/1075/1075 450/1076/1076 182/1077/1077
f 445/1078/1078 11/1079/1079 182/1080/1080
f 272/1081/1081 183/1082/1082 112/1083/1083
f 133/1084/1084 112/1085/1085 349/1086/1086
f 436/1087/1087 73/1088/1088 431/1089/1089
f 417/1090/1090 125/1091/1091 73/1092/1092
f 185/1093/1093 90/1094/1094 180/1095/1095
f 266/1096/1096 180/1097/1097 15/1098/1098
f 217/1099/1099 362/1100/1100 461/1101/1101
f 193/1102/1102 217/1103/1103 313/1104/1104
f 177/1105/1105 50/1106/1106 187/1107/1107
f 206/1108/1108 292/1109/1109 50/1110/1110
f 3/1111/1111 327/1112/1112 188/1113/1113
f 188/1114/1114 54/1115/1115 86/1116/1116
f 189/1117/1117 163/1118/1118 360/1119/1119
f 409/1120/1120 163/1121/1121 189/1122/1122
f 308/1123/1123 190/1124/1124 4/1125/1125
f 158/1126/1126 62/1127/1127 190/1128/1128
f 239/1129/1129 91/1130/1130 191/1131/1131
f 191/1132/1132 111/1133/1133 482/1134/1134
f 192/1135/1135 80/1136/1136 312/1137/1137
f 192/1138/1138 125/1139/1139 417/1140/1140
f 134/1141/1141 415/1142/1142 193/1143/1143
f 461/1144/1144 362/1145/1145 331/1146/1146
f 249/1147/1147 300/1148/1148 194/1149/1149
f 407/1150/1150 397/1151/1151 69/1152/1152
f 7/1153/1153 251/1154/1154 195/1155/1155
f 174/1156/1156 247/1157/1157 339/1158/1158
f 239/1159/1159 191/1160/1160 482/1161/1161
f 482/1162/1162 122/1163/1163 95/1164/1164
f 477/1165/1165 297/1166/1166 197/1167/1167
f 321/1168/1168 184/1169/1169 427/1170/1170
f 130/1171/1171 380/1172/1172 309/1173/1173
f 130/1174/1174 136/1175/1175 380/1176/1176
f 336/1177/1177 199/1178/1178 181/1179/1179
f 203/1180/1180 226/1181/1181 199/1182/1182
f 314/1183/1183 200/1184/1184 178/1185/1185
f 457/1186/1186 36/1187/1187 215/1188/1188
f 223/1189/1189 201/1190/1190 128/1191/1191
f 201/1192/1192 63/1193/1193 426/1194/1194
f 85/1195/1195 495/1196/1196 202/1197/1197
f 174/1198/1198 339/1199/1199 202/1200/1200
f 336/1201/1201 203/1202/1202 199/1203/1203
f 110/1204/1204 17/1205/1205 203/1206/1206
f 487/1207/1207 352/1208/1208 204/1209/1209
f 204/1210/1210 131/1211/1211 487/1212/1212
f 150/1213/1213 290/1214/1214 105/1215/1215
f 408/1216/1216 150/1217/1217 470/1218/1218
f 132/1219/1219 476/1220/1220 206/1221/1221
f 206/1222/1222 262/1223/1223 132/1224/1224
f 207/1225/1225 71/1226/1226 426/1227/1227
f 375/1228/1228 207/1229/1229 444/1230/1230
f 486/1231/1231 110/1232/1232 203/1233/1233
f 486/1234/1234 440/1235/1235 110/1236/1236
f 100/1237/1237 209/1238/1238 304/1239/1239
f 378/1240/1240 59/1241/1241 459/1242/1242
f 278/1243/1243 271/1244/1244 6/1245/1245
f 271/1246/1246 464/1247/1247 6/1248/1248
f 224/1249/1249 211/1250/1250 412/1251/1251
f 166/1252/1252 211/1253/1253 296/1254/1254
f 26/1255/1255 262/1256/1256 212/1257/1257
f 257/1258/1258 364/1259/1259 358/1260/1260
f 115/1261/1261 208/1262/1262 213/1263/1263
f 213/1264/1264 230/1265/1265 115/1266/1266
f 214/1267/1267 167/1268/1268 413/1269/1269
f 167/1270/1270 214/1271/1271 359/1272/1272
f 200/1273/1273 441/1274/1274 215/1275/1275
f 200/1276/1276 215/1277/1277 237/1278/1278
f 4/1279/1279 471/1280/1280 216/1281/1281
f 216/1282/1282 308/1283/1283 4/1284/1284
f 422/1285/1285 217/1286/1286 461/1287/1287
f 186/1288/1288 313/1289/1289 217/1290/1290
f 285/1291/1291 493/1292/1292 443/1293/1293
f 76/1294/1294 291/1295/1295 443/1296/1296
f 219/1297/1297 456/1298/1298 102/1299/1299
f 72/1300/1300 405/1301/1301 102/1302/1302
f 14/1303/1303 220/1304/1304 97/1305/1305
f 265/1306/1306 257/1307/1307 110/1308/1308
f 57/1309/1309 221/1310/1310 127/1311/1311
f 355/1312/1312 57/1313/1313 145/1314/1314
f 222/1315/1315 449/1316/1316 338/1317/1317
f 67/1318/1318 449/1319/1319 391/1320/1320
f 293/1321/1321 144/1322/1322 306/1323/1323
f 49/1324/1324 201/1325/1325 293/1326/1326
f 365/1327/1327 142/1328/1328 224/1329/1329
f 296/1330/1330 211/1331/1331 224/1332/1332
f 225/1333/1333 135/1334/1334 206/1335/1335
f 206/1336/1336 32/1337/1337 225/1338/1338
f 17/1339/1339 172/1340/1340 437/1341/1341
f 437/1342/1342 203/1343/1343 17/1344/1344
f 124/1345/1345 387/1346/1346 227/1347/1347
f 346/1348/1348 322/1349/1349 124/1350/1350
f 228/1351/1351 192/1352/1352 38/1353/1353
f 87/1354/1354 228/1355/1355 38/1356/1356
f 15/1357/1357 180/1358/1358 390/1359/1359
f 319/1360/1360 390/1361/1361 114/1362/1362
f 143/1363/1363 421/1364/1364 230/1365/1365
f 478/1366/1366 159/1367/1367 484/1368/1368
f 384/1369/1369 35/1370/1370 231/1371/1371
f 225/1372/1372 384/1373/1373 231/1374/1374
f 324/1375/1375 232/1376/1376 279/1377/1377
f 47/1378/1378 89/1379/1379 232/1380/1380
f 43/1381/1381 432/1382/1382 233/1383/1383
f 471/1384/1384 97/1385/1385 216/1386/1386
f 312/1387/1387 234/1388/1388 51/1389/1389
f 234/1390/1390 170/1391/1391 51/1392/1392
f 235/1393/1393 414/1394/1394 68/1395/1395
f 68/1396/1396 133/1397/1397 235/1398/1398
f 236/1399/1399 373/1400/1400 56/1401/1401
f 107/1402/1402 236/1403/1403 56/1404/1404
f 200/1405/1405 237/1406/1406 81/1407/1407
f 237/1408/1408 75/1409/1409 81/1410/1410
f 410/1411/1411 47/1412/1412 238/1413/1413
f 324/1414/1414 47/1415/1415 232/1416/1416
f 482/1417/1417 95/1418/1418 444/1419/1419
f 95/1420/1420 375/1421/1421 444/1422/1422
f 240/1423/1423 392/1424/1424 311/1425/1425
f 240/1426/1426 396/1427/1427 392/1428/1428
f 316/1429/1429 149/1430/1430 297/1431/1431
f 419/1432/1432 149/1433/1433 465/1434/1434
f 288/1435/1435 242/1436/1436 108/1437/1437
f 6/1438/1438 108/1439/1439 242/1440/1440
f 243/1441/1441 80/1442/1442 146/1443/1443
f 243/1444/1444 234/1445/1445 80/1446/1446
f 75/1447/1447 317/1448/1448 244/1449/1449
f 171/1450/1450 425/1451/1451 244/1452/1452
f 245/1453/1453 458/1454/1454 352/1455/1455
f 378/1456/1456 245/1457/1457 424/1458/1458
f 435/1459/1459 46/1460/1460 246/1461/1461
f 20/1462/1462 423/1463/1463 46/1464/1464
f 39/1465/1465 7/1466/1466 247/1467/1467
f 247/1468/1468 7/1469/1469 339/1470/1470
f 117/1471/1471 248/1472/1472 37/1473/1473
f 329/1474/1474 490/1475/1475 117/1476/1476
f 300/1477/1477 249/1478/1478 35/1479/1479
f 231/1480/1480 35/1481/1481 249/1482/1482
f 21/1483/1483 250/1484/1484 19/1485/1485
f 353/1486/1486 72/1487/1487 250/1488/1488
f 169/1489/1489 11/1490/1490 251/1491/1491
f 169/1492/1492 251/1493/1493 7/1494/1494
f 166/1495/1495 252/1496/1496 30/1497/1497
f 252/1498/1498 492/1499/1499 30/1500/1500
f 104/1501/1501 276/1502/1502 335/1503/1503
f 401/1504/1504 13/1505/1505 198/1506/1506
f 143/1507/1507 254/1508/1508 398/1509/1509
f 254/1510/1510 356/1511/1511 376/1512/1512
f 255/1513/1513 406/1514/1514 157/1515/1515
f 338/1516/1516 343/1517/1517 255/1518/1518
f 176/1519/1519 121/1520/1520 256/1521/1521
f 256/1522/1522 447/1523/1523 176/1524/1524
f 14/1525/1525 364/1526/1526 257/1527/1527
f 265/1528/1528 14/1529/1529 257/1530/1530
f 3/1531/1531 188/1532/1532 258/1533/1533
f 76/1534/1534 3/1535/1535 258/1536/1536
f 66/1537/1537 2/1538/1538 286/1539/1539
f 485/1540/1540 93/1541/1541 491/1542/1542
f 260/1543/1543 27/1544/1544 158/1545/1545
f 398/1546/1546 254/1547/1547 376/1548/1548
f 261/1549/1549 94/1550/1550 348/1551/1551
f 261/1552/1552 354/1553/1553 94/1554/1554
f 194/1555/1555 262/1556/1556 489/1557/1557
f 206/1558/1558 489/1559/1559 262/1560/1560
f 86/1561/1561 145/1562/1562 263/1563/1563
f 145/1564/1564 246/1565/1565 263/1566/1566
f 264/1567/1567 387/1568/1568 31/1569/1569
f 284/1570/1570 264/1571/1571 31/1572/1572
f 370/1573/1573 265/1574/1574 446/1575/1575
f 265/1576/1576 370/1577/1577 14/1578/1578
f 266/1579/1579 185/1580/1580 180/1581/1581
f 185/1582/1582 266/1583/1583 277/1584/1584
f 163/1585/1585 66/1586/1586 267/1587/1587
f 267/1588/1588 66/1589/1589 485/1590/1590
f 28/1591/1591 268/1592/1592 396/1593/1593
f 197/1594/1594 268/1595/1595 483/1596/1596
f 269/1597/1597 100/1598/1598 304/1599/1599
f 333/1600/1600 465/1601/1601 269/1602/1602
f 270/1603/1603 473/1604/1604 273/1605/1605
f 473/1606/1606 270/1607/1607 136/1608/1608
f 92/1609/1609 359/1610/1610 455/1611/1611
f 118/1612/1612 455/1613/1613 359/1614/1614
f 18/1615/1615 272/1616/1616 255/1617/1617
f 18/1618/1618 183/1619/1619 272/1620/1620
f 273/1621/1621 13/1622/1622 401/1623/1623
f 335/1624/1624 276/1625/1625 273/1626/1626
f 101/1627/1627 274/1628/1628 71/1629/1629
f 71/1630/1630 274/1631/1631 128/1632/1632
f 333/1633/1633 45/1634/1634 434/1635/1635
f 333/1636/1636 269/1637/1637 45/1638/1638
f 428/1639/1639 13/1640/1640 276/1641/1641
f 13/1642/1642 273/1643/1643 276/1644/1644
f 82/1645/1645 185/1646/1646 277/1647/1647
f 307/1648/1648 82/1649/1649 277/1650/1650
f 118/1651/1651 271/1652/1652 278/1653/1653
f 374/1654/1654 229/1655/1655 118/1656/1656
f 279/1657/1657 286/1658/1658 2/1659/1659
f 324/1660/1660 279/1661/1661 2/1662/1662
f 315/1663/1663 280/1664/1664 143/1665/1665
f 52/1666/1666 280/1667/1667 315/1668/1668
f 487/1669/1669 281/1670/1670 59/1671/1671
f 281/1672/1672 25/1673/1673 79/1674/1674
f 64/1675/1675 99/1676/1676 282/1677/1677
f 64/1678/1678 282/1679/1679 388/1680/1680
f 350/1681/1681 77/1682/1682 463/1683/1683
f 77/1684/1684 277/1685/1685 463/1686/1686
f 361/1687/1687 63/1688/1688 284/1689/1689
f 310/1690/1690 284/1691/1691 63/1692/1692
f 69/1693/1693 285/1694/1694 90/1695/1695
f 69/1696/1696 493/1697/1697 285/1698/1698
f 279/1699/1699 259/1700/1700 286/1701/1701
f 53/1702/1702 479/1703/1703 340/1704/1704
f 462/1705/1705 39/1706/1706 287/1707/1707
f 302/1708/1708 39/1709/1709 174/1710/1710
f 114/1711/1711 374/1712/1712 288/1713/1713
f 114/1714/1714 301/1715/1715 306/1716/1716
f 289/1717/1717 67/1718/1718 391/1719/1719
f 289/1720/1720 119/1721/1721 67/1722/1722
f 290/1723/1723 109/1724/1724 205/1725/1725
f 290/1726/1726 205/1727/1727 137/1728/1728
f 282/1729/1729 154/1730/1730 291/1731/1731
f 291/1732/1732 154/1733/1733 443/1734/1734
f 292/1735/1735 85/1736/1736 187/1737/1737
f 187/1738/1738 50/1739/1739 292/1740/1740
f 363/1741/1741 293/1742/1742 223/1743/1743
f 223/1744/1744 293/1745/1745 201/1746/1746
f 20/1747/1747 46/1748/1748 294/1749/1749
f 309/1750/1750 263/1751/1751 418/1752/1752
f 368/1753/1753 295/1754/1754 107/1755/1755
f 107/1756/1756 299/1757/1757 236/1758/1758
f 142/1759/1759 93/1760/1760 296/1761/1761
f 296/1762/1762 224/1763/1763 142/1764/1764
f 241/1765/1765 297/1766/1766 139/1767/1767
f 139/1768/1768 297/1769/1769 245/1770/1770
f 168/1771/1771 5/1772/1772 298/1773/1773
f 298/1774/1774 5/1775/1775 474/1776/1776
f 322/1777/1777 299/1778/1778 295/1779/1779
f 107/1780/1780 295/1781/1781 299/1782/1782
f 300/1783/1783 397/1784/1784 194/1785/1785
f 57/1786/1786 127/1787/1787 389/1788/1788
f 114/1789/1789 288/1790/1790 301/1791/1791
f 108/1792/1792 301/1793/1793 288/1794/1794
f 287/1795/1795 39/1796/1796 302/1797/1797
f 287/1798/1798 302/1799/1799 113/1800/1800
f 303/1801/1801 5/1802/1802 168/1803/1803
f 429/1804/1804 303/1805/1805 168/1806/1806
f 45/1807/1807 269/1808/1808 304/1809/1809
f 304/1810/1810 96/1811/1811 45/1812/1812
f 105/1813/1813 305/1814/1814 150/1815/1815
f 30/1816/1816 305/1817/1817 105/1818/1818
f 306/1819/1819 49/1820/1820 293/1821/1821
f 301/1822/1822 49/1823/1823 306/1824/1824
f 160/1825/1825 82/1826/1826 307/1827/1827
f 307/1828/1828 65/1829/1829 160/1830/1830
f 342/1831/1831 158/1832/1832 308/1833/1833
f 158/1834/1834 190/1835/1835 308/1836/1836
f 20/1837/1837 294/1838/1838 309/1839/1839
f 294/1840/1840 130/1841/1841 309/1842/1842
f 310/1843/1843 40/1844/1844 379/1845/1845
f 63/1846/1846 40/1847/1847 310/1848/1848
f 392/1849/1849 349/1850/1850 311/1851/1851
f 183/1852/1852 168/1853/1853 311/1854/1854
f 312/1855/1855 51/1856/1856 125/1857/1857
f 312/1858/1858 125/1859/1859 192/1860/1860
f 367/1861/1861 481/1862/1862 313/1863/1863
f 134/1864/1864 193/1865/1865 313/1866/1866
f 12/1867/1867 314/1868/1868 469/1869/1869
f 441/1870/1870 457/1871/1871 215/1872/1872
f 439/1873/1873 9/1874/1874 315/1875/1875
f 9/1876/1876 52/1877/1877 315/1878/1878
f 316/1879/1879 297/1880/1880 241/1881/1881
f 269/1882/1882 316/1883/1883 241/1884/1884
f 44/1885/1885 317/1886/1886 75/1887/1887
f 44/1888/1888 141/1889/1889 317/1890/1890
f 385/1891/1891 98/1892/1892 318/1893/1893
f 98/1894/1894 238/1895/1895 318/1896/1896
f 357/1897/1897 15/1898/1898 319/1899/1899
f 15/1900/1900 390/1901/1901 319/1902/1902
f 320/1903/1903 9/1904/1904 439/1905/1905
f 332/1906/1906 320/1907/1907 70/1908/1908
f 197/1909/1909 321/1910/1910 268/1911/1911
f 488/1912/1912 321/1913/1913 197/1914/1914
f 322/1915/1915 346/1916/1916 1/1917/1917
f 322/1918/1918 1/1919/1919 299/1920/1920
f 323/1921/1921 91/1922/1922 239/1923/1923
f 323/1924/1924 63/1925/1925 91/1926/1926
f 47/1927/1927 324/1928/1928 238/1929/1929
f 318/1930/1930 238/1931/1931 324/1932/1932
f 24/1933/1933 75/1934/1934 325/1935/1935
f 75/1936/1936 244/1937/1937 425/1938/1938
f 326/1939/1939 147/1940/1940 395/1941/1941
f 147/1942/1942 420/1943/1943 129/1944/1944
f 54/1945/1945 188/1946/1946 327/1947/1947
f 499/1948/1948 54/1949/1949 327/1950/1950
f 496/1951/1951 161/1952/1952 328/1953/1953
f 271/1954/1954 83/1955/1955 464/1956/1956
f 187/1957/1957 85/1958/1958 329/1959/1959
f 85/1960/1960 123/1961/1961 329/1962/1962
f 235/1963/1963 268/1964/1964 330/1965/1965
f 330/1966/1966 268/1967/1967 321/1968/1968
f 84/1969/1969 208/1970/1970 331/1971/1971
f 415/1972/1972 331/1973/1973 362/1974/1974
f 332/1975/1975 342/1976/1976 308/1977/1977
f 332/1978/1978 70/1979/1979 126/1980/1980
f 275/1981/1981 333/1982/1982 284/1983/1983
f 465/1984/1984 333/1985/1985 275/1986/1986
f 164/1987/1987 334/1988/1988 326/1989/1989
f 420/1990/1990 147/1991/1991 326/1992/1992
f 335/1993/1993 170/1994/1994 253/1995/1995
f 253/1996/1996 104/1997/1997 335/1998/1998
f 208/1999/1999 336/2000/2000 331/2001/2001
f 486/2002/2002 203/2003/2003 336/2004/2004
f 162/2005/2005 497/2006/2006 337/2007/2007
f 162/2008/2008 337/2009/2009 303/2010/2010
f 338/2011/2011 255/2012/2012 157/2013/2013
f 157/2014/2014 414/2015/2015 338/2016/2016
f 7/2017/2017 195/2018/2018 339/2019/2019
f 339/2020/2020 345/2021/2021 78/2022/2022
f 259/2023/2023 340/2024/2024 286/2025/2025
f 89/2026/2026 340/2027/2027 259/2028/2028
f 171/2029/2029 341/2030/2030 425/2031/2031
f 341/2032/2032 171/2033/2033 250/2034/2034
f 126/2035/2035 158/2036/2036 342/2037/2037
f 126/2038/2038 342/2039/2039 332/2040/2040
f 106/2041/2041 343/2042/2042 48/2043/2043
f 294/2044/2044 348/2045/2045 106/2046/2046
f 422/2047/2047 65/2048/2048 344/2049/2049
f 344/2050/2050 350/2051/2051 283/2052/2052
f 345/2053/2053 195/2054/2054 318/2055/2055
f 339/2056/2056 195/2057/2057 345/2058/2058
f 346/2059/2059 124/2060/2060 227/2061/2061
f 333/2062/2062 346/2063/2063 227/2064/2064
f 121/2065/2065 347/2066/2066 256/2067/2067
f 352/2068/2068 458/2069/2069 492/2070/2070
f 348/2071/2071 94/2072/2072 343/2073/2073
f 106/2074/2074 348/2075/2075 343/2076/2076
f 183/2077/2077 311/2078/2078 349/2079/2079
f 183/2080/2080 349/2081/2081 112/2082/2082
f 65/2083/2083 307/2084/2084 350/2085/2085
f 65/2086/2086 350/2087/2087 344/2088/2088
f 213/2089/2089 208/2090/2090 351/2091/2091
f 55/2092/2092 382/2093/2093 351/2094/2094
f 487/2095/2095 59/2096/2096 352/2097/2097
f 245/2098/2098 352/2099/2099 424/2100/2100
f 361/2101/2101 31/2102/2102 353/2103/2103
f 353/2104/2104 250/2105/2105 21/2106/2106
f 225/2107/2107 32/2108/2108 354/2109/2109
f 32/2110/2110 50/2111/2111 366/2112/2112
f 355/2113/2113 221/2114/2114 57/2115/2115
f 221/2116/2116 355/2117/2117 86/2118/2118
f 36/2119/2119 356/2120/2120 159/2121/2121
f 376/2122/2122 356/2123/2123 36/2124/2124
f 357/2125/2125 144/2126/2126 369/2127/2127
f 350/2128/2128 463/2129/2129 283/2130/2130
f 212/2131/2131 358/2132/2132 26/2133/2133
f 212/2134/2134 416/2135/2135 358/2136/2136
f 83/2137/2137 271/2138/2138 359/2139/2139
f 118/2140/2140 359/2141/2141 271/2142/2142
f 163/2143/2143 23/2144/2144 360/2145/2145
f 23/2146/2146 142/2147/2147 360/2148/2148
f 361/2149/2149 353/2150/2150 21/2151/2151
f 21/2152/2152 467/2153/2153 361/2154/2154
f 193/2155/2155 362/2156/2156 217/2157/2157
f 415/2158/2158 362/2159/2159 193/2160/2160
f 101/2161/2161 363/2162/2162 274/2163/2163
f 101/2164/2164 472/2165/2165 363/2166/2166
f 364/2167/2167 262/2168/2168 26/2169/2169
f 358/2170/2170 364/2171/2171 26/2172/2172
f 74/2173/2173 156/2174/2174 365/2175/2175
f 156/2176/2176 360/2177/2177 365/2178/2178
f 354/2179/2179 32/2180/2180 429/2181/2181
f 354/2182/2182 429/2183/2183 168/2184/2184
f 55/2185/2185 351/2186/2186 367/2187/2187
f 411/2188/2188 55/2189/2189 367/2190/2190
f 53/2191/2191 368/2192/2192 479/2193/2193
f 31/2194/2194 387/2195/2195 53/2196/2196
f 369/2197/2197 363/2198/2198 472/2199/2199
f 283/2200/2200 463/2201/2201 369/2202/2202
f 332/2203/2203 220/2204/2204 370/2205/2205
f 14/2206/2206 370/2207/2207 220/2208/2208
f 490/2209/2209 371/2210/2210 109/2211/2211
f 371/2212/2212 156/2213/2213 109/2214/2214
f 480/2215/2215 372/2216/2216 155/2217/2217
f 379/2218/2218 40/2219/2219 155/2220/2220
f 10/2221/2221 386/2222/2222 373/2223/2223
f 373/2224/2224 204/2225/2225 10/2226/2226
f 374/2227/2227 278/2228/2228 242/2229/2229
f 374/2230/2230 118/2231/2231 278/2232/2232
f 452/2233/2233 71/2234/2234 375/2235/2235
f 375/2236/2236 71/2237/2237 207/2238/2238
f 260/2239/2239 376/2240/2240 27/2241/2241
f 27/2242/2242 376/2243/2243 457/2244/2244
f 123/2245/2245 377/2246/2246 490/2247/2247
f 377/2248/2248 409/2249/2249 189/2250/2250
f 378/2251/2251 459/2252/2252 100/2253/2253
f 100/2254/2254 241/2255/2255 378/2256/2256
f 379/2257/2257 155/2258/2258 372/2259/2259
f 372/2260/2260 465/2261/2261 379/2262/2262
f 380/2263/2263 198/2264/2264 309/2265/2265
f 198/2266/2266 380/2267/2267 136/2268/2268
f 146/2269/2269 381/2270/2270 243/2271/2271
f 243/2272/2272 381/2273/2273 165/2274/2274
f 230/2275/2275 213/2276/2276 382/2277/2277
f 351/2278/2278 382/2279/2279 213/2280/2280
f 383/2281/2281 490/2282/2282 109/2283/2283
f 248/2284/2284 383/2285/2285 37/2286/2286
f 435/2287/2287 384/2288/2288 225/2289/2289
f 435/2290/2290 35/2291/2291 384/2292/2292
f 251/2293/2293 385/2294/2294 195/2295/2295
f 251/2296/2296 11/2297/2297 385/2298/2298
f 386/2299/2299 296/2300/2300 42/2301/2301
f 42/2302/2302 373/2303/2303 386/2304/2304
f 53/2305/2305 387/2306/2306 368/2307/2307
f 368/2308/2308 387/2309/2309 124/2310/2310
f 258/2311/2311 175/2312/2312 388/2313/2313
f 22/2314/2314 394/2315/2315 175/2316/2316
f 300/2317/2317 35/2318/2318 389/2319/2319
f 389/2320/2320 127/2321/2321 300/2322/2322
f 218/2323/2323 229/2324/2324 390/2325/2325
f 229/2326/2326 114/2327/2327 390/2328/2328
f 222/2329/2329 391/2330/2330 449/2331/2331
f 391/2332/2332 222/2333/2333 414/2334/2334
f 235/2335/2335 133/2336/2336 392/2337/2337
f 392/2338/2338 133/2339/2339 349/2340/2340
f 393/2341/2341 460/2342/2342 111/2343/2343
f 191/2344/2344 393/2345/2345 111/2346/2346
f 388/2347/2347 175/2348/2348 394/2349/2349
f 64/2350/2350 388/2351/2351 394/2352/2352
f 395/2353/2353 138/2354/2354 60/2355/2355
f 395/2356/2356 367/2357/2357 138/2358/2358
f 396/2359/2359 235/2360/2360 392/2361/2361
f 396/2362/2362 268/2363/2363 235/2364/2364
f 300/2365/2365 499/2366/2366 397/2367/2367
f 397/2368/2368 499/2369/2369 327/2370/2370
f 70/2371/2371 398/2372/2372 260/2373/2373
f 260/2374/2374 398/2375/2375 376/2376/2376
f 285/2377/2377 399/2378/2378 218/2379/2379
f 399/2380/2380 229/2381/2381 218/2382/2382
f 129/2383/2383 420/2384/2384 400/2385/2385
f 460/2386/2386 129/2387/2387 400/2388/2388
f 270/2389/2389 401/2390/2390 136/2391/2391
f 270/2392/2392 273/2393/2393 401/2394/2394
f 173/2395/2395 402/2396/2396 41/2397/2397
f 402/2398/2398 173/2399/2399 73/2400/2400
f 337/2401/2401 37/2402/2402 403/2403/2403
f 37/2404/2404 383/2405/2405 403/2406/2406
f 164/2407/2407 60/2408/2408 404/2409/2409
f 164/2410/2410 404/2411/2411 196/2412/2412
f 405/2413/2413 47/2414/2414 410/2415/2415
f 102/2416/2416 405/2417/2417 219/2418/2418
f 272/2419/2419 148/2420/2420 406/2421/2421
f 68/2422/2422 406/2423/2423 148/2424/2424
f 262/2425/2425 194/2426/2426 407/2427/2427
f 194/2428/2428 397/2429/2429 407/2430/2430
f 298/2431/2431 474/2432/2432 408/2433/2433
f 408/2434/2434 474/2435/2435 150/2436/2436
f 123/2437/2437 202/2438/2438 409/2439/2439
f 123/2440/2440 409/2441/2441 377/2442/2442
f 410/2443/2443 98/2444/2444 219/2445/2445
f 219/2446/2446 405/2447/2447 410/2448/2448
f 411/2449/2449 159/2450/2450 55/2451/2451
f 159/2452/2452 411/2453/2453 147/2454/2454
f 211/2455/2455 137/2456/2456 412/2457/2457
f 137/2458/2458 205/2459/2459 412/2460/2460
f 167/2461/2461 87/2462/2462 413/2463/2463
f 488/2464/2464 413/2465/2465 87/2466/2466
f 68/2467/2467 414/2468/2468 16/2469/2469
f 16/2470/2470 414/2471/2471 157/2472/2472
f 331/2473/2473 415/2474/2474 84/2475/2475
f 134/2476/2476 84/2477/2477 415/2478/2478
f 17/2479/2479 416/2480/2480 172/2481/2481
f 172/2482/2482 416/2483/2483 140/2484/2484
f 436/2485/2485 417/2486/2486 73/2487/2487
f 184/2488/2488 38/2489/2489 417/2490/2490
f 20/2491/2491 309/2492/2492 418/2493/2493
f 418/2494/2494 423/2495/2495 20/2496/2496
f 419/2497/2497 480/2498/2498 34/2499/2499
f 419/2500/2500 34/2501/2501 149/2502/2502
f 400/2503/2503 420/2504/2504 334/2505/2505
f 420/2506/2506 326/2507/2507 334/2508/2508
f 230/2509/2509 421/2510/2510 115/2511/2511
f 52/2512/2512 115/2513/2513 421/2514/2514
f 186/2515/2515 217/2516/2516 422/2517/2517
f 186/2518/2518 422/2519/2519 101/2520/2520
f 246/2521/2521 46/2522/2522 423/2523/2523
f 246/2524/2524 423/2525/2525 418/2526/2526
f 378/2527/2527 424/2528/2528 59/2529/2529
f 59/2530/2530 424/2531/2531 352/2532/2532
f 325/2533/2533 75/2534/2534 430/2535/2535
f 445/2536/2536 325/2537/2537 430/2538/2538
f 71/2539/2539 128/2540/2540 426/2541/2541
f 426/2542/2542 128/2543/2543 201/2544/2544
f 321/2545/2545 427/2546/2546 330/2547/2547
f 427/2548/2548 184/2549/2549 431/2550/2550
f 86/2551/2551 263/2552/2552 428/2553/2553
f 188/2554/2554 86/2555/2555 428/2556/2556
f 32/2557/2557 453/2558/2558 429/2559/2559
f 429/2560/2560 453/2561/2561 303/2562/2562
f 75/2563/2563 425/2564/2564 430/2565/2565
f 425/2566/2566 102/2567/2567 430/2568/2568
f 427/2569/2569 431/2570/2570 330/2571/2571
f 431/2572/2572 73/2573/2573 330/2574/2574
f 432/2575/2575 97/2576/2576 233/2577/2577
f 14/2578/2578 97/2579/2579 432/2580/2580
f 10/2581/2581 433/2582/2582 252/2583/2583
f 252/2584/2584 433/2585/2585 352/2586/2586
f 434/2587/2587 1/2588/2588 346/2589/2589
f 346/2590/2590 333/2591/2591 434/2592/2592
f 225/2593/2593 116/2594/2594 435/2595/2595
f 435/2596/2596 116/2597/2597 46/2598/2598
f 184/2599/2599 417/2600/2600 436/2601/2601
f 184/2602/2602 436/2603/2603 431/2604/2604
f 226/2605/2605 437/2606/2606 140/2607/2607
f 203/2608/2608 437/2609/2609 226/2610/2610
f 79/2611/2611 131/2612/2612 438/2613/2613
f 438/2614/2614 281/2615/2615 79/2616/2616
f 70/2617/2617 320/2618/2618 439/2619/2619
f 439/2620/2620 398/2621/2621 70/2622/2622
f 265/2623/2623 110/2624/2624 440/2625/2625
f 446/2626/2626 265/2627/2627 440/2628/2628
f 441/2629/2629 200/2630/2630 314/2631/2631
f 12/2632/2632 441/2633/2633 314/2634/2634
f 61/2635/2635 298/2636/2636 442/2637/2637
f 447/2638/2638 311/2639/2639 61/2640/2640
f 285/2641/2641 443/2642/2642 399/2643/2643
f 443/2644/2644 154/2645/2645 399/2646/2646
f 323/2647/2647 239/2648/2648 444/2649/2649
f 239/2650/2650 482/2651/2651 444/2652/2652
f 178/2653/2653 24/2654/2654 445/2655/2655
f 314/2656/2656 178/2657/2657 450/2658/2658
f 446/2659/2659 52/2660/2660 9/2661/2661
f 52/2662/2662 446/2663/2663 440/2664/2664
f 61/2665/2665 442/2666/2666 447/2667/2667
f 176/2668/2668 447/2669/2669 442/2670/2670
f 448/2671/2671 90/2672/2672 29/2673/2673
f 448/2674/2674 29/2675/2675 82/2676/2676
f 48/2677/2677 338/2678/2678 449/2679/2679
f 67/2680/2680 48/2681/2681 449/2682/2682
f 178/2683/2683 445/2684/2684 450/2685/2685
f 450/2686/2686 445/2687/2687 182/2688/2688
f 451/2689/2689 176/2690/2690 305/2691/2691
f 451/2692/2692 121/2693/2693 176/2694/2694
f 452/2695/2695 101/2696/2696 71/2697/2697
f 122/2698/2698 101/2699/2699 452/2700/2700
f 453/2701/2701 32/2702/2702 366/2703/2703
f 453/2704/2704 366/2705/2705 303/2706/2706
f 454/2707/2707 294/2708/2708 48/2709/2709
f 48/2710/2710 67/2711/2711 454/2712/2712
f 455/2713/2713 118/2714/2714 210/2715/2715
f 92/2716/2716 455/2717/2717 210/2718/2718
f 456/2719/2719 11/2720/2720 445/2721/2721
f 11/2722/2722 456/2723/2723 219/2724/2724
f 27/2725/2725 457/2726/2726 12/2727/2727
f 12/2728/2728 457/2729/2729 441/2730/2730
f 492/2731/2731 458/2732/2732 347/2733/2733
f 458/2734/2734 477/2735/2735 347/2736/2736
f 209/2737/2737 459/2738/2738 96/2739/2739
f 209/2740/2740 100/2741/2741 459/2742/2742
f 460/2743/2743 393/2744/2744 141/2745/2745
f 141/2746/2746 129/2747/2747 460/2748/2748
f 331/2749/2749 181/2750/2750 461/2751/2751
f 461/2752/2752 181/2753/2753 152/2754/2754
f 88/2755/2755 182/2756/2756 462/2757/2757
f 120/2758/2758 88/2759/2759 469/2760/2760
f 463/2761/2761 357/2762/2762 369/2763/2763
f 463/2764/2764 266/2765/2765 357/2766/2766
f 464/2767/2767 328/2768/2768 108/2769/2769
f 464/2770/2770 496/2771/2771 328/2772/2772
f 465/2773/2773 149/2774/2774 316/2775/2775
f 269/2776/2776 465/2777/2777 316/2778/2778
f 466/2779/2779 8/2780/2780 435/2781/2781
f 466/2782/2782 145/2783/2783 8/2784/2784
f 467/2785/2785 21/2786/2786 19/2787/2787
f 191/2788/2788 467/2789/2789 19/2790/2790
f 468/2791/2791 99/2792/2792 64/2793/2793
f 165/2794/2794 99/2795/2795 468/2796/2796
f 62/2797/2797 469/2798/2798 462/2799/2799
f 88/2800/2800 462/2801/2801 469/2802/2802
f 442/2803/2803 298/2804/2804 470/2805/2805
f 176/2806/2806 442/2807/2807 470/2808/2808
f 476/2809/2809 233/2810/2810 471/2811/2811
f 97/2812/2812 471/2813/2813 233/2814/2814
f 344/2815/2815 283/2816/2816 472/2817/2817
f 283/2818/2818 369/2819/2819 472/2820/2820
f 473/2821/2821 335/2822/2822 273/2823/2823
f 170/2824/2824 335/2825/2825 473/2826/2826
f 5/2827/2827 290/2828/2828 474/2829/2829
f 474/2830/2830 290/2831/2831 150/2832/2832
f 181/2833/2833 475/2834/2834 152/2835/2835
f 475/2836/2836 160/2837/2837 152/2838/2838
f 103/2839/2839 476/2840/2840 471/2841/2841
f 103/2842/2842 292/2843/2843 476/2844/2844
f 197/2845/2845 483/2846/2846 477/2847/2847
f 477/2848/2848 28/2849/2849 396/2850/2850
f 382/2851/2851 478/2852/2852 230/2853/2853
f 484/2854/2854 230/2855/2855 478/2856/2856
f 66/2857/2857 286/2858/2858 485/2859/2859
f 286/2860/2860 340/2861/2861 485/2862/2862
f 33/2863/2863 480/2864/2864 49/2865/2865
f 34/2866/2866 480/2867/2867 33/2868/2868
f 481/2869/2869 134/2870/2870 313/2871/2871
f 351/2872/2872 134/2873/2873 481/2874/2874
f 196/2875/2875 122/2876/2876 482/2877/2877
f 111/2878/2878 196/2879/2879 482/2880/2880
f 28/2881/2881 483/2882/2882 268/2883/2883
f 477/2884/2884 483/2885/2885 28/2886/2886
f 484/2887/2887 143/2888/2888 230/2889/2889
f 143/2890/2890 484/2891/2891 254/2892/2892
f 340/2893/2893 479/2894/2894 485/2895/2895
f 56/2896/2896 485/2897/2897 479/2898/2898
f 486/2899/2899 336/2900/2900 208/2901/2901
f 486/2902/2902 208/2903/2903 115/2904/2904
f 487/2905/2905 131/2906/2906 25/2907/2907
f 25/2908/2908 281/2909/2909 487/2910/2910
f 149/2911/2911 161/2912/2912 488/2913/2913
f 488/2914/2914 161/2915/2915 496/2916/2916
f 249/2917/2917 489/2918/2918 135/2919/2919
f 135/2920/2920 489/2921/2921 206/2922/2922
f 248/2923/2923 490/2924/2924 383/2925/2925
f 117/2926/2926 490/2927/2927 248/2928/2928
f 267/2929/2929 485/2930/2930 491/2931/2931
f 267/2932/2932 491/2933/2933 23/2934/2934
f 492/2935/2935 347/2936/2936 121/2937/2937
f 451/2938/2938 492/2939/2939 121/2940/2940
f 493/2941/2941 3/2942/2942 76/2943/2943
f 493/2944/2944 76/2945/2945 443/2946/2946
f 494/2947/2947 257/2948/2948 358/2949/2949
f 257/2950/2950 494/2951/2951 110/2952/2952
f 495/2953/2953 174/2954/2954 202/2955/2955
f 174/2956/2956 495/2957/2957 302/2958/2958
f 83/2959/2959 496/2960/2960 464/2961/2961
f 496/2962/2962 83/2963/2963 488/2964/2964
f 177/2965/2965 187/2966/2966 497/2967/2967
f 177/2968/2968 497/2969/2969 162/2970/2970
f 253/2971/2971 498/2972/2972 104/2973/2973
f 498/2974/2974 394/2975/2975 104/2976/2976
f 127/2977/2977 499/2978/2978 300/2979/2979
f 221/2980/2980 499/2981/2981 127/2982/2982
