# File exported by Houdini 16.5.405 (www.sidefx.com)
# 999 points
# 5982 vertices
# 1994 primitives
# Bounds: [-33.6768112, -1.35755539, -21.8786774] to [33.6485825, 41.7545738, 21.8588715]
g 
v -33.407135 3.87384033 13.6461468
v 33.0279465 13.3559265 -20.8089066
v 0.915616989 40.7746391 -21.7169609
v -26.4328518 1.1818428 -21.7723541
v 33.4025879 -0.708015442 -14.6561546
v 12.839324 3.15874863 -21.7313499
v -32.190239 32.0363007 -3.27223396
v 33.5129013 10.2197609 13.3088026
v 30.8601551 41.0874977 -6.91421938
v 16.0386524 -1.25522232 8.79787827
v 7.00084734 -0.950790405 -17.4572372
v 9.54619408 40.0347023 -21.6201897
v -3.40215898 41.0578918 8.61984634
v -30.6174164 28.4144783 -21.2854004
v -9.092659 1.63164139 -21.8324242
v 11.7793465 41.0055847 8.3730135
v -33.4506226 17.1623936 3.05000496
v 30.5941467 14.9672947 21.2760277
v 31.6605339 37.6590919 19.497509
v -20.7928524 41.1069641 -12.7097063
v 29.8951778 40.4813538 10.3226643
v -32.5364685 8.40274143 -18.5147705
v 32.7217407 37.1623192 5.13846207
v -1.76409411 10.7774458 21.7923355
v 32.0532761 39.0022507 -3.36185765
v 24.3827286 40.4608917 -21.6672058
v -32.9818878 9.85243607 19.9155998
v 32.8275833 32.7606888 -6.5822978
v -3.82200885 39.5558472 19.6652374
v -31.9686489 3.34443855 -21.67202
v 31.4788799 38.2929459 -18.6320724
v 14.8441496 40.2016373 20.0018501
v -10.2280035 -0.538551331 -17.7710457
v -33.0761414 0.921970367 -12.0887299
v 32.3961792 -0.416267395 16.1437149
v 14.7115002 33.6963348 -21.8534203
v -28.0170841 39.3593712 19.8803253
v 31.951664 2.40899658 -20.1757317
v -20.6060658 38.7723579 -21.0942192
v -23.8515778 13.1836662 21.6484642
v 24.4416409 -0.920986176 -16.9417038
v 20.5984726 41.4210548 -12.201972
v -32.7159195 26.7757092 21.5123978
v 30.6125355 6.35536671 -21.2963486
v 22.715313 40.3273392 18.3296509
v -23.2253857 22.1730137 21.5844421
v 0.642699957 12.119318 -21.8686562
v -33.5289688 15.7086506 11.8284216
v 31.4549541 35.883194 21.067688
v -17.4035378 33.8018723 -21.8786774
v -31.1930847 -0.626602173 13.0325804
v 33.2192459 7.08334351 14.4901085
v -29.9024601 41.0169144 -13.9112406
v -31.7321186 16.9792557 20.8038139
v 32.9932556 18.2679482 20.3071442
v -32.14077 15.2395172 -18.6745949
v 27.9317036 41.3700333 -19.4778748
v 22.9507675 23.7215233 21.6217499
v -30.7528553 20.2948952 -21.8617477
v 11.342967 41.3424301 3.26264954
v 26.1880226 40.2395401 -21.7662163
v -33.3844147 6.85667038 -5.23619747
v 1.42179453 36.9422379 21.0420647
v -29.8595467 36.3834839 -19.8435097
v -7.08554697 38.2963295 21.0686989
v 31.6290436 39.8016968 -12.5199833
v -25.6454868 37.4500427 -21.0112991
v 33.261116 -0.232427597 -17.6509094
v -30.4538841 0.926254272 21.0344124
v -33.004776 39.5040398 17.1863632
v -29.82481 8.30088043 21.6996765
v -5.17569828 38.3426781 -21.859642
v 33.4245529 20.7539539 0.833985507
v -5.23993874 40.2013931 18.7140541
v -29.8749733 10.7006159 21.3089981
v 32.5055084 34.0758171 -19.8927612
v 17.259655 -1.21944046 -3.933743
v -33.3224106 18.7924919 18.2907143
v -31.1016788 39.804493 -7.73354292
v 26.3306255 38.0066681 20.9977074
v -33.500679 20.2187405 10.233676
v 33.1849289 23.3845367 -8.65102196
v 6.21286964 40.9796753 -21.1632805
v 25.9594765 -0.751441956 19.2697487
v -17.5067749 39.7259598 20.8362083
v -22.0184155 0.144363403 -19.1899834
v 28.0044174 40.6813049 3.34027553
v -2.34778714 40.5155144 -21.1436424
v 33.3117065 -0.788864136 12.4105978
v -18.5741043 -0.0929470062 -19.6043549
v 32.8809509 26.0048656 -19.9952469
v 16.7462788 35.4710464 21.3938141
v -19.6927872 40.8165703 -20.142765
v -33.0607758 2.91373825 20.8668861
v -32.1294327 35.9994507 20.8849373
v 32.7054749 36.9753189 17.9242363
v -30.506918 1.86237717 -21.8264809
v 20.8367596 30.7822685 -21.6356773
v -14.8992443 39.4206543 -21.2868118
v -0.421711534 -0.455806732 21.8588715
v -31.4107151 40.0087662 14.9656429
v 32.8264313 25.2225494 -21.2738953
v 31.6837063 38.925705 2.29380202
v -17.4347649 36.9878311 -21.8119621
v 26.0007381 12.0723419 21.5472603
v -33.3765411 36.0571938 20.1908798
v 0.509467483 39.9514008 20.1275902
v -33.0320816 -0.610435486 15.1388493
v 29.8154449 3.67908478 20.882534
v 28.8678436 39.7262955 -21.4129677
v -0.250057995 23.1365585 21.5897865
v 32.8093414 29.6439705 20.484951
v 19.5122223 38.3455658 20.9932251
v 25.636301 2.47132492 -21.1383209
v 22.604845 -0.58663559 20.9396286
v 33.3561325 22.1450653 19.1974754
v 30.8025284 0.479557037 -18.9020195
v 15.3718519 38.1035652 21.2353096
v -31.886879 25.4686337 21.150116
v 21.8939819 1.71459198 21.4486084
v -31.4024887 29.3614197 -15.6077967
v 28.7348537 38.2023621 -21.7375107
v 23.2002563 1.12363052 -20.1513748
v -13.4850693 40.5184784 15.6973381
v 32.5618286 36.1471252 0.748762012
v 13.6886244 39.8082199 -21.5621033
v -32.9181976 6.43035507 21.137619
v -1.61336756 38.0183029 20.7681694
v 32.7115021 -0.855539322 -1.82584834
v 32.8222198 35.605957 3.90334678
v 26.5383873 40.7173386 9.49733639
v -6.71972847 30.8961372 21.4202461
v -32.4788742 28.1427956 -3.440063
v 30.0007343 40.2798538 2.934448
v 10.2535429 37.5669327 -21.877739
v 33.6188507 0.935600281 10.2100401
v 30.1141605 40.7815094 0.0648975
v 4.96355724 39.8708038 20.6767387
v -28.731308 27.4712868 21.5599213
v -33.1895523 1.52112579 -2.21161652
v -25.7017212 28.6902046 -21.8721809
v 29.1917152 41.1215172 -4.69726229
v -32.2761002 32.0652962 21.4247246
v 19.8602772 0.038394928 21.5542488
v -6.45722389 39.6399536 -21.3822937
v 33.5124893 13.2265339 -6.93565416
v 31.0113125 40.5584068 -3.99348545
v -16.5651226 38.9921227 21.3816605
v 13.3291931 16.2507553 21.7420845
v -24.9423389 41.0074883 -18.2363205
v 31.8017445 27.3306351 -21.268692
v -33.2029724 24.9981041 5.8370719
v 7.0197525 41.3748474 4.04679441
v 32.8055878 37.577446 15.7932177
v -27.5981274 40.6545486 -19.3465309
v 26.319128 27.8655891 21.5493164
v 4.1367135 -1.05876923 -14.4051294
v -6.48588848 41.1540794 4.21756935
v 32.4633408 37.0548096 -3.86408854
v -28.6322651 37.0096207 -20.4627151
v 29.4824009 40.3224487 16.9356117
v -18.0526562 -0.942041397 21.6782799
v 33.5772552 3.96985626 -18.2298393
v 30.2973804 2.33815384 19.986866
v -14.7055693 40.9828186 5.86785364
v 32.5115585 39.1418839 -7.71258354
v 32.4534683 12.796484 21.1420555
v -33.4641953 25.0073395 20.0852089
v 21.8261223 39.7393684 19.9223061
v -28.0204182 40.8161049 1.00659847
v 3.10298491 18.4792976 21.6920586
v -32.927063 19.283268 20.1898956
v 29.4075489 40.4579163 -20.5004807
v 29.3171749 40.288208 5.80858421
v -22.8441162 38.6544418 21.5228577
v -32.245697 40.4713058 5.44382572
v 17.7663708 40.5128593 -21.281559
v -33.1851654 9.95464706 19.2314072
v 33.0755234 6.08337021 -19.746048
v 32.2476883 38.8261871 9.70555496
v 22.0678005 40.4792976 -21.5546722
v -29.3334446 37.6642838 20.9180412
v 4.36453152 39.3635521 -21.8786201
v -24.4649849 9.60277939 21.8227196
v 10.8828173 -1.1673317 -6.11371279
v 31.9153538 38.6650505 7.24082947
v -30.7834396 35.1087837 -15.1055689
v 0.247397989 41.5958443 -14.1141157
v 31.4700603 34.1330185 -20.9032936
v 31.0260124 39.809967 9.16820049
v -32.9990616 0.0484657288 -0.479197979
v 17.5692787 -1.19220352 19.885231
v -28.4225025 32.3124695 -21.3423386
v 2.41521311 41.3431091 -20.8660507
v -10.2915316 39.0041962 20.3745842
v -33.4043655 23.6051159 19.5436974
v 30.8344936 39.5344467 17.5776787
v -0.215865493 41.5591621 -19.6118279
v 31.8460617 8.03076172 20.8390312
v 29.5088463 -0.675359726 -16.9340744
v -33.3538589 29.7217712 21.4165802
v -17.6722755 -0.981628418 14.941411
v 31.5083122 5.3672142 19.5153999
v 32.3771362 36.9671173 19.3013687
v -33.541069 12.0716209 6.61152697
v -29.3699684 41.2182159 -13.4669638
v 6.32301426 31.2627411 21.39711
v 9.70247841 22.076601 -21.777298
v 11.8194904 0.750278473 21.8200073
v 32.1904144 34.2808533 20.9229889
v -17.9423676 27.6927986 21.6021233
v -31.7191238 19.7605724 -20.2008743
v 27.9787827 3.73104095 -21.4939995
v -31.4206333 11.2296677 -21.8732529
v 33.1415558 29.074091 18.8617096
v 28.9158192 4.62719727 21.334446
v -17.4174786 38.3276825 -21.5751457
v 31.890976 39.7150269 -3.50506711
v -18.7074261 16.7803478 21.7969437
v -29.8985367 -0.82598114 20.4372978
v 17.9040489 39.8181458 20.3515472
v 11.417778 41.6592865 -20.8295097
v 32.3724518 4.09466934 17.9097633
v 30.7570343 31.0694084 21.2845421
v -32.5539322 3.02402878 -20.1226425
v -10.031147 40.8352051 -20.6250648
v 0.987359524 -1.10130692 6.04598475
v -30.7069187 19.1614799 21.0053673
v -32.7549591 14.3603077 -11.2228308
v -24.0659637 40.5570831 -20.5577316
v -5.28006983 37.888237 21.0372047
v 12.7049417 -1.35755539 21.1815262
v 32.2095413 38.2164459 -16.7578201
v -31.6267643 8.2412529 21.3416138
v -17.3365879 40.2958336 -20.783783
v 29.8845959 38.5832291 19.5760612
v -33.1678467 1.28722382 -13.10075
v -4.04869795 -0.888778687 21.8174706
v 31.090229 6.36256027 20.6197853
v 8.75429535 26.5592022 -21.8785591
v 7.3214407 38.1782188 21.039257
v 33.6152115 8.818367 -11.4274759
v -30.205122 33.5226479 -20.8158112
v 26.8264065 41.0491982 -0.258267999
v 10.4565163 40.0361519 20.5318069
v -6.88281918 40.3183289 17.9907036
v 33.5796204 11.0284519 -5.13719797
v -27.9802208 26.0350266 21.426384
v 31.7038746 -0.019985199 17.2550354
v 31.718132 25.9844685 -21.3660049
v -25.9991856 41.0800552 -9.80619812
v -14.2350302 40.0059967 19.3583336
v -8.30540848 39.945015 -21.0793419
v -22.3846817 -0.91456604 15.925106
v 30.8087196 33.049324 -21.3899269
v 33.1621094 13.7133846 -20.2068901
v -33.6768112 27.0213795 20.7973785
v -30.4547672 41.1939888 -11.0368061
v 32.5085144 17.5467072 20.8575859
v 17.8582115 0.779382706 -19.8042946
v -2.34809256 39.3499985 19.9649162
v 31.4676437 40.0687637 15.004571
v -33.1686478 0.631059647 6.52704477
v -25.7148781 27.4475975 21.6626244
v 14.2936916 -1.2373848 -11.7732182
v 13.5186701 33.8278084 21.4796829
v 24.6700897 -0.232913971 20.8633194
v 10.9172373 -1.23400116 -12.3452778
v -33.4249268 3.053545 16.6417007
v 26.1984196 40.7846909 6.71613503
v 12.0229359 35.3884773 21.3850861
v 29.6033001 39.5080032 -21.0284157
v -11.1287498 -0.642620087 -11.8511295
v -4.79082298 41.451252 -19.5940208
v 33.6277161 14.5022316 11.9544449
v 32.7745972 34.213871 -4.25549126
v -33.3475037 5.6159296 18.0931664
v 3.71660447 41.6010208 -5.41325998
v 33.1291809 17.9762001 -20.8577614
v -15.2130814 -0.450637817 -13.994606
v -33.6112518 20.3026676 16.8244858
v 32.5137024 7.06567001 18.3917313
v 32.6335449 36.2260971 -7.02370405
v -28.7835159 41.0925674 -15.9304457
v -29.1627712 0.038318634 -8.80920696
v 32.0444717 39.1227303 12.0601435
v -33.4545059 15.7802238 14.6855478
v 31.2197342 40.0669785 -1.55150604
v 33.5387802 0.214981079 -18.2310028
v 31.7450142 24.9965725 21.0684319
v -8.66521358 41.2998352 -3.38383961
v -30.0010452 0.35136795 -12.4972792
v -32.6744003 8.29702377 20.7335968
v -15.6731949 39.6949272 20.8400307
v -13.1742287 37.9413719 -21.7085724
v 15.2554007 2.02173424 -21.6184883
v -30.8467369 30.1720238 -19.6563568
v 13.1121578 39.9907379 20.3956261
v 27.4466305 -0.49313736 19.6958694
v -14.9914312 41.0181198 -20.5535622
v 32.9578629 37.2494812 12.9892731
v -0.271824479 2.39783478 -21.8784294
v -32.2701797 39.4826736 17.9952049
v -31.9966679 0.16633606 20.3413696
v -5.40232468 40.5996399 15.8970966
v 32.8188553 28.2487316 -19.574337
v -33.0466614 23.0851746 0.210237503
v 19.9202652 36.7999458 21.2534752
v 5.07503414 36.827301 21.0796509
v 30.5555668 40.5174332 0.946126997
v 32.9951782 24.7086353 -19.4981384
v -20.2834435 33.0043144 -21.6993523
v -0.83902806 36.8193169 21.1377373
v -19.2061558 40.3968658 14.6623344
v -15.5679045 -0.282903671 -19.1745758
v 31.1916275 39.4061241 4.27141523
v 19.3888664 5.63981342 21.7091331
v -24.6377983 0.0472412109 21.7669296
v 12.9049625 40.6335373 14.3035145
v -28.6915398 26.3219528 -21.8785858
v 32.4859467 38.9206848 -11.9747
v 29.9815273 1.82228279 -20.4183846
v 30.2157612 40.4148712 15.3511305
v -22.4540138 27.3780689 21.6492004
v -33.2596664 -0.111869812 19.4458313
v 33.4217453 26.5054932 19.0646019
v -31.0216656 2.09789658 -21.8779945
v -18.8773098 0.257781982 21.8218498
v 22.1831894 41.185936 0.922785997
v 8.01355171 -1.24531937 -16.6242905
v 33.2090302 11.0976391 15.6443453
v -31.6879368 16.9141254 -21.1907578
v -33.4382629 5.05052185 0.853972912
v 18.6015625 41.4924088 -20.6846085
v 31.5168056 40.5048294 -6.60618782
v -33.216156 29.239233 10.4220095
v -32.8470993 -0.466876984 9.23988247
v -31.2102337 11.5116978 21.0376167
v 26.10256 1.94948387 21.0522652
v 29.1778145 41.3280487 -18.7608986
v -31.5829639 34.498291 -7.71858311
v 33.551796 9.3305397 -14.1060772
v 11.6526442 41.049324 -21.3637505
v -5.83940792 -0.859176636 -7.73628139
v -31.9194469 28.9008503 -9.61751747
v 32.2582016 37.5196762 2.00239158
v 23.9819431 1.31287003 21.2067223
v -10.0729074 40.7329178 14.2138557
v 31.0544701 40.4139977 13.1789865
v -30.5431862 32.5756149 -19.861618
v 32.3589096 27.7808495 -20.8725166
v 31.6445026 39.3964081 -1.09956002
v 27.7790489 0.399600983 20.0557251
v 29.5444241 35.5517349 21.4291458
v -12.2618704 38.5434952 21.2925453
v -24.9306107 41.0917816 -13.6104269
v 30.2572384 41.2082939 -11.5679932
v 32.8676834 -0.678226471 14.3537121
v -33.2414169 5.27067184 20.035202
v -32.1808472 24.2227039 20.9098282
v -24.118576 39.4605637 20.777523
v -26.2536926 -0.949449539 21.0637474
v 23.033453 37.0765991 21.3898315
v 13.9607649 -0.626296997 21.7983513
v -24.075182 39.0459747 21.308567
v 30.5322895 39.8525543 5.56912661
v -4.29239225 38.4609451 20.6468887
v 32.9304733 33.1195297 0.552177012
v 29.9218407 39.8184814 17.8199997
v 11.96593 -1.17839432 21.7004471
v -33.5294495 22.9101467 14.0163612
v 0.739939511 -0.922058105 -17.2173843
v 33.133522 30.8860931 16.8296967
v -27.4060097 20.5068378 21.3139572
v 26.8034554 39.904705 18.4618988
v -29.6921349 30.7021866 -21.3241234
v 20.6192017 39.2272987 20.4406776
v -24.6845245 25.0430756 21.5021095
v 2.90866613 39.8262558 20.4228783
v 4.88921213 41.7141418 -12.7055712
v -33.2865372 1.08525658 19.8785782
v 32.4361267 36.1805 19.6744118
v -32.3402481 20.4506092 20.5814209
v 12.2541819 -1.19602966 1.40355253
v 24.9386215 38.8140755 20.3183556
v 8.46359634 41.2117271 -20.8408775
v 30.9336452 37.5692139 -20.2438431
v -9.6968317 34.5352859 21.3317528
v 11.8018246 38.2697868 21.1186218
v 30.5456848 5.61278248 20.9373245
v -28.8153706 7.668293 21.8248901
v 5.76902866 41.3029938 -20.5878258
v 20.2439384 38.4368286 -21.8184166
v 14.9838667 39.6701088 20.7676468
v 19.1745453 1.56480026 -20.7923164
v 12.3633814 9.38832474 21.8031425
v -32.9374695 36.3214569 20.4161224
v -23.5200996 40.9541779 -0.763861001
v -16.6761532 36.4445801 -21.8663826
v -33.217041 17.2367382 -1.66184604
v -32.107399 10.9933872 -20.5707664
v 18.4855156 39.1687126 -21.7291565
v 33.1967239 1.91643524 -19.2182732
v -6.86164999 38.6187897 -21.7430191
v -11.0873442 14.7132168 21.7671814
v -32.8100281 39.8949432 15.109211
v -33.0442734 14.3690834 -6.32381296
v 25.8415642 -0.656177521 20.0078926
v 25.5758457 8.51011658 21.6051254
v 7.39197874 40.5742416 -21.5216713
v -32.9289398 2.79335594 -17.1029892
v 18.1687489 -0.996520996 20.8158531
v -10.2052174 0.289756775 21.8194695
v -33.6612701 30.3299675 20.8839264
v 32.4171677 12.343092 -21.3164291
v 5.65829325 16.5435448 21.7483635
v 32.6440048 38.236393 13.0796194
v 33.2958298 26.1160965 20.220974
v 32.5192261 9.2044487 -20.7709656
v 32.2904358 0.870609283 17.230835
v 7.9048171 41.7274818 -19.3115158
v 5.78264046 23.991787 21.6297722
v 29.890377 36.2997437 -21.6331444
v -25.0971756 1.3568821 -21.8474655
v 27.1062012 37.2656441 21.4087296
v 32.6217041 38.3003616 9.54053879
v 32.1074142 7.48689651 19.5293198
v -33.3775864 3.63246155 8.10577202
v -24.0830345 41.0543556 -7.72271013
v 30.4397678 20.1593246 21.2756348
v 15.6476431 38.4594231 -21.8746872
v 18.4624825 40.8198013 10.1615858
v -31.8083858 21.2192116 20.8075333
v -2.0274241 40.0582314 19.407856
v -3.40595245 41.4771194 -8.62993717
v 32.2472 38.6455078 -15.1740808
v -33.5792007 19.4909744 14.4065104
v -32.8787308 -0.663524628 19.4869881
v 31.1474094 39.4442406 7.23913479
v 32.72612 5.11785126 16.8161964
v 2.46002197 41.4398384 0.400461972
v -26.1381035 3.50207138 21.8102264
v -33.0461273 7.75896072 20.2114372
v -28.8343525 39.8159637 -18.9010658
v 10.4002438 38.8389778 -21.7861557
v 0.760041475 30.6450081 21.3716202
v 32.876503 36.8959465 7.31796312
v 11.8745642 -1.32437325 -16.5725288
v 16.8721142 38.9469147 20.8650932
v 33.5256424 14.701725 14.5639086
v 2.4742074 -1.01733017 -5.25445366
v -12.1316614 40.2929268 18.061245
v -2.35182595 41.3909149 -19.8143883
v 33.3865128 19.0528641 -5.58000898
v -33.6386795 24.4075489 18.3944817
v -19.13727 40.1617813 17.0940399
v 33.5638657 -0.789901733 -2.22757769
v -20.3311348 41.1008301 -18.5507851
v 32.0585175 21.4865723 20.9397469
v 2.57066178 41.6411552 -19.8511162
v -0.284240514 41.0411606 9.71335793
v 32.4287567 37.9905319 -5.13168907
v 33.6034851 17.6063366 14.5037603
v -4.90483046 40.7267342 -20.5459175
v -33.1471252 4.12506866 -11.889555
v -13.3502283 39.4315796 20.807766
v -11.1783924 -1.08148956 21.6492882
v 32.909874 19.2205753 20.6442261
v -33.542244 18.7255077 15.4242878
v -10.7523689 39.000721 -21.4702377
v 33.6190109 0.865394592 -12.4787674
v 25.0278645 41.0082283 3.18228722
v 5.69415855 21.2505074 -21.8457527
v -18.8828831 39.5086784 -21.0724068
v 21.9830418 41.4713211 -20.2216797
v -2.10254955 40.0060043 -21.7222939
v -10.5355415 18.1480083 21.7076721
v 33.2358398 9.57587147 -19.5545654
v 24.2243576 41.3742371 -20.238369
v 0.0215955004 18.6337433 -21.8781242
v 21.1046047 2.20687485 -21.432827
v -13.3336916 40.8520088 -20.8543434
v 33.304039 10.3279018 -18.8043976
v 21.4002533 40.2190514 19.4021759
v -32.0116196 0.506217957 -10.3004999
v -31.8617516 9.97109985 -21.3454933
v 15.9700546 0.833593369 21.7324104
v 31.1018066 39.9595299 0.935432494
v 27.3988438 16.2058182 21.4964676
v -20.3515224 40.2408562 -20.7655945
v -31.4899979 36.6236 20.9359894
v -32.3853912 4.51741791 -20.6884842
v 31.6179218 39.1651306 0.150616482
v 29.9030361 39.9540024 -20.3687744
v -25.2067661 40.3857613 -20.4048309
v 9.64007759 40.410408 17.6376457
v -33.1191025 23.8141804 20.2326279
v 32.5095444 36.5506744 -17.5876312
v -16.3788147 33.0870361 21.5058823
v -32.7140656 3.39783096 -19.5952492
v -12.5281868 38.1209106 21.3999977
v -18.8332253 34.7171059 -21.6790581
v 21.1123772 10.5400534 21.777504
v 32.5703278 34.7193565 -19.3772202
v -28.5261536 40.9928589 -4.74521875
v -29.1151104 9.72492599 21.5070152
v -2.3332305 40.2804642 18.9232903
v 16.6770077 22.4146137 -21.6626205
v -31.4930992 9.66385269 21.0706978
v -19.6136894 38.739624 21.4536438
v 32.2311935 35.2156448 -19.8697662
v -32.603447 25.1915131 20.9331131
v -33.0733643 16.2198887 19.7133255
v -17.7340145 5.40943527 21.8217201
v 32.5406952 37.7110634 7.27310371
v -25.8500729 -0.658935547 8.27945328
v -9.98519707 40.2739983 18.1438866
v -1.60623884 3.40213776 21.8224487
v 21.1373138 40.1786346 -21.6993484
v -24.350811 -0.917867661 21.6290817
v -18.7823715 31.6869087 -21.8782234
v -9.16308022 38.9779358 20.3000565
v 32.8021927 34.4003983 -1.02672756
v 31.9647141 1.64653015 -19.860611
v -24.3145676 39.9053459 -20.7978058
v 32.7487106 25.0997162 20.7532806
v 17.2107468 -1.18916702 -12.7297449
v 33.1803284 20.8808098 -17.3482857
v 32.29422 37.2438545 1.07233083
v 25.5656452 21.2079678 21.5620422
v 24.0989017 2.91846657 -21.5201683
v 7.98250055 41.5530739 -20.1154251
v -33.4961929 6.93464661 0.468616992
v 30.7920513 38.381546 19.3356323
v -0.00710699987 38.8104401 20.5357933
v 33.5547562 -0.752872467 10.5469761
v 31.0071735 1.8432827 19.2629204
v 1.96605694 40.602047 -21.8534851
v 31.6327724 38.9056015 3.99206829
v 32.2560272 29.8417206 -20.6081161
v -10.9336758 40.0791893 -21.0888138
v -31.6344776 25.5243549 -16.4384193
v 31.6001663 40.1695633 -3.59736872
v -32.2909546 18.4486504 -14.1467733
v 31.4975891 38.9784889 17.3693962
v 31.0580025 35.4781151 21.373085
v -8.31912422 -1.15917397 20.8010445
v 8.84157276 15.5448399 -21.7742882
v -29.7325039 35.5328026 -20.4012566
v -33.0290604 -0.368228912 10.4797792
v -33.3221817 20.9429855 3.23966742
v -33.5519867 26.4256897 21.0695229
v -28.6907978 35.5300789 -20.7842522
v -25.4131317 38.5850143 21.3367462
v 4.22992277 40.8866615 11.3622732
v -3.48553538 -0.827907562 -13.9253035
v 30.4447575 40.2462997 -17.7562943
v -32.1771393 0.345932007 -7.26525784
v -23.6306038 36.0761757 21.5845642
v 11.1325283 41.4289246 -1.7957294
v -26.4587994 23.1176777 21.3738556
v 32.1267624 10.2141838 21.0357132
v 33.2241745 31.3714447 14.3523321
v 24.9648628 39.2263145 -21.7895012
v -32.9664764 1.95729065 -16.187355
v -31.8842239 39.8875046 0.661424458
v 17.4843121 -1.0834446 -16.941143
v 32.231102 35.3153992 20.7754021
v -22.1453018 -0.235786438 21.8265343
v 25.2400837 40.8684082 7.28976202
v -32.1674347 9.7460556 20.7666626
v -33.5125427 33.0695381 20.7758636
v 9.37650299 40.6279831 -21.4416847
v 13.766077 -1.30040741 16.3166008
v -9.75917625 36.9736366 21.2859535
v 31.5313911 6.55944443 20.0557442
v 28.8218174 40.6952896 1.84109747
v -32.7735138 18.5190983 -7.43990469
v 2.80274606 8.76644611 21.8206787
v 32.2069321 6.38350296 18.8050919
v 25.6679153 28.6719856 -21.506237
v -18.0928135 14.4804249 21.8243256
v 33.5031967 24.6771107 18.6169815
v -19.1872101 38.1309433 -21.2802887
v -28.0333862 40.0151062 -19.5445862
v 28.4917126 5.69111729 21.4342079
v -31.984108 -0.200004578 -0.233209506
v -22.0548115 12.8292427 21.7554131
v -27.8432312 40.9255257 -18.3662643
v -30.2560444 7.34347534 21.6733971
v -0.62895447 34.6992264 21.234684
v 32.4214706 39.4099159 -6.13824034
v -8.88172054 -0.786031723 -8.03394032
v 32.3758469 3.40579605 -20.1892242
v -17.9661026 41.0256882 -19.8820305
v -11.5352755 39.9908447 18.9802666
v 4.37245798 35.2378006 21.192646
v 3.29694796 -1.2462883 21.5830498
v -28.5746937 12.3292427 21.3815727
v 30.2601242 -0.765823364 -16.4319077
v -17.1974106 40.7478714 -20.388279
v 30.7475681 40.5290298 -2.22728896
v 28.5718594 9.28637695 21.4714241
v -33.2685089 6.86000824 19.0434036
v 29.7225113 41.2610588 -15.7914219
v -33.218399 3.39375305 -9.87354279
v 14.5163803 -1.21941948 -5.28098297
v -30.2411518 22.5223713 21.092762
v 2.36409593 26.1625957 21.5258598
v -30.7467365 39.0844383 19.0713921
v -31.3034515 40.9589882 -4.52248573
v -14.4638157 41.2151833 -6.14989662
v 33.1709747 25.5381889 20.5309563
v -31.4089775 27.5759659 21.5583611
v 30.5634499 40.3029938 11.2726221
v 27.3623371 40.1062202 -21.6122093
v -5.14928484 41.3199692 -1.00685954
v 24.7717609 37.7909775 21.2521896
v -8.2072134 40.0797882 18.6130829
v 29.5099773 40.3305588 8.14787483
v -31.0558968 -0.815835953 18.9110794
v 28.3358192 40.6700211 -20.552597
v 27.1930981 1.78171539 20.7580185
v -9.96718216 38.0034561 21.257
v 33.6442795 -0.613506317 9.2629652
v 29.8719101 40.5356865 11.5725775
v 31.9754696 11.3719635 -21.3955002
v -33.357666 36.5639343 19.4618225
v 30.6477776 36.6481857 -21.1170464
v 30.4877739 3.56037903 20.4258652
v 24.8825626 -0.99168396 17.1436157
v 30.4743748 7.46146774 -21.4414864
v 19.9189892 34.3915977 21.4673996
v -33.3450699 30.2856789 13.8684883
v 32.4893341 36.4702187 -1.72058105
v -33.0692596 5.76499939 20.9555168
v 4.44285631 41.3711739 3.99556065
v -30.7039413 41.0393867 -9.94521236
v 28.1939487 40.4304276 7.93628263
v -33.3402405 23.7602406 7.50789833
v -11.1494207 -1.0438633 12.7797966
v -33.0779114 0.757194519 -7.58628368
v -27.5240345 -0.0776138306 21.3901291
v -26.854187 10.7207966 21.5718765
v 8.39374352 36.7616386 21.173996
v 5.03113461 41.7020035 -19.2334213
v 23.9304276 1.88510132 -20.8555374
v -33.15728 1.73514175 -7.97340298
v 33.2229996 0.777130127 -18.8782539
v -28.7239437 1.30540657 21.3682938
v 12.2914219 39.6192856 20.6962318
v 2.95888209 40.8666611 -21.7330055
v 16.2844734 40.8324394 -21.1350746
v 30.4506416 40.2781219 2.15689301
v -33.5716324 27.4356918 17.8069191
v -30.3107471 23.6391182 -21.8590775
v 32.9967041 23.6385174 -21.3596268
v 30.2263203 40.1347809 -19.3139
v -33.1650238 38.6778412 18.2559891
v 31.9158134 38.7086029 -1.51000953
v -30.509285 36.9147034 -15.5078259
v 25.9968166 32.4853287 -21.5648384
v -30.0091743 15.3041134 21.1830788
v 33.5948105 10.905035 12.5290136
v 30.233284 40.8102798 -3.84705639
v -32.7465134 40.0798225 13.1448717
v 30.5973415 31.9697723 -21.4900246
v -16.2075386 41.0970154 0.0178254973
v 27.5071602 2.74618912 -21.1567459
v 33.4239273 13.2606316 -14.6854448
v 32.2672348 37.7560768 3.39542079
v 1.92040849 -0.97899437 -12.5403795
v 28.9742527 12.3101196 21.3996773
v -32.4627075 39.4344177 7.67372227
v -13.051178 31.8182259 21.4406929
v 30.8044529 39.7458992 4.31771183
v 32.270546 36.1794548 -19.0439453
v 2.61407995 36.3200455 21.1019325
v -32.369339 40.2993393 7.77436066
v -32.5585556 9.70548725 20.5676231
v -33.3161011 16.5288677 17.4919701
v 29.1253128 40.9179039 -0.182913497
v -32.1405792 0.730430603 -12.4928541
v 32.7491226 9.06218719 17.8851013
v -33.1966248 17.6488953 19.1601295
v 11.7756996 41.3905983 -21.1210976
v 22.3480453 -0.225719452 21.1742096
v 33.046463 21.3252316 -21.3410263
v 31.1704178 39.8635712 11.131072
v 23.5277004 40.0731812 -21.7843552
v -4.40866899 38.9579468 20.2228088
v 29.5184994 1.36180115 -20.2823563
v -23.6110268 31.7074814 -21.686161
v 9.48946285 41.6245117 -11.2442122
v 31.9073219 34.6603088 -20.4940414
v -2.27653766 38.5143433 20.5406151
v 32.3329697 37.9597855 17.0921364
v 32.9704971 13.7184849 18.3337402
v 21.7336693 38.1291313 21.0563393
v 20.6209469 -0.594026566 21.3535614
v -32.3356476 22.7926922 -9.72094822
v -1.14418793 39.5141068 20.0520973
v 26.7854404 39.321743 19.2854385
v 31.8774357 40.1494217 -5.35146236
v 14.8441992 -1.24037933 21.2131615
v -21.0076027 26.0893784 21.6525993
v -13.241622 40.1302948 -21.1318474
v 32.5871811 26.2591782 -21.1329918
v 21.0247726 -1.05191422 -16.2020683
v -20.8835163 -1.03823853 21.7788162
v 10.5531063 39.8932266 20.7761993
v -33.5501404 14.4596539 9.34473991
v -1.15896201 -0.904628754 -11.9001007
v 16.3187332 5.61092854 21.7927818
v 11.1062098 1.71304321 -21.3936691
v -33.4511337 7.38421631 12.1724119
v -15.8971844 41.2151642 -11.9274569
v 22.1018925 -0.911912918 19.8920021
v -31.2578926 15.9341621 -21.7657127
v 8.09276581 1.95408249 -21.74646
v 25.5595779 3.47374344 21.447094
v -32.9333344 24.3479462 20.5054703
v 33.6228561 3.28298187 -16.4806404
v 32.0306702 1.63814163 17.9548798
v 30.3255978 36.3511772 21.3177223
v 31.8725471 6.56802464 -20.9607887
v -22.6018009 -0.487510681 -2.87516332
v -30.6007538 0.129455566 -7.84650373
v 26.6470261 40.2897339 17.7607918
v -27.258379 -0.797012329 15.6439857
v -3.78492808 40.0389481 -21.4169121
v 27.2976971 0.197174072 -18.6110649
v -33.4325714 3.41439819 18.2159462
v 22.7779694 38.6119194 20.7204361
v -17.8789387 -0.867881775 7.9995718
v -33.5865097 23.9487324 18.9985237
v -21.5294991 0.222824097 -20.1251144
v -33.3911896 5.62936401 16.7179756
v -30.2266769 34.9819908 -19.4282455
v 30.1703472 4.73335648 21.0534515
v 33.6159592 -0.684968948 -13.914753
v -27.3193722 1.24419022 -21.5303421
v 5.84459496 39.9582748 -21.8447952
v -9.84676647 40.0874901 18.6097107
v -31.1557102 34.5100174 -12.1197071
v -17.2379456 -1.08030701 21.5699348
v 33.6485825 -0.133701324 -17.580986
v -28.2138233 28.398304 21.6133957
v 32.4263382 8.5521431 19.192276
v -11.3290138 41.192524 -20.3235664
v -32.9442368 -0.331977844 4.56622219
v 13.1415043 0.766872406 -19.9322815
v 15.4276009 -0.93503952 21.6500435
v -0.350762516 41.5815201 -18.3480072
v 22.2220955 41.0878296 -20.783474
v -24.2190647 39.3099709 21.0592117
v 32.6145477 36.60149 3.07084298
v -16.489687 1.22870636 -21.5858803
v -11.2718525 41.3090591 -19.2827721
v -31.6546535 19.2377949 -20.8936615
v 33.3113327 14.625185 -17.3038597
v 29.7841396 37.6643524 -21.5535583
v -31.3280048 21.5913887 -21.1958694
v -27.8476677 40.0610657 15.7174253
v -3.25655866 1.25178146 -21.2069778
v -33.188591 1.96841049 20.5276222
v -6.03445196 41.141243 -20.0826988
v 30.3190384 36.2406616 -21.4975548
v 6.12631369 -1.20639992 12.3978462
v -31.7340107 7.11638737 21.419014
v 31.6787491 40.0487823 -10.4114046
v 3.57851911 1.77513885 -21.793869
v -6.84113359 40.7890091 -20.4653931
v 32.9362259 34.8404579 5.62438822
v -22.6277466 41.0580826 -5.90110779
v 19.7056732 11.7258482 21.8053589
v -10.7919254 39.4508629 19.786026
v -33.5793076 21.2432156 18.2009888
v -6.16663647 40.7871742 13.6254597
v 21.6586723 -1.07045746 18.9968758
v -5.89796114 0.34249115 21.8267555
v -26.9301796 40.949604 -3.02487683
v 30.538887 41.1387024 -10.3330994
v 30.6464634 0.19726181 18.3028793
v -5.30348396 -1.11515617 21.755188
v 18.9207916 40.271698 19.2850952
v -1.96037614 -0.993648529 -1.75497198
v -8.84115601 40.8276672 12.8205833
v 30.6149654 -0.334955215 17.7796173
v -30.4474735 9.87516022 21.2985229
v 29.9771633 40.147747 4.49767017
v 3.49797654 40.0050735 20.2952728
v 11.3950672 -0.851730347 21.8309784
v 28.4686642 -0.260242462 19.3825645
v -32.7798767 9.58454895 20.3392258
v -33.6317978 29.1324272 21.3248215
v 32.2314072 36.3504868 20.12883
v -5.65006208 40.0694962 -21.1440964
v 33.2411118 7.08409882 -19.4756126
v 29.1490021 41.0624962 -2.84491134
v -32.7458267 20.4003849 20.3854408
v -31.5849419 31.6324234 -10.6981487
v -32.8587036 33.4103661 21.0531158
v -5.70574808 37.4769859 21.1218452
v 24.6073322 40.7888489 9.57397366
v 32.6454468 35.5812263 -10.7951498
v 29.7146816 19.3009872 21.337986
v 33.4382858 10.9769306 -16.022213
v -31.7928352 40.6882324 1.09007752
v 23.0393047 41.133812 3.50816941
v -6.6632719 40.4510269 17.2283936
v -31.8244553 2.99805641 -21.8339729
v 30.0463543 32.7219009 21.3777962
v 33.4220047 16.750042 16.2239418
v -22.5006733 40.709465 -20.4420357
v 19.2889271 41.104393 5.2042551
v -31.4656582 39.8374329 -4.15290689
v 31.8128471 15.6100712 21.088089
v -3.17992306 -0.724781036 -18.1228409
v -30.9249973 31.5847549 -17.7280769
v -29.4017277 39.3045425 -18.6496658
v -31.7018166 40.7755241 -0.455704004
v 32.6554108 31.6125946 -19.6291847
v 33.5478287 2.00762177 -18.4359779
v 4.51338291 41.6683464 -8.86191654
v 13.0449448 5.28847122 21.8217049
v -12.9483061 39.7540245 19.8388367
v -29.9908237 38.0181808 -17.6964264
v 33.0324631 29.3076515 19.5814705
v 18.3805332 40.9955978 -21.1093483
v 26.1905289 41.1717148 -3.53919697
v 30.6748028 7.02879715 21.0827599
v 1.52468657 41.0299873 -21.4243774
v -30.4698048 31.9534798 -20.8413544
v -5.50946522 39.4129829 19.7221451
v 6.87913132 27.7091141 21.5469551
v 30.5466576 40.2757111 16.3114357
v 29.8816319 7.597229 21.299202
v 33.3092422 24.7922134 20.2463303
v -3.43351197 40.8091278 -20.5513611
v 9.78984737 30.7795506 21.5052032
v -13.8347473 40.8673782 9.09206676
v 31.0334778 40.3550797 15.4570427
v 33.6166382 12.3230839 3.92339039
v 18.3960991 37.1114006 21.2269936
v 10.2050896 39.46138 20.9008598
v 19.335413 -1.19344711 -1.22238839
v -10.433733 38.3175926 21.1839447
v 30.0239105 40.1137619 6.7372942
v 33.61763 8.75229359 -3.93176579
v -19.1569481 40.9349442 4.46174717
v -16.8956356 22.45644 21.6841011
v 27.1701488 40.6971169 5.2346034
v 33.4456024 26.5896072 16.054039
v -33.1740646 26.6387367 21.4286766
v -32.9967041 -0.749183655 18.787941
v 23.8509636 41.046627 5.15078211
v 33.3356018 28.4472866 16.2733421
v -32.4113007 31.1928711 -0.815909564
v -33.5012512 17.5325165 14.6232929
v 14.9658661 39.9114799 20.5764618
v -28.2022324 24.0044346 21.3059158
v -33.1684799 -0.618318558 18.8830147
v -33.266716 25.23983 20.5029068
v -33.5060883 9.00571442 2.26783276
v 32.7969589 37.7717094 9.89543533
v -31.3553371 21.7839298 20.938652
v -33.4675217 26.8487129 14.6649132
v 28.8983383 4.64061737 -21.455265
v -32.2145691 35.2335968 0.114471003
v 32.7986755 37.9140167 14.0791044
v 32.6789627 27.297863 -20.2152328
v -30.0076332 20.7101479 21.0865593
v 32.742218 1.63773155 -19.5570221
v 32.6795578 35.2322502 -3.44062757
v 15.1454878 -1.23614502 3.04100084
v -32.6122131 31.651371 3.07774496
v -12.2524996 41.054039 -20.705822
v -30.3417244 16.6095982 -21.8779106
v -30.4224434 26.8300819 21.4418793
v 31.5123138 7.93772984 -21.3780441
v 32.3958054 39.4626541 -7.4769454
v -30.9053555 18.440218 -21.8345909
v -0.985868454 41.1781578 -20.3729706
v -25.4610958 40.7414322 -20.1350021
v -32.4724731 30.8730984 21.4739914
v -33.358429 15.171505 -0.447450995
v -31.5691433 11.6265221 -21.757328
v 28.9434967 38.5181084 19.9310532
v 33.1786346 18.872179 -19.4099159
v 10.4826288 -0.33067131 21.8560257
v 5.64958334 41.7545738 -18.340168
v 16.4735699 38.8162003 -21.7806435
v 32.0290222 38.0125465 -17.6620941
v -17.8703632 -0.682268143 -0.935899496
v -15.7994232 39.5129814 21.0862198
v 1.10054147 14.8566227 21.750248
v -33.3767624 33.2034073 16.9353828
v 28.6348228 1.62698364 20.2882767
v -19.5518074 39.039093 21.3690491
v 30.8381748 28.9932671 -21.4320679
v -28.0218277 -0.470916748 21.1326981
v -33.5084839 34.5173531 20.2689095
v -12.2889738 11.9281368 21.792305
v -24.7620106 28.2472191 21.6921082
v 33.0354309 -0.790885925 13.3430424
v 20.2512074 18.8336296 21.6952019
v -27.1504765 41.0705719 -17.0942726
v 32.0078125 24.0121956 -21.3860321
v 32.6515274 10.6439705 19.1175194
v -26.4299927 9.08148575 21.7822151
v 33.4323425 24.5158939 10.1752529
v 25.1973038 1.26634598 -20.2492294
v -22.3138828 0.0376586914 -17.401226
v 32.0594711 8.71888828 20.7017174
v 13.758399 38.4552116 21.079052
v -33.0688858 1.48743057 -14.5624762
v 30.0770035 40.5200729 13.1111193
v -32.9445801 39.3088493 17.8192482
v -28.2694874 36.177475 21.354332
v 25.9002533 -0.503196716 20.3116646
v -33.200325 0.283039093 13.7499123
v -5.37493706 -0.708824158 -17.7931366
v -19.639473 21.6333637 21.7178764
v -30.3611317 39.8851814 -13.6105881
v -31.3238716 2.26630783 -21.6855202
v 2.84565258 30.5755615 21.3709946
v 10.5641327 26.6684837 -21.8596535
v -14.9936647 40.0430031 -21.0380249
v 32.2059021 37.5522232 18.7729263
v -30.3116055 41.1662331 -12.4186745
v 30.3984566 40.0011024 7.23686314
v 14.4733248 25.0113182 -21.7100105
v 8.81872463 40.926693 -21.2438622
v -23.1591663 41.0779495 -14.1881104
v 20.2011528 2.87929535 -21.6328087
v 29.5658379 40.7316666 -19.9276123
v -28.782114 39.5345459 -19.2360382
v -32.7350235 24.8003941 -2.87806368
v 32.5334473 37.3691483 -5.88068676
v 1.33454692 38.3070717 20.7133408
v -13.6501293 0.0166244507 -19.6309738
v 2.94046998 38.10495 20.7925224
v 29.1248436 41.1364937 -19.5403595
v -0.181009009 40.3643951 18.3349152
v -27.2045326 33.9941101 -21.2710457
v 17.9851894 2.36791801 -21.6420288
v -33.4416351 22.4250393 9.20516491
v -32.8910065 -0.208637238 2.02785015
v -32.1367569 40.2812386 9.30882359
v 32.0709076 28.1608315 -21.063591
v -8.84353256 38.2529297 21.0964203
v 30.2626972 1.01470947 -19.7519073
v 27.8931789 39.6328506 -21.685463
v -32.9824142 0.701538086 -10.1033707
v -29.5506096 38.5430832 -19.0714035
v 11.7881737 37.2632446 21.2723732
v 32.4051895 38.2648201 -15.2802792
v 31.7887344 3.7502327 18.6989326
v 22.8939514 40.1337204 19.2613258
v -31.6887989 38.1590843 19.511055
v 33.6448517 -0.474720001 -13.1497593
v 29.8032398 37.3642998 20.7086601
v -33.1796036 19.5499802 19.5023842
v -33.2533951 2.79485321 -4.8938942
v 13.050107 -1.28852463 21.5313034
v 12.3811083 40.1816177 20.0700111
v -7.50995016 39.0390358 -21.5538712
v -27.0436134 40.7845917 -19.6455688
v -24.6160355 26.2332268 21.5537682
v 32.807869 37.3451271 8.35614586
v 11.2069454 -1.32065964 18.5703239
v 33.4311829 -0.353046417 -17.0650597
v 29.134594 39.7869644 18.15271
v 14.3169479 36.7735977 21.3344116
v -27.1823635 38.3551369 21.1373634
v 4.62697172 -1.01150703 -17.2823334
v 12.7769384 -1.27106857 11.4844751
v 15.9761496 41.2462807 -20.9612923
v 31.4718075 18.2401695 21.0871887
v -27.2165432 40.231575 13.10326
v 13.6526518 39.5962906 20.6805077
v -24.4412327 41.0604668 -17.1197433
v -26.6160851 -0.902194977 21.2418251
v 30.9909248 40.9690323 -6.10727406
v 31.2844276 40.3176003 14.5368118
v -2.21368098 1.72491074 -21.8463936
v 31.7725029 29.5963211 21.0950546
v 1.43993998 39.8587341 20.3178101
v 31.0873604 7.00296402 20.9193649
v -17.1262436 1.4013443 -21.8277931
v -15.177043 40.0711632 18.9580994
v -32.5296478 7.34175491 21.1678276
v 21.0245018 2.11440277 21.5577774
v 5.33470869 41.5356522 -20.0297356
v 29.1235867 36.8252335 21.3848686
v 27.1256847 40.6690674 10.7947845
v 20.4790077 -0.422103882 21.4684372
v -20.6881371 40.9367638 -19.8766403
vt 0.672507763 0.425100207 0
vt 0.696392 0.409254968 0
vt 0.67441678 0.477545053 0
vt 0.919863999 0.659514964 0
vt 0.902076066 0.710740328 0
vt 0.88197732 0.694412231 0
vt 0.35024938 0.290243328 0
vt 0.347370744 0.253951639 0
vt 0.470171183 0.123288997 0
vt 0.447053939 0.48984313 0
vt 0.378782451 0.530456901 0
vt 0.242381558 0.32852146 0
vt 0.643660963 0.0240864828 0
vt 0.635693312 0.0815021545 0
vt 0.504346728 0.0324268006 0
vt 0.296125859 0.009164555 0
vt 0.231662229 0.114486404 0
vt 0.194657162 0.0701636896 0
vt 0.126954719 0.472373635 0
vt 0.0184744336 0.485085726 0
vt 0.0298728831 0.370666474 0
vt 0.399249077 0.702357054 0
vt 0.347042441 0.75799644 0
vt 0.322569549 0.699896455 0
vt 0.758100927 0.713704407 0
vt 0.706825554 0.719769597 0
vt 0.708664596 0.673532188 0
vt 0.754044473 0.184549034 0
vt 0.812728167 0.193211764 0
vt 0.733873487 0.216774046 0
vt 0.275340825 0.622762501 0
vt 0.322569549 0.699896455 0
vt 0.26675576 0.717800617 0
vt 0.552001953 0.429627031 0
vt 0.571465373 0.354221731 0
vt 0.67441678 0.477545053 0
vt 0.317165911 0.859140754 0
vt 0.305706888 0.873931944 0
vt 0.282454222 0.78749162 0
vt 0.565037549 0.319200575 0
vt 0.584072828 0.314356208 0
vt 0.573207498 0.326165587 0
vt 0.103296481 0.168231115 0
vt 0.00865352433 0.175067544 0
vt 0.12500383 0.0969611332 0
vt 0.536869586 0.571327388 0
vt 0.562518001 0.583219469 0
vt 0.547953725 0.586314142 0
vt 0.336931676 0.294311076 0
vt 0.119075008 0.278081328 0
vt 0.263278067 0.283878803 0
vt 0.094245024 0.273583889 0
vt 0.00865352433 0.175067544 0
vt 0.120217137 0.24853006 0
vt 0.465496093 0.878876507 0
vt 0.485980302 0.892570734 0
vt 0.447984666 0.890065014 0
vt 0.142861396 0.490413576 0
vt 0.142467469 0.552066326 0
vt 0.0984343663 0.532076418 0
vt 0.936604679 0.183718458 0
vt 0.903919578 0.239757836 0
vt 0.847910404 0.25374043 0
vt 0.908225358 0.446173936 0
vt 0.917367041 0.504583776 0
vt 0.87816143 0.434851736 0
vt 0.841904104 0.893900931 0
vt 0.782004774 0.855031192 0
vt 0.838105321 0.860344231 0
vt 0.412886232 0.529287457 0
vt 0.393724978 0.580338597 0
vt 0.389759511 0.539392352 0
vt 0.217096388 0.315903306 0
vt 0.119075008 0.278081328 0
vt 0.336931676 0.294311076 0
vt 0.447053939 0.48984313 0
vt 0.242381558 0.32852146 0
vt 0.461054444 0.319407225 0
vt 0.620932937 0.262598038 0
vt 0.645027459 0.285037428 0
vt 0.580382526 0.299716741 0
vt 0.504346728 0.0324268006 0
vt 0.55746156 0.0794056579 0
vt 0.490396619 0.0870482624 0
vt 0.824728251 0.7326051 0
vt 0.791684866 0.713329077 0
vt 0.797929227 0.660853565 0
vt 0.933667243 0.331518233 0
vt 0.918802202 0.324559867 0
vt 0.937175095 0.31749773 0
vt 0.501584232 0.368240416 0
vt 0.534068167 0.447615355 0
vt 0.505152762 0.461641669 0
vt 0.199060589 0.641437173 0
vt 0.214316413 0.643289387 0
vt 0.208146617 0.654732883 0
vt 0.246376574 0.880409002 0
vt 0.231350973 0.87684375 0
vt 0.237429321 0.833901823 0
vt 0.49026522 0.422059536 0
vt 0.499961734 0.455724239 0
vt 0.488249958 0.446613312 0
vt 0.699629128 0.0576742962 0
vt 0.814522982 0.0670581236 0
vt 0.727531314 0.0950020999 0
vt 0.872923136 0.0274281204 0
vt 0.908838212 0.0511853471 0
vt 0.877632082 0.0518893935 0
vt 0.500763237 0.241638422 0
vt 0.501978099 0.226104453 0
vt 0.520404518 0.243389547 0
vt 0.237104237 0.884243608 0
vt 0.246376574 0.880409002 0
vt 0.252013624 0.900290549 0
vt 0.688905478 0.683823168 0
vt 0.687808037 0.639511943 0
vt 0.694755197 0.64767915 0
vt 0.466294616 0.205838665 0
vt 0.455090791 0.210010946 0
vt 0.463930279 0.156621143 0
vt 0.335807741 0.871173978 0
vt 0.321169615 0.875478029 0
vt 0.329588383 0.864159048 0
vt 0.480199009 0.238291293 0
vt 0.488208979 0.220554903 0
vt 0.491055399 0.23406364 0
vt 0.87816143 0.434851736 0
vt 0.917367041 0.504583776 0
vt 0.883530736 0.498822868 0
vt 0.365248233 0.162107006 0
vt 0.302509487 0.212557077 0
vt 0.364845395 0.0991973951 0
vt 0.402819186 0.887390018 0
vt 0.382943451 0.886445463 0
vt 0.395059079 0.878069699 0
vt 0.504263282 0.180691943 0
vt 0.517871857 0.165133432 0
vt 0.531756461 0.18877995 0
vt 0.636467457 0.00948832277 0
vt 0.639089644 0.0128518566 0
vt 0.618620813 0.0153356837 0
vt 0.217346773 0.590203047 0
vt 0.174913883 0.578979373 0
vt 0.183573931 0.500436246 0
vt 0.97390914 0.730956197 0
vt 0.961102545 0.644728243 0
vt 0.971173525 0.675129533 0
vt 0.93132937 0.585560501 0
vt 0.949760199 0.571505785 0
vt 0.942888975 0.591507912 0
vt 0.352715909 0.845496297 0
vt 0.282454222 0.78749162 0
vt 0.414768189 0.773463905 0
vt 0.0315924175 0.571762681 0
vt 0.0220097639 0.557082951 0
vt 0.027640786 0.549170792 0
vt 0.638658941 0.316279888 0
vt 0.659222364 0.324857026 0
vt 0.627560794 0.325059026 0
vt 0.848397553 0.271029204 0
vt 0.90931356 0.257992953 0
vt 0.838434756 0.298240811 0
vt 0.456020802 0.309933662 0
vt 0.451220185 0.242928475 0
vt 0.466580063 0.242973328 0
vt 0.461054444 0.319407225 0
vt 0.242381558 0.32852146 0
vt 0.41831845 0.315503508 0
vt 0.433780879 0.858899295 0
vt 0.414768189 0.773463905 0
vt 0.492836654 0.849834502 0
vt 0.492836654 0.849834502 0
vt 0.44327426 0.881829679 0
vt 0.433780879 0.858899295 0
vt 0.620932937 0.262598038 0
vt 0.755206823 0.25126788 0
vt 0.645027459 0.285037428 0
vt 0.729951382 0.290169239 0
vt 0.728010058 0.294051349 0
vt 0.710322797 0.299959511 0
vt 0.35024938 0.290243328 0
vt 0.263278067 0.283878803 0
vt 0.278609365 0.281357646 0
vt 0.22239846 0.194226801 0
vt 0.152793646 0.148605525 0
vt 0.147725046 0.0774346963 0
vt 0.698893011 0.638178706 0
vt 0.686749578 0.630730212 0
vt 0.723992646 0.631363988 0
vt 0.791684866 0.713329077 0
vt 0.718326747 0.636755228 0
vt 0.752294958 0.644493997 0
vt 0.12500383 0.0969611332 0
vt 0.00865352433 0.175067544 0
vt 0.000974649156 0.0741905048 0
vt 0.256070286 0.688217402 0
vt 0.259507626 0.61016947 0
vt 0.272533953 0.611052394 0
vt 0.18052502 0.596589088 0
vt 0.150796935 0.595847368 0
vt 0.174141169 0.588125467 0
vt 0.504775524 0.890215814 0
vt 0.496963173 0.891192496 0
vt 0.490090042 0.876311243 0
vt 0.805859923 0.293444425 0
vt 0.80917275 0.300460488 0
vt 0.79042995 0.294925064 0
vt 0.805230379 0.367601663 0
vt 0.833182335 0.433581561 0
vt 0.788545132 0.464722097 0
vt 0.0145174349 0.382198513 0
vt 0.0105034197 0.410434544 0
vt 0.0148663651 0.342247218 0
vt 0.164295524 0.314172149 0
vt 0.135233939 0.317138702 0
vt 0.149843201 0.302199095 0
vt 0.77915585 0.016860405 0
vt 0.843483806 0.0186710563 0
vt 0.814522982 0.0670581236 0
vt 0.307104349 0.592430294 0
vt 0.325821638 0.592363715 0
vt 0.297130287 0.600300372 0
vt 0.833182335 0.433581561 0
vt 0.846605062 0.473702252 0
vt 0.788545132 0.464722097 0
vt 0.69519341 0.532092094 0
vt 0.726593494 0.569576085 0
vt 0.623730779 0.557203472 0
vt 0.217096388 0.315903306 0
vt 0.149843201 0.302199095 0
vt 0.119075008 0.278081328 0
vt 0.0304960553 0.277094096 0
vt 0.00883019436 0.282183737 0
vt 0.00867870823 0.265585333 0
vt 0.55100733 0.171809509 0
vt 0.627668619 0.148588076 0
vt 0.545923829 0.190316334 0
vt 0.689513803 0.160839349 0
vt 0.754044473 0.184549034 0
vt 0.733873487 0.216774046 0
vt 0.91130656 0.335431635 0
vt 0.933667243 0.331518233 0
vt 0.939915597 0.363192558 0
vt 0.857903242 0.731255352 0
vt 0.88197732 0.694412231 0
vt 0.902076066 0.710740328 0
vt 0.0402518958 0.351100862 0
vt 0.0286700018 0.363032252 0
vt 0.0177465305 0.335332632 0
vt 0.126954719 0.472373635 0
vt 0.0298728831 0.370666474 0
vt 0.0464137644 0.344750077 0
vt 0.501448452 0.276267052 0
vt 0.580476165 0.235245466 0
vt 0.553597927 0.294234812 0
vt 0.503697097 0.293321937 0
vt 0.496318489 0.307118535 0
vt 0.497052342 0.292496294 0
vt 0.78159076 0.331316948 0
vt 0.828597665 0.358471096 0
vt 0.840074122 0.396430552 0
vt 0.878913045 0.336947471 0
vt 0.941501141 0.371404052 0
vt 0.935010135 0.394638032 0
vt 0.181002304 0.422796637 0
vt 0.150836304 0.337166071 0
vt 0.242381558 0.32852146 0
vt 0.369565189 0.545702338 0
vt 0.243693545 0.442783743 0
vt 0.242381558 0.32852146 0
vt 0.987570703 0.82373029 0
vt 0.95934695 0.84462148 0
vt 0.965380073 0.802943587 0
vt 0.928444266 0.400228083 0
vt 0.944262624 0.399614275 0
vt 0.939431965 0.409701735 0
vt 0.482900172 0.421442658 0
vt 0.49026522 0.422059536 0
vt 0.482157499 0.462577373 0
vt 0.525708735 0.330741942 0
vt 0.506464064 0.324702621 0
vt 0.534780562 0.322722793 0
vt 0.217346773 0.590203047 0
vt 0.183573931 0.500436246 0
vt 0.369565189 0.545702338 0
vt 0.28426677 0.580700576 0
vt 0.234508112 0.59815371 0
vt 0.217346773 0.590203047 0
vt 0.431111991 0.0450941361 0
vt 0.424242437 0.00644393032 0
vt 0.458267838 0.0223398097 0
vt 0.81683749 0.622740746 0
vt 0.828291118 0.611622334 0
vt 0.87795043 0.61353904 0
vt 0.259507626 0.61016947 0
vt 0.256070286 0.688217402 0
vt 0.246752053 0.666346192 0
vt 0.486938715 0.507837892 0
vt 0.490884036 0.487870872 0
vt 0.49966073 0.492192328 0
vt 0.710405469 0.87976712 0
vt 0.695363581 0.868355751 0
vt 0.698538065 0.858190536 0
vt 0.781320095 0.892874122 0
vt 0.726156056 0.871976197 0
vt 0.729273617 0.859090805 0
vt 0.939938784 0.470941037 0
vt 0.944177032 0.445942551 0
vt 0.946997225 0.522961617 0
vt 0.951061666 0.402082354 0
vt 0.950668216 0.411681175 0
vt 0.944931328 0.411575764 0
vt 0.237563521 0.734902263 0
vt 0.20928894 0.74682039 0
vt 0.221512124 0.714271963 0
vt 0.322569549 0.699896455 0
vt 0.282454222 0.78749162 0
vt 0.249903485 0.740322113 0
vt 0.726156056 0.871976197 0
vt 0.695656657 0.840835869 0
vt 0.729273617 0.859090805 0
vt 0.429036379 0.569540739 0
vt 0.412886232 0.529287457 0
vt 0.438991666 0.544500828 0
vt 0.545190513 0.0244309921 0
vt 0.643660963 0.0240864828 0
vt 0.504346728 0.0324268006 0
vt 0.504346728 0.0324268006 0
vt 0.514406443 0.013438222 0
vt 0.529549241 0.0253630299 0
vt 0.536869586 0.571327388 0
vt 0.579495013 0.555520833 0
vt 0.568560421 0.580294967 0
vt 0.623730779 0.557203472 0
vt 0.726593494 0.569576085 0
vt 0.632697582 0.588685155 0
vt 0.466817915 0.456932724 0
vt 0.46139437 0.504261255 0
vt 0.460836649 0.447747827 0
vt 0.464192569 0.416986763 0
vt 0.466817915 0.456932724 0
vt 0.461824834 0.434686363 0
vt 0.628046751 0.184239537 0
vt 0.627668619 0.148588076 0
vt 0.65872997 0.188170657 0
vt 0.580476165 0.235245466 0
vt 0.620932937 0.262598038 0
vt 0.553597927 0.294234812 0
vt 0.0972646624 0.599134028 0
vt 0.11613933 0.591788113 0
vt 0.121486366 0.601968646 0
vt 0.0698380172 0.592537642 0
vt 0.0431344286 0.585227013 0
vt 0.0291622374 0.541459262 0
vt 0.791684866 0.713329077 0
vt 0.752294958 0.644493997 0
vt 0.797929227 0.660853565 0
vt 0.839609265 0.64651823 0
vt 0.81683749 0.622740746 0
vt 0.890043795 0.634256303 0
vt 0.69014883 0.311445206 0
vt 0.70180285 0.322227359 0
vt 0.690350115 0.324123263 0
vt 0.715281844 0.430355132 0
vt 0.760372519 0.374615818 0
vt 0.788545132 0.464722097 0
vt 0.872923136 0.0274281204 0
vt 0.891962349 0.0267054792 0
vt 0.908838212 0.0511853471 0
vt 0.450251222 0.555361152 0
vt 0.450407535 0.566125572 0
vt 0.420390159 0.587345362 0
vt 0.779026389 0.300370336 0
vt 0.752948642 0.296798259 0
vt 0.750438571 0.287881553 0
vt 0.752750933 0.327714115 0
vt 0.760372519 0.374615818 0
vt 0.716501653 0.3480995 0
vt 0.476608187 0.0806044191 0
vt 0.493077666 0.0577722006 0
vt 0.490396619 0.0870482624 0
vt 0.366858572 0.890895426 0
vt 0.384997964 0.895398438 0
vt 0.370200664 0.89651978 0
vt 0.429036379 0.569540739 0
vt 0.393724978 0.580338597 0
vt 0.412886232 0.529287457 0
vt 0.879252911 0.00571408775 0
vt 0.890580058 0.00870780181 0
vt 0.845701993 0.00914047472 0
vt 0.0357320942 0.280505091 0
vt 0.0268421248 0.296266407 0
vt 0.00995669328 0.286268413 0
vt 0.497616202 0.698551714 0
vt 0.487778753 0.647041619 0
vt 0.49204734 0.62750113 0
vt 0.842441797 0.490080804 0
vt 0.888103783 0.524269044 0
vt 0.840666473 0.554635942 0
vt 0.80150038 0.508643568 0
vt 0.842441797 0.490080804 0
vt 0.840666473 0.554635942 0
vt 0.969257414 0.88398248 0
vt 0.859366 0.834524751 0
vt 0.977746904 0.868596613 0
vt 0.969257414 0.88398248 0
vt 0.892712355 0.890348971 0
vt 0.859366 0.834524751 0
vt 0.918953776 0.582852602 0
vt 0.929169238 0.54021883 0
vt 0.949760199 0.571505785 0
vt 0.883530736 0.498822868 0
vt 0.905108631 0.516178191 0
vt 0.888103783 0.524269044 0
vt 0.28426677 0.580700576 0
vt 0.217346773 0.590203047 0
vt 0.365041643 0.564481556 0
vt 0.342061609 0.591763496 0
vt 0.324132681 0.584313989 0
vt 0.370781332 0.577609241 0
vt 0.241831556 0.803585351 0
vt 0.223462254 0.79091239 0
vt 0.249903485 0.740322113 0
vt 0.240744233 0.816648364 0
vt 0.222711653 0.821732759 0
vt 0.220853612 0.803768992 0
vt 0.755206823 0.25126788 0
vt 0.750581324 0.267691225 0
vt 0.645027459 0.285037428 0
vt 0.847910404 0.25374043 0
vt 0.90931356 0.257992953 0
vt 0.848397553 0.271029204 0
vt 0.939055264 0.533852279 0
vt 0.945537329 0.540139914 0
vt 0.939712167 0.541779876 0
vt 0.939938784 0.470941037 0
vt 0.94385916 0.522785664 0
vt 0.936504304 0.510255039 0
vt 0.481141329 0.86320883 0
vt 0.44327426 0.881829679 0
vt 0.492836654 0.849834502 0
vt 0.502395451 0.871878028 0
vt 0.490090042 0.876311243 0
vt 0.491272897 0.860377491 0
vt 0.158033907 0.27433601 0
vt 0.094245024 0.273583889 0
vt 0.120217137 0.24853006 0
vt 0.227055356 0.245205566 0
vt 0.16410616 0.244825795 0
vt 0.16343841 0.201255739 0
vt 0.97390914 0.730956197 0
vt 0.96131295 0.723325968 0
vt 0.961102545 0.644728243 0
vt 0.909707308 0.751707852 0
vt 0.857903242 0.731255352 0
vt 0.902076066 0.710740328 0
vt 0.864287078 0.107108705 0
vt 0.872538447 0.14305903 0
vt 0.821157873 0.151303872 0
vt 0.90639317 0.113020763 0
vt 0.886602461 0.0782760903 0
vt 0.917556822 0.0677849799 0
vt 0.507295668 0.340252757 0
vt 0.506464064 0.324702621 0
vt 0.525708735 0.330741942 0
vt 0.504709005 0.348886728 0
vt 0.520831287 0.336861312 0
vt 0.552001953 0.429627031 0
vt 0.974009693 0.777403831 0
vt 0.967631996 0.757676005 0
vt 0.977131486 0.744774103 0
vt 0.942094266 0.418750674 0
vt 0.948250651 0.418002248 0
vt 0.947410762 0.4462744 0
vt 0.492836654 0.849834502 0
vt 0.414768189 0.773463905 0
vt 0.491861343 0.779123366 0
vt 0.482220203 0.677677929 0
vt 0.462669313 0.683241248 0
vt 0.47562179 0.632609844 0
vt 0.196098879 0.600119054 0
vt 0.227705657 0.600472391 0
vt 0.204572871 0.603954256 0
vt 0.691836834 0.00319870398 0
vt 0.725543916 0.000974658877 0
vt 0.715364277 0.00480203517 0
vt 0.0605550818 0.0390430726 0
vt 0.00293681771 0.0674678609 0
vt 0.052447632 0.023903925 0
vt 0.497548431 0.600064278 0
vt 0.496499002 0.586375833 0
vt 0.515048325 0.600551069 0
vt 0.838434756 0.298240811 0
vt 0.90931356 0.257992953 0
vt 0.885150254 0.295365185 0
vt 0.824103177 0.312922388 0
vt 0.829509854 0.317045569 0
vt 0.799308121 0.320250571 0
vt 0.456020802 0.309933662 0
vt 0.433128923 0.307291031 0
vt 0.451220185 0.242928475 0
vt 0.357118726 0.309991062 0
vt 0.371294409 0.293087631 0
vt 0.426868588 0.308962762 0
vt 0.330158144 0.889533103 0
vt 0.352393508 0.89686662 0
vt 0.328409046 0.894367218 0
vt 0.491055399 0.23406364 0
vt 0.488208979 0.220554903 0
vt 0.494785279 0.220149636 0
vt 0.681655705 0.0108020082 0
vt 0.687660754 0.00607118942 0
vt 0.70066756 0.0186422653 0
vt 0.702152371 0.0275391769 0
vt 0.814522982 0.0670581236 0
vt 0.699629128 0.0576742962 0
vt 0.229477867 0.652962625 0
vt 0.225201607 0.62315923 0
vt 0.24542734 0.611381233 0
vt 0.00379850226 0.0602145419 0
vt 0.00673171971 0.0471426584 0
vt 0.0416335911 0.0209096335 0
vt 0.392044097 0.296682 0
vt 0.371294409 0.293087631 0
vt 0.395412713 0.29009077 0
vt 0.444994658 0.216883779 0
vt 0.371294409 0.293087631 0
vt 0.463930279 0.156621143 0
vt 0.475401551 0.752886295 0
vt 0.453998804 0.699885726 0
vt 0.489269555 0.738056004 0
vt 0.50165391 0.815428138 0
vt 0.496330887 0.845308602 0
vt 0.494085103 0.828121245 0
vt 0.520831287 0.336861312 0
vt 0.571465373 0.354221731 0
vt 0.552001953 0.429627031 0
vt 0.536602557 0.332283139 0
vt 0.550073922 0.324675322 0
vt 0.557611585 0.3284446 0
vt 0.843093157 0.000974658877 0
vt 0.858282804 0.00444096327 0
vt 0.838565648 0.00728591857 0
vt 0.381672293 0.586111963 0
vt 0.353466481 0.586309612 0
vt 0.370781332 0.577609241 0
vt 0.974416912 0.641306162 0
vt 0.960880756 0.629319966 0
vt 0.971176624 0.612563252 0
vt 0.94385916 0.522785664 0
vt 0.945537329 0.540139914 0
vt 0.939055264 0.533852279 0
vt 0.912105739 0.816580534 0
vt 0.859366 0.834524751 0
vt 0.878858805 0.786604524 0
vt 0.937053323 0.823837519 0
vt 0.890703797 0.777520418 0
vt 0.902724981 0.767704129 0
vt 0.488910258 0.310350597 0
vt 0.484053403 0.306067199 0
vt 0.497052342 0.292496294 0
vt 0.491504997 0.346604854 0
vt 0.484063864 0.341562063 0
vt 0.486686319 0.33069706 0
vt 0.447053939 0.48984313 0
vt 0.461054444 0.319407225 0
vt 0.457670242 0.421724766 0
vt 0.698893011 0.638178706 0
vt 0.686359704 0.637013614 0
vt 0.686749578 0.630730212 0
vt 0.0184744336 0.485085726 0
vt 0.0113257943 0.466207027 0
vt 0.0194355119 0.397120476 0
vt 0.497645706 0.797267914 0
vt 0.495616078 0.788090587 0
vt 0.503807545 0.789709806 0
vt 0.371015549 0.592600703 0
vt 0.370301902 0.596924365 0
vt 0.354620636 0.598675132 0
vt 0.779191673 0.00946597476 0
vt 0.826299369 0.0100139128 0
vt 0.77915585 0.016860405 0
vt 0.914402664 0.595635056 0
vt 0.928295374 0.598830819 0
vt 0.90454942 0.598867059 0
vt 0.900419593 0.567534149 0
vt 0.929169238 0.54021883 0
vt 0.918953776 0.582852602 0
vt 0.885150254 0.295365185 0
vt 0.934089959 0.251367807 0
vt 0.941702187 0.272551239 0
vt 0.932328939 0.89457047 0
vt 0.892712355 0.890348971 0
vt 0.969257414 0.88398248 0
vt 0.499192953 0.731281221 0
vt 0.472993523 0.708692431 0
vt 0.49334842 0.70128566 0
vt 0.0162719954 0.403715432 0
vt 0.0113257943 0.466207027 0
vt 0.0105034197 0.410434544 0
vt 0.357762873 0.889866292 0
vt 0.352393508 0.89686662 0
vt 0.34228462 0.888862193 0
vt 0.370137066 0.868783534 0
vt 0.369544923 0.885444224 0
vt 0.352327615 0.867337465 0
vt 0.379944324 0.551870108 0
vt 0.383439034 0.576084495 0
vt 0.370491713 0.568103433 0
vt 0.365041643 0.564481556 0
vt 0.217346773 0.590203047 0
vt 0.369565189 0.545702338 0
vt 0.505152762 0.461641669 0
vt 0.534068167 0.447615355 0
vt 0.521976531 0.482969731 0
vt 0.49966073 0.492192328 0
vt 0.514995039 0.531541646 0
vt 0.486938715 0.507837892 0
vt 0.94401139 0.353437662 0
vt 0.949223697 0.355429351 0
vt 0.94785136 0.379114479 0
vt 0.944334686 0.332567841 0
vt 0.933667243 0.331518233 0
vt 0.937175095 0.31749773 0
vt 0.675467968 0.312234998 0
vt 0.69014883 0.311445206 0
vt 0.690350115 0.324123263 0
vt 0.626508534 0.303158998 0
vt 0.729951382 0.290169239 0
vt 0.689270854 0.302003741 0
vt 0.890043795 0.634256303 0
vt 0.81683749 0.622740746 0
vt 0.87795043 0.61353904 0
vt 0.971176624 0.612563252 0
vt 0.960880756 0.629319966 0
vt 0.967630684 0.604868114 0
vt 0.525318503 0.583904564 0
vt 0.507196546 0.570663989 0
vt 0.513609111 0.563799739 0
vt 0.486938715 0.507837892 0
vt 0.516318917 0.55640775 0
vt 0.506136298 0.543494999 0
vt 0.0363103002 0.60325706 0
vt 0.041864302 0.596064866 0
vt 0.0525098555 0.598883629 0
vt 0.0698380172 0.592537642 0
vt 0.0610664934 0.599858582 0
vt 0.0431344286 0.585227013 0
vt 0.716501653 0.3480995 0
vt 0.760372519 0.374615818 0
vt 0.707184494 0.377193838 0
vt 0.651939213 0.335094273 0
vt 0.692369938 0.377998769 0
vt 0.667569876 0.373713732 0
vt 0.231350973 0.87684375 0
vt 0.222711653 0.821732759 0
vt 0.237429321 0.833901823 0
vt 0.491504997 0.346604854 0
vt 0.485598236 0.350163549 0
vt 0.484063864 0.341562063 0
vt 0.548880816 0.336651593 0
vt 0.570768535 0.337326497 0
vt 0.571465373 0.354221731 0
vt 0.626585245 0.345557094 0
vt 0.651939213 0.335094273 0
vt 0.64312017 0.377734661 0
vt 0.0934626013 0.332386166 0
vt 0.0620138273 0.334873021 0
vt 0.0735328868 0.329600334 0
vt 0.0998336077 0.337015986 0
vt 0.126954719 0.472373635 0
vt 0.0464137644 0.344750077 0
vt 0.0761133432 0.0111653944 0
vt 0.108016737 0.011723306 0
vt 0.0800021738 0.0189010613 0
vt 0.514811218 0.585745871 0
vt 0.507196546 0.570663989 0
vt 0.525318503 0.583904564 0
vt 0.218546733 0.773486555 0
vt 0.20928894 0.74682039 0
vt 0.237563521 0.734902263 0
vt 0.212128073 0.792186975 0
vt 0.21011889 0.797503054 0
vt 0.207120672 0.753569424 0
vt 0.0464137644 0.344750077 0
vt 0.0177465305 0.335332632 0
vt 0.0313254297 0.330903411 0
vt 0.0171028711 0.329748303 0
vt 0.00682261214 0.322446048 0
vt 0.0342523195 0.327259362 0
vt 0.58139807 0.334762156 0
vt 0.602434754 0.327202469 0
vt 0.593376994 0.345973969 0
vt 0.573207498 0.326165587 0
vt 0.591652989 0.321151733 0
vt 0.602434754 0.327202469 0
vt 0.911320031 0.406608164 0
vt 0.939431965 0.409701735 0
vt 0.913352966 0.421045482 0
vt 0.939965665 0.440456808 0
vt 0.942094266 0.418750674 0
vt 0.944177032 0.445942551 0
vt 0.213677943 0.0048521054 0
vt 0.152166799 0.0046252585 0
vt 0.274751335 0.00259584794 0
vt 0.571672738 0.599296808 0
vt 0.607571006 0.600724816 0
vt 0.624049127 0.6035887 0
vt 0.726445377 0.818152308 0
vt 0.697471678 0.823652267 0
vt 0.695740163 0.750728071 0
vt 0.768926382 0.81519419 0
vt 0.768443704 0.772193015 0
vt 0.81281805 0.809728444 0
vt 0.0488929674 0.595317423 0
vt 0.041864302 0.596064866 0
vt 0.0431344286 0.585227013 0
vt 0.0282773506 0.57497251 0
vt 0.035660442 0.581620991 0
vt 0.0358967483 0.595233202 0
vt 0.0620138273 0.334873021 0
vt 0.0342523195 0.327259362 0
vt 0.0642792284 0.324273616 0
vt 0.116844125 0.302026451 0
vt 0.0510978028 0.293491334 0
vt 0.119075008 0.278081328 0
vt 0.759972095 0.276765049 0
vt 0.783082187 0.254020363 0
vt 0.799249053 0.280596912 0
vt 0.750438571 0.287881553 0
vt 0.771474481 0.286404759 0
vt 0.779026389 0.300370336 0
vt 0.357762873 0.889866292 0
vt 0.34228462 0.888862193 0
vt 0.343807399 0.877848625 0
vt 0.343807399 0.877848625 0
vt 0.333890438 0.87993896 0
vt 0.321169615 0.875478029 0
vt 0.13224192 0.60435921 0
vt 0.130616724 0.58901763 0
vt 0.150796935 0.595847368 0
vt 0.545190513 0.0244309921 0
vt 0.618620813 0.0153356837 0
vt 0.643660963 0.0240864828 0
vt 0.939712167 0.541779876 0
vt 0.948312461 0.546546519 0
vt 0.949760199 0.571505785 0
vt 0.981124997 0.64420855 0
vt 0.974416912 0.641306162 0
vt 0.976177275 0.618062973 0
vt 0.70731467 0.309477419 0
vt 0.719391763 0.311738044 0
vt 0.723071754 0.323708802 0
vt 0.749665976 0.324719369 0
vt 0.742400706 0.319943428 0
vt 0.762588978 0.321858883 0
vt 0.094245024 0.273583889 0
vt 0.00867870823 0.265585333 0
vt 0.00865352433 0.175067544 0
vt 0.4379493 0.603176177 0
vt 0.281479299 0.611661613 0
vt 0.443244129 0.601364493 0
vt 0.352327615 0.867337465 0
vt 0.329588383 0.864159048 0
vt 0.364407867 0.854132175 0
vt 0.403207421 0.840537488 0
vt 0.352715909 0.845496297 0
vt 0.414768189 0.773463905 0
vt 0.572892547 0.200836509 0
vt 0.626792669 0.220393673 0
vt 0.580476165 0.235245466 0
vt 0.531756461 0.18877995 0
vt 0.531931937 0.217843786 0
vt 0.517298281 0.204218701 0
vt 0.752750933 0.327714115 0
vt 0.78159076 0.331316948 0
vt 0.781276107 0.348571986 0
vt 0.78159076 0.331316948 0
vt 0.840074122 0.396430552 0
vt 0.805230379 0.367601663 0
vt 0.813940644 0.837463796 0
vt 0.768926382 0.81519419 0
vt 0.81281805 0.809728444 0
vt 0.878858805 0.786604524 0
vt 0.831500947 0.83140552 0
vt 0.838567615 0.773631811 0
vt 0.49237293 0.183603346 0
vt 0.504263282 0.180691943 0
vt 0.495827675 0.189062059 0
vt 0.511193216 0.223875985 0
vt 0.5248878 0.2142483 0
vt 0.523869753 0.233998105 0
vt 0.174913883 0.578979373 0
vt 0.1365228 0.586270154 0
vt 0.183573931 0.500436246 0
vt 0.150796935 0.595847368 0
vt 0.1365228 0.586270154 0
vt 0.174141169 0.588125467 0
vt 0.361280769 0.605489433 0
vt 0.272533953 0.611052394 0
vt 0.259507626 0.61016947 0
vt 0.281479299 0.611661613 0
vt 0.361280769 0.605489433 0
vt 0.443244129 0.601364493 0
vt 0.504263282 0.180691943 0
vt 0.501734555 0.166362137 0
vt 0.517871857 0.165133432 0
vt 0.481857687 0.143473998 0
vt 0.486848325 0.125130534 0
vt 0.486589193 0.140268847 0
vt 0.626508534 0.303158998 0
vt 0.689270854 0.302003741 0
vt 0.64026618 0.305917174 0
vt 0.623788655 0.315099299 0
vt 0.636137545 0.313171923 0
vt 0.627560794 0.325059026 0
vt 0.916274428 0.396179616 0
vt 0.939431965 0.409701735 0
vt 0.911320031 0.406608164 0
vt 0.850722432 0.31872955 0
vt 0.888040483 0.391536236 0
vt 0.871928513 0.398089617 0
vt 0.779838502 0.620067358 0
vt 0.762912929 0.620772958 0
vt 0.828291118 0.611622334 0
vt 0.733860135 0.62822479 0
vt 0.68492198 0.628708541 0
vt 0.749817669 0.623423159 0
vt 0.460836649 0.447747827 0
vt 0.447053939 0.48984313 0
vt 0.457670242 0.421724766 0
vt 0.455509335 0.520431638 0
vt 0.447053939 0.48984313 0
vt 0.457931876 0.471179128 0
vt 0.486848325 0.125130534 0
vt 0.499848813 0.134552181 0
vt 0.492436171 0.140972674 0
vt 0.52129662 0.141795591 0
vt 0.490396619 0.0870482624 0
vt 0.55746156 0.0794056579 0
vt 0.939915597 0.363192558 0
vt 0.94401139 0.353437662 0
vt 0.94785136 0.379114479 0
vt 0.935010135 0.394638032 0
vt 0.941501141 0.371404052 0
vt 0.944262624 0.399614275 0
vt 0.562518001 0.583219469 0
vt 0.572712302 0.597888291 0
vt 0.559424937 0.597026587 0
vt 0.568560421 0.580294967 0
vt 0.579495013 0.555520833 0
vt 0.603739619 0.58853513 0
vt 0.263008416 0.593203187 0
vt 0.234508112 0.59815371 0
vt 0.296320617 0.582335174 0
vt 0.325821638 0.592363715 0
vt 0.307104349 0.592430294 0
vt 0.324132681 0.584313989 0
vt 0.391665459 0.743893325 0
vt 0.347042441 0.75799644 0
vt 0.399249077 0.702357054 0
vt 0.475401551 0.752886295 0
vt 0.391665459 0.743893325 0
vt 0.453998804 0.699885726 0
vt 0.492436171 0.140972674 0
vt 0.500715554 0.147629157 0
vt 0.494851112 0.16841653 0
vt 0.328409046 0.894367218 0
vt 0.352393508 0.89686662 0
vt 0.352455676 0.902433276 0
vt 0.881734252 0.31616661 0
vt 0.850279152 0.31656757 0
vt 0.836032808 0.310585767 0
vt 0.873125613 0.319294989 0
vt 0.91130656 0.335431635 0
vt 0.939915597 0.363192558 0
vt 0.571632147 0.463489234 0
vt 0.67441678 0.477545053 0
vt 0.620501637 0.480644643 0
vt 0.571632147 0.463489234 0
vt 0.566851497 0.521584392 0
vt 0.536002457 0.536383271 0
vt 0.826299369 0.0100139128 0
vt 0.896421075 0.0175277125 0
vt 0.843483806 0.0186710563 0
vt 0.77915585 0.016860405 0
vt 0.826299369 0.0100139128 0
vt 0.843483806 0.0186710563 0
vt 0.0200100113 0.508593142 0
vt 0.01430644 0.50102818 0
vt 0.0206423551 0.498983443 0
vt 0.0220097639 0.557082951 0
vt 0.0177911464 0.514568865 0
vt 0.027640786 0.549170792 0
vt 0.878858805 0.786604524 0
vt 0.838567615 0.773631811 0
vt 0.859853625 0.758011401 0
vt 0.902724981 0.767704129 0
vt 0.890703797 0.777520418 0
vt 0.859853625 0.758011401 0
vt 0.65872997 0.188170657 0
vt 0.626792669 0.220393673 0
vt 0.572892547 0.200836509 0
vt 0.626792669 0.220393673 0
vt 0.65872997 0.188170657 0
vt 0.680991709 0.238847047 0
vt 0.265437484 0.884697616 0
vt 0.272808701 0.89207375 0
vt 0.25536412 0.902433276 0
vt 0.305706888 0.873931944 0
vt 0.265858501 0.877395868 0
vt 0.282454222 0.78749162 0
vt 0.905713916 0.0115552191 0
vt 0.912606359 0.0477048643 0
vt 0.896421075 0.0175277125 0
vt 0.458235621 0.555569291 0
vt 0.448201388 0.588717222 0
vt 0.450407535 0.566125572 0
vt 0.528002203 0.40132305 0
vt 0.504709005 0.348886728 0
vt 0.552001953 0.429627031 0
vt 0.534068167 0.447615355 0
vt 0.552001953 0.429627031 0
vt 0.532429099 0.511651099 0
vt 0.211717606 0.258483768 0
vt 0.235769764 0.277892768 0
vt 0.184841692 0.274317592 0
vt 0.265029699 0.254400998 0
vt 0.253238469 0.169166997 0
vt 0.316903979 0.0658025965 0
vt 0.67852205 0.120341636 0
vt 0.742684245 0.14814049 0
vt 0.689513803 0.160839349 0
vt 0.667482913 0.0694084391 0
vt 0.699629128 0.0576742962 0
vt 0.727531314 0.0950020999 0
vt 0.370137066 0.868783534 0
vt 0.352327615 0.867337465 0
vt 0.381895393 0.859219491 0
vt 0.413642645 0.884889305 0
vt 0.407608986 0.864782631 0
vt 0.433780879 0.858899295 0
vt 0.450407535 0.566125572 0
vt 0.441198826 0.594326496 0
vt 0.427140355 0.590927064 0
vt 0.450407535 0.566125572 0
vt 0.448201388 0.588717222 0
vt 0.441198826 0.594326496 0
vt 0.50679636 0.286614269 0
vt 0.501448452 0.276267052 0
vt 0.553597927 0.294234812 0
vt 0.538068175 0.312193006 0
vt 0.509685755 0.31075564 0
vt 0.525217295 0.304041594 0
vt 0.281109065 0.210680604 0
vt 0.316903979 0.0658025965 0
vt 0.363052815 0.0500904173 0
vt 0.71871686 0.59681505 0
vt 0.744211555 0.599765003 0
vt 0.635805249 0.599939287 0
vt 0.48591885 0.654314637 0
vt 0.47562179 0.632609844 0
vt 0.476364195 0.618638575 0
vt 0.433768511 0.612886846 0
vt 0.376478523 0.67195648 0
vt 0.275340825 0.622762501 0
vt 0.507196546 0.570663989 0
vt 0.514811218 0.585745871 0
vt 0.50270611 0.581416011 0
vt 0.19590643 0.656077862 0
vt 0.199060589 0.641437173 0
vt 0.208146617 0.654732883 0
vt 0.821157873 0.151303872 0
vt 0.872538447 0.14305903 0
vt 0.843670189 0.181615934 0
vt 0.80778265 0.216346636 0
vt 0.936604679 0.183718458 0
vt 0.847910404 0.25374043 0
vt 0.44327426 0.881829679 0
vt 0.413642645 0.884889305 0
vt 0.433780879 0.858899295 0
vt 0.481653869 0.12200699 0
vt 0.477796435 0.095418185 0
vt 0.488789409 0.0957141668 0
vt 0.200608715 0.690363288 0
vt 0.202395305 0.679718435 0
vt 0.201150745 0.708690107 0
vt 0.20928894 0.74682039 0
vt 0.201150745 0.708690107 0
vt 0.214758739 0.692840636 0
vt 0.989029586 0.795555472 0
vt 0.974009693 0.777403831 0
vt 0.982134104 0.7850703 0
vt 0.983738422 0.775995433 0
vt 0.978154063 0.774722457 0
vt 0.98240757 0.742551148 0
vt 0.58774668 0.307702065 0
vt 0.560139 0.306304544 0
vt 0.563089252 0.301353991 0
vt 0.538068175 0.312193006 0
vt 0.525217295 0.304041594 0
vt 0.552689433 0.300917655 0
vt 0.905022025 0.153886333 0
vt 0.936604679 0.183718458 0
vt 0.843670189 0.181615934 0
vt 0.90639317 0.113020763 0
vt 0.917556822 0.0677849799 0
vt 0.926111162 0.113528833 0
vt 0.715281844 0.430355132 0
vt 0.788545132 0.464722097 0
vt 0.692165077 0.463626593 0
vt 0.67441678 0.477545053 0
vt 0.69519341 0.532092094 0
vt 0.628078759 0.528532803 0
vt 0.978154063 0.774722457 0
vt 0.977131486 0.744774103 0
vt 0.98240757 0.742551148 0
vt 0.98240757 0.742551148 0
vt 0.977441251 0.720350027 0
vt 0.976313949 0.67407465 0
vt 0.500448167 0.024039289 0
vt 0.514406443 0.013438222 0
vt 0.504346728 0.0324268006 0
vt 0.476608187 0.0806044191 0
vt 0.484630525 0.0438948199 0
vt 0.493077666 0.0577722006 0
vt 0.496507138 0.200331405 0
vt 0.510574579 0.191074044 0
vt 0.50200969 0.20937553 0
vt 0.488208979 0.220554903 0
vt 0.489843398 0.199567005 0
vt 0.492576748 0.208338648 0
vt 0.850279152 0.31656757 0
vt 0.881734252 0.31616661 0
vt 0.873125613 0.319294989 0
vt 0.850722432 0.31872955 0
vt 0.878913045 0.336947471 0
vt 0.888040483 0.391536236 0
vt 0.905022025 0.153886333 0
vt 0.931741953 0.153070927 0
vt 0.936604679 0.183718458 0
vt 0.876598418 0.8979671 0
vt 0.841904104 0.893900931 0
vt 0.838105321 0.860344231 0
vt 0.543521106 0.01288852 0
vt 0.568552375 0.0196282472 0
vt 0.543090999 0.019839976 0
vt 0.568552375 0.0196282472 0
vt 0.618620813 0.0153356837 0
vt 0.545190513 0.0244309921 0
vt 0.976313949 0.67407465 0
vt 0.977441251 0.720350027 0
vt 0.971173525 0.675129533 0
vt 0.981124997 0.64420855 0
vt 0.977286935 0.658779681 0
vt 0.974416912 0.641306162 0
vt 0.00775888935 0.291284233 0
vt 0.00995669328 0.286268413 0
vt 0.0268421248 0.296266407 0
vt 0.47562179 0.632609844 0
vt 0.469460905 0.603776872 0
vt 0.476364195 0.618638575 0
vt 0.306266069 0.880201578 0
vt 0.306970567 0.888315201 0
vt 0.290289432 0.884422243 0
vt 0.287691414 0.880612135 0
vt 0.265858501 0.877395868 0
vt 0.305706888 0.873931944 0
vt 0.0801463425 0.59849751 0
vt 0.0740495399 0.601465583 0
vt 0.0610664934 0.599858582 0
vt 0.0801463425 0.59849751 0
vt 0.0610664934 0.599858582 0
vt 0.0698380172 0.592537642 0
vt 0.908216536 0.299690783 0
vt 0.912432313 0.287598342 0
vt 0.931741118 0.281710744 0
vt 0.881734252 0.31616661 0
vt 0.891058087 0.319316328 0
vt 0.873125613 0.319294989 0
vt 0.207036868 0.59487474 0
vt 0.18052502 0.596589088 0
vt 0.174141169 0.588125467 0
vt 0.227705657 0.600472391 0
vt 0.196098879 0.600119054 0
vt 0.207036868 0.59487474 0
vt 0.888103783 0.524269044 0
vt 0.918961167 0.537979364 0
vt 0.872478366 0.59427458 0
vt 0.921260715 0.523232996 0
vt 0.926122606 0.533480287 0
vt 0.902058065 0.527945578 0
vt 0.16410616 0.244825795 0
vt 0.140435278 0.241352469 0
vt 0.137829095 0.195948154 0
vt 0.132169858 0.137478471 0
vt 0.118343554 0.186925292 0
vt 0.12500383 0.0969611332 0
vt 0.328409046 0.894367218 0
vt 0.306970567 0.888315201 0
vt 0.330158144 0.889533103 0
vt 0.306266069 0.880201578 0
vt 0.330158144 0.889533103 0
vt 0.306970567 0.888315201 0
vt 0.729273617 0.859090805 0
vt 0.711051762 0.833835065 0
vt 0.726445377 0.818152308 0
vt 0.813940644 0.837463796 0
vt 0.782004774 0.855031192 0
vt 0.768926382 0.81519419 0
vt 0.618620813 0.0153356837 0
vt 0.642756164 0.0183443166 0
vt 0.643660963 0.0240864828 0
vt 0.680965304 0.0182381105 0
vt 0.702152371 0.0275391769 0
vt 0.659897745 0.030041663 0
vt 0.505134404 0.803545713 0
vt 0.502154112 0.849803805 0
vt 0.496330887 0.845308602 0
vt 0.509519815 0.865822196 0
vt 0.502395451 0.871878028 0
vt 0.496885478 0.853467941 0
vt 0.496410578 0.248632982 0
vt 0.494785279 0.220149636 0
vt 0.500763237 0.241638422 0
vt 0.520404518 0.243389547 0
vt 0.501448452 0.276267052 0
vt 0.501222968 0.260961503 0
vt 0.470142007 0.0904793963 0
vt 0.398561031 0.175492048 0
vt 0.421080977 0.0971077755 0
vt 0.470142007 0.0904793963 0
vt 0.458778113 0.0637814626 0
vt 0.471886158 0.0235398468 0
vt 0.12500383 0.0969611332 0
vt 0.000974649156 0.0741905048 0
vt 0.0605550818 0.0390430726 0
vt 0.108016737 0.011723306 0
vt 0.0902510807 0.00782731734 0
vt 0.13169241 0.00868005306 0
vt 0.447101414 0.532230616 0
vt 0.450251222 0.555361152 0
vt 0.429036379 0.569540739 0
vt 0.46139437 0.504261255 0
vt 0.455509335 0.520431638 0
vt 0.457931876 0.471179128 0
vt 0.677507937 0.00406233501 0
vt 0.681655705 0.0108020082 0
vt 0.654794514 0.0093204556 0
vt 0.66146028 0.0178835299 0
vt 0.680965304 0.0182381105 0
vt 0.663910866 0.0235068556 0
vt 0.80917275 0.300460488 0
vt 0.788295507 0.307808667 0
vt 0.787082911 0.300312221 0
vt 0.764744461 0.308410615 0
vt 0.752948642 0.296798259 0
vt 0.779026389 0.300370336 0
vt 0.969612539 0.780826807 0
vt 0.937420964 0.770516634 0
vt 0.939691126 0.745680988 0
vt 0.987570703 0.82373029 0
vt 0.965380073 0.802943587 0
vt 0.969612539 0.780826807 0
vt 0.49463591 0.262010306 0
vt 0.501222968 0.260961503 0
vt 0.49606359 0.27734372 0
vt 0.234747782 0.893468142 0
vt 0.237104237 0.884243608 0
vt 0.252013624 0.900290549 0
vt 0.687660754 0.00607118942 0
vt 0.705865622 0.0123389475 0
vt 0.70066756 0.0186422653 0
vt 0.741851211 0.0124939466 0
vt 0.78558147 0.00630076323 0
vt 0.733260572 0.0170284864 0
vt 0.200800255 0.674806297 0
vt 0.199787691 0.661821783 0
vt 0.20480299 0.663448751 0
vt 0.213311106 0.678005099 0
vt 0.201150745 0.708690107 0
vt 0.202395305 0.679718435 0
vt 0.0510978028 0.293491334 0
vt 0.0357320942 0.280505091 0
vt 0.0707008839 0.279407442 0
vt 0.094245024 0.273583889 0
vt 0.0304960553 0.277094096 0
vt 0.00867870823 0.265585333 0
vt 0.941501141 0.371404052 0
vt 0.94785136 0.379114479 0
vt 0.944262624 0.399614275 0
vt 0.986930668 0.799883783 0
vt 0.987570703 0.82373029 0
vt 0.969612539 0.780826807 0
vt 0.849221706 0.591270626 0
vt 0.863634884 0.600133419 0
vt 0.843447328 0.599972069 0
vt 0.849221706 0.591270626 0
vt 0.888103783 0.524269044 0
vt 0.872478366 0.59427458 0
vt 0.218607709 0.667190611 0
vt 0.214975476 0.662291586 0
vt 0.221204013 0.645885527 0
vt 0.202395305 0.679718435 0
vt 0.21003896 0.670377254 0
vt 0.213311106 0.678005099 0
vt 0.225068167 0.88185215 0
vt 0.237104237 0.884243608 0
vt 0.234747782 0.893468142 0
vt 0.231350973 0.87684375 0
vt 0.218708292 0.872058213 0
vt 0.217685774 0.823581278 0
vt 0.857903242 0.731255352 0
vt 0.797929227 0.660853565 0
vt 0.837410808 0.659795582 0
vt 0.839609265 0.64651823 0
vt 0.797929227 0.660853565 0
vt 0.798943937 0.632729769 0
vt 0.903741896 0.0342097059 0
vt 0.915940464 0.0581175983 0
vt 0.908838212 0.0511853471 0
vt 0.739236236 0.893198192 0
vt 0.698538065 0.858190536 0
vt 0.726156056 0.871976197 0
vt 0.593376994 0.345973969 0
vt 0.610143185 0.33630988 0
vt 0.616358697 0.356842846 0
vt 0.616358697 0.356842846 0
vt 0.67441678 0.477545053 0
vt 0.571465373 0.354221731 0
vt 0.170781359 0.501523793 0
vt 0.142467469 0.552066326 0
vt 0.142861396 0.490413576 0
vt 0.181002304 0.422796637 0
vt 0.126954719 0.472373635 0
vt 0.0998336077 0.337015986 0
vt 0.642180502 0.596262455 0
vt 0.632697582 0.588685155 0
vt 0.71871686 0.59681505 0
vt 0.568560421 0.580294967 0
vt 0.603739619 0.58853513 0
vt 0.617790937 0.598386467 0
vt 0.486137897 0.35753414 0
vt 0.489676476 0.390036672 0
vt 0.482900172 0.421442658 0
vt 0.218708292 0.872058213 0
vt 0.210451752 0.866457582 0
vt 0.217685774 0.823581278 0
vt 0.871928513 0.398089617 0
vt 0.894933045 0.396996289 0
vt 0.887409806 0.405833542 0
vt 0.861892223 0.407397926 0
vt 0.87816143 0.434851736 0
vt 0.852735579 0.439125121 0
vt 0.721144974 0.791137874 0
vt 0.695740163 0.750728071 0
vt 0.706825554 0.719769597 0
vt 0.708664596 0.673532188 0
vt 0.706825554 0.719769597 0
vt 0.694310546 0.690755844 0
vt 0.0464137644 0.344750077 0
vt 0.0313254297 0.330903411 0
vt 0.0491767675 0.337465912 0
vt 0.0998336077 0.337015986 0
vt 0.0464137644 0.344750077 0
vt 0.0729523823 0.33819592 0
vt 0.466817915 0.325690061 0
vt 0.464740813 0.383660257 0
vt 0.461054444 0.319407225 0
vt 0.688905478 0.683823168 0
vt 0.6854375 0.694990516 0
vt 0.687808037 0.639511943 0
vt 0.217685774 0.823581278 0
vt 0.210451752 0.866457582 0
vt 0.211280227 0.82625699 0
vt 0.211280227 0.82625699 0
vt 0.212696686 0.801413834 0
vt 0.217685774 0.823581278 0
vt 0.579495013 0.555520833 0
vt 0.536869586 0.571327388 0
vt 0.536002457 0.536383271 0
vt 0.486938715 0.507837892 0
vt 0.514995039 0.531541646 0
vt 0.516318917 0.55640775 0
vt 0.383439034 0.576084495 0
vt 0.370781332 0.577609241 0
vt 0.370491713 0.568103433 0
vt 0.370781332 0.577609241 0
vt 0.340875745 0.575965703 0
vt 0.370491713 0.568103433 0
vt 0.402819186 0.887390018 0
vt 0.38428086 0.891569734 0
vt 0.382943451 0.886445463 0
vt 0.412126154 0.887350976 0
vt 0.433047831 0.892352462 0
vt 0.406537145 0.897159398 0
vt 0.852735579 0.439125121 0
vt 0.87816143 0.434851736 0
vt 0.883530736 0.498822868 0
vt 0.842441797 0.490080804 0
vt 0.870747626 0.501505256 0
vt 0.888103783 0.524269044 0
vt 0.458267838 0.0223398097 0
vt 0.424242437 0.00644393032 0
vt 0.450267226 0.0112986322 0
vt 0.951061666 0.57856679 0
vt 0.950435281 0.598759949 0
vt 0.942888975 0.591507912 0
vt 0.608477235 0.308032781 0
vt 0.563089252 0.301353991 0
vt 0.609144926 0.303477108 0
vt 0.626508534 0.303158998 0
vt 0.64026618 0.305917174 0
vt 0.621468604 0.306057274 0
vt 0.615995586 0.0127389459 0
vt 0.636467457 0.00948832277 0
vt 0.618620813 0.0153356837 0
vt 0.615995586 0.0127389459 0
vt 0.618620813 0.0153356837 0
vt 0.568552375 0.0196282472 0
vt 0.225201607 0.62315923 0
vt 0.232383758 0.613724411 0
vt 0.24542734 0.611381233 0
vt 0.208231226 0.629457831 0
vt 0.222929806 0.616038561 0
vt 0.225201607 0.62315923 0
vt 0.496750712 0.379730374 0
vt 0.499961734 0.455724239 0
vt 0.489676476 0.390036672 0
vt 0.499297231 0.343607068 0
vt 0.491504997 0.346604854 0
vt 0.486686319 0.33069706 0
vt 0.702347875 0.640659928 0
vt 0.698893011 0.638178706 0
vt 0.723992646 0.631363988 0
vt 0.702347875 0.640659928 0
vt 0.694310546 0.690755844 0
vt 0.694755197 0.64767915 0
vt 0.723278761 0.00920522958 0
vt 0.73370558 0.00848891027 0
vt 0.733260572 0.0170284864 0
vt 0.725543916 0.000974658877 0
vt 0.73370558 0.00848891027 0
vt 0.723278761 0.00920522958 0
vt 0.22239846 0.194226801 0
vt 0.227055356 0.245205566 0
vt 0.152793646 0.148605525 0
vt 0.265029699 0.254400998 0
vt 0.227055356 0.245205566 0
vt 0.248544216 0.240433276 0
vt 0.927466989 0.483170956 0
vt 0.932158351 0.455393076 0
vt 0.939938784 0.470941037 0
vt 0.928280473 0.431304067 0
vt 0.939431965 0.409701735 0
vt 0.936500192 0.436438203 0
vt 0.838567615 0.773631811 0
vt 0.784347594 0.742244244 0
vt 0.824728251 0.7326051 0
vt 0.816726327 0.785996854 0
vt 0.768443704 0.772193015 0
vt 0.784347594 0.742244244 0
vt 0.392384619 0.591184258 0
vt 0.420390159 0.587345362 0
vt 0.41900152 0.592377961 0
vt 0.427140355 0.590927064 0
vt 0.420390159 0.587345362 0
vt 0.450407535 0.566125572 0
vt 0.742400706 0.319943428 0
vt 0.749665976 0.324719369 0
vt 0.723071754 0.323708802 0
vt 0.717719615 0.332870305 0
vt 0.752750933 0.327714115 0
vt 0.716501653 0.3480995 0
vt 0.140038341 0.0433169827 0
vt 0.112482555 0.0184068121 0
vt 0.146988988 0.0086566275 0
vt 0.296125859 0.009164555 0
vt 0.194657162 0.0701636896 0
vt 0.146988988 0.0086566275 0
vt 0.476237833 0.875163376 0
vt 0.491272897 0.860377491 0
vt 0.482551098 0.873701572 0
vt 0.482551098 0.873701572 0
vt 0.496963173 0.891192496 0
vt 0.476237833 0.875163376 0
vt 0.926122606 0.533480287 0
vt 0.930900514 0.522076309 0
vt 0.939055264 0.533852279 0
vt 0.927466989 0.483170956 0
vt 0.939938784 0.470941037 0
vt 0.936504304 0.510255039 0
vt 0.371015549 0.592600703 0
vt 0.353466481 0.586309612 0
vt 0.381672293 0.586111963 0
vt 0.392384619 0.591184258 0
vt 0.381672293 0.586111963 0
vt 0.420390159 0.587345362 0
vt 0.503045797 0.308132589 0
vt 0.496318489 0.307118535 0
vt 0.503697097 0.293321937 0
vt 0.492424726 0.324876219 0
vt 0.499243349 0.323755473 0
vt 0.501752019 0.335195005 0
vt 0.81683749 0.622740746 0
vt 0.779838502 0.620067358 0
vt 0.828291118 0.611622334 0
vt 0.797929227 0.660853565 0
vt 0.765522718 0.638922334 0
vt 0.798943937 0.632729769 0
vt 0.753052294 0.60137856 0
vt 0.787687957 0.59129858 0
vt 0.794605434 0.601051509 0
vt 0.213677943 0.0048521054 0
vt 0.274751335 0.00259584794 0
vt 0.316600442 0.00269252458 0
vt 0.504952252 0.563442886 0
vt 0.507196546 0.570663989 0
vt 0.501727223 0.572242379 0
vt 0.504952252 0.563442886 0
vt 0.513609111 0.563799739 0
vt 0.507196546 0.570663989 0
vt 0.369565189 0.545702338 0
vt 0.183573931 0.500436246 0
vt 0.243693545 0.442783743 0
vt 0.204193249 0.462341964 0
vt 0.170781359 0.501523793 0
vt 0.176080778 0.468924642 0
vt 0.659222364 0.324857026 0
vt 0.675467968 0.312234998 0
vt 0.690350115 0.324123263 0
vt 0.651939213 0.335094273 0
vt 0.680720925 0.345083266 0
vt 0.692369938 0.377998769 0
vt 0.47562179 0.632609844 0
vt 0.429320663 0.669608176 0
vt 0.462976187 0.628416657 0
vt 0.448457956 0.672239602 0
vt 0.429320663 0.669608176 0
vt 0.47562179 0.632609844 0
vt 0.460768729 0.540650845 0
vt 0.455509335 0.520431638 0
vt 0.46139437 0.504261255 0
vt 0.726156056 0.871976197 0
vt 0.698538065 0.858190536 0
vt 0.695656657 0.840835869 0
vt 0.500715554 0.147629157 0
vt 0.517871857 0.165133432 0
vt 0.501734555 0.166362137 0
vt 0.490396619 0.0870482624 0
vt 0.52129662 0.141795591 0
vt 0.499848813 0.134552181 0
vt 0.689270854 0.302003741 0
vt 0.679072797 0.305369884 0
vt 0.64026618 0.305917174 0
vt 0.675467968 0.312234998 0
vt 0.659222364 0.324857026 0
vt 0.638658941 0.316279888 0
vt 0.799249053 0.280596912 0
vt 0.783987522 0.282077104 0
vt 0.759972095 0.276765049 0
vt 0.814725935 0.289103478 0
vt 0.82119894 0.285826802 0
vt 0.838434756 0.298240811 0
vt 0.399249077 0.702357054 0
vt 0.385793895 0.687530756 0
vt 0.429320663 0.669608176 0
vt 0.429320663 0.669608176 0
vt 0.376478523 0.67195648 0
vt 0.433768511 0.612886846 0
vt 0.888106763 0.41426903 0
vt 0.901069522 0.427670509 0
vt 0.87816143 0.434851736 0
vt 0.87816143 0.434851736 0
vt 0.861892223 0.407397926 0
vt 0.888106763 0.41426903 0
vt 0.222929806 0.616038561 0
vt 0.232383758 0.613724411 0
vt 0.225201607 0.62315923 0
vt 0.0416335911 0.0209096335 0
vt 0.00673171971 0.0471426584 0
vt 0.0191351585 0.0350335985 0
vt 0.0206423551 0.498983443 0
vt 0.027640786 0.549170792 0
vt 0.0200100113 0.508593142 0
vt 0.0638898984 0.517592907 0
vt 0.0184744336 0.485085726 0
vt 0.126954719 0.472373635 0
vt 0.814522982 0.0670581236 0
vt 0.864287078 0.107108705 0
vt 0.806548715 0.108379699 0
vt 0.843483806 0.0186710563 0
vt 0.864950836 0.0484778658 0
vt 0.848805308 0.0597517155 0
vt 0.783987522 0.282077104 0
vt 0.799249053 0.280596912 0
vt 0.814725935 0.289103478 0
vt 0.783195674 0.285720348 0
vt 0.795417845 0.287751913 0
vt 0.79042995 0.294925064 0
vt 0.307104349 0.592430294 0
vt 0.293778479 0.590163887 0
vt 0.301058322 0.585386693 0
vt 0.293778479 0.590163887 0
vt 0.307104349 0.592430294 0
vt 0.297130287 0.600300372 0
vt 0.364845395 0.0991973951 0
vt 0.302509487 0.212557077 0
vt 0.363052815 0.0500904173 0
vt 0.872478366 0.59427458 0
vt 0.918961167 0.537979364 0
vt 0.900419593 0.567534149 0
vt 0.103454009 0.586657584 0
vt 0.0291622374 0.541459262 0
vt 0.0619152635 0.544720709 0
vt 0.0638898984 0.517592907 0
vt 0.0271752682 0.520311594 0
vt 0.0184744336 0.485085726 0
vt 0.499192953 0.731281221 0
vt 0.49334842 0.70128566 0
vt 0.497616202 0.698551714 0
vt 0.487778753 0.647041619 0
vt 0.497616202 0.698551714 0
vt 0.48591885 0.654314637 0
vt 0.951061666 0.402082354 0
vt 0.944931328 0.411575764 0
vt 0.947508693 0.400374889 0
vt 0.947508693 0.400374889 0
vt 0.950092852 0.38307339 0
vt 0.951061666 0.402082354 0
vt 0.908838212 0.0511853471 0
vt 0.917556822 0.0677849799 0
vt 0.886602461 0.0782760903 0
vt 0.908838212 0.0511853471 0
vt 0.915940464 0.0581175983 0
vt 0.917556822 0.0677849799 0
vt 0.482157499 0.462577373 0
vt 0.485477984 0.474322408 0
vt 0.486938715 0.507837892 0
vt 0.482157499 0.462577373 0
vt 0.49026522 0.422059536 0
vt 0.488249958 0.446613312 0
vt 0.107763134 0.310914546 0
vt 0.0796467885 0.30575335 0
vt 0.116844125 0.302026451 0
vt 0.0796467885 0.30575335 0
vt 0.0510978028 0.293491334 0
vt 0.116844125 0.302026451 0
vt 0.719391763 0.311738044 0
vt 0.727797687 0.319621295 0
vt 0.723071754 0.323708802 0
vt 0.741011143 0.296722919 0
vt 0.728010058 0.294051349 0
vt 0.750438571 0.287881553 0
vt 0.496410578 0.248632982 0
vt 0.501655817 0.250313908 0
vt 0.49463591 0.262010306 0
vt 0.483303279 0.254783392 0
vt 0.491120249 0.247901022 0
vt 0.49463591 0.262010306 0
vt 0.967630684 0.604868114 0
vt 0.905539036 0.605160534 0
vt 0.937628627 0.602276623 0
vt 0.967630684 0.604868114 0
vt 0.968561828 0.600389838 0
vt 0.976177275 0.618062973 0
vt 0.894933045 0.396996289 0
vt 0.916274428 0.396179616 0
vt 0.911320031 0.406608164 0
vt 0.878913045 0.336947471 0
vt 0.912392497 0.389753252 0
vt 0.888040483 0.391536236 0
vt 0.140435278 0.241352469 0
vt 0.118343554 0.186925292 0
vt 0.137829095 0.195948154 0
vt 0.120217137 0.24853006 0
vt 0.00865352433 0.175067544 0
vt 0.103296481 0.168231115 0
vt 0.616358697 0.356842846 0
vt 0.626585245 0.345557094 0
vt 0.64312017 0.377734661 0
vt 0.616358697 0.356842846 0
vt 0.672507763 0.425100207 0
vt 0.67441678 0.477545053 0
vt 0.543250561 0.597089887 0
vt 0.557450533 0.599919975 0
vt 0.534302354 0.600114822 0
vt 0.562518001 0.583219469 0
vt 0.559424937 0.597026587 0
vt 0.547953725 0.586314142 0
vt 0.184841692 0.274317592 0
vt 0.16410616 0.244825795 0
vt 0.211717606 0.258483768 0
vt 0.158033907 0.27433601 0
vt 0.140435278 0.241352469 0
vt 0.16410616 0.244825795 0
vt 0.94982183 0.627507269 0
vt 0.890043795 0.634256303 0
vt 0.928667247 0.608956933 0
vt 0.968364775 0.653005719 0
vt 0.961102545 0.644728243 0
vt 0.960880756 0.629319966 0
vt 0.510574579 0.191074044 0
vt 0.531756461 0.18877995 0
vt 0.517298281 0.204218701 0
vt 0.510574579 0.191074044 0
vt 0.517298281 0.204218701 0
vt 0.50200969 0.20937553 0
vt 0.602434754 0.327202469 0
vt 0.610143185 0.33630988 0
vt 0.593376994 0.345973969 0
vt 0.613701105 0.324153304 0
vt 0.627560794 0.325059026 0
vt 0.602434754 0.327202469 0
vt 0.0358967483 0.595233202 0
vt 0.041864302 0.596064866 0
vt 0.0363103002 0.60325706 0
vt 0.035660442 0.581620991 0
vt 0.041864302 0.596064866 0
vt 0.0358967483 0.595233202 0
vt 0.398561031 0.175492048 0
vt 0.318555117 0.239196748 0
vt 0.365248233 0.162107006 0
vt 0.235769764 0.277892768 0
vt 0.227055356 0.245205566 0
vt 0.265029699 0.254400998 0
vt 0.715806067 0.0161669776 0
vt 0.733260572 0.0170284864 0
vt 0.70066756 0.0186422653 0
vt 0.702152371 0.0275391769 0
vt 0.77915585 0.016860405 0
vt 0.814522982 0.0670581236 0
vt 0.26675576 0.717800617 0
vt 0.261749655 0.692811489 0
vt 0.275340825 0.622762501 0
vt 0.249903485 0.740322113 0
vt 0.223462254 0.79091239 0
vt 0.248575807 0.72003448 0
vt 0.407608986 0.864782631 0
vt 0.387260199 0.851664364 0
vt 0.403207421 0.840537488 0
vt 0.387260199 0.851664364 0
vt 0.352715909 0.845496297 0
vt 0.403207421 0.840537488 0
vt 0.951390088 0.645406783 0
vt 0.902076066 0.710740328 0
vt 0.929150581 0.634197474 0
vt 0.951390088 0.645406783 0
vt 0.929150581 0.634197474 0
vt 0.94982183 0.627507269 0
vt 0.635693312 0.0815021545 0
vt 0.627668619 0.148588076 0
vt 0.55100733 0.171809509 0
vt 0.659897745 0.030041663 0
vt 0.667482913 0.0694084391 0
vt 0.635693312 0.0815021545 0
vt 0.504516363 0.771134794 0
vt 0.475401551 0.752886295 0
vt 0.489269555 0.738056004 0
vt 0.0115440125 0.48247382 0
vt 0.0113257943 0.466207027 0
vt 0.0184744336 0.485085726 0
vt 0.35024938 0.290243328 0
vt 0.312679172 0.280818462 0
vt 0.347370744 0.253951639 0
vt 0.347370744 0.253951639 0
vt 0.312679172 0.280818462 0
vt 0.318555117 0.239196748 0
vt 0.957392693 0.751084387 0
vt 0.946884811 0.739918292 0
vt 0.967880845 0.739583433 0
vt 0.969612539 0.780826807 0
vt 0.939691126 0.745680988 0
vt 0.957392693 0.751084387 0
vt 0.229477867 0.652962625 0
vt 0.218607709 0.667190611 0
vt 0.221204013 0.645885527 0
vt 0.256070286 0.688217402 0
vt 0.23970972 0.69501847 0
vt 0.246752053 0.666346192 0
vt 0.382943451 0.886445463 0
vt 0.385668308 0.872035503 0
vt 0.395059079 0.878069699 0
vt 0.381895393 0.859219491 0
vt 0.395059079 0.878069699 0
vt 0.385668308 0.872035503 0
vt 0.896421075 0.0175277125 0
vt 0.894752085 0.0104288682 0
vt 0.905713916 0.0115552191 0
vt 0.826299369 0.0100139128 0
vt 0.890580058 0.00870780181 0
vt 0.896421075 0.0175277125 0
vt 0.444994658 0.216883779 0
vt 0.397373646 0.277526468 0
vt 0.371294409 0.293087631 0
vt 0.433128923 0.307291031 0
vt 0.395412713 0.29009077 0
vt 0.451220185 0.242928475 0
vt 0.483303279 0.254783392 0
vt 0.480199009 0.238291293 0
vt 0.491120249 0.247901022 0
vt 0.272808701 0.89207375 0
vt 0.265437484 0.884697616 0
vt 0.290289432 0.884422243 0
vt 0.940734506 0.718780041 0
vt 0.92018348 0.719064653 0
vt 0.951390088 0.645406783 0
vt 0.957392693 0.751084387 0
vt 0.939691126 0.745680988 0
vt 0.946884811 0.739918292 0
vt 0.489031315 0.152686357 0
vt 0.492436171 0.140972674 0
vt 0.494851112 0.16841653 0
vt 0.481857687 0.143473998 0
vt 0.486589193 0.140268847 0
vt 0.489031315 0.152686357 0
vt 0.482392669 0.617640018 0
vt 0.48591885 0.654314637 0
vt 0.476364195 0.618638575 0
vt 0.0113820424 0.329450667 0
vt 0.00721404888 0.330861598 0
vt 0.00682261214 0.322446048 0
vt 0.486137897 0.35753414 0
vt 0.494592071 0.349571675 0
vt 0.489676476 0.390036672 0
vt 0.494592071 0.349571675 0
vt 0.496750712 0.379730374 0
vt 0.489676476 0.390036672 0
vt 0.671616375 0.0963391885 0
vt 0.766619802 0.130064607 0
vt 0.742684245 0.14814049 0
vt 0.742684245 0.14814049 0
vt 0.821157873 0.151303872 0
vt 0.812728167 0.193211764 0
vt 0.397373646 0.277526468 0
vt 0.444994658 0.216883779 0
vt 0.451220185 0.242928475 0
vt 0.46544981 0.227352366 0
vt 0.451220185 0.242928475 0
vt 0.455090791 0.210010946 0
vt 0.983112931 0.648712993 0
vt 0.982031226 0.662451863 0
vt 0.977286935 0.658779681 0
vt 0.981967211 0.672730505 0
vt 0.98240757 0.742551148 0
vt 0.979618609 0.671948552 0
vt 0.825506806 0.299073845 0
vt 0.814725935 0.289103478 0
vt 0.838434756 0.298240811 0
vt 0.850279152 0.31656757 0
vt 0.824103177 0.312922388 0
vt 0.836032808 0.310585767 0
vt 0.340875745 0.575965703 0
vt 0.28426677 0.580700576 0
vt 0.365041643 0.564481556 0
vt 0.301058322 0.585386693 0
vt 0.324132681 0.584313989 0
vt 0.307104349 0.592430294 0
vt 0.183692753 0.327533394 0
vt 0.115003943 0.332950264 0
vt 0.133755758 0.329814881 0
vt 0.115003943 0.332950264 0
vt 0.0729523823 0.33819592 0
vt 0.0934626013 0.332386166 0
vt 0.462259114 0.52940321 0
vt 0.46139437 0.504261255 0
vt 0.466817915 0.456932724 0
vt 0.462259114 0.52940321 0
vt 0.460768729 0.540650845 0
vt 0.46139437 0.504261255 0
vt 0.609144926 0.303477108 0
vt 0.621468604 0.306057274 0
vt 0.608477235 0.308032781 0
vt 0.604736269 0.315737277 0
vt 0.613701105 0.324153304 0
vt 0.602434754 0.327202469 0
vt 0.00379850226 0.0602145419 0
vt 0.0416335911 0.0209096335 0
vt 0.052447632 0.023903925 0
vt 0.0800021738 0.0189010613 0
vt 0.0531516932 0.0185704418 0
vt 0.0761133432 0.0111653944 0
vt 0.354620636 0.598675132 0
vt 0.3543199 0.590990365 0
vt 0.371015549 0.592600703 0
vt 0.335523516 0.599242032 0
vt 0.319720954 0.598965466 0
vt 0.325821638 0.592363715 0
vt 0.287691414 0.880612135 0
vt 0.258365065 0.882386267 0
vt 0.265858501 0.877395868 0
vt 0.265858501 0.877395868 0
vt 0.246376574 0.880409002 0
vt 0.254885972 0.836635232 0
vt 0.242381558 0.32852146 0
vt 0.115003943 0.332950264 0
vt 0.183692753 0.327533394 0
vt 0.242381558 0.32852146 0
vt 0.304730892 0.321074933 0
vt 0.41831845 0.315503508 0
vt 0.941702187 0.272551239 0
vt 0.943898261 0.251910388 0
vt 0.946479619 0.266512722 0
vt 0.937175095 0.31749773 0
vt 0.949837506 0.310721159 0
vt 0.944334686 0.332567841 0
vt 0.928295374 0.598830819 0
vt 0.942888975 0.591507912 0
vt 0.950435281 0.598759949 0
vt 0.914402664 0.595635056 0
vt 0.942888975 0.591507912 0
vt 0.928295374 0.598830819 0
vt 0.759972095 0.276765049 0
vt 0.761807263 0.282164186 0
vt 0.729951382 0.290169239 0
vt 0.609144926 0.303477108 0
vt 0.714569807 0.286685407 0
vt 0.729951382 0.290169239 0
vt 0.491861343 0.779123366 0
vt 0.493067682 0.804113448 0
vt 0.492836654 0.849834502 0
vt 0.497645706 0.797267914 0
vt 0.493067682 0.804113448 0
vt 0.495616078 0.788090587 0
vt 0.838567615 0.773631811 0
vt 0.816726327 0.785996854 0
vt 0.784347594 0.742244244 0
vt 0.831500947 0.83140552 0
vt 0.81281805 0.809728444 0
vt 0.838567615 0.773631811 0
vt 0.557611585 0.3284446 0
vt 0.570768535 0.337326497 0
vt 0.548880816 0.336651593 0
vt 0.573207498 0.326165587 0
vt 0.602434754 0.327202469 0
vt 0.58139807 0.334762156 0
vt 0.659222364 0.324857026 0
vt 0.690350115 0.324123263 0
vt 0.675395131 0.333909541 0
vt 0.701474428 0.332318246 0
vt 0.717719615 0.332870305 0
vt 0.69304955 0.337013423 0
vt 0.491708517 0.174826458 0
vt 0.494851112 0.16841653 0
vt 0.504263282 0.180691943 0
vt 0.489031315 0.152686357 0
vt 0.494851112 0.16841653 0
vt 0.491708517 0.174826458 0
vt 0.493067682 0.804113448 0
vt 0.491861343 0.779123366 0
vt 0.495616078 0.788090587 0
vt 0.495616078 0.788090587 0
vt 0.491861343 0.779123366 0
vt 0.504516363 0.771134794 0
vt 0.389759511 0.539392352 0
vt 0.378782451 0.530456901 0
vt 0.412886232 0.529287457 0
vt 0.379944324 0.551870108 0
vt 0.370491713 0.568103433 0
vt 0.369565189 0.545702338 0
vt 0.723071754 0.323708802 0
vt 0.749665976 0.324719369 0
vt 0.717719615 0.332870305 0
vt 0.70180285 0.322227359 0
vt 0.717719615 0.332870305 0
vt 0.701474428 0.332318246 0
vt 0.733873487 0.216774046 0
vt 0.812728167 0.193211764 0
vt 0.773843586 0.244593784 0
vt 0.680991709 0.238847047 0
vt 0.755206823 0.25126788 0
vt 0.620932937 0.262598038 0
vt 0.336931676 0.294311076 0
vt 0.263278067 0.283878803 0
vt 0.35024938 0.290243328 0
vt 0.371294409 0.293087631 0
vt 0.35024938 0.290243328 0
vt 0.463930279 0.156621143 0
vt 0.492576748 0.208338648 0
vt 0.489843398 0.199567005 0
vt 0.496507138 0.200331405 0
vt 0.49237293 0.183603346 0
vt 0.495827675 0.189062059 0
vt 0.489843398 0.199567005 0
vt 0.566851497 0.521584392 0
vt 0.579495013 0.555520833 0
vt 0.536002457 0.536383271 0
vt 0.67441678 0.477545053 0
vt 0.628078759 0.528532803 0
vt 0.620501637 0.480644643 0
vt 0.890141428 0.592005014 0
vt 0.88828218 0.598964572 0
vt 0.863634884 0.600133419 0
vt 0.890141428 0.592005014 0
vt 0.910642982 0.592668116 0
vt 0.88828218 0.598964572 0
vt 0.580476165 0.235245466 0
vt 0.626792669 0.220393673 0
vt 0.620932937 0.262598038 0
vt 0.626792669 0.220393673 0
vt 0.680991709 0.238847047 0
vt 0.620932937 0.262598038 0
vt 0.426727921 0.507338881 0
vt 0.378782451 0.530456901 0
vt 0.447053939 0.48984313 0
vt 0.447101414 0.532230616 0
vt 0.426727921 0.507338881 0
vt 0.447053939 0.48984313 0
vt 0.465496093 0.878876507 0
vt 0.447984666 0.890065014 0
vt 0.44327426 0.881829679 0
vt 0.412126154 0.887350976 0
vt 0.44327426 0.881829679 0
vt 0.433047831 0.892352462 0
vt 0.0305727255 0.30322057 0
vt 0.00775888935 0.291284233 0
vt 0.0268421248 0.296266407 0
vt 0.0796467885 0.30575335 0
vt 0.0305727255 0.30322057 0
vt 0.0510978028 0.293491334 0
vt 0.499551296 0.28287679 0
vt 0.503697097 0.293321937 0
vt 0.497052342 0.292496294 0
vt 0.484053403 0.306067199 0
vt 0.490932614 0.29274109 0
vt 0.497052342 0.292496294 0
vt 0.840074122 0.396430552 0
vt 0.850722432 0.31872955 0
vt 0.861892223 0.407397926 0
vt 0.833182335 0.433581561 0
vt 0.861892223 0.407397926 0
vt 0.852735579 0.439125121 0
vt 0.967630684 0.604868114 0
vt 0.928667247 0.608956933 0
vt 0.905539036 0.605160534 0
vt 0.94982183 0.627507269 0
vt 0.928667247 0.608956933 0
vt 0.967630684 0.604868114 0
vt 0.217685774 0.823581278 0
vt 0.212696686 0.801413834 0
vt 0.220853612 0.803768992 0
vt 0.223462254 0.79091239 0
vt 0.218546733 0.773486555 0
vt 0.237563521 0.734902263 0
vt 0.461054444 0.319407225 0
vt 0.41831845 0.315503508 0
vt 0.45729658 0.317786455 0
vt 0.460021228 0.310496509 0
vt 0.456020802 0.309933662 0
vt 0.47340098 0.240181595 0
vt 0.849221706 0.591270626 0
vt 0.843447328 0.599972069 0
vt 0.787687957 0.59129858 0
vt 0.632697582 0.588685155 0
vt 0.849221706 0.591270626 0
vt 0.757221937 0.591044843 0
vt 0.517871857 0.165133432 0
vt 0.55100733 0.171809509 0
vt 0.545923829 0.190316334 0
vt 0.517871857 0.165133432 0
vt 0.499848813 0.134552181 0
vt 0.52129662 0.141795591 0
vt 0.184841692 0.274317592 0
vt 0.158033907 0.27433601 0
vt 0.16410616 0.244825795 0
vt 0.208577275 0.278721362 0
vt 0.184841692 0.274317592 0
vt 0.235769764 0.277892768 0
vt 0.23970972 0.69501847 0
vt 0.222990602 0.681264281 0
vt 0.246752053 0.666346192 0
vt 0.221512124 0.714271963 0
vt 0.20928894 0.74682039 0
vt 0.214758739 0.692840636 0
vt 0.697471678 0.823652267 0
vt 0.691000342 0.747053027 0
vt 0.695740163 0.750728071 0
vt 0.695740163 0.750728071 0
vt 0.694310546 0.690755844 0
vt 0.706825554 0.719769597 0
vt 0.850536644 0.673888445 0
vt 0.839609265 0.64651823 0
vt 0.890043795 0.634256303 0
vt 0.837410808 0.659795582 0
vt 0.797929227 0.660853565 0
vt 0.839609265 0.64651823 0
vt 0.117129043 0.605726182 0
vt 0.115645751 0.610424995 0
vt 0.0906692967 0.601657212 0
vt 0.134525731 0.60756427 0
vt 0.164807796 0.607375979 0
vt 0.115645751 0.610424995 0
vt 0.478941709 0.131242156 0
vt 0.486848325 0.125130534 0
vt 0.481857687 0.143473998 0
vt 0.397549033 0.893981278 0
vt 0.38428086 0.891569734 0
vt 0.402819186 0.887390018 0
vt 0.977746904 0.868596613 0
vt 0.859366 0.834524751 0
vt 0.912105739 0.816580534 0
vt 0.983353376 0.853799999 0
vt 0.95934695 0.84462148 0
vt 0.987570703 0.82373029 0
vt 0.470171183 0.123288997 0
vt 0.398561031 0.175492048 0
vt 0.470142007 0.0904793963 0
vt 0.87795043 0.61353904 0
vt 0.828291118 0.611622334 0
vt 0.905539036 0.605160534 0
vt 0.939055264 0.533852279 0
vt 0.938581765 0.523528218 0
vt 0.94385916 0.522785664 0
vt 0.930900514 0.522076309 0
vt 0.938581765 0.523528218 0
vt 0.939055264 0.533852279 0
vt 0.520705283 0.594606221 0
vt 0.525318503 0.583904564 0
vt 0.543250561 0.597089887 0
vt 0.547953725 0.586314142 0
vt 0.559424937 0.597026587 0
vt 0.543250561 0.597089887 0
vt 0.496137559 0.0322514623 0
vt 0.504346728 0.0324268006 0
vt 0.496165484 0.0376074351 0
vt 0.493077666 0.0577722006 0
vt 0.504346728 0.0324268006 0
vt 0.490396619 0.0870482624 0
vt 0.807092845 0.89341104 0
vt 0.750623703 0.854948521 0
vt 0.782004774 0.855031192 0
vt 0.750623703 0.854948521 0
vt 0.726445377 0.818152308 0
vt 0.761033893 0.834532022 0
vt 0.453998804 0.699885726 0
vt 0.391665459 0.743893325 0
vt 0.399249077 0.702357054 0
vt 0.453998804 0.699885726 0
vt 0.399249077 0.702357054 0
vt 0.429320663 0.669608176 0
vt 0.150796935 0.595847368 0
vt 0.18052502 0.596589088 0
vt 0.165618926 0.604358971 0
vt 0.165618926 0.604358971 0
vt 0.13224192 0.60435921 0
vt 0.150796935 0.595847368 0
vt 0.278609365 0.281357646 0
vt 0.281109065 0.210680604 0
vt 0.302509487 0.212557077 0
vt 0.302509487 0.212557077 0
vt 0.281109065 0.210680604 0
vt 0.363052815 0.0500904173 0
vt 0.768926382 0.81519419 0
vt 0.721144974 0.791137874 0
vt 0.768443704 0.772193015 0
vt 0.761033893 0.834532022 0
vt 0.726445377 0.818152308 0
vt 0.768926382 0.81519419 0
vt 0.366858572 0.890895426 0
vt 0.350403339 0.875554383 0
vt 0.352327615 0.867337465 0
vt 0.352327615 0.867337465 0
vt 0.335807741 0.871173978 0
vt 0.329588383 0.864159048 0
vt 0.547953725 0.586314142 0
vt 0.543250561 0.597089887 0
vt 0.533096671 0.582260132 0
vt 0.547953725 0.586314142 0
vt 0.533096671 0.582260132 0
vt 0.513609111 0.563799739 0
vt 0.80778265 0.216346636 0
vt 0.847910404 0.25374043 0
vt 0.783082187 0.254020363 0
vt 0.783082187 0.254020363 0
vt 0.847910404 0.25374043 0
vt 0.807853162 0.263245821 0
vt 0.493773222 0.271302134 0
vt 0.483303279 0.254783392 0
vt 0.49463591 0.262010306 0
vt 0.493773222 0.271302134 0
vt 0.49463591 0.262010306 0
vt 0.49606359 0.27734372 0
vt 0.729273617 0.859090805 0
vt 0.695656657 0.840835869 0
vt 0.711051762 0.833835065 0
vt 0.697471678 0.823652267 0
vt 0.68858856 0.836372554 0
vt 0.691000342 0.747053027 0
vt 0.503807545 0.789709806 0
vt 0.505134404 0.803545713 0
vt 0.502885103 0.800688744 0
vt 0.50165391 0.815428138 0
vt 0.505134404 0.803545713 0
vt 0.496330887 0.845308602 0
vt 0.38428086 0.891569734 0
vt 0.366858572 0.890895426 0
vt 0.382943451 0.886445463 0
vt 0.366858572 0.890895426 0
vt 0.352327615 0.867337465 0
vt 0.369544923 0.885444224 0
vt 0.520705283 0.594606221 0
vt 0.515048325 0.600551069 0
vt 0.50270611 0.581416011 0
vt 0.052447632 0.023903925 0
vt 0.0416335911 0.0209096335 0
vt 0.0531516932 0.0185704418 0
vt 0.504709005 0.348886728 0
vt 0.528002203 0.40132305 0
vt 0.501584232 0.368240416 0
vt 0.494592071 0.349571675 0
vt 0.504709005 0.348886728 0
vt 0.501584232 0.368240416 0
vt 0.762588978 0.321858883 0
vt 0.783087671 0.324001998 0
vt 0.752750933 0.327714115 0
vt 0.777113616 0.308088064 0
vt 0.764744461 0.308410615 0
vt 0.779026389 0.300370336 0
vt 0.877632082 0.0518893935 0
vt 0.908838212 0.0511853471 0
vt 0.886602461 0.0782760903 0
vt 0.848805308 0.0597517155 0
vt 0.864950836 0.0484778658 0
vt 0.87387526 0.0937011763 0
vt 0.490396619 0.0870482624 0
vt 0.499848813 0.134552181 0
vt 0.487672269 0.119491629 0
vt 0.481653869 0.12200699 0
vt 0.488789409 0.0957141668 0
vt 0.487672269 0.119491629 0
vt 0.229477867 0.652962625 0
vt 0.24542734 0.611381233 0
vt 0.259507626 0.61016947 0
vt 0.0605550818 0.0390430726 0
vt 0.000974649156 0.0741905048 0
vt 0.00293681771 0.0674678609 0
vt 0.968364775 0.653005719 0
vt 0.971173525 0.675129533 0
vt 0.961102545 0.644728243 0
vt 0.977286935 0.658779681 0
vt 0.971173525 0.675129533 0
vt 0.968364775 0.653005719 0
vt 0.939431965 0.409701735 0
vt 0.942094266 0.418750674 0
vt 0.939965665 0.440456808 0
vt 0.939431965 0.409701735 0
vt 0.947508693 0.400374889 0
vt 0.944931328 0.411575764 0
vt 0.941702187 0.272551239 0
vt 0.912432313 0.287598342 0
vt 0.885150254 0.295365185 0
vt 0.908216536 0.299690783 0
vt 0.886041403 0.297567457 0
vt 0.912432313 0.287598342 0
vt 0.431111991 0.0450941361 0
vt 0.396556139 0.0429939367 0
vt 0.424242437 0.00644393032 0
vt 0.396556139 0.0429939367 0
vt 0.385787427 0.000974652357 0
vt 0.424242437 0.00644393032 0
vt 0.548880816 0.336651593 0
vt 0.571465373 0.354221731 0
vt 0.520831287 0.336861312 0
vt 0.536602557 0.332283139 0
vt 0.557611585 0.3284446 0
vt 0.548880816 0.336651593 0
vt 0.568560421 0.580294967 0
vt 0.617790937 0.598386467 0
vt 0.576961875 0.594589353 0
vt 0.572712302 0.597888291 0
vt 0.607571006 0.600724816 0
vt 0.571672738 0.599296808 0
vt 0.885150254 0.295365185 0
vt 0.912432313 0.287598342 0
vt 0.886041403 0.297567457 0
vt 0.885150254 0.295365185 0
vt 0.886041403 0.297567457 0
vt 0.838434756 0.298240811 0
vt 0.496507138 0.200331405 0
vt 0.50200969 0.20937553 0
vt 0.497298747 0.216390565 0
vt 0.500763237 0.241638422 0
vt 0.497298747 0.216390565 0
vt 0.501978099 0.226104453 0
vt 0.762588978 0.321858883 0
vt 0.742400706 0.319943428 0
vt 0.743056893 0.315217435 0
vt 0.727797687 0.319621295 0
vt 0.728175104 0.312255263 0
vt 0.743056893 0.315217435 0
vt 0.329588383 0.864159048 0
vt 0.305706888 0.873931944 0
vt 0.317165911 0.859140754 0
vt 0.329588383 0.864159048 0
vt 0.317165911 0.859140754 0
vt 0.364407867 0.854132175 0
vt 0.503697097 0.293321937 0
vt 0.499551296 0.28287679 0
vt 0.50679636 0.286614269 0
vt 0.526262939 0.291446805 0
vt 0.552689433 0.300917655 0
vt 0.525200069 0.297011852 0
vt 0.635805249 0.599939287 0
vt 0.753052294 0.60137856 0
vt 0.631768048 0.602417529 0
vt 0.572712302 0.597888291 0
vt 0.617790937 0.598386467 0
vt 0.607571006 0.600724816 0
vt 0.937420964 0.770516634 0
vt 0.902724981 0.767704129 0
vt 0.939691126 0.745680988 0
vt 0.937053323 0.823837519 0
vt 0.902724981 0.767704129 0
vt 0.942552805 0.798930585 0
vt 0.278609365 0.281357646 0
vt 0.235769764 0.277892768 0
vt 0.265029699 0.254400998 0
vt 0.263278067 0.283878803 0
vt 0.235769764 0.277892768 0
vt 0.278609365 0.281357646 0
vt 0.246376574 0.880409002 0
vt 0.237429321 0.833901823 0
vt 0.254885972 0.836635232 0
vt 0.240744233 0.816648364 0
vt 0.220853612 0.803768992 0
vt 0.241831556 0.803585351 0
vt 0.908225358 0.446173936 0
vt 0.926909208 0.44435066 0
vt 0.927466989 0.483170956 0
vt 0.913352966 0.421045482 0
vt 0.939431965 0.409701735 0
vt 0.928280473 0.431304067 0
vt 0.509050429 0.295544088 0
vt 0.526262939 0.291446805 0
vt 0.525200069 0.297011852 0
vt 0.525217295 0.304041594 0
vt 0.509685755 0.31075564 0
vt 0.509050429 0.295544088 0
vt 0.455509335 0.520431638 0
vt 0.447101414 0.532230616 0
vt 0.447053939 0.48984313 0
vt 0.460768729 0.540650845 0
vt 0.447101414 0.532230616 0
vt 0.455509335 0.520431638 0
vt 0.565037549 0.319200575 0
vt 0.556208611 0.314617187 0
vt 0.584072828 0.314356208 0
vt 0.550073922 0.324675322 0
vt 0.525708735 0.330741942 0
vt 0.534780562 0.322722793 0
vt 0.887409806 0.405833542 0
vt 0.911320031 0.406608164 0
vt 0.913352966 0.421045482 0
vt 0.894933045 0.396996289 0
vt 0.911320031 0.406608164 0
vt 0.887409806 0.405833542 0
vt 0.69014883 0.311445206 0
vt 0.700697362 0.310836464 0
vt 0.711297154 0.318132311 0
vt 0.689270854 0.302003741 0
vt 0.729951382 0.290169239 0
vt 0.710322797 0.299959511 0
vt 0.635693312 0.0815021545 0
vt 0.671616375 0.0963391885 0
vt 0.627668619 0.148588076 0
vt 0.67852205 0.120341636 0
vt 0.671616375 0.0963391885 0
vt 0.742684245 0.14814049 0
vt 0.981124997 0.64420855 0
vt 0.976177275 0.618062973 0
vt 0.979176521 0.624480724 0
vt 0.951061666 0.57856679 0
vt 0.942888975 0.591507912 0
vt 0.949760199 0.571505785 0
vt 0.231350973 0.87684375 0
vt 0.221543416 0.877433538 0
vt 0.218708292 0.872058213 0
vt 0.215328336 0.873595655 0
vt 0.221543416 0.877433538 0
vt 0.218922064 0.884053648 0
vt 0.981967211 0.672730505 0
vt 0.98487395 0.750606596 0
vt 0.98240757 0.742551148 0
vt 0.98240757 0.742551148 0
vt 0.98487395 0.750606596 0
vt 0.983738422 0.775995433 0
vt 0.227055356 0.245205566 0
vt 0.16343841 0.201255739 0
vt 0.152793646 0.148605525 0
vt 0.137829095 0.195948154 0
vt 0.118343554 0.186925292 0
vt 0.132169858 0.137478471 0
vt 0.560139 0.306304544 0
vt 0.538068175 0.312193006 0
vt 0.552689433 0.300917655 0
vt 0.550073922 0.324675322 0
vt 0.534780562 0.322722793 0
vt 0.556208611 0.314617187 0
vt 0.636467457 0.00948832277 0
vt 0.654794514 0.0093204556 0
vt 0.639089644 0.0128518566 0
vt 0.654794514 0.0093204556 0
vt 0.681655705 0.0108020082 0
vt 0.65817219 0.0137851881 0
vt 0.510330558 0.887765706 0
vt 0.502395451 0.871878028 0
vt 0.509519815 0.865822196 0
vt 0.504775524 0.890215814 0
vt 0.490090042 0.876311243 0
vt 0.502395451 0.871878028 0
vt 0.752750933 0.327714115 0
vt 0.781276107 0.348571986 0
vt 0.760372519 0.374615818 0
vt 0.760372519 0.374615818 0
vt 0.805230379 0.367601663 0
vt 0.788545132 0.464722097 0
vt 0.602434754 0.327202469 0
vt 0.627560794 0.325059026 0
vt 0.627859533 0.332248688 0
vt 0.627560794 0.325059026 0
vt 0.659222364 0.324857026 0
vt 0.627859533 0.332248688 0
vt 0.199787691 0.661821783 0
vt 0.19590643 0.656077862 0
vt 0.208146617 0.654732883 0
vt 0.506136298 0.543494999 0
vt 0.513609111 0.563799739 0
vt 0.504952252 0.563442886 0
vt 0.918961167 0.537979364 0
vt 0.902058065 0.527945578 0
vt 0.926122606 0.533480287 0
vt 0.929169238 0.54021883 0
vt 0.900419593 0.567534149 0
vt 0.918961167 0.537979364 0
vt 0.654794514 0.0093204556 0
vt 0.65817219 0.0137851881 0
vt 0.642756164 0.0183443166 0
vt 0.642756164 0.0183443166 0
vt 0.66146028 0.0178835299 0
vt 0.643660963 0.0240864828 0
vt 0.142467469 0.552066326 0
vt 0.103454009 0.586657584 0
vt 0.0984343663 0.532076418 0
vt 0.11613933 0.591788113 0
vt 0.0801463425 0.59849751 0
vt 0.103454009 0.586657584 0
vt 0.602434754 0.327202469 0
vt 0.591652989 0.321151733 0
vt 0.604736269 0.315737277 0
vt 0.563089252 0.301353991 0
vt 0.608477235 0.308032781 0
vt 0.58774668 0.307702065 0
vt 0.107763134 0.310914546 0
vt 0.116844125 0.302026451 0
vt 0.135233939 0.317138702 0
vt 0.115003943 0.332950264 0
vt 0.0934626013 0.332386166 0
vt 0.133755758 0.329814881 0
vt 0.60085541 0.555331826 0
vt 0.623730779 0.557203472 0
vt 0.632697582 0.588685155 0
vt 0.576503813 0.513114572 0
vt 0.623730779 0.557203472 0
vt 0.60085541 0.555331826 0
vt 0.949837506 0.310721159 0
vt 0.948028028 0.333848327 0
vt 0.944334686 0.332567841 0
vt 0.94401139 0.353437662 0
vt 0.944334686 0.332567841 0
vt 0.949223697 0.355429351 0
vt 0.872538447 0.14305903 0
vt 0.905022025 0.153886333 0
vt 0.843670189 0.181615934 0
vt 0.895776689 0.125794858 0
vt 0.926111162 0.113528833 0
vt 0.905022025 0.153886333 0
vt 0.370491713 0.568103433 0
vt 0.365041643 0.564481556 0
vt 0.369565189 0.545702338 0
vt 0.365041643 0.564481556 0
vt 0.370491713 0.568103433 0
vt 0.340875745 0.575965703 0
vt 0.857903242 0.731255352 0
vt 0.832908154 0.717902601 0
vt 0.797929227 0.660853565 0
vt 0.902724981 0.767704129 0
vt 0.859853625 0.758011401 0
vt 0.857903242 0.731255352 0
vt 0.694310546 0.690755844 0
vt 0.695740163 0.750728071 0
vt 0.691000342 0.747053027 0
vt 0.694310546 0.690755844 0
vt 0.688905478 0.683823168 0
vt 0.694755197 0.64767915 0
vt 0.11613933 0.591788113 0
vt 0.103454009 0.586657584 0
vt 0.130616724 0.58901763 0
vt 0.11613933 0.591788113 0
vt 0.130616724 0.58901763 0
vt 0.13224192 0.60435921 0
vt 0.487778753 0.647041619 0
vt 0.48591885 0.654314637 0
vt 0.482392669 0.617640018 0
vt 0.49204734 0.62750113 0
vt 0.487778753 0.647041619 0
vt 0.482392669 0.617640018 0
vt 0.296320617 0.582335174 0
vt 0.28426677 0.580700576 0
vt 0.340875745 0.575965703 0
vt 0.296320617 0.582335174 0
vt 0.234508112 0.59815371 0
vt 0.28426677 0.580700576 0
vt 0.706643462 0.48901394 0
vt 0.80150038 0.508643568 0
vt 0.727210104 0.517566383 0
vt 0.727210104 0.517566383 0
vt 0.80150038 0.508643568 0
vt 0.726593494 0.569576085 0
vt 0.934089959 0.251367807 0
vt 0.943898261 0.251910388 0
vt 0.941702187 0.272551239 0
vt 0.903919578 0.239757836 0
vt 0.937297285 0.211137474 0
vt 0.942993045 0.238113403 0
vt 0.824728251 0.7326051 0
vt 0.784347594 0.742244244 0
vt 0.791684866 0.713329077 0
vt 0.791684866 0.713329077 0
vt 0.758100927 0.713704407 0
vt 0.718326747 0.636755228 0
vt 0.543250561 0.597089887 0
vt 0.534302354 0.600114822 0
vt 0.520705283 0.594606221 0
vt 0.522717416 0.601442873 0
vt 0.520705283 0.594606221 0
vt 0.534302354 0.600114822 0
vt 0.532429099 0.511651099 0
vt 0.571632147 0.463489234 0
vt 0.536002457 0.536383271 0
vt 0.511568725 0.510514855 0
vt 0.532429099 0.511651099 0
vt 0.514995039 0.531541646 0
vt 0.18052502 0.596589088 0
vt 0.207036868 0.59487474 0
vt 0.196098879 0.600119054 0
vt 0.18052502 0.596589088 0
vt 0.181846663 0.60100776 0
vt 0.165618926 0.604358971 0
vt 0.758100927 0.713704407 0
vt 0.708664596 0.673532188 0
vt 0.718326747 0.636755228 0
vt 0.718326747 0.636755228 0
vt 0.702347875 0.640659928 0
vt 0.723992646 0.631363988 0
vt 0.112482555 0.0184068121 0
vt 0.0800021738 0.0189010613 0
vt 0.108016737 0.011723306 0
vt 0.112482555 0.0184068121 0
vt 0.108016737 0.011723306 0
vt 0.13169241 0.00868005306 0
vt 0.71871686 0.59681505 0
vt 0.757221937 0.591044843 0
vt 0.744211555 0.599765003 0
vt 0.632697582 0.588685155 0
vt 0.757221937 0.591044843 0
vt 0.71871686 0.59681505 0
vt 0.986950099 0.8434214 0
vt 0.987570703 0.82373029 0
vt 0.990758598 0.815095961 0
vt 0.990758598 0.815095961 0
vt 0.987570703 0.82373029 0
vt 0.986930668 0.799883783 0
vt 0.0145174349 0.382198513 0
vt 0.0162719954 0.403715432 0
vt 0.0105034197 0.410434544 0
vt 0.0194355119 0.397120476 0
vt 0.0113257943 0.466207027 0
vt 0.0162719954 0.403715432 0
vt 0.696392 0.409254968 0
vt 0.692165077 0.463626593 0
vt 0.67441678 0.477545053 0
vt 0.67441678 0.477545053 0
vt 0.706643462 0.48901394 0
vt 0.727210104 0.517566383 0
vt 0.258365065 0.882386267 0
vt 0.246376574 0.880409002 0
vt 0.265858501 0.877395868 0
vt 0.252013624 0.900290549 0
vt 0.246376574 0.880409002 0
vt 0.258365065 0.882386267 0
vt 0.223462254 0.79091239 0
vt 0.212128073 0.792186975 0
vt 0.218546733 0.773486555 0
vt 0.218546733 0.773486555 0
vt 0.212128073 0.792186975 0
vt 0.20928894 0.74682039 0
vt 0.022832457 0.373959154 0
vt 0.0162719954 0.403715432 0
vt 0.0196706671 0.364465177 0
vt 0.0286700018 0.363032252 0
vt 0.0196706671 0.364465177 0
vt 0.0177465305 0.335332632 0
vt 0.229477867 0.652962625 0
vt 0.221204013 0.645885527 0
vt 0.225201607 0.62315923 0
vt 0.199060589 0.641437173 0
vt 0.219885886 0.628548086 0
vt 0.214316413 0.643289387 0
vt 0.699629128 0.0576742962 0
vt 0.667482913 0.0694084391 0
vt 0.659897745 0.030041663 0
vt 0.659897745 0.030041663 0
vt 0.702152371 0.0275391769 0
vt 0.699629128 0.0576742962 0
vt 0.66418767 0.398984998 0
vt 0.696392 0.409254968 0
vt 0.672507763 0.425100207 0
vt 0.616358697 0.356842846 0
vt 0.66418767 0.398984998 0
vt 0.672507763 0.425100207 0
vt 0.0431344286 0.585227013 0
vt 0.03478067 0.572086871 0
vt 0.0291622374 0.541459262 0
vt 0.0431344286 0.585227013 0
vt 0.041864302 0.596064866 0
vt 0.035660442 0.581620991 0
vt 0.41831845 0.315503508 0
vt 0.361798108 0.317612827 0
vt 0.42777741 0.313840151 0
vt 0.45729658 0.317786455 0
vt 0.41831845 0.315503508 0
vt 0.42777741 0.313840151 0
vt 0.520831287 0.336861312 0
vt 0.507295668 0.340252757 0
vt 0.525708735 0.330741942 0
vt 0.536602557 0.332283139 0
vt 0.525708735 0.330741942 0
vt 0.550073922 0.324675322 0
vt 0.290289432 0.884422243 0
vt 0.306970567 0.888315201 0
vt 0.289344907 0.88899225 0
vt 0.272808701 0.89207375 0
vt 0.290289432 0.884422243 0
vt 0.289344907 0.88899225 0
vt 0.21003896 0.670377254 0
vt 0.214975476 0.662291586 0
vt 0.218607709 0.667190611 0
vt 0.20480299 0.663448751 0
vt 0.199787691 0.661821783 0
vt 0.214975476 0.662291586 0
vt 0.919863999 0.659514964 0
vt 0.850536644 0.673888445 0
vt 0.890043795 0.634256303 0
vt 0.929150581 0.634197474 0
vt 0.890043795 0.634256303 0
vt 0.94982183 0.627507269 0
vt 0.87387526 0.0937011763 0
vt 0.877632082 0.0518893935 0
vt 0.886602461 0.0782760903 0
vt 0.87387526 0.0937011763 0
vt 0.886602461 0.0782760903 0
vt 0.90639317 0.113020763 0
vt 0.492864609 0.469313502 0
vt 0.499961734 0.455724239 0
vt 0.49966073 0.492192328 0
vt 0.505152762 0.461641669 0
vt 0.521976531 0.482969731 0
vt 0.511568725 0.510514855 0
vt 0.183573931 0.500436246 0
vt 0.1365228 0.586270154 0
vt 0.142467469 0.552066326 0
vt 0.1365228 0.586270154 0
vt 0.103454009 0.586657584 0
vt 0.142467469 0.552066326 0
vt 0.501448452 0.276267052 0
vt 0.520404518 0.243389547 0
vt 0.537362516 0.233627558 0
vt 0.5248878 0.2142483 0
vt 0.531931937 0.217843786 0
vt 0.523869753 0.233998105 0
vt 0.932158351 0.455393076 0
vt 0.939965665 0.440456808 0
vt 0.939938784 0.470941037 0
vt 0.939965665 0.440456808 0
vt 0.944177032 0.445942551 0
vt 0.939938784 0.470941037 0
vt 0.725828588 0.30584833 0
vt 0.738677025 0.309494436 0
vt 0.728175104 0.312255263 0
vt 0.70731467 0.309477419 0
vt 0.725828588 0.30584833 0
vt 0.719391763 0.311738044 0
vt 0.671616375 0.0963391885 0
vt 0.727531314 0.0950020999 0
vt 0.766619802 0.130064607 0
vt 0.806548715 0.108379699 0
vt 0.864287078 0.107108705 0
vt 0.766619802 0.130064607 0
vt 0.476237833 0.875163376 0
vt 0.496963173 0.891192496 0
vt 0.465496093 0.878876507 0
vt 0.491272897 0.860377491 0
vt 0.476237833 0.875163376 0
vt 0.481141329 0.86320883 0
vt 0.939691126 0.745680988 0
vt 0.92018348 0.719064653 0
vt 0.946884811 0.739918292 0
vt 0.939691126 0.745680988 0
vt 0.909707308 0.751707852 0
vt 0.902076066 0.710740328 0
vt 0.968561828 0.600389838 0
vt 0.967630684 0.604868114 0
vt 0.963815272 0.601400077 0
vt 0.471886158 0.0235398468 0
vt 0.450267226 0.0112986322 0
vt 0.471349716 0.0185560919 0
vt 0.306970567 0.888315201 0
vt 0.328409046 0.894367218 0
vt 0.307551295 0.896040678 0
vt 0.289344907 0.88899225 0
vt 0.306970567 0.888315201 0
vt 0.307551295 0.896040678 0
vt 0.246752053 0.666346192 0
vt 0.222990602 0.681264281 0
vt 0.229477867 0.652962625 0
vt 0.246752053 0.666346192 0
vt 0.229477867 0.652962625 0
vt 0.259507626 0.61016947 0
vt 0.689513803 0.160839349 0
vt 0.733873487 0.216774046 0
vt 0.676860392 0.186890051 0
vt 0.689513803 0.160839349 0
vt 0.676860392 0.186890051 0
vt 0.67852205 0.120341636 0
vt 0.900419593 0.567534149 0
vt 0.918953776 0.582852602 0
vt 0.890141428 0.592005014 0
vt 0.872478366 0.59427458 0
vt 0.900419593 0.567534149 0
vt 0.890141428 0.592005014 0
vt 0.977286935 0.658779681 0
vt 0.976313949 0.67407465 0
vt 0.971173525 0.675129533 0
vt 0.982031226 0.662451863 0
vt 0.979618609 0.671948552 0
vt 0.977286935 0.658779681 0
vt 0.690863073 0.862700164 0
vt 0.70050782 0.883627832 0
vt 0.697482049 0.891988039 0
vt 0.703085303 0.889156997 0
vt 0.697482049 0.891988039 0
vt 0.70050782 0.883627832 0
vt 0.174141169 0.588125467 0
vt 0.1365228 0.586270154 0
vt 0.174913883 0.578979373 0
vt 0.207036868 0.59487474 0
vt 0.174141169 0.588125467 0
vt 0.174913883 0.578979373 0
vt 0.707184494 0.377193838 0
vt 0.760372519 0.374615818 0
vt 0.715281844 0.430355132 0
vt 0.66418767 0.398984998 0
vt 0.692369938 0.377998769 0
vt 0.696392 0.409254968 0
vt 0.329588383 0.864159048 0
vt 0.321169615 0.875478029 0
vt 0.305706888 0.873931944 0
vt 0.330158144 0.889533103 0
vt 0.306266069 0.880201578 0
vt 0.321169615 0.875478029 0
vt 0.208577275 0.278721362 0
vt 0.158033907 0.27433601 0
vt 0.184841692 0.274317592 0
vt 0.19203274 0.280339479 0
vt 0.119075008 0.278081328 0
vt 0.158033907 0.27433601 0
vt 0.584072828 0.314356208 0
vt 0.591652989 0.321151733 0
vt 0.573207498 0.326165587 0
vt 0.591652989 0.321151733 0
vt 0.584072828 0.314356208 0
vt 0.604736269 0.315737277 0
vt 0.256070286 0.688217402 0
vt 0.248575807 0.72003448 0
vt 0.23970972 0.69501847 0
vt 0.249903485 0.740322113 0
vt 0.248575807 0.72003448 0
vt 0.261749655 0.692811489 0
vt 0.231662229 0.114486404 0
vt 0.22239846 0.194226801 0
vt 0.194657162 0.0701636896 0
vt 0.265029699 0.254400998 0
vt 0.248544216 0.240433276 0
vt 0.253238469 0.169166997 0
vt 0.783082187 0.254020363 0
vt 0.807853162 0.263245821 0
vt 0.799249053 0.280596912 0
vt 0.807853162 0.263245821 0
vt 0.847910404 0.25374043 0
vt 0.848397553 0.271029204 0
vt 0.723278761 0.00920522958 0
vt 0.733260572 0.0170284864 0
vt 0.715806067 0.0161669776 0
vt 0.691836834 0.00319870398 0
vt 0.715364277 0.00480203517 0
vt 0.705865622 0.0123389475 0
vt 0.414768189 0.773463905 0
vt 0.347042441 0.75799644 0
vt 0.391665459 0.743893325 0
vt 0.475401551 0.752886295 0
vt 0.414768189 0.773463905 0
vt 0.391665459 0.743893325 0
vt 0.974009693 0.777403831 0
vt 0.969612539 0.780826807 0
vt 0.967631996 0.757676005 0
vt 0.986930668 0.799883783 0
vt 0.969612539 0.780826807 0
vt 0.974009693 0.777403831 0
vt 0.807853162 0.263245821 0
vt 0.848397553 0.271029204 0
vt 0.799249053 0.280596912 0
vt 0.848397553 0.271029204 0
vt 0.838434756 0.298240811 0
vt 0.82119894 0.285826802 0
vt 0.00865352433 0.175067544 0
vt 0.00867870823 0.265585333 0
vt 0.00273039308 0.178180203 0
vt 0.00865352433 0.175067544 0
vt 0.00273039308 0.178180203 0
vt 0.000974649156 0.0741905048 0
vt 0.843483806 0.0186710563 0
vt 0.872923136 0.0274281204 0
vt 0.864950836 0.0484778658 0
vt 0.843483806 0.0186710563 0
vt 0.896421075 0.0175277125 0
vt 0.87608707 0.0193875525 0
vt 0.482157499 0.462577373 0
vt 0.488249958 0.446613312 0
vt 0.485477984 0.474322408 0
vt 0.488249958 0.446613312 0
vt 0.499961734 0.455724239 0
vt 0.492864609 0.469313502 0
vt 0.681655705 0.0108020082 0
vt 0.680965304 0.0182381105 0
vt 0.66146028 0.0178835299 0
vt 0.681655705 0.0108020082 0
vt 0.70066756 0.0186422653 0
vt 0.680965304 0.0182381105 0
vt 0.733873487 0.216774046 0
vt 0.773843586 0.244593784 0
vt 0.7122401 0.225603133 0
vt 0.676860392 0.186890051 0
vt 0.733873487 0.216774046 0
vt 0.7122401 0.225603133 0
vt 0.400055289 0.873305202 0
vt 0.387260199 0.851664364 0
vt 0.407608986 0.864782631 0
vt 0.413642645 0.884889305 0
vt 0.400055289 0.873305202 0
vt 0.407608986 0.864782631 0
vt 0.249903485 0.740322113 0
vt 0.26675576 0.717800617 0
vt 0.322569549 0.699896455 0
vt 0.26675576 0.717800617 0
vt 0.249903485 0.740322113 0
vt 0.261749655 0.692811489 0
vt 0.73370558 0.00848891027 0
vt 0.741851211 0.0124939466 0
vt 0.733260572 0.0170284864 0
vt 0.738711655 0.00204233499 0
vt 0.747338235 0.00859973393 0
vt 0.73370558 0.00848891027 0
vt 0.752294958 0.644493997 0
vt 0.718326747 0.636755228 0
vt 0.743304908 0.626493633 0
vt 0.765522718 0.638922334 0
vt 0.743304908 0.626493633 0
vt 0.777671933 0.626888931 0
vt 0.805859923 0.293444425 0
vt 0.825506806 0.299073845 0
vt 0.80917275 0.300460488 0
vt 0.799308121 0.320250571 0
vt 0.806698143 0.312889576 0
vt 0.824103177 0.312922388 0
vt 0.787687957 0.59129858 0
vt 0.843447328 0.599972069 0
vt 0.794605434 0.601051509 0
vt 0.359745532 0.00268987194 0
vt 0.213677943 0.0048521054 0
vt 0.316600442 0.00269252458 0
vt 0.212128073 0.792186975 0
vt 0.207120672 0.753569424 0
vt 0.20928894 0.74682039 0
vt 0.20928894 0.74682039 0
vt 0.207120672 0.753569424 0
vt 0.201150745 0.708690107 0
vt 0.940782666 0.731476426 0
vt 0.92018348 0.719064653 0
vt 0.940734506 0.718780041 0
vt 0.97390914 0.730956197 0
vt 0.940782666 0.731476426 0
vt 0.96131295 0.723325968 0
vt 0.370781332 0.577609241 0
vt 0.324132681 0.584313989 0
vt 0.340875745 0.575965703 0
vt 0.340875745 0.575965703 0
vt 0.324132681 0.584313989 0
vt 0.296320617 0.582335174 0
vt 0.462976187 0.628416657 0
vt 0.429320663 0.669608176 0
vt 0.433768511 0.612886846 0
vt 0.433768511 0.612886846 0
vt 0.281479299 0.611661613 0
vt 0.4379493 0.603176177 0
vt 0.517871857 0.165133432 0
vt 0.545923829 0.190316334 0
vt 0.531756461 0.18877995 0
vt 0.531756461 0.18877995 0
vt 0.540846229 0.202175841 0
vt 0.531931937 0.217843786 0
vt 0.204193249 0.462341964 0
vt 0.176080778 0.468924642 0
vt 0.237971023 0.397077888 0
vt 0.243693545 0.442783743 0
vt 0.237971023 0.397077888 0
vt 0.242381558 0.32852146 0
vt 0.420390159 0.587345362 0
vt 0.381672293 0.586111963 0
vt 0.393724978 0.580338597 0
vt 0.383439034 0.576084495 0
vt 0.381672293 0.586111963 0
vt 0.370781332 0.577609241 0
vt 0.527303755 0.0136313345 0
vt 0.543521106 0.01288852 0
vt 0.543090999 0.019839976 0
vt 0.514406443 0.013438222 0
vt 0.527303755 0.0136313345 0
vt 0.529549241 0.0253630299 0
vt 0.301058322 0.585386693 0
vt 0.293778479 0.590163887 0
vt 0.263008416 0.593203187 0
vt 0.725543916 0.000974658877 0
vt 0.738711655 0.00204233499 0
vt 0.73370558 0.00848891027 0
vt 0.706643462 0.48901394 0
vt 0.788545132 0.464722097 0
vt 0.792757392 0.489014506 0
vt 0.788545132 0.464722097 0
vt 0.846605062 0.473702252 0
vt 0.792757392 0.489014506 0
vt 0.487321049 0.672066331 0
vt 0.482220203 0.677677929 0
vt 0.47562179 0.632609844 0
vt 0.49334842 0.70128566 0
vt 0.487321049 0.672066331 0
vt 0.497616202 0.698551714 0
vt 0.527303755 0.0136313345 0
vt 0.543090999 0.019839976 0
vt 0.529549241 0.0253630299 0
vt 0.529549241 0.0253630299 0
vt 0.545190513 0.0244309921 0
vt 0.504346728 0.0324268006 0
vt 0.243693545 0.442783743 0
vt 0.204193249 0.462341964 0
vt 0.237971023 0.397077888 0
vt 0.243693545 0.442783743 0
vt 0.183573931 0.500436246 0
vt 0.204193249 0.462341964 0
vt 0.0943479016 0.317337632 0
vt 0.0796467885 0.30575335 0
vt 0.107763134 0.310914546 0
vt 0.135233939 0.317138702 0
vt 0.0943479016 0.317337632 0
vt 0.107763134 0.310914546 0
vt 0.354620636 0.598675132 0
vt 0.342933238 0.597080946 0
vt 0.3543199 0.590990365 0
vt 0.78558147 0.00630076323 0
vt 0.779191673 0.00946597476 0
vt 0.733260572 0.0170284864 0
vt 0.49334842 0.70128566 0
vt 0.482220203 0.677677929 0
vt 0.487321049 0.672066331 0
vt 0.49334842 0.70128566 0
vt 0.462669313 0.683241248 0
vt 0.482220203 0.677677929 0
vt 0.580382526 0.299716741 0
vt 0.609144926 0.303477108 0
vt 0.563089252 0.301353991 0
vt 0.526262939 0.291446805 0
vt 0.553597927 0.294234812 0
vt 0.563089252 0.301353991 0
vt 0.46544981 0.227352366 0
vt 0.455090791 0.210010946 0
vt 0.466294616 0.205838665 0
vt 0.47340098 0.240181595 0
vt 0.456020802 0.309933662 0
vt 0.466580063 0.242973328 0
vt 0.689196289 0.731199801 0
vt 0.6854375 0.694990516 0
vt 0.688905478 0.683823168 0
vt 0.694310546 0.690755844 0
vt 0.689196289 0.731199801 0
vt 0.688905478 0.683823168 0
vt 0.603739619 0.58853513 0
vt 0.632697582 0.588685155 0
vt 0.617790937 0.598386467 0
vt 0.60085541 0.555331826 0
vt 0.632697582 0.588685155 0
vt 0.603739619 0.58853513 0
vt 0.352393508 0.89686662 0
vt 0.370200664 0.89651978 0
vt 0.352455676 0.902433276 0
vt 0.352393508 0.89686662 0
vt 0.366858572 0.890895426 0
vt 0.370200664 0.89651978 0
vt 0.521976531 0.482969731 0
vt 0.532429099 0.511651099 0
vt 0.511568725 0.510514855 0
vt 0.521976531 0.482969731 0
vt 0.534068167 0.447615355 0
vt 0.532429099 0.511651099 0
vt 0.388079017 0.597455919 0
vt 0.371015549 0.592600703 0
vt 0.392384619 0.591184258 0
vt 0.392384619 0.591184258 0
vt 0.371015549 0.592600703 0
vt 0.381672293 0.586111963 0
vt 0.933667243 0.331518233 0
vt 0.938241541 0.335547268 0
vt 0.939915597 0.363192558 0
vt 0.938241541 0.335547268 0
vt 0.933667243 0.331518233 0
vt 0.944334686 0.332567841 0
vt 0.702347875 0.640659928 0
vt 0.694755197 0.64767915 0
vt 0.698893011 0.638178706 0
vt 0.694755197 0.64767915 0
vt 0.687808037 0.639511943 0
vt 0.698893011 0.638178706 0
vt 0.357762873 0.889866292 0
vt 0.366858572 0.890895426 0
vt 0.352393508 0.89686662 0
vt 0.350403339 0.875554383 0
vt 0.366858572 0.890895426 0
vt 0.357762873 0.889866292 0
vt 0.510330558 0.887765706 0
vt 0.506833673 0.894914508 0
vt 0.504775524 0.890215814 0
vt 0.510330558 0.887765706 0
vt 0.504775524 0.890215814 0
vt 0.502395451 0.871878028 0
vt 0.427140355 0.590927064 0
vt 0.41900152 0.592377961 0
vt 0.420390159 0.587345362 0
vt 0.858282804 0.00444096327 0
vt 0.879252911 0.00571408775 0
vt 0.845701993 0.00914047472 0
vt 0.645027459 0.285037428 0
vt 0.750581324 0.267691225 0
vt 0.609144926 0.303477108 0
vt 0.645027459 0.285037428 0
vt 0.609144926 0.303477108 0
vt 0.580382526 0.299716741 0
vt 0.983738422 0.775995433 0
vt 0.982134104 0.7850703 0
vt 0.978154063 0.774722457 0
vt 0.944931328 0.411575764 0
vt 0.950668216 0.411681175 0
vt 0.948250651 0.418002248 0
vt 0.465969473 0.875959992 0
vt 0.44327426 0.881829679 0
vt 0.481141329 0.86320883 0
vt 0.465969473 0.875959992 0
vt 0.481141329 0.86320883 0
vt 0.476237833 0.875163376 0
vt 0.850722432 0.31872955 0
vt 0.840074122 0.396430552 0
vt 0.828597665 0.358471096 0
vt 0.801203191 0.323300421 0
vt 0.828597665 0.358471096 0
vt 0.78159076 0.331316948 0
vt 0.708664596 0.673532188 0
vt 0.694310546 0.690755844 0
vt 0.702347875 0.640659928 0
vt 0.708664596 0.673532188 0
vt 0.702347875 0.640659928 0
vt 0.718326747 0.636755228 0
vt 0.799308121 0.320250571 0
vt 0.829509854 0.317045569 0
vt 0.801203191 0.323300421 0
vt 0.850722432 0.31872955 0
vt 0.828597665 0.358471096 0
vt 0.801203191 0.323300421 0
vt 0.379944324 0.551870108 0
vt 0.369565189 0.545702338 0
vt 0.389759511 0.539392352 0
vt 0.389759511 0.539392352 0
vt 0.383439034 0.576084495 0
vt 0.379944324 0.551870108 0
vt 0.576503813 0.513114572 0
vt 0.620501637 0.480644643 0
vt 0.628078759 0.528532803 0
vt 0.571632147 0.463489234 0
vt 0.620501637 0.480644643 0
vt 0.576503813 0.513114572 0
vt 0.496330887 0.845308602 0
vt 0.492836654 0.849834502 0
vt 0.494085103 0.828121245 0
vt 0.496330887 0.845308602 0
vt 0.502154112 0.849803805 0
vt 0.496885478 0.853467941 0
vt 0.895776689 0.125794858 0
vt 0.905022025 0.153886333 0
vt 0.872538447 0.14305903 0
vt 0.864287078 0.107108705 0
vt 0.895776689 0.125794858 0
vt 0.872538447 0.14305903 0
vt 0.905108631 0.516178191 0
vt 0.921260715 0.523232996 0
vt 0.902058065 0.527945578 0
vt 0.9267869 0.516168773 0
vt 0.936504304 0.510255039 0
vt 0.930900514 0.522076309 0
vt 0.729951382 0.290169239 0
vt 0.750438571 0.287881553 0
vt 0.728010058 0.294051349 0
vt 0.750438571 0.287881553 0
vt 0.729951382 0.290169239 0
vt 0.761807263 0.282164186 0
vt 0.176080778 0.468924642 0
vt 0.126954719 0.472373635 0
vt 0.181002304 0.422796637 0
vt 0.142861396 0.490413576 0
vt 0.0638898984 0.517592907 0
vt 0.126954719 0.472373635 0
vt 0.936504304 0.510255039 0
vt 0.938581765 0.523528218 0
vt 0.930900514 0.522076309 0
vt 0.936504304 0.510255039 0
vt 0.94385916 0.522785664 0
vt 0.938581765 0.523528218 0
vt 0.829509854 0.317045569 0
vt 0.850722432 0.31872955 0
vt 0.801203191 0.323300421 0
vt 0.850722432 0.31872955 0
vt 0.850279152 0.31656757 0
vt 0.873125613 0.319294989 0
vt 0.496330887 0.845308602 0
vt 0.496885478 0.853467941 0
vt 0.492836654 0.849834502 0
vt 0.491272897 0.860377491 0
vt 0.481141329 0.86320883 0
vt 0.492836654 0.849834502 0
vt 0.944931328 0.411575764 0
vt 0.942094266 0.418750674 0
vt 0.939431965 0.409701735 0
vt 0.944931328 0.411575764 0
vt 0.948250651 0.418002248 0
vt 0.942094266 0.418750674 0
vt 0.971173525 0.675129533 0
vt 0.977441251 0.720350027 0
vt 0.97390914 0.730956197 0
vt 0.977131486 0.744774103 0
vt 0.967631996 0.757676005 0
vt 0.967880845 0.739583433 0
vt 0.840666473 0.554635942 0
vt 0.888103783 0.524269044 0
vt 0.849221706 0.591270626 0
vt 0.726593494 0.569576085 0
vt 0.849221706 0.591270626 0
vt 0.632697582 0.588685155 0
vt 0.298446238 0.87736398 0
vt 0.321169615 0.875478029 0
vt 0.306266069 0.880201578 0
vt 0.306266069 0.880201578 0
vt 0.290289432 0.884422243 0
vt 0.298446238 0.87736398 0
vt 0.470142007 0.0904793963 0
vt 0.421080977 0.0971077755 0
vt 0.458778113 0.0637814626 0
vt 0.421080977 0.0971077755 0
vt 0.364845395 0.0991973951 0
vt 0.431111991 0.0450941361 0
vt 0.759972095 0.276765049 0
vt 0.783987522 0.282077104 0
vt 0.761807263 0.282164186 0
vt 0.783195674 0.285720348 0
vt 0.787082911 0.300312221 0
vt 0.771474481 0.286404759 0
vt 0.840666473 0.554635942 0
vt 0.849221706 0.591270626 0
vt 0.726593494 0.569576085 0
vt 0.80150038 0.508643568 0
vt 0.840666473 0.554635942 0
vt 0.726593494 0.569576085 0
vt 0.117129043 0.605726182 0
vt 0.0906692967 0.601657212 0
vt 0.0972646624 0.599134028 0
vt 0.0801463425 0.59849751 0
vt 0.0906692967 0.601657212 0
vt 0.0740495399 0.601465583 0
vt 0.424242437 0.00644393032 0
vt 0.385787427 0.000974652357 0
vt 0.410705805 0.00223205611 0
vt 0.910642982 0.592668116 0
vt 0.90454942 0.598867059 0
vt 0.88828218 0.598964572 0
vt 0.369565189 0.545702338 0
vt 0.242381558 0.32852146 0
vt 0.378782451 0.530456901 0
vt 0.389759511 0.539392352 0
vt 0.369565189 0.545702338 0
vt 0.378782451 0.530456901 0
vt 0.787082911 0.300312221 0
vt 0.777113616 0.308088064 0
vt 0.779026389 0.300370336 0
vt 0.787082911 0.300312221 0
vt 0.779026389 0.300370336 0
vt 0.771474481 0.286404759 0
vt 0.364407867 0.854132175 0
vt 0.352715909 0.845496297 0
vt 0.387260199 0.851664364 0
vt 0.352327615 0.867337465 0
vt 0.364407867 0.854132175 0
vt 0.381895393 0.859219491 0
vt 0.0313254297 0.330903411 0
vt 0.0177465305 0.335332632 0
vt 0.0171028711 0.329748303 0
vt 0.0113820424 0.329450667 0
vt 0.0148663651 0.342247218 0
vt 0.00721404888 0.330861598 0
vt 0.420390159 0.587345362 0
vt 0.429036379 0.569540739 0
vt 0.450251222 0.555361152 0
vt 0.420390159 0.587345362 0
vt 0.393724978 0.580338597 0
vt 0.429036379 0.569540739 0
vt 0.211280227 0.82625699 0
vt 0.21011889 0.797503054 0
vt 0.212696686 0.801413834 0
vt 0.20885849 0.85924989 0
vt 0.21011889 0.797503054 0
vt 0.211280227 0.82625699 0
vt 0.140435278 0.241352469 0
vt 0.120217137 0.24853006 0
vt 0.118343554 0.186925292 0
vt 0.120217137 0.24853006 0
vt 0.140435278 0.241352469 0
vt 0.158033907 0.27433601 0
vt 0.491861343 0.779123366 0
vt 0.414768189 0.773463905 0
vt 0.475401551 0.752886295 0
vt 0.491861343 0.779123366 0
vt 0.475401551 0.752886295 0
vt 0.504516363 0.771134794 0
vt 0.357762873 0.889866292 0
vt 0.343807399 0.877848625 0
vt 0.350403339 0.875554383 0
vt 0.343807399 0.877848625 0
vt 0.321169615 0.875478029 0
vt 0.335807741 0.871173978 0
vt 0.501584232 0.368240416 0
vt 0.528002203 0.40132305 0
vt 0.534068167 0.447615355 0
vt 0.534068167 0.447615355 0
vt 0.528002203 0.40132305 0
vt 0.552001953 0.429627031 0
vt 0.0729523823 0.33819592 0
vt 0.0620138273 0.334873021 0
vt 0.0934626013 0.332386166 0
vt 0.0491767675 0.337465912 0
vt 0.0342523195 0.327259362 0
vt 0.0620138273 0.334873021 0
vt 0.639089644 0.0128518566 0
vt 0.642756164 0.0183443166 0
vt 0.618620813 0.0153356837 0
vt 0.639089644 0.0128518566 0
vt 0.654794514 0.0093204556 0
vt 0.642756164 0.0183443166 0
vt 0.850536644 0.673888445 0
vt 0.837410808 0.659795582 0
vt 0.839609265 0.64651823 0
vt 0.850536644 0.673888445 0
vt 0.857903242 0.731255352 0
vt 0.837410808 0.659795582 0
vt 0.499297231 0.343607068 0
vt 0.486686319 0.33069706 0
vt 0.492424726 0.324876219 0
vt 0.496318489 0.307118535 0
vt 0.488910258 0.310350597 0
vt 0.497052342 0.292496294 0
vt 0.70731467 0.309477419 0
vt 0.723071754 0.323708802 0
vt 0.711297154 0.318132311 0
vt 0.723071754 0.323708802 0
vt 0.717719615 0.332870305 0
vt 0.711297154 0.318132311 0
vt 0.256070286 0.688217402 0
vt 0.272533953 0.611052394 0
vt 0.275340825 0.622762501 0
vt 0.433768511 0.612886846 0
vt 0.275340825 0.622762501 0
vt 0.281479299 0.611661613 0
vt 0.515048325 0.600551069 0
vt 0.496499002 0.586375833 0
vt 0.50270611 0.581416011 0
vt 0.199060589 0.641437173 0
vt 0.208231226 0.629457831 0
vt 0.219885886 0.628548086 0
vt 0.241860464 0.599296987 0
vt 0.234508112 0.59815371 0
vt 0.263008416 0.593203187 0
vt 0.227705657 0.600472391 0
vt 0.207036868 0.59487474 0
vt 0.234508112 0.59815371 0
vt 0.333890438 0.87993896 0
vt 0.330158144 0.889533103 0
vt 0.321169615 0.875478029 0
vt 0.330158144 0.889533103 0
vt 0.34228462 0.888862193 0
vt 0.352393508 0.89686662 0
vt 0.502885103 0.800688744 0
vt 0.505134404 0.803545713 0
vt 0.50165391 0.815428138 0
vt 0.502885103 0.800688744 0
vt 0.50165391 0.815428138 0
vt 0.493067682 0.804113448 0
vt 0.370781332 0.577609241 0
vt 0.353466481 0.586309612 0
vt 0.342061609 0.591763496 0
vt 0.3543199 0.590990365 0
vt 0.342933238 0.597080946 0
vt 0.342061609 0.591763496 0
vt 0.768926382 0.81519419 0
vt 0.726445377 0.818152308 0
vt 0.721144974 0.791137874 0
vt 0.726445377 0.818152308 0
vt 0.695740163 0.750728071 0
vt 0.721144974 0.791137874 0
vt 0.384997964 0.895398438 0
vt 0.38428086 0.891569734 0
vt 0.397549033 0.893981278 0
vt 0.384997964 0.895398438 0
vt 0.366858572 0.890895426 0
vt 0.38428086 0.891569734 0
vt 0.737788498 0.741970062 0
vt 0.721144974 0.791137874 0
vt 0.706825554 0.719769597 0
vt 0.737788498 0.741970062 0
vt 0.706825554 0.719769597 0
vt 0.758100927 0.713704407 0
vt 0.490932614 0.29274109 0
vt 0.492120713 0.274860919 0
vt 0.49606359 0.27734372 0
vt 0.490932614 0.29274109 0
vt 0.49606359 0.27734372 0
vt 0.497052342 0.292496294 0
vt 0.485598236 0.350163549 0
vt 0.491504997 0.346604854 0
vt 0.494592071 0.349571675 0
vt 0.491504997 0.346604854 0
vt 0.499297231 0.343607068 0
vt 0.494592071 0.349571675 0
vt 0.359745532 0.00268987194 0
vt 0.296125859 0.009164555 0
vt 0.213677943 0.0048521054 0
vt 0.385787427 0.000974652357 0
vt 0.316903979 0.0658025965 0
vt 0.359745532 0.00268987194 0
vt 0.237971023 0.397077888 0
vt 0.176080778 0.468924642 0
vt 0.181002304 0.422796637 0
vt 0.237971023 0.397077888 0
vt 0.181002304 0.422796637 0
vt 0.242381558 0.32852146 0
vt 0.688568532 0.84779799 0
vt 0.695363581 0.868355751 0
vt 0.690863073 0.862700164 0
vt 0.458235621 0.555569291 0
vt 0.450407535 0.566125572 0
vt 0.460768729 0.540650845 0
vt 0.471868724 0.0818184316 0
vt 0.470142007 0.0904793963 0
vt 0.471907079 0.0489791632 0
vt 0.470171183 0.123288997 0
vt 0.470142007 0.0904793963 0
vt 0.471868724 0.0818184316 0
vt 0.859853625 0.758011401 0
vt 0.838567615 0.773631811 0
vt 0.824728251 0.7326051 0
vt 0.857903242 0.731255352 0
vt 0.859853625 0.758011401 0
vt 0.832908154 0.717902601 0
vt 0.989029586 0.795555472 0
vt 0.986930668 0.799883783 0
vt 0.974009693 0.777403831 0
vt 0.990758598 0.815095961 0
vt 0.986930668 0.799883783 0
vt 0.989029586 0.795555472 0
vt 0.460768729 0.540650845 0
vt 0.450251222 0.555361152 0
vt 0.447101414 0.532230616 0
vt 0.460768729 0.540650845 0
vt 0.450407535 0.566125572 0
vt 0.450251222 0.555361152 0
vt 0.903417826 0.320398837 0
vt 0.933667243 0.331518233 0
vt 0.891058087 0.319316328 0
vt 0.891058087 0.319316328 0
vt 0.881734252 0.31616661 0
vt 0.903417826 0.320398837 0
vt 0.755206823 0.25126788 0
vt 0.680991709 0.238847047 0
vt 0.7122401 0.225603133 0
vt 0.65872997 0.188170657 0
vt 0.7122401 0.225603133 0
vt 0.680991709 0.238847047 0
vt 0.316903979 0.0658025965 0
vt 0.281109065 0.210680604 0
vt 0.265029699 0.254400998 0
vt 0.278609365 0.281357646 0
vt 0.265029699 0.254400998 0
vt 0.281109065 0.210680604 0
vt 0.484630525 0.0438948199 0
vt 0.492334694 0.0291881841 0
vt 0.496165484 0.0376074351 0
vt 0.504775524 0.890215814 0
vt 0.502418458 0.896625936 0
vt 0.496963173 0.891192496 0
vt 0.47249642 0.225959167 0
vt 0.47340098 0.240181595 0
vt 0.466580063 0.242973328 0
vt 0.779838502 0.620067358 0
vt 0.749817669 0.623423159 0
vt 0.762912929 0.620772958 0
vt 0.873125613 0.319294989 0
vt 0.941501141 0.371404052 0
vt 0.878913045 0.336947471 0
vt 0.850722432 0.31872955 0
vt 0.873125613 0.319294989 0
vt 0.878913045 0.336947471 0
vt 0.627668619 0.148588076 0
vt 0.671616375 0.0963391885 0
vt 0.67852205 0.120341636 0
vt 0.627668619 0.148588076 0
vt 0.67852205 0.120341636 0
vt 0.65872997 0.188170657 0
vt 0.87816143 0.434851736 0
vt 0.901069522 0.427670509 0
vt 0.908225358 0.446173936 0
vt 0.901069522 0.427670509 0
vt 0.926909208 0.44435066 0
vt 0.908225358 0.446173936 0
vt 0.497457087 0.548162282 0
vt 0.500565708 0.547789693 0
vt 0.501751184 0.55765897 0
vt 0.491886646 0.54105258 0
vt 0.500565708 0.547789693 0
vt 0.497457087 0.548162282 0
vt 0.282454222 0.78749162 0
vt 0.265858501 0.877395868 0
vt 0.254885972 0.836635232 0
vt 0.282454222 0.78749162 0
vt 0.241831556 0.803585351 0
vt 0.249903485 0.740322113 0
vt 0.103454009 0.586657584 0
vt 0.0698380172 0.592537642 0
vt 0.0291622374 0.541459262 0
vt 0.0801463425 0.59849751 0
vt 0.0698380172 0.592537642 0
vt 0.103454009 0.586657584 0
vt 0.743304908 0.626493633 0
vt 0.718326747 0.636755228 0
vt 0.733860135 0.62822479 0
vt 0.743304908 0.626493633 0
vt 0.733860135 0.62822479 0
vt 0.749817669 0.623423159 0
vt 0.844938636 0.899746776 0
vt 0.841904104 0.893900931 0
vt 0.876598418 0.8979671 0
vt 0.781320095 0.892874122 0
vt 0.750623703 0.854948521 0
vt 0.807092845 0.89341104 0
vt 0.0510978028 0.293491334 0
vt 0.0707008839 0.279407442 0
vt 0.119075008 0.278081328 0
vt 0.119075008 0.278081328 0
vt 0.0707008839 0.279407442 0
vt 0.158033907 0.27433601 0
vt 0.211280227 0.82625699 0
vt 0.210451752 0.866457582 0
vt 0.20885849 0.85924989 0
vt 0.486137897 0.35753414 0
vt 0.485598236 0.350163549 0
vt 0.494592071 0.349571675 0
vt 0.849221706 0.591270626 0
vt 0.872478366 0.59427458 0
vt 0.863634884 0.600133419 0
vt 0.872478366 0.59427458 0
vt 0.890141428 0.592005014 0
vt 0.863634884 0.600133419 0
vt 0.531931937 0.217843786 0
vt 0.540846229 0.202175841 0
vt 0.537362516 0.233627558 0
vt 0.520404518 0.243389547 0
vt 0.531931937 0.217843786 0
vt 0.537362516 0.233627558 0
vt 0.945537329 0.540139914 0
vt 0.94385916 0.522785664 0
vt 0.947678328 0.532998621 0
vt 0.939938784 0.470941037 0
vt 0.946997225 0.522961617 0
vt 0.94385916 0.522785664 0
vt 0.986950099 0.8434214 0
vt 0.983353376 0.853799999 0
vt 0.987570703 0.82373029 0
vt 0.944334686 0.332567841 0
vt 0.948028028 0.333848327 0
vt 0.949223697 0.355429351 0
vt 0.181846663 0.60100776 0
vt 0.18052502 0.596589088 0
vt 0.196098879 0.600119054 0
vt 0.196098879 0.600119054 0
vt 0.204572871 0.603954256 0
vt 0.18589884 0.603480697 0
vt 0.132169858 0.137478471 0
vt 0.12500383 0.0969611332 0
vt 0.140038341 0.0433169827 0
vt 0.12500383 0.0969611332 0
vt 0.0605550818 0.0390430726 0
vt 0.140038341 0.0433169827 0
vt 0.783087671 0.324001998 0
vt 0.78159076 0.331316948 0
vt 0.752750933 0.327714115 0
vt 0.783087671 0.324001998 0
vt 0.801203191 0.323300421 0
vt 0.78159076 0.331316948 0
vt 0.21003896 0.670377254 0
vt 0.200800255 0.674806297 0
vt 0.20480299 0.663448751 0
vt 0.21003896 0.670377254 0
vt 0.20480299 0.663448751 0
vt 0.214975476 0.662291586 0
vt 0.504263282 0.180691943 0
vt 0.531756461 0.18877995 0
vt 0.510574579 0.191074044 0
vt 0.495827675 0.189062059 0
vt 0.504263282 0.180691943 0
vt 0.510574579 0.191074044 0
vt 0.791684866 0.713329077 0
vt 0.784347594 0.742244244 0
vt 0.758100927 0.713704407 0
vt 0.784347594 0.742244244 0
vt 0.737788498 0.741970062 0
vt 0.758100927 0.713704407 0
vt 0.69519341 0.532092094 0
vt 0.727210104 0.517566383 0
vt 0.726593494 0.569576085 0
vt 0.67441678 0.477545053 0
vt 0.727210104 0.517566383 0
vt 0.69519341 0.532092094 0
vt 0.199787691 0.661821783 0
vt 0.208146617 0.654732883 0
vt 0.214975476 0.662291586 0
vt 0.214975476 0.662291586 0
vt 0.208146617 0.654732883 0
vt 0.221204013 0.645885527 0
vt 0.0619152635 0.544720709 0
vt 0.0271752682 0.520311594 0
vt 0.0638898984 0.517592907 0
vt 0.0984343663 0.532076418 0
vt 0.0638898984 0.517592907 0
vt 0.142861396 0.490413576 0
vt 0.792757392 0.489014506 0
vt 0.846605062 0.473702252 0
vt 0.842441797 0.490080804 0
vt 0.846605062 0.473702252 0
vt 0.870747626 0.501505256 0
vt 0.842441797 0.490080804 0
vt 0.220853612 0.803768992 0
vt 0.212696686 0.801413834 0
vt 0.223462254 0.79091239 0
vt 0.220853612 0.803768992 0
vt 0.223462254 0.79091239 0
vt 0.241831556 0.803585351 0
vt 0.381672293 0.586111963 0
vt 0.383439034 0.576084495 0
vt 0.393724978 0.580338597 0
vt 0.393724978 0.580338597 0
vt 0.383439034 0.576084495 0
vt 0.389759511 0.539392352 0
vt 0.690863073 0.862700164 0
vt 0.697482049 0.891988039 0
vt 0.692982614 0.897024155 0
vt 0.69285357 0.902817369 0
vt 0.692982614 0.897024155 0
vt 0.699954212 0.894010842 0
vt 0.536002457 0.536383271 0
vt 0.536869586 0.571327388 0
vt 0.516318917 0.55640775 0
vt 0.506136298 0.543494999 0
vt 0.516318917 0.55640775 0
vt 0.513609111 0.563799739 0
vt 0.47001189 0.140925884 0
vt 0.466294616 0.205838665 0
vt 0.463930279 0.156621143 0
vt 0.463930279 0.156621143 0
vt 0.35024938 0.290243328 0
vt 0.470171183 0.123288997 0
vt 0.883530736 0.498822868 0
vt 0.888103783 0.524269044 0
vt 0.870747626 0.501505256 0
vt 0.846605062 0.473702252 0
vt 0.883530736 0.498822868 0
vt 0.870747626 0.501505256 0
vt 0.912606359 0.0477048643 0
vt 0.903741896 0.0342097059 0
vt 0.896421075 0.0175277125 0
vt 0.896421075 0.0175277125 0
vt 0.891962349 0.0267054792 0
vt 0.87608707 0.0193875525 0
vt 0.926122606 0.533480287 0
vt 0.929169238 0.54021883 0
vt 0.918961167 0.537979364 0
vt 0.926122606 0.533480287 0
vt 0.939055264 0.533852279 0
vt 0.939712167 0.541779876 0
vt 0.69304955 0.337013423 0
vt 0.717719615 0.332870305 0
vt 0.716501653 0.3480995 0
vt 0.659222364 0.324857026 0
vt 0.675395131 0.333909541 0
vt 0.680720925 0.345083266 0
vt 0.412126154 0.887350976 0
vt 0.397549033 0.893981278 0
vt 0.402819186 0.887390018 0
vt 0.413642645 0.884889305 0
vt 0.402819186 0.887390018 0
vt 0.400055289 0.873305202 0
vt 0.318555117 0.239196748 0
vt 0.278609365 0.281357646 0
vt 0.302509487 0.212557077 0
vt 0.365248233 0.162107006 0
vt 0.318555117 0.239196748 0
vt 0.302509487 0.212557077 0
vt 0.0196706671 0.364465177 0
vt 0.0148663651 0.342247218 0
vt 0.0177465305 0.335332632 0
vt 0.0177465305 0.335332632 0
vt 0.0148663651 0.342247218 0
vt 0.0113820424 0.329450667 0
vt 0.804988146 0.0063743908 0
vt 0.820733428 0.0060134246 0
vt 0.826299369 0.0100139128 0
vt 0.838565648 0.00728591857 0
vt 0.858282804 0.00444096327 0
vt 0.845701993 0.00914047472 0
vt 0.814725935 0.289103478 0
vt 0.795417845 0.287751913 0
vt 0.783987522 0.282077104 0
vt 0.825506806 0.299073845 0
vt 0.805859923 0.293444425 0
vt 0.814725935 0.289103478 0
vt 0.680720925 0.345083266 0
vt 0.716501653 0.3480995 0
vt 0.707184494 0.377193838 0
vt 0.716501653 0.3480995 0
vt 0.680720925 0.345083266 0
vt 0.69304955 0.337013423 0
vt 0.296125859 0.009164555 0
vt 0.146988988 0.0086566275 0
vt 0.213677943 0.0048521054 0
vt 0.213677943 0.0048521054 0
vt 0.144471273 0.00615377259 0
vt 0.152166799 0.0046252585 0
vt 0.908225358 0.446173936 0
vt 0.927466989 0.483170956 0
vt 0.917367041 0.504583776 0
vt 0.9267869 0.516168773 0
vt 0.921260715 0.523232996 0
vt 0.905108631 0.516178191 0
vt 0.0357320942 0.280505091 0
vt 0.00995669328 0.286268413 0
vt 0.0304960553 0.277094096 0
vt 0.0357320942 0.280505091 0
vt 0.0304960553 0.277094096 0
vt 0.0707008839 0.279407442 0
vt 0.371015549 0.592600703 0
vt 0.388079017 0.597455919 0
vt 0.370301902 0.596924365 0
vt 0.820733428 0.0060134246 0
vt 0.838565648 0.00728591857 0
vt 0.826299369 0.0100139128 0
vt 0.484802693 0.157829896 0
vt 0.481857687 0.143473998 0
vt 0.489031315 0.152686357 0
vt 0.484802693 0.157829896 0
vt 0.489031315 0.152686357 0
vt 0.491708517 0.174826458 0
vt 0.514995039 0.531541646 0
vt 0.536002457 0.536383271 0
vt 0.516318917 0.55640775 0
vt 0.532429099 0.511651099 0
vt 0.536002457 0.536383271 0
vt 0.514995039 0.531541646 0
vt 0.974416912 0.641306162 0
vt 0.968364775 0.653005719 0
vt 0.960880756 0.629319966 0
vt 0.977286935 0.658779681 0
vt 0.968364775 0.653005719 0
vt 0.974416912 0.641306162 0
vt 0.493077666 0.0577722006 0
vt 0.484630525 0.0438948199 0
vt 0.496165484 0.0376074351 0
vt 0.496165484 0.0376074351 0
vt 0.504346728 0.0324268006 0
vt 0.493077666 0.0577722006 0
vt 0.797929227 0.660853565 0
vt 0.752294958 0.644493997 0
vt 0.765522718 0.638922334 0
vt 0.765522718 0.638922334 0
vt 0.752294958 0.644493997 0
vt 0.743304908 0.626493633 0
vt 0.16343841 0.201255739 0
vt 0.16410616 0.244825795 0
vt 0.137829095 0.195948154 0
vt 0.16343841 0.201255739 0
vt 0.137829095 0.195948154 0
vt 0.152793646 0.148605525 0
vt 0.901069522 0.427670509 0
vt 0.928280473 0.431304067 0
vt 0.926909208 0.44435066 0
vt 0.928280473 0.431304067 0
vt 0.936500192 0.436438203 0
vt 0.926909208 0.44435066 0
vt 0.692165077 0.463626593 0
vt 0.696392 0.409254968 0
vt 0.715281844 0.430355132 0
vt 0.696392 0.409254968 0
vt 0.707184494 0.377193838 0
vt 0.715281844 0.430355132 0
vt 0.912432313 0.287598342 0
vt 0.941702187 0.272551239 0
vt 0.931741118 0.281710744 0
vt 0.937175095 0.31749773 0
vt 0.943911135 0.30409357 0
vt 0.949015379 0.305014133 0
vt 0.804258525 0.901525497 0
vt 0.781320095 0.892874122 0
vt 0.807092845 0.89341104 0
vt 0.804258525 0.901525497 0
vt 0.765322387 0.901489079 0
vt 0.781320095 0.892874122 0
vt 0.727531314 0.0950020999 0
vt 0.814522982 0.0670581236 0
vt 0.806548715 0.108379699 0
vt 0.727531314 0.0950020999 0
vt 0.806548715 0.108379699 0
vt 0.766619802 0.130064607 0
vt 0.479532182 0.418431848 0
vt 0.482900172 0.421442658 0
vt 0.482157499 0.462577373 0
vt 0.486137897 0.35753414 0
vt 0.482900172 0.421442658 0
vt 0.479532182 0.418431848 0
vt 0.935010135 0.394638032 0
vt 0.944262624 0.399614275 0
vt 0.928444266 0.400228083 0
vt 0.912392497 0.389753252 0
vt 0.916274428 0.396179616 0
vt 0.894933045 0.396996289 0
vt 0.491055399 0.23406364 0
vt 0.494785279 0.220149636 0
vt 0.496410578 0.248632982 0
vt 0.49463591 0.262010306 0
vt 0.491120249 0.247901022 0
vt 0.496410578 0.248632982 0
vt 0.506145597 0.0148735046 0
vt 0.514406443 0.013438222 0
vt 0.500448167 0.024039289 0
vt 0.0610664934 0.599858582 0
vt 0.0488929674 0.595317423 0
vt 0.0431344286 0.585227013 0
vt 0.754044473 0.184549034 0
vt 0.742684245 0.14814049 0
vt 0.812728167 0.193211764 0
vt 0.742684245 0.14814049 0
vt 0.754044473 0.184549034 0
vt 0.689513803 0.160839349 0
vt 0.520831287 0.336861312 0
vt 0.536602557 0.332283139 0
vt 0.548880816 0.336651593 0
vt 0.525708735 0.330741942 0
vt 0.536602557 0.332283139 0
vt 0.520831287 0.336861312 0
vt 0.771474481 0.286404759 0
vt 0.761807263 0.282164186 0
vt 0.783987522 0.282077104 0
vt 0.750438571 0.287881553 0
vt 0.761807263 0.282164186 0
vt 0.771474481 0.286404759 0
vt 0.497298747 0.216390565 0
vt 0.50200969 0.20937553 0
vt 0.501978099 0.226104453 0
vt 0.501978099 0.226104453 0
vt 0.511193216 0.223875985 0
vt 0.520404518 0.243389547 0
vt 0.471886158 0.0235398468 0
vt 0.458778113 0.0637814626 0
vt 0.458267838 0.0223398097 0
vt 0.471886158 0.0235398468 0
vt 0.458267838 0.0223398097 0
vt 0.450267226 0.0112986322 0
vt 0.500448167 0.024039289 0
vt 0.492760509 0.0246106759 0
vt 0.506145597 0.0148735046 0
vt 0.504775524 0.890215814 0
vt 0.506833673 0.894914508 0
vt 0.502418458 0.896625936 0
vt 0.513609111 0.563799739 0
vt 0.533096671 0.582260132 0
vt 0.525318503 0.583904564 0
vt 0.525318503 0.583904564 0
vt 0.533096671 0.582260132 0
vt 0.543250561 0.597089887 0
vt 0.7863819 0.321688414 0
vt 0.801203191 0.323300421 0
vt 0.783087671 0.324001998 0
vt 0.788295507 0.307808667 0
vt 0.777113616 0.308088064 0
vt 0.787082911 0.300312221 0
vt 0.281479299 0.611661613 0
vt 0.272533953 0.611052394 0
vt 0.361280769 0.605489433 0
vt 0.275340825 0.622762501 0
vt 0.272533953 0.611052394 0
vt 0.281479299 0.611661613 0
vt 0.500763237 0.241638422 0
vt 0.501655817 0.250313908 0
vt 0.496410578 0.248632982 0
vt 0.500763237 0.241638422 0
vt 0.520404518 0.243389547 0
vt 0.501655817 0.250313908 0
vt 0.0298728831 0.370666474 0
vt 0.0184744336 0.485085726 0
vt 0.0194355119 0.397120476 0
vt 0.022832457 0.373959154 0
vt 0.0196706671 0.364465177 0
vt 0.0286700018 0.363032252 0
vt 0.982948661 0.864892483 0
vt 0.969257414 0.88398248 0
vt 0.977746904 0.868596613 0
vt 0.986950099 0.8434214 0
vt 0.982948661 0.864892483 0
vt 0.983353376 0.853799999 0
vt 0.0315924175 0.571762681 0
vt 0.0282773506 0.57497251 0
vt 0.0178968664 0.561020076 0
vt 0.502154112 0.849803805 0
vt 0.509519815 0.865822196 0
vt 0.496885478 0.853467941 0
vt 0.507196546 0.570663989 0
vt 0.50270611 0.581416011 0
vt 0.501727223 0.572242379 0
vt 0.501727223 0.572242379 0
vt 0.50270611 0.581416011 0
vt 0.496499002 0.586375833 0
vt 0.140038341 0.0433169827 0
vt 0.0605550818 0.0390430726 0
vt 0.112482555 0.0184068121 0
vt 0.0833606422 0.0253275167 0
vt 0.0800021738 0.0189010613 0
vt 0.112482555 0.0184068121 0
vt 0.022832457 0.373959154 0
vt 0.0286700018 0.363032252 0
vt 0.0298728831 0.370666474 0
vt 0.0298728831 0.370666474 0
vt 0.0286700018 0.363032252 0
vt 0.0402518958 0.351100862 0
vt 0.593376994 0.345973969 0
vt 0.616358697 0.356842846 0
vt 0.571465373 0.354221731 0
vt 0.570768535 0.337326497 0
vt 0.593376994 0.345973969 0
vt 0.571465373 0.354221731 0
vt 0.937053323 0.823837519 0
vt 0.912105739 0.816580534 0
vt 0.890703797 0.777520418 0
vt 0.977746904 0.868596613 0
vt 0.912105739 0.816580534 0
vt 0.95934695 0.84462148 0
vt 0.385668308 0.872035503 0
vt 0.370137066 0.868783534 0
vt 0.381895393 0.859219491 0
vt 0.385668308 0.872035503 0
vt 0.369544923 0.885444224 0
vt 0.370137066 0.868783534 0
vt 0.983112931 0.648712993 0
vt 0.977286935 0.658779681 0
vt 0.981124997 0.64420855 0
vt 0.983112931 0.648712993 0
vt 0.981124997 0.64420855 0
vt 0.979176521 0.624480724 0
vt 0.65872997 0.188170657 0
vt 0.67852205 0.120341636 0
vt 0.676860392 0.186890051 0
vt 0.676860392 0.186890051 0
vt 0.7122401 0.225603133 0
vt 0.65872997 0.188170657 0
vt 0.747520268 0.902494848 0
vt 0.765322387 0.901489079 0
vt 0.75739485 0.902817369 0
vt 0.75739485 0.902817369 0
vt 0.765322387 0.901489079 0
vt 0.804258525 0.901525497 0
vt 0.50200969 0.20937553 0
vt 0.517298281 0.204218701 0
vt 0.511193216 0.223875985 0
vt 0.501978099 0.226104453 0
vt 0.50200969 0.20937553 0
vt 0.511193216 0.223875985 0
vt 0.878858805 0.786604524 0
vt 0.859853625 0.758011401 0
vt 0.890703797 0.777520418 0
vt 0.912105739 0.816580534 0
vt 0.878858805 0.786604524 0
vt 0.890703797 0.777520418 0
vt 0.316903979 0.0658025965 0
vt 0.296125859 0.009164555 0
vt 0.359745532 0.00268987194 0
vt 0.316903979 0.0658025965 0
vt 0.231662229 0.114486404 0
vt 0.296125859 0.009164555 0
vt 0.779838502 0.620067358 0
vt 0.743304908 0.626493633 0
vt 0.749817669 0.623423159 0
vt 0.777671933 0.626888931 0
vt 0.743304908 0.626493633 0
vt 0.779838502 0.620067358 0
vt 0.93132937 0.585560501 0
vt 0.942888975 0.591507912 0
vt 0.914402664 0.595635056 0
vt 0.918953776 0.582852602 0
vt 0.949760199 0.571505785 0
vt 0.93132937 0.585560501 0
vt 0.917367041 0.504583776 0
vt 0.9267869 0.516168773 0
vt 0.905108631 0.516178191 0
vt 0.883530736 0.498822868 0
vt 0.917367041 0.504583776 0
vt 0.905108631 0.516178191 0
vt 0.659222364 0.324857026 0
vt 0.680720925 0.345083266 0
vt 0.651939213 0.335094273 0
vt 0.659222364 0.324857026 0
vt 0.651939213 0.335094273 0
vt 0.627859533 0.332248688 0
vt 0.66146028 0.0178835299 0
vt 0.663910866 0.0235068556 0
vt 0.643660963 0.0240864828 0
vt 0.643660963 0.0240864828 0
vt 0.659897745 0.030041663 0
vt 0.635693312 0.0815021545 0
vt 0.0934626013 0.332386166 0
vt 0.0735328868 0.329600334 0
vt 0.078018941 0.322020352 0
vt 0.0657887831 0.306935489 0
vt 0.0305727255 0.30322057 0
vt 0.0796467885 0.30575335 0
vt 0.81683749 0.622740746 0
vt 0.777671933 0.626888931 0
vt 0.779838502 0.620067358 0
vt 0.839609265 0.64651823 0
vt 0.798943937 0.632729769 0
vt 0.81683749 0.622740746 0
vt 0.0356943198 0.307625353 0
vt 0.00985886622 0.297276288 0
vt 0.00775888935 0.291284233 0
vt 0.482392669 0.617640018 0
vt 0.474273056 0.606005251 0
vt 0.479646534 0.609648049 0
vt 0.93132937 0.585560501 0
vt 0.910642982 0.592668116 0
vt 0.918953776 0.582852602 0
vt 0.918953776 0.582852602 0
vt 0.910642982 0.592668116 0
vt 0.890141428 0.592005014 0
vt 0.617827356 0.311981678 0
vt 0.636137545 0.313171923 0
vt 0.623788655 0.315099299 0
vt 0.617827356 0.311981678 0
vt 0.614131451 0.315549284 0
vt 0.604736269 0.315737277 0
vt 0.677507937 0.00406233501 0
vt 0.687660754 0.00607118942 0
vt 0.681655705 0.0108020082 0
vt 0.241860464 0.599296987 0
vt 0.227705657 0.600472391 0
vt 0.234508112 0.59815371 0
vt 0.13224192 0.60435921 0
vt 0.121486366 0.601968646 0
vt 0.11613933 0.591788113 0
vt 0.117129043 0.605726182 0
vt 0.134525731 0.60756427 0
vt 0.115645751 0.610424995 0
vt 0.491708517 0.174826458 0
vt 0.504263282 0.180691943 0
vt 0.49237293 0.183603346 0
vt 0.49237293 0.183603346 0
vt 0.48616749 0.199608192 0
vt 0.491708517 0.174826458 0
vt 0.965380073 0.802943587 0
vt 0.942552805 0.798930585 0
vt 0.969612539 0.780826807 0
vt 0.95934695 0.84462148 0
vt 0.942552805 0.798930585 0
vt 0.965380073 0.802943587 0
vt 0.460836649 0.447747827 0
vt 0.457931876 0.471179128 0
vt 0.447053939 0.48984313 0
vt 0.460836649 0.447747827 0
vt 0.46139437 0.504261255 0
vt 0.457931876 0.471179128 0
vt 0.504349828 0.782310605 0
vt 0.495616078 0.788090587 0
vt 0.504516363 0.771134794 0
vt 0.0206423551 0.498983443 0
vt 0.0127516873 0.493639439 0
vt 0.0115440125 0.48247382 0
vt 0.485980302 0.892570734 0
vt 0.496963173 0.891192496 0
vt 0.502418458 0.896625936 0
vt 0.465496093 0.878876507 0
vt 0.496963173 0.891192496 0
vt 0.485980302 0.892570734 0
vt 0.937175095 0.31749773 0
vt 0.949015379 0.305014133 0
vt 0.949837506 0.310721159 0
vt 0.961544216 0.890084028 0
vt 0.932328939 0.89457047 0
vt 0.969257414 0.88398248 0
vt 0.382943451 0.886445463 0
vt 0.369544923 0.885444224 0
vt 0.385668308 0.872035503 0
vt 0.382943451 0.886445463 0
vt 0.366858572 0.890895426 0
vt 0.369544923 0.885444224 0
vt 0.765322387 0.901489079 0
vt 0.726156056 0.871976197 0
vt 0.781320095 0.892874122 0
vt 0.765322387 0.901489079 0
vt 0.739236236 0.893198192 0
vt 0.726156056 0.871976197 0
vt 0.103454009 0.586657584 0
vt 0.0619152635 0.544720709 0
vt 0.0984343663 0.532076418 0
vt 0.0984343663 0.532076418 0
vt 0.0619152635 0.544720709 0
vt 0.0638898984 0.517592907 0
vt 0.9267869 0.516168773 0
vt 0.927466989 0.483170956 0
vt 0.936504304 0.510255039 0
vt 0.917367041 0.504583776 0
vt 0.927466989 0.483170956 0
vt 0.9267869 0.516168773 0
vt 0.261749655 0.692811489 0
vt 0.256070286 0.688217402 0
vt 0.275340825 0.622762501 0
vt 0.261749655 0.692811489 0
vt 0.248575807 0.72003448 0
vt 0.256070286 0.688217402 0
vt 0.489031315 0.152686357 0
vt 0.486589193 0.140268847 0
vt 0.492436171 0.140972674 0
vt 0.492436171 0.140972674 0
vt 0.486589193 0.140268847 0
vt 0.486848325 0.125130534 0
vt 0.942993045 0.238113403 0
vt 0.943898261 0.251910388 0
vt 0.934089959 0.251367807 0
vt 0.943898261 0.251910388 0
vt 0.942993045 0.238113403 0
vt 0.946479619 0.266512722 0
vt 0.0291622374 0.541459262 0
vt 0.0315924175 0.571762681 0
vt 0.027640786 0.549170792 0
vt 0.0291622374 0.541459262 0
vt 0.027640786 0.549170792 0
vt 0.0206423551 0.498983443 0
vt 0.766619802 0.130064607 0
vt 0.821157873 0.151303872 0
vt 0.742684245 0.14814049 0
vt 0.766619802 0.130064607 0
vt 0.864287078 0.107108705 0
vt 0.821157873 0.151303872 0
vt 0.0729523823 0.33819592 0
vt 0.0491767675 0.337465912 0
vt 0.0620138273 0.334873021 0
vt 0.0491767675 0.337465912 0
vt 0.0729523823 0.33819592 0
vt 0.0464137644 0.344750077 0
vt 0.453998804 0.699885726 0
vt 0.429320663 0.669608176 0
vt 0.448457956 0.672239602 0
vt 0.49334842 0.70128566 0
vt 0.472993523 0.708692431 0
vt 0.462669313 0.683241248 0
vt 0.34228462 0.888862193 0
vt 0.333890438 0.87993896 0
vt 0.343807399 0.877848625 0
vt 0.333890438 0.87993896 0
vt 0.34228462 0.888862193 0
vt 0.330158144 0.889533103 0
vt 0.235769764 0.277892768 0
vt 0.211717606 0.258483768 0
vt 0.227055356 0.245205566 0
vt 0.211717606 0.258483768 0
vt 0.16410616 0.244825795 0
vt 0.227055356 0.245205566 0
vt 0.505152762 0.461641669 0
vt 0.511568725 0.510514855 0
vt 0.49966073 0.492192328 0
vt 0.49966073 0.492192328 0
vt 0.511568725 0.510514855 0
vt 0.514995039 0.531541646 0
vt 0.932328939 0.89457047 0
vt 0.893453598 0.896627963 0
vt 0.892712355 0.890348971 0
vt 0.892712355 0.890348971 0
vt 0.876598418 0.8979671 0
vt 0.838105321 0.860344231 0
vt 0.78159076 0.331316948 0
vt 0.805230379 0.367601663 0
vt 0.781276107 0.348571986 0
vt 0.781276107 0.348571986 0
vt 0.805230379 0.367601663 0
vt 0.760372519 0.374615818 0
vt 0.489843398 0.199567005 0
vt 0.48616749 0.199608192 0
vt 0.49237293 0.183603346 0
vt 0.48616749 0.199608192 0
vt 0.489843398 0.199567005 0
vt 0.488208979 0.220554903 0
vt 0.496885478 0.853467941 0
vt 0.491272897 0.860377491 0
vt 0.492836654 0.849834502 0
vt 0.496885478 0.853467941 0
vt 0.502395451 0.871878028 0
vt 0.491272897 0.860377491 0
vt 0.675395131 0.333909541 0
vt 0.69304955 0.337013423 0
vt 0.680720925 0.345083266 0
vt 0.675395131 0.333909541 0
vt 0.690350115 0.324123263 0
vt 0.69304955 0.337013423 0
vt 0.893453598 0.896627963 0
vt 0.876598418 0.8979671 0
vt 0.892712355 0.890348971 0
vt 0.936604679 0.183718458 0
vt 0.937297285 0.211137474 0
vt 0.903919578 0.239757836 0
vt 0.94385916 0.522785664 0
vt 0.946997225 0.522961617 0
vt 0.947678328 0.532998621 0
vt 0.982031226 0.662451863 0
vt 0.981967211 0.672730505 0
vt 0.979618609 0.671948552 0
vt 0.96131295 0.723325968 0
vt 0.940782666 0.731476426 0
vt 0.940734506 0.718780041 0
vt 0.96131295 0.723325968 0
vt 0.940734506 0.718780041 0
vt 0.961102545 0.644728243 0
vt 0.494851112 0.16841653 0
vt 0.501734555 0.166362137 0
vt 0.504263282 0.180691943 0
vt 0.494851112 0.16841653 0
vt 0.500715554 0.147629157 0
vt 0.501734555 0.166362137 0
vt 0.466580063 0.242973328 0
vt 0.451220185 0.242928475 0
vt 0.46544981 0.227352366 0
vt 0.46544981 0.227352366 0
vt 0.47249642 0.225959167 0
vt 0.466580063 0.242973328 0
vt 0.218607709 0.667190611 0
vt 0.229477867 0.652962625 0
vt 0.222990602 0.681264281 0
vt 0.214758739 0.692840636 0
vt 0.201150745 0.708690107 0
vt 0.213311106 0.678005099 0
vt 0.977131486 0.744774103 0
vt 0.967880845 0.739583433 0
vt 0.97390914 0.730956197 0
vt 0.967880845 0.739583433 0
vt 0.946884811 0.739918292 0
vt 0.97390914 0.730956197 0
vt 0.165618926 0.604358971 0
vt 0.18589884 0.603480697 0
vt 0.164807796 0.607375979 0
vt 0.165618926 0.604358971 0
vt 0.164807796 0.607375979 0
vt 0.134525731 0.60756427 0
vt 0.559424937 0.597026587 0
vt 0.557450533 0.599919975 0
vt 0.543250561 0.597089887 0
vt 0.571672738 0.599296808 0
vt 0.559424937 0.597026587 0
vt 0.572712302 0.597888291 0
vt 0.503682852 0.754797816 0
vt 0.499192953 0.731281221 0
vt 0.497616202 0.698551714 0
vt 0.504516363 0.771134794 0
vt 0.489269555 0.738056004 0
vt 0.503682852 0.754797816 0
vt 0.480199009 0.238291293 0
vt 0.491055399 0.23406364 0
vt 0.491120249 0.247901022 0
vt 0.491120249 0.247901022 0
vt 0.491055399 0.23406364 0
vt 0.496410578 0.248632982 0
vt 0.0906692967 0.601657212 0
vt 0.0801463425 0.59849751 0
vt 0.0972646624 0.599134028 0
vt 0.0972646624 0.599134028 0
vt 0.0801463425 0.59849751 0
vt 0.11613933 0.591788113 0
vt 0.743056893 0.315217435 0
vt 0.728175104 0.312255263 0
vt 0.738677025 0.309494436 0
vt 0.750742018 0.310034484 0
vt 0.762588978 0.321858883 0
vt 0.743056893 0.315217435 0
vt 0.0342523195 0.327259362 0
vt 0.0491767675 0.337465912 0
vt 0.0313254297 0.330903411 0
vt 0.0342523195 0.327259362 0
vt 0.0313254297 0.330903411 0
vt 0.0171028711 0.329748303 0
vt 0.438991666 0.544500828 0
vt 0.412886232 0.529287457 0
vt 0.426727921 0.507338881 0
vt 0.412886232 0.529287457 0
vt 0.378782451 0.530456901 0
vt 0.426727921 0.507338881 0
vt 0.504346728 0.0324268006 0
vt 0.635693312 0.0815021545 0
vt 0.55746156 0.0794056579 0
vt 0.55746156 0.0794056579 0
vt 0.635693312 0.0815021545 0
vt 0.55100733 0.171809509 0
vt 0.0220097639 0.557082951 0
vt 0.0315924175 0.571762681 0
vt 0.0178968664 0.561020076 0
vt 0.0177911464 0.514568865 0
vt 0.0220097639 0.557082951 0
vt 0.0178968664 0.561020076 0
vt 0.727797687 0.319621295 0
vt 0.742400706 0.319943428 0
vt 0.723071754 0.323708802 0
vt 0.742400706 0.319943428 0
vt 0.727797687 0.319621295 0
vt 0.743056893 0.315217435 0
vt 0.225068167 0.88185215 0
vt 0.231350973 0.87684375 0
vt 0.237104237 0.884243608 0
vt 0.246376574 0.880409002 0
vt 0.237104237 0.884243608 0
vt 0.231350973 0.87684375 0
vt 0.237563521 0.734902263 0
vt 0.221512124 0.714271963 0
vt 0.23970972 0.69501847 0
vt 0.221512124 0.714271963 0
vt 0.222990602 0.681264281 0
vt 0.23970972 0.69501847 0
vt 0.550073922 0.324675322 0
vt 0.573207498 0.326165587 0
vt 0.557611585 0.3284446 0
vt 0.573207498 0.326165587 0
vt 0.570768535 0.337326497 0
vt 0.557611585 0.3284446 0
vt 0.108016737 0.011723306 0
vt 0.0761133432 0.0111653944 0
vt 0.0902510807 0.00782731734 0
vt 0.571672738 0.599296808 0
vt 0.557450533 0.599919975 0
vt 0.559424937 0.597026587 0
vt 0.768443704 0.772193015 0
vt 0.737788498 0.741970062 0
vt 0.784347594 0.742244244 0
vt 0.768443704 0.772193015 0
vt 0.721144974 0.791137874 0
vt 0.737788498 0.741970062 0
vt 0.725828588 0.30584833 0
vt 0.728175104 0.312255263 0
vt 0.719391763 0.311738044 0
vt 0.727797687 0.319621295 0
vt 0.719391763 0.311738044 0
vt 0.728175104 0.312255263 0
vt 0.525217295 0.304041594 0
vt 0.525200069 0.297011852 0
vt 0.552689433 0.300917655 0
vt 0.525217295 0.304041594 0
vt 0.509050429 0.295544088 0
vt 0.525200069 0.297011852 0
vt 0.412126154 0.887350976 0
vt 0.406537145 0.897159398 0
vt 0.397549033 0.893981278 0
vt 0.478941709 0.131242156 0
vt 0.481653869 0.12200699 0
vt 0.486848325 0.125130534 0
vt 0.146988988 0.0086566275 0
vt 0.112482555 0.0184068121 0
vt 0.13169241 0.00868005306 0
vt 0.213677943 0.0048521054 0
vt 0.146988988 0.0086566275 0
vt 0.144471273 0.00615377259 0
vt 0.850722432 0.31872955 0
vt 0.871928513 0.398089617 0
vt 0.861892223 0.407397926 0
vt 0.871928513 0.398089617 0
vt 0.888106763 0.41426903 0
vt 0.861892223 0.407397926 0
vt 0.325821638 0.592363715 0
vt 0.324132681 0.584313989 0
vt 0.342061609 0.591763496 0
vt 0.342933238 0.597080946 0
vt 0.325821638 0.592363715 0
vt 0.342061609 0.591763496 0
vt 0.495616078 0.788090587 0
vt 0.504349828 0.782310605 0
vt 0.503807545 0.789709806 0
vt 0.0206423551 0.498983443 0
vt 0.01430644 0.50102818 0
vt 0.0127516873 0.493639439 0
vt 0.0707008839 0.279407442 0
vt 0.0304960553 0.277094096 0
vt 0.094245024 0.273583889 0
vt 0.158033907 0.27433601 0
vt 0.0707008839 0.279407442 0
vt 0.094245024 0.273583889 0
vt 0.396556139 0.0429939367 0
vt 0.363052815 0.0500904173 0
vt 0.385787427 0.000974652357 0
vt 0.363052815 0.0500904173 0
vt 0.316903979 0.0658025965 0
vt 0.385787427 0.000974652357 0
vt 0.679072797 0.305369884 0
vt 0.639680028 0.307947874 0
vt 0.64026618 0.305917174 0
vt 0.639680028 0.307947874 0
vt 0.621468604 0.306057274 0
vt 0.64026618 0.305917174 0
vt 0.92018348 0.719064653 0
vt 0.902076066 0.710740328 0
vt 0.951390088 0.645406783 0
vt 0.939691126 0.745680988 0
vt 0.902076066 0.710740328 0
vt 0.92018348 0.719064653 0
vt 0.248544216 0.240433276 0
vt 0.227055356 0.245205566 0
vt 0.22239846 0.194226801 0
vt 0.248544216 0.240433276 0
vt 0.22239846 0.194226801 0
vt 0.253238469 0.169166997 0
vt 0.566851497 0.521584392 0
vt 0.60085541 0.555331826 0
vt 0.579495013 0.555520833 0
vt 0.579495013 0.555520833 0
vt 0.60085541 0.555331826 0
vt 0.603739619 0.58853513 0
vt 0.164295524 0.314172149 0
vt 0.149843201 0.302199095 0
vt 0.217096388 0.315903306 0
vt 0.183692753 0.327533394 0
vt 0.133755758 0.329814881 0
vt 0.16238752 0.32571128 0
vt 0.902076066 0.710740328 0
vt 0.919863999 0.659514964 0
vt 0.929150581 0.634197474 0
vt 0.929150581 0.634197474 0
vt 0.919863999 0.659514964 0
vt 0.890043795 0.634256303 0
vt 0.843483806 0.0186710563 0
vt 0.848805308 0.0597517155 0
vt 0.814522982 0.0670581236 0
vt 0.814522982 0.0670581236 0
vt 0.848805308 0.0597517155 0
vt 0.864287078 0.107108705 0
vt 0.0833606422 0.0253275167 0
vt 0.052447632 0.023903925 0
vt 0.0800021738 0.0189010613 0
vt 0.052447632 0.023903925 0
vt 0.0531516932 0.0185704418 0
vt 0.0800021738 0.0189010613 0
vt 0.464192569 0.416986763 0
vt 0.461824834 0.434686363 0
vt 0.464740813 0.383660257 0
vt 0.466076702 0.386457145 0
vt 0.464740813 0.383660257 0
vt 0.466817915 0.325690061 0
vt 0.242381558 0.32852146 0
vt 0.183692753 0.327533394 0
vt 0.215387553 0.325145304 0
vt 0.215387553 0.325145304 0
vt 0.183692753 0.327533394 0
vt 0.16238752 0.32571128 0
vt 0.513609111 0.563799739 0
vt 0.536869586 0.571327388 0
vt 0.547953725 0.586314142 0
vt 0.516318917 0.55640775 0
vt 0.536869586 0.571327388 0
vt 0.513609111 0.563799739 0
vt 0.983738422 0.775995433 0
vt 0.986418843 0.779710889 0
vt 0.982134104 0.7850703 0
vt 0.98487395 0.750606596 0
vt 0.986418843 0.779710889 0
vt 0.983738422 0.775995433 0
vt 0.47562179 0.632609844 0
vt 0.462976187 0.628416657 0
vt 0.469460905 0.603776872 0
vt 0.462976187 0.628416657 0
vt 0.433768511 0.612886846 0
vt 0.469460905 0.603776872 0
vt 0.221204013 0.645885527 0
vt 0.219885886 0.628548086 0
vt 0.225201607 0.62315923 0
vt 0.208231226 0.629457831 0
vt 0.225201607 0.62315923 0
vt 0.219885886 0.628548086 0
vt 0.507295668 0.340252757 0
vt 0.504709005 0.348886728 0
vt 0.494592071 0.349571675 0
vt 0.507295668 0.340252757 0
vt 0.520831287 0.336861312 0
vt 0.504709005 0.348886728 0
vt 0.0196706671 0.364465177 0
vt 0.0145174349 0.382198513 0
vt 0.0148663651 0.342247218 0
vt 0.0145174349 0.382198513 0
vt 0.0196706671 0.364465177 0
vt 0.0162719954 0.403715432 0
vt 0.347370744 0.253951639 0
vt 0.398561031 0.175492048 0
vt 0.470171183 0.123288997 0
vt 0.347370744 0.253951639 0
vt 0.318555117 0.239196748 0
vt 0.398561031 0.175492048 0
vt 0.455090791 0.210010946 0
vt 0.451220185 0.242928475 0
vt 0.444994658 0.216883779 0
vt 0.463930279 0.156621143 0
vt 0.455090791 0.210010946 0
vt 0.444994658 0.216883779 0
vt 0.50679636 0.286614269 0
vt 0.553597927 0.294234812 0
vt 0.526262939 0.291446805 0
vt 0.50679636 0.286614269 0
vt 0.526262939 0.291446805 0
vt 0.509050429 0.295544088 0
vt 0.458778113 0.0637814626 0
vt 0.421080977 0.0971077755 0
vt 0.431111991 0.0450941361 0
vt 0.458778113 0.0637814626 0
vt 0.431111991 0.0450941361 0
vt 0.458267838 0.0223398097 0
vt 0.263008416 0.593203187 0
vt 0.27509442 0.593748808 0
vt 0.241860464 0.599296987 0
vt 0.263008416 0.593203187 0
vt 0.293778479 0.590163887 0
vt 0.27509442 0.593748808 0
vt 0.0305727255 0.30322057 0
vt 0.0268421248 0.296266407 0
vt 0.0510978028 0.293491334 0
vt 0.0268421248 0.296266407 0
vt 0.0357320942 0.280505091 0
vt 0.0510978028 0.293491334 0
vt 0.960880756 0.629319966 0
vt 0.94982183 0.627507269 0
vt 0.967630684 0.604868114 0
vt 0.961102545 0.644728243 0
vt 0.94982183 0.627507269 0
vt 0.960880756 0.629319966 0
vt 0.556208611 0.314617187 0
vt 0.565037549 0.319200575 0
vt 0.550073922 0.324675322 0
vt 0.550073922 0.324675322 0
vt 0.565037549 0.319200575 0
vt 0.573207498 0.326165587 0
vt 0.396556139 0.0429939367 0
vt 0.364845395 0.0991973951 0
vt 0.363052815 0.0500904173 0
vt 0.364845395 0.0991973951 0
vt 0.396556139 0.0429939367 0
vt 0.431111991 0.0450941361 0
vt 0.977131486 0.744774103 0
vt 0.978154063 0.774722457 0
vt 0.974009693 0.777403831 0
vt 0.982134104 0.7850703 0
vt 0.974009693 0.777403831 0
vt 0.978154063 0.774722457 0
vt 0.392044097 0.296682 0
vt 0.426868588 0.308962762 0
vt 0.371294409 0.293087631 0
vt 0.395412713 0.29009077 0
vt 0.433128923 0.307291031 0
vt 0.392044097 0.296682 0
vt 0.961102545 0.644728243 0
vt 0.951390088 0.645406783 0
vt 0.94982183 0.627507269 0
vt 0.940734506 0.718780041 0
vt 0.951390088 0.645406783 0
vt 0.961102545 0.644728243 0
vt 0.698538065 0.858190536 0
vt 0.688568532 0.84779799 0
vt 0.68858856 0.836372554 0
vt 0.698538065 0.858190536 0
vt 0.695363581 0.868355751 0
vt 0.688568532 0.84779799 0
vt 0.501751184 0.55765897 0
vt 0.504952252 0.563442886 0
vt 0.501727223 0.572242379 0
vt 0.501751184 0.55765897 0
vt 0.500565708 0.547789693 0
vt 0.504952252 0.563442886 0
vt 0.00867870823 0.265585333 0
vt 0.0068806177 0.260534465 0
vt 0.00273039308 0.178180203 0
vt 0.00867870823 0.265585333 0
vt 0.00712325238 0.286005378 0
vt 0.0068806177 0.260534465 0
vt 0.456020802 0.309933662 0
vt 0.426868588 0.308962762 0
vt 0.433128923 0.307291031 0
vt 0.426868588 0.308962762 0
vt 0.392044097 0.296682 0
vt 0.433128923 0.307291031 0
vt 0.234508112 0.59815371 0
vt 0.207036868 0.59487474 0
vt 0.217346773 0.590203047 0
vt 0.207036868 0.59487474 0
vt 0.174913883 0.578979373 0
vt 0.217346773 0.590203047 0
vt 0.795417845 0.287751913 0
vt 0.783195674 0.285720348 0
vt 0.783987522 0.282077104 0
vt 0.783195674 0.285720348 0
vt 0.771474481 0.286404759 0
vt 0.783987522 0.282077104 0
vt 0.781320095 0.892874122 0
vt 0.729273617 0.859090805 0
vt 0.750623703 0.854948521 0
vt 0.750623703 0.854948521 0
vt 0.729273617 0.859090805 0
vt 0.726445377 0.818152308 0
vt 0.837648749 0.601240098 0
vt 0.843447328 0.599972069 0
vt 0.863634884 0.600133419 0
vt 0.843447328 0.599972069 0
vt 0.837648749 0.601240098 0
vt 0.794605434 0.601051509 0
vt 0.00775888935 0.291284233 0
vt 0.00712325238 0.286005378 0
vt 0.00995669328 0.286268413 0
vt 0.00883019436 0.282183737 0
vt 0.00712325238 0.286005378 0
vt 0.00867870823 0.265585333 0
vt 0.878913045 0.336947471 0
vt 0.935010135 0.394638032 0
vt 0.912392497 0.389753252 0
vt 0.912392497 0.389753252 0
vt 0.935010135 0.394638032 0
vt 0.916274428 0.396179616 0
vt 0.214758739 0.692840636 0
vt 0.213311106 0.678005099 0
vt 0.218607709 0.667190611 0
vt 0.213311106 0.678005099 0
vt 0.21003896 0.670377254 0
vt 0.218607709 0.667190611 0
vt 0.804988146 0.0063743908 0
vt 0.826299369 0.0100139128 0
vt 0.779191673 0.00946597476 0
vt 0.78558147 0.00630076323 0
vt 0.804988146 0.0063743908 0
vt 0.779191673 0.00946597476 0
vt 0.471868724 0.0818184316 0
vt 0.471313655 0.158474281 0
vt 0.470171183 0.123288997 0
vt 0.47249642 0.225959167 0
vt 0.47001189 0.140925884 0
vt 0.471313655 0.158474281 0
vt 0.149843201 0.302199095 0
vt 0.116844125 0.302026451 0
vt 0.119075008 0.278081328 0
vt 0.135233939 0.317138702 0
vt 0.116844125 0.302026451 0
vt 0.149843201 0.302199095 0
vt 0.607571006 0.600724816 0
vt 0.631768048 0.602417529 0
vt 0.624049127 0.6035887 0
vt 0.635805249 0.599939287 0
vt 0.631768048 0.602417529 0
vt 0.607571006 0.600724816 0
vt 0.680965304 0.0182381105 0
vt 0.70066756 0.0186422653 0
vt 0.702152371 0.0275391769 0
vt 0.70066756 0.0186422653 0
vt 0.733260572 0.0170284864 0
vt 0.702152371 0.0275391769 0
vt 0.543090999 0.019839976 0
vt 0.545190513 0.0244309921 0
vt 0.529549241 0.0253630299 0
vt 0.543090999 0.019839976 0
vt 0.568552375 0.0196282472 0
vt 0.545190513 0.0244309921 0
vt 0.882811606 0.313672125 0
vt 0.903417826 0.320398837 0
vt 0.881734252 0.31616661 0
vt 0.881734252 0.31616661 0
vt 0.836032808 0.310585767 0
vt 0.882811606 0.313672125 0
vt 0.350403339 0.875554383 0
vt 0.335807741 0.871173978 0
vt 0.352327615 0.867337465 0
vt 0.350403339 0.875554383 0
vt 0.343807399 0.877848625 0
vt 0.335807741 0.871173978 0
vt 0.361612558 0.311963826 0
vt 0.357118726 0.309991062 0
vt 0.426868588 0.308962762 0
vt 0.357118726 0.309991062 0
vt 0.264698595 0.309583634 0
vt 0.336931676 0.294311076 0
vt 0.733260572 0.0170284864 0
vt 0.779191673 0.00946597476 0
vt 0.77915585 0.016860405 0
vt 0.733260572 0.0170284864 0
vt 0.77915585 0.016860405 0
vt 0.702152371 0.0275391769 0
vt 0.691000342 0.747053027 0
vt 0.68858856 0.836372554 0
vt 0.688258886 0.763311088 0
vt 0.691000342 0.747053027 0
vt 0.689196289 0.731199801 0
vt 0.694310546 0.690755844 0
vt 0.472993523 0.708692431 0
vt 0.453998804 0.699885726 0
vt 0.462669313 0.683241248 0
vt 0.489269555 0.738056004 0
vt 0.453998804 0.699885726 0
vt 0.472993523 0.708692431 0
vt 0.0315924175 0.571762681 0
vt 0.035660442 0.581620991 0
vt 0.0282773506 0.57497251 0
vt 0.0431344286 0.585227013 0
vt 0.035660442 0.581620991 0
vt 0.03478067 0.572086871 0
vt 0.688258886 0.763311088 0
vt 0.689196289 0.731199801 0
vt 0.691000342 0.747053027 0
vt 0.688258886 0.763311088 0
vt 0.684210539 0.724572897 0
vt 0.689196289 0.731199801 0
vt 0.90931356 0.257992953 0
vt 0.934089959 0.251367807 0
vt 0.885150254 0.295365185 0
vt 0.847910404 0.25374043 0
vt 0.934089959 0.251367807 0
vt 0.90931356 0.257992953 0
vt 0.257517517 0.315268844 0
vt 0.264698595 0.309583634 0
vt 0.357118726 0.309991062 0
vt 0.242381558 0.32852146 0
vt 0.215387553 0.325145304 0
vt 0.255882949 0.323319018 0
vt 0.976177275 0.618062973 0
vt 0.974416912 0.641306162 0
vt 0.971176624 0.612563252 0
vt 0.976177275 0.618062973 0
vt 0.971176624 0.612563252 0
vt 0.967630684 0.604868114 0
vt 0.73370558 0.00848891027 0
vt 0.747338235 0.00859973393 0
vt 0.741851211 0.0124939466 0
vt 0.291551441 0.604167283 0
vt 0.319720954 0.598965466 0
vt 0.335523516 0.599242032 0
vt 0.03478067 0.572086871 0
vt 0.0315924175 0.571762681 0
vt 0.0291622374 0.541459262 0
vt 0.0315924175 0.571762681 0
vt 0.03478067 0.572086871 0
vt 0.035660442 0.581620991 0
vt 0.157916263 0.0269970987 0
vt 0.140038341 0.0433169827 0
vt 0.146988988 0.0086566275 0
vt 0.147725046 0.0774346963 0
vt 0.132169858 0.137478471 0
vt 0.140038341 0.0433169827 0
vt 0.929169238 0.54021883 0
vt 0.939712167 0.541779876 0
vt 0.949760199 0.571505785 0
vt 0.926122606 0.533480287 0
vt 0.939712167 0.541779876 0
vt 0.929169238 0.54021883 0
vt 0.477796435 0.095418185 0
vt 0.476608187 0.0806044191 0
vt 0.488789409 0.0957141668 0
vt 0.44327426 0.881829679 0
vt 0.447984666 0.890065014 0
vt 0.433047831 0.892352462 0
vt 0.257517517 0.315268844 0
vt 0.217096388 0.315903306 0
vt 0.264698595 0.309583634 0
vt 0.264698595 0.309583634 0
vt 0.217096388 0.315903306 0
vt 0.336931676 0.294311076 0
vt 0.319720954 0.598965466 0
vt 0.297130287 0.600300372 0
vt 0.325821638 0.592363715 0
vt 0.297130287 0.600300372 0
vt 0.319720954 0.598965466 0
vt 0.291551441 0.604167283 0
vt 0.364407867 0.854132175 0
vt 0.317165911 0.859140754 0
vt 0.352715909 0.845496297 0
vt 0.352715909 0.845496297 0
vt 0.317165911 0.859140754 0
vt 0.282454222 0.78749162 0
vt 0.87387526 0.0937011763 0
vt 0.895776689 0.125794858 0
vt 0.864287078 0.107108705 0
vt 0.848805308 0.0597517155 0
vt 0.87387526 0.0937011763 0
vt 0.864287078 0.107108705 0
vt 0.566851497 0.521584392 0
vt 0.576503813 0.513114572 0
vt 0.60085541 0.555331826 0
vt 0.566851497 0.521584392 0
vt 0.571632147 0.463489234 0
vt 0.576503813 0.513114572 0
vt 0.80917275 0.300460488 0
vt 0.787082911 0.300312221 0
vt 0.79042995 0.294925064 0
vt 0.783195674 0.285720348 0
vt 0.79042995 0.294925064 0
vt 0.787082911 0.300312221 0
vt 0.967631996 0.757676005 0
vt 0.957392693 0.751084387 0
vt 0.967880845 0.739583433 0
vt 0.969612539 0.780826807 0
vt 0.957392693 0.751084387 0
vt 0.967631996 0.757676005 0
vt 0.755206823 0.25126788 0
vt 0.783082187 0.254020363 0
vt 0.750581324 0.267691225 0
vt 0.7122401 0.225603133 0
vt 0.773843586 0.244593784 0
vt 0.755206823 0.25126788 0
vt 0.0605550818 0.0390430726 0
vt 0.052447632 0.023903925 0
vt 0.0833606422 0.0253275167 0
vt 0.112482555 0.0184068121 0
vt 0.0605550818 0.0390430726 0
vt 0.0833606422 0.0253275167 0
vt 0.757221937 0.591044843 0
vt 0.787687957 0.59129858 0
vt 0.753052294 0.60137856 0
vt 0.757221937 0.591044843 0
vt 0.849221706 0.591270626 0
vt 0.787687957 0.59129858 0
vt 0.87387526 0.0937011763 0
vt 0.90639317 0.113020763 0
vt 0.895776689 0.125794858 0
vt 0.90639317 0.113020763 0
vt 0.926111162 0.113528833 0
vt 0.895776689 0.125794858 0
vt 0.488789409 0.0957141668 0
vt 0.490396619 0.0870482624 0
vt 0.487672269 0.119491629 0
vt 0.488789409 0.0957141668 0
vt 0.476608187 0.0806044191 0
vt 0.490396619 0.0870482624 0
vt 0.0176875331 0.0298899841 0
vt 0.0340535343 0.0229423363 0
vt 0.0191351585 0.0350335985 0
vt 0.496499002 0.586375833 0
vt 0.497548431 0.600064278 0
vt 0.487821698 0.604406714 0
vt 0.757221937 0.591044843 0
vt 0.753052294 0.60137856 0
vt 0.744211555 0.599765003 0
vt 0.744211555 0.599765003 0
vt 0.753052294 0.60137856 0
vt 0.635805249 0.599939287 0
vt 0.620932937 0.262598038 0
vt 0.580382526 0.299716741 0
vt 0.553597927 0.294234812 0
vt 0.553597927 0.294234812 0
vt 0.580382526 0.299716741 0
vt 0.563089252 0.301353991 0
vt 0.253238469 0.169166997 0
vt 0.22239846 0.194226801 0
vt 0.231662229 0.114486404 0
vt 0.253238469 0.169166997 0
vt 0.231662229 0.114486404 0
vt 0.316903979 0.0658025965 0
vt 0.755206823 0.25126788 0
vt 0.773843586 0.244593784 0
vt 0.783082187 0.254020363 0
vt 0.773843586 0.244593784 0
vt 0.80778265 0.216346636 0
vt 0.783082187 0.254020363 0
vt 0.0107845012 0.0381920002 0
vt 0.0191351585 0.0350335985 0
vt 0.00673171971 0.0471426584 0
vt 0.0176875331 0.0298899841 0
vt 0.0191351585 0.0350335985 0
vt 0.0107845012 0.0381920002 0
vt 0.921260715 0.523232996 0
vt 0.930900514 0.522076309 0
vt 0.926122606 0.533480287 0
vt 0.9267869 0.516168773 0
vt 0.930900514 0.522076309 0
vt 0.921260715 0.523232996 0
vt 0.489843398 0.199567005 0
vt 0.495827675 0.189062059 0
vt 0.496507138 0.200331405 0
vt 0.495827675 0.189062059 0
vt 0.510574579 0.191074044 0
vt 0.496507138 0.200331405 0
vt 0.69014883 0.311445206 0
vt 0.675467968 0.312234998 0
vt 0.685945392 0.309837043 0
vt 0.700697362 0.310836464 0
vt 0.69014883 0.311445206 0
vt 0.685945392 0.309837043 0
vt 0.617790937 0.598386467 0
vt 0.635805249 0.599939287 0
vt 0.607571006 0.600724816 0
vt 0.632697582 0.588685155 0
vt 0.642180502 0.596262455 0
vt 0.617790937 0.598386467 0
vt 0.522717416 0.601442873 0
vt 0.515048325 0.600551069 0
vt 0.520705283 0.594606221 0
vt 0.0416335911 0.0209096335 0
vt 0.0191351585 0.0350335985 0
vt 0.0340535343 0.0229423363 0
vt 0.979618609 0.671948552 0
vt 0.976313949 0.67407465 0
vt 0.977286935 0.658779681 0
vt 0.979618609 0.671948552 0
vt 0.98240757 0.742551148 0
vt 0.976313949 0.67407465 0
vt 0.949223697 0.355429351 0
vt 0.950092852 0.38307339 0
vt 0.94785136 0.379114479 0
vt 0.94785136 0.379114479 0
vt 0.950092852 0.38307339 0
vt 0.947508693 0.400374889 0
vt 0.221543416 0.877433538 0
vt 0.215328336 0.873595655 0
vt 0.218708292 0.872058213 0
vt 0.218708292 0.872058213 0
vt 0.215328336 0.873595655 0
vt 0.210451752 0.866457582 0
vt 0.293778479 0.590163887 0
vt 0.288349181 0.594023287 0
vt 0.27509442 0.593748808 0
vt 0.288349181 0.594023287 0
vt 0.293778479 0.590163887 0
vt 0.297130287 0.600300372 0
vt 0.497616202 0.698551714 0
vt 0.487321049 0.672066331 0
vt 0.48591885 0.654314637 0
vt 0.487321049 0.672066331 0
vt 0.47562179 0.632609844 0
vt 0.48591885 0.654314637 0
vt 0.499848813 0.134552181 0
vt 0.517871857 0.165133432 0
vt 0.500715554 0.147629157 0
vt 0.492436171 0.140972674 0
vt 0.499848813 0.134552181 0
vt 0.500715554 0.147629157 0
vt 0.944177032 0.445942551 0
vt 0.947410762 0.4462744 0
vt 0.946997225 0.522961617 0
vt 0.942094266 0.418750674 0
vt 0.947410762 0.4462744 0
vt 0.944177032 0.445942551 0
vt 0.782004774 0.855031192 0
vt 0.750623703 0.854948521 0
vt 0.761033893 0.834532022 0
vt 0.782004774 0.855031192 0
vt 0.761033893 0.834532022 0
vt 0.768926382 0.81519419 0
vt 0.938241541 0.335547268 0
vt 0.94401139 0.353437662 0
vt 0.939915597 0.363192558 0
vt 0.938241541 0.335547268 0
vt 0.944334686 0.332567841 0
vt 0.94401139 0.353437662 0
vt 0.749665976 0.324719369 0
vt 0.752750933 0.327714115 0
vt 0.717719615 0.332870305 0
vt 0.749665976 0.324719369 0
vt 0.762588978 0.321858883 0
vt 0.752750933 0.327714115 0
vt 0.537362516 0.233627558 0
vt 0.540846229 0.202175841 0
vt 0.580476165 0.235245466 0
vt 0.537362516 0.233627558 0
vt 0.580476165 0.235245466 0
vt 0.501448452 0.276267052 0
vt 0.433780879 0.858899295 0
vt 0.407608986 0.864782631 0
vt 0.403207421 0.840537488 0
vt 0.433780879 0.858899295 0
vt 0.403207421 0.840537488 0
vt 0.414768189 0.773463905 0
vt 0.496750712 0.379730374 0
vt 0.505152762 0.461641669 0
vt 0.499961734 0.455724239 0
vt 0.499961734 0.455724239 0
vt 0.505152762 0.461641669 0
vt 0.49966073 0.492192328 0
vt 0.462669313 0.683241248 0
vt 0.453998804 0.699885726 0
vt 0.448457956 0.672239602 0
vt 0.462669313 0.683241248 0
vt 0.448457956 0.672239602 0
vt 0.47562179 0.632609844 0
vt 0.8337515 0.900310874 0
vt 0.804258525 0.901525497 0
vt 0.807092845 0.89341104 0
vt 0.926111162 0.113528833 0
vt 0.930500746 0.142158106 0
vt 0.905022025 0.153886333 0
vt 0.545923829 0.190316334 0
vt 0.627668619 0.148588076 0
vt 0.628046751 0.184239537 0
vt 0.628046751 0.184239537 0
vt 0.65872997 0.188170657 0
vt 0.572892547 0.200836509 0
vt 0.750581324 0.267691225 0
vt 0.783082187 0.254020363 0
vt 0.759972095 0.276765049 0
vt 0.750581324 0.267691225 0
vt 0.714569807 0.286685407 0
vt 0.609144926 0.303477108 0
vt 0.698893011 0.638178706 0
vt 0.687808037 0.639511943 0
vt 0.686359704 0.637013614 0
vt 0.687808037 0.639511943 0
vt 0.6854375 0.694990516 0
vt 0.686359704 0.637013614 0
vt 0.501584232 0.368240416 0
vt 0.505152762 0.461641669 0
vt 0.496750712 0.379730374 0
vt 0.501584232 0.368240416 0
vt 0.496750712 0.379730374 0
vt 0.494592071 0.349571675 0
vt 0.237563521 0.734902263 0
vt 0.23970972 0.69501847 0
vt 0.248575807 0.72003448 0
vt 0.248575807 0.72003448 0
vt 0.223462254 0.79091239 0
vt 0.237563521 0.734902263 0
vt 0.869211733 0.00279078237 0
vt 0.858282804 0.00444096327 0
vt 0.843093157 0.000974658877 0
vt 0.869211733 0.00279078237 0
vt 0.879252911 0.00571408775 0
vt 0.858282804 0.00444096327 0
vt 0.572892547 0.200836509 0
vt 0.580476165 0.235245466 0
vt 0.540846229 0.202175841 0
vt 0.545923829 0.190316334 0
vt 0.628046751 0.184239537 0
vt 0.572892547 0.200836509 0
vt 0.841904104 0.893900931 0
vt 0.807092845 0.89341104 0
vt 0.782004774 0.855031192 0
vt 0.8337515 0.900310874 0
vt 0.807092845 0.89341104 0
vt 0.841904104 0.893900931 0
vt 0.485477984 0.474322408 0
vt 0.490884036 0.487870872 0
vt 0.486938715 0.507837892 0
vt 0.485477984 0.474322408 0
vt 0.488249958 0.446613312 0
vt 0.492864609 0.469313502 0
vt 0.263278067 0.283878803 0
vt 0.208577275 0.278721362 0
vt 0.235769764 0.277892768 0
vt 0.119075008 0.278081328 0
vt 0.19203274 0.280339479 0
vt 0.263278067 0.283878803 0
vt 0.695656657 0.840835869 0
vt 0.697471678 0.823652267 0
vt 0.711051762 0.833835065 0
vt 0.711051762 0.833835065 0
vt 0.697471678 0.823652267 0
vt 0.726445377 0.818152308 0
vt 0.703085303 0.889156997 0
vt 0.70050782 0.883627832 0
vt 0.747520268 0.902494848 0
vt 0.699954212 0.894010842 0
vt 0.703085303 0.889156997 0
vt 0.736531079 0.90177238 0
vt 0.844938636 0.899746776 0
vt 0.8337515 0.900310874 0
vt 0.841904104 0.893900931 0
vt 0.930500746 0.142158106 0
vt 0.931741953 0.153070927 0
vt 0.905022025 0.153886333 0
vt 0.50165391 0.815428138 0
vt 0.494085103 0.828121245 0
vt 0.493067682 0.804113448 0
vt 0.494085103 0.828121245 0
vt 0.492836654 0.849834502 0
vt 0.493067682 0.804113448 0
vt 0.482392669 0.617640018 0
vt 0.476364195 0.618638575 0
vt 0.474273056 0.606005251 0
vt 0.476364195 0.618638575 0
vt 0.469460905 0.603776872 0
vt 0.474273056 0.606005251 0
vt 0.667482913 0.0694084391 0
vt 0.671616375 0.0963391885 0
vt 0.635693312 0.0815021545 0
vt 0.667482913 0.0694084391 0
vt 0.727531314 0.0950020999 0
vt 0.671616375 0.0963391885 0
vt 0.576503813 0.513114572 0
vt 0.628078759 0.528532803 0
vt 0.623730779 0.557203472 0
vt 0.628078759 0.528532803 0
vt 0.69519341 0.532092094 0
vt 0.623730779 0.557203472 0
vt 0.814725935 0.289103478 0
vt 0.805859923 0.293444425 0
vt 0.795417845 0.287751913 0
vt 0.79042995 0.294925064 0
vt 0.795417845 0.287751913 0
vt 0.805859923 0.293444425 0
vt 0.736531079 0.90177238 0
vt 0.703085303 0.889156997 0
vt 0.747520268 0.902494848 0
vt 0.903741896 0.0342097059 0
vt 0.912606359 0.0477048643 0
vt 0.915940464 0.0581175983 0
vt 0.217685774 0.823581278 0
vt 0.222711653 0.821732759 0
vt 0.231350973 0.87684375 0
vt 0.222711653 0.821732759 0
vt 0.217685774 0.823581278 0
vt 0.220853612 0.803768992 0
vt 0.117129043 0.605726182 0
vt 0.0972646624 0.599134028 0
vt 0.121486366 0.601968646 0
vt 0.13224192 0.60435921 0
vt 0.117129043 0.605726182 0
vt 0.121486366 0.601968646 0
vt 0.52129662 0.141795591 0
vt 0.55100733 0.171809509 0
vt 0.517871857 0.165133432 0
vt 0.52129662 0.141795591 0
vt 0.55746156 0.0794056579 0
vt 0.55100733 0.171809509 0
vt 0.48971203 0.525774539 0
vt 0.500565708 0.547789693 0
vt 0.491886646 0.54105258 0
vt 0.486938715 0.507837892 0
vt 0.506136298 0.543494999 0
vt 0.48971203 0.525774539 0
vt 0.687660754 0.00607118942 0
vt 0.691836834 0.00319870398 0
vt 0.705865622 0.0123389475 0
vt 0.677507937 0.00406233501 0
vt 0.691836834 0.00319870398 0
vt 0.687660754 0.00607118942 0
vt 0.695656657 0.840835869 0
vt 0.68858856 0.836372554 0
vt 0.697471678 0.823652267 0
vt 0.698538065 0.858190536 0
vt 0.68858856 0.836372554 0
vt 0.695656657 0.840835869 0
vt 0.752948642 0.296798259 0
vt 0.741011143 0.296722919 0
vt 0.750438571 0.287881553 0
vt 0.743056893 0.315217435 0
vt 0.738677025 0.309494436 0
vt 0.750742018 0.310034484 0
vt 0.616358697 0.356842846 0
vt 0.64312017 0.377734661 0
vt 0.66418767 0.398984998 0
vt 0.667569876 0.373713732 0
vt 0.692369938 0.377998769 0
vt 0.66418767 0.398984998 0
vt 0.50679636 0.286614269 0
vt 0.49606359 0.27734372 0
vt 0.501448452 0.276267052 0
vt 0.49606359 0.27734372 0
vt 0.501222968 0.260961503 0
vt 0.501448452 0.276267052 0
vt 0.500565708 0.547789693 0
vt 0.506136298 0.543494999 0
vt 0.504952252 0.563442886 0
vt 0.48971203 0.525774539 0
vt 0.506136298 0.543494999 0
vt 0.500565708 0.547789693 0
vt 0.212696686 0.801413834 0
vt 0.21011889 0.797503054 0
vt 0.212128073 0.792186975 0
vt 0.223462254 0.79091239 0
vt 0.212696686 0.801413834 0
vt 0.212128073 0.792186975 0
vt 0.715364277 0.00480203517 0
vt 0.725543916 0.000974658877 0
vt 0.723278761 0.00920522958 0
vt 0.715364277 0.00480203517 0
vt 0.723278761 0.00920522958 0
vt 0.715806067 0.0161669776 0
vt 0.64312017 0.377734661 0
vt 0.667569876 0.373713732 0
vt 0.66418767 0.398984998 0
vt 0.651939213 0.335094273 0
vt 0.667569876 0.373713732 0
vt 0.64312017 0.377734661 0
vt 0.80778265 0.216346636 0
vt 0.843670189 0.181615934 0
vt 0.936604679 0.183718458 0
vt 0.812728167 0.193211764 0
vt 0.80778265 0.216346636 0
vt 0.773843586 0.244593784 0
vt 0.49606359 0.27734372 0
vt 0.50679636 0.286614269 0
vt 0.499551296 0.28287679 0
vt 0.497052342 0.292496294 0
vt 0.49606359 0.27734372 0
vt 0.499551296 0.28287679 0
vt 0.376478523 0.67195648 0
vt 0.322569549 0.699896455 0
vt 0.275340825 0.622762501 0
vt 0.385793895 0.687530756 0
vt 0.399249077 0.702357054 0
vt 0.322569549 0.699896455 0
vt 0.573207498 0.326165587 0
vt 0.58139807 0.334762156 0
vt 0.570768535 0.337326497 0
vt 0.58139807 0.334762156 0
vt 0.593376994 0.345973969 0
vt 0.570768535 0.337326497 0
vt 0.636137545 0.313171923 0
vt 0.638658941 0.316279888 0
vt 0.627560794 0.325059026 0
vt 0.636137545 0.313171923 0
vt 0.675467968 0.312234998 0
vt 0.638658941 0.316279888 0
vt 0.120217137 0.24853006 0
vt 0.103296481 0.168231115 0
vt 0.118343554 0.186925292 0
vt 0.118343554 0.186925292 0
vt 0.103296481 0.168231115 0
vt 0.12500383 0.0969611332 0
vt 0.799308121 0.320250571 0
vt 0.801203191 0.323300421 0
vt 0.7863819 0.321688414 0
vt 0.799308121 0.320250571 0
vt 0.7863819 0.321688414 0
vt 0.806698143 0.312889576 0
vt 0.492576748 0.208338648 0
vt 0.496507138 0.200331405 0
vt 0.497298747 0.216390565 0
vt 0.494785279 0.220149636 0
vt 0.497298747 0.216390565 0
vt 0.500763237 0.241638422 0
vt 0.385793895 0.687530756 0
vt 0.322569549 0.699896455 0
vt 0.376478523 0.67195648 0
vt 0.385793895 0.687530756 0
vt 0.376478523 0.67195648 0
vt 0.429320663 0.669608176 0
vt 0.843670189 0.181615934 0
vt 0.80778265 0.216346636 0
vt 0.812728167 0.193211764 0
vt 0.821157873 0.151303872 0
vt 0.843670189 0.181615934 0
vt 0.812728167 0.193211764 0
vt 0.840074122 0.396430552 0
vt 0.861892223 0.407397926 0
vt 0.833182335 0.433581561 0
vt 0.805230379 0.367601663 0
vt 0.840074122 0.396430552 0
vt 0.833182335 0.433581561 0
vt 0.517298281 0.204218701 0
vt 0.531931937 0.217843786 0
vt 0.5248878 0.2142483 0
vt 0.517298281 0.204218701 0
vt 0.5248878 0.2142483 0
vt 0.511193216 0.223875985 0
vt 0.254885972 0.836635232 0
vt 0.240744233 0.816648364 0
vt 0.241831556 0.803585351 0
vt 0.254885972 0.836635232 0
vt 0.241831556 0.803585351 0
vt 0.282454222 0.78749162 0
vt 0.944262624 0.399614275 0
vt 0.947508693 0.400374889 0
vt 0.939431965 0.409701735 0
vt 0.94785136 0.379114479 0
vt 0.947508693 0.400374889 0
vt 0.944262624 0.399614275 0
vt 0.471907079 0.0489791632 0
vt 0.470142007 0.0904793963 0
vt 0.471886158 0.0235398468 0
vt 0.967630684 0.604868114 0
vt 0.937628627 0.602276623 0
vt 0.963815272 0.601400077 0
vt 0.531756461 0.18877995 0
vt 0.545923829 0.190316334 0
vt 0.540846229 0.202175841 0
vt 0.540846229 0.202175841 0
vt 0.545923829 0.190316334 0
vt 0.572892547 0.200836509 0
vt 0.254885972 0.836635232 0
vt 0.237429321 0.833901823 0
vt 0.240744233 0.816648364 0
vt 0.237429321 0.833901823 0
vt 0.222711653 0.821732759 0
vt 0.240744233 0.816648364 0
vt 0.831500947 0.83140552 0
vt 0.813940644 0.837463796 0
vt 0.81281805 0.809728444 0
vt 0.892712355 0.890348971 0
vt 0.838105321 0.860344231 0
vt 0.859366 0.834524751 0
vt 0.946884811 0.739918292 0
vt 0.92018348 0.719064653 0
vt 0.940782666 0.731476426 0
vt 0.946884811 0.739918292 0
vt 0.940782666 0.731476426 0
vt 0.97390914 0.730956197 0
vt 0.604769051 0.313574016 0
vt 0.604736269 0.315737277 0
vt 0.584072828 0.314356208 0
vt 0.617827356 0.311981678 0
vt 0.604736269 0.315737277 0
vt 0.604769051 0.313574016 0
vt 0.913352966 0.421045482 0
vt 0.928280473 0.431304067 0
vt 0.901069522 0.427670509 0
vt 0.888106763 0.41426903 0
vt 0.913352966 0.421045482 0
vt 0.901069522 0.427670509 0
vt 0.471907079 0.0489791632 0
vt 0.471886158 0.0235398468 0
vt 0.47340098 0.0228651874 0
vt 0.471349716 0.0185560919 0
vt 0.47340098 0.0228651874 0
vt 0.471886158 0.0235398468 0
vt 0.986418843 0.779710889 0
vt 0.985655248 0.786451876 0
vt 0.982134104 0.7850703 0
vt 0.989029586 0.795555472 0
vt 0.982134104 0.7850703 0
vt 0.985655248 0.786451876 0
vt 0.88197732 0.694412231 0
vt 0.857903242 0.731255352 0
vt 0.850536644 0.673888445 0
vt 0.88197732 0.694412231 0
vt 0.850536644 0.673888445 0
vt 0.919863999 0.659514964 0
vt 0.287691414 0.880612135 0
vt 0.290289432 0.884422243 0
vt 0.265437484 0.884697616 0
vt 0.287691414 0.880612135 0
vt 0.298446238 0.87736398 0
vt 0.290289432 0.884422243 0
vt 0.936500192 0.436438203 0
vt 0.939965665 0.440456808 0
vt 0.932158351 0.455393076 0
vt 0.939431965 0.409701735 0
vt 0.939965665 0.440456808 0
vt 0.936500192 0.436438203 0
vt 0.937420964 0.770516634 0
vt 0.942552805 0.798930585 0
vt 0.902724981 0.767704129 0
vt 0.942552805 0.798930585 0
vt 0.937420964 0.770516634 0
vt 0.969612539 0.780826807 0
vt 0.0298728831 0.370666474 0
vt 0.0402518958 0.351100862 0
vt 0.0464137644 0.344750077 0
vt 0.0464137644 0.344750077 0
vt 0.0402518958 0.351100862 0
vt 0.0177465305 0.335332632 0
vt 0.782004774 0.855031192 0
vt 0.813940644 0.837463796 0
vt 0.838105321 0.860344231 0
vt 0.838105321 0.860344231 0
vt 0.813940644 0.837463796 0
vt 0.831500947 0.83140552 0
vt 0.258365065 0.882386267 0
vt 0.287691414 0.880612135 0
vt 0.265437484 0.884697616 0
vt 0.265437484 0.884697616 0
vt 0.252013624 0.900290549 0
vt 0.258365065 0.882386267 0
vt 0.503807545 0.789709806 0
vt 0.502885103 0.800688744 0
vt 0.497645706 0.797267914 0
vt 0.502885103 0.800688744 0
vt 0.493067682 0.804113448 0
vt 0.497645706 0.797267914 0
vt 0.926909208 0.44435066 0
vt 0.932158351 0.455393076 0
vt 0.927466989 0.483170956 0
vt 0.936500192 0.436438203 0
vt 0.932158351 0.455393076 0
vt 0.926909208 0.44435066 0
vt 0.0171028711 0.329748303 0
vt 0.0177465305 0.335332632 0
vt 0.0113820424 0.329450667 0
vt 0.0171028711 0.329748303 0
vt 0.0113820424 0.329450667 0
vt 0.00682261214 0.322446048 0
vt 0.395059079 0.878069699 0
vt 0.381895393 0.859219491 0
vt 0.387260199 0.851664364 0
vt 0.381895393 0.859219491 0
vt 0.364407867 0.854132175 0
vt 0.387260199 0.851664364 0
vt 0.152793646 0.148605525 0
vt 0.137829095 0.195948154 0
vt 0.132169858 0.137478471 0
vt 0.152793646 0.148605525 0
vt 0.132169858 0.137478471 0
vt 0.147725046 0.0774346963 0
vt 0.859366 0.834524751 0
vt 0.831500947 0.83140552 0
vt 0.878858805 0.786604524 0
vt 0.838105321 0.860344231 0
vt 0.831500947 0.83140552 0
vt 0.859366 0.834524751 0
vt 0.335523516 0.599242032 0
vt 0.325821638 0.592363715 0
vt 0.342933238 0.597080946 0
vt 0.335523516 0.599242032 0
vt 0.342933238 0.597080946 0
vt 0.354620636 0.598675132 0
vt 0.464740813 0.383660257 0
vt 0.457670242 0.421724766 0
vt 0.461054444 0.319407225 0
vt 0.461824834 0.434686363 0
vt 0.457670242 0.421724766 0
vt 0.464740813 0.383660257 0
vt 0.916274428 0.396179616 0
vt 0.928444266 0.400228083 0
vt 0.939431965 0.409701735 0
vt 0.935010135 0.394638032 0
vt 0.928444266 0.400228083 0
vt 0.916274428 0.396179616 0
vt 0.0298728831 0.370666474 0
vt 0.0194355119 0.397120476 0
vt 0.022832457 0.373959154 0
vt 0.0194355119 0.397120476 0
vt 0.0162719954 0.403715432 0
vt 0.022832457 0.373959154 0
vt 0.412126154 0.887350976 0
vt 0.413642645 0.884889305 0
vt 0.44327426 0.881829679 0
vt 0.412126154 0.887350976 0
vt 0.402819186 0.887390018 0
vt 0.413642645 0.884889305 0
vt 0.466817915 0.456932724 0
vt 0.460836649 0.447747827 0
vt 0.461824834 0.434686363 0
vt 0.461824834 0.434686363 0
vt 0.460836649 0.447747827 0
vt 0.457670242 0.421724766 0
vt 0.705865622 0.0123389475 0
vt 0.715364277 0.00480203517 0
vt 0.715806067 0.0161669776 0
vt 0.705865622 0.0123389475 0
vt 0.715806067 0.0161669776 0
vt 0.70066756 0.0186422653 0
vt 0.429363787 0.593826175 0
vt 0.427140355 0.590927064 0
vt 0.441198826 0.594326496 0
vt 0.427140355 0.590927064 0
vt 0.429363787 0.593826175 0
vt 0.41900152 0.592377961 0
vt 0.939915597 0.363192558 0
vt 0.94785136 0.379114479 0
vt 0.941501141 0.371404052 0
vt 0.873125613 0.319294989 0
vt 0.939915597 0.363192558 0
vt 0.941501141 0.371404052 0
vt 0.824728251 0.7326051 0
vt 0.797929227 0.660853565 0
vt 0.832908154 0.717902601 0
vt 0.859853625 0.758011401 0
vt 0.824728251 0.7326051 0
vt 0.832908154 0.717902601 0
vt 0.689196289 0.731199801 0
vt 0.684210539 0.724572897 0
vt 0.6854375 0.694990516 0
vt 0.466076702 0.386457145 0
vt 0.464192569 0.416986763 0
vt 0.464740813 0.383660257 0
vt 0.509685755 0.31075564 0
vt 0.503045797 0.308132589 0
vt 0.509050429 0.295544088 0
vt 0.501752019 0.335195005 0
vt 0.499243349 0.323755473 0
vt 0.506464064 0.324702621 0
vt 0.503682852 0.754797816 0
vt 0.489269555 0.738056004 0
vt 0.499192953 0.731281221 0
vt 0.499192953 0.731281221 0
vt 0.489269555 0.738056004 0
vt 0.472993523 0.708692431 0
vt 0.617790937 0.598386467 0
vt 0.642180502 0.596262455 0
vt 0.635805249 0.599939287 0
vt 0.642180502 0.596262455 0
vt 0.71871686 0.59681505 0
vt 0.635805249 0.599939287 0
vt 0.643660963 0.0240864828 0
vt 0.663910866 0.0235068556 0
vt 0.659897745 0.030041663 0
vt 0.663910866 0.0235068556 0
vt 0.680965304 0.0182381105 0
vt 0.659897745 0.030041663 0
vt 0.150796935 0.595847368 0
vt 0.130616724 0.58901763 0
vt 0.1365228 0.586270154 0
vt 0.130616724 0.58901763 0
vt 0.103454009 0.586657584 0
vt 0.1365228 0.586270154 0
vt 0.482551098 0.873701572 0
vt 0.490090042 0.876311243 0
vt 0.496963173 0.891192496 0
vt 0.491272897 0.860377491 0
vt 0.490090042 0.876311243 0
vt 0.482551098 0.873701572 0
vt 0.421080977 0.0971077755 0
vt 0.365248233 0.162107006 0
vt 0.364845395 0.0991973951 0
vt 0.398561031 0.175492048 0
vt 0.365248233 0.162107006 0
vt 0.421080977 0.0971077755 0
vt 0.825506806 0.299073845 0
vt 0.838434756 0.298240811 0
vt 0.826479912 0.301193297 0
vt 0.826479912 0.301193297 0
vt 0.80917275 0.300460488 0
vt 0.825506806 0.299073845 0
vt 0.692165077 0.463626593 0
vt 0.788545132 0.464722097 0
vt 0.706643462 0.48901394 0
vt 0.67441678 0.477545053 0
vt 0.692165077 0.463626593 0
vt 0.706643462 0.48901394 0
vt 0.95934695 0.84462148 0
vt 0.912105739 0.816580534 0
vt 0.937053323 0.823837519 0
vt 0.942552805 0.798930585 0
vt 0.95934695 0.84462148 0
vt 0.937053323 0.823837519 0
vt 0.520705283 0.594606221 0
vt 0.50270611 0.581416011 0
vt 0.514811218 0.585745871 0
vt 0.514811218 0.585745871 0
vt 0.525318503 0.583904564 0
vt 0.520705283 0.594606221 0
vt 0.829509854 0.317045569 0
vt 0.850279152 0.31656757 0
vt 0.850722432 0.31872955 0
vt 0.850279152 0.31656757 0
vt 0.829509854 0.317045569 0
vt 0.824103177 0.312922388 0
vt 0.0619152635 0.544720709 0
vt 0.0291622374 0.541459262 0
vt 0.0271752682 0.520311594 0
vt 0.0291622374 0.541459262 0
vt 0.0206423551 0.498983443 0
vt 0.0271752682 0.520311594 0
vt 0.910642982 0.592668116 0
vt 0.93132937 0.585560501 0
vt 0.914402664 0.595635056 0
vt 0.910642982 0.592668116 0
vt 0.914402664 0.595635056 0
vt 0.90454942 0.598867059 0
vt 0.977746904 0.868596613 0
vt 0.95934695 0.84462148 0
vt 0.983353376 0.853799999 0
vt 0.982948661 0.864892483 0
vt 0.977746904 0.868596613 0
vt 0.983353376 0.853799999 0
vt 0.706643462 0.48901394 0
vt 0.792757392 0.489014506 0
vt 0.80150038 0.508643568 0
vt 0.792757392 0.489014506 0
vt 0.842441797 0.490080804 0
vt 0.80150038 0.508643568 0
vt 0.888040483 0.391536236 0
vt 0.894933045 0.396996289 0
vt 0.871928513 0.398089617 0
vt 0.888040483 0.391536236 0
vt 0.912392497 0.389753252 0
vt 0.894933045 0.396996289 0
vt 0.000974649156 0.0741905048 0
vt 0.00379850226 0.0602145419 0
vt 0.00293681771 0.0674678609 0
vt 0.00293681771 0.0674678609 0
vt 0.00379850226 0.0602145419 0
vt 0.052447632 0.023903925 0
vt 0.552001953 0.429627031 0
vt 0.67441678 0.477545053 0
vt 0.571632147 0.463489234 0
vt 0.552001953 0.429627031 0
vt 0.571632147 0.463489234 0
vt 0.532429099 0.511651099 0
vt 0.896421075 0.0175277125 0
vt 0.903741896 0.0342097059 0
vt 0.891962349 0.0267054792 0
vt 0.891962349 0.0267054792 0
vt 0.903741896 0.0342097059 0
vt 0.908838212 0.0511853471 0
vt 0.0184744336 0.485085726 0
vt 0.0206423551 0.498983443 0
vt 0.0115440125 0.48247382 0
vt 0.0271752682 0.520311594 0
vt 0.0206423551 0.498983443 0
vt 0.0184744336 0.485085726 0
vt 0.222990602 0.681264281 0
vt 0.214758739 0.692840636 0
vt 0.218607709 0.667190611 0
vt 0.221512124 0.714271963 0
vt 0.214758739 0.692840636 0
vt 0.222990602 0.681264281 0
vt 0.902058065 0.527945578 0
vt 0.888103783 0.524269044 0
vt 0.905108631 0.516178191 0
vt 0.888103783 0.524269044 0
vt 0.902058065 0.527945578 0
vt 0.918961167 0.537979364 0
vt 0.347042441 0.75799644 0
vt 0.282454222 0.78749162 0
vt 0.322569549 0.699896455 0
vt 0.414768189 0.773463905 0
vt 0.282454222 0.78749162 0
vt 0.347042441 0.75799644 0
vt 0.0735328868 0.329600334 0
vt 0.0642792284 0.324273616 0
vt 0.078018941 0.322020352 0
vt 0.0735328868 0.329600334 0
vt 0.0620138273 0.334873021 0
vt 0.0642792284 0.324273616 0
vt 0.395412713 0.29009077 0
vt 0.397373646 0.277526468 0
vt 0.451220185 0.242928475 0
vt 0.397373646 0.277526468 0
vt 0.395412713 0.29009077 0
vt 0.371294409 0.293087631 0
vt 0.202395305 0.679718435 0
vt 0.200800255 0.674806297 0
vt 0.21003896 0.670377254 0
vt 0.200608715 0.690363288 0
vt 0.200800255 0.674806297 0
vt 0.202395305 0.679718435 0
vt 0.614131451 0.315549284 0
vt 0.623788655 0.315099299 0
vt 0.627560794 0.325059026 0
vt 0.623788655 0.315099299 0
vt 0.614131451 0.315549284 0
vt 0.617827356 0.311981678 0
vt 0.718326747 0.636755228 0
vt 0.723992646 0.631363988 0
vt 0.733860135 0.62822479 0
vt 0.723992646 0.631363988 0
vt 0.68492198 0.628708541 0
vt 0.733860135 0.62822479 0
vt 0.501655817 0.250313908 0
vt 0.520404518 0.243389547 0
vt 0.501222968 0.260961503 0
vt 0.49463591 0.262010306 0
vt 0.501655817 0.250313908 0
vt 0.501222968 0.260961503 0
vt 0.941702187 0.272551239 0
vt 0.946479619 0.266512722 0
vt 0.94657892 0.271197319 0
vt 0.966194391 0.888871789 0
vt 0.961544216 0.890084028 0
vt 0.969257414 0.88398248 0
vt 0.891058087 0.319316328 0
vt 0.933667243 0.331518233 0
vt 0.91130656 0.335431635 0
vt 0.891058087 0.319316328 0
vt 0.91130656 0.335431635 0
vt 0.873125613 0.319294989 0
vt 0.0531516932 0.0185704418 0
vt 0.0416335911 0.0209096335 0
vt 0.0525804237 0.0161666609 0
vt 0.0531516932 0.0185704418 0
vt 0.0525804237 0.0161666609 0
vt 0.0761133432 0.0111653944 0
vt 0.928667247 0.608956933 0
vt 0.87795043 0.61353904 0
vt 0.905539036 0.605160534 0
vt 0.890043795 0.634256303 0
vt 0.87795043 0.61353904 0
vt 0.928667247 0.608956933 0
vt 0.312679172 0.280818462 0
vt 0.278609365 0.281357646 0
vt 0.318555117 0.239196748 0
vt 0.35024938 0.290243328 0
vt 0.278609365 0.281357646 0
vt 0.312679172 0.280818462 0
vt 0.852735579 0.439125121 0
vt 0.883530736 0.498822868 0
vt 0.846605062 0.473702252 0
vt 0.833182335 0.433581561 0
vt 0.852735579 0.439125121 0
vt 0.846605062 0.473702252 0
vt 0.739236236 0.893198192 0
vt 0.710405469 0.87976712 0
vt 0.698538065 0.858190536 0
vt 0.747520268 0.902494848 0
vt 0.70050782 0.883627832 0
vt 0.710405469 0.87976712 0
vt 0.686359704 0.637013614 0
vt 0.68492198 0.628708541 0
vt 0.686749578 0.630730212 0
vt 0.723992646 0.631363988 0
vt 0.686749578 0.630730212 0
vt 0.68492198 0.628708541 0
vt 0.692369938 0.377998769 0
vt 0.707184494 0.377193838 0
vt 0.696392 0.409254968 0
vt 0.680720925 0.345083266 0
vt 0.707184494 0.377193838 0
vt 0.692369938 0.377998769 0
vt 0.183573931 0.500436246 0
vt 0.170781359 0.501523793 0
vt 0.204193249 0.462341964 0
vt 0.142467469 0.552066326 0
vt 0.170781359 0.501523793 0
vt 0.183573931 0.500436246 0
vt 0.3543199 0.590990365 0
vt 0.342061609 0.591763496 0
vt 0.353466481 0.586309612 0
vt 0.371015549 0.592600703 0
vt 0.3543199 0.590990365 0
vt 0.353466481 0.586309612 0
vt 0.221543416 0.877433538 0
vt 0.225068167 0.88185215 0
vt 0.218922064 0.884053648 0
vt 0.225068167 0.88185215 0
vt 0.221543416 0.877433538 0
vt 0.231350973 0.87684375 0
vt 0.747520268 0.902494848 0
vt 0.739236236 0.893198192 0
vt 0.765322387 0.901489079 0
vt 0.747520268 0.902494848 0
vt 0.710405469 0.87976712 0
vt 0.739236236 0.893198192 0
vt 0.492576748 0.208338648 0
vt 0.494785279 0.220149636 0
vt 0.488208979 0.220554903 0
vt 0.492576748 0.208338648 0
vt 0.497298747 0.216390565 0
vt 0.494785279 0.220149636 0
vt 0.170781359 0.501523793 0
vt 0.142861396 0.490413576 0
vt 0.176080778 0.468924642 0
vt 0.142861396 0.490413576 0
vt 0.126954719 0.472373635 0
vt 0.176080778 0.468924642 0
vt 0.181846663 0.60100776 0
vt 0.196098879 0.600119054 0
vt 0.18589884 0.603480697 0
vt 0.18589884 0.603480697 0
vt 0.165618926 0.604358971 0
vt 0.181846663 0.60100776 0
vt 0.872923136 0.0274281204 0
vt 0.877632082 0.0518893935 0
vt 0.864950836 0.0484778658 0
vt 0.864950836 0.0484778658 0
vt 0.877632082 0.0518893935 0
vt 0.87387526 0.0937011763 0
vt 0.181002304 0.422796637 0
vt 0.0998336077 0.337015986 0
vt 0.150836304 0.337166071 0
vt 0.150836304 0.337166071 0
vt 0.115003943 0.332950264 0
vt 0.242381558 0.32852146 0
vt 0.496165484 0.0376074351 0
vt 0.492334694 0.0291881841 0
vt 0.496137559 0.0322514623 0
vt 0.492334694 0.0291881841 0
vt 0.492760509 0.0246106759 0
vt 0.496137559 0.0322514623 0
vt 0.699954212 0.894010842 0
vt 0.692982614 0.897024155 0
vt 0.697482049 0.891988039 0
vt 0.699954212 0.894010842 0
vt 0.697482049 0.891988039 0
vt 0.703085303 0.889156997 0
vt 0.81281805 0.809728444 0
vt 0.816726327 0.785996854 0
vt 0.838567615 0.773631811 0
vt 0.81281805 0.809728444 0
vt 0.768443704 0.772193015 0
vt 0.816726327 0.785996854 0
vt 0.387260199 0.851664364 0
vt 0.400055289 0.873305202 0
vt 0.395059079 0.878069699 0
vt 0.402819186 0.887390018 0
vt 0.395059079 0.878069699 0
vt 0.400055289 0.873305202 0
vt 0.70180285 0.322227359 0
vt 0.711297154 0.318132311 0
vt 0.717719615 0.332870305 0
vt 0.69014883 0.311445206 0
vt 0.711297154 0.318132311 0
vt 0.70180285 0.322227359 0
vt 0.357118726 0.309991062 0
vt 0.336931676 0.294311076 0
vt 0.371294409 0.293087631 0
vt 0.336931676 0.294311076 0
vt 0.35024938 0.290243328 0
vt 0.371294409 0.293087631 0
vt 0.690350115 0.324123263 0
vt 0.701474428 0.332318246 0
vt 0.69304955 0.337013423 0
vt 0.690350115 0.324123263 0
vt 0.70180285 0.322227359 0
vt 0.701474428 0.332318246 0
vt 0.496137559 0.0322514623 0
vt 0.500448167 0.024039289 0
vt 0.504346728 0.0324268006 0
vt 0.492760509 0.0246106759 0
vt 0.500448167 0.024039289 0
vt 0.496137559 0.0322514623 0
vt 0.714569807 0.286685407 0
vt 0.759972095 0.276765049 0
vt 0.729951382 0.290169239 0
vt 0.750581324 0.267691225 0
vt 0.759972095 0.276765049 0
vt 0.714569807 0.286685407 0
vt 0.429036379 0.569540739 0
vt 0.438991666 0.544500828 0
vt 0.447101414 0.532230616 0
vt 0.447101414 0.532230616 0
vt 0.438991666 0.544500828 0
vt 0.426727921 0.507338881 0
vt 0.150836304 0.337166071 0
vt 0.0998336077 0.337015986 0
vt 0.115003943 0.332950264 0
vt 0.0998336077 0.337015986 0
vt 0.0729523823 0.33819592 0
vt 0.115003943 0.332950264 0
vt 0.939691126 0.745680988 0
vt 0.902724981 0.767704129 0
vt 0.909707308 0.751707852 0
vt 0.902724981 0.767704129 0
vt 0.857903242 0.731255352 0
vt 0.909707308 0.751707852 0
vt 0.471313655 0.158474281 0
vt 0.47001189 0.140925884 0
vt 0.470171183 0.123288997 0
vt 0.47001189 0.140925884 0
vt 0.463930279 0.156621143 0
vt 0.470171183 0.123288997 0
vt 0.93842274 0.200196728 0
vt 0.942993045 0.238113403 0
vt 0.937297285 0.211137474 0
vt 0.93842274 0.200196728 0
vt 0.937297285 0.211137474 0
vt 0.936604679 0.183718458 0
vt 0.0177911464 0.514568865 0
vt 0.01430644 0.50102818 0
vt 0.0200100113 0.508593142 0
vt 0.027640786 0.549170792 0
vt 0.0177911464 0.514568865 0
vt 0.0200100113 0.508593142 0
vt 0.775071025 0.32202372 0
vt 0.783087671 0.324001998 0
vt 0.762588978 0.321858883 0
vt 0.775071025 0.32202372 0
vt 0.7863819 0.321688414 0
vt 0.783087671 0.324001998 0
vt 0.0356943198 0.307625353 0
vt 0.00775888935 0.291284233 0
vt 0.0305727255 0.30322057 0
vt 0.0657887831 0.306935489 0
vt 0.0356943198 0.307625353 0
vt 0.0305727255 0.30322057 0
vt 0.0610664934 0.599858582 0
vt 0.0525098555 0.598883629 0
vt 0.0488929674 0.595317423 0
vt 0.0525098555 0.598883629 0
vt 0.041864302 0.596064866 0
vt 0.0488929674 0.595317423 0
vt 0.47249642 0.225959167 0
vt 0.46544981 0.227352366 0
vt 0.466294616 0.205838665 0
vt 0.47249642 0.225959167 0
vt 0.466294616 0.205838665 0
vt 0.47001189 0.140925884 0
vt 0.710405469 0.87976712 0
vt 0.70050782 0.883627832 0
vt 0.695363581 0.868355751 0
vt 0.695363581 0.868355751 0
vt 0.70050782 0.883627832 0
vt 0.690863073 0.862700164 0
vt 0.627859533 0.332248688 0
vt 0.651939213 0.335094273 0
vt 0.626585245 0.345557094 0
vt 0.610143185 0.33630988 0
vt 0.626585245 0.345557094 0
vt 0.616358697 0.356842846 0
vt 0.476237833 0.875163376 0
vt 0.465496093 0.878876507 0
vt 0.465969473 0.875959992 0
vt 0.465496093 0.878876507 0
vt 0.44327426 0.881829679 0
vt 0.465969473 0.875959992 0
vt 0.214316413 0.643289387 0
vt 0.219885886 0.628548086 0
vt 0.221204013 0.645885527 0
vt 0.221204013 0.645885527 0
vt 0.208146617 0.654732883 0
vt 0.214316413 0.643289387 0
vt 0.526262939 0.291446805 0
vt 0.563089252 0.301353991 0
vt 0.552689433 0.300917655 0
vt 0.552689433 0.300917655 0
vt 0.563089252 0.301353991 0
vt 0.560139 0.306304544 0
vt 0.931169033 0.309568316 0
vt 0.937175095 0.31749773 0
vt 0.918802202 0.324559867 0
vt 0.937175095 0.31749773 0
vt 0.931169033 0.309568316 0
vt 0.943911135 0.30409357 0
vt 0.433768511 0.612886846 0
vt 0.4379493 0.603176177 0
vt 0.469460905 0.603776872 0
vt 0.469460905 0.603776872 0
vt 0.4379493 0.603176177 0
vt 0.443244129 0.601364493 0
vt 0.499297231 0.343607068 0
vt 0.492424726 0.324876219 0
vt 0.501752019 0.335195005 0
vt 0.499297231 0.343607068 0
vt 0.507295668 0.340252757 0
vt 0.494592071 0.349571675 0
vt 0.98240757 0.742551148 0
vt 0.977131486 0.744774103 0
vt 0.977441251 0.720350027 0
vt 0.977441251 0.720350027 0
vt 0.977131486 0.744774103 0
vt 0.97390914 0.730956197 0
vt 0.765522718 0.638922334 0
vt 0.777671933 0.626888931 0
vt 0.798943937 0.632729769 0
vt 0.81683749 0.622740746 0
vt 0.798943937 0.632729769 0
vt 0.777671933 0.626888931 0
vt 0.146988988 0.0086566275 0
vt 0.13169241 0.00868005306 0
vt 0.144471273 0.00615377259 0
vt 0.13169241 0.00868005306 0
vt 0.0902510807 0.00782731734 0
vt 0.144471273 0.00615377259 0
vt 0.609144926 0.303477108 0
vt 0.626508534 0.303158998 0
vt 0.621468604 0.306057274 0
vt 0.609144926 0.303477108 0
vt 0.729951382 0.290169239 0
vt 0.626508534 0.303158998 0
vt 0.296320617 0.582335174 0
vt 0.324132681 0.584313989 0
vt 0.301058322 0.585386693 0
vt 0.301058322 0.585386693 0
vt 0.263008416 0.593203187 0
vt 0.296320617 0.582335174 0
vt 0.441198826 0.594326496 0
vt 0.448201388 0.588717222 0
vt 0.445764571 0.593865514 0
vt 0.890580058 0.00870780181 0
vt 0.894752085 0.0104288682 0
vt 0.896421075 0.0175277125 0
vt 0.871928513 0.398089617 0
vt 0.887409806 0.405833542 0
vt 0.888106763 0.41426903 0
vt 0.887409806 0.405833542 0
vt 0.913352966 0.421045482 0
vt 0.888106763 0.41426903 0
vt 0.321169615 0.875478029 0
vt 0.298446238 0.87736398 0
vt 0.305706888 0.873931944 0
vt 0.298446238 0.87736398 0
vt 0.287691414 0.880612135 0
vt 0.305706888 0.873931944 0
vt 0.194657162 0.0701636896 0
vt 0.157916263 0.0269970987 0
vt 0.146988988 0.0086566275 0
vt 0.22239846 0.194226801 0
vt 0.147725046 0.0774346963 0
vt 0.194657162 0.0701636896 0
vt 0.00995669328 0.286268413 0
vt 0.00883019436 0.282183737 0
vt 0.0304960553 0.277094096 0
vt 0.00995669328 0.286268413 0
vt 0.00712325238 0.286005378 0
vt 0.00883019436 0.282183737 0
vt 0.509050429 0.295544088 0
vt 0.503697097 0.293321937 0
vt 0.50679636 0.286614269 0
vt 0.509050429 0.295544088 0
vt 0.503045797 0.308132589 0
vt 0.503697097 0.293321937 0
vt 0.610143185 0.33630988 0
vt 0.627859533 0.332248688 0
vt 0.626585245 0.345557094 0
vt 0.602434754 0.327202469 0
vt 0.627859533 0.332248688 0
vt 0.610143185 0.33630988 0
vt 0.918802202 0.324559867 0
vt 0.933667243 0.331518233 0
vt 0.903417826 0.320398837 0
vt 0.903417826 0.320398837 0
vt 0.931169033 0.309568316 0
vt 0.918802202 0.324559867 0
vt 0.19203274 0.280339479 0
vt 0.158033907 0.27433601 0
vt 0.208577275 0.278721362 0
vt 0.263278067 0.283878803 0
vt 0.19203274 0.280339479 0
vt 0.208577275 0.278721362 0
vt 0.157916263 0.0269970987 0
vt 0.147725046 0.0774346963 0
vt 0.140038341 0.0433169827 0
vt 0.194657162 0.0701636896 0
vt 0.147725046 0.0774346963 0
vt 0.157916263 0.0269970987 0
vt 0.13224192 0.60435921 0
vt 0.165618926 0.604358971 0
vt 0.134525731 0.60756427 0
vt 0.134525731 0.60756427 0
vt 0.117129043 0.605726182 0
vt 0.13224192 0.60435921 0
vt 0.492864609 0.469313502 0
vt 0.49966073 0.492192328 0
vt 0.490884036 0.487870872 0
vt 0.492864609 0.469313502 0
vt 0.490884036 0.487870872 0
vt 0.485477984 0.474322408 0
vt 0.903919578 0.239757836 0
vt 0.942993045 0.238113403 0
vt 0.934089959 0.251367807 0
vt 0.903919578 0.239757836 0
vt 0.934089959 0.251367807 0
vt 0.847910404 0.25374043 0
vt 0.614131451 0.315549284 0
vt 0.627560794 0.325059026 0
vt 0.613701105 0.324153304 0
vt 0.604736269 0.315737277 0
vt 0.614131451 0.315549284 0
vt 0.613701105 0.324153304 0
vt 0.843483806 0.0186710563 0
vt 0.87608707 0.0193875525 0
vt 0.872923136 0.0274281204 0
vt 0.87608707 0.0193875525 0
vt 0.891962349 0.0267054792 0
vt 0.872923136 0.0274281204 0
vt 0.450267226 0.0112986322 0
vt 0.424242437 0.00644393032 0
vt 0.426856875 0.00518154074 0
vt 0.424242437 0.00644393032 0
vt 0.410705805 0.00223205611 0
vt 0.426856875 0.00518154074 0
vt 0.487672269 0.119491629 0
vt 0.499848813 0.134552181 0
vt 0.486848325 0.125130534 0
vt 0.481653869 0.12200699 0
vt 0.487672269 0.119491629 0
vt 0.486848325 0.125130534 0
vt 0.49606359 0.27734372 0
vt 0.492120713 0.274860919 0
vt 0.493773222 0.271302134 0
vt 0.265437484 0.884697616 0
vt 0.25536412 0.902433276 0
vt 0.252013624 0.900290549 0
vt 0.305666387 0.314000756 0
vt 0.257517517 0.315268844 0
vt 0.357118726 0.309991062 0
vt 0.242381558 0.32852146 0
vt 0.255882949 0.323319018 0
vt 0.304730892 0.321074933 0
vt 0.482900172 0.421442658 0
vt 0.489676476 0.390036672 0
vt 0.49026522 0.422059536 0
vt 0.499961734 0.455724239 0
vt 0.49026522 0.422059536 0
vt 0.489676476 0.390036672 0
vt 0.700697362 0.310836464 0
vt 0.685945392 0.309837043 0
vt 0.70731467 0.309477419 0
vt 0.700697362 0.310836464 0
vt 0.70731467 0.309477419 0
vt 0.711297154 0.318132311 0
vt 0.497457087 0.548162282 0
vt 0.501751184 0.55765897 0
vt 0.49674502 0.553082287 0
vt 0.49674502 0.553082287 0
vt 0.491886646 0.54105258 0
vt 0.497457087 0.548162282 0
vt 0.361612558 0.311963826 0
vt 0.305666387 0.314000756 0
vt 0.357118726 0.309991062 0
vt 0.41831845 0.315503508 0
vt 0.304730892 0.321074933 0
vt 0.361798108 0.317612827 0
vt 0.799249053 0.280596912 0
vt 0.848397553 0.271029204 0
vt 0.82119894 0.285826802 0
vt 0.799249053 0.280596912 0
vt 0.82119894 0.285826802 0
vt 0.814725935 0.289103478 0
vt 0.945537329 0.540139914 0
vt 0.947678328 0.532998621 0
vt 0.948312461 0.546546519 0
vt 0.939712167 0.541779876 0
vt 0.945537329 0.540139914 0
vt 0.948312461 0.546546519 0
vt 0.536869586 0.571327388 0
vt 0.568560421 0.580294967 0
vt 0.562518001 0.583219469 0
vt 0.562518001 0.583219469 0
vt 0.568560421 0.580294967 0
vt 0.576961875 0.594589353 0
vt 0.65817219 0.0137851881 0
vt 0.681655705 0.0108020082 0
vt 0.66146028 0.0178835299 0
vt 0.642756164 0.0183443166 0
vt 0.65817219 0.0137851881 0
vt 0.66146028 0.0178835299 0
vt 0.501752019 0.335195005 0
vt 0.506464064 0.324702621 0
vt 0.507295668 0.340252757 0
vt 0.507295668 0.340252757 0
vt 0.499297231 0.343607068 0
vt 0.501752019 0.335195005 0
vt 0.520404518 0.243389547 0
vt 0.511193216 0.223875985 0
vt 0.523869753 0.233998105 0
vt 0.523869753 0.233998105 0
vt 0.531931937 0.217843786 0
vt 0.520404518 0.243389547 0
vt 0.562518001 0.583219469 0
vt 0.576961875 0.594589353 0
vt 0.572712302 0.597888291 0
vt 0.576961875 0.594589353 0
vt 0.617790937 0.598386467 0
vt 0.572712302 0.597888291 0
vt 0.845701993 0.00914047472 0
vt 0.890580058 0.00870780181 0
vt 0.826299369 0.0100139128 0
vt 0.826299369 0.0100139128 0
vt 0.838565648 0.00728591857 0
vt 0.845701993 0.00914047472 0
vn -0.0107873464 0.0188109633 0.99976474
vn -0.0110260304 0.0283541102 0.99953717
vn -0.00265612965 0.0140532125 0.999897659
vn -0.998927355 -0.0294669177 -0.0357171409
vn -0.999999464 -0.000806219876 -0.000629328773
vn -0.999988675 -0.00284262048 -0.00381973595
vn -0.0152432797 -0.962115049 -0.272217453
vn -0.0363896675 -0.998965621 -0.0272636805
vn -0.587664962 -0.808624208 -0.0278690215
vn -0.0764422119 0.0505259894 -0.995792985
vn -0.0243775975 0.0274233595 -0.999326646
vn 0.00721430406 -0.0360229015 -0.999324977
vn -0.00863526482 0.995503604 -0.0943281278
vn 0.01748842 0.999757409 0.0133931693
vn 0.0854666531 0.962361813 -0.257982761
vn -0.00897715893 -0.99995923 -0.00096233224
vn -0.00995244738 -0.9999066 -0.0093693193
vn -0.00994756445 -0.999907136 -0.00931679644
vn 0.0171244852 -0.000995831913 -0.999852896
vn 0.0276149884 0.00413110107 -0.999610066
vn 0.0720381886 -0.0465156622 -0.996316612
vn 0.999631047 0.0257176384 -0.00873569772
vn 0.999539673 0.0278471354 -0.0120398467
vn 0.999941111 0.00992638897 -0.00437665312
vn -0.996358931 0.0527912378 -0.066948466
vn -0.993356526 0.0557633005 -0.100664198
vn -0.993440211 0.0564291216 -0.0994601026
vn -0.0162338819 0.999409974 0.0302711967
vn -0.0197886974 0.999243796 0.0334708095
vn -0.0135160564 0.99916476 0.0385628603
vn 0.998804033 -0.00871041603 0.0481100753
vn 0.999941111 0.00992638897 -0.00437665312
vn 0.999982238 0.00199110946 0.00561490841
vn 0.0118557774 0.00761369755 0.999900699
vn -0.00538456673 0.0436310321 0.999033213
vn -0.00265612965 0.0140532125 0.999897659
vn 0.998372614 0.052047424 -0.0233026035
vn 0.989587247 0.140235215 -0.0324246064
vn 0.999471784 0.0300131571 -0.0124639403
vn 0.0697119236 0.543367982 0.836595178
vn 0.0760179758 0.642490804 0.762513518
vn 0.0364693142 0.32450828 0.945179582
vn 0.0208623614 -0.999781311 -0.00144620286
vn 0.0505437292 -0.998719454 -0.0021536618
vn 0.0161127485 -0.999869943 -0.000560361776
vn 0.0624308288 -0.105429314 0.992465079
vn 0.0917538926 -0.112131402 0.989448249
vn 0.105527729 -0.162958324 0.980973244
vn 0.0150155872 -0.849197507 -0.527861834
vn 0.0197732616 -0.907715559 -0.419119984
vn -0.00460678898 -0.94534719 -0.326032639
vn 0.0298692845 -0.999331176 -0.0210946389
vn 0.0505437292 -0.998719454 -0.0021536618
vn 0.0240253378 -0.999703586 -0.0039397059
vn 0.835731983 0.535162985 -0.123095937
vn 0.733693123 0.666925967 -0.130015597
vn 0.719103754 0.687729478 -0.099588573
vn 0.0232910831 -0.0113433553 -0.999664366
vn 0.0189470537 -0.0123672104 -0.999743998
vn 0.0229703244 -0.0171527807 -0.999588966
vn -0.695455194 0.71842891 -0.0142116379
vn -0.0298150033 0.998244584 0.0511745028
vn -0.0324067995 0.996769309 0.0734901875
vn -0.0788950697 0.013200854 0.996795475
vn -0.079235591 0.0256869383 0.99652487
vn -0.0496456288 0.00620903075 0.998747647
vn -0.990987122 0.107728735 -0.0796173885
vn -0.991979599 0.0877441019 -0.0909805149
vn -0.994625926 0.0710145161 -0.0753403828
vn -0.0448709056 0.0951513574 -0.994450986
vn -0.051535517 0.119163968 -0.9915362
vn -0.0581343174 0.0882098824 -0.994404018
vn 0.0170376301 -0.502195299 -0.864586353
vn 0.0197732616 -0.907715559 -0.419119984
vn 0.0150155872 -0.849197507 -0.527861834
vn -0.0764422119 0.0505259894 -0.995792985
vn 0.00721430406 -0.0360229015 -0.999324977
vn -0.341424197 -0.557705998 -0.756566942
vn 0.0066265706 0.9978953 0.0645061955
vn 0.00366970734 0.997052073 0.0766401961
vn 0.00785052683 0.992797017 0.119551584
vn 0.0854666531 0.962361813 -0.257982761
vn 0.0200215373 0.999699652 0.0141336424
vn 0.369429618 0.928253651 -0.0432059653
vn -0.997351885 0.0428540744 -0.0587595738
vn -0.997318625 0.0426607691 -0.0594601035
vn -0.99946624 0.00327259395 -0.0325026512
vn -0.261900246 0.385665387 0.884686649
vn -0.272694826 0.59651947 0.754852355
vn -0.337187469 0.625122964 0.70393604
vn 0.0646338463 -0.0142427124 0.997807503
vn 0.0362688601 -0.000547967851 0.999341846
vn 0.0707829371 0.00165452657 0.997490287
vn 0.64707011 -0.258237034 0.717365861
vn 0.8112396 -0.125854477 0.571008623
vn 0.810051501 -0.187788129 0.555474699
vn 0.950406969 0.294833243 0.0989952758
vn 0.952786922 0.262488186 0.152633175
vn 0.996615648 0.063823171 0.0518066175
vn 0.241534039 -0.00810118672 0.970358551
vn 0.142159298 2.56956664e-05 0.989843786
vn 0.264803618 -0.00656413194 0.964280009
vn -0.0257023349 0.999666035 0.00268364814
vn -0.0221469961 0.999753833 0.00137521257
vn -0.0233505815 0.999692976 0.00828755088
vn -0.0034915444 0.999696612 -0.0243833363
vn -0.0583841875 0.997555614 -0.0383946411
vn 0.0176930521 0.999842882 0.00114745472
vn 0.210186124 0.975180507 -0.0696034506
vn 0.122453742 0.990183651 -0.0673887283
vn 0.0547928028 0.998494446 0.00256305095
vn 0.829630435 0.524375916 0.191685215
vn 0.950406969 0.294833243 0.0989952758
vn 0.7714867 0.622773111 0.130237743
vn -0.908096135 0.0399976596 -0.416847289
vn -0.850364268 -0.0507582091 -0.523740649
vn -0.941278577 0.0255873967 -0.336659789
vn -0.171122253 -0.98279494 -0.069507964
vn -0.1302315 -0.989440143 -0.0636231676
vn -0.108565263 -0.992572367 -0.0548962876
vn 0.976205349 0.200509876 -0.0825759023
vn 0.948152006 0.311216444 -0.0644357577
vn 0.992578924 0.111617729 -0.0482566468
vn 0.740798354 0.668058574 -0.0701111481
vn 0.649531066 0.757682621 -0.0634539723
vn 0.589959741 0.802666962 -0.0875971988
vn -0.0496456288 0.00620903075 0.998747647
vn -0.079235591 0.0256869383 0.99652487
vn -0.0544599257 0.0338325016 0.997942567
vn -0.0294904169 -0.999319017 -0.0221764594
vn -0.0254631769 -0.999506533 -0.0183976199
vn -0.0227284487 -0.999570251 -0.0185147505
vn 0.940708339 0.333672315 0.0610793196
vn 0.96943742 0.20964627 0.12743476
vn 0.98939836 0.110283107 0.0944904909
vn 0.150408 0.981112182 0.121639818
vn 0.0551909469 0.997170448 0.0510415398
vn 0.0873593464 0.995259464 0.0427428894
vn -0.0377758779 0.672499359 -0.739132941
vn -0.0666058287 0.841334999 -0.536394536
vn -0.0257919133 0.916030765 -0.400277764
vn 0.00372444233 0.0182286501 -0.999826968
vn 0.00376962568 0.0290409923 -0.999571085
vn 0.00620306283 -0.00587328011 -0.999963522
vn -0.991779506 -0.0179307908 0.126695499
vn -0.999195755 0.023006238 0.0328411311
vn -0.978742898 0.0120771788 0.204734787
vn -0.210205004 -0.237922773 0.948265016
vn -0.604579628 -0.101842076 0.790007293
vn -0.321692497 -0.399158686 0.85859555
vn 0.998318791 0.0548810177 -0.0186416581
vn 0.999471784 0.0300131571 -0.0124639403
vn 0.999120235 0.0396770537 -0.0135824466
vn 0.48198238 0.108134672 -0.869482517
vn 0.580457807 0.0789403245 -0.810454905
vn 0.426531196 0.0455990322 -0.903322637
vn -0.00345723168 0.223861575 0.974614859
vn -0.033710897 0.124404907 0.991658688
vn 0.0023525937 0.208139956 0.978096306
vn -0.0334962606 0.992857575 0.114506662
vn -0.0370700657 0.992979884 0.112324409
vn -0.0271149911 0.882219136 0.470057696
vn -0.1893543 -0.743595004 -0.641257703
vn -0.134792402 -0.985801101 -0.100136802
vn -0.215755552 -0.968012154 -0.128070474
vn -0.341424197 -0.557705998 -0.756566942
vn 0.00721430406 -0.0360229015 -0.999324977
vn 0.0013473921 -0.235723346 -0.971819282
vn 0.998970926 0.044071883 -0.010713838
vn 0.999120235 0.0396770537 -0.0135824466
vn 0.967607975 0.14610374 -0.20588474
vn 0.967607975 0.14610374 -0.20588474
vn 0.924541354 0.376590163 -0.058336854
vn 0.998970926 0.044071883 -0.010713838
vn 0.0066265706 0.9978953 0.0645061955
vn -0.000457898102 0.997422874 0.0717456862
vn 0.00366970734 0.997052073 0.0766401961
vn -0.0353324786 0.958303154 0.283560634
vn -0.106144041 0.783948421 0.611684799
vn -0.0979121923 0.728545308 0.677963853
vn -0.0152432797 -0.962115049 -0.272217453
vn -0.00460678898 -0.94534719 -0.326032639
vn -0.0286693163 -0.997231483 -0.0686110184
vn -0.0144024026 -0.999872506 -0.00689834217
vn -0.0136420401 -0.999898612 -0.00408478221
vn -0.00728620589 -0.999949396 -0.00694261678
vn -0.895681441 -0.339891434 -0.286755413
vn -0.65668124 -0.66251421 -0.360339522
vn -0.900307417 -0.398715556 -0.17456387
vn -0.997318625 0.0426607691 -0.0594601035
vn -0.996747136 -0.00729463575 -0.0802616924
vn -0.998695552 0.0272172727 -0.0432010815
vn 0.0161127485 -0.999869943 -0.000560361776
vn 0.0505437292 -0.998719454 -0.0021536618
vn 0.702365696 -0.701942146 0.118151568
vn 0.992827117 -0.0296560694 0.115822695
vn 0.702365696 -0.701942146 0.118151568
vn 0.759723485 -0.647090256 0.0639879107
vn 0.0275043864 0.227250561 -0.973447859
vn 0.0284224954 0.239036188 -0.970594585
vn 0.0181493312 0.11681246 -0.99298805
vn 0.756658137 0.444901526 -0.479094088
vn 0.791528523 0.559176683 -0.24658452
vn 0.831490576 0.401962221 -0.383470744
vn 0.0984381065 0.928911328 0.356978506
vn 0.127519384 0.78603375 0.604888141
vn 0.128967151 0.856939197 0.499021709
vn 0.0129235806 0.0212645922 0.999690413
vn 0.00932728592 0.0186276753 0.99978292
vn 0.00488329073 0.0187259149 0.999812663
vn 0.669089496 -0.0982685983 -0.736656368
vn 0.87042731 -0.0419412255 -0.490507036
vn 0.547185481 -0.131733403 -0.826579869
vn 0.0223504715 -0.785151243 -0.618900537
vn 0.023961775 -0.552460551 -0.833194673
vn 0.0212455802 -0.82940048 -0.558250308
vn -0.0269747339 0.997998893 -0.0571893379
vn -0.0223948136 0.99830091 -0.0537933782
vn -0.0221469961 0.999753833 0.00137521257
vn -0.00725364964 0.500660717 -0.865613222
vn 0.041939225 0.396620661 -0.917024076
vn 0.00765643222 0.655831158 -0.754868865
vn 0.00932728592 0.0186276753 0.99978292
vn -0.0126888109 0.0132460389 0.999831796
vn 0.00488329073 0.0187259149 0.999812663
vn -0.00102606916 0.0052354699 0.999985695
vn -0.000364672218 0.00114984717 0.999999285
vn 0.00384945422 -0.000232796257 0.999992549
vn 0.0170376301 -0.502195299 -0.864586353
vn 0.0212455802 -0.82940048 -0.558250308
vn 0.0197732616 -0.907715559 -0.419119984
vn 0.0525434799 -0.988074481 -0.144734293
vn 0.32315889 -0.931081414 -0.169279978
vn 0.274688512 -0.957604945 -0.0868274271
vn 0.0238029379 0.999602139 0.0151302516
vn 0.0157164112 0.99971801 0.0177992303
vn 0.0341950953 0.998987019 0.0292502232
vn -0.0167569239 0.999503195 0.02669378
vn -0.0162338819 0.999409974 0.0302711967
vn -0.0135160564 0.99916476 0.0385628603
vn -0.0904418528 0.110245436 0.989780843
vn -0.261900246 0.385665387 0.884686649
vn -0.169423953 0.0977515504 0.980683565
vn -0.999312878 0.0234400202 -0.0287113599
vn -0.999988675 -0.00284262048 -0.00381973595
vn -0.999999464 -0.000806219876 -0.000629328773
vn 0.174937889 -0.121577263 -0.977044404
vn 0.231636852 -0.149561659 -0.961236477
vn 0.329008877 -0.265456676 -0.906248271
vn 0.0171244852 -0.000995831913 -0.999852896
vn 0.0720381886 -0.0465156622 -0.996316612
vn 0.106687211 -0.189490378 -0.976069272
vn 0.0429283679 0.997229159 0.0607541688
vn 0.0106972568 0.998284161 0.0575723238
vn 0.0177036282 0.995269179 0.0955293253
vn 0.268929511 0.838335276 0.474205643
vn 0.400732368 0.697570205 0.59397763
vn 0.513742745 0.753327787 0.410567522
vn 0.0374682955 0.0223188829 0.999048531
vn 0.0180891883 0.0114966333 0.999770284
vn 0.012771287 0.0164416078 0.999783278
vn -0.00373313692 0.0209366754 0.9997738
vn -0.086177431 0.041290991 0.995423794
vn -0.00864604581 -0.0450511873 0.998947263
vn 0.0129510686 -0.000705407001 -0.999915898
vn 0.0126873972 -0.0138531597 -0.99982357
vn 0.00721430406 -0.0360229015 -0.999324977
vn -0.0428012684 0.0216663033 -0.998848677
vn 0.00266890507 -0.000899891951 -0.999996066
vn 0.00721430406 -0.0360229015 -0.999324977
vn -0.995093167 0.039941255 0.0905222893
vn -0.998037517 0.0374845192 -0.0501609109
vn -0.998952329 0.0196287129 -0.0413397066
vn 0.0136661837 -0.196369171 0.980434835
vn -0.0720809251 -0.141366303 0.987329662
vn -0.0995166898 -0.19057174 0.976616025
vn 0.386339158 -0.00354399392 0.922349989
vn 0.241534039 -0.00810118672 0.970358551
vn 0.720678806 -0.0112351235 0.693178058
vn 0.100216463 0.648115396 0.754919231
vn 0.169447526 0.728583217 0.663667023
vn 0.108176515 0.729105353 0.675798178
vn 0.00372444233 0.0182286501 -0.999826968
vn 0.00620306283 -0.00587328011 -0.999963522
vn -0.0428012684 0.0216663033 -0.998848677
vn -0.023987649 0.0945545509 -0.995230615
vn -0.0158911627 0.267428756 -0.963446558
vn 0.00372444233 0.0182286501 -0.999826968
vn -0.0229943432 -0.999419987 -0.0251200814
vn -0.0310006235 -0.996282995 0.0803693607
vn -0.0296952315 -0.999532819 -0.00723931054
vn -0.99525106 -0.0971934944 -0.00538202096
vn -0.863563418 -0.503033042 -0.0348712765
vn -0.992604792 -0.121145427 -0.00771596981
vn 0.702365696 -0.701942146 0.118151568
vn 0.992827117 -0.0296560694 0.115822695
vn 0.985738277 -0.0381448977 0.163905591
vn 0.67074275 -0.0446536243 0.740344763
vn 0.156892478 0.0414557457 0.986745298
vn 0.100440875 0.0150224287 0.994829595
vn -0.958928764 0.208246201 -0.192585394
vn -0.85057205 0.272276193 -0.449880898
vn -0.968521476 0.171632767 -0.180300847
vn -0.988248408 0.109764799 -0.106380627
vn -0.982966244 0.130743936 -0.129163831
vn -0.986872554 0.117729351 -0.110553965
vn -0.263619661 0.00728576165 0.964599252
vn -0.398426682 -0.0241957549 0.916881025
vn -0.601289988 0.0707086697 0.795896173
vn -0.79480809 -0.259347945 0.548651814
vn -0.648309588 -0.378292292 0.660749316
vn -0.367192417 -0.291572183 0.883264005
vn 0.991153777 -0.0507748201 0.122622073
vn 0.970416307 -0.0502053536 0.236160323
vn 0.988370657 -0.0603381284 0.139580622
vn 0.999941111 0.00992638897 -0.00437665312
vn 0.999471784 0.0300131571 -0.0124639403
vn 0.999565303 -0.00345518836 0.029278731
vn -0.982966244 0.130743936 -0.129163831
vn -0.979709804 0.136562437 -0.146695137
vn -0.986872554 0.117729351 -0.110553965
vn -0.117264479 0.142949939 -0.982758462
vn -0.0448709056 0.0951513574 -0.994450986
vn -0.0856764093 0.111052386 -0.99011451
vn 0.0401938483 0.959124207 -0.280116439
vn -0.00863526482 0.995503604 -0.0943281278
vn 0.0854666531 0.962361813 -0.257982761
vn 0.0854666531 0.962361813 -0.257982761
vn 0.0769077912 0.496600389 -0.864565372
vn 0.0512021184 0.924226522 -0.378396273
vn 0.0624308288 -0.105429314 0.992465079
vn 0.0308386814 -0.0238318685 0.99924022
vn 0.0566768274 -0.04604467 0.997330248
vn 0.00384945422 -0.000232796257 0.999992549
vn -0.000364672218 0.00114984717 0.999999285
vn 0.0106876465 0.00648232969 0.999921858
vn -0.840133548 0.076764442 -0.536919653
vn -0.65302515 0.101898775 -0.750449777
vn -0.390846133 0.0290845037 -0.919996381
vn -0.604082823 0.0463254377 -0.79557389
vn -0.840133548 0.076764442 -0.536919653
vn -0.386686862 0.0325096585 -0.921637833
vn 0.0153729739 0.999320507 0.0334976241
vn 0.0157164112 0.99971801 0.0177992303
vn 0.00823723152 0.998969316 0.0446366742
vn 0.0106972568 0.998284161 0.0575723238
vn 0.0066265706 0.9978953 0.0645061955
vn 0.0177036282 0.995269179 0.0955293253
vn -0.0366262682 0.317903161 -0.947415531
vn -0.0324744992 0.196148723 -0.980036259
vn -0.039898064 0.330666482 -0.942903936
vn 0.00864096079 -0.00757609773 -0.999933898
vn 0.132860363 0.0714488328 -0.988556147
vn 0.152249098 0.00358864898 -0.988335669
vn -0.997318625 0.0426607691 -0.0594601035
vn -0.998695552 0.0272172727 -0.0432010815
vn -0.99946624 0.00327259395 -0.0325026512
vn -0.999064624 -0.0430394262 -0.00418126816
vn -0.99525106 -0.0971934944 -0.00538202096
vn -0.999041677 -0.0436535999 -0.00319348718
vn -0.0653367192 0.46333003 0.883774042
vn -0.0185805615 0.239088669 0.97082001
vn -0.037383154 0.184379011 0.982143998
vn 0.000125411229 0.0236411076 0.999720514
vn 0.00735071348 0.0307369847 0.999500453
vn 0.00488329073 0.0187259149 0.999812663
vn -0.0034915444 0.999696612 -0.0243833363
vn -0.0194512103 0.99740386 -0.0693327412
vn -0.0583841875 0.997555614 -0.0383946411
vn -0.216468751 0.187378392 -0.958139122
vn -0.364189297 0.287830114 -0.885731339
vn -0.120650262 0.263639569 -0.95704627
vn 0.0311145931 0.787265837 0.615828276
vn -0.00572932558 0.770192385 0.637785912
vn -0.0453676358 0.899168491 0.435244501
vn 0.0291400459 0.0995046198 0.99461031
vn 0.00735071348 0.0307369847 0.999500453
vn 0.00676209573 0.0438263565 0.999016285
vn 0.719103754 0.687729478 -0.099588573
vn 0.406627119 0.912213326 -0.0502117835
vn 0.369429618 0.928253651 -0.0432059653
vn 0.890865982 0.443563521 0.0980265886
vn 0.685672224 0.716016948 0.131047219
vn 0.722903192 0.68291533 0.105060719
vn -0.117264479 0.142949939 -0.982758462
vn -0.051535517 0.119163968 -0.9915362
vn -0.0448709056 0.0951513574 -0.994450986
vn -0.144041732 0.802496135 -0.579009533
vn -0.254011929 0.769875824 -0.585464776
vn -0.0160283968 0.947465062 -0.31945774
vn 0.0396206602 -0.928270996 -0.369788229
vn 0.0339666642 -0.845283031 -0.533238053
vn 0.152291283 -0.89860642 -0.411477596
vn 0.87042731 -0.0419412255 -0.490507036
vn 0.833484709 -0.0603707731 -0.54923439
vn 0.547185481 -0.131733403 -0.826579869
vn -0.00327319792 0.00813090429 0.999961555
vn -0.0278115328 0.0349396393 0.999002337
vn 0.000744656776 0.0006092072 0.999999523
vn 0.00351678184 0.00455934368 0.99998337
vn -0.00327319792 0.00813090429 0.999961555
vn 0.000744656776 0.0006092072 0.999999523
vn -0.82994616 0.411423832 0.376722515
vn -0.996286809 0.0607077815 -0.0610501692
vn -0.996168196 0.0874548256 0.000828917953
vn -0.82994616 0.411423832 0.376722515
vn -0.994858682 0.0814191103 -0.0602256432
vn -0.996286809 0.0607077815 -0.0610501692
vn -0.138558537 -0.0980221704 0.985491335
vn -0.1407305 -0.0173243955 0.989896417
vn -0.604579628 -0.101842076 0.790007293
vn -0.0544599257 0.0338325016 0.997942567
vn -0.0714937523 0.0759345815 0.994546354
vn -0.0278115328 0.0349396393 0.999002337
vn -0.023987649 0.0945545509 -0.995230615
vn 0.00372444233 0.0182286501 -0.999826968
vn -0.0184971057 0.0487008318 -0.998642147
vn -0.0162972547 0.323656768 -0.946034193
vn -0.011045333 0.318069816 -0.948002934
vn -0.0842044801 0.239348665 -0.967275441
vn 0.999255717 0.0385256894 -0.00196854328
vn 0.998157501 0.00474642171 0.0604908764
vn 0.999565303 -0.00345518836 0.029278731
vn 0.997050643 0.0681718737 0.035252925
vn 0.992113292 0.0917062983 0.0854462534
vn 0.994372904 0.0690078065 0.0803771093
vn -0.000457898102 0.997422874 0.0717456862
vn -0.00221193884 0.995612442 0.0935462937
vn 0.00366970734 0.997052073 0.0766401961
vn -0.0324067995 0.996769309 0.0734901875
vn -0.0370700657 0.992979884 0.112324409
vn -0.0334962606 0.992857575 0.114506662
vn -0.281762809 0.156304866 0.946667075
vn -0.458987594 0.173713282 0.871294558
vn -0.210684553 0.0134845432 0.97746104
vn -0.263619661 0.00728576165 0.964599252
vn -0.428438216 0.107919306 0.89710325
vn -0.243403926 0.030659223 0.969440341
vn 0.978249788 0.168729559 -0.120655447
vn 0.924541354 0.376590163 -0.058336854
vn 0.967607975 0.14610374 -0.20588474
vn 0.791365743 0.334363133 -0.511802197
vn 0.831490576 0.401962221 -0.383470744
vn 0.883507967 0.318230242 -0.343719572
vn 0.00420100754 -0.977719069 -0.209875524
vn 0.0298692845 -0.999331176 -0.0210946389
vn 0.0240253378 -0.999703586 -0.0039397059
vn -0.0273203608 -0.9996261 -0.00109566667
vn -0.0173459966 -0.999750018 0.0141070327
vn -0.0196607299 -0.999797046 0.00439659553
vn -0.991779506 -0.0179307908 0.126695499
vn -0.998087406 0.00349659892 0.0617199838
vn -0.999195755 0.023006238 0.0328411311
vn -0.999757767 0.0160228107 -0.0150867989
vn -0.999312878 0.0234400202 -0.0287113599
vn -0.999999464 -0.000806219876 -0.000629328773
vn -0.0170827433 0.999796212 0.0107529787
vn -0.0198514592 0.999586046 0.020822065
vn -0.0197056625 0.999607921 0.0198889114
vn -0.00305138179 0.999565542 0.0293186661
vn 0.0124230003 0.999824464 0.0140271075
vn -0.429904222 0.901962936 -0.0405616276
vn 0.135678232 0.372276515 0.91815114
vn 0.169447526 0.728583217 0.663667023
vn 0.100216463 0.648115396 0.754919231
vn 0.0278915837 0.0199620016 0.999411583
vn 0.0648944601 0.319172055 0.9454723
vn 0.0118557774 0.00761369755 0.999900699
vn -0.986191273 -0.0707581267 0.149732992
vn -0.990771472 -0.0571007021 0.122928433
vn -0.966549098 -0.0505549125 0.251449704
vn -0.419109792 -0.104393281 0.901914001
vn -0.615642607 -0.147270352 0.774141908
vn -0.543338895 -0.0281001907 0.839043021
vn 0.967607975 0.14610374 -0.20588474
vn 0.999120235 0.0396770537 -0.0135824466
vn 0.998377442 0.0493924916 -0.0283378717
vn 0.996857166 0.0211385954 -0.0763472021
vn 0.998740554 0.0268951412 -0.042355381
vn 0.991702557 0.0151603911 -0.127656698
vn 0.0280488171 0.511370957 -0.858902156
vn 0.0383525863 0.632484913 -0.773622692
vn 0.0407481901 0.829884827 -0.556444764
vn -0.107979223 0.63569659 -0.76434958
vn -0.105448589 0.722507715 -0.683273971
vn -0.133327827 0.819924593 -0.556729198
vn 0.0458087027 -0.998130202 0.0404677652
vn 0.352076083 -0.928601146 0.117227606
vn 0.0881740153 -0.988707721 0.121171303
vn 0.489580423 -0.56823653 0.661375999
vn 0.617176235 -0.368993253 0.69493705
vn 0.377427757 -0.642631352 0.666763127
vn -0.0271149911 0.882219136 0.470057696
vn -0.0370700657 0.992979884 0.112324409
vn -0.0618980564 0.94726187 0.314425796
vn 0.0482174195 0.634139597 0.771713793
vn 0.0172874238 0.299049914 0.95408088
vn 0.0938564911 0.398561209 0.912326574
vn -0.1893543 -0.743595004 -0.641257703
vn -0.152675882 -0.962242723 -0.225342259
vn -0.134792402 -0.985801101 -0.100136802
vn 0.0183263514 -0.813250482 -0.581625164
vn -0.0257866066 -0.951946497 -0.305176467
vn -0.0801859796 -0.713183165 -0.696376324
vn 0.821570277 0.570003986 0.0108488211
vn 0.782536507 0.618928194 0.0675604343
vn 0.708421707 0.704865694 0.036098659
vn 0.589959741 0.802666962 -0.0875971988
vn 0.649531066 0.757682621 -0.0634539723
vn 0.481586069 0.873452604 -0.0718000457
vn -0.0144649874 0.92572701 -0.377915621
vn -0.0707198232 0.868627489 -0.490392745
vn -0.0512290671 0.979431748 -0.19516404
vn -0.0264579896 0.999601841 -0.00979892071
vn -0.0221469961 0.999753833 0.00137521257
vn -0.0257023349 0.999666035 0.00268364814
vn 0.976446211 -0.0620468706 0.20664753
vn 0.853929758 -0.255509675 0.453341991
vn 0.69033885 -0.68347007 0.237278581
vn 0.69033885 -0.68347007 0.237278581
vn 0.653346479 -0.675376892 0.342059016
vn 0.263820529 -0.795295 0.545806348
vn -0.0603492111 -0.949123323 -0.309067845
vn -0.0257866066 -0.951946497 -0.305176467
vn -0.106032431 -0.98784405 -0.11367172
vn -0.0818969682 -0.995071054 -0.0559147969
vn -0.0257866066 -0.951946497 -0.305176467
vn -0.108565263 -0.992572367 -0.0548962876
vn 0.999316871 0.0320663117 -0.0183749776
vn 0.999412715 0.0264715832 -0.0217578039
vn 0.999207079 0.0195093825 -0.0347094238
vn 0.896202803 0.0384369083 -0.441976339
vn 0.894285023 0.0965871289 -0.43694979
vn 0.951377034 0.0312478449 -0.306439608
vn 0.0648944601 0.319172055 0.9454723
vn -0.00538456673 0.0436310321 0.999033213
vn 0.0118557774 0.00761369755 0.999900699
vn 0.0135325389 0.430168629 0.902647197
vn 0.0478957035 0.592247009 0.80433166
vn -0.0106819374 0.385505468 0.922643721
vn 0.00219195057 0.538529813 -0.842603624
vn -0.00672256062 0.805359781 -0.592748225
vn -0.0145790009 0.810761213 -0.585195363
vn -0.0571085773 0.287932903 -0.955946267
vn -0.235041469 0.708100259 -0.665844917
vn -0.0842044801 0.239348665 -0.967275441
vn -0.991186082 0.0303778294 0.128947273
vn -0.99940449 0.00268358039 0.0344022177
vn -0.978928328 -0.075960964 0.189550728
vn -0.428438216 0.107919306 0.89710325
vn -0.458987594 0.173713282 0.871294558
vn -0.281762809 0.156304866 0.946667075
vn -0.996868849 0.0546715073 -0.0571283102
vn -0.996286809 0.0607077815 -0.0610501692
vn -0.997002423 0.0590197816 -0.0500280932
vn -0.998465359 0.03568222 -0.0423540249
vn -0.998364568 0.0429348275 -0.0377484411
vn -0.999361873 0.0262062717 -0.0242689103
vn 0.541602969 0.625809908 0.561273694
vn 0.766238391 0.567531705 0.301308215
vn 0.513742745 0.753327787 0.410567522
vn 0.456531525 0.399471313 0.794985354
vn 0.744495928 0.401029646 0.533761144
vn 0.541602969 0.625809908 0.561273694
vn -0.0764422119 0.0505259894 -0.995792985
vn -0.341424197 -0.557705998 -0.756566942
vn -0.0243536569 0.00364793441 -0.999696672
vn -0.895681441 -0.339891434 -0.286755413
vn -0.582911313 -0.258016557 -0.770481527
vn -0.65668124 -0.66251421 -0.360339522
vn 0.0276149884 0.00413110107 -0.999610066
vn 0.708322227 0.0116178393 -0.705793619
vn 0.145967916 -0.0193753093 -0.989099562
vn 0.938466489 0.122649655 -0.32285887
vn 0.984982789 0.0957728848 -0.14365387
vn 0.696905375 0.183726206 -0.693229795
vn -0.0587206408 0.538447201 -0.840610862
vn -0.11086528 0.72748965 -0.677102447
vn -0.0711969957 0.806297779 -0.587209404
vn -0.0159572549 0.97367394 -0.227386445
vn -0.0385668389 0.947627127 -0.317041695
vn -0.0269747339 0.997998893 -0.0571893379
vn -0.216914579 -0.410150349 0.885846853
vn -0.168594211 -0.835663497 0.522725999
vn -0.129900813 -0.773034453 0.620921552
vn -0.0616821945 -0.0416628346 0.997225821
vn -0.1407305 -0.0173243955 0.989896417
vn -0.138558537 -0.0980221704 0.985491335
vn -0.0618980564 0.94726187 0.314425796
vn -0.0477375649 0.993085861 0.10724552
vn -0.228361398 0.868888497 0.439185202
vn -0.687845349 0.725856304 0.00111166865
vn -0.994858682 0.0814191103 -0.0602256432
vn -0.82994616 0.411423832 0.376722515
vn 0.982486665 -0.00653790263 -0.186217815
vn 0.998981178 0.0126717025 -0.0433132015
vn 0.991293132 -0.00618832372 -0.131528109
vn 0.492219836 -0.0571484454 -0.868592978
vn 0.708322227 0.0116178393 -0.705793619
vn 0.87042731 -0.0419412255 -0.490507036
vn 0.903030634 0.424041212 0.0687361583
vn 0.782536507 0.618928194 0.0675604343
vn 0.886450529 0.462646812 0.0127854487
vn 0.980330586 0.196912423 0.013318208
vn 0.956874669 0.27783522 0.0848443434
vn 0.976889193 0.21077764 -0.0354999006
vn -0.120633759 0.0757880956 -0.989799857
vn -0.131532967 0.137211829 -0.98176986
vn -0.111811258 0.106169343 -0.98804158
vn -0.0184971057 0.0487008318 -0.998642147
vn 0.00372444233 0.0182286501 -0.999826968
vn -0.0428012684 0.0216663033 -0.998848677
vn 0.0707829371 0.00165452657 0.997490287
vn 0.0362688601 -0.000547967851 0.999341846
vn 0.0510432124 0.00140218192 0.998695552
vn 0.100440875 0.0150224287 0.994829595
vn 0.0669557974 -0.00154147763 0.997754753
vn 0.67074275 -0.0446536243 0.740344763
vn -0.375114739 0.155182704 0.913896799
vn -0.801517606 0.123196937 0.585142612
vn -0.328249246 0.0736387298 0.941716433
vn -0.491300493 0.403990149 0.771631896
vn -0.261900246 0.385665387 0.884686649
vn -0.337187469 0.625122964 0.70393604
vn -0.0507362112 0.603578508 0.795687675
vn -0.0653367192 0.46333003 0.883774042
vn -0.037383154 0.184379011 0.982143998
vn 0.0126292473 0.955883443 0.293474406
vn -0.0353324786 0.958303154 0.283560634
vn -0.0500058867 0.889829516 0.453544706
vn -0.999041677 -0.0436535999 -0.00319348718
vn -0.99525106 -0.0971934944 -0.00538202096
vn -0.992604792 -0.121145427 -0.00771596981
vn -0.978928328 -0.075960964 0.189550728
vn -0.99940449 0.00268358039 0.0344022177
vn -0.88572973 -0.282538474 0.368313491
vn 0.237686232 -0.31976223 0.917200863
vn 0.3364833 -0.324945271 0.883849263
vn 0.156319782 -0.153407171 0.975720406
vn 0.67074275 -0.0446536243 0.740344763
vn 0.0842574537 -0.0371968411 0.995749533
vn 0.189257637 -0.0613775849 0.980007291
vn 0.452815861 0.673863888 -0.583836675
vn 0.348764598 0.429475784 -0.833014965
vn 0.184380159 0.585799515 -0.789203942
vn 0.00864096079 -0.00757609773 -0.999933898
vn 0.0769077912 0.496600389 -0.864565372
vn 0.132860363 0.0714488328 -0.988556147
vn 0.00676209573 0.0438263565 0.999016285
vn 0.00735071348 0.0307369847 0.999500453
vn 0.00363791594 0.0337405838 0.999423921
vn -0.0311738923 0.0594976917 0.99774158
vn -0.00656878948 0.0383948348 0.999241114
vn -0.0198626034 0.0439254791 0.998837352
vn 0.952786922 0.262488186 0.152633175
vn 0.992113292 0.0917062983 0.0854462534
vn 0.996615648 0.063823171 0.0518066175
vn 0.456531525 0.399471313 0.794985354
vn 0.764551103 0.18963334 0.616036296
vn 0.744495928 0.401029646 0.533761144
vn -0.02704354 0.151350215 0.988110185
vn -0.0167397317 0.130781993 0.991269827
vn -0.00538456673 0.0436310321 0.999033213
vn -0.0250263289 0.0494371094 0.998463631
vn -0.0311738923 0.0594976917 0.99774158
vn -0.0237158313 0.0379689746 0.998997509
vn 0.0448868237 -0.547603488 -0.835533082
vn 0.0557534993 -0.5460096 -0.835921764
vn 0.0627468526 -0.65559423 -0.752501905
vn 0.0224027429 -0.0544646122 -0.998264372
vn 0.0171244852 -0.000995831913 -0.999852896
vn 0.106687211 -0.189490378 -0.976069272
vn 0.111572862 -0.782034576 0.61316669
vn 0.0854477733 -0.972991407 0.214443952
vn 0.0673367083 -0.977513492 0.19983305
vn 0.289644063 -0.39014855 0.874008238
vn 0.3364833 -0.324945271 0.883849263
vn 0.237686232 -0.31976223 0.917200863
vn 0.991218507 -0.0425937437 0.125186309
vn 0.970416307 -0.0502053536 0.236160323
vn 0.991153777 -0.0507748201 0.122622073
vn 0.951874793 -0.0161507558 0.306061238
vn 0.72902 0.0165856332 0.684291482
vn 0.720678806 -0.0112351235 0.693178058
vn 0.106687211 -0.189490378 -0.976069272
vn 0.329008877 -0.265456676 -0.906248271
vn 0.185797974 -0.386003584 -0.903593004
vn 0.256477654 -0.464877605 -0.847412586
vn 0.538916945 -0.453349233 -0.709959805
vn 0.0882340074 -0.635517776 -0.767028093
vn 0.024296226 0.120172225 0.992455661
vn 0.0160990525 0.192468926 0.981171012
vn 0.00653188676 0.0667975768 0.997745156
vn 0.0364693142 0.32450828 0.945179582
vn 0.0669551417 0.377824694 0.923452973
vn 0.0160990525 0.192468926 0.981171012
vn -0.0438168421 -0.0854349881 0.995379806
vn -0.0995166898 -0.19057174 0.976616025
vn -0.0574948527 -0.0491192527 0.997136712
vn -0.271141797 -0.0490068197 0.961291075
vn -0.419109792 -0.104393281 0.901914001
vn -0.398426682 -0.0241957549 0.916881025
vn -0.00586595573 -0.948937118 0.315410763
vn 0.0172089953 -0.612475812 0.790301979
vn -0.0204944685 -0.642613173 0.765916586
vn 0.126107112 -0.73371321 0.667654037
vn 0.0742467865 -0.528076053 0.84594512
vn 0.0497025922 -0.871025145 0.488717526
vn -0.990803242 0.0941366628 -0.0971961915
vn -0.984917045 0.0979510322 -0.142632559
vn -0.98991698 0.0734382123 -0.12112467
vn -0.993606448 0.0789636225 -0.0806911737
vn -0.994942963 0.065582782 -0.0760747865
vn -0.994999051 0.071100302 -0.0701544806
vn 0.16533713 0.225530446 -0.960104108
vn 0.348764598 0.429475784 -0.833014965
vn 0.132860363 0.0714488328 -0.988556147
vn 0.693359077 0.248966455 -0.676216602
vn 0.450255632 0.184416905 -0.87364769
vn 0.627382815 0.363513738 -0.688657045
vn 0.0557534993 -0.5460096 -0.835921764
vn 0.0882340074 -0.635517776 -0.767028093
vn 0.030491367 -0.700433791 -0.713065803
vn 0.0204968099 -0.821572006 -0.569736242
vn 0.0270049423 -0.848887742 -0.527882934
vn 0.0197732616 -0.907715559 -0.419119984
vn -0.0118137766 0.991237998 0.131558731
vn -0.0184191223 0.996978998 0.0754568577
vn -0.0125012072 0.987085164 0.15970774
vn -0.0453676358 0.899168491 0.435244501
vn -0.0151321106 0.896444678 0.442897111
vn 0.0311145931 0.787265837 0.615828276
vn 0.903030634 0.424041212 0.0687361583
vn 0.886450529 0.462646812 0.0127854487
vn 0.940567613 0.335263729 -0.054137256
vn 0.940567613 0.335263729 -0.054137256
vn 0.888655007 0.455541134 -0.0526751839
vn 0.948152006 0.311216444 -0.0644357577
vn 0.00833750423 0.346378684 -0.938057721
vn 0.00612533605 0.256421417 -0.966545701
vn 0.0284224954 0.239036188 -0.970594585
vn 0.0401938483 0.959124207 -0.280116439
vn -0.0257919133 0.916030765 -0.400277764
vn -0.00863526482 0.995503604 -0.0943281278
vn -0.210684553 0.0134845432 0.97746104
vn -0.651484966 0.069047682 0.755512953
vn -0.604579628 -0.101842076 0.790007293
vn -0.89972198 0.0234751441 0.435831875
vn -0.991186082 0.0303778294 0.128947273
vn -0.761000514 -0.182743534 0.622481287
vn -0.0979121923 0.728545308 0.677963853
vn -0.155065924 0.547750592 0.822145879
vn 0.00843839627 0.369733334 0.92909956
vn 0.0637840554 0.303818345 0.950592518
vn 0.0512773991 0.578077614 0.814369082
vn 0.0369388498 0.487145483 0.872539222
vn 0.0298692845 -0.999331176 -0.0210946389
vn 0.274688512 -0.957604945 -0.0868274271
vn 0.0505437292 -0.998719454 -0.0021536618
vn 0.998322368 -0.0579006635 -5.89009796e-05
vn 0.964968026 -0.262014657 0.0136037059
vn 0.71628654 -0.697589517 -0.0173888579
vn 0.976889193 0.21077764 -0.0354999006
vn 0.992578924 0.111617729 -0.0482566468
vn 0.993825674 0.109967671 -0.0147460029
vn 0.998767972 0.0476303361 -0.0139256073
vn 0.998318791 0.0548810177 -0.0186416581
vn 0.999120235 0.0396770537 -0.0135824466
vn 0.0146700405 0.998264611 0.0570316911
vn 0.012363472 0.997822225 0.064792417
vn 0.0106972568 0.998284161 0.0575723238
vn 0.0873593464 0.995259464 0.0427428894
vn 0.073240757 0.996807575 0.0317876823
vn 0.140733868 0.989242077 0.0399242938
vn 0.0291400459 0.0995046198 0.99461031
vn 0.0374682955 0.0223188829 0.999048531
vn 0.0189592373 0.0276539996 0.99943769
vn 0.0374682955 0.0223188829 0.999048531
vn 0.012771287 0.0164416078 0.999783278
vn 0.0129235806 0.0212645922 0.999690413
vn -0.99381429 0.0791239291 -0.0779272094
vn -0.993606448 0.0789636225 -0.0806911737
vn -0.994999051 0.071100302 -0.0701544806
vn -0.997002423 0.0590197816 -0.0500280932
vn -0.995855868 0.0677412897 -0.0606794022
vn -0.996538281 0.0594741702 -0.0580881536
vn 0.336081058 0.923143089 0.186698496
vn 0.150408 0.981112182 0.121639818
vn 0.271588445 0.953392386 0.131464317
vn 0.126056358 0.99194026 -0.0128186541
vn 0.11565087 0.993225873 0.0112856627
vn 0.184222832 0.982112288 -0.0389525518
vn 0.00376962568 0.0290409923 -0.999571085
vn 0.00739810057 0.115470849 -0.993283272
vn 0.00620306283 -0.00587328011 -0.999963522
vn 0.0284224954 0.239036188 -0.970594585
vn 0.00739810057 0.115470849 -0.993283272
vn 0.0181493312 0.11681246 -0.99298805
vn 0.565771818 -0.824558437 -0.00237437733
vn 0.759723485 -0.647090256 0.0639879107
vn 0.702365696 -0.701942146 0.118151568
vn 0.964968026 -0.262014657 0.0136037059
vn 0.565771818 -0.824558437 -0.00237437733
vn 0.71628654 -0.697589517 -0.0173888579
vn 0.150408 0.981112182 0.121639818
vn 0.0858403668 0.992631257 0.0855251774
vn 0.0551909469 0.997170448 0.0510415398
vn 0.685672224 0.716016948 0.131047219
vn 0.443111598 0.892614663 0.0830134153
vn 0.409801811 0.902239978 0.134258762
vn 0.0126292473 0.955883443 0.293474406
vn -0.0500058867 0.889829516 0.453544706
vn -0.000352903153 0.92169112 0.387924373
vn 0.0708982721 0.384305507 0.920479596
vn 0.0336740129 0.604643643 0.795783877
vn 0.0023525937 0.208139956 0.978096306
vn -0.0249917805 -0.0901855379 0.99561131
vn -0.0995166898 -0.19057174 0.976616025
vn -0.0438168421 -0.0854349881 0.995379806
vn 0.0117867151 0.143258408 0.989615083
vn -0.000858371961 -0.00689776614 0.999975801
vn -4.20081451e-05 -0.0123974206 0.999923229
vn -0.972419918 -0.23279056 -0.0144236088
vn -0.567364156 -0.821786404 -0.0525852107
vn -0.863563418 -0.503033042 -0.0348712765
vn -0.838798583 -0.520479381 -0.159744233
vn -0.341424197 -0.557705998 -0.756566942
vn -0.692039669 -0.71721822 -0.0817252174
vn -0.390846133 0.0290845037 -0.919996381
vn -0.0764422119 0.0505259894 -0.995792985
vn -0.0243536569 0.00364793441 -0.999696672
vn -0.225273505 0.108096302 -0.968280494
vn -0.0764422119 0.0505259894 -0.995792985
vn -0.276055634 0.0438799486 -0.960139513
vn 0.443111598 0.892614663 0.0830134153
vn 0.101892136 0.993474722 0.0512448438
vn 0.279662728 0.956617296 0.0816831961
vn 0.0257195607 0.999423623 0.0221573543
vn 0.369429618 0.928253651 -0.0432059653
vn 0.0200215373 0.999699652 0.0141336424
vn -0.169423953 0.0977515504 0.980683565
vn -0.375114739 0.155182704 0.913896799
vn -0.328249246 0.0736387298 0.941716433
vn -0.00864604581 -0.0450511873 0.998947263
vn -0.086177431 0.041290991 0.995423794
vn -0.0720809251 -0.141366303 0.987329662
vn 0.0917538926 -0.112131402 0.989448249
vn 0.113012508 -0.28840664 0.95081538
vn 0.150027573 -0.286237627 0.946340203
vn 0.0566768274 -0.04604467 0.997330248
vn 0.0308386814 -0.0238318685 0.99924022
vn 0.0301863197 -0.00772962626 0.999514461
vn -0.102887608 0.40346545 -0.909191847
vn -0.0158911627 0.267428756 -0.963446558
vn -0.0505145192 0.263534248 -0.963326454
vn 0.041939225 0.396620661 -0.917024076
vn -0.00725364964 0.500660717 -0.865613222
vn -0.011045333 0.318069816 -0.948002934
vn 0.999464214 0.0299601536 -0.0131792342
vn 0.999539673 0.0278471354 -0.0120398467
vn 0.999631047 0.0257176384 -0.00873569772
vn 0.999316871 0.0320663117 -0.0183749776
vn 0.999464214 0.0299601536 -0.0131792342
vn 0.999412715 0.0264715832 -0.0217578039
vn 0.279662728 0.956617296 0.0816831961
vn 0.134297058 0.990446866 0.0312933251
vn 0.28450349 0.955277085 0.0806440338
vn 0.708421707 0.704865694 0.036098659
vn 0.782536507 0.618928194 0.0675604343
vn 0.478478849 0.867826462 0.1339228
vn -0.080225639 0.504585087 0.859626591
vn -0.00264116074 0.461782575 0.886989295
vn -0.0271149911 0.882219136 0.470057696
vn -0.0132017313 0.235822618 0.97170645
vn -0.0904418528 0.110245436 0.989780843
vn -0.169423953 0.0977515504 0.980683565
vn 0.0138167059 0.0101306913 0.999853194
vn -0.00265612965 0.0140532125 0.999897659
vn 0.000455576141 0.0123889828 0.99992317
vn 0.0138167059 0.0101306913 0.999853194
vn 0.0302834567 -0.00285724434 0.99953717
vn 0.0372937657 -0.010015808 0.999254227
vn -0.0385668389 0.947627127 -0.317041695
vn -0.347528428 0.908251524 -0.233030424
vn -0.0223948136 0.99830091 -0.0537933782
vn -0.0269747339 0.997998893 -0.0571893379
vn -0.0385668389 0.947627127 -0.317041695
vn -0.0223948136 0.99830091 -0.0537933782
vn 0.351031572 0.0744671598 -0.933397949
vn 0.696905375 0.183726206 -0.693229795
vn 0.204749525 0.0635102242 -0.976751864
vn 0.580457807 0.0789403245 -0.810454905
vn 0.568110883 0.10710296 -0.815952837
vn 0.426531196 0.0455990322 -0.903322637
vn -0.997002423 0.0590197816 -0.0500280932
vn -0.996538281 0.0594741702 -0.0580881536
vn -0.998045623 0.0455532186 -0.0427758545
vn -0.999361873 0.0262062717 -0.0242689103
vn -0.998364568 0.0429348275 -0.0377484411
vn -0.998045623 0.0455532186 -0.0427758545
vn 0.00823723152 0.998969316 0.0446366742
vn 0.012363472 0.997822225 0.064792417
vn 0.0146700405 0.998264611 0.0570316911
vn 0.012363472 0.997822225 0.064792417
vn 0.00823723152 0.998969316 0.0446366742
vn 0.00768802082 0.997563541 0.0693392903
vn 0.878919423 0.47696659 -0.00187139236
vn 0.779638171 0.624829948 -0.0418568328
vn 0.576507449 0.816953361 0.0150437281
vn 0.989587247 0.140235215 -0.0324246064
vn 0.990370989 0.138371274 0.0043259738
vn 0.999471784 0.0300131571 -0.0124639403
vn -0.655999482 0.616815865 -0.434974581
vn -0.641114116 0.724538505 -0.25301519
vn -0.347528428 0.908251524 -0.233030424
vn -0.581968963 0.301388562 -0.75529927
vn -0.496866822 0.457415074 -0.737492263
vn -0.364189297 0.287830114 -0.885731339
vn 0.0275669191 0.00422921591 0.99961108
vn 0.0278915837 0.0199620016 0.999411583
vn 0.0118557774 0.00761369755 0.999900699
vn 0.0362688601 -0.000547967851 0.999341846
vn 0.0118557774 0.00761369755 0.999900699
vn 0.0411870033 0.00746430922 0.999123514
vn -0.0363158286 -0.999312341 0.00748388562
vn -0.0294532049 -0.997833133 -0.0588350184
vn -0.0246408228 -0.992788196 -0.117322057
vn -0.0280359611 -0.999525011 -0.0127960173
vn -0.0129636284 -0.999861181 -0.010464306
vn -0.0120571693 -0.999858558 -0.0117313499
vn -0.00714723486 0.999789476 0.0192335118
vn -0.0193147361 0.999548912 0.022999391
vn -0.0167569239 0.999503195 0.02669378
vn -0.00513577275 0.999952137 0.00833288766
vn -0.0257023349 0.999666035 0.00268364814
vn -0.0233505815 0.999692976 0.00828755088
vn 0.980330586 0.196912423 0.013318208
vn 0.976889193 0.21077764 -0.0354999006
vn 0.993671656 0.112282045 0.00305239577
vn 0.980442345 0.196806103 -0.000378687837
vn 0.998396754 0.0564803146 0.00371509441
vn 0.998970926 0.044071883 -0.010713838
vn -0.364189297 0.287830114 -0.885731339
vn -0.254011929 0.769875824 -0.585464776
vn -0.23506321 0.39434886 -0.888388634
vn -0.364189297 0.287830114 -0.885731339
vn -0.496866822 0.457415074 -0.737492263
vn -0.254011929 0.769875824 -0.585464776
vn 0.119369537 0.958759725 0.257935286
vn 0.0429283679 0.997229159 0.0607541688
vn 0.0177036282 0.995269179 0.0955293253
vn 0.108176515 0.729105353 0.675798178
vn 0.169447526 0.728583217 0.663667023
vn 0.132647723 0.795420349 0.591363668
vn -0.0273237601 -0.999486089 -0.0167650357
vn -0.0120571693 -0.999858558 -0.0117313499
vn -0.0161660463 -0.999752164 -0.0153012527
vn -0.000900755927 -0.0264321901 0.99965018
vn -0.00825577043 -0.143174306 0.989663064
vn 0.0104316082 -0.19897075 0.979949951
vn 0.943833292 -0.0260132458 -0.329396635
vn 0.991702557 0.0151603911 -0.127656698
vn 0.962612331 -0.0209276956 -0.270073175
vn 0.999952614 0.00968419947 0.00109012157
vn 0.999977589 0.00649274373 -0.00162363355
vn 0.998804033 -0.00871041603 0.0481100753
vn 0.3364833 -0.324945271 0.883849263
vn 0.289644063 -0.39014855 0.874008238
vn 0.441324532 -0.415404379 0.795406759
vn 0.668983936 -0.188655213 0.718936563
vn 0.64707011 -0.258237034 0.717365861
vn 0.810051501 -0.187788129 0.555474699
vn -0.0197056625 0.999607921 0.0198889114
vn -0.0198514592 0.999586046 0.020822065
vn -0.0256422013 0.999009848 0.0363566987
vn -0.0280742757 0.998507857 0.0468389317
vn -0.695455194 0.71842891 -0.0142116379
vn -0.0324067995 0.996769309 0.0734901875
vn 0.924541354 0.376590163 -0.058336854
vn 0.980442345 0.196806103 -0.000378687837
vn 0.998970926 0.044071883 -0.010713838
vn 0.705791712 0.708057165 -0.0226538517
vn 0.725030184 0.68475759 -0.0737439319
vn 0.509842873 0.85875684 -0.0509603992
vn 0.615723729 -0.114145003 0.779650748
vn 0.910910964 -0.16425471 0.37849924
vn 0.67074275 -0.0446536243 0.740344763
vn 0.970416307 -0.0502053536 0.236160323
vn 0.67074275 -0.0446536243 0.740344763
vn 0.980674267 -0.0784984529 0.179209381
vn -0.79480809 -0.259347945 0.548651814
vn -0.986191273 -0.0707581267 0.149732992
vn -0.818877339 -0.307271332 0.484793097
vn -0.829583704 -0.0995258316 0.54944104
vn -0.940254927 -0.0923626572 0.327704042
vn -0.849941432 -0.0150962211 0.52666086
vn 0.0760179758 0.642490804 0.762513518
vn 0.0957076624 0.699442208 0.708251834
vn 0.0575015135 0.916962862 0.394806921
vn 0.108176515 0.729105353 0.675798178
vn 0.132647723 0.795420349 0.591363668
vn 0.113908686 0.861734509 0.494407266
vn -0.0256423019 0.99890554 0.039116472
vn -0.695455194 0.71842891 -0.0142116379
vn -0.0256422013 0.999009848 0.0363566987
vn -0.00305138179 0.999565542 0.0293186661
vn -0.429904222 0.901962936 -0.0405616276
vn -0.669430554 0.741666079 -0.0423590317
vn 0.000125411229 0.0236411076 0.999720514
vn 0.00488329073 0.0187259149 0.999812663
vn -0.00364803174 0.020139439 0.99979049
vn -0.00265612965 0.0140532125 0.999897659
vn -0.00102606916 0.0052354699 0.999985695
vn -0.000292462151 0.00658624433 0.999978304
vn -0.940254927 -0.0923626572 0.327704042
vn -0.966549098 -0.0505549125 0.251449704
vn -0.849941432 -0.0150962211 0.52666086
vn -0.849941432 -0.0150962211 0.52666086
vn -0.963607192 -0.00288763479 0.267306715
vn -0.93076241 0.0314351469 0.364270538
vn 0.158923313 0.823789835 -0.544163287
vn 0.0769077912 0.496600389 -0.864565372
vn 0.0854666531 0.962361813 -0.257982761
vn 0.719103754 0.687729478 -0.099588573
vn 0.733693123 0.666925967 -0.130015597
vn 0.406627119 0.912213326 -0.0502117835
vn 0.343124658 0.938296437 0.0431899354
vn 0.156437486 0.985308647 0.06851542
vn 0.205983281 0.97843653 0.015253746
vn 0.649531066 0.757682621 -0.0634539723
vn 0.558085144 0.828141153 0.0521845296
vn 0.477525741 0.878542721 0.0114859128
vn -0.00264116074 0.461782575 0.886989295
vn -0.080225639 0.504585087 0.859626591
vn -0.0132017313 0.235822618 0.97170645
vn 0.0117867151 0.143258408 0.989615083
vn -0.00373313692 0.0209366754 0.9997738
vn -0.000858371961 -0.00689776614 0.999975801
vn -0.0256423019 0.99890554 0.039116472
vn -0.657337189 0.753390431 -0.0176294725
vn -0.695455194 0.71842891 -0.0142116379
vn -0.695455194 0.71842891 -0.0142116379
vn -0.990987122 0.107728735 -0.0796173885
vn -0.994625926 0.0710145161 -0.0753403828
vn 0.000650349888 0.624663055 -0.78089416
vn 0.0237396825 0.876175165 -0.481407791
vn 0.0376550332 0.813692927 -0.580073953
vn 0.0237396825 0.876175165 -0.481407791
vn -0.0257919133 0.916030765 -0.400277764
vn 0.0401938483 0.959124207 -0.280116439
vn -0.93076241 0.0314351469 0.364270538
vn -0.963607192 -0.00288763479 0.267306715
vn -0.978742898 0.0120771788 0.204734787
vn -0.89972198 0.0234751441 0.435831875
vn -0.948780179 0.0977955163 0.300420284
vn -0.991186082 0.0303778294 0.128947273
vn 0.674626231 -0.515243828 -0.52858609
vn 0.152291283 -0.89860642 -0.411477596
vn 0.0339666642 -0.845283031 -0.533238053
vn 0.991702557 0.0151603911 -0.127656698
vn 0.789386094 -0.557550669 -0.256917953
vn 0.962612331 -0.0209276956 -0.270073175
vn 0.864107549 0.496682227 -0.0813929662
vn 0.776596665 0.62417537 -0.0854553357
vn 0.886541545 0.456615537 -0.0744740367
vn 0.969987631 0.241803035 -0.025597401
vn 0.990370989 0.138371274 0.0043259738
vn 0.989587247 0.140235215 -0.0324246064
vn -0.0178191029 0.196094245 -0.980423152
vn 0.0159416553 0.622425377 -0.782516778
vn 0.0769077912 0.496600389 -0.864565372
vn -0.0178191029 0.196094245 -0.980423152
vn 0.0769077912 0.496600389 -0.864565372
vn 0.00864096079 -0.00757609773 -0.999933898
vn -0.194969386 0.482883364 0.853704035
vn -0.179593831 0.845232069 0.503317714
vn -0.283132017 0.679659367 0.676682591
vn -0.080225639 0.504585087 0.859626591
vn -0.122309983 0.31690678 0.940537333
vn -0.0132017313 0.235822618 0.97170645
vn 0.0380055495 0.181521669 -0.982652247
vn 0.0275043864 0.227250561 -0.973447859
vn 0.0181493312 0.11681246 -0.99298805
vn 0.0383525863 0.632484913 -0.773622692
vn 0.0280488171 0.511370957 -0.858902156
vn 0.0380055495 0.181521669 -0.982652247
vn -0.0278115328 0.0349396393 0.999002337
vn -0.0592461415 0.0234961957 0.997966826
vn -0.0175935496 -0.058017794 0.998160541
vn -0.0943882763 0.146089718 0.984758198
vn -0.128986746 0.113671362 0.985109806
vn -0.0561502576 0.117982887 0.991426945
vn -0.0173459966 -0.999750018 0.0141070327
vn 0.00786130596 -0.999954402 0.00542143453
vn -0.00686016213 -0.999974668 0.00189259555
vn -0.00561193191 -0.999976635 -0.00388036808
vn 0.00944016967 -0.99995327 -0.00210739556
vn 0.0161127485 -0.999869943 -0.000560361776
vn 0.708421707 0.704865694 0.036098659
vn 0.776596665 0.62417537 -0.0854553357
vn 0.821570277 0.570003986 0.0108488211
vn 0.864107549 0.496682227 -0.0813929662
vn 0.821570277 0.570003986 0.0108488211
vn 0.776596665 0.62417537 -0.0854553357
vn -0.986872554 0.117729351 -0.110553965
vn -0.986886203 0.114844531 -0.113430366
vn -0.990803242 0.0941366628 -0.0971961915
vn -0.99381429 0.0791239291 -0.0779272094
vn -0.991979599 0.0877441019 -0.0909805149
vn -0.993606448 0.0789636225 -0.0806911737
vn -0.0257919133 0.916030765 -0.400277764
vn -0.050915435 0.94121325 -0.333954036
vn -0.00863526482 0.995503604 -0.0943281278
vn -0.0190150142 0.986922503 -0.160070136
vn -0.0264579896 0.999601841 -0.00979892071
vn -0.00681092544 0.999847054 -0.0161065441
vn 0.568110883 0.10710296 -0.815952837
vn 0.705263913 0.160765275 -0.690476179
vn 0.894285023 0.0965871289 -0.43694979
vn 0.693359077 0.248966455 -0.676216602
vn 0.791365743 0.334363133 -0.511802197
vn 0.825148523 0.273786068 -0.494136631
vn 0.424843132 0.898912132 -0.107075699
vn 0.481586069 0.873452604 -0.0718000457
vn 0.210186124 0.975180507 -0.0696034506
vn 0.0547928028 0.998494446 0.00256305095
vn 0.0429283679 0.997229159 0.0607541688
vn 0.0639156923 0.997689068 0.0230469611
vn -0.298596323 -0.954128981 -0.0218662806
vn -0.0324569121 -0.999163508 -0.0248750243
vn -0.0289210528 -0.999291241 -0.0240936056
vn -0.298596323 -0.954128981 -0.0218662806
vn -0.0277852919 -0.999200702 -0.0287398081
vn -0.340811372 -0.939015627 0.0457950681
vn 0.0161127485 -0.999869943 -0.000560361776
vn 0.702365696 -0.701942146 0.118151568
vn 0.0458087027 -0.998130202 0.0404677652
vn 0.0854477733 -0.972991407 0.214443952
vn 0.126107112 -0.73371321 0.667654037
vn 0.0759856701 -0.969492793 0.23304446
vn -0.131829843 0.119301699 -0.984067082
vn -0.216468751 0.187378392 -0.958139122
vn -0.117264479 0.142949939 -0.982758462
vn -0.65302515 0.101898775 -0.750449777
vn -0.225273505 0.108096302 -0.968280494
vn -0.276055634 0.0438799486 -0.960139513
vn 0.0383525863 0.632484913 -0.773622692
vn -0.0144649874 0.92572701 -0.377915621
vn 0.0407481901 0.829884827 -0.556444764
vn 0.010793224 0.958493233 -0.284910917
vn -0.0190150142 0.986922503 -0.160070136
vn -0.00234547537 0.992783427 -0.11989817
vn 0.127519384 0.78603375 0.604888141
vn 0.10127677 0.533896089 0.839462817
vn 0.113734782 0.796292365 0.594123662
vn 0.0369388498 0.487145483 0.872539222
vn -0.00572932558 0.770192385 0.637785912
vn 0.0311145931 0.787265837 0.615828276
vn -0.999934137 -0.0101270182 0.00540631916
vn -0.999580145 0.0154704629 -0.0244977772
vn -0.999949753 -0.00812786538 -0.00587465893
vn -0.995093167 0.039941255 0.0905222893
vn -0.998952329 0.0196287129 -0.0413397066
vn -0.999934137 -0.0101270182 0.00540631916
vn 0.459737718 0.886099577 -0.0588970333
vn 0.0639156923 0.997689068 0.0230469611
vn 0.420535028 0.887785554 0.187048316
vn 0.719384968 0.630680025 0.291080654
vn 0.829630435 0.524375916 0.191685215
vn 0.7714867 0.622773111 0.130237743
vn -0.0707198232 0.868627489 -0.490392745
vn -0.0958305374 0.887417793 -0.450894952
vn -0.0512290671 0.979431748 -0.19516404
vn 0.031882111 0.759895444 -0.649263024
vn 0.0133828511 0.75746578 -0.652737737
vn -0.0142794698 0.948334157 -0.316951901
vn 0.690689206 -0.241416529 0.681664526
vn 0.756056786 -0.318228215 0.571934402
vn 0.81080085 -0.36835897 0.454877555
vn 0.952447474 -0.129322961 0.275897473
vn 0.67074275 -0.0446536243 0.740344763
vn 0.910910964 -0.16425471 0.37849924
vn 0.0270049423 -0.848887742 -0.527882934
vn 0.0396206602 -0.928270996 -0.369788229
vn 0.0281671733 -0.954748511 -0.296077698
vn 0.0298692845 -0.999331176 -0.0210946389
vn 0.0525434799 -0.988074481 -0.144734293
vn 0.274688512 -0.957604945 -0.0868274271
vn -0.086177431 0.041290991 0.995423794
vn -0.328249246 0.0736387298 0.941716433
vn -0.0720809251 -0.141366303 0.987329662
vn -0.988622963 -0.0422396958 0.144362211
vn -0.995093167 0.039941255 0.0905222893
vn -0.999934137 -0.0101270182 0.00540631916
vn 0.010734004 -0.044996094 0.998929501
vn -0.00657489011 -0.728004634 0.685540497
vn 0.0281466078 -0.280366331 0.959480286
vn 0.010734004 -0.044996094 0.998929501
vn -0.0278115328 0.0349396393 0.999002337
vn -0.0175935496 -0.058017794 0.998160541
vn 0.947556973 -0.106949687 0.301160634
vn 0.861455381 -0.173194036 0.47738716
vn 0.910927415 -0.104195528 0.399192482
vn 0.910910964 -0.16425471 0.37849924
vn 0.902291596 -0.233093888 0.362680435
vn 0.952447474 -0.129322961 0.275897473
vn 0.766238391 0.567531705 0.301308215
vn 0.829630435 0.524375916 0.191685215
vn 0.719384968 0.630680025 0.291080654
vn 0.952786922 0.262488186 0.152633175
vn 0.952943563 0.151502252 0.262574703
vn 0.981699347 0.0978194848 0.163394615
vn -0.999312878 0.0234400202 -0.0287113599
vn -0.99946624 0.00327259395 -0.0325026512
vn -0.999873698 -0.0154630542 -0.0036513051
vn -0.999064624 -0.0430394262 -0.00418126816
vn -0.99946624 0.00327259395 -0.0325026512
vn -0.998612404 -0.0514728352 -0.0111259967
vn -0.282177478 0.94532156 -0.16353327
vn -0.665887117 0.73481828 -0.12898235
vn -0.0583841875 0.997555614 -0.0383946411
vn -0.972678721 0.170692161 -0.157353684
vn -0.968521476 0.171632767 -0.180300847
vn -0.982966244 0.130743936 -0.129163831
vn 0.00653188676 0.0667975768 0.997745156
vn -0.00272583379 0.0645956397 0.997907817
vn -0.00753644668 0.0341146849 0.999389529
vn -0.00753644668 0.0341146849 0.999389529
vn -0.00265612965 0.0140532125 0.999897659
vn -0.00538456673 0.0436310321 0.999033213
vn 0.0201808922 -0.0143514853 -0.999693394
vn 0.0189470537 -0.0123672104 -0.999743998
vn 0.0232910831 -0.0113433553 -0.999664366
vn 0.0129510686 -0.000705407001 -0.999915898
vn 0.0171244852 -0.000995831913 -0.999852896
vn 0.0224027429 -0.0544646122 -0.998264372
vn 0.0034362697 -0.00634545833 0.999973893
vn 0.0106876465 0.00648232969 0.999921858
vn -0.000900755927 -0.0264321901 0.99965018
vn 0.0566768274 -0.04604467 0.997330248
vn 0.0301863197 -0.00772962626 0.999514461
vn 0.0314293317 -0.13482891 0.990370274
vn 0.609774649 0.0418445505 0.791469514
vn 0.261765629 -0.00326963863 0.965125918
vn 0.386339158 -0.00354399392 0.922349989
vn 0.952943563 0.151502252 0.262574703
vn 0.764551103 0.18963334 0.616036296
vn 0.981699347 0.0978194848 0.163394615
vn -4.20081451e-05 -0.0123974206 0.999923229
vn -0.0206363201 -0.0636645555 0.997758031
vn -0.0204643179 -0.0667354539 0.997560859
vn -0.0100655863 0.00531770894 0.99993521
vn -0.0496456288 0.00620903075 0.998747647
vn -0.0137108378 0.0124432612 0.999828637
vn -0.99312216 0.0755622461 -0.0894364342
vn -0.98991698 0.0734382123 -0.12112467
vn -0.993356526 0.0557633005 -0.100664198
vn -0.993440211 0.0564291216 -0.0994601026
vn -0.993356526 0.0557633005 -0.100664198
vn -0.969754875 0.0450059585 -0.23989591
vn 0.106687211 -0.189490378 -0.976069272
vn 0.185797974 -0.386003584 -0.903593004
vn 0.087561056 -0.411469132 -0.907207906
vn 0.0224027429 -0.0544646122 -0.998264372
vn 0.106687211 -0.189490378 -0.976069272
vn 0.0572659709 -0.291912377 -0.954729199
vn -0.582911313 -0.258016557 -0.770481527
vn -0.303823143 0.0141816325 -0.95262295
vn -0.341424197 -0.557705998 -0.756566942
vn -0.908096135 0.0399976596 -0.416847289
vn -0.731569469 0.0359846652 -0.680816531
vn -0.850364268 -0.0507582091 -0.523740649
vn 0.981699347 0.0978194848 0.163394615
vn 0.764551103 0.18963334 0.616036296
vn 0.948047876 0.0925535858 0.304366648
vn 0.948047876 0.0925535858 0.304366648
vn 0.949977279 0.0635017753 0.305794954
vn 0.981699347 0.0978194848 0.163394615
vn 0.0308386814 -0.0238318685 0.99924022
vn 0.0624308288 -0.105429314 0.992465079
vn 0.0372937657 -0.010015808 0.999254227
vn 0.67074275 -0.0446536243 0.740344763
vn 0.0669557974 -0.00154147763 0.997754753
vn 0.0842574537 -0.0371968411 0.995749533
vn -0.131532967 0.137211829 -0.98176986
vn -0.0842044801 0.239348665 -0.967275441
vn -0.111811258 0.106169343 -0.98804158
vn -0.0842044801 0.239348665 -0.967275441
vn -0.0185466502 0.202927992 -0.979018033
vn -0.111811258 0.106169343 -0.98804158
vn 0.940708339 0.333672315 0.0610793196
vn 0.897414207 0.416244894 0.146245956
vn 0.96943742 0.20964627 0.12743476
vn 0.857009768 0.514657617 -0.0257238355
vn 0.725030184 0.68475759 -0.0737439319
vn 0.705791712 0.708057165 -0.0226538517
vn -0.0137108378 0.0124432612 0.999828637
vn -0.0496456288 0.00620903075 0.998747647
vn -0.0544599257 0.0338325016 0.997942567
vn -0.00327319792 0.00813090429 0.999961555
vn -0.0432521142 0.0423101746 0.998167813
vn -0.0278115328 0.0349396393 0.999002337
vn -0.0296952315 -0.999532819 -0.00723931054
vn -0.0310006235 -0.996282995 0.0803693607
vn -0.168594211 -0.835663497 0.522725999
vn -0.761000514 -0.182743534 0.622481287
vn -0.445581645 -0.748651981 0.490894258
vn -0.321692497 -0.399158686 0.85859555
vn 0.0159955807 0.76760155 0.64072758
vn 0.0575015135 0.916962862 0.394806921
vn 0.00760386884 0.959679782 0.280992776
vn 0.0126292473 0.955883443 0.293474406
vn -0.000352903153 0.92169112 0.387924373
vn 0.0117421905 0.754008889 0.656759262
vn 0.00366989756 0.660776854 -0.750573516
vn -0.0377758779 0.672499359 -0.739132941
vn -0.0257919133 0.916030765 -0.400277764
vn 0.00366989756 0.660776854 -0.750573516
vn -0.0257919133 0.916030765 -0.400277764
vn 0.0237396825 0.876175165 -0.481407791
vn 0.853929758 -0.255509675 0.453341991
vn 0.653346479 -0.675376892 0.342059016
vn 0.69033885 -0.68347007 0.237278581
vn 0.617176235 -0.368993253 0.69493705
vn 0.57329917 -0.565641344 0.592771411
vn 0.853929758 -0.255509675 0.453341991
vn 0.128982276 -0.0165763758 0.991508424
vn 0.142159298 2.56956664e-05 0.989843786
vn 0.261765629 -0.00326963863 0.965125918
vn 0.260775864 0.403670549 0.876952708
vn 0.456531525 0.399471313 0.794985354
vn 0.541602969 0.625809908 0.561273694
vn -0.984002352 -0.0479947925 -0.171569139
vn -0.895681441 -0.339891434 -0.286755413
vn -0.900307417 -0.398715556 -0.17456387
vn -0.984002352 -0.0479947925 -0.171569139
vn -0.969754875 0.0450059585 -0.23989591
vn -0.941278577 0.0255873967 -0.336659789
vn -0.0669679046 0.793848395 -0.604417205
vn -0.0315353386 0.754201293 -0.655885577
vn -0.0142794698 0.948334157 -0.316951901
vn -0.105448589 0.722507715 -0.683273971
vn -0.0315353386 0.754201293 -0.655885577
vn -0.0669679046 0.793848395 -0.604417205
vn -0.0144024026 -0.999872506 -0.00689834217
vn -0.0273203608 -0.9996261 -0.00109566667
vn -0.0136420401 -0.999898612 -0.00408478221
vn -0.0280359611 -0.999525011 -0.0127960173
vn -0.0273203608 -0.9996261 -0.00109566667
vn -0.0237101577 -0.999685049 -0.00822065119
vn -0.14278546 0.0206134841 0.989538968
vn -0.16888456 0.00479278341 0.985624135
vn -0.263619661 0.00728576165 0.964599252
vn -0.0840308964 -0.0417910777 0.995586395
vn -0.0995166898 -0.19057174 0.976616025
vn -0.155053183 -0.052182585 0.986527026
vn -0.996538281 0.0594741702 -0.0580881536
vn -0.996083081 0.0556344278 -0.0687269196
vn -0.997351885 0.0428540744 -0.0587595738
vn -0.995608449 0.0620483272 -0.0700976551
vn -0.994942963 0.065582782 -0.0760747865
vn -0.996083081 0.0556344278 -0.0687269196
vn 0.00219195057 0.538529813 -0.842603624
vn -0.120650262 0.263639569 -0.95704627
vn -0.0722158179 0.626767218 -0.775852978
vn -0.23506321 0.39434886 -0.888388634
vn -0.120650262 0.263639569 -0.95704627
vn -0.364189297 0.287830114 -0.885731339
vn 0.0512773991 0.578077614 0.814369082
vn 0.0637840554 0.303818345 0.950592518
vn 0.00843839627 0.369733334 0.92909956
vn 0.0134902298 0.164562255 0.986274421
vn 0.0291400459 0.0995046198 0.99461031
vn 0.00676209573 0.0438263565 0.999016285
vn 0.0147148557 -0.99988389 -0.00397278694
vn 0.0527310334 -0.995859027 0.0740555227
vn 0.0112657249 -0.995876431 0.0900172368
vn -0.00897715893 -0.99995923 -0.00096233224
vn -0.00994756445 -0.999907136 -0.00931679644
vn 0.0112657249 -0.995876431 0.0900172368
vn 0.890368819 0.414620489 -0.187971309
vn 0.883507967 0.318230242 -0.343719572
vn 0.869235694 0.39790082 -0.293435454
vn 0.869235694 0.39790082 -0.293435454
vn 0.791528523 0.559176683 -0.24658452
vn 0.890368819 0.414620489 -0.187971309
vn -0.128986746 0.113671362 0.985109806
vn -0.180293515 0.126238808 0.975478351
vn -0.281762809 0.156304866 0.946667075
vn -0.14278546 0.0206134841 0.989538968
vn -0.263619661 0.00728576165 0.964599252
vn -0.243403926 0.030659223 0.969440341
vn -0.0587206408 0.538447201 -0.840610862
vn -0.235041469 0.708100259 -0.665844917
vn -0.0571085773 0.287932903 -0.955946267
vn 0.00219195057 0.538529813 -0.842603624
vn -0.0571085773 0.287932903 -0.955946267
vn -0.120650262 0.263639569 -0.95704627
vn 0.260032505 0.7249102 0.637877941
vn 0.400732368 0.697570205 0.59397763
vn 0.268929511 0.838335276 0.474205643
vn 0.400732368 0.697570205 0.59397763
vn 0.260032505 0.7249102 0.637877941
vn 0.283862978 0.626848221 0.7255916
vn -0.99525106 -0.0971934944 -0.00538202096
vn -0.972419918 -0.23279056 -0.0144236088
vn -0.863563418 -0.503033042 -0.0348712765
vn -0.99946624 0.00327259395 -0.0325026512
vn -0.999727011 -0.015460466 -0.0175215229
vn -0.998612404 -0.0514728352 -0.0111259967
vn -0.0204944685 -0.642613173 0.765916586
vn -0.00490926346 -0.166387752 0.986048222
vn -0.00652459171 -0.536699593 0.843748152
vn -0.00586595573 -0.948937118 0.315410763
vn -0.0204944685 -0.642613173 0.765916586
vn -0.00652459171 -0.536699593 0.843748152
vn 0.44621399 -0.176567048 0.877335191
vn 0.3364833 -0.324945271 0.883849263
vn 0.64707011 -0.258237034 0.717365861
vn 0.44621399 -0.176567048 0.877335191
vn 0.156319782 -0.153407171 0.975720406
vn 0.3364833 -0.324945271 0.883849263
vn -0.0428012684 0.0216663033 -0.998848677
vn 0.00620306283 -0.00587328011 -0.999963522
vn 0.00266890507 -0.000899891951 -0.999996066
vn 0.0146390693 -0.0107578691 -0.999835014
vn 0.0201808922 -0.0143514853 -0.999693394
vn 0.0195225459 -0.0119948946 -0.999737501
vn -0.033710897 0.124404907 0.991658688
vn -0.0507362112 0.603578508 0.795687675
vn -0.037383154 0.184379011 0.982143998
vn -0.0311738923 0.0594976917 0.99774158
vn -0.00843453594 0.0572703965 0.998323023
vn -0.00656878948 0.0383948348 0.999241114
vn 0.991702557 0.0151603911 -0.127656698
vn 0.999811053 0.0176510643 -0.00814318936
vn 0.999893486 0.0107446201 -0.00988684408
vn 0.999348521 0.0264753066 -0.0245281681
vn 0.999811053 0.0176510643 -0.00814318936
vn 0.991702557 0.0151603911 -0.127656698
vn -0.689011931 0.196978182 -0.697468281
vn -0.225273505 0.108096302 -0.968280494
vn -0.65302515 0.101898775 -0.750449777
vn -0.982966244 0.130743936 -0.129163831
vn -0.968521476 0.171632767 -0.180300847
vn -0.979709804 0.136562437 -0.146695137
vn 0.134297058 0.990446866 0.0312933251
vn 0.0551909469 0.997170448 0.0510415398
vn 0.0858403668 0.992631257 0.0855251774
vn 0.369429618 0.928253651 -0.0432059653
vn 0.0257195607 0.999423623 0.0221573543
vn 0.101892136 0.993474722 0.0512448438
vn -0.0500058867 0.889829516 0.453544706
vn -0.0507362112 0.603578508 0.795687675
vn -0.000352903153 0.92169112 0.387924373
vn -0.0507362112 0.603578508 0.795687675
vn -0.033710897 0.124404907 0.991658688
vn -0.00345723168 0.223861575 0.974614859
vn -0.0125012072 0.987085164 0.15970774
vn 0.00928882789 0.96053797 0.277993798
vn -0.0118137766 0.991237998 0.131558731
vn 0.0268465988 0.970480561 0.239681125
vn -0.0242996644 0.988439918 0.149652854
vn -0.0271149911 0.882219136 0.470057696
vn 0.999631047 0.0257176384 -0.00873569772
vn 0.999775648 0.0206889994 -0.00453356095
vn 0.999811053 0.0176510643 -0.00814318936
vn 0.999811053 0.0176510643 -0.00814318936
vn 0.999977589 0.00649274373 -0.00162363355
vn 0.999952614 0.00968419947 0.00109012157
vn -0.0449356623 -0.0212303568 0.998764217
vn -0.0633910894 -0.0122026997 0.997914135
vn -0.0496456288 0.00620903075 0.998747647
vn -0.0496456288 0.00620903075 0.998747647
vn -0.0100655863 0.00531770894 0.99993521
vn -0.0449356623 -0.0212303568 0.998764217
vn 0.57329917 -0.565641344 0.592771411
vn 0.653346479 -0.675376892 0.342059016
vn 0.853929758 -0.255509675 0.453341991
vn 0.263820529 -0.795295 0.545806348
vn 0.653346479 -0.675376892 0.342059016
vn 0.357822686 -0.807583213 0.468798667
vn 0.204749525 0.0635102242 -0.976751864
vn 0.426531196 0.0455990322 -0.903322637
vn 0.351031572 0.0744671598 -0.933397949
vn 0.0178455226 -0.0095301643 -0.999795318
vn 0.0276149884 0.00413110107 -0.999610066
vn 0.0171244852 -0.000995831913 -0.999852896
vn -0.0221469961 0.999753833 0.00137521257
vn -0.0170827433 0.999796212 0.0107529787
vn -0.020062618 0.999769151 0.00768901221
vn -0.0223948136 0.99830091 -0.0537933782
vn -0.00393371796 0.999991298 -0.00142293808
vn -0.0172754936 0.99985075 -7.13333284e-05
vn 0.00928882789 0.96053797 0.277993798
vn -0.0125012072 0.987085164 0.15970774
vn 0.0268465988 0.970480561 0.239681125
vn 0.0230775625 0.896612465 0.44221434
vn 0.0808372498 0.892369986 0.444005787
vn 0.128967151 0.856939197 0.499021709
vn -0.00725364964 0.500660717 -0.865613222
vn -0.086427778 0.520121872 -0.849707842
vn -0.0545771457 0.387756199 -0.920144796
vn -0.086427778 0.520121872 -0.849707842
vn -0.00725364964 0.500660717 -0.865613222
vn 0.00765643222 0.655831158 -0.754868865
vn -0.0227284487 -0.999570251 -0.0185147505
vn -0.0254631769 -0.999506533 -0.0183976199
vn -0.0161660463 -0.999752164 -0.0153012527
vn -0.0175935496 -0.058017794 0.998160541
vn -0.0592461415 0.0234961957 0.997966826
vn -0.0616821945 -0.0416628346 0.997225821
vn 0.00150173192 0.0230357535 -0.999733448
vn 0.152249098 0.00358864898 -0.988335669
vn 0.0160565432 -0.0231211223 -0.999603808
vn 0.0178455226 -0.0095301643 -0.999795318
vn 0.0150903035 -0.014241809 -0.999784648
vn 0.0276149884 0.00413110107 -0.999610066
vn 0.982486665 -0.00653790263 -0.186217815
vn 0.991293132 -0.00618832372 -0.131528109
vn 0.87042731 -0.0419412255 -0.490507036
vn 0.833484709 -0.0603707731 -0.54923439
vn 0.87042731 -0.0419412255 -0.490507036
vn 0.943833292 -0.0260132458 -0.329396635
vn -0.79480809 -0.259347945 0.548651814
vn -0.367192417 -0.291572183 0.883264005
vn -0.381570995 -0.215717196 0.898815751
vn -0.381570995 -0.215717196 0.898815751
vn -0.779316545 0.00499424897 0.626610518
vn -0.79480809 -0.259347945 0.548651814
vn -0.0583841875 0.997555614 -0.0383946411
vn -0.429904222 0.901962936 -0.0405616276
vn 0.0124230003 0.999824464 0.0140271075
vn -0.0583841875 0.997555614 -0.0383946411
vn -0.665887117 0.73481828 -0.12898235
vn -0.429904222 0.901962936 -0.0405616276
vn 0.720678806 -0.0112351235 0.693178058
vn 0.261284024 0.0390455201 0.964471877
vn 0.67074275 -0.0446536243 0.740344763
vn 0.720678806 -0.0112351235 0.693178058
vn 0.241534039 -0.00810118672 0.970358551
vn 0.264803618 -0.00656413194 0.964280009
vn 0.0289805885 -0.779573321 -0.625640094
vn 0.0286573414 -0.777356505 -0.62840718
vn 0.0204968099 -0.821572006 -0.569736242
vn 0.0286573414 -0.777356505 -0.62840718
vn 0.0270049423 -0.848887742 -0.527882934
vn 0.0204968099 -0.821572006 -0.569736242
vn -0.155065924 0.547750592 0.822145879
vn -0.00275716465 0.496669054 0.867935658
vn 0.00843839627 0.369733334 0.92909956
vn -0.068950057 0.721806943 0.688651264
vn -0.106144041 0.783948421 0.611684799
vn -0.0453676358 0.899168491 0.435244501
vn 0.424843132 0.898912132 -0.107075699
vn 0.150034592 0.987816632 -0.0413246788
vn 0.459737718 0.886099577 -0.0588970333
vn 0.779638171 0.624829948 -0.0418568328
vn 0.629448116 0.771118641 -0.095765546
vn 0.459737718 0.886099577 -0.0588970333
vn -0.88572973 -0.282538474 0.368313491
vn -0.870173037 -0.492007136 -0.026978489
vn -0.713970542 -0.699611425 -0.0281079337
vn -0.88572973 -0.282538474 0.368313491
vn -0.445581645 -0.748651981 0.490894258
vn -0.761000514 -0.182743534 0.622481287
vn -0.0206363201 -0.0636645555 0.997758031
vn -0.0249917805 -0.0901855379 0.99561131
vn -0.0438168421 -0.0854349881 0.995379806
vn -0.00373313692 0.0209366754 0.9997738
vn -0.0227719918 -0.00907906052 0.999699414
vn -0.000858371961 -0.00689776614 0.999975801
vn 0.00786130596 -0.999954402 0.00542143453
vn 0.00944016967 -0.99995327 -0.00210739556
vn -0.00686016213 -0.999974668 0.00189259555
vn 0.0240253378 -0.999703586 -0.0039397059
vn 0.0505437292 -0.998719454 -0.0021536618
vn 0.0208623614 -0.999781311 -0.00144620286
vn -0.00753644668 0.0341146849 0.999389529
vn -0.0250263289 0.0494371094 0.998463631
vn -0.0237158313 0.0379689746 0.998997509
vn -0.00753644668 0.0341146849 0.999389529
vn -0.0107873464 0.0188109633 0.99976474
vn -0.00265612965 0.0140532125 0.999897659
vn 0.174070939 -0.457772702 0.871861994
vn 0.111572862 -0.782034576 0.61316669
vn 0.232199281 -0.691583097 0.683956385
vn 0.0917538926 -0.112131402 0.989448249
vn 0.150027573 -0.286237627 0.946340203
vn 0.105527729 -0.162958324 0.980973244
vn -0.0246408228 -0.992788196 -0.117322057
vn -0.0173459966 -0.999750018 0.0141070327
vn -0.0363158286 -0.999312341 0.00748388562
vn 0.00420100754 -0.977719069 -0.209875524
vn 0.00786130596 -0.999954402 0.00542143453
vn -0.0173459966 -0.999750018 0.0141070327
vn -0.999693751 -0.0244232155 -0.0039844187
vn -0.999041677 -0.0436535999 -0.00319348718
vn -0.993525147 -0.112518914 -0.0157255922
vn -0.995044827 0.0362562686 0.0925807506
vn -0.999195755 0.023006238 0.0328411311
vn -0.99940449 0.00268358039 0.0344022177
vn 0.156437486 0.985308647 0.06851542
vn 0.0873593464 0.995259464 0.0427428894
vn 0.140733868 0.989242077 0.0399242938
vn 0.156437486 0.985308647 0.06851542
vn 0.140733868 0.989242077 0.0399242938
vn 0.205983281 0.97843653 0.015253746
vn 0.0160990525 0.192468926 0.981171012
vn -0.00272583379 0.0645956397 0.997907817
vn 0.00653188676 0.0667975768 0.997745156
vn -0.0256653186 0.329578489 0.943779349
vn 0.0023525937 0.208139956 0.978096306
vn 0.0160990525 0.192468926 0.981171012
vn 0.627382815 0.363513738 -0.688657045
vn 0.348764598 0.429475784 -0.833014965
vn 0.452815861 0.673863888 -0.583836675
vn 0.450255632 0.184416905 -0.87364769
vn 0.348764598 0.429475784 -0.833014965
vn 0.627382815 0.363513738 -0.688657045
vn -0.0324569121 -0.999163508 -0.0248750243
vn -0.0322662145 -0.999237716 -0.0219751131
vn -0.0294904169 -0.999319017 -0.0221764594
vn -0.0294532049 -0.997833133 -0.0588350184
vn -0.0273203608 -0.9996261 -0.00109566667
vn -0.0280359611 -0.999525011 -0.0127960173
vn -0.0451105908 0.855683744 -0.515529156
vn -0.0142794698 0.948334157 -0.316951901
vn -0.0512290671 0.979431748 -0.19516404
vn -0.0264579896 0.999601841 -0.00979892071
vn -0.0269747339 0.997998893 -0.0571893379
vn -0.0221469961 0.999753833 0.00137521257
vn 0.999982238 0.00199110946 0.00561490841
vn 0.998364806 -0.0137352403 0.0554904751
vn 0.998804033 -0.00871041603 0.0481100753
vn 0.999565303 -0.00345518836 0.029278731
vn 0.998157501 0.00474642171 0.0604908764
vn 0.994091928 -0.0363453627 0.102275461
vn 0.998396754 0.0564803146 0.00371509441
vn 0.997116446 0.0754195377 -0.00841716118
vn 0.998767972 0.0476303361 -0.0139256073
vn 0.997116446 0.0754195377 -0.00841716118
vn 0.998318791 0.0548810177 -0.0186416581
vn 0.998767972 0.0476303361 -0.0139256073
vn -0.999785006 0.00286079803 0.0205377992
vn -0.999999464 -0.000806219876 -0.000629328773
vn -0.999995947 -0.0024965303 -0.00137825881
vn -0.999785006 0.00286079803 0.0205377992
vn -0.999995947 -0.0024965303 -0.00137825881
vn -0.999693751 -0.0244232155 -0.0039844187
vn 0.01748842 0.999757409 0.0133931693
vn 0.0157164112 0.99971801 0.0177992303
vn 0.0238029379 0.999602139 0.0151302516
vn -0.00681092544 0.999847054 -0.0161065441
vn -0.00513577275 0.999952137 0.00833288766
vn 0.01748842 0.999757409 0.0133931693
vn 0.707861364 0.0396039151 -0.70524019
vn 0.999316871 0.0320663117 -0.0183749776
vn 0.999207079 0.0195093825 -0.0347094238
vn 0.707861364 0.0396039151 -0.70524019
vn 0.708322227 0.0116178393 -0.705793619
vn 0.0276149884 0.00413110107 -0.999610066
vn -0.0152432797 -0.962115049 -0.272217453
vn -0.0358768217 -0.998733997 -0.0352580547
vn -0.0363896675 -0.998965621 -0.0272636805
vn -0.0363896675 -0.998965621 -0.0272636805
vn -0.0358768217 -0.998733997 -0.0352580547
vn -0.0322662145 -0.999237716 -0.0219751131
vn -0.997697115 -0.0558806844 0.0384411961
vn -0.997211754 -0.0620044954 0.0415230058
vn -0.992180049 -0.0637291968 0.107318975
vn -0.999934137 -0.0101270182 0.00540631916
vn -0.999949753 -0.00812786538 -0.00587465893
vn -0.997697115 -0.0558806844 0.0384411961
vn 0.976446211 -0.0620468706 0.20664753
vn 0.947556973 -0.106949687 0.301160634
vn 0.910927415 -0.104195528 0.399192482
vn 0.992827117 -0.0296560694 0.115822695
vn 0.988079906 -0.048369199 0.14614588
vn 0.985738277 -0.0381448977 0.163905591
vn 0.96943742 0.20964627 0.12743476
vn 0.984386325 0.161323488 0.0704149902
vn 0.98939836 0.110283107 0.0944904909
vn 0.993671656 0.112282045 0.00305239577
vn 0.98939836 0.110283107 0.0944904909
vn 0.984386325 0.161323488 0.0704149902
vn -0.347528428 0.908251524 -0.233030424
vn -0.501079798 0.712958872 -0.490518957
vn -0.655999482 0.616815865 -0.434974581
vn -0.0385668389 0.947627127 -0.317041695
vn -0.254011929 0.769875824 -0.585464776
vn -0.347528428 0.908251524 -0.233030424
vn -0.0818969682 -0.995071054 -0.0559147969
vn -0.076121591 -0.995071352 -0.0635485128
vn -0.0257866066 -0.951946497 -0.305176467
vn -0.152675882 -0.962242723 -0.225342259
vn -0.106032431 -0.98784405 -0.11367172
vn -0.134792402 -0.985801101 -0.100136802
vn 0.779638171 0.624829948 -0.0418568328
vn 0.740798354 0.668058574 -0.0701111481
vn 0.629448116 0.771118641 -0.095765546
vn 0.779638171 0.624829948 -0.0418568328
vn 0.878919423 0.47696659 -0.00187139236
vn 0.886541545 0.456615537 -0.0744740367
vn -0.999223828 -0.0106244199 0.0379316323
vn -0.999583364 -0.0190115944 0.0217175577
vn -0.999785006 0.00286079803 0.0205377992
vn -0.997697115 -0.0558806844 0.0384411961
vn -0.999949753 -0.00812786538 -0.00587465893
vn -0.997211754 -0.0620044954 0.0415230058
vn 0.505449772 0.860112906 0.0687492639
vn 0.279662728 0.956617296 0.0816831961
vn 0.28450349 0.955277085 0.0806440338
vn 0.685672224 0.716016948 0.131047219
vn 0.409801811 0.902239978 0.134258762
vn 0.505449772 0.860112906 0.0687492639
vn 0.797591329 -0.102624595 -0.594404101
vn 0.943833292 -0.0260132458 -0.329396635
vn 0.962612331 -0.0209276956 -0.270073175
vn 0.493340999 -0.306681812 -0.813978493
vn 0.797591329 -0.102624595 -0.594404101
vn 0.538916945 -0.453349233 -0.709959805
vn 0.609774649 0.0418445505 0.791469514
vn 0.261156678 0.127111807 0.956890762
vn 0.261765629 -0.00326963863 0.965125918
vn 0.261156678 0.127111807 0.956890762
vn 0.128982276 -0.0165763758 0.991508424
vn 0.261765629 -0.00326963863 0.965125918
vn -0.00345849106 0.999884665 0.0147843016
vn -0.019818984 0.999676466 0.0159450788
vn -0.0193147361 0.999548912 0.022999391
vn -0.0193147361 0.999548912 0.022999391
vn -0.0197056625 0.999607921 0.0198889114
vn -0.0197886974 0.999243796 0.0334708095
vn -0.076121591 -0.995071352 -0.0635485128
vn -0.0818969682 -0.995071054 -0.0559147969
vn -0.134792402 -0.985801101 -0.100136802
vn -0.182997242 -0.980346441 -0.0737086236
vn -0.134792402 -0.985801101 -0.100136802
vn -0.1302315 -0.989440143 -0.0636231676
vn -0.651484966 0.069047682 0.755512953
vn -0.765406609 0.17370519 0.619660556
vn -0.948780179 0.0977955163 0.300420284
vn -0.601289988 0.0707086697 0.795896173
vn -0.849941432 -0.0150962211 0.52666086
vn -0.821888447 0.0711102262 0.565192699
vn 0.0514751598 0.897756755 0.437473476
vn 0.0268465988 0.970480561 0.239681125
vn -0.0271149911 0.882219136 0.470057696
vn -0.00264116074 0.461782575 0.886989295
vn 0.0482174195 0.634139597 0.771713793
vn -0.0271149911 0.882219136 0.470057696
vn -0.0185466502 0.202927992 -0.979018033
vn -0.023987649 0.0945545509 -0.995230615
vn -0.0184971057 0.0487008318 -0.998642147
vn -0.0545771457 0.387756199 -0.920144796
vn -0.011045333 0.318069816 -0.948002934
vn -0.00725364964 0.500660717 -0.865613222
vn 0.0245191753 -0.381230652 -0.924154818
vn 0.0277141724 -0.215833709 -0.976036668
vn 0.023961775 -0.552460551 -0.833194673
vn 0.0277141724 -0.215833709 -0.976036668
vn 0.0572659709 -0.291912377 -0.954729199
vn 0.0448868237 -0.547603488 -0.835533082
vn -0.87007606 0.129756927 -0.475532144
vn -0.65302515 0.101898775 -0.750449777
vn -0.840133548 0.076764442 -0.536919653
vn -0.87007606 0.129756927 -0.475532144
vn -0.689011931 0.196978182 -0.697468281
vn -0.65302515 0.101898775 -0.750449777
vn 0.00760386884 0.959679782 0.280992776
vn 0.0117421905 0.754008889 0.656759262
vn 0.0159955807 0.76760155 0.64072758
vn 0.00900022313 0.466012746 0.884732187
vn -0.0256653186 0.329578489 0.943779349
vn 0.0160990525 0.192468926 0.981171012
vn 0.69033885 -0.68347007 0.237278581
vn 0.263820529 -0.795295 0.545806348
vn 0.0881740153 -0.988707721 0.121171303
vn 0.0673367083 -0.977513492 0.19983305
vn 0.11340747 -0.951142609 0.287169635
vn 0.111572862 -0.782034576 0.61316669
vn -0.0711969957 0.806297779 -0.587209404
vn -0.0706244111 0.394713759 -0.91608578
vn -0.0587206408 0.538447201 -0.840610862
vn 0.0133828511 0.75746578 -0.652737737
vn 0.0679360181 0.485400438 -0.87164855
vn 0.041939225 0.396620661 -0.917024076
vn 0.969987631 0.241803035 -0.025597401
vn 0.932546675 0.358784348 0.0403812192
vn 0.990370989 0.138371274 0.0043259738
vn 0.990370989 0.138371274 0.0043259738
vn 0.950406969 0.294833243 0.0989952758
vn 0.998647809 0.0502087995 0.0134797459
vn 0.00721430406 -0.0360229015 -0.999324977
vn 0.0277141724 -0.215833709 -0.976036668
vn 0.0245191753 -0.381230652 -0.924154818
vn 0.00721430406 -0.0360229015 -0.999324977
vn 0.0047797272 -0.362131983 -0.932114542
vn 0.0013473921 -0.235723346 -0.971819282
vn -0.228361398 0.868888497 0.439185202
vn -0.497260153 0.863333762 0.0859481767
vn -0.716790318 0.687626719 0.115676939
vn -0.337187469 0.625122964 0.70393604
vn -0.82994616 0.411423832 0.376722515
vn -0.491300493 0.403990149 0.771631896
vn -0.168594211 -0.835663497 0.522725999
vn -0.321692497 -0.399158686 0.85859555
vn -0.445581645 -0.748651981 0.490894258
vn -0.216914579 -0.410150349 0.885846853
vn -0.321692497 -0.399158686 0.85859555
vn -0.168594211 -0.835663497 0.522725999
vn -0.0118137766 0.991237998 0.131558731
vn -0.02651597 0.975230396 0.219596311
vn -0.0353324786 0.958303154 0.283560634
vn 0.00760386884 0.959679782 0.280992776
vn -0.00215192698 0.993692815 0.112115502
vn -0.0353324786 0.958303154 0.283560634
vn 0.998377442 0.0493924916 -0.0283378717
vn 0.955899656 0.0636098832 -0.286722302
vn 0.967607975 0.14610374 -0.20588474
vn 0.938466489 0.122649655 -0.32285887
vn 0.955899656 0.0636098832 -0.286722302
vn 0.984982789 0.0957728848 -0.14365387
vn -0.996538281 0.0594741702 -0.0580881536
vn -0.995608449 0.0620483272 -0.0700976551
vn -0.996083081 0.0556344278 -0.0687269196
vn -0.995855868 0.0677412897 -0.0606794022
vn -0.994999051 0.071100302 -0.0701544806
vn -0.996538281 0.0594741702 -0.0580881536
vn -0.0106819374 0.385505468 0.922643721
vn -0.0167397317 0.130781993 0.991269827
vn -0.02704354 0.151350215 0.988110185
vn 0.0364693142 0.32450828 0.945179582
vn 0.0160990525 0.192468926 0.981171012
vn 0.024296226 0.120172225 0.992455661
vn -0.033710897 0.124404907 0.991658688
vn -0.037383154 0.184379011 0.982143998
vn -0.0366468877 0.10779044 0.993497908
vn 0.0245327484 0.190502629 0.981380105
vn 0.0134902298 0.164562255 0.986274421
vn 0.00468787132 0.116497509 0.993179917
vn 0.478478849 0.867826462 0.1339228
vn 0.28450349 0.955277085 0.0806440338
vn 0.150408 0.981112182 0.121639818
vn 0.505449772 0.860112906 0.0687492639
vn 0.28450349 0.955277085 0.0806440338
vn 0.478478849 0.867826462 0.1339228
vn 0.955899656 0.0636098832 -0.286722302
vn 0.998377442 0.0493924916 -0.0283378717
vn 0.984982789 0.0957728848 -0.14365387
vn 0.984982789 0.0957728848 -0.14365387
vn 0.998377442 0.0493924916 -0.0283378717
vn 0.707861364 0.0396039151 -0.70524019
vn -0.0581343174 0.0882098824 -0.994404018
vn -0.0243775975 0.0274233595 -0.999326646
vn -0.0448709056 0.0951513574 -0.994450986
vn -0.120633759 0.0757880956 -0.989799857
vn -0.111811258 0.106169343 -0.98804158
vn -0.0428012684 0.0216663033 -0.998848677
vn 0.00843839627 0.369733334 0.92909956
vn 0.0637840554 0.303818345 0.950592518
vn 0.0134902298 0.164562255 0.986274421
vn -0.0185805615 0.239088669 0.97082001
vn 0.0134902298 0.164562255 0.986274421
vn 0.0245327484 0.190502629 0.981380105
vn -0.0135160564 0.99916476 0.0385628603
vn -0.0197886974 0.999243796 0.0334708095
vn -0.012974523 0.99866873 0.0499244519
vn 0.00768802082 0.997563541 0.0693392903
vn -0.000457898102 0.997422874 0.0717456862
vn 0.0066265706 0.9978953 0.0645061955
vn 0.0150155872 -0.849197507 -0.527861834
vn -0.00460678898 -0.94534719 -0.326032639
vn -0.0152432797 -0.962115049 -0.272217453
vn -0.0257866066 -0.951946497 -0.305176467
vn -0.0152432797 -0.962115049 -0.272217453
vn -0.108565263 -0.992572367 -0.0548962876
vn 0.477525741 0.878542721 0.0114859128
vn 0.558085144 0.828141153 0.0521845296
vn 0.343124658 0.938296437 0.0431899354
vn 0.336081058 0.923143089 0.186698496
vn 0.271588445 0.953392386 0.131464317
vn 0.558085144 0.828141153 0.0521845296
vn 0.0302834567 -0.00285724434 0.99953717
vn 0.0308386814 -0.0238318685 0.99924022
vn 0.0372937657 -0.010015808 0.999254227
vn -0.00265612965 0.0140532125 0.999897659
vn -0.000292462151 0.00658624433 0.999978304
vn 0.000455576141 0.0123889828 0.99992317
vn -0.0750012472 -0.100299448 0.992126465
vn -0.0752020329 -0.685098946 0.724557877
vn -0.00657489011 -0.728004634 0.685540497
vn -0.0750012472 -0.100299448 0.992126465
vn -0.163189873 -0.231615454 0.959022045
vn -0.0752020329 -0.685098946 0.724557877
vn 0.0106972568 0.998284161 0.0575723238
vn 0.012363472 0.997822225 0.064792417
vn 0.0066265706 0.9978953 0.0645061955
vn 0.012363472 0.997822225 0.064792417
vn 0.00768802082 0.997563541 0.0693392903
vn 0.0066265706 0.9978953 0.0645061955
vn -0.0350483879 0.0543015078 -0.997909307
vn -0.0243775975 0.0274233595 -0.999326646
vn -0.0764422119 0.0505259894 -0.995792985
vn -0.131829843 0.119301699 -0.984067082
vn -0.0350483879 0.0543015078 -0.997909307
vn -0.0764422119 0.0505259894 -0.995792985
vn 0.835731983 0.535162985 -0.123095937
vn 0.719103754 0.687729478 -0.099588573
vn 0.924541354 0.376590163 -0.058336854
vn 0.857009768 0.514657617 -0.0257238355
vn 0.924541354 0.376590163 -0.058336854
vn 0.725030184 0.68475759 -0.0737439319
vn 0.0731658638 -0.793046892 -0.604750693
vn 0.674626231 -0.515243828 -0.52858609
vn 0.0339666642 -0.845283031 -0.533238053
vn 0.0286573414 -0.777356505 -0.62840718
vn 0.0731658638 -0.793046892 -0.604750693
vn 0.0270049423 -0.848887742 -0.527882934
vn 0.314540923 0.90319711 0.29205969
vn 0.268929511 0.838335276 0.474205643
vn 0.513742745 0.753327787 0.410567522
vn 0.766238391 0.567531705 0.301308215
vn 0.719384968 0.630680025 0.291080654
vn 0.513742745 0.753327787 0.410567522
vn 0.012771287 0.0164416078 0.999783278
vn 0.0117867151 0.143258408 0.989615083
vn -0.0100655863 0.00531770894 0.99993521
vn 0.00932728592 0.0186276753 0.99978292
vn -0.0100655863 0.00531770894 0.99993521
vn -0.0137108378 0.0124432612 0.999828637
vn -0.88572973 -0.282538474 0.368313491
vn -0.993525147 -0.112518914 -0.0157255922
vn -0.870173037 -0.492007136 -0.026978489
vn -0.999693751 -0.0244232155 -0.0039844187
vn -0.993525147 -0.112518914 -0.0157255922
vn -0.88572973 -0.282538474 0.368313491
vn 0.981699347 0.0978194848 0.163394615
vn 0.949977279 0.0635017753 0.305794954
vn 0.994372904 0.0690078065 0.0803771093
vn 0.998157501 0.00474642171 0.0604908764
vn 0.991218507 -0.0425937437 0.125186309
vn 0.991153777 -0.0507748201 0.122622073
vn -0.341424197 -0.557705998 -0.756566942
vn 0.0013473921 -0.235723346 -0.971819282
vn -0.1893543 -0.743595004 -0.641257703
vn -0.341424197 -0.557705998 -0.756566942
vn -0.1893543 -0.743595004 -0.641257703
vn -0.692039669 -0.71721822 -0.0817252174
vn 0.010734004 -0.044996094 0.998929501
vn 0.0281466078 -0.280366331 0.959480286
vn -0.00490926346 -0.166387752 0.986048222
vn 0.0106876465 0.00648232969 0.999921858
vn 0.010734004 -0.044996094 0.998929501
vn -0.00491834059 0.000727055245 0.999987662
vn 0.0551909469 0.997170448 0.0510415398
vn 0.0238029379 0.999602139 0.0151302516
vn 0.0341950953 0.998987019 0.0292502232
vn 0.0551909469 0.997170448 0.0510415398
vn 0.101892136 0.993474722 0.0512448438
vn 0.0257195607 0.999423623 0.0221573543
vn -0.0246408228 -0.992788196 -0.117322057
vn 0.00420100754 -0.977719069 -0.209875524
vn -0.0173459966 -0.999750018 0.0141070327
vn -0.0128903491 -0.962927282 -0.269453138
vn -0.0246408228 -0.992788196 -0.117322057
vn -0.0294532049 -0.997833133 -0.0588350184
vn 0.988079906 -0.048369199 0.14614588
vn 0.984095156 -0.0606352799 0.166972935
vn 0.985738277 -0.0381448977 0.163905591
vn 0.988370657 -0.0603381284 0.139580622
vn 0.970416307 -0.0502053536 0.236160323
vn 0.980674267 -0.0784984529 0.179209381
vn -0.984917045 0.0979510322 -0.142632559
vn -0.956445396 0.0657932535 -0.284400135
vn -0.98991698 0.0734382123 -0.12112467
vn -0.98991698 0.0734382123 -0.12112467
vn -0.969754875 0.0450059585 -0.23989591
vn -0.993356526 0.0557633005 -0.100664198
vn -0.999976873 -0.00456233509 -0.00504279742
vn -0.999064624 -0.0430394262 -0.00418126816
vn -0.999041677 -0.0436535999 -0.00319348718
vn -0.999873698 -0.0154630542 -0.0036513051
vn -0.99946624 0.00327259395 -0.0325026512
vn -0.999064624 -0.0430394262 -0.00418126816
vn -0.0215943716 0.534344018 -0.844991207
vn 0.0237396825 0.876175165 -0.481407791
vn 0.000650349888 0.624663055 -0.78089416
vn 0.0443660282 0.450039893 -0.891905725
vn 0.00366989756 0.660776854 -0.750573516
vn 0.0237396825 0.876175165 -0.481407791
vn 0.756763697 0.649671495 0.0723579973
vn 0.443111598 0.892614663 0.0830134153
vn 0.685672224 0.716016948 0.131047219
vn 0.756763697 0.649671495 0.0723579973
vn 0.897414207 0.416244894 0.146245956
vn 0.940708339 0.333672315 0.0610793196
vn -0.996168196 0.0874548256 0.000828917953
vn -0.996286809 0.0607077815 -0.0610501692
vn -0.996868849 0.0546715073 -0.0571283102
vn -0.992279768 0.0693277419 0.102832451
vn -0.998037517 0.0374845192 -0.0501609109
vn -0.995093167 0.039941255 0.0905222893
vn -0.587664962 -0.808624208 -0.0278690215
vn -0.0324569121 -0.999163508 -0.0248750243
vn -0.298596323 -0.954128981 -0.0218662806
vn -0.992604792 -0.121145427 -0.00771596981
vn -0.863563418 -0.503033042 -0.0348712765
vn -0.870173037 -0.492007136 -0.026978489
vn -0.281762809 0.156304866 0.946667075
vn -0.318833828 0.144022763 0.936804354
vn -0.428438216 0.107919306 0.89710325
vn -0.180293515 0.126238808 0.975478351
vn -0.318833828 0.144022763 0.936804354
vn -0.281762809 0.156304866 0.946667075
vn 0.324226856 -0.40619877 0.854329824
vn 0.237686232 -0.31976223 0.917200863
vn 0.174070939 -0.457772702 0.871861994
vn 0.105527729 -0.162958324 0.980973244
vn 0.150027573 -0.286237627 0.946340203
vn 0.174070939 -0.457772702 0.871861994
vn 0.320964277 0.878617525 -0.353571832
vn 0.0854666531 0.962361813 -0.257982761
vn 0.376588613 0.920455158 -0.104610987
vn 0.406627119 0.912213326 -0.0502117835
vn 0.0854666531 0.962361813 -0.257982761
vn 0.369429618 0.928253651 -0.0432059653
vn -0.990940332 0.0967473313 -0.0931518748
vn -0.990049839 0.10104835 -0.0979309753
vn -0.991979599 0.0877441019 -0.0909805149
vn -0.990049839 0.10104835 -0.0979309753
vn -0.990803242 0.0941366628 -0.0971961915
vn -0.991749227 0.0954435989 -0.0855809003
vn 0.999412715 0.0264715832 -0.0217578039
vn 0.999464214 0.0299601536 -0.0131792342
vn 0.999631047 0.0257176384 -0.00873569772
vn 0.999412715 0.0264715832 -0.0217578039
vn 0.999631047 0.0257176384 -0.00873569772
vn 0.999811053 0.0176510643 -0.00814318936
vn 0.0284224954 0.239036188 -0.970594585
vn 0.0275043864 0.227250561 -0.973447859
vn 0.00397073291 0.413829863 -0.910345554
vn 0.00397073291 0.413829863 -0.910345554
vn 0.00833750423 0.346378684 -0.938057721
vn 0.0284224954 0.239036188 -0.970594585
vn -0.0286693163 -0.997231483 -0.0686110184
vn -0.0273237601 -0.999486089 -0.0167650357
vn -0.0254631769 -0.999506533 -0.0183976199
vn -0.0254631769 -0.999506533 -0.0183976199
vn -0.0273237601 -0.999486089 -0.0167650357
vn -0.0161660463 -0.999752164 -0.0153012527
vn -0.993606448 0.0789636225 -0.0806911737
vn -0.99312216 0.0755622461 -0.0894364342
vn -0.994942963 0.065582782 -0.0760747865
vn -0.991749227 0.0954435989 -0.0855809003
vn -0.990803242 0.0941366628 -0.0971961915
vn -0.993606448 0.0789636225 -0.0806911737
vn 0.890865982 0.443563521 0.0980265886
vn 0.959031522 0.279357821 -0.0470935069
vn 0.976889193 0.21077764 -0.0354999006
vn 0.976889193 0.21077764 -0.0354999006
vn 0.976205349 0.200509876 -0.0825759023
vn 0.992578924 0.111617729 -0.0482566468
vn 0.105527729 -0.162958324 0.980973244
vn 0.174070939 -0.457772702 0.871861994
vn 0.175435692 -0.244545057 0.953635156
vn 0.105527729 -0.162958324 0.980973244
vn 0.175435692 -0.244545057 0.953635156
vn 0.156319782 -0.153407171 0.975720406
vn -0.0280742757 0.998507857 0.0468389317
vn -0.0324067995 0.996769309 0.0734901875
vn -0.0184191223 0.996978998 0.0754568577
vn -0.0184191223 0.996978998 0.0754568577
vn -0.0324067995 0.996769309 0.0734901875
vn -0.0302217435 0.995311141 0.0918821469
vn 0.576507449 0.816953361 0.0150437281
vn 0.779638171 0.624829948 -0.0418568328
vn 0.459737718 0.886099577 -0.0588970333
vn 0.576507449 0.816953361 0.0150437281
vn 0.459737718 0.886099577 -0.0588970333
vn 0.420535028 0.887785554 0.187048316
vn -0.986872554 0.117729351 -0.110553965
vn -0.979709804 0.136562437 -0.146695137
vn -0.986886203 0.114844531 -0.113430366
vn -0.984917045 0.0979510322 -0.142632559
vn -0.87007606 0.129756927 -0.475532144
vn -0.956445396 0.0657932535 -0.284400135
vn 0.696905375 0.183726206 -0.693229795
vn 0.568110883 0.10710296 -0.815952837
vn 0.835554183 0.169280648 -0.522678852
vn 0.896202803 0.0384369083 -0.441976339
vn 0.568110883 0.10710296 -0.815952837
vn 0.894285023 0.0965871289 -0.43694979
vn 0.897414207 0.416244894 0.146245956
vn 0.890865982 0.443563521 0.0980265886
vn 0.96943742 0.20964627 0.12743476
vn 0.890865982 0.443563521 0.0980265886
vn 0.976889193 0.21077764 -0.0354999006
vn 0.956874669 0.27783522 0.0848443434
vn 0.324226856 -0.40619877 0.854329824
vn 0.377427757 -0.642631352 0.666763127
vn 0.441324532 -0.415404379 0.795406759
vn 0.0881740153 -0.988707721 0.121171303
vn 0.263820529 -0.795295 0.545806348
vn 0.11340747 -0.951142609 0.287169635
vn 0.0278915837 0.0199620016 0.999411583
vn 0.0275669191 0.00422921591 0.99961108
vn 0.0646338463 -0.0142427124 0.997807503
vn 0.261156678 0.127111807 0.956890762
vn 0.0278915837 0.0199620016 0.999411583
vn 0.0646338463 -0.0142427124 0.997807503
vn 0.0369388498 0.487145483 0.872539222
vn 0.0559540503 0.182142198 0.981678843
vn 0.0291400459 0.0995046198 0.99461031
vn 0.0137936929 0.639946461 0.768295825
vn 0.0369388498 0.487145483 0.872539222
vn 0.0311145931 0.787265837 0.615828276
vn 0.0176930521 0.999842882 0.00114745472
vn -0.0583841875 0.997555614 -0.0383946411
vn 0.0124230003 0.999824464 0.0140271075
vn -0.0172754936 0.99985075 -7.13333284e-05
vn -0.00393371796 0.999991298 -0.00142293808
vn -0.00637294725 0.999932468 0.00971570052
vn 0.369429618 0.928253651 -0.0432059653
vn 0.101892136 0.993474722 0.0512448438
vn 0.388113946 0.921587586 0.00663082348
vn 0.705791712 0.708057165 -0.0226538517
vn 0.509842873 0.85875684 -0.0509603992
vn 0.388113946 0.921587586 0.00663082348
vn 0.976446211 -0.0620468706 0.20664753
vn 0.69033885 -0.68347007 0.237278581
vn 0.702365696 -0.701942146 0.118151568
vn 0.0458087027 -0.998130202 0.0404677652
vn 0.702365696 -0.701942146 0.118151568
vn 0.352076083 -0.928601146 0.117227606
vn -0.995044827 0.0362562686 0.0925807506
vn -0.978742898 0.0120771788 0.204734787
vn -0.999195755 0.023006238 0.0328411311
vn -0.948780179 0.0977955163 0.300420284
vn -0.978742898 0.0120771788 0.204734787
vn -0.995044827 0.0362562686 0.0925807506
vn -0.0995166898 -0.19057174 0.976616025
vn -0.419109792 -0.104393281 0.901914001
vn -0.271141797 -0.0490068197 0.961291075
vn -0.0995166898 -0.19057174 0.976616025
vn -0.381570995 -0.215717196 0.898815751
vn -0.367192417 -0.291572183 0.883264005
vn -0.228361398 0.868888497 0.439185202
vn -0.179593831 0.845232069 0.503317714
vn -0.0618980564 0.94726187 0.314425796
vn -0.194969386 0.482883364 0.853704035
vn -0.10946843 0.776514411 0.620517612
vn -0.179593831 0.845232069 0.503317714
vn -0.0229943432 -0.999419987 -0.0251200814
vn -0.0196805168 -0.999634564 -0.0185303893
vn -0.0310006235 -0.996282995 0.0803693607
vn -0.0196805168 -0.999634564 -0.0185303893
vn -0.00657489011 -0.728004634 0.685540497
vn -0.0310006235 -0.996282995 0.0803693607
vn -0.02704354 0.151350215 0.988110185
vn -0.00538456673 0.0436310321 0.999033213
vn 0.0648944601 0.319172055 0.9454723
vn 0.0135325389 0.430168629 0.902647197
vn -0.0106819374 0.385505468 0.922643721
vn -0.02704354 0.151350215 0.988110185
vn 0.0566768274 -0.04604467 0.997330248
vn 0.0314293317 -0.13482891 0.990370274
vn 0.0622855127 -0.0671684891 0.995795548
vn 0.113012508 -0.28840664 0.95081538
vn 0.0742467865 -0.528076053 0.84594512
vn 0.126107112 -0.73371321 0.667654037
vn -0.0618980564 0.94726187 0.314425796
vn -0.179593831 0.845232069 0.503317714
vn -0.10946843 0.776514411 0.620517612
vn -0.0618980564 0.94726187 0.314425796
vn -0.10946843 0.776514411 0.620517612
vn -0.0271149911 0.882219136 0.470057696
vn 0.343124658 0.938296437 0.0431899354
vn 0.205983281 0.97843653 0.015253746
vn 0.3226372 0.945483565 -0.0443400964
vn 0.210186124 0.975180507 -0.0696034506
vn 0.3226372 0.945483565 -0.0443400964
vn 0.122453742 0.990183651 -0.0673887283
vn 0.0369388498 0.487145483 0.872539222
vn 0.0512773991 0.578077614 0.814369082
vn 0.00824190862 0.683317184 0.730075121
vn -0.00275716465 0.496669054 0.867935658
vn -0.0829353705 0.609779894 0.788219631
vn 0.00824190862 0.683317184 0.730075121
vn 0.992578924 0.111617729 -0.0482566468
vn 0.989587247 0.140235215 -0.0324246064
vn 0.998372614 0.052047424 -0.0233026035
vn 0.992578924 0.111617729 -0.0482566468
vn 0.998372614 0.052047424 -0.0233026035
vn 0.993825674 0.109967671 -0.0147460029
vn 0.268929511 0.838335276 0.474205643
vn 0.314540923 0.90319711 0.29205969
vn 0.119369537 0.958759725 0.257935286
vn 0.0776761249 0.951339662 0.298193425
vn 0.113908686 0.861734509 0.494407266
vn 0.131567612 0.846751153 0.515463471
vn 0.0104316082 -0.19897075 0.979949951
vn -0.0204944685 -0.642613173 0.765916586
vn 0.0172089953 -0.612475812 0.790301979
vn 0.113012508 -0.28840664 0.95081538
vn 0.0314293317 -0.13482891 0.990370274
vn 0.0742467865 -0.528076053 0.84594512
vn -0.999580145 0.0154704629 -0.0244977772
vn -0.999361873 0.0262062717 -0.0242689103
vn -0.999949753 -0.00812786538 -0.00587465893
vn -0.998465359 0.03568222 -0.0423540249
vn -0.999361873 0.0262062717 -0.0242689103
vn -0.999210835 0.0243739448 -0.0313629657
vn -0.0286693163 -0.997231483 -0.0686110184
vn -0.0294532049 -0.997833133 -0.0588350184
vn -0.0280359611 -0.999525011 -0.0127960173
vn -0.00460678898 -0.94534719 -0.326032639
vn -0.0294532049 -0.997833133 -0.0588350184
vn -0.0286693163 -0.997231483 -0.0686110184
vn 0.950406969 0.294833243 0.0989952758
vn 0.996615648 0.063823171 0.0518066175
vn 0.998647809 0.0502087995 0.0134797459
vn 0.997050643 0.0681718737 0.035252925
vn 0.994372904 0.0690078065 0.0803771093
vn 0.999255717 0.0385256894 -0.00196854328
vn -0.0788950697 0.013200854 0.996795475
vn -0.100060023 0.00111402525 0.994980752
vn -0.14278546 0.0206134841 0.989538968
vn -0.0574948527 -0.0491192527 0.997136712
vn -0.0995166898 -0.19057174 0.976616025
vn -0.0840308964 -0.0417910777 0.995586395
vn 0.147518039 0.845903635 0.512528539
vn 0.0776761249 0.951339662 0.298193425
vn 0.131567612 0.846751153 0.515463471
vn 0.132647723 0.795420349 0.591363668
vn 0.169447526 0.728583217 0.663667023
vn 0.147518039 0.845903635 0.512528539
vn -0.225273505 0.108096302 -0.968280494
vn -0.131829843 0.119301699 -0.984067082
vn -0.0764422119 0.0505259894 -0.995792985
vn -0.689011931 0.196978182 -0.697468281
vn -0.131829843 0.119301699 -0.984067082
vn -0.225273505 0.108096302 -0.968280494
vn 0.0697119236 0.543367982 0.836595178
vn 0.0957076624 0.699442208 0.708251834
vn 0.0760179758 0.642490804 0.762513518
vn 0.0478957035 0.592247009 0.80433166
vn 0.100216463 0.648115396 0.754919231
vn 0.108176515 0.729105353 0.675798178
vn -0.0204643179 -0.0667354539 0.997560859
vn -0.0438168421 -0.0854349881 0.995379806
vn -0.0574948527 -0.0491192527 0.997136712
vn -0.0206363201 -0.0636645555 0.997758031
vn -0.0438168421 -0.0854349881 0.995379806
vn -0.0204643179 -0.0667354539 0.997560859
vn -0.0653367192 0.46333003 0.883774042
vn -0.0692109466 0.558013558 0.826940596
vn -0.0398707353 0.317830712 0.947308779
vn -0.0500058867 0.889829516 0.453544706
vn -0.0353324786 0.958303154 0.283560634
vn -0.0979121923 0.728545308 0.677963853
vn 0.01748842 0.999757409 0.0133931693
vn -0.00345849106 0.999884665 0.0147843016
vn 0.0157164112 0.99971801 0.0177992303
vn -0.00714723486 0.999789476 0.0192335118
vn -0.00345849106 0.999884665 0.0147843016
vn -0.0193147361 0.999548912 0.022999391
vn -0.89972198 0.0234751441 0.435831875
vn -0.761000514 -0.182743534 0.622481287
vn -0.604579628 -0.101842076 0.790007293
vn -0.761000514 -0.182743534 0.622481287
vn -0.321692497 -0.399158686 0.85859555
vn -0.604579628 -0.101842076 0.790007293
vn 0.952786922 0.262488186 0.152633175
vn 0.840829074 0.404316694 0.359909058
vn 0.952943563 0.151502252 0.262574703
vn 0.744495928 0.401029646 0.533761144
vn 0.840829074 0.404316694 0.359909058
vn 0.541602969 0.625809908 0.561273694
vn -0.601289988 0.0707086697 0.795896173
vn -0.543338895 -0.0281001907 0.839043021
vn -0.849941432 -0.0150962211 0.52666086
vn -0.849941432 -0.0150962211 0.52666086
vn -0.543338895 -0.0281001907 0.839043021
vn -0.829583704 -0.0995258316 0.54944104
vn -0.0273203608 -0.9996261 -0.00109566667
vn -0.0196607299 -0.999797046 0.00439659553
vn -0.0136420401 -0.999898612 -0.00408478221
vn -0.00686016213 -0.999974668 0.00189259555
vn 0.00944016967 -0.99995327 -0.00210739556
vn -0.00561193191 -0.999976635 -0.00388036808
vn 0.0957076624 0.699442208 0.708251834
vn 0.108176515 0.729105353 0.675798178
vn 0.113908686 0.861734509 0.494407266
vn 0.0478957035 0.592247009 0.80433166
vn 0.108176515 0.729105353 0.675798178
vn 0.0957076624 0.699442208 0.708251834
vn -0.0377758779 0.672499359 -0.739132941
vn 0.0407481901 0.829884827 -0.556444764
vn -0.0666058287 0.841334999 -0.536394536
vn 0.0407481901 0.829884827 -0.556444764
vn -0.0144649874 0.92572701 -0.377915621
vn 0.0180326253 0.902730286 -0.429828763
vn 0.627382815 0.363513738 -0.688657045
vn 0.791365743 0.334363133 -0.511802197
vn 0.693359077 0.248966455 -0.676216602
vn 0.756658137 0.444901526 -0.479094088
vn 0.831490576 0.401962221 -0.383470744
vn 0.791365743 0.334363133 -0.511802197
vn 0.0291400459 0.0995046198 0.99461031
vn 0.0189592373 0.0276539996 0.99943769
vn 0.00735071348 0.0307369847 0.999500453
vn 0.00735071348 0.0307369847 0.999500453
vn 0.0129235806 0.0212645922 0.999690413
vn 0.00488329073 0.0187259149 0.999812663
vn 0.0160990525 0.192468926 0.981171012
vn 0.0023525937 0.208139956 0.978096306
vn -0.0244029593 0.0996719673 0.994721055
vn 0.0023525937 0.208139956 0.978096306
vn -0.033710897 0.124404907 0.991658688
vn -0.0244029593 0.0996719673 0.994721055
vn 0.756056786 -0.318228215 0.571934402
vn 0.668983936 -0.188655213 0.718936563
vn 0.810051501 -0.187788129 0.555474699
vn 0.189257637 -0.0613775849 0.980007291
vn 0.156319782 -0.153407171 0.975720406
vn 0.44621399 -0.176567048 0.877335191
vn -0.0592461415 0.0234961957 0.997966826
vn -0.0561502576 0.117982887 0.991426945
vn -0.128986746 0.113671362 0.985109806
vn -0.1407305 -0.0173243955 0.989896417
vn -0.0616821945 -0.0416628346 0.997225821
vn -0.0592461415 0.0234961957 0.997966826
vn 0.0407481901 0.829884827 -0.556444764
vn 0.0180326253 0.902730286 -0.429828763
vn -0.050915435 0.94121325 -0.333954036
vn -0.050915435 0.94121325 -0.333954036
vn 0.010793224 0.958493233 -0.284910917
vn -0.00863526482 0.995503604 -0.0943281278
vn 0.0189470537 -0.0123672104 -0.999743998
vn 0.00150173192 0.0230357535 -0.999733448
vn 0.0229703244 -0.0171527807 -0.999588966
vn -0.0324744992 0.196148723 -0.980036259
vn -0.0178191029 0.196094245 -0.980423152
vn 0.00150173192 0.0230357535 -0.999733448
vn 0.0160990525 0.192468926 0.981171012
vn 0.0669551417 0.377824694 0.923452973
vn 0.00900022313 0.466012746 0.884732187
vn 0.0575015135 0.916962862 0.394806921
vn 0.0159955807 0.76760155 0.64072758
vn 0.0760179758 0.642490804 0.762513518
vn 0.0289805885 -0.779573321 -0.625640094
vn 0.0204968099 -0.821572006 -0.569736242
vn 0.023961775 -0.552460551 -0.833194673
vn 0.0277141724 -0.215833709 -0.976036668
vn 0.0448868237 -0.547603488 -0.835533082
vn 0.023961775 -0.552460551 -0.833194673
vn 0.0178283229 -0.0115860859 0.99977392
vn 0.00384945422 -0.000232796257 0.999992549
vn 0.0106876465 0.00648232969 0.999921858
vn 0.0134877171 0.00650963001 0.999887884
vn 0.00384945422 -0.000232796257 0.999992549
vn 0.0178283229 -0.0115860859 0.99977392
vn -0.82994616 0.411423832 0.376722515
vn -0.842925787 0.240006566 0.481531948
vn -0.491300493 0.403990149 0.771631896
vn -0.375114739 0.155182704 0.913896799
vn -0.491300493 0.403990149 0.771631896
vn -0.801517606 0.123196937 0.585142612
vn -0.0198514592 0.999586046 0.020822065
vn -0.0256423019 0.99890554 0.039116472
vn -0.0256422013 0.999009848 0.0363566987
vn -0.0101557849 0.999630928 0.025198821
vn -0.669430554 0.741666079 -0.0423590317
vn -0.0256423019 0.99890554 0.039116472
vn -0.111811258 0.106169343 -0.98804158
vn -0.0184971057 0.0487008318 -0.998642147
vn -0.0428012684 0.0216663033 -0.998848677
vn -0.0184971057 0.0487008318 -0.998642147
vn -0.111811258 0.106169343 -0.98804158
vn -0.0185466502 0.202927992 -0.979018033
vn -0.999312878 0.0234400202 -0.0287113599
vn -0.998292506 0.032611534 -0.0484622195
vn -0.99946624 0.00327259395 -0.0325026512
vn -0.999361873 0.0262062717 -0.0242689103
vn -0.998045623 0.0455532186 -0.0427758545
vn -0.999312878 0.0234400202 -0.0287113599
vn -0.969754875 0.0450059585 -0.23989591
vn -0.98991698 0.0734382123 -0.12112467
vn -0.956445396 0.0657932535 -0.284400135
vn -0.969754875 0.0450059585 -0.23989591
vn -0.908096135 0.0399976596 -0.416847289
vn -0.941278577 0.0255873967 -0.336659789
vn -0.0324744992 0.196148723 -0.980036259
vn 0.00150173192 0.0230357535 -0.999733448
vn 0.00612533605 0.256421417 -0.966545701
vn -0.0324744992 0.196148723 -0.980036259
vn 0.00612533605 0.256421417 -0.966545701
vn 0.00833750423 0.346378684 -0.938057721
vn 0.833484709 -0.0603707731 -0.54923439
vn 0.943833292 -0.0260132458 -0.329396635
vn 0.797591329 -0.102624595 -0.594404101
vn 0.547185481 -0.131733403 -0.826579869
vn 0.833484709 -0.0603707731 -0.54923439
vn 0.797591329 -0.102624595 -0.594404101
vn -0.0505145192 0.263534248 -0.963326454
vn -0.023987649 0.0945545509 -0.995230615
vn -0.0185466502 0.202927992 -0.979018033
vn -0.0505145192 0.263534248 -0.963326454
vn -0.0158911627 0.267428756 -0.963446558
vn -0.023987649 0.0945545509 -0.995230615
vn -0.00220652879 0.014396443 0.999893963
vn 0.00351678184 0.00455934368 0.99998337
vn -0.00086771074 0.00733987615 0.999972701
vn -0.00086771074 0.00733987615 0.999972701
vn 0.00351678184 0.00455934368 0.99998337
vn -0.000364672218 0.00114984717 0.999999285
vn -0.0477375649 0.993085861 0.10724552
vn -0.497260153 0.863333762 0.0859481767
vn -0.228361398 0.868888497 0.439185202
vn -0.0298150033 0.998244584 0.0511745028
vn -0.0793424994 0.995985806 0.0414378159
vn -0.687845349 0.725856304 0.00111166865
vn -0.997351885 0.0428540744 -0.0587595738
vn -0.996083081 0.0556344278 -0.0687269196
vn -0.997318625 0.0426607691 -0.0594601035
vn -0.997318625 0.0426607691 -0.0594601035
vn -0.996358931 0.0527912378 -0.066948466
vn -0.996747136 -0.00729463575 -0.0802616924
vn 0.174070939 -0.457772702 0.871861994
vn 0.232199281 -0.691583097 0.683956385
vn 0.324226856 -0.40619877 0.854329824
vn 0.263820529 -0.795295 0.545806348
vn 0.324226856 -0.40619877 0.854329824
vn 0.232199281 -0.691583097 0.683956385
vn 0.0411870033 0.00746430922 0.999123514
vn 0.0138167059 0.0101306913 0.999853194
vn 0.0372937657 -0.010015808 0.999254227
vn 0.0516176075 0.0105339009 0.998611331
vn 0.0411870033 0.00746430922 0.999123514
vn 0.0669557974 -0.00154147763 0.997754753
vn 0.0275043864 0.227250561 -0.973447859
vn 0.0380055495 0.181521669 -0.982652247
vn 0.0280488171 0.511370957 -0.858902156
vn 0.0275043864 0.227250561 -0.973447859
vn -0.0162657183 0.390800059 -0.920331836
vn 0.00397073291 0.413829863 -0.910345554
vn -0.996358931 0.0527912378 -0.066948466
vn -0.993440211 0.0564291216 -0.0994601026
vn -0.996747136 -0.00729463575 -0.0802616924
vn -0.996747136 -0.00729463575 -0.0802616924
vn -0.984002352 -0.0479947925 -0.171569139
vn -0.900307417 -0.398715556 -0.17456387
vn 0.0527310334 -0.995859027 0.0740555227
vn 0.0673367083 -0.977513492 0.19983305
vn 0.0854477733 -0.972991407 0.214443952
vn 0.0527310334 -0.995859027 0.0740555227
vn 0.0854477733 -0.972991407 0.214443952
vn 0.0759856701 -0.969492793 0.23304446
vn -0.000900755927 -0.0264321901 0.99965018
vn -0.00491834059 0.000727055245 0.999987662
vn -0.00825577043 -0.143174306 0.989663064
vn 0.0106876465 0.00648232969 0.999921858
vn -0.00491834059 0.000727055245 0.999987662
vn -0.000900755927 -0.0264321901 0.99965018
vn -0.801517606 0.123196937 0.585142612
vn -0.995093167 0.039941255 0.0905222893
vn -0.779316545 0.00499424897 0.626610518
vn -0.779316545 0.00499424897 0.626610518
vn -0.995093167 0.039941255 0.0905222893
vn -0.988622963 -0.0422396958 0.144362211
vn 0.669089496 -0.0982685983 -0.736656368
vn 0.492219836 -0.0571484454 -0.868592978
vn 0.87042731 -0.0419412255 -0.490507036
vn 0.145967916 -0.0193753093 -0.989099562
vn 0.708322227 0.0116178393 -0.705793619
vn 0.492219836 -0.0571484454 -0.868592978
vn -0.0110260304 0.0283541102 0.99953717
vn -0.00364803174 0.020139439 0.99979049
vn -0.00265612965 0.0140532125 0.999897659
vn -0.00265612965 0.0140532125 0.999897659
vn -0.00220652879 0.014396443 0.999893963
vn -0.00086771074 0.00733987615 0.999972701
vn 0.932546675 0.358784348 0.0403812192
vn 0.950406969 0.294833243 0.0989952758
vn 0.990370989 0.138371274 0.0043259738
vn 0.7714867 0.622773111 0.130237743
vn 0.950406969 0.294833243 0.0989952758
vn 0.932546675 0.358784348 0.0403812192
vn 0.998157501 0.00474642171 0.0604908764
vn 0.951874793 -0.0161507558 0.306061238
vn 0.991218507 -0.0425937437 0.125186309
vn 0.991218507 -0.0425937437 0.125186309
vn 0.951874793 -0.0161507558 0.306061238
vn 0.970416307 -0.0502053536 0.236160323
vn 0.316929013 -0.0897717103 -0.944191158
vn 0.492219836 -0.0571484454 -0.868592978
vn 0.461151659 -0.143839657 -0.875585258
vn 0.231636852 -0.149561659 -0.961236477
vn 0.461151659 -0.143839657 -0.875585258
vn 0.329008877 -0.265456676 -0.906248271
vn 0.976446211 -0.0620468706 0.20664753
vn 0.910927415 -0.104195528 0.399192482
vn 0.853929758 -0.255509675 0.453341991
vn 0.64707011 -0.258237034 0.717365861
vn 0.80767101 -0.208351672 0.551595032
vn 0.8112396 -0.125854477 0.571008623
vn -0.0257023349 0.999666035 0.00268364814
vn -0.00513577275 0.999952137 0.00833288766
vn -0.00681092544 0.999847054 -0.0161065441
vn -0.00681092544 0.999847054 -0.0161065441
vn -0.0264579896 0.999601841 -0.00979892071
vn -0.0257023349 0.999666035 0.00268364814
vn -0.01651497 0.0314568393 0.999368668
vn -0.0110260304 0.0283541102 0.99953717
vn -0.0107873464 0.0188109633 0.99976474
vn -0.00753644668 0.0341146849 0.999389529
vn -0.01651497 0.0314568393 0.999368668
vn -0.0107873464 0.0188109633 0.99976474
vn 0.132860363 0.0714488328 -0.988556147
vn 0.188071355 0.0207307376 -0.981936574
vn 0.152249098 0.00358864898 -0.988335669
vn 0.132860363 0.0714488328 -0.988556147
vn 0.348764598 0.429475784 -0.833014965
vn 0.450255632 0.184416905 -0.87364769
vn 0.0013473921 -0.235723346 -0.971819282
vn 0.0104606943 -0.50108248 -0.865336239
vn -0.0801859796 -0.713183165 -0.696376324
vn -0.1893543 -0.743595004 -0.641257703
vn 0.0013473921 -0.235723346 -0.971819282
vn -0.0801859796 -0.713183165 -0.696376324
vn 0.0648944601 0.319172055 0.9454723
vn 0.135678232 0.372276515 0.91815114
vn 0.100216463 0.648115396 0.754919231
vn 0.0135325389 0.430168629 0.902647197
vn 0.100216463 0.648115396 0.754919231
vn 0.0478957035 0.592247009 0.80433166
vn 0.886541545 0.456615537 -0.0744740367
vn 0.776596665 0.62417537 -0.0854553357
vn 0.740798354 0.668058574 -0.0701111481
vn 0.779638171 0.624829948 -0.0418568328
vn 0.886541545 0.456615537 -0.0744740367
vn 0.740798354 0.668058574 -0.0701111481
vn 0.902291596 -0.233093888 0.362680435
vn 0.861455381 -0.173194036 0.47738716
vn 0.947556973 -0.106949687 0.301160634
vn 0.81080085 -0.36835897 0.454877555
vn 0.756056786 -0.318228215 0.571934402
vn 0.861455381 -0.173194036 0.47738716
vn -0.998927355 -0.0294669177 -0.0357171409
vn -0.999976873 -0.00456233509 -0.00504279742
vn -0.999041677 -0.0436535999 -0.00319348718
vn -0.999995947 -0.0024965303 -0.00137825881
vn -0.999041677 -0.0436535999 -0.00319348718
vn -0.999693751 -0.0244232155 -0.0039844187
vn -0.00637294725 0.999932468 0.00971570052
vn 0.0176930521 0.999842882 0.00114745472
vn 0.0124230003 0.999824464 0.0140271075
vn -0.00637294725 0.999932468 0.00971570052
vn 0.0124230003 0.999824464 0.0140271075
vn -0.00305138179 0.999565542 0.0293186661
vn 0.203163654 0.0100692594 0.979092956
vn 0.142159298 2.56956664e-05 0.989843786
vn 0.100440875 0.0150224287 0.994829595
vn 0.0707829371 0.00165452657 0.997490287
vn 0.0510432124 0.00140218192 0.998695552
vn 0.0516176075 0.0105339009 0.998611331
vn 0.00620306283 -0.00587328011 -0.999963522
vn 0.00739810057 0.115470849 -0.993283272
vn 0.0189470537 -0.0123672104 -0.999743998
vn 0.00739810057 0.115470849 -0.993283272
vn 0.00150173192 0.0230357535 -0.999733448
vn 0.0189470537 -0.0123672104 -0.999743998
vn 0.0429283679 0.997229159 0.0607541688
vn 0.0547928028 0.998494446 0.00256305095
vn 0.0190340541 0.998559952 0.0501565337
vn 0.11565087 0.993225873 0.0112856627
vn 0.073240757 0.996807575 0.0317876823
vn 0.184222832 0.982112288 -0.0389525518
vn -0.16888456 0.00479278341 0.985624135
vn -0.271141797 -0.0490068197 0.961291075
vn -0.263619661 0.00728576165 0.964599252
vn -0.271141797 -0.0490068197 0.961291075
vn -0.398426682 -0.0241957549 0.916881025
vn -0.263619661 0.00728576165 0.964599252
vn -0.106144041 0.783948421 0.611684799
vn -0.068950057 0.721806943 0.688651264
vn -0.0829353705 0.609779894 0.788219631
vn -0.0979121923 0.728545308 0.677963853
vn -0.106144041 0.783948421 0.611684799
vn -0.155065924 0.547750592 0.822145879
vn -0.00345849106 0.999884665 0.0147843016
vn -0.0233505815 0.999692976 0.00828755088
vn -0.019818984 0.999676466 0.0159450788
vn -0.020062618 0.999769151 0.00768901221
vn -0.0170827433 0.999796212 0.0107529787
vn -0.019818984 0.999676466 0.0159450788
vn 0.890368819 0.414620489 -0.187971309
vn 0.791528523 0.559176683 -0.24658452
vn 0.835731983 0.535162985 -0.123095937
vn 0.883507967 0.318230242 -0.343719572
vn 0.890368819 0.414620489 -0.187971309
vn 0.978249788 0.168729559 -0.120655447
vn -0.999949753 -0.00812786538 -0.00587465893
vn -0.999583364 -0.0190115944 0.0217175577
vn -0.997211754 -0.0620044954 0.0415230058
vn -0.999949753 -0.00812786538 -0.00587465893
vn -0.999757767 0.0160228107 -0.0150867989
vn -0.999999464 -0.000806219876 -0.000629328773
vn -0.445581645 -0.748651981 0.490894258
vn -0.88572973 -0.282538474 0.368313491
vn -0.834852219 -0.542742133 0.091938667
vn -0.340811372 -0.939015627 0.0457950681
vn -0.168594211 -0.835663497 0.522725999
vn -0.445581645 -0.748651981 0.490894258
vn 0.776596665 0.62417537 -0.0854553357
vn 0.708421707 0.704865694 0.036098659
vn 0.649531066 0.757682621 -0.0634539723
vn 0.740798354 0.668058574 -0.0701111481
vn 0.776596665 0.62417537 -0.0854553357
vn 0.649531066 0.757682621 -0.0634539723
vn 0.985738277 -0.0381448977 0.163905591
vn 0.984095156 -0.0606352799 0.166972935
vn 0.976446211 -0.0620468706 0.20664753
vn 0.985738277 -0.0381448977 0.163905591
vn 0.976446211 -0.0620468706 0.20664753
vn 0.702365696 -0.701942146 0.118151568
vn -0.0167569239 0.999503195 0.02669378
vn -0.0135160564 0.99916476 0.0385628603
vn -0.00831718463 0.999219596 0.0386118032
vn -0.0167569239 0.999503195 0.02669378
vn -0.00831718463 0.999219596 0.0386118032
vn -0.00714723486 0.999789476 0.0192335118
vn -0.0616821945 -0.0416628346 0.997225821
vn -0.138558537 -0.0980221704 0.985491335
vn -0.0750012472 -0.100299448 0.992126465
vn -0.0175935496 -0.058017794 0.998160541
vn -0.0616821945 -0.0416628346 0.997225821
vn -0.0750012472 -0.100299448 0.992126465
vn -0.948780179 0.0977955163 0.300420284
vn -0.93076241 0.0314351469 0.364270538
vn -0.978742898 0.0120771788 0.204734787
vn -0.765406609 0.17370519 0.619660556
vn -0.821888447 0.0711102262 0.565192699
vn -0.948780179 0.0977955163 0.300420284
vn -0.581968963 0.301388562 -0.75529927
vn -0.816553891 0.32670185 -0.47592628
vn -0.61356914 0.449709237 -0.649072111
vn -0.805281103 0.463989675 -0.369101226
vn -0.61356914 0.449709237 -0.649072111
vn -0.816553891 0.32670185 -0.47592628
vn 0.0181493312 0.11681246 -0.99298805
vn 0.00739810057 0.115470849 -0.993283272
vn 0.00376962568 0.0290409923 -0.999571085
vn 0.0380055495 0.181521669 -0.982652247
vn 0.0181493312 0.11681246 -0.99298805
vn 0.00376962568 0.0290409923 -0.999571085
vn 0.00363791594 0.0337405838 0.999423921
vn 0.00735071348 0.0307369847 0.999500453
vn 0.000125411229 0.0236411076 0.999720514
vn -0.01651497 0.0314568393 0.999368668
vn -0.00656878948 0.0383948348 0.999241114
vn -0.0110260304 0.0283541102 0.99953717
vn 0.992578924 0.111617729 -0.0482566468
vn 0.948152006 0.311216444 -0.0644357577
vn 0.989587247 0.140235215 -0.0324246064
vn 0.821570277 0.570003986 0.0108488211
vn 0.864107549 0.496682227 -0.0813929662
vn 0.948152006 0.311216444 -0.0644357577
vn -0.0128903491 -0.962927282 -0.269453138
vn 0.00420100754 -0.977719069 -0.209875524
vn -0.0246408228 -0.992788196 -0.117322057
vn 0.00562066399 -0.897187412 -0.4416143
vn 0.0197732616 -0.907715559 -0.419119984
vn 0.00420100754 -0.977719069 -0.209875524
vn 0.0760179758 0.642490804 0.762513518
vn 0.0669551417 0.377824694 0.923452973
vn 0.0364693142 0.32450828 0.945179582
vn 0.0669551417 0.377824694 0.923452973
vn 0.0760179758 0.642490804 0.762513518
vn 0.00900022313 0.466012746 0.884732187
vn 0.992827117 -0.0296560694 0.115822695
vn 0.994091928 -0.0363453627 0.102275461
vn 0.988079906 -0.048369199 0.14614588
vn 0.999565303 -0.00345518836 0.029278731
vn 0.994091928 -0.0363453627 0.102275461
vn 0.998364806 -0.0137352403 0.0554904751
vn -0.00995244738 -0.9999066 -0.0093693193
vn -0.0144024026 -0.999872506 -0.00689834217
vn -0.00994756445 -0.999907136 -0.00931679644
vn -0.0280359611 -0.999525011 -0.0127960173
vn -0.0237101577 -0.999685049 -0.00822065119
vn -0.0129636284 -0.999861181 -0.010464306
vn -0.0184191223 0.996978998 0.0754568577
vn -0.0302217435 0.995311141 0.0918821469
vn -0.0125012072 0.987085164 0.15970774
vn -0.0302217435 0.995311141 0.0918821469
vn -0.0324067995 0.996769309 0.0734901875
vn -0.0334962606 0.992857575 0.114506662
vn -0.0669679046 0.793848395 -0.604417205
vn -0.0142794698 0.948334157 -0.316951901
vn -0.0451105908 0.855683744 -0.515529156
vn -0.107979223 0.63569659 -0.76434958
vn -0.133327827 0.819924593 -0.556729198
vn -0.0958305374 0.887417793 -0.450894952
vn 0.999120235 0.0396770537 -0.0135824466
vn 0.999539673 0.0278471354 -0.0120398467
vn 0.999464214 0.0299601536 -0.0131792342
vn 0.999316871 0.0320663117 -0.0183749776
vn 0.999120235 0.0396770537 -0.0135824466
vn 0.999464214 0.0299601536 -0.0131792342
vn -0.986191273 -0.0707581267 0.149732992
vn -0.999934137 -0.0101270182 0.00540631916
vn -0.990771472 -0.0571007021 0.122928433
vn -0.988622963 -0.0422396958 0.144362211
vn -0.999934137 -0.0101270182 0.00540631916
vn -0.986191273 -0.0707581267 0.149732992
vn -0.0302217435 0.995311141 0.0918821469
vn -0.0334962606 0.992857575 0.114506662
vn -0.0125012072 0.987085164 0.15970774
vn -0.0334962606 0.992857575 0.114506662
vn -0.0271149911 0.882219136 0.470057696
vn -0.0242996644 0.988439918 0.149652854
vn 0.0505437292 -0.998719454 -0.0021536618
vn 0.274688512 -0.957604945 -0.0868274271
vn 0.565771818 -0.824558437 -0.00237437733
vn 0.0505437292 -0.998719454 -0.0021536618
vn 0.565771818 -0.824558437 -0.00237437733
vn 0.702365696 -0.701942146 0.118151568
vn -0.0223948136 0.99830091 -0.0537933782
vn -0.0034915444 0.999696612 -0.0243833363
vn -0.00393371796 0.999991298 -0.00142293808
vn -0.0223948136 0.99830091 -0.0537933782
vn -0.347528428 0.908251524 -0.233030424
vn -0.0176453795 0.997953475 -0.0614608824
vn 0.720678806 -0.0112351235 0.693178058
vn 0.264803618 -0.00656413194 0.964280009
vn 0.261284024 0.0390455201 0.964471877
vn 0.264803618 -0.00656413194 0.964280009
vn 0.142159298 2.56956664e-05 0.989843786
vn 0.203163654 0.0100692594 0.979092956
vn -0.0144649874 0.92572701 -0.377915621
vn -0.0190150142 0.986922503 -0.160070136
vn 0.010793224 0.958493233 -0.284910917
vn -0.0144649874 0.92572701 -0.377915621
vn -0.0512290671 0.979431748 -0.19516404
vn -0.0190150142 0.986922503 -0.160070136
vn -0.0135160564 0.99916476 0.0385628603
vn -0.012974523 0.99866873 0.0499244519
vn -0.00100938848 0.998129845 0.0611202158
vn -0.00831718463 0.999219596 0.0386118032
vn -0.0135160564 0.99916476 0.0385628603
vn -0.00100938848 0.998129845 0.0611202158
vn 0.996202528 0.0749293715 0.0443414338
vn 0.997116446 0.0754195377 -0.00841716118
vn 0.998396754 0.0564803146 0.00371509441
vn 0.980442345 0.196806103 -0.000378687837
vn 0.996202528 0.0749293715 0.0443414338
vn 0.998396754 0.0564803146 0.00371509441
vn 0.999565303 -0.00345518836 0.029278731
vn 0.999982238 0.00199110946 0.00561490841
vn 0.999941111 0.00992638897 -0.00437665312
vn 0.999982238 0.00199110946 0.00561490841
vn 0.999565303 -0.00345518836 0.029278731
vn 0.998364806 -0.0137352403 0.0554904751
vn -0.0315353386 0.754201293 -0.655885577
vn 0.031882111 0.759895444 -0.649263024
vn -0.0142794698 0.948334157 -0.316951901
vn -0.0742202252 0.650492728 -0.755877316
vn 0.00765643222 0.655831158 -0.754868865
vn -0.0315353386 0.754201293 -0.655885577
vn -0.998695552 0.0272172727 -0.0432010815
vn -0.996747136 -0.00729463575 -0.0802616924
vn -0.954730153 -0.285632759 -0.0830925256
vn -0.999727011 -0.015460466 -0.0175215229
vn -0.954730153 -0.285632759 -0.0830925256
vn -0.997961819 -0.0637301132 -0.0032739751
vn 0.0984381065 0.928911328 0.356978506
vn 0.0514751598 0.897756755 0.437473476
vn 0.127519384 0.78603375 0.604888141
vn 0.0938564911 0.398561209 0.912326574
vn 0.127519384 0.78603375 0.604888141
vn 0.0482174195 0.634139597 0.771713793
vn -0.00490926346 -0.166387752 0.986048222
vn 0.0281466078 -0.280366331 0.959480286
vn -0.00652459171 -0.536699593 0.843748152
vn -0.0102041466 -0.91174233 0.410635859
vn -0.00586595573 -0.948937118 0.315410763
vn -0.00652459171 -0.536699593 0.843748152
vn 0.951874793 -0.0161507558 0.306061238
vn 0.720678806 -0.0112351235 0.693178058
vn 0.970416307 -0.0502053536 0.236160323
vn 0.970416307 -0.0502053536 0.236160323
vn 0.720678806 -0.0112351235 0.693178058
vn 0.67074275 -0.0446536243 0.740344763
vn -0.997143269 -0.0524638519 0.0543404445
vn -0.999583364 -0.0190115944 0.0217175577
vn -0.999223828 -0.0106244199 0.0379316323
vn -0.991779506 -0.0179307908 0.126695499
vn -0.997143269 -0.0524638519 0.0543404445
vn -0.998087406 0.00349659892 0.0617199838
vn -0.0842044801 0.239348665 -0.967275441
vn -0.011045333 0.318069816 -0.948002934
vn -0.0185466502 0.202927992 -0.979018033
vn -0.0185466502 0.202927992 -0.979018033
vn -0.011045333 0.318069816 -0.948002934
vn -0.0505145192 0.263534248 -0.963326454
vn 0.999893486 0.0107446201 -0.00988684408
vn 0.999811053 0.0176510643 -0.00814318936
vn 0.999952614 0.00968419947 0.00109012157
vn 0.999952614 0.00968419947 0.00109012157
vn 0.964968026 -0.262014657 0.0136037059
vn 0.998322368 -0.0579006635 -5.89009796e-05
vn 0.0551909469 0.997170448 0.0510415398
vn 0.0341950953 0.998987019 0.0292502232
vn 0.0873593464 0.995259464 0.0427428894
vn 0.0873593464 0.995259464 0.0427428894
vn 0.0459838249 0.998133779 0.0401792377
vn 0.073240757 0.996807575 0.0317876823
vn 0.0146390693 -0.0107578691 -0.999835014
vn 0.0195225459 -0.0119948946 -0.999737501
vn 0.0120221348 -0.000646920467 -0.999927521
vn 0.00266890507 -0.000899891951 -0.999996066
vn 0.0120221348 -0.000646920467 -0.999927521
vn 0.00721430406 -0.0360229015 -0.999324977
vn -0.120650262 0.263639569 -0.95704627
vn -0.0571085773 0.287932903 -0.955946267
vn -0.051535517 0.119163968 -0.9915362
vn -0.131532967 0.137211829 -0.98176986
vn -0.0571085773 0.287932903 -0.955946267
vn -0.0842044801 0.239348665 -0.967275441
vn 0.0159416553 0.622425377 -0.782516778
vn 0.000650349888 0.624663055 -0.78089416
vn 0.0376550332 0.813692927 -0.580073953
vn 0.0769077912 0.496600389 -0.864565372
vn 0.0159416553 0.622425377 -0.782516778
vn 0.0512021184 0.924226522 -0.378396273
vn -0.0545771457 0.387756199 -0.920144796
vn -0.086427778 0.520121872 -0.849707842
vn -0.102887608 0.40346545 -0.909191847
vn -0.105448589 0.722507715 -0.683273971
vn -0.0742202252 0.650492728 -0.755877316
vn -0.0315353386 0.754201293 -0.655885577
vn -0.00220652879 0.014396443 0.999893963
vn 0.00488329073 0.0187259149 0.999812663
vn 0.00439467654 0.0118943909 0.999919534
vn 0.00488329073 0.0187259149 0.999812663
vn -0.0126888109 0.0132460389 0.999831796
vn 0.00439467654 0.0118943909 0.999919534
vn 0.988858938 0.00893091038 -0.148587525
vn 0.996857166 0.0211385954 -0.0763472021
vn 0.991702557 0.0151603911 -0.127656698
vn 0.991293132 -0.00618832372 -0.131528109
vn 0.988858938 0.00893091038 -0.148587525
vn 0.87042731 -0.0419412255 -0.490507036
vn 0.0159416553 0.622425377 -0.782516778
vn 0.0376550332 0.813692927 -0.580073953
vn 0.0512021184 0.924226522 -0.378396273
vn 0.0512021184 0.924226522 -0.378396273
vn 0.0401938483 0.959124207 -0.280116439
vn 0.0854666531 0.962361813 -0.257982761
vn 0.00266890507 -0.000899891951 -0.999996066
vn 0.0146390693 -0.0107578691 -0.999835014
vn 0.0120221348 -0.000646920467 -0.999927521
vn 0.00266890507 -0.000899891951 -0.999996066
vn 0.00620306283 -0.00587328011 -0.999963522
vn 0.0146390693 -0.0107578691 -0.999835014
vn 0.0448868237 -0.547603488 -0.835533082
vn 0.0286573414 -0.777356505 -0.62840718
vn 0.0289805885 -0.779573321 -0.625640094
vn 0.023961775 -0.552460551 -0.833194673
vn 0.0448868237 -0.547603488 -0.835533082
vn 0.0289805885 -0.779573321 -0.625640094
vn -0.0711969957 0.806297779 -0.587209404
vn -0.0376611426 0.552559435 -0.83262217
vn -0.0706244111 0.394713759 -0.91608578
vn 0.0133828511 0.75746578 -0.652737737
vn -0.0159572549 0.97367394 -0.227386445
vn -0.0142794698 0.948334157 -0.316951901
vn 0.991293132 -0.00618832372 -0.131528109
vn 0.996857166 0.0211385954 -0.0763472021
vn 0.988858938 0.00893091038 -0.148587525
vn 0.991293132 -0.00618832372 -0.131528109
vn 0.998740554 0.0268951412 -0.042355381
vn 0.996857166 0.0211385954 -0.0763472021
vn 0.00785052683 0.992797017 0.119551584
vn 0.00760386884 0.959679782 0.280992776
vn 0.0575015135 0.916962862 0.394806921
vn 0.0776761249 0.951339662 0.298193425
vn 0.0177036282 0.995269179 0.0955293253
vn 0.0575015135 0.916962862 0.394806921
vn -0.182997242 -0.980346441 -0.0737086236
vn -0.1302315 -0.989440143 -0.0636231676
vn -0.171122253 -0.98279494 -0.069507964
vn -0.692039669 -0.71721822 -0.0817252174
vn -0.1893543 -0.743595004 -0.641257703
vn -0.215755552 -0.968012154 -0.128070474
vn -0.886134446 0.0514357686 -0.460565031
vn -0.731569469 0.0359846652 -0.680816531
vn -0.908096135 0.0399976596 -0.416847289
vn -0.969754875 0.0450059585 -0.23989591
vn -0.886134446 0.0514357686 -0.460565031
vn -0.908096135 0.0399976596 -0.416847289
vn 0.0301863197 -0.00772962626 0.999514461
vn 0.0106876465 0.00648232969 0.999921858
vn 0.0314293317 -0.13482891 0.990370274
vn 0.0178283229 -0.0115860859 0.99977392
vn 0.0106876465 0.00648232969 0.999921858
vn 0.0301863197 -0.00772962626 0.999514461
vn 0.782536507 0.618928194 0.0675604343
vn 0.722903192 0.68291533 0.105060719
vn 0.478478849 0.867826462 0.1339228
vn 0.782536507 0.618928194 0.0675604343
vn 0.890865982 0.443563521 0.0980265886
vn 0.722903192 0.68291533 0.105060719
vn 0.0510432124 0.00140218192 0.998695552
vn 0.0411870033 0.00746430922 0.999123514
vn 0.0516176075 0.0105339009 0.998611331
vn 0.0510432124 0.00140218192 0.998695552
vn 0.0362688601 -0.000547967851 0.999341846
vn 0.0411870033 0.00746430922 0.999123514
vn -0.0145790009 0.810761213 -0.585195363
vn -0.0587206408 0.538447201 -0.840610862
vn 0.00219195057 0.538529813 -0.842603624
vn 0.00219195057 0.538529813 -0.842603624
vn -0.0587206408 0.538447201 -0.840610862
vn -0.0571085773 0.287932903 -0.955946267
vn -0.261900246 0.385665387 0.884686649
vn -0.331909776 0.208433092 0.919995368
vn -0.169423953 0.0977515504 0.980683565
vn -0.331909776 0.208433092 0.919995368
vn -0.261900246 0.385665387 0.884686649
vn -0.491300493 0.403990149 0.771631896
vn -0.984002352 -0.0479947925 -0.171569139
vn -0.941278577 0.0255873967 -0.336659789
vn -0.895681441 -0.339891434 -0.286755413
vn -0.941278577 0.0255873967 -0.336659789
vn -0.850364268 -0.0507582091 -0.523740649
vn -0.895681441 -0.339891434 -0.286755413
vn 0.903030634 0.424041212 0.0687361583
vn 0.890865982 0.443563521 0.0980265886
vn 0.782536507 0.618928194 0.0675604343
vn 0.959031522 0.279357821 -0.0470935069
vn 0.890865982 0.443563521 0.0980265886
vn 0.903030634 0.424041212 0.0687361583
vn 0.627382815 0.363513738 -0.688657045
vn 0.452815861 0.673863888 -0.583836675
vn 0.756658137 0.444901526 -0.479094088
vn 0.627382815 0.363513738 -0.688657045
vn 0.756658137 0.444901526 -0.479094088
vn 0.791365743 0.334363133 -0.511802197
vn -0.23506321 0.39434886 -0.888388634
vn -0.0722158179 0.626767218 -0.775852978
vn -0.120650262 0.263639569 -0.95704627
vn -0.00672256062 0.805359781 -0.592748225
vn -0.144041732 0.802496135 -0.579009533
vn -0.0160283968 0.947465062 -0.31945774
vn 0.00366970734 0.997052073 0.0766401961
vn -0.00221193884 0.995612442 0.0935462937
vn 0.00760386884 0.959679782 0.280992776
vn 0.00366970734 0.997052073 0.0766401961
vn 0.00760386884 0.959679782 0.280992776
vn 0.00785052683 0.992797017 0.119551584
vn -0.829583704 -0.0995258316 0.54944104
vn -0.818877339 -0.307271332 0.484793097
vn -0.940254927 -0.0923626572 0.327704042
vn -0.367192417 -0.291572183 0.883264005
vn -0.648309588 -0.378292292 0.660749316
vn -0.615642607 -0.147270352 0.774141908
vn 0.957311749 0.273801386 -0.0926665068
vn 0.924541354 0.376590163 -0.058336854
vn 0.978249788 0.168729559 -0.120655447
vn 0.957311749 0.273801386 -0.0926665068
vn 0.978249788 0.168729559 -0.120655447
vn 0.890368819 0.414620489 -0.187971309
vn 0.0117867151 0.143258408 0.989615083
vn 0.012771287 0.0164416078 0.999783278
vn 0.0180891883 0.0114966333 0.999770284
vn 0.0428663157 0.107818946 0.993245959
vn 0.0180891883 0.0114966333 0.999770284
vn 0.0374682955 0.0223188829 0.999048531
vn -0.993440211 0.0564291216 -0.0994601026
vn -0.969754875 0.0450059585 -0.23989591
vn -0.984002352 -0.0479947925 -0.171569139
vn -0.993440211 0.0564291216 -0.0994601026
vn -0.984002352 -0.0479947925 -0.171569139
vn -0.996747136 -0.00729463575 -0.0802616924
vn 0.0938564911 0.398561209 0.912326574
vn 0.0172874238 0.299049914 0.95408088
vn 0.0428663157 0.107818946 0.993245959
vn 0.0117867151 0.143258408 0.989615083
vn 0.0180891883 0.0114966333 0.999770284
vn 0.0428663157 0.107818946 0.993245959
vn -0.120633759 0.0757880956 -0.989799857
vn -0.0428012684 0.0216663033 -0.998848677
vn -0.0581343174 0.0882098824 -0.994404018
vn -0.0581343174 0.0882098824 -0.994404018
vn -0.131532967 0.137211829 -0.98176986
vn -0.120633759 0.0757880956 -0.989799857
vn 0.0134877171 0.00650963001 0.999887884
vn 0.000455576141 0.0123889828 0.99992317
vn -0.000292462151 0.00658624433 0.999978304
vn 0.0138167059 0.0101306913 0.999853194
vn 0.000455576141 0.0123889828 0.99992317
vn 0.0134877171 0.00650963001 0.999887884
vn 0.894285023 0.0965871289 -0.43694979
vn 0.967607975 0.14610374 -0.20588474
vn 0.951377034 0.0312478449 -0.306439608
vn 0.894285023 0.0965871289 -0.43694979
vn 0.705263913 0.160765275 -0.690476179
vn 0.825148523 0.273786068 -0.494136631
vn -0.0101557849 0.999630928 0.025198821
vn -0.0256423019 0.99890554 0.039116472
vn -0.0198514592 0.999586046 0.020822065
vn -0.0170827433 0.999796212 0.0107529787
vn -0.0101557849 0.999630928 0.025198821
vn -0.0198514592 0.999586046 0.020822065
vn -0.0714937523 0.0759345815 0.994546354
vn -0.0943882763 0.146089718 0.984758198
vn -0.0561502576 0.117982887 0.991426945
vn -0.128757745 0.0681237504 0.989333391
vn -0.243403926 0.030659223 0.969440341
vn -0.180293515 0.126238808 0.975478351
vn -0.0353324786 0.958303154 0.283560634
vn -0.0453676358 0.899168491 0.435244501
vn -0.106144041 0.783948421 0.611684799
vn -0.0453676358 0.899168491 0.435244501
vn -0.0353324786 0.958303154 0.283560634
vn -0.02651597 0.975230396 0.219596311
vn 0.0195225459 -0.0119948946 -0.999737501
vn 0.0171244852 -0.000995831913 -0.999852896
vn 0.0129510686 -0.000705407001 -0.999915898
vn 0.0232910831 -0.0113433553 -0.999664366
vn 0.0178455226 -0.0095301643 -0.999795318
vn 0.0171244852 -0.000995831913 -0.999852896
vn -0.243403926 0.030659223 0.969440341
vn -0.318833828 0.144022763 0.936804354
vn -0.180293515 0.126238808 0.975478351
vn -0.243403926 0.030659223 0.969440341
vn -0.428438216 0.107919306 0.89710325
vn -0.318833828 0.144022763 0.936804354
vn 0.0172874238 0.299049914 0.95408088
vn 0.0117867151 0.143258408 0.989615083
vn 0.0428663157 0.107818946 0.993245959
vn 0.0117867151 0.143258408 0.989615083
vn -0.00264116074 0.461782575 0.886989295
vn -0.0132017313 0.235822618 0.97170645
vn 0.894285023 0.0965871289 -0.43694979
vn 0.825148523 0.273786068 -0.494136631
vn 0.967607975 0.14610374 -0.20588474
vn 0.883507967 0.318230242 -0.343719572
vn 0.978249788 0.168729559 -0.120655447
vn 0.967607975 0.14610374 -0.20588474
vn -0.367192417 -0.291572183 0.883264005
vn -0.419109792 -0.104393281 0.901914001
vn -0.0995166898 -0.19057174 0.976616025
vn -0.367192417 -0.291572183 0.883264005
vn -0.615642607 -0.147270352 0.774141908
vn -0.419109792 -0.104393281 0.901914001
vn -0.978742898 0.0120771788 0.204734787
vn -0.963607192 -0.00288763479 0.267306715
vn -0.991779506 -0.0179307908 0.126695499
vn -0.966549098 -0.0505549125 0.251449704
vn -0.990771472 -0.0571007021 0.122928433
vn -0.992180049 -0.0637291968 0.107318975
vn 0.000744656776 0.0006092072 0.999999523
vn -0.0278115328 0.0349396393 0.999002337
vn 0.010734004 -0.044996094 0.998929501
vn -0.000364672218 0.00114984717 0.999999285
vn 0.010734004 -0.044996094 0.998929501
vn 0.0106876465 0.00648232969 0.999921858
vn 0.934530079 0.343384534 -0.0934914127
vn 0.948152006 0.311216444 -0.0644357577
vn 0.864107549 0.496682227 -0.0813929662
vn 0.864107549 0.496682227 -0.0813929662
vn 0.886541545 0.456615537 -0.0744740367
vn 0.934530079 0.343384534 -0.0934914127
vn -0.298596323 -0.954128981 -0.0218662806
vn -0.0289210528 -0.999291241 -0.0240936056
vn -0.0277852919 -0.999200702 -0.0287398081
vn -0.0289210528 -0.999291241 -0.0240936056
vn -0.0227284487 -0.999570251 -0.0185147505
vn -0.0229943432 -0.999419987 -0.0251200814
vn -0.0118137766 0.991237998 0.131558731
vn 0.00928882789 0.96053797 0.277993798
vn -0.02651597 0.975230396 0.219596311
vn 0.0230775625 0.896612465 0.44221434
vn 0.113734782 0.796292365 0.594123662
vn -0.0151321106 0.896444678 0.442897111
vn 0.000744656776 0.0006092072 0.999999523
vn 0.010734004 -0.044996094 0.998929501
vn -0.000364672218 0.00114984717 0.999999285
vn 0.00351678184 0.00455934368 0.99998337
vn 0.000744656776 0.0006092072 0.999999523
vn -0.000364672218 0.00114984717 0.999999285
vn -0.0215943716 0.534344018 -0.844991207
vn 0.000650349888 0.624663055 -0.78089416
vn -0.0366262682 0.317903161 -0.947415531
vn -0.0178191029 0.196094245 -0.980423152
vn 0.000650349888 0.624663055 -0.78089416
vn 0.0159416553 0.622425377 -0.782516778
vn -0.0310006235 -0.996282995 0.0803693607
vn -0.00657489011 -0.728004634 0.685540497
vn -0.0752020329 -0.685098946 0.724557877
vn -0.163189873 -0.231615454 0.959022045
vn -0.129900813 -0.773034453 0.620921552
vn -0.0752020329 -0.685098946 0.724557877
vn -0.0428012684 0.0216663033 -0.998848677
vn 0.00721430406 -0.0360229015 -0.999324977
vn -0.0243775975 0.0274233595 -0.999326646
vn -0.0581343174 0.0882098824 -0.994404018
vn -0.0428012684 0.0216663033 -0.998848677
vn -0.0243775975 0.0274233595 -0.999326646
vn 0.113734782 0.796292365 0.594123662
vn 0.0137936929 0.639946461 0.768295825
vn 0.0311145931 0.787265837 0.615828276
vn 0.113734782 0.796292365 0.594123662
vn 0.0311145931 0.787265837 0.615828276
vn -0.0151321106 0.896444678 0.442897111
vn 0.993825674 0.109967671 -0.0147460029
vn 0.998318791 0.0548810177 -0.0186416581
vn 0.997116446 0.0754195377 -0.00841716118
vn 0.976889193 0.21077764 -0.0354999006
vn 0.993825674 0.109967671 -0.0147460029
vn 0.993671656 0.112282045 0.00305239577
vn 0.185797974 -0.386003584 -0.903593004
vn 0.329008877 -0.265456676 -0.906248271
vn 0.256477654 -0.464877605 -0.847412586
vn 0.493340999 -0.306681812 -0.813978493
vn 0.547185481 -0.131733403 -0.826579869
vn 0.797591329 -0.102624595 -0.594404101
vn -0.120650262 0.263639569 -0.95704627
vn -0.117264479 0.142949939 -0.982758462
vn -0.216468751 0.187378392 -0.958139122
vn -0.120650262 0.263639569 -0.95704627
vn -0.051535517 0.119163968 -0.9915362
vn -0.117264479 0.142949939 -0.982758462
vn 0.948047876 0.0925535858 0.304366648
vn 0.72902 0.0165856332 0.684291482
vn 0.949977279 0.0635017753 0.305794954
vn 0.609774649 0.0418445505 0.791469514
vn 0.72902 0.0165856332 0.684291482
vn 0.948047876 0.0925535858 0.304366648
vn 0.00786130596 -0.999954402 0.00542143453
vn 0.0240253378 -0.999703586 -0.0039397059
vn 0.00944016967 -0.99995327 -0.00210739556
vn 0.0240253378 -0.999703586 -0.0039397059
vn 0.00786130596 -0.999954402 0.00542143453
vn 0.00420100754 -0.977719069 -0.209875524
vn 0.998377442 0.0493924916 -0.0283378717
vn 0.999120235 0.0396770537 -0.0135824466
vn 0.999316871 0.0320663117 -0.0183749776
vn 0.998377442 0.0493924916 -0.0283378717
vn 0.999316871 0.0320663117 -0.0183749776
vn 0.707861364 0.0396039151 -0.70524019
vn 0.903030634 0.424041212 0.0687361583
vn 0.940567613 0.335263729 -0.054137256
vn 0.959031522 0.279357821 -0.0470935069
vn 0.940567613 0.335263729 -0.054137256
vn 0.948152006 0.311216444 -0.0644357577
vn 0.976205349 0.200509876 -0.0825759023
vn 0.0646338463 -0.0142427124 0.997807503
vn 0.0275669191 0.00422921591 0.99961108
vn 0.0362688601 -0.000547967851 0.999341846
vn 0.0362688601 -0.000547967851 0.999341846
vn 0.0275669191 0.00422921591 0.99961108
vn 0.0118557774 0.00761369755 0.999900699
vn 0.0572659709 -0.291912377 -0.954729199
vn 0.0557534993 -0.5460096 -0.835921764
vn 0.0448868237 -0.547603488 -0.835533082
vn 0.087561056 -0.411469132 -0.907207906
vn 0.0882340074 -0.635517776 -0.767028093
vn 0.0557534993 -0.5460096 -0.835921764
vn -0.0666058287 0.841334999 -0.536394536
vn -0.050915435 0.94121325 -0.333954036
vn -0.0257919133 0.916030765 -0.400277764
vn -0.0666058287 0.841334999 -0.536394536
vn 0.0407481901 0.829884827 -0.556444764
vn -0.050915435 0.94121325 -0.333954036
vn -0.999976873 -0.00456233509 -0.00504279742
vn -0.999873698 -0.0154630542 -0.0036513051
vn -0.999064624 -0.0430394262 -0.00418126816
vn -0.999976873 -0.00456233509 -0.00504279742
vn -0.999312878 0.0234400202 -0.0287113599
vn -0.999873698 -0.0154630542 -0.0036513051
vn 0.260775864 0.403670549 0.876952708
vn 0.541602969 0.625809908 0.561273694
vn 0.400732368 0.697570205 0.59397763
vn 0.400732368 0.697570205 0.59397763
vn 0.541602969 0.625809908 0.561273694
vn 0.513742745 0.753327787 0.410567522
vn -0.0979121923 0.728545308 0.677963853
vn 0.00843839627 0.369733334 0.92909956
vn -0.0398707353 0.317830712 0.947308779
vn 0.00843839627 0.369733334 0.92909956
vn 0.0134902298 0.164562255 0.986274421
vn -0.0398707353 0.317830712 0.947308779
vn 0.992827117 -0.0296560694 0.115822695
vn 0.759723485 -0.647090256 0.0639879107
vn 0.998804033 -0.00871041603 0.0481100753
vn 0.999952614 0.00968419947 0.00109012157
vn 0.998804033 -0.00871041603 0.0481100753
vn 0.964968026 -0.262014657 0.0136037059
vn 0.377427757 -0.642631352 0.666763127
vn 0.617176235 -0.368993253 0.69493705
vn 0.441324532 -0.415404379 0.795406759
vn 0.64707011 -0.258237034 0.717365861
vn 0.617176235 -0.368993253 0.69493705
vn 0.80767101 -0.208351672 0.551595032
vn -0.107979223 0.63569659 -0.76434958
vn -0.0158911627 0.267428756 -0.963446558
vn -0.102887608 0.40346545 -0.909191847
vn 0.0383525863 0.632484913 -0.773622692
vn 0.0380055495 0.181521669 -0.982652247
vn -0.0158911627 0.267428756 -0.963446558
vn 0.888655007 0.455541134 -0.0526751839
vn 0.821570277 0.570003986 0.0108488211
vn 0.948152006 0.311216444 -0.0644357577
vn 0.821570277 0.570003986 0.0108488211
vn 0.886450529 0.462646812 0.0127854487
vn 0.782536507 0.618928194 0.0675604343
vn 0.835554183 0.169280648 -0.522678852
vn 0.568110883 0.10710296 -0.815952837
vn 0.896202803 0.0384369083 -0.441976339
vn 0.835554183 0.169280648 -0.522678852
vn 0.896202803 0.0384369083 -0.441976339
vn 0.955899656 0.0636098832 -0.286722302
vn -0.0842044801 0.239348665 -0.967275441
vn -0.235041469 0.708100259 -0.665844917
vn -0.0162972547 0.323656768 -0.946034193
vn -0.0706244111 0.394713759 -0.91608578
vn -0.0376611426 0.552559435 -0.83262217
vn -0.0162972547 0.323656768 -0.946034193
vn -0.993606448 0.0789636225 -0.0806911737
vn -0.990803242 0.0941366628 -0.0971961915
vn -0.99312216 0.0755622461 -0.0894364342
vn -0.990803242 0.0941366628 -0.0971961915
vn -0.98991698 0.0734382123 -0.12112467
vn -0.99312216 0.0755622461 -0.0894364342
vn 0.685672224 0.716016948 0.131047219
vn 0.897414207 0.416244894 0.146245956
vn 0.756763697 0.649671495 0.0723579973
vn 0.685672224 0.716016948 0.131047219
vn 0.890865982 0.443563521 0.0980265886
vn 0.897414207 0.416244894 0.146245956
vn -0.99507302 0.063668333 -0.0760003924
vn -0.99312216 0.0755622461 -0.0894364342
vn -0.993356526 0.0557633005 -0.100664198
vn -0.99507302 0.063668333 -0.0760003924
vn -0.993356526 0.0557633005 -0.100664198
vn -0.996358931 0.0527912378 -0.066948466
vn 0.719384968 0.630680025 0.291080654
vn 0.7714867 0.622773111 0.130237743
vn 0.420535028 0.887785554 0.187048316
vn 0.719384968 0.630680025 0.291080654
vn 0.420535028 0.887785554 0.187048316
vn 0.513742745 0.753327787 0.410567522
vn 0.764551103 0.18963334 0.616036296
vn 0.456531525 0.399471313 0.794985354
vn 0.261156678 0.127111807 0.956890762
vn 0.456531525 0.399471313 0.794985354
vn 0.260775864 0.403670549 0.876952708
vn 0.261156678 0.127111807 0.956890762
vn -0.0102041466 -0.91174233 0.410635859
vn -0.00897715893 -0.99995923 -0.00096233224
vn -0.00586595573 -0.948937118 0.315410763
vn -0.00657489011 -0.728004634 0.685540497
vn -0.0120571693 -0.999858558 -0.0117313499
vn -0.0102041466 -0.91174233 0.410635859
vn 0.0120221348 -0.000646920467 -0.999927521
vn 0.0195225459 -0.0119948946 -0.999737501
vn 0.0129510686 -0.000705407001 -0.999915898
vn 0.0120221348 -0.000646920467 -0.999927521
vn 0.0129510686 -0.000705407001 -0.999915898
vn 0.00721430406 -0.0360229015 -0.999324977
vn -0.689011931 0.196978182 -0.697468281
vn -0.85057205 0.272276193 -0.449880898
vn -0.581968963 0.301388562 -0.75529927
vn -0.581968963 0.301388562 -0.75529927
vn -0.364189297 0.287830114 -0.885731339
vn -0.689011931 0.196978182 -0.697468281
vn -0.870173037 -0.492007136 -0.026978489
vn -0.298596323 -0.954128981 -0.0218662806
vn -0.713970542 -0.699611425 -0.0281079337
vn -0.587664962 -0.808624208 -0.0278690215
vn -0.298596323 -0.954128981 -0.0218662806
vn -0.870173037 -0.492007136 -0.026978489
vn -0.998045623 0.0455532186 -0.0427758545
vn -0.996538281 0.0594741702 -0.0580881536
vn -0.997351885 0.0428540744 -0.0587595738
vn -0.999312878 0.0234400202 -0.0287113599
vn -0.998045623 0.0455532186 -0.0427758545
vn -0.998292506 0.032611534 -0.0484622195
vn -0.79480809 -0.259347945 0.548651814
vn -0.988622963 -0.0422396958 0.144362211
vn -0.986191273 -0.0707581267 0.149732992
vn -0.779316545 0.00499424897 0.626610518
vn -0.988622963 -0.0422396958 0.144362211
vn -0.79480809 -0.259347945 0.548651814
vn -0.689011931 0.196978182 -0.697468281
vn -0.216468751 0.187378392 -0.958139122
vn -0.131829843 0.119301699 -0.984067082
vn -0.689011931 0.196978182 -0.697468281
vn -0.364189297 0.287830114 -0.885731339
vn -0.216468751 0.187378392 -0.958139122
vn -0.194969386 0.482883364 0.853704035
vn -0.261900246 0.385665387 0.884686649
vn -0.122309983 0.31690678 0.940537333
vn -0.122309983 0.31690678 0.940537333
vn -0.080225639 0.504585087 0.859626591
vn -0.194969386 0.482883364 0.853704035
vn -0.000457898102 0.997422874 0.0717456862
vn 0.00768802082 0.997563541 0.0693392903
vn -0.00100938848 0.998129845 0.0611202158
vn 0.00823723152 0.998969316 0.0446366742
vn -0.00100938848 0.998129845 0.0611202158
vn 0.00768802082 0.997563541 0.0693392903
vn -0.0120571693 -0.999858558 -0.0117313499
vn -0.0273237601 -0.999486089 -0.0167650357
vn -0.0280359611 -0.999525011 -0.0127960173
vn -0.0286693163 -0.997231483 -0.0686110184
vn -0.0280359611 -0.999525011 -0.0127960173
vn -0.0273237601 -0.999486089 -0.0167650357
vn 0.733693123 0.666925967 -0.130015597
vn 0.594682574 0.719633102 -0.358442068
vn 0.376588613 0.920455158 -0.104610987
vn 0.756658137 0.444901526 -0.479094088
vn 0.594682574 0.719633102 -0.358442068
vn 0.791528523 0.559176683 -0.24658452
vn -0.567364156 -0.821786404 -0.0525852107
vn -0.692039669 -0.71721822 -0.0817252174
vn -0.215755552 -0.968012154 -0.128070474
vn -0.972419918 -0.23279056 -0.0144236088
vn -0.692039669 -0.71721822 -0.0817252174
vn -0.567364156 -0.821786404 -0.0525852107
vn -0.0132017313 0.235822618 0.97170645
vn -0.086177431 0.041290991 0.995423794
vn -0.00373313692 0.0209366754 0.9997738
vn 0.0117867151 0.143258408 0.989615083
vn -0.0132017313 0.235822618 0.97170645
vn -0.00373313692 0.0209366754 0.9997738
vn 0.0157164112 0.99971801 0.0177992303
vn -0.00345849106 0.999884665 0.0147843016
vn -0.00714723486 0.999789476 0.0192335118
vn 0.0157164112 0.99971801 0.0177992303
vn -0.00714723486 0.999789476 0.0192335118
vn 0.00823723152 0.998969316 0.0446366742
vn -0.0496456288 0.00620903075 0.998747647
vn -0.0633910894 -0.0122026997 0.997914135
vn -0.0788950697 0.013200854 0.996795475
vn -0.0633910894 -0.0122026997 0.997914135
vn -0.100060023 0.00111402525 0.994980752
vn -0.0788950697 0.013200854 0.996795475
vn 0.472377986 -0.248940572 0.845510244
vn 0.284160435 -0.104267001 0.95309031
vn 0.668983936 -0.188655213 0.718936563
vn 0.690689206 -0.241416529 0.681664526
vn 0.284160435 -0.104267001 0.95309031
vn 0.472377986 -0.248940572 0.845510244
vn 0.999471784 0.0300131571 -0.0124639403
vn 0.990370989 0.138371274 0.0043259738
vn 0.998647809 0.0502087995 0.0134797459
vn 0.999471784 0.0300131571 -0.0124639403
vn 0.999255717 0.0385256894 -0.00196854328
vn 0.999565303 -0.00345518836 0.029278731
vn 0.00150173192 0.0230357535 -0.999733448
vn 0.00864096079 -0.00757609773 -0.999933898
vn 0.152249098 0.00358864898 -0.988335669
vn -0.0178191029 0.196094245 -0.980423152
vn 0.00864096079 -0.00757609773 -0.999933898
vn 0.00150173192 0.0230357535 -0.999733448
vn -0.954730153 -0.285632759 -0.0830925256
vn -0.996747136 -0.00729463575 -0.0802616924
vn -0.838798583 -0.520479381 -0.159744233
vn -0.954730153 -0.285632759 -0.0830925256
vn -0.838798583 -0.520479381 -0.159744233
vn -0.692039669 -0.71721822 -0.0817252174
vn -0.657337189 0.753390431 -0.0176294725
vn -0.990987122 0.107728735 -0.0796173885
vn -0.695455194 0.71842891 -0.0142116379
vn -0.988248408 0.109764799 -0.106380627
vn -0.990049839 0.10104835 -0.0979309753
vn -0.990940332 0.0967473313 -0.0931518748
vn 0.0270049423 -0.848887742 -0.527882934
vn 0.0281671733 -0.954748511 -0.296077698
vn 0.0197732616 -0.907715559 -0.419119984
vn 0.0197732616 -0.907715559 -0.419119984
vn 0.0281671733 -0.954748511 -0.296077698
vn 0.00420100754 -0.977719069 -0.209875524
vn 0.948047876 0.0925535858 0.304366648
vn 0.764551103 0.18963334 0.616036296
vn 0.609774649 0.0418445505 0.791469514
vn 0.609774649 0.0418445505 0.791469514
vn 0.764551103 0.18963334 0.616036296
vn 0.261156678 0.127111807 0.956890762
vn 0.010734004 -0.044996094 0.998929501
vn -0.0175935496 -0.058017794 0.998160541
vn -0.00657489011 -0.728004634 0.685540497
vn -0.0175935496 -0.058017794 0.998160541
vn -0.0750012472 -0.100299448 0.992126465
vn -0.00657489011 -0.728004634 0.685540497
vn 0.073240757 0.996807575 0.0317876823
vn 0.0459838249 0.998133779 0.0401792377
vn 0.0190340541 0.998559952 0.0501565337
vn 0.0547928028 0.998494446 0.00256305095
vn 0.073240757 0.996807575 0.0317876823
vn 0.0190340541 0.998559952 0.0501565337
vn -0.458987594 0.173713282 0.871294558
vn -0.428438216 0.107919306 0.89710325
vn -0.765406609 0.17370519 0.619660556
vn -0.263619661 0.00728576165 0.964599252
vn -0.601289988 0.0707086697 0.795896173
vn -0.428438216 0.107919306 0.89710325
vn -0.801517606 0.123196937 0.585142612
vn -0.992279768 0.0693277419 0.102832451
vn -0.995093167 0.039941255 0.0905222893
vn -0.491300493 0.403990149 0.771631896
vn -0.842925787 0.240006566 0.481531948
vn -0.801517606 0.123196937 0.585142612
vn -0.0162657183 0.390800059 -0.920331836
vn 0.0275043864 0.227250561 -0.973447859
vn 0.0280488171 0.511370957 -0.858902156
vn 0.0280488171 0.511370957 -0.858902156
vn 0.0407481901 0.829884827 -0.556444764
vn -0.0377758779 0.672499359 -0.739132941
vn -0.00561193191 -0.999976635 -0.00388036808
vn 0.0161127485 -0.999869943 -0.000560361776
vn 0.0147148557 -0.99988389 -0.00397278694
vn 0.0161127485 -0.999869943 -0.000560361776
vn 0.0458087027 -0.998130202 0.0404677652
vn 0.0147148557 -0.99988389 -0.00397278694
vn 0.0559540503 0.182142198 0.981678843
vn 0.0374682955 0.0223188829 0.999048531
vn 0.0291400459 0.0995046198 0.99461031
vn 0.0559540503 0.182142198 0.981678843
vn 0.0428663157 0.107818946 0.993245959
vn 0.0374682955 0.0223188829 0.999048531
vn 0.902291596 -0.233093888 0.362680435
vn 0.690689206 -0.241416529 0.681664526
vn 0.81080085 -0.36835897 0.454877555
vn 0.902291596 -0.233093888 0.362680435
vn 0.81080085 -0.36835897 0.454877555
vn 0.861455381 -0.173194036 0.47738716
vn 0.150408 0.981112182 0.121639818
vn 0.0873593464 0.995259464 0.0427428894
vn 0.156437486 0.985308647 0.06851542
vn 0.271588445 0.953392386 0.131464317
vn 0.150408 0.981112182 0.121639818
vn 0.156437486 0.985308647 0.06851542
vn -0.997318625 0.0426607691 -0.0594601035
vn -0.996083081 0.0556344278 -0.0687269196
vn -0.996358931 0.0527912378 -0.066948466
vn -0.996083081 0.0556344278 -0.0687269196
vn -0.99507302 0.063668333 -0.0760003924
vn -0.996358931 0.0527912378 -0.066948466
vn -0.00102606916 0.0052354699 0.999985695
vn -0.00086771074 0.00733987615 0.999972701
vn -0.000364672218 0.00114984717 0.999999285
vn -0.00265612965 0.0140532125 0.999897659
vn -0.00086771074 0.00733987615 0.999972701
vn -0.00102606916 0.0052354699 0.999985695
vn 0.756056786 -0.318228215 0.571934402
vn 0.810051501 -0.187788129 0.555474699
vn 0.861455381 -0.173194036 0.47738716
vn 0.861455381 -0.173194036 0.47738716
vn 0.810051501 -0.187788129 0.555474699
vn 0.910927415 -0.104195528 0.399192482
vn 0.0160565432 -0.0231211223 -0.999603808
vn 0.0150903035 -0.014241809 -0.999784648
vn 0.0178455226 -0.0095301643 -0.999795318
vn 0.0229703244 -0.0171527807 -0.999588966
vn 0.0178455226 -0.0095301643 -0.999795318
vn 0.0232910831 -0.0113433553 -0.999664366
vn 0.00439467654 0.0118943909 0.999919534
vn -0.0126888109 0.0132460389 0.999831796
vn -0.00327319792 0.00813090429 0.999961555
vn -0.0126888109 0.0132460389 0.999831796
vn -0.0432521142 0.0423101746 0.998167813
vn -0.00327319792 0.00813090429 0.999961555
vn 0.994372904 0.0690078065 0.0803771093
vn 0.949977279 0.0635017753 0.305794954
vn 0.998157501 0.00474642171 0.0604908764
vn 0.994372904 0.0690078065 0.0803771093
vn 0.998157501 0.00474642171 0.0604908764
vn 0.999255717 0.0385256894 -0.00196854328
vn -0.0571085773 0.287932903 -0.955946267
vn -0.131532967 0.137211829 -0.98176986
vn -0.051535517 0.119163968 -0.9915362
vn -0.051535517 0.119163968 -0.9915362
vn -0.131532967 0.137211829 -0.98176986
vn -0.0581343174 0.0882098824 -0.994404018
vn -0.581968963 0.301388562 -0.75529927
vn -0.61356914 0.449709237 -0.649072111
vn -0.496866822 0.457415074 -0.737492263
vn -0.501079798 0.712958872 -0.490518957
vn -0.496866822 0.457415074 -0.737492263
vn -0.655999482 0.616815865 -0.434974581
vn 0.0372937657 -0.010015808 0.999254227
vn 0.0624308288 -0.105429314 0.992465079
vn 0.0842574537 -0.0371968411 0.995749533
vn 0.189257637 -0.0613775849 0.980007291
vn 0.0842574537 -0.0371968411 0.995749533
vn 0.156319782 -0.153407171 0.975720406
vn -0.396614999 -0.916382849 -0.0542132407
vn -0.171122253 -0.98279494 -0.069507964
vn -0.108565263 -0.992572367 -0.0548962876
vn -0.108565263 -0.992572367 -0.0548962876
vn -0.0152432797 -0.962115049 -0.272217453
vn -0.587664962 -0.808624208 -0.0278690215
vn -0.0544599257 0.0338325016 0.997942567
vn -0.0278115328 0.0349396393 0.999002337
vn -0.0432521142 0.0423101746 0.998167813
vn -0.0126888109 0.0132460389 0.999831796
vn -0.0544599257 0.0338325016 0.997942567
vn -0.0432521142 0.0423101746 0.998167813
vn -0.641114116 0.724538505 -0.25301519
vn -0.282177478 0.94532156 -0.16353327
vn -0.347528428 0.908251524 -0.233030424
vn -0.347528428 0.908251524 -0.233030424
vn -0.0194512103 0.99740386 -0.0693327412
vn -0.0176453795 0.997953475 -0.0614608824
vn -0.128986746 0.113671362 0.985109806
vn -0.1407305 -0.0173243955 0.989896417
vn -0.0592461415 0.0234961957 0.997966826
vn -0.128986746 0.113671362 0.985109806
vn -0.281762809 0.156304866 0.946667075
vn -0.210684553 0.0134845432 0.97746104
vn 0.00468787132 0.116497509 0.993179917
vn 0.0134902298 0.164562255 0.986274421
vn 0.00676209573 0.0438263565 0.999016285
vn -0.033710897 0.124404907 0.991658688
vn -0.0366468877 0.10779044 0.993497908
vn -0.00843453594 0.0572703965 0.998323023
vn 0.857009768 0.514657617 -0.0257238355
vn 0.756763697 0.649671495 0.0723579973
vn 0.940708339 0.333672315 0.0610793196
vn 0.980442345 0.196806103 -0.000378687837
vn 0.940708339 0.333672315 0.0610793196
vn 0.996202528 0.0749293715 0.0443414338
vn -0.0322662145 -0.999237716 -0.0219751131
vn -0.0286693163 -0.997231483 -0.0686110184
vn -0.0254631769 -0.999506533 -0.0183976199
vn -0.0294904169 -0.999319017 -0.0221764594
vn -0.0322662145 -0.999237716 -0.0219751131
vn -0.0254631769 -0.999506533 -0.0183976199
vn 0.461151659 -0.143839657 -0.875585258
vn 0.547185481 -0.131733403 -0.826579869
vn 0.329008877 -0.265456676 -0.906248271
vn 0.329008877 -0.265456676 -0.906248271
vn 0.547185481 -0.131733403 -0.826579869
vn 0.493340999 -0.306681812 -0.813978493
vn -0.0711969957 0.806297779 -0.587209404
vn -0.11086528 0.72748965 -0.677102447
vn -0.0385668389 0.947627127 -0.317041695
vn -0.0145790009 0.810761213 -0.585195363
vn -0.00672256062 0.805359781 -0.592748225
vn -0.0160283968 0.947465062 -0.31945774
vn 0.0268465988 0.970480561 0.239681125
vn 0.0808372498 0.892369986 0.444005787
vn 0.00928882789 0.96053797 0.277993798
vn 0.0514751598 0.897756755 0.437473476
vn 0.0984381065 0.928911328 0.356978506
vn 0.0268465988 0.970480561 0.239681125
vn -0.00843453594 0.0572703965 0.998323023
vn 0.00676209573 0.0438263565 0.999016285
vn 0.00363791594 0.0337405838 0.999423921
vn 0.00676209573 0.0438263565 0.999016285
vn -0.00843453594 0.0572703965 0.998323023
vn 0.00468787132 0.116497509 0.993179917
vn -0.00897715893 -0.99995923 -0.00096233224
vn 0.0112657249 -0.995876431 0.0900172368
vn -0.00586595573 -0.948937118 0.315410763
vn -0.00586595573 -0.948937118 0.315410763
vn 0.0497025922 -0.871025145 0.488717526
vn 0.0172089953 -0.612475812 0.790301979
vn -0.0788950697 0.013200854 0.996795475
vn -0.14278546 0.0206134841 0.989538968
vn -0.079235591 0.0256869383 0.99652487
vn -0.128757745 0.0681237504 0.989333391
vn -0.0943882763 0.146089718 0.984758198
vn -0.0714937523 0.0759345815 0.994546354
vn 0.0396206602 -0.928270996 -0.369788229
vn 0.152291283 -0.89860642 -0.411477596
vn 0.0525434799 -0.988074481 -0.144734293
vn 0.0396206602 -0.928270996 -0.369788229
vn 0.0525434799 -0.988074481 -0.144734293
vn 0.0281671733 -0.954748511 -0.296077698
vn -0.0587206408 0.538447201 -0.840610862
vn -0.0145790009 0.810761213 -0.585195363
vn -0.11086528 0.72748965 -0.677102447
vn -0.11086528 0.72748965 -0.677102447
vn -0.0145790009 0.810761213 -0.585195363
vn -0.0385668389 0.947627127 -0.317041695
vn 0.722903192 0.68291533 0.105060719
vn 0.685672224 0.716016948 0.131047219
vn 0.505449772 0.860112906 0.0687492639
vn 0.722903192 0.68291533 0.105060719
vn 0.505449772 0.860112906 0.0687492639
vn 0.478478849 0.867826462 0.1339228
vn 0.0669557974 -0.00154147763 0.997754753
vn 0.0372937657 -0.010015808 0.999254227
vn 0.0842574537 -0.0371968411 0.995749533
vn 0.0411870033 0.00746430922 0.999123514
vn 0.0372937657 -0.010015808 0.999254227
vn 0.0669557974 -0.00154147763 0.997754753
vn -0.991186082 0.0303778294 0.128947273
vn -0.995044827 0.0362562686 0.0925807506
vn -0.99940449 0.00268358039 0.0344022177
vn -0.948780179 0.0977955163 0.300420284
vn -0.995044827 0.0362562686 0.0925807506
vn -0.991186082 0.0303778294 0.128947273
vn 0.406627119 0.912213326 -0.0502117835
vn 0.733693123 0.666925967 -0.130015597
vn 0.376588613 0.920455158 -0.104610987
vn 0.376588613 0.920455158 -0.104610987
vn 0.0854666531 0.962361813 -0.257982761
vn 0.406627119 0.912213326 -0.0502117835
vn -0.99946624 0.00327259395 -0.0325026512
vn -0.998695552 0.0272172727 -0.0432010815
vn -0.999727011 -0.015460466 -0.0175215229
vn -0.999727011 -0.015460466 -0.0175215229
vn -0.998695552 0.0272172727 -0.0432010815
vn -0.954730153 -0.285632759 -0.0830925256
vn -0.0196607299 -0.999797046 0.00439659553
vn -0.0173459966 -0.999750018 0.0141070327
vn -0.00686016213 -0.999974668 0.00189259555
vn -0.0196607299 -0.999797046 0.00439659553
vn -0.00686016213 -0.999974668 0.00189259555
vn -0.0136420401 -0.999898612 -0.00408478221
vn -0.0633910894 -0.0122026997 0.997914135
vn -0.0840308964 -0.0417910777 0.995586395
vn -0.100060023 0.00111402525 0.994980752
vn -0.0840308964 -0.0417910777 0.995586395
vn -0.155053183 -0.052182585 0.986527026
vn -0.100060023 0.00111402525 0.994980752
vn -0.00364803174 0.020139439 0.99979049
vn -0.0110260304 0.0283541102 0.99953717
vn 0.000125411229 0.0236411076 0.999720514
vn -0.0110260304 0.0283541102 0.99953717
vn 0.00363791594 0.0337405838 0.999423921
vn 0.000125411229 0.0236411076 0.999720514
vn -0.179593831 0.845232069 0.503317714
vn -0.228361398 0.868888497 0.439185202
vn -0.283132017 0.679659367 0.676682591
vn -0.337187469 0.625122964 0.70393604
vn -0.228361398 0.868888497 0.439185202
vn -0.584684193 0.691319227 0.424525738
vn -0.669430554 0.741666079 -0.0423590317
vn -0.988248408 0.109764799 -0.106380627
vn -0.990940332 0.0967473313 -0.0931518748
vn -0.669430554 0.741666079 -0.0423590317
vn -0.904368877 0.414625168 -0.101010405
vn -0.988248408 0.109764799 -0.106380627
vn -0.0233505815 0.999692976 0.00828755088
vn -0.0221469961 0.999753833 0.00137521257
vn -0.020062618 0.999769151 0.00768901221
vn -0.0233505815 0.999692976 0.00828755088
vn -0.020062618 0.999769151 0.00768901221
vn -0.019818984 0.999676466 0.0159450788
vn 0.72902 0.0165856332 0.684291482
vn 0.386339158 -0.00354399392 0.922349989
vn 0.720678806 -0.0112351235 0.693178058
vn 0.609774649 0.0418445505 0.791469514
vn 0.386339158 -0.00354399392 0.922349989
vn 0.72902 0.0165856332 0.684291482
vn -0.00864604581 -0.0450511873 0.998947263
vn -0.0720809251 -0.141366303 0.987329662
vn 0.0136661837 -0.196369171 0.980434835
vn -0.0227719918 -0.00907906052 0.999699414
vn -0.0249917805 -0.0901855379 0.99561131
vn -0.0206363201 -0.0636645555 0.997758031
vn 0.589959741 0.802666962 -0.0875971988
vn 0.481586069 0.873452604 -0.0718000457
vn 0.424843132 0.898912132 -0.107075699
vn 0.459737718 0.886099577 -0.0588970333
vn 0.629448116 0.771118641 -0.095765546
vn 0.424843132 0.898912132 -0.107075699
vn 0.184380159 0.585799515 -0.789203942
vn 0.0769077912 0.496600389 -0.864565372
vn 0.158923313 0.823789835 -0.544163287
vn 0.0769077912 0.496600389 -0.864565372
vn 0.16533713 0.225530446 -0.960104108
vn 0.132860363 0.0714488328 -0.988556147
vn -0.0162338819 0.999409974 0.0302711967
vn -0.0193147361 0.999548912 0.022999391
vn -0.0197886974 0.999243796 0.0334708095
vn -0.0193147361 0.999548912 0.022999391
vn -0.0162338819 0.999409974 0.0302711967
vn -0.0167569239 0.999503195 0.02669378
vn 0.0648944601 0.319172055 0.9454723
vn 0.0135325389 0.430168629 0.902647197
vn -0.02704354 0.151350215 0.988110185
vn 0.100216463 0.648115396 0.754919231
vn 0.0135325389 0.430168629 0.902647197
vn 0.0648944601 0.319172055 0.9454723
vn -0.0151321106 0.896444678 0.442897111
vn -0.02651597 0.975230396 0.219596311
vn 0.00928882789 0.96053797 0.277993798
vn -0.0453676358 0.899168491 0.435244501
vn -0.02651597 0.975230396 0.219596311
vn -0.0151321106 0.896444678 0.442897111
vn 0.3226372 0.945483565 -0.0443400964
vn 0.205983281 0.97843653 0.015253746
vn 0.122453742 0.990183651 -0.0673887283
vn 0.122453742 0.990183651 -0.0673887283
vn 0.126056358 0.99194026 -0.0128186541
vn 0.0547928028 0.998494446 0.00256305095
vn -0.340811372 -0.939015627 0.0457950681
vn -0.0277852919 -0.999200702 -0.0287398081
vn -0.0296952315 -0.999532819 -0.00723931054
vn -0.340811372 -0.939015627 0.0457950681
vn -0.0296952315 -0.999532819 -0.00723931054
vn -0.168594211 -0.835663497 0.522725999
vn 0.158923313 0.823789835 -0.544163287
vn 0.452815861 0.673863888 -0.583836675
vn 0.184380159 0.585799515 -0.789203942
vn 0.756658137 0.444901526 -0.479094088
vn 0.452815861 0.673863888 -0.583836675
vn 0.594682574 0.719633102 -0.358442068
vn 0.156319782 -0.153407171 0.975720406
vn 0.175435692 -0.244545057 0.953635156
vn 0.237686232 -0.31976223 0.917200863
vn 0.237686232 -0.31976223 0.917200863
vn 0.175435692 -0.244545057 0.953635156
vn 0.174070939 -0.457772702 0.871861994
vn 0.10127677 0.533896089 0.839462817
vn 0.0428663157 0.107818946 0.993245959
vn 0.0559540503 0.182142198 0.981678843
vn 0.10127677 0.533896089 0.839462817
vn 0.0137936929 0.639946461 0.768295825
vn 0.113734782 0.796292365 0.594123662
vn 0.964968026 -0.262014657 0.0136037059
vn 0.759723485 -0.647090256 0.0639879107
vn 0.565771818 -0.824558437 -0.00237437733
vn 0.998804033 -0.00871041603 0.0481100753
vn 0.759723485 -0.647090256 0.0639879107
vn 0.964968026 -0.262014657 0.0136037059
vn 0.210186124 0.975180507 -0.0696034506
vn 0.150034592 0.987816632 -0.0413246788
vn 0.424843132 0.898912132 -0.107075699
vn 0.210186124 0.975180507 -0.0696034506
vn 0.0547928028 0.998494446 0.00256305095
vn 0.150034592 0.987816632 -0.0413246788
vn 0.0720381886 -0.0465156622 -0.996316612
vn 0.0276149884 0.00413110107 -0.999610066
vn 0.145967916 -0.0193753093 -0.989099562
vn 0.316929013 -0.0897717103 -0.944191158
vn 0.461151659 -0.143839657 -0.875585258
vn 0.231636852 -0.149561659 -0.961236477
vn -0.842925787 0.240006566 0.481531948
vn -0.82994616 0.411423832 0.376722515
vn -0.996168196 0.0874548256 0.000828917953
vn -0.801517606 0.123196937 0.585142612
vn -0.842925787 0.240006566 0.481531948
vn -0.992279768 0.0693277419 0.102832451
vn 0.48198238 0.108134672 -0.869482517
vn 0.693359077 0.248966455 -0.676216602
vn 0.705263913 0.160765275 -0.690476179
vn 0.705263913 0.160765275 -0.690476179
vn 0.693359077 0.248966455 -0.676216602
vn 0.825148523 0.273786068 -0.494136631
vn 0.3364833 -0.324945271 0.883849263
vn 0.441324532 -0.415404379 0.795406759
vn 0.64707011 -0.258237034 0.717365861
vn 0.64707011 -0.258237034 0.717365861
vn 0.441324532 -0.415404379 0.795406759
vn 0.617176235 -0.368993253 0.69493705
vn 0.0147148557 -0.99988389 -0.00397278694
vn 0.0458087027 -0.998130202 0.0404677652
vn 0.0527310334 -0.995859027 0.0740555227
vn 0.049684573 -0.995571434 0.0798051432
vn 0.0673367083 -0.977513492 0.19983305
vn 0.0527310334 -0.995859027 0.0740555227
vn 0.316929013 -0.0897717103 -0.944191158
vn 0.231636852 -0.149561659 -0.961236477
vn 0.0720381886 -0.0465156622 -0.996316612
vn 0.0720381886 -0.0465156622 -0.996316612
vn 0.231636852 -0.149561659 -0.961236477
vn 0.174937889 -0.121577263 -0.977044404
vn 0.00653188676 0.0667975768 0.997745156
vn -0.00753644668 0.0341146849 0.999389529
vn -0.00538456673 0.0436310321 0.999033213
vn -0.0167397317 0.130781993 0.991269827
vn 0.00653188676 0.0667975768 0.997745156
vn -0.00538456673 0.0436310321 0.999033213
vn -0.998465359 0.03568222 -0.0423540249
vn -0.996868849 0.0546715073 -0.0571283102
vn -0.998364568 0.0429348275 -0.0377484411
vn -0.996168196 0.0874548256 0.000828917953
vn -0.996868849 0.0546715073 -0.0571283102
vn -0.998037517 0.0374845192 -0.0501609109
vn 0.984386325 0.161323488 0.0704149902
vn 0.980330586 0.196912423 0.013318208
vn 0.993671656 0.112282045 0.00305239577
vn 0.984386325 0.161323488 0.0704149902
vn 0.956874669 0.27783522 0.0848443434
vn 0.980330586 0.196912423 0.013318208
vn -0.651484966 0.069047682 0.755512953
vn -0.948780179 0.0977955163 0.300420284
vn -0.89972198 0.0234751441 0.435831875
vn -0.651484966 0.069047682 0.755512953
vn -0.89972198 0.0234751441 0.435831875
vn -0.604579628 -0.101842076 0.790007293
vn 0.00823723152 0.998969316 0.0446366742
vn -0.00714723486 0.999789476 0.0192335118
vn -0.00831718463 0.999219596 0.0386118032
vn -0.00831718463 0.999219596 0.0386118032
vn -0.00100938848 0.998129845 0.0611202158
vn 0.00823723152 0.998969316 0.0446366742
vn -0.665887117 0.73481828 -0.12898235
vn -0.904368877 0.414625168 -0.101010405
vn -0.429904222 0.901962936 -0.0405616276
vn -0.429904222 0.901962936 -0.0405616276
vn -0.904368877 0.414625168 -0.101010405
vn -0.669430554 0.741666079 -0.0423590317
vn 0.205983281 0.97843653 0.015253746
vn 0.140733868 0.989242077 0.0399242938
vn 0.126056358 0.99194026 -0.0128186541
vn 0.122453742 0.990183651 -0.0673887283
vn 0.205983281 0.97843653 0.015253746
vn 0.126056358 0.99194026 -0.0128186541
vn -0.997002423 0.0590197816 -0.0500280932
vn -0.998045623 0.0455532186 -0.0427758545
vn -0.998364568 0.0429348275 -0.0377484411
vn -0.996868849 0.0546715073 -0.0571283102
vn -0.997002423 0.0590197816 -0.0500280932
vn -0.998364568 0.0429348275 -0.0377484411
vn -0.0120571693 -0.999858558 -0.0117313499
vn -0.00897715893 -0.99995923 -0.00096233224
vn -0.0102041466 -0.91174233 0.410635859
vn -0.0120571693 -0.999858558 -0.0117313499
vn -0.00995244738 -0.9999066 -0.0093693193
vn -0.00897715893 -0.99995923 -0.00096233224
vn -0.972419918 -0.23279056 -0.0144236088
vn -0.954730153 -0.285632759 -0.0830925256
vn -0.692039669 -0.71721822 -0.0817252174
vn -0.997961819 -0.0637301132 -0.0032739751
vn -0.954730153 -0.285632759 -0.0830925256
vn -0.972419918 -0.23279056 -0.0144236088
vn -0.210205004 -0.237922773 0.948265016
vn -0.321692497 -0.399158686 0.85859555
vn -0.216914579 -0.410150349 0.885846853
vn -0.138558537 -0.0980221704 0.985491335
vn -0.604579628 -0.101842076 0.790007293
vn -0.210205004 -0.237922773 0.948265016
vn -0.079235591 0.0256869383 0.99652487
vn -0.128757745 0.0681237504 0.989333391
vn -0.0714937523 0.0759345815 0.994546354
vn -0.0544599257 0.0338325016 0.997942567
vn -0.079235591 0.0256869383 0.99652487
vn -0.0714937523 0.0759345815 0.994546354
vn -0.033710897 0.124404907 0.991658688
vn -0.00843453594 0.0572703965 0.998323023
vn -0.0311738923 0.0594976917 0.99774158
vn -0.033710897 0.124404907 0.991658688
vn -0.0311738923 0.0594976917 0.99774158
vn -0.0244029593 0.0996719673 0.994721055
vn 0.010793224 0.958493233 -0.284910917
vn -0.00234547537 0.992783427 -0.11989817
vn -0.00863526482 0.995503604 -0.0943281278
vn -0.00863526482 0.995503604 -0.0943281278
vn -0.00681092544 0.999847054 -0.0161065441
vn 0.01748842 0.999757409 0.0133931693
vn 0.0448868237 -0.547603488 -0.835533082
vn 0.0627468526 -0.65559423 -0.752501905
vn 0.0286573414 -0.777356505 -0.62840718
vn 0.030491367 -0.700433791 -0.713065803
vn 0.0731658638 -0.793046892 -0.604750693
vn 0.0286573414 -0.777356505 -0.62840718
vn -0.99525106 -0.0971934944 -0.00538202096
vn -0.997961819 -0.0637301132 -0.0032739751
vn -0.972419918 -0.23279056 -0.0144236088
vn -0.999064624 -0.0430394262 -0.00418126816
vn -0.998612404 -0.0514728352 -0.0111259967
vn -0.99525106 -0.0971934944 -0.00538202096
vn 0.0882340074 -0.635517776 -0.767028093
vn 0.538916945 -0.453349233 -0.709959805
vn 0.674626231 -0.515243828 -0.52858609
vn 0.797591329 -0.102624595 -0.594404101
vn 0.674626231 -0.515243828 -0.52858609
vn 0.538916945 -0.453349233 -0.709959805
vn -0.210205004 -0.237922773 0.948265016
vn -0.163189873 -0.231615454 0.959022045
vn -0.138558537 -0.0980221704 0.985491335
vn -0.138558537 -0.0980221704 0.985491335
vn -0.163189873 -0.231615454 0.959022045
vn -0.0750012472 -0.100299448 0.992126465
vn 0.0117421905 0.754008889 0.656759262
vn 0.0336740129 0.604643643 0.795783877
vn 0.0708982721 0.384305507 0.920479596
vn 0.0117421905 0.754008889 0.656759262
vn -0.0495677628 0.425539047 0.9035815
vn 0.00900022313 0.466012746 0.884732187
vn 0.0383525863 0.632484913 -0.773622692
vn -0.0707198232 0.868627489 -0.490392745
vn -0.0144649874 0.92572701 -0.377915621
vn -0.107979223 0.63569659 -0.76434958
vn 0.0383525863 0.632484913 -0.773622692
vn -0.0158911627 0.267428756 -0.963446558
vn 0.00833750423 0.346378684 -0.938057721
vn -0.039898064 0.330666482 -0.942903936
vn -0.0324744992 0.196148723 -0.980036259
vn -0.0215943716 0.534344018 -0.844991207
vn 0.0443660282 0.450039893 -0.891905725
vn 0.0237396825 0.876175165 -0.481407791
vn 0.478478849 0.867826462 0.1339228
vn 0.150408 0.981112182 0.121639818
vn 0.336081058 0.923143089 0.186698496
vn 0.336081058 0.923143089 0.186698496
vn 0.708421707 0.704865694 0.036098659
vn 0.478478849 0.867826462 0.1339228
vn -0.998952329 0.0196287129 -0.0413397066
vn -0.999210835 0.0243739448 -0.0313629657
vn -0.999934137 -0.0101270182 0.00540631916
vn -0.998037517 0.0374845192 -0.0501609109
vn -0.999210835 0.0243739448 -0.0313629657
vn -0.998952329 0.0196287129 -0.0413397066
vn -0.390846133 0.0290845037 -0.919996381
vn -0.276055634 0.0438799486 -0.960139513
vn -0.0764422119 0.0505259894 -0.995792985
vn -0.390846133 0.0290845037 -0.919996381
vn -0.65302515 0.101898775 -0.750449777
vn -0.276055634 0.0438799486 -0.960139513
vn 0.70434165 0.154240727 -0.692901611
vn 0.984982789 0.0957728848 -0.14365387
vn 0.707861364 0.0396039151 -0.70524019
vn 0.204749525 0.0635102242 -0.976751864
vn 0.70434165 0.154240727 -0.692901611
vn 0.707861364 0.0396039151 -0.70524019
vn 0.733693123 0.666925967 -0.130015597
vn 0.791528523 0.559176683 -0.24658452
vn 0.594682574 0.719633102 -0.358442068
vn 0.835731983 0.535162985 -0.123095937
vn 0.791528523 0.559176683 -0.24658452
vn 0.733693123 0.666925967 -0.130015597
vn -0.337187469 0.625122964 0.70393604
vn -0.584684193 0.691319227 0.424525738
vn -0.82994616 0.411423832 0.376722515
vn -0.716790318 0.687626719 0.115676939
vn -0.687845349 0.725856304 0.00111166865
vn -0.82994616 0.411423832 0.376722515
vn 0.96943742 0.20964627 0.12743476
vn 0.956874669 0.27783522 0.0848443434
vn 0.984386325 0.161323488 0.0704149902
vn 0.96943742 0.20964627 0.12743476
vn 0.890865982 0.443563521 0.0980265886
vn 0.956874669 0.27783522 0.0848443434
vn -0.904368877 0.414625168 -0.101010405
vn -0.982966244 0.130743936 -0.129163831
vn -0.988248408 0.109764799 -0.106380627
vn -0.904368877 0.414625168 -0.101010405
vn -0.972678721 0.170692161 -0.157353684
vn -0.982966244 0.130743936 -0.129163831
vn 0.00150173192 0.0230357535 -0.999733448
vn 0.0160565432 -0.0231211223 -0.999603808
vn 0.0229703244 -0.0171527807 -0.999588966
vn 0.0229703244 -0.0171527807 -0.999588966
vn 0.0160565432 -0.0231211223 -0.999603808
vn 0.0178455226 -0.0095301643 -0.999795318
vn -0.128757745 0.0681237504 0.989333391
vn -0.14278546 0.0206134841 0.989538968
vn -0.243403926 0.030659223 0.969440341
vn -0.079235591 0.0256869383 0.99652487
vn -0.14278546 0.0206134841 0.989538968
vn -0.128757745 0.0681237504 0.989333391
vn 0.998364806 -0.0137352403 0.0554904751
vn 0.992827117 -0.0296560694 0.115822695
vn 0.998804033 -0.00871041603 0.0481100753
vn 0.998364806 -0.0137352403 0.0554904751
vn 0.994091928 -0.0363453627 0.102275461
vn 0.992827117 -0.0296560694 0.115822695
vn 0.505449772 0.860112906 0.0687492639
vn 0.409801811 0.902239978 0.134258762
vn 0.279662728 0.956617296 0.0816831961
vn 0.279662728 0.956617296 0.0816831961
vn 0.409801811 0.902239978 0.134258762
vn 0.443111598 0.892614663 0.0830134153
vn -0.687845349 0.725856304 0.00111166865
vn -0.497260153 0.863333762 0.0859481767
vn -0.0477375649 0.993085861 0.10724552
vn -0.497260153 0.863333762 0.0859481767
vn -0.687845349 0.725856304 0.00111166865
vn -0.716790318 0.687626719 0.115676939
vn 0.152249098 0.00358864898 -0.988335669
vn 0.48198238 0.108134672 -0.869482517
vn 0.426531196 0.0455990322 -0.903322637
vn 0.152249098 0.00358864898 -0.988335669
vn 0.426531196 0.0455990322 -0.903322637
vn 0.204749525 0.0635102242 -0.976751864
vn -0.019818984 0.999676466 0.0159450788
vn -0.0197056625 0.999607921 0.0198889114
vn -0.0193147361 0.999548912 0.022999391
vn -0.019818984 0.999676466 0.0159450788
vn -0.0170827433 0.999796212 0.0107529787
vn -0.0197056625 0.999607921 0.0198889114
vn 0.0572659709 -0.291912377 -0.954729199
vn 0.087561056 -0.411469132 -0.907207906
vn 0.0557534993 -0.5460096 -0.835921764
vn 0.087561056 -0.411469132 -0.907207906
vn 0.0572659709 -0.291912377 -0.954729199
vn 0.106687211 -0.189490378 -0.976069272
vn 0.999412715 0.0264715832 -0.0217578039
vn 0.999811053 0.0176510643 -0.00814318936
vn 0.999348521 0.0264753066 -0.0245281681
vn 0.991293132 -0.00618832372 -0.131528109
vn 0.998981178 0.0126717025 -0.0433132015
vn 0.998740554 0.0268951412 -0.042355381
vn 0.886450529 0.462646812 0.0127854487
vn 0.888655007 0.455541134 -0.0526751839
vn 0.940567613 0.335263729 -0.054137256
vn 0.888655007 0.455541134 -0.0526751839
vn 0.886450529 0.462646812 0.0127854487
vn 0.821570277 0.570003986 0.0108488211
vn -0.0294532049 -0.997833133 -0.0588350184
vn -0.0363158286 -0.999312341 0.00748388562
vn -0.0273203608 -0.9996261 -0.00109566667
vn -0.0363158286 -0.999312341 0.00748388562
vn -0.0173459966 -0.999750018 0.0141070327
vn -0.0273203608 -0.9996261 -0.00109566667
vn 0.0707829371 0.00165452657 0.997490287
vn 0.0516176075 0.0105339009 0.998611331
vn 0.100440875 0.0150224287 0.994829595
vn 0.100440875 0.0150224287 0.994829595
vn 0.0516176075 0.0105339009 0.998611331
vn 0.0669557974 -0.00154147763 0.997754753
vn -0.687845349 0.725856304 0.00111166865
vn -0.765742898 0.643145859 -0.00112548284
vn -0.994858682 0.0814191103 -0.0602256432
vn -0.994858682 0.0814191103 -0.0602256432
vn -0.695455194 0.71842891 -0.0142116379
vn -0.994625926 0.0710145161 -0.0753403828
vn 0.0374682955 0.0223188829 0.999048531
vn 0.0129235806 0.0212645922 0.999690413
vn 0.0189592373 0.0276539996 0.99943769
vn 0.0189592373 0.0276539996 0.99943769
vn 0.0129235806 0.0212645922 0.999690413
vn 0.00735071348 0.0307369847 0.999500453
vn 0.558085144 0.828141153 0.0521845296
vn 0.708421707 0.704865694 0.036098659
vn 0.336081058 0.923143089 0.186698496
vn 0.708421707 0.704865694 0.036098659
vn 0.558085144 0.828141153 0.0521845296
vn 0.649531066 0.757682621 -0.0634539723
vn 0.825148523 0.273786068 -0.494136631
vn 0.883507967 0.318230242 -0.343719572
vn 0.967607975 0.14610374 -0.20588474
vn 0.825148523 0.273786068 -0.494136631
vn 0.791365743 0.334363133 -0.511802197
vn 0.883507967 0.318230242 -0.343719572
vn -0.0366468877 0.10779044 0.993497908
vn 0.00468787132 0.116497509 0.993179917
vn -0.00843453594 0.0572703965 0.998323023
vn -0.0366468877 0.10779044 0.993497908
vn -0.037383154 0.184379011 0.982143998
vn 0.00468787132 0.116497509 0.993179917
vn -0.765742898 0.643145859 -0.00112548284
vn -0.695455194 0.71842891 -0.0142116379
vn -0.994858682 0.0814191103 -0.0602256432
vn -0.695455194 0.71842891 -0.0142116379
vn -0.0793424994 0.995985806 0.0414378159
vn -0.0298150033 0.998244584 0.0511745028
vn -0.428438216 0.107919306 0.89710325
vn -0.601289988 0.0707086697 0.795896173
vn -0.765406609 0.17370519 0.619660556
vn -0.765406609 0.17370519 0.619660556
vn -0.601289988 0.0707086697 0.795896173
vn -0.821888447 0.0711102262 0.565192699
vn -0.998087406 0.00349659892 0.0617199838
vn -0.997143269 -0.0524638519 0.0543404445
vn -0.999223828 -0.0106244199 0.0379316323
vn -0.998087406 0.00349659892 0.0617199838
vn -0.999223828 -0.0106244199 0.0379316323
vn -0.999195755 0.023006238 0.0328411311
vn 0.28450349 0.955277085 0.0806440338
vn 0.0858403668 0.992631257 0.0855251774
vn 0.150408 0.981112182 0.121639818
vn 0.28450349 0.955277085 0.0806440338
vn 0.134297058 0.990446866 0.0312933251
vn 0.0858403668 0.992631257 0.0855251774
vn -0.215755552 -0.968012154 -0.128070474
vn -0.134792402 -0.985801101 -0.100136802
vn -0.182997242 -0.980346441 -0.0737086236
vn -0.182997242 -0.980346441 -0.0737086236
vn -0.567364156 -0.821786404 -0.0525852107
vn -0.215755552 -0.968012154 -0.128070474
vn 0.947556973 -0.106949687 0.301160634
vn 0.976446211 -0.0620468706 0.20664753
vn 0.984095156 -0.0606352799 0.166972935
vn 0.980674267 -0.0784984529 0.179209381
vn 0.67074275 -0.0446536243 0.740344763
vn 0.952447474 -0.129322961 0.275897473
vn -0.966549098 -0.0505549125 0.251449704
vn -0.992180049 -0.0637291968 0.107318975
vn -0.991779506 -0.0179307908 0.126695499
vn -0.992180049 -0.0637291968 0.107318975
vn -0.997211754 -0.0620044954 0.0415230058
vn -0.991779506 -0.0179307908 0.126695499
vn 0.00397073291 0.413829863 -0.910345554
vn -0.0377758779 0.672499359 -0.739132941
vn 0.00366989756 0.660776854 -0.750573516
vn 0.00397073291 0.413829863 -0.910345554
vn 0.00366989756 0.660776854 -0.750573516
vn 0.0443660282 0.450039893 -0.891905725
vn 0.150027573 -0.286237627 0.946340203
vn 0.111572862 -0.782034576 0.61316669
vn 0.174070939 -0.457772702 0.871861994
vn 0.126107112 -0.73371321 0.667654037
vn 0.150027573 -0.286237627 0.946340203
vn 0.113012508 -0.28840664 0.95081538
vn 0.708322227 0.0116178393 -0.705793619
vn 0.982486665 -0.00653790263 -0.186217815
vn 0.87042731 -0.0419412255 -0.490507036
vn 0.707861364 0.0396039151 -0.70524019
vn 0.999207079 0.0195093825 -0.0347094238
vn 0.708322227 0.0116178393 -0.705793619
vn 0.740798354 0.668058574 -0.0701111481
vn 0.589959741 0.802666962 -0.0875971988
vn 0.629448116 0.771118641 -0.095765546
vn 0.629448116 0.771118641 -0.095765546
vn 0.589959741 0.802666962 -0.0875971988
vn 0.424843132 0.898912132 -0.107075699
vn 0.000650349888 0.624663055 -0.78089416
vn -0.0178191029 0.196094245 -0.980423152
vn -0.0366262682 0.317903161 -0.947415531
vn -0.0366262682 0.317903161 -0.947415531
vn -0.0178191029 0.196094245 -0.980423152
vn -0.0324744992 0.196148723 -0.980036259
vn 0.00824190862 0.683317184 0.730075121
vn -0.0829353705 0.609779894 0.788219631
vn -0.068950057 0.721806943 0.688651264
vn -0.00572932558 0.770192385 0.637785912
vn 0.0369388498 0.487145483 0.872539222
vn 0.00824190862 0.683317184 0.730075121
vn 0.0882340074 -0.635517776 -0.767028093
vn 0.087561056 -0.411469132 -0.907207906
vn 0.185797974 -0.386003584 -0.903593004
vn 0.0882340074 -0.635517776 -0.767028093
vn 0.185797974 -0.386003584 -0.903593004
vn 0.256477654 -0.464877605 -0.847412586
vn -0.0856764093 0.111052386 -0.99011451
vn -0.0448709056 0.0951513574 -0.994450986
vn -0.0350483879 0.0543015078 -0.997909307
vn -0.0448709056 0.0951513574 -0.994450986
vn -0.0243775975 0.0274233595 -0.999326646
vn -0.0350483879 0.0543015078 -0.997909307
vn 0.0854666531 0.962361813 -0.257982761
vn 0.01748842 0.999757409 0.0133931693
vn 0.0200215373 0.999699652 0.0141336424
vn 0.0200215373 0.999699652 0.0141336424
vn 0.01748842 0.999757409 0.0133931693
vn 0.0238029379 0.999602139 0.0151302516
vn 0.580457807 0.0789403245 -0.810454905
vn 0.48198238 0.108134672 -0.869482517
vn 0.705263913 0.160765275 -0.690476179
vn 0.568110883 0.10710296 -0.815952837
vn 0.580457807 0.0789403245 -0.810454905
vn 0.705263913 0.160765275 -0.690476179
vn -0.00275716465 0.496669054 0.867935658
vn 0.0512773991 0.578077614 0.814369082
vn 0.00843839627 0.369733334 0.92909956
vn 0.0512773991 0.578077614 0.814369082
vn -0.00275716465 0.496669054 0.867935658
vn 0.00824190862 0.683317184 0.730075121
vn 0.766238391 0.567531705 0.301308215
vn 0.952786922 0.262488186 0.152633175
vn 0.829630435 0.524375916 0.191685215
vn 0.950406969 0.294833243 0.0989952758
vn 0.829630435 0.524375916 0.191685215
vn 0.952786922 0.262488186 0.152633175
vn 0.991153777 -0.0507748201 0.122622073
vn 0.988370657 -0.0603381284 0.139580622
vn 0.988079906 -0.048369199 0.14614588
vn 0.988370657 -0.0603381284 0.139580622
vn 0.984095156 -0.0606352799 0.166972935
vn 0.988079906 -0.048369199 0.14614588
vn 0.0478957035 0.592247009 0.80433166
vn 0.0364693142 0.32450828 0.945179582
vn -0.0106819374 0.385505468 0.922643721
vn 0.0364693142 0.32450828 0.945179582
vn -0.0167397317 0.130781993 0.991269827
vn -0.0106819374 0.385505468 0.922643721
vn 0.0854477733 -0.972991407 0.214443952
vn 0.111572862 -0.782034576 0.61316669
vn 0.126107112 -0.73371321 0.667654037
vn 0.126107112 -0.73371321 0.667654037
vn 0.111572862 -0.782034576 0.61316669
vn 0.150027573 -0.286237627 0.946340203
vn -0.994942963 0.065582782 -0.0760747865
vn -0.99507302 0.063668333 -0.0760003924
vn -0.996083081 0.0556344278 -0.0687269196
vn -0.994942963 0.065582782 -0.0760747865
vn -0.99312216 0.0755622461 -0.0894364342
vn -0.99507302 0.063668333 -0.0760003924
vn -0.106144041 0.783948421 0.611684799
vn -0.0829353705 0.609779894 0.788219631
vn -0.155065924 0.547750592 0.822145879
vn -0.00275716465 0.496669054 0.867935658
vn -0.155065924 0.547750592 0.822145879
vn -0.0829353705 0.609779894 0.788219631
vn 0.132647723 0.795420349 0.591363668
vn 0.131567612 0.846751153 0.515463471
vn 0.113908686 0.861734509 0.494407266
vn 0.132647723 0.795420349 0.591363668
vn 0.147518039 0.845903635 0.512528539
vn 0.131567612 0.846751153 0.515463471
vn 0.857009768 0.514657617 -0.0257238355
vn 0.705791712 0.708057165 -0.0226538517
vn 0.756763697 0.649671495 0.0723579973
vn 0.756763697 0.649671495 0.0723579973
vn 0.705791712 0.708057165 -0.0226538517
vn 0.443111598 0.892614663 0.0830134153
vn 0.0112657249 -0.995876431 0.0900172368
vn 0.0527310334 -0.995859027 0.0740555227
vn 0.0759856701 -0.969492793 0.23304446
vn -0.00586595573 -0.948937118 0.315410763
vn 0.0112657249 -0.995876431 0.0900172368
vn 0.0497025922 -0.871025145 0.488717526
vn 0.0117867151 0.143258408 0.989615083
vn -4.20081451e-05 -0.0123974206 0.999923229
vn -0.0100655863 0.00531770894 0.99993521
vn -4.20081451e-05 -0.0123974206 0.999923229
vn -0.0449356623 -0.0212303568 0.998764217
vn -0.0100655863 0.00531770894 0.99993521
vn 0.041939225 0.396620661 -0.917024076
vn -0.011045333 0.318069816 -0.948002934
vn -0.0162972547 0.323656768 -0.946034193
vn -0.0376611426 0.552559435 -0.83262217
vn 0.041939225 0.396620661 -0.917024076
vn -0.0162972547 0.323656768 -0.946034193
vn 0.984982789 0.0957728848 -0.14365387
vn 0.70434165 0.154240727 -0.692901611
vn 0.696905375 0.183726206 -0.693229795
vn 0.204749525 0.0635102242 -0.976751864
vn 0.696905375 0.183726206 -0.693229795
vn 0.70434165 0.154240727 -0.692901611
vn 0.0281671733 -0.954748511 -0.296077698
vn 0.0525434799 -0.988074481 -0.144734293
vn 0.0298692845 -0.999331176 -0.0210946389
vn 0.00420100754 -0.977719069 -0.209875524
vn 0.0281671733 -0.954748511 -0.296077698
vn 0.0298692845 -0.999331176 -0.0210946389
vn -0.0196805168 -0.999634564 -0.0185303893
vn -0.0161660463 -0.999752164 -0.0153012527
vn -0.00657489011 -0.728004634 0.685540497
vn -0.0161660463 -0.999752164 -0.0153012527
vn -0.0120571693 -0.999858558 -0.0117313499
vn -0.00657489011 -0.728004634 0.685540497
vn -0.0507362112 0.603578508 0.795687675
vn 0.0336740129 0.604643643 0.795783877
vn -0.000352903153 0.92169112 0.387924373
vn 0.0336740129 0.604643643 0.795783877
vn 0.0117421905 0.754008889 0.656759262
vn -0.000352903153 0.92169112 0.387924373
vn -0.999583364 -0.0190115944 0.0217175577
vn -0.999999464 -0.000806219876 -0.000629328773
vn -0.999785006 0.00286079803 0.0205377992
vn -0.999949753 -0.00812786538 -0.00587465893
vn -0.999999464 -0.000806219876 -0.000629328773
vn -0.999583364 -0.0190115944 0.0217175577
vn -0.0237101577 -0.999685049 -0.00822065119
vn -0.0273203608 -0.9996261 -0.00109566667
vn -0.0144024026 -0.999872506 -0.00689834217
vn -0.0237101577 -0.999685049 -0.00822065119
vn -0.0144024026 -0.999872506 -0.00689834217
vn -0.0129636284 -0.999861181 -0.010464306
vn 0.0302834567 -0.00285724434 0.99953717
vn 0.0178283229 -0.0115860859 0.99977392
vn 0.0308386814 -0.0238318685 0.99924022
vn 0.0308386814 -0.0238318685 0.99924022
vn 0.0178283229 -0.0115860859 0.99977392
vn 0.0301863197 -0.00772962626 0.999514461
vn 0.0223504715 -0.785151243 -0.618900537
vn 0.0212455802 -0.82940048 -0.558250308
vn 0.0170376301 -0.502195299 -0.864586353
vn 0.0245191753 -0.381230652 -0.924154818
vn 0.023961775 -0.552460551 -0.833194673
vn 0.0223504715 -0.785151243 -0.618900537
vn -0.999999464 -0.000806219876 -0.000629328773
vn -0.998927355 -0.0294669177 -0.0357171409
vn -0.999995947 -0.0024965303 -0.00137825881
vn -0.999995947 -0.0024965303 -0.00137825881
vn -0.998927355 -0.0294669177 -0.0357171409
vn -0.999041677 -0.0436535999 -0.00319348718
vn -0.0223948136 0.99830091 -0.0537933782
vn -0.0172754936 0.99985075 -7.13333284e-05
vn -0.0221469961 0.999753833 0.00137521257
vn -0.0221469961 0.999753833 0.00137521257
vn -0.0172754936 0.99985075 -7.13333284e-05
vn -0.0170827433 0.999796212 0.0107529787
vn 0.049684573 -0.995571434 0.0798051432
vn 0.0881740153 -0.988707721 0.121171303
vn 0.0673367083 -0.977513492 0.19983305
vn 0.0881740153 -0.988707721 0.121171303
vn 0.11340747 -0.951142609 0.287169635
vn 0.0673367083 -0.977513492 0.19983305
vn -0.604082823 0.0463254377 -0.79557389
vn -0.386686862 0.0325096585 -0.921637833
vn -0.303823143 0.0141816325 -0.95262295
vn -0.731569469 0.0359846652 -0.680816531
vn -0.303823143 0.0141816325 -0.95262295
vn -0.582911313 -0.258016557 -0.770481527
vn 0.00721430406 -0.0360229015 -0.999324977
vn 0.0245191753 -0.381230652 -0.924154818
vn 0.0170376301 -0.502195299 -0.864586353
vn 0.0170376301 -0.502195299 -0.864586353
vn 0.0245191753 -0.381230652 -0.924154818
vn 0.0223504715 -0.785151243 -0.618900537
vn 0.156319782 -0.153407171 0.975720406
vn 0.0624308288 -0.105429314 0.992465079
vn 0.105527729 -0.162958324 0.980973244
vn 0.0842574537 -0.0371968411 0.995749533
vn 0.0624308288 -0.105429314 0.992465079
vn 0.156319782 -0.153407171 0.975720406
vn -0.829583704 -0.0995258316 0.54944104
vn -0.615642607 -0.147270352 0.774141908
vn -0.818877339 -0.307271332 0.484793097
vn -0.543338895 -0.0281001907 0.839043021
vn -0.615642607 -0.147270352 0.774141908
vn -0.829583704 -0.0995258316 0.54944104
vn 0.991702557 0.0151603911 -0.127656698
vn 0.999893486 0.0107446201 -0.00988684408
vn 0.789386094 -0.557550669 -0.256917953
vn 0.999893486 0.0107446201 -0.00988684408
vn 0.999952614 0.00968419947 0.00109012157
vn 0.789386094 -0.557550669 -0.256917953
vn 0.910927415 -0.104195528 0.399192482
vn 0.80767101 -0.208351672 0.551595032
vn 0.853929758 -0.255509675 0.453341991
vn 0.617176235 -0.368993253 0.69493705
vn 0.853929758 -0.255509675 0.453341991
vn 0.80767101 -0.208351672 0.551595032
vn 0.135678232 0.372276515 0.91815114
vn 0.0278915837 0.0199620016 0.999411583
vn 0.261156678 0.127111807 0.956890762
vn 0.135678232 0.372276515 0.91815114
vn 0.0648944601 0.319172055 0.9454723
vn 0.0278915837 0.0199620016 0.999411583
vn 0.461151659 -0.143839657 -0.875585258
vn 0.669089496 -0.0982685983 -0.736656368
vn 0.547185481 -0.131733403 -0.826579869
vn 0.669089496 -0.0982685983 -0.736656368
vn 0.461151659 -0.143839657 -0.875585258
vn 0.492219836 -0.0571484454 -0.868592978
vn -0.0363896675 -0.998965621 -0.0272636805
vn -0.0324569121 -0.999163508 -0.0248750243
vn -0.587664962 -0.808624208 -0.0278690215
vn -0.0363896675 -0.998965621 -0.0272636805
vn -0.0322662145 -0.999237716 -0.0219751131
vn -0.0324569121 -0.999163508 -0.0248750243
vn -0.1302315 -0.989440143 -0.0636231676
vn -0.134792402 -0.985801101 -0.100136802
vn -0.0818969682 -0.995071054 -0.0559147969
vn -0.108565263 -0.992572367 -0.0548962876
vn -0.1302315 -0.989440143 -0.0636231676
vn -0.0818969682 -0.995071054 -0.0559147969
vn 0.119369537 0.958759725 0.257935286
vn 0.0177036282 0.995269179 0.0955293253
vn 0.0776761249 0.951339662 0.298193425
vn 0.119369537 0.958759725 0.257935286
vn 0.0776761249 0.951339662 0.298193425
vn 0.147518039 0.845903635 0.512528539
vn -0.0277852919 -0.999200702 -0.0287398081
vn -0.0289210528 -0.999291241 -0.0240936056
vn -0.0229943432 -0.999419987 -0.0251200814
vn -0.0277852919 -0.999200702 -0.0287398081
vn -0.0229943432 -0.999419987 -0.0251200814
vn -0.0296952315 -0.999532819 -0.00723931054
vn -0.102887608 0.40346545 -0.909191847
vn -0.105448589 0.722507715 -0.683273971
vn -0.107979223 0.63569659 -0.76434958
vn -0.102887608 0.40346545 -0.909191847
vn -0.086427778 0.520121872 -0.849707842
vn -0.105448589 0.722507715 -0.683273971
vn 0.0731658638 -0.793046892 -0.604750693
vn 0.0339666642 -0.845283031 -0.533238053
vn 0.0270049423 -0.848887742 -0.527882934
vn 0.0339666642 -0.845283031 -0.533238053
vn 0.0396206602 -0.928270996 -0.369788229
vn 0.0270049423 -0.848887742 -0.527882934
vn -0.99940449 0.00268358039 0.0344022177
vn -0.999693751 -0.0244232155 -0.0039844187
vn -0.88572973 -0.282538474 0.368313491
vn -0.999195755 0.023006238 0.0328411311
vn -0.999693751 -0.0244232155 -0.0039844187
vn -0.99940449 0.00268358039 0.0344022177
vn 0.0957076624 0.699442208 0.708251834
vn 0.0697119236 0.543367982 0.836595178
vn 0.0478957035 0.592247009 0.80433166
vn 0.0478957035 0.592247009 0.80433166
vn 0.0697119236 0.543367982 0.836595178
vn 0.0364693142 0.32450828 0.945179582
vn -0.0196805168 -0.999634564 -0.0185303893
vn -0.0227284487 -0.999570251 -0.0185147505
vn -0.0161660463 -0.999752164 -0.0153012527
vn -0.0227284487 -0.999570251 -0.0185147505
vn -0.0196805168 -0.999634564 -0.0185303893
vn -0.0229943432 -0.999419987 -0.0251200814
vn -0.966549098 -0.0505549125 0.251449704
vn -0.940254927 -0.0923626572 0.327704042
vn -0.986191273 -0.0707581267 0.149732992
vn -0.818877339 -0.307271332 0.484793097
vn -0.986191273 -0.0707581267 0.149732992
vn -0.940254927 -0.0923626572 0.327704042
vn -0.0603492111 -0.949123323 -0.309067845
vn -0.0801859796 -0.713183165 -0.696376324
vn -0.0257866066 -0.951946497 -0.305176467
vn -0.106032431 -0.98784405 -0.11367172
vn -0.152675882 -0.962242723 -0.225342259
vn -0.0603492111 -0.949123323 -0.309067845
vn -0.999195755 0.023006238 0.0328411311
vn -0.999785006 0.00286079803 0.0205377992
vn -0.999693751 -0.0244232155 -0.0039844187
vn -0.999223828 -0.0106244199 0.0379316323
vn -0.999785006 0.00286079803 0.0205377992
vn -0.999195755 0.023006238 0.0328411311
vn -0.968521476 0.171632767 -0.180300847
vn -0.689011931 0.196978182 -0.697468281
vn -0.87007606 0.129756927 -0.475532144
vn -0.968521476 0.171632767 -0.180300847
vn -0.85057205 0.272276193 -0.449880898
vn -0.689011931 0.196978182 -0.697468281
vn 0.668983936 -0.188655213 0.718936563
vn 0.44621399 -0.176567048 0.877335191
vn 0.64707011 -0.258237034 0.717365861
vn 0.668983936 -0.188655213 0.718936563
vn 0.284160435 -0.104267001 0.95309031
vn 0.44621399 -0.176567048 0.877335191
vn 0.274688512 -0.957604945 -0.0868274271
vn 0.71628654 -0.697589517 -0.0173888579
vn 0.565771818 -0.824558437 -0.00237437733
vn 0.274688512 -0.957604945 -0.0868274271
vn 0.789386094 -0.557550669 -0.256917953
vn 0.71628654 -0.697589517 -0.0173888579
vn -0.1893543 -0.743595004 -0.641257703
vn -0.0801859796 -0.713183165 -0.696376324
vn -0.152675882 -0.962242723 -0.225342259
vn -0.0801859796 -0.713183165 -0.696376324
vn -0.0603492111 -0.949123323 -0.309067845
vn -0.152675882 -0.962242723 -0.225342259
vn -0.0158911627 0.267428756 -0.963446558
vn 0.0380055495 0.181521669 -0.982652247
vn 0.00372444233 0.0182286501 -0.999826968
vn 0.0380055495 0.181521669 -0.982652247
vn 0.00376962568 0.0290409923 -0.999571085
vn 0.00372444233 0.0182286501 -0.999826968
vn 0.0808372498 0.892369986 0.444005787
vn 0.0230775625 0.896612465 0.44221434
vn 0.00928882789 0.96053797 0.277993798
vn 0.0230775625 0.896612465 0.44221434
vn -0.0151321106 0.896444678 0.442897111
vn 0.00928882789 0.96053797 0.277993798
vn -0.988248408 0.109764799 -0.106380627
vn -0.986872554 0.117729351 -0.110553965
vn -0.990049839 0.10104835 -0.0979309753
vn -0.990049839 0.10104835 -0.0979309753
vn -0.986872554 0.117729351 -0.110553965
vn -0.990803242 0.0941366628 -0.0971961915
vn -0.0102041466 -0.91174233 0.410635859
vn 0.0281466078 -0.280366331 0.959480286
vn -0.00657489011 -0.728004634 0.685540497
vn 0.0281466078 -0.280366331 0.959480286
vn -0.0102041466 -0.91174233 0.410635859
vn -0.00652459171 -0.536699593 0.843748152
vn 0.674626231 -0.515243828 -0.52858609
vn 0.789386094 -0.557550669 -0.256917953
vn 0.152291283 -0.89860642 -0.411477596
vn 0.32315889 -0.931081414 -0.169279978
vn 0.789386094 -0.557550669 -0.256917953
vn 0.274688512 -0.957604945 -0.0868274271
vn -0.00373313692 0.0209366754 0.9997738
vn -0.00864604581 -0.0450511873 0.998947263
vn -0.0227719918 -0.00907906052 0.999699414
vn -0.0227719918 -0.00907906052 0.999699414
vn -0.00864604581 -0.0450511873 0.998947263
vn -0.0249917805 -0.0901855379 0.99561131
vn 0.980674267 -0.0784984529 0.179209381
vn 0.952447474 -0.129322961 0.275897473
vn 0.947556973 -0.106949687 0.301160634
vn 0.952447474 -0.129322961 0.275897473
vn 0.902291596 -0.233093888 0.362680435
vn 0.947556973 -0.106949687 0.301160634
vn -0.0711969957 0.806297779 -0.587209404
vn -0.0385668389 0.947627127 -0.317041695
vn -0.0159572549 0.97367394 -0.227386445
vn 0.0133828511 0.75746578 -0.652737737
vn -0.0711969957 0.806297779 -0.587209404
vn -0.0159572549 0.97367394 -0.227386445
vn -0.870173037 -0.492007136 -0.026978489
vn -0.863563418 -0.503033042 -0.0348712765
vn -0.587664962 -0.808624208 -0.0278690215
vn -0.567364156 -0.821786404 -0.0525852107
vn -0.396614999 -0.916382849 -0.0542132407
vn -0.863563418 -0.503033042 -0.0348712765
vn 0.0212455802 -0.82940048 -0.558250308
vn 0.0204968099 -0.821572006 -0.569736242
vn 0.0197732616 -0.907715559 -0.419119984
vn 0.023961775 -0.552460551 -0.833194673
vn 0.0204968099 -0.821572006 -0.569736242
vn 0.0212455802 -0.82940048 -0.558250308
vn 0.0742467865 -0.528076053 0.84594512
vn 0.0172089953 -0.612475812 0.790301979
vn 0.0497025922 -0.871025145 0.488717526
vn 0.0104316082 -0.19897075 0.979949951
vn 0.0172089953 -0.612475812 0.790301979
vn 0.0742467865 -0.528076053 0.84594512
vn -0.0190150142 0.986922503 -0.160070136
vn -0.0512290671 0.979431748 -0.19516404
vn -0.0264579896 0.999601841 -0.00979892071
vn -0.0512290671 0.979431748 -0.19516404
vn -0.0142794698 0.948334157 -0.316951901
vn -0.0264579896 0.999601841 -0.00979892071
vn 0.0376550332 0.813692927 -0.580073953
vn 0.0401938483 0.959124207 -0.280116439
vn 0.0512021184 0.924226522 -0.378396273
vn 0.0376550332 0.813692927 -0.580073953
vn 0.0237396825 0.876175165 -0.481407791
vn 0.0401938483 0.959124207 -0.280116439
vn -0.10946843 0.776514411 0.620517612
vn -0.194969386 0.482883364 0.853704035
vn -0.080225639 0.504585087 0.859626591
vn -0.080225639 0.504585087 0.859626591
vn -0.0271149911 0.882219136 0.470057696
vn -0.10946843 0.776514411 0.620517612
vn 0.959031522 0.279357821 -0.0470935069
vn 0.976205349 0.200509876 -0.0825759023
vn 0.976889193 0.21077764 -0.0354999006
vn 0.959031522 0.279357821 -0.0470935069
vn 0.940567613 0.335263729 -0.054137256
vn 0.976205349 0.200509876 -0.0825759023
vn 0.0104606943 -0.50108248 -0.865336239
vn 0.0183263514 -0.813250482 -0.581625164
vn -0.0801859796 -0.713183165 -0.696376324
vn 0.0183263514 -0.813250482 -0.581625164
vn 0.0174442921 -0.829555213 -0.558152258
vn 0.0150155872 -0.849197507 -0.527861834
vn -0.0142794698 0.948334157 -0.316951901
vn -0.0159572549 0.97367394 -0.227386445
vn -0.0269747339 0.997998893 -0.0571893379
vn -0.0142794698 0.948334157 -0.316951901
vn -0.0269747339 0.997998893 -0.0571893379
vn -0.0264579896 0.999601841 -0.00979892071
vn -0.956445396 0.0657932535 -0.284400135
vn -0.87007606 0.129756927 -0.475532144
vn -0.840133548 0.076764442 -0.536919653
vn -0.956445396 0.0657932535 -0.284400135
vn -0.886134446 0.0514357686 -0.460565031
vn -0.969754875 0.0450059585 -0.23989591
vn 0.998981178 0.0126717025 -0.0433132015
vn 0.999412715 0.0264715832 -0.0217578039
vn 0.998740554 0.0268951412 -0.042355381
vn 0.999207079 0.0195093825 -0.0347094238
vn 0.999412715 0.0264715832 -0.0217578039
vn 0.998981178 0.0126717025 -0.0433132015
vn 0.48198238 0.108134672 -0.869482517
vn 0.450255632 0.184416905 -0.87364769
vn 0.693359077 0.248966455 -0.676216602
vn 0.132860363 0.0714488328 -0.988556147
vn 0.450255632 0.184416905 -0.87364769
vn 0.188071355 0.0207307376 -0.981936574
vn -0.840133548 0.076764442 -0.536919653
vn -0.886134446 0.0514357686 -0.460565031
vn -0.956445396 0.0657932535 -0.284400135
vn -0.840133548 0.076764442 -0.536919653
vn -0.604082823 0.0463254377 -0.79557389
vn -0.886134446 0.0514357686 -0.460565031
vn -0.0370700657 0.992979884 0.112324409
vn -0.0477375649 0.993085861 0.10724552
vn -0.0618980564 0.94726187 0.314425796
vn -0.0324067995 0.996769309 0.0734901875
vn -0.0477375649 0.993085861 0.10724552
vn -0.0370700657 0.992979884 0.112324409
vn 0.00725485478 -0.476301819 -0.879251897
vn 0.0174442921 -0.829555213 -0.558152258
vn 0.0183263514 -0.813250482 -0.581625164
vn 0.00721430406 -0.0360229015 -0.999324977
vn 0.0170376301 -0.502195299 -0.864586353
vn 0.00725485478 -0.476301819 -0.879251897
vn -0.761000514 -0.182743534 0.622481287
vn -0.991186082 0.0303778294 0.128947273
vn -0.978928328 -0.075960964 0.189550728
vn -0.761000514 -0.182743534 0.622481287
vn -0.978928328 -0.075960964 0.189550728
vn -0.88572973 -0.282538474 0.368313491
vn -0.0315353386 0.754201293 -0.655885577
vn 0.00765643222 0.655831158 -0.754868865
vn 0.031882111 0.759895444 -0.649263024
vn 0.031882111 0.759895444 -0.649263024
vn 0.0679360181 0.485400438 -0.87164855
vn 0.0133828511 0.75746578 -0.652737737
vn 0.188071355 0.0207307376 -0.981936574
vn 0.48198238 0.108134672 -0.869482517
vn 0.152249098 0.00358864898 -0.988335669
vn 0.48198238 0.108134672 -0.869482517
vn 0.188071355 0.0207307376 -0.981936574
vn 0.450255632 0.184416905 -0.87364769
vn -0.0105330264 -0.999916852 -0.00743215811
vn 0.0147148557 -0.99988389 -0.00397278694
vn 0.0112657249 -0.995876431 0.0900172368
vn -0.00728620589 -0.999949396 -0.00694261678
vn -0.00561193191 -0.999976635 -0.00388036808
vn 0.0147148557 -0.99988389 -0.00397278694
vn -0.1407305 -0.0173243955 0.989896417
vn -0.210684553 0.0134845432 0.97746104
vn -0.604579628 -0.101842076 0.790007293
vn -0.128986746 0.113671362 0.985109806
vn -0.210684553 0.0134845432 0.97746104
vn -0.1407305 -0.0173243955 0.989896417
vn 0.725030184 0.68475759 -0.0737439319
vn 0.719103754 0.687729478 -0.099588573
vn 0.509842873 0.85875684 -0.0509603992
vn 0.924541354 0.376590163 -0.058336854
vn 0.719103754 0.687729478 -0.099588573
vn 0.725030184 0.68475759 -0.0737439319
vn 0.00725485478 -0.476301819 -0.879251897
vn 0.0170376301 -0.502195299 -0.864586353
vn 0.0174442921 -0.829555213 -0.558152258
vn 0.0174442921 -0.829555213 -0.558152258
vn 0.0170376301 -0.502195299 -0.864586353
vn 0.0150155872 -0.849197507 -0.527861834
vn 0.0679360181 0.485400438 -0.87164855
vn 0.00765643222 0.655831158 -0.754868865
vn 0.041939225 0.396620661 -0.917024076
vn 0.00765643222 0.655831158 -0.754868865
vn 0.0679360181 0.485400438 -0.87164855
vn 0.031882111 0.759895444 -0.649263024
vn 0.993825674 0.109967671 -0.0147460029
vn 0.998372614 0.052047424 -0.0233026035
vn 0.998318791 0.0548810177 -0.0186416581
vn 0.998318791 0.0548810177 -0.0186416581
vn 0.998372614 0.052047424 -0.0233026035
vn 0.999471784 0.0300131571 -0.0124639403
vn -0.00637294725 0.999932468 0.00971570052
vn -0.0101557849 0.999630928 0.025198821
vn -0.0170827433 0.999796212 0.0107529787
vn -0.0172754936 0.99985075 -7.13333284e-05
vn -0.00637294725 0.999932468 0.00971570052
vn -0.0170827433 0.999796212 0.0107529787
vn 0.0302834567 -0.00285724434 0.99953717
vn 0.0134877171 0.00650963001 0.999887884
vn 0.0178283229 -0.0115860859 0.99977392
vn 0.0302834567 -0.00285724434 0.99953717
vn 0.0138167059 0.0101306913 0.999853194
vn 0.0134877171 0.00650963001 0.999887884
vn 0.127519384 0.78603375 0.604888141
vn 0.113734782 0.796292365 0.594123662
vn 0.128967151 0.856939197 0.499021709
vn 0.0230775625 0.896612465 0.44221434
vn 0.128967151 0.856939197 0.499021709
vn 0.113734782 0.796292365 0.594123662
vn -0.990771472 -0.0571007021 0.122928433
vn -0.997697115 -0.0558806844 0.0384411961
vn -0.992180049 -0.0637291968 0.107318975
vn -0.999934137 -0.0101270182 0.00540631916
vn -0.997697115 -0.0558806844 0.0384411961
vn -0.990771472 -0.0571007021 0.122928433
vn -0.000457898102 0.997422874 0.0717456862
vn -0.0184191223 0.996978998 0.0754568577
vn -0.00221193884 0.995612442 0.0935462937
vn -0.00100938848 0.998129845 0.0611202158
vn -0.012974523 0.99866873 0.0499244519
vn -0.000457898102 0.997422874 0.0717456862
vn 0.0458087027 -0.998130202 0.0404677652
vn 0.0881740153 -0.988707721 0.121171303
vn 0.049684573 -0.995571434 0.0798051432
vn 0.0527310334 -0.995859027 0.0740555227
vn 0.0458087027 -0.998130202 0.0404677652
vn 0.049684573 -0.995571434 0.0798051432
vn -0.00491834059 0.000727055245 0.999987662
vn -0.00490926346 -0.166387752 0.986048222
vn -0.0204944685 -0.642613173 0.765916586
vn -0.00491834059 0.000727055245 0.999987662
vn 0.010734004 -0.044996094 0.998929501
vn -0.00490926346 -0.166387752 0.986048222
vn -0.00637294725 0.999932468 0.00971570052
vn -0.00305138179 0.999565542 0.0293186661
vn -0.0101557849 0.999630928 0.025198821
vn -0.00305138179 0.999565542 0.0293186661
vn -0.669430554 0.741666079 -0.0423590317
vn -0.0101557849 0.999630928 0.025198821
vn 0.509842873 0.85875684 -0.0509603992
vn 0.369429618 0.928253651 -0.0432059653
vn 0.388113946 0.921587586 0.00663082348
vn 0.509842873 0.85875684 -0.0509603992
vn 0.719103754 0.687729478 -0.099588573
vn 0.369429618 0.928253651 -0.0432059653
vn 0.489580423 -0.56823653 0.661375999
vn 0.377427757 -0.642631352 0.666763127
vn 0.357822686 -0.807583213 0.468798667
vn 0.617176235 -0.368993253 0.69493705
vn 0.489580423 -0.56823653 0.661375999
vn 0.57329917 -0.565641344 0.592771411
vn -0.00491834059 0.000727055245 0.999987662
vn -0.0204944685 -0.642613173 0.765916586
vn -0.00825577043 -0.143174306 0.989663064
vn -0.00825577043 -0.143174306 0.989663064
vn -0.0204944685 -0.642613173 0.765916586
vn 0.0104316082 -0.19897075 0.979949951
vn 0.0066265706 0.9978953 0.0645061955
vn 0.00785052683 0.992797017 0.119551584
vn 0.0177036282 0.995269179 0.0955293253
vn 0.0177036282 0.995269179 0.0955293253
vn 0.00785052683 0.992797017 0.119551584
vn 0.0575015135 0.916962862 0.394806921
vn -0.0129636284 -0.999861181 -0.010464306
vn -0.0144024026 -0.999872506 -0.00689834217
vn -0.00995244738 -0.9999066 -0.0093693193
vn -0.0129636284 -0.999861181 -0.010464306
vn -0.00995244738 -0.9999066 -0.0093693193
vn -0.0120571693 -0.999858558 -0.0117313499
vn -0.000457898102 0.997422874 0.0717456862
vn -0.012974523 0.99866873 0.0499244519
vn -0.0184191223 0.996978998 0.0754568577
vn -0.012974523 0.99866873 0.0499244519
vn -0.0280742757 0.998507857 0.0468389317
vn -0.0184191223 0.996978998 0.0754568577
vn 0.57329917 -0.565641344 0.592771411
vn 0.357822686 -0.807583213 0.468798667
vn 0.653346479 -0.675376892 0.342059016
vn 0.489580423 -0.56823653 0.661375999
vn 0.357822686 -0.807583213 0.468798667
vn 0.57329917 -0.565641344 0.592771411
vn -0.0943882763 0.146089718 0.984758198
vn -0.180293515 0.126238808 0.975478351
vn -0.128986746 0.113671362 0.985109806
vn -0.128757745 0.0681237504 0.989333391
vn -0.180293515 0.126238808 0.975478351
vn -0.0943882763 0.146089718 0.984758198
vn 0.558085144 0.828141153 0.0521845296
vn 0.271588445 0.953392386 0.131464317
vn 0.343124658 0.938296437 0.0431899354
vn 0.271588445 0.953392386 0.131464317
vn 0.156437486 0.985308647 0.06851542
vn 0.343124658 0.938296437 0.0431899354
vn -0.0653367192 0.46333003 0.883774042
vn -0.0507362112 0.603578508 0.795687675
vn -0.0500058867 0.889829516 0.453544706
vn -0.0692109466 0.558013558 0.826940596
vn -0.0653367192 0.46333003 0.883774042
vn -0.0500058867 0.889829516 0.453544706
vn 0.0314293317 -0.13482891 0.990370274
vn 0.0104316082 -0.19897075 0.979949951
vn 0.0742467865 -0.528076053 0.84594512
vn 0.0106876465 0.00648232969 0.999921858
vn 0.0034362697 -0.00634545833 0.999973893
vn 0.0314293317 -0.13482891 0.990370274
vn 0.263820529 -0.795295 0.545806348
vn 0.377427757 -0.642631352 0.666763127
vn 0.324226856 -0.40619877 0.854329824
vn 0.263820529 -0.795295 0.545806348
vn 0.357822686 -0.807583213 0.468798667
vn 0.377427757 -0.642631352 0.666763127
vn -0.821888447 0.0711102262 0.565192699
vn -0.93076241 0.0314351469 0.364270538
vn -0.948780179 0.0977955163 0.300420284
vn -0.821888447 0.0711102262 0.565192699
vn -0.849941432 -0.0150962211 0.52666086
vn -0.93076241 0.0314351469 0.364270538
vn -0.801517606 0.123196937 0.585142612
vn -0.779316545 0.00499424897 0.626610518
vn -0.328249246 0.0736387298 0.941716433
vn -0.328249246 0.0736387298 0.941716433
vn -0.779316545 0.00499424897 0.626610518
vn -0.381570995 -0.215717196 0.898815751
vn 0.840829074 0.404316694 0.359909058
vn 0.744495928 0.401029646 0.533761144
vn 0.952943563 0.151502252 0.262574703
vn 0.952943563 0.151502252 0.262574703
vn 0.744495928 0.401029646 0.533761144
vn 0.764551103 0.18963334 0.616036296
vn -0.086427778 0.520121872 -0.849707842
vn -0.0742202252 0.650492728 -0.755877316
vn -0.105448589 0.722507715 -0.683273971
vn -0.0742202252 0.650492728 -0.755877316
vn -0.086427778 0.520121872 -0.849707842
vn 0.00765643222 0.655831158 -0.754868865
vn 0.87042731 -0.0419412255 -0.490507036
vn 0.988858938 0.00893091038 -0.148587525
vn 0.943833292 -0.0260132458 -0.329396635
vn 0.988858938 0.00893091038 -0.148587525
vn 0.991702557 0.0151603911 -0.127656698
vn 0.943833292 -0.0260132458 -0.329396635
vn 0.101892136 0.993474722 0.0512448438
vn 0.0551909469 0.997170448 0.0510415398
vn 0.134297058 0.990446866 0.0312933251
vn 0.279662728 0.956617296 0.0816831961
vn 0.101892136 0.993474722 0.0512448438
vn 0.134297058 0.990446866 0.0312933251
vn -0.398426682 -0.0241957549 0.916881025
vn -0.543338895 -0.0281001907 0.839043021
vn -0.601289988 0.0707086697 0.795896173
vn -0.419109792 -0.104393281 0.901914001
vn -0.543338895 -0.0281001907 0.839043021
vn -0.398426682 -0.0241957549 0.916881025
vn -0.991979599 0.0877441019 -0.0909805149
vn -0.990049839 0.10104835 -0.0979309753
vn -0.991749227 0.0954435989 -0.0855809003
vn -0.991979599 0.0877441019 -0.0909805149
vn -0.991749227 0.0954435989 -0.0855809003
vn -0.993606448 0.0789636225 -0.0806911737
vn -0.331909776 0.208433092 0.919995368
vn -0.375114739 0.155182704 0.913896799
vn -0.169423953 0.0977515504 0.980683565
vn -0.331909776 0.208433092 0.919995368
vn -0.491300493 0.403990149 0.771631896
vn -0.375114739 0.155182704 0.913896799
vn 0.0637840554 0.303818345 0.950592518
vn 0.0291400459 0.0995046198 0.99461031
vn 0.0134902298 0.164562255 0.986274421
vn 0.0637840554 0.303818345 0.950592518
vn 0.0369388498 0.487145483 0.872539222
vn 0.0291400459 0.0995046198 0.99461031
vn 0.0190340541 0.998559952 0.0501565337
vn 0.0459838249 0.998133779 0.0401792377
vn 0.0106972568 0.998284161 0.0575723238
vn 0.0190340541 0.998559952 0.0501565337
vn 0.0106972568 0.998284161 0.0575723238
vn 0.0429283679 0.997229159 0.0607541688
vn 0.998970926 0.044071883 -0.010713838
vn 0.998396754 0.0564803146 0.00371509441
vn 0.998767972 0.0476303361 -0.0139256073
vn 0.998970926 0.044071883 -0.010713838
vn 0.998767972 0.0476303361 -0.0139256073
vn 0.999120235 0.0396770537 -0.0135824466
vn 0.128982276 -0.0165763758 0.991508424
vn 0.0707829371 0.00165452657 0.997490287
vn 0.142159298 2.56956664e-05 0.989843786
vn 0.142159298 2.56956664e-05 0.989843786
vn 0.0707829371 0.00165452657 0.997490287
vn 0.100440875 0.0150224287 0.994829595
vn 0.998740554 0.0268951412 -0.042355381
vn 0.999412715 0.0264715832 -0.0217578039
vn 0.999348521 0.0264753066 -0.0245281681
vn 0.998740554 0.0268951412 -0.042355381
vn 0.999348521 0.0264753066 -0.0245281681
vn 0.991702557 0.0151603911 -0.127656698
vn -0.68219769 0.730821669 -0.0224952158
vn -0.669430554 0.741666079 -0.0423590317
vn -0.990940332 0.0967473313 -0.0931518748
vn -0.669430554 0.741666079 -0.0423590317
vn -0.68219769 0.730821669 -0.0224952158
vn -0.0256423019 0.99890554 0.039116472
vn 0.0341950953 0.998987019 0.0292502232
vn 0.0157164112 0.99971801 0.0177992303
vn 0.0153729739 0.999320507 0.0334976241
vn 0.0153729739 0.999320507 0.0334976241
vn 0.00823723152 0.998969316 0.0446366742
vn 0.0146700405 0.998264611 0.0570316911
vn -0.00221193884 0.995612442 0.0935462937
vn -0.0184191223 0.996978998 0.0754568577
vn -0.0118137766 0.991237998 0.131558731
vn -0.00221193884 0.995612442 0.0935462937
vn -0.00215192698 0.993692815 0.112115502
vn 0.00760386884 0.959679782 0.280992776
vn -0.895681441 -0.339891434 -0.286755413
vn -0.850364268 -0.0507582091 -0.523740649
vn -0.582911313 -0.258016557 -0.770481527
vn -0.850364268 -0.0507582091 -0.523740649
vn -0.731569469 0.0359846652 -0.680816531
vn -0.582911313 -0.258016557 -0.770481527
vn 0.0646338463 -0.0142427124 0.997807503
vn 0.0707829371 0.00165452657 0.997490287
vn 0.128982276 -0.0165763758 0.991508424
vn 0.0646338463 -0.0142427124 0.997807503
vn 0.128982276 -0.0165763758 0.991508424
vn 0.261156678 0.127111807 0.956890762
vn 0.991153777 -0.0507748201 0.122622073
vn 0.988079906 -0.048369199 0.14614588
vn 0.994091928 -0.0363453627 0.102275461
vn 0.994091928 -0.0363453627 0.102275461
vn 0.998157501 0.00474642171 0.0604908764
vn 0.991153777 -0.0507748201 0.122622073
vn -0.0722158179 0.626767218 -0.775852978
vn -0.00672256062 0.805359781 -0.592748225
vn 0.00219195057 0.538529813 -0.842603624
vn -0.0722158179 0.626767218 -0.775852978
vn -0.144041732 0.802496135 -0.579009533
vn -0.00672256062 0.805359781 -0.592748225
vn 0.0146700405 0.998264611 0.0570316911
vn 0.0106972568 0.998284161 0.0575723238
vn 0.0459838249 0.998133779 0.0401792377
vn 0.0341950953 0.998987019 0.0292502232
vn 0.0153729739 0.999320507 0.0334976241
vn 0.0146700405 0.998264611 0.0570316911
vn -0.990987122 0.107728735 -0.0796173885
vn -0.990940332 0.0967473313 -0.0931518748
vn -0.991979599 0.0877441019 -0.0909805149
vn -0.68219769 0.730821669 -0.0224952158
vn -0.990940332 0.0967473313 -0.0931518748
vn -0.990987122 0.107728735 -0.0796173885
vn 0.261284024 0.0390455201 0.964471877
vn 0.156892478 0.0414557457 0.986745298
vn 0.67074275 -0.0446536243 0.740344763
vn 0.261284024 0.0390455201 0.964471877
vn 0.264803618 -0.00656413194 0.964280009
vn 0.203163654 0.0100692594 0.979092956
vn -0.00460678898 -0.94534719 -0.326032639
vn -0.0128903491 -0.962927282 -0.269453138
vn -0.0294532049 -0.997833133 -0.0588350184
vn 0.0197732616 -0.907715559 -0.419119984
vn 0.00562066399 -0.897187412 -0.4416143
vn -0.00460678898 -0.94534719 -0.326032639
vn -0.979709804 0.136562437 -0.146695137
vn -0.984917045 0.0979510322 -0.142632559
vn -0.986886203 0.114844531 -0.113430366
vn -0.986886203 0.114844531 -0.113430366
vn -0.984917045 0.0979510322 -0.142632559
vn -0.990803242 0.0941366628 -0.0971961915
vn -0.805281103 0.463989675 -0.369101226
vn -0.816553891 0.32670185 -0.47592628
vn -0.665887117 0.73481828 -0.12898235
vn -0.655999482 0.616815865 -0.434974581
vn -0.805281103 0.463989675 -0.369101226
vn -0.641114116 0.724538505 -0.25301519
vn -0.657337189 0.753390431 -0.0176294725
vn -0.68219769 0.730821669 -0.0224952158
vn -0.990987122 0.107728735 -0.0796173885
vn -0.68219769 0.730821669 -0.0224952158
vn -0.657337189 0.753390431 -0.0176294725
vn -0.0256423019 0.99890554 0.039116472
vn 0.896202803 0.0384369083 -0.441976339
vn 0.951377034 0.0312478449 -0.306439608
vn 0.955899656 0.0636098832 -0.286722302
vn 0.951377034 0.0312478449 -0.306439608
vn 0.967607975 0.14610374 -0.20588474
vn 0.955899656 0.0636098832 -0.286722302
vn 0.797591329 -0.102624595 -0.594404101
vn 0.962612331 -0.0209276956 -0.270073175
vn 0.674626231 -0.515243828 -0.52858609
vn 0.962612331 -0.0209276956 -0.270073175
vn 0.789386094 -0.557550669 -0.256917953
vn 0.674626231 -0.515243828 -0.52858609
vn -0.00513577275 0.999952137 0.00833288766
vn -0.00345849106 0.999884665 0.0147843016
vn 0.01748842 0.999757409 0.0133931693
vn -0.00513577275 0.999952137 0.00833288766
vn -0.0233505815 0.999692976 0.00828755088
vn -0.00345849106 0.999884665 0.0147843016
vn 0.0134877171 0.00650963001 0.999887884
vn -0.000292462151 0.00658624433 0.999978304
vn 0.00384945422 -0.000232796257 0.999992549
vn -0.000292462151 0.00658624433 0.999978304
vn -0.00102606916 0.0052354699 0.999985695
vn 0.00384945422 -0.000232796257 0.999992549
vn 0.0268465988 0.970480561 0.239681125
vn 0.0984381065 0.928911328 0.356978506
vn 0.0808372498 0.892369986 0.444005787
vn 0.128967151 0.856939197 0.499021709
vn 0.0808372498 0.892369986 0.444005787
vn 0.0984381065 0.928911328 0.356978506
vn -0.641114116 0.724538505 -0.25301519
vn -0.805281103 0.463989675 -0.369101226
vn -0.665887117 0.73481828 -0.12898235
vn -0.282177478 0.94532156 -0.16353327
vn -0.641114116 0.724538505 -0.25301519
vn -0.665887117 0.73481828 -0.12898235
vn 0.981699347 0.0978194848 0.163394615
vn 0.992113292 0.0917062983 0.0854462534
vn 0.952786922 0.262488186 0.152633175
vn 0.992113292 0.0917062983 0.0854462534
vn 0.981699347 0.0978194848 0.163394615
vn 0.994372904 0.0690078065 0.0803771093
vn -0.0215943716 0.534344018 -0.844991207
vn -0.0366262682 0.317903161 -0.947415531
vn -0.039898064 0.330666482 -0.942903936
vn 0.00833750423 0.346378684 -0.938057721
vn -0.0215943716 0.534344018 -0.844991207
vn -0.039898064 0.330666482 -0.942903936
vn 0.0257195607 0.999423623 0.0221573543
vn 0.0238029379 0.999602139 0.0151302516
vn 0.0551909469 0.997170448 0.0510415398
vn 0.0257195607 0.999423623 0.0221573543
vn 0.0200215373 0.999699652 0.0141336424
vn 0.0238029379 0.999602139 0.0151302516
vn 0.615723729 -0.114145003 0.779650748
vn 0.284160435 -0.104267001 0.95309031
vn 0.690689206 -0.241416529 0.681664526
vn 0.67074275 -0.0446536243 0.740344763
vn 0.189257637 -0.0613775849 0.980007291
vn 0.615723729 -0.114145003 0.779650748
vn -0.0707198232 0.868627489 -0.490392745
vn -0.107979223 0.63569659 -0.76434958
vn -0.0958305374 0.887417793 -0.450894952
vn 0.0383525863 0.632484913 -0.773622692
vn -0.107979223 0.63569659 -0.76434958
vn -0.0707198232 0.868627489 -0.490392745
vn -0.979709804 0.136562437 -0.146695137
vn -0.87007606 0.129756927 -0.475532144
vn -0.984917045 0.0979510322 -0.142632559
vn -0.968521476 0.171632767 -0.180300847
vn -0.87007606 0.129756927 -0.475532144
vn -0.979709804 0.136562437 -0.146695137
vn -0.00572932558 0.770192385 0.637785912
vn -0.068950057 0.721806943 0.688651264
vn -0.0453676358 0.899168491 0.435244501
vn 0.00824190862 0.683317184 0.730075121
vn -0.068950057 0.721806943 0.688651264
vn -0.00572932558 0.770192385 0.637785912
vn -0.00753644668 0.0341146849 0.999389529
vn -0.0237158313 0.0379689746 0.998997509
vn -0.01651497 0.0314568393 0.999368668
vn -0.0198626034 0.0439254791 0.998837352
vn -0.00656878948 0.0383948348 0.999241114
vn -0.01651497 0.0314568393 0.999368668
vn 0.119369537 0.958759725 0.257935286
vn 0.420535028 0.887785554 0.187048316
vn 0.0429283679 0.997229159 0.0607541688
vn 0.420535028 0.887785554 0.187048316
vn 0.0639156923 0.997689068 0.0230469611
vn 0.0429283679 0.997229159 0.0607541688
vn 0.284160435 -0.104267001 0.95309031
vn 0.189257637 -0.0613775849 0.980007291
vn 0.44621399 -0.176567048 0.877335191
vn 0.615723729 -0.114145003 0.779650748
vn 0.189257637 -0.0613775849 0.980007291
vn 0.284160435 -0.104267001 0.95309031
vn 0.949977279 0.0635017753 0.305794954
vn 0.72902 0.0165856332 0.684291482
vn 0.951874793 -0.0161507558 0.306061238
vn 0.998157501 0.00474642171 0.0604908764
vn 0.949977279 0.0635017753 0.305794954
vn 0.951874793 -0.0161507558 0.306061238
vn -0.133327827 0.819924593 -0.556729198
vn -0.105448589 0.722507715 -0.683273971
vn -0.0669679046 0.793848395 -0.604417205
vn -0.133327827 0.819924593 -0.556729198
vn -0.0669679046 0.793848395 -0.604417205
vn -0.0451105908 0.855683744 -0.515529156
vn -0.0237158313 0.0379689746 0.998997509
vn -0.0198626034 0.0439254791 0.998837352
vn -0.01651497 0.0314568393 0.999368668
vn -0.0311738923 0.0594976917 0.99774158
vn -0.0198626034 0.0439254791 0.998837352
vn -0.0237158313 0.0379689746 0.998997509
vn -0.0280742757 0.998507857 0.0468389317
vn -0.0256422013 0.999009848 0.0363566987
vn -0.695455194 0.71842891 -0.0142116379
vn -0.0197886974 0.999243796 0.0334708095
vn -0.0280742757 0.998507857 0.0468389317
vn -0.012974523 0.99866873 0.0499244519
vn 0.420535028 0.887785554 0.187048316
vn 0.119369537 0.958759725 0.257935286
vn 0.314540923 0.90319711 0.29205969
vn 0.513742745 0.753327787 0.410567522
vn 0.420535028 0.887785554 0.187048316
vn 0.314540923 0.90319711 0.29205969
vn 0.999977589 0.00649274373 -0.00162363355
vn 0.999941111 0.00992638897 -0.00437665312
vn 0.998804033 -0.00871041603 0.0481100753
vn 0.999775648 0.0206889994 -0.00453356095
vn 0.999631047 0.0257176384 -0.00873569772
vn 0.999941111 0.00992638897 -0.00437665312
vn 0.0364693142 0.32450828 0.945179582
vn 0.024296226 0.120172225 0.992455661
vn -0.0167397317 0.130781993 0.991269827
vn 0.024296226 0.120172225 0.992455661
vn 0.00653188676 0.0667975768 0.997745156
vn -0.0167397317 0.130781993 0.991269827
vn 0.0336740129 0.604643643 0.795783877
vn -0.00345723168 0.223861575 0.974614859
vn 0.0023525937 0.208139956 0.978096306
vn 0.0336740129 0.604643643 0.795783877
vn -0.0507362112 0.603578508 0.795687675
vn -0.00345723168 0.223861575 0.974614859
vn 0.0240253378 -0.999703586 -0.0039397059
vn 0.0208623614 -0.999781311 -0.00144620286
vn 0.00944016967 -0.99995327 -0.00210739556
vn 0.00944016967 -0.99995327 -0.00210739556
vn 0.0208623614 -0.999781311 -0.00144620286
vn 0.0161127485 -0.999869943 -0.000560361776
vn 0.0938564911 0.398561209 0.912326574
vn 0.0428663157 0.107818946 0.993245959
vn 0.10127677 0.533896089 0.839462817
vn 0.0938564911 0.398561209 0.912326574
vn 0.10127677 0.533896089 0.839462817
vn 0.127519384 0.78603375 0.604888141
vn 0.477525741 0.878542721 0.0114859128
vn 0.343124658 0.938296437 0.0431899354
vn 0.3226372 0.945483565 -0.0443400964
vn 0.481586069 0.873452604 -0.0718000457
vn 0.3226372 0.945483565 -0.0443400964
vn 0.210186124 0.975180507 -0.0696034506
vn 0.999775648 0.0206889994 -0.00453356095
vn 0.999941111 0.00992638897 -0.00437665312
vn 0.999977589 0.00649274373 -0.00162363355
vn 0.999775648 0.0206889994 -0.00453356095
vn 0.999977589 0.00649274373 -0.00162363355
vn 0.999811053 0.0176510643 -0.00814318936
vn -0.0256422013 0.999009848 0.0363566987
vn -0.0280742757 0.998507857 0.0468389317
vn -0.0197886974 0.999243796 0.0334708095
vn -0.0197056625 0.999607921 0.0198889114
vn -0.0256422013 0.999009848 0.0363566987
vn -0.0197886974 0.999243796 0.0334708095
vn 0.012771287 0.0164416078 0.999783278
vn -0.0100655863 0.00531770894 0.99993521
vn 0.00932728592 0.0186276753 0.99978292
vn 0.0129235806 0.0212645922 0.999690413
vn 0.012771287 0.0164416078 0.999783278
vn 0.00932728592 0.0186276753 0.99978292
vn 0.140733868 0.989242077 0.0399242938
vn 0.073240757 0.996807575 0.0317876823
vn 0.11565087 0.993225873 0.0112856627
vn 0.140733868 0.989242077 0.0399242938
vn 0.11565087 0.993225873 0.0112856627
vn 0.126056358 0.99194026 -0.0128186541
vn 0.998647809 0.0502087995 0.0134797459
vn 0.997050643 0.0681718737 0.035252925
vn 0.999255717 0.0385256894 -0.00196854328
vn 0.998647809 0.0502087995 0.0134797459
vn 0.999255717 0.0385256894 -0.00196854328
vn 0.999471784 0.0300131571 -0.0124639403
vn -0.0720809251 -0.141366303 0.987329662
vn -0.381570995 -0.215717196 0.898815751
vn -0.0995166898 -0.19057174 0.976616025
vn -0.328249246 0.0736387298 0.941716433
vn -0.381570995 -0.215717196 0.898815751
vn -0.0720809251 -0.141366303 0.987329662
vn -0.713970542 -0.699611425 -0.0281079337
vn -0.298596323 -0.954128981 -0.0218662806
vn -0.340811372 -0.939015627 0.0457950681
vn -0.88572973 -0.282538474 0.368313491
vn -0.713970542 -0.699611425 -0.0281079337
vn -0.834852219 -0.542742133 0.091938667
vn 0.0873593464 0.995259464 0.0427428894
vn 0.0341950953 0.998987019 0.0292502232
vn 0.0459838249 0.998133779 0.0401792377
vn 0.0459838249 0.998133779 0.0401792377
vn 0.0341950953 0.998987019 0.0292502232
vn 0.0146700405 0.998264611 0.0570316911
vn 0.998647809 0.0502087995 0.0134797459
vn 0.996615648 0.063823171 0.0518066175
vn 0.997050643 0.0681718737 0.035252925
vn 0.996615648 0.063823171 0.0518066175
vn 0.992113292 0.0917062983 0.0854462534
vn 0.997050643 0.0681718737 0.035252925
vn -0.995855868 0.0677412897 -0.0606794022
vn -0.99381429 0.0791239291 -0.0779272094
vn -0.994999051 0.071100302 -0.0701544806
vn -0.994858682 0.0814191103 -0.0602256432
vn -0.994625926 0.0710145161 -0.0753403828
vn -0.996286809 0.0607077815 -0.0610501692
vn -0.997211754 -0.0620044954 0.0415230058
vn -0.999583364 -0.0190115944 0.0217175577
vn -0.997143269 -0.0524638519 0.0543404445
vn -0.997211754 -0.0620044954 0.0415230058
vn -0.997143269 -0.0524638519 0.0543404445
vn -0.991779506 -0.0179307908 0.126695499
vn 0.0159955807 0.76760155 0.64072758
vn 0.00900022313 0.466012746 0.884732187
vn 0.0760179758 0.642490804 0.762513518
vn 0.0117421905 0.754008889 0.656759262
vn 0.00900022313 0.466012746 0.884732187
vn 0.0159955807 0.76760155 0.64072758
vn -0.0574948527 -0.0491192527 0.997136712
vn -0.0840308964 -0.0417910777 0.995586395
vn -0.0633910894 -0.0122026997 0.997914135
vn -0.0449356623 -0.0212303568 0.998764217
vn -0.0574948527 -0.0491192527 0.997136712
vn -0.0633910894 -0.0122026997 0.997914135
vn -0.713970542 -0.699611425 -0.0281079337
vn -0.340811372 -0.939015627 0.0457950681
vn -0.834852219 -0.542742133 0.091938667
vn -0.445581645 -0.748651981 0.490894258
vn -0.834852219 -0.542742133 0.091938667
vn -0.340811372 -0.939015627 0.0457950681
vn -0.615642607 -0.147270352 0.774141908
vn -0.648309588 -0.378292292 0.660749316
vn -0.818877339 -0.307271332 0.484793097
vn -0.79480809 -0.259347945 0.548651814
vn -0.818877339 -0.307271332 0.484793097
vn -0.648309588 -0.378292292 0.660749316
vn -0.999988675 -0.00284262048 -0.00381973595
vn -0.999312878 0.0234400202 -0.0287113599
vn -0.999976873 -0.00456233509 -0.00504279742
vn -0.999988675 -0.00284262048 -0.00381973595
vn -0.999976873 -0.00456233509 -0.00504279742
vn -0.998927355 -0.0294669177 -0.0357171409
vn 0.969987631 0.241803035 -0.025597401
vn 0.886541545 0.456615537 -0.0744740367
vn 0.878919423 0.47696659 -0.00187139236
vn 0.969987631 0.241803035 -0.025597401
vn 0.934530079 0.343384534 -0.0934914127
vn 0.886541545 0.456615537 -0.0744740367
vn -0.155053183 -0.052182585 0.986527026
vn -0.271141797 -0.0490068197 0.961291075
vn -0.16888456 0.00479278341 0.985624135
vn -0.0995166898 -0.19057174 0.976616025
vn -0.271141797 -0.0490068197 0.961291075
vn -0.155053183 -0.052182585 0.986527026
vn -0.999580145 0.0154704629 -0.0244977772
vn -0.999210835 0.0243739448 -0.0313629657
vn -0.999361873 0.0262062717 -0.0242689103
vn -0.999210835 0.0243739448 -0.0313629657
vn -0.999580145 0.0154704629 -0.0244977772
vn -0.999934137 -0.0101270182 0.00540631916
vn 0.0720381886 -0.0465156622 -0.996316612
vn 0.174937889 -0.121577263 -0.977044404
vn 0.106687211 -0.189490378 -0.976069272
vn 0.106687211 -0.189490378 -0.976069272
vn 0.174937889 -0.121577263 -0.977044404
vn 0.329008877 -0.265456676 -0.906248271
vn -0.991979599 0.0877441019 -0.0909805149
vn -0.99381429 0.0791239291 -0.0779272094
vn -0.994625926 0.0710145161 -0.0753403828
vn -0.994625926 0.0710145161 -0.0753403828
vn -0.99381429 0.0791239291 -0.0779272094
vn -0.995855868 0.0677412897 -0.0606794022
vn 0.932546675 0.358784348 0.0403812192
vn 0.969987631 0.241803035 -0.025597401
vn 0.878919423 0.47696659 -0.00187139236
vn 0.878919423 0.47696659 -0.00187139236
vn 0.7714867 0.622773111 0.130237743
vn 0.932546675 0.358784348 0.0403812192
vn 0.696905375 0.183726206 -0.693229795
vn 0.835554183 0.169280648 -0.522678852
vn 0.938466489 0.122649655 -0.32285887
vn 0.835554183 0.169280648 -0.522678852
vn 0.955899656 0.0636098832 -0.286722302
vn 0.938466489 0.122649655 -0.32285887
vn -0.100060023 0.00111402525 0.994980752
vn -0.16888456 0.00479278341 0.985624135
vn -0.14278546 0.0206134841 0.989538968
vn -0.155053183 -0.052182585 0.986527026
vn -0.16888456 0.00479278341 0.985624135
vn -0.100060023 0.00111402525 0.994980752
vn 0.256477654 -0.464877605 -0.847412586
vn 0.329008877 -0.265456676 -0.906248271
vn 0.493340999 -0.306681812 -0.813978493
vn 0.256477654 -0.464877605 -0.847412586
vn 0.493340999 -0.306681812 -0.813978493
vn 0.538916945 -0.453349233 -0.709959805
vn 0.98939836 0.110283107 0.0944904909
vn 0.993671656 0.112282045 0.00305239577
vn 0.997116446 0.0754195377 -0.00841716118
vn 0.993671656 0.112282045 0.00305239577
vn 0.993825674 0.109967671 -0.0147460029
vn 0.997116446 0.0754195377 -0.00841716118
vn -0.0136420401 -0.999898612 -0.00408478221
vn -0.00686016213 -0.999974668 0.00189259555
vn -0.00561193191 -0.999976635 -0.00388036808
vn -0.0136420401 -0.999898612 -0.00408478221
vn -0.00561193191 -0.999976635 -0.00388036808
vn -0.00728620589 -0.999949396 -0.00694261678
vn -0.996286809 0.0607077815 -0.0610501692
vn -0.995855868 0.0677412897 -0.0606794022
vn -0.997002423 0.0590197816 -0.0500280932
vn -0.994625926 0.0710145161 -0.0753403828
vn -0.995855868 0.0677412897 -0.0606794022
vn -0.996286809 0.0607077815 -0.0610501692
vn 0.0133828511 0.75746578 -0.652737737
vn 0.041939225 0.396620661 -0.917024076
vn -0.0376611426 0.552559435 -0.83262217
vn 0.0133828511 0.75746578 -0.652737737
vn -0.0376611426 0.552559435 -0.83262217
vn -0.0711969957 0.806297779 -0.587209404
vn -0.303823143 0.0141816325 -0.95262295
vn -0.0243536569 0.00364793441 -0.999696672
vn -0.341424197 -0.557705998 -0.756566942
vn -0.386686862 0.0325096585 -0.921637833
vn -0.0243536569 0.00364793441 -0.999696672
vn -0.303823143 0.0141816325 -0.95262295
vn -0.0249917805 -0.0901855379 0.99561131
vn 0.0136661837 -0.196369171 0.980434835
vn -0.0995166898 -0.19057174 0.976616025
vn -0.00864604581 -0.0450511873 0.998947263
vn 0.0136661837 -0.196369171 0.980434835
vn -0.0249917805 -0.0901855379 0.99561131
vn 0.0720381886 -0.0465156622 -0.996316612
vn 0.145967916 -0.0193753093 -0.989099562
vn 0.316929013 -0.0897717103 -0.944191158
vn 0.145967916 -0.0193753093 -0.989099562
vn 0.492219836 -0.0571484454 -0.868592978
vn 0.316929013 -0.0897717103 -0.944191158
vn 0.857009768 0.514657617 -0.0257238355
vn 0.980442345 0.196806103 -0.000378687837
vn 0.924541354 0.376590163 -0.058336854
vn 0.857009768 0.514657617 -0.0257238355
vn 0.940708339 0.333672315 0.0610793196
vn 0.980442345 0.196806103 -0.000378687837
vn -0.840133548 0.076764442 -0.536919653
vn -0.390846133 0.0290845037 -0.919996381
vn -0.386686862 0.0325096585 -0.921637833
vn -0.386686862 0.0325096585 -0.921637833
vn -0.390846133 0.0290845037 -0.919996381
vn -0.0243536569 0.00364793441 -0.999696672
vn -0.0958305374 0.887417793 -0.450894952
vn -0.133327827 0.819924593 -0.556729198
vn -0.0451105908 0.855683744 -0.515529156
vn -0.0958305374 0.887417793 -0.450894952
vn -0.0451105908 0.855683744 -0.515529156
vn -0.0512290671 0.979431748 -0.19516404
vn -0.144041732 0.802496135 -0.579009533
vn -0.23506321 0.39434886 -0.888388634
vn -0.254011929 0.769875824 -0.585464776
vn -0.23506321 0.39434886 -0.888388634
vn -0.144041732 0.802496135 -0.579009533
vn -0.0722158179 0.626767218 -0.775852978
vn -0.169423953 0.0977515504 0.980683565
vn -0.328249246 0.0736387298 0.941716433
vn -0.086177431 0.041290991 0.995423794
vn -0.0132017313 0.235822618 0.97170645
vn -0.169423953 0.0977515504 0.980683565
vn -0.086177431 0.041290991 0.995423794
vn -0.997351885 0.0428540744 -0.0587595738
vn -0.99946624 0.00327259395 -0.0325026512
vn -0.998292506 0.032611534 -0.0484622195
vn -0.998045623 0.0455532186 -0.0427758545
vn -0.997351885 0.0428540744 -0.0587595738
vn -0.998292506 0.032611534 -0.0484622195
vn -0.886134446 0.0514357686 -0.460565031
vn -0.604082823 0.0463254377 -0.79557389
vn -0.731569469 0.0359846652 -0.680816531
vn -0.731569469 0.0359846652 -0.680816531
vn -0.604082823 0.0463254377 -0.79557389
vn -0.303823143 0.0141816325 -0.95262295
vn 0.169447526 0.728583217 0.663667023
vn 0.260032505 0.7249102 0.637877941
vn 0.147518039 0.845903635 0.512528539
vn 0.283862978 0.626848221 0.7255916
vn 0.260032505 0.7249102 0.637877941
vn 0.169447526 0.728583217 0.663667023
vn 0.708322227 0.0116178393 -0.705793619
vn 0.999207079 0.0195093825 -0.0347094238
vn 0.982486665 -0.00653790263 -0.186217815
vn 0.982486665 -0.00653790263 -0.186217815
vn 0.999207079 0.0195093825 -0.0347094238
vn 0.998981178 0.0126717025 -0.0433132015
vn 0.0314293317 -0.13482891 0.990370274
vn 0.0034362697 -0.00634545833 0.999973893
vn 0.0104316082 -0.19897075 0.979949951
vn 0.0034362697 -0.00634545833 0.999973893
vn -0.000900755927 -0.0264321901 0.99965018
vn 0.0104316082 -0.19897075 0.979949951
vn -0.00863526482 0.995503604 -0.0943281278
vn -0.00234547537 0.992783427 -0.11989817
vn -0.00681092544 0.999847054 -0.0161065441
vn -0.00234547537 0.992783427 -0.11989817
vn -0.0190150142 0.986922503 -0.160070136
vn -0.00681092544 0.999847054 -0.0161065441
vn 0.0284224954 0.239036188 -0.970594585
vn 0.00612533605 0.256421417 -0.966545701
vn 0.00739810057 0.115470849 -0.993283272
vn 0.00612533605 0.256421417 -0.966545701
vn 0.00150173192 0.0230357535 -0.999733448
vn 0.00739810057 0.115470849 -0.993283272
vn 0.869235694 0.39790082 -0.293435454
vn 0.831490576 0.401962221 -0.383470744
vn 0.791528523 0.559176683 -0.24658452
vn 0.883507967 0.318230242 -0.343719572
vn 0.831490576 0.401962221 -0.383470744
vn 0.869235694 0.39790082 -0.293435454
vn -0.0289210528 -0.999291241 -0.0240936056
vn -0.0294904169 -0.999319017 -0.0221764594
vn -0.0227284487 -0.999570251 -0.0185147505
vn -0.0324569121 -0.999163508 -0.0248750243
vn -0.0294904169 -0.999319017 -0.0221764594
vn -0.0289210528 -0.999291241 -0.0240936056
vn 0.0514751598 0.897756755 0.437473476
vn -0.0271149911 0.882219136 0.470057696
vn 0.0482174195 0.634139597 0.771713793
vn 0.0482174195 0.634139597 0.771713793
vn 0.127519384 0.78603375 0.604888141
vn 0.0514751598 0.897756755 0.437473476
vn -0.00364803174 0.020139439 0.99979049
vn 0.00488329073 0.0187259149 0.999812663
vn -0.00220652879 0.014396443 0.999893963
vn -0.00265612965 0.0140532125 0.999897659
vn -0.00364803174 0.020139439 0.99979049
vn -0.00220652879 0.014396443 0.999893963
vn -0.998037517 0.0374845192 -0.0501609109
vn -0.996868849 0.0546715073 -0.0571283102
vn -0.998465359 0.03568222 -0.0423540249
vn -0.999210835 0.0243739448 -0.0313629657
vn -0.998037517 0.0374845192 -0.0501609109
vn -0.998465359 0.03568222 -0.0423540249
vn 0.324226856 -0.40619877 0.854329824
vn 0.441324532 -0.415404379 0.795406759
vn 0.289644063 -0.39014855 0.874008238
vn 0.289644063 -0.39014855 0.874008238
vn 0.237686232 -0.31976223 0.917200863
vn 0.324226856 -0.40619877 0.854329824
vn 0.0172874238 0.299049914 0.95408088
vn -0.00264116074 0.461782575 0.886989295
vn 0.0117867151 0.143258408 0.989615083
vn -0.00264116074 0.461782575 0.886989295
vn 0.0172874238 0.299049914 0.95408088
vn 0.0482174195 0.634139597 0.771713793
vn 0.0160565432 -0.0231211223 -0.999603808
vn 0.152249098 0.00358864898 -0.988335669
vn 0.0150903035 -0.014241809 -0.999784648
vn 0.152249098 0.00358864898 -0.988335669
vn 0.204749525 0.0635102242 -0.976751864
vn 0.0150903035 -0.014241809 -0.999784648
vn -0.163189873 -0.231615454 0.959022045
vn -0.210205004 -0.237922773 0.948265016
vn -0.216914579 -0.410150349 0.885846853
vn -0.163189873 -0.231615454 0.959022045
vn -0.216914579 -0.410150349 0.885846853
vn -0.129900813 -0.773034453 0.620921552
vn -0.996168196 0.0874548256 0.000828917953
vn -0.998037517 0.0374845192 -0.0501609109
vn -0.992279768 0.0693277419 0.102832451
vn -0.842925787 0.240006566 0.481531948
vn -0.996168196 0.0874548256 0.000828917953
vn -0.992279768 0.0693277419 0.102832451
vn -0.00220652879 0.014396443 0.999893963
vn 0.00439467654 0.0118943909 0.999919534
vn 0.00351678184 0.00455934368 0.99998337
vn 0.00439467654 0.0118943909 0.999919534
vn -0.00327319792 0.00813090429 0.999961555
vn 0.00351678184 0.00455934368 0.99998337
vn -0.000858371961 -0.00689776614 0.999975801
vn -0.0206363201 -0.0636645555 0.997758031
vn -4.20081451e-05 -0.0123974206 0.999923229
vn -0.000858371961 -0.00689776614 0.999975801
vn -0.0227719918 -0.00907906052 0.999699414
vn -0.0206363201 -0.0636645555 0.997758031
vn 0.702365696 -0.701942146 0.118151568
vn 0.69033885 -0.68347007 0.237278581
vn 0.352076083 -0.928601146 0.117227606
vn 0.352076083 -0.928601146 0.117227606
vn 0.69033885 -0.68347007 0.237278581
vn 0.0881740153 -0.988707721 0.121171303
vn 0.0118557774 0.00761369755 0.999900699
vn -0.00265612965 0.0140532125 0.999897659
vn 0.0138167059 0.0101306913 0.999853194
vn 0.0118557774 0.00761369755 0.999900699
vn 0.0138167059 0.0101306913 0.999853194
vn 0.0411870033 0.00746430922 0.999123514
vn -0.347528428 0.908251524 -0.233030424
vn -0.282177478 0.94532156 -0.16353327
vn -0.0194512103 0.99740386 -0.0693327412
vn -0.0194512103 0.99740386 -0.0693327412
vn -0.282177478 0.94532156 -0.16353327
vn -0.0583841875 0.997555614 -0.0383946411
vn 0.0276149884 0.00413110107 -0.999610066
vn 0.204749525 0.0635102242 -0.976751864
vn 0.707861364 0.0396039151 -0.70524019
vn 0.0150903035 -0.014241809 -0.999784648
vn 0.204749525 0.0635102242 -0.976751864
vn 0.0276149884 0.00413110107 -0.999610066
vn 0.984095156 -0.0606352799 0.166972935
vn 0.980674267 -0.0784984529 0.179209381
vn 0.947556973 -0.106949687 0.301160634
vn 0.988370657 -0.0603381284 0.139580622
vn 0.980674267 -0.0784984529 0.179209381
vn 0.984095156 -0.0606352799 0.166972935
vn -0.0561502576 0.117982887 0.991426945
vn -0.0278115328 0.0349396393 0.999002337
vn -0.0714937523 0.0759345815 0.994546354
vn -0.0278115328 0.0349396393 0.999002337
vn -0.0561502576 0.117982887 0.991426945
vn -0.0592461415 0.0234961957 0.997966826
vn 0.999539673 0.0278471354 -0.0120398467
vn 0.999471784 0.0300131571 -0.0124639403
vn 0.999941111 0.00992638897 -0.00437665312
vn 0.999120235 0.0396770537 -0.0135824466
vn 0.999471784 0.0300131571 -0.0124639403
vn 0.999539673 0.0278471354 -0.0120398467
vn 0.0627468526 -0.65559423 -0.752501905
vn 0.030491367 -0.700433791 -0.713065803
vn 0.0286573414 -0.777356505 -0.62840718
vn 0.0627468526 -0.65559423 -0.752501905
vn 0.0557534993 -0.5460096 -0.835921764
vn 0.030491367 -0.700433791 -0.713065803
vn -0.106032431 -0.98784405 -0.11367172
vn -0.076121591 -0.995071352 -0.0635485128
vn -0.134792402 -0.985801101 -0.100136802
vn -0.076121591 -0.995071352 -0.0635485128
vn -0.106032431 -0.98784405 -0.11367172
vn -0.0257866066 -0.951946497 -0.305176467
vn 0.910910964 -0.16425471 0.37849924
vn 0.690689206 -0.241416529 0.681664526
vn 0.902291596 -0.233093888 0.362680435
vn 0.615723729 -0.114145003 0.779650748
vn 0.690689206 -0.241416529 0.681664526
vn 0.910910964 -0.16425471 0.37849924
vn -0.0495677628 0.425539047 0.9035815
vn 0.0708982721 0.384305507 0.920479596
vn 0.0023525937 0.208139956 0.978096306
vn 0.0708982721 0.384305507 0.920479596
vn -0.0495677628 0.425539047 0.9035815
vn 0.0117421905 0.754008889 0.656759262
vn -0.996747136 -0.00729463575 -0.0802616924
vn -0.900307417 -0.398715556 -0.17456387
vn -0.838798583 -0.520479381 -0.159744233
vn -0.900307417 -0.398715556 -0.17456387
vn -0.341424197 -0.557705998 -0.756566942
vn -0.838798583 -0.520479381 -0.159744233
vn 0.150034592 0.987816632 -0.0413246788
vn 0.0547928028 0.998494446 0.00256305095
vn 0.0639156923 0.997689068 0.0230469611
vn 0.459737718 0.886099577 -0.0588970333
vn 0.150034592 0.987816632 -0.0413246788
vn 0.0639156923 0.997689068 0.0230469611
vn -0.228361398 0.868888497 0.439185202
vn -0.716790318 0.687626719 0.115676939
vn -0.584684193 0.691319227 0.424525738
vn -0.584684193 0.691319227 0.424525738
vn -0.716790318 0.687626719 0.115676939
vn -0.82994616 0.411423832 0.376722515
vn -0.122309983 0.31690678 0.940537333
vn -0.261900246 0.385665387 0.884686649
vn -0.0904418528 0.110245436 0.989780843
vn -0.122309983 0.31690678 0.940537333
vn -0.0904418528 0.110245436 0.989780843
vn -0.0132017313 0.235822618 0.97170645
vn 0.11340747 -0.951142609 0.287169635
vn 0.263820529 -0.795295 0.545806348
vn 0.232199281 -0.691583097 0.683956385
vn 0.11340747 -0.951142609 0.287169635
vn 0.232199281 -0.691583097 0.683956385
vn 0.111572862 -0.782034576 0.61316669
vn -0.993525147 -0.112518914 -0.0157255922
vn -0.992604792 -0.121145427 -0.00771596981
vn -0.870173037 -0.492007136 -0.026978489
vn -0.999041677 -0.0436535999 -0.00319348718
vn -0.992604792 -0.121145427 -0.00771596981
vn -0.993525147 -0.112518914 -0.0157255922
vn -0.0358768217 -0.998733997 -0.0352580547
vn -0.0286693163 -0.997231483 -0.0686110184
vn -0.0322662145 -0.999237716 -0.0219751131
vn -0.0152432797 -0.962115049 -0.272217453
vn -0.0286693163 -0.997231483 -0.0686110184
vn -0.0358768217 -0.998733997 -0.0352580547
vn -0.0137108378 0.0124432612 0.999828637
vn -0.0544599257 0.0338325016 0.997942567
vn -0.0126888109 0.0132460389 0.999831796
vn 0.00932728592 0.0186276753 0.99978292
vn -0.0137108378 0.0124432612 0.999828637
vn -0.0126888109 0.0132460389 0.999831796
vn -0.972678721 0.170692161 -0.157353684
vn -0.958928764 0.208246201 -0.192585394
vn -0.968521476 0.171632767 -0.180300847
vn -0.665887117 0.73481828 -0.12898235
vn -0.816553891 0.32670185 -0.47592628
vn -0.958928764 0.208246201 -0.192585394
vn -0.582911313 -0.258016557 -0.770481527
vn -0.341424197 -0.557705998 -0.756566942
vn -0.65668124 -0.66251421 -0.360339522
vn -0.900307417 -0.398715556 -0.17456387
vn -0.65668124 -0.66251421 -0.360339522
vn -0.341424197 -0.557705998 -0.756566942
vn -0.00656878948 0.0383948348 0.999241114
vn 0.00363791594 0.0337405838 0.999423921
vn -0.0110260304 0.0283541102 0.99953717
vn -0.00843453594 0.0572703965 0.998323023
vn 0.00363791594 0.0337405838 0.999423921
vn -0.00656878948 0.0383948348 0.999241114
vn 0.00620306283 -0.00587328011 -0.999963522
vn 0.0201808922 -0.0143514853 -0.999693394
vn 0.0146390693 -0.0107578691 -0.999835014
vn 0.0189470537 -0.0123672104 -0.999743998
vn 0.0201808922 -0.0143514853 -0.999693394
vn 0.00620306283 -0.00587328011 -0.999963522
vn -0.0706244111 0.394713759 -0.91608578
vn -0.0162972547 0.323656768 -0.946034193
vn -0.235041469 0.708100259 -0.665844917
vn -0.0587206408 0.538447201 -0.840610862
vn -0.0706244111 0.394713759 -0.91608578
vn -0.235041469 0.708100259 -0.665844917
vn 0.840829074 0.404316694 0.359909058
vn 0.766238391 0.567531705 0.301308215
vn 0.541602969 0.625809908 0.561273694
vn 0.766238391 0.567531705 0.301308215
vn 0.840829074 0.404316694 0.359909058
vn 0.952786922 0.262488186 0.152633175
vn -0.665887117 0.73481828 -0.12898235
vn -0.972678721 0.170692161 -0.157353684
vn -0.904368877 0.414625168 -0.101010405
vn -0.665887117 0.73481828 -0.12898235
vn -0.958928764 0.208246201 -0.192585394
vn -0.972678721 0.170692161 -0.157353684
vn 0.477525741 0.878542721 0.0114859128
vn 0.481586069 0.873452604 -0.0718000457
vn 0.649531066 0.757682621 -0.0634539723
vn 0.477525741 0.878542721 0.0114859128
vn 0.3226372 0.945483565 -0.0443400964
vn 0.481586069 0.873452604 -0.0718000457
vn 0.0201808922 -0.0143514853 -0.999693394
vn 0.0232910831 -0.0113433553 -0.999664366
vn 0.0195225459 -0.0119948946 -0.999737501
vn 0.0232910831 -0.0113433553 -0.999664366
vn 0.0171244852 -0.000995831913 -0.999852896
vn 0.0195225459 -0.0119948946 -0.999737501
vn -0.0162657183 0.390800059 -0.920331836
vn 0.0280488171 0.511370957 -0.858902156
vn -0.0377758779 0.672499359 -0.739132941
vn -0.0377758779 0.672499359 -0.739132941
vn 0.00397073291 0.413829863 -0.910345554
vn -0.0162657183 0.390800059 -0.920331836
vn -0.0034915444 0.999696612 -0.0243833363
vn 0.0176930521 0.999842882 0.00114745472
vn -0.00393371796 0.999991298 -0.00142293808
vn -0.00393371796 0.999991298 -0.00142293808
vn 0.0176930521 0.999842882 0.00114745472
vn -0.00637294725 0.999932468 0.00971570052
vn 0.0129510686 -0.000705407001 -0.999915898
vn 0.0224027429 -0.0544646122 -0.998264372
vn 0.0126873972 -0.0138531597 -0.99982357
vn 0.0126873972 -0.0138531597 -0.99982357
vn 0.0277141724 -0.215833709 -0.976036668
vn 0.00721430406 -0.0360229015 -0.999324977
vn 0.376588613 0.920455158 -0.104610987
vn 0.594682574 0.719633102 -0.358442068
vn 0.320964277 0.878617525 -0.353571832
vn 0.594682574 0.719633102 -0.358442068
vn 0.452815861 0.673863888 -0.583836675
vn 0.320964277 0.878617525 -0.353571832
vn -0.655999482 0.616815865 -0.434974581
vn -0.496866822 0.457415074 -0.737492263
vn -0.61356914 0.449709237 -0.649072111
vn -0.655999482 0.616815865 -0.434974581
vn -0.61356914 0.449709237 -0.649072111
vn -0.805281103 0.463989675 -0.369101226
vn -0.994999051 0.071100302 -0.0701544806
vn -0.995608449 0.0620483272 -0.0700976551
vn -0.996538281 0.0594741702 -0.0580881536
vn -0.994999051 0.071100302 -0.0701544806
vn -0.994942963 0.065582782 -0.0760747865
vn -0.995608449 0.0620483272 -0.0700976551
vn 0.997116446 0.0754195377 -0.00841716118
vn 0.996202528 0.0749293715 0.0443414338
vn 0.98939836 0.110283107 0.0944904909
vn 0.940708339 0.333672315 0.0610793196
vn 0.98939836 0.110283107 0.0944904909
vn 0.996202528 0.0749293715 0.0443414338
vn -0.0185805615 0.239088669 0.97082001
vn -0.0398707353 0.317830712 0.947308779
vn 0.0134902298 0.164562255 0.986274421
vn -0.0653367192 0.46333003 0.883774042
vn -0.0398707353 0.317830712 0.947308779
vn -0.0185805615 0.239088669 0.97082001
vn 0.0183263514 -0.813250482 -0.581625164
vn 0.0150155872 -0.849197507 -0.527861834
vn -0.0257866066 -0.951946497 -0.305176467
vn 0.0150155872 -0.849197507 -0.527861834
vn -0.0152432797 -0.962115049 -0.272217453
vn -0.0257866066 -0.951946497 -0.305176467
vn -0.037383154 0.184379011 0.982143998
vn 0.0245327484 0.190502629 0.981380105
vn 0.00468787132 0.116497509 0.993179917
vn -0.037383154 0.184379011 0.982143998
vn -0.0185805615 0.239088669 0.97082001
vn 0.0245327484 0.190502629 0.981380105
vn 0.320964277 0.878617525 -0.353571832
vn 0.158923313 0.823789835 -0.544163287
vn 0.0854666531 0.962361813 -0.257982761
vn 0.452815861 0.673863888 -0.583836675
vn 0.158923313 0.823789835 -0.544163287
vn 0.320964277 0.878617525 -0.353571832
vn -0.00215192698 0.993692815 0.112115502
vn -0.0118137766 0.991237998 0.131558731
vn -0.0353324786 0.958303154 0.283560634
vn -0.00221193884 0.995612442 0.0935462937
vn -0.0118137766 0.991237998 0.131558731
vn -0.00215192698 0.993692815 0.112115502
vn -0.117264479 0.142949939 -0.982758462
vn -0.0856764093 0.111052386 -0.99011451
vn -0.131829843 0.119301699 -0.984067082
vn -0.131829843 0.119301699 -0.984067082
vn -0.0856764093 0.111052386 -0.99011451
vn -0.0350483879 0.0543015078 -0.997909307
vn 0.0126873972 -0.0138531597 -0.99982357
vn 0.0224027429 -0.0544646122 -0.998264372
vn 0.0277141724 -0.215833709 -0.976036668
vn 0.0224027429 -0.0544646122 -0.998264372
vn 0.0572659709 -0.291912377 -0.954729199
vn 0.0277141724 -0.215833709 -0.976036668
vn -0.999949753 -0.00812786538 -0.00587465893
vn -0.999361873 0.0262062717 -0.0242689103
vn -0.999757767 0.0160228107 -0.0150867989
vn -0.999361873 0.0262062717 -0.0242689103
vn -0.999312878 0.0234400202 -0.0287113599
vn -0.999757767 0.0160228107 -0.0150867989
vn -0.863563418 -0.503033042 -0.0348712765
vn -0.396614999 -0.916382849 -0.0542132407
vn -0.587664962 -0.808624208 -0.0278690215
vn -0.396614999 -0.916382849 -0.0542132407
vn -0.108565263 -0.992572367 -0.0548962876
vn -0.587664962 -0.808624208 -0.0278690215
vn -0.765742898 0.643145859 -0.00112548284
vn -0.687845349 0.725856304 0.00111166865
vn -0.0793424994 0.995985806 0.0414378159
vn -0.765742898 0.643145859 -0.00112548284
vn -0.0793424994 0.995985806 0.0414378159
vn -0.695455194 0.71842891 -0.0142116379
vn 0.568110883 0.10710296 -0.815952837
vn 0.696905375 0.183726206 -0.693229795
vn 0.351031572 0.0744671598 -0.933397949
vn 0.426531196 0.0455990322 -0.903322637
vn 0.568110883 0.10710296 -0.815952837
vn 0.351031572 0.0744671598 -0.933397949
vn 0.0137936929 0.639946461 0.768295825
vn 0.0559540503 0.182142198 0.981678843
vn 0.0369388498 0.487145483 0.872539222
vn 0.0137936929 0.639946461 0.768295825
vn 0.10127677 0.533896089 0.839462817
vn 0.0559540503 0.182142198 0.981678843
vn 0.0882340074 -0.635517776 -0.767028093
vn 0.674626231 -0.515243828 -0.52858609
vn 0.0731658638 -0.793046892 -0.604750693
vn 0.030491367 -0.700433791 -0.713065803
vn 0.0882340074 -0.635517776 -0.767028093
vn 0.0731658638 -0.793046892 -0.604750693
vn 0.0769077912 0.496600389 -0.864565372
vn 0.184380159 0.585799515 -0.789203942
vn 0.16533713 0.225530446 -0.960104108
vn 0.184380159 0.585799515 -0.789203942
vn 0.348764598 0.429475784 -0.833014965
vn 0.16533713 0.225530446 -0.960104108
vn -0.567364156 -0.821786404 -0.0525852107
vn -0.182997242 -0.980346441 -0.0737086236
vn -0.171122253 -0.98279494 -0.069507964
vn -0.567364156 -0.821786404 -0.0525852107
vn -0.171122253 -0.98279494 -0.069507964
vn -0.396614999 -0.916382849 -0.0542132407
vn -0.958928764 0.208246201 -0.192585394
vn -0.816553891 0.32670185 -0.47592628
vn -0.85057205 0.272276193 -0.449880898
vn -0.85057205 0.272276193 -0.449880898
vn -0.816553891 0.32670185 -0.47592628
vn -0.581968963 0.301388562 -0.75529927
vn -0.0244029593 0.0996719673 0.994721055
vn -0.0311738923 0.0594976917 0.99774158
vn -0.0250263289 0.0494371094 0.998463631
vn -0.00272583379 0.0645956397 0.997907817
vn -0.0250263289 0.0494371094 0.998463631
vn -0.00753644668 0.0341146849 0.999389529
vn 0.890368819 0.414620489 -0.187971309
vn 0.835731983 0.535162985 -0.123095937
vn 0.957311749 0.273801386 -0.0926665068
vn 0.835731983 0.535162985 -0.123095937
vn 0.924541354 0.376590163 -0.058336854
vn 0.957311749 0.273801386 -0.0926665068
vn 0.8112396 -0.125854477 0.571008623
vn 0.80767101 -0.208351672 0.551595032
vn 0.910927415 -0.104195528 0.399192482
vn 0.910927415 -0.104195528 0.399192482
vn 0.810051501 -0.187788129 0.555474699
vn 0.8112396 -0.125854477 0.571008623
vn 0.0776761249 0.951339662 0.298193425
vn 0.0575015135 0.916962862 0.394806921
vn 0.113908686 0.861734509 0.494407266
vn 0.113908686 0.861734509 0.494407266
vn 0.0575015135 0.916962862 0.394806921
vn 0.0957076624 0.699442208 0.708251834
vn -0.283132017 0.679659367 0.676682591
vn -0.337187469 0.625122964 0.70393604
vn -0.272694826 0.59651947 0.754852355
vn -0.337187469 0.625122964 0.70393604
vn -0.283132017 0.679659367 0.676682591
vn -0.228361398 0.868888497 0.439185202
vn 0.999952614 0.00968419947 0.00109012157
vn 0.998322368 -0.0579006635 -5.89009796e-05
vn 0.789386094 -0.557550669 -0.256917953
vn 0.789386094 -0.557550669 -0.256917953
vn 0.998322368 -0.0579006635 -5.89009796e-05
vn 0.71628654 -0.697589517 -0.0173888579
vn 0.260775864 0.403670549 0.876952708
vn 0.400732368 0.697570205 0.59397763
vn 0.283862978 0.626848221 0.7255916
vn 0.260775864 0.403670549 0.876952708
vn 0.135678232 0.372276515 0.91815114
vn 0.261156678 0.127111807 0.956890762
vn -0.849941432 -0.0150962211 0.52666086
vn -0.966549098 -0.0505549125 0.251449704
vn -0.963607192 -0.00288763479 0.267306715
vn -0.963607192 -0.00288763479 0.267306715
vn -0.966549098 -0.0505549125 0.251449704
vn -0.991779506 -0.0179307908 0.126695499
vn -0.999727011 -0.015460466 -0.0175215229
vn -0.997961819 -0.0637301132 -0.0032739751
vn -0.998612404 -0.0514728352 -0.0111259967
vn -0.99525106 -0.0971934944 -0.00538202096
vn -0.998612404 -0.0514728352 -0.0111259967
vn -0.997961819 -0.0637301132 -0.0032739751
vn 0.0112657249 -0.995876431 0.0900172368
vn 0.0759856701 -0.969492793 0.23304446
vn 0.0497025922 -0.871025145 0.488717526
vn 0.0759856701 -0.969492793 0.23304446
vn 0.126107112 -0.73371321 0.667654037
vn 0.0497025922 -0.871025145 0.488717526
vn 0.00760386884 0.959679782 0.280992776
vn 0.0126292473 0.955883443 0.293474406
vn 0.0117421905 0.754008889 0.656759262
vn 0.00760386884 0.959679782 0.280992776
vn -0.0353324786 0.958303154 0.283560634
vn 0.0126292473 0.955883443 0.293474406
vn -0.0505145192 0.263534248 -0.963326454
vn -0.011045333 0.318069816 -0.948002934
vn -0.0545771457 0.387756199 -0.920144796
vn -0.0545771457 0.387756199 -0.920144796
vn -0.102887608 0.40346545 -0.909191847
vn -0.0505145192 0.263534248 -0.963326454
vn -0.254011929 0.769875824 -0.585464776
vn -0.496866822 0.457415074 -0.737492263
vn -0.501079798 0.712958872 -0.490518957
vn -0.254011929 0.769875824 -0.585464776
vn -0.501079798 0.712958872 -0.490518957
vn -0.347528428 0.908251524 -0.233030424
vn -4.20081451e-05 -0.0123974206 0.999923229
vn -0.0204643179 -0.0667354539 0.997560859
vn -0.0449356623 -0.0212303568 0.998764217
vn -0.0204643179 -0.0667354539 0.997560859
vn -0.0574948527 -0.0491192527 0.997136712
vn -0.0449356623 -0.0212303568 0.998764217
vn 0.948152006 0.311216444 -0.0644357577
vn 0.934530079 0.343384534 -0.0934914127
vn 0.989587247 0.140235215 -0.0324246064
vn 0.934530079 0.343384534 -0.0934914127
vn 0.969987631 0.241803035 -0.025597401
vn 0.989587247 0.140235215 -0.0324246064
vn -0.00994756445 -0.999907136 -0.00931679644
vn -0.0105330264 -0.999916852 -0.00743215811
vn 0.0112657249 -0.995876431 0.0900172368
vn -0.0144024026 -0.999872506 -0.00689834217
vn -0.00728620589 -0.999949396 -0.00694261678
vn -0.00994756445 -0.999907136 -0.00931679644
vn 0.152291283 -0.89860642 -0.411477596
vn 0.32315889 -0.931081414 -0.169279978
vn 0.0525434799 -0.988074481 -0.144734293
vn 0.152291283 -0.89860642 -0.411477596
vn 0.789386094 -0.557550669 -0.256917953
vn 0.32315889 -0.931081414 -0.169279978
vn 0.147518039 0.845903635 0.512528539
vn 0.268929511 0.838335276 0.474205643
vn 0.119369537 0.958759725 0.257935286
vn 0.147518039 0.845903635 0.512528539
vn 0.260032505 0.7249102 0.637877941
vn 0.268929511 0.838335276 0.474205643
vn -0.00272583379 0.0645956397 0.997907817
vn -0.0244029593 0.0996719673 0.994721055
vn -0.0250263289 0.0494371094 0.998463631
vn 0.0160990525 0.192468926 0.981171012
vn -0.0244029593 0.0996719673 0.994721055
vn -0.00272583379 0.0645956397 0.997907817
vn -0.272694826 0.59651947 0.754852355
vn -0.261900246 0.385665387 0.884686649
vn -0.194969386 0.482883364 0.853704035
vn -0.194969386 0.482883364 0.853704035
vn -0.283132017 0.679659367 0.676682591
vn -0.272694826 0.59651947 0.754852355
vn 0.00562066399 -0.897187412 -0.4416143
vn 0.00420100754 -0.977719069 -0.209875524
vn -0.0128903491 -0.962927282 -0.269453138
vn -0.00460678898 -0.94534719 -0.326032639
vn 0.00562066399 -0.897187412 -0.4416143
vn -0.0128903491 -0.962927282 -0.269453138
vn -0.0105330264 -0.999916852 -0.00743215811
vn -0.00728620589 -0.999949396 -0.00694261678
vn 0.0147148557 -0.99988389 -0.00397278694
vn -0.00994756445 -0.999907136 -0.00931679644
vn -0.00728620589 -0.999949396 -0.00694261678
vn -0.0105330264 -0.999916852 -0.00743215811
vn 0.00833750423 0.346378684 -0.938057721
vn 0.00397073291 0.413829863 -0.910345554
vn 0.0443660282 0.450039893 -0.891905725
vn 0.0443660282 0.450039893 -0.891905725
vn -0.0215943716 0.534344018 -0.844991207
vn 0.00833750423 0.346378684 -0.938057721
vn 0.203163654 0.0100692594 0.979092956
vn 0.100440875 0.0150224287 0.994829595
vn 0.156892478 0.0414557457 0.986745298
vn 0.203163654 0.0100692594 0.979092956
vn 0.156892478 0.0414557457 0.986745298
vn 0.261284024 0.0390455201 0.964471877
vn -0.0298150033 0.998244584 0.0511745028
vn -0.687845349 0.725856304 0.00111166865
vn -0.0477375649 0.993085861 0.10724552
vn -0.0298150033 0.998244584 0.0511745028
vn -0.0477375649 0.993085861 0.10724552
vn -0.0324067995 0.996769309 0.0734901875
vn -0.0495677628 0.425539047 0.9035815
vn 0.0023525937 0.208139956 0.978096306
vn -0.0256653186 0.329578489 0.943779349
vn 0.00900022313 0.466012746 0.884732187
vn -0.0495677628 0.425539047 0.9035815
vn -0.0256653186 0.329578489 0.943779349
vn -0.0223948136 0.99830091 -0.0537933782
vn -0.0176453795 0.997953475 -0.0614608824
vn -0.0034915444 0.999696612 -0.0243833363
vn -0.0176453795 0.997953475 -0.0614608824
vn -0.0194512103 0.99740386 -0.0693327412
vn -0.0034915444 0.999696612 -0.0243833363
vn -0.168594211 -0.835663497 0.522725999
vn -0.0310006235 -0.996282995 0.0803693607
vn -0.129900813 -0.773034453 0.620921552
vn -0.0310006235 -0.996282995 0.0803693607
vn -0.0752020329 -0.685098946 0.724557877
vn -0.129900813 -0.773034453 0.620921552
vn 0.388113946 0.921587586 0.00663082348
vn 0.101892136 0.993474722 0.0512448438
vn 0.443111598 0.892614663 0.0830134153
vn 0.705791712 0.708057165 -0.0226538517
vn 0.388113946 0.921587586 0.00663082348
vn 0.443111598 0.892614663 0.0830134153
vn 0.420535028 0.887785554 0.187048316
vn 0.7714867 0.622773111 0.130237743
vn 0.576507449 0.816953361 0.0150437281
vn 0.878919423 0.47696659 -0.00187139236
vn 0.576507449 0.816953361 0.0150437281
vn 0.7714867 0.622773111 0.130237743
vn 0.0047797272 -0.362131983 -0.932114542
vn 0.00725485478 -0.476301819 -0.879251897
vn 0.0183263514 -0.813250482 -0.581625164
vn 0.00721430406 -0.0360229015 -0.999324977
vn 0.00725485478 -0.476301819 -0.879251897
vn 0.0047797272 -0.362131983 -0.932114542
vn 0.386339158 -0.00354399392 0.922349989
vn 0.261765629 -0.00326963863 0.965125918
vn 0.241534039 -0.00810118672 0.970358551
vn 0.142159298 2.56956664e-05 0.989843786
vn 0.241534039 -0.00810118672 0.970358551
vn 0.261765629 -0.00326963863 0.965125918
vn -0.0692109466 0.558013558 0.826940596
vn -0.0500058867 0.889829516 0.453544706
vn -0.0979121923 0.728545308 0.677963853
vn -0.0692109466 0.558013558 0.826940596
vn -0.0979121923 0.728545308 0.677963853
vn -0.0398707353 0.317830712 0.947308779
vn 0.472377986 -0.248940572 0.845510244
vn 0.668983936 -0.188655213 0.718936563
vn 0.756056786 -0.318228215 0.571934402
vn 0.756056786 -0.318228215 0.571934402
vn 0.690689206 -0.241416529 0.681664526
vn 0.472377986 -0.248940572 0.845510244
vn 0.0104606943 -0.50108248 -0.865336239
vn 0.0047797272 -0.362131983 -0.932114542
vn 0.0183263514 -0.813250482 -0.581625164
vn 0.0013473921 -0.235723346 -0.971819282
vn 0.0047797272 -0.362131983 -0.932114542
vn 0.0104606943 -0.50108248 -0.865336239
vn -0.0125012072 0.987085164 0.15970774
vn -0.0334962606 0.992857575 0.114506662
vn -0.0242996644 0.988439918 0.149652854
vn -0.0125012072 0.987085164 0.15970774
vn -0.0242996644 0.988439918 0.149652854
vn 0.0268465988 0.970480561 0.239681125
vn -0.458987594 0.173713282 0.871294558
vn -0.765406609 0.17370519 0.619660556
vn -0.651484966 0.069047682 0.755512953
vn -0.210684553 0.0134845432 0.97746104
vn -0.458987594 0.173713282 0.871294558
vn -0.651484966 0.069047682 0.755512953
vn 0.0624308288 -0.105429314 0.992465079
vn 0.0566768274 -0.04604467 0.997330248
vn 0.0917538926 -0.112131402 0.989448249
vn 0.0917538926 -0.112131402 0.989448249
vn 0.0566768274 -0.04604467 0.997330248
vn 0.0622855127 -0.0671684891 0.995795548
vn 0.0180326253 0.902730286 -0.429828763
vn -0.0144649874 0.92572701 -0.377915621
vn 0.010793224 0.958493233 -0.284910917
vn -0.050915435 0.94121325 -0.333954036
vn 0.0180326253 0.902730286 -0.429828763
vn 0.010793224 0.958493233 -0.284910917
vn 0.283862978 0.626848221 0.7255916
vn 0.169447526 0.728583217 0.663667023
vn 0.135678232 0.372276515 0.91815114
vn 0.135678232 0.372276515 0.91815114
vn 0.260775864 0.403670549 0.876952708
vn 0.283862978 0.626848221 0.7255916
vn 0.0547928028 0.998494446 0.00256305095
vn 0.126056358 0.99194026 -0.0128186541
vn 0.184222832 0.982112288 -0.0389525518
vn 0.184222832 0.982112288 -0.0389525518
vn 0.073240757 0.996807575 0.0317876823
vn 0.0547928028 0.998494446 0.00256305095
vn 0.0917538926 -0.112131402 0.989448249
vn 0.0622855127 -0.0671684891 0.995795548
vn 0.113012508 -0.28840664 0.95081538
vn 0.0622855127 -0.0671684891 0.995795548
vn 0.0314293317 -0.13482891 0.990370274
vn 0.113012508 -0.28840664 0.95081538
vn -0.0160283968 0.947465062 -0.31945774
vn -0.254011929 0.769875824 -0.585464776
vn -0.0385668389 0.947627127 -0.317041695
vn -0.0385668389 0.947627127 -0.317041695
vn -0.0145790009 0.810761213 -0.585195363
vn -0.0160283968 0.947465062 -0.31945774
g Group5780
f 422/1/1 609/2/2 416/3/3
f 716/4/4 712/5/5 205/6/6
f 315/7/7 280/8/8 751/9/9
f 320/10/10 521/11/11 302/12/12
f 421/13/13 694/14/14 57/15/15
f 547/16/16 227/17/17 769/18/18
f 508/19/19 909/20/20 632/21/21
f 146/22/22 73/23/23 844/24/24
f 229/25/25 56/26/26 22/27/27
f 158/28/28 165/29/29 13/30/30
f 136/31/31 844/32/32 275/33/33
f 58/34/34 633/35/35 416/36/36
f 774/37/37 447/38/38 912/39/39
f 377/40/40 221/41/41 113/42/42
f 847/43/43 129/44/44 10/45/45
f 721/46/46 120/47/47 347/48/48
f 942/49/49 567/50/50 819/51/51
f 709/52/52 129/53/53 527/54/54
f 436/55/55 557/56/56 66/57/57
f 933/58/58 36/59/59 98/60/60
f 176/61/61 981/62/62 314/63/63
f 374/64/64 599/65/65 46/66/66
f 566/67/67 341/68/68 870/69/69
f 693/70/70 39/71/71 312/72/72
f 772/73/73 567/74/74 942/75/75
f 320/76/76 302/77/77 327/78/78
f 319/79/79 496/80/80 786/81/81
f 57/82/82 42/83/83 357/84/84
f 400/85/85 407/86/86 62/87/87
f 491/88/88 182/89/89 961/90/90
f 813/91/91 530/92/92 807/93/93
f 630/94/94 959/95/95 203/96/96
f 154/97/97 96/98/98 373/99/99
f 290/100/100 430/101/101 459/102/102
f 188/103/103 717/104/104 435/105/105
f 983/106/106 206/107/107 356/108/108
f 21/109/109 620/110/110 997/111/111
f 697/112/112 154/113/113 262/114/114
f 486/115/115 30/116/116 492/117/117
f 558/118/118 728/119/119 587/120/120
f 757/121/121 23/122/122 130/123/123
f 180/124/124 439/125/125 190/126/126
f 46/127/127 599/128/128 40/129/129
f 895/130/130 593/131/131 735/132/132
f 592/133/133 25/134/134 462/135/135
f 577/136/136 244/137/137 472/138/138
f 934/139/139 386/140/140 222/141/141
f 183/142/142 135/143/143 240/144/144
f 685/145/145 277/146/146 178/147/147
f 69/148/148 94/149/149 304/150/150
f 368/151/151 912/152/152 82/153/153
f 768/154/154 189/155/155 255/156/156
f 846/157/157 241/158/158 389/159/159
f 456/160/160 764/161/161 85/162/162
f 97/163/163 292/164/164 683/165/165
f 327/166/166 302/167/167 424/168/168
f 806/169/169 82/170/170 504/171/171
f 504/172/172 321/173/173 806/174/174
f 319/175/175 779/176/176 496/177/177
f 507/178/178 434/179/179 107/180/180
f 315/181/181 819/182/182 923/183/183
f 451/184/184 384/185/185 978/186/186
f 225/187/187 926/188/188 565/189/189
f 407/190/190 411/191/191 465/192/192
f 10/193/193 129/194/194 89/195/195
f 8/196/196 89/197/197 536/198/198
f 12/199/199 126/200/200 445/201/201
f 494/202/202 658/203/203 31/204/204
f 827/205/205 466/206/206 777/207/207
f 675/208/208 852/209/209 477/210/210
f 419/211/211 2/212/212 594/213/213
f 715/214/214 296/215/215 752/216/216
f 759/217/217 458/218/218 717/219/219
f 253/220/220 541/221/221 773/222/222
f 852/223/223 219/224/224 477/225/225
f 579/226/226 518/227/227 826/228/228
f 772/229/229 752/230/230 567/231/231
f 600/232/232 973/233/233 5/234/234
f 329/235/235 560/236/236 810/237/237
f 441/238/238 158/239/239 13/240/240
f 920/241/241 491/242/242 143/243/243
f 17/244/244 205/245/245 712/246/246
f 869/247/247 44/248/248 38/249/249
f 508/250/250 632/251/251 213/252/252
f 323/253/253 432/254/254 45/255/255
f 369/256/256 534/257/257 197/258/258
f 575/259/259 499/260/260 211/261/261
f 559/262/262 886/263/263 614/264/264
f 548/265/265 6/266/266 302/267/267
f 50/268/268 480/269/269 302/270/270
f 414/271/271 898/272/272 655/273/273
f 880/274/274 43/275/275 119/276/276
f 526/277/277 290/278/278 468/279/279
f 80/280/280 889/281/281 385/282/282
f 183/283/283 240/284/284 50/285/285
f 72/286/286 538/287/287 183/288/288
f 730/289/289 362/290/290 621/291/291
f 140/292/292 191/293/293 263/294/294
f 89/295/295 8/296/296 52/297/297
f 167/298/298 818/299/299 18/300/300
f 828/301/301 64/302/302 739/303/303
f 79/304/304 661/305/305 187/306/306
f 54/307/307 383/308/308 680/309/309
f 552/310/310 864/311/311 512/312/312
f 814/313/313 55/314/314 698/315/315
f 844/316/316 912/317/317 463/318/318
f 661/319/319 350/320/320 187/321/321
f 67/322/322 693/323/323 946/324/324
f 475/325/325 421/326/326 57/327/327
f 57/328/328 61/329/329 479/330/330
f 721/331/331 317/332/332 994/333/333
f 826/334/334 518/335/335 209/336/336
f 763/337/337 14/338/338 59/339/339
f 719/340/340 763/341/341 883/342/342
f 60/343/343 560/344/344 153/345/345
f 432/346/346 319/347/347 45/348/348
f 519/349/349 402/350/350 177/351/351
f 564/352/352 122/353/353 667/354/354
f 407/355/355 465/356/356 62/357/357
f 333/358/358 140/359/359 428/360/360
f 379/361/361 941/362/362 943/363/363
f 111/364/364 132/365/365 477/366/366
f 983/367/367 908/368/368 206/369/369
f 553/370/370 160/371/371 525/372/372
f 522/373/373 835/374/374 74/375/375
f 804/376/376 132/377/377 591/378/378
f 66/379/379 605/380/380 357/381/381
f 352/382/382 543/383/383 288/384/384
f 67/385/385 39/386/386 693/387/387
f 885/388/388 969/389/389 999/390/390
f 200/391/391 117/392/392 68/393/393
f 2/394/394 179/395/395 594/396/396
f 582/397/397 184/398/398 514/399/399
f 904/400/400 582/401/401 514/402/402
f 659/403/403 877/404/404 628/405/405
f 659/406/406 674/407/407 877/408/408
f 650/409/409 590/410/410 94/411/411
f 40/412/412 644/413/413 184/414/414
f 72/415/415 183/416/416 399/417/417
f 707/418/418 470/419/419 217/420/420
f 854/421/421 583/422/422 463/423/423
f 858/424/424 215/425/425 326/426/426
f 779/427/427 305/428/428 496/429/429
f 314/430/430 764/431/431 456/432/432
f 234/433/433 993/434/434 770/435/435
f 54/436/436 571/437/437 338/438/438
f 498/439/439 321/440/440 504/441/441
f 387/442/442 31/443/443 677/444/444
f 448/445/445 709/446/446 527/447/447
f 672/448/448 268/449/449 185/450/450
f 685/451/451 681/452/452 277/453/453
f 81/454/454 17/455/455 712/456/456
f 775/457/457 398/458/458 668/459/459
f 505/460/460 251/461/461 258/462/462
f 996/463/463 889/464/464 80/465/465
f 354/466/466 425/467/467 58/468/468
f 736/469/469 778/470/470 964/471/471
f 360/472/472 722/473/473 801/474/474
f 504/475/475 82/476/476 311/477/477
f 483/478/478 808/479/479 163/480/480
f 410/481/481 652/482/482 83/483/483
f 3/484/484 731/485/485 88/486/486
f 631/487/487 906/488/488 84/489/489
f 784/490/490 537/491/491 794/492/492
f 85/493/493 764/494/494 361/495/495
f 896/496/496 148/497/497 355/498/498
f 97/499/499 742/500/500 292/501/501
f 758/502/502 90/503/503 4/504/504
f 539/505/505 488/506/506 316/507/507
f 190/508/508 439/509/509 932/510/510
f 194/511/511 833/512/512 198/513/513
f 754/514/514 717/515/515 188/516/516
f 440/517/517 420/518/518 358/519/519
f 358/520/520 35/521/521 299/522/522
f 737/523/523 90/524/524 86/525/525
f 285/526/526 90/527/527 587/528/528
f 528/529/529 670/530/530 890/531/531
f 540/532/532 76/533/533 823/534/534
f 425/535/535 633/536/536 58/537/537
f 618/538/538 734/539/539 699/540/540
f 490/541/541 815/542/542 93/543/543
f 474/544/544 99/545/545 217/546/546
f 359/547/547 733/548/548 381/549/549
f 571/550/550 993/551/551 234/552/552
f 336/553/553 877/554/554 152/555/555
f 634/556/556 640/557/557 948/558/558
f 19/559/559 930/560/560 197/561/561
f 49/562/562 797/563/563 19/564/564
f 320/565/565 327/566/566 879/567/567
f 225/568/568 812/569/569 926/570/570
f 909/571/571 688/572/572 627/573/573
f 872/574/574 91/575/575 708/576/576
f 235/577/577 601/578/578 300/579/579
f 750/580/580 595/581/581 759/582/582
f 902/583/583 220/584/584 984/585/585
f 442/586/586 590/587/587 650/588/588
f 361/589/589 101/590/590 303/591/591
f 666/592/592 674/593/593 659/594/594
f 279/595/595 761/596/596 256/597/597
f 415/598/598 688/599/599 2/600/600
f 493/601/601 488/602/602 103/603/603
f 635/604/604 660/605/605 125/606/606
f 502/607/607 584/608/608 104/609/609
f 399/610/610 183/611/611 50/612/612
f 807/613/613 530/614/614 489/615/615
f 18/616/616 603/617/617 167/618/618
f 803/619/619 572/620/620 201/621/621
f 397/622/622 491/623/623 961/624/624
f 138/625/625 379/626/626 943/627/627
f 967/628/628 507/629/629 792/630/630
f 428/631/631 140/632/632 263/633/633
f 381/634/634 733/635/635 325/636/636
f 623/637/637 109/638/638 216/639/639
f 167/640/640 586/641/641 838/642/642
f 173/643/643 110/644/644 616/645/645
f 564/646/646 61/647/647 122/648/648
f 591/649/649 132/650/650 446/651/651
f 645/652/652 927/653/653 207/654/654
f 96/655/655 215/656/656 373/657/657
f 49/658/658 568/659/659 797/660/660
f 363/661/661 308/662/662 633/663/663
f 271/664/664 645/665/665 841/666/666
f 481/667/667 114/668/668 647/669/669
f 936/670/670 508/671/671 213/672/672
f 115/673/673 412/674/674 718/675/675
f 899/676/676 109/677/677 623/678/678
f 116/679/679 55/680/680 814/681/681
f 839/682/682 613/683/683 468/684/684
f 213/685/685 38/686/686 322/687/687
f 524/688/688 649/689/689 692/690/690
f 845/691/691 118/692/692 92/693/693
f 113/694/694 449/695/695 118/696/696
f 248/697/697 119/698/698 862/699/699
f 433/700/700 360/701/701 383/702/702
f 598/703/703 370/704/704 785/705/705
f 700/706/706 753/707/707 966/708/708
f 121/709/709 297/710/710 212/711/711
f 345/712/712 701/713/713 133/714/714
f 954/715/715 110/716/716 122/717/717
f 629/718/718 762/719/719 272/720/720
f 114/721/721 692/722/722 913/723/723
f 260/724/724 732/725/725 567/726/726
f 811/727/727 348/728/728 452/729/729
f 74/730/730 619/731/731 522/732/732
f 493/733/733 103/734/734 346/735/735
f 346/736/736 671/737/737 23/738/738
f 653/739/739 893/740/740 126/741/741
f 475/742/742 222/743/743 421/744/744
f 770/745/745 127/746/746 94/747/747
f 636/748/748 359/749/749 766/750/750
f 107/751/751 702/752/752 128/753/753
f 231/754/754 367/755/755 65/756/756
f 709/757/757 5/758/758 129/759/759
f 962/760/760 625/761/761 741/762/762
f 125/763/763 130/764/764 523/765/765
f 28/766/766 368/767/767 82/768/768
f 816/769/769 16/770/770 432/771/771
f 472/772/772 570/773/773 853/774/774
f 804/775/775 575/776/776 388/777/777
f 575/778/778 211/779/779 675/780/780
f 7/781/781 345/782/782 133/783/783
f 152/784/784 859/785/785 307/786/786
f 654/787/787 577/788/788 134/789/789
f 639/790/790 270/791/791 131/792/792
f 135/793/793 431/794/794 240/795/795
f 126/796/796 431/797/797 445/798/798
f 457/799/799 536/800/800 89/801/801
f 625/802/802 457/803/803 741/804/804
f 577/805/805 682/806/806 244/807/807
f 543/808/808 985/809/809 147/810/810
f 967/811/811 792/812/812 245/813/813
f 651/814/814 711/815/815 389/816/816
f 139/817/817 119/818/818 248/819/819
f 510/820/820 905/821/821 324/822/822
f 642/823/823 955/824/824 191/825/825
f 917/826/826 327/827/827 34/828/828
f 59/829/829 320/830/830 879/831/831
f 376/832/832 320/833/833 656/834/834
f 985/835/835 142/836/836 665/837/837
f 831/838/838 357/839/839 42/840/840
f 143/841/841 803/842/842 201/843/843
f 614/844/844 886/845/845 43/846/846
f 120/847/847 998/848/848 687/849/849
f 994/850/850 317/851/851 487/852/852
f 476/853/853 538/854/854 404/855/855
f 541/856/856 253/857/857 470/858/858
f 454/859/859 73/860/860 146/861/861
f 528/862/862 454/863/863 670/864/864
f 665/865/865 800/866/866 137/867/867
f 316/868/868 488/869/869 310/870/870
f 365/871/871 900/872/872 85/873/873
f 175/874/874 920/875/875 143/876/876
f 907/877/877 416/878/878 149/879/879
f 907/880/880 503/881/881 409/882/882
f 595/883/883 589/884/884 458/885/885
f 759/886/886 595/887/887 458/888/888
f 151/889/889 708/890/890 250/891/891
f 189/892/892 951/893/893 255/894/894
f 152/895/895 307/896/896 551/897/897
f 948/898/898 640/899/899 551/900/900
f 153/901/901 16/902/902 816/903/903
f 16/904/904 153/905/905 555/906/906
f 417/907/907 286/908/908 986/909/909
f 447/910/910 301/911/911 912/912/912
f 444/913/913 53/914/914 589/915/915
f 549/916/916 585/917/917 160/918/918
f 156/919/919 354/920/920 58/921/921
f 530/922/922 58/923/923 105/924/924
f 157/925/925 372/926/926 330/927/927
f 556/928/928 787/929/929 641/930/930
f 278/931/931 617/932/932 441/933/933
f 380/934/934 188/935/935 435/936/936
f 635/937/937 125/938/938 875/939/939
f 166/940/940 283/941/941 806/942/942
f 160/943/943 969/944/944 495/945/945
f 160/946/946 585/947/947 969/948/948
f 161/949/949 323/950/950 45/951/951
f 385/952/952 889/953/953 703/954/954
f 344/955/955 641/956/956 202/957/957
f 100/958/958 238/959/959 793/960/960
f 799/961/961 163/962/962 824/963/963
f 471/964/964 850/965/965 136/966/966
f 109/967/967 899/968/968 164/969/969
f 390/970/970 630/971/971 203/972/972
f 668/973/973 398/974/974 851/975/975
f 842/976/976 176/977/977 314/978/978
f 321/979/979 166/980/980 806/981/981
f 335/982/982 771/983/983 783/984/984
f 562/985/985 915/986/986 167/987/987
f 55/988/988 167/989/989 910/990/990
f 552/991/991 736/992/992 168/993/993
f 497/994/994 196/995/995 172/996/996
f 221/997/997 169/998/998 484/999/999
f 385/1000/1000 703/1001/1001 960/1002/1002
f 170/1003/1003 176/1004/1004 851/1005/1005
f 505/1006/1006 258/1007/1007 611/1008/1008
f 111/1009/1009 477/1010/1010 171/1011/1011
f 416/1012/1012 579/1013/1013 396/1014/1014
f 196/1015/1015 964/1016/1016 172/1017/1017
f 172/1018/1018 513/1019/1019 27/1020/1020
f 622/1021/1021 61/1022/1022 57/1023/1023
f 66/1024/1024 557/1025/1025 605/1026/1026
f 791/1027/1027 87/1028/1028 174/1029/1029
f 439/1030/1030 676/1031/1031 366/1032/1032
f 900/1033/1033 365/1034/1034 175/1035/1035
f 510/1036/1036 559/1037/1037 905/1038/1038
f 170/1039/1039 809/1040/1040 176/1041/1041
f 176/1042/1042 566/1043/1043 870/1044/1044
f 181/1045/1045 334/1046/1046 755/1047/1047
f 334/1048/1048 222/1049/1049 475/1050/1050
f 27/1051/1051 513/1052/1052 178/1053/1053
f 636/1054/1054 443/1055/1055 359/1056/1056
f 289/1057/1057 68/1058/1058 117/1059/1059
f 163/1060/1060 747/1061/1061 824/1062/1062
f 515/1063/1063 186/1064/1064 426/1065/1065
f 866/1066/1066 301/1067/1067 447/1068/1068
f 690/1069/1069 26/1070/1070 61/1071/1071
f 690/1072/1072 61/1073/1073 564/1074/1074
f 976/1075/1075 37/1076/1076 610/1077/1077
f 365/1078/1078 554/1079/1079 175/1080/1080
f 743/1081/1081 12/1082/1082 445/1083/1083
f 652/1084/1084 410/1085/1085 743/1086/1086
f 184/1087/1087 391/1088/1088 569/1089/1089
f 506/1090/1090 71/1091/1091 911/1092/1092
f 268/1093/1093 265/1094/1094 607/1095/1095
f 876/1096/1096 77/1097/1097 10/1098/1098
f 316/1099/1099 186/1100/1100 539/1101/1101
f 515/1102/1102 539/1103/1103 186/1104/1104
f 187/1105/1105 820/1106/1106 121/1107/1107
f 7/1108/1108 341/1109/1109 345/1110/1110
f 222/1111/1111 532/1112/1112 421/1113/1113
f 460/1114/1114 754/1115/1115 892/1116/1116
f 951/1117/1117 695/1118/1118 76/1119/1119
f 629/1120/1120 387/1121/1121 511/1122/1122
f 615/1123/1123 932/1124/1124 21/1125/1125
f 997/1126/1126 323/1127/1127 918/1128/1128
f 337/1129/1129 727/1130/1130 516/1131/1131
f 337/1132/1132 51/1133/1133 856/1134/1134
f 10/1135/1135 89/1136/1136 631/1137/1137
f 412/1138/1138 700/1139/1139 705/1140/1140
f 193/1141/1141 553/1142/1142 67/1143/1143
f 14/1144/1144 376/1145/1145 656/1146/1146
f 652/1147/1147 194/1148/1148 83/1149/1149
f 995/1150/1150 460/1151/1151 646/1152/1152
f 466/1153/1153 848/1154/1154 195/1155/1155
f 65/1156/1156 835/1157/1157 522/1158/1158
f 455/1159/1159 371/1160/1160 437/1161/1161
f 414/1162/1162 655/1163/1163 455/1164/1164
f 349/1165/1165 918/1166/1166 843/1167/1167
f 545/1168/1168 697/1169/1169 262/1170/1170
f 833/1171/1171 884/1172/1172 198/1173/1173
f 767/1174/1174 878/1175/1175 274/1176/1176
f 199/1177/1177 239/1178/1178 576/1179/1179
f 749/1180/1180 167/1181/1181 915/1182/1182
f 732/1183/1183 200/1184/1184 41/1185/1185
f 709/1186/1186 600/1187/1187 5/1188/1188
f 886/1189/1189 201/1190/1190 43/1191/1191
f 257/1192/1192 414/1193/1193 455/1194/1194
f 328/1195/1195 710/1196/1196 162/1197/1197
f 328/1198/1198 184/1199/1199 569/1200/1200
f 282/1201/1201 580/1202/1202 223/1203/1203
f 915/1204/1204 427/1205/1205 749/1206/1206
f 930/1207/1207 697/1208/1208 545/1209/1209
f 96/1210/1210 382/1211/1211 829/1212/1212
f 17/1213/1213 62/1214/1214 533/1215/1215
f 333/1216/1216 62/1217/1217 965/1218/1218
f 284/1219/1219 931/1220/1220 206/1221/1221
f 925/1222/1222 739/1223/1223 661/1224/1224
f 92/1225/1225 975/1226/1226 266/1227/1227
f 266/1228/1228 416/1229/1229 633/1230/1230
f 928/1231/1231 36/1232/1232 933/1233/1233
f 548/1234/1234 508/1235/1235 936/1236/1236
f 891/1237/1237 209/1238/1238 100/1239/1239
f 994/1240/1240 487/1241/1241 364/1242/1242
f 210/1243/1243 988/1244/1244 526/1245/1245
f 382/1246/1246 568/1247/1247 829/1248/1248
f 324/1249/1249 264/1250/1250 970/1251/1251
f 706/1252/1252 46/1253/1253 924/1254/1254
f 542/1255/1255 212/1256/1256 56/1257/1257
f 22/1258/1258 56/1259/1259 401/1260/1260
f 213/1261/1261 322/1262/1262 669/1263/1263
f 936/1264/1264 213/1265/1265 531/1266/1266
f 812/1267/1267 214/1268/1268 327/1269/1269
f 486/1270/1270 888/1271/1271 30/1272/1272
f 829/1273/1273 568/1274/1274 112/1275/1275
f 112/1276/1276 418/1277/1277 829/1278/1278
f 317/1279/1279 721/1280/1280 409/1281/1281
f 167/1282/1282 603/1283/1283 586/1284/1284
f 584/1285/1285 217/1286/1286 104/1287/1287
f 217/1288/1288 295/1289/1289 104/1290/1290
f 592/1291/1291 218/1292/1292 25/1293/1293
f 882/1294/1294 771/1295/1295 335/1296/1296
f 924/1297/1297 46/1298/1298 40/1299/1299
f 582/1300/1300 588/1301/1301 184/1302/1302
f 621/1303/1303 362/1304/1304 220/1305/1305
f 766/1306/1306 438/1307/1307 304/1308/1308
f 861/1309/1309 484/1310/1310 32/1311/1311
f 967/1312/1312 245/1313/1313 298/1314/1314
f 686/1315/1315 934/1316/1316 222/1317/1317
f 686/1318/1318 222/1319/1319 334/1320/1320
f 420/1321/1321 35/1322/1322 358/1323/1323
f 537/1324/1324 249/1325/1325 420/1326/1326
f 224/1327/1327 430/1328/1328 988/1329/1329
f 725/1330/1330 49/1331/1331 19/1332/1332
f 500/1333/1333 225/1334/1334 565/1335/1335
f 500/1336/1336 401/1337/1337 492/1338/1338
f 840/1339/1339 464/1340/1340 274/1341/1341
f 731/1342/1342 464/1343/1343 840/1344/1344
f 451/1345/1345 672/1346/1346 384/1347/1347
f 556/1348/1348 672/1349/1349 713/1350/1350
f 663/1351/1351 228/1352/1352 54/1353/1353
f 608/1354/1354 119/1355/1355 867/1356/1356
f 307/1357/1357 578/1358/1358 400/1359/1359
f 939/1360/1360 701/1361/1361 578/1362/1362
f 490/1363/1363 525/1364/1364 230/1365/1365
f 495/1366/1366 525/1367/1367 160/1368/1368
f 367/1369/1369 231/1370/1370 128/1371/1371
f 313/1372/1372 804/1373/1373 591/1374/1374
f 574/1375/1375 192/1376/1376 232/1377/1377
f 547/1378/1378 769/1379/1379 232/1380/1380
f 233/1381/1381 677/1382/1382 894/1383/1383
f 894/1384/1384 658/1385/1385 233/1386/1386
f 71/1387/1387 790/1388/1388 234/1389/1389
f 663/1390/1390 54/1391/1391 338/1392/1392
f 235/1393/1393 99/1394/1394 474/1395/1395
f 490/1396/1396 474/1397/1397 525/1398/1398
f 236/1399/1399 534/1400/1400 369/1401/1401
f 534/1402/1402 236/1403/1403 963/1404/1404
f 140/1405/1405 642/1406/1406 191/1407/1407
f 62/1408/1408 606/1409/1409 965/1410/1410
f 785/1411/1411 413/1412/1412 467/1413/1413
f 598/1414/1414 785/1415/1415 467/1416/1416
f 740/1417/1417 109/1418/1418 630/1419/1419
f 740/1420/1420 216/1421/1421 109/1422/1422
f 50/1423/1423 240/1424/1424 480/1425/1425
f 473/1426/1426 928/1427/1427 208/1428/1428
f 241/1429/1429 138/1430/1430 943/1431/1431
f 645/1432/1432 597/1433/1433 927/1434/1434
f 163/1435/1435 242/1436/1436 723/1437/1437
f 342/1438/1438 242/1439/1439 163/1440/1440
f 243/1441/1441 376/1442/1442 14/1443/1443
f 661/1444/1444 739/1445/1445 350/1446/1446
f 800/1447/1447 244/1448/1448 682/1449/1449
f 357/1450/1450 831/1451/1451 142/1452/1452
f 792/1453/1453 138/1454/1454 245/1455/1455
f 138/1456/1456 241/1457/1457 846/1458/1458
f 452/1459/1459 517/1460/1460 811/1461/1461
f 252/1462/1462 992/1463/1463 85/1464/1464
f 146/1465/1465 247/1466/1466 242/1467/1467
f 242/1468/1468 850/1469/1469 471/1470/1470
f 378/1471/1471 561/1472/1472 46/1473/1473
f 46/1474/1474 706/1475/1475 378/1476/1476
f 249/1477/1477 35/1478/1478 420/1479/1479
f 299/1480/1480 35/1481/1481 789/1482/1482
f 250/1483/1483 255/1484/1484 151/1485/1485
f 581/1486/1486 909/1487/1487 508/1488/1488
f 717/1489/1489 775/1490/1490 612/1491/1491
f 458/1492/1492 935/1493/1493 20/1494/1494
f 517/1495/1495 452/1496/1496 252/1497/1497
f 744/1498/1498 596/1499/1499 777/1500/1500
f 253/1501/1501 145/1502/1502 968/1503/1503
f 145/1504/1504 253/1505/1505 773/1506/1506
f 735/1507/1507 593/1508/1508 202/1509/1509
f 569/1510/1510 391/1511/1511 442/1512/1512
f 393/1513/1513 667/1514/1514 662/1515/1515
f 581/1516/1516 901/1517/1517 909/1518/1518
f 279/1519/1519 256/1520/1520 2/1521/1521
f 179/1522/1522 2/1523/1523 799/1524/1524
f 552/1525/1525 512/1526/1526 855/1527/1527
f 855/1528/1528 796/1529/1529 552/1530/1530
f 206/1531/1531 258/1532/1532 251/1533/1533
f 206/1534/1534 931/1535/1535 258/1536/1536
f 468/1537/1537 259/1538/1538 167/1539/1539
f 468/1540/1540 290/1541/1541 459/1542/1542
f 395/1543/1543 123/1544/1544 260/1545/1545
f 123/1546/1546 732/1547/1547 260/1548/1548
f 702/1549/1549 696/1550/1550 128/1551/1551
f 29/1552/1552 434/1553/1553 74/1554/1554
f 615/1555/1555 626/1556/1556 349/1557/1557
f 286/1558/1558 689/1559/1559 349/1560/1560
f 325/1561/1561 550/1562/1562 108/1563/1563
f 325/1564/1564 438/1565/1565 766/1566/1566
f 264/1567/1567 139/1568/1568 248/1569/1569
f 559/1570/1570 748/1571/1571 905/1572/1572
f 265/1573/1573 77/1574/1574 607/1575/1575
f 527/1576/1576 129/1577/1577 847/1578/1578
f 266/1579/1579 271/1580/1580 841/1581/1581
f 266/1582/1582 422/1583/1583 416/1584/1584
f 267/1585/1585 115/1586/1586 921/1587/1587
f 120/1588/1588 687/1589/1589 347/1590/1590
f 330/1591/1591 268/1592/1592 157/1593/1593
f 448/1594/1594 265/1595/1595 268/1596/1596
f 269/1597/1597 428/1598/1598 922/1599/1599
f 604/1600/1600 277/1601/1601 733/1602/1602
f 87/1603/1603 472/1604/1604 853/1605/1605
f 87/1606/1606 853/1607/1607 174/1608/1608
f 118/1609/1609 975/1610/1610 92/1611/1611
f 916/1612/1612 389/1613/1613 118/1614/1614
f 272/1615/1615 110/1616/1616 173/1617/1617
f 762/1618/1618 110/1619/1619 272/1620/1620
f 727/1621/1621 273/1622/1622 895/1623/1623
f 372/1624/1624 672/1625/1625 556/1626/1626
f 453/1627/1627 274/1628/1628 198/1629/1629
f 754/1630/1630 759/1631/1631 717/1632/1632
f 275/1633/1633 664/1634/1634 136/1635/1635
f 463/1636/1636 583/1637/1637 450/1638/1638
f 283/1639/1639 276/1640/1640 28/1641/1641
f 276/1642/1642 368/1643/1643 28/1644/1644
f 738/1645/1645 712/1646/1646 1/1647/1647
f 738/1648/1648 1/1649/1649 269/1650/1650
f 694/1651/1651 560/1652/1652 329/1653/1653
f 892/1654/1654 380/1655/1655 694/1656/1656
f 657/1657/1657 528/1658/1658 890/1659/1659
f 657/1660/1660 688/1661/1661 909/1662/1662
f 315/1663/1663 33/1664/1664 280/1665/1665
f 280/1666/1666 33/1667/1667 273/1668/1668
f 281/1669/1669 469/1670/1670 78/1671/1671
f 455/1672/1672 437/1673/1673 281/1674/1674
f 440/1675/1675 282/1676/1676 223/1677/1677
f 8/1678/1678 331/1679/1679 52/1680/1680
f 25/1681/1681 159/1682/1682 462/1683/1683
f 875/1684/1684 462/1685/1685 159/1686/1686
f 589/1687/1687 155/1688/1688 444/1689/1689
f 595/1690/1690 969/1691/1691 589/1692/1692
f 285/1693/1693 914/1694/1694 90/1695/1695
f 742/1696/1696 86/1697/1697 292/1698/1698
f 286/1699/1699 180/1700/1700 689/1701/1701
f 286/1702/1702 417/1703/1703 426/1704/1704
f 287/1705/1705 48/1706/1706 738/1707/1707
f 281/1708/1708 437/1709/1709 469/1710/1710
f 602/1711/1711 665/1712/1712 137/1713/1713
f 543/1714/1714 147/1715/1715 602/1716/1716
f 403/1717/1717 799/1718/1718 824/1719/1719
f 874/1720/1720 403/1721/1721 649/1722/1722
f 210/1723/1723 546/1724/1724 988/1725/1725
f 546/1726/1726 224/1727/1727 988/1728/1728
f 825/1729/1729 291/1730/1730 617/1731/1731
f 617/1732/1732 668/1733/1733 165/1734/1734
f 914/1735/1735 285/1736/1736 292/1737/1737
f 485/1738/1738 292/1739/1739 728/1740/1740
f 127/1741/1741 293/1742/1742 443/1743/1743
f 680/1744/1744 172/1745/1745 795/1746/1746
f 294/1747/1747 252/1748/1748 85/1749/1749
f 900/1750/1750 896/1751/1751 85/1752/1752
f 295/1753/1753 72/1754/1754 399/1755/1755
f 968/1756/1756 470/1757/1757 253/1758/1758
f 720/1759/1759 947/1760/1760 296/1761/1761
f 947/1762/1762 531/1763/1763 481/1764/1764
f 834/1765/1765 14/1766/1766 763/1767/1767
f 834/1768/1768 243/1769/1769 14/1770/1770
f 32/1771/1771 298/1772/1772 861/1773/1773
f 394/1774/1774 916/1775/1775 118/1776/1776
f 358/1777/1777 299/1778/1778 84/1779/1779
f 718/1780/1780 408/1781/1781 115/1782/1782
f 300/1783/1783 929/1784/1784 235/1785/1785
f 878/1786/1786 226/1787/1787 541/1788/1788
f 866/1789/1789 871/1790/1790 301/1791/1791
f 301/1792/1792 154/1793/1793 563/1794/1794
f 302/1795/1795 947/1796/1796 720/1797/1797
f 302/1798/1798 15/1799/1799 424/1800/1800
f 303/1801/1801 406/1802/1802 70/1803/1803
f 961/1804/1804 659/1805/1805 397/1806/1806
f 220/1807/1807 304/1808/1808 438/1809/1809
f 902/1810/1810 304/1811/1811 220/1812/1812
f 811/1813/1813 246/1814/1814 507/1815/1815
f 32/1816/1816 945/1817/1817 507/1818/1818
f 311/1819/1819 306/1820/1820 504/1821/1821
f 872/1822/1822 306/1823/1823 91/1824/1824
f 307/1825/1825 939/1826/1826 578/1827/1827
f 859/1828/1828 133/1829/1829 307/1830/1830
f 699/1831/1831 308/1832/1832 363/1833/1833
f 113/1834/1834 118/1835/1835 845/1836/1836
f 241/1837/1837 943/1838/1838 309/1839/1839
f 63/1840/1840 313/1841/1841 678/1842/1842
f 310/1843/1843 137/1844/1844 577/1845/1845
f 602/1846/1846 137/1847/1847 310/1848/1848
f 306/1849/1849 311/1850/1850 91/1851/1851
f 91/1852/1852 311/1853/1853 657/1854/1854
f 312/1855/1855 521/1856/1856 693/1857/1857
f 502/1858/1858 104/1859/1859 50/1860/1860
f 128/1861/1861 231/1862/1862 313/1863/1863
f 941/1864/1864 313/1865/1865 63/1866/1866
f 13/1867/1867 165/1868/1868 788/1869/1869
f 555/1870/1870 779/1871/1871 319/1872/1872
f 942/1873/1873 819/1874/1874 315/1875/1875
f 90/1876/1876 315/1877/1877 587/1878/1878
f 366/1879/1879 676/1880/1880 791/1881/1881
f 654/1882/1882 134/1883/1883 676/1884/1884
f 503/1885/1885 317/1886/1886 409/1887/1887
f 416/1888/1888 396/1889/1889 149/1890/1890
f 318/1891/1891 520/1892/1892 710/1893/1893
f 318/1894/1894 643/1895/1895 520/1896/1896
f 432/1897/1897 16/1898/1898 319/1899/1899
f 16/1900/1900 555/1901/1901 319/1902/1902
f 141/1903/1903 521/1904/1904 320/1905/1905
f 193/1906/1906 141/1907/1907 320/1908/1908
f 436/1909/1909 66/1910/1910 321/1911/1911
f 882/1912/1912 321/1913/1913 771/1914/1914
f 953/1915/1915 289/1916/1916 117/1917/1917
f 123/1918/1918 953/1919/1919 732/1920/1920
f 837/1921/1921 369/1922/1922 197/1923/1923
f 930/1924/1924 545/1925/1925 197/1926/1926
f 211/1927/1927 510/1928/1928 706/1929/1929
f 852/1930/1930 706/1931/1931 924/1932/1932
f 325/1933/1933 922/1934/1934 550/1935/1935
f 269/1936/1936 922/1937/1937 325/1938/1938
f 829/1939/1939 418/1940/1940 326/1941/1941
f 583/1942/1942 116/1943/1943 814/1944/1944
f 327/1945/1945 424/1946/1946 97/1947/1947
f 327/1948/1948 97/1949/1949 34/1950/1950
f 328/1951/1951 162/1952/1952 413/1953/1953
f 209/1954/1954 328/1955/1955 781/1956/1956
f 244/1957/1957 329/1958/1958 810/1959/1959
f 244/1960/1960 142/1961/1961 831/1962/1962
f 330/1963/1963 448/1964/1964 268/1965/1965
f 977/1966/1966 330/1967/1967 372/1968/1968
f 331/1969/1969 684/1970/1970 52/1971/1971
f 698/1972/1972 55/1973/1973 910/1974/1974
f 297/1975/1975 760/1976/1976 212/1977/1977
f 212/1978/1978 401/1979/1979 56/1980/1980
f 865/1981/1981 333/1982/1982 428/1983/1983
f 533/1984/1984 62/1985/1985 333/1986/1986
f 830/1987/1987 334/1988/1988 181/1989/1989
f 979/1990/1990 686/1991/1991 334/1992/1992
f 704/1993/1993 985/1994/1994 543/1995/1995
f 704/1996/1996 218/1997/1997 592/1998/1998
f 628/1999/1999 877/2000/2000 336/2001/2001
f 903/2002/2002 898/2003/2003 414/2004/2004
f 751/2005/2005 727/2006/2006 337/2007/2007
f 263/2008/2008 191/2009/2009 550/2010/2010
f 234/2011/2011 509/2012/2012 571/2013/2013
f 790/2014/2014 509/2015/2015 234/2016/2016
f 353/2017/2017 623/2018/2018 267/2019/2019
f 347/2020/2020 687/2021/2021 267/2022/2022
f 944/2023/2023 57/2024/2024 340/2025/2025
f 605/2026/2026 57/2027/2027 357/2028/2028
f 817/2029/2029 745/2030/2030 341/2031/2031
f 745/2032/2032 121/2033/2033 802/2034/2034
f 670/2035/2035 454/2036/2036 146/2037/2037
f 670/2038/2038 146/2039/2039 242/2040/2040
f 126/2041/2041 12/2042/2042 343/2043/2043
f 343/2044/2044 653/2045/2045 126/2046/2046
f 923/2047/2047 344/2048/2048 593/2049/2049
f 593/2050/2050 344/2051/2051 202/2052/2052
f 345/2053/2053 542/2054/2054 701/2055/2055
f 802/2056/2056 121/2057/2057 345/2058/2058
f 352/2059/2059 529/2060/2060 125/2061/2061
f 125/2062/2062 757/2063/2063 130/2064/2064
f 347/2065/2065 267/2066/2066 339/2067/2067
f 347/2068/2068 339/2069/2069 216/2070/2070
f 842/2071/2071 314/2072/2072 348/2073/2073
f 348/2074/2074 314/2075/2075 124/2076/2076
f 986/2077/2077 286/2078/2078 349/2079/2079
f 986/2080/2080 349/2081/2081 843/2082/2082
f 187/2083/2083 350/2084/2084 820/2085/2085
f 297/2086/2086 834/2087/2087 760/2088/2088
f 708/2089/2089 951/2090/2090 351/2091/2091
f 540/2092/2092 951/2093/2093 76/2094/2094
f 218/2095/2095 352/2096/2096 25/2097/2097
f 352/2098/2098 125/2099/2099 660/2100/2100
f 353/2101/2101 794/2102/2102 164/2103/2103
f 84/2104/2104 299/2105/2105 408/2106/2106
f 354/2107/2107 156/2108/2108 813/2109/2109
f 546/2110/2110 354/2111/2111 813/2112/2112
f 65/2113/2113 624/2114/2114 804/2115/2115
f 952/2116/2116 65/2117/2117 522/2118/2118
f 356/2119/2119 206/2120/2120 251/2121/2121
f 20/2122/2122 935/2123/2123 429/2124/2124
f 357/2125/2125 142/2126/2126 9/2127/2127
f 335/2128/2128 783/2129/2129 9/2130/2130
f 440/2131/2131 358/2132/2132 89/2133/2133
f 631/2134/2134 89/2135/2135 906/2136/2136
f 604/2137/2137 178/2138/2138 277/2139/2139
f 443/2140/2140 178/2141/2141 604/2142/2142
f 119/2143/2143 360/2144/2144 433/2145/2145
f 119/2146/2146 855/2147/2147 512/2148/2148
f 303/2149/2149 37/2150/2150 361/2151/2151
f 976/2152/2152 756/2153/2153 37/2154/2154
f 730/2155/2155 254/2156/2156 362/2157/2157
f 254/2158/2158 710/2159/2159 362/2160/2160
f 363/2161/2161 633/2162/2162 425/2163/2163
f 618/2164/2164 699/2165/2165 363/2166/2166
f 994/2167/2167 364/2168/2168 144/2169/2169
f 998/2170/2170 753/2171/2171 700/2172/2172
f 361/2173/2173 37/2174/2174 756/2175/2175
f 361/2176/2176 756/2177/2177 85/2178/2178
f 791/2179/2179 174/2180/2180 849/2181/2181
f 21/2182/2182 849/2183/2183 620/2184/2184
f 65/2185/2185 367/2186/2186 691/2187/2187
f 696/2188/2188 261/2189/2189 691/2190/2190
f 130/2191/2191 447/2192/2192 774/2193/2193
f 130/2194/2194 774/2195/2195 523/2196/2196
f 369/2197/2197 837/2198/2198 161/2199/2199
f 729/2200/2200 960/2201/2201 375/2202/2202
f 793/2203/2203 785/2204/2204 370/2205/2205
f 998/2206/2206 364/2207/2207 753/2208/2208
f 371/2209/2209 948/2210/2210 437/2211/2211
f 634/2212/2212 948/2213/2213 868/2214/2214
f 923/2215/2215 372/2216/2216 556/2217/2217
f 819/2218/2218 372/2219/2219 923/2220/2220
f 154/2221/2221 373/2222/2222 563/2223/2223
f 858/2224/2224 326/2225/2225 854/2226/2226
f 374/2227/2227 873/2228/2228 663/2229/2229
f 862/2230/2230 119/2231/2231 608/2232/2232
f 974/2233/2233 729/2234/2234 375/2235/2235
f 703/2236/2236 889/2237/2237 974/2238/2238
f 376/2239/2239 193/2240/2240 320/2241/2241
f 243/2242/2242 193/2243/2243 376/2244/2244
f 377/2245/2245 169/2246/2246 221/2247/2247
f 734/2248/2248 80/2249/2249 385/2250/2250
f 970/2251/2251 248/2252/2252 862/2253/2253
f 264/2254/2254 248/2255/2255 970/2256/2256
f 379/2257/2257 989/2258/2258 535/2259/2259
f 792/2260/2260 507/2261/2261 107/2262/2262
f 694/2263/2263 825/2264/2264 560/2265/2265
f 278/2266/2266 825/2267/2267 617/2268/2268
f 636/2269/2269 766/2270/2270 94/2271/2271
f 766/2272/2272 304/2273/2273 94/2274/2274
f 96/2275/2275 204/2276/2276 382/2277/2277
f 797/2278/2278 204/2279/2279 19/2280/2280
f 680/2281/2281 801/2282/2282 172/2283/2283
f 172/2284/2284 801/2285/2285 497/2286/2286
f 672/2287/2287 185/2288/2288 384/2289/2289
f 607/2290/2290 77/2291/2291 876/2292/2292
f 169/2293/2293 385/2294/2294 960/2295/2295
f 734/2296/2296 385/2297/2297 169/2298/2298
f 934/2299/2299 83/2300/2300 386/2301/2301
f 83/2302/2302 194/2303/2303 392/2304/2304
f 272/2305/2305 387/2306/2306 629/2307/2307
f 494/2308/2308 31/2309/2309 387/2310/2310
f 804/2311/2311 388/2312/2312 132/2313/2313
f 132/2314/2314 675/2315/2315 477/2316/2316
f 118/2317/2317 389/2318/2318 957/2319/2319
f 389/2320/2320 241/2321/2321 957/2322/2322
f 239/2323/2323 390/2324/2324 203/2325/2325
f 838/2326/2326 216/2327/2327 740/2328/2328
f 391/2329/2329 911/2330/2330 71/2331/2331
f 590/2332/2332 442/2333/2333 391/2334/2334
f 83/2335/2335 392/2336/2336 532/2337/2337
f 532/2338/2338 995/2339/2339 421/2340/2340
f 36/2341/2341 393/2342/2342 98/2343/2343
f 402/2344/2344 690/2345/2345 393/2346/2346
f 118/2347/2347 449/2348/2348 394/2349/2349
f 484/2350/2350 861/2351/2351 221/2352/2352
f 395/2353/2353 260/2354/2354 296/2355/2355
f 947/2356/2356 481/2357/2357 296/2358/2358
f 714/2359/2359 826/2360/2360 209/2361/2361
f 776/2362/2362 826/2363/2363 714/2364/2364
f 659/2365/2365 106/2366/2366 397/2367/2367
f 803/2368/2368 397/2369/2369 572/2370/2370
f 398/2371/2371 170/2372/2372 851/2373/2373
f 782/2374/2374 611/2375/2375 170/2376/2376
f 104/2377/2377 399/2378/2378 50/2379/2379
f 399/2380/2380 104/2381/2381 295/2382/2382
f 17/2383/2383 887/2384/2384 62/2385/2385
f 948/2386/2386 551/2387/2387 17/2388/2388
f 401/2389/2389 212/2390/2390 760/2391/2391
f 401/2392/2392 486/2393/2393 492/2394/2394
f 402/2395/2395 393/2396/2396 893/2397/2397
f 402/2398/2398 893/2399/2399 653/2400/2400
f 179/2401/2401 799/2402/2402 403/2403/2403
f 594/2404/2404 179/2405/2405 403/2406/2406
f 404/2407/2407 72/2408/2408 295/2409/2409
f 404/2410/2410 538/2411/2411 72/2412/2412
f 897/2413/2413 904/2414/2414 24/2415/2415
f 24/2416/2416 904/2417/2417 518/2418/2418
f 101/2419/2419 406/2420/2420 303/2421/2421
f 981/2422/2422 950/2423/2423 666/2424/2424
f 400/2425/2425 578/2426/2426 407/2427/2427
f 407/2428/2428 229/2429/2429 411/2430/2430
f 267/2431/2431 921/2432/2432 353/2433/2433
f 299/2434/2434 353/2435/2435 921/2436/2436
f 105/2437/2437 907/2438/2438 409/2439/2439
f 673/2440/2440 105/2441/2441 603/2442/2442
f 12/2443/2443 743/2444/2444 410/2445/2445
f 12/2446/2446 573/2447/2447 343/2448/2448
f 229/2449/2449 22/2450/2450 411/2451/2451
f 411/2452/2452 500/2453/2453 565/2454/2454
f 192/2455/2455 718/2456/2456 412/2457/2457
f 192/2458/2458 412/2459/2459 705/2460/2460
f 100/2461/2461 781/2462/2462 238/2463/2463
f 209/2464/2464 781/2465/2465 100/2466/2466
f 572/2467/2467 414/2468/2468 796/2469/2469
f 796/2470/2470 414/2471/2471 257/2472/2472
f 419/2473/2473 415/2474/2474 2/2475/2475
f 627/2476/2476 688/2477/2477 415/2478/2478
f 609/2479/2479 171/2480/2480 416/2481/2481
f 416/2482/2482 897/2483/2483 24/2484/2484
f 871/2485/2485 154/2486/2486 301/2487/2487
f 262/2488/2488 154/2489/2489 871/2490/2490
f 583/2491/2491 839/2492/2492 116/2493/2493
f 116/2494/2494 839/2495/2495 55/2496/2496
f 881/2497/2497 415/2498/2498 726/2499/2499
f 44/2500/2500 726/2501/2501 38/2502/2502
f 440/2503/2503 223/2504/2504 420/2505/2505
f 630/2506/2506 724/2507/2507 959/2508/2508
f 188/2509/2509 380/2510/2510 892/2511/2511
f 892/2512/2512 754/2513/2513 188/2514/2514
f 836/2515/2515 609/2516/2516 422/2517/2517
f 266/2518/2518 836/2519/2519 422/2520/2520
f 122/2521/2521 423/2522/2522 667/2523/2523
f 122/2524/2524 110/2525/2525 762/2526/2526
f 424/2527/2527 991/2528/2528 4/2529/2529
f 97/2530/2530 424/2531/2531 4/2532/2532
f 425/2533/2533 996/2534/2534 80/2535/2535
f 618/2536/2536 80/2537/2537 734/2538/2538
f 426/2539/2539 186/2540/2540 180/2541/2541
f 286/2542/2542 426/2543/2543 180/2544/2544
f 427/2545/2545 580/2546/2546 282/2547/2547
f 576/2548/2548 239/2549/2549 580/2550/2550
f 716/2551/2551 865/2552/2552 428/2553/2553
f 1/2554/2554 428/2555/2555 269/2556/2556
f 429/2557/2557 356/2558/2558 251/2559/2559
f 429/2560/2560 251/2561/2561 505/2562/2562
f 980/2563/2563 430/2564/2564 18/2565/2565
f 807/2566/2566 489/2567/2567 673/2568/2568
f 240/2569/2569 431/2570/2570 36/2571/2571
f 431/2572/2572 393/2573/2573 36/2574/2574
f 323/2575/2575 997/2576/2576 805/2577/2577
f 270/2578/2578 570/2579/2579 131/2580/2580
f 228/2581/2581 433/2582/2582 54/2583/2583
f 433/2584/2584 383/2585/2585 54/2586/2586
f 434/2587/2587 29/2588/2588 261/2589/2589
f 107/2590/2590 434/2591/2591 702/2592/2592
f 825/2593/2593 435/2594/2594 291/2595/2595
f 612/2596/2596 775/2597/2597 291/2598/2598
f 233/2599/2599 658/2600/2600 436/2601/2601
f 677/2602/2602 233/2603/2603 498/2604/2604
f 437/2605/2605 48/2606/2606 469/2607/2607
f 437/2608/2608 81/2609/2609 712/2610/2610
f 438/2611/2611 325/2612/2612 863/2613/2613
f 856/2614/2614 220/2615/2615 438/2616/2616
f 186/2617/2617 316/2618/2618 439/2619/2619
f 180/2620/2620 186/2621/2621 439/2622/2622
f 52/2623/2623 684/2624/2624 440/2625/2625
f 52/2626/2626 440/2627/2627 89/2628/2628
f 441/2629/2629 13/2630/2630 637/2631/2631
f 441/2632/2632 637/2633/2633 278/2634/2634
f 442/2635/2635 650/2636/2636 318/2637/2637
f 569/2638/2638 442/2639/2639 318/2640/2640
f 443/2641/2641 27/2642/2642 178/2643/2643
f 293/2644/2644 795/2645/2645 443/2646/2646
f 549/2647/2647 956/2648/2648 938/2649/2649
f 821/2650/2650 938/2651/2651 956/2652/2652
f 445/2653/2653 431/2654/2654 135/2655/2655
f 743/2656/2656 445/2657/2657 135/2658/2658
f 446/2659/2659 132/2660/2660 111/2661/2661
f 836/2662/2662 927/2663/2663 609/2664/2664
f 130/2665/2665 23/2666/2666 447/2667/2667
f 539/2668/2668 515/2669/2669 23/2670/2670
f 977/2671/2671 448/2672/2672 330/2673/2673
f 11/2674/2674 567/2675/2675 448/2676/2676
f 221/2677/2677 449/2678/2678 113/2679/2679
f 449/2680/2680 221/2681/2681 394/2682/2682
f 8/2683/2683 450/2684/2684 331/2685/2685
f 463/2686/2686 450/2687/2687 664/2688/2688
f 227/2689/2689 451/2690/2690 769/2691/2691
f 556/2692/2692 713/2693/2693 787/2694/2694
f 348/2695/2695 124/2696/2696 452/2697/2697
f 124/2698/2698 314/2699/2699 456/2700/2700
f 840/2701/2701 274/2702/2702 453/2703/2703
f 3/2704/2704 88/2705/2705 884/2706/2706
f 82/2707/2707 73/2708/2708 454/2709/2709
f 528/2710/2710 82/2711/2711 454/2712/2712
f 736/2713/2713 455/2714/2714 778/2715/2715
f 257/2716/2716 455/2717/2717 736/2718/2718
f 124/2719/2719 456/2720/2720 452/2721/2721
f 456/2722/2722 85/2723/2723 992/2724/2724
f 129/2725/2725 5/2726/2726 457/2727/2727
f 129/2728/2728 457/2729/2729 89/2730/2730
f 458/2731/2731 983/2732/2732 935/2733/2733
f 458/2734/2734 589/2735/2735 150/2736/2736
f 468/2737/2737 459/2738/2738 259/2739/2739
f 459/2740/2740 430/2741/2741 980/2742/2742
f 194/2743/2743 460/2744/2744 995/2745/2745
f 194/2746/2746 198/2747/2747 460/2748/2748
f 13/2749/2749 788/2750/2750 461/2751/2751
f 637/2752/2752 13/2753/2753 461/2754/2754
f 940/2755/2755 276/2756/2756 283/2757/2757
f 166/2758/2758 940/2759/2759 283/2760/2760
f 463/2761/2761 275/2762/2762 844/2763/2763
f 275/2764/2764 463/2765/2765 664/2766/2766
f 464/2767/2767 767/2768/2768 274/2769/2769
f 798/2770/2770 773/2771/2771 464/2772/2772
f 465/2773/2773 411/2774/2774 237/2775/2775
f 606/2776/2776 237/2777/2777 648/2778/2778
f 827/2779/2779 294/2780/2780 466/2781/2781
f 355/2782/2782 466/2783/2783 896/2784/2784
f 413/2785/2785 162/2786/2786 467/2787/2787
f 746/2788/2788 598/2789/2789 467/2790/2790
f 839/2791/2791 468/2792/2792 55/2793/2793
f 55/2794/2794 468/2795/2795 167/2796/2796
f 860/2797/2797 48/2798/2798 287/2799/2799
f 685/2800/2800 860/2801/2801 681/2802/2802
f 217/2803/2803 470/2804/2804 295/2805/2805
f 295/2806/2806 470/2807/2807 404/2808/2808
f 723/2809/2809 242/2810/2810 471/2811/2811
f 471/2812/2812 625/2813/2813 962/2814/2814
f 244/2815/2815 810/2816/2816 472/2817/2817
f 472/2818/2818 857/2819/2819 570/2820/2820
f 473/2821/2821 208/2822/2822 47/2823/2823
f 480/2824/2824 47/2825/2825 302/2826/2826
f 525/2827/2827 474/2828/2828 39/2829/2829
f 584/2830/2830 474/2831/2831 217/2832/2832
f 26/2833/2833 181/2834/2834 755/2835/2835
f 61/2836/2836 26/2837/2837 479/2838/2838
f 968/2839/2839 145/2840/2840 476/2841/2841
f 731/2842/2842 798/2843/2843 464/2844/2844
f 897/2845/2845 477/2846/2846 405/2847/2847
f 477/2848/2848 219/2849/2849 405/2850/2850
f 478/2851/2851 483/2852/2852 163/2853/2853
f 256/2854/2854 478/2855/2855 2/2856/2856
f 26/2857/2857 755/2858/2858 479/2859/2859
f 479/2860/2860 475/2861/2861 57/2862/2862
f 480/2863/2863 473/2864/2864 47/2865/2865
f 480/2866/2866 240/2867/2867 473/2868/2868
f 481/2869/2869 123/2870/2870 395/2871/2871
f 296/2872/2872 481/2873/2873 395/2874/2874
f 300/2875/2875 482/2876/2876 929/2877/2877
f 878/2878/2878 750/2879/2879 274/2880/2880
f 256/2881/2881 483/2882/2882 478/2883/2883
f 256/2884/2884 808/2885/2885 483/2886/2886
f 786/2887/2887 32/2888/2888 484/2889/2889
f 729/2890/2890 45/2891/2891 484/2892/2892
f 485/2893/2893 728/2894/2894 558/2895/2895
f 34/2896/2896 97/2897/2897 683/2898/2898
f 332/2899/2899 888/2900/2900 486/2901/2901
f 401/2902/2902 332/2903/2903 486/2904/2904
f 487/2905/2905 209/2906/2906 364/2907/2907
f 714/2908/2908 209/2909/2909 487/2910/2910
f 488/2911/2911 288/2912/2912 310/2913/2913
f 488/2914/2914 352/2915/2915 288/2916/2916
f 489/2917/2917 105/2918/2918 673/2919/2919
f 489/2920/2920 530/2921/2921 105/2922/2922
f 93/2923/2923 235/2924/2924 490/2925/2925
f 490/2926/2926 235/2927/2927 474/2928/2928
f 491/2929/2929 95/2930/2930 143/2931/2931
f 95/2932/2932 491/2933/2933 397/2934/2934
f 500/2935/2935 492/2936/2936 225/2937/2937
f 492/2938/2938 30/2939/2939 225/2940/2940
f 493/2941/2941 352/2942/2942 488/2943/2943
f 529/2944/2944 352/2945/2945 493/2946/2946
f 272/2947/2947 173/2948/2948 494/2949/2949
f 272/2950/2950 494/2951/2951 387/2952/2952
f 495/2953/2953 230/2954/2954 525/2955/2955
f 815/2956/2956 885/2957/2957 999/2958/2958
f 496/2959/2959 305/2960/2960 32/2961/2961
f 496/2962/2962 32/2963/2963 786/2964/2964
f 497/2965/2965 168/2966/2966 196/2967/2967
f 512/2968/2968 864/2969/2969 722/2970/2970
f 958/2971/2971 321/2972/2972 498/2973/2973
f 958/2974/2974 498/2975/2975 233/2976/2976
f 510/2977/2977 211/2978/2978 499/2979/2979
f 501/2980/2980 499/2981/2981 575/2982/2982
f 22/2983/2983 401/2984/2984 500/2985/2985
f 22/2986/2986 500/2987/2987 411/2988/2988
f 355/2989/2989 148/2990/2990 501/2991/2991
f 510/2992/2992 499/2993/2993 501/2994/2994
f 502/2995/2995 50/2996/2996 312/2997/2997
f 312/2998/2998 584/2999/2999 502/3000/3000
f 776/3001/3001 149/3002/3002 396/3003/3003
f 907/3004/3004 149/3005/3005 776/3006/3006
f 76/3007/3007 504/3008/3008 823/3009/3009
f 76/3010/3010 695/3011/3011 511/3012/3012
f 782/3013/3013 170/3014/3014 398/3015/3015
f 775/3016/3016 782/3017/3017 398/3018/3018
f 644/3019/3019 506/3020/3020 911/3021/3021
f 75/3022/3022 338/3023/3023 790/3024/3024
f 507/3025/3025 74/3026/3026 434/3027/3027
f 74/3028/3028 507/3029/3029 246/3030/3030
f 208/3031/3031 508/3032/3032 548/3033/3033
f 933/3034/3034 581/3035/3035 508/3036/3036
f 338/3037/3037 509/3038/3038 790/3039/3039
f 338/3040/3040 571/3041/3041 509/3042/3042
f 148/3043/3043 510/3044/3044 501/3045/3045
f 510/3046/3046 900/3047/3047 175/3048/3048
f 76/3049/3049 511/3050/3050 504/3051/3051
f 677/3052/3052 498/3053/3053 504/3054/3054
f 512/3055/3055 360/3056/3056 119/3057/3057
f 512/3058/3058 722/3059/3059 360/3060/3060
f 178/3061/3061 513/3062/3062 685/3063/3063
f 964/3064/3064 778/3065/3065 78/3066/3066
f 514/3067/3067 184/3068/3068 328/3069/3069
f 518/3070/3070 328/3071/3071 209/3072/3072
f 971/3073/3073 23/3074/3074 515/3075/3075
f 515/3076/3076 426/3077/3077 971/3078/3078
f 337/3079/3079 516/3080/3080 51/3081/3081
f 516/3082/3082 735/3083/3083 730/3084/3084
f 811/3085/3085 517/3086/3086 246/3087/3087
f 744/3088/3088 195/3089/3089 619/3090/3090
f 514/3091/3091 328/3092/3092 518/3093/3093
f 904/3094/3094 514/3095/3095 518/3096/3096
f 830/3097/3097 181/3098/3098 519/3099/3099
f 690/3100/3100 181/3101/3101 26/3102/3102
f 362/3103/3103 710/3104/3104 520/3105/3105
f 643/3106/3106 984/3107/3107 520/3108/3108
f 50/3109/3109 302/3110/3110 521/3111/3111
f 312/3112/3112 50/3113/3113 521/3114/3114
f 195/3115/3115 952/3116/3116 522/3117/3117
f 195/3118/3118 522/3119/3119 619/3120/3120
f 523/3121/3121 368/3122/3122 276/3123/3123
f 125/3124/3124 523/3125/3125 875/3126/3126
f 322/3127/3127 38/3128/3128 524/3129/3129
f 874/3130/3130 594/3131/3131 403/3132/3132
f 525/3133/3133 67/3134/3134 553/3135/3135
f 525/3136/3136 39/3137/3137 67/3138/3138
f 112/3139/3139 613/3140/3140 418/3141/3141
f 210/3142/3142 613/3143/3143 112/3144/3144
f 265/3145/3145 527/3146/3146 77/3147/3147
f 527/3148/3148 265/3149/3149 448/3150/3150
f 311/3151/3151 82/3152/3152 528/3153/3153
f 311/3154/3154 528/3155/3155 657/3156/3156
f 493/3157/3157 346/3158/3158 529/3159/3159
f 346/3160/3160 23/3161/3161 757/3162/3162
f 813/3163/3163 156/3164/3164 530/3165/3165
f 530/3166/3166 156/3167/3167 58/3168/3168
f 531/3169/3169 114/3170/3170 481/3171/3171
f 669/3172/3172 692/3173/3173 114/3174/3174
f 386/3175/3175 532/3176/3176 222/3177/3177
f 386/3178/3178 83/3179/3179 532/3180/3180
f 865/3181/3181 533/3182/3182 333/3183/3183
f 865/3184/3184 17/3185/3185 533/3186/3186
f 725/3187/3187 19/3188/3188 534/3189/3189
f 534/3190/3190 19/3191/3191 197/3192/3192
f 107/3193/3193 128/3194/3194 535/3195/3195
f 128/3196/3196 313/3197/3197 535/3198/3198
f 8/3199/3199 536/3200/3200 136/3201/3201
f 471/3202/3202 136/3203/3203 625/3204/3204
f 794/3205/3205 537/3206/3206 164/3207/3207
f 630/3208/3208 537/3209/3209 724/3210/3210
f 3/3211/3211 538/3212/3212 476/3213/3213
f 652/3214/3214 743/3215/3215 538/3216/3216
f 671/3217/3217 539/3218/3218 23/3219/3219
f 539/3220/3220 103/3221/3221 488/3222/3222
f 351/3223/3223 951/3224/3224 540/3225/3225
f 351/3226/3226 540/3227/3227 306/3228/3228
f 217/3229/3229 99/3230/3230 707/3231/3231
f 929/3232/3232 482/3233/3233 707/3234/3234
f 345/3235/3235 121/3236/3236 542/3237/3237
f 121/3238/3238 212/3239/3239 542/3240/3240
f 543/3241/3241 218/3242/3242 704/3243/3243
f 543/3244/3244 352/3245/3245 218/3246/3246
f 544/3247/3247 542/3248/3248 56/3249/3249
f 544/3250/3250 56/3251/3251 229/3252/3252
f 545/3253/3253 262/3254/3254 843/3255/3255
f 545/3256/3256 843/3257/3257 197/3258/3258
f 568/3259/3259 49/3260/3260 546/3261/3261
f 49/3262/3262 725/3263/3263 546/3264/3264
f 746/3265/3265 547/3266/3266 598/3267/3267
f 710/3268/3268 641/3269/3269 746/3270/3270
f 47/3271/3271 208/3272/3272 548/3273/3273
f 47/3274/3274 548/3275/3275 302/3276/3276
f 243/3277/3277 64/3278/3278 549/3279/3279
f 549/3280/3280 160/3281/3281 243/3282/3282
f 550/3283/3283 337/3284/3284 108/3285/3285
f 751/3286/3286 337/3287/3287 550/3288/3288
f 551/3289/3289 307/3290/3290 400/3291/3291
f 17/3292/3292 551/3293/3293 887/3294/3294
f 552/3295/3295 257/3296/3296 736/3297/3297
f 796/3298/3298 257/3299/3299 552/3300/3300
f 243/3301/3301 553/3302/3302 193/3303/3303
f 243/3304/3304 160/3305/3305 553/3306/3306
f 976/3307/3307 491/3308/3308 554/3309/3309
f 554/3310/3310 365/3311/3311 976/3312/3312
f 779/3313/3313 555/3314/3314 461/3315/3315
f 153/3316/3316 461/3317/3317 555/3318/3318
f 641/3319/3319 344/3320/3320 556/3321/3321
f 923/3322/3322 556/3323/3323 344/3324/3324
f 557/3325/3325 937/3326/3326 340/3327/3327
f 494/3328/3328 937/3329/3329 658/3330/3330
f 955/3331/3331 34/3332/3332 683/3333/3333
f 642/3334/3334 34/3335/3335 955/3336/3336
f 175/3337/3337 886/3338/3338 559/3339/3339
f 510/3340/3340 175/3341/3341 559/3342/3342
f 560/3343/3343 825/3344/3344 278/3345/3345
f 560/3346/3346 278/3347/3347 153/3348/3348
f 46/3349/3349 561/3350/3350 374/3351/3351
f 561/3352/3352 873/3353/3353 374/3354/3354
f 990/3355/3355 832/3356/3356 390/3357/3357
f 199/3358/3358 832/3359/3359 990/3360/3360
f 912/3361/3361 301/3362/3362 563/3363/3363
f 912/3364/3364 854/3365/3365 463/3366/3366
f 393/3367/3367 564/3368/3368 667/3369/3369
f 690/3370/3370 564/3371/3371 393/3372/3372
f 237/3373/3373 411/3374/3374 917/3375/3375
f 237/3376/3376 917/3377/3377 34/3378/3378
f 809/3379/3379 566/3380/3380 176/3381/3381
f 79/3382/3382 745/3383/3383 817/3384/3384
f 732/3385/3385 41/3386/3386 567/3387/3387
f 567/3388/3388 41/3389/3389 448/3390/3390
f 112/3391/3391 568/3392/3392 210/3393/3393
f 210/3394/3394 568/3395/3395 546/3396/3396
f 328/3397/3397 569/3398/3398 710/3399/3399
f 569/3400/3400 318/3401/3401 710/3402/3402
f 570/3403/3403 857/3404/3404 805/3405/3405
f 997/3406/3406 570/3407/3407 805/3408/3408
f 993/3409/3409 571/3410/3410 293/3411/3411
f 54/3412/3412 680/3413/3413 571/3414/3414
f 572/3415/3415 903/3416/3416 414/3417/3417
f 397/3418/3418 106/3419/3419 572/3420/3420
f 573/3421/3421 12/3422/3422 410/3423/3423
f 410/3424/3424 83/3425/3425 934/3426/3426
f 876/3427/3427 10/3428/3428 574/3429/3429
f 10/3430/3430 631/3431/3431 574/3432/3432
f 624/3433/3433 575/3434/3434 804/3435/3435
f 624/3436/3436 501/3437/3437 575/3438/3438
f 427/3439/3439 199/3440/3440 576/3441/3441
f 427/3442/3442 576/3443/3443 580/3444/3444
f 577/3445/3445 472/3446/3446 87/3447/3447
f 134/3448/3448 577/3449/3449 87/3450/3450
f 407/3451/3451 578/3452/3452 229/3453/3453
f 578/3454/3454 544/3455/3455 229/3456/3456
f 579/3457/3457 24/3458/3458 518/3459/3459
f 416/3460/3460 24/3461/3461 579/3462/3462
f 239/3463/3463 203/3464/3464 580/3465/3465
f 580/3466/3466 203/3467/3467 223/3468/3468
f 662/3469/3469 901/3470/3470 581/3471/3471
f 98/3472/3472 581/3473/3473 933/3474/3474
f 405/3475/3475 219/3476/3476 582/3477/3477
f 219/3478/3478 588/3479/3479 582/3480/3480
f 326/3481/3481 418/3482/3482 583/3483/3483
f 326/3484/3484 583/3485/3485 854/3486/3486
f 474/3487/3487 584/3488/3488 39/3489/3489
f 39/3490/3490 584/3491/3491 312/3492/3492
f 549/3493/3493 938/3494/3494 585/3495/3495
f 155/3496/3496 585/3497/3497 444/3498/3498
f 409/3499/3499 721/3500/3500 586/3501/3501
f 838/3502/3502 586/3503/3503 216/3504/3504
f 949/3505/3505 558/3506/3506 587/3507/3507
f 587/3508/3508 315/3509/3509 751/3510/3510
f 40/3511/3511 184/3512/3512 588/3513/3513
f 219/3514/3514 40/3515/3515 588/3516/3516
f 53/3517/3517 284/3518/3518 589/3519/3519
f 589/3520/3520 908/3521/3521 150/3522/3522
f 71/3523/3523 590/3524/3524 391/3525/3525
f 71/3526/3526 234/3527/3527 770/3528/3528
f 678/3529/3529 313/3530/3530 591/3531/3531
f 241/3532/3532 309/3533/3533 597/3534/3534
f 882/3535/3535 704/3536/3536 592/3537/3537
f 166/3538/3538 592/3539/3539 940/3540/3540
f 273/3541/3541 923/3542/3542 593/3543/3543
f 895/3544/3544 273/3545/3545 593/3546/3546
f 726/3547/3547 594/3548/3548 38/3549/3549
f 38/3550/3550 594/3551/3551 874/3552/3552
f 300/3553/3553 601/3554/3554 595/3555/3555
f 93/3556/3556 815/3557/3557 999/3558/3558
f 252/3559/3559 596/3560/3560 517/3561/3561
f 294/3562/3562 827/3563/3563 252/3564/3564
f 597/3565/3565 591/3566/3566 446/3567/3567
f 591/3568/3568 597/3569/3569 678/3570/3570
f 547/3571/3571 232/3572/3572 598/3573/3573
f 598/3574/3574 966/3575/3575 370/3576/3576
f 374/3577/3577 663/3578/3578 599/3579/3579
f 75/3580/3580 506/3581/3581 644/3582/3582
f 200/3583/3583 68/3584/3584 600/3585/3585
f 200/3586/3586 600/3587/3587 41/3588/3588
f 235/3589/3589 93/3590/3590 601/3591/3591
f 601/3592/3592 93/3593/3593 595/3594/3594
f 288/3595/3595 543/3596/3596 602/3597/3597
f 288/3598/3598 602/3599/3599 310/3600/3600
f 603/3601/3601 409/3602/3602 586/3603/3603
f 105/3604/3604 409/3605/3605 603/3606/3606
f 359/3607/3607 604/3608/3608 733/3609/3609
f 443/3610/3610 604/3611/3611 359/3612/3612
f 605/3613/3613 557/3614/3614 340/3615/3615
f 340/3616/3616 57/3617/3617 605/3618/3618
f 62/3619/3619 465/3620/3620 606/3621/3621
f 606/3622/3622 465/3623/3623 237/3624/3624
f 185/3625/3625 268/3626/3626 607/3627/3627
f 185/3628/3628 607/3629/3629 384/3630/3630
f 561/3631/3631 608/3632/3632 873/3633/3633
f 608/3634/3634 867/3635/3635 873/3636/3636
f 171/3637/3637 609/3638/3638 111/3639/3639
f 609/3640/3640 446/3641/3641 111/3642/3642
f 37/3643/3643 303/3644/3644 610/3645/3645
f 961/3646/3646 303/3647/3647 919/3648/3648
f 611/3649/3649 79/3650/3650 817/3651/3651
f 611/3652/3652 638/3653/3653 79/3654/3654
f 435/3655/3655 717/3656/3656 612/3657/3657
f 435/3658/3658 612/3659/3659 291/3660/3660
f 613/3661/3661 526/3662/3662 468/3663/3663
f 210/3664/3664 526/3665/3665 613/3666/3666
f 614/3667/3667 43/3668/3668 880/3669/3669
f 748/3670/3670 139/3671/3671 264/3672/3672
f 190/3673/3673 932/3674/3674 615/3675/3675
f 349/3676/3676 689/3677/3677 615/3678/3678
f 616/3679/3679 61/3680/3680 622/3681/3681
f 61/3682/3682 954/3683/3683 122/3684/3684
f 158/3685/3685 617/3686/3686 165/3687/3687
f 617/3688/3688 158/3689/3689 441/3690/3690
f 425/3691/3691 618/3692/3692 363/3693/3693
f 80/3694/3694 618/3695/3695 425/3696/3696
f 619/3697/3697 246/3698/3698 517/3699/3699
f 74/3700/3700 246/3701/3701 619/3702/3702
f 849/3703/3703 174/3704/3704 620/3705/3705
f 620/3706/3706 639/3707/3707 997/3708/3708
f 856/3709/3709 51/3710/3710 621/3711/3711
f 856/3712/3712 621/3713/3713 220/3714/3714
f 622/3715/3715 173/3716/3716 616/3717/3717
f 494/3718/3718 173/3719/3719 937/3720/3720
f 216/3721/3721 339/3722/3722 623/3723/3723
f 623/3724/3724 339/3725/3725 267/3726/3726
f 848/3727/3727 501/3728/3728 624/3729/3729
f 848/3730/3730 952/3731/3731 195/3732/3732
f 625/3733/3733 536/3734/3734 457/3735/3735
f 136/3736/3736 536/3737/3737 625/3738/3738
f 21/3739/3739 626/3740/3740 615/3741/3741
f 21/3742/3742 997/3743/3743 626/3744/3744
f 632/3745/3745 909/3746/3746 627/3747/3747
f 881/3748/3748 726/3749/3749 44/3750/3750
f 106/3751/3751 659/3752/3752 628/3753/3753
f 572/3754/3754 106/3755/3755 903/3756/3756
f 768/3757/3757 629/3758/3758 695/3759/3759
f 695/3760/3760 629/3761/3761 511/3762/3762
f 109/3763/3763 164/3764/3764 630/3765/3765
f 630/3766/3766 164/3767/3767 537/3768/3768
f 574/3769/3769 631/3770/3770 192/3771/3771
f 780/3772/3772 718/3773/3773 192/3774/3774
f 881/3775/3775 44/3776/3776 632/3777/3777
f 632/3778/3778 44/3779/3779 869/3780/3780
f 92/3781/3781 266/3782/3782 633/3783/3783
f 308/3784/3784 92/3785/3785 633/3786/3786
f 634/3787/3787 336/3788/3788 640/3789/3789
f 628/3790/3790 336/3791/3791 898/3792/3792
f 159/3793/3793 635/3794/3794 875/3795/3795
f 159/3796/3796 660/3797/3797 635/3798/3798
f 127/3799/3799 443/3800/3800 636/3801/3801
f 127/3802/3802 636/3803/3803 94/3804/3804
f 153/3805/3805 278/3806/3806 637/3807/3807
f 637/3808/3808 461/3809/3809 153/3810/3810
f 931/3811/3811 638/3812/3812 258/3813/3813
f 258/3814/3814 638/3815/3815 611/3816/3816
f 174/3817/3817 853/3818/3818 639/3819/3819
f 620/3820/3820 174/3821/3821 639/3822/3822
f 152/3823/3823 551/3824/3824 640/3825/3825
f 336/3826/3826 152/3827/3827 640/3828/3828
f 641/3829/3829 547/3830/3830 746/3831/3831
f 641/3832/3832 227/3833/3833 547/3834/3834
f 642/3835/3835 237/3836/3836 34/3837/3837
f 648/3838/3838 237/3839/3839 642/3840/3840
f 69/3841/3841 304/3842/3842 902/3843/3843
f 650/3844/3844 94/3845/3845 69/3846/3846
f 599/3847/3847 75/3848/3848 644/3849/3849
f 40/3850/3850 599/3851/3851 644/3852/3852
f 241/3853/3853 597/3854/3854 645/3855/3855
f 241/3856/3856 645/3857/3857 957/3858/3858
f 995/3859/3859 646/3860/3860 421/3861/3861
f 421/3862/3862 892/3863/3863 694/3864/3864
f 481/3865/3865 647/3866/3866 123/3867/3867
f 913/3868/3868 953/3869/3869 123/3870/3870
f 140/3871/3871 648/3872/3872 642/3873/3873
f 333/3874/3874 965/3875/3875 140/3876/3876
f 692/3877/3877 649/3878/3878 289/3879/3879
f 403/3880/3880 289/3881/3881 649/3882/3882
f 69/3883/3883 643/3884/3884 650/3885/3885
f 650/3886/3886 643/3887/3887 318/3888/3888
f 298/3889/3889 711/3890/3890 651/3891/3891
f 298/3892/3892 982/3893/3893 394/3894/3894
f 652/3895/3895 833/3896/3896 194/3897/3897
f 3/3898/3898 652/3899/3899 538/3900/3900
f 653/3901/3901 177/3902/3902 402/3903/3903
f 830/3904/3904 979/3905/3905 334/3906/3906
f 310/3907/3907 577/3908/3908 654/3909/3909
f 654/3910/3910 316/3911/3911 310/3912/3912
f 655/3913/3913 868/3914/3914 455/3915/3915
f 898/3916/3916 868/3917/3917 655/3918/3918
f 59/3919/3919 656/3920/3920 320/3921/3921
f 59/3922/3922 14/3923/3923 656/3924/3924
f 102/3925/3925 91/3926/3926 657/3927/3927
f 250/3928/3928 102/3929/3929 657/3930/3930
f 557/3931/3931 658/3932/3932 937/3933/3933
f 436/3934/3934 658/3935/3935 557/3936/3936
f 961/3937/3937 919/3938/3938 659/3939/3939
f 70/3940/3940 666/3941/3941 659/3942/3942
f 25/3943/3943 660/3944/3944 159/3945/3945
f 25/3946/3946 352/3947/3947 660/3948/3948
f 638/3949/3949 661/3950/3950 79/3951/3951
f 638/3952/3952 925/3953/3953 661/3954/3954
f 393/3955/3955 662/3956/3956 98/3957/3957
f 98/3958/3958 662/3959/3959 581/3960/3960
f 75/3961/3961 663/3962/3962 338/3963/3963
f 599/3964/3964 663/3965/3965 75/3966/3966
f 664/3967/3967 8/3968/3968 136/3969/3969
f 664/3970/3970 450/3971/3971 8/3972/3972
f 602/3973/3973 147/3974/3974 665/3975/3975
f 665/3976/3976 147/3977/3977 985/3978/3978
f 666/3979/3979 406/3980/3980 101/3981/3981
f 406/3982/3982 666/3983/3983 70/3984/3984
f 667/3985/3985 768/3986/3986 255/3987/3987
f 667/3988/3988 255/3989/3989 250/3990/3990
f 291/3991/3991 668/3992/3992 617/3993/3993
f 291/3994/3994 775/3995/3995 668/3996/3996
f 531/3997/3997 669/3998/3998 114/3999/3999
f 669/4000/4000 531/4001/4001 213/4002/4002
f 670/4003/4003 242/4004/4004 342/4005/4005
f 256/4006/4006 761/4007/4007 808/4008/4008
f 103/4009/4009 671/4010/4010 346/4011/4011
f 671/4012/4012 103/4013/4013 539/4014/4014
f 372/4015/4015 157/4016/4016 672/4017/4017
f 157/4018/4018 268/4019/4019 672/4020/4020
f 807/4021/4021 673/4022/4022 18/4023/4023
f 18/4024/4024 673/4025/4025 603/4026/4026
f 666/4027/4027 679/4028/4028 674/4029/4029
f 674/4030/4030 176/4031/4031 870/4032/4032
f 575/4033/4033 675/4034/4034 388/4035/4035
f 388/4036/4036 675/4037/4037 132/4038/4038
f 676/4039/4039 316/4040/4040 654/4041/4041
f 316/4042/4042 676/4043/4043 439/4044/4044
f 511/4045/4045 677/4046/4046 504/4047/4047
f 511/4048/4048 387/4049/4049 677/4050/4050
f 309/4051/4051 678/4052/4052 597/4053/4053
f 309/4054/4054 943/4055/4055 678/4056/4056
f 679/4057/4057 176/4058/4058 674/4059/4059
f 176/4060/4060 950/4061/4061 981/4062/4062
f 571/4063/4063 680/4064/4064 293/4065/4065
f 293/4066/4066 680/4067/4067 795/4068/4068
f 681/4069/4069 860/4070/4070 287/4071/4071
f 681/4072/4072 287/4073/4073 277/4074/4074
f 137/4075/4075 682/4076/4076 577/4077/4077
f 137/4078/4078 800/4079/4079 682/4080/4080
f 683/4081/4081 292/4082/4082 485/4083/4083
f 485/4084/4084 955/4085/4085 683/4086/4086
f 282/4087/4087 440/4088/4088 684/4089/4089
f 910/4090/4090 167/4091/4091 749/4092/4092
f 964/4093/4093 78/4094/4094 685/4095/4095
f 78/4096/4096 469/4097/4097 685/4098/4098
f 343/4099/4099 934/4100/4100 686/4101/4101
f 343/4102/4102 686/4103/4103 979/4104/4104
f 687/4105/4105 115/4106/4106 267/4107/4107
f 700/4108/4108 687/4109/4109 998/4110/4110
f 688/4111/4111 279/4112/4112 2/4113/4113
f 657/4114/4114 890/4115/4115 688/4116/4116
f 180/4117/4117 190/4118/4118 689/4119/4119
f 689/4120/4120 190/4121/4121 615/4122/4122
f 181/4123/4123 690/4124/4124 519/4125/4125
f 519/4126/4126 690/4127/4127 402/4128/4128
f 691/4129/4129 261/4130/4130 29/4131/4131
f 835/4132/4132 65/4133/4133 691/4134/4134
f 692/4135/4135 669/4136/4136 322/4137/4137
f 692/4138/4138 322/4139/4139 524/4140/4140
f 946/4141/4141 693/4142/4142 141/4143/4143
f 693/4144/4144 521/4145/4145 141/4146/4146
f 57/4147/4147 694/4148/4148 42/4149/4149
f 42/4150/4150 694/4151/4151 329/4152/4152
f 189/4153/4153 768/4154/4154 695/4155/4155
f 951/4156/4156 189/4157/4157 695/4158/4158
f 696/4159/4159 367/4160/4160 128/4161/4161
f 367/4162/4162 696/4163/4163 691/4164/4164
f 930/4165/4165 96/4166/4166 697/4167/4167
f 154/4168/4168 697/4169/4169 96/4170/4170
f 814/4171/4171 698/4172/4172 331/4173/4173
f 698/4174/4174 684/4175/4175 331/4176/4176
f 734/4177/4177 113/4178/4178 699/4179/4179
f 113/4180/4180 308/4181/4181 699/4182/4182
f 412/4183/4183 115/4184/4184 700/4185/4185
f 700/4186/4186 115/4187/4187 687/4188/4188
f 701/4189/4189 544/4190/4190 578/4191/4191
f 701/4192/4192 542/4193/4193 544/4194/4194
f 434/4195/4195 261/4196/4196 702/4197/4197
f 696/4198/4198 702/4199/4199 261/4200/4200
f 703/4201/4201 375/4202/4202 960/4203/4203
f 703/4204/4204 974/4205/4205 375/4206/4206
f 882/4207/4207 335/4208/4208 704/4209/4209
f 704/4210/4210 335/4211/4211 985/4212/4212
f 232/4213/4213 192/4214/4214 705/4215/4215
f 598/4216/4216 232/4217/4217 966/4218/4218
f 510/4219/4219 324/4220/4220 706/4221/4221
f 324/4222/4222 378/4223/4223 706/4224/4224
f 541/4225/4225 470/4226/4226 707/4227/4227
f 482/4228/4228 541/4229/4229 707/4230/4230
f 91/4231/4231 102/4232/4232 708/4233/4233
f 250/4234/4234 708/4235/4235 102/4236/4236
f 41/4237/4237 600/4238/4238 709/4239/4239
f 448/4240/4240 41/4241/4241 709/4242/4242
f 254/4243/4243 202/4244/4244 710/4245/4245
f 202/4246/4246 641/4247/4247 710/4248/4248
f 138/4249/4249 711/4250/4250 245/4251/4251
f 711/4252/4252 298/4253/4253 245/4254/4254
f 48/4255/4255 712/4256/4256 738/4257/4257
f 437/4258/4258 712/4259/4259 48/4260/4260
f 713/4261/4261 672/4262/4262 451/4263/4263
f 713/4264/4264 451/4265/4265 787/4266/4266
f 503/4267/4267 714/4268/4268 317/4269/4269
f 317/4270/4270 714/4271/4271 487/4272/4272
f 715/4273/4273 752/4274/4274 772/4275/4275
f 720/4276/4276 296/4277/4277 715/4278/4278
f 712/4279/4279 716/4280/4280 1/4281/4281
f 1/4282/4282 716/4283/4283 428/4284/4284
f 458/4285/4285 20/4286/4286 717/4287/4287
f 717/4288/4288 20/4289/4289 775/4290/4290
f 780/4291/4291 84/4292/4292 718/4293/4293
f 84/4294/4294 408/4295/4295 718/4296/4296
f 719/4297/4297 883/4298/4298 214/4299/4299
f 888/4300/4300 214/4301/4301 812/4302/4302
f 302/4303/4303 720/4304/4304 772/4305/4305
f 772/4306/4306 720/4307/4307 715/4308/4308
f 216/4309/4309 721/4310/4310 347/4311/4311
f 586/4312/4312 721/4313/4313 216/4314/4314
f 497/4315/4315 722/4316/4316 168/4317/4317
f 801/4318/4318 722/4319/4319 497/4320/4320
f 163/4321/4321 723/4322/4322 747/4323/4323
f 723/4324/4324 471/4325/4325 747/4326/4326
f 223/4327/4327 724/4328/4328 420/4329/4329
f 537/4330/4330 420/4331/4331 724/4332/4332
f 996/4333/4333 354/4334/4334 546/4335/4335
f 996/4336/4336 425/4337/4337 354/4338/4338
f 726/4339/4339 419/4340/4340 594/4341/4341
f 419/4342/4342 726/4343/4343 415/4344/4344
f 280/4345/4345 727/4346/4346 751/4347/4347
f 280/4348/4348 273/4349/4349 727/4350/4350
f 728/4351/4351 292/4352/4352 285/4353/4353
f 587/4354/4354 728/4355/4355 285/4356/4356
f 161/4357/4357 45/4358/4358 729/4359/4359
f 161/4360/4360 729/4361/4361 974/4362/4362
f 51/4363/4363 516/4364/4364 730/4365/4365
f 51/4366/4366 730/4367/4367 621/4368/4368
f 476/4369/4369 731/4370/4370 3/4371/4371
f 476/4372/4372 145/4373/4373 731/4374/4374
f 953/4375/4375 117/4376/4376 732/4377/4377
f 117/4378/4378 200/4379/4379 732/4380/4380
f 733/4381/4381 269/4382/4382 325/4383/4383
f 277/4384/4384 269/4385/4385 733/4386/4386
f 169/4387/4387 377/4388/4388 734/4389/4389
f 734/4390/4390 377/4391/4391 113/4392/4392
f 254/4393/4393 735/4394/4394 202/4395/4395
f 735/4396/4396 254/4397/4397 730/4398/4398
f 964/4399/4399 196/4400/4400 736/4401/4401
f 168/4402/4402 736/4403/4403 196/4404/4404
f 737/4405/4405 4/4406/4406 90/4407/4407
f 86/4408/4408 742/4409/4409 737/4410/4410
f 277/4411/4411 738/4412/4412 269/4413/4413
f 287/4414/4414 738/4415/4415 277/4416/4416
f 739/4417/4417 243/4418/4418 834/4419/4419
f 739/4420/4420 64/4421/4421 243/4422/4422
f 390/4423/4423 740/4424/4424 630/4425/4425
f 390/4426/4426 832/4427/4427 740/4428/4428
f 5/4429/4429 741/4430/4430 457/4431/4431
f 5/4432/4432 747/4433/4433 741/4434/4434
f 97/4435/4435 4/4436/4436 742/4437/4437
f 4/4438/4438 737/4439/4439 742/4440/4440
f 538/4441/4441 743/4442/4442 183/4443/4443
f 743/4444/4444 135/4445/4445 183/4446/4446
f 596/4447/4447 744/4448/4448 517/4449/4449
f 744/4450/4450 619/4451/4451 517/4452/4452
f 79/4453/4453 187/4454/4454 745/4455/4455
f 745/4456/4456 187/4457/4457 121/4458/4458
f 746/4459/4459 162/4460/4460 710/4461/4461
f 162/4462/4462 746/4463/4463 467/4464/4464
f 289/4465/4465 747/4466/4466 68/4467/4467
f 973/4468/4468 747/4469/4469 5/4470/4470
f 559/4471/4471 614/4472/4472 748/4473/4473
f 748/4474/4474 614/4475/4475 139/4476/4476
f 910/4477/4477 749/4478/4478 282/4479/4479
f 749/4480/4480 427/4481/4481 282/4482/4482
f 300/4483/4483 595/4484/4484 750/4485/4485
f 878/4486/4486 300/4487/4487 750/4488/4488
f 550/4489/4489 191/4490/4490 751/4491/4491
f 955/4492/4492 949/4493/4493 191/4494/4494
f 752/4495/4495 260/4496/4496 567/4497/4497
f 296/4498/4498 260/4499/4499 752/4500/4500
f 753/4501/4501 370/4502/4502 966/4503/4503
f 793/4504/4504 370/4505/4505 753/4506/4506
f 460/4507/4507 198/4508/4508 754/4509/4509
f 198/4510/4510 274/4511/4511 754/4512/4512
f 755/4513/4513 475/4514/4514 479/4515/4515
f 755/4516/4516 334/4517/4517 475/4518/4518
f 756/4519/4519 976/4520/4520 365/4521/4521
f 365/4522/4522 85/4523/4523 756/4524/4524
f 529/4525/4525 757/4526/4526 125/4527/4527
f 529/4528/4528 346/4529/4529 757/4530/4530
f 991/4531/4531 758/4532/4532 4/4533/4533
f 758/4534/4534 765/4535/4535 942/4536/4536
f 274/4537/4537 750/4538/4538 759/4539/4539
f 274/4540/4540 759/4541/4541 754/4542/4542
f 760/4543/4543 834/4544/4544 763/4545/4545
f 760/4546/4546 332/4547/4547 401/4548/4548
f 761/4549/4549 670/4550/4550 808/4551/4551
f 890/4552/4552 670/4553/4553 761/4554/4554
f 768/4555/4555 762/4556/4556 629/4557/4557
f 122/4558/4558 762/4559/4559 423/4560/4560
f 763/4561/4561 332/4562/4562 760/4563/4563
f 763/4564/4564 719/4565/4565 332/4566/4566
f 764/4567/4567 101/4568/4568 361/4569/4569
f 314/4570/4570 101/4571/4571 764/4572/4572
f 987/4573/4573 765/4574/4574 758/4575/4575
f 302/4576/4576 772/4577/4577 987/4578/4578
f 766/4579/4579 359/4580/4580 381/4581/4581
f 766/4582/4582 381/4583/4583 325/4584/4584
f 464/4585/4585 773/4586/4586 767/4587/4587
f 767/4588/4588 226/4589/4589 878/4590/4590
f 423/4591/4591 768/4592/4592 667/4593/4593
f 768/4594/4594 423/4595/4595 762/4596/4596
f 972/4597/4597 574/4598/4598 232/4599/4599
f 978/4600/4600 876/4601/4601 574/4602/4602
f 590/4603/4603 770/4604/4604 94/4605/4605
f 71/4606/4606 770/4607/4607 590/4608/4608
f 771/4609/4609 66/4610/4610 783/4611/4611
f 321/4612/4612 66/4613/4613 771/4614/4614
f 987/4615/4615 772/4616/4616 765/4617/4617
f 765/4618/4618 772/4619/4619 942/4620/4620
f 226/4621/4621 773/4622/4622 541/4623/4623
f 773/4624/4624 226/4625/4625 767/4626/4626
f 523/4627/4627 774/4628/4628 368/4629/4629
f 368/4630/4630 774/4631/4631 912/4632/4632
f 429/4633/4633 782/4634/4634 775/4635/4635
f 20/4636/4636 429/4637/4637 775/4638/4638
f 503/4639/4639 776/4640/4640 714/4641/4641
f 503/4642/4642 907/4643/4643 776/4644/4644
f 466/4645/4645 195/4646/4646 777/4647/4647
f 744/4648/4648 777/4649/4649 195/4650/4650
f 778/4651/4651 281/4652/4652 78/4653/4653
f 455/4654/4654 281/4655/4655 778/4656/4656
f 779/4657/4657 348/4658/4658 305/4659/4659
f 461/4660/4660 788/4661/4661 779/4662/4662
f 631/4663/4663 84/4664/4664 780/4665/4665
f 192/4666/4666 631/4667/4667 780/4668/4668
f 781/4669/4669 413/4670/4670 785/4671/4671
f 781/4672/4672 328/4673/4673 413/4674/4674
f 429/4675/4675 505/4676/4676 782/4677/4677
f 505/4678/4678 611/4679/4679 782/4680/4680
f 783/4681/4681 357/4682/4682 9/4683/4683
f 783/4684/4684 66/4685/4685 357/4686/4686
f 784/4687/4687 794/4688/4688 789/4689/4689
f 537/4690/4690 784/4691/4691 249/4692/4692
f 781/4693/4693 785/4694/4694 238/4695/4695
f 238/4696/4696 785/4697/4697 793/4698/4698
f 319/4699/4699 786/4700/4700 45/4701/4701
f 45/4702/4702 786/4703/4703 484/4704/4704
f 787/4705/4705 451/4706/4706 227/4707/4707
f 787/4708/4708 227/4709/4709 641/4710/4710
f 779/4711/4711 788/4712/4712 348/4713/4713
f 788/4714/4714 842/4715/4715 348/4716/4716
f 249/4717/4717 789/4718/4718 35/4719/4719
f 784/4720/4720 789/4721/4721 249/4722/4722
f 506/4723/4723 790/4724/4724 71/4725/4725
f 75/4726/4726 790/4727/4727 506/4728/4728
f 676/4729/4729 134/4730/4730 791/4731/4731
f 134/4732/4732 87/4733/4733 791/4734/4734
f 379/4735/4735 138/4736/4736 792/4737/4737
f 989/4738/4738 379/4739/4739 792/4740/4740
f 364/4741/4741 793/4742/4742 753/4743/4743
f 209/4744/4744 891/4745/4745 364/4746/4746
f 299/4747/4747 794/4748/4748 353/4749/4749
f 299/4750/4750 789/4751/4751 794/4752/4752
f 795/4753/4753 27/4754/4754 443/4755/4755
f 795/4756/4756 172/4757/4757 27/4758/4758
f 572/4759/4759 796/4760/4760 201/4761/4761
f 201/4762/4762 796/4763/4763 855/4764/4764
f 204/4765/4765 797/4766/4766 382/4767/4767
f 382/4768/4768 797/4769/4769 568/4770/4770
f 145/4771/4771 798/4772/4772 731/4773/4773
f 798/4774/4774 145/4775/4775 773/4776/4776
f 2/4777/4777 478/4778/4778 799/4779/4779
f 478/4780/4780 163/4781/4781 799/4782/4782
f 142/4783/4783 244/4784/4784 800/4785/4785
f 665/4786/4786 142/4787/4787 800/4788/4788
f 383/4789/4789 801/4790/4790 680/4791/4791
f 360/4792/4792 801/4793/4793 383/4794/4794
f 341/4795/4795 745/4796/4796 802/4797/4797
f 341/4798/4798 802/4799/4799 345/4800/4800
f 95/4801/4801 803/4802/4802 143/4803/4803
f 95/4804/4804 397/4805/4805 803/4806/4806
f 231/4807/4807 804/4808/4808 313/4809/4809
f 231/4810/4810 65/4811/4811 804/4812/4812
f 805/4813/4813 857/4814/4814 432/4815/4815
f 805/4816/4816 432/4817/4817 323/4818/4818
f 806/4819/4819 283/4820/4820 28/4821/4821
f 806/4822/4822 28/4823/4823 82/4824/4824
f 224/4825/4825 807/4826/4826 430/4827/4827
f 430/4828/4828 807/4829/4829 18/4830/4830
f 808/4831/4831 670/4832/4832 342/4833/4833
f 808/4834/4834 342/4835/4835 163/4836/4836
f 822/4837/4837 611/4838/4838 817/4839/4839
f 611/4840/4840 822/4841/4841 170/4842/4842
f 810/4843/4843 560/4844/4844 60/4845/4845
f 60/4846/4846 153/4847/4847 816/4848/4848
f 305/4849/4849 348/4850/4850 811/4851/4851
f 305/4852/4852 945/4853/4853 32/4854/4854
f 225/4855/4855 30/4856/4856 812/4857/4857
f 30/4858/4858 888/4859/4859 812/4860/4860
f 813/4861/4861 807/4862/4862 224/4863/4863
f 813/4864/4864 224/4865/4865 546/4866/4866
f 814/4867/4867 331/4868/4868 450/4869/4869
f 450/4870/4870 583/4871/4871 814/4872/4872
f 230/4873/4873 815/4874/4874 490/4875/4875
f 230/4876/4876 885/4877/4877 815/4878/4878
f 816/4879/4879 432/4880/4880 857/4881/4881
f 810/4882/4882 60/4883/4883 816/4884/4884
f 566/4885/4885 817/4886/4886 341/4887/4887
f 822/4888/4888 817/4889/4889 566/4890/4890
f 259/4891/4891 818/4892/4892 167/4893/4893
f 259/4894/4894 459/4895/4895 980/4896/4896
f 819/4897/4897 977/4898/4898 372/4899/4899
f 567/4900/4900 11/4901/4901 819/4902/4902
f 350/4903/4903 297/4904/4904 820/4905/4905
f 820/4906/4906 297/4907/4907 121/4908/4908
f 821/4909/4909 956/4910/4910 931/4911/4911
f 444/4912/4912 821/4913/4913 53/4914/4914
f 809/4915/4915 822/4916/4916 566/4917/4917
f 822/4918/4918 809/4919/4919 170/4920/4920
f 540/4921/4921 823/4922/4922 306/4923/4923
f 823/4924/4924 504/4925/4925 306/4926/4926
f 403/4927/4927 824/4928/4928 289/4929/4929
f 824/4930/4930 747/4931/4931 289/4932/4932
f 380/4933/4933 825/4934/4934 694/4935/4935
f 380/4936/4936 435/4937/4937 825/4938/4938
f 776/4939/4939 396/4940/4940 826/4941/4941
f 396/4942/4942 579/4943/4943 826/4944/4944
f 252/4945/4945 827/4946/4946 596/4947/4947
f 777/4948/4948 596/4949/4949 827/4950/4950
f 53/4951/4951 821/4952/4952 931/4953/4953
f 284/4954/4954 53/4955/4955 931/4956/4956
f 829/4957/4957 215/4958/4958 96/4959/4959
f 215/4960/4960 829/4961/4961 326/4962/4962
f 830/4963/4963 519/4964/4964 177/4965/4965
f 653/4966/4966 830/4967/4967 177/4968/4968
f 831/4969/4969 329/4970/4970 244/4971/4971
f 831/4972/4972 42/4973/4973 329/4974/4974
f 562/4975/4975 832/4976/4976 199/4977/4977
f 167/4978/4978 838/4979/4979 562/4980/4980
f 833/4981/4981 3/4982/4982 884/4983/4983
f 652/4984/4984 3/4985/4985 833/4986/4986
f 350/4987/4987 834/4988/4988 297/4989/4989
f 739/4990/4990 834/4991/4991 350/4992/4992
f 835/4993/4993 29/4994/4994 74/4995/4995
f 691/4996/4996 29/4997/4997 835/4998/4998
f 266/4999/4999 841/5000/5000 836/5001/5001
f 207/5002/5002 927/5003/5003 836/5004/5004
f 161/5005/5005 843/5006/5006 323/5007/5007
f 843/5008/5008 918/5009/5009 323/5010/5010
f 832/5011/5011 838/5012/5012 740/5013/5013
f 562/5014/5014 838/5015/5015 832/5016/5016
f 418/5017/5017 613/5018/5018 839/5019/5019
f 583/5020/5020 418/5021/5021 839/5022/5022
f 88/5023/5023 731/5024/5024 840/5025/5025
f 88/5026/5026 840/5027/5027 453/5028/5028
f 841/5029/5029 207/5030/5030 836/5031/5031
f 645/5032/5032 207/5033/5033 841/5034/5034
f 842/5035/5035 851/5036/5036 176/5037/5037
f 165/5038/5038 842/5039/5039 788/5040/5040
f 843/5041/5041 161/5042/5042 837/5043/5043
f 197/5044/5044 843/5045/5045 837/5046/5046
f 850/5047/5047 844/5048/5048 136/5049/5049
f 247/5050/5050 146/5051/5051 844/5052/5052
f 113/5053/5053 845/5054/5054 308/5055/5055
f 845/5056/5056 92/5057/5057 308/5058/5058
f 711/5059/5059 846/5060/5060 389/5061/5061
f 711/5062/5062 138/5063/5063 846/5064/5064
f 527/5065/5065 847/5066/5066 77/5067/5067
f 77/5068/5068 847/5069/5069 10/5070/5070
f 355/5071/5071 501/5072/5072 848/5073/5073
f 355/5074/5074 848/5075/5075 466/5076/5076
f 366/5077/5077 791/5078/5078 849/5079/5079
f 932/5080/5080 849/5081/5081 21/5082/5082
f 247/5083/5083 844/5084/5084 850/5085/5085
f 247/5086/5086 850/5087/5087 242/5088/5088
f 851/5089/5089 842/5090/5090 165/5091/5091
f 668/5092/5092 851/5093/5093 165/5094/5094
f 211/5095/5095 706/5096/5096 852/5097/5097
f 675/5098/5098 211/5099/5099 852/5100/5100
f 853/5101/5101 570/5102/5102 270/5103/5103
f 853/5104/5104 270/5105/5105 639/5106/5106
f 563/5107/5107 858/5108/5108 854/5109/5109
f 563/5110/5110 854/5111/5111 912/5112/5112
f 43/5113/5113 855/5114/5114 119/5115/5115
f 201/5116/5116 855/5117/5117 43/5118/5118
f 108/5119/5119 337/5120/5120 856/5121/5121
f 325/5122/5122 108/5123/5123 863/5124/5124
f 472/5125/5125 810/5126/5126 857/5127/5127
f 857/5128/5128 810/5129/5129 816/5130/5130
f 563/5131/5131 373/5132/5132 858/5133/5133
f 373/5134/5134 215/5135/5135 858/5136/5136
f 859/5137/5137 7/5138/5138 133/5139/5139
f 674/5140/5140 870/5141/5141 877/5142/5142
f 469/5143/5143 48/5144/5144 860/5145/5145
f 469/5146/5146 860/5147/5147 685/5148/5148
f 861/5149/5149 394/5150/5150 221/5151/5151
f 298/5152/5152 394/5153/5153 861/5154/5154
f 862/5155/5155 608/5156/5156 561/5157/5157
f 378/5158/5158 862/5159/5159 561/5160/5160
f 108/5161/5161 856/5162/5162 863/5163/5163
f 438/5164/5164 863/5165/5165 856/5166/5166
f 722/5167/5167 864/5168/5168 168/5169/5169
f 552/5170/5170 168/5171/5171 864/5172/5172
f 205/5173/5173 17/5174/5174 865/5175/5175
f 205/5176/5176 865/5177/5177 716/5178/5178
f 866/5179/5179 426/5180/5180 417/5181/5181
f 866/5182/5182 971/5183/5183 426/5184/5184
f 867/5185/5185 433/5186/5186 228/5187/5187
f 119/5188/5188 433/5189/5189 867/5190/5190
f 371/5191/5191 868/5192/5192 948/5193/5193
f 868/5194/5194 371/5195/5195 455/5196/5196
f 632/5197/5197 869/5198/5198 213/5199/5199
f 213/5200/5200 869/5201/5201 38/5202/5202
f 341/5203/5203 7/5204/5204 870/5205/5205
f 870/5206/5206 7/5207/5207 859/5208/5208
f 871/5209/5209 866/5210/5210 417/5211/5211
f 417/5212/5212 262/5213/5213 871/5214/5214
f 708/5215/5215 351/5216/5216 872/5217/5217
f 351/5218/5218 306/5219/5219 872/5220/5220
f 873/5221/5221 228/5222/5222 663/5223/5223
f 867/5224/5224 228/5225/5225 873/5226/5226
f 524/5227/5227 38/5228/5228 874/5229/5229
f 524/5230/5230 874/5231/5231 649/5232/5232
f 462/5233/5233 875/5234/5234 276/5235/5235
f 875/5236/5236 523/5237/5237 276/5238/5238
f 384/5239/5239 607/5240/5240 876/5241/5241
f 384/5242/5242 876/5243/5243 978/5244/5244
f 877/5245/5245 859/5246/5246 152/5247/5247
f 870/5248/5248 859/5249/5249 877/5250/5250
f 878/5251/5251 541/5252/5252 482/5253/5253
f 878/5254/5254 482/5255/5255 300/5256/5256
f 214/5257/5257 879/5258/5258 327/5259/5259
f 883/5260/5260 879/5261/5261 214/5262/5262
f 139/5263/5263 880/5264/5264 119/5265/5265
f 614/5266/5266 880/5267/5267 139/5268/5268
f 632/5269/5269 627/5270/5270 881/5271/5271
f 627/5272/5272 415/5273/5273 881/5274/5274
f 882/5275/5275 166/5276/5276 321/5277/5277
f 882/5278/5278 592/5279/5279 166/5280/5280
f 763/5281/5281 59/5282/5282 883/5283/5283
f 883/5284/5284 59/5285/5285 879/5286/5286
f 884/5287/5287 88/5288/5288 453/5289/5289
f 884/5290/5290 453/5291/5291 198/5292/5292
f 885/5293/5293 495/5294/5294 969/5295/5295
f 495/5296/5296 885/5297/5297 230/5298/5298
f 143/5299/5299 201/5300/5300 886/5301/5301
f 175/5302/5302 143/5303/5303 886/5304/5304
f 400/5305/5305 62/5306/5306 887/5307/5307
f 551/5308/5308 400/5309/5309 887/5310/5310
f 332/5311/5311 719/5312/5312 888/5313/5313
f 888/5314/5314 719/5315/5315 214/5316/5316
f 889/5317/5317 236/5318/5318 974/5319/5319
f 963/5320/5320 236/5321/5321 889/5322/5322
f 688/5323/5323 890/5324/5324 279/5325/5325
f 279/5326/5326 890/5327/5327 761/5328/5328
f 364/5329/5329 891/5330/5330 793/5331/5331
f 891/5332/5332 100/5333/5333 793/5334/5334
f 421/5335/5335 646/5336/5336 892/5337/5337
f 646/5338/5338 460/5339/5339 892/5340/5340
f 126/5341/5341 893/5342/5342 431/5343/5343
f 893/5344/5344 393/5345/5345 431/5346/5346
f 894/5347/5347 31/5348/5348 658/5349/5349
f 677/5350/5350 31/5351/5351 894/5352/5352
f 516/5353/5353 895/5354/5354 735/5355/5355
f 727/5356/5356 895/5357/5357 516/5358/5358
f 294/5359/5359 85/5360/5360 896/5361/5361
f 896/5362/5362 466/5363/5363 294/5364/5364
f 171/5365/5365 477/5366/5366 897/5367/5367
f 416/5368/5368 171/5369/5369 897/5370/5370
f 898/5371/5371 336/5372/5372 634/5373/5373
f 868/5374/5374 898/5375/5375 634/5376/5376
f 353/5377/5377 164/5378/5378 899/5379/5379
f 899/5380/5380 623/5381/5381 353/5382/5382
f 148/5383/5383 900/5384/5384 510/5385/5385
f 900/5386/5386 148/5387/5387 896/5388/5388
f 662/5389/5389 667/5390/5390 901/5391/5391
f 667/5392/5392 250/5393/5393 901/5394/5394
f 643/5395/5395 69/5396/5396 902/5397/5397
f 643/5398/5398 902/5399/5399 984/5400/5400
f 628/5401/5401 898/5402/5402 903/5403/5403
f 106/5404/5404 628/5405/5405 903/5406/5406
f 897/5407/5407 405/5408/5408 904/5409/5409
f 405/5410/5410 582/5411/5411 904/5412/5412
f 905/5413/5413 264/5414/5414 324/5415/5415
f 905/5416/5416 748/5417/5417 264/5418/5418
f 89/5419/5419 358/5420/5420 906/5421/5421
f 906/5422/5422 358/5423/5423 84/5424/5424
f 58/5425/5425 416/5426/5426 907/5427/5427
f 58/5428/5428 907/5429/5429 105/5430/5430
f 589/5431/5431 284/5432/5432 908/5433/5433
f 908/5434/5434 284/5435/5435 206/5436/5436
f 909/5437/5437 250/5438/5438 657/5439/5439
f 901/5440/5440 250/5441/5441 909/5442/5442
f 684/5443/5443 910/5444/5444 282/5445/5445
f 698/5446/5446 910/5447/5447 684/5448/5448
f 911/5449/5449 184/5450/5450 644/5451/5451
f 184/5452/5452 911/5453/5453 391/5454/5454
f 73/5455/5455 912/5456/5456 844/5457/5457
f 82/5458/5458 912/5459/5459 73/5460/5460
f 647/5461/5461 913/5462/5462 123/5463/5463
f 647/5464/5464 114/5465/5465 913/5466/5466
f 86/5467/5467 914/5468/5468 292/5469/5469
f 914/5470/5470 86/5471/5471 90/5472/5472
f 915/5473/5473 199/5474/5474 427/5475/5475
f 562/5476/5476 199/5477/5477 915/5478/5478
f 982/5479/5479 651/5480/5480 389/5481/5481
f 651/5482/5482 982/5483/5483 298/5484/5484
f 411/5485/5485 565/5486/5486 917/5487/5487
f 565/5488/5488 327/5489/5489 917/5490/5490
f 626/5491/5491 997/5492/5492 918/5493/5493
f 349/5494/5494 626/5495/5495 918/5496/5496
f 303/5497/5497 70/5498/5498 919/5499/5499
f 919/5500/5500 70/5501/5501 659/5502/5502
f 554/5503/5503 491/5504/5504 920/5505/5505
f 554/5506/5506 920/5507/5507 175/5508/5508
f 408/5509/5509 299/5510/5510 921/5511/5511
f 408/5512/5512 921/5513/5513 115/5514/5514
f 922/5515/5515 263/5516/5516 550/5517/5517
f 428/5518/5518 263/5519/5519 922/5520/5520
f 33/5521/5521 923/5522/5522 273/5523/5523
f 315/5524/5524 923/5525/5525 33/5526/5526
f 924/5527/5527 40/5528/5528 219/5529/5529
f 852/5530/5530 924/5531/5531 219/5532/5532
f 925/5533/5533 828/5534/5534 739/5535/5535
f 931/5536/5536 956/5537/5537 828/5538/5538
f 812/5539/5539 327/5540/5540 926/5541/5541
f 565/5542/5542 926/5543/5543 327/5544/5544
f 927/5545/5545 446/5546/5546 609/5547/5547
f 597/5548/5548 446/5549/5549 927/5550/5550
f 240/5551/5551 928/5552/5552 473/5553/5553
f 36/5554/5554 928/5555/5555 240/5556/5556
f 929/5557/5557 707/5558/5558 99/5559/5559
f 235/5560/5560 929/5561/5561 99/5562/5562
f 204/5563/5563 930/5564/5564 19/5565/5565
f 930/5566/5566 204/5567/5567 96/5568/5568
f 931/5569/5569 925/5570/5570 638/5571/5571
f 931/5572/5572 828/5573/5573 925/5574/5574
f 366/5575/5575 932/5576/5576 439/5577/5577
f 366/5578/5578 849/5579/5579 932/5580/5580
f 928/5581/5581 933/5582/5582 208/5583/5583
f 933/5584/5584 508/5585/5585 208/5586/5586
f 573/5587/5587 410/5588/5588 934/5589/5589
f 934/5590/5590 343/5591/5591 573/5592/5592
f 983/5593/5593 356/5594/5594 935/5595/5595
f 935/5596/5596 356/5597/5597 429/5598/5598
f 548/5599/5599 936/5600/5600 6/5601/5601
f 6/5602/5602 947/5603/5603 302/5604/5604
f 340/5605/5605 937/5606/5606 944/5607/5607
f 937/5608/5608 173/5609/5609 944/5610/5610
f 444/5611/5611 585/5612/5612 938/5613/5613
f 444/5614/5614 938/5615/5615 821/5616/5616
f 133/5617/5617 939/5618/5618 307/5619/5619
f 133/5620/5620 701/5621/5621 939/5622/5622
f 276/5623/5623 940/5624/5624 462/5625/5625
f 592/5626/5626 462/5627/5627 940/5628/5628
f 941/5629/5629 535/5630/5630 313/5631/5631
f 379/5632/5632 535/5633/5633 941/5634/5634
f 758/5635/5635 942/5636/5636 90/5637/5637
f 942/5638/5638 315/5639/5639 90/5640/5640
f 943/5641/5641 63/5642/5642 678/5643/5643
f 943/5644/5644 941/5645/5645 63/5646/5646
f 944/5647/5647 622/5648/5648 57/5649/5649
f 173/5650/5650 622/5651/5651 944/5652/5652
f 945/5653/5653 811/5654/5654 507/5655/5655
f 305/5656/5656 811/5657/5657 945/5658/5658
f 67/5659/5659 946/5660/5660 193/5661/5661
f 193/5662/5662 946/5663/5663 141/5664/5664
f 6/5665/5665 936/5666/5666 947/5667/5667
f 936/5668/5668 531/5669/5669 947/5670/5670
f 437/5671/5671 948/5672/5672 81/5673/5673
f 948/5674/5674 17/5675/5675 81/5676/5676
f 191/5677/5677 949/5678/5678 751/5679/5679
f 949/5680/5680 587/5681/5681 751/5682/5682
f 679/5683/5683 666/5684/5684 950/5685/5685
f 679/5686/5686 950/5687/5687 176/5688/5688
f 951/5689/5689 708/5690/5690 151/5691/5691
f 255/5692/5692 951/5693/5693 151/5694/5694
f 952/5695/5695 624/5696/5696 65/5697/5697
f 952/5698/5698 848/5699/5699 624/5700/5700
f 692/5701/5701 289/5702/5702 953/5703/5703
f 913/5704/5704 692/5705/5705 953/5706/5706
f 61/5707/5707 616/5708/5708 954/5709/5709
f 616/5710/5710 110/5711/5711 954/5712/5712
f 955/5713/5713 485/5714/5714 558/5715/5715
f 955/5716/5716 558/5717/5717 949/5718/5718
f 828/5719/5719 956/5720/5720 64/5721/5721
f 64/5722/5722 956/5723/5723 549/5724/5724
f 957/5725/5725 645/5726/5726 271/5727/5727
f 975/5728/5728 271/5729/5729 266/5730/5730
f 233/5731/5731 436/5732/5732 958/5733/5733
f 436/5734/5734 321/5735/5735 958/5736/5736
f 959/5737/5737 724/5738/5738 223/5739/5739
f 223/5740/5740 203/5741/5741 959/5742/5742
f 729/5743/5743 484/5744/5744 960/5745/5745
f 960/5746/5746 484/5747/5747 169/5748/5748
f 610/5749/5749 961/5750/5750 182/5751/5751
f 961/5752/5752 610/5753/5753 303/5754/5754
f 471/5755/5755 962/5756/5756 747/5757/5757
f 747/5758/5758 962/5759/5759 741/5760/5760
f 725/5761/5761 534/5762/5762 963/5763/5763
f 725/5764/5764 996/5765/5765 546/5766/5766
f 172/5767/5767 964/5768/5768 513/5769/5769
f 513/5770/5770 964/5771/5771 685/5772/5772
f 606/5773/5773 648/5774/5774 965/5775/5775
f 140/5776/5776 965/5777/5777 648/5778/5778
f 232/5779/5779 705/5780/5780 966/5781/5781
f 705/5782/5782 700/5783/5783 966/5784/5784
f 32/5785/5785 967/5786/5786 298/5787/5787
f 32/5788/5788 507/5789/5789 967/5790/5790
f 404/5791/5791 470/5792/5792 968/5793/5793
f 968/5794/5794 476/5795/5795 404/5796/5796
f 969/5797/5797 585/5798/5798 155/5799/5799
f 969/5800/5800 155/5801/5801 589/5802/5802
f 324/5803/5803 970/5804/5804 378/5805/5805
f 970/5806/5806 862/5807/5807 378/5808/5808
f 23/5809/5809 971/5810/5810 447/5811/5811
f 971/5812/5812 866/5813/5813 447/5814/5814
f 769/5815/5815 972/5816/5816 232/5817/5817
f 451/5818/5818 978/5819/5819 769/5820/5820
f 68/5821/5821 973/5822/5822 600/5823/5823
f 68/5824/5824 747/5825/5825 973/5826/5826
f 974/5827/5827 369/5828/5828 161/5829/5829
f 974/5830/5830 236/5831/5831 369/5832/5832
f 975/5833/5833 957/5834/5834 271/5835/5835
f 118/5836/5836 957/5837/5837 975/5838/5838
f 182/5839/5839 491/5840/5840 976/5841/5841
f 976/5842/5842 610/5843/5843 182/5844/5844
f 11/5845/5845 448/5846/5846 977/5847/5847
f 819/5848/5848 11/5849/5849 977/5850/5850
f 972/5851/5851 978/5852/5852 574/5853/5853
f 769/5854/5854 978/5855/5855 972/5856/5856
f 653/5857/5857 343/5858/5858 979/5859/5859
f 979/5860/5860 830/5861/5861 653/5862/5862
f 980/5863/5863 18/5864/5864 818/5865/5865
f 980/5866/5866 818/5867/5867 259/5868/5868
f 981/5869/5869 666/5870/5870 101/5871/5871
f 981/5872/5872 101/5873/5873 314/5874/5874
f 982/5875/5875 389/5876/5876 916/5877/5877
f 394/5878/5878 982/5879/5879 916/5880/5880
f 458/5881/5881 150/5882/5882 983/5883/5883
f 150/5884/5884 908/5885/5885 983/5886/5886
f 220/5887/5887 362/5888/5888 984/5889/5889
f 362/5890/5890 520/5891/5891 984/5892/5892
f 9/5893/5893 142/5894/5894 985/5895/5895
f 335/5896/5896 9/5897/5897 985/5898/5898
f 843/5899/5899 262/5900/5900 986/5901/5901
f 417/5902/5902 986/5903/5903 262/5904/5904
f 15/5905/5905 987/5906/5906 758/5907/5907
f 302/5908/5908 987/5909/5909 15/5910/5910
f 526/5911/5911 988/5912/5912 290/5913/5913
f 430/5914/5914 290/5915/5915 988/5916/5916
f 989/5917/5917 792/5918/5918 107/5919/5919
f 989/5920/5920 107/5921/5921 535/5922/5922
f 990/5923/5923 390/5924/5924 239/5925/5925
f 239/5926/5926 199/5927/5927 990/5928/5928
f 991/5929/5929 15/5930/5930 758/5931/5931
f 424/5932/5932 15/5933/5933 991/5934/5934
f 452/5935/5935 456/5936/5936 992/5937/5937
f 452/5938/5938 992/5939/5939 252/5940/5940
f 993/5941/5941 293/5942/5942 127/5943/5943
f 770/5944/5944 993/5945/5945 127/5946/5946
f 721/5947/5947 994/5948/5948 120/5949/5949
f 120/5950/5950 994/5951/5951 144/5952/5952
f 392/5953/5953 194/5954/5954 995/5955/5955
f 532/5956/5956 392/5957/5957 995/5958/5958
f 963/5959/5959 889/5960/5960 996/5961/5961
f 996/5962/5962 725/5963/5963 963/5964/5964
f 997/5965/5965 639/5966/5966 131/5967/5967
f 131/5968/5968 570/5969/5969 997/5970/5970
f 120/5971/5971 144/5972/5972 998/5973/5973
f 144/5974/5974 364/5975/5975 998/5976/5976
f 999/5977/5977 969/5978/5978 595/5979/5979
f 595/5980/5980 93/5981/5981 999/5982/5982
