# File exported by Houdini 16.5.405 (www.sidefx.com)
# 393 points
# 2403 vertices
# 801 primitives
# Bounds: [-227.78389, -6.77630091, -206.483154] to [227.275681, 966.257568, 205.962296]
g 
v -93.34021 107.33783 40.461792
v -93.8578796 114.391289 37.4473419
v -93.0784683 116.98764 36.889946
v -93.4624557 109.53791 39.3801765
v -93.4033508 111.19101 39.8917274
v -93.5471802 106.400696 39.5876808
v -88.0804825 114.6996 51.9977036
v -93.4539948 112.76239 38.6983109
v -94.1346359 101.941368 36.3153305
v -93.2375336 124.532578 34.564167
v -93.3628387 121.23912 35.5973663
v -90.7748184 148.234772 30.7763882
v -93.4661865 119.445038 35.7625771
v -93.2055969 120.292511 36.0993004
v -94.0332413 109.089417 38.3176804
v -93.4690552 125.221252 33.5332031
v -93.4217224 121.558105 35.2713547
v -93.9978561 142.288727 21.8217812
v -93.3135071 127.597664 32.807682
v -93.3180084 126.37561 33.1139717
v -94.3957825 130.970871 29.2331123
v -93.5161896 115.740364 35.9960938
v -93.878273 121.430283 33.8592567
v 123.110588 632.208435 44.7821503
v -180.34053 178.100128 -3.74462605
v 3.87310696 816.794067 -26.9092941
v -11.1136265 805.086365 -47.5939217
v 7.7283926 800.24939 -39.1409454
v 9.23595524 804.146912 -44.930397
v 32.3887253 801.310242 -57.0305748
v 216.430649 433.144592 -43.1619873
v 43.7401009 411.759583 -147.017776
v 169.306641 192.659103 27.2350636
v 95.7837906 89.6177979 141.377731
v -33.9612999 14.8532553 -53.6193275
v -4.79565001 651.950378 -156.685287
v 42.0376472 27.5015945 -142.95369
v -196.527603 419.377106 -77.3147049
v -95.2838974 88.648201 59.6146164
v -221.29129 509.650604 -12.1260929
v 58.5314713 552.23761 120.887642
v -70.1120834 222.396698 -149.471375
v -166.051025 382.295837 127.443855
v 158.125809 318.185242 114.555595
v 196.284531 283.087677 -83.5342789
v 178.470062 98.5102386 -80.6960526
v -46.7355804 641.391357 121.50116
v 124.784386 10.5564089 -67.857254
v -50.7877655 532.009216 171.932739
v -97.9513474 655.765564 109.021301
v -14.2259426 798.83374 -79.82901
v -158.306641 511.872131 145.02327
v -38.4122086 723.375916 -124.731354
v 169.878036 556.590576 102.719482
v -139.334747 711.584106 -71.7530136
v -90.8027725 729.318909 -19.9325447
v -86.6962128 27.1161995 130.837524
v -116.960449 470.854706 -114.248802
v 151.386322 757.80304 -8.38334084
v -26.1403942 13.0866089 -4.3430419
v 94.6243591 288.009003 149.31665
v 58.3165436 947.012085 -47.7286873
v -154.262878 130.066269 -66.2435684
v 22.8410873 203.547501 205.962296
v -29.9837379 719.451172 22.2809658
v 145.500412 310.626068 -127.191757
v -159.897461 397.223907 -109.958206
v 128.711929 586.269958 -123.042198
v -130.314331 557.169006 -94.7553711
v 177.606979 631.352234 -8.04347801
v -52.7176514 51.3369217 68.8086853
v -5.93234491 50.1488304 -178.605286
v -213.386307 266.707458 45.4761353
v 36.884716 944.689636 -37.8643379
v -44.6936874 2.14108014 103.56852
v -161.695297 163.473938 11.766489
v 47.0555534 15.641614 56.0786133
v 106.53891 445.015106 -115.861549
v -157.638092 552.410583 9.40974522
v 223.407654 477.070618 -11.6832676
v 20.5107422 244.459351 -181.688492
v -70.7320023 721.846619 34.8859825
v 174.308365 89.8106461 99.339859
v 64.6577606 416.43454 -206.483154
v -57.3233452 348.93689 163.73967
v -33.0793343 21.6297913 153.546463
v -76.6930542 658.767944 36.0433884
v 197.024048 376.237823 -17.2861958
v -135.321274 37.2945518 12.5653715
v -154.209061 323.793823 146.103699
v 127.999062 292.344086 144.85466
v 17.4439316 735.246887 37.7389069
v -70.4631119 48.7601089 159.659195
v -63.6952095 463.940369 -155.731934
v -197.631622 412.25708 44.3063622
v 205.580933 230.551971 8.11502934
v -140.916061 191.668732 -84.0176697
v 81.5107651 947.621277 8.83734417
v -5.84535694 569.615295 119.358528
v 19.9095421 11.387929 129.457901
v 139.472015 368.400543 -161.940231
v 110.338211 885.000916 -48.0388107
v -221.054749 303.370514 -42.6575775
v -51.0115395 706.438965 88.0572586
v 128.654358 144.397034 153.192551
v 78.7578278 626.535095 -117.444443
v -194.252029 270.422668 29.7448368
v 128.44606 584.588013 143.93367
v -52.2691231 385.542816 -143.203964
v 37.6408997 950.687134 10.0037918
v 88.2566071 8.15681839 115.848961
v -155.56073 385.238037 155.139633
v -114.892143 149.43689 -128.333771
v -98.0647812 50.3400612 166.555359
v 43.7065659 10.1124506 0.787622988
v 91.309288 717.767029 59.0579758
v -171.736176 425.510742 54.7036972
v 72.5814667 852.539856 -84.096405
v 21.1241932 47.538002 -158.542786
v 130.671021 -0.133498564 45.8287964
v 149.842957 584.169922 38.9056892
v -173.143661 540.968872 -4.20136547
v -136.68663 44.2964516 81.1955109
v -70.7969818 608.753357 -94.9656906
v -127.673401 652.865906 39.0670052
v 48.7123489 234.240219 -171.840866
v 39.6750641 321.475525 -204.572174
v -186.228333 449.518097 44.9025116
v 33.7541847 885.752869 -59.2230682
v -166.661606 622.328674 -80.6230469
v 192.080048 633.40802 -20.3652458
v 49.6490822 487.304169 -151.286682
v 169.340866 166.464554 -13.6675272
v -104.269096 90.2894363 -121.517799
v -211.995697 494.200378 -53.1161079
v 83.5207291 277.60025 140.520294
v 141.541183 712.116699 -67.0957565
v 156.117859 166.898087 -87.0702286
v 100.133202 621.447205 70.862236
v 55.4050293 639.847229 100.38559
v -122.885002 313.880463 -109.636726
v 180.241211 547.136536 4.27064991
v 111.89447 245.505356 -158.083389
v -164.007492 539.000061 25.2326126
v 54.3237762 409.876129 159.113007
v -148.437271 48.5364342 124.711182
v 147.456635 636.588257 0.559468508
v 110.800842 380.589203 139.175507
v -56.5785828 41.0364799 -112.592758
v 180.796265 355.049408 54.8781013
v -61.6819916 688.475647 6.87979841
v 174.59758 414.930328 2.86284637
v -148.98822 488.770294 -105.211029
v 41.5980797 321.250458 190.15477
v -42.81353 56.825222 45.1254921
v 219.385056 371.144806 5.32578659
v 86.6058884 404.566467 166.307251
v -77.6709061 674.360107 -85.1046219
v -10.358674 767.527466 36.0896187
v -154.364975 70.883812 6.42125797
v -33.7975235 162.552872 164.263901
v -74.6470871 172.201584 180.559601
v 188.009567 199.298492 -55.6574211
v 16.8632908 379.452789 -161.533508
v 145.303757 233.165741 -138.911453
v -143.529312 171.27977 162.958115
v 57.5833435 792.955139 -60.1430779
v -77.1192169 560.073792 142.650558
v 141.815918 131.940918 -110.257729
v -23.3322544 22.6083355 -34.6622047
v -52.8144341 648.46228 103.128792
v 211.32254 597.999573 -51.043705
v 133.308441 355.180176 141.024078
v -54.1591682 697.742554 -49.3291664
v -188.437622 397.800232 106.764885
v 64.6558228 779.71936 42.1357994
v 60.0080452 2.91965604 4.01667023
v -28.3749638 562.669922 163.365341
v 31.2780628 702.210938 97.9033051
v 207.942886 377.08194 4.04198456
v -93.0550995 501.287018 -108.365379
v -57.3258629 32.8710175 -152.34491
v 142.366455 734.136597 0.346313894
v 24.0493488 592.191101 143.163971
v -21.5539932 516.038025 186.547455
v -14.4122419 396.925232 -170.187546
v 176.806412 245.722061 -59.8183365
v 203.633896 524.307983 8.68004036
v -14.512455 313.789612 178.553696
v -129.96962 76.6756821 67.1962967
v 43.0083656 772.315002 -89.6062241
v 86.8443146 278.288757 -176.178116
v 49.1237717 654.267883 -150.290176
v 58.5272141 606.494141 -150.645126
v -103.995277 501.37735 154.862366
v 62.1573639 502.155151 -124.427834
v 51.7076378 583.400879 -129.802216
v 178.388016 144.288025 43.636631
v -154.390762 459.100677 -109.748001
v -82.6268692 619.43042 12.0822296
v 34.8442192 282.762695 -177.215897
v 174.657593 169.133926 116.321259
v -172.994995 537.291077 85.0306244
v 23.5532646 46.4012833 187.448654
v -227.78389 375.121704 -24.2761593
v -114.470924 178.859863 163.186966
v 76.9993057 222.913071 -169.59021
v -170.207321 475.151031 89.9271851
v 32.1028748 616.418579 139.921432
v -93.5440521 106.80423 38.4479828
v 91.2933121 207.847076 -154.981873
v -174.109161 550.636841 -52.6352196
v -178.224686 289.368286 -45.1934891
v -173.019562 530.722046 120.661987
v 36.1610718 335.54483 170.476547
v -192.433945 428.930786 -60.017765
v 5.97414303 260.662292 163.96344
v 14.9628849 28.5354862 -143.678268
v -175.163528 384.997986 -58.0720978
v -52.0797119 551.528381 -157.154343
v -135.051056 615.469849 27.1325645
v -114.371223 88.2430954 182.714645
v 124.809349 749.348572 30.4578819
v -151.145462 51.6411133 1.35964108
v -25.3624229 727.849609 67.8299789
v -146.571732 553.134583 52.3628693
v 101.620186 845.280334 29.3109989
v -124.505302 592.612 25.6657238
v 155.507706 30.5063305 -62.0787201
v -98.4724426 82.6772537 10.9033346
v 101.64045 617.075439 52.8586845
v -61.2814102 26.1261883 -127.571251
v -89.4915314 511.093475 -92.7099838
v 90.0240402 954.8526 -40.3119202
v 192.380615 244.53656 -16.9616222
v -92.5228043 31.5802231 -58.4201698
v -58.1970825 398.062042 165.659576
v 145.705338 59.6129379 7.56986332
v 202.555603 301.234253 94.145462
v -48.6311684 85.9029846 34.5012093
v -141.872757 262.193512 175.047104
v 165.022369 327.611176 -94.2189636
v -177.647415 124.123688 101.988914
v 28.5920696 720.099304 44.4991531
v 58.7752151 966.257568 -27.5429382
v 142.68866 435.764069 134.508362
v -168.949081 123.284508 60.2880363
v -50.157074 672.497498 -0.76963222
v 144.400787 629.521057 38.2295341
v 53.8945045 476.781738 -134.944626
v -215.61824 512.677124 -21.770649
v -107.396515 40.7302513 45.4487076
v 58.3676567 7.88435173 -75.5262833
v -6.60914898 823.575012 -0.84415704
v -98.1129227 560.418274 23.0729809
v -174.803589 260.993164 -76.9107819
v 132.985397 853.825867 -24.3692074
v 160.719971 72.2837296 -89.2104721
v -194.126984 265.112549 -33.7149162
v -114.337425 100.936989 -57.2285919
v 219.853378 601.560242 -6.8539381
v -194.844879 206.235077 1.43355191
v 32.2365913 642.814514 115.928116
v 164.788696 117.717407 16.2402382
v 196.606857 427.855347 11.3021116
v -135.970184 646.541809 68.6638412
v -73.3340378 486.051636 171.592453
v 196.095566 468.07901 -3.00233269
v -176.005508 218.8526 38.9242783
v 112.317886 688.330078 60.9683914
v 23.8650284 242.670761 183.505432
v 159.678238 499.855621 -111.968773
v 101.068581 17.7333775 1.15344536
v 51.2009735 235.996719 176.849197
v 131.760483 611.446411 95.8849945
v -53.3247795 700.915283 -20.4268875
v 158.598801 246.680222 -83.7676697
v 117.051094 876.775696 -23.5135078
v 123.551491 20.7657852 7.82997513
v -113.595184 140.577728 176.784927
v -164.040573 461.275574 -68.1106033
v -170.428329 510.476807 -65.4343872
v 185.912872 562.202576 38.5582619
v 71.0423431 443.486145 128.930069
v -118.173759 41.0712585 -8.97267056
v 152.675049 630.412964 -79.1465378
v -27.0063801 73.5991058 204.941391
v -77.8989029 540.312134 -104.258041
v -170.871902 309.323914 -76.3323441
v 58.0615997 698.205383 74.8358002
v 83.6987381 112.362236 -112.215981
v 136.054764 426.333893 -100.673279
v 84.4546127 90.5635757 160.992081
v -59.7481689 431.397186 -94.2336044
v 215.165833 363.104431 -4.8475728
v 88.3985291 159.158676 145.686874
v -120.506851 579.442627 12.4494152
v -92.0757065 69.3209229 -116.79554
v 80.6656265 -6.77630091 72.3991547
v 34.1986885 12.7467737 4.89548683
v -203.119934 328.2034 85.4402084
v 103.802887 524.612061 -123.347092
v -16.7862568 16.7549744 -100.369278
v -170.162354 426.216614 88.9852448
v -28.6230183 365.179382 -160.418167
v -96.171402 396.974426 167.294678
v -194.267776 487.274567 74.0124359
v -73.2195053 548.934509 -139.948669
v 74.7023087 725.077026 -107.506729
v 11.5965052 927.286194 -5.63276196
v 160.273407 387.160431 -104.719803
v -54.8281441 620.901184 132.735199
v 14.1439438 343.445313 -146.428909
v 150.695084 363.640076 32.561409
v -1.07298839 399.081757 178.926117
v -118.953827 265.000122 -102.131157
v -34.0295219 747.769836 -25.1795425
v 122.95562 310.736786 134.652634
v 96.401123 503.675964 -121.978912
v 114.50943 732.159912 -93.075386
v 160.387466 598.129639 -111.202705
v 97.4380646 939.918091 -19.0486107
v 146.737823 550.415222 130.26712
v 162.878937 418.991821 -103.892639
v -193.737015 195.332336 49.8901138
v 190.392761 215.009399 8.83345318
v 9.11632633 839.481934 28.0920162
v 24.3205566 178.703781 -174.895691
v -42.6315498 480.91629 172.129364
v 125.061638 803.825012 -78.7523193
v 19.6854172 938.189575 -22.7005749
v -172.62912 113.240509 -35.0595627
v -105.545311 721.33136 -73.1616211
v -153.527374 634.908447 -16.0423985
v 150.615616 61.5585251 3.12229824
v 40.2914581 174.556458 -160.750992
v 153.306915 395.660126 4.6335392
v -34.5455093 32.0322647 -1.44533718
v -106.901787 237.912888 -97.3346176
v 218.496536 240.554947 82.3950348
v -100.103073 345.535919 -131.38858
v 210.199554 210.061203 60.5293159
v 62.3823166 381.870483 183.884323
v 12.154891 548.026794 174.090424
v -77.07164 635.548035 27.130621
v -180.408112 158.338684 -37.8277702
v -149.599289 166.901611 43.6204605
v 83.4844131 682.924255 -131.744202
v -82.5228424 256.154999 196.386627
v -81.6590652 557.309692 156.35202
v -119.638023 723.144836 -12.538331
v -16.6293659 199.632416 -164.831879
v 120.465843 624.730103 -107.614105
v -111.919411 435.346313 -112.428368
v 133.609451 789.555908 10.7145605
v -211.660431 366.281464 46.1405525
v 64.2653427 873.582947 -57.4606857
v -25.7726059 682.478149 0.549749136
v 144.662918 11.7824106 84.6841125
v -128.987457 648.536072 119.934906
v 176.555862 188.64856 11.4308901
v -107.69738 41.6689491 3.25981236
v 28.0556984 380.901947 -187.72374
v -132.398117 709.262268 -24.394392
v 70.6260529 440.606171 -150.814896
v 153.643738 376.071075 1.59049034
v 217.096252 351.144867 54.2512817
v 163.25563 89.4922714 31.5313396
v -47.0974922 595.644104 128.531494
v 192.758041 316.99353 -52.6162987
v -216.812653 264.716858 -16.3902416
v 182.838074 381.204895 -7.99127579
v 170.198212 642.648315 -19.4321136
v 22.2654972 -2.00211763 38.2657356
v -104.564461 65.6643906 -7.83324099
v -206.298767 522.090637 14.4718962
v 227.275681 543.341736 -11.399044
v 83.6357346 3.84084344 -18.783865
v 39.985096 280.534424 170.836151
v 88.0510025 959.356384 -25.8461018
v 158.508987 717.803589 -16.1420727
v -40.622818 46.1280289 -9.01042366
v -56.6263924 63.8278046 5.97439289
v -219.046707 379.866852 -2.47352004
v 151.759079 89.9084396 7.74261379
v -205.954514 215.418274 77.9965668
v -220.315857 471.986023 -8.25091171
v -208.181564 282.107849 1.04288793
v 82.8127518 7.53656006 1.22818398
v -169.014755 147.444244 -13.8945847
v -15.0136862 728.284485 -15.5414591
v -182.658569 207.755798 11.9062271
v 170.972931 166.279327 2.17536616
vt 0.472652167 0.717869997 0
vt 0.476209998 0.724849999 0
vt 0.477117956 0.729605734 0
vt 0.476625025 0.719528913 0
vt 0.46647656 0.698693812 0
vt 0.476240009 0.720550001 0
vt 0.476240009 0.720550001 0
vt 0.46647656 0.698693812 0
vt 0.476999998 0.71815002 0
vt 0.477750003 0.71746999 0
vt 0.476999998 0.71815002 0
vt 0.46647656 0.698693812 0
vt 0.476240009 0.720550001 0
vt 0.476999998 0.71815002 0
vt 0.477116168 0.719854534 0
vt 0.477209866 0.723700166 0
vt 0.476209998 0.724849999 0
vt 0.472652167 0.717869997 0
vt 0.476209998 0.724849999 0
vt 0.476500005 0.725570023 0
vt 0.477117956 0.729605734 0
vt 0.476310015 0.719770014 0
vt 0.476625025 0.719528913 0
vt 0.476240009 0.720550001 0
vt 0.476310015 0.719770014 0
vt 0.476240009 0.720550001 0
vt 0.476179987 0.720340014 0
vt 0.478929996 0.722559988 0
vt 0.477209866 0.723700166 0
vt 0.472652167 0.717869997 0
vt 0.472652167 0.717869997 0
vt 0.476240009 0.720550001 0
vt 0.478929996 0.722559988 0
vt 0.472652167 0.717869997 0
vt 0.476310015 0.719770014 0
vt 0.476179987 0.720340014 0
vt 0.47863999 0.717540026 0
vt 0.476625025 0.719528913 0
vt 0.477201253 0.718615055 0
vt 0.476240009 0.720550001 0
vt 0.472652167 0.717869997 0
vt 0.476179987 0.720340014 0
vt 0.479400069 0.718573511 0
vt 0.478100002 0.719590008 0
vt 0.478359997 0.718410015 0
vt 0.477750003 0.71746999 0
vt 0.47863999 0.717540026 0
vt 0.477201253 0.718615055 0
vt 0.478190005 0.720470011 0
vt 0.476240009 0.720550001 0
vt 0.477116168 0.719854534 0
vt 0.476240009 0.720550001 0
vt 0.478190005 0.720470011 0
vt 0.478929996 0.722559988 0
vt 0.480639994 0.718100011 0
vt 0.478359997 0.718410015 0
vt 0.480328321 0.714244902 0
vt 0.473749995 0.720089972 0
vt 0.472652167 0.717869997 0
vt 0.473630011 0.720120013 0
vt 0.473630011 0.720120013 0
vt 0.472652167 0.717869997 0
vt 0.474660009 0.71983999 0
vt 0.474660009 0.71983999 0
vt 0.472652167 0.717869997 0
vt 0.475129992 0.719649971 0
vt 0.476310015 0.719770014 0
vt 0.471789211 0.720626891 0
vt 0.47518 0.71995002 0
vt 0.472652167 0.717869997 0
vt 0.476625025 0.719528913 0
vt 0.475450009 0.719590008 0
vt 0.472652167 0.717869997 0
vt 0.475450009 0.719590008 0
vt 0.475129992 0.719649971 0
vt 0.475410014 0.719869971 0
vt 0.476310015 0.719770014 0
vt 0.47518 0.71995002 0
vt 0.476625025 0.719528913 0
vt 0.476310015 0.719770014 0
vt 0.478359997 0.718410015 0
vt 0.478359997 0.718410015 0
vt 0.478100002 0.719590008 0
vt 0.476625025 0.719528913 0
vt 0.480328321 0.714244902 0
vt 0.478359997 0.718410015 0
vt 0.47863999 0.717540026 0
vt 0.476526111 0.719422817 0
vt 0.47477001 0.719889998 0
vt 0.474660009 0.71983999 0
vt 0.473630011 0.720120013 0
vt 0.474660009 0.71983999 0
vt 0.47477001 0.719889998 0
vt 0.471789211 0.720626891 0
vt 0.473630011 0.720120013 0
vt 0.47477001 0.719889998 0
vt 0.476526111 0.719422817 0
vt 0.474660009 0.71983999 0
vt 0.475450009 0.719590008 0
vt 0.475450009 0.719590008 0
vt 0.474660009 0.71983999 0
vt 0.475129992 0.719649971 0
vt 0.475410014 0.719869971 0
vt 0.47518 0.71995002 0
vt 0.47477001 0.719889998 0
vt 0.475410014 0.719869971 0
vt 0.47477001 0.719889998 0
vt 0.476310015 0.719770014 0
vt 0.47518 0.71995002 0
vt 0.471789211 0.720626891 0
vt 0.47477001 0.719889998 0
vt 0.476625025 0.719528913 0
vt 0.476526111 0.719422817 0
vt 0.475450009 0.719590008 0
vt 0.478359997 0.718410015 0
vt 0.476310015 0.719770014 0
vt 0.476526111 0.719422817 0
vt 0.472979993 0.720260024 0
vt 0.472652167 0.717869997 0
vt 0.473339826 0.720161021 0
vt 0.471789211 0.720626891 0
vt 0.472846478 0.720329702 0
vt 0.473489255 0.720194578 0
vt 0.472979993 0.720260024 0
vt 0.473339826 0.720161021 0
vt 0.473749995 0.720089972 0
vt 0.472652167 0.717869997 0
vt 0.473749995 0.720089972 0
vt 0.473339826 0.720161021 0
vt 0.471789211 0.720626891 0
vt 0.473489255 0.720194578 0
vt 0.473580003 0.720170021 0
vt 0.473630011 0.720120013 0
vt 0.471789211 0.720626891 0
vt 0.473580003 0.720170021 0
vt 0.473630011 0.720120013 0
vt 0.473580003 0.720170021 0
vt 0.473749995 0.720089972 0
vt 0.476526111 0.719422817 0
vt 0.472979993 0.720260024 0
vt 0.473749995 0.720089972 0
vt 0.476526111 0.719422817 0
vt 0.473749995 0.720089972 0
vt 0.47477001 0.719889998 0
vt 0.47477001 0.719889998 0
vt 0.473749995 0.720089972 0
vt 0.475199997 0.719749987 0
vt 0.47477001 0.719889998 0
vt 0.475199997 0.719749987 0
vt 0.476310015 0.719770014 0
vt 0.476526111 0.719422817 0
vt 0.476310015 0.719770014 0
vt 0.475199997 0.719749987 0
vt 0.472846478 0.720329702 0
vt 0.473580003 0.720170021 0
vt 0.473489255 0.720194578 0
vt 0.473580003 0.720170021 0
vt 0.472846478 0.720329702 0
vt 0.475199997 0.719749987 0
vt 0.473580003 0.720170021 0
vt 0.475199997 0.719749987 0
vt 0.473749995 0.720089972 0
vt 0.475199997 0.719749987 0
vt 0.472979993 0.720260024 0
vt 0.476526111 0.719422817 0
vt 0.471789211 0.720626891 0
vt 0.472652167 0.717869997 0
vt 0.472979993 0.720260024 0
vt 0.472846478 0.720329702 0
vt 0.472979993 0.720260024 0
vt 0.475199997 0.719749987 0
vt 0.472979993 0.720260024 0
vt 0.472846478 0.720329702 0
vt 0.471789211 0.720626891 0
vt 0.476492345 0.648103535 0
vt 0.5040133 0.566328049 0
vt 0.528247058 0.636688411 0
vt 0.848375797 0.654406607 0
vt 0.850530088 0.669343352 0
vt 0.847187996 0.640811265 0
vt 0.850530088 0.669343352 0
vt 0.839779973 0.653859973 0
vt 0.847187996 0.640811265 0
vt 0.838863313 0.654508114 0
vt 0.821932375 0.65425688 0
vt 0.839779973 0.653859973 0
vt 0.839779973 0.653859973 0
vt 0.821932375 0.65425688 0
vt 0.847187996 0.640811265 0
vt 0.73448956 0.658324003 0
vt 0.726742804 0.607532203 0
vt 0.755415916 0.59269011 0
vt 0.644776702 0.159261763 0
vt 0.659638882 0.0741864219 0
vt 0.686155915 0.110126615 0
vt 0.634440958 0.582325041 0
vt 0.73448956 0.658324003 0
vt 0.663739979 0.629100025 0
vt 0.0301365498 0.378365725 0
vt 0.0993930921 0.35953474 0
vt 0.131563112 0.541998208 0
vt 0.205651641 0.708635688 0
vt 0.174144611 0.654975474 0
vt 0.217020094 0.651645005 0
vt 0.756440222 0.01630559 0
vt 0.778760612 0.0619851202 0
vt 0.733303249 0.046905145 0
vt 0.862367451 0.40273568 0
vt 0.812834918 0.390020728 0
vt 0.805017292 0.331820935 0
vt 0.993049741 0.369034111 0
vt 0.962997735 0.36350742 0
vt 0.970549345 0.273170382 0
vt 0.472652167 0.717869997 0
vt 0.46647656 0.698693812 0
vt 0.476625025 0.719528913 0
vt 0.237689674 0.267432511 0
vt 0.241424203 0.297889799 0
vt 0.195230201 0.314700812 0
vt 0.856840134 0.0414869301 0
vt 0.854437292 0.115731642 0
vt 0.83014971 0.0346334986 0
vt 0.0698936805 0.55273819 0
vt 0.075435169 0.519694269 0
vt 0.131563112 0.541998208 0
vt 0.0301365498 0.378365725 0
vt 0.131563112 0.541998208 0
vt 0.075435169 0.519694269 0
vt 0.590614617 0.09957169 0
vt 0.557521164 0.0600008667 0
vt 0.601183891 0.0414824262 0
vt 0.271363795 0.25539574 0
vt 0.241569102 0.248905018 0
vt 0.281194627 0.202579007 0
vt 0.213397145 0.159263492 0
vt 0.178358778 0.0828552321 0
vt 0.242816061 0.153052017 0
vt 0.644776702 0.159261763 0
vt 0.613659918 0.0862005129 0
vt 0.659638882 0.0741864219 0
vt 0.659638882 0.0741864219 0
vt 0.613659918 0.0862005129 0
vt 0.628421605 0.0417066179 0
vt 0.363932371 0.296813011 0
vt 0.304316401 0.245472699 0
vt 0.367425054 0.263588369 0
vt 0.365747362 0.414348304 0
vt 0.33731252 0.338062584 0
vt 0.348673195 0.315905929 0
vt 0.33731252 0.338062584 0
vt 0.287062585 0.265615731 0
vt 0.348673195 0.315905929 0
vt 0.287062585 0.265615731 0
vt 0.33731252 0.338062584 0
vt 0.245082349 0.285395652 0
vt 0.260993868 0.153176799 0
vt 0.232007802 0.10608007 0
vt 0.262939185 0.131834134 0
vt 0.451478451 0.58455193 0
vt 0.391462088 0.610896349 0
vt 0.401027352 0.555871427 0
vt 0.872070014 0.486249089 0
vt 0.896398365 0.528397262 0
vt 0.896150708 0.568633139 0
vt 0.896150708 0.568633139 0
vt 0.837498903 0.56891197 0
vt 0.872070014 0.486249089 0
vt 0.0311500002 0.211689994 0
vt 0.0325914733 0.115555182 0
vt 0.04008957 0.183606625 0
vt 0.0763348639 0.119045183 0
vt 0.138942063 0.100649819 0
vt 0.116467051 0.155386657 0
vt 0.421862245 0.737446368 0
vt 0.444168836 0.736800194 0
vt 0.417500824 0.776510835 0
vt 0.444168836 0.736800194 0
vt 0.446768582 0.760461509 0
vt 0.432096809 0.775912225 0
vt 0.646338344 0.342700034 0
vt 0.705157757 0.35821417 0
vt 0.67031765 0.40527755 0
vt 0.614587903 0.369996637 0
vt 0.565746665 0.418838382 0
vt 0.595815241 0.327177435 0
vt 0.913440943 0.222502857 0
vt 0.923980892 0.289896488 0
vt 0.893444777 0.244340673 0
vt 0.618547678 0.570134997 0
vt 0.634440958 0.582325041 0
vt 0.620595753 0.582795501 0
vt 0.0696271658 0.28275764 0
vt 0.0382506996 0.348411202 0
vt 0.027855685 0.282731324 0
vt 0.46647656 0.698693812 0
vt 0.472652167 0.717869997 0
vt 0.421358764 0.716240585 0
vt 0.449653059 0.655126095 0
vt 0.5040133 0.566328049 0
vt 0.476492345 0.648103535 0
vt 0.744039595 0.214886084 0
vt 0.745281994 0.111103117 0
vt 0.786015868 0.218044251 0
vt 0.733303249 0.046905145 0
vt 0.718712032 0.0760037452 0
vt 0.659638882 0.0741864219 0
vt 0.812638164 0.713154018 0
vt 0.814271688 0.757372856 0
vt 0.797350764 0.757493496 0
vt 0.888288736 0.125445828 0
vt 0.920769989 0.107600003 0
vt 0.915930629 0.128666863 0
vt 0.270293623 0.160237238 0
vt 0.306195885 0.123419434 0
vt 0.316503644 0.199679121 0
vt 0.519767165 0.41008845 0
vt 0.523985267 0.384471267 0
vt 0.537734151 0.374369532 0
vt 0.00552224973 0.315313429 0
vt 0.027855685 0.282731324 0
vt 0.0382506996 0.348411202 0
vt 0.748636365 0.341158271 0
vt 0.734884799 0.422312409 0
vt 0.732017398 0.373026907 0
vt 0.241089106 0.179671749 0
vt 0.213397145 0.159263492 0
vt 0.270293623 0.160237238 0
vt 0.205651641 0.708635688 0
vt 0.184290886 0.750257075 0
vt 0.153334707 0.708798647 0
vt 0.317522526 0.666194439 0
vt 0.266754657 0.66669178 0
vt 0.274582952 0.58040911 0
vt 0.281194627 0.202579007 0
vt 0.316503644 0.199679121 0
vt 0.302058518 0.200111404 0
vt 0.30698061 0.462370574 0
vt 0.386186361 0.412931234 0
vt 0.383650422 0.455741733 0
vt 0.0337732695 0.556650102 0
vt 0.120069474 0.619921863 0
vt 0.081109412 0.656079948 0
vt 0.206578806 0.194057748 0
vt 0.213397145 0.159263492 0
vt 0.241089106 0.179671749 0
vt 0.335459411 0.638445973 0
vt 0.400395513 0.666166306 0
vt 0.361795694 0.674212515 0
vt 0.442679524 0.364111632 0
vt 0.461119056 0.302330583 0
vt 0.487995028 0.372955143 0
vt 0.118460648 0.689041257 0
vt 0.0928450301 0.675790668 0
vt 0.120031968 0.647694588 0
vt 0.174144611 0.654975474 0
vt 0.120069474 0.619921863 0
vt 0.111918204 0.570965528 0
vt 0.889352024 0.208647177 0
vt 0.846857667 0.223946214 0
vt 0.855577111 0.162786499 0
vt 0.0648070052 0.0475305803 0
vt 0.04008957 0.183606625 0
vt 0.036746148 0.0972047523 0
vt 0.0763348639 0.119045183 0
vt 0.116467051 0.155386657 0
vt 0.0576990247 0.160835221 0
vt 0.287641555 0.3769283 0
vt 0.273452789 0.331166327 0
vt 0.305019498 0.357877344 0
vt 0.272094429 0.323411644 0
vt 0.245082349 0.285395652 0
vt 0.33731252 0.338062584 0
vt 0.776628375 0.76498419 0
vt 0.788891494 0.702881515 0
vt 0.812638164 0.713154018 0
vt 0.0648070052 0.0475305803 0
vt 0.036746148 0.0972047523 0
vt 0.0438869633 0.0495727472 0
vt 0.496984065 0.469067395 0
vt 0.513813317 0.452234238 0
vt 0.534346163 0.513079822 0
vt 0.241569102 0.248905018 0
vt 0.241089106 0.179671749 0
vt 0.281194627 0.202579007 0
vt 0.133525386 0.447730243 0
vt 0.151428029 0.505666196 0
vt 0.131563112 0.541998208 0
vt 0.789787233 0.625448823 0
vt 0.775959074 0.682178795 0
vt 0.755415916 0.59269011 0
vt 0.538488328 0.54559654 0
vt 0.5040133 0.566328049 0
vt 0.503415346 0.516631961 0
vt 0.195230201 0.314700812 0
vt 0.181220666 0.3540501 0
vt 0.122678876 0.365713507 0
vt 0.805017292 0.331820935 0
vt 0.744039595 0.214886084 0
vt 0.786015868 0.218044251 0
vt 0.138942063 0.100649819 0
vt 0.0906385928 0.0368543677 0
vt 0.114481486 0.0355555005 0
vt 0.32430619 0.751278579 0
vt 0.282421917 0.729148984 0
vt 0.258499503 0.677999794 0
vt 0.386186361 0.412931234 0
vt 0.30698061 0.462370574 0
vt 0.365747362 0.414348304 0
vt 0.375821263 0.646763861 0
vt 0.390616149 0.638258159 0
vt 0.400395513 0.666166306 0
vt 0.107662074 0.207230002 0
vt 0.15889056 0.191832855 0
vt 0.104487173 0.279298574 0
vt 0.0957579613 0.229986817 0
vt 0.083948575 0.273524761 0
vt 0.0485500805 0.271311134 0
vt 0.716435373 0.129078969 0
vt 0.69574374 0.206039354 0
vt 0.699064612 0.125610858 0
vt 0.745281994 0.111103117 0
vt 0.716435373 0.129078969 0
vt 0.701438308 0.10731823 0
vt 0.184290886 0.750257075 0
vt 0.205651641 0.708635688 0
vt 0.249548912 0.746910393 0
vt 0.282421917 0.729148984 0
vt 0.249548912 0.746910393 0
vt 0.217020094 0.651645005 0
vt 0.962997735 0.36350742 0
vt 0.985641241 0.373400629 0
vt 0.983856142 0.410070002 0
vt 0.476492345 0.648103535 0
vt 0.46647656 0.698693812 0
vt 0.421358764 0.716240585 0
vt 0.428776294 0.635107398 0
vt 0.449653059 0.655126095 0
vt 0.400395513 0.666166306 0
vt 0.838830531 0.442876428 0
vt 0.872070014 0.486249089 0
vt 0.837498903 0.56891197 0
vt 0.905340374 0.434451342 0
vt 0.872070014 0.486249089 0
vt 0.864486396 0.43449825 0
vt 0.281194627 0.202579007 0
vt 0.305818468 0.229101673 0
vt 0.271363795 0.25539574 0
vt 0.675260186 0.279362917 0
vt 0.705157757 0.35821417 0
vt 0.646338344 0.342700034 0
vt 0.748636365 0.341158271 0
vt 0.730287015 0.339960307 0
vt 0.711846709 0.30371964 0
vt 0.751513064 0.315290183 0
vt 0.748636365 0.341158271 0
vt 0.711846709 0.30371964 0
vt 0.939361155 0.470581889 0
vt 0.985047936 0.479461581 0
vt 0.945323229 0.528172553 0
vt 0.404679447 0.396566689 0
vt 0.400975555 0.37071237 0
vt 0.442679524 0.364111632 0
vt 0.788891494 0.702881515 0
vt 0.821932375 0.65425688 0
vt 0.812638164 0.713154018 0
vt 0.665573776 0.518071353 0
vt 0.614121377 0.53479296 0
vt 0.643342018 0.450867295 0
vt 0.00552224973 0.315313429 0
vt 0.00927993283 0.410188705 0
vt 0.00723789027 0.361904621 0
vt 0.750288427 0.503978312 0
vt 0.736819029 0.489682853 0
vt 0.734884799 0.422312409 0
vt 0.525035083 0.19056657 0
vt 0.58139205 0.151396975 0
vt 0.554740846 0.224534869 0
vt 0.0928450301 0.675790668 0
vt 0.118460648 0.689041257 0
vt 0.109628782 0.697629988 0
vt 0.962997735 0.36350742 0
vt 0.939086974 0.321187705 0
vt 0.943898797 0.227681786 0
vt 0.936883867 0.388527006 0
vt 0.962997735 0.36350742 0
vt 0.983856142 0.410070002 0
vt 0.721594751 0.709877849 0
vt 0.663739979 0.629100025 0
vt 0.73448956 0.658324003 0
vt 0.613659918 0.0862005129 0
vt 0.644776702 0.159261763 0
vt 0.594631374 0.13459143 0
vt 0.195044026 0.545857847 0
vt 0.235588402 0.628720522 0
vt 0.217020094 0.651645005 0
vt 0.855577111 0.162786499 0
vt 0.846857667 0.223946214 0
vt 0.844512045 0.20301652 0
vt 0.00552224973 0.315313429 0
vt 0.0301365498 0.378365725 0
vt 0.00927993283 0.410188705 0
vt 0.425342172 0.335973531 0
vt 0.427656382 0.273062557 0
vt 0.442679524 0.364111632 0
vt 0.778760612 0.0619851202 0
vt 0.779073179 0.107497029 0
vt 0.750370622 0.0891083479 0
vt 0.787174702 0.122842737 0
vt 0.802262187 0.159484953 0
vt 0.745281994 0.111103117 0
vt 0.0257863831 0.492949277 0
vt 0.075435169 0.519694269 0
vt 0.0459351502 0.511723399 0
vt 0.242816061 0.153052017 0
vt 0.270293623 0.160237238 0
vt 0.213397145 0.159263492 0
vt 0.927322924 0.352584004 0
vt 0.898792207 0.354642779 0
vt 0.939086974 0.321187705 0
vt 0.939086974 0.321187705 0
vt 0.962997735 0.36350742 0
vt 0.936883867 0.388527006 0
vt 0.232850865 0.506817341 0
vt 0.209230036 0.45084402 0
vt 0.240750208 0.493296891 0
vt 0.209230036 0.45084402 0
vt 0.187903509 0.465156257 0
vt 0.181782052 0.431705862 0
vt 0.623058379 0.251352429 0
vt 0.620359063 0.306832075 0
vt 0.584615648 0.260871261 0
vt 0.352910578 0.566706181 0
vt 0.38458094 0.579808354 0
vt 0.391462088 0.610896349 0
vt 0.30698061 0.462370574 0
vt 0.383650422 0.455741733 0
vt 0.339385152 0.515487313 0
vt 0.620359063 0.306832075 0
vt 0.574639738 0.294816822 0
vt 0.584615648 0.260871261 0
vt 0.133525386 0.447730243 0
vt 0.131563112 0.541998208 0
vt 0.0993930921 0.35953474 0
vt 0.734884799 0.422312409 0
vt 0.748636365 0.341158271 0
vt 0.772386909 0.348946005 0
vt 0.587356389 0.202411383 0
vt 0.562117457 0.261006951 0
vt 0.554740846 0.224534869 0
vt 0.562117457 0.261006951 0
vt 0.574639738 0.294816822 0
vt 0.529142201 0.263457566 0
vt 0.339385152 0.515487313 0
vt 0.379272252 0.49971661 0
vt 0.380108327 0.555621266 0
vt 0.804644048 0.650626421 0
vt 0.788891494 0.702881515 0
vt 0.789787233 0.625448823 0
vt 0.241424203 0.297889799 0
vt 0.245082349 0.285395652 0
vt 0.272094429 0.323411644 0
vt 0.444168836 0.736800194 0
vt 0.430362076 0.776047587 0
vt 0.417500824 0.776510835 0
vt 0.237689674 0.267432511 0
vt 0.195230201 0.314700812 0
vt 0.18103008 0.276202351 0
vt 0.116467051 0.155386657 0
vt 0.163194746 0.174491435 0
vt 0.075587295 0.187506244 0
vt 0.116467051 0.155386657 0
vt 0.173418269 0.142758951 0
vt 0.163194746 0.174491435 0
vt 0.248016581 0.372784913 0
vt 0.209230036 0.45084402 0
vt 0.223032936 0.359772235 0
vt 0.0696271658 0.28275764 0
vt 0.06948255 0.317085922 0
vt 0.0382506996 0.348411202 0
vt 0.176885173 0.229247048 0
vt 0.226181895 0.211622044 0
vt 0.241569102 0.248905018 0
vt 0.710989356 0.207929388 0
vt 0.69574374 0.206039354 0
vt 0.716435373 0.129078969 0
vt 0.0337732695 0.556650102 0
vt 0.0698936805 0.55273819 0
vt 0.120069474 0.619921863 0
vt 0.747156441 0.099036254 0
vt 0.745281994 0.111103117 0
vt 0.701438308 0.10731823 0
vt 0.472652167 0.717869997 0
vt 0.471789211 0.720626891 0
vt 0.476310015 0.719770014 0
vt 0.0648070052 0.0475305803 0
vt 0.0576990247 0.160835221 0
vt 0.04008957 0.183606625 0
vt 0.134571388 0.340012521 0
vt 0.195230201 0.314700812 0
vt 0.122678876 0.365713507 0
vt 0.847187996 0.640811265 0
vt 0.837503731 0.626554191 0
vt 0.911833525 0.586629689 0
vt 0.821932375 0.65425688 0
vt 0.837503731 0.626554191 0
vt 0.847187996 0.640811265 0
vt 0.748636365 0.341158271 0
vt 0.78282392 0.320357293 0
vt 0.772386909 0.348946005 0
vt 0.508116543 0.213451207 0
vt 0.554740846 0.224534869 0
vt 0.529142201 0.263457566 0
vt 0.0301365498 0.378365725 0
vt 0.00552224973 0.315313429 0
vt 0.0382506996 0.348411202 0
vt 0.0601682216 0.348591864 0
vt 0.0382506996 0.348411202 0
vt 0.06948255 0.317085922 0
vt 0.476492345 0.648103535 0
vt 0.497330248 0.673883259 0
vt 0.46647656 0.698693812 0
vt 0.748056412 0.559112608 0
vt 0.755415916 0.59269011 0
vt 0.725515246 0.525707006 0
vt 0.755415916 0.59269011 0
vt 0.726742804 0.607532203 0
vt 0.725515246 0.525707006 0
vt 0.646338344 0.342700034 0
vt 0.651008129 0.258278459 0
vt 0.67481935 0.240126699 0
vt 0.249548912 0.746910393 0
vt 0.292305052 0.753156304 0
vt 0.259249985 0.771733463 0
vt 0.837498903 0.56891197 0
vt 0.765865028 0.533468485 0
vt 0.802554488 0.522379279 0
vt 0.802554488 0.522379279 0
vt 0.750288427 0.503978312 0
vt 0.81931752 0.448766232 0
vt 0.272094429 0.323411644 0
vt 0.33731252 0.338062584 0
vt 0.305019498 0.357877344 0
vt 0.503415346 0.516631961 0
vt 0.5040133 0.566328049 0
vt 0.485233217 0.530960619 0
vt 0.725515246 0.525707006 0
vt 0.689630747 0.45866099 0
vt 0.736819029 0.489682853 0
vt 0.736819029 0.489682853 0
vt 0.750288427 0.503978312 0
vt 0.725515246 0.525707006 0
vt 0.112694614 0.7248649 0
vt 0.153334707 0.708798647 0
vt 0.156925678 0.742343187 0
vt 0.118460648 0.689041257 0
vt 0.174144611 0.654975474 0
vt 0.153334707 0.708798647 0
vt 0.384467185 0.338528484 0
vt 0.421625108 0.357692957 0
vt 0.400975555 0.37071237 0
vt 0.421625108 0.357692957 0
vt 0.442679524 0.364111632 0
vt 0.400975555 0.37071237 0
vt 0.241089106 0.179671749 0
vt 0.270293623 0.160237238 0
vt 0.316503644 0.199679121 0
vt 0.718575656 0.275324643 0
vt 0.675260186 0.279362917 0
vt 0.699382544 0.245354965 0
vt 0.394766837 0.31987375 0
vt 0.363932371 0.296813011 0
vt 0.394758493 0.26033482 0
vt 0.442679524 0.364111632 0
vt 0.487995028 0.372955143 0
vt 0.496984065 0.469067395 0
vt 0.380108327 0.555621266 0
vt 0.379272252 0.49971661 0
vt 0.401027352 0.555871427 0
vt 0.699382544 0.245354965 0
vt 0.675260186 0.279362917 0
vt 0.67481935 0.240126699 0
vt 0.675260186 0.279362917 0
vt 0.646338344 0.342700034 0
vt 0.67481935 0.240126699 0
vt 0.195230201 0.314700812 0
vt 0.186795205 0.299898565 0
vt 0.18103008 0.276202351 0
vt 0.47863999 0.717540026 0
vt 0.478359997 0.718410015 0
vt 0.476526111 0.719422817 0
vt 0.47863999 0.717540026 0
vt 0.476526111 0.719422817 0
vt 0.476625025 0.719528913 0
vt 0.719772995 0.416874945 0
vt 0.690295041 0.441861928 0
vt 0.67031765 0.40527755 0
vt 0.705800414 0.390062809 0
vt 0.730287015 0.339960307 0
vt 0.732017398 0.373026907 0
vt 0.983856142 0.410070002 0
vt 0.949347496 0.418415844 0
vt 0.936883867 0.388527006 0
vt 0.699064612 0.125610858 0
vt 0.67481935 0.240126699 0
vt 0.686155915 0.110126615 0
vt 0.924252987 0.317534536 0
vt 0.939086974 0.321187705 0
vt 0.898792207 0.354642779 0
vt 0.716435373 0.129078969 0
vt 0.699064612 0.125610858 0
vt 0.701438308 0.10731823 0
vt 0.699064612 0.125610858 0
vt 0.686155915 0.110126615 0
vt 0.701438308 0.10731823 0
vt 0.939086974 0.321187705 0
vt 0.923980892 0.289896488 0
vt 0.943898797 0.227681786 0
vt 0.81931752 0.448766232 0
vt 0.772386909 0.348946005 0
vt 0.812834918 0.390020728 0
vt 0.304316401 0.245472699 0
vt 0.329888433 0.230048463 0
vt 0.367425054 0.263588369 0
vt 0.075587295 0.187506244 0
vt 0.0576990247 0.160835221 0
vt 0.116467051 0.155386657 0
vt 0.869766772 0.048584722 0
vt 0.870427251 0.0947219655 0
vt 0.856840134 0.0414869301 0
vt 0.226181895 0.211622044 0
vt 0.176885173 0.229247048 0
vt 0.206578806 0.194057748 0
vt 0.367425054 0.263588369 0
vt 0.329888433 0.230048463 0
vt 0.345009357 0.226471335 0
vt 0.444168836 0.736800194 0
vt 0.421862245 0.737446368 0
vt 0.421358764 0.716240585 0
vt 0.0648070052 0.0475305803 0
vt 0.138942063 0.100649819 0
vt 0.0763348639 0.119045183 0
vt 0.181220666 0.3540501 0
vt 0.218920872 0.323210776 0
vt 0.223032936 0.359772235 0
vt 0.195230201 0.314700812 0
vt 0.241424203 0.297889799 0
vt 0.181220666 0.3540501 0
vt 0.360412955 0.232348248 0
vt 0.367425054 0.263588369 0
vt 0.345009357 0.226471335 0
vt 0.316503644 0.199679121 0
vt 0.306195885 0.123419434 0
vt 0.358955026 0.221357733 0
vt 0.601183891 0.0414824262 0
vt 0.613659918 0.0862005129 0
vt 0.590614617 0.09957169 0
vt 0.613659918 0.0862005129 0
vt 0.594631374 0.13459143 0
vt 0.590614617 0.09957169 0
vt 0.480328321 0.714244902 0
vt 0.47863999 0.717540026 0
vt 0.46647656 0.698693812 0
vt 0.273452789 0.331166327 0
vt 0.272094429 0.323411644 0
vt 0.305019498 0.357877344 0
vt 0.0696271658 0.28275764 0
vt 0.104487173 0.279298574 0
vt 0.06948255 0.317085922 0
vt 0.06948255 0.317085922 0
vt 0.104487173 0.279298574 0
vt 0.113680422 0.31251207 0
vt 0.750370622 0.0891083479 0
vt 0.779073179 0.107497029 0
vt 0.747156441 0.099036254 0
vt 0.747156441 0.099036254 0
vt 0.701438308 0.10731823 0
vt 0.750370622 0.0891083479 0
vt 0.943898797 0.227681786 0
vt 0.913440943 0.222502857 0
vt 0.944292367 0.195140421 0
vt 0.206050396 0.781681418 0
vt 0.184290886 0.750257075 0
vt 0.249548912 0.746910393 0
vt 0.444168836 0.736800194 0
vt 0.477117956 0.729605734 0
vt 0.446768582 0.760461509 0
vt 0.472652167 0.717869997 0
vt 0.477117956 0.729605734 0
vt 0.444168836 0.736800194 0
vt 0.375821263 0.646763861 0
vt 0.335459411 0.638445973 0
vt 0.328207076 0.581106842 0
vt 0.317522526 0.666194439 0
vt 0.361795694 0.674212515 0
vt 0.335410416 0.701941788 0
vt 0.620359063 0.306832075 0
vt 0.646338344 0.342700034 0
vt 0.595815241 0.327177435 0
vt 0.379272252 0.49971661 0
vt 0.464520931 0.515411198 0
vt 0.451478451 0.58455193 0
vt 0.485233217 0.530960619 0
vt 0.478746444 0.592212915 0
vt 0.451478451 0.58455193 0
vt 0.163194746 0.174491435 0
vt 0.213397145 0.159263492 0
vt 0.15889056 0.191832855 0
vt 0.163194746 0.174491435 0
vt 0.15889056 0.191832855 0
vt 0.107662074 0.207230002 0
vt 0.0687518343 0.0168566816 0
vt 0.0769208446 -0.001667951 0
vt 0.0936984569 0.00671665743 0
vt 0.122678876 0.365713507 0
vt 0.181782052 0.431705862 0
vt 0.162794247 0.483283401 0
vt 0.464520931 0.515411198 0
vt 0.47914955 0.474186003 0
vt 0.485233217 0.530960619 0
vt 0.47914955 0.474186003 0
vt 0.503415346 0.516631961 0
vt 0.485233217 0.530960619 0
vt 0.270293623 0.160237238 0
vt 0.260993868 0.153176799 0
vt 0.262939185 0.131834134 0
vt 0.260993868 0.153176799 0
vt 0.270293623 0.160237238 0
vt 0.242816061 0.153052017 0
vt 0.083948575 0.273524761 0
vt 0.104487173 0.279298574 0
vt 0.0696271658 0.28275764 0
vt 0.0485500805 0.271311134 0
vt 0.083948575 0.273524761 0
vt 0.0696271658 0.28275764 0
vt 0.734884799 0.422312409 0
vt 0.719772995 0.416874945 0
vt 0.732017398 0.373026907 0
vt 0.413205266 0.239841148 0
vt 0.452677041 0.261789232 0
vt 0.394396961 0.236809298 0
vt 0.523101628 0.684979141 0
vt 0.46647656 0.698693812 0
vt 0.497330248 0.673883259 0
vt 0.719772995 0.416874945 0
vt 0.67031765 0.40527755 0
vt 0.705800414 0.390062809 0
vt 0.114481486 0.0355555005 0
vt 0.112790979 0.0190832615 0
vt 0.16313675 0.094997786 0
vt 0.358955026 0.221357733 0
vt 0.394396961 0.236809298 0
vt 0.360412955 0.232348248 0
vt 0.921513736 0.200438499 0
vt 0.893444777 0.244340673 0
vt 0.889352024 0.208647177 0
vt 0.036746148 0.0972047523 0
vt 0.04008957 0.183606625 0
vt 0.0325914733 0.115555182 0
vt 0.594631374 0.13459143 0
vt 0.58139205 0.151396975 0
vt 0.590614617 0.09957169 0
vt 0.913440943 0.222502857 0
vt 0.893444777 0.244340673 0
vt 0.921513736 0.200438499 0
vt 0.921513736 0.200438499 0
vt 0.944292367 0.195140421 0
vt 0.913440943 0.222502857 0
vt 0.360412955 0.232348248 0
vt 0.394396961 0.236809298 0
vt 0.394758493 0.26033482 0
vt 0.812021375 0.0374836773 0
vt 0.823743999 0.0926240832 0
vt 0.778760612 0.0619851202 0
vt 0.83014971 0.0346334986 0
vt 0.854437292 0.115731642 0
vt 0.823743999 0.0926240832 0
vt 0.915930629 0.128666863 0
vt 0.944292367 0.195140421 0
vt 0.921513736 0.200438499 0
vt 0.525035083 0.19056657 0
vt 0.514958262 0.141992852 0
vt 0.528756976 0.121118709 0
vt 0.262513578 0.355803221 0
vt 0.273452789 0.331166327 0
vt 0.287641555 0.3769283 0
vt 0.701438308 0.10731823 0
vt 0.718712032 0.0760037452 0
vt 0.750370622 0.0891083479 0
vt 0.0301365498 0.378365725 0
vt 0.0244614184 0.425674319 0
vt 0.00927993283 0.410188705 0
vt 0.496984065 0.469067395 0
vt 0.534346163 0.513079822 0
vt 0.503415346 0.516631961 0
vt 0.496984065 0.469067395 0
vt 0.503415346 0.516631961 0
vt 0.47914955 0.474186003 0
vt 0.924252987 0.317534536 0
vt 0.898792207 0.354642779 0
vt 0.887409389 0.312247872 0
vt 0.0957579613 0.229986817 0
vt 0.075587295 0.187506244 0
vt 0.107662074 0.207230002 0
vt 0.107662074 0.207230002 0
vt 0.104487173 0.279298574 0
vt 0.0957579613 0.229986817 0
vt 0.328207076 0.581106842 0
vt 0.265753955 0.554343164 0
vt 0.275093317 0.535061181 0
vt 0.265753955 0.554343164 0
vt 0.243327215 0.534152627 0
vt 0.275093317 0.535061181 0
vt 0.614587903 0.369996637 0
vt 0.619671285 0.394657016 0
vt 0.565746665 0.418838382 0
vt 0.614587903 0.369996637 0
vt 0.640714169 0.397554159 0
vt 0.619671285 0.394657016 0
vt 0.969898641 0.558178484 0
vt 0.931844413 0.541617572 0
vt 0.945323229 0.528172553 0
vt 0.748056412 0.559112608 0
vt 0.837498903 0.56891197 0
vt 0.789787233 0.625448823 0
vt 0.271363795 0.25539574 0
vt 0.304316401 0.245472699 0
vt 0.287062585 0.265615731 0
vt 0.245082349 0.285395652 0
vt 0.271363795 0.25539574 0
vt 0.287062585 0.265615731 0
vt 0.870427251 0.0947219655 0
vt 0.854437292 0.115731642 0
vt 0.856840134 0.0414869301 0
vt 0.755211532 0.717040479 0
vt 0.759613216 0.76359725 0
vt 0.737121344 0.724164426 0
vt 0.601183891 0.0414824262 0
vt 0.557521164 0.0600008667 0
vt 0.58291316 0.0427225083 0
vt 0.391462088 0.610896349 0
vt 0.38458094 0.579808354 0
vt 0.401027352 0.555871427 0
vt 0.223032936 0.359772235 0
vt 0.209230036 0.45084402 0
vt 0.181220666 0.3540501 0
vt 0.379272252 0.49971661 0
vt 0.451478451 0.58455193 0
vt 0.401027352 0.555871427 0
vt 0.0601682216 0.348591864 0
vt 0.0993930921 0.35953474 0
vt 0.0301365498 0.378365725 0
vt 0.0601682216 0.348591864 0
vt 0.0301365498 0.378365725 0
vt 0.0382506996 0.348411202 0
vt 0.83014971 0.0346334986 0
vt 0.823743999 0.0926240832 0
vt 0.812021375 0.0374836773 0
vt 0.262513578 0.355803221 0
vt 0.242719397 0.34215644 0
vt 0.273452789 0.331166327 0
vt 0.272094429 0.323411644 0
vt 0.273452789 0.331166327 0
vt 0.242719397 0.34215644 0
vt 0.725515246 0.525707006 0
vt 0.726742804 0.607532203 0
vt 0.695041895 0.533920586 0
vt 0.287641555 0.3769283 0
vt 0.305019498 0.357877344 0
vt 0.29652369 0.433183879 0
vt 0.620359063 0.306832075 0
vt 0.595815241 0.327177435 0
vt 0.574639738 0.294816822 0
vt 0.864486396 0.43449825 0
vt 0.862367451 0.40273568 0
vt 0.871044457 0.410463452 0
vt 0.391462088 0.610896349 0
vt 0.451478451 0.58455193 0
vt 0.428776294 0.635107398 0
vt 0.305019498 0.357877344 0
vt 0.33731252 0.338062584 0
vt 0.365747362 0.414348304 0
vt 0.32282716 0.423577785 0
vt 0.365747362 0.414348304 0
vt 0.30698061 0.462370574 0
vt 0.151428029 0.505666196 0
vt 0.162794247 0.483283401 0
vt 0.167058989 0.536528051 0
vt 0.133525386 0.447730243 0
vt 0.162794247 0.483283401 0
vt 0.151428029 0.505666196 0
vt 0.877254605 0.371102989 0
vt 0.862367451 0.40273568 0
vt 0.864951074 0.346331924 0
vt 0.862367451 0.40273568 0
vt 0.902391434 0.375530392 0
vt 0.871044457 0.410463452 0
vt 0.15618661 0.229086369 0
vt 0.176885173 0.229247048 0
vt 0.119584538 0.284535944 0
vt 0.644776702 0.159261763 0
vt 0.651008129 0.258278459 0
vt 0.60799551 0.17900601 0
vt 0.804644048 0.650626421 0
vt 0.837503731 0.626554191 0
vt 0.821932375 0.65425688 0
vt 0.0326136239 0.549137294 0
vt 0.0337732695 0.556650102 0
vt 0.0298331287 0.563440382 0
vt 0.5221259 0.36201036 0
vt 0.514781952 0.3679851 0
vt 0.507481873 0.255170077 0
vt 0.258499503 0.677999794 0
vt 0.235588402 0.628720522 0
vt 0.266754657 0.66669178 0
vt 0.235588402 0.628720522 0
vt 0.258499503 0.677999794 0
vt 0.217020094 0.651645005 0
vt 0.305818468 0.229101673 0
vt 0.329888433 0.230048463 0
vt 0.304316401 0.245472699 0
vt 0.271363795 0.25539574 0
vt 0.305818468 0.229101673 0
vt 0.304316401 0.245472699 0
vt 0.217020094 0.651645005 0
vt 0.258499503 0.677999794 0
vt 0.282421917 0.729148984 0
vt 0.644776702 0.159261763 0
vt 0.60799551 0.17900601 0
vt 0.594631374 0.13459143 0
vt 0.850530088 0.669343352 0
vt 0.812638164 0.713154018 0
vt 0.821932375 0.65425688 0
vt 0.358955026 0.221357733 0
vt 0.345009357 0.226471335 0
vt 0.316503644 0.199679121 0
vt 0.360412955 0.232348248 0
vt 0.345009357 0.226471335 0
vt 0.358955026 0.221357733 0
vt 0.787174702 0.122842737 0
vt 0.747156441 0.099036254 0
vt 0.779073179 0.107497029 0
vt 0.249548912 0.746910393 0
vt 0.282421917 0.729148984 0
vt 0.292305052 0.753156304 0
vt 0.354239583 0.786227047 0
vt 0.341824144 0.788996994 0
vt 0.351543307 0.757373035 0
vt 0.383650422 0.455741733 0
vt 0.404679447 0.396566689 0
vt 0.437416285 0.437721968 0
vt 0.04008957 0.183606625 0
vt 0.0503877997 0.199613824 0
vt 0.0485500805 0.271311134 0
vt 0.400975555 0.37071237 0
vt 0.404679447 0.396566689 0
vt 0.386186361 0.412931234 0
vt 0.838830531 0.442876428 0
vt 0.812834918 0.390020728 0
vt 0.862367451 0.40273568 0
vt 0.748056412 0.559112608 0
vt 0.789787233 0.625448823 0
vt 0.755415916 0.59269011 0
vt 0.755415916 0.59269011 0
vt 0.775959074 0.682178795 0
vt 0.73448956 0.658324003 0
vt 0.5040133 0.566328049 0
vt 0.544630766 0.576843619 0
vt 0.528247058 0.636688411 0
vt 0.854437292 0.115731642 0
vt 0.870427251 0.0947219655 0
vt 0.888288736 0.125445828 0
vt 0.0906385928 0.0368543677 0
vt 0.0936984569 0.00671665743 0
vt 0.114481486 0.0355555005 0
vt 0.241424203 0.297889799 0
vt 0.237689674 0.267432511 0
vt 0.245082349 0.285395652 0
vt 0.245082349 0.285395652 0
vt 0.237689674 0.267432511 0
vt 0.271363795 0.25539574 0
vt 0.718575656 0.275324643 0
vt 0.78282392 0.320357293 0
vt 0.751513064 0.315290183 0
vt 0.651008129 0.258278459 0
vt 0.623058379 0.251352429 0
vt 0.60799551 0.17900601 0
vt 0.871044457 0.410463452 0
vt 0.905340374 0.434451342 0
vt 0.864486396 0.43449825 0
vt 0.905340374 0.434451342 0
vt 0.936883867 0.388527006 0
vt 0.949347496 0.418415844 0
vt 0.734884799 0.422312409 0
vt 0.736819029 0.489682853 0
vt 0.719772995 0.416874945 0
vt 0.719772995 0.416874945 0
vt 0.736819029 0.489682853 0
vt 0.715265572 0.436703682 0
vt 0.248016581 0.372784913 0
vt 0.254711479 0.446071893 0
vt 0.209230036 0.45084402 0
vt 0.329888433 0.230048463 0
vt 0.302058518 0.200111404 0
vt 0.345009357 0.226471335 0
vt 0.689630747 0.45866099 0
vt 0.690295041 0.441861928 0
vt 0.715265572 0.436703682 0
vt 0.846857667 0.223946214 0
vt 0.850281298 0.25979045 0
vt 0.802262187 0.159484953 0
vt 0.167058989 0.536528051 0
vt 0.171885088 0.55057615 0
vt 0.131563112 0.541998208 0
vt 0.695041895 0.533920586 0
vt 0.726742804 0.607532203 0
vt 0.694906533 0.605623782 0
vt 0.241569102 0.248905018 0
vt 0.237689674 0.267432511 0
vt 0.18103008 0.276202351 0
vt 0.776628375 0.76498419 0
vt 0.759613216 0.76359725 0
vt 0.755211532 0.717040479 0
vt 0.383833379 0.700205743 0
vt 0.400395513 0.666166306 0
vt 0.421358764 0.716240585 0
vt 0.619671285 0.394657016 0
vt 0.640714169 0.397554159 0
vt 0.643342018 0.450867295 0
vt 0.348673195 0.315905929 0
vt 0.363932371 0.296813011 0
vt 0.384467185 0.338528484 0
vt 0.485233217 0.530960619 0
vt 0.5040133 0.566328049 0
vt 0.478746444 0.592212915 0
vt 0.508116543 0.213451207 0
vt 0.529142201 0.263457566 0
vt 0.509091914 0.237891555 0
vt 0.240750208 0.493296891 0
vt 0.280839115 0.495665699 0
vt 0.275093317 0.535061181 0
vt 0.218920872 0.323210776 0
vt 0.272094429 0.323411644 0
vt 0.242719397 0.34215644 0
vt 0.241424203 0.297889799 0
vt 0.272094429 0.323411644 0
vt 0.218920872 0.323210776 0
vt 0.027855685 0.282731324 0
vt 0.00552224973 0.315313429 0
vt 0.0138498126 0.285202026 0
vt 0.716435373 0.129078969 0
vt 0.722630441 0.248791173 0
vt 0.710989356 0.207929388 0
vt 0.699382544 0.245354965 0
vt 0.69574374 0.206039354 0
vt 0.710989356 0.207929388 0
vt 0.269028783 0.387805164 0
vt 0.262513578 0.355803221 0
vt 0.287641555 0.3769283 0
vt 0.269028783 0.387805164 0
vt 0.287641555 0.3769283 0
vt 0.29652369 0.433183879 0
vt 0.660579085 0.23024483 0
vt 0.67481935 0.240126699 0
vt 0.651008129 0.258278459 0
vt 0.898792207 0.354642779 0
vt 0.902391434 0.375530392 0
vt 0.877254605 0.371102989 0
vt 0.736819029 0.489682853 0
vt 0.689630747 0.45866099 0
vt 0.715265572 0.436703682 0
vt 0.812638164 0.713154018 0
vt 0.832029819 0.756108463 0
vt 0.814271688 0.757372856 0
vt 0.60799551 0.17900601 0
vt 0.587356389 0.202411383 0
vt 0.58139205 0.151396975 0
vt 0.587356389 0.202411383 0
vt 0.554740846 0.224534869 0
vt 0.58139205 0.151396975 0
vt 0.542539537 0.0926116705 0
vt 0.557521164 0.0600008667 0
vt 0.590614617 0.09957169 0
vt 0.590614617 0.09957169 0
vt 0.528756976 0.121118709 0
vt 0.542539537 0.0926116705 0
vt 0.618547678 0.570134997 0
vt 0.665573776 0.518071353 0
vt 0.666753113 0.550600052 0
vt 0.614121377 0.53479296 0
vt 0.618547678 0.570134997 0
vt 0.588229358 0.551508844 0
vt 0.274582952 0.58040911 0
vt 0.235588402 0.628720522 0
vt 0.247824684 0.566946626 0
vt 0.120069474 0.619921863 0
vt 0.174144611 0.654975474 0
vt 0.120031968 0.647694588 0
vt 0.449653059 0.655126095 0
vt 0.428776294 0.635107398 0
vt 0.451478451 0.58455193 0
vt 0.186795205 0.299898565 0
vt 0.195230201 0.314700812 0
vt 0.134571388 0.340012521 0
vt 0.232850865 0.506817341 0
vt 0.209098741 0.474753678 0
vt 0.209230036 0.45084402 0
vt 0.187903509 0.465156257 0
vt 0.209230036 0.45084402 0
vt 0.209098741 0.474753678 0
vt 0.837503731 0.626554191 0
vt 0.837498903 0.56891197 0
vt 0.896150708 0.568633139 0
vt 0.0906385928 0.0368543677 0
vt 0.138942063 0.100649819 0
vt 0.0648070052 0.0475305803 0
vt 0.027855685 0.282731324 0
vt 0.04008957 0.183606625 0
vt 0.0485500805 0.271311134 0
vt 0.0485500805 0.271311134 0
vt 0.0696271658 0.28275764 0
vt 0.027855685 0.282731324 0
vt 0.887409389 0.312247872 0
vt 0.850281298 0.25979045 0
vt 0.846857667 0.223946214 0
vt 0.887409389 0.312247872 0
vt 0.889352024 0.208647177 0
vt 0.893444777 0.244340673 0
vt 0.345009357 0.226471335 0
vt 0.302058518 0.200111404 0
vt 0.316503644 0.199679121 0
vt 0.787174702 0.122842737 0
vt 0.844512045 0.20301652 0
vt 0.802262187 0.159484953 0
vt 0.32430619 0.751278579 0
vt 0.303939998 0.799520016 0
vt 0.281674623 0.801365554 0
vt 0.477117956 0.729605734 0
vt 0.479861677 0.749342799 0
vt 0.446768582 0.760461509 0
vt 0.750288427 0.503978312 0
vt 0.748056412 0.559112608 0
vt 0.725515246 0.525707006 0
vt 0.893444777 0.244340673 0
vt 0.924252987 0.317534536 0
vt 0.887409389 0.312247872 0
vt 0.855577111 0.162786499 0
vt 0.844512045 0.20301652 0
vt 0.779073179 0.107497029 0
vt 0.254711479 0.446071893 0
vt 0.280839115 0.495665699 0
vt 0.240750208 0.493296891 0
vt 0.254711479 0.446071893 0
vt 0.240750208 0.493296891 0
vt 0.209230036 0.45084402 0
vt 0.29652369 0.433183879 0
vt 0.30698061 0.462370574 0
vt 0.280839115 0.495665699 0
vt 0.282421917 0.729148984 0
vt 0.32430619 0.751278579 0
vt 0.292305052 0.753156304 0
vt 0.497330248 0.673883259 0
vt 0.476492345 0.648103535 0
vt 0.524475813 0.66269356 0
vt 0.750288427 0.503978312 0
vt 0.734884799 0.422312409 0
vt 0.81931752 0.448766232 0
vt 0.665573776 0.518071353 0
vt 0.643342018 0.450867295 0
vt 0.640714169 0.397554159 0
vt 0.689630747 0.45866099 0
vt 0.684509814 0.504846334 0
vt 0.640714169 0.397554159 0
vt 0.237689674 0.267432511 0
vt 0.241569102 0.248905018 0
vt 0.271363795 0.25539574 0
vt 0.131563112 0.541998208 0
vt 0.151428029 0.505666196 0
vt 0.167058989 0.536528051 0
vt 0.118460648 0.689041257 0
vt 0.112243757 0.725107729 0
vt 0.109628782 0.697629988 0
vt 0.666753113 0.550600052 0
vt 0.665573776 0.518071353 0
vt 0.695041895 0.533920586 0
vt 0.695041895 0.533920586 0
vt 0.694906533 0.605623782 0
vt 0.666753113 0.550600052 0
vt 0.348673195 0.315905929 0
vt 0.400975555 0.37071237 0
vt 0.386186361 0.412931234 0
vt 0.394396961 0.236809298 0
vt 0.452677041 0.261789232 0
vt 0.45122394 0.272731781 0
vt 0.394396961 0.236809298 0
vt 0.427656382 0.273062557 0
vt 0.394758493 0.26033482 0
vt 0.269028783 0.387805164 0
vt 0.254711479 0.446071893 0
vt 0.248016581 0.372784913 0
vt 0.027855685 0.282731324 0
vt 0.0311500002 0.211689994 0
vt 0.04008957 0.183606625 0
vt 0.242816061 0.153052017 0
vt 0.178358778 0.0828552321 0
vt 0.191969246 0.0815143138 0
vt 0.254711479 0.446071893 0
vt 0.269028783 0.387805164 0
vt 0.29652369 0.433183879 0
vt 0.69574374 0.206039354 0
vt 0.67481935 0.240126699 0
vt 0.699064612 0.125610858 0
vt 0.789787233 0.625448823 0
vt 0.788891494 0.702881515 0
vt 0.775959074 0.682178795 0
vt 0.848375797 0.654406607 0
vt 0.889114797 0.617066503 0
vt 0.905494988 0.628789783 0
vt 0.380108327 0.555621266 0
vt 0.352910578 0.566706181 0
vt 0.339385152 0.515487313 0
vt 0.0326136239 0.549137294 0
vt 0.0698936805 0.55273819 0
vt 0.0337732695 0.556650102 0
vt 0.864951074 0.346331924 0
vt 0.862367451 0.40273568 0
vt 0.838320851 0.359114945 0
vt 0.274582952 0.58040911 0
vt 0.335459411 0.638445973 0
vt 0.317522526 0.666194439 0
vt 0.508116543 0.213451207 0
vt 0.525035083 0.19056657 0
vt 0.554740846 0.224534869 0
vt 0.46647656 0.698693812 0
vt 0.523101628 0.684979141 0
vt 0.503283679 0.708393037 0
vt 0.167058989 0.536528051 0
vt 0.195044026 0.545857847 0
vt 0.171885088 0.55057615 0
vt 0.537734151 0.374369532 0
vt 0.521091044 0.371492893 0
vt 0.5221259 0.36201036 0
vt 0.985047936 0.479461581 0
vt 0.974681616 0.537903905 0
vt 0.945323229 0.528172553 0
vt 0.974681616 0.537903905 0
vt 0.969898641 0.558178484 0
vt 0.945323229 0.528172553 0
vt 0.187903509 0.465156257 0
vt 0.162794247 0.483283401 0
vt 0.181782052 0.431705862 0
vt 0.705800414 0.390062809 0
vt 0.67031765 0.40527755 0
vt 0.705157757 0.35821417 0
vt 0.523985267 0.384471267 0
vt 0.519767165 0.41008845 0
vt 0.500818074 0.388948262 0
vt 0.776628375 0.76498419 0
vt 0.755211532 0.717040479 0
vt 0.788891494 0.702881515 0
vt 0.184290886 0.750257075 0
vt 0.156925678 0.742343187 0
vt 0.153334707 0.708798647 0
vt 0.328207076 0.581106842 0
vt 0.339385152 0.515487313 0
vt 0.352910578 0.566706181 0
vt 0.281194627 0.202579007 0
vt 0.241089106 0.179671749 0
vt 0.316503644 0.199679121 0
vt 0.173418269 0.142758951 0
vt 0.138942063 0.100649819 0
vt 0.16313675 0.094997786 0
vt 0.122678876 0.365713507 0
vt 0.133525386 0.447730243 0
vt 0.0993930921 0.35953474 0
vt 0.478746444 0.592212915 0
vt 0.449653059 0.655126095 0
vt 0.451478451 0.58455193 0
vt 0.111918204 0.570965528 0
vt 0.120069474 0.619921863 0
vt 0.0698936805 0.55273819 0
vt 0.887409389 0.312247872 0
vt 0.877254605 0.371102989 0
vt 0.850281298 0.25979045 0
vt 0.352910578 0.566706181 0
vt 0.380108327 0.555621266 0
vt 0.38458094 0.579808354 0
vt 0.0576990247 0.160835221 0
vt 0.075587295 0.187506244 0
vt 0.0503877997 0.199613824 0
vt 0.877254605 0.371102989 0
vt 0.864951074 0.346331924 0
vt 0.850281298 0.25979045 0
vt 0.778760612 0.0619851202 0
vt 0.750370622 0.0891083479 0
vt 0.718712032 0.0760037452 0
vt 0.733303249 0.046905145 0
vt 0.778760612 0.0619851202 0
vt 0.718712032 0.0760037452 0
vt 0.933668435 0.146962151 0
vt 0.962094665 0.199280098 0
vt 0.944292367 0.195140421 0
vt 0.944292367 0.195140421 0
vt 0.970549345 0.273170382 0
vt 0.943898797 0.227681786 0
vt 0.280839115 0.495665699 0
vt 0.328207076 0.581106842 0
vt 0.275093317 0.535061181 0
vt 0.537734151 0.374369532 0
vt 0.523985267 0.384471267 0
vt 0.521091044 0.371492893 0
vt 0.694906533 0.605623782 0
vt 0.634440958 0.582325041 0
vt 0.666753113 0.550600052 0
vt 0.270293623 0.160237238 0
vt 0.262939185 0.131834134 0
vt 0.295027941 0.121985614 0
vt 0.694906533 0.605623782 0
vt 0.726742804 0.607532203 0
vt 0.73448956 0.658324003 0
vt 0.694906533 0.605623782 0
vt 0.73448956 0.658324003 0
vt 0.634440958 0.582325041 0
vt 0.595815241 0.327177435 0
vt 0.565746665 0.418838382 0
vt 0.559170246 0.323280275 0
vt 0.992647707 0.341181636 0
vt 0.993049741 0.369034111 0
vt 0.970549345 0.273170382 0
vt 0.939086974 0.321187705 0
vt 0.936883867 0.388527006 0
vt 0.927322924 0.352584004 0
vt 0.69574374 0.206039354 0
vt 0.699382544 0.245354965 0
vt 0.67481935 0.240126699 0
vt 0.383833379 0.700205743 0
vt 0.354239583 0.786227047 0
vt 0.351543307 0.757373035 0
vt 0.666753113 0.550600052 0
vt 0.634440958 0.582325041 0
vt 0.618547678 0.570134997 0
vt 0.78282392 0.320357293 0
vt 0.718575656 0.275324643 0
vt 0.722630441 0.248791173 0
vt 0.305818468 0.229101673 0
vt 0.302058518 0.200111404 0
vt 0.329888433 0.230048463 0
vt 0.341824144 0.788996994 0
vt 0.32430619 0.751278579 0
vt 0.351543307 0.757373035 0
vt 0.32430619 0.751278579 0
vt 0.341824144 0.788996994 0
vt 0.323834568 0.792493701 0
vt 0.838830531 0.442876428 0
vt 0.837498903 0.56891197 0
vt 0.81931752 0.448766232 0
vt 0.812021375 0.0374836773 0
vt 0.778760612 0.0619851202 0
vt 0.813707292 0.0198171698 0
vt 0.503283679 0.708393037 0
vt 0.523101628 0.684979141 0
vt 0.522748113 0.701574802 0
vt 0.751513064 0.315290183 0
vt 0.78282392 0.320357293 0
vt 0.748636365 0.341158271 0
vt 0.730287015 0.339960307 0
vt 0.748636365 0.341158271 0
vt 0.732017398 0.373026907 0
vt 0.854437292 0.115731642 0
vt 0.855577111 0.162786499 0
vt 0.823743999 0.0926240832 0
vt 0.266754657 0.66669178 0
vt 0.317522526 0.666194439 0
vt 0.258499503 0.677999794 0
vt 0.538488328 0.54559654 0
vt 0.503415346 0.516631961 0
vt 0.524012148 0.519517362 0
vt 0.45122394 0.272731781 0
vt 0.427656382 0.273062557 0
vt 0.394396961 0.236809298 0
vt 0.718712032 0.0760037452 0
vt 0.701438308 0.10731823 0
vt 0.686155915 0.110126615 0
vt 0.379272252 0.49971661 0
vt 0.383650422 0.455741733 0
vt 0.437416285 0.437721968 0
vt 0.358955026 0.221357733 0
vt 0.306195885 0.123419434 0
vt 0.394396961 0.236809298 0
vt 0.455313891 0.401691318 0
vt 0.442679524 0.364111632 0
vt 0.496984065 0.469067395 0
vt 0.176885173 0.229247048 0
vt 0.15618661 0.229086369 0
vt 0.15889056 0.191832855 0
vt 0.223973051 0.12522766 0
vt 0.260993868 0.153176799 0
vt 0.242816061 0.153052017 0
vt 0.686155915 0.110126615 0
vt 0.67481935 0.240126699 0
vt 0.660579085 0.23024483 0
vt 0.945323229 0.528172553 0
vt 0.931844413 0.541617572 0
vt 0.896398365 0.528397262 0
vt 0.306195885 0.123419434 0
vt 0.270293623 0.160237238 0
vt 0.295027941 0.121985614 0
vt 0.722630441 0.248791173 0
vt 0.716435373 0.129078969 0
vt 0.744039595 0.214886084 0
vt 0.122678876 0.365713507 0
vt 0.181220666 0.3540501 0
vt 0.181782052 0.431705862 0
vt 0.209230036 0.45084402 0
vt 0.181782052 0.431705862 0
vt 0.181220666 0.3540501 0
vt 0.449653059 0.655126095 0
vt 0.421358764 0.716240585 0
vt 0.400395513 0.666166306 0
vt 0.25425759 0.795984149 0
vt 0.259249985 0.771733463 0
vt 0.281674623 0.801365554 0
vt 0.25425759 0.795984149 0
vt 0.206050396 0.781681418 0
vt 0.259249985 0.771733463 0
vt 0.335459411 0.638445973 0
vt 0.361795694 0.674212515 0
vt 0.317522526 0.666194439 0
vt 0.759613216 0.76359725 0
vt 0.776628375 0.76498419 0
vt 0.773843825 0.773682296 0
vt 0.0483252555 0.0310286433 0
vt 0.0648070052 0.0475305803 0
vt 0.0438869633 0.0495727472 0
vt 0.0311500002 0.211689994 0
vt 0.027855685 0.282731324 0
vt 0.0221649725 0.269192666 0
vt 0.737121344 0.724164426 0
vt 0.721594751 0.709877849 0
vt 0.755211532 0.717040479 0
vt 0.756440222 0.01630559 0
vt 0.727344334 0.0326165222 0
vt 0.742545068 0.0096059097 0
vt 0.0503877997 0.199613824 0
vt 0.04008957 0.183606625 0
vt 0.0576990247 0.160835221 0
vt 0.363932371 0.296813011 0
vt 0.394766837 0.31987375 0
vt 0.384467185 0.338528484 0
vt 0.162110671 0.274448276 0
vt 0.241569102 0.248905018 0
vt 0.18103008 0.276202351 0
vt 0.0385489129 0.456884265 0
vt 0.0244614184 0.425674319 0
vt 0.0301365498 0.378365725 0
vt 0.614121377 0.53479296 0
vt 0.588229358 0.551508844 0
vt 0.571195841 0.507646441 0
vt 0.689630747 0.45866099 0
vt 0.640714169 0.397554159 0
vt 0.67031765 0.40527755 0
vt 0.523101628 0.684979141 0
vt 0.497330248 0.673883259 0
vt 0.524475813 0.66269356 0
vt 0.849458575 0.0266310237 0
vt 0.856840134 0.0414869301 0
vt 0.83014971 0.0346334986 0
vt 0.524475813 0.66269356 0
vt 0.533875823 0.681287169 0
vt 0.523101628 0.684979141 0
vt 0.896150708 0.568633139 0
vt 0.931844413 0.541617572 0
vt 0.947768748 0.571955144 0
vt 0.640714169 0.397554159 0
vt 0.684509814 0.504846334 0
vt 0.665573776 0.518071353 0
vt 0.986843467 0.272262514 0
vt 0.992647707 0.341181636 0
vt 0.970549345 0.273170382 0
vt 0.075435169 0.519694269 0
vt 0.0385489129 0.456884265 0
vt 0.0301365498 0.378365725 0
vt 0.390616149 0.638258159 0
vt 0.375821263 0.646763861 0
vt 0.391462088 0.610896349 0
vt 0.112243757 0.725107729 0
vt 0.118460648 0.689041257 0
vt 0.120706193 0.717365444 0
vt 0.0993930921 0.35953474 0
vt 0.113680422 0.31251207 0
vt 0.134571388 0.340012521 0
vt 0.765865028 0.533468485 0
vt 0.748056412 0.559112608 0
vt 0.750288427 0.503978312 0
vt 0.915930629 0.128666863 0
vt 0.921513736 0.200438499 0
vt 0.888288736 0.125445828 0
vt 0.802554488 0.522379279 0
vt 0.765865028 0.533468485 0
vt 0.750288427 0.503978312 0
vt 0.138942063 0.100649819 0
vt 0.114481486 0.0355555005 0
vt 0.16313675 0.094997786 0
vt 0.223973051 0.12522766 0
vt 0.232007802 0.10608007 0
vt 0.260993868 0.153176799 0
vt 0.788891494 0.702881515 0
vt 0.804644048 0.650626421 0
vt 0.821932375 0.65425688 0
vt 0.850281298 0.25979045 0
vt 0.834666312 0.289078653 0
vt 0.802262187 0.159484953 0
vt 0.789787233 0.625448823 0
vt 0.837503731 0.626554191 0
vt 0.804644048 0.650626421 0
vt 0.695041895 0.533920586 0
vt 0.665573776 0.518071353 0
vt 0.684509814 0.504846334 0
vt 0.32430619 0.751278579 0
vt 0.323834568 0.792493701 0
vt 0.303939998 0.799520016 0
vt 0.870427251 0.0947219655 0
vt 0.898385704 0.107427828 0
vt 0.888288736 0.125445828 0
vt 0.705800414 0.390062809 0
vt 0.705157757 0.35821417 0
vt 0.730287015 0.339960307 0
vt 0.646338344 0.342700034 0
vt 0.640714169 0.397554159 0
vt 0.614587903 0.369996637 0
vt 0.496984065 0.469067395 0
vt 0.487995028 0.372955143 0
vt 0.513813317 0.452234238 0
vt 0.939086974 0.321187705 0
vt 0.924252987 0.317534536 0
vt 0.923980892 0.289896488 0
vt 0.60799551 0.17900601 0
vt 0.584615648 0.260871261 0
vt 0.587356389 0.202411383 0
vt 0.464520931 0.515411198 0
vt 0.485233217 0.530960619 0
vt 0.451478451 0.58455193 0
vt 0.335459411 0.638445973 0
vt 0.375821263 0.646763861 0
vt 0.400395513 0.666166306 0
vt 0.889352024 0.208647177 0
vt 0.887409389 0.312247872 0
vt 0.846857667 0.223946214 0
vt 0.119584538 0.284535944 0
vt 0.113680422 0.31251207 0
vt 0.104487173 0.279298574 0
vt 0.5040133 0.566328049 0
vt 0.449653059 0.655126095 0
vt 0.478746444 0.592212915 0
vt 0.0698936805 0.55273819 0
vt 0.131563112 0.541998208 0
vt 0.111918204 0.570965528 0
vt 0.232850865 0.506817341 0
vt 0.240750208 0.493296891 0
vt 0.275093317 0.535061181 0
vt 0.275093317 0.535061181 0
vt 0.243327215 0.534152627 0
vt 0.232850865 0.506817341 0
vt 0.242719397 0.34215644 0
vt 0.223032936 0.359772235 0
vt 0.218920872 0.323210776 0
vt 0.855577111 0.162786499 0
vt 0.779073179 0.107497029 0
vt 0.778760612 0.0619851202 0
vt 0.0277501214 0.473417133 0
vt 0.0385489129 0.456884265 0
vt 0.0257863831 0.492949277 0
vt 0.248016581 0.372784913 0
vt 0.262513578 0.355803221 0
vt 0.269028783 0.387805164 0
vt 0.565746665 0.418838382 0
vt 0.571195841 0.507646441 0
vt 0.553895712 0.457224101 0
vt 0.118460648 0.689041257 0
vt 0.120031968 0.647694588 0
vt 0.174144611 0.654975474 0
vt 0.254711479 0.446071893 0
vt 0.29652369 0.433183879 0
vt 0.280839115 0.495665699 0
vt 0.425342172 0.335973531 0
vt 0.421625108 0.357692957 0
vt 0.394766837 0.31987375 0
vt 0.776628375 0.76498419 0
vt 0.79672271 0.777649522 0
vt 0.773843825 0.773682296 0
vt 0.122678876 0.365713507 0
vt 0.162794247 0.483283401 0
vt 0.133525386 0.447730243 0
vt 0.449653059 0.655126095 0
vt 0.476492345 0.648103535 0
vt 0.421358764 0.716240585 0
vt 0.379272252 0.49971661 0
vt 0.339385152 0.515487313 0
vt 0.383650422 0.455741733 0
vt 0.0957579613 0.229986817 0
vt 0.104487173 0.279298574 0
vt 0.083948575 0.273524761 0
vt 0.247824684 0.566946626 0
vt 0.235588402 0.628720522 0
vt 0.208619192 0.552516878 0
vt 0.554740846 0.224534869 0
vt 0.562117457 0.261006951 0
vt 0.529142201 0.263457566 0
vt 0.690295041 0.441861928 0
vt 0.689630747 0.45866099 0
vt 0.67031765 0.40527755 0
vt 0.751513064 0.315290183 0
vt 0.711846709 0.30371964 0
vt 0.718575656 0.275324643 0
vt 0.711846709 0.30371964 0
vt 0.675260186 0.279362917 0
vt 0.718575656 0.275324643 0
vt 0.0503877997 0.199613824 0
vt 0.075587295 0.187506244 0
vt 0.0957579613 0.229986817 0
vt 0.896150708 0.568633139 0
vt 0.896398365 0.528397262 0
vt 0.931844413 0.541617572 0
vt 0.425342172 0.335973531 0
vt 0.442679524 0.364111632 0
vt 0.421625108 0.357692957 0
vt 0.944292367 0.195140421 0
vt 0.915930629 0.128666863 0
vt 0.933668435 0.146962151 0
vt 0.351543307 0.757373035 0
vt 0.32430619 0.751278579 0
vt 0.335410416 0.701941788 0
vt 0.153334707 0.708798647 0
vt 0.174144611 0.654975474 0
vt 0.205651641 0.708635688 0
vt 0.455313891 0.401691318 0
vt 0.496984065 0.469067395 0
vt 0.47914955 0.474186003 0
vt 0.834666312 0.289078653 0
vt 0.805017292 0.331820935 0
vt 0.786015868 0.218044251 0
vt 0.787174702 0.122842737 0
vt 0.779073179 0.107497029 0
vt 0.844512045 0.20301652 0
vt 0.361795694 0.674212515 0
vt 0.400395513 0.666166306 0
vt 0.383833379 0.700205743 0
vt 0.274582952 0.58040911 0
vt 0.265753955 0.554343164 0
vt 0.328207076 0.581106842 0
vt 0.787174702 0.122842737 0
vt 0.745281994 0.111103117 0
vt 0.747156441 0.099036254 0
vt 0.176885173 0.229247048 0
vt 0.15889056 0.191832855 0
vt 0.206578806 0.194057748 0
vt 0.802262187 0.159484953 0
vt 0.786015868 0.218044251 0
vt 0.745281994 0.111103117 0
vt 0.725515246 0.525707006 0
vt 0.695041895 0.533920586 0
vt 0.684509814 0.504846334 0
vt 0.171885088 0.55057615 0
vt 0.217020094 0.651645005 0
vt 0.111918204 0.570965528 0
vt 0.924252987 0.317534536 0
vt 0.893444777 0.244340673 0
vt 0.923980892 0.289896488 0
vt 0.805017292 0.331820935 0
vt 0.864951074 0.346331924 0
vt 0.838320851 0.359114945 0
vt 0.281674623 0.801365554 0
vt 0.259249985 0.771733463 0
vt 0.292305052 0.753156304 0
vt 0.218920872 0.323210776 0
vt 0.181220666 0.3540501 0
vt 0.241424203 0.297889799 0
vt 0.651008129 0.258278459 0
vt 0.644776702 0.159261763 0
vt 0.660579085 0.23024483 0
vt 0.360412955 0.232348248 0
vt 0.394758493 0.26033482 0
vt 0.367425054 0.263588369 0
vt 0.78282392 0.320357293 0
vt 0.722630441 0.248791173 0
vt 0.744039595 0.214886084 0
vt 0.623058379 0.251352429 0
vt 0.584615648 0.260871261 0
vt 0.60799551 0.17900601 0
vt 0.889114797 0.617066503 0
vt 0.847187996 0.640811265 0
vt 0.911833525 0.586629689 0
vt 0.206050396 0.781681418 0
vt 0.249548912 0.746910393 0
vt 0.259249985 0.771733463 0
vt 0.847187996 0.640811265 0
vt 0.889114797 0.617066503 0
vt 0.848375797 0.654406607 0
vt 0.0326136239 0.549137294 0
vt 0.0459351502 0.511723399 0
vt 0.075435169 0.519694269 0
vt 0.574639738 0.294816822 0
vt 0.595815241 0.327177435 0
vt 0.559170246 0.323280275 0
vt 0.386186361 0.412931234 0
vt 0.404679447 0.396566689 0
vt 0.383650422 0.455741733 0
vt 0.0906385928 0.0368543677 0
vt 0.0648070052 0.0475305803 0
vt 0.0687518343 0.0168566816 0
vt 0.0648070052 0.0475305803 0
vt 0.0483252555 0.0310286433 0
vt 0.0687518343 0.0168566816 0
vt 0.618547678 0.570134997 0
vt 0.614121377 0.53479296 0
vt 0.665573776 0.518071353 0
vt 0.877254605 0.371102989 0
vt 0.902391434 0.375530392 0
vt 0.862367451 0.40273568 0
vt 0.107662074 0.207230002 0
vt 0.075587295 0.187506244 0
vt 0.163194746 0.174491435 0
vt 0.348673195 0.315905929 0
vt 0.384467185 0.338528484 0
vt 0.400975555 0.37071237 0
vt 0.348673195 0.315905929 0
vt 0.386186361 0.412931234 0
vt 0.365747362 0.414348304 0
vt 0.32282716 0.423577785 0
vt 0.305019498 0.357877344 0
vt 0.365747362 0.414348304 0
vt 0.249548912 0.746910393 0
vt 0.205651641 0.708635688 0
vt 0.217020094 0.651645005 0
vt 0.380108327 0.555621266 0
vt 0.401027352 0.555871427 0
vt 0.38458094 0.579808354 0
vt 0.367425054 0.263588369 0
vt 0.394758493 0.26033482 0
vt 0.363932371 0.296813011 0
vt 0.553895712 0.457224101 0
vt 0.537734151 0.374369532 0
vt 0.565746665 0.418838382 0
vt 0.744039595 0.214886084 0
vt 0.805017292 0.331820935 0
vt 0.78282392 0.320357293 0
vt 0.17839624 0.768086672 0
vt 0.184290886 0.750257075 0
vt 0.199720189 0.782920897 0
vt 0.663682997 0.0178373102 0
vt 0.671602845 0.012724435 0
vt 0.722925484 0.011013207 0
vt 0.199720189 0.782920897 0
vt 0.184290886 0.750257075 0
vt 0.206050396 0.781681418 0
vt 0.437416285 0.437721968 0
vt 0.404679447 0.396566689 0
vt 0.455313891 0.401691318 0
vt 0.844512045 0.20301652 0
vt 0.846857667 0.223946214 0
vt 0.802262187 0.159484953 0
vt 0.226181895 0.211622044 0
vt 0.241089106 0.179671749 0
vt 0.241569102 0.248905018 0
vt 0.722925484 0.011013207 0
vt 0.659638882 0.0741864219 0
vt 0.663682997 0.0178373102 0
vt 0.587356389 0.202411383 0
vt 0.584615648 0.260871261 0
vt 0.562117457 0.261006951 0
vt 0.262513578 0.355803221 0
vt 0.248016581 0.372784913 0
vt 0.242719397 0.34215644 0
vt 0.248016581 0.372784913 0
vt 0.223032936 0.359772235 0
vt 0.242719397 0.34215644 0
vt 0.832029819 0.756108463 0
vt 0.812638164 0.713154018 0
vt 0.850530088 0.669343352 0
vt 0.983856142 0.410070002 0
vt 0.985047936 0.479461581 0
vt 0.939361155 0.470581889 0
vt 0.850281298 0.25979045 0
vt 0.864951074 0.346331924 0
vt 0.834666312 0.289078653 0
vt 0.614121377 0.53479296 0
vt 0.571195841 0.507646441 0
vt 0.565746665 0.418838382 0
vt 0.686155915 0.110126615 0
vt 0.660579085 0.23024483 0
vt 0.644776702 0.159261763 0
vt 0.0326136239 0.549137294 0
vt 0.075435169 0.519694269 0
vt 0.0698936805 0.55273819 0
vt 0.970549345 0.273170382 0
vt 0.962997735 0.36350742 0
vt 0.943898797 0.227681786 0
vt 0.939361155 0.470581889 0
vt 0.905340374 0.434451342 0
vt 0.949347496 0.418415844 0
vt 0.675260186 0.279362917 0
vt 0.711846709 0.30371964 0
vt 0.705157757 0.35821417 0
vt 0.524475813 0.66269356 0
vt 0.476492345 0.648103535 0
vt 0.533539593 0.648348272 0
vt 0.306195885 0.123419434 0
vt 0.325318247 0.126800269 0
vt 0.363679439 0.171854481 0
vt 0.274582952 0.58040911 0
vt 0.247824684 0.566946626 0
vt 0.265753955 0.554343164 0
vt 0.962094665 0.199280098 0
vt 0.970549345 0.273170382 0
vt 0.944292367 0.195140421 0
vt 0.962094665 0.199280098 0
vt 0.986843467 0.272262514 0
vt 0.970549345 0.273170382 0
vt 0.394758493 0.26033482 0
vt 0.427656382 0.273062557 0
vt 0.425342172 0.335973531 0
vt 0.394766837 0.31987375 0
vt 0.394758493 0.26033482 0
vt 0.425342172 0.335973531 0
vt 0.0601682216 0.348591864 0
vt 0.06948255 0.317085922 0
vt 0.113680422 0.31251207 0
vt 0.722630441 0.248791173 0
vt 0.718575656 0.275324643 0
vt 0.699382544 0.245354965 0
vt 0.0648070052 0.0475305803 0
vt 0.0763348639 0.119045183 0
vt 0.0576990247 0.160835221 0
vt 0.529142201 0.263457566 0
vt 0.5221259 0.36201036 0
vt 0.507481873 0.255170077 0
vt 0.122678876 0.365713507 0
vt 0.0993930921 0.35953474 0
vt 0.134571388 0.340012521 0
vt 0.112790979 0.0190832615 0
vt 0.114481486 0.0355555005 0
vt 0.0936984569 0.00671665743 0
vt 0.601183891 0.0414824262 0
vt 0.628421605 0.0417066179 0
vt 0.613659918 0.0862005129 0
vt 0.119584538 0.284535944 0
vt 0.15889056 0.191832855 0
vt 0.15618661 0.229086369 0
vt 0.421358764 0.716240585 0
vt 0.472652167 0.717869997 0
vt 0.444168836 0.736800194 0
vt 0.920769989 0.107600003 0
vt 0.888288736 0.125445828 0
vt 0.898385704 0.107427828 0
vt 0.797350764 0.757493496 0
vt 0.776628375 0.76498419 0
vt 0.812638164 0.713154018 0
vt 0.0957579613 0.229986817 0
vt 0.0485500805 0.271311134 0
vt 0.0503877997 0.199613824 0
vt 0.837498903 0.56891197 0
vt 0.748056412 0.559112608 0
vt 0.765865028 0.533468485 0
vt 0.947768748 0.571955144 0
vt 0.931844413 0.541617572 0
vt 0.969898641 0.558178484 0
vt 0.243327215 0.534152627 0
vt 0.195044026 0.545857847 0
vt 0.232850865 0.506817341 0
vt 0.711846709 0.30371964 0
vt 0.730287015 0.339960307 0
vt 0.705157757 0.35821417 0
vt 0.797350764 0.757493496 0
vt 0.79672271 0.777649522 0
vt 0.776628375 0.76498419 0
vt 0.112790979 0.0190832615 0
vt 0.178358778 0.0828552321 0
vt 0.16313675 0.094997786 0
vt 0.213397145 0.159263492 0
vt 0.16313675 0.094997786 0
vt 0.178358778 0.0828552321 0
vt 0.437416285 0.437721968 0
vt 0.47914955 0.474186003 0
vt 0.464520931 0.515411198 0
vt 0.375821263 0.646763861 0
vt 0.328207076 0.581106842 0
vt 0.391462088 0.610896349 0
vt 0.862367451 0.40273568 0
vt 0.805017292 0.331820935 0
vt 0.838320851 0.359114945 0
vt 0.854437292 0.115731642 0
vt 0.889352024 0.208647177 0
vt 0.855577111 0.162786499 0
vt 0.553895712 0.457224101 0
vt 0.519767165 0.41008845 0
vt 0.537734151 0.374369532 0
vt 0.646338344 0.342700034 0
vt 0.67031765 0.40527755 0
vt 0.640714169 0.397554159 0
vt 0.442679524 0.364111632 0
vt 0.455313891 0.401691318 0
vt 0.404679447 0.396566689 0
vt 0.113680422 0.31251207 0
vt 0.162110671 0.274448276 0
vt 0.18103008 0.276202351 0
vt 0.119584538 0.284535944 0
vt 0.162110671 0.274448276 0
vt 0.113680422 0.31251207 0
vt 0.427656382 0.273062557 0
vt 0.45122394 0.272731781 0
vt 0.442679524 0.364111632 0
vt 0.442679524 0.364111632 0
vt 0.45122394 0.272731781 0
vt 0.461119056 0.302330583 0
vt 0.111918204 0.570965528 0
vt 0.217020094 0.651645005 0
vt 0.174144611 0.654975474 0
vt 0.584615648 0.260871261 0
vt 0.574639738 0.294816822 0
vt 0.562117457 0.261006951 0
vt 0.646338344 0.342700034 0
vt 0.620359063 0.306832075 0
vt 0.651008129 0.258278459 0
vt 0.651008129 0.258278459 0
vt 0.620359063 0.306832075 0
vt 0.623058379 0.251352429 0
vt 0.335410416 0.701941788 0
vt 0.32430619 0.751278579 0
vt 0.258499503 0.677999794 0
vt 0.911833525 0.586629689 0
vt 0.837503731 0.626554191 0
vt 0.896150708 0.568633139 0
vt 0.648348033 0.0189457685 0
vt 0.659638882 0.0741864219 0
vt 0.628421605 0.0417066179 0
vt 0.81931752 0.448766232 0
vt 0.837498903 0.56891197 0
vt 0.802554488 0.522379279 0
vt 0.834666312 0.289078653 0
vt 0.786015868 0.218044251 0
vt 0.802262187 0.159484953 0
vt 0.715265572 0.436703682 0
vt 0.690295041 0.441861928 0
vt 0.719772995 0.416874945 0
vt 0.191969246 0.0815143138 0
vt 0.223973051 0.12522766 0
vt 0.242816061 0.153052017 0
vt 0.243327215 0.534152627 0
vt 0.208619192 0.552516878 0
vt 0.195044026 0.545857847 0
vt 0.993049741 0.369034111 0
vt 0.985641241 0.373400629 0
vt 0.962997735 0.36350742 0
vt 0.383833379 0.700205743 0
vt 0.335410416 0.701941788 0
vt 0.361795694 0.674212515 0
vt 0.663682997 0.0178373102 0
vt 0.659638882 0.0741864219 0
vt 0.648348033 0.0189457685 0
vt 0.302058518 0.200111404 0
vt 0.305818468 0.229101673 0
vt 0.281194627 0.202579007 0
vt 0.232850865 0.506817341 0
vt 0.167058989 0.536528051 0
vt 0.209098741 0.474753678 0
vt 0.167058989 0.536528051 0
vt 0.232850865 0.506817341 0
vt 0.195044026 0.545857847 0
vt 0.163194746 0.174491435 0
vt 0.173418269 0.142758951 0
vt 0.213397145 0.159263492 0
vt 0.823743999 0.0926240832 0
vt 0.855577111 0.162786499 0
vt 0.778760612 0.0619851202 0
vt 0.755211532 0.717040479 0
vt 0.721594751 0.709877849 0
vt 0.73448956 0.658324003 0
vt 0.379272252 0.49971661 0
vt 0.437416285 0.437721968 0
vt 0.464520931 0.515411198 0
vt 0.742545068 0.0096059097 0
vt 0.727344334 0.0326165222 0
vt 0.722925484 0.011013207 0
vt 0.905340374 0.434451342 0
vt 0.871044457 0.410463452 0
vt 0.936883867 0.388527006 0
vt 0.869766772 0.048584722 0
vt 0.898385704 0.107427828 0
vt 0.870427251 0.0947219655 0
vt 0.18103008 0.276202351 0
vt 0.134571388 0.340012521 0
vt 0.113680422 0.31251207 0
vt 0.779347539 0.0105214287 0
vt 0.813707292 0.0198171698 0
vt 0.778760612 0.0619851202 0
vt 0.718712032 0.0760037452 0
vt 0.686155915 0.110126615 0
vt 0.659638882 0.0741864219 0
vt 0.889352024 0.208647177 0
vt 0.854437292 0.115731642 0
vt 0.888288736 0.125445828 0
vt 0.243327215 0.534152627 0
vt 0.247824684 0.566946626 0
vt 0.208619192 0.552516878 0
vt 0.727344334 0.0326165222 0
vt 0.659638882 0.0741864219 0
vt 0.722925484 0.011013207 0
vt 0.733303249 0.046905145 0
vt 0.659638882 0.0741864219 0
vt 0.727344334 0.0326165222 0
vt 0.902391434 0.375530392 0
vt 0.936883867 0.388527006 0
vt 0.871044457 0.410463452 0
vt 0.421862245 0.737446368 0
vt 0.417500824 0.776510835 0
vt 0.403982639 0.78519094 0
vt 0.258499503 0.677999794 0
vt 0.317522526 0.666194439 0
vt 0.335410416 0.701941788 0
vt 0.162794247 0.483283401 0
vt 0.187903509 0.465156257 0
vt 0.167058989 0.536528051 0
vt 0.173418269 0.142758951 0
vt 0.16313675 0.094997786 0
vt 0.213397145 0.159263492 0
vt 0.390616149 0.638258159 0
vt 0.428776294 0.635107398 0
vt 0.400395513 0.666166306 0
vt 0.936883867 0.388527006 0
vt 0.902391434 0.375530392 0
vt 0.898792207 0.354642779 0
vt 0.936883867 0.388527006 0
vt 0.898792207 0.354642779 0
vt 0.927322924 0.352584004 0
vt 0.354239583 0.786227047 0
vt 0.421358764 0.716240585 0
vt 0.421862245 0.737446368 0
vt 0.354239583 0.786227047 0
vt 0.421862245 0.737446368 0
vt 0.403982639 0.78519094 0
vt 0.17839624 0.768086672 0
vt 0.156925678 0.742343187 0
vt 0.184290886 0.750257075 0
vt 0.945323229 0.528172553 0
vt 0.896398365 0.528397262 0
vt 0.939361155 0.470581889 0
vt 0.29652369 0.433183879 0
vt 0.32282716 0.423577785 0
vt 0.30698061 0.462370574 0
vt 0.643342018 0.450867295 0
vt 0.614121377 0.53479296 0
vt 0.565746665 0.418838382 0
vt 0.081109412 0.656079948 0
vt 0.120069474 0.619921863 0
vt 0.120031968 0.647694588 0
vt 0.503604412 0.401781052 0
vt 0.500818074 0.388948262 0
vt 0.519767165 0.41008845 0
vt 0.0235388149 0.515423357 0
vt 0.0257863831 0.492949277 0
vt 0.0459351502 0.511723399 0
vt 0.171885088 0.55057615 0
vt 0.195044026 0.545857847 0
vt 0.217020094 0.651645005 0
vt 0.805017292 0.331820935 0
vt 0.812834918 0.390020728 0
vt 0.772386909 0.348946005 0
vt 0.29652369 0.433183879 0
vt 0.305019498 0.357877344 0
vt 0.32282716 0.423577785 0
vt 0.0257863831 0.492949277 0
vt 0.0385489129 0.456884265 0
vt 0.075435169 0.519694269 0
vt 0.601183891 0.0414824262 0
vt 0.614910007 0.0322300009 0
vt 0.628421605 0.0417066179 0
vt 0.308497876 0.81309092 0
vt 0.303939998 0.799520016 0
vt 0.323834568 0.792493701 0
vt 0.524012148 0.519517362 0
vt 0.503415346 0.516631961 0
vt 0.534346163 0.513079822 0
vt 0.915930629 0.128666863 0
vt 0.938401103 0.136056662 0
vt 0.933668435 0.146962151 0
vt 0.789787233 0.625448823 0
vt 0.837498903 0.56891197 0
vt 0.837503731 0.626554191 0
vt 0.274582952 0.58040911 0
vt 0.266754657 0.66669178 0
vt 0.235588402 0.628720522 0
vt 0.78282392 0.320357293 0
vt 0.805017292 0.331820935 0
vt 0.772386909 0.348946005 0
vt 0.779347539 0.0105214287 0
vt 0.778760612 0.0619851202 0
vt 0.756440222 0.01630559 0
vt 0.0936984569 0.00671665743 0
vt 0.0906385928 0.0368543677 0
vt 0.0687518343 0.0168566816 0
vt 0.116467051 0.155386657 0
vt 0.138942063 0.100649819 0
vt 0.173418269 0.142758951 0
vt 0.828354537 0.0275165178 0
vt 0.83014971 0.0346334986 0
vt 0.812021375 0.0374836773 0
vt 0.120706193 0.717365444 0
vt 0.153334707 0.708798647 0
vt 0.112694614 0.7248649 0
vt 0.47863999 0.717540026 0
vt 0.477750003 0.71746999 0
vt 0.46647656 0.698693812 0
vt 0.437416285 0.437721968 0
vt 0.455313891 0.401691318 0
vt 0.47914955 0.474186003 0
vt 0.528756976 0.121118709 0
vt 0.590614617 0.09957169 0
vt 0.58139205 0.151396975 0
vt 0.383833379 0.700205743 0
vt 0.351543307 0.757373035 0
vt 0.335410416 0.701941788 0
vt 0.118460648 0.689041257 0
vt 0.153334707 0.708798647 0
vt 0.120706193 0.717365444 0
vt 0.923980892 0.289896488 0
vt 0.913440943 0.222502857 0
vt 0.943898797 0.227681786 0
vt 0.348673195 0.315905929 0
vt 0.304316401 0.245472699 0
vt 0.363932371 0.296813011 0
vt 0.243327215 0.534152627 0
vt 0.265753955 0.554343164 0
vt 0.247824684 0.566946626 0
vt 0.0244614184 0.425674319 0
vt 0.0385489129 0.456884265 0
vt 0.0277501214 0.473417133 0
vt 0.722630441 0.248791173 0
vt 0.699382544 0.245354965 0
vt 0.710989356 0.207929388 0
vt 0.292305052 0.753156304 0
vt 0.32430619 0.751278579 0
vt 0.281674623 0.801365554 0
vt 0.646338344 0.342700034 0
vt 0.614587903 0.369996637 0
vt 0.595815241 0.327177435 0
vt 0.81931752 0.448766232 0
vt 0.734884799 0.422312409 0
vt 0.772386909 0.348946005 0
vt 0.476492345 0.648103535 0
vt 0.528247058 0.636688411 0
vt 0.533539593 0.648348272 0
vt 0.528756976 0.121118709 0
vt 0.58139205 0.151396975 0
vt 0.525035083 0.19056657 0
vt 0.526160002 0.565020025 0
vt 0.5040133 0.566328049 0
vt 0.538488328 0.54559654 0
vt 0.5040133 0.566328049 0
vt 0.526160002 0.565020025 0
vt 0.544630766 0.576843619 0
vt 0.619671285 0.394657016 0
vt 0.643342018 0.450867295 0
vt 0.565746665 0.418838382 0
vt 0.280839115 0.495665699 0
vt 0.30698061 0.462370574 0
vt 0.339385152 0.515487313 0
vt 0.104487173 0.279298574 0
vt 0.15889056 0.191832855 0
vt 0.119584538 0.284535944 0
vt 0.732017398 0.373026907 0
vt 0.719772995 0.416874945 0
vt 0.705800414 0.390062809 0
vt 0.176885173 0.229247048 0
vt 0.241569102 0.248905018 0
vt 0.162110671 0.274448276 0
vt 0.834666312 0.289078653 0
vt 0.864951074 0.346331924 0
vt 0.805017292 0.331820935 0
vt 0.939361155 0.470581889 0
vt 0.896398365 0.528397262 0
vt 0.905340374 0.434451342 0
vt 0.896398365 0.528397262 0
vt 0.872070014 0.486249089 0
vt 0.905340374 0.434451342 0
vt 0.120031968 0.647694588 0
vt 0.0928450301 0.675790668 0
vt 0.081109412 0.656079948 0
vt 0.480328321 0.714244902 0
vt 0.46647656 0.698693812 0
vt 0.503283679 0.708393037 0
vt 0.208619192 0.552516878 0
vt 0.235588402 0.628720522 0
vt 0.195044026 0.545857847 0
vt 0.119584538 0.284535944 0
vt 0.176885173 0.229247048 0
vt 0.162110671 0.274448276 0
vt 0.812834918 0.390020728 0
vt 0.838830531 0.442876428 0
vt 0.81931752 0.448766232 0
vt 0.274582952 0.58040911 0
vt 0.328207076 0.581106842 0
vt 0.335459411 0.638445973 0
vt 0.745281994 0.111103117 0
vt 0.744039595 0.214886084 0
vt 0.716435373 0.129078969 0
vt 0.206578806 0.194057748 0
vt 0.241089106 0.179671749 0
vt 0.226181895 0.211622044 0
vt 0.939361155 0.470581889 0
vt 0.949347496 0.418415844 0
vt 0.983856142 0.410070002 0
vt 0.911833525 0.586629689 0
vt 0.896150708 0.568633139 0
vt 0.947768748 0.571955144 0
vt 0.390616149 0.638258159 0
vt 0.391462088 0.610896349 0
vt 0.428776294 0.635107398 0
vt 0.213397145 0.159263492 0
vt 0.206578806 0.194057748 0
vt 0.15889056 0.191832855 0
vt 0.287062585 0.265615731 0
vt 0.304316401 0.245472699 0
vt 0.348673195 0.315905929 0
vt 0.872070014 0.486249089 0
vt 0.838830531 0.442876428 0
vt 0.864486396 0.43449825 0
vt 0.565746665 0.418838382 0
vt 0.537734151 0.374369532 0
vt 0.559170246 0.323280275 0
vt 0.0326136239 0.549137294 0
vt 0.0217262544 0.535558581 0
vt 0.0235388149 0.515423357 0
vt 0.0326136239 0.549137294 0
vt 0.0235388149 0.515423357 0
vt 0.0459351502 0.511723399 0
vt 0.60799551 0.17900601 0
vt 0.58139205 0.151396975 0
vt 0.594631374 0.13459143 0
vt 0.394396961 0.236809298 0
vt 0.306195885 0.123419434 0
vt 0.363679439 0.171854481 0
vt 0.363679439 0.171854481 0
vt 0.413205266 0.239841148 0
vt 0.394396961 0.236809298 0
vt 0.421358764 0.716240585 0
vt 0.354239583 0.786227047 0
vt 0.383833379 0.700205743 0
vt 0.280839115 0.495665699 0
vt 0.339385152 0.515487313 0
vt 0.328207076 0.581106842 0
vt 0.509091914 0.237891555 0
vt 0.529142201 0.263457566 0
vt 0.507481873 0.255170077 0
vt 0.862367451 0.40273568 0
vt 0.864486396 0.43449825 0
vt 0.838830531 0.442876428 0
vt 0.775959074 0.682178795 0
vt 0.755211532 0.717040479 0
vt 0.73448956 0.658324003 0
vt 0.186795205 0.299898565 0
vt 0.134571388 0.340012521 0
vt 0.18103008 0.276202351 0
vt 0.755211532 0.717040479 0
vt 0.775959074 0.682178795 0
vt 0.788891494 0.702881515 0
vt 0.888288736 0.125445828 0
vt 0.921513736 0.200438499 0
vt 0.889352024 0.208647177 0
vt 0.167058989 0.536528051 0
vt 0.187903509 0.465156257 0
vt 0.209098741 0.474753678 0
vt 0.352910578 0.566706181 0
vt 0.391462088 0.610896349 0
vt 0.328207076 0.581106842 0
vt 0.171885088 0.55057615 0
vt 0.111918204 0.570965528 0
vt 0.131563112 0.541998208 0
vt 0.394766837 0.31987375 0
vt 0.421625108 0.357692957 0
vt 0.384467185 0.338528484 0
vt 0.559170246 0.323280275 0
vt 0.529142201 0.263457566 0
vt 0.574639738 0.294816822 0
vt 0.0601682216 0.348591864 0
vt 0.113680422 0.31251207 0
vt 0.0993930921 0.35953474 0
vt 0.529142201 0.263457566 0
vt 0.537734151 0.374369532 0
vt 0.5221259 0.36201036 0
vt 0.559170246 0.323280275 0
vt 0.537734151 0.374369532 0
vt 0.529142201 0.263457566 0
vt 0.727344334 0.0326165222 0
vt 0.756440222 0.01630559 0
vt 0.733303249 0.046905145 0
vt 0.689630747 0.45866099 0
vt 0.725515246 0.525707006 0
vt 0.684509814 0.504846334 0
vt 0.553895712 0.457224101 0
vt 0.532708406 0.44791013 0
vt 0.519767165 0.41008845 0
vt 0.898792207 0.354642779 0
vt 0.877254605 0.371102989 0
vt 0.887409389 0.312247872 0
vn -0.2363417 -0.439477354 -0.593382299
vn 0.475271314 -0.485821605 0.733549297
vn -0.123820707 -0.715252936 0.632876694
vn 0.80848825 0.0816586465 0.0744015723
vn 0.750706494 -0.277793884 -0.420238882
vn 0.526754618 0.429435879 0.733562827
vn 0.526754618 0.429435879 0.733562827
vn 0.750706494 -0.277793884 -0.420238882
vn 0.475271314 -0.485821605 0.733549297
vn 0.45206219 -0.706679463 0.544282913
vn 0.475271314 -0.485821605 0.733549297
vn 0.750706494 -0.277793884 -0.420238882
vn 0.526754618 0.429435879 0.733562827
vn 0.475271314 -0.485821605 0.733549297
vn 1.15067601 0.146308407 -0.171085373
vn 1.15067601 0.146308407 -0.171085373
vn 0.475271314 -0.485821605 0.733549297
vn -0.2363417 -0.439477354 -0.593382299
vn 0.475271314 -0.485821605 0.733549297
vn 0.45206219 -0.706679463 0.544282913
vn -0.123820707 -0.715252936 0.632876694
vn -0.89470005 0.242865607 0.374870658
vn 0.80848825 0.0816586465 0.0744015723
vn 0.526754618 0.429435879 0.733562827
vn -0.89470005 0.242865607 0.374870658
vn 0.526754618 0.429435879 0.733562827
vn -0.360759407 0.418583632 0.833450854
vn 0.45206219 -0.706679463 0.544282913
vn 1.15067601 0.146308407 -0.171085373
vn -0.2363417 -0.439477354 -0.593382299
vn -0.2363417 -0.439477354 -0.593382299
vn 0.526754618 0.429435879 0.733562827
vn 0.45206219 -0.706679463 0.544282913
vn -0.2363417 -0.439477354 -0.593382299
vn -0.89470005 0.242865607 0.374870658
vn -0.360759407 0.418583632 0.833450854
vn 0.98801136 -0.0152077144 -0.153630137
vn 0.80848825 0.0816586465 0.0744015723
vn 1.15067601 0.146308407 -0.171085373
vn 0.526754618 0.429435879 0.733562827
vn -0.2363417 -0.439477354 -0.593382299
vn -0.360759407 0.418583632 0.833450854
vn 1.15067601 0.146308407 -0.171085373
vn -0.360759407 0.418583632 0.833450854
vn -0.978777289 -0.0582894795 -0.196462274
vn 0.45206219 -0.706679463 0.544282913
vn 0.98801136 -0.0152077144 -0.153630137
vn 1.15067601 0.146308407 -0.171085373
vn -0.978777289 -0.0582894795 -0.196462274
vn 0.526754618 0.429435879 0.733562827
vn 1.15067601 0.146308407 -0.171085373
vn 0.526754618 0.429435879 0.733562827
vn -0.978777289 -0.0582894795 -0.196462274
vn 0.45206219 -0.706679463 0.544282913
vn 0.45206219 -0.706679463 0.544282913
vn -0.978777289 -0.0582894795 -0.196462274
vn -0.123820707 -0.715252936 0.632876694
vn 0.206633329 0.890426815 -0.405515522
vn -0.2363417 -0.439477354 -0.593382299
vn 0.255091518 0.6091187 0.750934541
vn 0.255091518 0.6091187 0.750934541
vn -0.2363417 -0.439477354 -0.593382299
vn 0.984402537 -0.01911694 -0.174888715
vn 0.984402537 -0.01911694 -0.174888715
vn -0.2363417 -0.439477354 -0.593382299
vn 0.39795652 0.0173167307 0.917240798
vn -0.89470005 0.242865607 0.374870658
vn -0.391873628 -0.36679551 0.163905323
vn 0.39795652 0.0173167307 0.917240798
vn -0.2363417 -0.439477354 -0.593382299
vn 0.80848825 0.0816586465 0.0744015723
vn 0.985084593 -0.16516231 -0.0482677557
vn -0.2363417 -0.439477354 -0.593382299
vn 0.985084593 -0.16516231 -0.0482677557
vn 0.39795652 0.0173167307 0.917240798
vn 0.985084593 -0.16516231 -0.0482677557
vn -0.89470005 0.242865607 0.374870658
vn 0.39795652 0.0173167307 0.917240798
vn 0.80848825 0.0816586465 0.0744015723
vn -0.89470005 0.242865607 0.374870658
vn -0.978777289 -0.0582894795 -0.196462274
vn -0.978777289 -0.0582894795 -0.196462274
vn -0.360759407 0.418583632 0.833450854
vn 0.80848825 0.0816586465 0.0744015723
vn -0.123820707 -0.715252936 0.632876694
vn -0.978777289 -0.0582894795 -0.196462274
vn 0.98801136 -0.0152077144 -0.153630137
vn 0.267076135 0.124449655 1.1513052
vn 0.317771494 0.269557863 0.909043252
vn 0.984402537 -0.01911694 -0.174888715
vn 0.255091518 0.6091187 0.750934541
vn 0.984402537 -0.01911694 -0.174888715
vn 0.317771494 0.269557863 0.909043252
vn -0.391873628 -0.36679551 0.163905323
vn 0.255091518 0.6091187 0.750934541
vn 0.317771494 0.269557863 0.909043252
vn 0.267076135 0.124449655 1.1513052
vn 0.984402537 -0.01911694 -0.174888715
vn 0.985084593 -0.16516231 -0.0482677557
vn 0.985084593 -0.16516231 -0.0482677557
vn 0.984402537 -0.01911694 -0.174888715
vn 0.39795652 0.0173167307 0.917240798
vn 0.985084593 -0.16516231 -0.0482677557
vn 0.39795652 0.0173167307 0.917240798
vn 0.317771494 0.269557863 0.909043252
vn 0.985084593 -0.16516231 -0.0482677557
vn 0.317771494 0.269557863 0.909043252
vn -0.89470005 0.242865607 0.374870658
vn 0.39795652 0.0173167307 0.917240798
vn -0.391873628 -0.36679551 0.163905323
vn 0.317771494 0.269557863 0.909043252
vn 0.80848825 0.0816586465 0.0744015723
vn 0.267076135 0.124449655 1.1513052
vn 0.985084593 -0.16516231 -0.0482677557
vn -0.978777289 -0.0582894795 -0.196462274
vn -0.89470005 0.242865607 0.374870658
vn 0.267076135 0.124449655 1.1513052
vn 0.974966347 0.11985255 0.187285408
vn -0.2363417 -0.439477354 -0.593382299
vn 0.262127578 0.0617984161 0.020787321
vn -0.391873628 -0.36679551 0.163905323
vn 0.260396183 0.120737143 1.10700095
vn 0.491726756 0.556411266 0.136870503
vn 0.974966347 0.11985255 0.187285408
vn 0.262127578 0.0617984161 0.020787321
vn 0.206633329 0.890426815 -0.405515522
vn -0.2363417 -0.439477354 -0.593382299
vn 0.206633329 0.890426815 -0.405515522
vn 0.262127578 0.0617984161 0.020787321
vn -0.391873628 -0.36679551 0.163905323
vn 0.491726756 0.556411266 0.136870503
vn -0.940838456 0.131190196 0.312429488
vn 0.255091518 0.6091187 0.750934541
vn -0.391873628 -0.36679551 0.163905323
vn -0.940838456 0.131190196 0.312429488
vn 0.255091518 0.6091187 0.750934541
vn -0.940838456 0.131190196 0.312429488
vn 0.206633329 0.890426815 -0.405515522
vn 0.267076135 0.124449655 1.1513052
vn 0.974966347 0.11985255 0.187285408
vn 0.206633329 0.890426815 -0.405515522
vn 0.267076135 0.124449655 1.1513052
vn 0.206633329 0.890426815 -0.405515522
vn 0.317771494 0.269557863 0.909043252
vn 0.317771494 0.269557863 0.909043252
vn 0.206633329 0.890426815 -0.405515522
vn -0.99869889 -0.0509738103 -0.00151283713
vn 0.317771494 0.269557863 0.909043252
vn -0.99869889 -0.0509738103 -0.00151283713
vn -0.89470005 0.242865607 0.374870658
vn 0.267076135 0.124449655 1.1513052
vn -0.89470005 0.242865607 0.374870658
vn -0.99869889 -0.0509738103 -0.00151283713
vn 0.260396183 0.120737143 1.10700095
vn -0.940838456 0.131190196 0.312429488
vn 0.491726756 0.556411266 0.136870503
vn -0.940838456 0.131190196 0.312429488
vn 0.260396183 0.120737143 1.10700095
vn -0.99869889 -0.0509738103 -0.00151283713
vn -0.940838456 0.131190196 0.312429488
vn -0.99869889 -0.0509738103 -0.00151283713
vn 0.206633329 0.890426815 -0.405515522
vn -0.99869889 -0.0509738103 -0.00151283713
vn 0.974966347 0.11985255 0.187285408
vn 0.267076135 0.124449655 1.1513052
vn -0.391873628 -0.36679551 0.163905323
vn -0.2363417 -0.439477354 -0.593382299
vn 0.974966347 0.11985255 0.187285408
vn 0.260396183 0.120737143 1.10700095
vn 0.974966347 0.11985255 0.187285408
vn -0.99869889 -0.0509738103 -0.00151283713
vn 0.974966347 0.11985255 0.187285408
vn 0.260396183 0.120737143 1.10700095
vn -0.391873628 -0.36679551 0.163905323
vn -0.653704524 -0.273584634 0.390108198
vn -0.730766475 -0.21762675 -0.182780102
vn -0.939528346 -0.120654099 0.318535149
vn -0.861845791 0.291081399 -0.0533160008
vn -0.8772946 0.134774864 -0.490432382
vn -0.444052458 0.73266834 0.370928645
vn -0.8772946 0.134774864 -0.490432382
vn -0.127877489 0.812008142 0.569464743
vn -0.444052458 0.73266834 0.370928645
vn -2.78326082 -5.21616077 4.72186327
vn -0.187919185 0.232009307 -0.891375184
vn -0.127877489 0.812008142 0.569464743
vn -0.127877489 0.812008142 0.569464743
vn -0.187919185 0.232009307 -0.891375184
vn -0.444052458 0.73266834 0.370928645
vn 0.635040283 0.146644816 -0.690279603
vn 0.479387611 0.115667678 -0.866470575
vn 0.516193449 0.288641572 -0.775083244
vn 0.450403184 -0.349410206 -0.710488021
vn 0.115478963 -0.764590383 -0.397796094
vn 0.680496693 -0.452829421 -0.509866834
vn 0.952464104 0.219642594 -0.169248044
vn 0.635040283 0.146644816 -0.690279603
vn 0.959771872 0.160018966 -0.230720326
vn 0.926486671 -0.0266020019 0.358282447
vn 0.889435887 0.0284914859 0.477460206
vn 0.772465944 0.124427706 0.533090293
vn 0.885951579 -0.161761671 0.328515321
vn 0.798846006 -0.257725447 0.399219364
vn 0.418628931 -0.0833756551 0.896827936
vn -0.336100042 -0.747362554 0.539294839
vn -0.704350233 -0.65372926 0.0250912718
vn -0.195404381 -0.950373828 0.249720752
vn -0.716890275 -0.0347166695 -0.340808958
vn -0.606936872 -0.0808859617 -0.781166255
vn -0.466602385 0.0242253169 -0.67042619
vn -0.965954542 0.239914268 0.071797967
vn -0.66510433 0.238581672 -0.702044249
vn -1.02247512 0.0403496586 0.155134216
vn -0.2363417 -0.439477354 -0.593382299
vn 0.750706494 -0.277793884 -0.420238882
vn 0.80848825 0.0816586465 0.0744015723
vn -0.141827777 0.541695595 0.777666271
vn -0.043252863 -0.216989607 0.946777344
vn -0.220837504 -0.283593118 0.931746602
vn -0.761504412 -0.545186758 -0.246201426
vn -0.462035775 -0.388549566 -0.821732402
vn 0.0736350641 -0.759362042 -0.575296342
vn 0.60147506 0.542950749 0.530973315
vn 0.801860571 0.0749416202 0.201295927
vn 0.772465944 0.124427706 0.533090293
vn 0.926486671 -0.0266020019 0.358282447
vn 0.772465944 0.124427706 0.533090293
vn 0.801860571 0.0749416202 0.201295927
vn 0.783252478 -0.52658993 0.0953849852
vn 0.81864506 -0.532809734 0.0240647569
vn 0.311073452 -0.810260117 -0.231895894
vn 0.126118675 0.983166575 0.208269298
vn -0.354429483 0.473863602 0.615500391
vn -0.381092072 0.478105754 0.0218485296
vn -0.820851684 0.212251872 -0.0807449222
vn -0.8772946 0.134774864 -0.490432382
vn -0.830159605 0.310692519 0.0497719049
vn 0.450403184 -0.349410206 -0.710488021
vn 0.234758183 -0.637601197 -0.62168622
vn 0.115478963 -0.764590383 -0.397796094
vn 0.115478963 -0.764590383 -0.397796094
vn 0.234758183 -0.637601197 -0.62168622
vn 0.152339295 -0.995282054 0.102778614
vn -0.875673771 0.2891725 0.0514242165
vn -0.78658843 0.484903187 -0.276628286
vn -0.65058744 0.299064994 -0.722614408
vn -0.521050394 -0.168862641 0.767949462
vn -0.349178255 0.154171959 0.918172002
vn -0.969746888 0.0953572318 0.218396947
vn -0.349178255 0.154171959 0.918172002
vn -0.522045612 0.457223147 0.665709853
vn -0.969746888 0.0953572318 0.218396947
vn -0.522045612 0.457223147 0.665709853
vn -0.349178255 0.154171959 0.918172002
vn 0.120473355 0.225302115 0.973054707
vn -0.240827337 0.527316451 0.569249392
vn -0.341643244 0.334543526 0.870982707
vn -0.63688904 0.451506197 0.195642054
vn -0.917721808 -0.168099195 0.338015795
vn -0.267786533 -0.137741461 0.868759811
vn -0.595964134 -0.0691603571 0.770646036
vn -0.404419899 0.203253195 -0.721905947
vn 0.152726993 0.155525059 -0.987220109
vn -0.47580424 0.387533575 -0.168198735
vn -0.47580424 0.387533575 -0.168198735
vn -0.528517783 0.404008478 -0.68373692
vn -0.404419899 0.203253195 -0.721905947
vn 0.959771872 0.160018966 -0.230720326
vn 0.961743653 0.201350197 -0.02057679
vn 0.752094567 0.163188949 0.620973468
vn 0.332606882 0.161153793 0.927353203
vn -0.216620192 0.192072913 0.934970379
vn 0.11676167 0.01319136 0.988895416
vn -0.854108214 -0.276410967 0.306706756
vn -0.69845438 -0.599452972 0.154865026
vn -0.934012175 -0.349342167 -0.107760668
vn -0.69845438 -0.599452972 0.154865026
vn -0.282007933 -0.750770092 0.611119092
vn -0.336100042 -0.747362554 0.539294839
vn 0.687830627 0.0278903581 -0.665736079
vn 0.183969274 0.273785055 -0.785828292
vn 0.630006731 0.441122323 -0.578379929
vn 0.836774588 0.182778627 -0.400665283
vn 0.857509196 -0.129779369 -0.484532416
vn 0.834611297 0.330585659 -0.356706977
vn -0.64251864 -0.0663824752 -0.651309371
vn -0.854638696 -0.175622299 -0.265288711
vn -0.930341423 -0.118907496 -0.347843438
vn 0.423830092 0.924288034 0.190590754
vn 0.952464104 0.219642594 -0.169248044
vn 0.614294171 0.443307877 0.554209769
vn 0.56204766 0.314940512 0.716919184
vn 0.540183246 0.329925835 0.591987967
vn 0.614294171 0.443307877 0.554209769
vn 0.750706494 -0.277793884 -0.420238882
vn -0.2363417 -0.439477354 -0.593382299
vn -0.347068876 -0.481565118 -0.765410423
vn -0.362961352 -0.706758022 -0.579948485
vn -0.730766475 -0.21762675 -0.182780102
vn -0.653704524 -0.273584634 0.390108198
vn -0.412478715 0.0172730647 -0.912732244
vn -0.488949716 -0.12576969 -0.855088294
vn -0.241416276 0.0515468232 -0.980344534
vn -0.195404381 -0.950373828 0.249720752
vn -0.206964061 -0.934350491 -0.311277539
vn 0.115478963 -0.764590383 -0.397796094
vn -0.210660085 0.0413460322 -0.928420663
vn -0.452379644 0.705779076 -0.601626456
vn -0.0175807122 0.341115892 -0.902963102
vn -0.960374594 -0.22552073 -0.0317654498
vn -0.858037591 -0.34410587 0.381264687
vn -0.828774214 -0.47104466 0.195300341
vn 0.104142435 0.347337633 0.574556291
vn -0.400874674 0.301075697 0.804408193
vn -0.458508193 0.258628339 0.752964973
vn 0.4873797 -0.359395266 -0.057520438
vn 0.295450747 0.239083916 0.828369558
vn 0.836622298 -0.14220342 0.0113715343
vn 0.594957411 0.236867681 0.606743395
vn 0.614294171 0.443307877 0.554209769
vn 0.540183246 0.329925835 0.591987967
vn -0.492637575 -0.0923839435 -0.698908865
vn 0.349144727 0.0374300405 -0.888747811
vn -0.081996575 0.50160408 -0.545199096
vn -0.637993276 0.558666587 -0.190184459
vn -0.820851684 0.212251872 -0.0807449222
vn 0.104142435 0.347337633 0.574556291
vn 0.885951579 -0.161761671 0.328515321
vn 0.902613401 -0.347131938 -0.0697295368
vn 0.992067814 0.0564359576 -0.0161485467
vn 0.358835697 -0.404964477 0.814448655
vn 0.650061548 -0.166792095 0.733974874
vn 0.00761695253 0.114012152 0.846838892
vn -0.381092072 0.478105754 0.0218485296
vn -0.458508193 0.258628339 0.752964973
vn -0.584649324 0.0452598408 -0.659359097
vn -0.216938972 0.203675464 0.956370533
vn -0.692172945 -0.0510818735 0.651999891
vn -0.421833456 0.246449575 0.864125669
vn 0.954811394 0.0273327697 -0.198608503
vn 0.98034513 -0.124147415 0.106486887
vn 0.945471287 -0.188645989 -0.251531184
vn 0.0692580938 1.00113618 0.0830305144
vn -0.820851684 0.212251872 -0.0807449222
vn -0.637993276 0.558666587 -0.190184459
vn -0.375543445 -0.265747309 0.861451387
vn -0.183253631 -0.998563111 0.0322105251
vn -0.176766261 -0.830499887 0.552745819
vn -0.799129426 0.0882555917 0.452765405
vn -0.925619304 0.0535633229 0.371041387
vn -0.902476668 -0.0726944283 0.461064458
vn 0.812504649 -0.486379236 -0.163708776
vn 0.606562614 -0.781940103 -0.277786136
vn 0.86462158 -0.505106091 -0.121904179
vn 0.798846006 -0.257725447 0.399219364
vn 0.98034513 -0.124147415 0.106486887
vn 0.60697937 0.117772982 0.806898832
vn -0.681930542 -0.0649742782 -0.716490924
vn -0.59621197 -0.160785258 -0.658822119
vn -0.560852289 -0.103846699 -0.829636991
vn 0.477506876 0.302160978 0.707799375
vn 0.752094567 0.163188949 0.620973468
vn 0.846978247 0.347170442 0.348963648
vn 0.332606882 0.161153793 0.927353203
vn 0.11676167 0.01319136 0.988895416
vn 0.740664005 0.15817222 0.615697384
vn -0.216886654 0.0232698508 0.976366639
vn -0.509940982 0.517495334 0.644305706
vn -0.28970933 0.1656515 0.932785153
vn -0.209775031 0.341561675 0.81194526
vn 0.120473355 0.225302115 0.973054707
vn -0.349178255 0.154171959 0.918172002
vn 0.441572607 0.294819504 -0.838732719
vn -0.427808642 0.426978946 -0.580725908
vn -0.210660085 0.0413460322 -0.928420663
vn 0.477506876 0.302160978 0.707799375
vn 0.846978247 0.347170442 0.348963648
vn 0.943265975 0.340823084 0.332665771
vn -0.965451062 -0.115718476 -0.258661866
vn -0.906695962 -0.0801000297 0.438583463
vn -0.779335499 -0.351439506 0.465028495
vn -0.354429483 0.473863602 0.615500391
vn -0.637993276 0.558666587 -0.190184459
vn -0.381092072 0.478105754 0.0218485296
vn 0.456144452 0.0300364178 0.874055803
vn 0.293038458 -0.104112722 0.939717054
vn 0.772465944 0.124427706 0.533090293
vn -0.496254891 0.364352733 -0.460395247
vn -0.00776490383 0.275889128 -0.967308223
vn 0.516193449 0.288641572 -0.775083244
vn -0.828774214 -0.47104466 0.195300341
vn -0.730766475 -0.21762675 -0.182780102
vn -0.778252184 -0.255246639 -0.323587388
vn -0.220837504 -0.283593118 0.931746602
vn 0.167999983 0.0264421273 0.849691689
vn 0.122019134 -0.0193829611 0.950583637
vn -0.466602385 0.0242253169 -0.67042619
vn -0.412478715 0.0172730647 -0.912732244
vn -0.241416276 0.0515468232 -0.980344534
vn -0.216620192 0.192072913 0.934970379
vn -0.234923482 0.381936222 0.9014678
vn -0.951376617 0.30846104 0.13077952
vn -0.278446168 -0.7885409 0.202971995
vn 0.0209448393 -0.416291326 0.870020628
vn 0.3046453 -0.498289764 0.687703431
vn -0.692172945 -0.0510818735 0.651999891
vn -0.216938972 0.203675464 0.956370533
vn -0.521050394 -0.168862641 0.767949462
vn -0.111517899 -0.135559738 0.884198546
vn -0.072250098 -0.572036207 0.845583081
vn -0.183253631 -0.998563111 0.0322105251
vn -0.336424351 0.123450257 0.974273622
vn 0.375481188 0.73272109 0.204670638
vn 0.144074783 0.366740525 0.581569433
vn 0.552052736 0.0486055091 0.784838378
vn 0.692572296 0.265816003 0.575688004
vn 0.487760365 0.132951647 0.723964453
vn 0.0358619615 -0.0505194291 -0.92438972
vn 0.218842477 -0.0913395807 -0.968407631
vn 0.191591218 -0.167787239 -0.949542403
vn -0.488949716 -0.12576969 -0.855088294
vn 0.0358619615 -0.0505194291 -0.92438972
vn 0.215222657 -0.955290854 -0.123081185
vn 0.902613401 -0.347131938 -0.0697295368
vn 0.885951579 -0.161761671 0.328515321
vn 0.742538393 -0.474205732 0.233079597
vn 0.0209448393 -0.416291326 0.870020628
vn 0.742538393 -0.474205732 0.233079597
vn 0.418628931 -0.0833756551 0.896827936
vn -0.66510433 0.238581672 -0.702044249
vn -0.699421763 0.559319973 -0.412451059
vn -0.714520693 0.463019192 0.0645969808
vn -0.653704524 -0.273584634 0.390108198
vn 0.750706494 -0.277793884 -0.420238882
vn -0.347068876 -0.481565118 -0.765410423
vn -0.722660363 -0.640429497 0.331705183
vn -0.362961352 -0.706758022 -0.579948485
vn -0.183253631 -0.998563111 0.0322105251
vn -0.924395919 0.169257477 -0.272626519
vn -0.404419899 0.203253195 -0.721905947
vn -0.528517783 0.404008478 -0.68373692
vn -0.32035771 -0.107615605 -0.922781706
vn -0.404419899 0.203253195 -0.721905947
vn -0.594277978 0.208897218 -0.632353902
vn -0.381092072 0.478105754 0.0218485296
vn -0.597276151 0.738628685 -0.367588043
vn 0.126118675 0.983166575 0.208269298
vn 0.416853905 -0.321451217 -0.894379199
vn 0.183969274 0.273785055 -0.785828292
vn 0.687830627 0.0278903581 -0.665736079
vn -0.492637575 -0.0923839435 -0.698908865
vn -0.886501133 0.427904785 -0.367068589
vn -0.550569713 -0.242901012 -0.70557946
vn -0.377530068 0.215279326 -0.586659193
vn -0.492637575 -0.0923839435 -0.698908865
vn -0.550569713 -0.242901012 -0.70557946
vn -0.796371162 0.154677913 -0.454484463
vn -0.888068914 0.252550483 0.39440611
vn -0.710853279 0.405169249 -0.406548738
vn -0.749208152 0.219344303 0.606610775
vn -0.760632038 0.477298915 0.100458197
vn -0.799129426 0.0882555917 0.452765405
vn -0.427808642 0.426978946 -0.580725908
vn -0.187919185 0.232009307 -0.891375184
vn -0.210660085 0.0413460322 -0.928420663
vn 0.575507045 0.227044806 -0.783996701
vn 0.865692675 0.116512395 -0.53169632
vn 0.59056741 -0.0439160764 -0.76494956
vn 0.594957411 0.236867681 0.606743395
vn 0.662065327 -0.155155063 0.649132967
vn 0.941046417 0.00460092863 0.322825819
vn 0.338555545 -0.0807018057 -0.87896198
vn 0.590994596 0.0189445131 -0.732100844
vn 0.349144727 0.0374300405 -0.888747811
vn 0.947964013 -0.18806769 0.169034347
vn 0.937218606 -0.0727973729 -0.0403774045
vn 0.96529144 -0.0465931073 -0.0527314357
vn 0.606562614 -0.781940103 -0.277786136
vn 0.812504649 -0.486379236 -0.163708776
vn 0.838650048 -0.452552468 0.125940755
vn -0.66510433 0.238581672 -0.702044249
vn -0.44435215 0.0208785422 -0.782295108
vn -0.281469107 -0.157592729 -0.91070354
vn -0.676806629 0.211260706 -0.609747946
vn -0.66510433 0.238581672 -0.702044249
vn -0.714520693 0.463019192 0.0645969808
vn 0.961743653 0.201350197 -0.02057679
vn 0.959771872 0.160018966 -0.230720326
vn 0.635040283 0.146644816 -0.690279603
vn 0.234758183 -0.637601197 -0.62168622
vn 0.450403184 -0.349410206 -0.710488021
vn 0.264521301 -0.364109397 -0.888974607
vn -0.085311912 -0.161419004 0.846756816
vn 0.4429546 0.0880823359 0.793399572
vn 0.418628931 -0.0833756551 0.896827936
vn -0.560852289 -0.103846699 -0.829636991
vn -0.59621197 -0.160785258 -0.658822119
vn -0.678443015 0.0122861275 -0.343419969
vn 0.594957411 0.236867681 0.606743395
vn 0.926486671 -0.0266020019 0.358282447
vn 0.662065327 -0.155155063 0.649132967
vn -0.795741439 -0.0303276442 0.355241746
vn -0.658307016 0.399373502 0.656223953
vn -0.799129426 0.0882555917 0.452765405
vn -0.704350233 -0.65372926 0.0250912718
vn -0.799824834 -0.411601543 -0.277788579
vn -0.320179582 -0.854237378 0.118938528
vn -0.885687828 -0.146944523 -0.249185756
vn -0.823582888 -0.114181623 -0.252699733
vn -0.488949716 -0.12576969 -0.855088294
vn 0.419217229 -0.639352083 -0.474457651
vn 0.801860571 0.0749416202 0.201295927
vn 0.464090347 0.282944202 -0.494829476
vn -0.830159605 0.310692519 0.0497719049
vn 0.104142435 0.347337633 0.574556291
vn -0.820851684 0.212251872 -0.0807449222
vn -0.782777369 0.189760029 -0.540014386
vn -0.653566778 0.466118962 -0.562399566
vn -0.44435215 0.0208785422 -0.782295108
vn -0.44435215 0.0208785422 -0.782295108
vn -0.66510433 0.238581672 -0.702044249
vn -0.676806629 0.211260706 -0.609747946
vn -0.336380213 -0.0252671968 0.777962863
vn 0.46154356 0.101735093 0.807751298
vn -0.202960268 0.159179792 0.873067141
vn 0.46154356 0.101735093 0.807751298
vn 0.63481456 0.360460669 0.628841043
vn 0.331408799 0.15126878 0.871516526
vn 0.769480288 0.072687842 -0.597345114
vn 0.676524341 -0.152904138 -0.733439028
vn 0.867696822 -0.237272099 -0.37348929
vn -0.106150471 -0.101180263 0.960670173
vn -0.368936121 0.0532265417 0.924717724
vn -0.267786533 -0.137741461 0.868759811
vn -0.216938972 0.203675464 0.956370533
vn -0.421833456 0.246449575 0.864125669
vn -0.106231548 0.128417328 0.946600974
vn 0.676524341 -0.152904138 -0.733439028
vn 0.878979385 -0.185790315 -0.353622735
vn 0.867696822 -0.237272099 -0.37348929
vn 0.456144452 0.0300364178 0.874055803
vn 0.772465944 0.124427706 0.533090293
vn 0.889435887 0.0284914859 0.477460206
vn 0.349144727 0.0374300405 -0.888747811
vn -0.492637575 -0.0923839435 -0.698908865
vn -0.0281277411 -0.0762624592 -0.997714937
vn 0.813173234 0.0707289129 -0.577011943
vn 0.748592615 -0.0187561251 -0.581224203
vn 0.96529144 -0.0465931073 -0.0527314357
vn 0.748592615 -0.0187561251 -0.581224203
vn 0.878979385 -0.185790315 -0.353622735
vn 0.924037099 -0.169670254 -0.304215789
vn -0.106231548 0.128417328 0.946600974
vn -0.620227158 0.0484530739 0.728557348
vn -0.255417287 -0.0328766927 0.945339799
vn -0.317638338 0.279860228 -0.580797732
vn -0.427808642 0.426978946 -0.580725908
vn -0.496254891 0.364352733 -0.460395247
vn -0.043252863 -0.216989607 0.946777344
vn 0.120473355 0.225302115 0.973054707
vn -0.209775031 0.341561675 0.81194526
vn -0.69845438 -0.599452972 0.154865026
vn -0.336100042 -0.747362554 0.539294839
vn -0.934012175 -0.349342167 -0.107760668
vn -0.141827777 0.541695595 0.777666271
vn -0.220837504 -0.283593118 0.931746602
vn 0.101599351 0.868849218 0.52515465
vn 0.11676167 0.01319136 0.988895416
vn -0.051722955 0.0115914121 0.984339833
vn 0.388374239 0.190178663 0.84938246
vn 0.11676167 0.01319136 0.988895416
vn -0.502237082 0.134363875 0.863302588
vn -0.051722955 0.0115914121 0.984339833
vn -0.0253161937 -0.0697506741 0.961661041
vn 0.46154356 0.101735093 0.807751298
vn 0.495849341 0.398856759 0.74905014
vn 0.56204766 0.314940512 0.716919184
vn 0.655348957 0.593481958 0.165922061
vn 0.540183246 0.329925835 0.591987967
vn 0.288282424 0.357644856 0.869352043
vn -0.568860173 0.445700645 0.715799391
vn -0.354429483 0.473863602 0.615500391
vn 0.354791313 -0.154047966 -0.929511249
vn 0.218842477 -0.0913395807 -0.968407631
vn 0.0358619615 -0.0505194291 -0.92438972
vn 0.954811394 0.0273327697 -0.198608503
vn 0.60147506 0.542950749 0.530973315
vn 0.98034513 -0.124147415 0.106486887
vn -0.357391417 -0.897308826 0.289526075
vn -0.488949716 -0.12576969 -0.855088294
vn 0.215222657 -0.955290854 -0.123081185
vn -0.2363417 -0.439477354 -0.593382299
vn -0.391873628 -0.36679551 0.163905323
vn -0.89470005 0.242865607 0.374870658
vn 0.477506876 0.302160978 0.707799375
vn 0.740664005 0.15817222 0.615697384
vn 0.752094567 0.163188949 0.620973468
vn 0.421462595 0.342830449 0.854134262
vn -0.220837504 -0.283593118 0.931746602
vn 0.122019134 -0.0193829611 0.950583637
vn -0.444052458 0.73266834 0.370928645
vn -0.259911001 0.672281086 -0.528749168
vn -0.63688904 0.451506197 0.195642054
vn -0.187919185 0.232009307 -0.891375184
vn -0.259911001 0.672281086 -0.528749168
vn -0.444052458 0.73266834 0.370928645
vn -0.492637575 -0.0923839435 -0.698908865
vn -0.209098503 0.137663543 -0.953002214
vn -0.0281277411 -0.0762624592 -0.997714937
vn 0.838650048 -0.452552468 0.125940755
vn 0.96529144 -0.0465931073 -0.0527314357
vn 0.924037099 -0.169670254 -0.304215789
vn 0.926486671 -0.0266020019 0.358282447
vn 0.594957411 0.236867681 0.606743395
vn 0.540183246 0.329925835 0.591987967
vn 0.69970572 0.69958657 0.00335281924
vn 0.540183246 0.329925835 0.591987967
vn 0.655348957 0.593481958 0.165922061
vn -0.653704524 -0.273584634 0.390108198
vn 0.509522557 -0.613526881 0.616846442
vn 0.750706494 -0.277793884 -0.420238882
vn 0.812759638 0.264195889 -0.513783753
vn 0.516193449 0.288641572 -0.775083244
vn 0.473413736 0.0220093466 -0.780592918
vn 0.516193449 0.288641572 -0.775083244
vn 0.479387611 0.115667678 -0.866470575
vn 0.473413736 0.0220093466 -0.780592918
vn 0.687830627 0.0278903581 -0.665736079
vn 0.335876465 -0.196445584 -0.894593894
vn 0.107684523 -0.177744865 -0.948779881
vn 0.742538393 -0.474205732 0.233079597
vn -0.128280073 -1.04048669 0.0541936532
vn 0.641075432 -0.66498965 -0.227580264
vn -0.528517783 0.404008478 -0.68373692
vn 0.222320005 0.232004791 -0.988903999
vn -0.0928493217 0.178119823 -0.974539816
vn -0.0928493217 0.178119823 -0.974539816
vn 0.338555545 -0.0807018057 -0.87896198
vn -0.115542218 0.0304031651 -0.971698284
vn -0.209775031 0.341561675 0.81194526
vn -0.349178255 0.154171959 0.918172002
vn -0.28970933 0.1656515 0.932785153
vn -0.778252184 -0.255246639 -0.323587388
vn -0.730766475 -0.21762675 -0.182780102
vn -0.78751868 -0.364475578 -0.551522732
vn 0.473413736 0.0220093466 -0.780592918
vn 0.0592629984 -0.113102227 -0.984811962
vn 0.590994596 0.0189445131 -0.732100844
vn 0.590994596 0.0189445131 -0.732100844
vn 0.338555545 -0.0807018057 -0.87896198
vn 0.473413736 0.0220093466 -0.780592918
vn 0.947964013 -0.18806769 0.169034347
vn 0.992067814 0.0564359576 -0.0161485467
vn 0.905577302 -0.217171848 -0.357731164
vn 0.812504649 -0.486379236 -0.163708776
vn 0.798846006 -0.257725447 0.399219364
vn 0.992067814 0.0564359576 -0.0161485467
vn -0.919591546 -0.191172034 0.267946959
vn -0.602371097 0.1858657 0.543075383
vn -0.760632038 0.477298915 0.100458197
vn -0.602371097 0.1858657 0.543075383
vn -0.799129426 0.0882555917 0.452765405
vn -0.760632038 0.477298915 0.100458197
vn -0.637993276 0.558666587 -0.190184459
vn 0.104142435 0.347337633 0.574556291
vn -0.458508193 0.258628339 0.752964973
vn 0.0386876427 -0.0340976268 -0.906028926
vn 0.416853905 -0.321451217 -0.894379199
vn 0.237898678 -0.233094096 -0.910060167
vn -0.941490829 -0.120806344 0.258704036
vn -0.875673771 0.2891725 0.0514242165
vn -0.572768748 0.669879794 0.344412804
vn -0.799129426 0.0882555917 0.452765405
vn -0.902476668 -0.0726944283 0.461064458
vn -0.965451062 -0.115718476 -0.258661866
vn -0.255417287 -0.0328766927 0.945339799
vn -0.620227158 0.0484530739 0.728557348
vn -0.595964134 -0.0691603571 0.770646036
vn 0.237898678 -0.233094096 -0.910060167
vn 0.416853905 -0.321451217 -0.894379199
vn 0.107684523 -0.177744865 -0.948779881
vn 0.416853905 -0.321451217 -0.894379199
vn 0.687830627 0.0278903581 -0.665736079
vn 0.107684523 -0.177744865 -0.948779881
vn -0.220837504 -0.283593118 0.931746602
vn -0.0623577386 0.488234043 0.884380102
vn 0.101599351 0.868849218 0.52515465
vn 0.98801136 -0.0152077144 -0.153630137
vn -0.978777289 -0.0582894795 -0.196462274
vn 0.267076135 0.124449655 1.1513052
vn 0.98801136 -0.0152077144 -0.153630137
vn 0.267076135 0.124449655 1.1513052
vn 0.80848825 0.0816586465 0.0744015723
vn 0.465281278 0.20334056 -0.699921191
vn 0.247009948 0.181480542 -0.90264231
vn 0.630006731 0.441122323 -0.578379929
vn -0.417237222 0.589682519 -0.610876441
vn -0.886501133 0.427904785 -0.367068589
vn -0.081996575 0.50160408 -0.545199096
vn -0.714520693 0.463019192 0.0645969808
vn -0.864317894 0.05495793 -0.473915219
vn -0.676806629 0.211260706 -0.609747946
vn 0.191591218 -0.167787239 -0.949542403
vn 0.107684523 -0.177744865 -0.948779881
vn 0.680496693 -0.452829421 -0.509866834
vn -0.906932294 0.115570344 -0.252925038
vn -0.44435215 0.0208785422 -0.782295108
vn -0.653566778 0.466118962 -0.562399566
vn 0.0358619615 -0.0505194291 -0.92438972
vn 0.191591218 -0.167787239 -0.949542403
vn 0.215222657 -0.955290854 -0.123081185
vn 0.191591218 -0.167787239 -0.949542403
vn 0.680496693 -0.452829421 -0.509866834
vn 0.215222657 -0.955290854 -0.123081185
vn -0.44435215 0.0208785422 -0.782295108
vn -0.854638696 -0.175622299 -0.265288711
vn -0.281469107 -0.157592729 -0.91070354
vn -0.115542218 0.0304031651 -0.971698284
vn -0.0281277411 -0.0762624592 -0.997714937
vn -0.606936872 -0.0808859617 -0.781166255
vn -0.78658843 0.484903187 -0.276628286
vn -0.720785916 0.0385258794 -0.56048429
vn -0.65058744 0.299064994 -0.722614408
vn 0.388374239 0.190178663 0.84938246
vn 0.740664005 0.15817222 0.615697384
vn 0.11676167 0.01319136 0.988895416
vn -0.939528346 -0.120654099 0.318535149
vn -0.871654153 -0.339586645 -0.21268326
vn -0.761504412 -0.545186758 -0.246201426
vn -0.568860173 0.445700645 0.715799391
vn 0.288282424 0.357644856 0.869352043
vn 0.0692580938 1.00113618 0.0830305144
vn -0.65058744 0.299064994 -0.722614408
vn -0.720785916 0.0385258794 -0.56048429
vn -0.365206689 0.0359468237 -0.851113498
vn -0.69845438 -0.599452972 0.154865026
vn -0.854108214 -0.276410967 0.306706756
vn -0.347068876 -0.481565118 -0.765410423
vn 0.477506876 0.302160978 0.707799375
vn -0.216620192 0.192072913 0.934970379
vn 0.332606882 0.161153793 0.927353203
vn 0.167999983 0.0264421273 0.849691689
vn -0.0875601768 0.563129425 0.508996964
vn 0.495849341 0.398856759 0.74905014
vn -0.220837504 -0.283593118 0.931746602
vn -0.043252863 -0.216989607 0.946777344
vn 0.167999983 0.0264421273 0.849691689
vn -0.543740332 0.410583198 0.00619916897
vn -0.65058744 0.299064994 -0.722614408
vn -0.365206689 0.0359468237 -0.851113498
vn -0.458508193 0.258628339 0.752964973
vn -0.400874674 0.301075697 0.804408193
vn -0.40477562 0.0484965369 0.860883176
vn 0.311073452 -0.810260117 -0.231895894
vn 0.234758183 -0.637601197 -0.62168622
vn 0.783252478 -0.52658993 0.0953849852
vn 0.234758183 -0.637601197 -0.62168622
vn 0.264521301 -0.364109397 -0.888974607
vn 0.783252478 -0.52658993 0.0953849852
vn -0.123820707 -0.715252936 0.632876694
vn 0.98801136 -0.0152077144 -0.153630137
vn 0.750706494 -0.277793884 -0.420238882
vn -0.509940982 0.517495334 0.644305706
vn -0.209775031 0.341561675 0.81194526
vn -0.28970933 0.1656515 0.932785153
vn 0.56204766 0.314940512 0.716919184
vn 0.144074783 0.366740525 0.581569433
vn 0.655348957 0.593481958 0.165922061
vn 0.655348957 0.593481958 0.165922061
vn 0.144074783 0.366740525 0.581569433
vn 0.492478609 0.872813225 0.0296870526
vn -0.320179582 -0.854237378 0.118938528
vn -0.799824834 -0.411601543 -0.277788579
vn -0.357391417 -0.897308826 0.289526075
vn -0.357391417 -0.897308826 0.289526075
vn 0.215222657 -0.955290854 -0.123081185
vn -0.320179582 -0.854237378 0.118938528
vn -0.281469107 -0.157592729 -0.91070354
vn -0.64251864 -0.0663824752 -0.651309371
vn -0.809229434 -0.196821317 -0.36014387
vn 0.81864506 -0.532809734 0.0240647569
vn 0.902613401 -0.347131938 -0.0697295368
vn 0.742538393 -0.474205732 0.233079597
vn -0.69845438 -0.599452972 0.154865026
vn -0.123820707 -0.715252936 0.632876694
vn -0.282007933 -0.750770092 0.611119092
vn -0.2363417 -0.439477354 -0.593382299
vn -0.123820707 -0.715252936 0.632876694
vn -0.69845438 -0.599452972 0.154865026
vn -0.111517899 -0.135559738 0.884198546
vn -0.375543445 -0.265747309 0.861451387
vn -0.0177908856 0.031237809 0.847000837
vn 0.358835697 -0.404964477 0.814448655
vn -0.176766261 -0.830499887 0.552745819
vn 0.614058793 -0.802297771 0.232424706
vn 0.676524341 -0.152904138 -0.733439028
vn 0.687830627 0.0278903581 -0.665736079
vn 0.834611297 0.330585659 -0.356706977
vn -0.620227158 0.0484530739 0.728557348
vn -0.896641433 -0.0904715583 0.402026832
vn -0.917721808 -0.168099195 0.338015795
vn -0.78751868 -0.364475578 -0.551522732
vn -0.759081781 -0.281809688 -0.561942875
vn -0.917721808 -0.168099195 0.338015795
vn -0.051722955 0.0115914121 0.984339833
vn -0.820851684 0.212251872 -0.0807449222
vn 0.375481188 0.73272109 0.204670638
vn -0.051722955 0.0115914121 0.984339833
vn 0.375481188 0.73272109 0.204670638
vn -0.336424351 0.123450257 0.974273622
vn -0.253587723 0.978889644 -0.19174096
vn -0.0175807122 0.341115892 -0.902963102
vn -0.452379644 0.705779076 -0.601626456
vn 0.122019134 -0.0193829611 0.950583637
vn 0.331408799 0.15126878 0.871516526
vn 0.306619555 0.163874596 0.884133875
vn -0.896641433 -0.0904715583 0.402026832
vn -0.84303087 -0.0524685644 -0.372974843
vn -0.78751868 -0.364475578 -0.551522732
vn -0.84303087 -0.0524685644 -0.372974843
vn -0.778252184 -0.255246639 -0.323587388
vn -0.78751868 -0.364475578 -0.551522732
vn 0.104142435 0.347337633 0.574556291
vn -0.240827337 0.527316451 0.569249392
vn -0.63688904 0.451506197 0.195642054
vn -0.240827337 0.527316451 0.569249392
vn 0.104142435 0.347337633 0.574556291
vn -0.830159605 0.310692519 0.0497719049
vn 0.692572296 0.265816003 0.575688004
vn 0.144074783 0.366740525 0.581569433
vn 0.56204766 0.314940512 0.716919184
vn 0.487760365 0.132951647 0.723964453
vn 0.692572296 0.265816003 0.575688004
vn 0.56204766 0.314940512 0.716919184
vn 0.349144727 0.0374300405 -0.888747811
vn 0.465281278 0.20334056 -0.699921191
vn -0.081996575 0.50160408 -0.545199096
vn -0.714520693 0.463019192 0.0645969808
vn -0.699421763 0.559319973 -0.412451059
vn -0.421941131 0.607179463 0.471245855
vn 0.915706992 -0.334489465 -0.311241806
vn 0.750706494 -0.277793884 -0.420238882
vn 0.509522557 -0.613526881 0.616846442
vn 0.465281278 0.20334056 -0.699921191
vn 0.630006731 0.441122323 -0.578379929
vn -0.417237222 0.589682519 -0.610876441
vn -0.951376617 0.30846104 0.13077952
vn -0.907366753 0.243200049 -0.364035845
vn -0.976501405 0.22236149 -0.0592760853
vn -0.40477562 0.0484965369 0.860883176
vn -0.421941131 0.607179463 0.471245855
vn -0.543740332 0.410583198 0.00619916897
vn -0.927037835 0.0465578772 -0.25745517
vn -0.930341423 -0.118907496 -0.347843438
vn -0.681930542 -0.0649742782 -0.716490924
vn 0.846978247 0.347170442 0.348963648
vn 0.752094567 0.163188949 0.620973468
vn 0.961743653 0.201350197 -0.02057679
vn 0.264521301 -0.364109397 -0.888974607
vn 0.937218606 -0.0727973729 -0.0403774045
vn 0.783252478 -0.52658993 0.0953849852
vn -0.64251864 -0.0663824752 -0.651309371
vn -0.930341423 -0.118907496 -0.347843438
vn -0.927037835 0.0465578772 -0.25745517
vn -0.927037835 0.0465578772 -0.25745517
vn -0.809229434 -0.196821317 -0.36014387
vn -0.64251864 -0.0663824752 -0.651309371
vn -0.543740332 0.410583198 0.00619916897
vn -0.421941131 0.607179463 0.471245855
vn -0.572768748 0.669879794 0.344412804
vn 0.275499254 -0.771327138 0.0324186422
vn -0.790118575 -0.396505058 -0.260641009
vn -0.704350233 -0.65372926 0.0250912718
vn 0.0736350641 -0.759362042 -0.575296342
vn -0.462035775 -0.388549566 -0.821732402
vn -0.790118575 -0.396505058 -0.260641009
vn -0.828774214 -0.47104466 0.195300341
vn -0.809229434 -0.196821317 -0.36014387
vn -0.927037835 0.0465578772 -0.25745517
vn 0.947964013 -0.18806769 0.169034347
vn 0.905577302 -0.217171848 -0.357731164
vn 0.983931422 -0.16220583 -0.0312753655
vn -0.391878068 0.185055092 0.90916872
vn -0.509940982 0.517495334 0.644305706
vn -0.216886654 0.0232698508 0.976366639
vn 0.215222657 -0.955290854 -0.123081185
vn -0.206964061 -0.934350491 -0.311277539
vn -0.320179582 -0.854237378 0.118938528
vn 0.926486671 -0.0266020019 0.358282447
vn 0.543846607 -0.409767509 0.11565695
vn 0.662065327 -0.155155063 0.649132967
vn -0.965451062 -0.115718476 -0.258661866
vn -0.779335499 -0.351439506 0.465028495
vn -0.778252184 -0.255246639 -0.323587388
vn -0.965451062 -0.115718476 -0.258661866
vn -0.778252184 -0.255246639 -0.323587388
vn -0.84303087 -0.0524685644 -0.372974843
vn -0.906932294 0.115570344 -0.252925038
vn -0.653566778 0.466118962 -0.562399566
vn -0.439368457 -0.207495019 -0.922777832
vn 0.552052736 0.0486055091 0.784838378
vn 0.388374239 0.190178663 0.84938246
vn -0.336424351 0.123450257 0.974273622
vn -0.336424351 0.123450257 0.974273622
vn 0.144074783 0.366740525 0.581569433
vn 0.552052736 0.0486055091 0.784838378
vn -0.0177908856 0.031237809 0.847000837
vn -0.520042598 0.296075791 0.785097718
vn 0.0540929027 -0.125646949 0.967092454
vn -0.520042598 0.296075791 0.785097718
vn 0.308212012 0.142900378 0.778601408
vn 0.0540929027 -0.125646949 0.967092454
vn 0.836774588 0.182778627 -0.400665283
vn 0.5930776 -0.0535010844 -0.779440939
vn 0.857509196 -0.129779369 -0.484532416
vn 0.836774588 0.182778627 -0.400665283
vn 0.337462783 0.130300358 -0.809838831
vn 0.5930776 -0.0535010844 -0.779440939
vn -0.400874674 0.301075697 0.804408193
vn 0.102623075 0.728191793 -0.678449869
vn -0.710853279 0.405169249 -0.406548738
vn 0.812759638 0.264195889 -0.513783753
vn -0.528517783 0.404008478 -0.68373692
vn -0.496254891 0.364352733 -0.460395247
vn 0.126118675 0.983166575 0.208269298
vn -0.78658843 0.484903187 -0.276628286
vn -0.522045612 0.457223147 0.665709853
vn 0.120473355 0.225302115 0.973054707
vn 0.126118675 0.983166575 0.208269298
vn -0.522045612 0.457223147 0.665709853
vn -0.871654153 -0.339586645 -0.21268326
vn -0.462035775 -0.388549566 -0.821732402
vn -0.761504412 -0.545186758 -0.246201426
vn 0.526467085 0.653049767 -0.600824952
vn 0.943265975 0.340823084 0.332665771
vn 0.846978247 0.347170442 0.348963648
vn 0.311073452 -0.810260117 -0.231895894
vn 0.81864506 -0.532809734 0.0240647569
vn 0.353189766 -0.597491026 -0.746717811
vn -0.267786533 -0.137741461 0.868759811
vn -0.368936121 0.0532265417 0.924717724
vn -0.595964134 -0.0691603571 0.770646036
vn 0.495849341 0.398856759 0.74905014
vn 0.46154356 0.101735093 0.807751298
vn 0.167999983 0.0264421273 0.849691689
vn -0.620227158 0.0484530739 0.728557348
vn -0.917721808 -0.168099195 0.338015795
vn -0.595964134 -0.0691603571 0.770646036
vn 0.69970572 0.69958657 0.00335281924
vn 0.889435887 0.0284914859 0.477460206
vn 0.926486671 -0.0266020019 0.358282447
vn 0.69970572 0.69958657 0.00335281924
vn 0.926486671 -0.0266020019 0.358282447
vn 0.540183246 0.329925835 0.591987967
vn 0.0736350641 -0.759362042 -0.575296342
vn -0.790118575 -0.396505058 -0.260641009
vn 0.275499254 -0.771327138 0.0324186422
vn -0.391878068 0.185055092 0.90916872
vn -0.0704887882 0.881958544 0.449222624
vn -0.509940982 0.517495334 0.644305706
vn -0.209775031 0.341561675 0.81194526
vn -0.509940982 0.517495334 0.644305706
vn -0.0704887882 0.881958544 0.449222624
vn 0.473413736 0.0220093466 -0.780592918
vn 0.479387611 0.115667678 -0.866470575
vn 0.442168772 0.283378959 -0.831215858
vn -0.216886654 0.0232698508 0.976366639
vn -0.28970933 0.1656515 0.932785153
vn -0.225662991 -0.152838185 0.95193404
vn 0.676524341 -0.152904138 -0.733439028
vn 0.834611297 0.330585659 -0.356706977
vn 0.878979385 -0.185790315 -0.353622735
vn -0.594277978 0.208897218 -0.632353902
vn -0.716890275 -0.0347166695 -0.340808958
vn -0.284951061 0.362935722 -0.780237496
vn -0.267786533 -0.137741461 0.868759811
vn -0.917721808 -0.168099195 0.338015795
vn -0.722660363 -0.640429497 0.331705183
vn -0.28970933 0.1656515 0.932785153
vn -0.349178255 0.154171959 0.918172002
vn -0.521050394 -0.168862641 0.767949462
vn -0.205542341 -0.0724059492 0.952214897
vn -0.521050394 -0.168862641 0.767949462
vn -0.216938972 0.203675464 0.956370533
vn 0.293038458 -0.104112722 0.939717054
vn 0.306619555 0.163874596 0.884133875
vn 0.479340494 0.0910912752 0.844809949
vn 0.456144452 0.0300364178 0.874055803
vn 0.306619555 0.163874596 0.884133875
vn 0.293038458 -0.104112722 0.939717054
vn 0.0871708691 0.0389484167 -1.006935
vn -0.716890275 -0.0347166695 -0.340808958
vn 0.0461111031 0.257915646 -0.915932357
vn -0.716890275 -0.0347166695 -0.340808958
vn -0.41902101 0.392989367 -0.836869001
vn -0.284951061 0.362935722 -0.780237496
vn 0.706924558 0.669806123 0.201444268
vn 0.288282424 0.357644856 0.869352043
vn 0.767859161 0.540333629 -0.0391201824
vn 0.450403184 -0.349410206 -0.710488021
vn 0.335876465 -0.196445584 -0.894593894
vn 0.524131596 -0.226276055 -0.791180789
vn -0.317638338 0.279860228 -0.580797732
vn -0.259911001 0.672281086 -0.528749168
vn -0.187919185 0.232009307 -0.891375184
vn 0.115217485 0.940480769 0.290821791
vn 0.954811394 0.0273327697 -0.198608503
vn 0.671258211 -0.032552287 -0.749766588
vn 0.671258211 -0.032552287 -0.749766588
vn 0.954811394 0.0273327697 -0.198608503
vn 0.945471287 -0.188645989 -0.251531184
vn 0.3046453 -0.498289764 0.687703431
vn 0.4429546 0.0880823359 0.793399572
vn 0.650061548 -0.166792095 0.733974874
vn 0.4429546 0.0880823359 0.793399572
vn 0.3046453 -0.498289764 0.687703431
vn 0.418628931 -0.0833756551 0.896827936
vn -0.597276151 0.738628685 -0.367588043
vn -0.720785916 0.0385258794 -0.56048429
vn -0.78658843 0.484903187 -0.276628286
vn 0.126118675 0.983166575 0.208269298
vn -0.597276151 0.738628685 -0.367588043
vn -0.78658843 0.484903187 -0.276628286
vn 0.418628931 -0.0833756551 0.896827936
vn 0.3046453 -0.498289764 0.687703431
vn 0.0209448393 -0.416291326 0.870020628
vn 0.450403184 -0.349410206 -0.710488021
vn 0.524131596 -0.226276055 -0.791180789
vn 0.264521301 -0.364109397 -0.888974607
vn -0.8772946 0.134774864 -0.490432382
vn -0.210660085 0.0413460322 -0.928420663
vn -0.187919185 0.232009307 -0.891375184
vn -0.40477562 0.0484965369 0.860883176
vn -0.365206689 0.0359468237 -0.851113498
vn -0.458508193 0.258628339 0.752964973
vn -0.543740332 0.410583198 0.00619916897
vn -0.365206689 0.0359468237 -0.851113498
vn -0.40477562 0.0484965369 0.860883176
vn -0.885687828 -0.146944523 -0.249185756
vn -0.357391417 -0.897308826 0.289526075
vn -0.799824834 -0.411601543 -0.277788579
vn 0.742538393 -0.474205732 0.233079597
vn 0.0209448393 -0.416291326 0.870020628
vn -0.128280073 -1.04048669 0.0541936532
vn -0.268086225 -0.854984701 0.0485283807
vn -0.252787292 -0.963920474 0.104813911
vn 0.037452668 -0.922252059 -0.288854718
vn -0.421833456 0.246449575 0.864125669
vn -0.749208152 0.219344303 0.606610775
vn -0.861283958 -0.0317223519 0.510491252
vn 0.752094567 0.163188949 0.620973468
vn 0.833654106 0.04027576 0.518159747
vn 0.487760365 0.132951647 0.723964453
vn -0.760632038 0.477298915 0.100458197
vn -0.749208152 0.219344303 0.606610775
vn -0.692172945 -0.0510818735 0.651999891
vn -0.924395919 0.169257477 -0.272626519
vn -0.606936872 -0.0808859617 -0.781166255
vn -0.716890275 -0.0347166695 -0.340808958
vn 0.812759638 0.264195889 -0.513783753
vn -0.496254891 0.364352733 -0.460395247
vn 0.516193449 0.288641572 -0.775083244
vn 0.516193449 0.288641572 -0.775083244
vn -0.00776490383 0.275889128 -0.967308223
vn 0.635040283 0.146644816 -0.690279603
vn -0.730766475 -0.21762675 -0.182780102
vn -0.930009127 -0.114043348 0.355103523
vn -0.939528346 -0.120654099 0.318535149
vn -0.462035775 -0.388549566 -0.821732402
vn -0.871654153 -0.339586645 -0.21268326
vn -0.960374594 -0.22552073 -0.0317654498
vn -0.234923482 0.381936222 0.9014678
vn -0.452379644 0.705779076 -0.601626456
vn -0.951376617 0.30846104 0.13077952
vn -0.043252863 -0.216989607 0.946777344
vn -0.141827777 0.541695595 0.777666271
vn 0.120473355 0.225302115 0.973054707
vn 0.120473355 0.225302115 0.973054707
vn -0.141827777 0.541695595 0.777666271
vn 0.126118675 0.983166575 0.208269298
vn 0.0386876427 -0.0340976268 -0.906028926
vn -0.209098503 0.137663543 -0.953002214
vn -0.377530068 0.215279326 -0.586659193
vn 0.335876465 -0.196445584 -0.894593894
vn 0.769480288 0.072687842 -0.597345114
vn 0.524131596 -0.226276055 -0.791180789
vn -0.284951061 0.362935722 -0.780237496
vn -0.32035771 -0.107615605 -0.922781706
vn -0.594277978 0.208897218 -0.632353902
vn -0.32035771 -0.107615605 -0.922781706
vn -0.676806629 0.211260706 -0.609747946
vn -0.864317894 0.05495793 -0.473915219
vn 0.349144727 0.0374300405 -0.888747811
vn 0.590994596 0.0189445131 -0.732100844
vn 0.465281278 0.20334056 -0.699921191
vn 0.465281278 0.20334056 -0.699921191
vn 0.590994596 0.0189445131 -0.732100844
vn 0.209207505 0.0387882628 -0.957313716
vn -0.0253161937 -0.0697506741 0.961661041
vn 0.0833992884 0.0302069522 0.991774023
vn 0.46154356 0.101735093 0.807751298
vn -0.720785916 0.0385258794 -0.56048429
vn -0.584649324 0.0452598408 -0.659359097
vn -0.365206689 0.0359468237 -0.851113498
vn 0.0592629984 -0.113102227 -0.984811962
vn 0.247009948 0.181480542 -0.90264231
vn 0.209207505 0.0387882628 -0.957313716
vn -0.59621197 -0.160785258 -0.658822119
vn -0.635143161 -0.0879086852 -0.683808506
vn -0.823582888 -0.114181623 -0.252699733
vn 0.479340494 0.0910912752 0.844809949
vn 0.447441965 0.163147837 0.876955926
vn 0.772465944 0.124427706 0.533090293
vn 0.442168772 0.283378959 -0.831215858
vn 0.479387611 0.115667678 -0.866470575
vn 0.713024735 0.0887447 -0.684060276
vn -0.354429483 0.473863602 0.615500391
vn -0.141827777 0.541695595 0.777666271
vn 0.101599351 0.868849218 0.52515465
vn 0.441572607 0.294819504 -0.838732719
vn 0.943265975 0.340823084 0.332665771
vn 0.526467085 0.653049767 -0.600824952
vn -0.412168294 -0.877091825 -0.0571796037
vn -0.183253631 -0.998563111 0.0322105251
vn -0.347068876 -0.481565118 -0.765410423
vn 0.5930776 -0.0535010844 -0.779440939
vn 0.337462783 0.130300358 -0.809838831
vn 0.59056741 -0.0439160764 -0.76494956
vn -0.969746888 0.0953572318 0.218396947
vn -0.875673771 0.2891725 0.0514242165
vn -0.919591546 -0.191172034 0.267946959
vn -0.78751868 -0.364475578 -0.551522732
vn -0.730766475 -0.21762675 -0.182780102
vn -0.759081781 -0.281809688 -0.561942875
vn 0.838650048 -0.452552468 0.125940755
vn 0.924037099 -0.169670254 -0.304215789
vn 0.606562614 -0.781940103 -0.277786136
vn -0.202960268 0.159179792 0.873067141
vn 0.0689358488 0.00414560176 0.995276034
vn 0.0540929027 -0.125646949 0.967092454
vn -0.0875601768 0.563129425 0.508996964
vn -0.209775031 0.341561675 0.81194526
vn -0.0704887882 0.881958544 0.449222624
vn -0.043252863 -0.216989607 0.946777344
vn -0.209775031 0.341561675 0.81194526
vn -0.0875601768 0.563129425 0.508996964
vn 0.614294171 0.443307877 0.554209769
vn 0.594957411 0.236867681 0.606743395
vn 0.423830092 0.924288034 0.190590754
vn 0.0358619615 -0.0505194291 -0.92438972
vn -0.230512097 -0.0507297628 -0.974879086
vn 0.354791313 -0.154047966 -0.929511249
vn 0.237898678 -0.233094096 -0.910060167
vn 0.218842477 -0.0913395807 -0.968407631
vn 0.354791313 -0.154047966 -0.929511249
vn -0.185894832 0.0715566278 0.958212197
vn -0.391878068 0.185055092 0.90916872
vn -0.216886654 0.0232698508 0.976366639
vn -0.185894832 0.0715566278 0.958212197
vn -0.216886654 0.0232698508 0.976366639
vn -0.225662991 -0.152838185 0.95193404
vn 0.726050675 -0.277031422 -0.638056397
vn 0.107684523 -0.177744865 -0.948779881
vn 0.335876465 -0.196445584 -0.894593894
vn -0.653566778 0.466118962 -0.562399566
vn -0.41902101 0.392989367 -0.836869001
vn 0.0871708691 0.0389484167 -1.006935
vn 0.590994596 0.0189445131 -0.732100844
vn 0.0592629984 -0.113102227 -0.984811962
vn 0.209207505 0.0387882628 -0.957313716
vn -0.210660085 0.0413460322 -0.928420663
vn -0.907366753 0.243200049 -0.364035845
vn -0.452379644 0.705779076 -0.601626456
vn 0.524131596 -0.226276055 -0.791180789
vn 0.813173234 0.0707289129 -0.577011943
vn 0.937218606 -0.0727973729 -0.0403774045
vn 0.813173234 0.0707289129 -0.577011943
vn 0.96529144 -0.0465931073 -0.0527314357
vn 0.937218606 -0.0727973729 -0.0403774045
vn 0.959681749 -0.235910431 0.0818032548
vn 0.81864506 -0.532809734 0.0240647569
vn 0.783252478 -0.52658993 0.0953849852
vn 0.783252478 -0.52658993 0.0953849852
vn 0.983931422 -0.16220583 -0.0312753655
vn 0.959681749 -0.235910431 0.0818032548
vn 0.423830092 0.924288034 0.190590754
vn 0.575507045 0.227044806 -0.783996701
vn 0.589088917 0.552591681 -0.494079351
vn 0.865692675 0.116512395 -0.53169632
vn 0.423830092 0.924288034 0.190590754
vn 0.594957411 0.236867681 0.606743395
vn 0.00761695253 0.114012152 0.846838892
vn 0.4429546 0.0880823359 0.793399572
vn 0.662751436 0.117851228 0.768312812
vn 0.98034513 -0.124147415 0.106486887
vn 0.798846006 -0.257725447 0.399219364
vn 0.86462158 -0.505106091 -0.121904179
vn -0.362961352 -0.706758022 -0.579948485
vn -0.722660363 -0.640429497 0.331705183
vn -0.917721808 -0.168099195 0.338015795
vn -0.0623577386 0.488234043 0.884380102
vn -0.220837504 -0.283593118 0.931746602
vn 0.421462595 0.342830449 0.854134262
vn -0.336380213 -0.0252671968 0.777962863
vn 0.356471866 0.0747886151 0.84362185
vn 0.46154356 0.101735093 0.807751298
vn 0.63481456 0.360460669 0.628841043
vn 0.46154356 0.101735093 0.807751298
vn 0.356471866 0.0747886151 0.84362185
vn -0.259911001 0.672281086 -0.528749168
vn -0.528517783 0.404008478 -0.68373692
vn -0.47580424 0.387533575 -0.168198735
vn -0.234923482 0.381936222 0.9014678
vn -0.216620192 0.192072913 0.934970379
vn 0.477506876 0.302160978 0.707799375
vn 0.614294171 0.443307877 0.554209769
vn 0.752094567 0.163188949 0.620973468
vn 0.487760365 0.132951647 0.723964453
vn 0.487760365 0.132951647 0.723964453
vn 0.56204766 0.314940512 0.716919184
vn 0.614294171 0.443307877 0.554209769
vn -0.439368457 -0.207495019 -0.922777832
vn -0.635143161 -0.0879086852 -0.683808506
vn -0.59621197 -0.160785258 -0.658822119
vn -0.439368457 -0.207495019 -0.922777832
vn -0.681930542 -0.0649742782 -0.716490924
vn -0.930341423 -0.118907496 -0.347843438
vn -0.365206689 0.0359468237 -0.851113498
vn -0.584649324 0.0452598408 -0.659359097
vn -0.458508193 0.258628339 0.752964973
vn -0.885687828 -0.146944523 -0.249185756
vn -0.678443015 0.0122861275 -0.343419969
vn -0.823582888 -0.114181623 -0.252699733
vn -0.278446168 -0.7885409 0.202971995
vn 0.457321316 -0.828309536 0.323667288
vn 0.311073452 -0.810260117 -0.231895894
vn -0.123820707 -0.715252936 0.632876694
vn 0.388134301 -0.576151073 0.329130948
vn -0.282007933 -0.750770092 0.611119092
vn 0.338555545 -0.0807018057 -0.87896198
vn 0.812759638 0.264195889 -0.513783753
vn 0.473413736 0.0220093466 -0.780592918
vn -0.930341423 -0.118907496 -0.347843438
vn -0.906932294 0.115570344 -0.252925038
vn -0.439368457 -0.207495019 -0.922777832
vn -0.560852289 -0.103846699 -0.829636991
vn -0.678443015 0.0122861275 -0.343419969
vn -0.799824834 -0.411601543 -0.277788579
vn 0.0833992884 0.0302069522 0.991774023
vn 0.0689358488 0.00414560176 0.995276034
vn -0.202960268 0.159179792 0.873067141
vn 0.0833992884 0.0302069522 0.991774023
vn -0.202960268 0.159179792 0.873067141
vn 0.46154356 0.101735093 0.807751298
vn -0.225662991 -0.152838185 0.95193404
vn -0.216938972 0.203675464 0.956370533
vn 0.0689358488 0.00414560176 0.995276034
vn 0.0209448393 -0.416291326 0.870020628
vn -0.278446168 -0.7885409 0.202971995
vn -0.128280073 -1.04048669 0.0541936532
vn 0.509522557 -0.613526881 0.616846442
vn -0.653704524 -0.273584634 0.390108198
vn -0.481188118 -0.991544008 -0.221326947
vn 0.338555545 -0.0807018057 -0.87896198
vn 0.349144727 0.0374300405 -0.888747811
vn -0.115542218 0.0304031651 -0.971698284
vn 0.575507045 0.227044806 -0.783996701
vn 0.59056741 -0.0439160764 -0.76494956
vn 0.337462783 0.130300358 -0.809838831
vn 0.0592629984 -0.113102227 -0.984811962
vn 0.162935898 0.149987027 -0.98464644
vn 0.337462783 0.130300358 -0.809838831
vn -0.141827777 0.541695595 0.777666271
vn -0.354429483 0.473863602 0.615500391
vn 0.126118675 0.983166575 0.208269298
vn 0.772465944 0.124427706 0.533090293
vn 0.293038458 -0.104112722 0.939717054
vn 0.479340494 0.0910912752 0.844809949
vn 0.812504649 -0.486379236 -0.163708776
vn 0.947964013 -0.18806769 0.169034347
vn 0.838650048 -0.452552468 0.125940755
vn 0.589088917 0.552591681 -0.494079351
vn 0.575507045 0.227044806 -0.783996701
vn 0.442168772 0.283378959 -0.831215858
vn 0.442168772 0.283378959 -0.831215858
vn 0.713024735 0.0887447 -0.684060276
vn 0.589088917 0.552591681 -0.494079351
vn -0.969746888 0.0953572318 0.218396947
vn -0.760632038 0.477298915 0.100458197
vn -0.692172945 -0.0510818735 0.651999891
vn -0.421941131 0.607179463 0.471245855
vn -0.699421763 0.559319973 -0.412451059
vn -0.965954542 0.239914268 0.071797967
vn -0.421941131 0.607179463 0.471245855
vn -0.658307016 0.399373502 0.656223953
vn -0.572768748 0.669879794 0.344412804
vn -0.185894832 0.0715566278 0.958212197
vn 0.0833992884 0.0302069522 0.991774023
vn -0.0253161937 -0.0697506741 0.961661041
vn 0.614294171 0.443307877 0.554209769
vn 0.959771872 0.160018966 -0.230720326
vn 0.752094567 0.163188949 0.620973468
vn -0.830159605 0.310692519 0.0497719049
vn -0.8772946 0.134774864 -0.490432382
vn -0.861845791 0.291081399 -0.0533160008
vn 0.0833992884 0.0302069522 0.991774023
vn -0.185894832 0.0715566278 0.958212197
vn -0.225662991 -0.152838185 0.95193404
vn 0.218842477 -0.0913395807 -0.968407631
vn 0.107684523 -0.177744865 -0.948779881
vn 0.191591218 -0.167787239 -0.949542403
vn -0.496254891 0.364352733 -0.460395247
vn -0.427808642 0.426978946 -0.580725908
vn -0.00776490383 0.275889128 -0.967308223
vn -0.861845791 0.291081399 -0.0533160008
vn -0.341643244 0.334543526 0.870982707
vn -0.0555565432 0.369325846 0.977197766
vn -0.255417287 -0.0328766927 0.945339799
vn -0.106150471 -0.101180263 0.960670173
vn -0.106231548 0.128417328 0.946600974
vn 0.115217485 0.940480769 0.290821791
vn 0.60147506 0.542950749 0.530973315
vn 0.954811394 0.0273327697 -0.198608503
vn 0.0461111031 0.257915646 -0.915932357
vn -0.716890275 -0.0347166695 -0.340808958
vn -0.540149808 -0.0208523944 -0.577730656
vn 0.00761695253 0.114012152 0.846838892
vn -0.375543445 -0.265747309 0.861451387
vn 0.358835697 -0.404964477 0.814448655
vn 0.838650048 -0.452552468 0.125940755
vn 0.947964013 -0.18806769 0.169034347
vn 0.96529144 -0.0465931073 -0.0527314357
vn 0.750706494 -0.277793884 -0.420238882
vn 0.915706992 -0.334489465 -0.311241806
vn 0.388134301 -0.576151073 0.329130948
vn 0.479340494 0.0910912752 0.844809949
vn -0.085311912 -0.161419004 0.846756816
vn 0.447441965 0.163147837 0.876955926
vn 0.836622298 -0.14220342 0.0113715343
vn 0.115217485 0.940480769 0.290821791
vn 0.671258211 -0.032552287 -0.749766588
vn -0.888068914 0.252550483 0.39440611
vn -0.846949697 0.350553751 0.384975642
vn -0.710853279 0.405169249 -0.406548738
vn -0.846949697 0.350553751 0.384975642
vn -0.400874674 0.301075697 0.804408193
vn -0.710853279 0.405169249 -0.406548738
vn 0.63481456 0.360460669 0.628841043
vn 0.306619555 0.163874596 0.884133875
vn 0.331408799 0.15126878 0.871516526
vn -0.417237222 0.589682519 -0.610876441
vn 0.630006731 0.441122323 -0.578379929
vn 0.183969274 0.273785055 -0.785828292
vn 0.295450747 0.239083916 0.828369558
vn 0.4873797 -0.359395266 -0.057520438
vn 0.157199219 0.614659727 0.754834592
vn 0.441572607 0.294819504 -0.838732719
vn 0.526467085 0.653049767 -0.600824952
vn -0.427808642 0.426978946 -0.580725908
vn 0.902613401 -0.347131938 -0.0697295368
vn 0.905577302 -0.217171848 -0.357731164
vn 0.992067814 0.0564359576 -0.0161485467
vn -0.0177908856 0.031237809 0.847000837
vn -0.106231548 0.128417328 0.946600974
vn -0.106150471 -0.101180263 0.960670173
vn -0.381092072 0.478105754 0.0218485296
vn -0.637993276 0.558666587 -0.190184459
vn -0.458508193 0.258628339 0.752964973
vn -0.502237082 0.134363875 0.863302588
vn -0.216620192 0.192072913 0.934970379
vn -0.976501405 0.22236149 -0.0592760853
vn 0.122019134 -0.0193829611 0.950583637
vn 0.456144452 0.0300364178 0.874055803
vn 0.889435887 0.0284914859 0.477460206
vn -0.759081781 -0.281809688 -0.561942875
vn -0.362961352 -0.706758022 -0.579948485
vn -0.917721808 -0.168099195 0.338015795
vn 0.60697937 0.117772982 0.806898832
vn 0.98034513 -0.124147415 0.106486887
vn 0.60147506 0.542950749 0.530973315
vn -0.439368457 -0.207495019 -0.922777832
vn 0.0871708691 0.0389484167 -1.006935
vn -0.635143161 -0.0879086852 -0.683808506
vn -0.106150471 -0.101180263 0.960670173
vn -0.255417287 -0.0328766927 0.945339799
vn -0.368936121 0.0532265417 0.924717724
vn 0.740664005 0.15817222 0.615697384
vn 0.388374239 0.190178663 0.84938246
vn 0.833654106 0.04027576 0.518159747
vn 0.0871708691 0.0389484167 -1.006935
vn 0.0461111031 0.257915646 -0.915932357
vn -0.635143161 -0.0879086852 -0.683808506
vn -0.704350233 -0.65372926 0.0250912718
vn -0.320179582 -0.854237378 0.118938528
vn -0.206964061 -0.934350491 -0.311277539
vn -0.195404381 -0.950373828 0.249720752
vn -0.704350233 -0.65372926 0.0250912718
vn -0.206964061 -0.934350491 -0.311277539
vn -0.779335499 -0.351439506 0.465028495
vn -0.906695962 -0.0801000297 0.438583463
vn -0.809229434 -0.196821317 -0.36014387
vn -0.809229434 -0.196821317 -0.36014387
vn -1.02247512 0.0403496586 0.155134216
vn -0.281469107 -0.157592729 -0.91070354
vn 0.0689358488 0.00414560176 0.995276034
vn -0.0177908856 0.031237809 0.847000837
vn 0.0540929027 -0.125646949 0.967092454
vn 0.836622298 -0.14220342 0.0113715343
vn 0.295450747 0.239083916 0.828369558
vn 0.115217485 0.940480769 0.290821791
vn 0.713024735 0.0887447 -0.684060276
vn 0.952464104 0.219642594 -0.169248044
vn 0.589088917 0.552591681 -0.494079351
vn 0.104142435 0.347337633 0.574556291
vn -0.63688904 0.451506197 0.195642054
vn 0.144436613 0.979858875 0.245203257
vn 0.713024735 0.0887447 -0.684060276
vn 0.479387611 0.115667678 -0.866470575
vn 0.635040283 0.146644816 -0.690279603
vn 0.713024735 0.0887447 -0.684060276
vn 0.635040283 0.146644816 -0.690279603
vn 0.952464104 0.219642594 -0.169248044
vn 0.834611297 0.330585659 -0.356706977
vn 0.857509196 -0.129779369 -0.484532416
vn 0.969541192 0.0286511239 -0.0583100431
vn -0.925619304 0.0535633229 0.371041387
vn -0.965954542 0.239914268 0.071797967
vn -1.02247512 0.0403496586 0.155134216
vn -0.44435215 0.0208785422 -0.782295108
vn -0.676806629 0.211260706 -0.609747946
vn -0.782777369 0.189760029 -0.540014386
vn 0.218842477 -0.0913395807 -0.968407631
vn 0.237898678 -0.233094096 -0.910060167
vn 0.107684523 -0.177744865 -0.948779881
vn -0.412168294 -0.877091825 -0.0571796037
vn -0.268086225 -0.854984701 0.0485283807
vn 0.037452668 -0.922252059 -0.288854718
vn 0.589088917 0.552591681 -0.494079351
vn 0.952464104 0.219642594 -0.169248044
vn 0.423830092 0.924288034 0.190590754
vn -0.209098503 0.137663543 -0.953002214
vn 0.0386876427 -0.0340976268 -0.906028926
vn -0.230512097 -0.0507297628 -0.974879086
vn -0.597276151 0.738628685 -0.367588043
vn -0.584649324 0.0452598408 -0.659359097
vn -0.720785916 0.0385258794 -0.56048429
vn -0.252787292 -0.963920474 0.104813911
vn -0.278446168 -0.7885409 0.202971995
vn 0.037452668 -0.922252059 -0.288854718
vn -0.278446168 -0.7885409 0.202971995
vn -0.252787292 -0.963920474 0.104813911
vn -0.0791063458 -0.997658968 0.125585154
vn -0.924395919 0.169257477 -0.272626519
vn -0.528517783 0.404008478 -0.68373692
vn -0.115542218 0.0304031651 -0.971698284
vn 0.275499254 -0.771327138 0.0324186422
vn -0.704350233 -0.65372926 0.0250912718
vn 0.388134301 -0.576151073 0.329130948
vn 0.388134301 -0.576151073 0.329130948
vn 0.915706992 -0.334489465 -0.311241806
vn 0.275499254 -0.771327138 0.0324186422
vn -0.377530068 0.215279326 -0.586659193
vn -0.209098503 0.137663543 -0.953002214
vn -0.492637575 -0.0923839435 -0.698908865
vn -0.886501133 0.427904785 -0.367068589
vn -0.492637575 -0.0923839435 -0.698908865
vn -0.081996575 0.50160408 -0.545199096
vn -0.462035775 -0.388549566 -0.821732402
vn -0.560852289 -0.103846699 -0.829636991
vn -0.790118575 -0.396505058 -0.260641009
vn 0.650061548 -0.166792095 0.733974874
vn 0.358835697 -0.404964477 0.814448655
vn 0.3046453 -0.498289764 0.687703431
vn -0.828774214 -0.47104466 0.195300341
vn -0.778252184 -0.255246639 -0.323587388
vn -0.84119761 -0.289233983 0.450371146
vn -0.965954542 0.239914268 0.071797967
vn -0.658307016 0.399373502 0.656223953
vn -0.421941131 0.607179463 0.471245855
vn -0.206964061 -0.934350491 -0.311277539
vn 0.215222657 -0.955290854 -0.123081185
vn 0.680496693 -0.452829421 -0.509866834
vn -0.620227158 0.0484530739 0.728557348
vn -0.421833456 0.246449575 0.864125669
vn -0.861283958 -0.0317223519 0.510491252
vn -0.40477562 0.0484965369 0.860883176
vn -0.400874674 0.301075697 0.804408193
vn -0.421941131 0.607179463 0.471245855
vn -0.936248302 0.124768764 -0.184692591
vn -0.799129426 0.0882555917 0.452765405
vn -0.965451062 -0.115718476 -0.258661866
vn 0.288282424 0.357644856 0.869352043
vn 0.706924558 0.669806123 0.201444268
vn 0.375481188 0.73272109 0.204670638
vn -0.0555565432 0.369325846 0.977197766
vn -0.240827337 0.527316451 0.569249392
vn -0.830159605 0.310692519 0.0497719049
vn 0.680496693 -0.452829421 -0.509866834
vn 0.107684523 -0.177744865 -0.948779881
vn 0.726050675 -0.277031422 -0.638056397
vn -0.710853279 0.405169249 -0.406548738
vn 0.102623075 0.728191793 -0.678449869
vn 0.152726993 0.155525059 -0.987220109
vn -0.400874674 0.301075697 0.804408193
vn 0.104142435 0.347337633 0.574556291
vn 0.144436613 0.979858875 0.245203257
vn -0.230512097 -0.0507297628 -0.974879086
vn 0.0358619615 -0.0505194291 -0.92438972
vn -0.412478715 0.0172730647 -0.912732244
vn 0.122019134 -0.0193829611 0.950583637
vn 0.167999983 0.0264421273 0.849691689
vn 0.331408799 0.15126878 0.871516526
vn 0.46154356 0.101735093 0.807751298
vn 0.331408799 0.15126878 0.871516526
vn 0.167999983 0.0264421273 0.849691689
vn -0.362961352 -0.706758022 -0.579948485
vn -0.347068876 -0.481565118 -0.765410423
vn -0.183253631 -0.998563111 0.0322105251
vn 0.353189766 -0.597491026 -0.746717811
vn 0.641075432 -0.66498965 -0.227580264
vn 0.311073452 -0.810260117 -0.231895894
vn 0.353189766 -0.597491026 -0.746717811
vn 0.81864506 -0.532809734 0.0240647569
vn 0.641075432 -0.66498965 -0.227580264
vn -0.375543445 -0.265747309 0.861451387
vn -0.176766261 -0.830499887 0.552745819
vn 0.358835697 -0.404964477 0.814448655
vn 0.943265975 0.340823084 0.332665771
vn 0.441572607 0.294819504 -0.838732719
vn 0.561685979 0.821043789 0.192004845
vn 0.561685979 0.821043789 0.192004845
vn 0.477506876 0.302160978 0.707799375
vn 0.943265975 0.340823084 0.332665771
vn 0.959771872 0.160018966 -0.230720326
vn 0.614294171 0.443307877 0.554209769
vn 0.952464104 0.219642594 -0.169248044
vn 0.846978247 0.347170442 0.348963648
vn 0.961743653 0.201350197 -0.02057679
vn 0.526467085 0.653049767 -0.600824952
vn -0.336100042 -0.747362554 0.539294839
vn -0.444150805 -0.83843118 0.123223059
vn -0.934012175 -0.349342167 -0.107760668
vn 0.833654106 0.04027576 0.518159747
vn 0.752094567 0.163188949 0.620973468
vn 0.740664005 0.15817222 0.615697384
vn -0.875673771 0.2891725 0.0514242165
vn -0.941490829 -0.120806344 0.258704036
vn -0.919591546 -0.191172034 0.267946959
vn 0.292596757 0.434224606 0.789115489
vn -0.354429483 0.473863602 0.615500391
vn 0.101599351 0.868849218 0.52515465
vn 0.93724364 -0.180962145 -0.193449602
vn 0.543846607 -0.409767509 0.11565695
vn 0.926486671 -0.0266020019 0.358282447
vn 0.865692675 0.116512395 -0.53169632
vn 0.594957411 0.236867681 0.606743395
vn 0.941046417 0.00460092863 0.322825819
vn 0.0592629984 -0.113102227 -0.984811962
vn 0.337462783 0.130300358 -0.809838831
vn 0.630006731 0.441122323 -0.578379929
vn 0.915706992 -0.334489465 -0.311241806
vn 0.509522557 -0.613526881 0.616846442
vn -0.481188118 -0.991544008 -0.221326947
vn -0.481188118 -0.991544008 -0.221326947
vn -0.761504412 -0.545186758 -0.246201426
vn 0.0736350641 -0.759362042 -0.575296342
vn -0.481188118 -0.991544008 -0.221326947
vn 0.0736350641 -0.759362042 -0.575296342
vn 0.915706992 -0.334489465 -0.311241806
vn -0.47580424 0.387533575 -0.168198735
vn 0.102623075 0.728191793 -0.678449869
vn 0.144436613 0.979858875 0.245203257
vn 0.337462783 0.130300358 -0.809838831
vn 0.162935898 0.149987027 -0.98464644
vn 0.575507045 0.227044806 -0.783996701
vn -0.902476668 -0.0726944283 0.461064458
vn -0.925619304 0.0535633229 0.371041387
vn -1.02247512 0.0403496586 0.155134216
vn 0.801860571 0.0749416202 0.201295927
vn 0.93724364 -0.180962145 -0.193449602
vn 0.926486671 -0.0266020019 0.358282447
vn -0.072250098 -0.572036207 0.845583081
vn -0.111517899 -0.135559738 0.884198546
vn -0.267786533 -0.137741461 0.868759811
vn 0.947964013 -0.18806769 0.169034347
vn 0.812504649 -0.486379236 -0.163708776
vn 1.00414491 0.144951597 -0.110866621
vn 0.889435887 0.0284914859 0.477460206
vn 0.492478609 0.872813225 0.0296870526
vn 0.421462595 0.342830449 0.854134262
vn 0.222320005 0.232004791 -0.988903999
vn 0.812759638 0.264195889 -0.513783753
vn 0.338555545 -0.0807018057 -0.87896198
vn -0.828774214 -0.47104466 0.195300341
vn -0.927037835 0.0465578772 -0.25745517
vn -0.960374594 -0.22552073 -0.0317654498
vn -0.0928493217 0.178119823 -0.974539816
vn 0.222320005 0.232004791 -0.988903999
vn 0.338555545 -0.0807018057 -0.87896198
vn -0.216620192 0.192072913 0.934970379
vn -0.951376617 0.30846104 0.13077952
vn -0.976501405 0.22236149 -0.0592760853
vn -0.0555565432 0.369325846 0.977197766
vn -0.341643244 0.334543526 0.870982707
vn -0.240827337 0.527316451 0.569249392
vn -0.427808642 0.426978946 -0.580725908
vn -0.317638338 0.279860228 -0.580797732
vn -0.187919185 0.232009307 -0.891375184
vn -0.635143161 -0.0879086852 -0.683808506
vn -0.532018781 0.0471671149 -0.878414214
vn -0.823582888 -0.114181623 -0.252699733
vn -0.496254891 0.364352733 -0.460395247
vn -0.259911001 0.672281086 -0.528749168
vn -0.317638338 0.279860228 -0.580797732
vn 0.442168772 0.283378959 -0.831215858
vn 0.575507045 0.227044806 -0.783996701
vn 0.162935898 0.149987027 -0.98464644
vn -0.278446168 -0.7885409 0.202971995
vn -0.0791063458 -0.997658968 0.125585154
vn 0.457321316 -0.828309536 0.323667288
vn -0.871654153 -0.339586645 -0.21268326
vn -0.930009127 -0.114043348 0.355103523
vn -0.960374594 -0.22552073 -0.0317654498
vn -0.417237222 0.589682519 -0.610876441
vn 0.183969274 0.273785055 -0.785828292
vn -0.886501133 0.427904785 -0.367068589
vn 0.687830627 0.0278903581 -0.665736079
vn 0.337462783 0.130300358 -0.809838831
vn 0.836774588 0.182778627 -0.400665283
vn -0.965451062 -0.115718476 -0.258661866
vn -0.902476668 -0.0726944283 0.461064458
vn -0.906695962 -0.0801000297 0.438583463
vn -0.44435215 0.0208785422 -0.782295108
vn -0.906932294 0.115570344 -0.252925038
vn -0.854638696 -0.175622299 -0.265288711
vn 0.524131596 -0.226276055 -0.791180789
vn 0.867696822 -0.237272099 -0.37348929
vn 0.813173234 0.0707289129 -0.577011943
vn -0.896641433 -0.0904715583 0.402026832
vn -0.78751868 -0.364475578 -0.551522732
vn -0.917721808 -0.168099195 0.338015795
vn -0.375543445 -0.265747309 0.861451387
vn -0.111517899 -0.135559738 0.884198546
vn -0.183253631 -0.998563111 0.0322105251
vn -0.681930542 -0.0649742782 -0.716490924
vn -0.439368457 -0.207495019 -0.922777832
vn -0.59621197 -0.160785258 -0.658822119
vn 0.767859161 0.540333629 -0.0391201824
vn 0.492478609 0.872813225 0.0296870526
vn 0.144074783 0.366740525 0.581569433
vn -0.730766475 -0.21762675 -0.182780102
vn -0.362961352 -0.706758022 -0.579948485
vn -0.759081781 -0.281809688 -0.561942875
vn 0.60147506 0.542950749 0.530973315
vn 0.772465944 0.124427706 0.533090293
vn 0.60697937 0.117772982 0.806898832
vn -0.336380213 -0.0252671968 0.777962863
vn -0.202960268 0.159179792 0.873067141
vn 0.0540929027 -0.125646949 0.967092454
vn 0.0540929027 -0.125646949 0.967092454
vn 0.308212012 0.142900378 0.778601408
vn -0.336380213 -0.0252671968 0.777962863
vn -0.0704887882 0.881958544 0.449222624
vn 0.495849341 0.398856759 0.74905014
vn -0.0875601768 0.563129425 0.508996964
vn -0.560852289 -0.103846699 -0.829636991
vn -0.799824834 -0.411601543 -0.277788579
vn -0.704350233 -0.65372926 0.0250912718
vn 0.4873797 -0.359395266 -0.057520438
vn 0.93724364 -0.180962145 -0.193449602
vn 0.419217229 -0.639352083 -0.474457651
vn -0.0253161937 -0.0697506741 0.961661041
vn -0.391878068 0.185055092 0.90916872
vn -0.185894832 0.0715566278 0.958212197
vn 0.857509196 -0.129779369 -0.484532416
vn 0.941046417 0.00460092863 0.322825819
vn 0.662065327 -0.155155063 0.649132967
vn 0.812504649 -0.486379236 -0.163708776
vn 0.86462158 -0.505106091 -0.121904179
vn 0.798846006 -0.257725447 0.399219364
vn 0.0833992884 0.0302069522 0.991774023
vn -0.225662991 -0.152838185 0.95193404
vn 0.0689358488 0.00414560176 0.995276034
vn -0.795741439 -0.0303276442 0.355241746
vn -0.602371097 0.1858657 0.543075383
vn -0.941490829 -0.120806344 0.258704036
vn 0.441572607 0.294819504 -0.838732719
vn -0.253587723 0.978889644 -0.19174096
vn 0.561685979 0.821043789 0.192004845
vn 0.122019134 -0.0193829611 0.950583637
vn 0.306619555 0.163874596 0.884133875
vn 0.456144452 0.0300364178 0.874055803
vn -0.362961352 -0.706758022 -0.579948485
vn -0.653704524 -0.273584634 0.390108198
vn -0.347068876 -0.481565118 -0.765410423
vn -0.620227158 0.0484530739 0.728557348
vn -0.106231548 0.128417328 0.946600974
vn -0.421833456 0.246449575 0.864125669
vn 0.552052736 0.0486055091 0.784838378
vn 0.144074783 0.366740525 0.581569433
vn 0.692572296 0.265816003 0.575688004
vn 0.662751436 0.117851228 0.768312812
vn 0.4429546 0.0880823359 0.793399572
vn 0.253768533 0.0275255684 0.720573306
vn 0.96529144 -0.0465931073 -0.0527314357
vn 0.748592615 -0.0187561251 -0.581224203
vn 0.924037099 -0.169670254 -0.304215789
vn 0.247009948 0.181480542 -0.90264231
vn 0.0592629984 -0.113102227 -0.984811962
vn 0.630006731 0.441122323 -0.578379929
vn -0.377530068 0.215279326 -0.586659193
vn -0.550569713 -0.242901012 -0.70557946
vn 0.0386876427 -0.0340976268 -0.906028926
vn -0.550569713 -0.242901012 -0.70557946
vn 0.416853905 -0.321451217 -0.894379199
vn 0.0386876427 -0.0340976268 -0.906028926
vn 0.833654106 0.04027576 0.518159747
vn 0.388374239 0.190178663 0.84938246
vn 0.552052736 0.0486055091 0.784838378
vn -0.47580424 0.387533575 -0.168198735
vn 0.152726993 0.155525059 -0.987220109
vn 0.102623075 0.728191793 -0.678449869
vn -0.795741439 -0.0303276442 0.355241746
vn -0.799129426 0.0882555917 0.452765405
vn -0.602371097 0.1858657 0.543075383
vn -0.809229434 -0.196821317 -0.36014387
vn -0.828774214 -0.47104466 0.195300341
vn -0.779335499 -0.351439506 0.465028495
vn 0.037452668 -0.922252059 -0.288854718
vn -0.278446168 -0.7885409 0.202971995
vn 0.614058793 -0.802297771 0.232424706
vn 0.992067814 0.0564359576 -0.0161485467
vn 0.798846006 -0.257725447 0.399219364
vn 0.885951579 -0.161761671 0.328515321
vn -0.936248302 0.124768764 -0.184692591
vn -0.965451062 -0.115718476 -0.258661866
vn -0.84303087 -0.0524685644 -0.372974843
vn -0.532018781 0.0471671149 -0.878414214
vn -0.466602385 0.0242253169 -0.67042619
vn -0.241416276 0.0515468232 -0.980344534
vn -0.885687828 -0.146944523 -0.249185756
vn -0.799824834 -0.411601543 -0.277788579
vn -0.678443015 0.0122861275 -0.343419969
vn -0.176766261 -0.830499887 0.552745819
vn -0.183253631 -0.998563111 0.0322105251
vn -0.412168294 -0.877091825 -0.0571796037
vn 0.00761695253 0.114012152 0.846838892
vn -0.520042598 0.296075791 0.785097718
vn -0.0177908856 0.031237809 0.847000837
vn -0.885687828 -0.146944523 -0.249185756
vn -0.488949716 -0.12576969 -0.855088294
vn -0.357391417 -0.897308826 0.289526075
vn 0.288282424 0.357644856 0.869352043
vn 0.375481188 0.73272109 0.204670638
vn 0.0692580938 1.00113618 0.0830305144
vn -0.823582888 -0.114181623 -0.252699733
vn -0.241416276 0.0515468232 -0.980344534
vn -0.488949716 -0.12576969 -0.855088294
vn 0.473413736 0.0220093466 -0.780592918
vn 0.442168772 0.283378959 -0.831215858
vn 0.162935898 0.149987027 -0.98464644
vn 0.447441965 0.163147837 0.876955926
vn 0.418628931 -0.0833756551 0.896827936
vn 0.60697937 0.117772982 0.806898832
vn -0.906932294 0.115570344 -0.252925038
vn -0.930341423 -0.118907496 -0.347843438
vn -0.854638696 -0.175622299 -0.265288711
vn -0.466602385 0.0242253169 -0.67042619
vn 0.0461111031 0.257915646 -0.915932357
vn -0.540149808 -0.0208523944 -0.577730656
vn 0.311073452 -0.810260117 -0.231895894
vn 0.641075432 -0.66498965 -0.227580264
vn -0.128280073 -1.04048669 0.0541936532
vn -0.0875601768 0.563129425 0.508996964
vn 0.167999983 0.0264421273 0.849691689
vn -0.043252863 -0.216989607 0.946777344
vn 0.335876465 -0.196445584 -0.894593894
vn 0.450403184 -0.349410206 -0.710488021
vn 0.726050675 -0.277031422 -0.638056397
vn -0.543740332 0.410583198 0.00619916897
vn -0.572768748 0.669879794 0.344412804
vn -0.65058744 0.299064994 -0.722614408
vn -0.209098503 0.137663543 -0.953002214
vn -0.230512097 -0.0507297628 -0.974879086
vn -0.412478715 0.0172730647 -0.912732244
vn 0.769480288 0.072687842 -0.597345114
vn 0.867696822 -0.237272099 -0.37348929
vn 0.524131596 -0.226276055 -0.791180789
vn -0.341643244 0.334543526 0.870982707
vn -0.444052458 0.73266834 0.370928645
vn -0.63688904 0.451506197 0.195642054
vn 0.81864506 -0.532809734 0.0240647569
vn 0.742538393 -0.474205732 0.233079597
vn 0.641075432 -0.66498965 -0.227580264
vn -0.444052458 0.73266834 0.370928645
vn -0.341643244 0.334543526 0.870982707
vn -0.861845791 0.291081399 -0.0533160008
vn 0.115217485 0.940480769 0.290821791
vn 0.464090347 0.282944202 -0.494829476
vn 0.801860571 0.0749416202 0.201295927
vn 0.878979385 -0.185790315 -0.353622735
vn 0.834611297 0.330585659 -0.356706977
vn 0.969541192 0.0286511239 -0.0583100431
vn -0.692172945 -0.0510818735 0.651999891
vn -0.749208152 0.219344303 0.606610775
vn -0.421833456 0.246449575 0.864125669
vn -0.234923482 0.381936222 0.9014678
vn 0.477506876 0.302160978 0.707799375
vn -0.253587723 0.978889644 -0.19174096
vn 0.477506876 0.302160978 0.707799375
vn 0.561685979 0.821043789 0.192004845
vn -0.253587723 0.978889644 -0.19174096
vn 0.423830092 0.924288034 0.190590754
vn 0.865692675 0.116512395 -0.53169632
vn 0.575507045 0.227044806 -0.783996701
vn 0.0871708691 0.0389484167 -1.006935
vn -0.41902101 0.392989367 -0.836869001
vn -0.716890275 -0.0347166695 -0.340808958
vn -0.336424351 0.123450257 0.974273622
vn 0.388374239 0.190178663 0.84938246
vn -0.051722955 0.0115914121 0.984339833
vn -0.969746888 0.0953572318 0.218396947
vn -0.919591546 -0.191172034 0.267946959
vn -0.760632038 0.477298915 0.100458197
vn -0.969746888 0.0953572318 0.218396947
vn -0.692172945 -0.0510818735 0.651999891
vn -0.521050394 -0.168862641 0.767949462
vn -0.205542341 -0.0724059492 0.952214897
vn -0.28970933 0.1656515 0.932785153
vn -0.521050394 -0.168862641 0.767949462
vn 0.742538393 -0.474205732 0.233079597
vn 0.885951579 -0.161761671 0.328515321
vn 0.418628931 -0.0833756551 0.896827936
vn -0.255417287 -0.0328766927 0.945339799
vn -0.595964134 -0.0691603571 0.770646036
vn -0.368936121 0.0532265417 0.924717724
vn -0.65058744 0.299064994 -0.722614408
vn -0.572768748 0.669879794 0.344412804
vn -0.875673771 0.2891725 0.0514242165
vn 0.662065327 -0.155155063 0.649132967
vn 0.836622298 -0.14220342 0.0113715343
vn 0.857509196 -0.129779369 -0.484532416
vn -0.412478715 0.0172730647 -0.912732244
vn -0.466602385 0.0242253169 -0.67042619
vn -0.209098503 0.137663543 -0.953002214
vn 0.983931422 -0.16220583 -0.0312753655
vn 0.902613401 -0.347131938 -0.0697295368
vn 0.959681749 -0.235910431 0.0818032548
vn -0.252787292 -0.963920474 0.104813911
vn -0.268086225 -0.854984701 0.0485283807
vn -0.314445615 -0.85981822 0.19565995
vn 0.959681749 -0.235910431 0.0818032548
vn 0.902613401 -0.347131938 -0.0697295368
vn 0.81864506 -0.532809734 0.0240647569
vn -0.861283958 -0.0317223519 0.510491252
vn -0.749208152 0.219344303 0.606610775
vn -0.936248302 0.124768764 -0.184692591
vn -0.678443015 0.0122861275 -0.343419969
vn -0.59621197 -0.160785258 -0.658822119
vn -0.823582888 -0.114181623 -0.252699733
vn -0.568860173 0.445700645 0.715799391
vn -0.637993276 0.558666587 -0.190184459
vn -0.354429483 0.473863602 0.615500391
vn -0.314445615 -0.85981822 0.19565995
vn 0.115478963 -0.764590383 -0.397796094
vn -0.252787292 -0.963920474 0.104813911
vn 0.813173234 0.0707289129 -0.577011943
vn 0.867696822 -0.237272099 -0.37348929
vn 0.748592615 -0.0187561251 -0.581224203
vn -0.391878068 0.185055092 0.90916872
vn -0.0253161937 -0.0697506741 0.961661041
vn -0.0704887882 0.881958544 0.449222624
vn -0.0253161937 -0.0697506741 0.961661041
vn 0.495849341 0.398856759 0.74905014
vn -0.0704887882 0.881958544 0.449222624
vn -0.907366753 0.243200049 -0.364035845
vn -0.210660085 0.0413460322 -0.928420663
vn -0.8772946 0.134774864 -0.490432382
vn -0.714520693 0.463019192 0.0645969808
vn -0.888068914 0.252550483 0.39440611
vn -0.796371162 0.154677913 -0.454484463
vn -0.635143161 -0.0879086852 -0.683808506
vn 0.0461111031 0.257915646 -0.915932357
vn -0.532018781 0.0471671149 -0.878414214
vn 0.865692675 0.116512395 -0.53169632
vn 0.941046417 0.00460092863 0.322825819
vn 0.857509196 -0.129779369 -0.484532416
vn 0.680496693 -0.452829421 -0.509866834
vn 0.726050675 -0.277031422 -0.638056397
vn 0.450403184 -0.349410206 -0.710488021
vn 0.115217485 0.940480769 0.290821791
vn 0.801860571 0.0749416202 0.201295927
vn 0.60147506 0.542950749 0.530973315
vn -1.02247512 0.0403496586 0.155134216
vn -0.66510433 0.238581672 -0.702044249
vn -0.281469107 -0.157592729 -0.91070354
vn -0.796371162 0.154677913 -0.454484463
vn -0.32035771 -0.107615605 -0.922781706
vn -0.864317894 0.05495793 -0.473915219
vn 0.416853905 -0.321451217 -0.894379199
vn -0.550569713 -0.242901012 -0.70557946
vn 0.183969274 0.273785055 -0.785828292
vn -0.481188118 -0.991544008 -0.221326947
vn -0.653704524 -0.273584634 0.390108198
vn -0.761504412 -0.545186758 -0.246201426
vn -0.400874674 0.301075697 0.804408193
vn -0.846949697 0.350553751 0.384975642
vn -0.888068914 0.252550483 0.39440611
vn 0.00761695253 0.114012152 0.846838892
vn 0.662751436 0.117851228 0.768312812
vn -0.520042598 0.296075791 0.785097718
vn -0.906695962 -0.0801000297 0.438583463
vn -1.02247512 0.0403496586 0.155134216
vn -0.809229434 -0.196821317 -0.36014387
vn -0.906695962 -0.0801000297 0.438583463
vn -0.902476668 -0.0726944283 0.461064458
vn -1.02247512 0.0403496586 0.155134216
vn -0.572768748 0.669879794 0.344412804
vn -0.658307016 0.399373502 0.656223953
vn -0.795741439 -0.0303276442 0.355241746
vn -0.941490829 -0.120806344 0.258704036
vn -0.572768748 0.669879794 0.344412804
vn -0.795741439 -0.0303276442 0.355241746
vn 0.69970572 0.69958657 0.00335281924
vn 0.655348957 0.593481958 0.165922061
vn 0.492478609 0.872813225 0.0296870526
vn -0.230512097 -0.0507297628 -0.974879086
vn 0.0386876427 -0.0340976268 -0.906028926
vn 0.237898678 -0.233094096 -0.910060167
vn 0.477506876 0.302160978 0.707799375
vn 0.332606882 0.161153793 0.927353203
vn 0.740664005 0.15817222 0.615697384
vn 0.924037099 -0.169670254 -0.304215789
vn 0.671258211 -0.032552287 -0.749766588
vn 0.945471287 -0.188645989 -0.251531184
vn 0.122019134 -0.0193829611 0.950583637
vn 0.889435887 0.0284914859 0.477460206
vn 0.421462595 0.342830449 0.854134262
vn -0.907366753 0.243200049 -0.364035845
vn -0.951376617 0.30846104 0.13077952
vn -0.452379644 0.705779076 -0.601626456
vn 0.311073452 -0.810260117 -0.231895894
vn 0.152339295 -0.995282054 0.102778614
vn 0.234758183 -0.637601197 -0.62168622
vn 0.767859161 0.540333629 -0.0391201824
vn 0.375481188 0.73272109 0.204670638
vn 0.706924558 0.669806123 0.201444268
vn -0.347068876 -0.481565118 -0.765410423
vn -0.2363417 -0.439477354 -0.593382299
vn -0.69845438 -0.599452972 0.154865026
vn -0.858037591 -0.34410587 0.381264687
vn -0.960374594 -0.22552073 -0.0317654498
vn -0.930009127 -0.114043348 0.355103523
vn -0.0175807122 0.341115892 -0.902963102
vn 0.441572607 0.294819504 -0.838732719
vn -0.210660085 0.0413460322 -0.928420663
vn 0.552052736 0.0486055091 0.784838378
vn 0.487760365 0.132951647 0.723964453
vn 0.833654106 0.04027576 0.518159747
vn -0.528517783 0.404008478 -0.68373692
vn 0.812759638 0.264195889 -0.513783753
vn 0.222320005 0.232004791 -0.988903999
vn 0.144436613 0.979858875 0.245203257
vn 0.102623075 0.728191793 -0.678449869
vn -0.400874674 0.301075697 0.804408193
vn 0.308212012 0.142900378 0.778601408
vn -0.085311912 -0.161419004 0.846756816
vn -0.336380213 -0.0252671968 0.777962863
vn -0.550569713 -0.242901012 -0.70557946
vn -0.886501133 0.427904785 -0.367068589
vn 0.183969274 0.273785055 -0.785828292
vn -0.0175807122 0.341115892 -0.902963102
vn -0.253587723 0.978889644 -0.19174096
vn 0.441572607 0.294819504 -0.838732719
vn -0.907366753 0.243200049 -0.364035845
vn -0.8772946 0.134774864 -0.490432382
vn -0.976501405 0.22236149 -0.0592760853
vn -0.820851684 0.212251872 -0.0807449222
vn -0.976501405 0.22236149 -0.0592760853
vn -0.8772946 0.134774864 -0.490432382
vn -0.861283958 -0.0317223519 0.510491252
vn -0.84303087 -0.0524685644 -0.372974843
vn -0.896641433 -0.0904715583 0.402026832
vn -0.111517899 -0.135559738 0.884198546
vn -0.0177908856 0.031237809 0.847000837
vn -0.267786533 -0.137741461 0.868759811
vn -0.716890275 -0.0347166695 -0.340808958
vn -0.466602385 0.0242253169 -0.67042619
vn -0.540149808 -0.0208523944 -0.577730656
vn -0.462035775 -0.388549566 -0.821732402
vn -0.681930542 -0.0649742782 -0.716490924
vn -0.560852289 -0.103846699 -0.829636991
vn 0.662065327 -0.155155063 0.649132967
vn 0.4873797 -0.359395266 -0.057520438
vn 0.836622298 -0.14220342 0.0113715343
vn 0.687830627 0.0278903581 -0.665736079
vn 0.630006731 0.441122323 -0.578379929
vn 0.337462783 0.130300358 -0.809838831
vn -0.799129426 0.0882555917 0.452765405
vn -0.936248302 0.124768764 -0.184692591
vn -0.749208152 0.219344303 0.606610775
vn 0.492478609 0.872813225 0.0296870526
vn 0.292596757 0.434224606 0.789115489
vn 0.101599351 0.868849218 0.52515465
vn 0.767859161 0.540333629 -0.0391201824
vn 0.292596757 0.434224606 0.789115489
vn 0.492478609 0.872813225 0.0296870526
vn -0.658307016 0.399373502 0.656223953
vn -0.965954542 0.239914268 0.071797967
vn -0.799129426 0.0882555917 0.452765405
vn -0.799129426 0.0882555917 0.452765405
vn -0.965954542 0.239914268 0.071797967
vn -0.925619304 0.0535633229 0.371041387
vn 0.60697937 0.117772982 0.806898832
vn 0.418628931 -0.0833756551 0.896827936
vn 0.798846006 -0.257725447 0.399219364
vn 0.867696822 -0.237272099 -0.37348929
vn 0.878979385 -0.185790315 -0.353622735
vn 0.748592615 -0.0187561251 -0.581224203
vn 0.687830627 0.0278903581 -0.665736079
vn 0.676524341 -0.152904138 -0.733439028
vn 0.335876465 -0.196445584 -0.894593894
vn 0.335876465 -0.196445584 -0.894593894
vn 0.676524341 -0.152904138 -0.733439028
vn 0.769480288 0.072687842 -0.597345114
vn 0.614058793 -0.802297771 0.232424706
vn -0.278446168 -0.7885409 0.202971995
vn 0.3046453 -0.498289764 0.687703431
vn -0.63688904 0.451506197 0.195642054
vn -0.259911001 0.672281086 -0.528749168
vn -0.47580424 0.387533575 -0.168198735
vn -0.0791063458 -0.997658968 0.125585154
vn 0.115478963 -0.764590383 -0.397796094
vn 0.152339295 -0.995282054 0.102778614
vn -0.115542218 0.0304031651 -0.971698284
vn -0.528517783 0.404008478 -0.68373692
vn -0.0928493217 0.178119823 -0.974539816
vn -0.532018781 0.0471671149 -0.878414214
vn -0.241416276 0.0515468232 -0.980344534
vn -0.823582888 -0.114181623 -0.252699733
vn 0.209207505 0.0387882628 -0.957313716
vn 0.247009948 0.181480542 -0.90264231
vn 0.465281278 0.20334056 -0.699921191
vn -0.861845791 0.291081399 -0.0533160008
vn -0.0555565432 0.369325846 0.977197766
vn -0.830159605 0.310692519 0.0497719049
vn 0.308212012 0.142900378 0.778601408
vn 0.253768533 0.0275255684 0.720573306
vn -0.085311912 -0.161419004 0.846756816
vn -0.965954542 0.239914268 0.071797967
vn -0.699421763 0.559319973 -0.412451059
vn -0.66510433 0.238581672 -0.702044249
vn -0.412168294 -0.877091825 -0.0571796037
vn 0.614058793 -0.802297771 0.232424706
vn -0.176766261 -0.830499887 0.552745819
vn -0.252787292 -0.963920474 0.104813911
vn 0.115478963 -0.764590383 -0.397796094
vn -0.0791063458 -0.997658968 0.125585154
vn -0.584649324 0.0452598408 -0.659359097
vn -0.597276151 0.738628685 -0.367588043
vn -0.381092072 0.478105754 0.0218485296
vn -0.336380213 -0.0252671968 0.777962863
vn 0.479340494 0.0910912752 0.844809949
vn 0.356471866 0.0747886151 0.84362185
vn 0.479340494 0.0910912752 0.844809949
vn -0.336380213 -0.0252671968 0.777962863
vn -0.085311912 -0.161419004 0.846756816
vn -0.051722955 0.0115914121 0.984339833
vn -0.502237082 0.134363875 0.863302588
vn -0.820851684 0.212251872 -0.0807449222
vn -0.790118575 -0.396505058 -0.260641009
vn -0.560852289 -0.103846699 -0.829636991
vn -0.704350233 -0.65372926 0.0250912718
vn 0.526467085 0.653049767 -0.600824952
vn 0.961743653 0.201350197 -0.02057679
vn 0.635040283 0.146644816 -0.690279603
vn -0.620227158 0.0484530739 0.728557348
vn -0.861283958 -0.0317223519 0.510491252
vn -0.896641433 -0.0904715583 0.402026832
vn -0.934012175 -0.349342167 -0.107760668
vn -0.444150805 -0.83843118 0.123223059
vn -0.314445615 -0.85981822 0.19565995
vn -0.32035771 -0.107615605 -0.922781706
vn -0.284951061 0.362935722 -0.780237496
vn -0.676806629 0.211260706 -0.609747946
vn -0.939528346 -0.120654099 0.318535149
vn -0.930009127 -0.114043348 0.355103523
vn -0.871654153 -0.339586645 -0.21268326
vn 0.101599351 0.868849218 0.52515465
vn 0.421462595 0.342830449 0.854134262
vn 0.492478609 0.872813225 0.0296870526
vn -0.282007933 -0.750770092 0.611119092
vn 0.388134301 -0.576151073 0.329130948
vn -0.704350233 -0.65372926 0.0250912718
vn -0.206964061 -0.934350491 -0.311277539
vn 0.680496693 -0.452829421 -0.509866834
vn 0.115478963 -0.764590383 -0.397796094
vn -0.681930542 -0.0649742782 -0.716490924
vn -0.462035775 -0.388549566 -0.821732402
vn -0.960374594 -0.22552073 -0.0317654498
vn 0.308212012 0.142900378 0.778601408
vn 0.662751436 0.117851228 0.768312812
vn 0.253768533 0.0275255684 0.720573306
vn -0.444150805 -0.83843118 0.123223059
vn 0.115478963 -0.764590383 -0.397796094
vn -0.314445615 -0.85981822 0.19565995
vn -0.195404381 -0.950373828 0.249720752
vn 0.115478963 -0.764590383 -0.397796094
vn -0.444150805 -0.83843118 0.123223059
vn -0.41902101 0.392989367 -0.836869001
vn -0.676806629 0.211260706 -0.609747946
vn -0.284951061 0.362935722 -0.780237496
vn -0.854108214 -0.276410967 0.306706756
vn -0.934012175 -0.349342167 -0.107760668
vn -0.314445615 -0.85981822 0.19565995
vn 0.3046453 -0.498289764 0.687703431
vn 0.358835697 -0.404964477 0.814448655
vn 0.614058793 -0.802297771 0.232424706
vn 0.306619555 0.163874596 0.884133875
vn 0.63481456 0.360460669 0.628841043
vn 0.479340494 0.0910912752 0.844809949
vn -0.502237082 0.134363875 0.863302588
vn -0.976501405 0.22236149 -0.0592760853
vn -0.820851684 0.212251872 -0.0807449222
vn -0.072250098 -0.572036207 0.845583081
vn -0.722660363 -0.640429497 0.331705183
vn -0.183253631 -0.998563111 0.0322105251
vn -0.676806629 0.211260706 -0.609747946
vn -0.41902101 0.392989367 -0.836869001
vn -0.653566778 0.466118962 -0.562399566
vn -0.676806629 0.211260706 -0.609747946
vn -0.653566778 0.466118962 -0.562399566
vn -0.782777369 0.189760029 -0.540014386
vn -0.268086225 -0.854984701 0.0485283807
vn -0.347068876 -0.481565118 -0.765410423
vn -0.854108214 -0.276410967 0.306706756
vn -0.268086225 -0.854984701 0.0485283807
vn -0.854108214 -0.276410967 0.306706756
vn -0.314445615 -0.85981822 0.19565995
vn 0.983931422 -0.16220583 -0.0312753655
vn 0.905577302 -0.217171848 -0.357731164
vn 0.902613401 -0.347131938 -0.0697295368
vn -0.710853279 0.405169249 -0.406548738
vn 0.152726993 0.155525059 -0.987220109
vn -0.796371162 0.154677913 -0.454484463
vn -0.225662991 -0.152838185 0.95193404
vn -0.205542341 -0.0724059492 0.952214897
vn -0.216938972 0.203675464 0.956370533
vn 0.59056741 -0.0439160764 -0.76494956
vn 0.865692675 0.116512395 -0.53169632
vn 0.857509196 -0.129779369 -0.484532416
vn 0.945471287 -0.188645989 -0.251531184
vn 0.98034513 -0.124147415 0.106486887
vn 0.86462158 -0.505106091 -0.121904179
vn 0.419217229 -0.639352083 -0.474457651
vn 0.157199219 0.614659727 0.754834592
vn 0.4873797 -0.359395266 -0.057520438
vn 0.157199219 0.614659727 0.754834592
vn 0.419217229 -0.639352083 -0.474457651
vn 0.464090347 0.282944202 -0.494829476
vn 0.447441965 0.163147837 0.876955926
vn -0.085311912 -0.161419004 0.846756816
vn 0.418628931 -0.0833756551 0.896827936
vn -0.466602385 0.0242253169 -0.67042619
vn -0.606936872 -0.0808859617 -0.781166255
vn -0.0281277411 -0.0762624592 -0.997714937
vn -0.225662991 -0.152838185 0.95193404
vn -0.28970933 0.1656515 0.932785153
vn -0.205542341 -0.0724059492 0.952214897
vn 0.419217229 -0.639352083 -0.474457651
vn 0.93724364 -0.180962145 -0.193449602
vn 0.801860571 0.0749416202 0.201295927
vn 0.311073452 -0.810260117 -0.231895894
vn 0.457321316 -0.828309536 0.323667288
vn 0.152339295 -0.995282054 0.102778614
vn 0.152339295 -0.995282054 0.102778614
vn 0.457321316 -0.828309536 0.323667288
vn -0.0791063458 -0.997658968 0.125585154
vn -0.84119761 -0.289233983 0.450371146
vn -0.778252184 -0.255246639 -0.323587388
vn -0.779335499 -0.351439506 0.465028495
vn -0.828774214 -0.47104466 0.195300341
vn -0.84119761 -0.289233983 0.450371146
vn -0.779335499 -0.351439506 0.465028495
vn -0.496254891 0.364352733 -0.460395247
vn -0.528517783 0.404008478 -0.68373692
vn -0.259911001 0.672281086 -0.528749168
vn 0.00761695253 0.114012152 0.846838892
vn 0.650061548 -0.166792095 0.733974874
vn 0.4429546 0.0880823359 0.793399572
vn -0.209098503 0.137663543 -0.953002214
vn -0.466602385 0.0242253169 -0.67042619
vn -0.0281277411 -0.0762624592 -0.997714937
vn -0.282007933 -0.750770092 0.611119092
vn -0.704350233 -0.65372926 0.0250912718
vn -0.336100042 -0.747362554 0.539294839
vn -0.452379644 0.705779076 -0.601626456
vn -0.234923482 0.381936222 0.9014678
vn -0.253587723 0.978889644 -0.19174096
vn 0.11676167 0.01319136 0.988895416
vn -0.216620192 0.192072913 0.934970379
vn -0.502237082 0.134363875 0.863302588
vn 0.915706992 -0.334489465 -0.311241806
vn 0.0736350641 -0.759362042 -0.575296342
vn 0.275499254 -0.771327138 0.0324186422
vn 1.00414491 0.144951597 -0.110866621
vn 0.992067814 0.0564359576 -0.0161485467
vn 0.947964013 -0.18806769 0.169034347
vn 0.98801136 -0.0152077144 -0.153630137
vn 0.45206219 -0.706679463 0.544282913
vn 0.750706494 -0.277793884 -0.420238882
vn -0.861283958 -0.0317223519 0.510491252
vn -0.936248302 0.124768764 -0.184692591
vn -0.84303087 -0.0524685644 -0.372974843
vn 0.983931422 -0.16220583 -0.0312753655
vn 0.783252478 -0.52658993 0.0953849852
vn 0.937218606 -0.0727973729 -0.0403774045
vn -0.412168294 -0.877091825 -0.0571796037
vn 0.037452668 -0.922252059 -0.288854718
vn 0.614058793 -0.802297771 0.232424706
vn 0.812504649 -0.486379236 -0.163708776
vn 0.992067814 0.0564359576 -0.0161485467
vn 1.00414491 0.144951597 -0.110866621
vn -0.854638696 -0.175622299 -0.265288711
vn -0.64251864 -0.0663824752 -0.651309371
vn -0.281469107 -0.157592729 -0.91070354
vn -0.969746888 0.0953572318 0.218396947
vn -0.78658843 0.484903187 -0.276628286
vn -0.875673771 0.2891725 0.0514242165
vn 0.308212012 0.142900378 0.778601408
vn -0.520042598 0.296075791 0.785097718
vn 0.662751436 0.117851228 0.768312812
vn 0.543846607 -0.409767509 0.11565695
vn 0.93724364 -0.180962145 -0.193449602
vn 0.4873797 -0.359395266 -0.057520438
vn -0.230512097 -0.0507297628 -0.974879086
vn 0.237898678 -0.233094096 -0.910060167
vn 0.354791313 -0.154047966 -0.929511249
vn -0.128280073 -1.04048669 0.0541936532
vn -0.278446168 -0.7885409 0.202971995
vn 0.311073452 -0.810260117 -0.231895894
vn 0.687830627 0.0278903581 -0.665736079
vn 0.836774588 0.182778627 -0.400665283
vn 0.834611297 0.330585659 -0.356706977
vn -0.115542218 0.0304031651 -0.971698284
vn 0.349144727 0.0374300405 -0.888747811
vn -0.0281277411 -0.0762624592 -0.997714937
vn -0.653704524 -0.273584634 0.390108198
vn -0.939528346 -0.120654099 0.318535149
vn -0.761504412 -0.545186758 -0.246201426
vn 0.983931422 -0.16220583 -0.0312753655
vn 0.937218606 -0.0727973729 -0.0403774045
vn 0.947964013 -0.18806769 0.169034347
vn -0.858037591 -0.34410587 0.381264687
vn -0.730766475 -0.21762675 -0.182780102
vn -0.828774214 -0.47104466 0.195300341
vn -0.730766475 -0.21762675 -0.182780102
vn -0.858037591 -0.34410587 0.381264687
vn -0.930009127 -0.114043348 0.355103523
vn 0.5930776 -0.0535010844 -0.779440939
vn 0.59056741 -0.0439160764 -0.76494956
vn 0.857509196 -0.129779369 -0.484532416
vn 0.0689358488 0.00414560176 0.995276034
vn -0.216938972 0.203675464 0.956370533
vn -0.106231548 0.128417328 0.946600974
vn 0.144074783 0.366740525 0.581569433
vn 0.375481188 0.73272109 0.204670638
vn 0.767859161 0.540333629 -0.0391201824
vn -0.081996575 0.50160408 -0.545199096
vn 0.465281278 0.20334056 -0.699921191
vn -0.417237222 0.589682519 -0.610876441
vn 0.288282424 0.357644856 0.869352043
vn -0.354429483 0.473863602 0.615500391
vn 0.292596757 0.434224606 0.789115489
vn -0.532018781 0.0471671149 -0.878414214
vn 0.0461111031 0.257915646 -0.915932357
vn -0.466602385 0.0242253169 -0.67042619
vn -0.796371162 0.154677913 -0.454484463
vn 0.152726993 0.155525059 -0.987220109
vn -0.32035771 -0.107615605 -0.922781706
vn 0.152726993 0.155525059 -0.987220109
vn -0.404419899 0.203253195 -0.721905947
vn -0.32035771 -0.107615605 -0.922781706
vn 0.86462158 -0.505106091 -0.121904179
vn 0.606562614 -0.781940103 -0.277786136
vn 0.945471287 -0.188645989 -0.251531184
vn -0.123820707 -0.715252936 0.632876694
vn 0.750706494 -0.277793884 -0.420238882
vn 0.388134301 -0.576151073 0.329130948
vn 0.253768533 0.0275255684 0.720573306
vn 0.4429546 0.0880823359 0.793399572
vn -0.085311912 -0.161419004 0.846756816
vn 0.767859161 0.540333629 -0.0391201824
vn 0.288282424 0.357644856 0.869352043
vn 0.292596757 0.434224606 0.789115489
vn -0.606936872 -0.0808859617 -0.781166255
vn -0.924395919 0.169257477 -0.272626519
vn -0.115542218 0.0304031651 -0.971698284
vn 0.00761695253 0.114012152 0.846838892
vn -0.0177908856 0.031237809 0.847000837
vn -0.375543445 -0.265747309 0.861451387
vn -0.488949716 -0.12576969 -0.855088294
vn -0.412478715 0.0172730647 -0.912732244
vn 0.0358619615 -0.0505194291 -0.92438972
vn 0.0692580938 1.00113618 0.0830305144
vn -0.637993276 0.558666587 -0.190184459
vn -0.568860173 0.445700645 0.715799391
vn -0.796371162 0.154677913 -0.454484463
vn -0.864317894 0.05495793 -0.473915219
vn -0.714520693 0.463019192 0.0645969808
vn -0.63688904 0.451506197 0.195642054
vn -0.47580424 0.387533575 -0.168198735
vn 0.144436613 0.979858875 0.245203257
vn -0.072250098 -0.572036207 0.845583081
vn -0.267786533 -0.137741461 0.868759811
vn -0.722660363 -0.640429497 0.331705183
vn -0.820851684 0.212251872 -0.0807449222
vn 0.0692580938 1.00113618 0.0830305144
vn 0.375481188 0.73272109 0.204670638
vn -0.522045612 0.457223147 0.665709853
vn -0.78658843 0.484903187 -0.276628286
vn -0.969746888 0.0953572318 0.218396947
vn -0.404419899 0.203253195 -0.721905947
vn -0.924395919 0.169257477 -0.272626519
vn -0.594277978 0.208897218 -0.632353902
vn 0.857509196 -0.129779369 -0.484532416
vn 0.836622298 -0.14220342 0.0113715343
vn 0.969541192 0.0286511239 -0.0583100431
vn 0.115217485 0.940480769 0.290821791
vn 0.295450747 0.239083916 0.828369558
vn 0.157199219 0.614659727 0.754834592
vn 0.115217485 0.940480769 0.290821791
vn 0.157199219 0.614659727 0.754834592
vn 0.464090347 0.282944202 -0.494829476
vn 0.524131596 -0.226276055 -0.791180789
vn 0.937218606 -0.0727973729 -0.0403774045
vn 0.264521301 -0.364109397 -0.888974607
vn -0.421941131 0.607179463 0.471245855
vn -0.400874674 0.301075697 0.804408193
vn -0.888068914 0.252550483 0.39440611
vn -0.888068914 0.252550483 0.39440611
vn -0.714520693 0.463019192 0.0645969808
vn -0.421941131 0.607179463 0.471245855
vn -0.347068876 -0.481565118 -0.765410423
vn -0.268086225 -0.854984701 0.0485283807
vn -0.412168294 -0.877091825 -0.0571796037
vn 0.0689358488 0.00414560176 0.995276034
vn -0.106231548 0.128417328 0.946600974
vn -0.0177908856 0.031237809 0.847000837
vn 0.606562614 -0.781940103 -0.277786136
vn 0.924037099 -0.169670254 -0.304215789
vn 0.945471287 -0.188645989 -0.251531184
vn -0.716890275 -0.0347166695 -0.340808958
vn -0.594277978 0.208897218 -0.632353902
vn -0.924395919 0.169257477 -0.272626519
vn -0.00776490383 0.275889128 -0.967308223
vn 0.526467085 0.653049767 -0.600824952
vn 0.635040283 0.146644816 -0.690279603
vn -0.0623577386 0.488234043 0.884380102
vn 0.421462595 0.342830449 0.854134262
vn 0.101599351 0.868849218 0.52515465
vn 0.526467085 0.653049767 -0.600824952
vn -0.00776490383 0.275889128 -0.967308223
vn -0.427808642 0.426978946 -0.580725908
vn -0.960374594 -0.22552073 -0.0317654498
vn -0.927037835 0.0465578772 -0.25745517
vn -0.681930542 -0.0649742782 -0.716490924
vn 0.479340494 0.0910912752 0.844809949
vn 0.63481456 0.360460669 0.628841043
vn 0.356471866 0.0747886151 0.84362185
vn -0.106150471 -0.101180263 0.960670173
vn -0.267786533 -0.137741461 0.868759811
vn -0.0177908856 0.031237809 0.847000837
vn 0.447441965 0.163147837 0.876955926
vn 0.60697937 0.117772982 0.806898832
vn 0.772465944 0.124427706 0.533090293
vn -0.941490829 -0.120806344 0.258704036
vn -0.602371097 0.1858657 0.543075383
vn -0.919591546 -0.191172034 0.267946959
vn 0.969541192 0.0286511239 -0.0583100431
vn 0.924037099 -0.169670254 -0.304215789
vn 0.878979385 -0.185790315 -0.353622735
vn 0.69970572 0.69958657 0.00335281924
vn 0.492478609 0.872813225 0.0296870526
vn 0.889435887 0.0284914859 0.477460206
vn 0.924037099 -0.169670254 -0.304215789
vn 0.836622298 -0.14220342 0.0113715343
vn 0.671258211 -0.032552287 -0.749766588
vn 0.969541192 0.0286511239 -0.0583100431
vn 0.836622298 -0.14220342 0.0113715343
vn 0.924037099 -0.169670254 -0.304215789
vn -0.444150805 -0.83843118 0.123223059
vn -0.336100042 -0.747362554 0.539294839
vn -0.195404381 -0.950373828 0.249720752
vn 0.0592629984 -0.113102227 -0.984811962
vn 0.473413736 0.0220093466 -0.780592918
vn 0.162935898 0.149987027 -0.98464644
vn 0.662065327 -0.155155063 0.649132967
vn 0.543846607 -0.409767509 0.11565695
vn 0.4873797 -0.359395266 -0.057520438
vn -0.653566778 0.466118962 -0.562399566
vn 0.0871708691 0.0389484167 -1.006935
vn -0.439368457 -0.207495019 -0.922777832
g Group20477
f 7/1/1 1/2/2 9/3/3
f 2/4/4 39/5/5 5/6/6
f 5/7/7 39/8/8 1/9/9
f 6/10/10 1/11/11 39/12/12
f 5/13/13 1/14/14 4/15/15
f 4/16/16 1/17/17 7/18/18
f 1/19/19 6/20/20 9/21/21
f 3/22/22 2/23/23 5/24/24
f 3/25/25 5/26/26 8/27/27
f 6/28/28 4/29/29 7/30/30
f 7/31/31 5/32/32 6/33/33
f 7/34/34 3/35/35 8/36/36
f 210/37/37 2/38/38 4/39/39
f 5/40/40 7/41/41 8/42/42
f 4/43/43 8/44/44 15/45/45
f 6/46/46 210/47/47 4/48/48
f 15/49/49 5/50/50 4/51/51
f 5/52/52 15/53/53 6/54/54
f 6/55/55 15/56/56 9/57/57
f 16/58/58 7/59/59 10/60/60
f 10/61/61 7/62/62 11/63/63
f 11/64/64 7/65/65 14/66/66
f 3/67/67 12/68/68 14/69/69
f 7/70/70 2/71/71 13/72/72
f 7/73/73 13/74/74 14/75/75
f 13/76/76 3/77/77 14/78/78
f 2/79/79 3/80/80 15/81/81
f 15/82/82 8/83/83 2/84/84
f 9/85/85 15/86/86 210/87/87
f 22/88/88 17/89/89 11/90/90
f 10/91/91 11/92/92 17/93/93
f 12/94/94 10/95/95 17/96/96
f 22/97/97 11/98/98 13/99/99
f 13/100/100 11/101/101 14/102/102
f 13/103/103 14/104/104 17/105/105
f 13/106/106 17/107/107 3/108/108
f 14/109/109 12/110/110 17/111/111
f 2/112/112 22/113/113 13/114/114
f 15/115/115 3/116/116 22/117/117
f 21/118/118 7/119/119 19/120/120
f 12/121/121 18/122/122 19/123/123
f 21/124/124 19/125/125 16/126/126
f 7/127/127 16/128/128 19/129/129
f 12/130/130 19/131/131 20/132/132
f 10/133/133 12/134/134 20/135/135
f 10/136/136 20/137/137 16/138/138
f 22/139/139 21/140/140 16/141/141
f 22/142/142 16/143/143 17/144/144
f 17/145/145 16/146/146 23/147/147
f 17/148/148 23/149/149 3/150/150
f 22/151/151 3/152/152 23/153/153
f 18/154/154 20/155/155 19/156/156
f 20/157/157 18/158/158 23/159/159
f 20/160/160 23/161/161 16/162/162
f 23/163/163 21/164/164 22/165/165
f 12/166/166 7/167/167 21/168/168
f 18/169/169 21/170/170 23/171/171
f 21/172/172 18/173/173 12/174/174
f 190/175/175 347/176/176 160/177/177
f 28/178/178 26/179/179 27/180/180
f 26/181/181 29/182/182 27/183/183
f 28/184/184 30/185/185 29/186/186
f 29/187/187 30/188/188 27/189/189
f 330/190/190 320/191/191 309/192/192
f 291/193/193 253/194/194 37/195/195
f 373/196/196 330/197/197 381/198/198
f 188/199/199 54/200/200 44/201/201
f 83/202/202 202/203/203 105/204/204
f 382/205/205 236/206/206 35/207/207
f 181/208/208 94/209/209 109/210/210
f 40/211/211 135/212/212 205/213/213
f 7/214/214 39/215/215 2/216/216
f 47/217/217 369/218/218 184/219/219
f 224/220/220 63/221/221 285/222/222
f 367/223/223 150/224/224 44/225/225
f 188/226/226 44/227/227 150/228/228
f 229/229/229 238/230/230 273/231/231
f 50/232/232 171/233/233 87/234/234
f 65/235/235 26/236/236 358/237/237
f 291/238/238 48/239/239 253/240/240
f 253/241/241 48/242/242 378/243/243
f 203/244/244 266/245/245 226/246/246
f 112/247/247 52/248/248 214/249/249
f 52/250/250 360/251/251 214/252/252
f 360/253/253 52/254/254 312/255/255
f 248/256/256 317/257/257 276/258/258
f 243/259/259 222/260/260 166/261/261
f 124/262/262 158/263/263 174/264/264
f 174/265/265 53/266/266 124/267/267
f 381/268/268 257/269/269 59/270/270
f 227/271/271 327/272/272 176/273/273
f 155/274/274 240/275/275 338/276/276
f 240/277/277 383/278/278 382/279/279
f 101/280/280 84/281/281 78/282/282
f 311/283/283 31/284/284 242/285/285
f 213/286/286 219/287/287 289/288/288
f 131/289/289 373/290/290 70/291/291
f 249/292/292 142/293/293 70/294/294
f 39/295/295 7/296/296 71/297/297
f 123/298/298 347/299/299 190/300/300
f 352/301/301 182/302/302 42/303/303
f 35/304/304 303/305/305 253/306/306
f 129/307/307 74/308/308 62/309/309
f 346/310/310 76/311/311 25/312/312
f 151/313/313 351/314/314 200/315/315
f 152/316/316 372/317/317 88/318/318
f 261/319/319 70/320/320 142/321/321
f 164/322/322 132/323/323 32/324/324
f 82/325/325 65/326/326 151/327/327
f 83/328/328 368/329/329 198/330/330
f 204/331/331 293/332/332 64/333/333
f 87/334/334 200/335/335 345/336/336
f 85/337/337 43/338/338 90/339/339
f 156/340/340 340/341/341 96/342/342
f 225/343/343 65/344/344 82/345/345
f 287/346/346 57/347/347 86/348/348
f 95/349/349 387/350/350 384/351/351
f 33/352/352 326/353/353 342/354/354
f 202/355/355 340/356/356 239/357/357
f 256/358/358 316/359/359 97/360/360
f 98/361/361 59/362/362 278/363/363
f 227/364/364 176/365/365 355/366/366
f 267/367/367 350/368/368 195/369/369
f 168/370/370 312/371/371 52/372/372
f 234/373/373 357/374/374 129/375/375
f 98/376/376 278/377/377 322/378/378
f 107/379/379 388/380/380 262/381/381
f 171/382/382 82/383/383 87/384/384
f 246/385/385 173/386/386 44/387/387
f 191/388/388 118/389/389 309/390/390
f 25/391/391 347/392/392 269/393/393
f 184/394/394 41/395/395 323/396/396
f 109/397/397 352/398/398 42/399/399
f 327/400/400 110/401/401 310/402/402
f 77/403/403 111/404/404 34/405/405
f 43/406/406 85/407/407 112/408/408
f 93/409/409 114/410/410 57/411/411
f 116/412/412 244/413/413 231/414/414
f 270/415/415 24/416/416 147/417/417
f 72/418/418 336/419/419 119/420/420
f 182/421/421 72/422/422 218/423/423
f 368/424/424 83/425/425 359/426/426
f 111/427/427 359/428/428 105/429/429
f 135/430/430 251/431/431 122/432/432
f 190/433/433 39/434/434 71/435/435
f 146/436/436 123/437/437 57/438/438
f 308/439/439 124/440/440 53/441/441
f 69/442/442 124/443/443 288/444/444
f 87/445/445 125/446/446 50/447/447
f 192/448/448 84/449/449 101/450/450
f 164/451/451 363/452/452 127/453/453
f 313/454/454 164/455/455 127/456/456
f 130/457/457 334/458/458 55/459/459
f 175/460/460 304/461/461 95/462/462
f 357/463/463 30/464/464 129/465/465
f 321/466/466 172/467/467 272/468/468
f 261/469/469 80/470/470 377/471/471
f 194/472/472 197/473/473 132/474/474
f 133/475/475 46/476/476 163/477/477
f 326/478/478 33/479/479 361/480/480
f 135/481/481 216/482/482 103/483/483
f 282/484/484 135/485/485 122/486/486
f 257/487/487 381/488/488 330/489/489
f 48/490/490 291/491/491 258/492/492
f 61/493/493 296/494/494 105/495/495
f 97/496/496 316/497/497 339/498/498
f 261/499/499 188/500/500 80/501/501
f 128/502/502 376/503/503 95/504/504
f 236/505/505 298/506/506 149/507/507
f 134/508/508 113/509/509 182/510/510
f 337/511/511 150/512/512 314/513/513
f 358/514/514 151/515/515 65/516/516
f 281/517/517 199/518/518 216/519/519
f 216/520/520 135/521/521 282/522/522
f 154/523/523 145/524/524 215/525/525
f 145/526/526 157/527/527 284/528/528
f 165/529/529 66/530/530 277/531/531
f 162/532/532 280/533/533 222/534/534
f 85/535/535 90/536/536 349/537/537
f 66/538/538 45/539/539 277/540/540
f 246/541/541 44/542/542 54/543/543
f 132/544/544 164/545/545 186/546/546
f 138/547/547 187/548/548 163/549/549
f 187/550/550 45/551/551 235/552/552
f 349/553/553 241/554/554 206/555/555
f 167/556/556 357/557/557 191/558/558
f 369/559/559 312/560/560 168/561/561
f 240/562/562 382/563/563 338/564/564
f 47/565/565 184/566/566 263/567/567
f 176/568/568 92/569/569 223/570/570
f 176/571/571 159/572/572 92/573/573
f 185/574/574 145/575/575 344/576/576
f 249/577/577 121/578/578 142/579/579
f 179/580/580 104/581/581 171/582/582
f 328/583/583 336/584/584 72/585/585
f 156/586/586 367/587/587 340/588/588
f 232/589/589 182/590/590 218/591/591
f 7/592/592 12/593/593 3/594/594
f 98/595/595 355/596/596 59/597/597
f 108/598/598 184/599/599 323/600/600
f 27/601/601 51/602/602 276/603/603
f 30/604/604 51/605/605 27/606/606
f 164/607/607 305/608/608 186/609/609
f 361/610/610 163/611/611 235/612/612
f 188/613/613 261/614/614 142/615/615
f 283/616/616 142/617/617 121/618/618
f 190/619/619 252/620/620 39/621/621
f 348/622/622 309/623/623 106/624/624
f 309/625/625 320/626/626 106/627/627
f 101/628/628 143/629/629 207/630/630
f 359/631/631 299/632/632 120/633/633
f 53/634/634 193/635/635 36/636/636
f 36/637/637 194/638/638 220/639/639
f 168/640/640 52/641/641 195/642/642
f 269/643/643 347/644/644 325/645/645
f 106/646/646 302/647/647 197/648/648
f 197/649/649 194/650/650 106/651/651
f 133/652/652 198/653/653 264/654/654
f 33/655/655 202/656/656 198/657/657
f 208/658/658 117/659/659 304/660/660
f 117/661/661 95/662/662 304/663/663
f 82/664/664 151/665/665 200/666/666
f 201/667/667 192/668/668 126/669/669
f 307/670/670 203/671/671 144/672/672
f 95/673/673 384/674/674 107/675/675
f 206/676/676 241/677/677 166/678/678
f 126/679/679 192/680/680 207/681/681
f 192/682/682 101/683/683 207/684/684
f 184/685/685 209/686/686 263/687/687
f 210/688/688 15/689/689 22/690/690
f 210/691/691 22/692/692 2/693/693
f 250/694/694 319/695/695 78/696/696
f 365/697/697 363/698/698 32/699/699
f 122/700/700 212/701/701 282/702/702
f 119/703/703 207/704/704 37/705/705
f 38/706/706 216/707/707 199/708/708
f 72/709/709 119/710/710 218/711/711
f 119/712/712 37/713/713 218/714/714
f 216/715/715 219/716/716 103/717/717
f 220/718/718 186/719/719 94/720/720
f 266/721/721 221/722/722 226/723/723
f 223/724/724 355/725/725 176/726/726
f 160/727/727 332/728/728 224/729/729
f 104/730/730 179/731/731 225/732/732
f 226/733/733 221/734/734 228/735/735
f 240/736/736 155/737/737 71/738/738
f 98/739/739 327/740/740 227/741/741
f 41/742/742 99/743/743 344/744/744
f 184/745/745 369/746/746 41/747/747
f 255/748/748 226/749/749 228/750/750
f 200/751/751 351/752/752 297/753/753
f 273/754/754 48/755/755 229/756/756
f 48/757/757 258/758/758 229/759/759
f 9/760/760 210/761/761 39/762/762
f 350/763/763 168/764/764 195/765/765
f 249/766/766 231/767/767 121/768/768
f 121/769/769 231/770/770 275/771/771
f 149/772/772 298/773/773 232/774/774
f 232/775/775 218/776/776 149/777/777
f 103/778/778 213/779/779 371/780/780
f 238/781/781 368/782/782 359/783/783
f 240/784/784 9/785/785 383/786/786
f 7/787/787 9/788/788 240/789/789
f 93/790/790 287/791/791 161/792/792
f 204/793/793 86/794/794 100/795/795
f 66/796/796 101/797/797 242/798/798
f 241/799/799 386/800/800 243/801/801
f 325/802/802 247/803/803 243/804/804
f 92/805/805 65/806/806 244/807/807
f 92/808/808 244/809/809 116/810/810
f 245/811/811 62/812/812 74/813/813
f 323/814/814 284/815/815 148/816/816
f 386/817/817 73/818/818 325/819/819
f 73/820/820 269/821/821 325/822/822
f 151/823/823 248/824/824 276/825/825
f 248/826/826 151/827/827 358/828/828
f 24/829/829 231/830/830 249/831/831
f 147/832/832 24/833/833 249/834/834
f 132/835/835 250/836/836 32/837/837
f 122/838/838 251/839/839 79/840/840
f 362/841/841 39/842/842 252/843/843
f 250/844/844 78/845/845 365/846/846
f 310/847/847 331/848/848 254/849/849
f 297/850/850 79/851/851 255/852/852
f 259/853/853 289/854/854 256/855/855
f 278/856/856 59/857/857 257/858/858
f 258/859/859 46/860/860 229/861/861
f 213/862/862 289/863/863 259/864/864
f 259/865/865 371/866/866 213/867/867
f 255/868/868 79/869/869 144/870/870
f 375/871/871 260/872/872 236/873/873
f 285/874/874 63/875/875 260/876/876
f 25/877/877 371/878/878 259/879/879
f 133/880/880 264/881/881 385/882/882
f 49/883/883 350/884/884 267/885/885
f 218/886/886 303/887/887 149/888/888
f 188/889/889 268/890/890 80/891/891
f 107/892/892 262/893/893 269/894/894
f 107/895/895 269/896/896 73/897/897
f 38/898/898 199/899/899 67/900/900
f 270/901/901 223/902/902 116/903/903
f 116/904/904 231/905/905 270/906/906
f 161/907/907 271/908/908 217/909/909
f 271/910/910 379/911/911 217/912/912
f 311/913/913 324/914/914 31/915/915
f 311/916/916 292/917/917 324/918/918
f 351/919/919 333/920/920 55/921/921
f 348/922/922 53/923/923 191/924/924
f 50/925/925 266/926/926 360/927/927
f 312/928/928 50/929/929 360/930/930
f 332/931/931 63/932/932 224/933/933
f 102/934/934 322/935/935 278/936/936
f 273/937/937 238/938/938 279/939/939
f 222/940/940 280/941/941 166/942/942
f 344/943/943 145/944/944 41/945/945
f 241/946/946 243/947/947 166/948/948
f 283/949/949 54/950/950 188/951/951
f 283/952/952 188/953/953 142/954/954
f 285/955/955 260/956/956 375/957/957
f 49/958/958 178/959/959 350/960/960
f 168/961/961 350/962/962 178/963/963
f 106/964/964 320/965/965 353/966/966
f 267/967/967 195/968/968 237/969/969
f 66/970/970 242/971/971 45/972/972
f 288/973/973 181/974/974 233/975/975
f 222/976/976 243/977/977 146/978/978
f 195/979/979 52/980/980 112/981/981
f 306/982/982 112/983/983 85/984/984
f 173/985/985 148/986/986 318/987/987
f 246/988/988 148/989/989 173/990/990
f 58/991/991 181/992/992 354/993/993
f 181/994/994 153/995/995 233/996/996
f 290/997/997 179/998/998 139/999/999
f 291/1000/1000 143/1001/1001 169/1002/1002
f 167/1003/1003 51/1004/1004 30/1005/1005
f 180/1006/1006 156/1007/1007 295/1008/1008
f 295/1009/1009 156/1010/1010 96/1011/1011
f 34/1012/1012 296/1013/1013 293/1014/1014
f 296/1015/1015 34/1016/1016 105/1017/1017
f 125/1018/1018 221/1019/1019 266/1020/1020
f 50/1021/1021 125/1022/1022 266/1023/1023
f 105/1024/1024 34/1025/1025 111/1026/1026
f 291/1027/1027 169/1028/1028 258/1029/1029
f 26/1030/1030 129/1031/1031 30/1032/1032
f 297/1033/1033 228/1034/1034 200/1035/1035
f 255/1036/1036 228/1037/1037 297/1038/1038
f 134/1039/1039 232/1040/1040 298/1041/1041
f 359/1042/1042 111/1043/1043 299/1044/1044
f 300/1045/1045 115/1046/1046 374/1047/1047
f 90/1048/1048 175/1049/1049 301/1050/1050
f 59/1051/1051 183/1052/1052 147/1053/1053
f 304/1054/1054 175/1055/1055 43/1056/1056
f 308/1057/1057 94/1058/1058 181/1059/1059
f 348/1060/1060 191/1061/1061 309/1062/1062
f 309/1063/1063 118/1064/1064 330/1065/1065
f 347/1066/1066 390/1067/1067 160/1068/1068
f 63/1069/1069 332/1070/1070 346/1071/1071
f 110/1072/1072 74/1073/1073 310/1074/1074
f 369/1075/1075 47/1076/1076 312/1077/1077
f 312/1078/1078 47/1079/1079 50/1080/1080
f 201/1081/1081 305/1082/1082 313/1083/1083
f 143/1084/1084 165/1085/1085 169/1086/1086
f 233/1087/1087 69/1088/1088 288/1089/1089
f 69/1090/1090 282/1091/1091 212/1092/1092
f 132/1093/1093 197/1094/1094 250/1095/1095
f 250/1096/1096 197/1097/1097 196/1098/1098
f 185/1099/1099 315/1100/1100 145/1101/1101
f 221/1102/1102 345/1103/1103 228/1104/1104
f 302/1105/1105 319/1106/1106 196/1107/1107
f 316/1108/1108 141/1109/1109 113/1110/1110
f 318/1111/1111 91/1112/1112 44/1113/1113
f 353/1114/1114 320/1115/1115 137/1116/1116
f 171/1117/1117 47/1118/1118 263/1119/1119
f 234/1120/1120 322/1121/1121 102/1122/1122
f 75/1123/1123 57/1124/1124 71/1125/1125
f 324/1126/1126 292/1127/1127 272/1128/1128
f 214/1129/1129 203/1130/1130 208/1131/1131
f 325/1132/1132 347/1133/1133 247/1134/1134
f 361/1135/1135 235/1136/1136 326/1137/1137
f 215/1138/1138 189/1139/1139 217/1140/1140
f 99/1141/1141 168/1142/1142 178/1143/1143
f 369/1144/1144 168/1145/1145 99/1146/1146
f 70/1147/1147 261/1148/1148 131/1149/1149
f 72/1150/1150 81/1151/1151 328/1152/1152
f 126/1153/1153 336/1154/1154 328/1155/1155
f 329/1156/1156 49/1157/1157 267/1158/1158
f 329/1159/1159 267/1160/1160 237/1161/1161
f 211/1162/1162 207/1163/1163 143/1164/1164
f 199/1165/1165 153/1166/1166 58/1167/1167
f 197/1168/1168 302/1169/1169 196/1170/1170
f 129/1171/1171 331/1172/1172 74/1173/1173
f 169/1174/1174 138/1175/1175 46/1176/1176
f 138/1177/1177 163/1178/1178 46/1179/1179
f 335/1180/1180 238/1181/1181 229/1182/1182
f 229/1183/1183 385/1184/1184 335/1185/1185
f 131/1186/1186 321/1187/1187 286/1188/1188
f 172/1189/1189 131/1190/1190 261/1191/1191
f 64/1192/1192 296/1193/1193 274/1194/1194
f 340/1195/1195 202/1196/1196 342/1197/1197
f 123/1198/1198 146/1199/1199 243/1200/1200
f 209/1201/1201 184/1202/1202 108/1203/1203
f 154/1204/1204 343/1205/1205 145/1206/1206
f 157/1207/1207 145/1208/1208 343/1209/1209
f 51/1210/1210 53/1211/1211 174/1212/1212
f 110/1213/1213 327/1214/1214 98/1215/1215
f 70/1216/1216 59/1217/1217 147/1218/1218
f 147/1219/1219 249/1220/1220 70/1221/1221
f 67/1222/1222 141/1223/1223 316/1224/1224
f 67/1225/1225 256/1226/1226 289/1227/1227
f 228/1228/1228 345/1229/1229 200/1230/1230
f 134/1231/1231 339/1232/1232 113/1233/1233
f 77/1234/1234 389/1235/1235 273/1236/1236
f 9/1237/1237 230/1238/1238 383/1239/1239
f 194/1240/1240 348/1241/1241 106/1242/1242
f 289/1243/1243 38/1244/1244 67/1245/1245
f 97/1246/1246 339/1247/1247 298/1248/1248
f 315/1249/1249 189/1250/1250 215/1251/1251
f 315/1252/1252 215/1253/1253 145/1254/1254
f 237/1255/1255 85/1256/1256 189/1257/1257
f 111/1258/1258 77/1259/1259 299/1260/1260
f 252/1261/1261 190/1262/1262 89/1263/1263
f 194/1264/1264 132/1265/1265 220/1266/1266
f 321/1267/1267 272/1268/1268 292/1269/1269
f 302/1270/1270 68/1271/1271 292/1272/1272
f 47/1273/1273 171/1274/1274 50/1275/1275
f 44/1276/1276 173/1277/1277 318/1278/1278
f 33/1279/1279 133/1280/1280 361/1281/1281
f 286/1282/1282 321/1283/1283 353/1284/1284
f 353/1285/1285 137/1286/1286 286/1287/1287
f 214/1288/1288 304/1289/1289 43/1290/1290
f 79/1291/1291 251/1292/1292 40/1293/1293
f 79/1294/1294 376/1295/1295 144/1296/1296
f 329/1297/1297 315/1298/1298 185/1299/1299
f 70/1300/1300 381/1301/1301 59/1302/1302
f 358/1303/1303 26/1304/1304 28/1305/1305
f 315/1306/1306 329/1307/1307 237/1308/1308
f 336/1309/1309 207/1310/1310 119/1311/1311
f 191/1312/1312 357/1313/1313 118/1314/1314
f 28/1315/1315 317/1316/1316 391/1317/1317
f 206/1318/1318 162/1319/1319 349/1320/1320
f 180/1321/1321 367/1322/1322 156/1323/1323
f 354/1324/1324 181/1325/1325 294/1326/1326
f 64/1327/1327 287/1328/1328 204/1329/1329
f 361/1330/1330 133/1331/1331 163/1332/1332
f 39/1333/1333 362/1334/1334 230/1335/1335
f 318/1336/1336 61/1337/1337 91/1338/1338
f 88/1339/1339 180/1340/1340 295/1341/1341
f 334/1342/1342 364/1343/1343 55/1344/1344
f 364/1345/1345 351/1346/1346 55/1347/1347
f 157/1348/1348 148/1349/1349 284/1350/1350
f 365/1351/1351 78/1352/1352 84/1353/1353
f 372/1354/1354 152/1355/1355 366/1356/1356
f 234/1357/1357 102/1358/1358 357/1359/1359
f 368/1360/1360 264/1361/1361 198/1362/1362
f 161/1363/1363 349/1364/1364 162/1365/1365
f 87/1366/1366 82/1367/1367 200/1368/1368
f 159/1369/1369 327/1370/1370 254/1371/1371
f 323/1372/1372 246/1373/1373 54/1374/1374
f 247/1375/1375 123/1376/1376 243/1377/1377
f 239/1378/1378 340/1379/1379 367/1380/1380
f 67/1381/1381 58/1382/1382 141/1383/1383
f 162/1384/1384 206/1385/1385 280/1386/1386
f 355/1387/1387 223/1388/1388 183/1389/1389
f 58/1390/1390 354/1391/1391 141/1392/1392
f 236/1393/1393 149/1394/1394 303/1395/1395
f 35/1396/1396 236/1397/1397 303/1398/1398
f 262/1399/1399 388/1400/1400 371/1401/1401
f 371/1402/1402 205/1403/1403 103/1404/1404
f 189/1405/1405 161/1406/1406 217/1407/1407
f 88/1408/1408 372/1409/1409 180/1410/1410
f 137/1411/1411 373/1412/1412 286/1413/1413
f 151/1414/1414 276/1415/1415 56/1416/1416
f 137/1417/1417 320/1418/1418 330/1419/1419
f 137/1420/1420 330/1421/1421 373/1422/1422
f 242/1423/1423 31/1424/1424 370/1425/1425
f 387/1426/1426 40/1427/1427 205/1428/1428
f 216/1429/1429 282/1430/1430 281/1431/1431
f 336/1432/1432 126/1433/1433 207/1434/1434
f 75/1435/1435 300/1436/1436 374/1437/1437
f 286/1438/1438 373/1439/1439 131/1440/1440
f 305/1441/1441 201/1442/1442 81/1443/1443
f 125/1444/1444 345/1445/1445 221/1446/1446
f 115/1447/1447 77/1448/1448 374/1449/1449
f 77/1450/1450 115/1451/1451 177/1452/1452
f 308/1453/1453 53/1454/1454 220/1455/1455
f 375/1456/1456 236/1457/1457 230/1458/1458
f 230/1459/1459 362/1460/1460 375/1461/1461
f 313/1462/1462 305/1463/1463 164/1464/1464
f 363/1465/1465 164/1466/1466 32/1467/1467
f 63/1468/1468 97/1469/1469 260/1470/1470
f 293/1471/1471 204/1472/1472 34/1473/1473
f 25/1474/1474 269/1475/1475 392/1476/1476
f 40/1477/1477 376/1478/1478 79/1479/1479
f 303/1480/1480 218/1481/1481 37/1482/1482
f 241/1483/1483 90/1484/1484 301/1485/1485
f 297/1486/1486 351/1487/1487 79/1488/1488
f 356/1489/1489 95/1490/1490 107/1491/1491
f 179/1492/1492 290/1493/1493 244/1494/1494
f 391/1495/1495 248/1496/1496 358/1497/1497
f 37/1498/1498 207/1499/1499 211/1500/1500
f 55/1501/1501 333/1502/1502 158/1503/1503
f 351/1504/1504 151/1505/1505 56/1506/1506
f 81/1507/1507 72/1508/1508 352/1509/1509
f 323/1510/1510 41/1511/1511 284/1512/1512
f 145/1513/1513 284/1514/1514 41/1515/1515
f 123/1516/1516 71/1517/1517 57/1518/1518
f 279/1519/1519 120/1520/1520 273/1521/1521
f 279/1522/1522 238/1523/1523 120/1524/1524
f 287/1525/1525 86/1526/1526 204/1527/1527
f 322/1528/1528 234/1529/1529 380/1530/1530
f 380/1531/1531 98/1532/1532 322/1533/1533
f 381/1534/1534 70/1535/1535 373/1536/1536
f 278/1537/1537 257/1538/1538 102/1539/1539
f 382/1540/1540 170/1541/1541 338/1542/1542
f 183/1543/1543 59/1544/1544 355/1545/1545
f 203/1546/1546 307/1547/1547 208/1548/1548
f 140/1549/1549 171/1550/1550 263/1551/1551
f 265/1552/1552 268/1553/1553 188/1554/1554
f 172/1555/1555 261/1556/1556 377/1557/1557
f 302/1558/1558 292/1559/1559 78/1560/1560
f 362/1561/1561 252/1562/1562 89/1563/1563
f 89/1564/1564 224/1565/1565 285/1566/1566
f 89/1567/1567 285/1568/1568 362/1569/1569
f 174/1570/1570 333/1571/1571 56/1572/1572
f 292/1573/1573 68/1574/1574 321/1575/1575
f 384/1576/1576 387/1577/1577 205/1578/1578
f 150/1579/1579 265/1580/1580 188/1581/1581
f 114/1582/1582 93/1583/1583 222/1584/1584
f 133/1585/1585 33/1586/1586 393/1587/1587
f 54/1588/1588 275/1589/1589 108/1590/1590
f 193/1591/1591 348/1592/1592 194/1593/1593
f 25/1594/1594 259/1595/1595 346/1596/1596
f 36/1597/1597 193/1598/1598 194/1599/1599
f 327/1600/1600 310/1601/1601 254/1602/1602
f 391/1603/1603 317/1604/1604 248/1605/1605
f 357/1606/1606 167/1607/1607 30/1608/1608
f 141/1609/1609 341/1610/1610 113/1611/1611
f 191/1612/1612 51/1613/1613 167/1614/1614
f 353/1615/1615 321/1616/1616 68/1617/1617
f 77/1618/1618 177/1619/1619 389/1620/1620
f 332/1621/1621 390/1622/1622 346/1623/1623
f 365/1624/1624 84/1625/1625 363/1626/1626
f 101/1627/1627 292/1628/1628 311/1629/1629
f 107/1630/1630 384/1631/1631 388/1632/1632
f 216/1633/1633 38/1634/1634 219/1635/1635
f 169/1636/1636 277/1637/1637 138/1638/1638
f 386/1639/1639 325/1640/1640 243/1641/1641
f 287/1642/1642 93/1643/1643 57/1644/1644
f 256/1645/1645 67/1646/1646 316/1647/1647
f 139/1648/1648 275/1649/1649 231/1650/1650
f 347/1651/1651 123/1652/1652 247/1653/1653
f 367/1654/1654 44/1655/1655 239/1656/1656
f 154/1657/1657 215/1658/1658 217/1659/1659
f 217/1660/1660 379/1661/1661 154/1662/1662
f 178/1663/1663 344/1664/1664 99/1665/1665
f 97/1666/1666 298/1667/1667 236/1668/1668
f 152/1669/1669 265/1670/1670 337/1671/1671
f 185/1672/1672 49/1673/1673 329/1674/1674
f 31/1675/1675 377/1676/1676 80/1677/1677
f 33/1678/1678 342/1679/1679 202/1680/1680
f 315/1681/1681 237/1682/1682 189/1683/1683
f 128/1684/1684 117/1685/1685 307/1686/1686
f 234/1687/1687 245/1688/1688 380/1689/1689
f 323/1690/1690 148/1691/1691 246/1692/1692
f 123/1693/1693 190/1694/1694 71/1695/1695
f 241/1696/1696 349/1697/1697 90/1698/1698
f 270/1699/1699 231/1700/1700 24/1701/1701
f 274/1702/1702 296/1703/1703 136/1704/1704
f 163/1705/1705 187/1706/1706 235/1707/1707
f 319/1708/1708 302/1709/1709 78/1710/1710
f 313/1711/1711 127/1712/1712 201/1713/1713
f 127/1714/1714 192/1715/1715 201/1716/1716
f 183/1717/1717 223/1718/1718 270/1719/1719
f 174/1720/1720 158/1721/1721 333/1722/1722
f 128/1723/1723 95/1724/1724 117/1725/1725
f 371/1726/1726 25/1727/1727 262/1728/1728
f 374/1729/1729 77/1730/1730 100/1731/1731
f 198/1732/1732 202/1733/1733 83/1734/1734
f 356/1735/1735 107/1736/1736 73/1737/1737
f 341/1738/1738 109/1739/1739 42/1740/1740
f 134/1741/1741 298/1742/1742 339/1743/1743
f 86/1744/1744 57/1745/1745 75/1746/1746
f 64/1747/1747 271/1748/1748 161/1749/1749
f 134/1750/1750 182/1751/1751 232/1752/1752
f 179/1753/1753 244/1754/1754 225/1755/1755
f 113/1756/1756 42/1757/1757 182/1758/1758
f 106/1759/1759 353/1760/1760 68/1761/1761
f 91/1762/1762 105/1763/1763 239/1764/1764
f 38/1765/1765 289/1766/1766 219/1767/1767
f 109/1768/1768 354/1769/1769 294/1770/1770
f 273/1771/1771 120/1772/1772 299/1773/1773
f 99/1774/1774 41/1775/1775 369/1776/1776
f 143/1777/1777 291/1778/1778 211/1779/1779
f 255/1780/1780 144/1781/1781 226/1782/1782
f 305/1783/1783 81/1784/1784 352/1785/1785
f 165/1786/1786 277/1787/1787 169/1788/1788
f 317/1789/1789 27/1790/1790 276/1791/1791
f 238/1792/1792 359/1793/1793 120/1794/1794
f 27/1795/1795 317/1796/1796 28/1797/1797
f 180/1798/1798 314/1799/1799 150/1800/1800
f 45/1801/1801 242/1802/1802 370/1803/1803
f 43/1804/1804 175/1805/1805 90/1806/1806
f 110/1807/1807 98/1808/1808 245/1809/1809
f 98/1810/1810 380/1811/1811 245/1812/1812
f 131/1813/1813 172/1814/1814 321/1815/1815
f 58/1816/1816 153/1817/1817 181/1818/1818
f 116/1819/1819 223/1820/1820 92/1821/1821
f 214/1822/1822 208/1823/1823 304/1824/1824
f 214/1825/1825 43/1826/1826 112/1827/1827
f 306/1828/1828 195/1829/1829 112/1830/1830
f 359/1831/1831 83/1832/1832 105/1833/1833
f 206/1834/1834 166/1835/1835 280/1836/1836
f 226/1837/1837 144/1838/1838 203/1839/1839
f 80/1840/1840 88/1841/1841 31/1842/1842
f 352/1843/1843 109/1844/1844 305/1845/1845
f 385/1846/1846 368/1847/1847 335/1848/1848
f 115/1849/1849 300/1850/1850 60/1851/1851
f 335/1852/1852 368/1853/1853 238/1854/1854
f 301/1855/1855 175/1856/1856 356/1857/1857
f 339/1858/1858 316/1859/1859 113/1860/1860
f 104/1861/1861 82/1862/1862 171/1863/1863
f 60/1864/1864 253/1865/1865 115/1866/1866
f 138/1867/1867 277/1868/1868 187/1869/1869
f 49/1870/1870 185/1871/1871 178/1872/1872
f 185/1873/1873 344/1874/1874 178/1875/1875
f 331/1876/1876 129/1877/1877 26/1878/1878
f 122/1879/1879 334/1880/1880 130/1881/1881
f 141/1882/1882 354/1883/1883 341/1884/1884
f 172/1885/1885 377/1886/1886 31/1887/1887
f 37/1888/1888 211/1889/1889 291/1890/1890
f 180/1891/1891 150/1892/1892 367/1893/1893
f 205/1894/1894 135/1895/1895 103/1896/1896
f 130/1897/1897 69/1898/1898 212/1899/1899
f 192/1900/1900 127/1901/1901 84/1902/1902
f 89/1903/1903 190/1904/1904 224/1905/1905
f 351/1906/1906 364/1907/1907 334/1908/1908
f 64/1909/1909 274/1910/1910 271/1911/1911
f 388/1912/1912 205/1913/1913 371/1914/1914
f 388/1915/1915 384/1916/1916 205/1917/1917
f 144/1918/1918 376/1919/1919 128/1920/1920
f 307/1921/1921 144/1922/1922 128/1923/1923
f 283/1924/1924 121/1925/1925 275/1926/1926
f 81/1927/1927 201/1928/1928 126/1929/1929
f 98/1930/1930 227/1931/1931 355/1932/1932
f 235/1933/1933 295/1934/1934 96/1935/1935
f 323/1936/1936 54/1937/1937 108/1938/1938
f 331/1939/1939 310/1940/1940 74/1941/1941
f 273/1942/1942 378/1943/1943 48/1944/1944
f 139/1945/1945 244/1946/1946 290/1947/1947
f 71/1948/1948 7/1949/1949 240/1950/1950
f 76/1951/1951 346/1952/1952 390/1953/1953
f 62/1954/1954 234/1955/1955 129/1956/1956
f 270/1957/1957 147/1958/1958 183/1959/1959
f 53/1960/1960 348/1961/1961 193/1962/1962
f 56/1963/1963 333/1964/1964 351/1965/1965
f 379/1966/1966 61/1967/1967 154/1968/1968
f 127/1969/1969 363/1970/1970 84/1971/1971
f 62/1972/1972 245/1973/1973 234/1974/1974
f 331/1975/1975 26/1976/1976 254/1977/1977
f 65/1978/1978 254/1979/1979 26/1980/1980
f 301/1981/1981 73/1982/1982 386/1983/1983
f 93/1984/1984 161/1985/1985 222/1986/1986
f 181/1987/1987 109/1988/1988 294/1989/1989
f 63/1990/1990 256/1991/1991 97/1992/1992
f 80/1993/1993 152/1994/1994 88/1995/1995
f 101/1996/1996 78/1997/1997 292/1998/1998
f 95/1999/1999 356/2000/2000 175/2001/2001
f 275/2002/2002 140/2003/2003 263/2004/2004
f 139/2005/2005 140/2006/2006 275/2007/2007
f 376/2008/2008 40/2009/2009 95/2010/2010
f 95/2011/2011 40/2012/2012 387/2013/2013
f 239/2014/2014 105/2015/2015 202/2016/2016
f 277/2017/2017 45/2018/2018 187/2019/2019
f 101/2020/2020 66/2021/2021 143/2022/2022
f 143/2023/2023 66/2024/2024 165/2025/2025
f 100/2026/2026 77/2027/2027 34/2028/2028
f 276/2029/2029 51/2030/2030 174/2031/2031
f 177/2032/2032 253/2033/2033 378/2034/2034
f 220/2035/2035 53/2036/2036 36/2037/2037
f 341/2038/2038 42/2039/2039 113/2040/2040
f 196/2041/2041 319/2042/2042 250/2043/2043
f 28/2044/2044 391/2045/2045 358/2046/2046
f 379/2047/2047 136/2048/2048 61/2049/2049
f 40/2050/2050 251/2051/2051 135/2052/2052
f 75/2053/2053 100/2054/2054 86/2055/2055
f 115/2056/2056 253/2057/2057 177/2058/2058
f 345/2059/2059 125/2060/2060 87/2061/2061
f 154/2062/2062 318/2063/2063 343/2064/2064
f 318/2065/2065 154/2066/2066 61/2067/2067
f 92/2068/2068 159/2069/2069 65/2070/2070
f 260/2071/2071 97/2072/2072 236/2073/2073
f 102/2074/2074 257/2075/2075 330/2076/2076
f 241/2077/2077 301/2078/2078 386/2079/2079
f 338/2080/2080 170/2081/2081 60/2082/2082
f 69/2083/2083 233/2084/2084 282/2085/2085
f 160/2086/2086 390/2087/2087 332/2088/2088
f 263/2089/2089 108/2090/2090 275/2091/2091
f 383/2092/2092 230/2093/2093 236/2094/2094
f 303/2095/2095 37/2096/2096 253/2097/2097
f 256/2098/2098 63/2099/2099 346/2100/2100
f 379/2101/2101 274/2102/2102 136/2103/2103
f 170/2104/2104 253/2105/2105 60/2106/2106
f 35/2107/2107 253/2108/2108 170/2109/2109
f 153/2110/2110 282/2111/2111 233/2112/2112
f 155/2113/2113 338/2114/2114 60/2115/2115
f 34/2116/2116 204/2117/2117 100/2118/2118
f 148/2119/2119 157/2120/2120 318/2121/2121
f 159/2122/2122 254/2123/2123 65/2124/2124
f 114/2125/2125 146/2126/2126 57/2127/2127
f 282/2128/2128 153/2129/2129 199/2130/2130
f 282/2131/2131 199/2132/2132 281/2133/2133
f 300/2134/2134 71/2135/2135 155/2136/2136
f 300/2137/2137 155/2138/2138 60/2139/2139
f 385/2140/2140 264/2141/2141 368/2142/2142
f 55/2143/2143 158/2144/2144 130/2145/2145
f 237/2146/2146 306/2147/2147 85/2148/2148
f 272/2149/2149 172/2150/2150 31/2151/2151
f 96/2152/2152 340/2153/2153 342/2154/2154
f 337/2155/2155 366/2156/2156 152/2157/2157
f 366/2158/2158 337/2159/2159 314/2160/2160
f 91/2161/2161 61/2162/2162 105/2163/2163
f 109/2164/2164 94/2165/2165 186/2166/2166
f 237/2167/2167 195/2168/2168 306/2169/2169
f 337/2170/2170 265/2171/2171 150/2172/2172
f 273/2173/2173 389/2174/2174 378/2175/2175
f 378/2176/2176 389/2177/2177 177/2178/2178
f 392/2179/2179 269/2180/2180 262/2181/2181
f 25/2182/2182 392/2183/2183 262/2184/2184
f 191/2185/2185 53/2186/2186 51/2187/2187
f 64/2188/2188 293/2189/2189 296/2190/2190
f 305/2191/2191 109/2192/2192 186/2193/2193
f 383/2194/2194 236/2195/2195 382/2196/2196
f 74/2197/2197 110/2198/2198 245/2199/2199
f 176/2200/2200 327/2201/2201 159/2202/2202
f 362/2203/2203 285/2204/2204 375/2205/2205
f 393/2206/2206 198/2207/2207 133/2208/2208
f 210/2209/2209 6/2210/2210 39/2211/2211
f 301/2212/2212 356/2213/2213 73/2214/2214
f 385/2215/2215 229/2216/2216 46/2217/2217
f 75/2218/2218 374/2219/2219 100/2220/2220
f 33/2221/2221 198/2222/2222 393/2223/2223
f 219/2224/2224 213/2225/2225 103/2226/2226
f 214/2227/2227 266/2228/2228 203/2229/2229
f 379/2230/2230 271/2231/2231 274/2232/2232
f 268/2233/2233 265/2234/2234 152/2235/2235
f 81/2236/2236 126/2237/2237 328/2238/2238
f 299/2239/2239 77/2240/2240 273/2241/2241
f 101/2242/2242 311/2243/2243 242/2244/2244
f 220/2245/2245 132/2246/2246 186/2247/2247
f 190/2248/2248 160/2249/2249 224/2250/2250
f 385/2251/2251 46/2252/2252 133/2253/2253
f 76/2254/2254 347/2255/2255 25/2256/2256
f 347/2257/2257 76/2258/2258 390/2259/2259
f 324/2260/2260 272/2261/2261 31/2262/2262
f 189/2263/2263 85/2264/2264 349/2265/2265
f 231/2266/2266 244/2267/2267 139/2268/2268
f 32/2269/2269 250/2270/2270 365/2271/2271
f 179/2272/2272 171/2273/2273 140/2274/2274
f 341/2275/2275 354/2276/2276 109/2277/2277
f 130/2278/2278 158/2279/2279 69/2280/2280
f 158/2281/2281 124/2282/2282 69/2283/2283
f 342/2284/2284 326/2285/2285 96/2286/2286
f 9/2287/2287 39/2288/2288 230/2289/2289
f 136/2290/2290 296/2291/2291 61/2292/2292
f 139/2293/2293 179/2294/2294 140/2295/2295
f 94/2296/2296 308/2297/2297 220/2298/2298
f 64/2299/2299 161/2300/2300 287/2301/2301
f 182/2302/2302 352/2303/2303 72/2304/2304
f 225/2305/2305 82/2306/2306 104/2307/2307
f 130/2308/2308 212/2309/2309 122/2310/2310
f 276/2311/2311 174/2312/2312 56/2313/2313
f 114/2314/2314 222/2315/2315 146/2316/2316
f 65/2317/2317 225/2318/2318 244/2319/2319
f 360/2320/2320 266/2321/2321 214/2322/2322
f 124/2323/2323 308/2324/2324 288/2325/2325
f 31/2326/2326 88/2327/2327 370/2328/2328
f 180/2329/2329 372/2330/2330 366/2331/2331
f 180/2332/2332 366/2333/2333 314/2334/2334
f 169/2335/2335 46/2336/2336 258/2337/2337
f 79/2338/2338 351/2339/2339 334/2340/2340
f 334/2341/2341 122/2342/2342 79/2343/2343
f 71/2344/2344 300/2345/2345 75/2346/2346
f 189/2347/2347 349/2348/2348 161/2349/2349
f 326/2350/2350 235/2351/2351 96/2352/2352
f 181/2353/2353 288/2354/2354 308/2355/2355
f 118/2356/2356 102/2357/2357 330/2358/2358
f 209/2359/2359 108/2360/2360 263/2361/2361
f 102/2362/2362 118/2363/2363 357/2364/2364
f 346/2365/2365 259/2366/2366 256/2367/2367
f 318/2368/2368 157/2369/2369 343/2370/2370
f 162/2371/2371 222/2372/2372 161/2373/2373
f 91/2374/2374 239/2375/2375 44/2376/2376
f 307/2377/2377 117/2378/2378 208/2379/2379
f 370/2380/2380 235/2381/2381 45/2382/2382
f 283/2383/2383 275/2384/2384 54/2385/2385
f 235/2386/2386 88/2387/2387 295/2388/2388
f 370/2389/2389 88/2390/2390 235/2391/2391
f 170/2392/2392 382/2393/2393 35/2394/2394
f 302/2395/2395 106/2396/2396 68/2397/2397
f 80/2398/2398 268/2399/2399 152/2400/2400
f 199/2401/2401 58/2402/2402 67/2403/2403
