# File exported by Houdini 16.5.405 (www.sidefx.com)
# 237 points
# 1410 vertices
# 470 primitives
# Bounds: [-11.2643995, -0.172099993, -8.13379955] to [11.5713997, 10.4843998, 8.13379955]
g 
v 1.65690005 9.59659958 -4.14179993
v 1.19000006 9.70409966 5.56220007
v 8.34500027 10.4843998 3.35150003
v 2.50650001 4.90530014 -8.03219986
v 9.61419964 5.83230019 -3.7420001
v 3.60310006 2.85419989 -7.22819996
v -6.14160013 5.34899998 -4.26100016
v -7.58879995 5.86199999 -3.35770011
v -4.90479994 5.93550014 -5.50909996
v 1.01240003 8.0965004 7.1177001
v 0.805199981 9.09799957 6.73220015
v -0.738099992 7.33050013 7.49429989
v 2.07220006 9.47060013 -4.95730019
v -6.92269993 6.46659994 -3.64590001
v -3.48530006 8.86660004 -0.842700005
v -9.96389961 6.13609982 4.66160011
v -7.96159983 6.79990005 5.64459991
v -8.45680046 7.60430002 4.35830021
v 6.11859989 6.23059988 6.1427002
v 1.95580006 5.80210018 7.44150019
v 4.82420015 5.07399988 6.47389984
v 9.33990002 10.2855997 2.36450005
v -1.47950006 7.26259995 -7.11679983
v 4.42339993 7.81850004 -6.23379993
v 4.1796999 8.69789982 -5.39699984
v 7.34140015 8.16639996 -3.83299994
v 1.43939996 2.05559993 -6.94920015
v 2.60389996 1.8096 -6.57009983
v 1.20449996 0.917900026 -5.64989996
v -6.55980015 7.35790014 5.99259996
v -3.68359995 8.3664999 6.4046998
v -5.3757 8.24629974 5.43179989
v -4.1395998 8.98429966 0.260899991
v -6.51200008 3.2658999 -2.62890005
v -9.80780029 4.35290003 -0.432599992
v -10.0591002 6.87979984 1.91419995
v -10.8126001 6.21570015 3.10409999
v -9.24660015 7.51289988 3.36610007
v 10.9147997 9.19110012 1.47730005
v 11.2558002 8.37300014 2.08789992
v 11.4219999 8.20909977 1.20130002
v 9.4520998 8.38770008 -2.3907001
v 9.51580048 7.06239986 -3.43869996
v 7.27059984 7.31699991 -4.7171998
v 3.76329994 6.51819992 -7.3592
v 2.22959995 7.99039984 -6.96280003
v -0.44690001 7.50820017 -7.26749992
v 2.12910008 8.93980026 -5.9684
v 0.570900023 7.02570009 -7.73110008
v 1.69369996 7.20419979 -7.61689997
v 1.44079995 5.84849977 -8.13379955
v -5.14379978 2.84929991 -3.47429991
v 0.0351999998 4.53639984 -7.9369998
v -1.24249995 8.12609959 7.06610012
v -8.87220001 4.67840004 5.91699982
v -8.99520016 4.25250006 5.09649992
v -6.46260023 4.46080017 6.81020021
v 6.27260017 9.45020008 5.49310017
v 3.41779995 9.93200016 5.8302002
v 3.88700008 9.17160034 6.22599983
v 9.39589977 10.0556002 3.17030001
v 10.9336004 8.45569992 -0.670599997
v 11.3919001 7.88059998 -0.172000006
v 10.9820004 7.44229984 -1.47930002
v -10.9322996 5.68470001 1.31079996
v -10.9021997 5.03579998 0.721499979
v -11.2643995 5.26259995 2.2809999
v -10.1197996 5.13189983 5.18069983
v -10.2746 4.49109983 4.35860014
v -11.1093998 4.8052001 3.16599989
v -11.1105003 4.54640007 1.9993
v -10.8533001 4.30989981 2.8749001
v -3.96070004 5.38250017 8.02229977
v -6.08790016 4.85029984 7.39510012
v -4.6013999 4.75019979 7.72009993
v 9.52200031 4.6269002 -3.7190001
v 6.12319994 8.12150002 5.96430016
v 8.10270023 8.58419991 5.17420006
v 3.64689994 7.04470015 6.86240005
v -1.63759995 1.77380002 -5.11730003
v 9.34689999 9.04199982 4.33780003
v 7.94939995 9.64970016 4.75229979
v 10 6.68499994 4.24160004
v 11.2987003 6.46120024 1.97500002
v 11.1217003 7.40570021 2.76020002
v -8.07460022 8.16119957 2.81999993
v -2.28830004 9.03789997 6.03950024
v -9.57520008 6.78149986 0.129700005
v -6.97819996 8.39400005 1.72070003
v -5.10909986 6.57280016 -5.14309978
v -2.75939989 6.86210012 -6.68100023
v -0.847500026 5.40869999 -7.79629993
v -2.32329988 5.88689995 -7.17530012
v -0.688000023 6.37769985 -7.77150011
v -7.57130003 5.55259991 6.83330011
v -7.27710009 6.23649979 6.59670019
v -9.26780033 5.63240004 5.68550014
v -3.26670003 6.81650019 7.78319979
v -4.91160011 5.80550003 7.73500013
v 10.7184 9.16429996 0.224999994
v 11.2124996 8.59300041 0.520399988
v 6.48589993 9.60179996 -2.22519994
v 7.0532999 8.8465004 -3.15459991
v 3.87750006 9.25329971 -4.74020004
v -10.2823 5.96000004 0.0188999996
v -9.69149971 5.54650021 -1.20469999
v -2.02169991 8.42520046 6.70039988
v -0.864700019 9.24779987 6.3137002
v 11.5151997 7.05490017 1.41369998
v 1.5108 4.56020021 -8.11789989
v 2.85439992 3.45440006 -7.70039988
v 1.56649995 3.68610001 -7.89179993
v 0.133399993 5.43660021 -8.04539967
v 0.812399983 3.20350003 -7.59889984
v -3.97040009 7.44099998 7.2020998
v -5.7730999 6.12869978 7.35160017
v 6.28669977 10.2424002 4.91450024
v 9.25500011 9.76329994 3.87849998
v 7.66300011 10.3753004 4.16419983
v -10.3259001 6.49189997 3.71269989
v -10.7757998 4.80490017 4.06960011
v -10.7750998 5.58400011 4.1862998
v -11.1133003 5.33419991 3.44880009
v -9.93519974 3.80259991 0.337199986
v -0.0821999982 5.97020006 7.90259981
v 1.14189994 7.20629978 7.35900021
v -2.21350002 6.42759991 8.02190018
v -1.36440003 4.96000004 8.02729988
v -3.05069995 4.6645999 7.90700006
v 10.4575996 9.39960003 2.79239988
v 9.6857996 7.55140018 4.54839993
v 10.5377998 7.72160006 3.74259996
v 10.2226 8.61610031 3.86209989
v 2.88829994 5.98339987 -7.83939981
v 2.47449994 6.75689983 -7.70319986
v 3.08080006 8.67259979 -6.02960014
v 3.26239991 7.44189978 -7.09950018
v 10.3640003 7.82180023 -2.1171
v 10.5879002 6.77409983 -2.45479989
v 10.3788004 5.35290003 -2.78119993
v -9.30659962 6.46640015 -0.953499973
v 5.13899994 3.9921 6.07130003
v 9.2869997 6.47970009 4.78189993
v 8.01150036 6.56720018 5.44770002
v 7.20469999 2.5388999 -4.98659992
v 5.33690023 2.00740004 -6.03999996
v -10.7936001 6.18270016 2.18799996
v 9.93640041 9.94880009 0.920400023
v 10.1904001 8.74349976 -1.32299995
v 9.86909962 9.55090046 -0.230599999
v -9.46529961 7.26340008 1.71990001
v -5.74860001 8.46609974 4.69880009
v 10.1182003 9.86219978 2.17470002
v 0.181700006 1.31270003 -5.73430014
v -8.97239971 5.2026 6.04610014
v -2.02080011 5.67689991 8.13379955
v 8.97109985 7.88539982 4.95669985
v 7.23190022 7.26949978 5.73589993
v -10.4844999 4.70009995 0.123199999
v -8.41829967 6.34240007 -2.21460009
v 10.9123001 5.52510023 -1.78729999
v 11.3102999 6.76590014 -0.957799971
v 3.06459999 2.42910004 -7.08479977
v 2.11989999 2.92319989 -7.5374999
v 9.24339962 9.36859989 -1.15989995
v 8.81869984 6.44080019 -4.23689985
v 5.01450014 6.75610018 -6.58760023
v 10.9413004 8.47570038 2.8348
v -3.30150008 4.19649982 7.56659985
v 4.25839996 8.35239983 6.44000006
v 2.42750001 9.3980999 -5.18849993
v 11.5713997 6.83970022 0.358999997
v -6.96689987 8.20769978 4.5770998
v -7.54269981 5.07460022 6.87139988
v -6.43769979 5.48990011 7.34789991
v -10.7502003 4.29320002 1.03649998
v -6.18120003 2.80150008 -2.31399989
v 0.248500004 0.812699974 -5.03679991
v -10.3989 6.37760019 1.12870002
v 1.27649999 5.06069994 7.57740021
v 11.3610001 5.67460012 0.795899987
v 0.265500009 9.47029972 6.52299976
v -3.67050004 8.74510002 5.94659996
v -6.19990015 4.05530024 6.01550007
v -4.9987998 2.03139997 0.226899996
v 2.16039991 -0.172099993 -3.76869988
v 5.70800018 1.28009999 0.539399981
v 2.55559993 1.77419996 2.04259992
v 4.46939993 0.0785999969 -2.37059999
v 6.90619993 1.07669997 -2.55290008
v 9.09619999 2.55970001 -2.64439988
v 7.21969986 1.10599995 -1.10169995
v 10.6049995 5.60150003 2.42820001
v 5.38380003 0.328399986 -2.34960008
v 9.12619972 2.69440007 0.0132999998
v 10.7730999 4.52559996 -0.00769999996
v 5.55830002 3.06640005 5.28620005
v 3.1328001 1.17030001 -5.69010019
v 2.09229994 0.1972 -4.5935998
v -6.97310019 2.74169993 -0.925800025
v 1.14189994 0.173999995 -4.34719992
v 9.83259964 3.85660005 -2.91630006
v 10.5908003 4.35559988 -1.68490005
v -9.00080013 3.25349998 1.07560003
v -1.84940004 0.940599978 -1.98539996
v 11.2416 5.51249981 -0.729099989
v 3.71259999 4.00549984 6.60410023
v 1.09060001 4.34810019 7.42420006
v 1.58210003 3.51900005 6.81809998
v 5.95970011 1.50580001 -4.85979986
v 2.86549997 0.0173000004 -4.0788002
v 8.36200047 4.03469992 4.04920006
v 7.15040016 2.88059998 3.81229997
v 6.37790012 3.61240005 5.22529984
v 4.15999985 3.35089993 6.08930016
v 3.32660007 -0.153699994 -3.4361999
v 3.41050005 0.0754000023 -2.56509995
v 0.185200006 3.60459995 7.05270004
v 6.90059996 1.80859995 -4.62769985
v 8.06879997 2.04290009 -3.65210009
v 9.10690022 3.03509998 -3.28419995
v -0.629100025 4.23040009 7.63509989
v -10.4074001 3.83929992 1.73029995
v 9.9612999 3.25340009 -1.80050004
v 10.8134003 4.32259989 -0.728900015
v 7.83739996 1.54219997 -0.316900015
v -9.55630016 3.58299994 2.37910008
v -7.16940022 2.8678 1.57939994
v -9.1225996 3.81509995 3.75950003
v -10.1328001 4.0243001 3.43519998
v 5.74660015 0.756200016 -3.41339993
v 6.92589998 1.00909996 -0.35800001
v 6.69890022 2.91820002 4.46169996
v 9.74810028 5.10410023 3.31690001
v -9.1505003 3.33209991 0.576399982
v 8.40579987 3.14050007 -4.26910019
v 1.1552 0.00639999984 -3.68849993
vt 0.177300006 0.483799994 0
vt 0.200900003 0.619400024 0
vt 0.0948000029 0.600899994 0
vt 0.129500002 0.396600008 0
vt 0.0494000018 0.483099997 0
vt 0.0949999988 0.384900004 0
vt 0.648000002 0.944199979 0
vt 0.623700023 0.94569999 0
vt 0.666899979 0.927699983 0
vt 0.483999997 0.819000006 0
vt 0.48269999 0.834900022 0
vt 0.457700014 0.809199989 0
vt 0.702199996 0.815800011 0
vt 0.629299998 0.934099972 0
vt 0.609399974 0.863600016 0
vt 0.325199991 0.819400012 0
vt 0.35679999 0.819599986 0
vt 0.347299993 0.838699996 0
vt 0.558499992 0.786800027 0
vt 0.494300008 0.784099996 0
vt 0.537999988 0.770600021 0
vt 0.0948000029 0.600899994 0
vt 0.0807999969 0.585099995 0
vt 0.170300007 0.472600013 0
vt 0.70450002 0.888100028 0
vt 0.629299998 0.934099972 0
vt 0.702199996 0.815800011 0
vt 0.128299996 0.453799993 0
vt 0.136700004 0.468600005 0
vt 0.0939999968 0.492900014 0
vt 0.148200005 0.211099997 0
vt 0.133300006 0.201700002 0
vt 0.155399993 0.1884 0
vt 0.377000004 0.823099971 0
vt 0.416999996 0.830799997 0
vt 0.391900003 0.837800026 0
vt 0.200900003 0.619400024 0
vt 0.177300006 0.483799994 0
vt 0.267699987 0.534600019 0
vt 0.623700023 0.94569999 0
vt 0.642700016 0.981700003 0
vt 0.584999979 0.980400026 0
vt 0.545099974 0.948300004 0
vt 0.526899993 0.963 0
vt 0.525699973 0.930800021 0
vt 0.0555999987 0.570599973 0
vt 0.0423999988 0.577499986 0
vt 0.0412999988 0.564499974 0
vt 0.0697999969 0.517199993 0
vt 0.0606999993 0.496699989 0
vt 0.0899000019 0.476799995 0
vt 0.129500002 0.396600008 0
vt 0.127399996 0.42809999 0
vt 0.0494000018 0.483099997 0
vt 0.1567 0.43779999 0
vt 0.192300007 0.416099995 0
vt 0.164399996 0.456099987 0
vt 0.173500001 0.41139999 0
vt 0.158500001 0.421000004 0
vt 0.151999995 0.398900002 0
vt 0.666400015 0.978600025 0
vt 0.666899979 0.927699983 0
vt 0.744199991 0.913900018 0
vt 0.451400012 0.822799981 0
vt 0.457700014 0.809199989 0
vt 0.48269999 0.834900022 0
vt 0.339300007 0.0560000017 0
vt 0.336400002 0.0698999986 0
vt 0.306600004 0.0344000012 0
vt 0.566100001 0.834999979 0
vt 0.523999989 0.846800029 0
vt 0.528800011 0.832899988 0
vt 0.0776000023 0.596800029 0
vt 0.0807999969 0.585099995 0
vt 0.0948000029 0.600899994 0
vt 0.0526000001 0.541000009 0
vt 0.0417000018 0.54519999 0
vt 0.0445000008 0.526000023 0
vt 0.553200006 0.968699992 0
vt 0.56220001 0.975799978 0
vt 0.541100025 0.976700008 0
vt 0.339399993 0.791000009 0
vt 0.323100001 0.804099977 0
vt 0.309899986 0.797200024 0
vt 0.529900014 0.985199988 0
vt 0.546899974 0.985700011 0
vt 0.535099983 0.993099988 0
vt 0.411799997 0.785600007 0
vt 0.381199986 0.782700002 0
vt 0.401800007 0.778599977 0
vt 0.0379000008 0.470600009 0
vt 0.0949999988 0.384900004 0
vt 0.0494000018 0.483099997 0
vt 0.566100001 0.834999979 0
vt 0.560800016 0.814700007 0
vt 0.592299998 0.819999993 0
vt 0.521399975 0.800899982 0
vt 0.494300008 0.784099996 0
vt 0.558499992 0.786800027 0
vt 0.666400015 0.978600025 0
vt 0.744199991 0.913900018 0
vt 0.723999977 0.974799991 0
vt 0.614300013 0.827199996 0
vt 0.593100011 0.836799979 0
vt 0.592299998 0.819999993 0
vt 0.0394000001 0.00620000018 0
vt 0.0142000001 0.0388000011 0
vt 0.0105999997 0.0197999999 0
vt 0.267699987 0.534600019 0
vt 0.32949999 0.563799977 0
vt 0.252000004 0.620100021 0
vt 0.609399974 0.863600016 0
vt 0.570500016 0.946699977 0
vt 0.558000028 0.90079999 0
vt 0.666899979 0.927699983 0
vt 0.658699989 0.921400011 0
vt 0.691500008 0.9023 0
vt 0.727299988 0.907000005 0
vt 0.704599977 0.910300016 0
vt 0.723100007 0.89319998 0
vt 0.363200009 0.797399998 0
vt 0.367700011 0.806500018 0
vt 0.337700009 0.806100011 0
vt 0.422699988 0.80369997 0
vt 0.399899989 0.793200016 0
vt 0.411799997 0.785600007 0
vt 0.0526000001 0.541000009 0
vt 0.0592 0.554400027 0
vt 0.0489000008 0.556599975 0
vt 0.112599999 0.518299997 0
vt 0.101499997 0.504299998 0
vt 0.143800005 0.479000002 0
vt 0.609399974 0.863600016 0
vt 0.629299998 0.934099972 0
vt 0.570500016 0.946699977 0
vt 0.56220001 0.975799978 0
vt 0.57069999 0.961000025 0
vt 0.588800013 0.962000012 0
vt 0.267699987 0.534600019 0
vt 0.252000004 0.620100021 0
vt 0.200900003 0.619400024 0
vt 0.440299988 0.829599977 0
vt 0.457899988 0.842299998 0
vt 0.435900003 0.842700005 0
vt 0.0412999988 0.564499974 0
vt 0.0423999988 0.577499986 0
vt 0.0232999995 0.564599991 0
vt 0.138400003 0.3829 0
vt 0.110799998 0.3838 0
vt 0.128299996 0.373299986 0
vt 0.723100007 0.89319998 0
vt 0.756500006 0.886300027 0
vt 0.740700006 0.900699973 0
vt 0.765500009 0.905399978 0
vt 0.770600021 0.918799996 0
vt 0.744199991 0.913900018 0
vt 0.723999977 0.974799991 0
vt 0.744199991 0.913900018 0
vt 0.761300027 0.930599988 0
vt 0.413599998 0.814800024 0
vt 0.367700011 0.806500018 0
vt 0.388599992 0.799600005 0
vt 0.416999996 0.830799997 0
vt 0.377000004 0.823099971 0
vt 0.413599998 0.814800024 0
vt 0.0948000029 0.600899994 0
vt 0.200900003 0.619400024 0
vt 0.127000004 0.619400024 0
vt 0.61650002 0.84009999 0
vt 0.6074 0.857599974 0
vt 0.593100011 0.850899994 0
vt 0.170300007 0.472600013 0
vt 0.177300006 0.483799994 0
vt 0.0948000029 0.600899994 0
vt 0.170300007 0.472600013 0
vt 0.256900012 0.519800007 0
vt 0.177300006 0.483799994 0
vt 0.316100001 0.831700027 0
vt 0.325199991 0.819400012 0
vt 0.347299993 0.838699996 0
vt 0.515600026 0.988399982 0
vt 0.511699975 0.976199985 0
vt 0.524600029 0.978299975 0
vt 0.584999979 0.980400026 0
vt 0.642700016 0.981700003 0
vt 0.577799976 0.992900014 0
vt 0.464700013 0.788399994 0
vt 0.484400004 0.805599988 0
vt 0.436199993 0.796800017 0
vt 0.445600003 0.77579999 0
vt 0.411799997 0.785600007 0
vt 0.422399998 0.774200022 0
vt 0.0599999987 0.589399993 0
vt 0.0423999988 0.577499986 0
vt 0.0555999987 0.570599973 0
vt 0.617200017 0.804199994 0
vt 0.63499999 0.807299972 0
vt 0.629700005 0.821099997 0
vt 0.134200007 0.413300008 0
vt 0.145199999 0.420100003 0
vt 0.127399996 0.42809999 0
vt 0.150399998 0.457300007 0
vt 0.128299996 0.453799993 0
vt 0.140000001 0.4366 0
vt 0.0606999993 0.496699989 0
vt 0.055399999 0.519299984 0
vt 0.0443999991 0.50880003 0
vt 0.0379000008 0.470600009 0
vt 0.0494000018 0.483099997 0
vt 0.0324999988 0.491299987 0
vt 0.57069999 0.961000025 0
vt 0.585399985 0.949500024 0
vt 0.588800013 0.962000012 0
vt 0.666899979 0.927699983 0
vt 0.623700023 0.94569999 0
vt 0.658699989 0.921400011 0
vt 0.617200017 0.804199994 0
vt 0.624000013 0.791100025 0
vt 0.63499999 0.807299972 0
vt 0.543500006 0.753400028 0
vt 0.610099971 0.787899971 0
vt 0.588400006 0.790300012 0
vt 0.0693999976 0.171100006 0
vt 0.0980999991 0.186199993 0
vt 0.113899998 0.2148 0
vt 0.540899992 0.962599993 0
vt 0.526899993 0.963 0
vt 0.545099974 0.948300004 0
vt 0.585399985 0.949500024 0
vt 0.57069999 0.961000025 0
vt 0.570500016 0.946699977 0
vt 0.0724999979 0.564800024 0
vt 0.112599999 0.518299997 0
vt 0.170300007 0.472600013 0
vt 0.0592 0.554400027 0
vt 0.0632999986 0.533200026 0
vt 0.0711999983 0.549099982 0
vt 0.537800014 0.911800027 0
vt 0.549099982 0.93870002 0
vt 0.525699973 0.930800021 0
vt 0.435900003 0.842700005 0
vt 0.347000003 0.862500012 0
vt 0.384900004 0.846899986 0
vt 0.0592 0.554400027 0
vt 0.0711999983 0.549099982 0
vt 0.0724999979 0.564800024 0
vt 0.0599999987 0.589399993 0
vt 0.0555999987 0.570599973 0
vt 0.068599999 0.581399977 0
vt 0.168899998 0.194399998 0
vt 0.148200005 0.211099997 0
vt 0.155399993 0.1884 0
vt 0.541100025 0.976700008 0
vt 0.526899993 0.963 0
vt 0.540899992 0.962599993 0
vt 0.524600029 0.978299975 0
vt 0.511699975 0.976199985 0
vt 0.526899993 0.963 0
vt 0.339399993 0.791000009 0
vt 0.341500014 0.798399985 0
vt 0.323100001 0.804099977 0
vt 0.305000007 0.0222999994 0
vt 0.339300007 0.0560000017 0
vt 0.306600004 0.0344000012 0
vt 0.464700013 0.788399994 0
vt 0.437700003 0.786499977 0
vt 0.445600003 0.77579999 0
vt 0.339300007 0.0560000017 0
vt 0.353500009 0.0846000016 0
vt 0.336400002 0.0698999986 0
vt 0.605000019 0.809199989 0
vt 0.588400006 0.790300012 0
vt 0.610099971 0.787899971 0
vt 0.560800016 0.814700007 0
vt 0.576699972 0.801199973 0
vt 0.592299998 0.819999993 0
vt 0.56220001 0.975799978 0
vt 0.588800013 0.962000012 0
vt 0.572300017 0.977900028 0
vt 0.629299998 0.934099972 0
vt 0.623700023 0.94569999 0
vt 0.604600012 0.945599973 0
vt 0.629299998 0.934099972 0
vt 0.585399985 0.949500024 0
vt 0.570500016 0.946699977 0
vt 0.61650002 0.84009999 0
vt 0.593100011 0.850899994 0
vt 0.593100011 0.836799979 0
vt 0.566100001 0.834999979 0
vt 0.569800019 0.849300027 0
vt 0.523999989 0.846800029 0
vt 0.0494000018 0.483099997 0
vt 0.0443999991 0.50880003 0
vt 0.0324999988 0.491299987 0
vt 0.0221999995 0.506200016 0
vt 0.0443999991 0.50880003 0
vt 0.0318000019 0.528800011 0
vt 0.437700003 0.786499977 0
vt 0.411799997 0.785600007 0
vt 0.445600003 0.77579999 0
vt 0.436199993 0.796800017 0
vt 0.422699988 0.80369997 0
vt 0.411799997 0.785600007 0
vt 0.123899996 0.211300001 0
vt 0.113899998 0.2148 0
vt 0.0980999991 0.186199993 0
vt 0.135499999 0.224299997 0
vt 0.122100003 0.229900002 0
vt 0.123899996 0.211300001 0
vt 0.0724999979 0.564800024 0
vt 0.0776999965 0.53609997 0
vt 0.112599999 0.518299997 0
vt 0.101499997 0.504299998 0
vt 0.112599999 0.518299997 0
vt 0.0776999965 0.53609997 0
vt 0.0649000034 0.480699986 0
vt 0.114100002 0.443899989 0
vt 0.0899000019 0.476799995 0
vt 0.114100002 0.443899989 0
vt 0.140000001 0.4366 0
vt 0.128299996 0.453799993 0
vt 0.1567 0.43779999 0
vt 0.173500001 0.41139999 0
vt 0.192300007 0.416099995 0
vt 0.704599977 0.910300016 0
vt 0.691500008 0.9023 0
vt 0.723100007 0.89319998 0
vt 0.0511999987 0.60799998 0
vt 0.0353000015 0.606400013 0
vt 0.0447999984 0.58920002 0
vt 0.0276999995 0.588199973 0
vt 0.0232999995 0.564599991 0
vt 0.0423999988 0.577499986 0
vt 0.691500008 0.9023 0
vt 0.658699989 0.921400011 0
vt 0.70450002 0.888100028 0
vt 0.691500008 0.9023 0
vt 0.70450002 0.888100028 0
vt 0.723100007 0.89319998 0
vt 0.305000007 0.0222999994 0
vt 0.306600004 0.0344000012 0
vt 0.262300014 0.0115 0
vt 0.744199991 0.913900018 0
vt 0.666899979 0.927699983 0
vt 0.704599977 0.910300016 0
vt 0.704599977 0.910300016 0
vt 0.666899979 0.927699983 0
vt 0.691500008 0.9023 0
vt 0.457700014 0.809199989 0
vt 0.451400012 0.822799981 0
vt 0.422699988 0.80369997 0
vt 0.413599998 0.814800024 0
vt 0.440299988 0.829599977 0
vt 0.416999996 0.830799997 0
vt 0.584999979 0.980400026 0
vt 0.588800013 0.962000012 0
vt 0.623700023 0.94569999 0
vt 0.623700023 0.94569999 0
vt 0.588800013 0.962000012 0
vt 0.604600012 0.945599973 0
vt 0.0776999965 0.53609997 0
vt 0.0697999969 0.517199993 0
vt 0.101499997 0.504299998 0
vt 0.0899000019 0.476799995 0
vt 0.0939999968 0.492900014 0
vt 0.0697999969 0.517199993 0
vt 0.484400004 0.805599988 0
vt 0.464700013 0.788399994 0
vt 0.521399975 0.800899982 0
vt 0.566100001 0.834999979 0
vt 0.528800011 0.832899988 0
vt 0.532700002 0.819800019 0
vt 0.150399998 0.457300007 0
vt 0.1567 0.43779999 0
vt 0.164399996 0.456099987 0
vt 0.112599999 0.518299997 0
vt 0.143800005 0.479000002 0
vt 0.164000005 0.470299989 0
vt 0.0412999988 0.564499974 0
vt 0.0232999995 0.564599991 0
vt 0.0249000005 0.547599971 0
vt 0.0445000008 0.526000023 0
vt 0.0417000018 0.54519999 0
vt 0.0318000019 0.528800011 0
vt 0.528800011 0.832899988 0
vt 0.523999989 0.846800029 0
vt 0.48269999 0.834900022 0
vt 0.200900003 0.619400024 0
vt 0.252000004 0.620100021 0
vt 0.232099995 0.62650001 0
vt 0.0511999987 0.60799998 0
vt 0.0447999984 0.58920002 0
vt 0.0599999987 0.589399993 0
vt 0.593100011 0.836799979 0
vt 0.614300013 0.827199996 0
vt 0.61650002 0.84009999 0
vt 0.0599999987 0.589399993 0
vt 0.068599999 0.581399977 0
vt 0.0776000023 0.596800029 0
vt 0.0759999976 0.609000027 0
vt 0.0511999987 0.60799998 0
vt 0.0599999987 0.589399993 0
vt 0.331800014 0.8477 0
vt 0.316100001 0.831700027 0
vt 0.347299993 0.838699996 0
vt 0.347000003 0.862500012 0
vt 0.331800014 0.8477 0
vt 0.368499994 0.843900025 0
vt 0.0379000008 0.470600009 0
vt 0.0456999987 0.422300011 0
vt 0.0949999988 0.384900004 0
vt 0.362199992 0.791400015 0
vt 0.339399993 0.791000009 0
vt 0.381199986 0.782700002 0
vt 0.381199986 0.782700002 0
vt 0.411799997 0.785600007 0
vt 0.378600001 0.792500019 0
vt 0.0939999968 0.492900014 0
vt 0.0899000019 0.476799995 0
vt 0.128299996 0.453799993 0
vt 0.114100002 0.443899989 0
vt 0.128299996 0.453799993 0
vt 0.0899000019 0.476799995 0
vt 0.378600001 0.792500019 0
vt 0.362199992 0.791400015 0
vt 0.381199986 0.782700002 0
vt 0.363200009 0.797399998 0
vt 0.388599992 0.799600005 0
vt 0.367700011 0.806500018 0
vt 0.138400003 0.3829 0
vt 0.129500002 0.396600008 0
vt 0.110799998 0.3838 0
vt 0.765500009 0.905399978 0
vt 0.740700006 0.900699973 0
vt 0.756500006 0.886300027 0
vt 0.56129998 0.986500025 0
vt 0.56220001 0.975799978 0
vt 0.572300017 0.977900028 0
vt 0.541100025 0.976700008 0
vt 0.56220001 0.975799978 0
vt 0.546899974 0.985700011 0
vt 0.646600008 0.99059999 0
vt 0.577799976 0.992900014 0
vt 0.642700016 0.981700003 0
vt 0.646600008 0.99059999 0
vt 0.666400015 0.978600025 0
vt 0.723999977 0.974799991 0
vt 0.169400007 0.182899997 0
vt 0.270399988 0.168300003 0
vt 0.1972 0.1928 0
vt 0.1972 0.1928 0
vt 0.155399993 0.232199997 0
vt 0.168899998 0.194399998 0
vt 0.123899996 0.211300001 0
vt 0.148200005 0.211099997 0
vt 0.135499999 0.224299997 0
vt 0.168899998 0.194399998 0
vt 0.155399993 0.232199997 0
vt 0.148200005 0.211099997 0
vt 0.0606999993 0.496699989 0
vt 0.0697999969 0.517199993 0
vt 0.055399999 0.519299984 0
vt 0.0632999986 0.533200026 0
vt 0.0697999969 0.517199993 0
vt 0.0776999965 0.53609997 0
vt 0.368499994 0.843900025 0
vt 0.331800014 0.8477 0
vt 0.347299993 0.838699996 0
vt 0.377000004 0.823099971 0
vt 0.368499994 0.843900025 0
vt 0.347299993 0.838699996 0
vt 0.528800011 0.832899988 0
vt 0.48269999 0.834900022 0
vt 0.483999997 0.819000006 0
vt 0.532700002 0.819800019 0
vt 0.528800011 0.832899988 0
vt 0.483999997 0.819000006 0
vt 0.134200007 0.413300008 0
vt 0.151999995 0.398900002 0
vt 0.145199999 0.420100003 0
vt 0.151999995 0.398900002 0
vt 0.129500002 0.396600008 0
vt 0.138400003 0.3829 0
vt 0.422699988 0.80369997 0
vt 0.451400012 0.822799981 0
vt 0.413599998 0.814800024 0
vt 0.388599992 0.799600005 0
vt 0.422699988 0.80369997 0
vt 0.413599998 0.814800024 0
vt 0.0724999979 0.564800024 0
vt 0.170300007 0.472600013 0
vt 0.0807999969 0.585099995 0
vt 0.0555999987 0.570599973 0
vt 0.0724999979 0.564800024 0
vt 0.068599999 0.581399977 0
vt 0.558000028 0.90079999 0
vt 0.570500016 0.946699977 0
vt 0.549099982 0.93870002 0
vt 0.570500016 0.946699977 0
vt 0.555599988 0.957199991 0
vt 0.545099974 0.948300004 0
vt 0.714999974 0.875899971 0
vt 0.734700024 0.875199974 0
vt 0.723100007 0.89319998 0
vt 0.723100007 0.89319998 0
vt 0.734700024 0.875199974 0
vt 0.756500006 0.886300027 0
vt 0.0724999979 0.564800024 0
vt 0.0555999987 0.570599973 0
vt 0.0592 0.554400027 0
vt 0.0592 0.554400027 0
vt 0.0555999987 0.570599973 0
vt 0.0489000008 0.556599975 0
vt 0.464700013 0.788399994 0
vt 0.445600003 0.77579999 0
vt 0.483599991 0.773899972 0
vt 0.521399975 0.800899982 0
vt 0.464700013 0.788399994 0
vt 0.494300008 0.784099996 0
vt 0.00490000006 0.547299981 0
vt 0.0249000005 0.547599971 0
vt 0.0232999995 0.564599991 0
vt 0.529900014 0.985199988 0
vt 0.535099983 0.993099988 0
vt 0.515600026 0.988399982 0
vt 0.164000005 0.470299989 0
vt 0.150399998 0.457300007 0
vt 0.164399996 0.456099987 0
vt 0.164399996 0.456099987 0
vt 0.192300007 0.416099995 0
vt 0.170300007 0.472600013 0
vt 0.592299998 0.819999993 0
vt 0.576699972 0.801199973 0
vt 0.605000019 0.809199989 0
vt 0.592299998 0.819999993 0
vt 0.605000019 0.809199989 0
vt 0.614300013 0.827199996 0
vt 0.337700009 0.806100011 0
vt 0.323100001 0.804099977 0
vt 0.341500014 0.798399985 0
vt 0.323100001 0.804099977 0
vt 0.309500009 0.816200018 0
vt 0.304100007 0.805400014 0
vt 0.316100001 0.831700027 0
vt 0.309500009 0.816200018 0
vt 0.325199991 0.819400012 0
vt 0.323100001 0.804099977 0
vt 0.325199991 0.819400012 0
vt 0.309500009 0.816200018 0
vt 0.0249000005 0.547599971 0
vt 0.0318000019 0.528800011 0
vt 0.0417000018 0.54519999 0
vt 0.0606999993 0.496699989 0
vt 0.0649000034 0.480699986 0
vt 0.0899000019 0.476799995 0
vt 0.0494000018 0.483099997 0
vt 0.0606999993 0.496699989 0
vt 0.0443999991 0.50880003 0
vt 0.558000028 0.90079999 0
vt 0.549099982 0.93870002 0
vt 0.537800014 0.911800027 0
vt 0.590699971 0.866999984 0
vt 0.558000028 0.90079999 0
vt 0.537800014 0.911800027 0
vt 0.35679999 0.819599986 0
vt 0.377000004 0.823099971 0
vt 0.347299993 0.838699996 0
vt 0.367700011 0.806500018 0
vt 0.413599998 0.814800024 0
vt 0.377000004 0.823099971 0
vt 0.200900003 0.619400024 0
vt 0.216100007 0.631500006 0
vt 0.169699997 0.627200007 0
vt 0.200900003 0.619400024 0
vt 0.169699997 0.627200007 0
vt 0.127000004 0.619400024 0
vt 0.381199986 0.782700002 0
vt 0.417499989 0.766700029 0
vt 0.401800007 0.778599977 0
vt 0.541100025 0.976700008 0
vt 0.524600029 0.978299975 0
vt 0.526899993 0.963 0
vt 0.529900014 0.985199988 0
vt 0.541100025 0.976700008 0
vt 0.546899974 0.985700011 0
vt 0.624000013 0.791100025 0
vt 0.617200017 0.804199994 0
vt 0.610099971 0.787899971 0
vt 0.553200006 0.968699992 0
vt 0.57069999 0.961000025 0
vt 0.56220001 0.975799978 0
vt 0.570500016 0.946699977 0
vt 0.57069999 0.961000025 0
vt 0.555599988 0.957199991 0
vt 0.143800005 0.479000002 0
vt 0.150399998 0.457300007 0
vt 0.164000005 0.470299989 0
vt 0.101499997 0.504299998 0
vt 0.136700004 0.468600005 0
vt 0.143800005 0.479000002 0
vt 0.0489000008 0.556599975 0
vt 0.0555999987 0.570599973 0
vt 0.0412999988 0.564499974 0
vt 0.0417000018 0.54519999 0
vt 0.0412999988 0.564499974 0
vt 0.0249000005 0.547599971 0
vt 0.744199991 0.913900018 0
vt 0.770600021 0.918799996 0
vt 0.761300027 0.930599988 0
vt 0.148200005 0.211099997 0
vt 0.155399993 0.232199997 0
vt 0.135499999 0.224299997 0
vt 0.129500002 0.396600008 0
vt 0.151999995 0.398900002 0
vt 0.134200007 0.413300008 0
vt 0.134200007 0.413300008 0
vt 0.127399996 0.42809999 0
vt 0.129500002 0.396600008 0
vt 0.566100001 0.834999979 0
vt 0.592299998 0.819999993 0
vt 0.593100011 0.836799979 0
vt 0.593100011 0.836799979 0
vt 0.569800019 0.849300027 0
vt 0.566100001 0.834999979 0
vt 0.337700009 0.806100011 0
vt 0.325199991 0.819400012 0
vt 0.323100001 0.804099977 0
vt 0.337700009 0.806100011 0
vt 0.35679999 0.819599986 0
vt 0.325199991 0.819400012 0
vt 0.127399996 0.42809999 0
vt 0.0649000034 0.480699986 0
vt 0.0494000018 0.483099997 0
vt 0.0494000018 0.483099997 0
vt 0.0649000034 0.480699986 0
vt 0.0606999993 0.496699989 0
vt 0.158500001 0.421000004 0
vt 0.173500001 0.41139999 0
vt 0.1567 0.43779999 0
vt 0.140000001 0.4366 0
vt 0.127399996 0.42809999 0
vt 0.145199999 0.420100003 0
vt 0.457700014 0.809199989 0
vt 0.436199993 0.796800017 0
vt 0.484400004 0.805599988 0
vt 0.436199993 0.796800017 0
vt 0.457700014 0.809199989 0
vt 0.422699988 0.80369997 0
vt 0.1567 0.43779999 0
vt 0.140000001 0.4366 0
vt 0.158500001 0.421000004 0
vt 0.150399998 0.457300007 0
vt 0.140000001 0.4366 0
vt 0.1567 0.43779999 0
vt 0.723100007 0.89319998 0
vt 0.70450002 0.888100028 0
vt 0.714999974 0.875899971 0
vt 0.702199996 0.815800011 0
vt 0.714999974 0.875899971 0
vt 0.70450002 0.888100028 0
vt 0.0447999984 0.58920002 0
vt 0.0353000015 0.606400013 0
vt 0.0276999995 0.588199973 0
vt 0.0194000006 0.00300000003 0
vt 0.0394000001 0.00620000018 0
vt 0.0105999997 0.0197999999 0
vt 0.614300013 0.827199996 0
vt 0.629700005 0.821099997 0
vt 0.61650002 0.84009999 0
vt 0.614300013 0.827199996 0
vt 0.605000019 0.809199989 0
vt 0.629700005 0.821099997 0
vt 0.347000003 0.862500012 0
vt 0.368499994 0.843900025 0
vt 0.384900004 0.846899986 0
vt 0.377000004 0.823099971 0
vt 0.391900003 0.837800026 0
vt 0.368499994 0.843900025 0
vt 0.437700003 0.786499977 0
vt 0.464700013 0.788399994 0
vt 0.436199993 0.796800017 0
vt 0.436199993 0.796800017 0
vt 0.411799997 0.785600007 0
vt 0.437700003 0.786499977 0
vt 0.0105999997 0.0197999999 0
vt 0.0142000001 0.0388000011 0
vt 0.00100000005 0.0408000015 0
vt 0.0142000001 0.0388000011 0
vt 0.0142999999 0.0612999983 0
vt 0.00100000005 0.0408000015 0
vt 0.055399999 0.519299984 0
vt 0.0697999969 0.517199993 0
vt 0.0632999986 0.533200026 0
vt 0.055399999 0.519299984 0
vt 0.0526000001 0.541000009 0
vt 0.0445000008 0.526000023 0
vt 0.56129998 0.986500025 0
vt 0.546899974 0.985700011 0
vt 0.56220001 0.975799978 0
vt 0.169400007 0.182899997 0
vt 0.1972 0.1928 0
vt 0.168899998 0.194399998 0
vt 0.169400007 0.182899997 0
vt 0.168899998 0.194399998 0
vt 0.155399993 0.1884 0
vt 0.560800016 0.814700007 0
vt 0.521399975 0.800899982 0
vt 0.576699972 0.801199973 0
vt 0.532700002 0.819800019 0
vt 0.484400004 0.805599988 0
vt 0.521399975 0.800899982 0
vt 0.391900003 0.837800026 0
vt 0.416999996 0.830799997 0
vt 0.416399986 0.838699996 0
vt 0.440299988 0.829599977 0
vt 0.435900003 0.842700005 0
vt 0.416999996 0.830799997 0
vt 0.593100011 0.836799979 0
vt 0.593100011 0.850899994 0
vt 0.569800019 0.849300027 0
vt 0.593100011 0.850899994 0
vt 0.6074 0.857599974 0
vt 0.569800019 0.849300027 0
vt 0.0526000001 0.541000009 0
vt 0.0632999986 0.533200026 0
vt 0.0592 0.554400027 0
vt 0.055399999 0.519299984 0
vt 0.0632999986 0.533200026 0
vt 0.0526000001 0.541000009 0
vt 0.0221999995 0.506200016 0
vt 0.0324999988 0.491299987 0
vt 0.0443999991 0.50880003 0
vt 0.068599999 0.581399977 0
vt 0.0724999979 0.564800024 0
vt 0.0807999969 0.585099995 0
vt 0.0776000023 0.596800029 0
vt 0.068599999 0.581399977 0
vt 0.0807999969 0.585099995 0
vt 0.136700004 0.468600005 0
vt 0.101499997 0.504299998 0
vt 0.0939999968 0.492900014 0
vt 0.0697999969 0.517199993 0
vt 0.0939999968 0.492900014 0
vt 0.101499997 0.504299998 0
vt 0.304100007 0.834900022 0
vt 0.316100001 0.831700027 0
vt 0.331800014 0.8477 0
vt 0.304100007 0.834900022 0
vt 0.309500009 0.816200018 0
vt 0.316100001 0.831700027 0
vt 0.532700002 0.819800019 0
vt 0.521399975 0.800899982 0
vt 0.560800016 0.814700007 0
vt 0.560800016 0.814700007 0
vt 0.566100001 0.834999979 0
vt 0.532700002 0.819800019 0
vt 0.740700006 0.900699973 0
vt 0.765500009 0.905399978 0
vt 0.744199991 0.913900018 0
vt 0.744199991 0.913900018 0
vt 0.704599977 0.910300016 0
vt 0.727299988 0.907000005 0
vt 0.48269999 0.834900022 0
vt 0.523999989 0.846800029 0
vt 0.475499988 0.842199981 0
vt 0.451400012 0.822799981 0
vt 0.48269999 0.834900022 0
vt 0.475499988 0.842199981 0
vt 0.588400006 0.790300012 0
vt 0.537999988 0.770600021 0
vt 0.543500006 0.753400028 0
vt 0.337700009 0.806100011 0
vt 0.367700011 0.806500018 0
vt 0.35679999 0.819599986 0
vt 0.367700011 0.806500018 0
vt 0.377000004 0.823099971 0
vt 0.35679999 0.819599986 0
vt 0.0443999991 0.50880003 0
vt 0.055399999 0.519299984 0
vt 0.0445000008 0.526000023 0
vt 0.0443999991 0.50880003 0
vt 0.0445000008 0.526000023 0
vt 0.0318000019 0.528800011 0
vt 0.70450002 0.888100028 0
vt 0.658699989 0.921400011 0
vt 0.629299998 0.934099972 0
vt 0.658699989 0.921400011 0
vt 0.623700023 0.94569999 0
vt 0.629299998 0.934099972 0
vt 0.127399996 0.42809999 0
vt 0.114100002 0.443899989 0
vt 0.0649000034 0.480699986 0
vt 0.127399996 0.42809999 0
vt 0.140000001 0.4366 0
vt 0.114100002 0.443899989 0
vt 0.356299996 0.1087 0
vt 0.353500009 0.0846000016 0
vt 0.361900002 0.0899000019 0
vt 0.304100007 0.805400014 0
vt 0.309899986 0.797200024 0
vt 0.323100001 0.804099977 0
vt 0.0776000023 0.596800029 0
vt 0.0759999976 0.609000027 0
vt 0.0599999987 0.589399993 0
vt 0.0759999976 0.609000027 0
vt 0.0776000023 0.596800029 0
vt 0.0948000029 0.600899994 0
vt 0.572300017 0.977900028 0
vt 0.588800013 0.962000012 0
vt 0.584999979 0.980400026 0
vt 0.572300017 0.977900028 0
vt 0.584999979 0.980400026 0
vt 0.577799976 0.992900014 0
vt 0.494300008 0.784099996 0
vt 0.464700013 0.788399994 0
vt 0.483599991 0.773899972 0
vt 0.483599991 0.773899972 0
vt 0.537999988 0.770600021 0
vt 0.494300008 0.784099996 0
vt 0.483999997 0.819000006 0
vt 0.457700014 0.809199989 0
vt 0.484400004 0.805599988 0
vt 0.483999997 0.819000006 0
vt 0.484400004 0.805599988 0
vt 0.532700002 0.819800019 0
vt 0.0417000018 0.54519999 0
vt 0.0526000001 0.541000009 0
vt 0.0489000008 0.556599975 0
vt 0.0489000008 0.556599975 0
vt 0.0412999988 0.564499974 0
vt 0.0417000018 0.54519999 0
vt 0.605000019 0.809199989 0
vt 0.576699972 0.801199973 0
vt 0.588400006 0.790300012 0
vt 0.558499992 0.786800027 0
vt 0.576699972 0.801199973 0
vt 0.521399975 0.800899982 0
vt 0.141499996 0.239199996 0
vt 0.122100003 0.229900002 0
vt 0.135499999 0.224299997 0
vt 0.141499996 0.239199996 0
vt 0.135499999 0.224299997 0
vt 0.155399993 0.232199997 0
vt 0.558499992 0.786800027 0
vt 0.588400006 0.790300012 0
vt 0.576699972 0.801199973 0
vt 0.537999988 0.770600021 0
vt 0.588400006 0.790300012 0
vt 0.558499992 0.786800027 0
vt 0.555599988 0.957199991 0
vt 0.57069999 0.961000025 0
vt 0.553200006 0.968699992 0
vt 0.553200006 0.968699992 0
vt 0.541100025 0.976700008 0
vt 0.540899992 0.962599993 0
vt 0.605000019 0.809199989 0
vt 0.610099971 0.787899971 0
vt 0.617200017 0.804199994 0
vt 0.605000019 0.809199989 0
vt 0.617200017 0.804199994 0
vt 0.629700005 0.821099997 0
vt 0.164000005 0.470299989 0
vt 0.164399996 0.456099987 0
vt 0.170300007 0.472600013 0
vt 0.112599999 0.518299997 0
vt 0.164000005 0.470299989 0
vt 0.170300007 0.472600013 0
vt 0.337700009 0.806100011 0
vt 0.341500014 0.798399985 0
vt 0.363200009 0.797399998 0
vt 0.363200009 0.797399998 0
vt 0.362199992 0.791400015 0
vt 0.378600001 0.792500019 0
vt 0.362199992 0.791400015 0
vt 0.341500014 0.798399985 0
vt 0.339399993 0.791000009 0
vt 0.362199992 0.791400015 0
vt 0.363200009 0.797399998 0
vt 0.341500014 0.798399985 0
vt 0.585399985 0.949500024 0
vt 0.604600012 0.945599973 0
vt 0.588800013 0.962000012 0
vt 0.604600012 0.945599973 0
vt 0.585399985 0.949500024 0
vt 0.629299998 0.934099972 0
vt 0.524600029 0.978299975 0
vt 0.541100025 0.976700008 0
vt 0.529900014 0.985199988 0
vt 0.515600026 0.988399982 0
vt 0.524600029 0.978299975 0
vt 0.529900014 0.985199988 0
vt 0.158500001 0.421000004 0
vt 0.145199999 0.420100003 0
vt 0.151999995 0.398900002 0
vt 0.158500001 0.421000004 0
vt 0.140000001 0.4366 0
vt 0.145199999 0.420100003 0
vt 0.148200005 0.211099997 0
vt 0.123899996 0.211300001 0
vt 0.133300006 0.201700002 0
vt 0.133300006 0.201700002 0
vt 0.123899996 0.211300001 0
vt 0.0980999991 0.186199993 0
vt 0.727299988 0.907000005 0
vt 0.723100007 0.89319998 0
vt 0.740700006 0.900699973 0
vt 0.727299988 0.907000005 0
vt 0.740700006 0.900699973 0
vt 0.744199991 0.913900018 0
vt 0.136700004 0.468600005 0
vt 0.128299996 0.453799993 0
vt 0.150399998 0.457300007 0
vt 0.136700004 0.468600005 0
vt 0.150399998 0.457300007 0
vt 0.143800005 0.479000002 0
vt 0.416399986 0.838699996 0
vt 0.384900004 0.846899986 0
vt 0.391900003 0.837800026 0
vt 0.384900004 0.846899986 0
vt 0.368499994 0.843900025 0
vt 0.391900003 0.837800026 0
vt 0.378600001 0.792500019 0
vt 0.388599992 0.799600005 0
vt 0.363200009 0.797399998 0
vt 0.399899989 0.793200016 0
vt 0.378600001 0.792500019 0
vt 0.411799997 0.785600007 0
vt 0.0711999983 0.549099982 0
vt 0.0776999965 0.53609997 0
vt 0.0724999979 0.564800024 0
vt 0.0711999983 0.549099982 0
vt 0.0632999986 0.533200026 0
vt 0.0776999965 0.53609997 0
vt 0.216100007 0.631500006 0
vt 0.200900003 0.619400024 0
vt 0.232099995 0.62650001 0
vt 0.451400012 0.822799981 0
vt 0.475499988 0.842199981 0
vt 0.457899988 0.842299998 0
vt 0.440299988 0.829599977 0
vt 0.451400012 0.822799981 0
vt 0.457899988 0.842299998 0
vt 0.440299988 0.829599977 0
vt 0.413599998 0.814800024 0
vt 0.451400012 0.822799981 0
vt 0.609399974 0.863600016 0
vt 0.558000028 0.90079999 0
vt 0.590699971 0.866999984 0
vt 0.177300006 0.483799994 0
vt 0.256900012 0.519800007 0
vt 0.267699987 0.534600019 0
vt 0.549099982 0.93870002 0
vt 0.570500016 0.946699977 0
vt 0.545099974 0.948300004 0
vt 0.549099982 0.93870002 0
vt 0.545099974 0.948300004 0
vt 0.525699973 0.930800021 0
vt 0.666899979 0.927699983 0
vt 0.666400015 0.978600025 0
vt 0.648000002 0.944199979 0
vt 0.642700016 0.981700003 0
vt 0.623700023 0.94569999 0
vt 0.648000002 0.944199979 0
vt 0.545099974 0.948300004 0
vt 0.555599988 0.957199991 0
vt 0.540899992 0.962599993 0
vt 0.553200006 0.968699992 0
vt 0.540899992 0.962599993 0
vt 0.555599988 0.957199991 0
vt 0.401800007 0.778599977 0
vt 0.422399998 0.774200022 0
vt 0.411799997 0.785600007 0
vt 0.642700016 0.981700003 0
vt 0.648000002 0.944199979 0
vt 0.666400015 0.978600025 0
vt 0.642700016 0.981700003 0
vt 0.666400015 0.978600025 0
vt 0.646600008 0.99059999 0
vt 0.388599992 0.799600005 0
vt 0.378600001 0.792500019 0
vt 0.399899989 0.793200016 0
vt 0.399899989 0.793200016 0
vt 0.422699988 0.80369997 0
vt 0.388599992 0.799600005 0
vt 0.416399986 0.838699996 0
vt 0.435900003 0.842700005 0
vt 0.384900004 0.846899986 0
vt 0.416999996 0.830799997 0
vt 0.435900003 0.842700005 0
vt 0.416399986 0.838699996 0
vt 0.0447999984 0.58920002 0
vt 0.0423999988 0.577499986 0
vt 0.0599999987 0.589399993 0
vt 0.0447999984 0.58920002 0
vt 0.0276999995 0.588199973 0
vt 0.0423999988 0.577499986 0
vt 0.122100003 0.229900002 0
vt 0.113899998 0.2148 0
vt 0.123899996 0.211300001 0
vt 0.110799998 0.3838 0
vt 0.129500002 0.396600008 0
vt 0.0949999988 0.384900004 0
vt 0.298700005 0.0460000001 0
vt 0.2579 0.128199995 0
vt 0.148499995 0.159099996 0
vt 0.113300003 0.0953999981 0
vt 0.158899993 0.0807000026 0
vt 0.123199999 0.137099996 0
vt 0.0896999985 0.133499995 0
vt 0.0535000004 0.127399996 0
vt 0.0899000019 0.114100002 0
vt 0.0394000001 0.00620000018 0
vt 0.0324000008 0.0397999994 0
vt 0.0142000001 0.0388000011 0
vt 0.111699998 0.134800002 0
vt 0.0896999985 0.133499995 0
vt 0.0899000019 0.114100002 0
vt 0.0324000008 0.0397999994 0
vt 0.0617000014 0.0909999982 0
vt 0.0284000002 0.0799999982 0
vt 0.123099998 0.0271000005 0
vt 0.158899993 0.0807000026 0
vt 0.113300003 0.0953999981 0
vt 0.155399993 0.1884 0
vt 0.129800007 0.185200006 0
vt 0.147200003 0.170300007 0
vt 0.28490001 0.150700003 0
vt 0.270399988 0.168300003 0
vt 0.159500003 0.1699 0
vt 0.0302000009 0.128099993 0
vt 0.00499999989 0.102300003 0
vt 0.0236000009 0.105099998 0
vt 0.2579 0.128199995 0
vt 0.319999993 0.129299998 0
vt 0.206799999 0.148200005 0
vt 0.0126 0.522499979 0
vt 0.0221999995 0.506200016 0
vt 0.0318000019 0.528800011 0
vt 0.0284000002 0.0799999982 0
vt 0.0142999999 0.0612999983 0
vt 0.0324000008 0.0397999994 0
vt 0.520600021 0.755500019 0
vt 0.480599999 0.763400018 0
vt 0.488400012 0.748700023 0
vt 0.0980999991 0.186199993 0
vt 0.0940999985 0.167600006 0
vt 0.1391 0.161699995 0
vt 0.0782999992 0.0326999985 0
vt 0.0984999985 0.0447000004 0
vt 0.0617000014 0.0909999982 0
vt 0.109700002 0.0225000009 0
vt 0.0782999992 0.0326999985 0
vt 0.0527000017 0.00100000005 0
vt 0.270399988 0.168300003 0
vt 0.169400007 0.182899997 0
vt 0.159500003 0.1699 0
vt 0.145899996 0.0164000001 0
vt 0.186800003 0.00960000046 0
vt 0.123099998 0.0271000005 0
vt 0.0527000017 0.00100000005 0
vt 0.1285 0.00810000021 0
vt 0.109700002 0.0225000009 0
vt 0.1391 0.161699995 0
vt 0.0940999985 0.167600006 0
vt 0.135100007 0.152500004 0
vt 0.135900006 0.141499996 0
vt 0.207900003 0.0108000003 0
vt 0.148499995 0.159099996 0
vt 0.0980999991 0.186199993 0
vt 0.0693999976 0.171100006 0
vt 0.0803999975 0.162900001 0
vt 0.0662999973 0.145300001 0
vt 0.0461999997 0.136600003 0
vt 0.0535000004 0.127399996 0
vt 0.0249000005 0.547599971 0
vt 0.00490000006 0.547299981 0
vt 0.0126 0.522499979 0
vt 0.207900003 0.0108000003 0
vt 0.262300014 0.0115 0
vt 0.148499995 0.159099996 0
vt 0.222599998 0.00100000005 0
vt 0.262300014 0.0115 0
vt 0.207900003 0.0108000003 0
vt 0.546899974 0.985700011 0
vt 0.555199981 0.998600006 0
vt 0.535099983 0.993099988 0
vt 0.0302000009 0.128099993 0
vt 0.0236000009 0.105099998 0
vt 0.0408999994 0.111699998 0
vt 0.0617000014 0.0909999982 0
vt 0.0408999994 0.111699998 0
vt 0.0266999993 0.0908999965 0
vt 0.0826999992 0.1017 0
vt 0.0408999994 0.111699998 0
vt 0.0617000014 0.0909999982 0
vt 0.0617000014 0.0909999982 0
vt 0.0984999985 0.0447000004 0
vt 0.0826999992 0.1017 0
vt 0.333000004 0.112400003 0
vt 0.319999993 0.129299998 0
vt 0.294699997 0.115999997 0
vt 0.298700005 0.0460000001 0
vt 0.332199991 0.0905999988 0
vt 0.294699997 0.115999997 0
vt 0.1391 0.161699995 0
vt 0.129800007 0.185200006 0
vt 0.0980999991 0.186199993 0
vt 0.169400007 0.182899997 0
vt 0.155399993 0.1884 0
vt 0.159500003 0.1699 0
vt 0.520600021 0.755500019 0
vt 0.483599991 0.773899972 0
vt 0.480599999 0.763400018 0
vt 0.356299996 0.1087 0
vt 0.344099998 0.124600001 0
vt 0.346199989 0.0984999985 0
vt 0.577799976 0.992900014 0
vt 0.56129998 0.986500025 0
vt 0.572300017 0.977900028 0
vt 0.0662999973 0.145300001 0
vt 0.0535000004 0.127399996 0
vt 0.0896999985 0.133499995 0
vt 0.135100007 0.152500004 0
vt 0.0940999985 0.167600006 0
vt 0.103100002 0.147699997 0
vt 0.123099998 0.0271000005 0
vt 0.0958999991 0.105700001 0
vt 0.1061 0.0370999984 0
vt 0.1061 0.0370999984 0
vt 0.0782999992 0.0326999985 0
vt 0.109700002 0.0225000009 0
vt 0.148499995 0.159099996 0
vt 0.262300014 0.0115 0
vt 0.298700005 0.0460000001 0
vt 0.0803999975 0.162900001 0
vt 0.0693999976 0.171100006 0
vt 0.0662999973 0.145300001 0
vt 0.103100002 0.147699997 0
vt 0.0803999975 0.162900001 0
vt 0.0662999973 0.145300001 0
vt 0.0507999994 0.0326000005 0
vt 0.0782999992 0.0326999985 0
vt 0.0617000014 0.0909999982 0
vt 0.0394000001 0.00620000018 0
vt 0.0782999992 0.0326999985 0
vt 0.0507999994 0.0326000005 0
vt 0.319999993 0.129299998 0
vt 0.320800006 0.136899993 0
vt 0.206799999 0.148200005 0
vt 0.56129998 0.986500025 0
vt 0.577799976 0.992900014 0
vt 0.555199981 0.998600006 0
vt 0.159500003 0.1699 0
vt 0.155399993 0.1884 0
vt 0.147200003 0.170300007 0
vt 0.148499995 0.159099996 0
vt 0.1391 0.161699995 0
vt 0.135100007 0.152500004 0
vt 0.0489000008 0.1558 0
vt 0.0461999997 0.136600003 0
vt 0.0662999973 0.145300001 0
vt 0.0379000008 0.470600009 0
vt 0.0324999988 0.491299987 0
vt 0.0204000007 0.469999999 0
vt 0.0366000012 0.442400008 0
vt 0.0379000008 0.470600009 0
vt 0.0204000007 0.469999999 0
vt 0.123099998 0.0271000005 0
vt 0.186800003 0.00960000046 0
vt 0.158899993 0.0807000026 0
vt 0.158899993 0.0807000026 0
vt 0.207900003 0.0108000003 0
vt 0.135900006 0.141499996 0
vt 0.135100007 0.152500004 0
vt 0.103100002 0.147699997 0
vt 0.111699998 0.134800002 0
vt 0.135900006 0.141499996 0
vt 0.123199999 0.137099996 0
vt 0.158899993 0.0807000026 0
vt 0.0142000001 0.0388000011 0
vt 0.0324000008 0.0397999994 0
vt 0.0142999999 0.0612999983 0
vt 0.353500009 0.0846000016 0
vt 0.356299996 0.1087 0
vt 0.346199989 0.0984999985 0
vt 0.0083999997 0.0850000009 0
vt 0.0142999999 0.0612999983 0
vt 0.0266999993 0.0908999965 0
vt 0.0266999993 0.0908999965 0
vt 0.0408999994 0.111699998 0
vt 0.0236000009 0.105099998 0
vt 0.294699997 0.115999997 0
vt 0.319999993 0.129299998 0
vt 0.2579 0.128199995 0
vt 0.298700005 0.0460000001 0
vt 0.294699997 0.115999997 0
vt 0.2579 0.128199995 0
vt 0.0318000019 0.528800011 0
vt 0.0249000005 0.547599971 0
vt 0.0126 0.522499979 0
vt 0.333000004 0.112400003 0
vt 0.294699997 0.115999997 0
vt 0.332199991 0.0905999988 0
vt 0.353500009 0.0846000016 0
vt 0.346199989 0.0984999985 0
vt 0.336400002 0.0698999986 0
vt 0.0958999991 0.105700001 0
vt 0.0826999992 0.1017 0
vt 0.0984999985 0.0447000004 0
vt 0.111699998 0.134800002 0
vt 0.0899000019 0.114100002 0
vt 0.0958999991 0.105700001 0
vt 0.480599999 0.763400018 0
vt 0.455199987 0.763599992 0
vt 0.488400012 0.748700023 0
vt 0.480599999 0.763400018 0
vt 0.483599991 0.773899972 0
vt 0.445600003 0.77579999 0
vt 0.422399998 0.774200022 0
vt 0.417499989 0.766700029 0
vt 0.455199987 0.763599992 0
vt 0.0527000017 0.00100000005 0
vt 0.0782999992 0.0326999985 0
vt 0.0394000001 0.00620000018 0
vt 0.103100002 0.147699997 0
vt 0.0662999973 0.145300001 0
vt 0.0896999985 0.133499995 0
vt 0.103100002 0.147699997 0
vt 0.0896999985 0.133499995 0
vt 0.111699998 0.134800002 0
vt 0.109700002 0.0225000009 0
vt 0.123099998 0.0271000005 0
vt 0.1061 0.0370999984 0
vt 0.123099998 0.0271000005 0
vt 0.109700002 0.0225000009 0
vt 0.1285 0.00810000021 0
vt 0.00499999989 0.102300003 0
vt 0.0083999997 0.0850000009 0
vt 0.0236000009 0.105099998 0
vt 0.0266999993 0.0908999965 0
vt 0.0236000009 0.105099998 0
vt 0.0083999997 0.0850000009 0
vt 0.28490001 0.150700003 0
vt 0.333000004 0.143600002 0
vt 0.270399988 0.168300003 0
vt 0.333000004 0.143600002 0
vt 0.320800006 0.136899993 0
vt 0.344099998 0.124600001 0
vt 0.0535000004 0.127399996 0
vt 0.0408999994 0.111699998 0
vt 0.0826999992 0.1017 0
vt 0.0408999994 0.111699998 0
vt 0.0535000004 0.127399996 0
vt 0.0461999997 0.136600003 0
vt 0.133300006 0.201700002 0
vt 0.0980999991 0.186199993 0
vt 0.129800007 0.185200006 0
vt 0.133300006 0.201700002 0
vt 0.129800007 0.185200006 0
vt 0.155399993 0.1884 0
vt 0.319999993 0.129299998 0
vt 0.344099998 0.124600001 0
vt 0.320800006 0.136899993 0
vt 0.344099998 0.124600001 0
vt 0.319999993 0.129299998 0
vt 0.333000004 0.112400003 0
vt 0.306600004 0.0344000012 0
vt 0.336400002 0.0698999986 0
vt 0.298700005 0.0460000001 0
vt 0.262300014 0.0115 0
vt 0.306600004 0.0344000012 0
vt 0.298700005 0.0460000001 0
vt 0.0899000019 0.114100002 0
vt 0.0535000004 0.127399996 0
vt 0.0826999992 0.1017 0
vt 0.0958999991 0.105700001 0
vt 0.0899000019 0.114100002 0
vt 0.0826999992 0.1017 0
vt 0.546899974 0.985700011 0
vt 0.56129998 0.986500025 0
vt 0.555199981 0.998600006 0
vt 0.455199987 0.763599992 0
vt 0.480599999 0.763400018 0
vt 0.445600003 0.77579999 0
vt 0.445600003 0.77579999 0
vt 0.422399998 0.774200022 0
vt 0.455199987 0.763599992 0
vt 0.123199999 0.137099996 0
vt 0.135100007 0.152500004 0
vt 0.111699998 0.134800002 0
vt 0.123199999 0.137099996 0
vt 0.111699998 0.134800002 0
vt 0.0958999991 0.105700001 0
vt 0.148499995 0.159099996 0
vt 0.159500003 0.1699 0
vt 0.147200003 0.170300007 0
vt 0.28490001 0.150700003 0
vt 0.159500003 0.1699 0
vt 0.1611 0.1611 0
vt 0.0221999995 0.506200016 0
vt 0.0204000007 0.469999999 0
vt 0.0324999988 0.491299987 0
vt 0.159500003 0.1699 0
vt 0.148499995 0.159099996 0
vt 0.1611 0.1611 0
vt 0.2579 0.128199995 0
vt 0.206799999 0.148200005 0
vt 0.148499995 0.159099996 0
vt 0.186800003 0.00960000046 0
vt 0.207900003 0.0108000003 0
vt 0.158899993 0.0807000026 0
vt 0.222599998 0.00100000005 0
vt 0.207900003 0.0108000003 0
vt 0.186800003 0.00960000046 0
vt 0.520600021 0.755500019 0
vt 0.488400012 0.748700023 0
vt 0.528599977 0.743700027 0
vt 0.1285 0.00810000021 0
vt 0.145899996 0.0164000001 0
vt 0.123099998 0.0271000005 0
vt 0.537999988 0.770600021 0
vt 0.483599991 0.773899972 0
vt 0.520600021 0.755500019 0
vt 0.520600021 0.755500019 0
vt 0.528599977 0.743700027 0
vt 0.543500006 0.753400028 0
vt 0.520600021 0.755500019 0
vt 0.543500006 0.753400028 0
vt 0.537999988 0.770600021 0
vt 0.336400002 0.0698999986 0
vt 0.346199989 0.0984999985 0
vt 0.332199991 0.0905999988 0
vt 0.336400002 0.0698999986 0
vt 0.332199991 0.0905999988 0
vt 0.298700005 0.0460000001 0
vt 0.346199989 0.0984999985 0
vt 0.344099998 0.124600001 0
vt 0.333000004 0.112400003 0
vt 0.346199989 0.0984999985 0
vt 0.333000004 0.112400003 0
vt 0.332199991 0.0905999988 0
vt 0.0366000012 0.442400008 0
vt 0.0456999987 0.422300011 0
vt 0.0379000008 0.470600009 0
vt 0.0693999976 0.171100006 0
vt 0.0489000008 0.1558 0
vt 0.0662999973 0.145300001 0
vt 0.320800006 0.136899993 0
vt 0.1611 0.1611 0
vt 0.206799999 0.148200005 0
vt 0.1611 0.1611 0
vt 0.148499995 0.159099996 0
vt 0.206799999 0.148200005 0
vt 0.0489000008 0.1558 0
vt 0.0302000009 0.128099993 0
vt 0.0461999997 0.136600003 0
vt 0.0461999997 0.136600003 0
vt 0.0302000009 0.128099993 0
vt 0.0408999994 0.111699998 0
vt 0.0324000008 0.0397999994 0
vt 0.0394000001 0.00620000018 0
vt 0.0507999994 0.0326000005 0
vt 0.0324000008 0.0397999994 0
vt 0.0507999994 0.0326000005 0
vt 0.0617000014 0.0909999982 0
vt 0.320800006 0.136899993 0
vt 0.28490001 0.150700003 0
vt 0.1611 0.1611 0
vt 0.320800006 0.136899993 0
vt 0.333000004 0.143600002 0
vt 0.28490001 0.150700003 0
vt 0.113300003 0.0953999981 0
vt 0.0958999991 0.105700001 0
vt 0.123099998 0.0271000005 0
vt 0.0958999991 0.105700001 0
vt 0.113300003 0.0953999981 0
vt 0.123199999 0.137099996 0
vt 0.147200003 0.170300007 0
vt 0.129800007 0.185200006 0
vt 0.1391 0.161699995 0
vt 0.148499995 0.159099996 0
vt 0.147200003 0.170300007 0
vt 0.1391 0.161699995 0
vt 0.123199999 0.137099996 0
vt 0.135900006 0.141499996 0
vt 0.135100007 0.152500004 0
vt 0.135900006 0.141499996 0
vt 0.148499995 0.159099996 0
vt 0.135100007 0.152500004 0
vt 0.0984999985 0.0447000004 0
vt 0.0782999992 0.0326999985 0
vt 0.1061 0.0370999984 0
vt 0.0984999985 0.0447000004 0
vt 0.1061 0.0370999984 0
vt 0.0958999991 0.105700001 0
vt 0.422399998 0.774200022 0
vt 0.401800007 0.778599977 0
vt 0.417499989 0.766700029 0
vt 0.0266999993 0.0908999965 0
vt 0.0284000002 0.0799999982 0
vt 0.0617000014 0.0909999982 0
vt 0.0142999999 0.0612999983 0
vt 0.0284000002 0.0799999982 0
vt 0.0266999993 0.0908999965 0
vt 0.0940999985 0.167600006 0
vt 0.0980999991 0.186199993 0
vt 0.0803999975 0.162900001 0
vt 0.0940999985 0.167600006 0
vt 0.0803999975 0.162900001 0
vt 0.103100002 0.147699997 0
vn -0.161505908 0.970499218 -0.179017335
vn -0.132568821 0.989604354 0.0557550304
vn 0.181933776 0.97057128 0.15777047
vn 0.296832979 -0.0466531292 -0.953789175
vn 0.66514045 0.0489676595 -0.745110869
vn 0.368020415 -0.33004424 -0.869270921
vn -0.565333545 -0.401103884 -0.720772862
vn -0.67769444 -0.0150892669 -0.735188723
vn -0.576463401 -0.0930014998 -0.811813176
vn 0.110541008 0.32804206 0.938173294
vn 0.0608931854 0.468994141 0.881099641
vn 0.0344551019 0.41420418 0.909531593
vn -0.1269591 0.943587482 -0.305816978
vn -0.521248639 0.649488986 -0.553591728
vn -0.329780847 0.893394351 -0.305108279
vn -0.601055622 0.563034117 0.567207813
vn -0.457927942 0.625549555 0.631656289
vn -0.460004658 0.778540969 0.426930696
vn 0.33026877 -0.044176206 0.942852557
vn 0.260638237 0.0184096098 0.965260983
vn 0.334594786 -0.158748329 0.928894639
vn 0.181933776 0.97057128 0.15777047
vn 0.300387591 0.953761697 0.0102936812
vn -0.1269591 0.943587482 -0.305816978
vn -0.358833611 0.645067811 -0.674630284
vn -0.521248639 0.649488986 -0.553591728
vn -0.1269591 0.943587482 -0.305816978
vn 0.401187807 0.599067032 -0.692940891
vn 0.353203386 0.742494404 -0.569165528
vn 0.387041241 0.686801612 -0.615225554
vn -0.111963175 -0.652298808 -0.749646842
vn 0.116128631 -0.729619026 -0.673921585
vn -0.100738265 -0.795072675 -0.598089576
vn -0.36471644 0.68808049 0.627317488
vn -0.257221252 0.711738765 0.653655291
vn -0.341398329 0.806363821 0.482933402
vn -0.132568821 0.989604354 0.0557550304
vn -0.161505908 0.970499218 -0.179017335
vn -0.241727337 0.961569071 -0.130202889
vn -0.67769444 -0.0150892669 -0.735188723
vn -0.560118198 -0.575478911 -0.595895588
vn -0.640106916 -0.488042444 -0.593361259
vn -0.632487237 0.768290341 -0.098437123
vn -0.803587854 0.581253946 0.128025159
vn -0.541274905 0.824525177 0.164863214
vn 0.782356739 0.622252107 0.0268355943
vn 0.928884566 0.287589878 0.233378232
vn 0.961589634 0.271619827 0.0395999067
vn 0.439296007 0.661507189 -0.607805312
vn 0.584433734 0.400523931 -0.705703676
vn 0.464388996 0.545832336 -0.697430968
vn 0.296832979 -0.0466531292 -0.953789175
vn 0.44156456 0.211491063 -0.871947408
vn 0.66514045 0.0489676595 -0.745110869
vn 0.103619255 0.661301613 -0.742928863
vn -0.208686844 0.684507728 -0.698497593
vn -0.0212487206 0.816451371 -0.577023149
vn -0.0646387041 0.463191271 -0.88389796
vn 0.0653469786 0.508512437 -0.85857141
vn 0.0326301865 0.160925567 -0.98642695
vn -0.501949966 -0.624328852 -0.598548055
vn -0.576463401 -0.0930014998 -0.811813176
vn -0.31077233 -0.295577139 -0.903357387
vn -0.0935360342 0.529088974 0.843395412
vn 0.0344551019 0.41420418 0.909531593
vn 0.0608931854 0.468994141 0.881099641
vn -0.439250112 -0.60267663 0.666213393
vn -0.294224322 -0.866517067 0.403212339
vn -0.238025218 -0.808363557 0.538416445
vn 0.260375738 0.4448466 0.856922388
vn 0.0285671279 0.867892742 0.495929539
vn 0.181447223 0.433639497 0.882628918
vn 0.490567297 0.808424056 0.325260431
vn 0.300387591 0.953761697 0.0102936812
vn 0.181933776 0.97057128 0.15777047
vn 0.757154047 0.527754784 -0.384957939
vn 0.938030183 0.264735371 -0.223639563
vn 0.851051927 0.270314932 -0.450156003
vn -0.88935411 0.384801388 -0.246935353
vn -0.924326003 -0.0289105531 -0.380507141
vn -0.992477059 0.114013962 -0.0446111895
vn -0.439250112 -0.60267663 0.666213393
vn -0.711799502 -0.0986163393 0.695425212
vn -0.539753377 -0.713594317 0.446597636
vn -0.91785562 -0.336394846 0.210664853
vn -0.897468865 -0.434502244 -0.0758787915
vn -0.686938882 -0.704675138 0.177617714
vn -0.152481273 -0.0375626311 0.98759228
vn -0.283003002 -0.438423544 0.853049934
vn -0.20069167 -0.462806433 0.863442481
vn 0.683374226 -0.165071726 -0.711161613
vn 0.368020415 -0.33004424 -0.869270921
vn 0.66514045 0.0489676595 -0.745110869
vn 0.260375738 0.4448466 0.856922388
vn 0.290170014 0.211768612 0.933249891
vn 0.371659935 0.284047425 0.883847296
vn 0.254237503 0.133375391 0.957900941
vn 0.260638237 0.0184096098 0.965260983
vn 0.33026877 -0.044176206 0.942852557
vn -0.501949966 -0.624328852 -0.598548055
vn -0.31077233 -0.295577139 -0.903357387
vn -0.450379491 -0.677463412 -0.581551015
vn 0.516233563 0.399031788 0.757810414
vn 0.361929208 0.534953773 0.763434172
vn 0.371659935 0.284047425 0.883847296
vn 0.716195822 -0.239624038 0.655472159
vn 0.897229791 -0.272057772 0.347797692
vn 0.901881397 -0.0562131889 0.428310722
vn -0.241727337 0.961569071 -0.130202889
vn -0.361643523 0.932286978 0.00741217984
vn -0.19933486 0.897570908 0.393232912
vn -0.329780847 0.893394351 -0.305108279
vn -0.541590989 0.783142269 -0.305560827
vn -0.297970146 0.942299426 -0.152595654
vn -0.576463401 -0.0930014998 -0.811813176
vn -0.520778537 0.577519476 -0.628697813
vn -0.473826855 0.511020064 -0.717179716
vn -0.368988007 -0.117682345 -0.921953857
vn -0.486416698 -0.0853413194 -0.869549155
vn -0.257899255 0.248670802 -0.933622479
vn -0.456876159 0.260095775 0.850655198
vn -0.412545025 0.532159865 0.739332438
vn -0.558188617 0.420018226 0.715548933
vn -0.141922221 0.42803815 0.892547727
vn -0.250886798 0.22691673 0.94104445
vn -0.152481273 -0.0375626311 0.98759228
vn 0.757154047 0.527754784 -0.384957939
vn 0.672510207 0.694433153 -0.255915016
vn 0.866466582 0.479282111 -0.139729649
vn 0.205164045 0.912394166 -0.354181588
vn 0.333756536 0.777656376 -0.532782614
vn 0.263491333 0.8593086 -0.438361704
vn -0.329780847 0.893394351 -0.305108279
vn -0.521248639 0.649488986 -0.553591728
vn -0.541590989 0.783142269 -0.305560827
vn -0.924326003 -0.0289105531 -0.380507141
vn -0.798318863 0.440490723 -0.410676092
vn -0.766337216 0.040534202 -0.641158521
vn -0.241727337 0.961569071 -0.130202889
vn -0.19933486 0.897570908 0.393232912
vn -0.132568821 0.989604354 0.0557550304
vn -0.156922445 0.645089984 0.747819722
vn -0.219129771 0.852767587 0.474098682
vn -0.19933486 0.897570908 0.393232912
vn 0.961589634 0.271619827 0.0395999067
vn 0.928884566 0.287589878 0.233378232
vn 0.987038791 -0.0283261668 0.157962218
vn 0.0056545008 -0.142134622 -0.989831209
vn 0.278030783 -0.268111318 -0.922396421
vn -0.0215389878 -0.33054027 -0.943546057
vn -0.257899255 0.248670802 -0.933622479
vn 0.0326301865 0.160925567 -0.98642695
vn -0.159165367 0.0242567081 -0.986953855
vn 0.0056545008 -0.142134622 -0.989831209
vn -0.0215389878 -0.33054027 -0.943546057
vn -0.31077233 -0.295577139 -0.903357387
vn -0.450379491 -0.677463412 -0.581551015
vn -0.31077233 -0.295577139 -0.903357387
vn -0.266459048 -0.475567937 -0.838352442
vn -0.24743937 0.598187089 0.762198091
vn -0.412545025 0.532159865 0.739332438
vn -0.31943047 0.431199521 0.84381932
vn -0.257221252 0.711738765 0.653655291
vn -0.36471644 0.68808049 0.627317488
vn -0.24743937 0.598187089 0.762198091
vn 0.181933776 0.97057128 0.15777047
vn -0.132568821 0.989604354 0.0557550304
vn 0.0924656689 0.880946219 0.464094609
vn 0.501498759 0.656515837 0.56345886
vn 0.181933776 0.97057128 0.15777047
vn 0.185594723 0.89410156 0.407599032
vn -0.1269591 0.943587482 -0.305816978
vn -0.161505908 0.970499218 -0.179017335
vn 0.181933776 0.97057128 0.15777047
vn -0.1269591 0.943587482 -0.305816978
vn -0.329780847 0.893394351 -0.305108279
vn -0.161505908 0.970499218 -0.179017335
vn -0.659080625 0.668717861 0.344135344
vn -0.601055622 0.563034117 0.567207813
vn -0.460004658 0.778540969 0.426930696
vn -0.805338264 -0.400778115 0.436814934
vn -0.83243674 0.275007606 0.481061071
vn -0.958749056 0.113536328 0.260594636
vn -0.640106916 -0.488042444 -0.593361259
vn -0.560118198 -0.575478911 -0.595895588
vn -0.584935904 -0.732086182 -0.349141687
vn 0.156172216 0.105278417 0.982103109
vn 0.158855364 0.259269565 0.952651262
vn -0.00771076605 0.312247604 0.949969471
vn 0.0716960877 -0.251358837 0.965234876
vn -0.152481273 -0.0375626311 0.98759228
vn -0.0537537634 -0.406759858 0.911952257
vn 0.718288422 0.606849551 0.34028706
vn 0.928884566 0.287589878 0.233378232
vn 0.782356739 0.622252107 0.0268355943
vn 0.596678853 0.075938642 0.798878968
vn 0.790797055 0.0377513468 0.610913098
vn 0.688341856 0.334654301 0.643577576
vn 0.335193306 0.140236884 -0.931653976
vn 0.202709198 0.380942732 -0.902103901
vn 0.44156456 0.211491063 -0.871947408
vn 0.252576798 0.739623904 -0.623827994
vn 0.401187807 0.599067032 -0.692940891
vn 0.302499712 0.535574019 -0.788450599
vn 0.584433734 0.400523931 -0.705703676
vn 0.661621988 0.472862005 -0.581943095
vn 0.807024121 0.168092728 -0.566089153
vn 0.683374226 -0.165071726 -0.711161613
vn 0.66514045 0.0489676595 -0.745110869
vn 0.839494586 -0.127329558 -0.528238654
vn -0.798318863 0.440490723 -0.410676092
vn -0.593619883 0.672765672 -0.441589862
vn -0.766337216 0.040534202 -0.641158521
vn -0.576463401 -0.0930014998 -0.811813176
vn -0.67769444 -0.0150892669 -0.735188723
vn -0.520778537 0.577519476 -0.628697813
vn 0.596678853 0.075938642 0.798878968
vn 0.716195822 -0.239624038 0.655472159
vn 0.790797055 0.0377513468 0.610913098
vn 0.375053465 -0.366124868 0.851638138
vn 0.554127991 -0.226910204 0.800908148
vn 0.413758397 -0.106032796 0.904190838
vn 0.570707262 -0.327426672 -0.753050506
vn 0.407865554 -0.531892359 -0.742116094
vn 0.368020415 -0.33004424 -0.869270921
vn -0.804688096 0.587101936 -0.0882517248
vn -0.803587854 0.581253946 0.128025159
vn -0.632487237 0.768290341 -0.098437123
vn -0.593619883 0.672765672 -0.441589862
vn -0.798318863 0.440490723 -0.410676092
vn -0.541590989 0.783142269 -0.305560827
vn 0.393537551 0.901926219 -0.177924901
vn 0.205164045 0.912394166 -0.354181588
vn -0.1269591 0.943587482 -0.305816978
vn 0.672510207 0.694433153 -0.255915016
vn 0.542972982 0.680582821 -0.49192214
vn 0.397782594 0.843106091 -0.361857831
vn -0.361643523 0.932286978 0.00741217984
vn -0.500171065 0.850793958 -0.161178946
vn -0.541274905 0.824525177 0.164863214
vn -0.19933486 0.897570908 0.393232912
vn -0.361643523 0.932286978 0.00741217984
vn -0.229283094 0.947201788 0.224138498
vn 0.672510207 0.694433153 -0.255915016
vn 0.397782594 0.843106091 -0.361857831
vn 0.393537551 0.901926219 -0.177924901
vn 0.718288422 0.606849551 0.34028706
vn 0.782356739 0.622252107 0.0268355943
vn 0.587090194 0.802941144 0.103007443
vn -0.329231173 -0.701091826 -0.632516384
vn -0.111963175 -0.652298808 -0.749646842
vn -0.100738265 -0.795072675 -0.598089576
vn -0.992477059 0.114013962 -0.0446111895
vn -0.803587854 0.581253946 0.128025159
vn -0.804688096 0.587101936 -0.0882517248
vn -0.958749056 0.113536328 0.260594636
vn -0.83243674 0.275007606 0.481061071
vn -0.803587854 0.581253946 0.128025159
vn -0.439250112 -0.60267663 0.666213393
vn -0.559014916 -0.00457824534 0.829145014
vn -0.711799502 -0.0986163393 0.695425212
vn -0.283003002 -0.438423544 0.853049934
vn -0.439250112 -0.60267663 0.666213393
vn -0.238025218 -0.808363557 0.538416445
vn 0.156172216 0.105278417 0.982103109
vn 0.0153989913 0.00985802338 0.999832869
vn 0.0716960877 -0.251358837 0.965234876
vn -0.439250112 -0.60267663 0.666213393
vn -0.539753377 -0.713594317 0.446597636
vn -0.294224322 -0.866517067 0.403212339
vn 0.469544619 0.15187861 0.86974746
vn 0.413758397 -0.106032796 0.904190838
vn 0.554127991 -0.226910204 0.800908148
vn 0.290170014 0.211768612 0.933249891
vn 0.33922863 0.0884271711 0.936538696
vn 0.371659935 0.284047425 0.883847296
vn -0.924326003 -0.0289105531 -0.380507141
vn -0.766337216 0.040534202 -0.641158521
vn -0.788223624 -0.322589666 -0.524060547
vn -0.521248639 0.649488986 -0.553591728
vn -0.67769444 -0.0150892669 -0.735188723
vn -0.603934586 0.587916136 -0.538161278
vn -0.521248639 0.649488986 -0.553591728
vn -0.593619883 0.672765672 -0.441589862
vn -0.541590989 0.783142269 -0.305560827
vn 0.501498759 0.656515837 0.56345886
vn 0.185594723 0.89410156 0.407599032
vn 0.361929208 0.534953773 0.763434172
vn 0.260375738 0.4448466 0.856922388
vn 0.0924656689 0.880946219 0.464094609
vn 0.0285671279 0.867892742 0.495929539
vn 0.66514045 0.0489676595 -0.745110869
vn 0.807024121 0.168092728 -0.566089153
vn 0.839494586 -0.127329558 -0.528238654
vn 0.91058147 -0.151685983 -0.384489983
vn 0.807024121 0.168092728 -0.566089153
vn 0.950241327 0.027548017 -0.310294241
vn 0.0153989913 0.00985802338 0.999832869
vn -0.152481273 -0.0375626311 0.98759228
vn 0.0716960877 -0.251358837 0.965234876
vn -0.00771076605 0.312247604 0.949969471
vn -0.141922221 0.42803815 0.892547727
vn -0.152481273 -0.0375626311 0.98759228
vn 0.160771877 -0.604860306 -0.779933572
vn 0.368020415 -0.33004424 -0.869270921
vn 0.407865554 -0.531892359 -0.742116094
vn 0.0450181551 -0.493200004 -0.868750274
vn 0.278030783 -0.268111318 -0.922396421
vn 0.160771877 -0.604860306 -0.779933572
vn 0.393537551 0.901926219 -0.177924901
vn 0.312740594 0.842436373 -0.438741744
vn 0.205164045 0.912394166 -0.354181588
vn 0.333756536 0.777656376 -0.532782614
vn 0.205164045 0.912394166 -0.354181588
vn 0.312740594 0.842436373 -0.438741744
vn 0.541959405 0.220349878 -0.811003089
vn 0.500788331 0.26683864 -0.823412538
vn 0.464388996 0.545832336 -0.697430968
vn 0.500788331 0.26683864 -0.823412538
vn 0.302499712 0.535574019 -0.788450599
vn 0.401187807 0.599067032 -0.692940891
vn 0.103619255 0.661301613 -0.742928863
vn -0.0646387041 0.463191271 -0.88389796
vn -0.208686844 0.684507728 -0.698497593
vn -0.486416698 -0.0853413194 -0.869549155
vn -0.473826855 0.511020064 -0.717179716
vn -0.257899255 0.248670802 -0.933622479
vn 0.688341856 0.334654301 0.643577576
vn 0.790797055 0.0377513468 0.610913098
vn 0.859706342 0.296320796 0.416051716
vn 0.901881397 -0.0562131889 0.428310722
vn 0.987038791 -0.0283261668 0.157962218
vn 0.928884566 0.287589878 0.233378232
vn -0.473826855 0.511020064 -0.717179716
vn -0.520778537 0.577519476 -0.628697813
vn -0.358833611 0.645067811 -0.674630284
vn -0.473826855 0.511020064 -0.717179716
vn -0.358833611 0.645067811 -0.674630284
vn -0.257899255 0.248670802 -0.933622479
vn -0.283003002 -0.438423544 0.853049934
vn -0.238025218 -0.808363557 0.538416445
vn -0.111821994 -0.781627834 0.613639832
vn -0.31077233 -0.295577139 -0.903357387
vn -0.576463401 -0.0930014998 -0.811813176
vn -0.486416698 -0.0853413194 -0.869549155
vn -0.486416698 -0.0853413194 -0.869549155
vn -0.576463401 -0.0930014998 -0.811813176
vn -0.473826855 0.511020064 -0.717179716
vn 0.0344551019 0.41420418 0.909531593
vn -0.0935360342 0.529088974 0.843395412
vn -0.141922221 0.42803815 0.892547727
vn -0.24743937 0.598187089 0.762198091
vn -0.156922445 0.645089984 0.747819722
vn -0.257221252 0.711738765 0.653655291
vn -0.640106916 -0.488042444 -0.593361259
vn -0.766337216 0.040534202 -0.641158521
vn -0.67769444 -0.0150892669 -0.735188723
vn -0.67769444 -0.0150892669 -0.735188723
vn -0.766337216 0.040534202 -0.641158521
vn -0.603934586 0.587916136 -0.538161278
vn 0.312740594 0.842436373 -0.438741744
vn 0.439296007 0.661507189 -0.607805312
vn 0.333756536 0.777656376 -0.532782614
vn 0.464388996 0.545832336 -0.697430968
vn 0.387041241 0.686801612 -0.615225554
vn 0.439296007 0.661507189 -0.607805312
vn 0.158855364 0.259269565 0.952651262
vn 0.156172216 0.105278417 0.982103109
vn 0.254237503 0.133375391 0.957900941
vn 0.260375738 0.4448466 0.856922388
vn 0.181447223 0.433639497 0.882628918
vn 0.229013845 0.267286211 0.936007857
vn 0.252576798 0.739623904 -0.623827994
vn 0.103619255 0.661301613 -0.742928863
vn -0.0212487206 0.816451371 -0.577023149
vn 0.205164045 0.912394166 -0.354181588
vn 0.263491333 0.8593086 -0.438361704
vn 0.0761521533 0.912585378 -0.401732117
vn 0.961589634 0.271619827 0.0395999067
vn 0.987038791 -0.0283261668 0.157962218
vn 0.997920394 -0.0308553893 -0.0565943941
vn 0.851051927 0.270314932 -0.450156003
vn 0.938030183 0.264735371 -0.223639563
vn 0.950241327 0.027548017 -0.310294241
vn 0.181447223 0.433639497 0.882628918
vn 0.0285671279 0.867892742 0.495929539
vn 0.0608931854 0.468994141 0.881099641
vn -0.132568821 0.989604354 0.0557550304
vn -0.19933486 0.897570908 0.393232912
vn -0.219129771 0.852767587 0.474098682
vn 0.688341856 0.334654301 0.643577576
vn 0.859706342 0.296320796 0.416051716
vn 0.718288422 0.606849551 0.34028706
vn 0.361929208 0.534953773 0.763434172
vn 0.516233563 0.399031788 0.757810414
vn 0.501498759 0.656515837 0.56345886
vn 0.718288422 0.606849551 0.34028706
vn 0.587090194 0.802941144 0.103007443
vn 0.490567297 0.808424056 0.325260431
vn 0.501498759 0.656515837 0.56345886
vn 0.688341856 0.334654301 0.643577576
vn 0.718288422 0.606849551 0.34028706
vn -0.541274905 0.824525177 0.164863214
vn -0.659080625 0.668717861 0.344135344
vn -0.460004658 0.778540969 0.426930696
vn -0.361643523 0.932286978 0.00741217984
vn -0.541274905 0.824525177 0.164863214
vn -0.312419653 0.884870052 0.345541626
vn 0.683374226 -0.165071726 -0.711161613
vn 0.570707262 -0.327426672 -0.753050506
vn 0.368020415 -0.33004424 -0.869270921
vn -0.426764071 -0.269278616 0.863343239
vn -0.439250112 -0.60267663 0.666213393
vn -0.283003002 -0.438423544 0.853049934
vn -0.283003002 -0.438423544 0.853049934
vn -0.152481273 -0.0375626311 0.98759228
vn -0.346495628 0.126727208 0.929451942
vn 0.387041241 0.686801612 -0.615225554
vn 0.464388996 0.545832336 -0.697430968
vn 0.401187807 0.599067032 -0.692940891
vn 0.500788331 0.26683864 -0.823412538
vn 0.401187807 0.599067032 -0.692940891
vn 0.464388996 0.545832336 -0.697430968
vn -0.346495628 0.126727208 0.929451942
vn -0.426764071 -0.269278616 0.863343239
vn -0.283003002 -0.438423544 0.853049934
vn -0.456876159 0.260095775 0.850655198
vn -0.31943047 0.431199521 0.84381932
vn -0.412545025 0.532159865 0.739332438
vn 0.0056545008 -0.142134622 -0.989831209
vn 0.296832979 -0.0466531292 -0.953789175
vn 0.278030783 -0.268111318 -0.922396421
vn 0.0056545008 -0.142134622 -0.989831209
vn -0.159165367 0.0242567081 -0.986953855
vn 0.0326301865 0.160925567 -0.98642695
vn -0.790659726 -0.548181593 -0.272679448
vn -0.924326003 -0.0289105531 -0.380507141
vn -0.788223624 -0.322589666 -0.524060547
vn -0.992477059 0.114013962 -0.0446111895
vn -0.924326003 -0.0289105531 -0.380507141
vn -0.897468865 -0.434502244 -0.0758787915
vn -0.46047166 -0.80192095 -0.380642295
vn -0.584935904 -0.732086182 -0.349141687
vn -0.560118198 -0.575478911 -0.595895588
vn -0.46047166 -0.80192095 -0.380642295
vn -0.501949966 -0.624328852 -0.598548055
vn -0.450379491 -0.677463412 -0.581551015
vn -0.333886743 -0.837141633 -0.433259219
vn -0.46047166 -0.80192095 -0.380642295
vn -0.450379491 -0.677463412 -0.581551015
vn -0.450379491 -0.677463412 -0.581551015
vn -0.266459048 -0.475567937 -0.838352442
vn -0.329231173 -0.701091826 -0.632516384
vn 0.160771877 -0.604860306 -0.779933572
vn -0.111963175 -0.652298808 -0.749646842
vn 0.0450181551 -0.493200004 -0.868750274
vn -0.329231173 -0.701091826 -0.632516384
vn -0.266459048 -0.475567937 -0.838352442
vn -0.111963175 -0.652298808 -0.749646842
vn 0.584433734 0.400523931 -0.705703676
vn 0.439296007 0.661507189 -0.607805312
vn 0.661621988 0.472862005 -0.581943095
vn 0.542972982 0.680582821 -0.49192214
vn 0.439296007 0.661507189 -0.607805312
vn 0.312740594 0.842436373 -0.438741744
vn -0.312419653 0.884870052 0.345541626
vn -0.541274905 0.824525177 0.164863214
vn -0.460004658 0.778540969 0.426930696
vn -0.36471644 0.68808049 0.627317488
vn -0.312419653 0.884870052 0.345541626
vn -0.460004658 0.778540969 0.426930696
vn 0.181447223 0.433639497 0.882628918
vn 0.0608931854 0.468994141 0.881099641
vn 0.110541008 0.32804206 0.938173294
vn 0.229013845 0.267286211 0.936007857
vn 0.181447223 0.433639497 0.882628918
vn 0.110541008 0.32804206 0.938173294
vn 0.335193306 0.140236884 -0.931653976
vn 0.0326301865 0.160925567 -0.98642695
vn 0.202709198 0.380942732 -0.902103901
vn 0.0326301865 0.160925567 -0.98642695
vn 0.296832979 -0.0466531292 -0.953789175
vn 0.0056545008 -0.142134622 -0.989831209
vn -0.141922221 0.42803815 0.892547727
vn -0.0935360342 0.529088974 0.843395412
vn -0.24743937 0.598187089 0.762198091
vn -0.31943047 0.431199521 0.84381932
vn -0.141922221 0.42803815 0.892547727
vn -0.24743937 0.598187089 0.762198091
vn 0.393537551 0.901926219 -0.177924901
vn -0.1269591 0.943587482 -0.305816978
vn 0.300387591 0.953761697 0.0102936812
vn 0.782356739 0.622252107 0.0268355943
vn 0.393537551 0.901926219 -0.177924901
vn 0.587090194 0.802941144 0.103007443
vn -0.297970146 0.942299426 -0.152595654
vn -0.541590989 0.783142269 -0.305560827
vn -0.500171065 0.850793958 -0.161178946
vn -0.541590989 0.783142269 -0.305560827
vn -0.72503835 0.6488114 -0.23100464
vn -0.632487237 0.768290341 -0.098437123
vn -0.208686844 0.684507728 -0.698497593
vn -0.0646387041 0.463191271 -0.88389796
vn -0.257899255 0.248670802 -0.933622479
vn -0.257899255 0.248670802 -0.933622479
vn -0.0646387041 0.463191271 -0.88389796
vn 0.0326301865 0.160925567 -0.98642695
vn 0.393537551 0.901926219 -0.177924901
vn 0.782356739 0.622252107 0.0268355943
vn 0.672510207 0.694433153 -0.255915016
vn 0.672510207 0.694433153 -0.255915016
vn 0.782356739 0.622252107 0.0268355943
vn 0.866466582 0.479282111 -0.139729649
vn 0.156172216 0.105278417 0.982103109
vn 0.0716960877 -0.251358837 0.965234876
vn 0.228396907 -0.151780471 0.961663902
vn 0.254237503 0.133375391 0.957900941
vn 0.156172216 0.105278417 0.982103109
vn 0.260638237 0.0184096098 0.965260983
vn 0.908149362 -0.386110932 0.161811993
vn 0.997920394 -0.0308553893 -0.0565943941
vn 0.987038791 -0.0283261668 0.157962218
vn -0.91785562 -0.336394846 0.210664853
vn -0.686938882 -0.704675138 0.177617714
vn -0.805338264 -0.400778115 0.436814934
vn 0.0761521533 0.912585378 -0.401732117
vn 0.252576798 0.739623904 -0.623827994
vn -0.0212487206 0.816451371 -0.577023149
vn -0.0212487206 0.816451371 -0.577023149
vn -0.208686844 0.684507728 -0.698497593
vn -0.1269591 0.943587482 -0.305816978
vn 0.371659935 0.284047425 0.883847296
vn 0.33922863 0.0884271711 0.936538696
vn 0.469544619 0.15187861 0.86974746
vn 0.371659935 0.284047425 0.883847296
vn 0.469544619 0.15187861 0.86974746
vn 0.516233563 0.399031788 0.757810414
vn -0.558188617 0.420018226 0.715548933
vn -0.711799502 -0.0986163393 0.695425212
vn -0.559014916 -0.00457824534 0.829145014
vn -0.711799502 -0.0986163393 0.695425212
vn -0.83243674 0.275007606 0.481061071
vn -0.805338264 -0.400778115 0.436814934
vn -0.659080625 0.668717861 0.344135344
vn -0.83243674 0.275007606 0.481061071
vn -0.601055622 0.563034117 0.567207813
vn -0.711799502 -0.0986163393 0.695425212
vn -0.601055622 0.563034117 0.567207813
vn -0.83243674 0.275007606 0.481061071
vn 0.997920394 -0.0308553893 -0.0565943941
vn 0.950241327 0.027548017 -0.310294241
vn 0.938030183 0.264735371 -0.223639563
vn 0.584433734 0.400523931 -0.705703676
vn 0.541959405 0.220349878 -0.811003089
vn 0.464388996 0.545832336 -0.697430968
vn 0.66514045 0.0489676595 -0.745110869
vn 0.584433734 0.400523931 -0.705703676
vn 0.807024121 0.168092728 -0.566089153
vn -0.297970146 0.942299426 -0.152595654
vn -0.500171065 0.850793958 -0.161178946
vn -0.361643523 0.932286978 0.00741217984
vn -0.241727337 0.961569071 -0.130202889
vn -0.297970146 0.942299426 -0.152595654
vn -0.361643523 0.932286978 0.00741217984
vn -0.457927942 0.625549555 0.631656289
vn -0.36471644 0.68808049 0.627317488
vn -0.460004658 0.778540969 0.426930696
vn -0.412545025 0.532159865 0.739332438
vn -0.24743937 0.598187089 0.762198091
vn -0.36471644 0.68808049 0.627317488
vn -0.132568821 0.989604354 0.0557550304
vn -0.130237728 0.820076764 0.557236373
vn 0.0285671279 0.867892742 0.495929539
vn -0.132568821 0.989604354 0.0557550304
vn 0.0285671279 0.867892742 0.495929539
vn 0.0924656689 0.880946219 0.464094609
vn -0.283003002 -0.438423544 0.853049934
vn -0.111821994 -0.781627834 0.613639832
vn -0.20069167 -0.462806433 0.863442481
vn -0.992477059 0.114013962 -0.0446111895
vn -0.958749056 0.113536328 0.260594636
vn -0.803587854 0.581253946 0.128025159
vn -0.91785562 -0.336394846 0.210664853
vn -0.992477059 0.114013962 -0.0446111895
vn -0.897468865 -0.434502244 -0.0758787915
vn 0.716195822 -0.239624038 0.655472159
vn 0.596678853 0.075938642 0.798878968
vn 0.554127991 -0.226910204 0.800908148
vn -0.88935411 0.384801388 -0.246935353
vn -0.798318863 0.440490723 -0.410676092
vn -0.924326003 -0.0289105531 -0.380507141
vn -0.541590989 0.783142269 -0.305560827
vn -0.798318863 0.440490723 -0.410676092
vn -0.72503835 0.6488114 -0.23100464
vn 0.263491333 0.8593086 -0.438361704
vn 0.252576798 0.739623904 -0.623827994
vn 0.0761521533 0.912585378 -0.401732117
vn 0.333756536 0.777656376 -0.532782614
vn 0.353203386 0.742494404 -0.569165528
vn 0.263491333 0.8593086 -0.438361704
vn 0.866466582 0.479282111 -0.139729649
vn 0.782356739 0.622252107 0.0268355943
vn 0.961589634 0.271619827 0.0395999067
vn 0.938030183 0.264735371 -0.223639563
vn 0.961589634 0.271619827 0.0395999067
vn 0.997920394 -0.0308553893 -0.0565943941
vn -0.31077233 -0.295577139 -0.903357387
vn -0.0215389878 -0.33054027 -0.943546057
vn -0.266459048 -0.475567937 -0.838352442
vn -0.111963175 -0.652298808 -0.749646842
vn -0.266459048 -0.475567937 -0.838352442
vn 0.0450181551 -0.493200004 -0.868750274
vn 0.296832979 -0.0466531292 -0.953789175
vn 0.0326301865 0.160925567 -0.98642695
vn 0.335193306 0.140236884 -0.931653976
vn 0.335193306 0.140236884 -0.931653976
vn 0.44156456 0.211491063 -0.871947408
vn 0.296832979 -0.0466531292 -0.953789175
vn 0.260375738 0.4448466 0.856922388
vn 0.371659935 0.284047425 0.883847296
vn 0.361929208 0.534953773 0.763434172
vn 0.361929208 0.534953773 0.763434172
vn 0.0924656689 0.880946219 0.464094609
vn 0.260375738 0.4448466 0.856922388
vn -0.558188617 0.420018226 0.715548933
vn -0.601055622 0.563034117 0.567207813
vn -0.711799502 -0.0986163393 0.695425212
vn -0.558188617 0.420018226 0.715548933
vn -0.457927942 0.625549555 0.631656289
vn -0.601055622 0.563034117 0.567207813
vn 0.44156456 0.211491063 -0.871947408
vn 0.541959405 0.220349878 -0.811003089
vn 0.66514045 0.0489676595 -0.745110869
vn 0.66514045 0.0489676595 -0.745110869
vn 0.541959405 0.220349878 -0.811003089
vn 0.584433734 0.400523931 -0.705703676
vn 0.0653469786 0.508512437 -0.85857141
vn -0.0646387041 0.463191271 -0.88389796
vn 0.103619255 0.661301613 -0.742928863
vn 0.302499712 0.535574019 -0.788450599
vn 0.44156456 0.211491063 -0.871947408
vn 0.202709198 0.380942732 -0.902103901
vn 0.0344551019 0.41420418 0.909531593
vn -0.00771076605 0.312247604 0.949969471
vn 0.158855364 0.259269565 0.952651262
vn -0.00771076605 0.312247604 0.949969471
vn 0.0344551019 0.41420418 0.909531593
vn -0.141922221 0.42803815 0.892547727
vn 0.103619255 0.661301613 -0.742928863
vn 0.302499712 0.535574019 -0.788450599
vn 0.0653469786 0.508512437 -0.85857141
vn 0.252576798 0.739623904 -0.623827994
vn 0.302499712 0.535574019 -0.788450599
vn 0.103619255 0.661301613 -0.742928863
vn -0.257899255 0.248670802 -0.933622479
vn -0.358833611 0.645067811 -0.674630284
vn -0.208686844 0.684507728 -0.698497593
vn -0.1269591 0.943587482 -0.305816978
vn -0.208686844 0.684507728 -0.698497593
vn -0.358833611 0.645067811 -0.674630284
vn 0.859706342 0.296320796 0.416051716
vn 0.790797055 0.0377513468 0.610913098
vn 0.901881397 -0.0562131889 0.428310722
vn 0.790797055 0.0377513468 0.610913098
vn 0.716195822 -0.239624038 0.655472159
vn 0.901881397 -0.0562131889 0.428310722
vn 0.516233563 0.399031788 0.757810414
vn 0.688341856 0.334654301 0.643577576
vn 0.501498759 0.656515837 0.56345886
vn 0.516233563 0.399031788 0.757810414
vn 0.469544619 0.15187861 0.86974746
vn 0.688341856 0.334654301 0.643577576
vn -0.361643523 0.932286978 0.00741217984
vn -0.312419653 0.884870052 0.345541626
vn -0.229283094 0.947201788 0.224138498
vn -0.36471644 0.68808049 0.627317488
vn -0.341398329 0.806363821 0.482933402
vn -0.312419653 0.884870052 0.345541626
vn 0.0153989913 0.00985802338 0.999832869
vn 0.156172216 0.105278417 0.982103109
vn -0.00771076605 0.312247604 0.949969471
vn -0.00771076605 0.312247604 0.949969471
vn -0.152481273 -0.0375626311 0.98759228
vn 0.0153989913 0.00985802338 0.999832869
vn 0.901881397 -0.0562131889 0.428310722
vn 0.897229791 -0.272057772 0.347797692
vn 0.987038791 -0.0283261668 0.157962218
vn 0.897229791 -0.272057772 0.347797692
vn 0.908149362 -0.386110932 0.161811993
vn 0.987038791 -0.0283261668 0.157962218
vn 0.661621988 0.472862005 -0.581943095
vn 0.439296007 0.661507189 -0.607805312
vn 0.542972982 0.680582821 -0.49192214
vn 0.661621988 0.472862005 -0.581943095
vn 0.757154047 0.527754784 -0.384957939
vn 0.851051927 0.270314932 -0.450156003
vn -0.790659726 -0.548181593 -0.272679448
vn -0.897468865 -0.434502244 -0.0758787915
vn -0.924326003 -0.0289105531 -0.380507141
vn -0.333886743 -0.837141633 -0.433259219
vn -0.450379491 -0.677463412 -0.581551015
vn -0.329231173 -0.701091826 -0.632516384
vn -0.333886743 -0.837141633 -0.433259219
vn -0.329231173 -0.701091826 -0.632516384
vn -0.100738265 -0.795072675 -0.598089576
vn 0.290170014 0.211768612 0.933249891
vn 0.254237503 0.133375391 0.957900941
vn 0.33922863 0.0884271711 0.936538696
vn 0.229013845 0.267286211 0.936007857
vn 0.158855364 0.259269565 0.952651262
vn 0.254237503 0.133375391 0.957900941
vn -0.341398329 0.806363821 0.482933402
vn -0.257221252 0.711738765 0.653655291
vn -0.271662325 0.870335698 0.410749763
vn -0.156922445 0.645089984 0.747819722
vn -0.19933486 0.897570908 0.393232912
vn -0.257221252 0.711738765 0.653655291
vn 0.361929208 0.534953773 0.763434172
vn 0.185594723 0.89410156 0.407599032
vn 0.0924656689 0.880946219 0.464094609
vn 0.185594723 0.89410156 0.407599032
vn 0.181933776 0.97057128 0.15777047
vn 0.0924656689 0.880946219 0.464094609
vn 0.757154047 0.527754784 -0.384957939
vn 0.542972982 0.680582821 -0.49192214
vn 0.672510207 0.694433153 -0.255915016
vn 0.661621988 0.472862005 -0.581943095
vn 0.542972982 0.680582821 -0.49192214
vn 0.757154047 0.527754784 -0.384957939
vn 0.91058147 -0.151685983 -0.384489983
vn 0.839494586 -0.127329558 -0.528238654
vn 0.807024121 0.168092728 -0.566089153
vn 0.587090194 0.802941144 0.103007443
vn 0.393537551 0.901926219 -0.177924901
vn 0.300387591 0.953761697 0.0102936812
vn 0.490567297 0.808424056 0.325260431
vn 0.587090194 0.802941144 0.103007443
vn 0.300387591 0.953761697 0.0102936812
vn 0.353203386 0.742494404 -0.569165528
vn 0.333756536 0.777656376 -0.532782614
vn 0.387041241 0.686801612 -0.615225554
vn 0.439296007 0.661507189 -0.607805312
vn 0.387041241 0.686801612 -0.615225554
vn 0.333756536 0.777656376 -0.532782614
vn -0.803587854 0.581253946 0.128025159
vn -0.659080625 0.668717861 0.344135344
vn -0.541274905 0.824525177 0.164863214
vn -0.803587854 0.581253946 0.128025159
vn -0.83243674 0.275007606 0.481061071
vn -0.659080625 0.668717861 0.344135344
vn 0.229013845 0.267286211 0.936007857
vn 0.254237503 0.133375391 0.957900941
vn 0.290170014 0.211768612 0.933249891
vn 0.290170014 0.211768612 0.933249891
vn 0.260375738 0.4448466 0.856922388
vn 0.229013845 0.267286211 0.936007857
vn -0.159165367 0.0242567081 -0.986953855
vn 0.0056545008 -0.142134622 -0.989831209
vn -0.31077233 -0.295577139 -0.903357387
vn -0.31077233 -0.295577139 -0.903357387
vn -0.486416698 -0.0853413194 -0.869549155
vn -0.368988007 -0.117682345 -0.921953857
vn 0.0608931854 0.468994141 0.881099641
vn 0.0285671279 0.867892742 0.495929539
vn -0.130237728 0.820076764 0.557236373
vn -0.0935360342 0.529088974 0.843395412
vn 0.0608931854 0.468994141 0.881099641
vn -0.130237728 0.820076764 0.557236373
vn 0.413758397 -0.106032796 0.904190838
vn 0.334594786 -0.158748329 0.928894639
vn 0.375053465 -0.366124868 0.851638138
vn -0.558188617 0.420018226 0.715548933
vn -0.412545025 0.532159865 0.739332438
vn -0.457927942 0.625549555 0.631656289
vn -0.412545025 0.532159865 0.739332438
vn -0.36471644 0.68808049 0.627317488
vn -0.457927942 0.625549555 0.631656289
vn 0.807024121 0.168092728 -0.566089153
vn 0.661621988 0.472862005 -0.581943095
vn 0.851051927 0.270314932 -0.450156003
vn 0.807024121 0.168092728 -0.566089153
vn 0.851051927 0.270314932 -0.450156003
vn 0.950241327 0.027548017 -0.310294241
vn -0.358833611 0.645067811 -0.674630284
vn -0.520778537 0.577519476 -0.628697813
vn -0.521248639 0.649488986 -0.553591728
vn -0.520778537 0.577519476 -0.628697813
vn -0.67769444 -0.0150892669 -0.735188723
vn -0.521248639 0.649488986 -0.553591728
vn 0.44156456 0.211491063 -0.871947408
vn 0.500788331 0.26683864 -0.823412538
vn 0.541959405 0.220349878 -0.811003089
vn 0.44156456 0.211491063 -0.871947408
vn 0.302499712 0.535574019 -0.788450599
vn 0.500788331 0.26683864 -0.823412538
vn -0.686938882 -0.704675138 0.177617714
vn -0.539753377 -0.713594317 0.446597636
vn -0.805338264 -0.400778115 0.436814934
vn -0.805338264 -0.400778115 0.436814934
vn -0.539753377 -0.713594317 0.446597636
vn -0.711799502 -0.0986163393 0.695425212
vn 0.490567297 0.808424056 0.325260431
vn 0.501498759 0.656515837 0.56345886
vn 0.718288422 0.606849551 0.34028706
vn 0.501498759 0.656515837 0.56345886
vn 0.490567297 0.808424056 0.325260431
vn 0.181933776 0.97057128 0.15777047
vn -0.788223624 -0.322589666 -0.524060547
vn -0.766337216 0.040534202 -0.641158521
vn -0.640106916 -0.488042444 -0.593361259
vn -0.788223624 -0.322589666 -0.524060547
vn -0.640106916 -0.488042444 -0.593361259
vn -0.584935904 -0.732086182 -0.349141687
vn 0.260638237 0.0184096098 0.965260983
vn 0.156172216 0.105278417 0.982103109
vn 0.228396907 -0.151780471 0.961663902
vn 0.228396907 -0.151780471 0.961663902
vn 0.334594786 -0.158748329 0.928894639
vn 0.260638237 0.0184096098 0.965260983
vn 0.110541008 0.32804206 0.938173294
vn 0.0344551019 0.41420418 0.909531593
vn 0.158855364 0.259269565 0.952651262
vn 0.110541008 0.32804206 0.938173294
vn 0.158855364 0.259269565 0.952651262
vn 0.229013845 0.267286211 0.936007857
vn 0.938030183 0.264735371 -0.223639563
vn 0.757154047 0.527754784 -0.384957939
vn 0.866466582 0.479282111 -0.139729649
vn 0.866466582 0.479282111 -0.139729649
vn 0.961589634 0.271619827 0.0395999067
vn 0.938030183 0.264735371 -0.223639563
vn 0.469544619 0.15187861 0.86974746
vn 0.33922863 0.0884271711 0.936538696
vn 0.413758397 -0.106032796 0.904190838
vn 0.33026877 -0.044176206 0.942852557
vn 0.33922863 0.0884271711 0.936538696
vn 0.254237503 0.133375391 0.957900941
vn -0.0215389878 -0.33054027 -0.943546057
vn 0.278030783 -0.268111318 -0.922396421
vn 0.0450181551 -0.493200004 -0.868750274
vn -0.0215389878 -0.33054027 -0.943546057
vn 0.0450181551 -0.493200004 -0.868750274
vn -0.266459048 -0.475567937 -0.838352442
vn 0.33026877 -0.044176206 0.942852557
vn 0.413758397 -0.106032796 0.904190838
vn 0.33922863 0.0884271711 0.936538696
vn 0.334594786 -0.158748329 0.928894639
vn 0.413758397 -0.106032796 0.904190838
vn 0.33026877 -0.044176206 0.942852557
vn -0.72503835 0.6488114 -0.23100464
vn -0.798318863 0.440490723 -0.410676092
vn -0.88935411 0.384801388 -0.246935353
vn -0.88935411 0.384801388 -0.246935353
vn -0.992477059 0.114013962 -0.0446111895
vn -0.804688096 0.587101936 -0.0882517248
vn 0.469544619 0.15187861 0.86974746
vn 0.554127991 -0.226910204 0.800908148
vn 0.596678853 0.075938642 0.798878968
vn 0.469544619 0.15187861 0.86974746
vn 0.596678853 0.075938642 0.798878968
vn 0.688341856 0.334654301 0.643577576
vn 0.0761521533 0.912585378 -0.401732117
vn -0.0212487206 0.816451371 -0.577023149
vn -0.1269591 0.943587482 -0.305816978
vn 0.205164045 0.912394166 -0.354181588
vn 0.0761521533 0.912585378 -0.401732117
vn -0.1269591 0.943587482 -0.305816978
vn -0.558188617 0.420018226 0.715548933
vn -0.559014916 -0.00457824534 0.829145014
vn -0.456876159 0.260095775 0.850655198
vn -0.456876159 0.260095775 0.850655198
vn -0.426764071 -0.269278616 0.863343239
vn -0.346495628 0.126727208 0.929451942
vn -0.426764071 -0.269278616 0.863343239
vn -0.559014916 -0.00457824534 0.829145014
vn -0.439250112 -0.60267663 0.666213393
vn -0.426764071 -0.269278616 0.863343239
vn -0.456876159 0.260095775 0.850655198
vn -0.559014916 -0.00457824534 0.829145014
vn -0.593619883 0.672765672 -0.441589862
vn -0.603934586 0.587916136 -0.538161278
vn -0.766337216 0.040534202 -0.641158521
vn -0.603934586 0.587916136 -0.538161278
vn -0.593619883 0.672765672 -0.441589862
vn -0.521248639 0.649488986 -0.553591728
vn -0.958749056 0.113536328 0.260594636
vn -0.992477059 0.114013962 -0.0446111895
vn -0.91785562 -0.336394846 0.210664853
vn -0.805338264 -0.400778115 0.436814934
vn -0.958749056 0.113536328 0.260594636
vn -0.91785562 -0.336394846 0.210664853
vn 0.0653469786 0.508512437 -0.85857141
vn 0.202709198 0.380942732 -0.902103901
vn 0.0326301865 0.160925567 -0.98642695
vn 0.0653469786 0.508512437 -0.85857141
vn 0.302499712 0.535574019 -0.788450599
vn 0.202709198 0.380942732 -0.902103901
vn -0.111963175 -0.652298808 -0.749646842
vn 0.160771877 -0.604860306 -0.779933572
vn 0.116128631 -0.729619026 -0.673921585
vn 0.116128631 -0.729619026 -0.673921585
vn 0.160771877 -0.604860306 -0.779933572
vn 0.407865554 -0.531892359 -0.742116094
vn -0.368988007 -0.117682345 -0.921953857
vn -0.257899255 0.248670802 -0.933622479
vn -0.159165367 0.0242567081 -0.986953855
vn -0.368988007 -0.117682345 -0.921953857
vn -0.159165367 0.0242567081 -0.986953855
vn -0.31077233 -0.295577139 -0.903357387
vn 0.353203386 0.742494404 -0.569165528
vn 0.401187807 0.599067032 -0.692940891
vn 0.252576798 0.739623904 -0.623827994
vn 0.353203386 0.742494404 -0.569165528
vn 0.252576798 0.739623904 -0.623827994
vn 0.263491333 0.8593086 -0.438361704
vn -0.271662325 0.870335698 0.410749763
vn -0.229283094 0.947201788 0.224138498
vn -0.341398329 0.806363821 0.482933402
vn -0.229283094 0.947201788 0.224138498
vn -0.312419653 0.884870052 0.345541626
vn -0.341398329 0.806363821 0.482933402
vn -0.346495628 0.126727208 0.929451942
vn -0.31943047 0.431199521 0.84381932
vn -0.456876159 0.260095775 0.850655198
vn -0.250886798 0.22691673 0.94104445
vn -0.346495628 0.126727208 0.929451942
vn -0.152481273 -0.0375626311 0.98759228
vn 0.397782594 0.843106091 -0.361857831
vn 0.312740594 0.842436373 -0.438741744
vn 0.393537551 0.901926219 -0.177924901
vn 0.397782594 0.843106091 -0.361857831
vn 0.542972982 0.680582821 -0.49192214
vn 0.312740594 0.842436373 -0.438741744
vn -0.130237728 0.820076764 0.557236373
vn -0.132568821 0.989604354 0.0557550304
vn -0.219129771 0.852767587 0.474098682
vn -0.0935360342 0.529088974 0.843395412
vn -0.130237728 0.820076764 0.557236373
vn -0.219129771 0.852767587 0.474098682
vn -0.156922445 0.645089984 0.747819722
vn -0.0935360342 0.529088974 0.843395412
vn -0.219129771 0.852767587 0.474098682
vn -0.156922445 0.645089984 0.747819722
vn -0.24743937 0.598187089 0.762198091
vn -0.0935360342 0.529088974 0.843395412
vn -0.329780847 0.893394351 -0.305108279
vn -0.297970146 0.942299426 -0.152595654
vn -0.241727337 0.961569071 -0.130202889
vn -0.161505908 0.970499218 -0.179017335
vn -0.329780847 0.893394351 -0.305108279
vn -0.241727337 0.961569071 -0.130202889
vn -0.500171065 0.850793958 -0.161178946
vn -0.541590989 0.783142269 -0.305560827
vn -0.632487237 0.768290341 -0.098437123
vn -0.500171065 0.850793958 -0.161178946
vn -0.632487237 0.768290341 -0.098437123
vn -0.541274905 0.824525177 0.164863214
vn -0.576463401 -0.0930014998 -0.811813176
vn -0.501949966 -0.624328852 -0.598548055
vn -0.565333545 -0.401103884 -0.720772862
vn -0.560118198 -0.575478911 -0.595895588
vn -0.67769444 -0.0150892669 -0.735188723
vn -0.565333545 -0.401103884 -0.720772862
vn -0.632487237 0.768290341 -0.098437123
vn -0.72503835 0.6488114 -0.23100464
vn -0.804688096 0.587101936 -0.0882517248
vn -0.88935411 0.384801388 -0.246935353
vn -0.804688096 0.587101936 -0.0882517248
vn -0.72503835 0.6488114 -0.23100464
vn -0.20069167 -0.462806433 0.863442481
vn -0.0537537634 -0.406759858 0.911952257
vn -0.152481273 -0.0375626311 0.98759228
vn -0.560118198 -0.575478911 -0.595895588
vn -0.565333545 -0.401103884 -0.720772862
vn -0.501949966 -0.624328852 -0.598548055
vn -0.560118198 -0.575478911 -0.595895588
vn -0.501949966 -0.624328852 -0.598548055
vn -0.46047166 -0.80192095 -0.380642295
vn -0.31943047 0.431199521 0.84381932
vn -0.346495628 0.126727208 0.929451942
vn -0.250886798 0.22691673 0.94104445
vn -0.250886798 0.22691673 0.94104445
vn -0.141922221 0.42803815 0.892547727
vn -0.31943047 0.431199521 0.84381932
vn -0.271662325 0.870335698 0.410749763
vn -0.19933486 0.897570908 0.393232912
vn -0.229283094 0.947201788 0.224138498
vn -0.257221252 0.711738765 0.653655291
vn -0.19933486 0.897570908 0.393232912
vn -0.271662325 0.870335698 0.410749763
vn 0.859706342 0.296320796 0.416051716
vn 0.928884566 0.287589878 0.233378232
vn 0.718288422 0.606849551 0.34028706
vn 0.859706342 0.296320796 0.416051716
vn 0.901881397 -0.0562131889 0.428310722
vn 0.928884566 0.287589878 0.233378232
vn 0.278030783 -0.268111318 -0.922396421
vn 0.368020415 -0.33004424 -0.869270921
vn 0.160771877 -0.604860306 -0.779933572
vn 0.278030783 -0.268111318 -0.922396421
vn 0.296832979 -0.0466531292 -0.953789175
vn 0.368020415 -0.33004424 -0.869270921
vn -0.158729509 -0.924173534 0.347430795
vn -0.204980686 -0.958293319 0.199140295
vn -0.0579889491 -0.995565832 -0.0740659982
vn 0.042594593 -0.932367086 0.358994544
vn 0.0150683625 -0.936308086 0.350856274
vn 0.124108635 -0.979547024 0.158382162
vn 0.474111378 -0.864692628 -0.165906787
vn 0.684426844 -0.694376945 -0.222262666
vn 0.491885304 -0.870579183 -0.0118585508
vn 0.716195822 -0.239624038 0.655472159
vn 0.76152283 -0.506052315 0.404961765
vn 0.897229791 -0.272057772 0.347797692
vn 0.333206087 -0.940847814 -0.0614733733
vn 0.474111378 -0.864692628 -0.165906787
vn 0.491885304 -0.870579183 -0.0118585508
vn 0.76152283 -0.506052315 0.404961765
vn 0.662087917 -0.714572608 0.225888357
vn 0.75408721 -0.604691565 0.256321102
vn 0.23898308 -0.76584208 0.596969783
vn 0.0150683625 -0.936308086 0.350856274
vn 0.042594593 -0.932367086 0.358994544
vn -0.100738265 -0.795072675 -0.598089576
vn 0.163713798 -0.785040617 -0.597418606
vn 0.0318851508 -0.862339497 -0.505325496
vn -0.395376205 -0.889700115 -0.228279009
vn -0.46047166 -0.80192095 -0.380642295
vn -0.237568498 -0.903138101 -0.357634991
vn 0.799696326 -0.379439414 -0.465307981
vn 0.91058147 -0.151685983 -0.384489983
vn 0.878371239 -0.363842726 -0.309971631
vn -0.204980686 -0.958293319 0.199140295
vn -0.31781137 -0.947016716 0.0464253984
vn -0.24737528 -0.96441251 0.0933487862
vn 0.958098769 -0.227110371 -0.174550429
vn 0.91058147 -0.151685983 -0.384489983
vn 0.950241327 0.027548017 -0.310294241
vn 0.75408721 -0.604691565 0.256321102
vn 0.908149362 -0.386110932 0.161811993
vn 0.76152283 -0.506052315 0.404961765
vn 0.268304318 -0.361651361 0.892872334
vn 0.185322776 -0.388270319 0.90271908
vn 0.101881504 -0.766096056 0.634599805
vn 0.407865554 -0.531892359 -0.742116094
vn 0.340222955 -0.818797648 -0.462405503
vn 0.17606698 -0.879865825 -0.441402882
vn 0.610135078 -0.571344554 0.548908472
vn 0.526844263 -0.761732399 0.377092749
vn 0.662087917 -0.714572608 0.225888357
vn 0.460646927 -0.459296197 0.759507298
vn 0.610135078 -0.571344554 0.548908472
vn 0.554127991 -0.226910204 0.800908148
vn -0.46047166 -0.80192095 -0.380642295
vn -0.333886743 -0.837141633 -0.433259219
vn -0.237568498 -0.903138101 -0.357634991
vn 0.195660263 -0.711622477 0.674766898
vn 0.101881504 -0.766096056 0.634599805
vn 0.23898308 -0.76584208 0.596969783
vn 0.554127991 -0.226910204 0.800908148
vn 0.375053465 -0.366124868 0.851638138
vn 0.460646927 -0.459296197 0.759507298
vn 0.17606698 -0.879865825 -0.441402882
vn 0.340222955 -0.818797648 -0.462405503
vn 0.137825206 -0.985562146 -0.0983440876
vn -0.0700724348 -0.952473342 0.296453148
vn -0.000911800715 -0.821543157 0.570145726
vn -0.0579889491 -0.995565832 -0.0740659982
vn 0.407865554 -0.531892359 -0.742116094
vn 0.570707262 -0.327426672 -0.753050506
vn 0.489514291 -0.711336255 -0.504357517
vn 0.590753376 -0.708437145 -0.386170119
vn 0.731435478 -0.488885492 -0.475387305
vn 0.684426844 -0.694376945 -0.222262666
vn 0.997920394 -0.0308553893 -0.0565943941
vn 0.908149362 -0.386110932 0.161811993
vn 0.958098769 -0.227110371 -0.174550429
vn -0.000911800715 -0.821543157 0.570145726
vn -0.111821994 -0.781627834 0.613639832
vn -0.0579889491 -0.995565832 -0.0740659982
vn 0.0640561432 -0.533679962 0.84325707
vn -0.111821994 -0.781627834 0.613639832
vn -0.000911800715 -0.821543157 0.570145726
vn -0.897468865 -0.434502244 -0.0758787915
vn -0.55040437 -0.834881783 -0.00522883842
vn -0.686938882 -0.704675138 0.177617714
vn 0.799696326 -0.379439414 -0.465307981
vn 0.878371239 -0.363842726 -0.309971631
vn 0.768286645 -0.625963688 -0.133809999
vn 0.662087917 -0.714572608 0.225888357
vn 0.768286645 -0.625963688 -0.133809999
vn 0.855988622 -0.516977549 -0.00418367283
vn 0.564226627 -0.8068223 0.175174773
vn 0.768286645 -0.625963688 -0.133809999
vn 0.662087917 -0.714572608 0.225888357
vn 0.662087917 -0.714572608 0.225888357
vn 0.526844263 -0.761732399 0.377092749
vn 0.564226627 -0.8068223 0.175174773
vn -0.3017883 -0.938066781 0.170160249
vn -0.31781137 -0.947016716 0.0464253984
vn -0.209535465 -0.949842811 0.232149675
vn -0.158729509 -0.924173534 0.347430795
vn -0.222690448 -0.932231307 0.285225809
vn -0.209535465 -0.949842811 0.232149675
vn 0.17606698 -0.879865825 -0.441402882
vn 0.163713798 -0.785040617 -0.597418606
vn 0.407865554 -0.531892359 -0.742116094
vn -0.333886743 -0.837141633 -0.433259219
vn -0.100738265 -0.795072675 -0.598089576
vn -0.237568498 -0.903138101 -0.357634991
vn 0.268304318 -0.361651361 0.892872334
vn 0.228396907 -0.151780471 0.961663902
vn 0.185322776 -0.388270319 0.90271908
vn -0.686938882 -0.704675138 0.177617714
vn -0.55040437 -0.834881783 -0.00522883842
vn -0.41431281 -0.868519187 0.272065043
vn -0.584935904 -0.732086182 -0.349141687
vn -0.790659726 -0.548181593 -0.272679448
vn -0.788223624 -0.322589666 -0.524060547
vn 0.590753376 -0.708437145 -0.386170119
vn 0.684426844 -0.694376945 -0.222262666
vn 0.474111378 -0.864692628 -0.165906787
vn 0.137825206 -0.985562146 -0.0983440876
vn 0.340222955 -0.818797648 -0.462405503
vn 0.376402676 -0.87352246 -0.308674067
vn 0.23898308 -0.76584208 0.596969783
vn 0.310071349 -0.919610679 0.241188422
vn 0.388667196 -0.75837481 0.523264229
vn 0.388667196 -0.75837481 0.523264229
vn 0.610135078 -0.571344554 0.548908472
vn 0.460646927 -0.459296197 0.759507298
vn -0.0579889491 -0.995565832 -0.0740659982
vn -0.111821994 -0.781627834 0.613639832
vn -0.158729509 -0.924173534 0.347430795
vn 0.489514291 -0.711336255 -0.504357517
vn 0.570707262 -0.327426672 -0.753050506
vn 0.590753376 -0.708437145 -0.386170119
vn 0.376402676 -0.87352246 -0.308674067
vn 0.489514291 -0.711336255 -0.504357517
vn 0.590753376 -0.708437145 -0.386170119
vn 0.708367705 -0.533302724 0.462388784
vn 0.610135078 -0.571344554 0.548908472
vn 0.662087917 -0.714572608 0.225888357
vn 0.716195822 -0.239624038 0.655472159
vn 0.610135078 -0.571344554 0.548908472
vn 0.708367705 -0.533302724 0.462388784
vn -0.31781137 -0.947016716 0.0464253984
vn -0.40434739 -0.902358115 -0.149174303
vn -0.24737528 -0.96441251 0.0933487862
vn -0.790659726 -0.548181593 -0.272679448
vn -0.584935904 -0.732086182 -0.349141687
vn -0.55040437 -0.834881783 -0.00522883842
vn -0.237568498 -0.903138101 -0.357634991
vn -0.100738265 -0.795072675 -0.598089576
vn 0.0318851508 -0.862339497 -0.505325496
vn -0.0579889491 -0.995565832 -0.0740659982
vn 0.17606698 -0.879865825 -0.441402882
vn 0.137825206 -0.985562146 -0.0983440876
vn 0.63645196 -0.321745664 -0.701005399
vn 0.731435478 -0.488885492 -0.475387305
vn 0.590753376 -0.708437145 -0.386170119
vn 0.683374226 -0.165071726 -0.711161613
vn 0.839494586 -0.127329558 -0.528238654
vn 0.799696326 -0.379439414 -0.465307981
vn 0.63645196 -0.321745664 -0.701005399
vn 0.683374226 -0.165071726 -0.711161613
vn 0.799696326 -0.379439414 -0.465307981
vn 0.23898308 -0.76584208 0.596969783
vn 0.101881504 -0.766096056 0.634599805
vn 0.0150683625 -0.936308086 0.350856274
vn 0.0150683625 -0.936308086 0.350856274
vn -0.000911800715 -0.821543157 0.570145726
vn -0.0700724348 -0.952473342 0.296453148
vn 0.137825206 -0.985562146 -0.0983440876
vn 0.376402676 -0.87352246 -0.308674067
vn 0.333206087 -0.940847814 -0.0614733733
vn -0.0700724348 -0.952473342 0.296453148
vn 0.124108635 -0.979547024 0.158382162
vn 0.0150683625 -0.936308086 0.350856274
vn 0.897229791 -0.272057772 0.347797692
vn 0.76152283 -0.506052315 0.404961765
vn 0.908149362 -0.386110932 0.161811993
vn -0.539753377 -0.713594317 0.446597636
vn -0.686938882 -0.704675138 0.177617714
vn -0.41431281 -0.868519187 0.272065043
vn 0.958098769 -0.227110371 -0.174550429
vn 0.908149362 -0.386110932 0.161811993
vn 0.855988622 -0.516977549 -0.00418367283
vn 0.855988622 -0.516977549 -0.00418367283
vn 0.768286645 -0.625963688 -0.133809999
vn 0.878371239 -0.363842726 -0.309971631
vn -0.209535465 -0.949842811 0.232149675
vn -0.31781137 -0.947016716 0.0464253984
vn -0.204980686 -0.958293319 0.199140295
vn -0.158729509 -0.924173534 0.347430795
vn -0.209535465 -0.949842811 0.232149675
vn -0.204980686 -0.958293319 0.199140295
vn 0.950241327 0.027548017 -0.310294241
vn 0.997920394 -0.0308553893 -0.0565943941
vn 0.958098769 -0.227110371 -0.174550429
vn -0.3017883 -0.938066781 0.170160249
vn -0.209535465 -0.949842811 0.232149675
vn -0.222690448 -0.932231307 0.285225809
vn -0.539753377 -0.713594317 0.446597636
vn -0.41431281 -0.868519187 0.272065043
vn -0.294224322 -0.866517067 0.403212339
vn 0.310071349 -0.919610679 0.241188422
vn 0.564226627 -0.8068223 0.175174773
vn 0.526844263 -0.761732399 0.377092749
vn 0.333206087 -0.940847814 -0.0614733733
vn 0.491885304 -0.870579183 -0.0118585508
vn 0.310071349 -0.919610679 0.241188422
vn 0.185322776 -0.388270319 0.90271908
vn 0.0640561432 -0.533679962 0.84325707
vn 0.101881504 -0.766096056 0.634599805
vn 0.185322776 -0.388270319 0.90271908
vn 0.228396907 -0.151780471 0.961663902
vn 0.0716960877 -0.251358837 0.965234876
vn -0.0537537634 -0.406759858 0.911952257
vn -0.111821994 -0.781627834 0.613639832
vn 0.0640561432 -0.533679962 0.84325707
vn 0.554127991 -0.226910204 0.800908148
vn 0.610135078 -0.571344554 0.548908472
vn 0.716195822 -0.239624038 0.655472159
vn 0.376402676 -0.87352246 -0.308674067
vn 0.590753376 -0.708437145 -0.386170119
vn 0.474111378 -0.864692628 -0.165906787
vn 0.376402676 -0.87352246 -0.308674067
vn 0.474111378 -0.864692628 -0.165906787
vn 0.333206087 -0.940847814 -0.0614733733
vn 0.460646927 -0.459296197 0.759507298
vn 0.23898308 -0.76584208 0.596969783
vn 0.388667196 -0.75837481 0.523264229
vn 0.23898308 -0.76584208 0.596969783
vn 0.460646927 -0.459296197 0.759507298
vn 0.375053465 -0.366124868 0.851638138
vn 0.91058147 -0.151685983 -0.384489983
vn 0.958098769 -0.227110371 -0.174550429
vn 0.878371239 -0.363842726 -0.309971631
vn 0.855988622 -0.516977549 -0.00418367283
vn 0.878371239 -0.363842726 -0.309971631
vn 0.958098769 -0.227110371 -0.174550429
vn -0.395376205 -0.889700115 -0.228279009
vn -0.584935904 -0.732086182 -0.349141687
vn -0.46047166 -0.80192095 -0.380642295
vn -0.584935904 -0.732086182 -0.349141687
vn -0.40434739 -0.902358115 -0.149174303
vn -0.55040437 -0.834881783 -0.00522883842
vn 0.684426844 -0.694376945 -0.222262666
vn 0.768286645 -0.625963688 -0.133809999
vn 0.564226627 -0.8068223 0.175174773
vn 0.768286645 -0.625963688 -0.133809999
vn 0.684426844 -0.694376945 -0.222262666
vn 0.731435478 -0.488885492 -0.475387305
vn 0.116128631 -0.729619026 -0.673921585
vn 0.407865554 -0.531892359 -0.742116094
vn 0.163713798 -0.785040617 -0.597418606
vn 0.116128631 -0.729619026 -0.673921585
vn 0.163713798 -0.785040617 -0.597418606
vn -0.100738265 -0.795072675 -0.598089576
vn -0.31781137 -0.947016716 0.0464253984
vn -0.55040437 -0.834881783 -0.00522883842
vn -0.40434739 -0.902358115 -0.149174303
vn -0.55040437 -0.834881783 -0.00522883842
vn -0.31781137 -0.947016716 0.0464253984
vn -0.3017883 -0.938066781 0.170160249
vn -0.238025218 -0.808363557 0.538416445
vn -0.294224322 -0.866517067 0.403212339
vn -0.158729509 -0.924173534 0.347430795
vn -0.111821994 -0.781627834 0.613639832
vn -0.238025218 -0.808363557 0.538416445
vn -0.158729509 -0.924173534 0.347430795
vn 0.491885304 -0.870579183 -0.0118585508
vn 0.684426844 -0.694376945 -0.222262666
vn 0.564226627 -0.8068223 0.175174773
vn 0.310071349 -0.919610679 0.241188422
vn 0.491885304 -0.870579183 -0.0118585508
vn 0.564226627 -0.8068223 0.175174773
vn -0.897468865 -0.434502244 -0.0758787915
vn -0.790659726 -0.548181593 -0.272679448
vn -0.55040437 -0.834881783 -0.00522883842
vn 0.0640561432 -0.533679962 0.84325707
vn 0.185322776 -0.388270319 0.90271908
vn 0.0716960877 -0.251358837 0.965234876
vn 0.0716960877 -0.251358837 0.965234876
vn -0.0537537634 -0.406759858 0.911952257
vn 0.0640561432 -0.533679962 0.84325707
vn 0.124108635 -0.979547024 0.158382162
vn 0.137825206 -0.985562146 -0.0983440876
vn 0.333206087 -0.940847814 -0.0614733733
vn 0.124108635 -0.979547024 0.158382162
vn 0.333206087 -0.940847814 -0.0614733733
vn 0.310071349 -0.919610679 0.241188422
vn -0.0579889491 -0.995565832 -0.0740659982
vn -0.237568498 -0.903138101 -0.357634991
vn 0.0318851508 -0.862339497 -0.505325496
vn -0.395376205 -0.889700115 -0.228279009
vn -0.237568498 -0.903138101 -0.357634991
vn -0.238028616 -0.971172869 -0.0128724622
vn 0.91058147 -0.151685983 -0.384489983
vn 0.799696326 -0.379439414 -0.465307981
vn 0.839494586 -0.127329558 -0.528238654
vn -0.237568498 -0.903138101 -0.357634991
vn -0.0579889491 -0.995565832 -0.0740659982
vn -0.238028616 -0.971172869 -0.0128724622
vn -0.204980686 -0.958293319 0.199140295
vn -0.24737528 -0.96441251 0.0933487862
vn -0.0579889491 -0.995565832 -0.0740659982
vn 0.101881504 -0.766096056 0.634599805
vn -0.000911800715 -0.821543157 0.570145726
vn 0.0150683625 -0.936308086 0.350856274
vn 0.0640561432 -0.533679962 0.84325707
vn -0.000911800715 -0.821543157 0.570145726
vn 0.101881504 -0.766096056 0.634599805
vn 0.268304318 -0.361651361 0.892872334
vn 0.101881504 -0.766096056 0.634599805
vn 0.195660263 -0.711622477 0.674766898
vn 0.375053465 -0.366124868 0.851638138
vn 0.195660263 -0.711622477 0.674766898
vn 0.23898308 -0.76584208 0.596969783
vn 0.334594786 -0.158748329 0.928894639
vn 0.228396907 -0.151780471 0.961663902
vn 0.268304318 -0.361651361 0.892872334
vn 0.268304318 -0.361651361 0.892872334
vn 0.195660263 -0.711622477 0.674766898
vn 0.375053465 -0.366124868 0.851638138
vn 0.268304318 -0.361651361 0.892872334
vn 0.375053465 -0.366124868 0.851638138
vn 0.334594786 -0.158748329 0.928894639
vn -0.294224322 -0.866517067 0.403212339
vn -0.41431281 -0.868519187 0.272065043
vn -0.222690448 -0.932231307 0.285225809
vn -0.294224322 -0.866517067 0.403212339
vn -0.222690448 -0.932231307 0.285225809
vn -0.158729509 -0.924173534 0.347430795
vn -0.41431281 -0.868519187 0.272065043
vn -0.55040437 -0.834881783 -0.00522883842
vn -0.3017883 -0.938066781 0.170160249
vn -0.41431281 -0.868519187 0.272065043
vn -0.3017883 -0.938066781 0.170160249
vn -0.222690448 -0.932231307 0.285225809
vn 0.63645196 -0.321745664 -0.701005399
vn 0.570707262 -0.327426672 -0.753050506
vn 0.683374226 -0.165071726 -0.711161613
vn 0.570707262 -0.327426672 -0.753050506
vn 0.63645196 -0.321745664 -0.701005399
vn 0.590753376 -0.708437145 -0.386170119
vn -0.40434739 -0.902358115 -0.149174303
vn -0.238028616 -0.971172869 -0.0128724622
vn -0.24737528 -0.96441251 0.0933487862
vn -0.238028616 -0.971172869 -0.0128724622
vn -0.0579889491 -0.995565832 -0.0740659982
vn -0.24737528 -0.96441251 0.0933487862
vn 0.63645196 -0.321745664 -0.701005399
vn 0.799696326 -0.379439414 -0.465307981
vn 0.731435478 -0.488885492 -0.475387305
vn 0.731435478 -0.488885492 -0.475387305
vn 0.799696326 -0.379439414 -0.465307981
vn 0.768286645 -0.625963688 -0.133809999
vn 0.76152283 -0.506052315 0.404961765
vn 0.716195822 -0.239624038 0.655472159
vn 0.708367705 -0.533302724 0.462388784
vn 0.76152283 -0.506052315 0.404961765
vn 0.708367705 -0.533302724 0.462388784
vn 0.662087917 -0.714572608 0.225888357
vn -0.40434739 -0.902358115 -0.149174303
vn -0.395376205 -0.889700115 -0.228279009
vn -0.238028616 -0.971172869 -0.0128724622
vn -0.40434739 -0.902358115 -0.149174303
vn -0.584935904 -0.732086182 -0.349141687
vn -0.395376205 -0.889700115 -0.228279009
vn 0.042594593 -0.932367086 0.358994544
vn 0.310071349 -0.919610679 0.241188422
vn 0.23898308 -0.76584208 0.596969783
vn 0.310071349 -0.919610679 0.241188422
vn 0.042594593 -0.932367086 0.358994544
vn 0.124108635 -0.979547024 0.158382162
vn 0.0318851508 -0.862339497 -0.505325496
vn 0.163713798 -0.785040617 -0.597418606
vn 0.17606698 -0.879865825 -0.441402882
vn -0.0579889491 -0.995565832 -0.0740659982
vn 0.0318851508 -0.862339497 -0.505325496
vn 0.17606698 -0.879865825 -0.441402882
vn 0.124108635 -0.979547024 0.158382162
vn -0.0700724348 -0.952473342 0.296453148
vn 0.137825206 -0.985562146 -0.0983440876
vn -0.0700724348 -0.952473342 0.296453148
vn -0.0579889491 -0.995565832 -0.0740659982
vn 0.137825206 -0.985562146 -0.0983440876
vn 0.526844263 -0.761732399 0.377092749
vn 0.610135078 -0.571344554 0.548908472
vn 0.388667196 -0.75837481 0.523264229
vn 0.526844263 -0.761732399 0.377092749
vn 0.388667196 -0.75837481 0.523264229
vn 0.310071349 -0.919610679 0.241188422
vn -0.0537537634 -0.406759858 0.911952257
vn -0.20069167 -0.462806433 0.863442481
vn -0.111821994 -0.781627834 0.613639832
vn 0.855988622 -0.516977549 -0.00418367283
vn 0.75408721 -0.604691565 0.256321102
vn 0.662087917 -0.714572608 0.225888357
vn 0.908149362 -0.386110932 0.161811993
vn 0.75408721 -0.604691565 0.256321102
vn 0.855988622 -0.516977549 -0.00418367283
vn 0.340222955 -0.818797648 -0.462405503
vn 0.407865554 -0.531892359 -0.742116094
vn 0.489514291 -0.711336255 -0.504357517
vn 0.340222955 -0.818797648 -0.462405503
vn 0.489514291 -0.711336255 -0.504357517
vn 0.376402676 -0.87352246 -0.308674067
g ScatterSharp_03_LOD0
f 1/1/1 2/2/2 3/3/3
f 4/4/4 5/5/5 6/6/6
f 7/7/7 8/8/8 9/9/9
f 10/10/10 11/11/11 12/12/12
f 13/13/13 14/14/14 15/15/15
f 16/16/16 17/17/17 18/18/18
f 19/19/19 20/20/20 21/21/21
f 3/22/22 22/23/23 13/24/24
f 23/25/25 14/26/26 13/27/27
f 24/28/28 25/29/29 26/30/30
f 27/31/31 28/32/32 29/33/33
f 30/34/34 31/35/35 32/36/36
f 2/37/37 1/38/38 33/39/39
f 8/40/40 34/41/41 35/42/42
f 36/43/43 37/44/44 38/45/45
f 39/46/46 40/47/47 41/48/48
f 42/49/49 43/50/50 44/51/51
f 4/52/52 45/53/53 5/54/54
f 46/55/55 47/56/56 48/57/57
f 49/58/58 50/59/59 51/60/60
f 52/61/61 9/62/62 53/63/63
f 54/64/64 12/65/65 11/66/66
f 55/67/67 56/68/68 57/69/69
f 58/70/70 59/71/71 60/72/72
f 61/73/73 22/74/74 3/75/75
f 62/76/76 63/77/77 64/78/78
f 65/79/79 66/80/80 67/81/81
f 55/82/82 68/83/83 69/84/84
f 70/85/85 71/86/86 72/87/87
f 73/88/88 74/89/89 75/90/90
f 76/91/91 6/92/92 5/93/93
f 58/94/94 77/95/95 78/96/96
f 79/97/97 20/98/98 19/99/99
f 52/100/100 53/101/101 80/102/102
f 81/103/103 82/104/104 78/105/105
f 83/106/106 84/107/107 85/108/108
f 33/109/109 86/110/110 87/111/111
f 15/112/112 88/113/113 89/114/114
f 9/115/115 90/116/116 91/117/117
f 92/118/118 93/119/119 94/120/120
f 95/121/121 96/122/122 97/123/123
f 98/124/124 99/125/125 73/126/126
f 62/127/127 100/128/128 101/129/129
f 102/130/130 103/131/131 104/132/132
f 15/133/133 14/134/134 88/135/135
f 66/136/136 105/137/137 106/138/138
f 33/139/139 87/140/140 2/141/141
f 107/142/142 108/143/143 87/144/144
f 41/145/145 40/146/146 109/147/147
f 110/148/148 111/149/149 112/150/150
f 94/151/151 51/152/152 113/153/153
f 110/154/154 112/155/155 53/156/156
f 80/157/157 53/158/158 114/159/159
f 115/160/160 96/161/161 116/162/162
f 31/163/163 30/164/164 115/165/165
f 3/166/166 2/167/167 117/168/168
f 118/169/169 3/170/170 119/171/171
f 13/172/172 1/173/173 3/174/174
f 13/175/175 15/176/176 1/177/177
f 120/178/178 16/179/179 18/180/180
f 121/181/181 122/182/182 123/183/183
f 35/184/184 34/185/185 124/186/186
f 125/187/187 126/188/188 127/189/189
f 128/190/190 73/191/191 129/192/192
f 130/193/193 40/194/194 39/195/195
f 131/196/196 132/197/197 133/198/198
f 134/199/199 135/200/200 45/201/201
f 136/202/202 24/203/203 137/204/204
f 43/205/205 138/206/206 139/207/207
f 76/208/208 5/209/209 140/210/210
f 105/211/211 141/212/212 106/213/213
f 9/214/214 8/215/215 90/216/216
f 131/217/217 83/218/218 132/219/219
f 142/220/220 143/221/221 144/222/222
f 145/223/223 146/224/224 6/225/225
f 147/226/226 37/227/227 36/228/228
f 141/229/229 105/230/230 88/231/231
f 148/232/232 102/233/233 13/234/234
f 100/235/235 149/236/236 150/237/237
f 86/238/238 151/239/239 38/240/240
f 87/241/241 86/242/242 152/243/243
f 100/244/244 150/245/245 148/246/246
f 130/247/247 39/248/248 153/249/249
f 154/250/250 27/251/251 29/252/252
f 67/253/253 37/254/254 147/255/255
f 123/256/256 122/257/257 37/258/258
f 55/259/259 155/260/260 68/261/261
f 74/262/262 55/263/263 57/264/264
f 125/265/265 156/266/266 128/267/267
f 55/268/268 69/269/269 56/270/270
f 157/271/271 144/272/272 143/273/273
f 77/274/274 158/275/275 78/276/276
f 66/277/277 106/278/278 159/279/279
f 14/280/280 8/281/281 160/282/282
f 14/283/283 141/284/284 88/285/285
f 118/286/286 119/287/287 82/288/288
f 58/289/289 117/290/290 59/291/291
f 5/292/292 139/293/293 140/294/294
f 161/295/295 139/296/296 162/297/297
f 156/298/298 73/299/299 128/300/300
f 127/301/301 98/302/302 73/303/303
f 163/304/304 6/305/305 146/306/306
f 164/307/307 111/308/308 163/309/309
f 148/310/310 165/311/311 102/312/312
f 103/313/313 102/314/314 165/315/315
f 166/316/316 167/317/317 44/318/318
f 167/319/319 137/320/320 24/321/321
f 46/322/322 49/323/323 47/324/324
f 93/325/325 91/326/326 94/327/327
f 133/328/328 132/329/329 168/330/330
f 85/331/331 109/332/332 40/333/333
f 91/334/334 90/335/335 23/336/336
f 91/337/337 23/338/338 94/339/339
f 74/340/340 57/341/341 169/342/342
f 53/343/343 9/344/344 93/345/345
f 93/346/346 9/347/347 91/348/348
f 12/349/349 54/350/350 98/351/351
f 115/352/352 107/353/353 31/354/354
f 35/355/355 106/356/356 8/357/357
f 8/358/358 106/359/359 160/360/360
f 165/361/361 42/362/362 103/363/363
f 44/364/364 26/365/365 42/366/366
f 126/367/367 125/368/368 79/369/369
f 58/370/370 60/371/371 170/372/372
f 136/373/373 46/374/374 48/375/375
f 102/376/376 104/377/377 171/378/378
f 41/379/379 109/380/380 172/381/381
f 64/382/382 63/383/383 162/384/384
f 60/385/385 59/386/386 11/387/387
f 2/388/388 87/389/389 108/390/390
f 133/391/391 168/392/392 130/393/393
f 82/394/394 81/395/395 118/396/396
f 130/397/397 153/398/398 61/399/399
f 118/400/400 133/401/401 130/402/402
f 38/403/403 120/404/404 18/405/405
f 86/406/406 38/407/407 173/408/408
f 76/409/409 145/410/410 6/411/411
f 174/412/412 55/413/413 74/414/414
f 74/415/415 73/416/416 175/417/417
f 26/418/418 44/419/419 24/420/420
f 167/421/421 24/422/422 44/423/423
f 175/424/424 174/425/425 74/426/426
f 95/427/427 116/428/428 96/429/429
f 110/430/430 4/431/431 111/432/432
f 110/433/433 113/434/434 51/435/435
f 176/436/436 66/437/437 159/438/438
f 67/439/439 66/440/440 71/441/441
f 177/442/442 124/443/443 34/444/444
f 177/445/445 52/446/446 80/447/447
f 178/448/448 177/449/449 80/450/450
f 80/451/451 114/452/452 154/453/453
f 163/454/454 27/455/455 164/456/456
f 154/457/457 114/458/458 27/459/459
f 43/460/460 42/461/461 138/462/462
f 149/463/463 42/464/464 165/465/465
f 173/466/466 38/467/467 18/468/468
f 30/469/469 173/470/470 18/471/471
f 60/472/472 11/473/473 10/474/474
f 170/475/475 60/476/476 10/477/477
f 134/478/478 51/479/479 135/480/480
f 51/481/481 4/482/482 110/483/483
f 98/484/484 54/485/485 115/486/486
f 116/487/487 98/488/488 115/489/489
f 148/490/490 13/491/491 22/492/492
f 39/493/493 148/494/494 153/495/495
f 89/496/496 88/497/497 151/498/498
f 88/499/499 179/500/500 36/501/501
f 47/502/502 49/503/503 94/504/504
f 94/505/505 49/506/506 51/507/507
f 148/508/508 39/509/509 100/510/510
f 100/511/511 39/512/512 101/513/513
f 125/514/514 128/515/515 180/516/516
f 79/517/517 125/518/518 20/519/519
f 181/520/520 172/521/521 109/522/522
f 70/523/523 72/524/524 121/525/525
f 171/526/526 136/527/527 48/528/528
f 48/529/529 47/530/530 13/531/531
f 78/532/532 158/533/533 157/534/534
f 78/535/535 157/536/536 81/537/537
f 97/538/538 68/539/539 155/540/540
f 68/541/541 122/542/542 121/543/543
f 120/544/544 122/545/545 16/546/546
f 68/547/547 16/548/548 122/549/549
f 172/550/550 162/551/551 63/552/552
f 43/553/553 166/554/554 44/555/555
f 5/556/556 43/557/557 139/558/558
f 89/559/559 151/560/560 86/561/561
f 33/562/562 89/563/563 86/564/564
f 17/565/565 30/566/566 18/567/567
f 96/568/568 115/569/569 30/570/570
f 2/571/571 182/572/572 59/573/573
f 2/574/574 59/575/575 117/576/576
f 74/577/577 169/578/578 75/579/579
f 67/580/580 123/581/581 37/582/582
f 70/583/583 67/584/584 71/585/585
f 83/586/586 131/587/587 143/588/588
f 65/589/589 105/590/590 66/591/591
f 88/592/592 105/593/593 179/594/594
f 104/595/595 136/596/596 171/597/597
f 103/598/598 25/599/599 104/600/600
f 101/601/601 39/602/602 41/603/603
f 63/604/604 41/605/605 172/606/606
f 53/607/607 112/608/608 114/609/609
f 27/610/610 114/611/611 164/612/612
f 4/613/613 51/614/614 134/615/615
f 134/616/616 45/617/617 4/618/618
f 58/619/619 78/620/620 82/621/621
f 82/622/622 117/623/623 58/624/624
f 97/625/625 16/626/626 68/627/627
f 97/628/628 17/629/629 16/630/630
f 45/631/631 166/632/632 5/633/633
f 5/634/634 166/635/635 43/636/636
f 50/637/637 49/638/638 46/639/639
f 137/640/640 45/641/641 135/642/642
f 12/643/643 127/644/644 126/645/645
f 127/646/646 12/647/647 98/648/648
f 46/649/649 137/650/650 50/651/651
f 136/652/652 137/653/653 46/654/654
f 94/655/655 23/656/656 47/657/657
f 13/658/658 47/659/659 23/660/660
f 168/661/661 132/662/662 85/663/663
f 132/664/664 83/665/665 85/666/666
f 81/667/667 133/668/668 118/669/669
f 81/670/670 157/671/671 133/672/672
f 86/673/673 173/674/674 152/675/675
f 30/676/676 32/677/677 173/678/678
f 156/679/679 125/680/680 127/681/681
f 127/682/682 73/683/683 156/684/684
f 85/685/685 84/686/686 109/687/687
f 84/688/688 181/689/689 109/690/690
f 138/691/691 42/692/692 149/693/693
f 138/694/694 62/695/695 64/696/696
f 176/697/697 71/698/698 66/699/699
f 178/700/700 80/701/701 154/702/702
f 178/703/703 154/704/704 29/705/705
f 77/706/706 79/707/707 158/708/708
f 170/709/709 126/710/710 79/711/711
f 32/712/712 31/713/713 183/714/714
f 107/715/715 87/716/716 31/717/717
f 82/718/718 119/719/719 117/720/720
f 119/721/721 3/722/722 117/723/723
f 62/724/724 149/725/725 100/726/726
f 138/727/727 149/728/728 62/729/729
f 161/730/730 140/731/731 139/732/732
f 153/733/733 148/734/734 22/735/735
f 61/736/736 153/737/737 22/738/738
f 25/739/739 103/740/740 26/741/741
f 42/742/742 26/743/743 103/744/744
f 37/745/745 120/746/746 38/747/747
f 37/748/748 122/749/749 120/750/750
f 170/751/751 79/752/752 77/753/753
f 77/754/754 58/755/755 170/756/756
f 113/757/757 110/758/758 53/759/759
f 53/760/760 93/761/761 92/762/762
f 11/763/763 59/764/764 182/765/765
f 54/766/766 11/767/767 182/768/768
f 144/769/769 21/770/770 142/771/771
f 97/772/772 96/773/773 17/774/774
f 96/775/775 30/776/776 17/777/777
f 139/778/778 138/779/779 64/780/780
f 139/781/781 64/782/782 162/783/783
f 23/784/784 90/785/785 14/786/786
f 90/787/787 8/788/788 14/789/789
f 45/790/790 167/791/791 166/792/792
f 45/793/793 137/794/794 167/795/795
f 72/796/796 69/797/797 121/798/798
f 121/799/799 69/800/800 68/801/801
f 61/802/802 118/803/803 130/804/804
f 118/805/805 61/806/806 3/807/807
f 159/808/808 106/809/809 35/810/810
f 159/811/811 35/812/812 124/813/813
f 20/814/814 125/815/815 180/816/816
f 180/817/817 21/818/818 20/819/819
f 10/820/820 12/821/821 126/822/822
f 10/823/823 126/824/824 170/825/825
f 63/826/826 62/827/827 101/828/828
f 101/829/829 41/830/830 63/831/831
f 157/832/832 158/833/833 144/834/834
f 19/835/835 158/836/836 79/837/837
f 112/838/838 111/839/839 164/840/840
f 112/841/841 164/842/842 114/843/843
f 19/844/844 144/845/845 158/846/846
f 21/847/847 144/848/848 19/849/849
f 179/850/850 105/851/851 65/852/852
f 65/853/853 67/854/854 147/855/855
f 157/856/856 143/857/857 131/858/858
f 157/859/859 131/860/860 133/861/861
f 171/862/862 48/863/863 13/864/864
f 102/865/865 171/866/866 13/867/867
f 97/868/868 155/869/869 95/870/870
f 95/871/871 174/872/872 175/873/873
f 174/874/874 155/875/875 55/876/876
f 174/877/877 95/878/878 155/879/879
f 141/880/880 160/881/881 106/882/882
f 160/883/883 141/884/884 14/885/885
f 123/886/886 67/887/887 70/888/888
f 121/889/889 123/890/890 70/891/891
f 50/892/892 135/893/893 51/894/894
f 50/895/895 137/896/896 135/897/897
f 27/898/898 163/899/899 28/900/900
f 28/901/901 163/902/902 146/903/903
f 92/904/904 94/905/905 113/906/906
f 92/907/907 113/908/908 53/909/909
f 25/910/910 24/911/911 136/912/912
f 25/913/913 136/914/914 104/915/915
f 183/916/916 152/917/917 32/918/918
f 152/919/919 173/920/920 32/921/921
f 175/922/922 116/923/923 95/924/924
f 99/925/925 175/926/926 73/927/927
f 150/928/928 165/929/929 148/930/930
f 150/931/931 149/932/932 165/933/933
f 182/934/934 2/935/935 108/936/936
f 54/937/937 182/938/938 108/939/939
f 107/940/940 54/941/941 108/942/942
f 107/943/943 115/944/944 54/945/945
f 15/946/946 89/947/947 33/948/948
f 1/949/949 15/950/950 33/951/951
f 151/952/952 88/953/953 36/954/954
f 151/955/955 36/956/956 38/957/957
f 9/958/958 52/959/959 7/960/960
f 34/961/961 8/962/962 7/963/963
f 36/964/964 179/965/965 147/966/966
f 65/967/967 147/968/968 179/969/969
f 75/970/970 129/971/971 73/972/972
f 34/973/973 7/974/974 52/975/975
f 34/976/976 52/977/977 177/978/978
f 116/979/979 175/980/980 99/981/981
f 99/982/982 98/983/983 116/984/984
f 183/985/985 87/986/986 152/987/987
f 31/988/988 87/989/989 183/990/990
f 168/991/991 40/992/992 130/993/993
f 168/994/994 85/995/995 40/996/996
f 111/997/997 6/998/998 163/999/999
f 111/1000/1000 4/1001/1001 6/1002/1002
f 184/1003/1003 185/1004/1004 186/1005/1005
f 187/1006/1006 188/1007/1007 189/1008/1008
f 190/1009/1009 191/1010/1010 192/1011/1011
f 83/1012/1012 193/1013/1013 84/1014/1014
f 194/1015/1015 190/1016/1016 192/1017/1017
f 193/1018/1018 195/1019/1019 196/1020/1020
f 197/1021/1021 188/1022/1022 187/1023/1023
f 29/1024/1024 198/1025/1025 199/1026/1026
f 200/1027/1027 177/1028/1028 201/1029/1029
f 202/1030/1030 161/1031/1031 203/1032/1032
f 185/1033/1033 204/1034/1034 205/1035/1035
f 206/1036/1036 161/1037/1037 162/1038/1038
f 196/1039/1039 181/1040/1040 193/1041/1041
f 207/1042/1042 208/1043/1043 209/1044/1044
f 146/1045/1045 210/1046/1046 211/1047/1047
f 212/1048/1048 213/1049/1049 195/1050/1050
f 214/1051/1051 212/1052/1052 143/1053/1053
f 177/1054/1054 178/1055/1055 201/1056/1056
f 215/1057/1057 209/1058/1058 197/1059/1059
f 143/1060/1060 142/1061/1061 214/1062/1062
f 211/1063/1063 210/1064/1064 216/1065/1065
f 217/1066/1066 218/1067/1067 186/1068/1068
f 146/1069/1069 145/1070/1070 219/1071/1071
f 220/1072/1072 221/1073/1073 191/1074/1074
f 172/1075/1075 181/1076/1076 206/1077/1077
f 218/1078/1078 169/1079/1079 186/1080/1080
f 222/1081/1081 169/1082/1082 218/1083/1083
f 71/1084/1084 223/1085/1085 72/1086/1086
f 202/1087/1087 203/1088/1088 224/1089/1089
f 195/1090/1090 224/1091/1091 225/1092/1092
f 226/1093/1093 224/1094/1094 195/1095/1095
f 195/1096/1096 213/1097/1097 226/1098/1098
f 227/1099/1099 204/1100/1100 228/1101/1101
f 184/1102/1102 229/1103/1103 228/1104/1104
f 211/1105/1105 198/1106/1106 146/1107/1107
f 178/1108/1108 29/1109/1109 201/1110/1110
f 207/1111/1111 180/1112/1112 208/1113/1113
f 72/1114/1114 223/1115/1115 230/1116/1116
f 124/1117/1117 176/1118/1118 159/1119/1119
f 220/1120/1120 191/1121/1121 190/1122/1122
f 216/1123/1123 210/1124/1124 231/1125/1125
f 197/1126/1126 232/1127/1127 233/1128/1128
f 233/1129/1129 212/1130/1130 214/1131/1131
f 186/1132/1132 169/1133/1133 184/1134/1134
f 219/1135/1135 145/1136/1136 220/1137/1137
f 231/1138/1138 219/1139/1139 220/1140/1140
f 234/1141/1141 212/1142/1142 195/1143/1143
f 83/1144/1144 212/1145/1145 234/1146/1146
f 204/1147/1147 235/1148/1148 205/1149/1149
f 176/1150/1150 124/1151/1151 223/1152/1152
f 201/1153/1153 29/1154/1154 199/1155/1155
f 186/1156/1156 211/1157/1157 216/1158/1158
f 236/1159/1159 221/1160/1160 220/1161/1161
f 76/1162/1162 140/1163/1163 202/1164/1164
f 236/1165/1165 76/1166/1166 202/1167/1167
f 197/1168/1168 209/1169/1169 188/1170/1170
f 188/1171/1171 218/1172/1172 217/1173/1173
f 216/1174/1174 231/1175/1175 194/1176/1176
f 217/1177/1177 189/1178/1178 188/1179/1179
f 84/1180/1180 193/1181/1181 181/1182/1182
f 69/1183/1183 72/1184/1184 230/1185/1185
f 206/1186/1186 181/1187/1187 225/1188/1188
f 225/1189/1189 224/1190/1190 203/1191/1191
f 228/1192/1192 204/1193/1193 185/1194/1194
f 184/1195/1195 228/1196/1196 185/1197/1197
f 162/1198/1198 172/1199/1199 206/1200/1200
f 227/1201/1201 228/1202/1202 229/1203/1203
f 69/1204/1204 230/1205/1205 56/1206/1206
f 232/1207/1207 226/1208/1208 213/1209/1209
f 194/1210/1210 192/1211/1211 232/1212/1212
f 208/1213/1213 222/1214/1214 209/1215/1215
f 208/1216/1216 180/1217/1217 128/1218/1218
f 129/1219/1219 169/1220/1220 222/1221/1221
f 143/1222/1222 212/1223/1223 83/1224/1224
f 231/1225/1225 220/1226/1226 190/1227/1227
f 231/1228/1228 190/1229/1229 194/1230/1230
f 214/1231/1231 197/1232/1232 233/1233/1233
f 197/1234/1234 214/1235/1235 142/1236/1236
f 161/1237/1237 206/1238/1238 203/1239/1239
f 225/1240/1240 203/1241/1241 206/1242/1242
f 200/1243/1243 124/1244/1244 177/1245/1245
f 124/1246/1246 235/1247/1247 223/1248/1248
f 191/1249/1249 224/1250/1250 226/1251/1251
f 224/1252/1252 191/1253/1253 221/1254/1254
f 28/1255/1255 146/1256/1256 198/1257/1257
f 28/1258/1258 198/1259/1259 29/1260/1260
f 204/1261/1261 223/1262/1262 235/1263/1263
f 223/1264/1264 204/1265/1265 227/1266/1266
f 57/1267/1267 56/1268/1268 184/1269/1269
f 169/1270/1270 57/1271/1271 184/1272/1272
f 192/1273/1273 191/1274/1274 226/1275/1275
f 232/1276/1276 192/1277/1277 226/1278/1278
f 71/1279/1279 176/1280/1280 223/1281/1281
f 222/1282/1282 208/1283/1283 128/1284/1284
f 128/1285/1285 129/1286/1286 222/1287/1287
f 189/1288/1288 216/1289/1289 194/1290/1290
f 189/1291/1291 194/1292/1292 232/1293/1293
f 186/1294/1294 201/1295/1295 199/1296/1296
f 200/1297/1297 201/1298/1298 237/1299/1299
f 161/1300/1300 202/1301/1301 140/1302/1302
f 201/1303/1303 186/1304/1304 237/1305/1305
f 185/1306/1306 205/1307/1307 186/1308/1308
f 209/1309/1309 218/1310/1310 188/1311/1311
f 222/1312/1312 218/1313/1313 209/1314/1314
f 207/1315/1315 209/1316/1316 215/1317/1317
f 142/1318/1318 215/1319/1319 197/1320/1320
f 21/1321/1321 180/1322/1322 207/1323/1323
f 207/1324/1324 215/1325/1325 142/1326/1326
f 207/1327/1327 142/1328/1328 21/1329/1329
f 56/1330/1330 230/1331/1331 229/1332/1332
f 56/1333/1333 229/1334/1334 184/1335/1335
f 230/1336/1336 223/1337/1337 227/1338/1338
f 230/1339/1339 227/1340/1340 229/1341/1341
f 236/1342/1342 145/1343/1343 76/1344/1344
f 145/1345/1345 236/1346/1346 220/1347/1347
f 235/1348/1348 237/1349/1349 205/1350/1350
f 237/1351/1351 186/1352/1352 205/1353/1353
f 236/1354/1354 202/1355/1355 221/1356/1356
f 221/1357/1357 202/1358/1358 224/1359/1359
f 193/1360/1360 83/1361/1361 234/1362/1362
f 193/1363/1363 234/1364/1364 195/1365/1365
f 235/1366/1366 200/1367/1367 237/1368/1368
f 235/1369/1369 124/1370/1370 200/1371/1371
f 187/1372/1372 232/1373/1373 197/1374/1374
f 232/1375/1375 187/1376/1376 189/1377/1377
f 199/1378/1378 198/1379/1379 211/1380/1380
f 186/1381/1381 199/1382/1382 211/1383/1383
f 189/1384/1384 217/1385/1385 216/1386/1386
f 217/1387/1387 186/1388/1388 216/1389/1389
f 213/1390/1390 212/1391/1391 233/1392/1392
f 213/1393/1393 233/1394/1394 232/1395/1395
f 129/1396/1396 75/1397/1397 169/1398/1398
f 225/1399/1399 196/1400/1400 195/1401/1401
f 181/1402/1402 196/1403/1403 225/1404/1404
f 210/1405/1405 146/1406/1406 219/1407/1407
f 210/1408/1408 219/1409/1409 231/1410/1410
