# File exported by Houdini 16.5.405 (www.sidefx.com)
# 1499 points
# 8958 vertices
# 2986 primitives
# Bounds: [-31.4255886, -1.46005273, -28.9521236] to [31.4487743, 128.544662, 28.6685886]
g 
v 2.82872462 1.22382712 -12.3192673
v 0.666113317 1.90624964 -15.8269262
v 4.6956706 14.58708 -28.9521236
v -10.9793987 96.8967133 9.24276447
v -4.11138344 0.752197325 -11.2451172
v -26.1260471 3.63245463 -14.6452017
v 5.60142946 39.2753143 -21.0580635
v 13.3862247 3.64207768 -23.9966335
v 11.8789206 41.3070183 -26.9226074
v -6.5488739 101.893333 -11.3418131
v -28.6344376 48.8739738 -2.99716711
v 28.9456062 11.6573439 -9.88572884
v 1.9408735 1.12810814 -1.37229502
v -10.7207756 39.5566521 -23.423933
v 8.65713501 48.3109398 9.21252251
v 17.0268555 15.8856564 -6.97341633
v -5.26763725 51.7977295 11.7266989
v 2.42095041 126.563774 -9.45362377
v 12.3526506 33.4619675 7.16274071
v -3.43062687 3.88586926 20.3502216
v 14.9626293 91.4436874 -20.1161079
v -2.80540156 45.3164864 -23.6695004
v -20.436554 96.9799118 -1.9574964
v 8.26735401 -0.683720291 17.8552933
v 25.8938389 35.6542473 -18.7434978
v -25.009964 77.0639801 -18.8207684
v 3.30125284 37.662262 24.8037987
v 11.208766 2.70924687 -20.1255703
v -1.24831843 121.029198 -0.81624186
v -5.24647665 44.4681168 -3.68788338
v 18.2224522 17.1031418 1.64274502
v -4.66139936 52.8880081 -8.95589352
v 10.2962608 28.8527927 -23.7618999
v -8.10410118 6.38748074 -20.5785885
v 19.0497284 19.1642399 11.2159519
v -0.0765567198 101.452888 11.097146
v -23.9538879 22.7822399 19.9431553
v 3.13285685 39.5316505 -21.263073
v -2.35854363 77.0252609 -0.429521084
v 0.0500000715 104.647942 -19.6248512
v -14.2705603 66.0714645 19.5271282
v 0.682063222 19.9855137 -27.8223381
v 25.4183311 9.3104763 17.0885143
v -9.5174818 92.0264664 -20.5176239
v 22.192503 55.183754 -24.1538448
v 13.0938234 21.2195644 -12.9403162
v -0.701956391 10.6577482 24.9727535
v 21.6372929 84.8889313 6.49760437
v -3.87088227 1.11586618 4.75522375
v 10.6595116 32.5899963 -7.89600801
v 3.88855481 2.78985739 23.316412
v -20.135128 2.37626004 15.5986519
v 16.7006588 8.09605122 -6.82497597
v 30.2914486 21.2840977 2.81382751
v -31.382185 5.95455217 -5.32898092
v 0.403263688 48.6828003 -24.6004639
v 25.4148293 48.098793 12.8568077
v -1.47361815 21.194128 1.11585665
v -4.15232706 28.0991344 -13.6126595
v 17.5436783 24.9716454 17.1045322
v 8.01261425 127.168411 -4.49829245
v -30.2532558 12.9497766 10.7252998
v 9.3737936 22.1641731 26.6903133
v 24.5879974 56.0637436 -8.440238
v 9.86160946 20.6731434 -26.5800552
v -27.4309597 45.0987663 -19.3031578
v -3.79504895 30.3579006 25.6205196
v 22.0378761 0.681504369 7.07468367
v 21.4438705 91.3260727 -3.12542295
v -9.39359093 48.5259552 -21.3427639
v 21.1481628 8.02584648 -22.6053219
v -2.88408017 13.918047 -8.84541225
v -22.680994 96.8797607 -14.0106754
v -2.1111598 6.49286938 21.3150139
v 30.7394867 13.3317928 13.5614052
v -21.6952209 86.7184143 -0.795589745
v -4.34086609 23.0348797 -11.1270571
v 2.21657348 72.9608917 18.1619186
v 9.53678131 88.4068985 -22.4761524
v -7.29833269 22.0067177 -23.0576382
v 7.59918833 26.8536472 -27.9400749
v -20.60923 22.0159454 23.8248348
v 14.582058 84.0584488 11.7977781
v 5.7960372 53.3956184 15.9329834
v 17.8079605 18.2401714 17.8838253
v 16.7985935 15.2952423 -28.3515453
v 3.51748657 7.19832659 -25.7427292
v 0.302679509 120.659203 2.39926386
v -16.3577709 -0.354576588 -12.9962444
v -4.15417051 57.8816071 6.58748055
v 18.1567459 11.2423677 14.602356
v 16.2020683 117.049545 -2.70553517
v -3.06479239 66.2524796 -12.9752712
v -12.0580015 105.256683 -5.83023882
v 18.7817936 2.36707878 1.40015769
v 17.6221085 25.9028873 20.286705
v -28.3553181 61.0746231 -15.0056934
v 29.6600666 5.31038952 4.70732117
v -2.45168185 61.9532166 -22.9924812
v -3.59268689 43.140995 -26.1559639
v -4.11167669 8.88389301 -18.8320198
v -2.15794468 25.2309093 8.47088623
v -23.4868526 84.8527451 -18.0234108
v 30.3693275 20.3004246 14.0203857
v -5.28731489 47.6128464 -10.0881815
v 11.9282894 13.41747 -27.8846684
v -8.38927937 99.6004868 5.15154552
v -2.18341923 21.8501453 18.5729866
v -20.9734688 -0.217591554 -0.276486456
v 4.92582178 109.538574 -16.5330276
v -6.50179338 46.8213158 -10.6558676
v 18.1718693 9.68163776 0.355031192
v 17.527626 106.062424 -13.1142292
v -3.98153806 28.4870853 -23.6058083
v -1.23621941 54.7597275 17.9403343
v -12.0944958 46.4391136 24.1331558
v 6.99006605 -1.46005273 11.6543303
v 21.1948566 1.54156578 -15.9313784
v -1.5980984 57.9154663 9.4009428
v -2.75401521 11.6173801 -26.8034306
v -8.96513844 60.1008263 22.6678638
v 25.5541496 27.2838173 -26.5883522
v -24.947506 58.9937897 -20.5607471
v 4.00128222 41.0548019 -11.0831861
v -1.9818089 69.7532959 9.31905937
v -2.30517721 3.72219229 -4.03498411
v 8.85234737 25.4094868 -26.387619
v 6.82441521 50.9413414 19.221693
v -5.98977661 75.0865021 -6.52758503
v 9.76975727 115.142296 6.73252344
v -0.0932710394 43.7752113 -26.0579643
v 16.0676708 17.7673569 25.3667164
v 8.93500137 33.9204483 -16.9414978
v -6.70945358 34.0439453 -19.084795
v 4.59746265 127.562408 -6.55612946
v 14.8400021 6.10318279 -13.0374088
v -2.60277843 37.4259949 26.2251644
v -17.9058952 103.826584 -4.94925928
v 13.0614491 123.599716 -5.62006474
v -5.11591148 21.9216366 -21.4136581
v -12.6448832 17.4837093 25.7769394
v 23.5427628 69.2789764 6.63391399
v -16.3925743 102.156219 0.210031494
v 16.5787487 24.91679 23.506897
v -8.82507992 96.5051956 -19.6917171
v -28.4381733 2.4744432 -12.2471533
v -14.8060122 89.2414474 11.3186131
v -2.87633348 12.1993103 24.5010948
v 0.443813533 62.1548653 8.1943388
v -20.1158791 18.3243389 -19.8303185
v 22.570219 65.1771469 -16.0093422
v -5.88835478 98.1002884 1.7795763
v 27.658699 42.9910355 5.32613134
v -2.08792233 20.1420479 25.5806351
v 22.0445404 2.16054749 10.2410946
v -3.84835815 55.1271782 1.74492371
v -2.52590275 104.727127 -9.55788994
v 14.866457 5.62330103 23.3944035
v 10.7379999 26.7533112 -21.1680489
v -11.1010895 10.508832 23.7816048
v 20.9948769 73.98246 10.8286085
v 1.34088087 62.1828842 11.9568386
v 16.3003159 0.916129947 10.7943821
v -4.11958075 50.2077103 1.72758758
v -26.5415077 2.08402038 2.54996371
v -2.27988672 21.3385525 20.0111294
v 12.4431629 40.4303818 18.609396
v -24.8936043 83.5584488 -12.9604511
v 4.27628946 122.707886 1.95021117
v 10.9776459 53.8557129 -26.1912136
v -29.2625351 45.8882523 -5.02314425
v -0.456754714 2.57550836 3.95885134
v 13.46591 116.262802 4.62419844
v -30.2445354 13.8822117 -15.3035898
v -10.0881481 63.4600677 -22.7207623
v -1.23567498 3.10605407 12.7703362
v -22.5998631 9.92857456 20.2663269
v 17.1082058 113.923813 -9.8320055
v 15.252635 2.11797214 -15.7838516
v 9.19681931 3.60632062 -22.4922695
v -31.2869797 31.2150478 -16.1901493
v 10.9527159 40.3595657 18.8974323
v 14.5434504 1.03221083 -21.3349419
v -0.254026592 6.92940855 -24.3723545
v -24.9508801 81.4294586 -17.6922741
v -2.16859841 9.5218811 16.3209152
v 8.0760479 43.8564186 0.144478813
v 8.27433109 0.179486796 19.8940182
v -29.0135021 53.2781677 -16.6991215
v 15.6670647 22.1082554 -4.25139284
v -7.30119181 -0.371002376 -6.87026787
v -3.9164362 7.47126627 -18.6350517
v -2.09816623 105.781143 -18.6365414
v 17.7254982 112.247818 -1.41077363
v 4.13686752 54.6494751 6.40670061
v 11.3934374 26.9706268 -11.4977417
v -28.6165466 2.48054075 -5.2000494
v 7.04274797 88.4423141 14.2013922
v 11.9066954 22.4641075 -16.2757454
v -5.37348938 89.3541641 14.6976089
v -21.6147423 12.6504698 22.1223736
v 0.01345775 111.083305 7.39153814
v -19.1848812 93.5521851 4.4773922
v -3.85066366 33.0026855 -26.0218697
v 5.39276218 37.2909775 -15.8836241
v 10.8046551 13.8422089 -25.9288921
v -16.5020962 -0.369902194 14.9682016
v -2.45501113 90.2202759 -4.8215704
v 7.77533722 8.72261047 26.70821
v -4.83931017 44.7364235 23.7013912
v 0.497044921 53.2244034 3.21668553
v 22.4696007 0.743813932 -10.6962214
v -31.0483761 6.82035494 -0.0329823606
v -4.27170038 11.6139708 -13.5435371
v -2.89387488 74.8681564 -21.6891613
v -4.2130146 53.3714752 -1.90493906
v 1.07014763 127.200882 -4.95998478
v 27.6737881 2.34941316 -2.71248794
v -24.9748383 40.867485 13.013876
v -2.02834535 33.2123413 26.4613018
v -1.81572604 2.38912177 -12.5857258
v -16.2852726 65.5541916 -21.9311352
v -27.5312271 49.2662659 5.43912554
v 31.17976 21.3117752 8.20619392
v -2.13322258 15.9738369 3.51071453
v 15.1840439 8.22424221 25.301321
v 9.10371399 124.568092 -8.35907269
v -24.9461861 64.0482254 2.63069797
v -19.2000237 35.4416885 -21.7953148
v -12.5970583 6.76195812 -20.5829124
v -0.989230394 57.436058 15.3476324
v -2.85477734 95.9894104 -13.976737
v 17.0112782 110.195671 3.75426769
v -2.68638825 21.3246059 25.2283287
v -8.35723972 32.1000099 -23.0732937
v -30.7858925 28.1809464 -8.74923134
v 16.3948879 26.6356964 11.8994322
v 2.1379559 54.061657 0.342923433
v -3.41134167 35.2665443 1.75184631
v -21.8141212 -0.0367992185 -12.7918978
v 17.8759098 18.2712727 21.7460766
v 2.75785375 110.900581 9.78227329
v -1.40396905 54.9789124 -21.2305164
v 0.265647501 117.874474 -14.0970764
v -24.9543095 0.185104117 -7.56386995
v 18.6105461 13.4889221 11.7862949
v -5.44447803 47.4194527 -19.659256
v -3.98176503 51.4827805 17.3503418
v -9.4850359 77.6687088 18.0529518
v 14.4819069 12.9322968 -16.2148438
v -5.12682152 49.0210648 -18.5643883
v -19.5875225 70.4204483 9.11400223
v -1.69397724 3.32937527 17.8560524
v -10.0873184 -0.389721632 17.1809616
v -3.86978698 27.6083508 -8.03037643
v 19.1845779 18.0967636 5.62866735
v -1.86326063 58.6471291 -5.94882631
v 27.4150772 17.9684105 -17.3444004
v 4.15876341 50.1376381 5.33676243
v -14.2335949 79.3372421 15.2354803
v -4.20676517 17.4133263 -24.0209923
v 3.10226035 0.487036765 19.784832
v -5.57968044 57.2322464 -1.23952174
v 26.4347439 48.6975212 11.1876965
v 12.3358431 9.35792542 -27.5294361
v -23.1127796 0.0642737076 5.33163881
v 1.2992444 43.4587975 -12.4729996
v 16.2662945 0.778989971 -1.49145722
v 8.33814335 46.6443825 20.6681023
v -5.11236 73.3482742 19.2263355
v -26.062067 40.3941078 -20.2743092
v 16.3430538 26.9292526 11.3967428
v -23.1562729 1.72583699 10.1782475
v 11.3928194 -1.05220068 1.47318769
v 18.4992466 106.709984 -9.47815228
v -6.02853489 64.4284515 -7.20183325
v 29.9361897 9.4022131 11.8640642
v -21.3273678 17.4586906 23.3979092
v -0.39393416 49.2278671 -16.8854084
v -1.25515842 4.63021374 -21.6322174
v -12.1303005 14.2520485 -21.5784321
v -6.85114336 68.1960373 -12.2994604
v 18.5435886 3.88561344 8.97399998
v 1.07541525 63.4848671 15.484601
v 20.8982811 64.3860016 -23.260664
v -7.23175478 79.4785843 -17.7651768
v -1.55227017 68.6056747 15.1512632
v -0.994654536 48.5974464 22.7489033
v -4.56118584 37.7358932 -10.5551424
v -13.3017664 32.5499229 25.3863449
v -10.5422029 48.0311928 -23.3869972
v -3.70017886 0.698116124 -4.7376647
v -4.42490005 54.5164261 13.5793028
v 12.5740309 35.2442741 13.2890148
v 11.3516397 20.614933 -25.6856174
v -16.0376167 45.1230164 -23.1056004
v -20.1811905 36.9324684 22.197052
v 5.20425701 59.6782646 18.4482708
v -0.586700857 14.0676527 27.9208927
v 14.5967207 1.40560353 16.2037086
v 23.847168 53.4374352 -19.1432533
v -5.42702723 91.690361 0.122478791
v -9.41605949 13.9963322 25.4328384
v -2.36154938 16.9939175 -26.4740467
v 4.2610774 118.142944 5.4686389
v -4.97886086 72.1632156 11.9458408
v 27.4453411 27.9798546 -13.1630573
v 28.982584 28.8030109 14.4573603
v -11.5950079 1.73846626 18.9748974
v -0.767753422 97.3619156 10.4538479
v -1.8942765 85.5677643 -21.4969616
v -5.72271395 58.0991631 22.9863224
v 19.2970486 1.19584906 0.154778138
v 27.9284191 2.13481641 0.0595190302
v -30.3747559 15.9850788 10.4619751
v -2.21698403 62.3239174 -23.4570026
v -2.80414033 53.0296173 -3.47721338
v 21.8847027 13.3860903 19.5620537
v -23.9082184 0.655757666 1.29354405
v -2.49404216 1.97171271 -6.12094355
v -4.59859371 55.3400383 7.16501236
v 9.28234959 18.1532936 -27.5703602
v 2.76805353 88.872139 -21.7965164
v -1.6340611 12.5907021 8.63630199
v -7.97644711 101.411301 0.386656255
v -30.6514683 4.8859992 -11.3843098
v 24.7025948 12.4740324 18.5877113
v 11.0134068 106.453621 -15.7965851
v -30.0189209 30.7347012 0.476617306
v 6.50837421 -0.237527221 -4.7605443
v 23.3525715 71.4598999 -3.82810092
v -4.36857653 34.5591888 -23.8455563
v -2.28677154 67.1643753 1.22952724
v 12.3443623 44.7178879 18.7347622
v -30.0740891 44.9163246 -15.6917801
v 30.2771606 12.2702436 -1.946141
v -13.620738 76.436615 -21.4357395
v -3.4665103 13.3552456 -3.96243501
v 11.0741768 27.5707893 -27.7947731
v 3.91838098 99.9282303 12.7901163
v 16.0401154 115.357803 2.41671276
v 29.7398796 4.72671556 1.63308561
v -26.1744518 1.48087549 -12.7472858
v -1.43306696 17.2954788 28.2268467
v 7.0137043 22.3326702 -28.1645107
v -14.1976862 98.0081177 7.99298143
v 18.7829094 2.72241855 -20.1371975
v -1.01352561 27.1785221 28.0510292
v 20.9108772 0.323018909 -3.27563095
v 17.230442 26.2164822 18.8596249
v 15.871501 97.8791733 8.0481329
v -26.764782 57.3414459 0.175321877
v -12.3367062 99.2071609 6.73588228
v 4.34494686 3.48768282 -22.1928291
v 15.8731184 17.0956573 -9.89655018
v 10.2542505 47.4425201 16.5103779
v -3.98292208 20.9890995 -15.4592896
v 1.85821187 32.5754929 -27.5537529
v -11.1047144 72.4382019 19.2147274
v -21.2684822 101.542427 -11.459177
v 16.2227535 5.22347975 18.2968102
v 15.8127975 52.6589622 16.6323967
v -8.72841358 42.0744209 -21.1724873
v -14.5049353 104.970322 -5.77725792
v 20.5566063 81.7900085 -15.0686941
v 2.16788983 125.831963 -0.997621298
v 0.559158921 49.6185608 -25.1050835
v 16.3182125 13.9087954 -8.86591721
v -7.0596633 96.1468582 -18.5203362
v 8.28552723 28.1866169 -24.9928913
v 14.6603889 82.4674149 -22.194952
v -18.2583885 77.0455322 9.24939728
v 17.4670353 8.84249592 -4.93242598
v -2.41922021 2.29091573 7.41770697
v -6.84120798 99.6531982 -15.5068693
v -2.81840348 62.1589661 -11.0896921
v 18.7579498 63.1961212 -23.9578991
v -26.7019882 71.674675 -14.4587879
v 3.01522541 -0.179804459 13.2222033
v 21.4446068 63.9541016 12.5813398
v -3.01979542 21.054493 25.9577599
v -2.44217014 111.545357 -13.2861862
v -22.2444897 99.969841 -12.2926865
v 14.280448 26.8022709 -0.546662807
v -27.3120556 13.2217083 15.4391422
v -5.17163897 88.4717026 5.52809858
v -5.20413065 50.7859688 -11.8705044
v -7.37524414 62.1857033 -13.9130259
v -25.9803104 72.7043915 -10.8975925
v 13.7394934 2.02160215 -22.0029011
v 14.432395 0.687299907 -10.7925949
v 30.1957912 27.8058014 12.7895374
v 5.83124352 44.711483 2.36070895
v 21.9012794 84.4415283 3.64653373
v 16.9623566 18.9974785 24.2999096
v 11.2980156 10.0409517 -24.1945171
v -8.95871449 4.1892972 -17.7902222
v -2.08788347 24.7799587 7.23722839
v 18.0648575 7.88291073 8.45917797
v 12.311491 36.7835884 20.8444614
v 7.40723562 40.7514992 1.22648001
v -3.13325834 0.948361754 -10.271718
v -3.17275834 10.709281 24.2281342
v -30.9028301 8.74254608 3.71630311
v -17.4957066 94.2719727 6.97523737
v -6.27461624 73.9712143 20.2757473
v -4.32888126 7.19095039 -18.3065281
v -4.01460505 57.6992912 10.6172628
v 8.80630016 6.28860807 25.2112179
v -0.77203548 112.598534 5.27637196
v -2.42799926 57.6498032 -15.1705065
v 17.7073917 113.558556 -6.867733
v -2.37186337 26.0054016 2.82835889
v -1.98789537 3.2129302 -8.09958458
v -2.91953254 4.89068699 20.9927502
v 1.72152138 81.1281433 16.4775982
v -4.48494196 19.7941456 -18.6241856
v 23.4265232 45.6644592 -24.8478241
v 17.1190643 11.9493675 -7.07724524
v -1.51167774 10.5479279 0.66095227
v 6.94225168 12.0304575 -28.0080376
v 18.4293098 5.49154615 -22.8666096
v 5.12783003 36.3510971 -27.8136024
v -8.33466816 45.7939491 -18.506464
v -18.849987 32.2374382 23.8398571
v 18.9143543 87.0384445 -18.6295967
v 19.0647621 4.67378902 11.0150833
v 10.2625389 29.8809929 -15.4515982
v -7.34318256 51.8413124 -13.0204496
v -3.48181415 9.73898792 -6.52005672
v -19.2143421 6.04834223 -18.4756699
v 14.2329559 121.804665 -4.0735302
v -4.04208374 43.8759956 4.46145725
v 10.915411 24.4853725 -27.6618233
v 13.0086784 118.704361 -9.6204443
v 6.72672701 125.500145 -1.2790463
v -2.86322069 31.9484825 21.6412354
v 11.781002 25.2235718 -13.814724
v -13.0888214 25.0711155 25.8364544
v -5.9485178 35.7194862 -14.9224606
v -13.5361414 0.852813125 -14.4127598
v -2.46477103 27.1931667 22.9005432
v 16.7048244 26.0654182 22.8118706
v 9.56223965 31.3619576 -10.3633547
v 6.68675184 97.3696823 12.4535866
v -2.77348614 30.4760876 14.6391954
v 15.420826 12.3935299 -28.0272675
v 0.755756021 14.3240967 28.4779453
v -1.18407595 23.2130928 -27.2129459
v 20.2011299 94.9139099 4.81422091
v 21.5306644 13.0165024 -25.6762638
v -26.6618252 26.0676575 15.0200224
v -5.02917099 41.2529602 -25.2345104
v -10.7871609 95.3399506 10.6705027
v -5.32307386 32.5536423 25.9872475
v -25.2113895 30.3487186 16.2673645
v 21.9296398 18.6345615 -27.6838627
v 11.8366785 125.282928 -3.58239555
v -1.47626221 55.0506897 -9.56332874
v -4.87526512 51.3254318 -12.3975973
v -24.8555336 0.490918517 -11.4552956
v 5.4290905 58.0189323 17.8216515
v -0.635916114 57.9708977 12.593462
v -16.0737877 91.504097 9.70767021
v -3.44745874 42.2950668 24.7359238
v -30.0070972 39.5813789 -17.0160599
v -5.13928652 66.9647064 0.817464948
v 7.33933067 118.515221 -11.9862251
v 2.26104665 44.7648964 -20.1876621
v -27.9837437 63.3245316 -17.8986874
v -7.88496733 -0.297496915 11.3133192
v 15.1196756 24.8328476 -1.36566174
v 2.23336148 47.6375542 -10.3101015
v -5.63902235 27.3979855 -20.6503925
v -30.5445843 31.1681499 -17.7573719
v 20.8467312 2.85077214 11.3604469
v -21.4825363 28.0581551 22.9511089
v 9.87157249 75.2012253 -23.9430294
v 1.47940803 41.4845009 -18.5772858
v -1.45606077 107.546623 1.09961438
v 18.9265308 14.0478802 5.10839319
v -1.30522299 13.5527735 25.598381
v 18.1931839 21.5029564 19.8996925
v 11.0763149 12.6087856 27.3235703
v -16.0135021 97.9966049 -17.9225388
v -3.99021125 9.92741203 -23.3844643
v 26.4203358 50.4770889 0.866458595
v -29.0875378 33.8432159 9.21049309
v 9.48946571 42.7068291 14.0735016
v 17.1526012 1.05340946 -11.8344688
v -23.0527706 73.3739243 2.69616508
v -24.2877693 7.69527721 15.3641815
v 2.45524859 12.8727379 -28.2242527
v 18.4770908 0.236256555 -15.8535719
v 13.0489578 -0.471470982 13.6877432
v -5.30998087 93.5463791 8.11498737
v 20.0489006 0.901184022 3.50875521
v -19.9827023 89.9379196 3.47626901
v 5.48257399 56.7406654 -25.2864513
v 15.604949 9.8682642 -12.2131748
v -5.64769268 71.1874237 -4.7159133
v -5.07238626 82.8560791 16.3573551
v 7.79195881 43.6208153 8.12708664
v -2.28781867 9.76369667 22.4719048
v -25.8824329 70.4001923 -19.4366894
v 8.71002197 0.804318249 -12.093873
v -17.8680496 58.0055771 16.7718735
v -11.788187 4.71104145 -19.7303963
v -1.1155616 53.2439919 0.841665447
v 12.1726055 41.5595398 16.7153263
v -16.7487354 88.5627289 -19.2175007
v 21.1447811 64.8901749 -22.700264
v 14.4573154 32.2799683 20.0048046
v 17.1516323 15.2359304 23.7133656
v -6.26166296 96.3124542 7.20568514
v 21.1342945 4.13771105 -19.1820717
v 13.4439201 16.8964405 -17.1485767
v 18.0467625 23.6225834 20.3198509
v -30.0560284 48.0762482 -13.6327391
v -1.88257778 67.8334274 5.61015797
v -1.28852248 32.8947029 26.8886623
v -9.64666462 56.2663155 -22.0190163
v 12.352519 15.8512087 -23.6331902
v -6.4776535 101.033829 -6.16227579
v 18.506649 9.30602074 0.617705226
v 10.1242838 40.5706444 21.6744976
v -10.4889202 56.7410126 -23.0822468
v -6.27619982 1.79063368 19.3122082
v -3.42483306 -0.101394482 -8.76764202
v -4.11237383 49.4532166 3.70177341
v 5.38620663 -1.18928647 16.3332005
v -16.5990715 52.2034302 -22.7891121
v -3.28315234 5.46146059 -13.681159
v 11.9919071 17.4922161 -28.4235268
v 9.07682228 122.78286 0.688951492
v 1.60208178 23.1869736 28.3912697
v -24.0556583 6.00237322 -16.3947926
v 19.799015 89.3030319 7.89160538
v 30.8693619 10.5837631 9.72330952
v -1.01622605 112.538208 -16.5906334
v -4.19755745 25.4693241 26.2795582
v -14.4886684 5.04238558 -19.7103043
v -4.05862808 36.5405807 -4.14891768
v 25.0897064 56.6773415 10.7311058
v -3.13003111 22.5324516 -25.9431019
v 0.947189629 11.525651 27.6607475
v 22.7834034 8.95870781 -20.3705902
v -7.8045373 9.76954651 -21.7769947
v 1.84641635 123.577164 1.3080945
v 1.91070247 41.0276833 -24.1297417
v -1.50330973 94.8729706 4.23445797
v 0.0195207205 1.88285065 -8.36035919
v -3.09429669 28.9796429 19.8268375
v 9.49826241 11.8140249 -26.441843
v -22.0133228 94.5737381 -7.28045321
v 16.1515884 31.859211 19.0582142
v 19.639492 94.4627304 -12.6096849
v -3.0077064 66.8258133 -8.94825459
v 9.14204693 39.0314598 -4.3500843
v -21.14011 99.2138519 -6.7486167
v -13.367116 94.1978912 10.2024088
v -1.32445526 82.1739807 13.003191
v 0.752536654 124.170616 -0.614787102
v 9.14267159 99.6465988 10.9244757
v -25.1696377 71.860405 -5.98113871
v -16.094635 55.1778831 20.9918823
v -25.0882072 2.04858851 6.61312342
v -4.86451483 39.3853378 -18.0350475
v 4.68442202 98.3644028 -20.9670544
v 16.6429863 0.818009019 4.40814161
v -0.289693564 92.2826614 12.9220552
v -14.5975161 60.7185631 20.7866096
v -8.70467377 100.94194 2.89388013
v -15.8093548 14.8402777 24.8285389
v 8.58607864 30.552351 -16.3729401
v 29.0527153 22.3256969 15.4084988
v 15.6280041 29.470171 15.8271322
v 4.36612797 128.544662 -4.18944168
v -6.54250717 56.0764503 23.5501003
v 20.4902706 0.562169313 -11.8103027
v -2.09275627 71.7797318 9.40168953
v -5.6370759 70.0460815 21.1083488
v -1.60837781 119.878197 -3.61155224
v 11.4438066 20.6492729 -20.6794395
v 22.8874741 8.12848473 17.2588654
v 20.2260361 37.7750053 -26.1145172
v 25.6863613 10.6998434 18.1272869
v 8.30935574 48.055088 17.0646172
v 4.88941288 56.2137833 11.1843596
v -1.99330771 117.569626 -7.17382765
v 29.607008 13.9606371 15.3262196
v -14.9152613 12.5743303 24.0361958
v 18.9082642 16.3741074 0.780589938
v -19.2007446 88.507782 5.42340374
v 29.211401 11.3521881 14.8248682
v 24.3521175 47.6694374 13.7816277
v -0.520736217 59.1641006 0.416660637
v 19.6582661 15.9580078 19.2130852
v 17.3619576 10.36798 17.9145546
v -10.474246 32.2265358 -23.1364155
v -2.91697359 33.288372 -26.7205868
v -30.4455681 7.87699127 -13.3018436
v -3.53020859 53.5408325 -2.42495513
v 14.2646389 -0.638557076 -1.70715189
v 2.56293964 44.6822319 -24.739254
v 17.6552734 20.0847054 19.7866402
v 5.0113945 37.5924988 -27.2857361
v -31.3934803 22.3072166 -16.26194
v -8.55146217 68.8278961 -21.5326672
v 2.52318859 94.4716187 14.2782812
v -27.7484207 57.2129478 -18.3594227
v 29.5048008 4.71248245 -2.14295244
v -0.416365027 43.5962639 -26.6815624
v 11.6172199 91.7772598 -21.3027248
v 10.1643391 125.156624 -6.31144571
v -25.5399399 44.8340263 -20.6142349
v 31.4487743 16.6841755 7.2870698
v 24.9389381 59.6826744 -0.0800755993
v -2.53691816 28.1154976 0.781245112
v -17.0134773 81.5298386 -20.0728741
v -2.99130058 75.0973053 -8.89676285
v -2.0201323 56.3139496 -11.2559757
v -3.97567844 21.4090271 -6.14157772
v 6.00343657 38.7474518 -25.2252865
v 31.301384 13.3194656 6.51944685
v -3.08386207 78.1068878 -16.7578659
v -0.0481752492 65.1949234 13.6785421
v 27.859127 31.8739014 14.5946627
v 9.55927944 32.4239731 -15.5060482
v 7.67319155 49.4774666 19.6211948
v -2.86457562 89.2934265 -20.1570091
v -3.26299357 26.9141064 -2.55203295
v -6.93558359 86.9827957 -16.3015614
v 2.53540969 115.846382 7.11223745
v 5.28394413 17.8233051 28.3624687
v -29.8637619 3.64251161 -5.9785924
v 7.2634058 5.24110651 -24.8504086
v -6.74325943 -0.377162069 -9.74176788
v 4.51517582 0.589186668 21.3004017
v 7.76488066 52.0155869 11.8082228
v -5.54434776 44.4027061 -21.2212868
v -3.58102632 12.469964 -26.2574272
v -16.6649132 18.0780296 25.0237637
v -23.4223309 90.3944397 -16.9234581
v 2.91017389 0.0745320916 17.1317749
v -17.9543247 3.06323075 18.2021751
v -4.71133995 27.7882767 -13.3433685
v 17.8252888 23.4132481 13.7607937
v 11.76717 39.0392647 9.54579544
v -20.6731052 5.23614788 18.4501324
v 5.53863573 51.1440849 10.5978756
v 2.38091516 25.3761387 -27.974371
v -18.833147 38.7171173 23.021143
v 11.53022 15.5506477 27.4184189
v -4.08608437 38.2128906 -26.3851471
v 14.7366457 18.1534405 -10.2591839
v -27.9141273 42.1242561 8.21011734
v -14.7175627 99.8317337 5.64190197
v -26.5277119 71.6811752 -18.8690014
v -4.44820213 14.51122 -18.155304
v -24.2414494 62.7339325 4.86995029
v 5.36555624 48.1219978 5.48257971
v 6.16902447 63.0329399 18.8486767
v -3.60369849 48.3666801 -15.5094309
v 7.28883219 -1.08722174 3.07938361
v -6.49575043 93.7625275 11.8138485
v -28.8209438 40.995491 -18.2346153
v 20.7285385 95.2205887 -0.118450679
v -21.1674061 100.635208 -13.3754396
v -3.19265604 36.5224037 22.0332336
v -6.76653957 11.3797712 24.7908363
v -7.28099775 43.3878326 -15.7971849
v -0.461283565 115.527626 4.51728821
v 5.39767838 36.8253975 -23.9669132
v -3.20567274 47.879818 21.6916904
v 18.0141582 94.5340347 -17.4408302
v -31.2387714 23.6877747 -16.8756065
v -1.80894947 102.276649 -19.4859886
v 6.02809429 112.948357 8.94188976
v -4.84990072 46.622818 -3.48920178
v 2.16122508 111.274986 -16.5076675
v -3.70374417 13.7544699 25.4816647
v 19.9486217 74.441803 -21.3325806
v -6.6904583 66.9090118 21.7909737
v -5.04483461 44.5323257 -6.64205027
v 16.3409081 24.3717632 3.44366598
v 14.7548676 119.102859 1.4856602
v 17.918335 77.0518341 -22.1012383
v 5.36982584 -1.22720528 11.9210167
v 0.349030852 2.64406276 -19.0718918
v 15.5645323 13.2959576 26.3491879
v -22.8557739 69.7461395 4.34333801
v 30.7054367 27.6362686 10.8196325
v 8.53895283 53.4098854 18.7636204
v -24.8487148 2.01909184 -14.2336655
v 4.5942564 46.0935059 0.448771596
v 8.03814602 30.1754112 -21.896925
v -1.90821993 58.0429306 13.0809631
v -25.4528217 80.845047 -15.3360558
v -1.7323035 3.81426191 19.0371304
v -12.0353622 66.1154938 20.5759773
v -23.3623924 -0.22011742 -7.80343103
v -2.16309094 105.927811 -5.09994507
v 13.2384186 40.1090469 19.0297165
v 2.99083614 0.424409509 6.30429363
v -1.56282282 52.1853714 -16.1877651
v -6.90456581 -0.374341786 4.14020014
v -1.56258488 3.19576073 -15.9632225
v 8.27492332 93.1298447 -21.907259
v -3.33788896 34.9953995 4.53038359
v -2.98945451 4.15876245 -9.88266373
v -21.5544186 77.439064 3.99318218
v 13.5032063 122.613823 -1.42385387
v -0.0337191187 29.517231 27.6209965
v 30.406599 6.87707806 4.46816015
v 15.1799202 0.00366868009 -6.67991829
v -17.040638 86.5770416 9.19813633
v -2.6047864 56.7875481 5.42618275
v -0.799698591 2.87539554 6.40869188
v -2.34987736 4.07157373 16.7280693
v 26.3599625 2.73021293 5.31976986
v -18.0578308 91.9233322 7.13853502
v -30.0261765 21.9065208 10.4350252
v 10.4119339 16.84972 -26.6481209
v -18.8818016 103.556915 -6.95817661
v -18.5791512 -0.103114538 13.3872805
v -10.3048725 50.2715225 -23.141777
v 15.6447153 75.0841599 -22.9395065
v 14.5566988 42.7000198 18.2283611
v 8.20756721 80.0942154 15.2385321
v -0.873054743 63.942028 5.7549901
v -21.2624931 41.3872871 18.5526543
v 14.1285944 62.1276703 -24.9197922
v -5.1088171 78.6213379 6.53289413
v -19.7560024 -0.350609601 6.00003576
v 30.9369793 24.9296741 11.7402573
v 10.7634687 -0.802598178 15.5409174
v -2.64428258 64.6367111 -4.59433508
v -5.22610378 85.2509995 0.983670175
v 13.2223349 23.6932755 -28.0976219
v 17.5123615 20.8764286 1.36032343
v -4.08694839 16.836153 -7.32528114
v -24.0277863 15.3756428 20.1654778
v 2.83314133 1.59457004 21.3789768
v 14.9027796 33.3932037 16.8607349
v 10.3818722 27.7688446 -26.7507343
v -3.41234493 18.4526615 -2.28839803
v 14.7084293 116.180008 3.74093223
v 17.4477978 92.7851944 -18.5263004
v 17.6294155 5.48773384 1.22422373
v 29.7218876 17.150692 15.3114462
v -4.24438953 47.3849678 -20.2717724
v -30.5424309 43.5318298 -14.4159737
v 17.8716564 18.4558697 1.16740966
v -26.8138657 1.24188781 -7.9612689
v -1.91965914 70.2235336 14.2978706
v -4.91313171 50.0702171 -5.528337
v 4.99007177 27.1152439 -28.0764046
v -31.0211258 5.10700417 -8.30718327
v 13.9570017 92.3709412 10.3375883
v 11.2881804 44.8073578 18.0684338
v 4.37332916 59.0764923 15.8422155
v -1.94537425 28.8368702 26.9353657
v -2.82704258 63.0688362 -18.4160099
v 23.9385128 67.497963 -2.00091386
v 8.77337742 15.1641302 -27.8219814
v 18.0767384 101.287598 5.82648802
v -0.929485142 1.92998183 -12.9632273
v 9.43781471 2.43449426 -21.1719952
v -26.8976364 62.1315842 -6.18519068
v -29.1051998 54.9392891 -15.4397497
v 17.8339939 2.19380188 -3.88662529
v 20.4670353 11.588232 17.5428848
v -5.62182283 30.3136044 -17.6200085
v -18.912878 98.4804153 -17.0291576
v 28.1286049 31.3940353 -4.50432014
v -5.63995075 40.7365456 25.3334103
v 12.1478271 -0.388830602 -4.6413269
v 22.9953079 5.53767776 14.3902502
v -0.252301544 34.3743591 26.6306667
v -12.7680616 39.8644295 24.7740841
v 20.891758 86.0310898 -10.4999113
v -29.7584038 37.189476 -1.67562592
v 21.4154701 89.2014389 -5.79928446
v 16.738842 1.76073408 8.77111626
v -12.693388 101.097252 3.48432708
v 6.74743891 52.3071938 17.0872784
v 17.7753258 5.47035503 4.47941685
v 14.7173157 52.2669106 -25.7859764
v -3.16180515 16.3247147 -25.7684422
v -3.03296566 41.5926628 25.1410484
v 6.46749449 50.2909164 12.519042
v -4.52240753 17.8135509 -14.0058622
v -6.61835289 61.3097839 -10.3057661
v 16.6166592 0.707646191 -14.6082525
v -2.58585405 106.272903 -17.4844036
v -2.4878006 68.9001236 -0.0451728702
v -3.29067397 26.3596802 -26.2989445
v -7.40649939 89.8438873 -19.4193096
v 2.02383947 113.682198 8.08145618
v 26.2194881 46.3239937 -5.00961542
v -2.45926356 89.1040726 -20.8959579
v -3.91423869 22.9691219 -24.088768
v -4.41822338 34.2135544 -15.5853901
v -3.70308852 4.53906631 21.2579861
v -18.6182213 27.3921432 -21.2573357
v 22.2354164 56.0136452 13.5947857
v 20.4583454 18.1853867 19.5497131
v 8.3583889 37.961544 -9.90216446
v 25.166935 46.7593002 -14.1760302
v 14.539793 58.4599113 16.289381
v 4.81554747 42.1975822 -6.0361619
v -5.33605957 51.9891434 16.8558369
v 4.79050875 -0.445042491 19.3431072
v -12.5392485 58.2568207 22.0314274
v -30.4468899 20.1761932 2.74135303
v 5.61041546 72.8467255 -23.7283249
v 3.74509406 44.2084198 -5.1410718
v -25.6245213 63.9277573 -20.0933895
v -19.2425499 15.3095446 23.8653278
v -30.6725311 11.3517542 7.31006765
v -2.22907543 25.2750969 15.6484985
v -2.11730075 28.2756119 -27.1128864
v 14.1971731 14.2754011 -16.2037792
v -4.15909529 28.2194061 -18.6736717
v 12.4349566 8.87699795 26.2952251
v -9.30180454 52.5295067 -20.586504
v 18.8421822 109.708931 -4.03287363
v 3.09537983 71.7509613 18.4359474
v -4.22048903 33.2534981 -10.4303637
v 9.84298897 25.3529949 -21.3615971
v 8.0981636 113.477676 -13.9418516
v -5.39506197 51.5929947 1.79320943
v 29.7721176 27.8754654 4.66485548
v -9.7427721 60.8833084 -22.7370911
v 11.0506144 113.735519 -12.7499247
v 7.62349796 10.7473392 27.5186863
v 13.0736341 6.691854 -19.7174263
v 17.3344212 23.9742813 22.7460194
v -1.79735994 20.7345543 28.411829
v -3.85437369 17.8454189 26.0421753
v -18.8832893 25.4564781 24.3473892
v -3.44351792 37.5249977 12.398674
v 18.8725147 0.356374145 -17.159956
v 0.369675547 18.1435699 28.6685886
v -3.33662176 54.4272232 0.466933131
v 17.4492111 6.92844009 13.0905809
v -4.95636511 6.07778454 -17.7435055
v 13.6451302 122.214935 -7.3771162
v 2.98370218 100.846359 12.5714569
v 25.1982746 33.8238754 -25.609024
v -15.6128111 72.2645798 14.9275837
v 10.3483839 37.1791115 -1.24396837
v 19.831562 6.64810085 13.4840851
v 12.8174391 35.138195 21.7843475
v -1.5382055 2.86158085 1.47262824
v -5.95210934 52.0905266 23.7993145
v -2.6983645 1.5799185 -4.3374753
v 30.4376888 6.69885063 -2.26778007
v 12.2786989 29.7325573 -4.56071854
v 11.6766109 4.46766806 -20.5816135
v 6.80604029 32.8614311 -24.5913696
v 23.369894 10.0572767 18.6742344
v 12.7521057 1.68893313 -17.2036419
v 30.772028 6.80491304 -0.889718056
v -3.7484746 6.75534916 -14.1947842
v 15.674798 3.65034485 -8.11280823
v -1.59664464 61.5799637 -23.8839645
v 26.3635941 7.70525646 13.2413082
v 5.97863245 2.11049533 -18.8220348
v 1.28875959 41.9968529 -15.71136
v -3.01890302 31.7958012 9.78644657
v 6.21075535 40.1008911 -26.2619152
v 8.94228172 42.8013077 1.68383133
v 21.9717941 0.327985376 5.35333157
v 18.7253838 18.4097691 15.3020515
v 15.2465448 35.7114944 -26.9823322
v -8.59949207 0.966654837 19.0287685
v -8.02257156 2.26668763 -14.6820984
v -0.9474352 2.51515889 14.1613722
v -3.11333346 16.0576324 25.5451851
v 4.52688932 116.645447 -13.6671524
v 9.96203899 27.5473366 -16.2088966
v -21.9818497 22.3002357 22.9058323
v -23.7269917 91.0527649 -12.8352909
v -1.7742883 16.4168224 9.8506031
v 9.29635811 120.262215 2.92159963
v 16.4895916 11.3040495 -27.2701244
v 14.0816574 30.4737396 5.54825592
v 0.637959778 59.6793518 4.38786316
v -27.9054298 49.9048958 -18.4469738
v -0.255585581 50.4977989 -24.2837391
v -0.241844669 52.1240082 -0.163942456
v 16.5112514 16.0580425 -6.56827545
v -1.05365515 66.5027084 9.20720291
v -24.0983238 89.1654892 -15.0275908
v -1.50489378 68.3395157 10.9485703
v 6.00103331 60.6125526 19.0650043
v -6.34803486 0.205737084 -11.5982752
v 13.0827103 7.74801779 -26.7694321
v -2.02919316 49.6878281 -8.39343166
v -31.1716328 19.7848797 -16.2014484
v 0.349461168 64.7520599 16.7077885
v 24.5052567 41.7466698 -24.8821259
v 14.9986887 119.407677 -8.26518631
v 24.9310608 2.90169215 -9.919384
v 3.10396028 60.8948059 17.4738407
v 17.8122215 17.5934219 -3.05294037
v 20.8505383 3.91939497 12.878562
v -24.3684959 52.8652916 -20.9394188
v 16.3714275 -0.118447877 -18.5675564
v -7.89864254 7.35876513 -21.3031864
v -7.26994419 48.3315277 -13.6689129
v -19.0800972 95.2935715 -17.7734718
v 2.31324482 54.8918648 11.3155413
v 10.4156799 4.95913315 24.0009823
v -1.79320574 2.4314959 4.13898706
v 30.5463314 9.60633469 10.8220205
v -0.63743943 51.2693138 -2.60575891
v 9.71868706 124.751427 -1.6404779
v 26.9554882 44.2157173 12.1705074
v -9.04780293 74.8661346 -21.6350594
v 28.975111 5.10843754 5.90830946
v 5.36788893 5.40424109 -24.8989983
v -8.56020832 68.8516541 20.9518871
v 5.67291164 20.8273754 28.1203136
v 4.93942833 43.4565735 -9.44827938
v -16.9427032 42.8048248 -22.8513718
v 18.9682102 16.0628548 10.0946121
v -9.01465988 103.786903 -8.64994049
v -1.98389769 5.8801403 -0.251849502
v 16.1102581 11.438447 25.4275589
v 18.3639545 103.573402 4.73489571
v 15.8973961 1.27312779 -14.2618284
v -28.6015396 33.9096069 -18.9365158
v 21.5822773 3.43340015 12.552
v -5.92271471 -0.139995128 -6.4173851
v -25.5250092 65.5145111 -1.82698429
v 13.3240843 24.8559132 -7.36773586
v -5.14999151 43.0226364 -11.5281878
v 25.5564671 1.30520463 2.611763
v -27.667923 67.729454 -17.6719608
v 12.9011526 18.5149555 -17.2422791
v -23.4854698 81.1644135 -5.0608573
v 13.9915571 11.7486 -16.97225
v 2.42809677 0.80871141 3.41040635
v 12.0804262 22.3284321 -16.4104462
v 6.8891139 37.636795 -26.2545452
v -19.6101074 65.5428696 10.8016768
v -1.03253889 51.8249168 20.9782486
v 10.4479418 64.2540665 -25.2160225
v -0.439825684 53.4289742 -8.63007832
v -7.91804886 68.3415375 -18.6559544
v -22.4667339 3.19358349 13.282445
v -2.81632161 20.814352 -7.53302622
v -20.2930298 83.3060303 4.58633852
v -6.34491301 79.2220001 18.663311
v 17.1921158 26.8684616 17.1135426
v -4.46240807 33.2280235 25.8256855
v -8.15225315 59.931385 -17.0495281
v -0.581642687 12.9621191 -27.6621342
v -3.90447855 15.0161972 -24.6199474
v -11.1549845 86.8838654 13.8587914
v -5.13430548 78.1509857 17.7748356
v 0.351577342 8.58485889 24.872963
v -10.8252954 105.167168 -5.89010668
v 28.0020943 40.0750427 11.9211979
v -8.467103 92.1411057 13.3831301
v 13.8915625 3.88652015 -24.2393494
v -1.58542597 86.1041794 7.24136782
v -10.7979841 100.038124 5.24600983
v -3.80643511 47.1470718 21.1398697
v 5.93829775 35.2759552 -27.695322
v -5.29735279 76.3846436 19.2530479
v 19.0137196 103.6437 1.83127379
v 14.4616098 -0.468007624 2.45716667
v 4.41184664 0.545929492 -7.33052588
v 6.48850632 30.6631641 -28.0383949
v -23.5818024 47.7281265 12.3106403
v 17.7779636 108.440948 -11.5159607
v -5.70274687 88.3468704 15.6290522
v 12.270545 7.49831486 -22.0051594
v 2.44363022 54.9992447 16.6719818
v 4.30643177 38.6837845 -15.9963303
v -28.4267979 41.4997253 7.29552031
v 3.30093431 126.474838 -1.54722404
v 6.78570366 7.55313206 -26.2205944
v 18.09869 25.7147274 19.2602749
v -3.27826285 7.83160353 -22.5126305
v -8.92017365 93.4365997 -20.195406
v 8.87282181 34.3627892 -15.2776623
v 18.1887836 17.2774181 18.3288116
v 5.66025686 12.286437 -28.3367844
v -23.2425385 34.7570953 17.9909172
v -2.23552513 5.0391078 -20.4958649
v 2.62890506 44.2309875 -15.3716955
v -22.8288651 95.7898407 -11.8461037
v -5.70406532 83.0634842 -3.8187964
v -4.25875044 47.0043945 1.19910336
v 7.09923553 119.156509 4.35078955
v 2.22031784 128.429825 -5.33450747
v -5.13342762 73.9123154 1.07487786
v 18.0534401 101.313377 -14.6162643
v 0.0910693184 105.86412 9.66161823
v 16.2955532 14.0085592 25.5577888
v -4.006742 53.1408348 2.74463344
v -5.24068928 78.8022003 1.12109578
v 1.60079432 128.223999 -6.57895184
v 3.30807567 108.203171 10.8887224
v -1.7803005 13.4837236 15.7875948
v 14.1028709 105.783836 -14.8110352
v -2.58181667 5.50526762 20.4925308
v 1.4963963 126.534599 -9.51948738
v -20.529747 58.0205231 12.4820471
v 3.87550759 111.40699 10.0860701
v -9.14563179 -0.100487962 17.3987408
v 20.2740269 100.950745 -3.09521317
v 1.72644126 6.11733055 -24.660059
v -17.2913837 81.7838593 9.64128876
v -2.92246222 36.5173149 25.8894482
v -4.72250509 52.6988258 -6.25880289
v -21.7007751 4.48554277 -16.9727859
v 12.5447807 12.5847902 -28.5490112
v -2.38686585 32.7866631 25.7474174
v -25.7095242 1.4951396 1.83715665
v 18.9355488 18.2761307 3.20093584
v -3.48531151 33.6567688 -0.528613985
v 7.32841969 14.2974443 27.9985447
v -1.11234772 77.4020462 14.1084051
v 28.17766 39.8932648 4.5652132
v -21.5350075 -0.345767081 8.51605415
v 5.12262058 125.640205 -9.20909214
v 23.7121201 66.7796707 9.60508251
v -1.35629356 107.147964 -18.8522739
v 17.8452091 10.7550097 -2.77028632
v -0.999792933 3.1964891 4.21384192
v -29.5616283 31.760376 5.49040079
v 23.4242611 71.5279465 0.0509082787
v 12.2863302 34.7485085 -27.3799744
v 11.20434 23.0201969 -23.6310329
v -25.32728 49.4186058 -20.5143681
v 18.3838196 10.2126484 14.7552814
v -5.58664417 51.5848122 -0.27852869
v 22.5198956 80.3283615 -3.04563689
v -21.443224 -0.0596481413 3.25072932
v 17.4632168 1.16005313 -8.17825699
v 12.7711153 35.6075478 16.3342113
v 21.9988804 17.3005848 -27.5803871
v 20.279665 99.8976135 -5.25081158
v -15.9024429 51.2428017 22.0325775
v 16.9046688 69.1372986 13.5249176
v 14.8442125 0.504144371 -19.9431572
v -2.62743044 7.29463482 -7.31887293
v 9.89233971 31.4206486 -26.6930199
v 4.99437237 51.862812 19.2097034
v -6.47777891 90.9745407 -11.7013531
v 9.82694149 90.9895554 12.5418472
v -3.99071026 38.7770309 0.250163108
v -21.4403954 82.2900009 2.74481726
v 18.1244202 16.1770592 18.7483807
v -30.1278152 23.344305 5.56902885
v -19.2968464 3.12807393 17.5044708
v 12.9091187 19.2191582 -16.7498055
v -1.19102561 95.702179 -20.5114384
v 24.3859653 24.4332428 -27.0012627
v -2.21244001 115.316086 -9.75547409
v -23.2802792 -0.211625591 -10.5767441
v -1.74206579 16.4949608 25.8716984
v -15.4090357 99.330658 5.715446
v -1.18424594 3.73477507 -20.2578506
v -3.35548472 3.47795916 17.9556046
v -2.3599484 23.0018196 -26.7461796
v -1.59588611 9.05432701 3.6679461
v -12.4913788 15.1946411 25.5219841
v -2.81037211 68.9436493 -4.57466412
v 5.89523172 50.5741463 -25.772625
v 14.5308113 11.6883907 26.5397682
v 4.37810898 50.2094955 0.642058969
v -6.88672972 98.6659241 4.835742
v -3.91669846 58.3146133 7.82616329
v -6.65658903 84.2665253 16.781147
v -8.00197983 32.178421 -22.7232475
v -15.3125095 87.0289001 11.7577219
v 17.3055325 5.81050873 -1.87691903
v 12.7519674 2.46440172 -18.1973839
v -6.60456038 90.5202789 14.6907206
v -7.02291584 100.081345 1.54783821
v -3.08998799 31.2038059 14.729394
v 12.8218489 4.2976532 -18.8877964
v 12.5863447 40.5225677 18.9431057
v -16.5772991 101.118896 1.61618268
v 19.5173912 17.8993435 19.7271519
v -4.42730141 34.0429611 -20.908659
v 10.0580835 42.3535881 16.8843136
v 16.0305653 24.2999535 24.0079575
v -21.4815922 91.4160004 -17.7239094
v 27.5769291 2.08291221 1.67385542
v -2.05874825 82.0502396 2.70823765
v -28.3820648 59.2544708 -12.3905773
v -20.1756783 85.9648895 -18.6298141
v 9.94222069 39.1449165 22.2364998
v 19.8264599 1.56266367 5.98154116
v 20.3390408 53.58395 -24.7153969
v -22.1520672 16.2894516 22.5979309
v 28.9229393 3.42086387 -1.24502945
v 7.68551731 127.327141 -3.81333971
v -4.98837328 71.0477371 6.85452557
v 3.39319324 7.00054312 25.9801483
v -21.0489578 31.2518673 22.808073
v 21.1493015 0.573481441 -8.89354515
v -9.92105865 50.4201546 -22.4774361
v 14.5281534 120.445282 0.0842717513
v 2.68673468 3.53502321 23.2193489
v -1.88178599 93.3256149 0.252424985
v 18.8263836 43.2676315 -25.8135891
v 5.57454205 16.5617809 -28.9458084
v 22.0716763 6.20761061 15.1594992
v 0.895045519 99.0282974 12.2755413
v 13.0357609 14.9380732 -21.0548763
v 31.2182941 17.7114849 9.91714764
v 21.3083878 14.6798944 -26.8682976
v -1.48992872 10.6423607 11.4974966
v -6.45566559 71.1327744 -9.9432106
v 11.3967505 24.8529778 -17.0593338
v -16.5654259 58.9020309 -22.4023438
v 3.70296526 4.74834824 24.7230968
v 20.6857567 80.8961105 9.44257927
v 1.64011443 1.39276505 -9.88759708
v -3.99831295 12.4892883 -8.72393322
v -1.86984444 3.25796175 8.77881145
v 12.4359541 74.8820724 -23.5760441
v 15.1663866 3.5081377 19.4980659
v -6.5135231 2.53393245 20.096489
v -6.82385588 102.478386 -10.9476509
v -6.94906282 51.7027931 -10.9157429
v -1.83797312 21.1074429 12.6428728
v 21.7437801 86.7781601 0.677656353
v 10.2875347 32.1746254 -27.3176346
v -27.9595623 50.8194885 -0.0368959494
v -3.85200429 43.329567 11.727478
v -24.3945503 0.759263515 -1.44346249
v 28.0704403 12.540061 16.5595093
v 2.11125278 11.3440685 27.7947617
v 7.5687232 46.9583855 21.1748104
v 11.99652 24.3098564 -13.5308447
v -4.21215296 48.3553085 6.35818577
v 19.687418 0.747323811 -1.04052579
v 26.4726772 37.2107162 14.3650331
v -26.5229931 1.3165555 -4.27871656
v -29.4042854 27.3615685 10.4242764
v -3.04312992 69.8194885 -16.8741951
v 12.8379335 35.7268143 19.1921825
v -29.1884823 47.6801834 -17.0221443
v 12.4615955 8.13995934 -26.3189449
v -1.43801665 8.68698502 2.17175937
v 11.1018429 31.5012207 -3.77055407
v -2.67986989 64.258255 -21.9887619
v 12.0781193 12.1774845 -28.2477436
v 14.6097364 27.2320137 1.84463477
v 5.344491 36.9827614 -20.4703503
v -19.1818752 19.3133736 24.4468536
v -4.42387629 -0.106237002 -10.1778469
v -30.9096355 38.6662102 -15.1190214
v 16.0621929 14.8450899 -10.3576059
v -6.14151812 30.9171448 -19.2635269
v 13.2507505 12.8229485 -21.6341667
v -2.40074444 77.3394928 -22.1239738
v -25.3326569 78.4070435 -11.8178787
v 6.53483248 34.0978241 -21.1088161
v 9.55998135 1.60313153 21.136425
v 10.8494835 37.1607933 8.90517139
v -1.91671133 76.1985321 9.00919342
v 7.6330452 106.707153 -16.8607445
v 19.5461159 75.1011887 -21.6545029
v 2.48201609 6.38369179 25.1900501
v 15.7672157 27.0482006 8.41585827
v 0.0257700793 96.781044 12.3754654
v -2.28276229 16.5153542 18.6974068
v 11.5109921 101.622231 9.33853722
v 14.0506115 113.002914 -11.7899275
v -2.28863358 22.1611824 3.20953393
v -4.43630409 22.9632111 -15.9628983
v 13.8347254 34.3707085 12.1636372
v 8.62296772 37.5534019 -0.611961961
v -1.88694751 14.5855932 5.23942184
v -26.5067024 19.5778599 -17.8988667
v -6.54672527 98.3043594 -11.8381701
v -13.1602888 72.6001053 18.3759098
v -29.4020691 52.6490669 -12.9042215
v -2.41135502 3.41870213 14.6807089
v -5.18478012 42.2888069 -16.9749928
v -6.78795671 50.0611496 24.2821903
v -3.09266186 78.8486023 -13.093442
v 9.4994421 40.5085297 9.73187923
v 15.4987307 9.73219299 25.8307476
v 0.652125299 116.414589 5.34132862
v -5.04583311 84.0166168 9.77430916
v -30.9709301 31.8059978 -13.0328817
v 8.39812374 45.4860268 13.6727543
v -5.60180473 75.2053223 19.8826199
v 9.26083183 34.1780701 -27.0094223
v 11.0679188 84.0226288 13.3574486
v -22.6507454 0.104749382 7.63615465
v -27.3548985 48.7910004 6.39766645
v -0.888316929 2.4545927 -6.97952652
v -24.0209713 88.0555801 -16.7140484
v -0.862596929 17.8659267 -27.2757797
v -13.4946957 76.510582 16.8665714
v 15.9782057 19.0156097 -7.56217098
v -8.83034229 98.104866 7.51990223
v -22.3385468 99.7420044 -11.5291328
v -2.83620834 0.874755502 -8.74735165
v -20.2801533 99.1721954 -15.4733028
v 18.5948219 9.83798504 2.16586065
v -1.92159641 10.8180008 18.352356
v -3.92264748 41.0889473 1.31612289
v -2.78988266 78.1928482 -5.89112091
v -23.5966625 93.4496307 -14.6791735
v -2.31086922 13.3329697 23.5778408
v 18.1544132 14.4929419 -3.11235023
v 5.66284704 36.5699921 -27.0100574
v -7.05967569 92.6018448 13.5342455
v 28.497345 3.41179109 3.30433989
v 6.72732639 125.780037 -8.39525318
v 18.5989285 10.9615564 6.40058279
v -2.32542682 70.1779861 4.49615288
v -2.79196835 26.685648 -26.8053722
v 13.2918787 0.773938298 -12.1710205
v 7.00330544 33.9683914 -16.1740589
v 24.6037807 61.6685066 -2.22569919
v -4.39135265 17.5173206 -10.5821123
v -3.78233671 20.8152885 26.2302303
v 3.98495078 121.164848 -11.7665405
v 27.8048573 41.609478 10.1858721
v 26.1374321 39.0674438 -13.5330772
v 21.2120533 78.6449966 -13.2723942
v 3.78220272 47.5344048 0.715897441
v -6.0753541 40.1508789 -12.4768238
v 29.0520668 35.8064003 8.19381714
v -3.62899923 7.17946815 -10.898757
v 24.4142952 46.8580704 -21.321806
v 8.38848495 18.181015 -28.0584908
v -4.16127777 53.7683678 -6.03891468
v -0.209112257 123.619484 -1.72584665
v 30.583952 17.0329838 2.30586028
v -22.2131367 2.04577613 -15.0407629
v -18.7180824 100.006355 -1.73870873
v -4.63269997 40.8012276 24.7129192
v -4.25020266 53.9535484 -4.77035713
v -0.931185246 119.11068 1.50356698
v -30.5817833 37.4433479 -10.9511166
v -14.4733734 4.31651974 -19.0495167
v -3.64249849 1.05879426 -1.74083436
v -18.7890072 41.2189598 22.4926605
v 5.21982718 40.0351028 -9.47242832
v -2.61185956 60.8542366 -18.6306
v 14.9542971 15.2591906 26.3730984
v 29.4238911 33.2371826 7.18949413
v -0.193280235 54.6875343 -24.664299
v 0.790936887 122.965309 -11.6075697
v -24.7994614 63.2686501 3.54557538
v -0.725812554 106.893837 7.21465302
v -10.313385 104.291283 -3.8405993
v -24.5237446 5.83141279 12.8685217
v 11.7759571 121.298019 0.981891274
v -26.0624981 35.430954 13.3318167
v -5.31057072 51.5958939 5.5006156
v 18.2656708 0.667906582 -18.4569054
v -4.65529728 43.6168327 -25.2922535
v -7.21844578 93.8780518 12.3708038
v 1.69305205 121.505585 3.03109837
v -1.42870319 21.053091 2.51059079
v 23.2552109 66.404892 10.3776007
v -4.80217648 42.5691528 -25.7100887
v -2.4486618 59.9408913 -9.27279568
v 13.4696064 30.1483002 1.39608157
v -3.21708751 38.0019493 24.9690075
v 25.3738213 25.9884872 -26.4959583
v -1.98770773 45.8389282 -17.0871964
v -3.67773056 53.7737389 -1.25057745
v -1.73702216 15.9885035 13.6159391
v 8.13870335 54.1123657 16.7033043
v -6.08041859 -0.0202184599 -3.53671432
v 30.7120228 26.1448975 9.02859974
v -5.09655571 87.9994812 14.7548504
v -7.24224091 97.629364 -18.3436909
v 8.75581455 52.8562393 16.7873001
v -8.74254704 97.1198502 -19.1673317
v -9.81869316 52.9269028 23.6431904
v 5.29212046 2.66206145 -21.2445812
v -1.48099279 20.9263954 28.636137
v 16.295578 28.0228004 -27.5459042
v -2.98089623 88.3657837 -16.5188599
v -5.98446989 91.6531296 13.7622375
v -1.60800087 27.6859245 27.8076992
v 2.47049189 44.2177925 -16.5192242
v 4.54673052 38.0256538 -22.0900154
v 9.48817348 32.6784325 -26.4477329
v 10.5593719 40.866497 21.0623665
v -13.1189432 19.7097092 25.8594685
v -21.5387421 -0.342869341 -6.42874336
v 4.68227482 52.3415108 10.7964468
v -4.53181839 44.0606079 18.3895969
v -4.71212149 21.2899723 -20.8404217
v -0.0163103603 119.040268 -13.4085293
v 30.9155102 11.8491306 11.425909
v -5.56911087 52.1160583 23.1697731
v 23.5752697 63.0056267 -9.10436344
v -5.05429029 23.6530323 -21.0459175
v 11.0291224 39.4176292 15.4176655
v 6.00956678 14.6223574 -28.8738499
v -31.3260193 28.3878803 -16.8793049
v 21.5964336 72.9259872 -15.3571558
v -14.3023281 38.4844437 -22.9333725
v 18.2247181 14.1692295 16.829565
v -1.00272107 16.8678741 28.5443592
v 17.5275059 25.9078007 19.2676392
v -2.05067134 4.98545313 20.0689774
v -12.483633 24.3604355 -22.2240677
v 10.1328917 44.4927025 10.6028786
v -2.31018353 27.1788635 2.37495804
v -2.99361944 44.4088058 24.2227612
v 23.2882328 50.0723839 -24.1425781
v 16.434845 1.92130411 -10.4774704
v -1.0544709 3.42903805 8.10911751
v -3.96236229 32.5943336 -6.61134195
v 23.6568489 7.63503599 16.5457191
v -0.272690445 64.3110504 9.55679035
v 20.2857075 6.38301802 -22.2127228
v 15.6100111 5.45765638 -13.43431
v 16.744215 1.50084221 1.77215493
v -7.5760479 78.9070587 -20.2382698
v -28.6262283 18.0999947 13.0932617
v 24.6247272 25.9498024 16.7248878
v 14.473629 4.62205505 22.5045757
v 30.2521229 12.1366291 14.0273781
v 12.0316067 19.6504669 -21.4633846
v -29.8475876 14.0002451 11.6481266
v -27.9138451 55.7502747 -5.63587856
v 12.8148899 10.4463825 -28.0647335
v 10.5653152 41.4162102 20.0481529
v -2.4627192 101.04464 -19.0786972
v 21.7715302 11.6996717 18.9297028
v -3.80632353 11.1256132 24.6810398
v -29.6193237 42.3549995 -4.86778355
v -4.39304638 36.8868713 -25.9103298
v -3.72481585 57.0115356 4.32940674
v 18.6182098 7.03362703 12.3680325
v 2.91450191 92.3311462 14.832716
v -0.576843381 52.7005844 20.5105152
v 18.3496284 22.2783718 15.6765251
v 23.4737091 3.98988652 -14.2398777
v 19.3951702 1.53652179 4.05850172
v -20.0244102 -0.345557898 -0.692143917
v 29.5386944 31.5396519 12.8219709
v -5.01980543 33.3242912 -10.5578136
v -28.1355228 63.0564079 -17.5327759
v -3.57846832 46.0806808 -22.4944725
v 18.4367619 10.0383482 2.93041229
v -3.44913697 35.6752815 1.61438036
v 4.8798027 85.4002991 15.5736094
v -0.675139964 121.385399 0.182833791
v -17.2935257 6.17286062 -19.164547
v -21.7932987 8.98573303 20.2394829
v 10.1773968 18.7213631 -26.7256298
v 23.0411606 56.6798058 13.0538769
v -6.03866959 99.8025131 -3.30928326
v -30.7360764 28.394186 -17.6799946
v 10.1501245 23.177784 -22.8939362
v -5.25234556 70.6099319 20.4591198
v -28.5172024 12.8106842 13.4511442
v 21.7115574 69.1655273 -17.2544422
v 1.75995636 1.02704287 7.58370781
v -28.1609821 2.32838511 -2.31973577
v 19.0105 101.757973 -10.8606577
v -0.131365627 54.9172707 5.34156179
v -2.47579408 14.8864565 -26.6831703
v -7.03335714 55.3021812 -11.5931635
v -11.9352674 51.4872513 23.4298096
v 18.9739132 98.4413223 -13.0691233
v -7.60644913 96.8936081 8.56944275
v -3.81578779 11.2801008 -25.4333076
v -21.6657543 98.287529 -7.34566402
v -2.70069599 12.8391418 23.8922424
v 15.7824373 31.5602531 19.0749321
v -4.8224926 38.7991447 -22.7793808
v -2.4885776 7.98964787 -23.6129265
v 17.0286999 26.3663521 21.8323479
v 15.1245918 20.4022427 -6.16679096
v 1.96003556 27.1428814 27.7490749
v -2.92061305 12.5798473 -26.9115906
v 4.92818403 0.718942821 -10.6343231
v -8.09596634 70.8510284 -20.7013264
v -1.17081666 60.1899605 -0.348360628
v -13.6490517 67.3681564 19.6589718
v 6.27478313 122.830627 1.49580002
v -1.31106579 11.778965 -27.153183
v -6.80977631 15.4644737 25.7558784
v 18.1218014 10.7019281 12.9698858
v 6.01158714 52.2238312 7.61458206
v -3.71624398 11.3396673 -15.261344
v -1.75155151 61.6932487 -1.07051647
v -5.51733685 78.5410995 -2.46712112
v -9.70231438 72.1197433 -22.1137047
v 4.68783665 57.7306061 13.6338997
v -8.60379314 10.1332388 23.9501133
v -30.397028 4.72056341 -11.9418659
v 16.3686924 3.57835031 -4.86691666
v 24.4356174 62.015564 7.19191885
v -26.2691879 67.3240128 -19.4474201
v 11.7463121 45.1142387 18.6510658
v 24.2909164 40.1874199 -25.232254
v 7.56277943 122.695511 -9.91001892
v -19.8132534 29.1034641 23.762064
v -6.31955576 63.2209206 22.4770622
v 16.6394997 91.7803345 -19.2772579
v 28.2676067 15.4738646 -13.6498022
v 8.69359684 16.3995743 27.9398918
v -4.09097481 24.8426323 -23.1620998
v -5.42102337 45.8844223 -21.9604397
v -5.33648062 87.4204788 15.7864981
v -2.34325027 24.2854652 23.4214764
v -9.29308701 42.3914299 -22.6329556
v -31.4255886 18.4455948 -15.3350086
v -16.583498 -0.0243249107 15.5998926
v -5.68161774 97.8094559 0.644825101
v 29.4685669 24.9456501 14.6572256
v 16.2079449 2.15967965 13.9030046
v 3.47646451 128.420212 -4.10401201
v 16.4962463 1.38744986 -11.1461258
v 10.9427214 37.8709068 2.96532035
v 15.8380413 0.882550001 12.5080786
v 7.3605442 29.8666821 -27.7279663
v 29.393671 19.4542789 15.5050955
v -13.7763367 73.0329361 17.8211918
v 0.796071649 72.6240768 -23.1455822
v -3.56284404 6.87213516 -19.5534477
v -6.70376539 3.40741348 -15.5635929
v -4.14862347 53.7161484 4.78582239
v 18.0569706 16.4488831 0.0425624214
v 15.3862524 0.0034439899 -19.5955467
v 1.65992939 118.094353 5.33998108
v 3.58106661 62.3967857 -24.5628452
v 13.7617664 9.79124069 26.3810101
v -3.4524169 28.428875 -26.0482368
v 19.9194584 101.073242 -0.788572848
v -2.91282678 86.2771378 -10.2712679
v -30.6051941 32.2491684 -8.19518852
v -15.4582644 100.747871 3.88069057
v 26.7992325 25.9914093 -18.6710663
v -1.13996196 50.7731934 -16.2338467
v -1.70907497 65.5072632 3.33339524
v -5.12306738 41.7552338 25.020401
v 19.5647736 79.2482071 -20.1633987
v 26.5775623 22.5930252 -21.5533905
v 2.27889228 84.1522903 16.5108051
v -0.6696648 50.1637192 -15.3457232
v 23.6176662 8.69089031 17.8561707
v 28.5896816 17.8612862 -10.6955299
v -5.06349468 78.397316 11.9252567
v -0.378372759 62.1216583 5.09655237
v 9.93063641 30.9134254 -19.6791592
v -3.01784301 10.1954012 -25.3927536
v -4.04044008 28.7647591 -7.97306967
v 9.48136806 52.515934 19.1704273
v 18.2685757 19.0384731 19.3582783
v -3.01581454 15.4201164 -0.83102107
v -3.46655083 5.37481451 -13.9577475
v 18.6429329 16.6346664 -0.78108567
v -7.12200594 89.6582489 -19.0348034
v 14.2731514 40.9212952 -26.6604614
v 12.3222198 122.849518 -7.85057449
v -5.37955856 45.0477448 -17.3227272
v 5.31038189 91.8209686 14.1685257
v 9.17112541 -0.0608490817 -6.79752779
v 21.0762768 94.3240051 -4.66393566
v 10.3773594 119.78894 -10.2645874
v 30.3300838 29.7654858 11.439312
v -4.12917471 13.5930328 -23.9247894
v 7.79222298 114.747665 7.46090603
v 20.5500202 96.0673599 -6.77837944
v 7.55020761 -0.677343667 -1.6582669
v -4.27666426 11.3339338 -17.9984779
v -3.57604599 37.296524 5.19112635
v 8.61547184 47.3497314 18.347435
v 7.19519997 31.3101234 -27.0855637
v -10.9308891 1.23148215 -14.2631292
v -26.279705 13.9890108 -17.0859051
v -2.7909708 61.224205 -15.4130487
v -22.2727299 79.0993423 1.90938711
v -6.21138334 80.7870865 -8.68416691
v -23.6982689 92.578743 -15.5866547
v -27.0267067 40.6936455 -19.6534557
v 18.6928692 77.3086548 -21.7139568
v -2.2034533 17.7570438 21.2652264
v -9.78455162 -0.0162049793 17.8533154
v -28.9744549 2.73793793 -11.5051136
v -22.091814 94.5872116 -16.112915
v 11.3730173 28.493866 -11.0706911
vt 0.429870009 0.933070004 0
vt 0.437029988 0.903410017 0
vt 0.455269992 0.909720004 0
vt 0.581290007 0.753369987 0
vt 0.594380021 0.758229971 0
vt 0.585399985 0.785880029 0
vt 0.320169985 0.427489996 0
vt 0.362170011 0.464810014 0
vt 0.305119991 0.446079999 0
vt 0.239240006 0.0584199987 0
vt 0.210649997 0.0307199992 0
vt 0.29321 0.0580300018 0
vt 0.719680011 0.342530012 0
vt 0.735490024 0.385390013 0
vt 0.684610009 0.371190012 0
vt 0.253580004 0.764880002 0
vt 0.209230006 0.80467999 0
vt 0.208590001 0.779649973 0
vt 0.237039998 0.199699998 0
vt 0.230599999 0.172150001 0
vt 0.246030003 0.184630007 0
vt 0.188510001 0.234620005 0
vt 0.189250007 0.163839996 0
vt 0.207949996 0.208169997 0
vt 0.87668997 0.328009993 0
vt 0.887269974 0.250330001 0
vt 0.902740002 0.335519999 0
vt 0.0466400012 0.138479993 0
vt 0.039760001 0.203299999 0
vt 0.0209599994 0.198770002 0
vt 0.592480004 0.197380006 0
vt 0.601010025 0.271829993 0
vt 0.57148999 0.209869996 0
vt 0.694249988 0.273770005 0
vt 0.70152998 0.204270005 0
vt 0.719649971 0.21706 0
vt 0.441430002 0.980139971 0
vt 0.477959991 0.989250004 0
vt 0.463620007 0.99804002 0
vt 0.744700015 0.735270023 0
vt 0.748570025 0.683969975 0
vt 0.77313 0.716340005 0
vt 0.289849997 0.275489986 0
vt 0.342500001 0.28659001 0
vt 0.347779989 0.326090008 0
vt 0.779429972 0.31742999 0
vt 0.797039986 0.295749992 0
vt 0.798210025 0.326380014 0
vt 0.366230011 0.669430017 0
vt 0.481669992 0.676230013 0
vt 0.402799994 0.685720026 0
vt 0.280090004 0.649969995 0
vt 0.261229992 0.692229986 0
vt 0.255129993 0.652320027 0
vt 0.619790018 0.743910015 0
vt 0.683579981 0.772599995 0
vt 0.653190017 0.777059972 0
vt 0.708350003 0.866069973 0
vt 0.772159994 0.878579974 0
vt 0.75436002 0.892629981 0
vt 0.0436899997 0.188439995 0
vt 0.0490199998 0.149269998 0
vt 0.0665699989 0.17058 0
vt 0.255609989 0.404599994 0
vt 0.236900002 0.441670001 0
vt 0.226070002 0.407139987 0
vt 0.633870006 0.216549993 0
vt 0.646309972 0.213980004 0
vt 0.661270022 0.29073 0
vt 0.481669992 0.676230013 0
vt 0.512639999 0.689930022 0
vt 0.445989996 0.698409975 0
vt 0.889310002 0.771380007 0
vt 0.889079988 0.792970002 0
vt 0.870660007 0.801810026 0
vt 0.394840002 0.851999998 0
vt 0.424849987 0.859089971 0
vt 0.394400001 0.893670022 0
vt 0.946259975 0.26662001 0
vt 0.980289996 0.362260014 0
vt 0.94848001 0.336270005 0
vt 0.203360006 0.447459996 0
vt 0.189480007 0.429419994 0
vt 0.210879996 0.420419991 0
vt 0.514959991 0.24244 0
vt 0.507990003 0.215729997 0
vt 0.521839976 0.179169998 0
vt 0.549480021 0.0203099996 0
vt 0.571690023 0.01339 0
vt 0.551609993 0.0363399982 0
vt 0.708320022 0.633449972 0
vt 0.700030029 0.601790011 0
vt 0.718479991 0.589240015 0
vt 0.616980016 0.626150012 0
vt 0.613839984 0.66377002 0
vt 0.601930022 0.647430003 0
vt 0.0529100001 0.0847899988 0
vt 0.0414699987 0.0957100019 0
vt 0.0403200015 0.0800999999 0
vt 0.212300003 0.15456 0
vt 0.230729997 0.0990199968 0
vt 0.256579995 0.139809996 0
vt 0.748210013 0.779340029 0
vt 0.762740016 0.792479992 0
vt 0.741810024 0.794499993 0
vt 0.747359991 0.750169992 0
vt 0.77313 0.716340005 0
vt 0.76967001 0.745909989 0
vt 0.527130008 0.547900021 0
vt 0.54282999 0.502550006 0
vt 0.576120019 0.527270019 0
vt 0.133560002 0.804740012 0
vt 0.150340006 0.819589972 0
vt 0.094630003 0.818509996 0
vt 0.0976099968 0.101180002 0
vt 0.14666 0.107009999 0
vt 0.106899999 0.139259994 0
vt 0.0996700004 0.0481900014 0
vt 0.126430005 0.0756699964 0
vt 0.101379998 0.0572200008 0
vt 0.845579982 0.718240023 0
vt 0.878329992 0.722310007 0
vt 0.828410029 0.77925998 0
vt 0.88696003 0.661140025 0
vt 0.858460009 0.622049987 0
vt 0.912479997 0.623300016 0
vt 0.693000019 0.788649976 0
vt 0.689230025 0.804719985 0
vt 0.670350015 0.790799975 0
vt 0.613650024 0.828670025 0
vt 0.64003998 0.862110019 0
vt 0.607119977 0.855599999 0
vt 0.490429997 0.629040003 0
vt 0.434610009 0.619530022 0
vt 0.444000006 0.591669977 0
vt 0.578100026 0.668850005 0
vt 0.563449979 0.679120004 0
vt 0.527249992 0.673520029 0
vt 0.866060019 0.140290007 0
vt 0.890879989 0.136500001 0
vt 0.869930029 0.166189998 0
vt 0.84296 0.143319994 0
vt 0.848810017 0.175060004 0
vt 0.822030008 0.166989997 0
vt 0.215450004 0.615199983 0
vt 0.197420001 0.651629984 0
vt 0.196579993 0.611689985 0
vt 0.572589993 0.584309995 0
vt 0.633069992 0.575150013 0
vt 0.646709979 0.589890003 0
vt 0.770229995 0.640169978 0
vt 0.777960002 0.611930013 0
vt 0.792200029 0.640980005 0
vt 0.896210015 0.69461 0
vt 0.847050011 0.687579989 0
vt 0.87470001 0.668990016 0
vt 0.0436399989 0.782540023 0
vt 0.0355999991 0.759159982 0
vt 0.0818900019 0.748440027 0
vt 0.0783599988 0.812849998 0
vt 0.082659997 0.836260021 0
vt 0.05167 0.790380001 0
vt 0.374330014 0.420289993 0
vt 0.386209995 0.420910001 0
vt 0.381570011 0.444110006 0
vt 0.832059979 0.368820012 0
vt 0.853919983 0.316929996 0
vt 0.869639993 0.36124 0
vt 0.765120029 0.831269979 0
vt 0.744080007 0.847140014 0
vt 0.748099983 0.822399974 0
vt 0.828410029 0.77925998 0
vt 0.878329992 0.722310007 0
vt 0.856599987 0.792100012 0
vt 0.68550998 0.208749995 0
vt 0.679809988 0.300469995 0
vt 0.669080019 0.258230001 0
vt 0.637809992 0.0792099983 0
vt 0.636900008 0.0542099997 0
vt 0.654429972 0.0754899979 0
vt 0.0732199997 0.299910009 0
vt 0.084239997 0.278800011 0
vt 0.122419998 0.343080014 0
vt 0.0806699991 0.428039998 0
vt 0.105789997 0.406580001 0
vt 0.126819998 0.436839998 0
vt 0.667919993 0.731710017 0
vt 0.680949986 0.726840019 0
vt 0.698930025 0.758599997 0
vt 0.616980016 0.626150012 0
vt 0.644649982 0.623510003 0
vt 0.613839984 0.66377002 0
vt 0.278490007 0.631839991 0
vt 0.235640004 0.652589977 0
vt 0.250869989 0.62480998 0
vt 0.74642998 0.202370003 0
vt 0.739090025 0.149419993 0
vt 0.767390013 0.209670007 0
vt 0.486710012 0.0964400023 0
vt 0.491769999 0.132850006 0
vt 0.464080006 0.132970005 0
vt 0.486710012 0.0964400023 0
vt 0.517549992 0.0853499994 0
vt 0.491769999 0.132850006 0
vt 0.0608900003 0.325679988 0
vt 0.0782900006 0.31784001 0
vt 0.110890001 0.366549999 0
vt 0.00668000011 0.192369998 0
vt 0.0299600009 0.225820005 0
vt 0.00737999985 0.221330002 0
vt 0.551209986 0.971700013 0
vt 0.535709977 0.97586 0
vt 0.545849979 0.962010026 0
vt 0.542999983 0.871519983 0
vt 0.559050024 0.889810026 0
vt 0.534799993 0.906700015 0
vt 0.706030011 0.526139975 0
vt 0.703920007 0.465140015 0
vt 0.725329995 0.501119971 0
vt 0.0470700003 0.745670021 0
vt 0.0526299998 0.70678997 0
vt 0.0783099979 0.71758002 0
vt 0.153270006 0.0579300001 0
vt 0.122649997 0.0225499999 0
vt 0.143360004 0.0203000009 0
vt 0.796840012 0.129470006 0
vt 0.75928998 0.0640899986 0
vt 0.811349988 0.0907000005 0
vt 0.470759988 0.344610006 0
vt 0.497539997 0.34454 0
vt 0.504190028 0.381410003 0
vt 0.545629978 0.297349989 0
vt 0.57960999 0.336899996 0
vt 0.531180024 0.348030001 0
vt 0.087650001 0.671700001 0
vt 0.127340004 0.672710001 0
vt 0.104610004 0.701539993 0
vt 0.170519993 0.791670024 0
vt 0.180659994 0.801549971 0
vt 0.150590003 0.795180023 0
vt 0.83780998 0.852029979 0
vt 0.864839971 0.852429986 0
vt 0.84454 0.869440019 0
vt 0.348080009 0.864279985 0
vt 0.361189991 0.849049985 0
vt 0.349869996 0.894860029 0
vt 0.588670015 0.0971200019 0
vt 0.600549996 0.0627499968 0
vt 0.605470002 0.0826399997 0
vt 0.613089979 0.0416399986 0
vt 0.611150026 0.0584600009 0
vt 0.60266 0.0469200015 0
vt 0.180610001 0.487960011 0
vt 0.176550001 0.470310003 0
vt 0.228049994 0.499379992 0
vt 0.979700029 0.441309988 0
vt 0.970539987 0.446079999 0
vt 0.963769972 0.443450004 0
vt 0.173950002 0.740960002 0
vt 0.202549994 0.755379975 0
vt 0.173199996 0.785860002 0
vt 0.155420005 0.736769974 0
vt 0.155269995 0.775139987 0
vt 0.145160004 0.763880014 0
vt 0.858319998 0.876410007 0
vt 0.851970017 0.900129974 0
vt 0.844309986 0.875819981 0
vt 0.723580003 0.907509983 0
vt 0.712339997 0.88440001 0
vt 0.755819976 0.899749994 0
vt 0.176550001 0.470310003 0
vt 0.226370007 0.473820001 0
vt 0.228049994 0.499379992 0
vt 0.362170011 0.464810014 0
vt 0.309819996 0.500710011 0
vt 0.305119991 0.446079999 0
vt 0.64526999 0.845860004 0
vt 0.63985002 0.817569971 0
vt 0.656979978 0.830829978 0
vt 0.712339997 0.88440001 0
vt 0.708350003 0.866069973 0
vt 0.75436002 0.892629981 0
vt 0.559180021 0.512239993 0
vt 0.609830022 0.522119999 0
vt 0.615790009 0.544319987 0
vt 0.667590022 0.534070015 0
vt 0.678780019 0.547240019 0
vt 0.644710004 0.553439975 0
vt 0.277399987 0.428689986 0
vt 0.27116999 0.402740002 0
vt 0.289959997 0.415369987 0
vt 0.356830001 0.377510011 0
vt 0.337269992 0.377570003 0
vt 0.323879987 0.348369986 0
vt 0.202549994 0.755379975 0
vt 0.230859995 0.766589999 0
vt 0.202649996 0.774200022 0
vt 0.307810009 0.66940999 0
vt 0.290549994 0.692030013 0
vt 0.282970011 0.678219974 0
vt 0.684610009 0.371190012 0
vt 0.735490024 0.385390013 0
vt 0.685039997 0.41681999 0
vt 0.633870006 0.216549993 0
vt 0.647870004 0.280490011 0
vt 0.618319988 0.271519989 0
vt 0.844169974 0.401769996 0
vt 0.879700005 0.389899999 0
vt 0.847069979 0.432229996 0
vt 0.958109975 0.389340013 0
vt 0.983929992 0.399580002 0
vt 0.955850005 0.421050012 0
vt 0.548650026 0.810679972 0
vt 0.550360024 0.823930025 0
vt 0.51722002 0.823930025 0
vt 0.462599993 0.822359979 0
vt 0.424849987 0.859089971 0
vt 0.403930008 0.83051002 0
vt 0.0992500037 0.59841001 0
vt 0.0501599982 0.676389992 0
vt 0.0432000011 0.62371999 0
vt 0.137250006 0.643469989 0
vt 0.140249997 0.661729991 0
vt 0.087650001 0.671700001 0
vt 0.616900027 0.0301600005 0
vt 0.602219999 0.0298100002 0
vt 0.601029992 0.01609 0
vt 0.567569971 0.059009999 0
vt 0.581049979 0.040860001 0
vt 0.584890008 0.0548200011 0
vt 0.218500003 0.363409996 0
vt 0.239529997 0.404390007 0
vt 0.219899997 0.39734 0
vt 0.169459999 0.406780005 0
vt 0.178320006 0.381190002 0
vt 0.205899999 0.379709989 0
vt 0.816389978 0.826020002 0
vt 0.783900023 0.84345001 0
vt 0.786629975 0.822969973 0
vt 0.814769983 0.860239983 0
vt 0.8046 0.846689999 0
vt 0.813619971 0.838100016 0
vt 0.638010025 0.405869991 0
vt 0.597249985 0.441769987 0
vt 0.595170021 0.37834999 0
vt 0.621990025 0.360949993 0
vt 0.668649971 0.368339986 0
vt 0.641700029 0.392740011 0
vt 0.614120007 0.716329992 0
vt 0.62450999 0.699140012 0
vt 0.612089992 0.735350013 0
vt 0.609700024 0.74849999 0
vt 0.611360013 0.764460027 0
vt 0.599659979 0.760469973 0
vt 0.298689991 0.335940003 0
vt 0.29896 0.391660005 0
vt 0.288560003 0.394410014 0
vt 0.219610006 0.328750014 0
vt 0.247639999 0.304650009 0
vt 0.234830007 0.36669001 0
vt 0.958109975 0.389340013 0
vt 0.980289996 0.362260014 0
vt 0.983929992 0.399580002 0
vt 0.129470006 0.493010014 0
vt 0.152030006 0.464670002 0
vt 0.147650003 0.490720004 0
vt 0.68779999 0.56269002 0
vt 0.644710004 0.553439975 0
vt 0.678780019 0.547240019 0
vt 0.0528200008 0.611240029 0
vt 0.0337699987 0.601549983 0
vt 0.0548699982 0.597299993 0
vt 0.563040018 0.173810005 0
vt 0.588440001 0.168630004 0
vt 0.57148999 0.209869996 0
vt 0.588670015 0.0971200019 0
vt 0.605470002 0.0826399997 0
vt 0.599919975 0.113279998 0
vt 0.276450008 0.160740003 0
vt 0.230729997 0.0990199968 0
vt 0.282609999 0.126450002 0
vt 0.347330004 0.222389996 0
vt 0.328280002 0.182370007 0
vt 0.400840014 0.299529999 0
vt 0.0731600001 0.834969997 0
vt 0.0450799987 0.807739973 0
vt 0.05167 0.790380001 0
vt 0.0179099999 0.763040006 0
vt 0.00913999975 0.745249987 0
vt 0.0238199998 0.744639993 0
vt 0.811689973 0.465359986 0
vt 0.811070025 0.410869986 0
vt 0.823570013 0.450760007 0
vt 0.310699999 0.515410006 0
vt 0.343080014 0.497880012 0
vt 0.317110002 0.523980021 0
vt 0.133440003 0.15185 0
vt 0.14666 0.107009999 0
vt 0.160490006 0.129460007 0
vt 0.177129999 0.111440003 0
vt 0.205219999 0.0974199995 0
vt 0.195370004 0.134869993 0
vt 0.36372 0.942799985 0
vt 0.378679991 0.950410008 0
vt 0.362120003 0.967239976 0
vt 0.355690002 0.93362999 0
vt 0.369269997 0.910889983 0
vt 0.385250002 0.948960006 0
vt 0.644949973 0.517030001 0
vt 0.658179998 0.528400004 0
vt 0.637740016 0.544030011 0
vt 0.671010017 0.405539989 0
vt 0.673380017 0.442479998 0
vt 0.666869998 0.44995001 0
vt 0.151299998 0.210999995 0
vt 0.115960002 0.192589998 0
vt 0.154980004 0.181390002 0
vt 0.132530004 0.30388999 0
vt 0.128979996 0.234510005 0
vt 0.157609999 0.285299987 0
vt 0.458590001 0.962629974 0
vt 0.443940014 0.950160027 0
vt 0.474530011 0.939050019 0
vt 0.505729973 0.936959982 0
vt 0.523689985 0.95848 0
vt 0.504540026 0.958540022 0
vt 0.757539988 0.295269996 0
vt 0.755379975 0.237910002 0
vt 0.777329981 0.266490012 0
vt 0.719690025 0.316000015 0
vt 0.719649971 0.21706 0
vt 0.753069997 0.286009997 0
vt 0.47815001 0.239130005 0
vt 0.488510013 0.244190007 0
vt 0.479779989 0.300709993 0
vt 0.468300015 0.169540003 0
vt 0.457569987 0.242229998 0
vt 0.437469989 0.235280007 0
vt 0.400840014 0.299529999 0
vt 0.38440001 0.341320008 0
vt 0.373089999 0.294290006 0
vt 0.402759999 0.366769999 0
vt 0.413010001 0.299299985 0
vt 0.421339989 0.38113001 0
vt 0.652909994 0.660870016 0
vt 0.645959973 0.677619994 0
vt 0.640129983 0.661059976 0
vt 0.666649997 0.646910012 0
vt 0.654900014 0.638369977 0
vt 0.657670021 0.611590028 0
vt 0.105789997 0.406580001 0
vt 0.124930002 0.392839998 0
vt 0.142140001 0.418289989 0
vt 0.169459999 0.406780005 0
vt 0.210879996 0.420419991 0
vt 0.189480007 0.429419994 0
vt 0.694260001 0.0898799971 0
vt 0.722609997 0.122390002 0
vt 0.710650027 0.119790003 0
vt 0.67750001 0.0423399992 0
vt 0.66821003 0.0409500003 0
vt 0.660790026 0.0223399997 0
vt 0.813910007 0.680949986 0
vt 0.829680026 0.678950012 0
vt 0.823220015 0.699150026 0
vt 0.770810008 0.657329977 0
vt 0.78846997 0.650539994 0
vt 0.790939987 0.675090015 0
vt 0.0992500037 0.59841001 0
vt 0.0432000011 0.62371999 0
vt 0.0691199973 0.602540016 0
vt 0.703920007 0.465140015 0
vt 0.733340025 0.464659989 0
vt 0.734679997 0.484869987 0
vt 0.464529991 0.458700001 0
vt 0.498950005 0.476119995 0
vt 0.491349995 0.503419995 0
vt 0.501730025 0.529770017 0
vt 0.54282999 0.502550006 0
vt 0.527130008 0.547900021 0
vt 0.599259973 0.78332001 0
vt 0.599659979 0.760469973 0
vt 0.611360013 0.764460027 0
vt 0.618189991 0.811969995 0
vt 0.63985002 0.817569971 0
vt 0.64526999 0.845860004 0
vt 0.524600029 0.611479998 0
vt 0.548680007 0.617839992 0
vt 0.540509999 0.623759985 0
vt 0.56111002 0.636380017 0
vt 0.564729989 0.630930007 0
vt 0.57852 0.649020016 0
vt 0.331459999 0.394349992 0
vt 0.346240014 0.383720011 0
vt 0.374480009 0.383509994 0
vt 0.289959997 0.415369987 0
vt 0.300319999 0.417320013 0
vt 0.282110006 0.430999994 0
vt 0.840600014 0.595239997 0
vt 0.817399979 0.599300027 0
vt 0.820850015 0.586899996 0
vt 0.823379993 0.636889994 0
vt 0.814809978 0.64734 0
vt 0.806490004 0.616299987 0
vt 0.0145399999 0.623430014 0
vt 0.0227199998 0.632369995 0
vt 0.0109000001 0.637870014 0
vt 0.0186599996 0.654919982 0
vt 0.0501599982 0.676389992 0
vt 0.0190600008 0.687259972 0
vt 0.632040024 0.108439997 0
vt 0.61056 0.102339998 0
vt 0.625869989 0.0876300037 0
vt 0.659829974 0.154200003 0
vt 0.637809992 0.0792099983 0
vt 0.672919989 0.132280007 0
vt 0.275260001 0.745660007 0
vt 0.305009991 0.751179993 0
vt 0.257400006 0.760110021 0
vt 0.281309992 0.787469983 0
vt 0.254159987 0.787530005 0
vt 0.274679989 0.762189984 0
vt 0.111960001 0.0339599997 0
vt 0.133479998 0.0742599964 0
vt 0.0996700004 0.0481900014 0
vt 0.839330018 0.0662899986 0
vt 0.844259977 0.0786899999 0
vt 0.816330016 0.0621200018 0
vt 0.0186599996 0.654919982 0
vt 0.00980000012 0.669380009 0
vt 0.00761999981 0.645290017 0
vt 0.584140003 0.606760025 0
vt 0.580990016 0.590420008 0
vt 0.60710001 0.592790008 0
vt 0.748210013 0.779340029 0
vt 0.791069984 0.775650024 0
vt 0.770449996 0.78204 0
vt 0.809379995 0.797410011 0
vt 0.820500016 0.778460026 0
vt 0.820540011 0.798099995 0
vt 0.288560003 0.394410014 0
vt 0.257490009 0.316799998 0
vt 0.298689991 0.335940003 0
vt 0.251969993 0.246700004 0
vt 0.238279998 0.217289999 0
vt 0.252310008 0.234209999 0
vt 0.637740016 0.544030011 0
vt 0.662819982 0.532519996 0
vt 0.639289975 0.551270008 0
vt 0.611079991 0.553960025 0
vt 0.555859983 0.568400025 0
vt 0.610140026 0.545189977 0
vt 0.335819989 0.720849991 0
vt 0.314399987 0.745689988 0
vt 0.308169991 0.730470002 0
vt 0.414539993 0.712270021 0
vt 0.491849989 0.709689975 0
vt 0.420190006 0.727750003 0
vt 0.644649982 0.623510003 0
vt 0.642610013 0.607620001 0
vt 0.657670021 0.611590028 0
vt 0.685639977 0.594969988 0
vt 0.675930023 0.593500018 0
vt 0.719489992 0.585430026 0
vt 0.394050002 0.415300012 0
vt 0.408659995 0.397109985 0
vt 0.389899999 0.449550003 0
vt 0.387320012 0.464740008 0
vt 0.379999995 0.483669996 0
vt 0.382719994 0.462989986 0
vt 0.470719993 0.831459999 0
vt 0.473060012 0.86214 0
vt 0.449250013 0.861119986 0
vt 0.473060012 0.86214 0
vt 0.483390003 0.888920009 0
vt 0.449250013 0.861119986 0
vt 0.122649997 0.0225499999 0
vt 0.148770005 0.0676700026 0
vt 0.133479998 0.0742599964 0
vt 0.161589995 0.0989399999 0
vt 0.15185 0.086649999 0
vt 0.148770005 0.0676700026 0
vt 0.667450011 0.469969988 0
vt 0.67681998 0.489360005 0
vt 0.673420012 0.51752001 0
vt 0.684329987 0.493319988 0
vt 0.699999988 0.532729983 0
vt 0.689109981 0.52305001 0
vt 0.535790026 0.770330012 0
vt 0.564960003 0.791620016 0
vt 0.525030017 0.781910002 0
vt 0.51722002 0.823930025 0
vt 0.526459992 0.802489996 0
vt 0.548650026 0.810679972 0
vt 0.121660002 0.7852 0
vt 0.15151 0.789089978 0
vt 0.0926899984 0.795509994 0
vt 0.0867900029 0.770120025 0
vt 0.0717800036 0.792010009 0
vt 0.0436399989 0.782540023 0
vt 0.0644899979 0.0735599995 0
vt 0.0573600009 0.0580400005 0
vt 0.0894899964 0.046980001 0
vt 0.0654300004 0.0477299988 0
vt 0.0955199972 0.0275999997 0
vt 0.0894899964 0.046980001 0
vt 0.377790004 0.798290014 0
vt 0.4199 0.802190006 0
vt 0.375660002 0.818099976 0
vt 0.350279987 0.826770008 0
vt 0.361189991 0.849049985 0
vt 0.348080009 0.864279985 0
vt 0.237910002 0.507250011 0
vt 0.226370007 0.473820001 0
vt 0.242840007 0.479909986 0
vt 0.236900002 0.441670001 0
vt 0.224490002 0.441489995 0
vt 0.226070002 0.407139987 0
vt 0.534609973 0.110619999 0
vt 0.521839976 0.179169998 0
vt 0.507979989 0.172509998 0
vt 0.53530997 0.177369997 0
vt 0.541450024 0.171059996 0
vt 0.520179987 0.252499998 0
vt 0.798210025 0.326380014 0
vt 0.797039986 0.295749992 0
vt 0.829949975 0.297450006 0
vt 0.774540007 0.184900001 0
vt 0.741770029 0.113020003 0
vt 0.776960015 0.140729994 0
vt 0.708150029 0.798520029 0
vt 0.705940008 0.819440007 0
vt 0.689230025 0.804719985 0
vt 0.730400026 0.827650011 0
vt 0.744080007 0.847140014 0
vt 0.725470006 0.846239984 0
vt 0.54606998 0.119180001 0
vt 0.561399996 0.124229997 0
vt 0.53530997 0.177369997 0
vt 0.576740026 0.0942699984 0
vt 0.574010015 0.0692399964 0
vt 0.58367002 0.071800001 0
vt 0.559050024 0.889810026 0
vt 0.555419981 0.921630025 0
vt 0.534799993 0.906700015 0
vt 0.597169995 0.645179987 0
vt 0.616980016 0.626150012 0
vt 0.601930022 0.647430003 0
vt 0.87026 0.640879989 0
vt 0.85582 0.643519998 0
vt 0.858460009 0.622049987 0
vt 0.862299979 0.655110002 0
vt 0.844980001 0.665489972 0
vt 0.84562999 0.63319999 0
vt 0.0341099985 0.290179998 0
vt 0.0523199998 0.29332 0
vt 0.0608900003 0.325679988 0
vt 0.0352299996 0.333920002 0
vt 0.0576499999 0.390100002 0
vt 0.0530500002 0.386420012 0
vt 0.78046 0.898670018 0
vt 0.785300016 0.885749996 0
vt 0.798870027 0.896830022 0
vt 0.350629985 0.964770019 0
vt 0.36372 0.942799985 0
vt 0.362120003 0.967239976 0
vt 0.0295100007 0.798219979 0
vt 0.0424599983 0.815840006 0
vt 0.0241999999 0.809819996 0
vt 0.555859983 0.568400025 0
vt 0.527130008 0.547900021 0
vt 0.610140026 0.545189977 0
vt 0.828960001 0.617229998 0
vt 0.817399979 0.599300027 0
vt 0.831059992 0.607110023 0
vt 0.85582 0.643519998 0
vt 0.84562999 0.63319999 0
vt 0.858460009 0.622049987 0
vt 0.581290007 0.753369987 0
vt 0.585399985 0.785880029 0
vt 0.564620018 0.757130027 0
vt 0.562780023 0.944970012 0
vt 0.566229999 0.935819983 0
vt 0.57288003 0.947380006 0
vt 0.0297400001 0.313300014 0
vt 0.0341099985 0.290179998 0
vt 0.0494600013 0.322840005 0
vt 0.869930029 0.166189998 0
vt 0.899990022 0.154679999 0
vt 0.908930004 0.244200006 0
vt 0.46182999 0.422829986 0
vt 0.484759986 0.414869994 0
vt 0.503120005 0.463079989 0
vt 0.559939981 0.45758 0
vt 0.626900017 0.501820028 0
vt 0.536610007 0.467299998 0
vt 0.230599999 0.172150001 0
vt 0.276450008 0.160740003 0
vt 0.246030003 0.184630007 0
vt 0.342500001 0.28659001 0
vt 0.373089999 0.294290006 0
vt 0.38440001 0.341320008 0
vt 0.708320022 0.633449972 0
vt 0.735230029 0.606840014 0
vt 0.740769982 0.643570006 0
vt 0.701799989 0.698189974 0
vt 0.748570025 0.683969975 0
vt 0.728200018 0.707239985 0
vt 0.444000006 0.591669977 0
vt 0.395319998 0.60939002 0
vt 0.351069987 0.605050027 0
vt 0.283980012 0.597159982 0
vt 0.28718999 0.613820016 0
vt 0.253309995 0.602810025 0
vt 0.458590001 0.962629974 0
vt 0.475199997 0.969990015 0
vt 0.422140002 0.961660028 0
vt 0.527159989 0.961979985 0
vt 0.50948 0.977980018 0
vt 0.501309991 0.96408999 0
vt 0.624409974 0.727930009 0
vt 0.629310012 0.686869979 0
vt 0.630219996 0.707729995 0
vt 0.619790018 0.743910015 0
vt 0.658360004 0.755400002 0
vt 0.683579981 0.772599995 0
vt 0.841050029 0.671320021 0
vt 0.834580004 0.664080024 0
vt 0.842299998 0.648310006 0
vt 0.833959997 0.683619976 0
vt 0.840929985 0.677540004 0
vt 0.835730016 0.707750022 0
vt 0.792949975 0.214330003 0
vt 0.825919986 0.197019994 0
vt 0.826030016 0.2403 0
vt 0.848810017 0.175060004 0
vt 0.887269974 0.250330001 0
vt 0.86075002 0.257490009 0
vt 0.654429972 0.0754899979 0
vt 0.672919989 0.132280007 0
vt 0.637809992 0.0792099983 0
vt 0.685599983 0.0779699981 0
vt 0.708580017 0.125459999 0
vt 0.701590002 0.141110003 0
vt 0.613839984 0.66377002 0
vt 0.644649982 0.623510003 0
vt 0.635609984 0.660430014 0
vt 0.661840022 0.655409992 0
vt 0.639789999 0.656390011 0
vt 0.654900014 0.638369977 0
vt 0.827600002 0.814859986 0
vt 0.828410029 0.77925998 0
vt 0.856599987 0.792100012 0
vt 0.854149997 0.829360008 0
vt 0.868430018 0.816670001 0
vt 0.878790021 0.84108001 0
vt 0.203960001 0.657760024 0
vt 0.213400006 0.70095998 0
vt 0.186360002 0.706430018 0
vt 0.155420005 0.736769974 0
vt 0.133870006 0.731819987 0
vt 0.145579994 0.717850029 0
vt 0.764800012 0.37360999 0
vt 0.757920027 0.331059992 0
vt 0.778729975 0.360989988 0
vt 0.402759999 0.366769999 0
vt 0.400840014 0.299529999 0
vt 0.413010001 0.299299985 0
vt 0.580229998 0.0300699994 0
vt 0.588959992 0.0180799998 0
vt 0.599139988 0.0310600009 0
vt 0.578100026 0.668850005 0
vt 0.535870016 0.661689997 0
vt 0.583920002 0.655629992 0
vt 0.662349999 0.805239975 0
vt 0.664300025 0.830709994 0
vt 0.637000024 0.81299001 0
vt 0.614419997 0.804780006 0
vt 0.627560019 0.788190007 0
vt 0.628000021 0.802559972 0
vt 0.847050011 0.687579989 0
vt 0.904049993 0.713959992 0
vt 0.897880018 0.732680023 0
vt 0.361310005 0.795400023 0
vt 0.375660002 0.818099976 0
vt 0.358709991 0.811280012 0
vt 0.113190003 0.0883100033 0
vt 0.10898 0.0716700032 0
vt 0.129130006 0.0819699988 0
vt 0.0685900003 0.0842299983 0
vt 0.0996700004 0.0481900014 0
vt 0.101379998 0.0572200008 0
vt 0.590699971 0.0422799997 0
vt 0.584890008 0.0548200011 0
vt 0.581049979 0.040860001 0
vt 0.611150026 0.0584600009 0
vt 0.600549996 0.0627499968 0
vt 0.60266 0.0469200015 0
vt 0.781400025 0.390989989 0
vt 0.764800012 0.37360999 0
vt 0.782320023 0.374379992 0
vt 0.832059979 0.368820012 0
vt 0.869639993 0.36124 0
vt 0.844169974 0.401769996 0
vt 0.152030006 0.464670002 0
vt 0.168880001 0.461490005 0
vt 0.160559997 0.471859992 0
vt 0.105789997 0.406580001 0
vt 0.142140001 0.418289989 0
vt 0.126819998 0.436839998 0
vt 0.678059995 0.370119989 0
vt 0.673129976 0.387490004 0
vt 0.665449977 0.291880012 0
vt 0.673129976 0.387490004 0
vt 0.678059995 0.370119989 0
vt 0.673380017 0.442479998 0
vt 0.0931299999 0.0881799981 0
vt 0.0782200024 0.0833899975 0
vt 0.101860002 0.0711999983 0
vt 0.0665699989 0.17058 0
vt 0.0622599982 0.14971 0
vt 0.0779199973 0.138789997 0
vt 0.825720012 0.776289999 0
vt 0.820540011 0.798099995 0
vt 0.820500016 0.778460026 0
vt 0.82227999 0.742850006 0
vt 0.801569998 0.747409999 0
vt 0.812340021 0.723810017 0
vt 0.153270006 0.0579300001 0
vt 0.165629998 0.0355800018 0
vt 0.183660001 0.0444299988 0
vt 0.24673 0.087439999 0
vt 0.179370001 0.0386799984 0
vt 0.195409998 0.0387100019 0
vt 0.317790002 0.393570006 0
vt 0.328990012 0.387230009 0
vt 0.331459999 0.394349992 0
vt 0.310699999 0.386510015 0
vt 0.309949994 0.374390006 0
vt 0.328990012 0.387230009 0
vt 0.0540999994 0.128230006 0
vt 0.0541700013 0.0965100005 0
vt 0.0650700033 0.115460001 0
vt 0.0365700014 0.105149999 0
vt 0.0541700013 0.0965100005 0
vt 0.0451299995 0.113609999 0
vt 0.955850005 0.421050012 0
vt 0.983929992 0.399580002 0
vt 0.977639973 0.433600008 0
vt 0.168080002 0.502699971 0
vt 0.221440002 0.518570006 0
vt 0.207929999 0.52779001 0
vt 0.32227999 0.606029987 0
vt 0.315530002 0.623049974 0
vt 0.30726999 0.607670009 0
vt 0.269710004 0.695670009 0
vt 0.285569996 0.652960002 0
vt 0.282970011 0.678219974 0
vt 0.39004001 0.401349992 0
vt 0.398200005 0.38398999 0
vt 0.408659995 0.397109985 0
vt 0.38440001 0.341320008 0
vt 0.400840014 0.299529999 0
vt 0.402759999 0.366769999 0
vt 0.514940023 0.297250003 0
vt 0.540040016 0.279830009 0
vt 0.508170009 0.362170011 0
vt 0.527700007 0.235510007 0
vt 0.535549998 0.202800006 0
vt 0.550979972 0.226530001 0
vt 0.0784000009 0.0301099997 0
vt 0.0559099987 0.0465999991 0
vt 0.0477400012 0.0382199995 0
vt 0.0534900017 0.0320300013 0
vt 0.135100007 0.00692000007 0
vt 0.125829995 0.0201600008 0
vt 0.597249985 0.441769987 0
vt 0.638010025 0.405869991 0
vt 0.637239993 0.45660001 0
vt 0.667450011 0.469969988 0
vt 0.673420012 0.51752001 0
vt 0.658770025 0.499170005 0
vt 0.352010012 0.92592001 0
vt 0.338779986 0.904699981 0
vt 0.340409994 0.89181 0
vt 0.878790021 0.84108001 0
vt 0.868430018 0.816670001 0
vt 0.887910008 0.821099997 0
vt 0.670469999 0.580959976 0
vt 0.654720008 0.587589979 0
vt 0.644460022 0.568390012 0
vt 0.654720008 0.587589979 0
vt 0.67809999 0.583239973 0
vt 0.653270006 0.59849 0
vt 0.806490004 0.616299987 0
vt 0.817170024 0.605530024 0
vt 0.828960001 0.617229998 0
vt 0.496859998 0.74970001 0
vt 0.508469999 0.767199993 0
vt 0.478020012 0.759130001 0
vt 0.490429997 0.629040003 0
vt 0.485229999 0.656509995 0
vt 0.417450011 0.660560012 0
vt 0.544700027 0.64568001 0
vt 0.548940003 0.63331002 0
vt 0.57852 0.649020016 0
vt 0.813619971 0.838100016 0
vt 0.8046 0.846689999 0
vt 0.783900023 0.84345001 0
vt 0.795120001 0.882430017 0
vt 0.773630023 0.859420002 0
vt 0.800809979 0.850679994 0
vt 0.144800007 0.688319981 0
vt 0.133870006 0.731819987 0
vt 0.125850007 0.703750014 0
vt 0.0951900035 0.766960025 0
vt 0.0926899984 0.795509994 0
vt 0.0867900029 0.770120025 0
vt 0.165260002 0.514569998 0
vt 0.168080002 0.502699971 0
vt 0.207929999 0.52779001 0
vt 0.129470006 0.493010014 0
vt 0.147650003 0.490720004 0
vt 0.149920002 0.507139981 0
vt 0.646309972 0.213980004 0
vt 0.661180019 0.229310006 0
vt 0.661270022 0.29073 0
vt 0.637809992 0.0792099983 0
vt 0.659829974 0.154200003 0
vt 0.643620014 0.144339994 0
vt 0.296739995 0.606970012 0
vt 0.298280001 0.58841002 0
vt 0.314960003 0.599319994 0
vt 0.777329981 0.266490012 0
vt 0.755379975 0.237910002 0
vt 0.781350017 0.245810002 0
vt 0.763220012 0.868709981 0
vt 0.715560019 0.853699982 0
vt 0.75168997 0.852789998 0
vt 0.787630022 0.852050006 0
vt 0.773630023 0.859420002 0
vt 0.758509994 0.855639994 0
vt 0.478020012 0.759130001 0
vt 0.508469999 0.767199993 0
vt 0.496210009 0.779540002 0
vt 0.48890999 0.822780013 0
vt 0.507359982 0.791419983 0
vt 0.51722002 0.823930025 0
vt 0.282110006 0.430999994 0
vt 0.300319999 0.417320013 0
vt 0.296339989 0.429949999 0
vt 0.236709997 0.464780003 0
vt 0.255950004 0.450019985 0
vt 0.250180006 0.470889986 0
vt 0.885590017 0.38883999 0
vt 0.921310008 0.399589986 0
vt 0.89872998 0.440739989 0
vt 0.877439976 0.363319993 0
vt 0.87668997 0.328009993 0
vt 0.90061003 0.367740005 0
vt 0.743439972 0.396400005 0
vt 0.737590015 0.43502 0
vt 0.685039997 0.41681999 0
vt 0.107550003 0.596639991 0
vt 0.11445 0.621029973 0
vt 0.087650001 0.671700001 0
vt 0.160490006 0.129460007 0
vt 0.14666 0.107009999 0
vt 0.157539994 0.107749999 0
vt 0.176640004 0.212789997 0
vt 0.189250007 0.163839996 0
vt 0.188510001 0.234620005 0
vt 0.65377003 0.0258000009 0
vt 0.660960019 0.0483999997 0
vt 0.63993001 0.0293400008 0
vt 0.617850006 0.0157399997 0
vt 0.616900027 0.0301600005 0
vt 0.601029992 0.01609 0
vt 0.253580004 0.764880002 0
vt 0.254159987 0.787530005 0
vt 0.209230006 0.80467999 0
vt 0.470759988 0.344610006 0
vt 0.482149988 0.389109999 0
vt 0.460720003 0.397899985 0
vt 0.193220004 0.262800008 0
vt 0.224299997 0.228220001 0
vt 0.207670003 0.267699987 0
vt 0.160290003 0.347369999 0
vt 0.147510007 0.328830004 0
vt 0.166119993 0.3116 0
vt 0.420569986 0.976520002 0
vt 0.422140002 0.961660028 0
vt 0.468910009 0.974160016 0
vt 0.403919995 0.969340026 0
vt 0.378470004 0.971400023 0
vt 0.412099987 0.957059979 0
vt 0.637809992 0.0792099983 0
vt 0.622089982 0.0723600015 0
vt 0.62401998 0.0574299991 0
vt 0.63221997 0.0819299966 0
vt 0.632040024 0.108439997 0
vt 0.625869989 0.0876300037 0
vt 0.251969993 0.246700004 0
vt 0.252310008 0.234209999 0
vt 0.279929996 0.292360008 0
vt 0.286529988 0.289079994 0
vt 0.271690011 0.253529996 0
vt 0.281610012 0.249489993 0
vt 0.323559999 0.172179997 0
vt 0.347119987 0.206039995 0
vt 0.373659998 0.253619999 0
vt 0.30934 0.147019997 0
vt 0.311890006 0.11806 0
vt 0.325590014 0.155939996 0
vt 0.412099987 0.957059979 0
vt 0.378470004 0.971400023 0
vt 0.378679991 0.950410008 0
vt 0.412149996 0.913030028 0
vt 0.42840001 0.907760024 0
vt 0.42197001 0.957840025 0
vt 0.176550001 0.470310003 0
vt 0.205520004 0.451799989 0
vt 0.226370007 0.473820001 0
vt 0.224490002 0.441489995 0
vt 0.236900002 0.441670001 0
vt 0.220730007 0.461010009 0
vt 0.562030017 0.0914800018 0
vt 0.576740026 0.0942699984 0
vt 0.561399996 0.124229997 0
vt 0.577160001 0.12393 0
vt 0.588670015 0.0971200019 0
vt 0.599919975 0.113279998 0
vt 0.0232599992 0.709699988 0
vt 0.0526299998 0.70678997 0
vt 0.0286500007 0.73793 0
vt 0.0120999999 0.69848001 0
vt 0.02238 0.728690028 0
vt 0.00669000018 0.708230019 0
vt 0.602569997 0.795350015 0
vt 0.621100008 0.774919987 0
vt 0.614419997 0.804780006 0
vt 0.535709977 0.97586 0
vt 0.55509001 0.980159998 0
vt 0.546350002 0.99804002 0
vt 0.247639999 0.304650009 0
vt 0.2667 0.29648 0
vt 0.295870006 0.321700007 0
vt 0.323879987 0.348369986 0
vt 0.319840014 0.326649994 0
vt 0.356830001 0.377510011 0
vt 0.825720012 0.776289999 0
vt 0.834150016 0.734189987 0
vt 0.843110025 0.712490022 0
vt 0.825720012 0.776289999 0
vt 0.823719978 0.771120012 0
vt 0.834150016 0.734189987 0
vt 0.0450799987 0.807739973 0
vt 0.0383200012 0.782199979 0
vt 0.05167 0.790380001 0
vt 0.0436399989 0.782540023 0
vt 0.0344099998 0.778110027 0
vt 0.02984 0.754700005 0
vt 0.577589989 0.79290998 0
vt 0.59473002 0.796459973 0
vt 0.596430004 0.815739989 0
vt 0.577589989 0.79290998 0
vt 0.564620018 0.757130027 0
vt 0.585399985 0.785880029 0
vt 0.195370004 0.134869993 0
vt 0.181669995 0.124679998 0
vt 0.177129999 0.111440003 0
vt 0.157539994 0.107749999 0
vt 0.153019994 0.0962999985 0
vt 0.165360004 0.106880002 0
vt 0.921310008 0.399589986 0
vt 0.955850005 0.421050012 0
vt 0.89872998 0.440739989 0
vt 0.91444999 0.464489996 0
vt 0.89301002 0.480419993 0
vt 0.880620003 0.47942999 0
vt 0.185929999 0.680939972 0
vt 0.155420005 0.736769974 0
vt 0.160669997 0.701160014 0
vt 0.140249997 0.661729991 0
vt 0.137250006 0.643469989 0
vt 0.173690006 0.64951998 0
vt 0.814769983 0.860239983 0
vt 0.799839973 0.874000013 0
vt 0.8046 0.846689999 0
vt 0.82960999 0.887160003 0
vt 0.84495002 0.906669974 0
vt 0.817979991 0.895630002 0
vt 0.237039998 0.199699998 0
vt 0.220459998 0.182280004 0
vt 0.218960002 0.164419994 0
vt 0.181669995 0.124679998 0
vt 0.206119999 0.153280005 0
vt 0.20984 0.169220001 0
vt 0.698930025 0.758599997 0
vt 0.680949986 0.726840019 0
vt 0.715089977 0.749329984 0
vt 0.739300013 0.775550008 0
vt 0.747359991 0.750169992 0
vt 0.782440007 0.75278002 0
vt 0.320169985 0.427489996 0
vt 0.374009997 0.453139991 0
vt 0.362170011 0.464810014 0
vt 0.375259995 0.480019987 0
vt 0.382719994 0.462989986 0
vt 0.379999995 0.483669996 0
vt 0.527649999 0.928269982 0
vt 0.55084002 0.937070012 0
vt 0.545029998 0.951629996 0
vt 0.545849979 0.962010026 0
vt 0.535709977 0.97586 0
vt 0.540279984 0.960349977 0
vt 0.470270008 0.718689978 0
vt 0.476200014 0.72112 0
vt 0.419820011 0.73150003 0
vt 0.527249992 0.673520029 0
vt 0.54685998 0.688319981 0
vt 0.512639999 0.689930022 0
vt 0.599919975 0.113279998 0
vt 0.638289988 0.172399998 0
vt 0.613990009 0.148110002 0
vt 0.599919975 0.113279998 0
vt 0.595040023 0.153060004 0
vt 0.577160001 0.12393 0
vt 0.253309995 0.602810025 0
vt 0.235320002 0.579349995 0
vt 0.258469999 0.591359973 0
vt 0.215450004 0.615199983 0
vt 0.230399996 0.601700008 0
vt 0.203960001 0.657760024 0
vt 0.661679983 0.67456001 0
vt 0.676779985 0.694750011 0
vt 0.65395999 0.691529989 0
vt 0.701799989 0.698189974 0
vt 0.686779976 0.663129985 0
vt 0.716780007 0.658079982 0
vt 0.297659993 0.408259988 0
vt 0.31448999 0.393959999 0
vt 0.31073001 0.408850014 0
vt 0.29618001 0.401749998 0
vt 0.288560003 0.394410014 0
vt 0.29896 0.391660005 0
vt 0.753069997 0.286009997 0
vt 0.726509988 0.189850003 0
vt 0.753489971 0.244499996 0
vt 0.755379975 0.237910002 0
vt 0.74642998 0.202370003 0
vt 0.781350017 0.245810002 0
vt 0.667919993 0.731710017 0
vt 0.65395999 0.691529989 0
vt 0.673940003 0.708840013 0
vt 0.621649981 0.736079991 0
vt 0.648230016 0.734870017 0
vt 0.658360004 0.755400002 0
vt 0.0278099999 0.075910002 0
vt 0.00956999976 0.11987 0
vt 0.0136399996 0.0860399976 0
vt 0.00980999973 0.12872 0
vt 0.0294599999 0.150169998 0
vt 0.00779000018 0.163629994 0
vt 0.189840004 0.445859998 0
vt 0.178829998 0.435550004 0
vt 0.203360006 0.447459996 0
vt 0.159030005 0.449559987 0
vt 0.168880001 0.461490005 0
vt 0.152030006 0.464670002 0
vt 0.694260001 0.0898799971 0
vt 0.712239981 0.0888999999 0
vt 0.721509993 0.108730003 0
vt 0.486319989 0.602720022 0
vt 0.490429997 0.629040003 0
vt 0.444000006 0.591669977 0
vt 0.076700002 0.118069999 0
vt 0.0782200024 0.0833899975 0
vt 0.0976099968 0.101180002 0
vt 0.076700002 0.118069999 0
vt 0.0976099968 0.101180002 0
vt 0.0848499984 0.131669998 0
vt 0.581659973 0.841319978 0
vt 0.578779995 0.857949972 0
vt 0.570770025 0.849430025 0
vt 0.559050024 0.889810026 0
vt 0.561320007 0.898570001 0
vt 0.555419981 0.921630025 0
vt 0.681620002 0.678860009 0
vt 0.667439997 0.661759973 0
vt 0.686779976 0.663129985 0
vt 0.679520011 0.636910021 0
vt 0.666649997 0.646910012 0
vt 0.663410008 0.607089996 0
vt 0.619790018 0.743910015 0
vt 0.653190017 0.777059972 0
vt 0.618889987 0.757160008 0
vt 0.636309981 0.804849982 0
vt 0.627560019 0.788190007 0
vt 0.636179984 0.794210017 0
vt 0.267500013 0.455850005 0
vt 0.241510004 0.506030023 0
vt 0.245700002 0.479970008 0
vt 0.250180006 0.470889986 0
vt 0.255950004 0.450019985 0
vt 0.267500013 0.455850005 0
vt 0.490429997 0.629040003 0
vt 0.417450011 0.660560012 0
vt 0.429129988 0.637390018 0
vt 0.331319988 0.604969978 0
vt 0.35868001 0.645900011 0
vt 0.326539993 0.627020001 0
vt 0.83780998 0.852029979 0
vt 0.825370014 0.859179974 0
vt 0.824100018 0.841849983 0
vt 0.841229975 0.818170011 0
vt 0.837650001 0.830359995 0
vt 0.823909998 0.828170002 0
vt 0.899990022 0.154679999 0
vt 0.935530007 0.236919999 0
vt 0.908930004 0.244200006 0
vt 0.935530007 0.236919999 0
vt 0.924679995 0.275290012 0
vt 0.908930004 0.244200006 0
vt 0.764590025 0.598160028 0
vt 0.75910002 0.590399981 0
vt 0.771440029 0.594280005 0
vt 0.740769982 0.643570006 0
vt 0.753059983 0.59088999 0
vt 0.765250027 0.611039996 0
vt 0.543089986 0.595070004 0
vt 0.548590004 0.583909988 0
vt 0.572589993 0.584309995 0
vt 0.572589993 0.584309995 0
vt 0.548590004 0.583909988 0
vt 0.608900011 0.565379977 0
vt 0.27116999 0.402740002 0
vt 0.288560003 0.394410014 0
vt 0.29618001 0.401749998 0
vt 0.255609989 0.404599994 0
vt 0.257490009 0.316799998 0
vt 0.288560003 0.394410014 0
vt 0.505729973 0.936959982 0
vt 0.490979999 0.953960001 0
vt 0.486259997 0.929180026 0
vt 0.526470006 0.891059995 0
vt 0.506009996 0.886460006 0
vt 0.52125001 0.867370009 0
vt 0.35916999 0.739600003 0
vt 0.314399987 0.745689988 0
vt 0.335819989 0.720849991 0
vt 0.437469989 0.235280007 0
vt 0.457569987 0.242229998 0
vt 0.435579985 0.283279985 0
vt 0.483779997 0.738479972 0
vt 0.496859998 0.74970001 0
vt 0.478020012 0.759130001 0
vt 0.817170024 0.605530024 0
vt 0.785849988 0.607670009 0
vt 0.790830016 0.596379995 0
vt 0.596130013 0.00692000007 0
vt 0.623139977 0.0125099998 0
vt 0.601740003 0.0130099999 0
vt 0.571690023 0.01339 0
vt 0.588930011 0.00469999993 0
vt 0.588959992 0.0180799998 0
vt 0.626789987 0.553200006 0
vt 0.634280026 0.56032002 0
vt 0.621169984 0.565400004 0
vt 0.654720008 0.587589979 0
vt 0.627889991 0.566649973 0
vt 0.644460022 0.568390012 0
vt 0.134780005 0.390899986 0
vt 0.120530002 0.369690001 0
vt 0.142989993 0.363730013 0
vt 0.135409996 0.402619988 0
vt 0.143800005 0.400929987 0
vt 0.157049999 0.424419999 0
vt 0.904049993 0.713959992 0
vt 0.907000005 0.73654002 0
vt 0.90346998 0.739440024 0
vt 0.90346998 0.739440024 0
vt 0.907000005 0.73654002 0
vt 0.90486002 0.769230008 0
vt 0.501309991 0.96408999 0
vt 0.50948 0.977980018 0
vt 0.494129986 0.97803998 0
vt 0.607119977 0.855599999 0
vt 0.626590014 0.862559974 0
vt 0.610109985 0.870169997 0
vt 0.294530004 0.183829993 0
vt 0.303180009 0.149939999 0
vt 0.315649986 0.208389997 0
vt 0.315649986 0.208389997 0
vt 0.263749987 0.20228 0
vt 0.294530004 0.183829993 0
vt 0.135979995 0.225209996 0
vt 0.161640003 0.242369995 0
vt 0.160280004 0.281459987 0
vt 0.193220004 0.262800008 0
vt 0.207670003 0.267699987 0
vt 0.171309993 0.311260015 0
vt 0.637239993 0.45660001 0
vt 0.648930013 0.434289992 0
vt 0.655990005 0.46450001 0
vt 0.653689981 0.423539996 0
vt 0.66346997 0.398829997 0
vt 0.666869998 0.44995001 0
vt 0.437029988 0.903410017 0
vt 0.444079995 0.877189994 0
vt 0.46430999 0.898069978 0
vt 0.412149996 0.913030028 0
vt 0.424849987 0.859089971 0
vt 0.42840001 0.907760024 0
vt 0.816389978 0.826020002 0
vt 0.816609979 0.832840025 0
vt 0.783900023 0.84345001 0
vt 0.823909998 0.828170002 0
vt 0.837650001 0.830359995 0
vt 0.822430015 0.836019993 0
vt 0.571690023 0.01339 0
vt 0.57457 0.0252500009 0
vt 0.551609993 0.0363399982 0
vt 0.588959992 0.0180799998 0
vt 0.580229998 0.0300699994 0
vt 0.571690023 0.01339 0
vt 0.115960002 0.192589998 0
vt 0.151299998 0.210999995 0
vt 0.135979995 0.225209996 0
vt 0.0903699994 0.215210006 0
vt 0.0577200018 0.218659997 0
vt 0.0766699985 0.189459994 0
vt 0.263749987 0.20228 0
vt 0.317559987 0.219610006 0
vt 0.278600007 0.231900007 0
vt 0.254480004 0.222639993 0
vt 0.246030003 0.184630007 0
vt 0.268139988 0.216169998 0
vt 0.374480009 0.383509994 0
vt 0.346240014 0.383720011 0
vt 0.356830001 0.377510011 0
vt 0.347779989 0.326090008 0
vt 0.342500001 0.28659001 0
vt 0.38440001 0.341320008 0
vt 0.836380005 0.627240002 0
vt 0.84562999 0.63319999 0
vt 0.832859993 0.657410026 0
vt 0.841120005 0.624949992 0
vt 0.836380005 0.627240002 0
vt 0.831059992 0.607110023 0
vt 0.366230011 0.669430017 0
vt 0.354460001 0.683809996 0
vt 0.326090008 0.667379975 0
vt 0.370900005 0.716989994 0
vt 0.35916999 0.739600003 0
vt 0.335819989 0.720849991 0
vt 0.637669981 0.135800004 0
vt 0.653320014 0.194000006 0
vt 0.646309972 0.213980004 0
vt 0.61056 0.102339998 0
vt 0.637669981 0.135800004 0
vt 0.625180006 0.136800006 0
vt 0.946259975 0.26662001 0
vt 0.955179989 0.281709999 0
vt 0.980289996 0.362260014 0
vt 0.101099998 0.461760014 0
vt 0.144720003 0.455969989 0
vt 0.115960002 0.482549995 0
vt 0.328280002 0.182370007 0
vt 0.373659998 0.253619999 0
vt 0.400840014 0.299529999 0
vt 0.400840014 0.299529999 0
vt 0.373659998 0.253619999 0
vt 0.413010001 0.299299985 0
vt 0.237020001 0.241270006 0
vt 0.249540001 0.254170001 0
vt 0.214729995 0.279410005 0
vt 0.237020001 0.241270006 0
vt 0.229519993 0.215000004 0
vt 0.249540001 0.254170001 0
vt 0.739300013 0.775550008 0
vt 0.782440007 0.75278002 0
vt 0.785329998 0.76849997 0
vt 0.813019991 0.768350005 0
vt 0.801569998 0.747409999 0
vt 0.82227999 0.742850006 0
vt 0.213400006 0.70095998 0
vt 0.203960001 0.657760024 0
vt 0.235640004 0.652589977 0
vt 0.235640004 0.652589977 0
vt 0.203960001 0.657760024 0
vt 0.236949995 0.62033999 0
vt 0.476749986 0.773169994 0
vt 0.496210009 0.779540002 0
vt 0.470120013 0.79806 0
vt 0.461360008 0.73119998 0
vt 0.468899995 0.760200024 0
vt 0.456510007 0.761950016 0
vt 0.337220013 0.407599986 0
vt 0.373169988 0.387820005 0
vt 0.353619993 0.417459995 0
vt 0.353619993 0.417459995 0
vt 0.374009997 0.453139991 0
vt 0.320169985 0.427489996 0
vt 0.784979999 0.789640009 0
vt 0.810280025 0.776480019 0
vt 0.801129997 0.791989982 0
vt 0.762740016 0.792479992 0
vt 0.766380012 0.804289997 0
vt 0.743350029 0.808030009 0
vt 0.701590002 0.141110003 0
vt 0.673789978 0.0762600005 0
vt 0.685599983 0.0779699981 0
vt 0.660960019 0.0483999997 0
vt 0.662240028 0.072619997 0
vt 0.648249984 0.0523299985 0
vt 0.229059994 0.747080028 0
vt 0.248789996 0.729809999 0
vt 0.230859995 0.766589999 0
vt 0.234830007 0.702409983 0
vt 0.235640004 0.652589977 0
vt 0.261229992 0.692229986 0
vt 0.519749999 0.704569995 0
vt 0.49733001 0.716709971 0
vt 0.490610003 0.715219975 0
vt 0.512179971 0.0718500018 0
vt 0.517549992 0.0853499994 0
vt 0.486710012 0.0964400023 0
vt 0.325470001 0.405090004 0
vt 0.317790002 0.393570006 0
vt 0.324840009 0.397630006 0
vt 0.32743001 0.411509991 0
vt 0.337220013 0.407599986 0
vt 0.353619993 0.417459995 0
vt 0.784979999 0.789640009 0
vt 0.795589983 0.801829994 0
vt 0.766380012 0.804289997 0
vt 0.813600004 0.810490012 0
vt 0.786629975 0.822969973 0
vt 0.795589983 0.801829994 0
vt 0.642610013 0.607620001 0
vt 0.662140012 0.598640025 0
vt 0.685639977 0.594969988 0
vt 0.568499982 0.805599988 0
vt 0.582430005 0.822300017 0
vt 0.569890022 0.830649972 0
vt 0.908460021 0.705669999 0
vt 0.88696003 0.661140025 0
vt 0.912479997 0.623300016 0
vt 0.883069992 0.663030028 0
vt 0.889840007 0.68234998 0
vt 0.87470001 0.668990016 0
vt 0.00386000006 0.214829996 0
vt 0.00367000001 0.140259996 0
vt 0.00668000011 0.192369998 0
vt 0.00367000001 0.140259996 0
vt 0.00980999973 0.12872 0
vt 0.00779000018 0.163629994 0
vt 0.133870006 0.731819987 0
vt 0.0877899975 0.747510016 0
vt 0.115379997 0.730069995 0
vt 0.104610004 0.701539993 0
vt 0.0852899998 0.706260026 0
vt 0.087650001 0.671700001 0
vt 0.663410008 0.607089996 0
vt 0.642610013 0.607620001 0
vt 0.685639977 0.594969988 0
vt 0.679520011 0.636910021 0
vt 0.675580025 0.60194999 0
vt 0.689909995 0.613940001 0
vt 0.092840001 0.237059996 0
vt 0.115659997 0.208649993 0
vt 0.128979996 0.234510005 0
vt 0.132530004 0.30388999 0
vt 0.104029998 0.268330008 0
vt 0.128979996 0.234510005 0
vt 0.350800008 0.910920024 0
vt 0.369269997 0.910889983 0
vt 0.355690002 0.93362999 0
vt 0.851970017 0.900129974 0
vt 0.84495002 0.906669974 0
vt 0.82960999 0.887160003 0
vt 0.309819996 0.500710011 0
vt 0.241510004 0.506030023 0
vt 0.279879987 0.458999991 0
vt 0.272760004 0.506889999 0
vt 0.254970014 0.537389994 0
vt 0.240360007 0.509350002 0
vt 0.496989995 0.864289999 0
vt 0.52125001 0.867370009 0
vt 0.506009996 0.886460006 0
vt 0.470719993 0.831459999 0
vt 0.495609999 0.841840029 0
vt 0.496989995 0.864289999 0
vt 0.708150029 0.798520029 0
vt 0.728190005 0.780319989 0
vt 0.718930006 0.806330025 0
vt 0.658360004 0.755400002 0
vt 0.687780023 0.763859987 0
vt 0.683579981 0.772599995 0
vt 0.292860001 0.655420005 0
vt 0.297749996 0.624000013 0
vt 0.306540012 0.634079993 0
vt 0.315189987 0.642639995 0
vt 0.307810009 0.66940999 0
vt 0.292860001 0.655420005 0
vt 0.54282999 0.502550006 0
vt 0.492760003 0.509500027 0
vt 0.503019989 0.468679994 0
vt 0.571399987 0.500909984 0
vt 0.609830022 0.522119999 0
vt 0.559180021 0.512239993 0
vt 0.792200029 0.640980005 0
vt 0.793649971 0.618030012 0
vt 0.814809978 0.64734 0
vt 0.816619992 0.660300016 0
vt 0.813910007 0.680949986 0
vt 0.78846997 0.650539994 0
vt 0.0577200018 0.218659997 0
vt 0.092840001 0.237059996 0
vt 0.0499599986 0.254000008 0
vt 0.0209599994 0.198770002 0
vt 0.0392999984 0.223370001 0
vt 0.0299600009 0.225820005 0
vt 0.555570006 0.932089984 0
vt 0.56299001 0.928430021 0
vt 0.559099972 0.944190025 0
vt 0.55084002 0.937070012 0
vt 0.554509997 0.947870016 0
vt 0.545029998 0.951629996 0
vt 0.785300016 0.885749996 0
vt 0.795120001 0.882430017 0
vt 0.798870027 0.896830022 0
vt 0.814769983 0.860239983 0
vt 0.809889972 0.892250001 0
vt 0.799839973 0.874000013 0
vt 0.835940003 0.263489991 0
vt 0.829949975 0.297450006 0
vt 0.797039986 0.295749992 0
vt 0.86075002 0.257490009 0
vt 0.887269974 0.250330001 0
vt 0.87668997 0.328009993 0
vt 0.666660011 0.33397001 0
vt 0.668649971 0.368339986 0
vt 0.621990025 0.360949993 0
vt 0.665449977 0.291880012 0
vt 0.673129976 0.387490004 0
vt 0.666660011 0.33397001 0
vt 0.0717800036 0.792010009 0
vt 0.0867900029 0.770120025 0
vt 0.0926899984 0.795509994 0
vt 0.094630003 0.818509996 0
vt 0.0847000033 0.81020999 0
vt 0.0890000015 0.799470007 0
vt 0.282110006 0.430999994 0
vt 0.288419992 0.436650008 0
vt 0.276039988 0.445980012 0
vt 0.279879987 0.458999991 0
vt 0.241510004 0.506030023 0
vt 0.267500013 0.455850005 0
vt 0.711310029 0.65012002 0
vt 0.687860012 0.655380011 0
vt 0.692430019 0.636229992 0
vt 0.692430019 0.636229992 0
vt 0.679520011 0.636910021 0
vt 0.689909995 0.613940001 0
vt 0.705940008 0.819440007 0
vt 0.702030003 0.840210021 0
vt 0.691569984 0.825489998 0
vt 0.715560019 0.853699982 0
vt 0.725470006 0.846239984 0
vt 0.75168997 0.852789998 0
vt 0.840929985 0.677540004 0
vt 0.843289971 0.688849986 0
vt 0.839709997 0.710979998 0
vt 0.847050011 0.687579989 0
vt 0.841050029 0.671320021 0
vt 0.862299979 0.655110002 0
vt 0.00420999993 0.239580005 0
vt 0.00781999994 0.242510006 0
vt 0.0227600001 0.303979993 0
vt 0.882629991 0.118359998 0
vt 0.89805001 0.142450005 0
vt 0.890879989 0.136500001 0
vt 0.289849997 0.275489986 0
vt 0.286850005 0.24786 0
vt 0.342500001 0.28659001 0
vt 0.286850005 0.24786 0
vt 0.317559987 0.219610006 0
vt 0.323920012 0.254689991 0
vt 0.196579993 0.611689985 0
vt 0.173690006 0.64951998 0
vt 0.172470003 0.620119989 0
vt 0.138439998 0.592890024 0
vt 0.17701 0.587419987 0
vt 0.148110002 0.612190008 0
vt 0.255950004 0.450019985 0
vt 0.265540004 0.438820004 0
vt 0.268530011 0.450619996 0
vt 0.265540004 0.438820004 0
vt 0.236900002 0.441670001 0
vt 0.255609989 0.404599994 0
vt 0.682089984 0.854269981 0
vt 0.708350003 0.866069973 0
vt 0.68878001 0.876309991 0
vt 0.69749999 0.850820005 0
vt 0.680190027 0.839060009 0
vt 0.725470006 0.846239984 0
vt 0.568840027 0.115649998 0
vt 0.576740026 0.0942699984 0
vt 0.577160001 0.12393 0
vt 0.550979972 0.226530001 0
vt 0.535549998 0.202800006 0
vt 0.563040018 0.173810005 0
vt 0.792949975 0.214330003 0
vt 0.826030016 0.2403 0
vt 0.789839983 0.275070012 0
vt 0.327250004 0.0905200019 0
vt 0.343389988 0.11569 0
vt 0.325590014 0.155939996 0
vt 0.680270016 0.526660025 0
vt 0.695630014 0.539359987 0
vt 0.667590022 0.534070015 0
vt 0.673420012 0.51752001 0
vt 0.66486001 0.523270011 0
vt 0.658770025 0.499170005 0
vt 0.157049999 0.424419999 0
vt 0.160809994 0.418599993 0
vt 0.172509998 0.435649991 0
vt 0.172509998 0.435649991 0
vt 0.174610004 0.448220015 0
vt 0.1611 0.437739998 0
vt 0.261689991 0.725239992 0
vt 0.275260001 0.745660007 0
vt 0.257400006 0.760110021 0
vt 0.269710004 0.695670009 0
vt 0.282970011 0.678219974 0
vt 0.276309997 0.702329993 0
vt 0.52929002 0.978980005 0
vt 0.546350002 0.99804002 0
vt 0.524900019 0.987150013 0
vt 0.495139986 0.982720017 0
vt 0.52929002 0.978980005 0
vt 0.524900019 0.987150013 0
vt 0.38440001 0.341320008 0
vt 0.402759999 0.366769999 0
vt 0.383300006 0.376249999 0
vt 0.383300006 0.376249999 0
vt 0.347779989 0.326090008 0
vt 0.38440001 0.341320008 0
vt 0.774540007 0.184900001 0
vt 0.798139989 0.182380006 0
vt 0.792949975 0.214330003 0
vt 0.325590014 0.155939996 0
vt 0.313769996 0.0996700004 0
vt 0.327250004 0.0905200019 0
vt 0.0186599996 0.654919982 0
vt 0.0432000011 0.62371999 0
vt 0.0501599982 0.676389992 0
vt 0.0189800002 0.645659983 0
vt 0.0186599996 0.654919982 0
vt 0.00761999981 0.645290017 0
vt 0.263280004 0.581070006 0
vt 0.255840003 0.572780013 0
vt 0.28817001 0.581350029 0
vt 0.314810008 0.580680013 0
vt 0.298280001 0.58841002 0
vt 0.294129997 0.575320005 0
vt 0.507640004 0.339439988 0
vt 0.512009978 0.299140006 0
vt 0.508170009 0.362170011 0
vt 0.501129985 0.301719993 0
vt 0.502560019 0.247690007 0
vt 0.514959991 0.24244 0
vt 0.195409998 0.0387100019 0
vt 0.235990003 0.0689300001 0
vt 0.24673 0.087439999 0
vt 0.30934 0.147019997 0
vt 0.27877 0.0961999968 0
vt 0.311890006 0.11806 0
vt 0.314810008 0.580680013 0
vt 0.314960003 0.599319994 0
vt 0.298280001 0.58841002 0
vt 0.444000006 0.591669977 0
vt 0.351069987 0.605050027 0
vt 0.376359999 0.585659981 0
vt 0.865989983 0.65723002 0
vt 0.883069992 0.663030028 0
vt 0.87470001 0.668990016 0
vt 0.847050011 0.687579989 0
vt 0.862299979 0.655110002 0
vt 0.87470001 0.668990016 0
vt 0.512440026 0.842710018 0
vt 0.535250008 0.843509972 0
vt 0.52125001 0.867370009 0
vt 0.512440026 0.842710018 0
vt 0.52125001 0.867370009 0
vt 0.496989995 0.864289999 0
vt 0.0430000015 0.342350006 0
vt 0.0705500022 0.348140001 0
vt 0.0859199986 0.376740009 0
vt 0.0705500022 0.348140001 0
vt 0.110890001 0.366549999 0
vt 0.0859199986 0.376740009 0
vt 0.282609999 0.126450002 0
vt 0.303180009 0.149939999 0
vt 0.276450008 0.160740003 0
vt 0.292290002 0.133579999 0
vt 0.24673 0.087439999 0
vt 0.269160002 0.10402 0
vt 0.3653 0.470310003 0
vt 0.382719994 0.462989986 0
vt 0.375259995 0.480019987 0
vt 0.348839998 0.480479985 0
vt 0.343080014 0.497880012 0
vt 0.310699999 0.515410006 0
vt 0.858460009 0.622049987 0
vt 0.840600014 0.595239997 0
vt 0.912479997 0.623300016 0
vt 0.84562999 0.63319999 0
vt 0.840659976 0.613139987 0
vt 0.858460009 0.622049987 0
vt 0.76967001 0.745909989 0
vt 0.77313 0.716340005 0
vt 0.799570024 0.719780028 0
vt 0.78846997 0.650539994 0
vt 0.813910007 0.680949986 0
vt 0.790939987 0.675090015 0
vt 0.145160004 0.763880014 0
vt 0.155269995 0.775139987 0
vt 0.130669996 0.775709987 0
vt 0.133870006 0.731819987 0
vt 0.107409999 0.749729991 0
vt 0.0877899975 0.747510016 0
vt 0.315649986 0.208389997 0
vt 0.328280002 0.182370007 0
vt 0.347330004 0.222389996 0
vt 0.317559987 0.219610006 0
vt 0.336879998 0.233449996 0
vt 0.323920012 0.254689991 0
vt 0.120530002 0.369690001 0
vt 0.0732199997 0.299910009 0
vt 0.122419998 0.343080014 0
vt 0.120530002 0.369690001 0
vt 0.122419998 0.343080014 0
vt 0.142989993 0.363730013 0
vt 0.262230009 0.568059981 0
vt 0.294129997 0.575320005 0
vt 0.272579998 0.57367003 0
vt 0.719690025 0.316000015 0
vt 0.753069997 0.286009997 0
vt 0.749119997 0.336910009 0
vt 0.338779986 0.904699981 0
vt 0.330749989 0.887030005 0
vt 0.340409994 0.89181 0
vt 0.844309986 0.875819981 0
vt 0.869090021 0.854650021 0
vt 0.858319998 0.876410007 0
vt 0.773630023 0.859420002 0
vt 0.795120001 0.882430017 0
vt 0.772159994 0.878579974 0
vt 0.708350003 0.866069973 0
vt 0.763220012 0.868709981 0
vt 0.772159994 0.878579974 0
vt 0.508170009 0.362170011 0
vt 0.540040016 0.279830009 0
vt 0.531180024 0.348030001 0
vt 0.553749979 0.376670003 0
vt 0.595170021 0.37834999 0
vt 0.557110012 0.409559995 0
vt 0.81190002 0.0641100034 0
vt 0.844259977 0.0786899999 0
vt 0.811349988 0.0907000005 0
vt 0.75928998 0.0640899986 0
vt 0.81190002 0.0641100034 0
vt 0.811349988 0.0907000005 0
vt 0.149920002 0.507139981 0
vt 0.160160005 0.485890001 0
vt 0.168080002 0.502699971 0
vt 0.160559997 0.471859992 0
vt 0.176550001 0.470310003 0
vt 0.180610001 0.487960011 0
vt 0.56299001 0.928430021 0
vt 0.569559991 0.902350008 0
vt 0.57476002 0.901530027 0
vt 0.555419981 0.921630025 0
vt 0.569559991 0.902350008 0
vt 0.56299001 0.928430021 0
vt 0.685599983 0.0779699981 0
vt 0.673789978 0.0762600005 0
vt 0.660960019 0.0483999997 0
vt 0.689849973 0.0768000036 0
vt 0.684069991 0.0614599995 0
vt 0.712239981 0.0888999999 0
vt 0.825919986 0.197019994 0
vt 0.848810017 0.175060004 0
vt 0.86075002 0.257490009 0
vt 0.822030008 0.166989997 0
vt 0.848810017 0.175060004 0
vt 0.825919986 0.197019994 0
vt 0.559939981 0.45758 0
vt 0.597249985 0.441769987 0
vt 0.628899992 0.483949989 0
vt 0.521459997 0.37650001 0
vt 0.557110012 0.409559995 0
vt 0.506030023 0.399170011 0
vt 0.703920007 0.465140015 0
vt 0.706030011 0.526139975 0
vt 0.685339987 0.481130004 0
vt 0.672810018 0.458160013 0
vt 0.67681998 0.489360005 0
vt 0.667450011 0.469969988 0
vt 0.226370007 0.473820001 0
vt 0.237910002 0.507250011 0
vt 0.228049994 0.499379992 0
vt 0.233860001 0.534160018 0
vt 0.240360007 0.509350002 0
vt 0.254970014 0.537389994 0
vt 0.461930007 0.587220013 0
vt 0.486319989 0.602720022 0
vt 0.444000006 0.591669977 0
vt 0.421319991 0.582059979 0
vt 0.444000006 0.591669977 0
vt 0.376359999 0.585659981 0
vt 0.470270008 0.718689978 0
vt 0.419820011 0.73150003 0
vt 0.420190006 0.727750003 0
vt 0.35916999 0.739600003 0
vt 0.370009989 0.741230011 0
vt 0.306629986 0.753400028 0
vt 0.907589972 0.164499998 0
vt 0.929579973 0.212699994 0
vt 0.935530007 0.236919999 0
vt 0.938610017 0.236070007 0
vt 0.955179989 0.281709999 0
vt 0.935530007 0.236919999 0
vt 0.0142599996 0.693270028 0
vt 0.0232599992 0.709699988 0
vt 0.02238 0.728690028 0
vt 0.0186599996 0.654919982 0
vt 0.0190600008 0.687259972 0
vt 0.0125000002 0.677169979 0
vt 0.621169984 0.565400004 0
vt 0.615170002 0.559270024 0
vt 0.626789987 0.553200006 0
vt 0.572589993 0.584309995 0
vt 0.608900011 0.565379977 0
vt 0.621169984 0.565400004 0
vt 0.219899997 0.39734 0
vt 0.239529997 0.404390007 0
vt 0.226070002 0.407139987 0
vt 0.169459999 0.406780005 0
vt 0.205899999 0.379709989 0
vt 0.205809996 0.398970008 0
vt 0.35916999 0.739600003 0
vt 0.306629986 0.753400028 0
vt 0.305009991 0.751179993 0
vt 0.305009991 0.751179993 0
vt 0.306629986 0.753400028 0
vt 0.257400006 0.760110021 0
vt 0.806490004 0.616299987 0
vt 0.785849988 0.607670009 0
vt 0.817170024 0.605530024 0
vt 0.792200029 0.640980005 0
vt 0.777960002 0.611930013 0
vt 0.793649971 0.618030012 0
vt 0.706030011 0.526139975 0
vt 0.725329995 0.501119971 0
vt 0.719009995 0.52463001 0
vt 0.0145399999 0.623430014 0
vt 0.037250001 0.608829975 0
vt 0.0227199998 0.632369995 0
vt 0.288419992 0.436650008 0
vt 0.287019998 0.448529989 0
vt 0.276039988 0.445980012 0
vt 0.296339989 0.429949999 0
vt 0.319709986 0.419099987 0
vt 0.301319987 0.443809986 0
vt 0.83592999 0.474180013 0
vt 0.86135 0.458310008 0
vt 0.872749984 0.479380012 0
vt 0.902849972 0.465680003 0
vt 0.89872998 0.440739989 0
vt 0.932280004 0.45570001 0
vt 0.840659976 0.613139987 0
vt 0.840600014 0.595239997 0
vt 0.858460009 0.622049987 0
vt 0.827979982 0.60315001 0
vt 0.817399979 0.599300027 0
vt 0.840600014 0.595239997 0
vt 0.615980029 0.736800015 0
vt 0.62450999 0.699140012 0
vt 0.621649981 0.736079991 0
vt 0.609700024 0.74849999 0
vt 0.619790018 0.743910015 0
vt 0.618889987 0.757160008 0
vt 0.468300015 0.169540003 0
vt 0.496410012 0.16133 0
vt 0.47815001 0.239130005 0
vt 0.491769999 0.132850006 0
vt 0.521459997 0.102949999 0
vt 0.496410012 0.16133 0
vt 0.398229986 0.918560028 0
vt 0.405449986 0.952709973 0
vt 0.385250002 0.948960006 0
vt 0.398229986 0.918560028 0
vt 0.385250002 0.948960006 0
vt 0.382829994 0.902209997 0
vt 0.0573600009 0.0580400005 0
vt 0.0654300004 0.0477299988 0
vt 0.0894899964 0.046980001 0
vt 0.01774 0.105580002 0
vt 0.0406300016 0.0598200001 0
vt 0.0328399986 0.0846000016 0
vt 0.328990012 0.387230009 0
vt 0.317790002 0.393570006 0
vt 0.310699999 0.386510015 0
vt 0.29618001 0.401749998 0
vt 0.29896 0.391660005 0
vt 0.31448999 0.393959999 0
vt 0.699999988 0.532729983 0
vt 0.695630014 0.539359987 0
vt 0.680270016 0.526660025 0
vt 0.719009995 0.52463001 0
vt 0.707400024 0.538389981 0
vt 0.699999988 0.532729983 0
vt 0.521459997 0.102949999 0
vt 0.534609973 0.110619999 0
vt 0.507979989 0.172509998 0
vt 0.567569971 0.059009999 0
vt 0.56904 0.0418299995 0
vt 0.581049979 0.040860001 0
vt 0.213809997 0.303359985 0
vt 0.247899994 0.281870008 0
vt 0.219610006 0.328750014 0
vt 0.181569993 0.34029001 0
vt 0.199489996 0.337579995 0
vt 0.205899999 0.379709989 0
vt 0.682600021 0.900699973 0
vt 0.654380023 0.874469995 0
vt 0.671819985 0.875389993 0
vt 0.667509973 0.860170007 0
vt 0.682089984 0.854269981 0
vt 0.68878001 0.876309991 0
vt 0.558700025 0.240380004 0
vt 0.601010025 0.271829993 0
vt 0.607930005 0.313410014 0
vt 0.609130025 0.28865999 0
vt 0.650539994 0.311390013 0
vt 0.617649972 0.321770012 0
vt 0.564369977 0.874870002 0
vt 0.570770025 0.849430025 0
vt 0.574999988 0.877399981 0
vt 0.557770014 0.849030018 0
vt 0.564369977 0.874870002 0
vt 0.542999983 0.871519983 0
vt 0.323430002 0.647459984 0
vt 0.366230011 0.669430017 0
vt 0.326090008 0.667379975 0
vt 0.35868001 0.645900011 0
vt 0.366230011 0.669430017 0
vt 0.323430002 0.647459984 0
vt 0.190970004 0.575089991 0
vt 0.230680004 0.570900023 0
vt 0.190819994 0.578689992 0
vt 0.167270005 0.577139974 0
vt 0.170269996 0.578880012 0
vt 0.127350003 0.584010005 0
vt 0.219610006 0.328750014 0
vt 0.247899994 0.281870008 0
vt 0.247639999 0.304650009 0
vt 0.247639999 0.304650009 0
vt 0.247899994 0.281870008 0
vt 0.2667 0.29648 0
vt 0.559939981 0.45758 0
vt 0.628899992 0.483949989 0
vt 0.626900017 0.501820028 0
vt 0.628899992 0.483949989 0
vt 0.652059972 0.484320015 0
vt 0.647669971 0.503059983 0
vt 0.230729997 0.0990199968 0
vt 0.183660001 0.0444299988 0
vt 0.254810005 0.0977799967 0
vt 0.182520002 0.0795800015 0
vt 0.183660001 0.0444299988 0
vt 0.205219999 0.0974199995 0
vt 0.449250013 0.861119986 0
vt 0.483390003 0.888920009 0
vt 0.46430999 0.898069978 0
vt 0.505729973 0.936959982 0
vt 0.486259997 0.929180026 0
vt 0.498629987 0.90933001 0
vt 0.137799993 0.793669999 0
vt 0.150590003 0.795180023 0
vt 0.108790003 0.798319995 0
vt 0.133560002 0.804740012 0
vt 0.094630003 0.818509996 0
vt 0.108790003 0.798319995 0
vt 0.701590002 0.141110003 0
vt 0.708580017 0.125459999 0
vt 0.71559 0.162860006 0
vt 0.753489971 0.244499996 0
vt 0.726509988 0.189850003 0
vt 0.739180028 0.191239998 0
vt 0.61056 0.102339998 0
vt 0.605470002 0.0826399997 0
vt 0.625869989 0.0876300037 0
vt 0.63221997 0.0819299966 0
vt 0.625869989 0.0876300037 0
vt 0.622089982 0.0723600015 0
vt 0.626789987 0.553200006 0
vt 0.615170002 0.559270024 0
vt 0.615790009 0.544319987 0
vt 0.644949973 0.517030001 0
vt 0.637740016 0.544030011 0
vt 0.615790009 0.544319987 0
vt 0.325470001 0.405090004 0
vt 0.324840009 0.397630006 0
vt 0.337220013 0.407599986 0
vt 0.331459999 0.394349992 0
vt 0.340999991 0.395300001 0
vt 0.337220013 0.407599986 0
vt 0.340409994 0.89181 0
vt 0.330749989 0.887030005 0
vt 0.333829999 0.873279989 0
vt 0.336690009 0.85898 0
vt 0.350279987 0.826770008 0
vt 0.348080009 0.864279985 0
vt 0.598020017 0.73882997 0
vt 0.614120007 0.716329992 0
vt 0.612089992 0.735350013 0
vt 0.584619999 0.716019988 0
vt 0.601930022 0.695190012 0
vt 0.591560006 0.746569991 0
vt 0.0541700013 0.0965100005 0
vt 0.063500002 0.0912699997 0
vt 0.0650700033 0.115460001 0
vt 0.0414699987 0.0957100019 0
vt 0.0529100001 0.0847899988 0
vt 0.0541700013 0.0965100005 0
vt 0.0450799987 0.807739973 0
vt 0.0295100007 0.798219979 0
vt 0.0383200012 0.782199979 0
vt 0.536390007 0.604749978 0
vt 0.543089986 0.595070004 0
vt 0.572589993 0.584309995 0
vt 0.345310003 0.830680013 0
vt 0.350279987 0.826770008 0
vt 0.336690009 0.85898 0
vt 0.887910008 0.821099997 0
vt 0.868430018 0.816670001 0
vt 0.889079988 0.792970002 0
vt 0.60710001 0.592790008 0
vt 0.572589993 0.584309995 0
vt 0.646709979 0.589890003 0
vt 0.617950022 0.599009991 0
vt 0.60710001 0.592790008 0
vt 0.646709979 0.589890003 0
vt 0.138439998 0.592890024 0
vt 0.102860004 0.589510024 0
vt 0.170359999 0.580449998 0
vt 0.102860004 0.589510024 0
vt 0.0992500037 0.59841001 0
vt 0.0691199973 0.602540016 0
vt 0.643620014 0.144339994 0
vt 0.659829974 0.154200003 0
vt 0.653320014 0.194000006 0
vt 0.669080019 0.258230001 0
vt 0.676949978 0.173710003 0
vt 0.68550998 0.208749995 0
vt 0.176640004 0.212789997 0
vt 0.188510001 0.234620005 0
vt 0.161640003 0.242369995 0
vt 0.161640003 0.242369995 0
vt 0.177499995 0.263399988 0
vt 0.160280004 0.281459987 0
vt 0.0541700013 0.0965100005 0
vt 0.0529100001 0.0847899988 0
vt 0.0621399991 0.087849997 0
vt 0.0685900003 0.0842299983 0
vt 0.0644899979 0.0735599995 0
vt 0.0996700004 0.0481900014 0
vt 0.613650024 0.828670025 0
vt 0.618189991 0.811969995 0
vt 0.64526999 0.845860004 0
vt 0.603200018 0.819599986 0
vt 0.602569997 0.795350015 0
vt 0.618189991 0.811969995 0
vt 0.714959979 0.770640016 0
vt 0.715089977 0.749329984 0
vt 0.735289991 0.762199998 0
vt 0.714959979 0.770640016 0
vt 0.72262001 0.777480006 0
vt 0.697960019 0.772729993 0
vt 0.17701 0.587419987 0
vt 0.138439998 0.592890024 0
vt 0.170359999 0.580449998 0
vt 0.170269996 0.578880012 0
vt 0.190970004 0.575089991 0
vt 0.190819994 0.578689992 0
vt 0.788410008 0.416700006 0
vt 0.811070025 0.410869986 0
vt 0.811689973 0.465359986 0
vt 0.788410008 0.416700006 0
vt 0.811049998 0.379619986 0
vt 0.811070025 0.410869986 0
vt 0.613839984 0.66377002 0
vt 0.627300024 0.682020009 0
vt 0.615260005 0.693000019 0
vt 0.613839984 0.66377002 0
vt 0.615260005 0.693000019 0
vt 0.598020017 0.73882997 0
vt 0.0299600009 0.225820005 0
vt 0.0392999984 0.223370001 0
vt 0.0455100015 0.248789996 0
vt 0.0523199998 0.29332 0
vt 0.0341099985 0.290179998 0
vt 0.0396899991 0.256680012 0
vt 0.10898 0.0716700032 0
vt 0.126430005 0.0756699964 0
vt 0.129130006 0.0819699988 0
vt 0.148770005 0.0676700026 0
vt 0.142389998 0.0721800029 0
vt 0.133479998 0.0742599964 0
vt 0.787630022 0.852050006 0
vt 0.764649987 0.851350009 0
vt 0.783900023 0.84345001 0
vt 0.783900023 0.84345001 0
vt 0.764649987 0.851350009 0
vt 0.765120029 0.831269979 0
vt 0.255840003 0.572780013 0
vt 0.263280004 0.581070006 0
vt 0.235320002 0.579349995 0
vt 0.229110003 0.579620004 0
vt 0.204439998 0.583890021 0
vt 0.230680004 0.570900023 0
vt 0.325749993 0.169369996 0
vt 0.335099995 0.174370006 0
vt 0.347119987 0.206039995 0
vt 0.335099995 0.174370006 0
vt 0.350789994 0.132530004 0
vt 0.352600008 0.175699994 0
vt 0.101379998 0.0572200008 0
vt 0.126430005 0.0756699964 0
vt 0.10898 0.0716700032 0
vt 0.101379998 0.0572200008 0
vt 0.101860002 0.0711999983 0
vt 0.0828400031 0.0783300027 0
vt 0.527700007 0.235510007 0
vt 0.550979972 0.226530001 0
vt 0.54895997 0.264290005 0
vt 0.54895997 0.264290005 0
vt 0.558700025 0.240380004 0
vt 0.607930005 0.313410014 0
vt 0.548680007 0.617839992 0
vt 0.564729989 0.630930007 0
vt 0.550750017 0.62857002 0
vt 0.65377003 0.0258000009 0
vt 0.660790026 0.0223399997 0
vt 0.66821003 0.0409500003 0
vt 0.306629986 0.753400028 0
vt 0.253580004 0.764880002 0
vt 0.257400006 0.760110021 0
vt 0.253580004 0.764880002 0
vt 0.197559997 0.779980004 0
vt 0.249720007 0.762399971 0
vt 0.0470700003 0.745670021 0
vt 0.0783099979 0.71758002 0
vt 0.0818900019 0.748440027 0
vt 0.0852899998 0.706260026 0
vt 0.0988700017 0.720380008 0
vt 0.0877899975 0.747510016 0
vt 0.179370001 0.0386799984 0
vt 0.165629998 0.0355800018 0
vt 0.165179998 0.0304300003 0
vt 0.153270006 0.0579300001 0
vt 0.143360004 0.0203000009 0
vt 0.161980003 0.034740001 0
vt 0.630219996 0.707729995 0
vt 0.633759975 0.681930006 0
vt 0.638979971 0.697250009 0
vt 0.648230016 0.734870017 0
vt 0.650650024 0.713429987 0
vt 0.662509978 0.745689988 0
vt 0.507979989 0.172509998 0
vt 0.521839976 0.179169998 0
vt 0.507990003 0.215729997 0
vt 0.494879991 0.183249995 0
vt 0.488510013 0.244190007 0
vt 0.47815001 0.239130005 0
vt 0.0903699994 0.215210006 0
vt 0.101939999 0.180040002 0
vt 0.115659997 0.208649993 0
vt 0.0848499984 0.131669998 0
vt 0.0976099968 0.101180002 0
vt 0.106899999 0.139259994 0
vt 0.0800900012 0.678250015 0
vt 0.0783099979 0.71758002 0
vt 0.0526299998 0.70678997 0
vt 0.0992500037 0.59841001 0
vt 0.0812999979 0.67098999 0
vt 0.0501599982 0.676389992 0
vt 0.254970014 0.537389994 0
vt 0.272760004 0.506889999 0
vt 0.297839999 0.527289987 0
vt 0.89872998 0.440739989 0
vt 0.955850005 0.421050012 0
vt 0.932280004 0.45570001 0
vt 0.158700004 0.0294300001 0
vt 0.143360004 0.0203000009 0
vt 0.165179998 0.0304300003 0
vt 0.761059999 0.0956299976 0
vt 0.75928998 0.0640899986 0
vt 0.796840012 0.129470006 0
vt 0.31904 0.705299973 0
vt 0.299160004 0.718100011 0
vt 0.300940007 0.698889971 0
vt 0.319469988 0.687449992 0
vt 0.372379988 0.700720012 0
vt 0.31904 0.705299973 0
vt 0.507640004 0.339439988 0
vt 0.501129985 0.301719993 0
vt 0.512009978 0.299140006 0
vt 0.479779989 0.300709993 0
vt 0.497539997 0.34454 0
vt 0.470759988 0.344610006 0
vt 0.207949996 0.208169997 0
vt 0.189250007 0.163839996 0
vt 0.20984 0.169220001 0
vt 0.20984 0.169220001 0
vt 0.174319997 0.132469997 0
vt 0.181669995 0.124679998 0
vt 0.76354003 0.911059976 0
vt 0.723580003 0.907509983 0
vt 0.755819976 0.899749994 0
vt 0.798870027 0.896830022 0
vt 0.789160013 0.908770025 0
vt 0.78046 0.898670018 0
vt 0.685639977 0.334219992 0
vt 0.719680011 0.342530012 0
vt 0.684610009 0.371190012 0
vt 0.68076998 0.332219988 0
vt 0.678059995 0.370119989 0
vt 0.669080019 0.258230001 0
vt 0.10864 0.485799998 0
vt 0.0826399997 0.442129999 0
vt 0.112089999 0.484450012 0
vt 0.987269998 0.401749998 0
vt 0.980289996 0.362260014 0
vt 0.987730026 0.38448 0
vt 0.512639999 0.689930022 0
vt 0.519749999 0.704569995 0
vt 0.491849989 0.709689975 0
vt 0.512639999 0.689930022 0
vt 0.491849989 0.709689975 0
vt 0.445989996 0.698409975 0
vt 0.131150007 0.0798199996 0
vt 0.133479998 0.0742599964 0
vt 0.141350001 0.0857700035 0
vt 0.14666 0.107009999 0
vt 0.148780003 0.0954800025 0
vt 0.157539994 0.107749999 0
vt 0.125850007 0.703750014 0
vt 0.127340004 0.672710001 0
vt 0.144800007 0.688319981 0
vt 0.174769998 0.668500006 0
vt 0.144800007 0.688319981 0
vt 0.140249997 0.661729991 0
vt 0.218180001 0.415679991 0
vt 0.203360006 0.447459996 0
vt 0.210879996 0.420419991 0
vt 0.169459999 0.406780005 0
vt 0.205809996 0.398970008 0
vt 0.210879996 0.420419991 0
vt 0.882629991 0.118359998 0
vt 0.890879989 0.136500001 0
vt 0.866060019 0.140290007 0
vt 0.00956999976 0.11987 0
vt 0.00237999996 0.131549999 0
vt 0.0136399996 0.0860399976 0
vt 0.685639977 0.594969988 0
vt 0.719489992 0.585430026 0
vt 0.718479991 0.589240015 0
vt 0.75910002 0.590399981 0
vt 0.750930011 0.584869981 0
vt 0.77414 0.591040015 0
vt 0.313769996 0.0996700004 0
vt 0.296880007 0.0752300024 0
vt 0.327250004 0.0905200019 0
vt 0.235990003 0.0689300001 0
vt 0.296880007 0.0752300024 0
vt 0.313769996 0.0996700004 0
vt 0.133440003 0.15185 0
vt 0.160490006 0.129460007 0
vt 0.165700004 0.147960007 0
vt 0.165700004 0.147960007 0
vt 0.160490006 0.129460007 0
vt 0.174319997 0.132469997 0
vt 0.0436399989 0.782540023 0
vt 0.0717800036 0.792010009 0
vt 0.0518199988 0.788079977 0
vt 0.0436399989 0.782540023 0
vt 0.0518199988 0.788079977 0
vt 0.0383200012 0.782199979 0
vt 0.664300025 0.830709994 0
vt 0.662349999 0.805239975 0
vt 0.678780019 0.821680009 0
vt 0.691569984 0.825489998 0
vt 0.702030003 0.840210021 0
vt 0.680190027 0.839060009 0
vt 0.681389987 0.470169991 0
vt 0.67681998 0.489360005 0
vt 0.672810018 0.458160013 0
vt 0.678059995 0.370119989 0
vt 0.681410015 0.453960001 0
vt 0.673380017 0.442479998 0
vt 0.76038003 0.672800004 0
vt 0.770810008 0.657329977 0
vt 0.784799993 0.703769982 0
vt 0.740769982 0.643570006 0
vt 0.777960002 0.611930013 0
vt 0.770229995 0.640169978 0
vt 0.604200006 0.188590005 0
vt 0.620840013 0.207220003 0
vt 0.618319988 0.271519989 0
vt 0.604160011 0.148880005 0
vt 0.595040023 0.153060004 0
vt 0.599919975 0.113279998 0
vt 0.825720012 0.776289999 0
vt 0.824490011 0.804109991 0
vt 0.820540011 0.798099995 0
vt 0.816609979 0.832840025 0
vt 0.816389978 0.826020002 0
vt 0.822899997 0.821060002 0
vt 0.602569997 0.795350015 0
vt 0.611360013 0.764460027 0
vt 0.621100008 0.774919987 0
vt 0.627560019 0.788190007 0
vt 0.618889987 0.757160008 0
vt 0.653190017 0.777059972 0
vt 0.398200005 0.38398999 0
vt 0.39004001 0.401349992 0
vt 0.383469999 0.388509989 0
vt 0.383469999 0.388509989 0
vt 0.386209995 0.420910001 0
vt 0.374330014 0.420289993 0
vt 0.885590017 0.38883999 0
vt 0.90061003 0.367740005 0
vt 0.92750001 0.376910001 0
vt 0.924679995 0.275290012 0
vt 0.946259975 0.26662001 0
vt 0.94848001 0.336270005 0
vt 0.715759993 0.840619981 0
vt 0.71776998 0.824000001 0
vt 0.730400026 0.827650011 0
vt 0.728190005 0.780319989 0
vt 0.741810024 0.794499993 0
vt 0.729160011 0.807799995 0
vt 0.833959997 0.683619976 0
vt 0.835730016 0.707750022 0
vt 0.829550028 0.70994997 0
vt 0.82227999 0.742850006 0
vt 0.834150016 0.734189987 0
vt 0.813019991 0.768350005 0
vt 0.76038003 0.672800004 0
vt 0.733850002 0.652310014 0
vt 0.770810008 0.657329977 0
vt 0.701799989 0.698189974 0
vt 0.733850002 0.652310014 0
vt 0.748570025 0.683969975 0
vt 0.389899999 0.449550003 0
vt 0.414299995 0.390540004 0
vt 0.39271 0.456 0
vt 0.83592999 0.474180013 0
vt 0.872749984 0.479380012 0
vt 0.862760007 0.486919999 0
vt 0.988150001 0.408419997 0
vt 0.980679989 0.435799986 0
vt 0.987269998 0.401749998 0
vt 0.149920002 0.507139981 0
vt 0.157949999 0.515940011 0
vt 0.136439994 0.502250016 0
vt 0.255609989 0.404599994 0
vt 0.288560003 0.394410014 0
vt 0.27116999 0.402740002 0
vt 0.27116999 0.402740002 0
vt 0.265540004 0.438820004 0
vt 0.255609989 0.404599994 0
vt 0.0650700033 0.115460001 0
vt 0.0782200024 0.0833899975 0
vt 0.076700002 0.118069999 0
vt 0.0667700022 0.125699997 0
vt 0.0779199973 0.138789997 0
vt 0.0622599982 0.14971 0
vt 0.0341099985 0.290179998 0
vt 0.0218000002 0.246409997 0
vt 0.0396899991 0.256680012 0
vt 0.0191399995 0.277319998 0
vt 0.0227600001 0.303979993 0
vt 0.00781999994 0.242510006 0
vt 0.400330007 0.378300011 0
vt 0.421339989 0.38113001 0
vt 0.414299995 0.390540004 0
vt 0.421339989 0.38113001 0
vt 0.39271 0.456 0
vt 0.414299995 0.390540004 0
vt 0.831059992 0.607110023 0
vt 0.840659976 0.613139987 0
vt 0.841120005 0.624949992 0
vt 0.840659976 0.613139987 0
vt 0.827979982 0.60315001 0
vt 0.840600014 0.595239997 0
vt 0.83780998 0.852029979 0
vt 0.833999991 0.877799988 0
vt 0.825370014 0.859179974 0
vt 0.814769983 0.860239983 0
vt 0.823849976 0.885140002 0
vt 0.809889972 0.892250001 0
vt 0.481579989 0.591809988 0
vt 0.51157999 0.609380007 0
vt 0.461930007 0.587220013 0
vt 0.684069991 0.0614599995 0
vt 0.67750001 0.0423399992 0
vt 0.69878 0.0639600009 0
vt 0.284119993 0.718569994 0
vt 0.299030006 0.732270002 0
vt 0.261689991 0.725239992 0
vt 0.300940007 0.698889971 0
vt 0.299160004 0.718100011 0
vt 0.284119993 0.718569994 0
vt 0.577160001 0.12393 0
vt 0.576740026 0.0942699984 0
vt 0.588670015 0.0971200019 0
vt 0.576740026 0.0942699984 0
vt 0.58367002 0.071800001 0
vt 0.588670015 0.0971200019 0
vt 0.424849987 0.859089971 0
vt 0.462599993 0.822359979 0
vt 0.449250013 0.861119986 0
vt 0.424849987 0.859089971 0
vt 0.444079995 0.877189994 0
vt 0.42840001 0.907760024 0
vt 0.494129986 0.97803998 0
vt 0.475199997 0.969990015 0
vt 0.484140009 0.966220021 0
vt 0.495139986 0.982720017 0
vt 0.486229986 0.997569978 0
vt 0.477959991 0.989250004 0
vt 0.979700029 0.441309988 0
vt 0.963769972 0.443450004 0
vt 0.980679989 0.435799986 0
vt 0.167439997 0.518480003 0
vt 0.207929999 0.52779001 0
vt 0.205950007 0.531159997 0
vt 0.726509988 0.189850003 0
vt 0.724749982 0.157000005 0
vt 0.739180028 0.191239998 0
vt 0.739180028 0.191239998 0
vt 0.722970009 0.146950006 0
vt 0.730340004 0.130989999 0
vt 0.534799993 0.906700015 0
vt 0.555419981 0.921630025 0
vt 0.527649999 0.928269982 0
vt 0.498629987 0.90933001 0
vt 0.513320029 0.910969973 0
vt 0.505729973 0.936959982 0
vt 0.503120005 0.463079989 0
vt 0.503960013 0.405959994 0
vt 0.505289972 0.434139997 0
vt 0.506030023 0.399170011 0
vt 0.534619987 0.424919993 0
vt 0.505289972 0.434139997 0
vt 0.670350015 0.790799975 0
vt 0.683579981 0.772599995 0
vt 0.693000019 0.788649976 0
vt 0.697960019 0.772729993 0
vt 0.72262001 0.777480006 0
vt 0.711279988 0.783179998 0
vt 0.879700005 0.389899999 0
vt 0.890330017 0.434839994 0
vt 0.847069979 0.432229996 0
vt 0.872749984 0.479380012 0
vt 0.86135 0.458310008 0
vt 0.890330017 0.434839994 0
vt 0.609700024 0.74849999 0
vt 0.599659979 0.760469973 0
vt 0.597180009 0.747669995 0
vt 0.581290007 0.753369987 0
vt 0.591560006 0.746569991 0
vt 0.594380021 0.758229971 0
vt 0.0450799987 0.807739973 0
vt 0.0424599983 0.815840006 0
vt 0.0295100007 0.798219979 0
vt 0.0424599983 0.815840006 0
vt 0.0450799987 0.807739973 0
vt 0.0731600001 0.834969997 0
vt 0.613839984 0.66377002 0
vt 0.635609984 0.660430014 0
vt 0.627300024 0.682020009 0
vt 0.629310012 0.686869979 0
vt 0.633759975 0.681930006 0
vt 0.630219996 0.707729995 0
vt 0.347119987 0.206039995 0
vt 0.335099995 0.174370006 0
vt 0.352600008 0.175699994 0
vt 0.76424998 0.311580002 0
vt 0.778729975 0.360989988 0
vt 0.757920027 0.331059992 0
vt 0.110890001 0.366549999 0
vt 0.124930002 0.392839998 0
vt 0.0859199986 0.376740009 0
vt 0.110890001 0.366549999 0
vt 0.134780005 0.390899986 0
vt 0.135409996 0.402619988 0
vt 0.554920018 0.143879995 0
vt 0.561399996 0.156849995 0
vt 0.535549998 0.202800006 0
vt 0.53530997 0.177369997 0
vt 0.561399996 0.124229997 0
vt 0.541450024 0.171059996 0
vt 0.0278099999 0.637549996 0
vt 0.0385700017 0.624310017 0
vt 0.0186599996 0.654919982 0
vt 0.037250001 0.608829975 0
vt 0.0385700017 0.624310017 0
vt 0.0227199998 0.632369995 0
vt 0.174850002 0.733110011 0
vt 0.166429996 0.735360026 0
vt 0.185929999 0.680939972 0
vt 0.173950002 0.740960002 0
vt 0.173199996 0.785860002 0
vt 0.166429996 0.735360026 0
vt 0.782119989 0.293440014 0
vt 0.797039986 0.295749992 0
vt 0.779429972 0.31742999 0
vt 0.797039986 0.295749992 0
vt 0.789839983 0.275070012 0
vt 0.835940003 0.263489991 0
vt 0.466829985 0.921329975 0
vt 0.474530011 0.939050019 0
vt 0.443940014 0.950160027 0
vt 0.466829985 0.921329975 0
vt 0.484270006 0.909420013 0
vt 0.486259997 0.929180026 0
vt 0.364549994 0.377130002 0
vt 0.347779989 0.326090008 0
vt 0.383300006 0.376249999 0
vt 0.319840014 0.326649994 0
vt 0.347779989 0.326090008 0
vt 0.364549994 0.377130002 0
vt 0.600549996 0.0627499968 0
vt 0.594690025 0.0545700006 0
vt 0.60266 0.0469200015 0
vt 0.600549996 0.0627499968 0
vt 0.588670015 0.0971200019 0
vt 0.58367002 0.071800001 0
vt 0.459600002 0.782909989 0
vt 0.476749986 0.773169994 0
vt 0.470120013 0.79806 0
vt 0.4199 0.802190006 0
vt 0.450049996 0.810289979 0
vt 0.403930008 0.83051002 0
vt 0.15151 0.789089978 0
vt 0.137799993 0.793669999 0
vt 0.0876199976 0.797219992 0
vt 0.230859995 0.766589999 0
vt 0.197559997 0.779980004 0
vt 0.202649996 0.774200022 0
vt 0.540380001 0.0764599964 0
vt 0.55223 0.0821700022 0
vt 0.534609973 0.110619999 0
vt 0.561399996 0.124229997 0
vt 0.54606998 0.119180001 0
vt 0.562030017 0.0914800018 0
vt 0.633979976 0.0358499996 0
vt 0.616900027 0.0301600005 0
vt 0.617850006 0.0157399997 0
vt 0.654429972 0.0754899979 0
vt 0.636900008 0.0542099997 0
vt 0.648249984 0.0523299985 0
vt 0.4199 0.802190006 0
vt 0.403930008 0.83051002 0
vt 0.366079986 0.837239981 0
vt 0.361189991 0.849049985 0
vt 0.363970011 0.878600001 0
vt 0.349869996 0.894860029 0
vt 0.134719998 0.746219993 0
vt 0.130669996 0.775709987 0
vt 0.123400003 0.74447 0
vt 0.155420005 0.736769974 0
vt 0.134719998 0.746219993 0
vt 0.123400003 0.74447 0
vt 0.126819998 0.436839998 0
vt 0.1611 0.437739998 0
vt 0.144720003 0.455969989 0
vt 0.101099998 0.461760014 0
vt 0.126819998 0.436839998 0
vt 0.144720003 0.455969989 0
vt 0.779429972 0.31742999 0
vt 0.794030011 0.348309994 0
vt 0.778729975 0.360989988 0
vt 0.782320023 0.374379992 0
vt 0.790130019 0.374740005 0
vt 0.781400025 0.390989989 0
vt 0.353619993 0.417459995 0
vt 0.383469999 0.388509989 0
vt 0.36601001 0.414979994 0
vt 0.36601001 0.414979994 0
vt 0.381570011 0.444110006 0
vt 0.353619993 0.417459995 0
vt 0.366079986 0.837239981 0
vt 0.350279987 0.826770008 0
vt 0.375660002 0.818099976 0
vt 0.375660002 0.818099976 0
vt 0.4199 0.802190006 0
vt 0.366079986 0.837239981 0
vt 0.813019991 0.768350005 0
vt 0.834150016 0.734189987 0
vt 0.819939971 0.768719971 0
vt 0.810280025 0.776480019 0
vt 0.820500016 0.778460026 0
vt 0.809379995 0.797410011 0
vt 0.701799989 0.698189974 0
vt 0.681620002 0.678860009 0
vt 0.686779976 0.663129985 0
vt 0.692120016 0.717260003 0
vt 0.701799989 0.698189974 0
vt 0.715089977 0.749329984 0
vt 0.701590002 0.141110003 0
vt 0.713029981 0.179920003 0
vt 0.69739002 0.173150003 0
vt 0.68690002 0.136079997 0
vt 0.69739002 0.173150003 0
vt 0.676949978 0.173710003 0
vt 0.394840002 0.851999998 0
vt 0.394400001 0.893670022 0
vt 0.382829994 0.902209997 0
vt 0.361189991 0.849049985 0
vt 0.394840002 0.851999998 0
vt 0.379269987 0.863860011 0
vt 0.0876199976 0.797219992 0
vt 0.0809900016 0.79855001 0
vt 0.0774300024 0.795430005 0
vt 0.0518199988 0.788079977 0
vt 0.0774300024 0.795430005 0
vt 0.0700000003 0.79519999 0
vt 0.891309977 0.829569995 0
vt 0.883790016 0.84570998 0
vt 0.878790021 0.84108001 0
vt 0.883790016 0.84570998 0
vt 0.858319998 0.876410007 0
vt 0.869090021 0.854650021 0
vt 0.583090007 0.697210014 0
vt 0.601930022 0.695190012 0
vt 0.584619999 0.716019988 0
vt 0.57476002 0.901530027 0
vt 0.576319993 0.924979985 0
vt 0.568199992 0.926779985 0
vt 0.637669981 0.135800004 0
vt 0.646309972 0.213980004 0
vt 0.638289988 0.172399998 0
vt 0.613990009 0.148110002 0
vt 0.638289988 0.172399998 0
vt 0.646309972 0.213980004 0
vt 0.492760003 0.509500027 0
vt 0.54282999 0.502550006 0
vt 0.501730025 0.529770017 0
vt 0.094750002 0.842119992 0
vt 0.082659997 0.836260021 0
vt 0.0847000033 0.81020999 0
vt 0.143800005 0.400929987 0
vt 0.161880001 0.372070014 0
vt 0.178320006 0.381190002 0
vt 0.192870006 0.363240004 0
vt 0.181569993 0.34029001 0
vt 0.205899999 0.379709989 0
vt 0.573080003 0.800059974 0
vt 0.585950017 0.817250013 0
vt 0.582430005 0.822300017 0
vt 0.597169995 0.645179987 0
vt 0.610029995 0.628989995 0
vt 0.616980016 0.626150012 0
vt 0.0365700014 0.105149999 0
vt 0.0414699987 0.0957100019 0
vt 0.0541700013 0.0965100005 0
vt 0.00367000001 0.140259996 0
vt 0.00956999976 0.11987 0
vt 0.00980999973 0.12872 0
vt 0.0826399997 0.442129999 0
vt 0.0757900029 0.427350014 0
vt 0.112089999 0.484450012 0
vt 0.0352299996 0.333920002 0
vt 0.0530500002 0.386420012 0
vt 0.0526699983 0.392230004 0
vt 0.161880001 0.372070014 0
vt 0.181569993 0.34029001 0
vt 0.192870006 0.363240004 0
vt 0.160290003 0.347369999 0
vt 0.166119993 0.3116 0
vt 0.181569993 0.34029001 0
vt 0.150340006 0.819589972 0
vt 0.101740003 0.842729986 0
vt 0.094630003 0.818509996 0
vt 0.0847000033 0.81020999 0
vt 0.094630003 0.818509996 0
vt 0.094750002 0.842119992 0
vt 0.594690025 0.0545700006 0
vt 0.590699971 0.0422799997 0
vt 0.60266 0.0469200015 0
vt 0.613089979 0.0416399986 0
vt 0.60266 0.0469200015 0
vt 0.602219999 0.0298100002 0
vt 0.276309997 0.702329993 0
vt 0.261689991 0.725239992 0
vt 0.269710004 0.695670009 0
vt 0.252059996 0.722729981 0
vt 0.234830007 0.702409983 0
vt 0.261229992 0.692229986 0
vt 0.718479991 0.589240015 0
vt 0.719489992 0.585430026 0
vt 0.73793 0.589079976 0
vt 0.740769982 0.643570006 0
vt 0.735230029 0.606840014 0
vt 0.753059983 0.59088999 0
vt 0.31073001 0.408850014 0
vt 0.317790002 0.393570006 0
vt 0.325470001 0.405090004 0
vt 0.314909995 0.415320009 0
vt 0.319709986 0.419099987 0
vt 0.296339989 0.429949999 0
vt 0.224940002 0.568840027 0
vt 0.262230009 0.568059981 0
vt 0.255840003 0.572780013 0
vt 0.224940002 0.568840027 0
vt 0.230680004 0.570900023 0
vt 0.190970004 0.575089991 0
vt 0.828960001 0.617229998 0
vt 0.831059992 0.607110023 0
vt 0.836380005 0.627240002 0
vt 0.832859993 0.657410026 0
vt 0.823379993 0.636889994 0
vt 0.836380005 0.627240002 0
vt 0.0540999994 0.128230006 0
vt 0.0667700022 0.125699997 0
vt 0.0490199998 0.149269998 0
vt 0.0205899999 0.121239997 0
vt 0.0451299995 0.113609999 0
vt 0.0466400012 0.138479993 0
vt 0.895969987 0.69016999 0
vt 0.88696003 0.661140025 0
vt 0.908460021 0.705669999 0
vt 0.847050011 0.687579989 0
vt 0.896210015 0.69461 0
vt 0.904049993 0.713959992 0
vt 0.267800003 0.261839986 0
vt 0.271690011 0.253529996 0
vt 0.286529988 0.289079994 0
vt 0.252310008 0.234209999 0
vt 0.219640002 0.184049994 0
vt 0.237039998 0.199699998 0
vt 0.798139989 0.182380006 0
vt 0.825919986 0.197019994 0
vt 0.792949975 0.214330003 0
vt 0.798139989 0.182380006 0
vt 0.822030008 0.166989997 0
vt 0.825919986 0.197019994 0
vt 0.540380001 0.0764599964 0
vt 0.552969992 0.0554299988 0
vt 0.55223 0.0821700022 0
vt 0.517549992 0.0853499994 0
vt 0.512179971 0.0718500018 0
vt 0.537069976 0.0551699996 0
vt 0.229059994 0.747080028 0
vt 0.230859995 0.766589999 0
vt 0.202549994 0.755379975 0
vt 0.224680007 0.73168999 0
vt 0.202549994 0.755379975 0
vt 0.173950002 0.740960002 0
vt 0.238279998 0.217289999 0
vt 0.219640002 0.184049994 0
vt 0.252310008 0.234209999 0
vt 0.219640002 0.184049994 0
vt 0.229519993 0.215000004 0
vt 0.214320004 0.196319997 0
vt 0.310699999 0.515410006 0
vt 0.297839999 0.527289987 0
vt 0.272760004 0.506889999 0
vt 0.309819996 0.500710011 0
vt 0.348839998 0.480479985 0
vt 0.310699999 0.515410006 0
vt 0.715089977 0.749329984 0
vt 0.701799989 0.698189974 0
vt 0.72943002 0.741209984 0
vt 0.72943002 0.741209984 0
vt 0.735289991 0.762199998 0
vt 0.715089977 0.749329984 0
vt 0.223839998 0.726700008 0
vt 0.234830007 0.702409983 0
vt 0.252059996 0.722729981 0
vt 0.213400006 0.70095998 0
vt 0.223839998 0.726700008 0
vt 0.174850002 0.733110011 0
vt 0.764800012 0.37360999 0
vt 0.781400025 0.390989989 0
vt 0.784560025 0.407099992 0
vt 0.784560025 0.407099992 0
vt 0.781400025 0.390989989 0
vt 0.790130019 0.374740005 0
vt 0.267800003 0.261839986 0
vt 0.286529988 0.289079994 0
vt 0.287640005 0.30054 0
vt 0.290989995 0.298750013 0
vt 0.347779989 0.326090008 0
vt 0.319840014 0.326649994 0
vt 0.67809999 0.583239973 0
vt 0.654720008 0.587589979 0
vt 0.670469999 0.580959976 0
vt 0.68779999 0.56269002 0
vt 0.701889992 0.543990016 0
vt 0.682340026 0.576610029 0
vt 0.169459999 0.406780005 0
vt 0.143800005 0.400929987 0
vt 0.178320006 0.381190002 0
vt 0.157049999 0.424419999 0
vt 0.143800005 0.400929987 0
vt 0.160809994 0.418599993 0
vt 0.466789991 0.28639999 0
vt 0.45618999 0.331640005 0
vt 0.435579985 0.283279985 0
vt 0.466789991 0.28639999 0
vt 0.479779989 0.300709993 0
vt 0.45618999 0.331640005 0
vt 0.687860012 0.655380011 0
vt 0.661840022 0.655409992 0
vt 0.679520011 0.636910021 0
vt 0.687860012 0.655380011 0
vt 0.679520011 0.636910021 0
vt 0.692430019 0.636229992 0
vt 0.548940003 0.63331002 0
vt 0.485229999 0.656509995 0
vt 0.490429997 0.629040003 0
vt 0.51157999 0.609380007 0
vt 0.548940003 0.63331002 0
vt 0.490429997 0.629040003 0
vt 0.729160011 0.807799995 0
vt 0.743350029 0.808030009 0
vt 0.730400026 0.827650011 0
vt 0.743350029 0.808030009 0
vt 0.766380012 0.804289997 0
vt 0.748099983 0.822399974 0
vt 0.342929989 0.879220009 0
vt 0.348080009 0.864279985 0
vt 0.349869996 0.894860029 0
vt 0.336690009 0.85898 0
vt 0.348080009 0.864279985 0
vt 0.342929989 0.879220009 0
vt 0.0799499974 0.588850021 0
vt 0.100759998 0.587819993 0
vt 0.0748099983 0.592939973 0
vt 0.0548699982 0.597299993 0
vt 0.0393400006 0.596080005 0
vt 0.0619199984 0.592079997 0
vt 0.837650001 0.830359995 0
vt 0.844529986 0.843970001 0
vt 0.822430015 0.836019993 0
vt 0.854149997 0.829360008 0
vt 0.878790021 0.84108001 0
vt 0.844529986 0.843970001 0
vt 0.153270006 0.0579300001 0
vt 0.183660001 0.0444299988 0
vt 0.15772 0.074000001 0
vt 0.161589995 0.0989399999 0
vt 0.148770005 0.0676700026 0
vt 0.163859993 0.0900000036 0
vt 0.524119973 0.941550016 0
vt 0.545029998 0.951629996 0
vt 0.523689985 0.95848 0
vt 0.540279984 0.960349977 0
vt 0.530420005 0.97191 0
vt 0.527159989 0.961979985 0
vt 0.595170021 0.37834999 0
vt 0.621990025 0.360949993 0
vt 0.638010025 0.405869991 0
vt 0.576810002 0.307139993 0
vt 0.607930005 0.313410014 0
vt 0.57960999 0.336899996 0
vt 0.181569993 0.34029001 0
vt 0.213809997 0.303359985 0
vt 0.199489996 0.337579995 0
vt 0.171309993 0.311260015 0
vt 0.214729995 0.279410005 0
vt 0.181569993 0.34029001 0
vt 0.81230998 0.692290008 0
vt 0.823220015 0.699150026 0
vt 0.813759983 0.707509995 0
vt 0.792620003 0.691529989 0
vt 0.81230998 0.692290008 0
vt 0.813759983 0.707509995 0
vt 0.0260099992 0.757229984 0
vt 0.0268900003 0.741270006 0
vt 0.02984 0.754700005 0
vt 0.0268900003 0.741270006 0
vt 0.0232599992 0.709699988 0
vt 0.0286500007 0.73793 0
vt 0.108609997 0.17069 0
vt 0.0992299989 0.160280004 0
vt 0.106899999 0.139259994 0
vt 0.108609997 0.17069 0
vt 0.133440003 0.15185 0
vt 0.154980004 0.181390002 0
vt 0.203360006 0.447459996 0
vt 0.224490002 0.441489995 0
vt 0.220730007 0.461010009 0
vt 0.203360006 0.447459996 0
vt 0.218180001 0.415679991 0
vt 0.224490002 0.441489995 0
vt 0.568509996 0.750540018 0
vt 0.584619999 0.716019988 0
vt 0.591560006 0.746569991 0
vt 0.566229999 0.935819983 0
vt 0.576319993 0.924979985 0
vt 0.57288003 0.947380006 0
vt 0.0311699994 0.778310001 0
vt 0.0260099992 0.757229984 0
vt 0.02984 0.754700005 0
vt 0.0311699994 0.778310001 0
vt 0.0218899995 0.787259996 0
vt 0.0267699994 0.776690006 0
vt 0.763220012 0.868709981 0
vt 0.758509994 0.855639994 0
vt 0.773630023 0.859420002 0
vt 0.763220012 0.868709981 0
vt 0.773630023 0.859420002 0
vt 0.772159994 0.878579974 0
vt 0.834909976 0.101810001 0
vt 0.844259977 0.0786899999 0
vt 0.873449981 0.0985499993 0
vt 0.811349988 0.0907000005 0
vt 0.844259977 0.0786899999 0
vt 0.834909976 0.101810001 0
vt 0.639540017 0.598640025 0
vt 0.617950022 0.599009991 0
vt 0.646709979 0.589890003 0
vt 0.0190600008 0.687259972 0
vt 0.0142599996 0.693270028 0
vt 0.0125000002 0.677169979 0
vt 0.0779199973 0.138789997 0
vt 0.0848499984 0.131669998 0
vt 0.0890699998 0.158470005 0
vt 0.115960002 0.192589998 0
vt 0.101939999 0.180040002 0
vt 0.0992299989 0.160280004 0
vt 0.352070004 0.758939981 0
vt 0.307969987 0.779609978 0
vt 0.303629994 0.756869972 0
vt 0.303629994 0.756869972 0
vt 0.307969987 0.779609978 0
vt 0.274679989 0.762189984 0
vt 0.670350015 0.790799975 0
vt 0.689230025 0.804719985 0
vt 0.662349999 0.805239975 0
vt 0.653190017 0.777059972 0
vt 0.636179984 0.794210017 0
vt 0.627560019 0.788190007 0
vt 0.774540007 0.184900001 0
vt 0.787940025 0.165889993 0
vt 0.798139989 0.182380006 0
vt 0.798139989 0.182380006 0
vt 0.804279983 0.148829997 0
vt 0.822030008 0.166989997 0
vt 0.844259977 0.0786899999 0
vt 0.872810006 0.0927200019 0
vt 0.873449981 0.0985499993 0
vt 0.878170013 0.100019999 0
vt 0.89805001 0.142450005 0
vt 0.873449981 0.0985499993 0
vt 0.799570024 0.719780028 0
vt 0.784799993 0.703769982 0
vt 0.792620003 0.691529989 0
vt 0.770810008 0.657329977 0
vt 0.792620003 0.691529989 0
vt 0.784799993 0.703769982 0
vt 0.352010012 0.92592001 0
vt 0.340409994 0.89181 0
vt 0.350800008 0.910920024 0
vt 0.352010012 0.92592001 0
vt 0.350800008 0.910920024 0
vt 0.355690002 0.93362999 0
vt 0.212300003 0.15456 0
vt 0.195370004 0.134869993 0
vt 0.230729997 0.0990199968 0
vt 0.220459998 0.182280004 0
vt 0.206119999 0.153280005 0
vt 0.218960002 0.164419994 0
vt 0.613650024 0.828670025 0
vt 0.64526999 0.845860004 0
vt 0.64003998 0.862110019 0
vt 0.64003998 0.862110019 0
vt 0.667509973 0.860170007 0
vt 0.671819985 0.875389993 0
vt 0.084239997 0.278800011 0
vt 0.0499599986 0.254000008 0
vt 0.092840001 0.237059996 0
vt 0.104029998 0.268330008 0
vt 0.092840001 0.237059996 0
vt 0.128979996 0.234510005 0
vt 0.373169988 0.387820005 0
vt 0.383469999 0.388509989 0
vt 0.353619993 0.417459995 0
vt 0.374480009 0.383509994 0
vt 0.400330007 0.378300011 0
vt 0.383469999 0.388509989 0
vt 0.740769982 0.643570006 0
vt 0.765250027 0.611039996 0
vt 0.777960002 0.611930013 0
vt 0.777960002 0.611930013 0
vt 0.764590025 0.598160028 0
vt 0.771440029 0.594280005 0
vt 0.172470003 0.620119989 0
vt 0.17701 0.587419987 0
vt 0.204439998 0.583890021 0
vt 0.190819994 0.578689992 0
vt 0.230680004 0.570900023 0
vt 0.204439998 0.583890021 0
vt 0.182809994 0.0976999998 0
vt 0.182520002 0.0795800015 0
vt 0.205219999 0.0974199995 0
vt 0.161589995 0.0989399999 0
vt 0.163859993 0.0900000036 0
vt 0.177129999 0.111440003 0
vt 0.512009978 0.299140006 0
vt 0.514940023 0.297250003 0
vt 0.508170009 0.362170011 0
vt 0.520179987 0.252499998 0
vt 0.535549998 0.202800006 0
vt 0.527700007 0.235510007 0
vt 0.824209988 0.728049994 0
vt 0.813759983 0.707509995 0
vt 0.829550028 0.70994997 0
vt 0.832629979 0.726520002 0
vt 0.824209988 0.728049994 0
vt 0.829550028 0.70994997 0
vt 0.820540011 0.798099995 0
vt 0.813600004 0.810490012 0
vt 0.809379995 0.797410011 0
vt 0.824490011 0.804109991 0
vt 0.819779992 0.817219973 0
vt 0.820540011 0.798099995 0
vt 0.0573600009 0.0580400005 0
vt 0.0406300016 0.0598200001 0
vt 0.0654300004 0.0477299988 0
vt 0.0477400012 0.0382199995 0
vt 0.0559099987 0.0465999991 0
vt 0.0406300016 0.0598200001 0
vt 0.0218899995 0.787259996 0
vt 0.0241999999 0.809819996 0
vt 0.00858000014 0.799239993 0
vt 0.575909972 0.569840014 0
vt 0.555859983 0.568400025 0
vt 0.611079991 0.553960025 0
vt 0.662509978 0.745689988 0
vt 0.650650024 0.713429987 0
vt 0.667919993 0.731710017 0
vt 0.667919993 0.731710017 0
vt 0.687780023 0.763859987 0
vt 0.662509978 0.745689988 0
vt 0.813019991 0.768350005 0
vt 0.820500016 0.778460026 0
vt 0.810280025 0.776480019 0
vt 0.785329998 0.76849997 0
vt 0.782440007 0.75278002 0
vt 0.813019991 0.768350005 0
vt 0.237020001 0.241270006 0
vt 0.214320004 0.196319997 0
vt 0.229519993 0.215000004 0
vt 0.193220004 0.262800008 0
vt 0.207949996 0.208169997 0
vt 0.224299997 0.228220001 0
vt 0.32227999 0.606029987 0
vt 0.326539993 0.627020001 0
vt 0.315530002 0.623049974 0
vt 0.306540012 0.634079993 0
vt 0.315189987 0.642639995 0
vt 0.292860001 0.655420005 0
vt 0.878329992 0.722310007 0
vt 0.847050011 0.687579989 0
vt 0.897880018 0.732680023 0
vt 0.856599987 0.792100012 0
vt 0.878329992 0.722310007 0
vt 0.889310002 0.771380007 0
vt 0.325749993 0.169369996 0
vt 0.30934 0.147019997 0
vt 0.325590014 0.155939996 0
vt 0.292290002 0.133579999 0
vt 0.269160002 0.10402 0
vt 0.30934 0.147019997 0
vt 0.100589998 0.777419984 0
vt 0.121660002 0.7852 0
vt 0.0926899984 0.795509994 0
vt 0.123400003 0.74447 0
vt 0.121660002 0.7852 0
vt 0.115180001 0.767210007 0
vt 0.0955199972 0.0275999997 0
vt 0.122649997 0.0225499999 0
vt 0.099179998 0.04476 0
vt 0.125829995 0.0201600008 0
vt 0.0784000009 0.0301099997 0
vt 0.0534900017 0.0320300013 0
vt 0.0492700003 0.683309972 0
vt 0.0526299998 0.70678997 0
vt 0.0232599992 0.709699988 0
vt 0.0800900012 0.678250015 0
vt 0.0526299998 0.70678997 0
vt 0.0492700003 0.683309972 0
vt 0.843110025 0.712490022 0
vt 0.839709997 0.710979998 0
vt 0.843289971 0.688849986 0
vt 0.845579982 0.718240023 0
vt 0.847050011 0.687579989 0
vt 0.878329992 0.722310007 0
vt 0.303180009 0.149939999 0
vt 0.328280002 0.182370007 0
vt 0.315649986 0.208389997 0
vt 0.292290002 0.133579999 0
vt 0.30934 0.147019997 0
vt 0.325749993 0.169369996 0
vt 0.230680004 0.511829972 0
vt 0.178399995 0.498160005 0
vt 0.228049994 0.499379992 0
vt 0.230680004 0.511829972 0
vt 0.228049994 0.499379992 0
vt 0.237910002 0.507250011 0
vt 0.382719994 0.462989986 0
vt 0.383340001 0.455280006 0
vt 0.39271 0.456 0
vt 0.353619993 0.417459995 0
vt 0.383340001 0.455280006 0
vt 0.374009997 0.453139991 0
vt 0.468899995 0.760200024 0
vt 0.476749986 0.773169994 0
vt 0.459600002 0.782909989 0
vt 0.477299988 0.745620012 0
vt 0.483779997 0.738479972 0
vt 0.478020012 0.759130001 0
vt 0.75436002 0.892629981 0
vt 0.772159994 0.878579974 0
vt 0.78046 0.898670018 0
vt 0.76354003 0.911059976 0
vt 0.755819976 0.899749994 0
vt 0.78046 0.898670018 0
vt 0.276450008 0.160740003 0
vt 0.303180009 0.149939999 0
vt 0.294530004 0.183829993 0
vt 0.246030003 0.184630007 0
vt 0.276450008 0.160740003 0
vt 0.294530004 0.183829993 0
vt 0.501309991 0.96408999 0
vt 0.494129986 0.97803998 0
vt 0.484140009 0.966220021 0
vt 0.490979999 0.953960001 0
vt 0.458590001 0.962629974 0
vt 0.474530011 0.939050019 0
vt 0.108790003 0.798319995 0
vt 0.0876199976 0.797219992 0
vt 0.137799993 0.793669999 0
vt 0.0876199976 0.797219992 0
vt 0.0890000015 0.799470007 0
vt 0.0809900016 0.79855001 0
vt 0.633979976 0.0358499996 0
vt 0.625760019 0.0450499989 0
vt 0.616900027 0.0301600005 0
vt 0.62401998 0.0574299991 0
vt 0.611150026 0.0584600009 0
vt 0.613089979 0.0416399986 0
vt 0.901979983 0.772069991 0
vt 0.899649978 0.807850003 0
vt 0.889079988 0.792970002 0
vt 0.889079988 0.792970002 0
vt 0.898109972 0.758819997 0
vt 0.901979983 0.772069991 0
vt 0.307639986 0.351520002 0
vt 0.337269992 0.377570003 0
vt 0.328990012 0.387230009 0
vt 0.331459999 0.394349992 0
vt 0.328990012 0.387230009 0
vt 0.346240014 0.383720011 0
vt 0.661180019 0.229310006 0
vt 0.676949978 0.173710003 0
vt 0.669080019 0.258230001 0
vt 0.669080019 0.258230001 0
vt 0.678059995 0.370119989 0
vt 0.665449977 0.291880012 0
vt 0.637740016 0.544030011 0
vt 0.658179998 0.528400004 0
vt 0.662819982 0.532519996 0
vt 0.66486001 0.523270011 0
vt 0.673420012 0.51752001 0
vt 0.662819982 0.532519996 0
vt 0.54685998 0.688319981 0
vt 0.519749999 0.704569995 0
vt 0.512639999 0.689930022 0
vt 0.537069976 0.0551699996 0
vt 0.512179971 0.0718500018 0
vt 0.526189983 0.0391700007 0
vt 0.0757900029 0.427350014 0
vt 0.101099998 0.461760014 0
vt 0.112089999 0.484450012 0
vt 0.0806699991 0.428039998 0
vt 0.126819998 0.436839998 0
vt 0.101099998 0.461760014 0
vt 0.383300006 0.376249999 0
vt 0.400330007 0.378300011 0
vt 0.374480009 0.383509994 0
vt 0.383300006 0.376249999 0
vt 0.374480009 0.383509994 0
vt 0.364549994 0.377130002 0
vt 0.462599993 0.822359979 0
vt 0.507359982 0.791419983 0
vt 0.470719993 0.831459999 0
vt 0.462599993 0.822359979 0
vt 0.470719993 0.831459999 0
vt 0.449250013 0.861119986 0
vt 0.661270022 0.29073 0
vt 0.665449977 0.291880012 0
vt 0.666660011 0.33397001 0
vt 0.617649972 0.321770012 0
vt 0.650539994 0.311390013 0
vt 0.666660011 0.33397001 0
vt 0.569559991 0.902350008 0
vt 0.574129999 0.886399984 0
vt 0.57476002 0.901530027 0
vt 0.559050024 0.889810026 0
vt 0.574129999 0.886399984 0
vt 0.561320007 0.898570001 0
vt 0.883790016 0.84570998 0
vt 0.869090021 0.854650021 0
vt 0.878790021 0.84108001 0
vt 0.844529986 0.843970001 0
vt 0.878790021 0.84108001 0
vt 0.864839971 0.852429986 0
vt 0.532410026 0.571479976 0
vt 0.51582998 0.553470016 0
vt 0.527130008 0.547900021 0
vt 0.527130008 0.547900021 0
vt 0.51582998 0.553470016 0
vt 0.501730025 0.529770017 0
vt 0.400330007 0.378300011 0
vt 0.402759999 0.366769999 0
vt 0.421339989 0.38113001 0
vt 0.402759999 0.366769999 0
vt 0.400330007 0.378300011 0
vt 0.383300006 0.376249999 0
vt 0.548680007 0.617839992 0
vt 0.564100027 0.621659994 0
vt 0.564729989 0.630930007 0
vt 0.639330029 0.0172400009 0
vt 0.63993001 0.0293400008 0
vt 0.617850006 0.0157399997 0
vt 0.639789999 0.656390011 0
vt 0.647539973 0.624220014 0
vt 0.654900014 0.638369977 0
vt 0.657670021 0.611590028 0
vt 0.654900014 0.638369977 0
vt 0.647539973 0.624220014 0
vt 0.434610009 0.619530022 0
vt 0.490429997 0.629040003 0
vt 0.429129988 0.637390018 0
vt 0.351069987 0.605050027 0
vt 0.395319998 0.60939002 0
vt 0.379240006 0.630490005 0
vt 0.494129986 0.97803998 0
vt 0.4736 0.980340004 0
vt 0.468910009 0.974160016 0
vt 0.4736 0.980340004 0
vt 0.441430002 0.980139971 0
vt 0.468910009 0.974160016 0
vt 0.94848001 0.336270005 0
vt 0.980289996 0.362260014 0
vt 0.958199978 0.367870003 0
vt 0.924329996 0.332599998 0
vt 0.94848001 0.336270005 0
vt 0.92750001 0.376910001 0
vt 0.611360013 0.764460027 0
vt 0.618889987 0.757160008 0
vt 0.621100008 0.774919987 0
vt 0.611360013 0.764460027 0
vt 0.609700024 0.74849999 0
vt 0.618889987 0.757160008 0
vt 0.129130006 0.0819699988 0
vt 0.148780003 0.0954800025 0
vt 0.135890007 0.0932599977 0
vt 0.11654 0.0908999965 0
vt 0.129130006 0.0819699988 0
vt 0.135890007 0.0932599977 0
vt 0.0748099983 0.592939973 0
vt 0.100759998 0.587819993 0
vt 0.102860004 0.589510024 0
vt 0.170359999 0.580449998 0
vt 0.102860004 0.589510024 0
vt 0.100759998 0.587819993 0
vt 0.563040018 0.173810005 0
vt 0.571120024 0.143920004 0
vt 0.588440001 0.168630004 0
vt 0.561399996 0.156849995 0
vt 0.568840027 0.115649998 0
vt 0.571120024 0.143920004 0
vt 0.319469988 0.687449992 0
vt 0.31904 0.705299973 0
vt 0.300940007 0.698889971 0
vt 0.307810009 0.66940999 0
vt 0.323430002 0.647459984 0
vt 0.326090008 0.667379975 0
vt 0.197420001 0.651629984 0
vt 0.215450004 0.615199983 0
vt 0.203960001 0.657760024 0
vt 0.203960001 0.657760024 0
vt 0.186360002 0.706430018 0
vt 0.197420001 0.651629984 0
vt 0.0976099968 0.101180002 0
vt 0.10898 0.0716700032 0
vt 0.113190003 0.0883100033 0
vt 0.11654 0.0908999965 0
vt 0.120970003 0.102499999 0
vt 0.0976099968 0.101180002 0
vt 0.0451299995 0.113609999 0
vt 0.0540999994 0.128230006 0
vt 0.0466400012 0.138479993 0
vt 0.0451299995 0.113609999 0
vt 0.0541700013 0.0965100005 0
vt 0.0540999994 0.128230006 0
vt 0.376359999 0.585659981 0
vt 0.351069987 0.605050027 0
vt 0.322459996 0.584290028 0
vt 0.781350017 0.245810002 0
vt 0.74642998 0.202370003 0
vt 0.767390013 0.209670007 0
vt 0.639330029 0.0172400009 0
vt 0.623139977 0.0125099998 0
vt 0.631389976 0.00706000021 0
vt 0.623139977 0.0125099998 0
vt 0.603439987 0.00194999995 0
vt 0.631389976 0.00706000021 0
vt 0.701590002 0.141110003 0
vt 0.69739002 0.173150003 0
vt 0.68690002 0.136079997 0
vt 0.68690002 0.136079997 0
vt 0.673789978 0.0762600005 0
vt 0.701590002 0.141110003 0
vt 0.154980004 0.181390002 0
vt 0.133440003 0.15185 0
vt 0.17306 0.168410003 0
vt 0.176640004 0.212789997 0
vt 0.17306 0.168410003 0
vt 0.189250007 0.163839996 0
vt 0.0732199997 0.299910009 0
vt 0.0499599986 0.254000008 0
vt 0.084239997 0.278800011 0
vt 0.0455100015 0.248789996 0
vt 0.0578199998 0.278710008 0
vt 0.0396899991 0.256680012 0
vt 0.265540004 0.438820004 0
vt 0.277399987 0.428689986 0
vt 0.268530011 0.450619996 0
vt 0.277399987 0.428689986 0
vt 0.265540004 0.438820004 0
vt 0.27116999 0.402740002 0
vt 0.569890022 0.830649972 0
vt 0.582430005 0.822300017 0
vt 0.570770025 0.849430025 0
vt 0.535250008 0.843509972 0
vt 0.557770014 0.849030018 0
vt 0.542999983 0.871519983 0
vt 0.464080006 0.132970005 0
vt 0.491769999 0.132850006 0
vt 0.468300015 0.169540003 0
vt 0.491769999 0.132850006 0
vt 0.496410012 0.16133 0
vt 0.468300015 0.169540003 0
vt 0.725470006 0.846239984 0
vt 0.680190027 0.839060009 0
vt 0.702030003 0.840210021 0
vt 0.71776998 0.824000001 0
vt 0.715759993 0.840619981 0
vt 0.702030003 0.840210021 0
vt 0.461930007 0.587220013 0
vt 0.444000006 0.591669977 0
vt 0.421319991 0.582059979 0
vt 0.730340004 0.130989999 0
vt 0.739090025 0.149419993 0
vt 0.739180028 0.191239998 0
vt 0.0578199998 0.278710008 0
vt 0.0499599986 0.254000008 0
vt 0.0732199997 0.299910009 0
vt 0.0578199998 0.278710008 0
vt 0.0732199997 0.299910009 0
vt 0.110890001 0.366549999 0
vt 0.0573600009 0.0580400005 0
vt 0.0465300009 0.0656199977 0
vt 0.0406300016 0.0598200001 0
vt 0.0535599999 0.073619999 0
vt 0.0465300009 0.0656199977 0
vt 0.0573600009 0.0580400005 0
vt 0.174610004 0.448220015 0
vt 0.172509998 0.435649991 0
vt 0.189840004 0.445859998 0
vt 0.189840004 0.445859998 0
vt 0.205520004 0.451799989 0
vt 0.176550001 0.470310003 0
vt 0.65395999 0.691529989 0
vt 0.676779985 0.694750011 0
vt 0.673940003 0.708840013 0
vt 0.692120016 0.717260003 0
vt 0.681620002 0.678860009 0
vt 0.701799989 0.698189974 0
vt 0.67681998 0.489360005 0
vt 0.682210028 0.502709985 0
vt 0.673420012 0.51752001 0
vt 0.681389987 0.470169991 0
vt 0.684329987 0.493319988 0
vt 0.67681998 0.489360005 0
vt 0.801569998 0.747409999 0
vt 0.76967001 0.745909989 0
vt 0.799570024 0.719780028 0
vt 0.813019991 0.768350005 0
vt 0.782440007 0.75278002 0
vt 0.801569998 0.747409999 0
vt 0.601029992 0.01609 0
vt 0.588959992 0.0180799998 0
vt 0.588930011 0.00469999993 0
vt 0.599139988 0.0310600009 0
vt 0.588959992 0.0180799998 0
vt 0.601029992 0.01609 0
vt 0.0191399995 0.277319998 0
vt 0.0297400001 0.313300014 0
vt 0.0227600001 0.303979993 0
vt 0.929579973 0.212699994 0
vt 0.938610017 0.236070007 0
vt 0.935530007 0.236919999 0
vt 0.54904002 0.597899973 0
vt 0.572589993 0.584309995 0
vt 0.567420006 0.592100024 0
vt 0.580990016 0.590420008 0
vt 0.572589993 0.584309995 0
vt 0.60710001 0.592790008 0
vt 0.322459996 0.584290028 0
vt 0.331319988 0.604969978 0
vt 0.32227999 0.606029987 0
vt 0.331319988 0.604969978 0
vt 0.326539993 0.627020001 0
vt 0.32227999 0.606029987 0
vt 0.0159099996 0.258139998 0
vt 0.00781999994 0.242510006 0
vt 0.00737999985 0.221330002 0
vt 0.00386000006 0.214829996 0
vt 0.00668000011 0.192369998 0
vt 0.00737999985 0.221330002 0
vt 0.548940003 0.63331002 0
vt 0.544700027 0.64568001 0
vt 0.485229999 0.656509995 0
vt 0.535870016 0.661689997 0
vt 0.544700027 0.64568001 0
vt 0.583920002 0.655629992 0
vt 0.624409974 0.727930009 0
vt 0.630219996 0.707729995 0
vt 0.642040014 0.721239984 0
vt 0.630219996 0.707729995 0
vt 0.638979971 0.697250009 0
vt 0.642040014 0.721239984 0
vt 0.701889992 0.543990016 0
vt 0.70122999 0.548829973 0
vt 0.682340026 0.576610029 0
vt 0.717299998 0.534650028 0
vt 0.70122999 0.548829973 0
vt 0.707400024 0.538389981 0
vt 0.503120005 0.463079989 0
vt 0.484759986 0.414869994 0
vt 0.503960013 0.405959994 0
vt 0.504190028 0.381410003 0
vt 0.482149988 0.389109999 0
vt 0.470759988 0.344610006 0
vt 0.699999988 0.532729983 0
vt 0.684329987 0.493319988 0
vt 0.706030011 0.526139975 0
vt 0.706030011 0.526139975 0
vt 0.719009995 0.52463001 0
vt 0.699999988 0.532729983 0
vt 0.813910007 0.680949986 0
vt 0.816619992 0.660300016 0
vt 0.829680026 0.678950012 0
vt 0.833959997 0.683619976 0
vt 0.834580004 0.664080024 0
vt 0.840929985 0.677540004 0
vt 0.236949995 0.62033999 0
vt 0.253309995 0.602810025 0
vt 0.28718999 0.613820016 0
vt 0.203960001 0.657760024 0
vt 0.230399996 0.601700008 0
vt 0.236949995 0.62033999 0
vt 0.544700027 0.64568001 0
vt 0.535870016 0.661689997 0
vt 0.485229999 0.656509995 0
vt 0.527249992 0.673520029 0
vt 0.512639999 0.689930022 0
vt 0.481669992 0.676230013 0
vt 0.682210028 0.502709985 0
vt 0.681779981 0.515940011 0
vt 0.673420012 0.51752001 0
vt 0.699999988 0.532729983 0
vt 0.680270016 0.526660025 0
vt 0.689109981 0.52305001 0
vt 0.168880001 0.461490005 0
vt 0.189840004 0.445859998 0
vt 0.176550001 0.470310003 0
vt 0.168880001 0.461490005 0
vt 0.176550001 0.470310003 0
vt 0.160559997 0.471859992 0
vt 0.748210013 0.779340029 0
vt 0.741810024 0.794499993 0
vt 0.728190005 0.780319989 0
vt 0.72262001 0.777480006 0
vt 0.714959979 0.770640016 0
vt 0.739300013 0.775550008 0
vt 0.0667700022 0.125699997 0
vt 0.076700002 0.118069999 0
vt 0.0779199973 0.138789997 0
vt 0.0779199973 0.138789997 0
vt 0.076700002 0.118069999 0
vt 0.0848499984 0.131669998 0
vt 0.681779981 0.515940011 0
vt 0.675629973 0.522599995 0
vt 0.673420012 0.51752001 0
vt 0.673420012 0.51752001 0
vt 0.675629973 0.522599995 0
vt 0.662819982 0.532519996 0
vt 0.681410015 0.453960001 0
vt 0.678059995 0.370119989 0
vt 0.684610009 0.371190012 0
vt 0.68076998 0.332219988 0
vt 0.684610009 0.371190012 0
vt 0.678059995 0.370119989 0
vt 0.297749996 0.624000013 0
vt 0.292860001 0.655420005 0
vt 0.285569996 0.652960002 0
vt 0.28718999 0.613820016 0
vt 0.278490007 0.631839991 0
vt 0.250869989 0.62480998 0
vt 0.0548699982 0.597299993 0
vt 0.0640299991 0.601429999 0
vt 0.0528200008 0.611240029 0
vt 0.102860004 0.589510024 0
vt 0.0691199973 0.602540016 0
vt 0.0748099983 0.592939973 0
vt 0.795589983 0.801829994 0
vt 0.786629975 0.822969973 0
vt 0.768079996 0.816340029 0
vt 0.765120029 0.831269979 0
vt 0.748099983 0.822399974 0
vt 0.768079996 0.816340029 0
vt 0.347330004 0.222389996 0
vt 0.400840014 0.299529999 0
vt 0.365029991 0.256159991 0
vt 0.315649986 0.208389997 0
vt 0.347330004 0.222389996 0
vt 0.336879998 0.233449996 0
vt 0.590789974 0.672249973 0
vt 0.601930022 0.695190012 0
vt 0.583090007 0.697210014 0
vt 0.574129999 0.886399984 0
vt 0.577419996 0.885739982 0
vt 0.57476002 0.901530027 0
vt 0.298689991 0.335940003 0
vt 0.309949994 0.374390006 0
vt 0.308620006 0.386990011 0
vt 0.328990012 0.387230009 0
vt 0.309949994 0.374390006 0
vt 0.307639986 0.351520002 0
vt 0.771440029 0.594280005 0
vt 0.75910002 0.590399981 0
vt 0.77414 0.591040015 0
vt 0.778859973 0.593999982 0
vt 0.77414 0.591040015 0
vt 0.800670028 0.595229983 0
vt 0.682089984 0.854269981 0
vt 0.69749999 0.850820005 0
vt 0.708350003 0.866069973 0
vt 0.708350003 0.866069973 0
vt 0.69749999 0.850820005 0
vt 0.763220012 0.868709981 0
vt 0.249720007 0.762399971 0
vt 0.197559997 0.779980004 0
vt 0.230859995 0.766589999 0
vt 0.248789996 0.729809999 0
vt 0.249720007 0.762399971 0
vt 0.230859995 0.766589999 0
vt 0.0748099983 0.592939973 0
vt 0.0640299991 0.601429999 0
vt 0.0548699982 0.597299993 0
vt 0.0748099983 0.592939973 0
vt 0.0548699982 0.597299993 0
vt 0.0619199984 0.592079997 0
vt 0.644649982 0.623510003 0
vt 0.639789999 0.656390011 0
vt 0.635609984 0.660430014 0
vt 0.635609984 0.660430014 0
vt 0.635930002 0.665560007 0
vt 0.627300024 0.682020009 0
vt 0.307639986 0.351520002 0
vt 0.299890012 0.330179989 0
vt 0.337269992 0.377570003 0
vt 0.307639986 0.351520002 0
vt 0.309949994 0.374390006 0
vt 0.299890012 0.330179989 0
vt 0.269160002 0.10402 0
vt 0.24673 0.087439999 0
vt 0.235990003 0.0689300001 0
vt 0.27877 0.0961999968 0
vt 0.235990003 0.0689300001 0
vt 0.313769996 0.0996700004 0
vt 0.710650027 0.119790003 0
vt 0.722609997 0.122390002 0
vt 0.722970009 0.146950006 0
vt 0.71559 0.162860006 0
vt 0.708580017 0.125459999 0
vt 0.724749982 0.157000005 0
vt 0.252310008 0.234209999 0
vt 0.254480004 0.222639993 0
vt 0.271690011 0.253529996 0
vt 0.254480004 0.222639993 0
vt 0.268139988 0.216169998 0
vt 0.269129992 0.236220002 0
vt 0.608900011 0.565379977 0
vt 0.575909972 0.569840014 0
vt 0.611079991 0.553960025 0
vt 0.621169984 0.565400004 0
vt 0.608900011 0.565379977 0
vt 0.615170002 0.559270024 0
vt 0.647539973 0.624220014 0
vt 0.639789999 0.656390011 0
vt 0.644649982 0.623510003 0
vt 0.647539973 0.624220014 0
vt 0.644649982 0.623510003 0
vt 0.657670021 0.611590028 0
vt 0.494879991 0.183249995 0
vt 0.507979989 0.172509998 0
vt 0.507990003 0.215729997 0
vt 0.496410012 0.16133 0
vt 0.521459997 0.102949999 0
vt 0.507979989 0.172509998 0
vt 0.60266 0.0469200015 0
vt 0.590699971 0.0422799997 0
vt 0.599139988 0.0310600009 0
vt 0.590699971 0.0422799997 0
vt 0.580229998 0.0300699994 0
vt 0.599139988 0.0310600009 0
vt 0.281610012 0.249489993 0
vt 0.269129992 0.236220002 0
vt 0.278600007 0.231900007 0
vt 0.286850005 0.24786 0
vt 0.278600007 0.231900007 0
vt 0.317559987 0.219610006 0
vt 0.626900017 0.501820028 0
vt 0.628899992 0.483949989 0
vt 0.647669971 0.503059983 0
vt 0.609830022 0.522119999 0
vt 0.647669971 0.503059983 0
vt 0.615790009 0.544319987 0
vt 0.617649972 0.321770012 0
vt 0.666660011 0.33397001 0
vt 0.621990025 0.360949993 0
vt 0.57960999 0.336899996 0
vt 0.607930005 0.313410014 0
vt 0.621990025 0.360949993 0
vt 0.844169974 0.401769996 0
vt 0.869639993 0.36124 0
vt 0.879700005 0.389899999 0
vt 0.877439976 0.363319993 0
vt 0.90061003 0.367740005 0
vt 0.885590017 0.38883999 0
vt 0.205219999 0.0974199995 0
vt 0.230729997 0.0990199968 0
vt 0.195370004 0.134869993 0
vt 0.183660001 0.0444299988 0
vt 0.230729997 0.0990199968 0
vt 0.205219999 0.0974199995 0
vt 0.481669992 0.676230013 0
vt 0.445989996 0.698409975 0
vt 0.402799994 0.685720026 0
vt 0.414539993 0.712270021 0
vt 0.420190006 0.727750003 0
vt 0.370900005 0.716989994 0
vt 0.276309997 0.702329993 0
vt 0.284119993 0.718569994 0
vt 0.261689991 0.725239992 0
vt 0.300940007 0.698889971 0
vt 0.284119993 0.718569994 0
vt 0.290549994 0.692030013 0
vt 0.496989995 0.864289999 0
vt 0.506009996 0.886460006 0
vt 0.483390003 0.888920009 0
vt 0.506009996 0.886460006 0
vt 0.513320029 0.910969973 0
vt 0.498629987 0.90933001 0
vt 0.166429996 0.735360026 0
vt 0.167539999 0.788010001 0
vt 0.162029997 0.75553 0
vt 0.167539999 0.788010001 0
vt 0.137799993 0.793669999 0
vt 0.15151 0.789089978 0
vt 0.647669971 0.503059983 0
vt 0.644949973 0.517030001 0
vt 0.615790009 0.544319987 0
vt 0.644949973 0.517030001 0
vt 0.647669971 0.503059983 0
vt 0.658179998 0.528400004 0
vt 0.372379988 0.700720012 0
vt 0.414539993 0.712270021 0
vt 0.370900005 0.716989994 0
vt 0.372379988 0.700720012 0
vt 0.370900005 0.716989994 0
vt 0.31904 0.705299973 0
vt 0.298280001 0.58841002 0
vt 0.28718999 0.613820016 0
vt 0.283980012 0.597159982 0
vt 0.283980012 0.597159982 0
vt 0.28817001 0.581350029 0
vt 0.298280001 0.58841002 0
vt 0.681410015 0.453960001 0
vt 0.684019983 0.440400004 0
vt 0.685339987 0.481130004 0
vt 0.681410015 0.453960001 0
vt 0.684610009 0.371190012 0
vt 0.685039997 0.41681999 0
vt 0.155420005 0.736769974 0
vt 0.185929999 0.680939972 0
vt 0.166429996 0.735360026 0
vt 0.166429996 0.735360026 0
vt 0.162029997 0.75553 0
vt 0.155420005 0.736769974 0
vt 0.840929985 0.677540004 0
vt 0.834580004 0.664080024 0
vt 0.841050029 0.671320021 0
vt 0.847050011 0.687579989 0
vt 0.840929985 0.677540004 0
vt 0.841050029 0.671320021 0
vt 0.420190006 0.727750003 0
vt 0.35916999 0.739600003 0
vt 0.370900005 0.716989994 0
vt 0.420190006 0.727750003 0
vt 0.419820011 0.73150003 0
vt 0.35916999 0.739600003 0
vt 0.470719993 0.831459999 0
vt 0.496989995 0.864289999 0
vt 0.473060012 0.86214 0
vt 0.473060012 0.86214 0
vt 0.496989995 0.864289999 0
vt 0.483390003 0.888920009 0
vt 0.179370001 0.0386799984 0
vt 0.165179998 0.0304300003 0
vt 0.195409998 0.0387100019 0
vt 0.165179998 0.0304300003 0
vt 0.143360004 0.0203000009 0
vt 0.196600005 0.0367200002 0
vt 0.674989998 0.05418 0
vt 0.660960019 0.0483999997 0
vt 0.65377003 0.0258000009 0
vt 0.685599983 0.0779699981 0
vt 0.660960019 0.0483999997 0
vt 0.674989998 0.05418 0
vt 0.870660007 0.801810026 0
vt 0.889079988 0.792970002 0
vt 0.868430018 0.816670001 0
vt 0.856599987 0.792100012 0
vt 0.841229975 0.818170011 0
vt 0.827600002 0.814859986 0
vt 0.29618001 0.401749998 0
vt 0.31448999 0.393959999 0
vt 0.297659993 0.408259988 0
vt 0.27116999 0.402740002 0
vt 0.29618001 0.401749998 0
vt 0.289959997 0.415369987 0
vt 0.594380021 0.758229971 0
vt 0.599259973 0.78332001 0
vt 0.585399985 0.785880029 0
vt 0.585399985 0.785880029 0
vt 0.59473002 0.796459973 0
vt 0.577589989 0.79290998 0
vt 0.374009997 0.453139991 0
vt 0.382719994 0.462989986 0
vt 0.362170011 0.464810014 0
vt 0.374009997 0.453139991 0
vt 0.383340001 0.455280006 0
vt 0.382719994 0.462989986 0
vt 0.809889972 0.892250001 0
vt 0.798870027 0.896830022 0
vt 0.795120001 0.882430017 0
vt 0.817979991 0.895630002 0
vt 0.83908999 0.911339998 0
vt 0.808650017 0.901650012 0
vt 0.253309995 0.602810025 0
vt 0.236949995 0.62033999 0
vt 0.230399996 0.601700008 0
vt 0.235320002 0.579349995 0
vt 0.253309995 0.602810025 0
vt 0.230399996 0.601700008 0
vt 0.573080003 0.800059974 0
vt 0.582430005 0.822300017 0
vt 0.568499982 0.805599988 0
vt 0.564960003 0.791620016 0
vt 0.552789986 0.799390018 0
vt 0.525030017 0.781910002 0
vt 0.559099972 0.944190025 0
vt 0.566229999 0.935819983 0
vt 0.562780023 0.944970012 0
vt 0.561879992 0.948870003 0
vt 0.551209986 0.971700013 0
vt 0.55430001 0.953320026 0
vt 0.126819998 0.436839998 0
vt 0.142140001 0.418289989 0
vt 0.1611 0.437739998 0
vt 0.1611 0.437739998 0
vt 0.157049999 0.424419999 0
vt 0.172509998 0.435649991 0
vt 0.181669995 0.124679998 0
vt 0.161589995 0.0989399999 0
vt 0.177129999 0.111440003 0
vt 0.153019994 0.0962999985 0
vt 0.161589995 0.0989399999 0
vt 0.165360004 0.106880002 0
vt 0.78046 0.898670018 0
vt 0.789160013 0.908770025 0
vt 0.76354003 0.911059976 0
vt 0.378679991 0.950410008 0
vt 0.378470004 0.971400023 0
vt 0.362120003 0.967239976 0
vt 0.205520004 0.451799989 0
vt 0.220730007 0.461010009 0
vt 0.226370007 0.473820001 0
vt 0.228650004 0.468369991 0
vt 0.236709997 0.464780003 0
vt 0.242840007 0.479909986 0
vt 0.790130019 0.374740005 0
vt 0.811049998 0.379619986 0
vt 0.788410008 0.416700006 0
vt 0.798210025 0.326380014 0
vt 0.829949975 0.297450006 0
vt 0.815320015 0.352730006 0
vt 0.791069984 0.775650024 0
vt 0.810280025 0.776480019 0
vt 0.770449996 0.78204 0
vt 0.810280025 0.776480019 0
vt 0.791069984 0.775650024 0
vt 0.813019991 0.768350005 0
vt 0.172470003 0.620119989 0
vt 0.173690006 0.64951998 0
vt 0.137250006 0.643469989 0
vt 0.138439998 0.592890024 0
vt 0.148110002 0.612190008 0
vt 0.11445 0.621029973 0
vt 0.242249995 0.453370005 0
vt 0.236709997 0.464780003 0
vt 0.220730007 0.461010009 0
vt 0.220730007 0.461010009 0
vt 0.236709997 0.464780003 0
vt 0.228650004 0.468369991 0
vt 0.832859993 0.657410026 0
vt 0.814809978 0.64734 0
vt 0.823379993 0.636889994 0
vt 0.816619992 0.660300016 0
vt 0.834580004 0.664080024 0
vt 0.829680026 0.678950012 0
vt 0.613839984 0.66377002 0
vt 0.598020017 0.73882997 0
vt 0.601930022 0.695190012 0
vt 0.590789974 0.672249973 0
vt 0.613839984 0.66377002 0
vt 0.601930022 0.695190012 0
vt 0.134780005 0.390899986 0
vt 0.106689997 0.355489999 0
vt 0.120530002 0.369690001 0
vt 0.106689997 0.355489999 0
vt 0.0732199997 0.299910009 0
vt 0.120530002 0.369690001 0
vt 0.853179991 0.818130016 0
vt 0.868430018 0.816670001 0
vt 0.854149997 0.829360008 0
vt 0.853179991 0.818130016 0
vt 0.870660007 0.801810026 0
vt 0.868430018 0.816670001 0
vt 0.635770023 0.608120024 0
vt 0.616980016 0.626150012 0
vt 0.610029995 0.628989995 0
vt 0.616980016 0.626150012 0
vt 0.639590025 0.612789989 0
vt 0.644649982 0.623510003 0
vt 0.0988700017 0.720380008 0
vt 0.115379997 0.730069995 0
vt 0.0877899975 0.747510016 0
vt 0.104610004 0.701539993 0
vt 0.127340004 0.672710001 0
vt 0.125850007 0.703750014 0
vt 0.166119993 0.3116 0
vt 0.147510007 0.328830004 0
vt 0.157609999 0.285299987 0
vt 0.160280004 0.281459987 0
vt 0.193220004 0.262800008 0
vt 0.171309993 0.311260015 0
vt 0.0828400031 0.0783300027 0
vt 0.0685900003 0.0842299983 0
vt 0.101379998 0.0572200008 0
vt 0.0650700033 0.115460001 0
vt 0.063500002 0.0912699997 0
vt 0.0782200024 0.0833899975 0
vt 0.195370004 0.134869993 0
vt 0.212300003 0.15456 0
vt 0.206119999 0.153280005 0
vt 0.206119999 0.153280005 0
vt 0.181669995 0.124679998 0
vt 0.195370004 0.134869993 0
vt 0.513320029 0.910969973 0
vt 0.527649999 0.928269982 0
vt 0.505729973 0.936959982 0
vt 0.505729973 0.936959982 0
vt 0.524119973 0.941550016 0
vt 0.523689985 0.95848 0
vt 0.128979996 0.234510005 0
vt 0.115659997 0.208649993 0
vt 0.133849993 0.229819998 0
vt 0.157609999 0.285299987 0
vt 0.128979996 0.234510005 0
vt 0.133849993 0.229819998 0
vt 0.78846997 0.650539994 0
vt 0.792200029 0.640980005 0
vt 0.811670005 0.652130008 0
vt 0.766179979 0.646679997 0
vt 0.792200029 0.640980005 0
vt 0.78846997 0.650539994 0
vt 0.753069997 0.286009997 0
vt 0.753489971 0.244499996 0
vt 0.757539988 0.295269996 0
vt 0.27155 0.555859983 0
vt 0.263399988 0.562210023 0
vt 0.224940002 0.568840027 0
vt 0.718479991 0.589240015 0
vt 0.700030029 0.601790011 0
vt 0.685639977 0.594969988 0
vt 0.689909995 0.613940001 0
vt 0.675580025 0.60194999 0
vt 0.685639977 0.594969988 0
vt 0.723580003 0.907509983 0
vt 0.671819985 0.875389993 0
vt 0.712339997 0.88440001 0
vt 0.68878001 0.876309991 0
vt 0.708350003 0.866069973 0
vt 0.712339997 0.88440001 0
vt 0.0328399986 0.0846000016 0
vt 0.01987 0.108759999 0
vt 0.01774 0.105580002 0
vt 0.0157699995 0.117150001 0
vt 0.00956999976 0.11987 0
vt 0.01987 0.108759999 0
vt 0.271690011 0.253529996 0
vt 0.269129992 0.236220002 0
vt 0.281610012 0.249489993 0
vt 0.254480004 0.222639993 0
vt 0.269129992 0.236220002 0
vt 0.271690011 0.253529996 0
vt 0.646309972 0.213980004 0
vt 0.633870006 0.216549993 0
vt 0.617169976 0.172299996 0
vt 0.620840013 0.207220003 0
vt 0.604200006 0.188590005 0
vt 0.604160011 0.148880005 0
vt 0.133479998 0.0742599964 0
vt 0.126430005 0.0756699964 0
vt 0.0996700004 0.0481900014 0
vt 0.126430005 0.0756699964 0
vt 0.133479998 0.0742599964 0
vt 0.131150007 0.0798199996 0
vt 0.904049993 0.713959992 0
vt 0.895969987 0.69016999 0
vt 0.908230007 0.716009974 0
vt 0.904049993 0.713959992 0
vt 0.908230007 0.716009974 0
vt 0.907000005 0.73654002 0
vt 0.168080002 0.502699971 0
vt 0.178399995 0.498160005 0
vt 0.221440002 0.518570006 0
vt 0.160559997 0.471859992 0
vt 0.180610001 0.487960011 0
vt 0.168080002 0.502699971 0
vt 0.76424998 0.311580002 0
vt 0.779429972 0.31742999 0
vt 0.778729975 0.360989988 0
vt 0.76424998 0.311580002 0
vt 0.782119989 0.293440014 0
vt 0.779429972 0.31742999 0
vt 0.524600029 0.611479998 0
vt 0.540509999 0.623759985 0
vt 0.51157999 0.609380007 0
vt 0.504819989 0.599919975 0
vt 0.524600029 0.611479998 0
vt 0.51157999 0.609380007 0
vt 0.652909994 0.660870016 0
vt 0.639789999 0.656390011 0
vt 0.661840022 0.655409992 0
vt 0.686779976 0.663129985 0
vt 0.667439997 0.661759973 0
vt 0.661840022 0.655409992 0
vt 0.883069992 0.663030028 0
vt 0.865989983 0.65723002 0
vt 0.87026 0.640879989 0
vt 0.889840007 0.68234998 0
vt 0.883069992 0.663030028 0
vt 0.88696003 0.661140025 0
vt 0.520179987 0.252499998 0
vt 0.541450024 0.171059996 0
vt 0.535549998 0.202800006 0
vt 0.535549998 0.202800006 0
vt 0.541450024 0.171059996 0
vt 0.554920018 0.143879995 0
vt 0.296009988 0.31606999 0
vt 0.287640005 0.30054 0
vt 0.290989995 0.298750013 0
vt 0.295870006 0.321700007 0
vt 0.287640005 0.30054 0
vt 0.296009988 0.31606999 0
vt 0.476200014 0.72112 0
vt 0.488499999 0.726329982 0
vt 0.449050009 0.730629981 0
vt 0.488029987 0.0820299983 0
vt 0.512179971 0.0718500018 0
vt 0.486710012 0.0964400023 0
vt 0.673789978 0.0762600005 0
vt 0.662240028 0.072619997 0
vt 0.660960019 0.0483999997 0
vt 0.68690002 0.136079997 0
vt 0.654429972 0.0754899979 0
vt 0.673789978 0.0762600005 0
vt 0.508469999 0.767199993 0
vt 0.525030017 0.781910002 0
vt 0.496210009 0.779540002 0
vt 0.470120013 0.79806 0
vt 0.496210009 0.779540002 0
vt 0.507359982 0.791419983 0
vt 0.512179971 0.0718500018 0
vt 0.488029987 0.0820299983 0
vt 0.504320025 0.0591300018 0
vt 0.512179971 0.0718500018 0
vt 0.504320025 0.0591300018 0
vt 0.526189983 0.0391700007 0
vt 0.149920002 0.507139981 0
vt 0.168080002 0.502699971 0
vt 0.165260002 0.514569998 0
vt 0.149920002 0.507139981 0
vt 0.167439997 0.518480003 0
vt 0.157949999 0.515940011 0
vt 0.512009978 0.299140006 0
vt 0.521979988 0.25571999 0
vt 0.514940023 0.297250003 0
vt 0.521979988 0.25571999 0
vt 0.540040016 0.279830009 0
vt 0.514940023 0.297250003 0
vt 0.0159099996 0.258139998 0
vt 0.0218000002 0.246409997 0
vt 0.0341099985 0.290179998 0
vt 0.0191399995 0.277319998 0
vt 0.0341099985 0.290179998 0
vt 0.0297400001 0.313300014 0
vt 0.496210009 0.779540002 0
vt 0.525030017 0.781910002 0
vt 0.507359982 0.791419983 0
vt 0.525030017 0.781910002 0
vt 0.552789986 0.799390018 0
vt 0.526459992 0.802489996 0
vt 0.72943002 0.741209984 0
vt 0.747359991 0.750169992 0
vt 0.735289991 0.762199998 0
vt 0.744700015 0.735270023 0
vt 0.77313 0.716340005 0
vt 0.747359991 0.750169992 0
vt 0.616530001 0.0676100031 0
vt 0.605470002 0.0826399997 0
vt 0.600549996 0.0627499968 0
vt 0.625869989 0.0876300037 0
vt 0.605470002 0.0826399997 0
vt 0.616530001 0.0676100031 0
vt 0.501129985 0.301719993 0
vt 0.514959991 0.24244 0
vt 0.512009978 0.299140006 0
vt 0.51888001 0.242339998 0
vt 0.53530997 0.177369997 0
vt 0.520179987 0.252499998 0
vt 0.755819976 0.899749994 0
vt 0.75436002 0.892629981 0
vt 0.78046 0.898670018 0
vt 0.755819976 0.899749994 0
vt 0.712339997 0.88440001 0
vt 0.75436002 0.892629981 0
vt 0.610109985 0.870169997 0
vt 0.595340014 0.84416002 0
vt 0.607119977 0.855599999 0
vt 0.595340014 0.84416002 0
vt 0.603200018 0.819599986 0
vt 0.607119977 0.855599999 0
vt 0.824490011 0.804109991 0
vt 0.822899997 0.821060002 0
vt 0.819779992 0.817219973 0
vt 0.827600002 0.814859986 0
vt 0.841229975 0.818170011 0
vt 0.822899997 0.821060002 0
vt 0.115659997 0.208649993 0
vt 0.115960002 0.192589998 0
vt 0.133849993 0.229819998 0
vt 0.115659997 0.208649993 0
vt 0.101939999 0.180040002 0
vt 0.115960002 0.192589998 0
vt 0.648930013 0.434289992 0
vt 0.663860023 0.458689988 0
vt 0.655990005 0.46450001 0
vt 0.652059972 0.484320015 0
vt 0.667450011 0.469969988 0
vt 0.647669971 0.503059983 0
vt 0.224940002 0.568840027 0
vt 0.255840003 0.572780013 0
vt 0.230680004 0.570900023 0
vt 0.230680004 0.570900023 0
vt 0.255840003 0.572780013 0
vt 0.235320002 0.579349995 0
vt 0.324840009 0.397630006 0
vt 0.331459999 0.394349992 0
vt 0.337220013 0.407599986 0
vt 0.324840009 0.397630006 0
vt 0.317790002 0.393570006 0
vt 0.331459999 0.394349992 0
vt 0.766179979 0.646679997 0
vt 0.78846997 0.650539994 0
vt 0.770810008 0.657329977 0
vt 0.733850002 0.652310014 0
vt 0.766179979 0.646679997 0
vt 0.770810008 0.657329977 0
vt 0.65395999 0.691529989 0
vt 0.645959973 0.677619994 0
vt 0.661679983 0.67456001 0
vt 0.638979971 0.697250009 0
vt 0.650650024 0.713429987 0
vt 0.642040014 0.721239984 0
vt 0.841120005 0.624949992 0
vt 0.84562999 0.63319999 0
vt 0.836380005 0.627240002 0
vt 0.84562999 0.63319999 0
vt 0.841120005 0.624949992 0
vt 0.840659976 0.613139987 0
vt 0.189250007 0.163839996 0
vt 0.174319997 0.132469997 0
vt 0.20984 0.169220001 0
vt 0.174319997 0.132469997 0
vt 0.189250007 0.163839996 0
vt 0.165700004 0.147960007 0
vt 0.350629985 0.964770019 0
vt 0.359010011 0.939939976 0
vt 0.36372 0.942799985 0
vt 0.355690002 0.93362999 0
vt 0.385250002 0.948960006 0
vt 0.36372 0.942799985 0
vt 0.0299600009 0.225820005 0
vt 0.0455100015 0.248789996 0
vt 0.0396899991 0.256680012 0
vt 0.0218000002 0.246409997 0
vt 0.0299600009 0.225820005 0
vt 0.0396899991 0.256680012 0
vt 0.314909995 0.415320009 0
vt 0.32743001 0.411509991 0
vt 0.319709986 0.419099987 0
vt 0.32743001 0.411509991 0
vt 0.353619993 0.417459995 0
vt 0.320169985 0.427489996 0
vt 0.535870016 0.661689997 0
vt 0.481669992 0.676230013 0
vt 0.485229999 0.656509995 0
vt 0.485229999 0.656509995 0
vt 0.481669992 0.676230013 0
vt 0.417450011 0.660560012 0
vt 0.743439972 0.396400005 0
vt 0.685039997 0.41681999 0
vt 0.735490024 0.385390013 0
vt 0.188219994 0.573339999 0
vt 0.170269996 0.578880012 0
vt 0.167270005 0.577139974 0
vt 0.707740009 0.905629992 0
vt 0.671819985 0.875389993 0
vt 0.723580003 0.907509983 0
vt 0.422140002 0.961660028 0
vt 0.420569986 0.976520002 0
vt 0.403919995 0.969340026 0
vt 0.261689991 0.725239992 0
vt 0.257400006 0.760110021 0
vt 0.255569994 0.726170003 0
vt 0.255569994 0.726170003 0
vt 0.269710004 0.695670009 0
vt 0.261689991 0.725239992 0
vt 0.272760004 0.506889999 0
vt 0.309819996 0.500710011 0
vt 0.310699999 0.515410006 0
vt 0.241510004 0.506030023 0
vt 0.309819996 0.500710011 0
vt 0.272760004 0.506889999 0
vt 0.50948 0.977980018 0
vt 0.52929002 0.978980005 0
vt 0.495139986 0.982720017 0
vt 0.527159989 0.961979985 0
vt 0.530420005 0.97191 0
vt 0.50948 0.977980018 0
vt 0.496410012 0.16133 0
vt 0.494879991 0.183249995 0
vt 0.47815001 0.239130005 0
vt 0.496410012 0.16133 0
vt 0.507979989 0.172509998 0
vt 0.494879991 0.183249995 0
vt 0.863560021 0.328469992 0
vt 0.87668997 0.328009993 0
vt 0.877439976 0.363319993 0
vt 0.86075002 0.257490009 0
vt 0.87668997 0.328009993 0
vt 0.863560021 0.328469992 0
vt 0.458590001 0.962629974 0
vt 0.484140009 0.966220021 0
vt 0.475199997 0.969990015 0
vt 0.458590001 0.962629974 0
vt 0.490979999 0.953960001 0
vt 0.484140009 0.966220021 0
vt 0.0903699994 0.215210006 0
vt 0.0766699985 0.189459994 0
vt 0.101939999 0.180040002 0
vt 0.0779199973 0.138789997 0
vt 0.0890699998 0.158470005 0
vt 0.0665699989 0.17058 0
vt 0.616530001 0.0676100031 0
vt 0.600549996 0.0627499968 0
vt 0.611150026 0.0584600009 0
vt 0.62401998 0.0574299991 0
vt 0.622089982 0.0723600015 0
vt 0.611150026 0.0584600009 0
vt 0.898109972 0.758819997 0
vt 0.90346998 0.739440024 0
vt 0.901979983 0.772069991 0
vt 0.878329992 0.722310007 0
vt 0.897880018 0.732680023 0
vt 0.889310002 0.771380007 0
vt 0.615790009 0.544319987 0
vt 0.637740016 0.544030011 0
vt 0.626789987 0.553200006 0
vt 0.637740016 0.544030011 0
vt 0.639289975 0.551270008 0
vt 0.626789987 0.553200006 0
vt 0.680190027 0.839060009 0
vt 0.664300025 0.830709994 0
vt 0.678780019 0.821680009 0
vt 0.656979978 0.830829978 0
vt 0.682089984 0.854269981 0
vt 0.667509973 0.860170007 0
vt 0.0466400012 0.138479993 0
vt 0.0490199998 0.149269998 0
vt 0.039760001 0.203299999 0
vt 0.0466400012 0.138479993 0
vt 0.0540999994 0.128230006 0
vt 0.0490199998 0.149269998 0
vt 0.790830016 0.596379995 0
vt 0.800670028 0.595229983 0
vt 0.817399979 0.599300027 0
vt 0.817399979 0.599300027 0
vt 0.800670028 0.595229983 0
vt 0.808089972 0.585590005 0
vt 0.412099987 0.957059979 0
vt 0.422140002 0.961660028 0
vt 0.403919995 0.969340026 0
vt 0.405449986 0.952709973 0
vt 0.398229986 0.918560028 0
vt 0.42197001 0.957840025 0
vt 0.955850005 0.421050012 0
vt 0.977639973 0.433600008 0
vt 0.963769972 0.443450004 0
vt 0.955850005 0.421050012 0
vt 0.963769972 0.443450004 0
vt 0.932280004 0.45570001 0
vt 0.670469999 0.580959976 0
vt 0.644460022 0.568390012 0
vt 0.644710004 0.553439975 0
vt 0.634280026 0.56032002 0
vt 0.626789987 0.553200006 0
vt 0.639289975 0.551270008 0
vt 0.0667700022 0.125699997 0
vt 0.0650700033 0.115460001 0
vt 0.076700002 0.118069999 0
vt 0.0540999994 0.128230006 0
vt 0.0650700033 0.115460001 0
vt 0.0667700022 0.125699997 0
vt 0.205899999 0.379709989 0
vt 0.218500003 0.363409996 0
vt 0.219899997 0.39734 0
vt 0.220850006 0.406560004 0
vt 0.205899999 0.379709989 0
vt 0.219899997 0.39734 0
vt 0.621649981 0.736079991 0
vt 0.658360004 0.755400002 0
vt 0.619790018 0.743910015 0
vt 0.615980029 0.736800015 0
vt 0.621649981 0.736079991 0
vt 0.619790018 0.743910015 0
vt 0.101379998 0.0572200008 0
vt 0.10898 0.0716700032 0
vt 0.101860002 0.0711999983 0
vt 0.0931299999 0.0881799981 0
vt 0.101860002 0.0711999983 0
vt 0.10898 0.0716700032 0
vt 0.267500013 0.455850005 0
vt 0.245700002 0.479970008 0
vt 0.250180006 0.470889986 0
vt 0.242840007 0.479909986 0
vt 0.236709997 0.464780003 0
vt 0.250180006 0.470889986 0
vt 0.303180009 0.149939999 0
vt 0.323559999 0.172179997 0
vt 0.328280002 0.182370007 0
vt 0.323559999 0.172179997 0
vt 0.373659998 0.253619999 0
vt 0.328280002 0.182370007 0
vt 0.507990003 0.215729997 0
vt 0.514959991 0.24244 0
vt 0.502560019 0.247690007 0
vt 0.494879991 0.183249995 0
vt 0.507990003 0.215729997 0
vt 0.488510013 0.244190007 0
vt 0.188219994 0.573339999 0
vt 0.175699994 0.568210006 0
vt 0.224940002 0.568840027 0
vt 0.167270005 0.577139974 0
vt 0.175699994 0.568210006 0
vt 0.188219994 0.573339999 0
vt 0.726509988 0.189850003 0
vt 0.753069997 0.286009997 0
vt 0.719649971 0.21706 0
vt 0.713029981 0.179920003 0
vt 0.719649971 0.21706 0
vt 0.70152998 0.204270005 0
vt 0.296739995 0.606970012 0
vt 0.289790004 0.627699971 0
vt 0.28718999 0.613820016 0
vt 0.298280001 0.58841002 0
vt 0.296739995 0.606970012 0
vt 0.28718999 0.613820016 0
vt 0.122419998 0.343080014 0
vt 0.104029998 0.268330008 0
vt 0.132530004 0.30388999 0
vt 0.142989993 0.363730013 0
vt 0.122419998 0.343080014 0
vt 0.147510007 0.328830004 0
vt 0.488510013 0.244190007 0
vt 0.501129985 0.301719993 0
vt 0.479779989 0.300709993 0
vt 0.479779989 0.300709993 0
vt 0.501129985 0.301719993 0
vt 0.497539997 0.34454 0
vt 0.816739976 0.118129998 0
vt 0.854309976 0.118369997 0
vt 0.84296 0.143319994 0
vt 0.854309976 0.118369997 0
vt 0.882629991 0.118359998 0
vt 0.866060019 0.140290007 0
vt 0.279879987 0.458999991 0
vt 0.305119991 0.446079999 0
vt 0.309819996 0.500710011 0
vt 0.301319987 0.443809986 0
vt 0.287019998 0.448529989 0
vt 0.288419992 0.436650008 0
vt 0.666869998 0.44995001 0
vt 0.672810018 0.458160013 0
vt 0.667450011 0.469969988 0
vt 0.652059972 0.484320015 0
vt 0.663860023 0.458689988 0
vt 0.667450011 0.469969988 0
vt 0.772159994 0.878579974 0
vt 0.795120001 0.882430017 0
vt 0.785300016 0.885749996 0
vt 0.78046 0.898670018 0
vt 0.772159994 0.878579974 0
vt 0.785300016 0.885749996 0
vt 0.319469988 0.687449992 0
vt 0.300940007 0.698889971 0
vt 0.307810009 0.66940999 0
vt 0.300940007 0.698889971 0
vt 0.290549994 0.692030013 0
vt 0.307810009 0.66940999 0
vt 0.796840012 0.129470006 0
vt 0.811349988 0.0907000005 0
vt 0.816739976 0.118129998 0
vt 0.811349988 0.0907000005 0
vt 0.834909976 0.101810001 0
vt 0.816739976 0.118129998 0
vt 0.150590003 0.795180023 0
vt 0.133560002 0.804740012 0
vt 0.108790003 0.798319995 0
vt 0.180659994 0.801549971 0
vt 0.133560002 0.804740012 0
vt 0.150590003 0.795180023 0
vt 0.739300013 0.775550008 0
vt 0.785329998 0.76849997 0
vt 0.748210013 0.779340029 0
vt 0.739300013 0.775550008 0
vt 0.748210013 0.779340029 0
vt 0.728190005 0.780319989 0
vt 0.46430999 0.898069978 0
vt 0.483390003 0.888920009 0
vt 0.484270006 0.909420013 0
vt 0.483390003 0.888920009 0
vt 0.506009996 0.886460006 0
vt 0.498629987 0.90933001 0
vt 0.178829998 0.435550004 0
vt 0.160809994 0.418599993 0
vt 0.189480007 0.429419994 0
vt 0.203360006 0.447459996 0
vt 0.178829998 0.435550004 0
vt 0.189480007 0.429419994 0
vt 0.809889972 0.892250001 0
vt 0.817979991 0.895630002 0
vt 0.808650017 0.901650012 0
vt 0.823849976 0.885140002 0
vt 0.817979991 0.895630002 0
vt 0.809889972 0.892250001 0
vt 0.0992500037 0.59841001 0
vt 0.107550003 0.596639991 0
vt 0.0812999979 0.67098999 0
vt 0.102860004 0.589510024 0
vt 0.107550003 0.596639991 0
vt 0.0992500037 0.59841001 0
vt 0.155269995 0.775139987 0
vt 0.167539999 0.788010001 0
vt 0.15151 0.789089978 0
vt 0.155269995 0.775139987 0
vt 0.15151 0.789089978 0
vt 0.130669996 0.775709987 0
vt 0.46430999 0.898069978 0
vt 0.484270006 0.909420013 0
vt 0.466829985 0.921329975 0
vt 0.437029988 0.903410017 0
vt 0.46430999 0.898069978 0
vt 0.455269992 0.909720004 0
vt 0.637809992 0.0792099983 0
vt 0.63221997 0.0819299966 0
vt 0.622089982 0.0723600015 0
vt 0.637809992 0.0792099983 0
vt 0.643620014 0.144339994 0
vt 0.63221997 0.0819299966 0
vt 0.521839976 0.179169998 0
vt 0.529869974 0.180299997 0
vt 0.514959991 0.24244 0
vt 0.54606998 0.119180001 0
vt 0.529869974 0.180299997 0
vt 0.521839976 0.179169998 0
vt 0.729160011 0.807799995 0
vt 0.730400026 0.827650011 0
vt 0.71776998 0.824000001 0
vt 0.708150029 0.798520029 0
vt 0.718930006 0.806330025 0
vt 0.705940008 0.819440007 0
vt 0.685339987 0.481130004 0
vt 0.684329987 0.493319988 0
vt 0.681389987 0.470169991 0
vt 0.706030011 0.526139975 0
vt 0.684329987 0.493319988 0
vt 0.685339987 0.481130004 0
vt 0.666649997 0.646910012 0
vt 0.657670021 0.611590028 0
vt 0.663410008 0.607089996 0
vt 0.657670021 0.611590028 0
vt 0.642610013 0.607620001 0
vt 0.663410008 0.607089996 0
vt 0.249540001 0.254170001 0
vt 0.238279998 0.217289999 0
vt 0.251969993 0.246700004 0
vt 0.247899994 0.281870008 0
vt 0.213809997 0.303359985 0
vt 0.249540001 0.254170001 0
vt 0.0852899998 0.706260026 0
vt 0.0800900012 0.678250015 0
vt 0.087650001 0.671700001 0
vt 0.107550003 0.596639991 0
vt 0.087650001 0.671700001 0
vt 0.0812999979 0.67098999 0
vt 0.31073001 0.408850014 0
vt 0.325470001 0.405090004 0
vt 0.314909995 0.415320009 0
vt 0.296339989 0.429949999 0
vt 0.300319999 0.417320013 0
vt 0.314909995 0.415320009 0
vt 0.314810008 0.580680013 0
vt 0.35492 0.581879973 0
vt 0.322459996 0.584290028 0
vt 0.322459996 0.584290028 0
vt 0.314960003 0.599319994 0
vt 0.314810008 0.580680013 0
vt 0.508469999 0.767199993 0
vt 0.535790026 0.770330012 0
vt 0.525030017 0.781910002 0
vt 0.750930011 0.584869981 0
vt 0.73793 0.589079976 0
vt 0.719489992 0.585430026 0
vt 0.615260005 0.693000019 0
vt 0.627300024 0.682020009 0
vt 0.614120007 0.716329992 0
vt 0.615260005 0.693000019 0
vt 0.614120007 0.716329992 0
vt 0.598020017 0.73882997 0
vt 0.29896 0.391660005 0
vt 0.298689991 0.335940003 0
vt 0.308620006 0.386990011 0
vt 0.29896 0.391660005 0
vt 0.308620006 0.386990011 0
vt 0.31448999 0.393959999 0
vt 0.661180019 0.229310006 0
vt 0.659829974 0.154200003 0
vt 0.676949978 0.173710003 0
vt 0.659829974 0.154200003 0
vt 0.672919989 0.132280007 0
vt 0.676949978 0.173710003 0
vt 0.190819994 0.578689992 0
vt 0.17701 0.587419987 0
vt 0.170359999 0.580449998 0
vt 0.17701 0.587419987 0
vt 0.190819994 0.578689992 0
vt 0.204439998 0.583890021 0
vt 0.263280004 0.581070006 0
vt 0.28817001 0.581350029 0
vt 0.283980012 0.597159982 0
vt 0.258469999 0.591359973 0
vt 0.283980012 0.597159982 0
vt 0.253309995 0.602810025 0
vt 0.350279987 0.826770008 0
vt 0.358709991 0.811280012 0
vt 0.375660002 0.818099976 0
vt 0.345310003 0.830680013 0
vt 0.355580002 0.808969975 0
vt 0.350279987 0.826770008 0
vt 0.299030006 0.732270002 0
vt 0.305009991 0.751179993 0
vt 0.275260001 0.745660007 0
vt 0.299030006 0.732270002 0
vt 0.275260001 0.745660007 0
vt 0.261689991 0.725239992 0
vt 0.601010025 0.271829993 0
vt 0.609130025 0.28865999 0
vt 0.607930005 0.313410014 0
vt 0.597549975 0.176080003 0
vt 0.604569972 0.234679997 0
vt 0.601010025 0.271829993 0
vt 0.597180009 0.747669995 0
vt 0.612089992 0.735350013 0
vt 0.609700024 0.74849999 0
vt 0.609700024 0.74849999 0
vt 0.615980029 0.736800015 0
vt 0.619790018 0.743910015 0
vt 0.643620014 0.144339994 0
vt 0.632040024 0.108439997 0
vt 0.63221997 0.0819299966 0
vt 0.653320014 0.194000006 0
vt 0.637669981 0.135800004 0
vt 0.643620014 0.144339994 0
vt 0.50948 0.977980018 0
vt 0.495139986 0.982720017 0
vt 0.494129986 0.97803998 0
vt 0.4736 0.980340004 0
vt 0.494129986 0.97803998 0
vt 0.495139986 0.982720017 0
vt 0.62687999 0.810479999 0
vt 0.618189991 0.811969995 0
vt 0.614419997 0.804780006 0
vt 0.602569997 0.795350015 0
vt 0.614419997 0.804780006 0
vt 0.618189991 0.811969995 0
vt 0.154980004 0.181390002 0
vt 0.17306 0.168410003 0
vt 0.176640004 0.212789997 0
vt 0.151299998 0.210999995 0
vt 0.154980004 0.181390002 0
vt 0.176640004 0.212789997 0
vt 0.229519993 0.215000004 0
vt 0.219640002 0.184049994 0
vt 0.238279998 0.217289999 0
vt 0.229519993 0.215000004 0
vt 0.238279998 0.217289999 0
vt 0.249540001 0.254170001 0
vt 0.0492700003 0.683309972 0
vt 0.0232599992 0.709699988 0
vt 0.0190600008 0.687259972 0
vt 0.0190600008 0.687259972 0
vt 0.0232599992 0.709699988 0
vt 0.0142599996 0.693270028 0
vt 0.719009995 0.52463001 0
vt 0.717299998 0.534650028 0
vt 0.707400024 0.538389981 0
vt 0.0393400006 0.596080005 0
vt 0.0548699982 0.597299993 0
vt 0.0337699987 0.601549983 0
vt 0.778729975 0.360989988 0
vt 0.794030011 0.348309994 0
vt 0.790130019 0.374740005 0
vt 0.790130019 0.374740005 0
vt 0.794030011 0.348309994 0
vt 0.811049998 0.379619986 0
vt 0.153270006 0.0579300001 0
vt 0.148770005 0.0676700026 0
vt 0.122649997 0.0225499999 0
vt 0.148770005 0.0676700026 0
vt 0.153270006 0.0579300001 0
vt 0.15772 0.074000001 0
vt 0.534619987 0.424919993 0
vt 0.597249985 0.441769987 0
vt 0.559939981 0.45758 0
vt 0.557110012 0.409559995 0
vt 0.595170021 0.37834999 0
vt 0.597249985 0.441769987 0
vt 0.0430000015 0.342350006 0
vt 0.0859199986 0.376740009 0
vt 0.0576499999 0.390100002 0
vt 0.0576499999 0.390100002 0
vt 0.105789997 0.406580001 0
vt 0.0806699991 0.428039998 0
vt 0.682089984 0.854269981 0
vt 0.680190027 0.839060009 0
vt 0.69749999 0.850820005 0
vt 0.656979978 0.830829978 0
vt 0.680190027 0.839060009 0
vt 0.682089984 0.854269981 0
vt 0.68779999 0.56269002 0
vt 0.670469999 0.580959976 0
vt 0.644710004 0.553439975 0
vt 0.68779999 0.56269002 0
vt 0.682340026 0.576610029 0
vt 0.670469999 0.580959976 0
vt 0.897880018 0.732680023 0
vt 0.904049993 0.713959992 0
vt 0.90346998 0.739440024 0
vt 0.897880018 0.732680023 0
vt 0.90346998 0.739440024 0
vt 0.898109972 0.758819997 0
vt 0.0576499999 0.390100002 0
vt 0.0859199986 0.376740009 0
vt 0.105789997 0.406580001 0
vt 0.105789997 0.406580001 0
vt 0.0859199986 0.376740009 0
vt 0.124930002 0.392839998 0
vt 0.558700025 0.240380004 0
vt 0.57148999 0.209869996 0
vt 0.601010025 0.271829993 0
vt 0.563040018 0.173810005 0
vt 0.57148999 0.209869996 0
vt 0.550979972 0.226530001 0
vt 0.213809997 0.303359985 0
vt 0.214729995 0.279410005 0
vt 0.249540001 0.254170001 0
vt 0.181569993 0.34029001 0
vt 0.214729995 0.279410005 0
vt 0.213809997 0.303359985 0
vt 0.597549975 0.176080003 0
vt 0.604200006 0.188590005 0
vt 0.604569972 0.234679997 0
vt 0.604160011 0.148880005 0
vt 0.604200006 0.188590005 0
vt 0.597549975 0.176080003 0
vt 0.744080007 0.847140014 0
vt 0.765120029 0.831269979 0
vt 0.75168997 0.852789998 0
vt 0.744080007 0.847140014 0
vt 0.75168997 0.852789998 0
vt 0.725470006 0.846239984 0
vt 0.0621399991 0.087849997 0
vt 0.0529100001 0.0847899988 0
vt 0.0644899979 0.0735599995 0
vt 0.0535599999 0.073619999 0
vt 0.0573600009 0.0580400005 0
vt 0.0644899979 0.0735599995 0
vt 0.811670005 0.652130008 0
vt 0.832859993 0.657410026 0
vt 0.834580004 0.664080024 0
vt 0.842299998 0.648310006 0
vt 0.834580004 0.664080024 0
vt 0.832859993 0.657410026 0
vt 0.748099983 0.822399974 0
vt 0.744080007 0.847140014 0
vt 0.730400026 0.827650011 0
vt 0.748099983 0.822399974 0
vt 0.730400026 0.827650011 0
vt 0.743350029 0.808030009 0
vt 0.253980011 0.826240003 0
vt 0.209230006 0.80467999 0
vt 0.264620006 0.811630011 0
vt 0.479779989 0.300709993 0
vt 0.470759988 0.344610006 0
vt 0.45618999 0.331640005 0
vt 0.559099972 0.944190025 0
vt 0.56299001 0.928430021 0
vt 0.566229999 0.935819983 0
vt 0.56299001 0.928430021 0
vt 0.57476002 0.901530027 0
vt 0.568199992 0.926779985 0
vt 0.896210015 0.69461 0
vt 0.895969987 0.69016999 0
vt 0.904049993 0.713959992 0
vt 0.889840007 0.68234998 0
vt 0.88696003 0.661140025 0
vt 0.895969987 0.69016999 0
vt 0.811670005 0.652130008 0
vt 0.834580004 0.664080024 0
vt 0.816619992 0.660300016 0
vt 0.78846997 0.650539994 0
vt 0.811670005 0.652130008 0
vt 0.816619992 0.660300016 0
vt 0.513320029 0.910969973 0
vt 0.534799993 0.906700015 0
vt 0.527649999 0.928269982 0
vt 0.506009996 0.886460006 0
vt 0.526470006 0.891059995 0
vt 0.513320029 0.910969973 0
vt 0.782679975 0.231539994 0
vt 0.792949975 0.214330003 0
vt 0.789839983 0.275070012 0
vt 0.774540007 0.184900001 0
vt 0.792949975 0.214330003 0
vt 0.782679975 0.231539994 0
vt 0.0238199998 0.744639993 0
vt 0.0260099992 0.757229984 0
vt 0.0179099999 0.763040006 0
vt 0.536390007 0.604749978 0
vt 0.572589993 0.584309995 0
vt 0.54904002 0.597899973 0
vt 0.491849989 0.709689975 0
vt 0.470270008 0.718689978 0
vt 0.420190006 0.727750003 0
vt 0.519749999 0.704569995 0
vt 0.490610003 0.715219975 0
vt 0.491849989 0.709689975 0
vt 0.35868001 0.645900011 0
vt 0.323430002 0.647459984 0
vt 0.326539993 0.627020001 0
vt 0.315189987 0.642639995 0
vt 0.323430002 0.647459984 0
vt 0.307810009 0.66940999 0
vt 0.574999988 0.877399981 0
vt 0.578779995 0.857949972 0
vt 0.577419996 0.885739982 0
vt 0.570770025 0.849430025 0
vt 0.578779995 0.857949972 0
vt 0.574999988 0.877399981 0
vt 0.143360004 0.0203000009 0
vt 0.18152 0.00297000003 0
vt 0.196600005 0.0367200002 0
vt 0.196600005 0.0367200002 0
vt 0.210649997 0.0307199992 0
vt 0.239240006 0.0584199987 0
vt 0.674989998 0.05418 0
vt 0.684069991 0.0614599995 0
vt 0.685599983 0.0779699981 0
vt 0.684069991 0.0614599995 0
vt 0.66821003 0.0409500003 0
vt 0.67750001 0.0423399992 0
vt 0.553749979 0.376670003 0
vt 0.57960999 0.336899996 0
vt 0.595170021 0.37834999 0
vt 0.57960999 0.336899996 0
vt 0.621990025 0.360949993 0
vt 0.595170021 0.37834999 0
vt 0.419820011 0.73150003 0
vt 0.476200014 0.72112 0
vt 0.449050009 0.730629981 0
vt 0.370009989 0.741230011 0
vt 0.405259997 0.737160027 0
vt 0.303629994 0.756869972 0
vt 0.561320007 0.898570001 0
vt 0.574129999 0.886399984 0
vt 0.569559991 0.902350008 0
vt 0.555419981 0.921630025 0
vt 0.561320007 0.898570001 0
vt 0.569559991 0.902350008 0
vt 0.51722002 0.823930025 0
vt 0.550360024 0.823930025 0
vt 0.535250008 0.843509972 0
vt 0.557770014 0.849030018 0
vt 0.535250008 0.843509972 0
vt 0.569890022 0.830649972 0
vt 0.205950007 0.531159997 0
vt 0.207929999 0.52779001 0
vt 0.215379998 0.530529976 0
vt 0.227840006 0.52038002 0
vt 0.215379998 0.530529976 0
vt 0.207929999 0.52779001 0
vt 0.342500001 0.28659001 0
vt 0.323920012 0.254689991 0
vt 0.336879998 0.233449996 0
vt 0.286850005 0.24786 0
vt 0.323920012 0.254689991 0
vt 0.342500001 0.28659001 0
vt 0.68076998 0.332219988 0
vt 0.669080019 0.258230001 0
vt 0.679809988 0.300469995 0
vt 0.694249988 0.273770005 0
vt 0.719649971 0.21706 0
vt 0.719690025 0.316000015 0
vt 0.703920007 0.465140015 0
vt 0.734679997 0.484869987 0
vt 0.725329995 0.501119971 0
vt 0.0619199984 0.592079997 0
vt 0.0799499974 0.588850021 0
vt 0.0748099983 0.592939973 0
vt 0.174850002 0.733110011 0
vt 0.186360002 0.706430018 0
vt 0.213400006 0.70095998 0
vt 0.174850002 0.733110011 0
vt 0.185929999 0.680939972 0
vt 0.186360002 0.706430018 0
vt 0.553749979 0.376670003 0
vt 0.531180024 0.348030001 0
vt 0.57960999 0.336899996 0
vt 0.508170009 0.362170011 0
vt 0.531180024 0.348030001 0
vt 0.521459997 0.37650001 0
vt 0.719690025 0.316000015 0
vt 0.685639977 0.334219992 0
vt 0.679809988 0.300469995 0
vt 0.719680011 0.342530012 0
vt 0.685639977 0.334219992 0
vt 0.719690025 0.316000015 0
vt 0.687860012 0.655380011 0
vt 0.711310029 0.65012002 0
vt 0.733850002 0.652310014 0
vt 0.733850002 0.652310014 0
vt 0.740769982 0.643570006 0
vt 0.766179979 0.646679997 0
vt 0.869930029 0.166189998 0
vt 0.908930004 0.244200006 0
vt 0.887269974 0.250330001 0
vt 0.908930004 0.244200006 0
vt 0.902740002 0.335519999 0
vt 0.887269974 0.250330001 0
vt 0.808650017 0.901650012 0
vt 0.789160013 0.908770025 0
vt 0.798870027 0.896830022 0
vt 0.809889972 0.892250001 0
vt 0.808650017 0.901650012 0
vt 0.798870027 0.896830022 0
vt 0.0396899991 0.256680012 0
vt 0.0578199998 0.278710008 0
vt 0.0523199998 0.29332 0
vt 0.0523199998 0.29332 0
vt 0.0782900006 0.31784001 0
vt 0.0608900003 0.325679988 0
vt 0.234830007 0.36669001 0
vt 0.257490009 0.316799998 0
vt 0.255609989 0.404599994 0
vt 0.255609989 0.404599994 0
vt 0.226070002 0.407139987 0
vt 0.239529997 0.404390007 0
vt 0.468300015 0.169540003 0
vt 0.47815001 0.239130005 0
vt 0.457569987 0.242229998 0
vt 0.47815001 0.239130005 0
vt 0.479779989 0.300709993 0
vt 0.466789991 0.28639999 0
vt 0.733850002 0.652310014 0
vt 0.711310029 0.65012002 0
vt 0.740769982 0.643570006 0
vt 0.711310029 0.65012002 0
vt 0.708320022 0.633449972 0
vt 0.740769982 0.643570006 0
vt 0.230599999 0.172150001 0
vt 0.212300003 0.15456 0
vt 0.256579995 0.139809996 0
vt 0.237039998 0.199699998 0
vt 0.218960002 0.164419994 0
vt 0.230599999 0.172150001 0
vt 0.159030005 0.449559987 0
vt 0.174610004 0.448220015 0
vt 0.168880001 0.461490005 0
vt 0.174610004 0.448220015 0
vt 0.189840004 0.445859998 0
vt 0.168880001 0.461490005 0
vt 0.239529997 0.404390007 0
vt 0.234830007 0.36669001 0
vt 0.255609989 0.404599994 0
vt 0.218500003 0.363409996 0
vt 0.234830007 0.36669001 0
vt 0.239529997 0.404390007 0
vt 0.403930008 0.83051002 0
vt 0.424849987 0.859089971 0
vt 0.394840002 0.851999998 0
vt 0.366079986 0.837239981 0
vt 0.403930008 0.83051002 0
vt 0.394840002 0.851999998 0
vt 0.601930022 0.647430003 0
vt 0.613839984 0.66377002 0
vt 0.590789974 0.672249973 0
vt 0.597169995 0.645179987 0
vt 0.601930022 0.647430003 0
vt 0.584150016 0.677709997 0
vt 0.0951900035 0.766960025 0
vt 0.0867900029 0.770120025 0
vt 0.0877899975 0.747510016 0
vt 0.0818900019 0.748440027 0
vt 0.0852899998 0.706260026 0
vt 0.0877899975 0.747510016 0
vt 0.535250008 0.843509972 0
vt 0.542999983 0.871519983 0
vt 0.52125001 0.867370009 0
vt 0.52125001 0.867370009 0
vt 0.542999983 0.871519983 0
vt 0.526470006 0.891059995 0
vt 0.813619971 0.838100016 0
vt 0.824100018 0.841849983 0
vt 0.814769983 0.860239983 0
vt 0.816609979 0.832840025 0
vt 0.823909998 0.828170002 0
vt 0.822430015 0.836019993 0
vt 0.335099995 0.174370006 0
vt 0.325590014 0.155939996 0
vt 0.350789994 0.132530004 0
vt 0.325749993 0.169369996 0
vt 0.325590014 0.155939996 0
vt 0.335099995 0.174370006 0
vt 0.61056 0.102339998 0
vt 0.625180006 0.136800006 0
vt 0.599919975 0.113279998 0
vt 0.605470002 0.0826399997 0
vt 0.61056 0.102339998 0
vt 0.599919975 0.113279998 0
vt 0.739180028 0.191239998 0
vt 0.755379975 0.237910002 0
vt 0.753489971 0.244499996 0
vt 0.755379975 0.237910002 0
vt 0.757539988 0.295269996 0
vt 0.753489971 0.244499996 0
vt 0.51722002 0.823930025 0
vt 0.535250008 0.843509972 0
vt 0.512440026 0.842710018 0
vt 0.48890999 0.822780013 0
vt 0.51722002 0.823930025 0
vt 0.512440026 0.842710018 0
vt 0.65395999 0.691529989 0
vt 0.667919993 0.731710017 0
vt 0.650650024 0.713429987 0
vt 0.65395999 0.691529989 0
vt 0.650650024 0.713429987 0
vt 0.638979971 0.697250009 0
vt 0.537069976 0.0551699996 0
vt 0.540380001 0.0764599964 0
vt 0.517549992 0.0853499994 0
vt 0.540380001 0.0764599964 0
vt 0.534609973 0.110619999 0
vt 0.521459997 0.102949999 0
vt 0.825919986 0.197019994 0
vt 0.844820023 0.261299998 0
vt 0.826030016 0.2403 0
vt 0.835940003 0.263489991 0
vt 0.844820023 0.261299998 0
vt 0.853919983 0.316929996 0
vt 0.597249985 0.441769987 0
vt 0.637239993 0.45660001 0
vt 0.628899992 0.483949989 0
vt 0.637239993 0.45660001 0
vt 0.655990005 0.46450001 0
vt 0.628899992 0.483949989 0
vt 0.323559999 0.172179997 0
vt 0.303180009 0.149939999 0
vt 0.292290002 0.133579999 0
vt 0.303180009 0.149939999 0
vt 0.282609999 0.126450002 0
vt 0.292290002 0.133579999 0
vt 0.55223 0.0821700022 0
vt 0.552969992 0.0554299988 0
vt 0.567569971 0.059009999 0
vt 0.574010015 0.0692399964 0
vt 0.576740026 0.0942699984 0
vt 0.562030017 0.0914800018 0
vt 0.824100018 0.841849983 0
vt 0.844529986 0.843970001 0
vt 0.83780998 0.852029979 0
vt 0.844529986 0.843970001 0
vt 0.864839971 0.852429986 0
vt 0.83780998 0.852029979 0
vt 0.636179984 0.794210017 0
vt 0.670350015 0.790799975 0
vt 0.662349999 0.805239975 0
vt 0.637000024 0.81299001 0
vt 0.636179984 0.794210017 0
vt 0.662349999 0.805239975 0
vt 0.819939971 0.768719971 0
vt 0.820500016 0.778460026 0
vt 0.813019991 0.768350005 0
vt 0.825720012 0.776289999 0
vt 0.820500016 0.778460026 0
vt 0.823719978 0.771120012 0
vt 0.336690009 0.85898 0
vt 0.342929989 0.879220009 0
vt 0.333829999 0.873279989 0
vt 0.887910008 0.821099997 0
vt 0.891309977 0.829569995 0
vt 0.878790021 0.84108001 0
vt 0.129470006 0.493010014 0
vt 0.149920002 0.507139981 0
vt 0.136439994 0.502250016 0
vt 0.101099998 0.461760014 0
vt 0.115960002 0.482549995 0
vt 0.112089999 0.484450012 0
vt 0.142140001 0.418289989 0
vt 0.157049999 0.424419999 0
vt 0.1611 0.437739998 0
vt 0.135409996 0.402619988 0
vt 0.157049999 0.424419999 0
vt 0.142140001 0.418289989 0
vt 0.4199 0.802190006 0
vt 0.459600002 0.782909989 0
vt 0.450049996 0.810289979 0
vt 0.377790004 0.798290014 0
vt 0.42809999 0.77779001 0
vt 0.4199 0.802190006 0
vt 0.0218899995 0.787259996 0
vt 0.0383200012 0.782199979 0
vt 0.0295100007 0.798219979 0
vt 0.0218899995 0.787259996 0
vt 0.0295100007 0.798219979 0
vt 0.0241999999 0.809819996 0
vt 0.887910008 0.821099997 0
vt 0.899649978 0.807850003 0
vt 0.891309977 0.829569995 0
vt 0.889079988 0.792970002 0
vt 0.899649978 0.807850003 0
vt 0.887910008 0.821099997 0
vt 0.771440029 0.594280005 0
vt 0.77414 0.591040015 0
vt 0.778859973 0.593999982 0
vt 0.785849988 0.607670009 0
vt 0.771440029 0.594280005 0
vt 0.778859973 0.593999982 0
vt 0.786629975 0.822969973 0
vt 0.765120029 0.831269979 0
vt 0.768079996 0.816340029 0
vt 0.786629975 0.822969973 0
vt 0.783900023 0.84345001 0
vt 0.765120029 0.831269979 0
vt 0.398200005 0.38398999 0
vt 0.414299995 0.390540004 0
vt 0.408659995 0.397109985 0
vt 0.408659995 0.397109985 0
vt 0.414299995 0.390540004 0
vt 0.389899999 0.449550003 0
vt 0.600549996 0.0627499968 0
vt 0.587700009 0.0600299984 0
vt 0.594690025 0.0545700006 0
vt 0.594690025 0.0545700006 0
vt 0.587700009 0.0600299984 0
vt 0.590699971 0.0422799997 0
vt 0.708580017 0.125459999 0
vt 0.694260001 0.0898799971 0
vt 0.710650027 0.119790003 0
vt 0.724749982 0.157000005 0
vt 0.708580017 0.125459999 0
vt 0.710650027 0.119790003 0
vt 0.505289972 0.434139997 0
vt 0.559939981 0.45758 0
vt 0.536610007 0.467299998 0
vt 0.534619987 0.424919993 0
vt 0.559939981 0.45758 0
vt 0.505289972 0.434139997 0
vt 0.0577200018 0.218659997 0
vt 0.0436899997 0.188439995 0
vt 0.0766699985 0.189459994 0
vt 0.0209599994 0.198770002 0
vt 0.039760001 0.203299999 0
vt 0.0392999984 0.223370001 0
vt 0.174769998 0.668500006 0
vt 0.185929999 0.680939972 0
vt 0.160669997 0.701160014 0
vt 0.196579993 0.611689985 0
vt 0.197420001 0.651629984 0
vt 0.173690006 0.64951998 0
vt 0.0109000001 0.637870014 0
vt 0.0227199998 0.632369995 0
vt 0.0278099999 0.637549996 0
vt 0.0227199998 0.632369995 0
vt 0.0385700017 0.624310017 0
vt 0.0278099999 0.637549996 0
vt 0.82227999 0.742850006 0
vt 0.832629979 0.726520002 0
vt 0.834150016 0.734189987 0
vt 0.839709997 0.710979998 0
vt 0.843110025 0.712490022 0
vt 0.834150016 0.734189987 0
vt 0.880620003 0.47942999 0
vt 0.902849972 0.465680003 0
vt 0.91444999 0.464489996 0
vt 0.872749984 0.479380012 0
vt 0.890330017 0.434839994 0
vt 0.902849972 0.465680003 0
vt 0.0352299996 0.333920002 0
vt 0.0227600001 0.303979993 0
vt 0.0297400001 0.313300014 0
vt 0.0352299996 0.333920002 0
vt 0.0297400001 0.313300014 0
vt 0.0576499999 0.390100002 0
vt 0.902849972 0.465680003 0
vt 0.880620003 0.47942999 0
vt 0.872749984 0.479380012 0
vt 0.872749984 0.479380012 0
vt 0.880620003 0.47942999 0
vt 0.862760007 0.486919999 0
vt 0.610140026 0.545189977 0
vt 0.527130008 0.547900021 0
vt 0.576120019 0.527270019 0
vt 0.559180021 0.512239993 0
vt 0.615790009 0.544319987 0
vt 0.576120019 0.527270019 0
vt 0.133870006 0.731819987 0
vt 0.144800007 0.688319981 0
vt 0.145579994 0.717850029 0
vt 0.174769998 0.668500006 0
vt 0.160669997 0.701160014 0
vt 0.144800007 0.688319981 0
vt 0.614419997 0.804780006 0
vt 0.628000021 0.802559972 0
vt 0.62687999 0.810479999 0
vt 0.637000024 0.81299001 0
vt 0.636309981 0.804849982 0
vt 0.636179984 0.794210017 0
vt 0.633759975 0.681930006 0
vt 0.645959973 0.677619994 0
vt 0.638979971 0.697250009 0
vt 0.645959973 0.677619994 0
vt 0.65395999 0.691529989 0
vt 0.638979971 0.697250009 0
vt 0.707400024 0.538389981 0
vt 0.70122999 0.548829973 0
vt 0.701889992 0.543990016 0
vt 0.701889992 0.543990016 0
vt 0.699999988 0.532729983 0
vt 0.707400024 0.538389981 0
vt 0.618189991 0.811969995 0
vt 0.62687999 0.810479999 0
vt 0.63985002 0.817569971 0
vt 0.637000024 0.81299001 0
vt 0.664300025 0.830709994 0
vt 0.63985002 0.817569971 0
vt 0.576120019 0.527270019 0
vt 0.615790009 0.544319987 0
vt 0.610140026 0.545189977 0
vt 0.610140026 0.545189977 0
vt 0.615790009 0.544319987 0
vt 0.611079991 0.553960025 0
vt 0.504540026 0.958540022 0
vt 0.523689985 0.95848 0
vt 0.501309991 0.96408999 0
vt 0.504540026 0.958540022 0
vt 0.501309991 0.96408999 0
vt 0.484140009 0.966220021 0
vt 0.689230025 0.804719985 0
vt 0.678780019 0.821680009 0
vt 0.662349999 0.805239975 0
vt 0.691569984 0.825489998 0
vt 0.689230025 0.804719985 0
vt 0.705940008 0.819440007 0
vt 0.303629994 0.756869972 0
vt 0.274679989 0.762189984 0
vt 0.306629986 0.753400028 0
vt 0.306629986 0.753400028 0
vt 0.370009989 0.741230011 0
vt 0.303629994 0.756869972 0
vt 0.667590022 0.534070015 0
vt 0.695630014 0.539359987 0
vt 0.678780019 0.547240019 0
vt 0.699999988 0.532729983 0
vt 0.701889992 0.543990016 0
vt 0.695630014 0.539359987 0
vt 0.596430004 0.815739989 0
vt 0.59473002 0.796459973 0
vt 0.603200018 0.819599986 0
vt 0.596430004 0.815739989 0
vt 0.603200018 0.819599986 0
vt 0.595340014 0.84416002 0
vt 0.692430019 0.636229992 0
vt 0.700030029 0.601790011 0
vt 0.708320022 0.633449972 0
vt 0.711310029 0.65012002 0
vt 0.692430019 0.636229992 0
vt 0.708320022 0.633449972 0
vt 0.87668997 0.328009993 0
vt 0.902740002 0.335519999 0
vt 0.90061003 0.367740005 0
vt 0.902740002 0.335519999 0
vt 0.92750001 0.376910001 0
vt 0.90061003 0.367740005 0
vt 0.180189997 0.787750006 0
vt 0.208590001 0.779649973 0
vt 0.209230006 0.80467999 0
vt 0.180189997 0.787750006 0
vt 0.173199996 0.785860002 0
vt 0.197559997 0.779980004 0
vt 0.185929999 0.680939972 0
vt 0.174769998 0.668500006 0
vt 0.197420001 0.651629984 0
vt 0.197420001 0.651629984 0
vt 0.186360002 0.706430018 0
vt 0.185929999 0.680939972 0
vt 0.639540017 0.598640025 0
vt 0.646709979 0.589890003 0
vt 0.654720008 0.587589979 0
vt 0.654720008 0.587589979 0
vt 0.646709979 0.589890003 0
vt 0.633069992 0.575150013 0
vt 0.784979999 0.789640009 0
vt 0.766380012 0.804289997 0
vt 0.762740016 0.792479992 0
vt 0.770449996 0.78204 0
vt 0.810280025 0.776480019 0
vt 0.784979999 0.789640009 0
vt 0.484759986 0.414869994 0
vt 0.46182999 0.422829986 0
vt 0.460720003 0.397899985 0
vt 0.180189997 0.787750006 0
vt 0.209230006 0.80467999 0
vt 0.180659994 0.801549971 0
vt 0.237910002 0.507250011 0
vt 0.227840006 0.52038002 0
vt 0.230680004 0.511829972 0
vt 0.207929999 0.52779001 0
vt 0.221440002 0.518570006 0
vt 0.227840006 0.52038002 0
vt 0.383469999 0.388509989 0
vt 0.39004001 0.401349992 0
vt 0.386209995 0.420910001 0
vt 0.39004001 0.401349992 0
vt 0.408659995 0.397109985 0
vt 0.394050002 0.415300012 0
vt 0.412099987 0.957059979 0
vt 0.378679991 0.950410008 0
vt 0.385250002 0.948960006 0
vt 0.36372 0.942799985 0
vt 0.385250002 0.948960006 0
vt 0.378679991 0.950410008 0
vt 0.10864 0.485799998 0
vt 0.112089999 0.484450012 0
vt 0.136439994 0.502250016 0
vt 0.112089999 0.484450012 0
vt 0.129470006 0.493010014 0
vt 0.136439994 0.502250016 0
vt 0.540380001 0.0764599964 0
vt 0.537069976 0.0551699996 0
vt 0.552969992 0.0554299988 0
vt 0.57457 0.0252500009 0
vt 0.56904 0.0418299995 0
vt 0.551609993 0.0363399982 0
vt 0.692120016 0.717260003 0
vt 0.680949986 0.726840019 0
vt 0.676779985 0.694750011 0
vt 0.692120016 0.717260003 0
vt 0.715089977 0.749329984 0
vt 0.680949986 0.726840019 0
vt 0.160809994 0.418599993 0
vt 0.143800005 0.400929987 0
vt 0.169459999 0.406780005 0
vt 0.189480007 0.429419994 0
vt 0.160809994 0.418599993 0
vt 0.169459999 0.406780005 0
vt 0.135890007 0.0932599977 0
vt 0.148780003 0.0954800025 0
vt 0.14666 0.107009999 0
vt 0.120970003 0.102499999 0
vt 0.14666 0.107009999 0
vt 0.0976099968 0.101180002 0
vt 0.921310008 0.399589986 0
vt 0.958109975 0.389340013 0
vt 0.955850005 0.421050012 0
vt 0.94848001 0.336270005 0
vt 0.958199978 0.367870003 0
vt 0.92750001 0.376910001 0
vt 0.625760019 0.0450499989 0
vt 0.633979976 0.0358499996 0
vt 0.636900008 0.0542099997 0
vt 0.637809992 0.0792099983 0
vt 0.62401998 0.0574299991 0
vt 0.636900008 0.0542099997 0
vt 0.0783599988 0.812849998 0
vt 0.0847000033 0.81020999 0
vt 0.082659997 0.836260021 0
vt 0.0700000003 0.79519999 0
vt 0.0783599988 0.812849998 0
vt 0.05167 0.790380001 0
vt 0.137250006 0.643469989 0
vt 0.11445 0.621029973 0
vt 0.148110002 0.612190008 0
vt 0.11445 0.621029973 0
vt 0.137250006 0.643469989 0
vt 0.087650001 0.671700001 0
vt 0.255129993 0.652320027 0
vt 0.289790004 0.627699971 0
vt 0.280090004 0.649969995 0
vt 0.280090004 0.649969995 0
vt 0.289790004 0.627699971 0
vt 0.297749996 0.624000013 0
vt 0.252310008 0.234209999 0
vt 0.237039998 0.199699998 0
vt 0.254480004 0.222639993 0
vt 0.254480004 0.222639993 0
vt 0.237039998 0.199699998 0
vt 0.246030003 0.184630007 0
vt 0.249720007 0.762399971 0
vt 0.257400006 0.760110021 0
vt 0.253580004 0.764880002 0
vt 0.255569994 0.726170003 0
vt 0.257400006 0.760110021 0
vt 0.249720007 0.762399971 0
vt 0.806490004 0.616299987 0
vt 0.777960002 0.611930013 0
vt 0.785849988 0.607670009 0
vt 0.785849988 0.607670009 0
vt 0.777960002 0.611930013 0
vt 0.771440029 0.594280005 0
vt 0.0818900019 0.748440027 0
vt 0.0783099979 0.71758002 0
vt 0.0852899998 0.706260026 0
vt 0.0800900012 0.678250015 0
vt 0.0852899998 0.706260026 0
vt 0.0783099979 0.71758002 0
vt 0.30726999 0.607670009 0
vt 0.315530002 0.623049974 0
vt 0.297749996 0.624000013 0
vt 0.296739995 0.606970012 0
vt 0.297749996 0.624000013 0
vt 0.289790004 0.627699971 0
vt 0.157539994 0.107749999 0
vt 0.165360004 0.106880002 0
vt 0.174319997 0.132469997 0
vt 0.160490006 0.129460007 0
vt 0.157539994 0.107749999 0
vt 0.174319997 0.132469997 0
vt 0.314960003 0.599319994 0
vt 0.32227999 0.606029987 0
vt 0.30726999 0.607670009 0
vt 0.322459996 0.584290028 0
vt 0.32227999 0.606029987 0
vt 0.314960003 0.599319994 0
vt 0.263399988 0.562210023 0
vt 0.262230009 0.568059981 0
vt 0.224940002 0.568840027 0
vt 0.263399988 0.562210023 0
vt 0.294129997 0.575320005 0
vt 0.262230009 0.568059981 0
vt 0.386209995 0.420910001 0
vt 0.389899999 0.449550003 0
vt 0.381570011 0.444110006 0
vt 0.381570011 0.444110006 0
vt 0.383340001 0.455280006 0
vt 0.353619993 0.417459995 0
vt 0.0809900016 0.79855001 0
vt 0.0783599988 0.812849998 0
vt 0.0700000003 0.79519999 0
vt 0.0774300024 0.795430005 0
vt 0.0809900016 0.79855001 0
vt 0.0700000003 0.79519999 0
vt 0.735230029 0.606840014 0
vt 0.718479991 0.589240015 0
vt 0.73793 0.589079976 0
vt 0.708320022 0.633449972 0
vt 0.718479991 0.589240015 0
vt 0.735230029 0.606840014 0
vt 0.299890012 0.330179989 0
vt 0.309949994 0.374390006 0
vt 0.298689991 0.335940003 0
vt 0.296009988 0.31606999 0
vt 0.299890012 0.330179989 0
vt 0.295870006 0.321700007 0
vt 0.294129997 0.575320005 0
vt 0.28817001 0.581350029 0
vt 0.272579998 0.57367003 0
vt 0.294129997 0.575320005 0
vt 0.298280001 0.58841002 0
vt 0.28817001 0.581350029 0
vt 0.506030023 0.399170011 0
vt 0.505289972 0.434139997 0
vt 0.503960013 0.405959994 0
vt 0.507640004 0.339439988 0
vt 0.508170009 0.362170011 0
vt 0.504190028 0.381410003 0
vt 0.58367002 0.071800001 0
vt 0.574010015 0.0692399964 0
vt 0.584890008 0.0548200011 0
vt 0.600549996 0.0627499968 0
vt 0.58367002 0.071800001 0
vt 0.587700009 0.0600299984 0
vt 0.548590004 0.583909988 0
vt 0.555859983 0.568400025 0
vt 0.575909972 0.569840014 0
vt 0.608900011 0.565379977 0
vt 0.548590004 0.583909988 0
vt 0.575909972 0.569840014 0
vt 0.272579998 0.57367003 0
vt 0.28817001 0.581350029 0
vt 0.255840003 0.572780013 0
vt 0.272579998 0.57367003 0
vt 0.255840003 0.572780013 0
vt 0.262230009 0.568059981 0
vt 0.697960019 0.772729993 0
vt 0.687780023 0.763859987 0
vt 0.714959979 0.770640016 0
vt 0.687780023 0.763859987 0
vt 0.667919993 0.731710017 0
vt 0.698930025 0.758599997 0
vt 0.00761999981 0.645290017 0
vt 0.0109000001 0.637870014 0
vt 0.0189800002 0.645659983 0
vt 0.0145399999 0.623430014 0
vt 0.0109000001 0.637870014 0
vt 0.00683999993 0.638490021 0
vt 0.246030003 0.184630007 0
vt 0.263749987 0.20228 0
vt 0.268139988 0.216169998 0
vt 0.246030003 0.184630007 0
vt 0.294530004 0.183829993 0
vt 0.263749987 0.20228 0
vt 0.0179099999 0.763040006 0
vt 0.0260099992 0.757229984 0
vt 0.0267699994 0.776690006 0
vt 0.0260099992 0.757229984 0
vt 0.0311699994 0.778310001 0
vt 0.0267699994 0.776690006 0
vt 0.398200005 0.38398999 0
vt 0.400330007 0.378300011 0
vt 0.414299995 0.390540004 0
vt 0.383469999 0.388509989 0
vt 0.400330007 0.378300011 0
vt 0.398200005 0.38398999 0
vt 0.76424998 0.311580002 0
vt 0.780520022 0.27748999 0
vt 0.782119989 0.293440014 0
vt 0.783219993 0.259869993 0
vt 0.782679975 0.231539994 0
vt 0.789839983 0.275070012 0
vt 0.163859993 0.0900000036 0
vt 0.148770005 0.0676700026 0
vt 0.15772 0.074000001 0
vt 0.182520002 0.0795800015 0
vt 0.15772 0.074000001 0
vt 0.183660001 0.0444299988 0
vt 0.806490004 0.616299987 0
vt 0.828960001 0.617229998 0
vt 0.823379993 0.636889994 0
vt 0.823379993 0.636889994 0
vt 0.828960001 0.617229998 0
vt 0.836380005 0.627240002 0
vt 0.825370014 0.859179974 0
vt 0.814769983 0.860239983 0
vt 0.824100018 0.841849983 0
vt 0.823849976 0.885140002 0
vt 0.814769983 0.860239983 0
vt 0.825370014 0.859179974 0
vt 0.928420007 0.462080002 0
vt 0.91444999 0.464489996 0
vt 0.956309974 0.44859001 0
vt 0.310699999 0.515410006 0
vt 0.317110002 0.523980021 0
vt 0.297839999 0.527289987 0
vt 0.662819982 0.532519996 0
vt 0.675629973 0.522599995 0
vt 0.667590022 0.534070015 0
vt 0.667590022 0.534070015 0
vt 0.644710004 0.553439975 0
vt 0.662819982 0.532519996 0
vt 0.765250027 0.611039996 0
vt 0.753059983 0.59088999 0
vt 0.764590025 0.598160028 0
vt 0.777960002 0.611930013 0
vt 0.765250027 0.611039996 0
vt 0.764590025 0.598160028 0
vt 0.616900027 0.0301600005 0
vt 0.625760019 0.0450499989 0
vt 0.613089979 0.0416399986 0
vt 0.616900027 0.0301600005 0
vt 0.613089979 0.0416399986 0
vt 0.602219999 0.0298100002 0
vt 0.668649971 0.368339986 0
vt 0.666660011 0.33397001 0
vt 0.673129976 0.387490004 0
vt 0.673129976 0.387490004 0
vt 0.673380017 0.442479998 0
vt 0.671010017 0.405539989 0
vt 0.254810005 0.0977799967 0
vt 0.179370001 0.0386799984 0
vt 0.24673 0.087439999 0
vt 0.254810005 0.0977799967 0
vt 0.24673 0.087439999 0
vt 0.292290002 0.133579999 0
vt 0.644710004 0.553439975 0
vt 0.634280026 0.56032002 0
vt 0.639289975 0.551270008 0
vt 0.662819982 0.532519996 0
vt 0.644710004 0.553439975 0
vt 0.639289975 0.551270008 0
vt 0.59473002 0.796459973 0
vt 0.602569997 0.795350015 0
vt 0.603200018 0.819599986 0
vt 0.599259973 0.78332001 0
vt 0.59473002 0.796459973 0
vt 0.585399985 0.785880029 0
vt 0.00737999985 0.221330002 0
vt 0.0299600009 0.225820005 0
vt 0.0218000002 0.246409997 0
vt 0.00737999985 0.221330002 0
vt 0.0218000002 0.246409997 0
vt 0.0159099996 0.258139998 0
vt 0.870660007 0.801810026 0
vt 0.841229975 0.818170011 0
vt 0.856599987 0.792100012 0
vt 0.870660007 0.801810026 0
vt 0.856599987 0.792100012 0
vt 0.889310002 0.771380007 0
vt 0.223839998 0.726700008 0
vt 0.213400006 0.70095998 0
vt 0.234830007 0.702409983 0
vt 0.235640004 0.652589977 0
vt 0.234830007 0.702409983 0
vt 0.213400006 0.70095998 0
vt 0.336879998 0.233449996 0
vt 0.317559987 0.219610006 0
vt 0.315649986 0.208389997 0
vt 0.263749987 0.20228 0
vt 0.315649986 0.208389997 0
vt 0.317559987 0.219610006 0
vt 0.748210013 0.779340029 0
vt 0.770449996 0.78204 0
vt 0.762740016 0.792479992 0
vt 0.784979999 0.789640009 0
vt 0.762740016 0.792479992 0
vt 0.770449996 0.78204 0
vt 0.0955199972 0.0275999997 0
vt 0.125829995 0.0201600008 0
vt 0.122649997 0.0225499999 0
vt 0.143360004 0.0203000009 0
vt 0.122649997 0.0225499999 0
vt 0.125829995 0.0201600008 0
vt 0.42197001 0.957840025 0
vt 0.458590001 0.962629974 0
vt 0.422140002 0.961660028 0
vt 0.42197001 0.957840025 0
vt 0.422140002 0.961660028 0
vt 0.412099987 0.957059979 0
vt 0.813600004 0.810490012 0
vt 0.816389978 0.826020002 0
vt 0.786629975 0.822969973 0
vt 0.819779992 0.817219973 0
vt 0.813600004 0.810490012 0
vt 0.820540011 0.798099995 0
vt 0.632040024 0.108439997 0
vt 0.643620014 0.144339994 0
vt 0.637669981 0.135800004 0
vt 0.632040024 0.108439997 0
vt 0.637669981 0.135800004 0
vt 0.61056 0.102339998 0
vt 0.0355999991 0.759159982 0
vt 0.0436399989 0.782540023 0
vt 0.02984 0.754700005 0
vt 0.02984 0.754700005 0
vt 0.0268900003 0.741270006 0
vt 0.0286500007 0.73793 0
vt 0.286529988 0.289079994 0
vt 0.281610012 0.249489993 0
vt 0.289849997 0.275489986 0
vt 0.290989995 0.298750013 0
vt 0.289849997 0.275489986 0
vt 0.347779989 0.326090008 0
vt 0.67809999 0.583239973 0
vt 0.670469999 0.580959976 0
vt 0.682340026 0.576610029 0
vt 0.0109000001 0.637870014 0
vt 0.00761999981 0.645290017 0
vt 0.00683999993 0.638490021 0
vt 0.362170011 0.464810014 0
vt 0.382719994 0.462989986 0
vt 0.3653 0.470310003 0
vt 0.309819996 0.500710011 0
vt 0.362170011 0.464810014 0
vt 0.348839998 0.480479985 0
vt 0.135979995 0.225209996 0
vt 0.151299998 0.210999995 0
vt 0.161640003 0.242369995 0
vt 0.161640003 0.242369995 0
vt 0.151299998 0.210999995 0
vt 0.176640004 0.212789997 0
vt 0.133870006 0.731819987 0
vt 0.115379997 0.730069995 0
vt 0.125850007 0.703750014 0
vt 0.104610004 0.701539993 0
vt 0.125850007 0.703750014 0
vt 0.115379997 0.730069995 0
vt 0.507359982 0.791419983 0
vt 0.525030017 0.781910002 0
vt 0.526459992 0.802489996 0
vt 0.507359982 0.791419983 0
vt 0.526459992 0.802489996 0
vt 0.51722002 0.823930025 0
vt 0.572589993 0.584309995 0
vt 0.621169984 0.565400004 0
vt 0.633069992 0.575150013 0
vt 0.627889991 0.566649973 0
vt 0.621169984 0.565400004 0
vt 0.634280026 0.56032002 0
vt 0.220459998 0.182280004 0
vt 0.20984 0.169220001 0
vt 0.206119999 0.153280005 0
vt 0.214320004 0.196319997 0
vt 0.20984 0.169220001 0
vt 0.219640002 0.184049994 0
vt 0.123400003 0.74447 0
vt 0.115180001 0.767210007 0
vt 0.107409999 0.749729991 0
vt 0.0926899984 0.795509994 0
vt 0.0951900035 0.766960025 0
vt 0.100589998 0.777419984 0
vt 0.106899999 0.139259994 0
vt 0.14666 0.107009999 0
vt 0.133440003 0.15185 0
vt 0.106899999 0.139259994 0
vt 0.133440003 0.15185 0
vt 0.108609997 0.17069 0
vt 0.653190017 0.777059972 0
vt 0.670350015 0.790799975 0
vt 0.636179984 0.794210017 0
vt 0.653190017 0.777059972 0
vt 0.683579981 0.772599995 0
vt 0.670350015 0.790799975 0
vt 0.682600021 0.900699973 0
vt 0.671819985 0.875389993 0
vt 0.707740009 0.905629992 0
vt 0.468910009 0.974160016 0
vt 0.441430002 0.980139971 0
vt 0.420569986 0.976520002 0
vt 0.107409999 0.749729991 0
vt 0.133870006 0.731819987 0
vt 0.123400003 0.74447 0
vt 0.133870006 0.731819987 0
vt 0.155420005 0.736769974 0
vt 0.123400003 0.74447 0
vt 0.253580004 0.764880002 0
vt 0.208590001 0.779649973 0
vt 0.197559997 0.779980004 0
vt 0.208590001 0.779649973 0
vt 0.180189997 0.787750006 0
vt 0.197559997 0.779980004 0
vt 0.092840001 0.237059996 0
vt 0.0577200018 0.218659997 0
vt 0.0903699994 0.215210006 0
vt 0.092840001 0.237059996 0
vt 0.0903699994 0.215210006 0
vt 0.115659997 0.208649993 0
vt 0.865989983 0.65723002 0
vt 0.85582 0.643519998 0
vt 0.87026 0.640879989 0
vt 0.862299979 0.655110002 0
vt 0.84562999 0.63319999 0
vt 0.85582 0.643519998 0
vt 0.457569987 0.242229998 0
vt 0.466789991 0.28639999 0
vt 0.435579985 0.283279985 0
vt 0.457569987 0.242229998 0
vt 0.47815001 0.239130005 0
vt 0.466789991 0.28639999 0
vt 0.261229992 0.692229986 0
vt 0.280090004 0.649969995 0
vt 0.269710004 0.695670009 0
vt 0.269710004 0.695670009 0
vt 0.252059996 0.722729981 0
vt 0.261229992 0.692229986 0
vt 0.264459997 0.0947799981 0
vt 0.27877 0.0961999968 0
vt 0.30934 0.147019997 0
vt 0.264459997 0.0947799981 0
vt 0.235990003 0.0689300001 0
vt 0.27877 0.0961999968 0
vt 0.242249995 0.453370005 0
vt 0.255950004 0.450019985 0
vt 0.236709997 0.464780003 0
vt 0.265540004 0.438820004 0
vt 0.255950004 0.450019985 0
vt 0.236900002 0.441670001 0
vt 0.811070025 0.410869986 0
vt 0.844169974 0.401769996 0
vt 0.847069979 0.432229996 0
vt 0.811049998 0.379619986 0
vt 0.844169974 0.401769996 0
vt 0.811070025 0.410869986 0
vt 0.101939999 0.180040002 0
vt 0.0890699998 0.158470005 0
vt 0.0992299989 0.160280004 0
vt 0.0665699989 0.17058 0
vt 0.0890699998 0.158470005 0
vt 0.101939999 0.180040002 0
vt 0.00668000011 0.192369998 0
vt 0.0209599994 0.198770002 0
vt 0.0299600009 0.225820005 0
vt 0.0294599999 0.150169998 0
vt 0.0209599994 0.198770002 0
vt 0.00779000018 0.163629994 0
vt 0.102860004 0.589510024 0
vt 0.138439998 0.592890024 0
vt 0.107550003 0.596639991 0
vt 0.138439998 0.592890024 0
vt 0.11445 0.621029973 0
vt 0.107550003 0.596639991 0
vt 0.101099998 0.461760014 0
vt 0.0757900029 0.427350014 0
vt 0.0806699991 0.428039998 0
vt 0.0757900029 0.427350014 0
vt 0.0576499999 0.390100002 0
vt 0.0806699991 0.428039998 0
vt 0.311890006 0.11806 0
vt 0.313769996 0.0996700004 0
vt 0.325590014 0.155939996 0
vt 0.311890006 0.11806 0
vt 0.27877 0.0961999968 0
vt 0.313769996 0.0996700004 0
vt 0.564620018 0.757130027 0
vt 0.568509996 0.750540018 0
vt 0.581290007 0.753369987 0
vt 0.568509996 0.750540018 0
vt 0.591560006 0.746569991 0
vt 0.581290007 0.753369987 0
vt 0.555570006 0.932089984 0
vt 0.555419981 0.921630025 0
vt 0.56299001 0.928430021 0
vt 0.555419981 0.921630025 0
vt 0.55084002 0.937070012 0
vt 0.527649999 0.928269982 0
vt 0.0205899999 0.121239997 0
vt 0.0466400012 0.138479993 0
vt 0.0294599999 0.150169998 0
vt 0.0294599999 0.150169998 0
vt 0.0466400012 0.138479993 0
vt 0.0209599994 0.198770002 0
vt 0.890879989 0.136500001 0
vt 0.899990022 0.154679999 0
vt 0.869930029 0.166189998 0
vt 0.890879989 0.136500001 0
vt 0.89805001 0.142450005 0
vt 0.899990022 0.154679999 0
vt 0.334729999 0.913749993 0
vt 0.338779986 0.904699981 0
vt 0.352010012 0.92592001 0
vt 0.334729999 0.913749993 0
vt 0.330749989 0.887030005 0
vt 0.338779986 0.904699981 0
vt 0.111960001 0.0339599997 0
vt 0.0996700004 0.0481900014 0
vt 0.099179998 0.04476 0
vt 0.0644899979 0.0735599995 0
vt 0.0894899964 0.046980001 0
vt 0.0996700004 0.0481900014 0
vt 0.668649971 0.368339986 0
vt 0.673129976 0.387490004 0
vt 0.671010017 0.405539989 0
vt 0.668649971 0.368339986 0
vt 0.66346997 0.398829997 0
vt 0.641700029 0.392740011 0
vt 0.0365700014 0.105149999 0
vt 0.0451299995 0.113609999 0
vt 0.0205899999 0.121239997 0
vt 0.00980999973 0.12872 0
vt 0.0205899999 0.121239997 0
vt 0.0294599999 0.150169998 0
vt 0.0700000003 0.79519999 0
vt 0.05167 0.790380001 0
vt 0.0518199988 0.788079977 0
vt 0.0518199988 0.788079977 0
vt 0.05167 0.790380001 0
vt 0.0383200012 0.782199979 0
vt 0.395319998 0.60939002 0
vt 0.434610009 0.619530022 0
vt 0.379240006 0.630490005 0
vt 0.395319998 0.60939002 0
vt 0.444000006 0.591669977 0
vt 0.434610009 0.619530022 0
vt 0.0529100001 0.0847899988 0
vt 0.0403200015 0.0800999999 0
vt 0.0535599999 0.073619999 0
vt 0.0535599999 0.073619999 0
vt 0.0644899979 0.0735599995 0
vt 0.0529100001 0.0847899988 0
vt 0.88696003 0.661140025 0
vt 0.883069992 0.663030028 0
vt 0.87026 0.640879989 0
vt 0.87026 0.640879989 0
vt 0.858460009 0.622049987 0
vt 0.88696003 0.661140025 0
vt 0.635609984 0.660430014 0
vt 0.639789999 0.656390011 0
vt 0.635930002 0.665560007 0
vt 0.640129983 0.661059976 0
vt 0.645959973 0.677619994 0
vt 0.633759975 0.681930006 0
vt 0.00386000006 0.214829996 0
vt 0.00781999994 0.242510006 0
vt 0.00420999993 0.239580005 0
vt 0.00386000006 0.214829996 0
vt 0.00737999985 0.221330002 0
vt 0.00781999994 0.242510006 0
vt 0.637669981 0.135800004 0
vt 0.638289988 0.172399998 0
vt 0.625180006 0.136800006 0
vt 0.599919975 0.113279998 0
vt 0.625180006 0.136800006 0
vt 0.638289988 0.172399998 0
vt 0.69749999 0.850820005 0
vt 0.715560019 0.853699982 0
vt 0.763220012 0.868709981 0
vt 0.715560019 0.853699982 0
vt 0.69749999 0.850820005 0
vt 0.725470006 0.846239984 0
vt 0.626590014 0.862559974 0
vt 0.671819985 0.875389993 0
vt 0.654380023 0.874469995 0
vt 0.477959991 0.989250004 0
vt 0.486229986 0.997569978 0
vt 0.463620007 0.99804002 0
vt 0.627300024 0.682020009 0
vt 0.62450999 0.699140012 0
vt 0.614120007 0.716329992 0
vt 0.635930002 0.665560007 0
vt 0.629310012 0.686869979 0
vt 0.627300024 0.682020009 0
vt 0.147510007 0.328830004 0
vt 0.132530004 0.30388999 0
vt 0.157609999 0.285299987 0
vt 0.122419998 0.343080014 0
vt 0.132530004 0.30388999 0
vt 0.147510007 0.328830004 0
vt 0.561399996 0.156849995 0
vt 0.554920018 0.143879995 0
vt 0.568840027 0.115649998 0
vt 0.561399996 0.124229997 0
vt 0.576740026 0.0942699984 0
vt 0.568840027 0.115649998 0
vt 0.00237999996 0.131549999 0
vt 0.00956999976 0.11987 0
vt 0.00367000001 0.140259996 0
vt 0.00196000002 0.145239994 0
vt 0.00367000001 0.140259996 0
vt 0.00194999995 0.207770005 0
vt 0.618889987 0.757160008 0
vt 0.627560019 0.788190007 0
vt 0.621100008 0.774919987 0
vt 0.614419997 0.804780006 0
vt 0.621100008 0.774919987 0
vt 0.627560019 0.788190007 0
vt 0.842299998 0.648310006 0
vt 0.832859993 0.657410026 0
vt 0.84562999 0.63319999 0
vt 0.84562999 0.63319999 0
vt 0.844980001 0.665489972 0
vt 0.842299998 0.648310006 0
vt 0.661840022 0.655409992 0
vt 0.687860012 0.655380011 0
vt 0.686779976 0.663129985 0
vt 0.686779976 0.663129985 0
vt 0.687860012 0.655380011 0
vt 0.716780007 0.658079982 0
vt 0.181569993 0.34029001 0
vt 0.166119993 0.3116 0
vt 0.171309993 0.311260015 0
vt 0.166119993 0.3116 0
vt 0.157609999 0.285299987 0
vt 0.171309993 0.311260015 0
vt 0.623139977 0.0125099998 0
vt 0.617850006 0.0157399997 0
vt 0.601740003 0.0130099999 0
vt 0.623139977 0.0125099998 0
vt 0.639330029 0.0172400009 0
vt 0.617850006 0.0157399997 0
vt 0.59473002 0.796459973 0
vt 0.599259973 0.78332001 0
vt 0.602569997 0.795350015 0
vt 0.602569997 0.795350015 0
vt 0.599259973 0.78332001 0
vt 0.611360013 0.764460027 0
vt 0.737590015 0.43502 0
vt 0.733340025 0.464659989 0
vt 0.703920007 0.465140015 0
vt 0.100759998 0.587819993 0
vt 0.127350003 0.584010005 0
vt 0.170359999 0.580449998 0
vt 0.554509997 0.947870016 0
vt 0.540279984 0.960349977 0
vt 0.545029998 0.951629996 0
vt 0.545029998 0.951629996 0
vt 0.540279984 0.960349977 0
vt 0.527159989 0.961979985 0
vt 0.183660001 0.0444299988 0
vt 0.179370001 0.0386799984 0
vt 0.254810005 0.0977799967 0
vt 0.183660001 0.0444299988 0
vt 0.165629998 0.0355800018 0
vt 0.179370001 0.0386799984 0
vt 0.173950002 0.740960002 0
vt 0.174850002 0.733110011 0
vt 0.224680007 0.73168999 0
vt 0.173950002 0.740960002 0
vt 0.166429996 0.735360026 0
vt 0.174850002 0.733110011 0
vt 0.0640299991 0.601429999 0
vt 0.0691199973 0.602540016 0
vt 0.0528200008 0.611240029 0
vt 0.0691199973 0.602540016 0
vt 0.0640299991 0.601429999 0
vt 0.0748099983 0.592939973 0
vt 0.597180009 0.747669995 0
vt 0.599659979 0.760469973 0
vt 0.594380021 0.758229971 0
vt 0.594380021 0.758229971 0
vt 0.599659979 0.760469973 0
vt 0.599259973 0.78332001 0
vt 0.134780005 0.390899986 0
vt 0.142989993 0.363730013 0
vt 0.161880001 0.372070014 0
vt 0.161880001 0.372070014 0
vt 0.160290003 0.347369999 0
vt 0.181569993 0.34029001 0
vt 0.540279984 0.960349977 0
vt 0.535709977 0.97586 0
vt 0.530420005 0.97191 0
vt 0.535709977 0.97586 0
vt 0.546350002 0.99804002 0
vt 0.52929002 0.978980005 0
vt 0.224680007 0.73168999 0
vt 0.223839998 0.726700008 0
vt 0.248789996 0.729809999 0
vt 0.174850002 0.733110011 0
vt 0.223839998 0.726700008 0
vt 0.224680007 0.73168999 0
vt 0.135890007 0.0932599977 0
vt 0.14666 0.107009999 0
vt 0.120970003 0.102499999 0
vt 0.11654 0.0908999965 0
vt 0.135890007 0.0932599977 0
vt 0.120970003 0.102499999 0
vt 0.761059999 0.0956299976 0
vt 0.796840012 0.129470006 0
vt 0.787940025 0.165889993 0
vt 0.787940025 0.165889993 0
vt 0.804279983 0.148829997 0
vt 0.798139989 0.182380006 0
vt 0.478020012 0.759130001 0
vt 0.496210009 0.779540002 0
vt 0.476749986 0.773169994 0
vt 0.468899995 0.760200024 0
vt 0.478020012 0.759130001 0
vt 0.476749986 0.773169994 0
vt 0.648249984 0.0523299985 0
vt 0.636900008 0.0542099997 0
vt 0.633979976 0.0358499996 0
vt 0.660960019 0.0483999997 0
vt 0.648249984 0.0523299985 0
vt 0.63993001 0.0293400008 0
vt 0.603439987 0.00194999995 0
vt 0.623139977 0.0125099998 0
vt 0.596130013 0.00692000007 0
vt 0.57852 0.649020016 0
vt 0.583920002 0.655629992 0
vt 0.544700027 0.64568001 0
vt 0.816739976 0.118129998 0
vt 0.819739997 0.145809993 0
vt 0.804279983 0.148829997 0
vt 0.816739976 0.118129998 0
vt 0.84296 0.143319994 0
vt 0.819739997 0.145809993 0
vt 0.541450024 0.171059996 0
vt 0.561399996 0.124229997 0
vt 0.554920018 0.143879995 0
vt 0.554920018 0.143879995 0
vt 0.561399996 0.124229997 0
vt 0.568840027 0.115649998 0
vt 0.712239981 0.0888999999 0
vt 0.684069991 0.0614599995 0
vt 0.69878 0.0639600009 0
vt 0.504819989 0.599919975 0
vt 0.51157999 0.609380007 0
vt 0.481579989 0.591809988 0
vt 0.822899997 0.821060002 0
vt 0.816389978 0.826020002 0
vt 0.819779992 0.817219973 0
vt 0.819779992 0.817219973 0
vt 0.816389978 0.826020002 0
vt 0.813600004 0.810490012 0
vt 0.477299988 0.745620012 0
vt 0.478020012 0.759130001 0
vt 0.468899995 0.760200024 0
vt 0.461360008 0.73119998 0
vt 0.469509989 0.740960002 0
vt 0.468899995 0.760200024 0
vt 0.804279983 0.148829997 0
vt 0.819739997 0.145809993 0
vt 0.822030008 0.166989997 0
vt 0.819739997 0.145809993 0
vt 0.84296 0.143319994 0
vt 0.822030008 0.166989997 0
vt 0.588930011 0.00469999993 0
vt 0.596130013 0.00692000007 0
vt 0.601029992 0.01609 0
vt 0.586019993 0.650030017 0
vt 0.583920002 0.655629992 0
vt 0.57852 0.649020016 0
vt 0.689849973 0.0768000036 0
vt 0.712239981 0.0888999999 0
vt 0.694260001 0.0898799971 0
vt 0.685599983 0.0779699981 0
vt 0.684069991 0.0614599995 0
vt 0.689849973 0.0768000036 0
vt 0.379269987 0.863860011 0
vt 0.394840002 0.851999998 0
vt 0.382829994 0.902209997 0
vt 0.349869996 0.894860029 0
vt 0.363970011 0.878600001 0
vt 0.369269997 0.910889983 0
vt 0.54606998 0.119180001 0
vt 0.521839976 0.179169998 0
vt 0.534609973 0.110619999 0
vt 0.54606998 0.119180001 0
vt 0.534609973 0.110619999 0
vt 0.55223 0.0821700022 0
vt 0.987269998 0.401749998 0
vt 0.980679989 0.435799986 0
vt 0.977639973 0.433600008 0
vt 0.977639973 0.433600008 0
vt 0.980679989 0.435799986 0
vt 0.963769972 0.443450004 0
vt 0.569570005 0.0101199998 0
vt 0.571690023 0.01339 0
vt 0.549480021 0.0203099996 0
vt 0.571690023 0.01339 0
vt 0.569570005 0.0101199998 0
vt 0.588930011 0.00469999993 0
vt 0.122419998 0.343080014 0
vt 0.084239997 0.278800011 0
vt 0.104029998 0.268330008 0
vt 0.104029998 0.268330008 0
vt 0.084239997 0.278800011 0
vt 0.092840001 0.237059996 0
vt 0.685599983 0.0779699981 0
vt 0.689849973 0.0768000036 0
vt 0.694260001 0.0898799971 0
vt 0.708580017 0.125459999 0
vt 0.685599983 0.0779699981 0
vt 0.694260001 0.0898799971 0
vt 0.241510004 0.506030023 0
vt 0.272760004 0.506889999 0
vt 0.240360007 0.509350002 0
vt 0.227840006 0.52038002 0
vt 0.237910002 0.507250011 0
vt 0.240360007 0.509350002 0
vt 0.599919975 0.113279998 0
vt 0.613990009 0.148110002 0
vt 0.604160011 0.148880005 0
vt 0.604160011 0.148880005 0
vt 0.617169976 0.172299996 0
vt 0.620840013 0.207220003 0
vt 0.535709977 0.97586 0
vt 0.551209986 0.971700013 0
vt 0.55509001 0.980159998 0
vt 0.561879992 0.948870003 0
vt 0.55509001 0.980159998 0
vt 0.551209986 0.971700013 0
vt 0.0436899997 0.188439995 0
vt 0.0665699989 0.17058 0
vt 0.0766699985 0.189459994 0
vt 0.0766699985 0.189459994 0
vt 0.0665699989 0.17058 0
vt 0.101939999 0.180040002 0
vt 0.361310005 0.795400023 0
vt 0.377790004 0.798290014 0
vt 0.375660002 0.818099976 0
vt 0.908230007 0.716009974 0
vt 0.895969987 0.69016999 0
vt 0.908460021 0.705669999 0
vt 0.496859998 0.74970001 0
vt 0.514339983 0.756889999 0
vt 0.508469999 0.767199993 0
vt 0.514339983 0.756889999 0
vt 0.535790026 0.770330012 0
vt 0.508469999 0.767199993 0
vt 0.328990012 0.387230009 0
vt 0.337269992 0.377570003 0
vt 0.346240014 0.383720011 0
vt 0.356830001 0.377510011 0
vt 0.346240014 0.383720011 0
vt 0.337269992 0.377570003 0
vt 0.0876199976 0.797219992 0
vt 0.108790003 0.798319995 0
vt 0.0890000015 0.799470007 0
vt 0.108790003 0.798319995 0
vt 0.094630003 0.818509996 0
vt 0.0890000015 0.799470007 0
vt 0.355580002 0.808969975 0
vt 0.358709991 0.811280012 0
vt 0.350279987 0.826770008 0
vt 0.355580002 0.808969975 0
vt 0.361310005 0.795400023 0
vt 0.358709991 0.811280012 0
vt 0.289959997 0.415369987 0
vt 0.282110006 0.430999994 0
vt 0.277399987 0.428689986 0
vt 0.277399987 0.428689986 0
vt 0.282110006 0.430999994 0
vt 0.268530011 0.450619996 0
vt 0.735289991 0.762199998 0
vt 0.747359991 0.750169992 0
vt 0.739300013 0.775550008 0
vt 0.714959979 0.770640016 0
vt 0.735289991 0.762199998 0
vt 0.739300013 0.775550008 0
vt 0.495609999 0.841840029 0
vt 0.470719993 0.831459999 0
vt 0.48890999 0.822780013 0
vt 0.507359982 0.791419983 0
vt 0.48890999 0.822780013 0
vt 0.470719993 0.831459999 0
vt 0.837650001 0.830359995 0
vt 0.854149997 0.829360008 0
vt 0.844529986 0.843970001 0
vt 0.837650001 0.830359995 0
vt 0.853179991 0.818130016 0
vt 0.854149997 0.829360008 0
vt 0.35492 0.581879973 0
vt 0.376359999 0.585659981 0
vt 0.322459996 0.584290028 0
vt 0.35492 0.581879973 0
vt 0.421319991 0.582059979 0
vt 0.376359999 0.585659981 0
vt 0.638010025 0.405869991 0
vt 0.621990025 0.360949993 0
vt 0.641700029 0.392740011 0
vt 0.648930013 0.434289992 0
vt 0.653689981 0.423539996 0
vt 0.663860023 0.458689988 0
vt 0.276039988 0.445980012 0
vt 0.287019998 0.448529989 0
vt 0.267500013 0.455850005 0
vt 0.282110006 0.430999994 0
vt 0.276039988 0.445980012 0
vt 0.268530011 0.450619996 0
vt 0.581049979 0.040860001 0
vt 0.56904 0.0418299995 0
vt 0.57457 0.0252500009 0
vt 0.581049979 0.040860001 0
vt 0.580229998 0.0300699994 0
vt 0.590699971 0.0422799997 0
vt 0.650539994 0.311390013 0
vt 0.661270022 0.29073 0
vt 0.666660011 0.33397001 0
vt 0.633870006 0.216549993 0
vt 0.661270022 0.29073 0
vt 0.647870004 0.280490011 0
vt 0.490610003 0.715219975 0
vt 0.49733001 0.716709971 0
vt 0.476200014 0.72112 0
vt 0.476200014 0.72112 0
vt 0.49733001 0.716709971 0
vt 0.488499999 0.726329982 0
vt 0.693000019 0.788649976 0
vt 0.708150029 0.798520029 0
vt 0.689230025 0.804719985 0
vt 0.711279988 0.783179998 0
vt 0.728190005 0.780319989 0
vt 0.708150029 0.798520029 0
vt 0.443940014 0.950160027 0
vt 0.458590001 0.962629974 0
vt 0.42197001 0.957840025 0
vt 0.42840001 0.907760024 0
vt 0.429870009 0.933070004 0
vt 0.42197001 0.957840025 0
vt 0.219610006 0.328750014 0
vt 0.199489996 0.337579995 0
vt 0.213809997 0.303359985 0
vt 0.218500003 0.363409996 0
vt 0.219610006 0.328750014 0
vt 0.234830007 0.36669001 0
vt 0.604200006 0.188590005 0
vt 0.618319988 0.271519989 0
vt 0.604569972 0.234679997 0
vt 0.618319988 0.271519989 0
vt 0.647870004 0.280490011 0
vt 0.609130025 0.28865999 0
vt 0.209230006 0.80467999 0
vt 0.183630005 0.814949989 0
vt 0.180659994 0.801549971 0
vt 0.46182999 0.422829986 0
vt 0.498950005 0.476119995 0
vt 0.464529991 0.458700001 0
vt 0.123400003 0.74447 0
vt 0.130669996 0.775709987 0
vt 0.121660002 0.7852 0
vt 0.130669996 0.775709987 0
vt 0.15151 0.789089978 0
vt 0.121660002 0.7852 0
vt 0.268139988 0.216169998 0
vt 0.263749987 0.20228 0
vt 0.278600007 0.231900007 0
vt 0.269129992 0.236220002 0
vt 0.268139988 0.216169998 0
vt 0.278600007 0.231900007 0
vt 0.0385700017 0.624310017 0
vt 0.0432000011 0.62371999 0
vt 0.0186599996 0.654919982 0
vt 0.0528200008 0.611240029 0
vt 0.0691199973 0.602540016 0
vt 0.0432000011 0.62371999 0
vt 0.835940003 0.263489991 0
vt 0.826030016 0.2403 0
vt 0.844820023 0.261299998 0
vt 0.826030016 0.2403 0
vt 0.835940003 0.263489991 0
vt 0.789839983 0.275070012 0
vt 0.601010025 0.271829993 0
vt 0.604569972 0.234679997 0
vt 0.609130025 0.28865999 0
vt 0.604569972 0.234679997 0
vt 0.618319988 0.271519989 0
vt 0.609130025 0.28865999 0
vt 0.287019998 0.448529989 0
vt 0.279879987 0.458999991 0
vt 0.267500013 0.455850005 0
vt 0.287019998 0.448529989 0
vt 0.305119991 0.446079999 0
vt 0.279879987 0.458999991 0
vt 0.02238 0.728690028 0
vt 0.0232599992 0.709699988 0
vt 0.0268900003 0.741270006 0
vt 0.0238199998 0.744639993 0
vt 0.00913999975 0.745249987 0
vt 0.02238 0.728690028 0
vt 0.801569998 0.747409999 0
vt 0.799570024 0.719780028 0
vt 0.812340021 0.723810017 0
vt 0.813759983 0.707509995 0
vt 0.799570024 0.719780028 0
vt 0.792620003 0.691529989 0
vt 0.491349995 0.503419995 0
vt 0.498950005 0.476119995 0
vt 0.492760003 0.509500027 0
vt 0.101740003 0.842729986 0
vt 0.094750002 0.842119992 0
vt 0.094630003 0.818509996 0
vt 0.595040023 0.153060004 0
vt 0.604160011 0.148880005 0
vt 0.597549975 0.176080003 0
vt 0.588440001 0.168630004 0
vt 0.571120024 0.143920004 0
vt 0.595040023 0.153060004 0
vt 0.0782900006 0.31784001 0
vt 0.0578199998 0.278710008 0
vt 0.110890001 0.366549999 0
vt 0.0523199998 0.29332 0
vt 0.0578199998 0.278710008 0
vt 0.0782900006 0.31784001 0
vt 0.679809988 0.300469995 0
vt 0.68550998 0.208749995 0
vt 0.694249988 0.273770005 0
vt 0.719690025 0.316000015 0
vt 0.679809988 0.300469995 0
vt 0.694249988 0.273770005 0
vt 0.0383200012 0.782199979 0
vt 0.0344099998 0.778110027 0
vt 0.0436399989 0.782540023 0
vt 0.0383200012 0.782199979 0
vt 0.0218899995 0.787259996 0
vt 0.0311699994 0.778310001 0
vt 0.823570013 0.450760007 0
vt 0.86135 0.458310008 0
vt 0.83592999 0.474180013 0
vt 0.847069979 0.432229996 0
vt 0.890330017 0.434839994 0
vt 0.86135 0.458310008 0
vt 0.166429996 0.735360026 0
vt 0.173199996 0.785860002 0
vt 0.167539999 0.788010001 0
vt 0.180189997 0.787750006 0
vt 0.167539999 0.788010001 0
vt 0.173199996 0.785860002 0
vt 0.844980001 0.665489972 0
vt 0.841050029 0.671320021 0
vt 0.842299998 0.648310006 0
vt 0.841050029 0.671320021 0
vt 0.844980001 0.665489972 0
vt 0.862299979 0.655110002 0
vt 0.210649997 0.0307199992 0
vt 0.196600005 0.0367200002 0
vt 0.18152 0.00297000003 0
vt 0.741770029 0.113020003 0
vt 0.761059999 0.0956299976 0
vt 0.776960015 0.140729994 0
vt 0.676949978 0.173710003 0
vt 0.69739002 0.173150003 0
vt 0.68550998 0.208749995 0
vt 0.70152998 0.204270005 0
vt 0.694249988 0.273770005 0
vt 0.68550998 0.208749995 0
vt 0.829949975 0.297450006 0
vt 0.853919983 0.316929996 0
vt 0.815320015 0.352730006 0
vt 0.829949975 0.297450006 0
vt 0.835940003 0.263489991 0
vt 0.853919983 0.316929996 0
vt 0.0848499984 0.131669998 0
vt 0.106899999 0.139259994 0
vt 0.0992299989 0.160280004 0
vt 0.0890699998 0.158470005 0
vt 0.0848499984 0.131669998 0
vt 0.0992299989 0.160280004 0
vt 0.801129997 0.791989982 0
vt 0.795589983 0.801829994 0
vt 0.784979999 0.789640009 0
vt 0.809379995 0.797410011 0
vt 0.813600004 0.810490012 0
vt 0.795589983 0.801829994 0
vt 0.199489996 0.337579995 0
vt 0.219610006 0.328750014 0
vt 0.218500003 0.363409996 0
vt 0.205899999 0.379709989 0
vt 0.199489996 0.337579995 0
vt 0.218500003 0.363409996 0
vt 0.226370007 0.473820001 0
vt 0.228650004 0.468369991 0
vt 0.242840007 0.479909986 0
vt 0.226370007 0.473820001 0
vt 0.220730007 0.461010009 0
vt 0.228650004 0.468369991 0
vt 0.648230016 0.734870017 0
vt 0.662509978 0.745689988 0
vt 0.658360004 0.755400002 0
vt 0.662509978 0.745689988 0
vt 0.687780023 0.763859987 0
vt 0.658360004 0.755400002 0
vt 0.419820011 0.73150003 0
vt 0.449050009 0.730629981 0
vt 0.405259997 0.737160027 0
vt 0.44461 0.175579995 0
vt 0.464080006 0.132970005 0
vt 0.468300015 0.169540003 0
vt 0.46182999 0.422829986 0
vt 0.503120005 0.463079989 0
vt 0.498950005 0.476119995 0
vt 0.503019989 0.468679994 0
vt 0.503120005 0.463079989 0
vt 0.54282999 0.502550006 0
vt 0.535870016 0.661689997 0
vt 0.578100026 0.668850005 0
vt 0.527249992 0.673520029 0
vt 0.535870016 0.661689997 0
vt 0.527249992 0.673520029 0
vt 0.481669992 0.676230013 0
vt 0.325470001 0.405090004 0
vt 0.337220013 0.407599986 0
vt 0.32743001 0.411509991 0
vt 0.314909995 0.415320009 0
vt 0.325470001 0.405090004 0
vt 0.32743001 0.411509991 0
vt 0.350800008 0.910920024 0
vt 0.340409994 0.89181 0
vt 0.342929989 0.879220009 0
vt 0.333829999 0.873279989 0
vt 0.342929989 0.879220009 0
vt 0.340409994 0.89181 0
vt 0.0541700013 0.0965100005 0
vt 0.0621399991 0.087849997 0
vt 0.063500002 0.0912699997 0
vt 0.063500002 0.0912699997 0
vt 0.0685900003 0.0842299983 0
vt 0.0782200024 0.0833899975 0
vt 0.530420005 0.97191 0
vt 0.52929002 0.978980005 0
vt 0.50948 0.977980018 0
vt 0.535709977 0.97586 0
vt 0.52929002 0.978980005 0
vt 0.530420005 0.97191 0
vt 0.227840006 0.52038002 0
vt 0.233860001 0.534160018 0
vt 0.215379998 0.530529976 0
vt 0.233860001 0.534160018 0
vt 0.227840006 0.52038002 0
vt 0.240360007 0.509350002 0
vt 0.577679992 0.695580006 0
vt 0.583090007 0.697210014 0
vt 0.574530005 0.724229991 0
vt 0.577679992 0.695580006 0
vt 0.590789974 0.672249973 0
vt 0.583090007 0.697210014 0
vt 0.443940014 0.950160027 0
vt 0.429870009 0.933070004 0
vt 0.466829985 0.921329975 0
vt 0.429870009 0.933070004 0
vt 0.443940014 0.950160027 0
vt 0.42197001 0.957840025 0
vt 0.160160005 0.485890001 0
vt 0.160559997 0.471859992 0
vt 0.168080002 0.502699971 0
vt 0.147650003 0.490720004 0
vt 0.152030006 0.464670002 0
vt 0.160559997 0.471859992 0
vt 0.326090008 0.667379975 0
vt 0.319469988 0.687449992 0
vt 0.307810009 0.66940999 0
vt 0.326090008 0.667379975 0
vt 0.354460001 0.683809996 0
vt 0.319469988 0.687449992 0
vt 0.209230006 0.80467999 0
vt 0.254159987 0.787530005 0
vt 0.264620006 0.811630011 0
vt 0.281309992 0.787469983 0
vt 0.264620006 0.811630011 0
vt 0.254159987 0.787530005 0
vt 0.841229975 0.818170011 0
vt 0.823909998 0.828170002 0
vt 0.822899997 0.821060002 0
vt 0.822899997 0.821060002 0
vt 0.823909998 0.828170002 0
vt 0.816609979 0.832840025 0
vt 0.235640004 0.652589977 0
vt 0.278490007 0.631839991 0
vt 0.255129993 0.652320027 0
vt 0.235640004 0.652589977 0
vt 0.255129993 0.652320027 0
vt 0.261229992 0.692229986 0
vt 0.0278099999 0.075910002 0
vt 0.0477400012 0.0382199995 0
vt 0.0406300016 0.0598200001 0
vt 0.0406300016 0.0598200001 0
vt 0.01774 0.105580002 0
vt 0.0278099999 0.075910002 0
vt 0.831059992 0.607110023 0
vt 0.827979982 0.60315001 0
vt 0.840659976 0.613139987 0
vt 0.831059992 0.607110023 0
vt 0.817399979 0.599300027 0
vt 0.827979982 0.60315001 0
vt 0.00779000018 0.163629994 0
vt 0.0209599994 0.198770002 0
vt 0.00668000011 0.192369998 0
vt 0.00367000001 0.140259996 0
vt 0.00779000018 0.163629994 0
vt 0.00668000011 0.192369998 0
vt 0.373659998 0.253619999 0
vt 0.347119987 0.206039995 0
vt 0.375530005 0.252420008 0
vt 0.373659998 0.253619999 0
vt 0.375530005 0.252420008 0
vt 0.413010001 0.299299985 0
vt 0.0490199998 0.149269998 0
vt 0.0667700022 0.125699997 0
vt 0.0622599982 0.14971 0
vt 0.0665699989 0.17058 0
vt 0.0490199998 0.149269998 0
vt 0.0622599982 0.14971 0
vt 0.705940008 0.819440007 0
vt 0.71776998 0.824000001 0
vt 0.702030003 0.840210021 0
vt 0.705940008 0.819440007 0
vt 0.718930006 0.806330025 0
vt 0.71776998 0.824000001 0
vt 0.62687999 0.810479999 0
vt 0.628000021 0.802559972 0
vt 0.637000024 0.81299001 0
vt 0.62687999 0.810479999 0
vt 0.637000024 0.81299001 0
vt 0.63985002 0.817569971 0
vt 0.00956999976 0.11987 0
vt 0.0157699995 0.117150001 0
vt 0.00980999973 0.12872 0
vt 0.0157699995 0.117150001 0
vt 0.0205899999 0.121239997 0
vt 0.00980999973 0.12872 0
vt 0.0559099987 0.0465999991 0
vt 0.0955199972 0.0275999997 0
vt 0.0654300004 0.0477299988 0
vt 0.0406300016 0.0598200001 0
vt 0.0559099987 0.0465999991 0
vt 0.0654300004 0.0477299988 0
vt 0.902740002 0.335519999 0
vt 0.924329996 0.332599998 0
vt 0.92750001 0.376910001 0
vt 0.908930004 0.244200006 0
vt 0.924679995 0.275290012 0
vt 0.902740002 0.335519999 0
vt 0.628000021 0.802559972 0
vt 0.627560019 0.788190007 0
vt 0.636309981 0.804849982 0
vt 0.637000024 0.81299001 0
vt 0.628000021 0.802559972 0
vt 0.636309981 0.804849982 0
vt 0.170269996 0.578880012 0
vt 0.190819994 0.578689992 0
vt 0.170359999 0.580449998 0
vt 0.127350003 0.584010005 0
vt 0.170269996 0.578880012 0
vt 0.170359999 0.580449998 0
vt 0.0782200024 0.0833899975 0
vt 0.0685900003 0.0842299983 0
vt 0.0828400031 0.0783300027 0
vt 0.101860002 0.0711999983 0
vt 0.0782200024 0.0833899975 0
vt 0.0828400031 0.0783300027 0
vt 0.0602199994 0.588050008 0
vt 0.0619199984 0.592079997 0
vt 0.0393400006 0.596080005 0
vt 0.0602199994 0.588050008 0
vt 0.0799499974 0.588850021 0
vt 0.0619199984 0.592079997 0
vt 0.557770014 0.849030018 0
vt 0.570770025 0.849430025 0
vt 0.564369977 0.874870002 0
vt 0.569890022 0.830649972 0
vt 0.570770025 0.849430025 0
vt 0.557770014 0.849030018 0
vt 0.829550028 0.70994997 0
vt 0.813759983 0.707509995 0
vt 0.823220015 0.699150026 0
vt 0.823220015 0.699150026 0
vt 0.829680026 0.678950012 0
vt 0.829550028 0.70994997 0
vt 0.824490011 0.804109991 0
vt 0.825720012 0.776289999 0
vt 0.828410029 0.77925998 0
vt 0.825720012 0.776289999 0
vt 0.845579982 0.718240023 0
vt 0.828410029 0.77925998 0
vt 0.182520002 0.0795800015 0
vt 0.163859993 0.0900000036 0
vt 0.15772 0.074000001 0
vt 0.163859993 0.0900000036 0
vt 0.182520002 0.0795800015 0
vt 0.182809994 0.0976999998 0
vt 0.654720008 0.587589979 0
vt 0.633069992 0.575150013 0
vt 0.627889991 0.566649973 0
vt 0.633069992 0.575150013 0
vt 0.621169984 0.565400004 0
vt 0.627889991 0.566649973 0
vt 0.379240006 0.630490005 0
vt 0.35868001 0.645900011 0
vt 0.351069987 0.605050027 0
vt 0.429129988 0.637390018 0
vt 0.417450011 0.660560012 0
vt 0.35868001 0.645900011 0
vt 0.207949996 0.208169997 0
vt 0.214320004 0.196319997 0
vt 0.224299997 0.228220001 0
vt 0.207949996 0.208169997 0
vt 0.20984 0.169220001 0
vt 0.214320004 0.196319997 0
vt 0.182809994 0.0976999998 0
vt 0.205219999 0.0974199995 0
vt 0.177129999 0.111440003 0
vt 0.177129999 0.111440003 0
vt 0.163859993 0.0900000036 0
vt 0.182809994 0.0976999998 0
vt 0.825720012 0.776289999 0
vt 0.843110025 0.712490022 0
vt 0.845579982 0.718240023 0
vt 0.843110025 0.712490022 0
vt 0.847050011 0.687579989 0
vt 0.845579982 0.718240023 0
vt 0.653270006 0.59849 0
vt 0.639540017 0.598640025 0
vt 0.654720008 0.587589979 0
vt 0.0125000002 0.677169979 0
vt 0.0142599996 0.693270028 0
vt 0.00901999976 0.680010021 0
vt 0.497539997 0.34454 0
vt 0.507640004 0.339439988 0
vt 0.504190028 0.381410003 0
vt 0.501129985 0.301719993 0
vt 0.507640004 0.339439988 0
vt 0.497539997 0.34454 0
vt 0.189840004 0.445859998 0
vt 0.172509998 0.435649991 0
vt 0.178829998 0.435550004 0
vt 0.172509998 0.435649991 0
vt 0.160809994 0.418599993 0
vt 0.178829998 0.435550004 0
vt 0.608900011 0.565379977 0
vt 0.611079991 0.553960025 0
vt 0.615170002 0.559270024 0
vt 0.611079991 0.553960025 0
vt 0.615790009 0.544319987 0
vt 0.615170002 0.559270024 0
vt 0.602219999 0.0298100002 0
vt 0.599139988 0.0310600009 0
vt 0.601029992 0.01609 0
vt 0.60266 0.0469200015 0
vt 0.599139988 0.0310600009 0
vt 0.602219999 0.0298100002 0
vt 0.848810017 0.175060004 0
vt 0.869930029 0.166189998 0
vt 0.887269974 0.250330001 0
vt 0.866060019 0.140290007 0
vt 0.869930029 0.166189998 0
vt 0.848810017 0.175060004 0
vt 0.83780998 0.852029979 0
vt 0.84454 0.869440019 0
vt 0.833999991 0.877799988 0
vt 0.84454 0.869440019 0
vt 0.869090021 0.854650021 0
vt 0.844309986 0.875819981 0
vt 0.143800005 0.400929987 0
vt 0.134780005 0.390899986 0
vt 0.161880001 0.372070014 0
vt 0.134780005 0.390899986 0
vt 0.143800005 0.400929987 0
vt 0.135409996 0.402619988 0
vt 0.584140003 0.606760025 0
vt 0.567420006 0.592100024 0
vt 0.580990016 0.590420008 0
vt 0.567420006 0.592100024 0
vt 0.572589993 0.584309995 0
vt 0.580990016 0.590420008 0
vt 0.323559999 0.172179997 0
vt 0.292290002 0.133579999 0
vt 0.325749993 0.169369996 0
vt 0.325749993 0.169369996 0
vt 0.347119987 0.206039995 0
vt 0.323559999 0.172179997 0
vt 0.616530001 0.0676100031 0
vt 0.622089982 0.0723600015 0
vt 0.625869989 0.0876300037 0
vt 0.611150026 0.0584600009 0
vt 0.622089982 0.0723600015 0
vt 0.616530001 0.0676100031 0
vt 0.823849976 0.885140002 0
vt 0.82960999 0.887160003 0
vt 0.817979991 0.895630002 0
vt 0.84454 0.869440019 0
vt 0.844309986 0.875819981 0
vt 0.833999991 0.877799988 0
vt 0.434610009 0.619530022 0
vt 0.429129988 0.637390018 0
vt 0.379240006 0.630490005 0
vt 0.429129988 0.637390018 0
vt 0.35868001 0.645900011 0
vt 0.379240006 0.630490005 0
vt 0.482149988 0.389109999 0
vt 0.484759986 0.414869994 0
vt 0.460720003 0.397899985 0
vt 0.482149988 0.389109999 0
vt 0.503960013 0.405959994 0
vt 0.484759986 0.414869994 0
vt 0.601930022 0.695190012 0
vt 0.598020017 0.73882997 0
vt 0.591560006 0.746569991 0
vt 0.591560006 0.746569991 0
vt 0.597180009 0.747669995 0
vt 0.594380021 0.758229971 0
vt 0.70122999 0.548829973 0
vt 0.717299998 0.534650028 0
vt 0.694239974 0.561760008 0
vt 0.70122999 0.548829973 0
vt 0.694239974 0.561760008 0
vt 0.682340026 0.576610029 0
vt 0.722609997 0.122390002 0
vt 0.694260001 0.0898799971 0
vt 0.721509993 0.108730003 0
vt 0.44126001 0.582819998 0
vt 0.461930007 0.587220013 0
vt 0.421319991 0.582059979 0
vt 0.107409999 0.749729991 0
vt 0.0951900035 0.766960025 0
vt 0.0877899975 0.747510016 0
vt 0.107409999 0.749729991 0
vt 0.115180001 0.767210007 0
vt 0.0951900035 0.766960025 0
vt 0.667450011 0.469969988 0
vt 0.658770025 0.499170005 0
vt 0.647669971 0.503059983 0
vt 0.647669971 0.503059983 0
vt 0.658770025 0.499170005 0
vt 0.66486001 0.523270011 0
vt 0.0731600001 0.834969997 0
vt 0.05167 0.790380001 0
vt 0.082659997 0.836260021 0
vt 0.082659997 0.836260021 0
vt 0.094750002 0.842119992 0
vt 0.0731600001 0.834969997 0
vt 0.398229986 0.918560028 0
vt 0.412149996 0.913030028 0
vt 0.42197001 0.957840025 0
vt 0.398229986 0.918560028 0
vt 0.424849987 0.859089971 0
vt 0.412149996 0.913030028 0
vt 0.296880007 0.0752300024 0
vt 0.29321 0.0580300018 0
vt 0.327250004 0.0905200019 0
vt 0.239240006 0.0584199987 0
vt 0.29321 0.0580300018 0
vt 0.296880007 0.0752300024 0
vt 0.155420005 0.736769974 0
vt 0.145160004 0.763880014 0
vt 0.134719998 0.746219993 0
vt 0.134719998 0.746219993 0
vt 0.145160004 0.763880014 0
vt 0.130669996 0.775709987 0
vt 0.230599999 0.172150001 0
vt 0.256579995 0.139809996 0
vt 0.276450008 0.160740003 0
vt 0.256579995 0.139809996 0
vt 0.230729997 0.0990199968 0
vt 0.276450008 0.160740003 0
vt 0.833999991 0.877799988 0
vt 0.82960999 0.887160003 0
vt 0.823849976 0.885140002 0
vt 0.825370014 0.859179974 0
vt 0.833999991 0.877799988 0
vt 0.823849976 0.885140002 0
vt 0.661180019 0.229310006 0
vt 0.646309972 0.213980004 0
vt 0.653320014 0.194000006 0
vt 0.653320014 0.194000006 0
vt 0.659829974 0.154200003 0
vt 0.661180019 0.229310006 0
vt 0.4736 0.980340004 0
vt 0.495139986 0.982720017 0
vt 0.477959991 0.989250004 0
vt 0.4736 0.980340004 0
vt 0.477959991 0.989250004 0
vt 0.441430002 0.980139971 0
vt 0.490979999 0.953960001 0
vt 0.474530011 0.939050019 0
vt 0.486259997 0.929180026 0
vt 0.466829985 0.921329975 0
vt 0.486259997 0.929180026 0
vt 0.474530011 0.939050019 0
vt 0.902849972 0.465680003 0
vt 0.932280004 0.45570001 0
vt 0.91444999 0.464489996 0
vt 0.956309974 0.44859001 0
vt 0.91444999 0.464489996 0
vt 0.932280004 0.45570001 0
vt 0.488510013 0.244190007 0
vt 0.502560019 0.247690007 0
vt 0.501129985 0.301719993 0
vt 0.507990003 0.215729997 0
vt 0.502560019 0.247690007 0
vt 0.488510013 0.244190007 0
vt 0.8046 0.846689999 0
vt 0.787630022 0.852050006 0
vt 0.783900023 0.84345001 0
vt 0.787630022 0.852050006 0
vt 0.800809979 0.850679994 0
vt 0.773630023 0.859420002 0
vt 0.227840006 0.52038002 0
vt 0.221440002 0.518570006 0
vt 0.230680004 0.511829972 0
vt 0.178399995 0.498160005 0
vt 0.230680004 0.511829972 0
vt 0.221440002 0.518570006 0
vt 0.122649997 0.0225499999 0
vt 0.111960001 0.0339599997 0
vt 0.099179998 0.04476 0
vt 0.122649997 0.0225499999 0
vt 0.133479998 0.0742599964 0
vt 0.111960001 0.0339599997 0
vt 0.782119989 0.293440014 0
vt 0.789839983 0.275070012 0
vt 0.797039986 0.295749992 0
vt 0.780520022 0.27748999 0
vt 0.789839983 0.275070012 0
vt 0.782119989 0.293440014 0
vt 0.92750001 0.376910001 0
vt 0.921310008 0.399589986 0
vt 0.885590017 0.38883999 0
vt 0.92750001 0.376910001 0
vt 0.958109975 0.389340013 0
vt 0.921310008 0.399589986 0
vt 0.620840013 0.207220003 0
vt 0.617169976 0.172299996 0
vt 0.633870006 0.216549993 0
vt 0.620840013 0.207220003 0
vt 0.633870006 0.216549993 0
vt 0.618319988 0.271519989 0
vt 0.170519993 0.791670024 0
vt 0.150590003 0.795180023 0
vt 0.137799993 0.793669999 0
vt 0.167539999 0.788010001 0
vt 0.170519993 0.791670024 0
vt 0.137799993 0.793669999 0
vt 0.160280004 0.281459987 0
vt 0.177499995 0.263399988 0
vt 0.193220004 0.262800008 0
vt 0.193220004 0.262800008 0
vt 0.188510001 0.234620005 0
vt 0.207949996 0.208169997 0
vt 0.42809999 0.77779001 0
vt 0.459600002 0.782909989 0
vt 0.4199 0.802190006 0
vt 0.461360008 0.73119998 0
vt 0.456510007 0.761950016 0
vt 0.42809999 0.77779001 0
vt 0.282110006 0.430999994 0
vt 0.296339989 0.429949999 0
vt 0.288419992 0.436650008 0
vt 0.296339989 0.429949999 0
vt 0.301319987 0.443809986 0
vt 0.288419992 0.436650008 0
vt 0.689109981 0.52305001 0
vt 0.675629973 0.522599995 0
vt 0.681779981 0.515940011 0
vt 0.682210028 0.502709985 0
vt 0.689109981 0.52305001 0
vt 0.681779981 0.515940011 0
vt 0.864839971 0.852429986 0
vt 0.869090021 0.854650021 0
vt 0.84454 0.869440019 0
vt 0.864839971 0.852429986 0
vt 0.878790021 0.84108001 0
vt 0.869090021 0.854650021 0
vt 0.847050011 0.687579989 0
vt 0.843289971 0.688849986 0
vt 0.840929985 0.677540004 0
vt 0.843110025 0.712490022 0
vt 0.843289971 0.688849986 0
vt 0.847050011 0.687579989 0
vt 0.680949986 0.726840019 0
vt 0.673940003 0.708840013 0
vt 0.676779985 0.694750011 0
vt 0.667919993 0.731710017 0
vt 0.673940003 0.708840013 0
vt 0.680949986 0.726840019 0
vt 0.456510007 0.761950016 0
vt 0.468899995 0.760200024 0
vt 0.459600002 0.782909989 0
vt 0.456510007 0.761950016 0
vt 0.459600002 0.782909989 0
vt 0.42809999 0.77779001 0
vt 0.0142599996 0.693270028 0
vt 0.02238 0.728690028 0
vt 0.0120999999 0.69848001 0
vt 0.0142599996 0.693270028 0
vt 0.0120999999 0.69848001 0
vt 0.00901999976 0.680010021 0
vt 0.737590015 0.43502 0
vt 0.684019983 0.440400004 0
vt 0.685039997 0.41681999 0
vt 0.684019983 0.440400004 0
vt 0.681410015 0.453960001 0
vt 0.685039997 0.41681999 0
vt 0.289959997 0.415369987 0
vt 0.31073001 0.408850014 0
vt 0.300319999 0.417320013 0
vt 0.300319999 0.417320013 0
vt 0.31073001 0.408850014 0
vt 0.314909995 0.415320009 0
vt 0.178320006 0.381190002 0
vt 0.192870006 0.363240004 0
vt 0.205899999 0.379709989 0
vt 0.178320006 0.381190002 0
vt 0.161880001 0.372070014 0
vt 0.192870006 0.363240004 0
vt 0.31904 0.705299973 0
vt 0.335819989 0.720849991 0
vt 0.308169991 0.730470002 0
vt 0.31904 0.705299973 0
vt 0.370900005 0.716989994 0
vt 0.335819989 0.720849991 0
vt 0.82227999 0.742850006 0
vt 0.812340021 0.723810017 0
vt 0.824209988 0.728049994 0
vt 0.82227999 0.742850006 0
vt 0.824209988 0.728049994 0
vt 0.832629979 0.726520002 0
vt 0.267800003 0.261839986 0
vt 0.252310008 0.234209999 0
vt 0.271690011 0.253529996 0
vt 0.252310008 0.234209999 0
vt 0.267800003 0.261839986 0
vt 0.279929996 0.292360008 0
vt 0.0717800036 0.792010009 0
vt 0.0926899984 0.795509994 0
vt 0.0774300024 0.795430005 0
vt 0.0774300024 0.795430005 0
vt 0.0518199988 0.788079977 0
vt 0.0717800036 0.792010009 0
vt 0.879700005 0.389899999 0
vt 0.89872998 0.440739989 0
vt 0.890330017 0.434839994 0
vt 0.890330017 0.434839994 0
vt 0.89872998 0.440739989 0
vt 0.902849972 0.465680003 0
vt 0.728200018 0.707239985 0
vt 0.748570025 0.683969975 0
vt 0.744700015 0.735270023 0
vt 0.701799989 0.698189974 0
vt 0.728200018 0.707239985 0
vt 0.72943002 0.741209984 0
vt 0.314399987 0.745689988 0
vt 0.305009991 0.751179993 0
vt 0.308169991 0.730470002 0
vt 0.314399987 0.745689988 0
vt 0.35916999 0.739600003 0
vt 0.305009991 0.751179993 0
vt 0.0926899984 0.795509994 0
vt 0.0876199976 0.797219992 0
vt 0.0774300024 0.795430005 0
vt 0.15151 0.789089978 0
vt 0.0876199976 0.797219992 0
vt 0.0926899984 0.795509994 0
vt 0.72943002 0.741209984 0
vt 0.728200018 0.707239985 0
vt 0.744700015 0.735270023 0
vt 0.747359991 0.750169992 0
vt 0.72943002 0.741209984 0
vt 0.744700015 0.735270023 0
vt 0.652909994 0.660870016 0
vt 0.661840022 0.655409992 0
vt 0.667439997 0.661759973 0
vt 0.645959973 0.677619994 0
vt 0.652909994 0.660870016 0
vt 0.661679983 0.67456001 0
vt 0.144720003 0.455969989 0
vt 0.1611 0.437739998 0
vt 0.159030005 0.449559987 0
vt 0.1611 0.437739998 0
vt 0.174610004 0.448220015 0
vt 0.159030005 0.449559987 0
vt 0.381570011 0.444110006 0
vt 0.389899999 0.449550003 0
vt 0.383340001 0.455280006 0
vt 0.389899999 0.449550003 0
vt 0.39271 0.456 0
vt 0.383340001 0.455280006 0
vt 0.261530012 0.269300014 0
vt 0.251969993 0.246700004 0
vt 0.279929996 0.292360008 0
vt 0.261530012 0.269300014 0
vt 0.249540001 0.254170001 0
vt 0.251969993 0.246700004 0
vt 0.683579981 0.772599995 0
vt 0.687780023 0.763859987 0
vt 0.697960019 0.772729993 0
vt 0.683579981 0.772599995 0
vt 0.697960019 0.772729993 0
vt 0.693000019 0.788649976 0
vt 0.764800012 0.37360999 0
vt 0.778729975 0.360989988 0
vt 0.782320023 0.374379992 0
vt 0.782320023 0.374379992 0
vt 0.778729975 0.360989988 0
vt 0.790130019 0.374740005 0
vt 0.0436399989 0.782540023 0
vt 0.0818900019 0.748440027 0
vt 0.0867900029 0.770120025 0
vt 0.0877899975 0.747510016 0
vt 0.0867900029 0.770120025 0
vt 0.0818900019 0.748440027 0
vt 0.419820011 0.73150003 0
vt 0.370009989 0.741230011 0
vt 0.35916999 0.739600003 0
vt 0.419820011 0.73150003 0
vt 0.405259997 0.737160027 0
vt 0.370009989 0.741230011 0
vt 0.133440003 0.15185 0
vt 0.165700004 0.147960007 0
vt 0.17306 0.168410003 0
vt 0.165700004 0.147960007 0
vt 0.189250007 0.163839996 0
vt 0.17306 0.168410003 0
vt 0.667439997 0.661759973 0
vt 0.681620002 0.678860009 0
vt 0.661679983 0.67456001 0
vt 0.661679983 0.67456001 0
vt 0.652909994 0.660870016 0
vt 0.667439997 0.661759973 0
vt 0.799839973 0.874000013 0
vt 0.809889972 0.892250001 0
vt 0.795120001 0.882430017 0
vt 0.795120001 0.882430017 0
vt 0.800809979 0.850679994 0
vt 0.799839973 0.874000013 0
vt 0.77313 0.716340005 0
vt 0.76038003 0.672800004 0
vt 0.784799993 0.703769982 0
vt 0.799570024 0.719780028 0
vt 0.77313 0.716340005 0
vt 0.784799993 0.703769982 0
vt 0.322459996 0.584290028 0
vt 0.351069987 0.605050027 0
vt 0.331319988 0.604969978 0
vt 0.351069987 0.605050027 0
vt 0.35868001 0.645900011 0
vt 0.331319988 0.604969978 0
vt 0.517549992 0.0853499994 0
vt 0.521459997 0.102949999 0
vt 0.491769999 0.132850006 0
vt 0.521459997 0.102949999 0
vt 0.517549992 0.0853499994 0
vt 0.540380001 0.0764599964 0
vt 0.512009978 0.299140006 0
vt 0.520179987 0.252499998 0
vt 0.521979988 0.25571999 0
vt 0.51888001 0.242339998 0
vt 0.520179987 0.252499998 0
vt 0.512009978 0.299140006 0
vt 0.833999991 0.877799988 0
vt 0.844309986 0.875819981 0
vt 0.82960999 0.887160003 0
vt 0.82960999 0.887160003 0
vt 0.844309986 0.875819981 0
vt 0.851970017 0.900129974 0
vt 0.76967001 0.745909989 0
vt 0.782440007 0.75278002 0
vt 0.747359991 0.750169992 0
vt 0.782440007 0.75278002 0
vt 0.76967001 0.745909989 0
vt 0.801569998 0.747409999 0
vt 0.461930007 0.587220013 0
vt 0.44126001 0.582819998 0
vt 0.451739997 0.580439985 0
vt 0.722609997 0.122390002 0
vt 0.730340004 0.130989999 0
vt 0.722970009 0.146950006 0
vt 0.958199978 0.367870003 0
vt 0.980289996 0.362260014 0
vt 0.958109975 0.389340013 0
vt 0.92750001 0.376910001 0
vt 0.958199978 0.367870003 0
vt 0.958109975 0.389340013 0
vt 0.654429972 0.0754899979 0
vt 0.68690002 0.136079997 0
vt 0.672919989 0.132280007 0
vt 0.68690002 0.136079997 0
vt 0.676949978 0.173710003 0
vt 0.672919989 0.132280007 0
vt 0.55223 0.0821700022 0
vt 0.562030017 0.0914800018 0
vt 0.54606998 0.119180001 0
vt 0.567569971 0.059009999 0
vt 0.562030017 0.0914800018 0
vt 0.55223 0.0821700022 0
vt 0.444079995 0.877189994 0
vt 0.449250013 0.861119986 0
vt 0.46430999 0.898069978 0
vt 0.424849987 0.859089971 0
vt 0.449250013 0.861119986 0
vt 0.444079995 0.877189994 0
vt 0.526470006 0.891059995 0
vt 0.542999983 0.871519983 0
vt 0.534799993 0.906700015 0
vt 0.526470006 0.891059995 0
vt 0.534799993 0.906700015 0
vt 0.513320029 0.910969973 0
vt 0.137250006 0.643469989 0
vt 0.148110002 0.612190008 0
vt 0.172470003 0.620119989 0
vt 0.17701 0.587419987 0
vt 0.172470003 0.620119989 0
vt 0.148110002 0.612190008 0
vt 0.748570025 0.683969975 0
vt 0.76038003 0.672800004 0
vt 0.77313 0.716340005 0
vt 0.733850002 0.652310014 0
vt 0.76038003 0.672800004 0
vt 0.748570025 0.683969975 0
vt 0.437029988 0.903410017 0
vt 0.429870009 0.933070004 0
vt 0.42840001 0.907760024 0
vt 0.444079995 0.877189994 0
vt 0.437029988 0.903410017 0
vt 0.42840001 0.907760024 0
vt 0.296009988 0.31606999 0
vt 0.319840014 0.326649994 0
vt 0.323879987 0.348369986 0
vt 0.290989995 0.298750013 0
vt 0.319840014 0.326649994 0
vt 0.296009988 0.31606999 0
vt 0.143360004 0.0203000009 0
vt 0.135100007 0.00692000007 0
vt 0.18152 0.00297000003 0
vt 0.125829995 0.0201600008 0
vt 0.135100007 0.00692000007 0
vt 0.143360004 0.0203000009 0
vt 0.0422200002 0.220369995 0
vt 0.0436899997 0.188439995 0
vt 0.0577200018 0.218659997 0
vt 0.0499599986 0.254000008 0
vt 0.0422200002 0.220369995 0
vt 0.0577200018 0.218659997 0
vt 0.224299997 0.228220001 0
vt 0.237020001 0.241270006 0
vt 0.207670003 0.267699987 0
vt 0.224299997 0.228220001 0
vt 0.214320004 0.196319997 0
vt 0.237020001 0.241270006 0
vt 0.932280004 0.45570001 0
vt 0.963769972 0.443450004 0
vt 0.956309974 0.44859001 0
vt 0.956309974 0.44859001 0
vt 0.963769972 0.443450004 0
vt 0.970539987 0.446079999 0
vt 0.548650026 0.810679972 0
vt 0.568499982 0.805599988 0
vt 0.550360024 0.823930025 0
vt 0.564960003 0.791620016 0
vt 0.568499982 0.805599988 0
vt 0.552789986 0.799390018 0
vt 0.0297400001 0.313300014 0
vt 0.0494600013 0.322840005 0
vt 0.0430000015 0.342350006 0
vt 0.0297400001 0.313300014 0
vt 0.0430000015 0.342350006 0
vt 0.0576499999 0.390100002 0
vt 0.354460001 0.683809996 0
vt 0.372379988 0.700720012 0
vt 0.319469988 0.687449992 0
vt 0.445989996 0.698409975 0
vt 0.372379988 0.700720012 0
vt 0.402799994 0.685720026 0
vt 0.790939987 0.675090015 0
vt 0.81230998 0.692290008 0
vt 0.792620003 0.691529989 0
vt 0.770810008 0.657329977 0
vt 0.790939987 0.675090015 0
vt 0.792620003 0.691529989 0
vt 0.816609979 0.832840025 0
vt 0.822430015 0.836019993 0
vt 0.813619971 0.838100016 0
vt 0.816609979 0.832840025 0
vt 0.813619971 0.838100016 0
vt 0.783900023 0.84345001 0
vt 0.529139996 0.605920017 0
vt 0.548680007 0.617839992 0
vt 0.524600029 0.611479998 0
vt 0.504819989 0.599919975 0
vt 0.529139996 0.605920017 0
vt 0.524600029 0.611479998 0
vt 0.834909976 0.101810001 0
vt 0.854309976 0.118369997 0
vt 0.816739976 0.118129998 0
vt 0.873449981 0.0985499993 0
vt 0.854309976 0.118369997 0
vt 0.834909976 0.101810001 0
vt 0.2667 0.29648 0
vt 0.261530012 0.269300014 0
vt 0.279929996 0.292360008 0
vt 0.2667 0.29648 0
vt 0.279929996 0.292360008 0
vt 0.295870006 0.321700007 0
vt 0.790939987 0.675090015 0
vt 0.813910007 0.680949986 0
vt 0.81230998 0.692290008 0
vt 0.813910007 0.680949986 0
vt 0.823220015 0.699150026 0
vt 0.81230998 0.692290008 0
vt 0.00194999995 0.207770005 0
vt 0.00367000001 0.140259996 0
vt 0.00386000006 0.214829996 0
vt 0.00420999993 0.239580005 0
vt 0.00194999995 0.207770005 0
vt 0.00386000006 0.214829996 0
vt 0.180189997 0.787750006 0
vt 0.170519993 0.791670024 0
vt 0.167539999 0.788010001 0
vt 0.180189997 0.787750006 0
vt 0.180659994 0.801549971 0
vt 0.170519993 0.791670024 0
vt 0.69739002 0.173150003 0
vt 0.70152998 0.204270005 0
vt 0.68550998 0.208749995 0
vt 0.70152998 0.204270005 0
vt 0.69739002 0.173150003 0
vt 0.713029981 0.179920003 0
vt 0.267500013 0.455850005 0
vt 0.255950004 0.450019985 0
vt 0.268530011 0.450619996 0
vt 0.276039988 0.445980012 0
vt 0.267500013 0.455850005 0
vt 0.268530011 0.450619996 0
vt 0.157609999 0.285299987 0
vt 0.160280004 0.281459987 0
vt 0.171309993 0.311260015 0
vt 0.160280004 0.281459987 0
vt 0.157609999 0.285299987 0
vt 0.133849993 0.229819998 0
vt 0.422140002 0.961660028 0
vt 0.475199997 0.969990015 0
vt 0.468910009 0.974160016 0
vt 0.475199997 0.969990015 0
vt 0.494129986 0.97803998 0
vt 0.468910009 0.974160016 0
vt 0.165360004 0.106880002 0
vt 0.161589995 0.0989399999 0
vt 0.181669995 0.124679998 0
vt 0.174319997 0.132469997 0
vt 0.165360004 0.106880002 0
vt 0.181669995 0.124679998 0
vt 0.574530005 0.724229991 0
vt 0.583090007 0.697210014 0
vt 0.584619999 0.716019988 0
vt 0.574530005 0.724229991 0
vt 0.584619999 0.716019988 0
vt 0.568509996 0.750540018 0
vt 0.039760001 0.203299999 0
vt 0.0490199998 0.149269998 0
vt 0.0436899997 0.188439995 0
vt 0.0422200002 0.220369995 0
vt 0.039760001 0.203299999 0
vt 0.0436899997 0.188439995 0
vt 0.687780023 0.763859987 0
vt 0.698930025 0.758599997 0
vt 0.714959979 0.770640016 0
vt 0.715089977 0.749329984 0
vt 0.714959979 0.770640016 0
vt 0.698930025 0.758599997 0
vt 0.0465300009 0.0656199977 0
vt 0.0535599999 0.073619999 0
vt 0.0403200015 0.0800999999 0
vt 0.0403200015 0.0800999999 0
vt 0.01987 0.108759999 0
vt 0.0328399986 0.0846000016 0
vt 0.131150007 0.0798199996 0
vt 0.129130006 0.0819699988 0
vt 0.126430005 0.0756699964 0
vt 0.131150007 0.0798199996 0
vt 0.153019994 0.0962999985 0
vt 0.129130006 0.0819699988 0
vt 0.83592999 0.474180013 0
vt 0.862760007 0.486919999 0
vt 0.856149971 0.488350004 0
vt 0.382719994 0.462989986 0
vt 0.39271 0.456 0
vt 0.387320012 0.464740008 0
vt 0.133479998 0.0742599964 0
vt 0.142389998 0.0721800029 0
vt 0.141350001 0.0857700035 0
vt 0.15185 0.086649999 0
vt 0.142389998 0.0721800029 0
vt 0.148770005 0.0676700026 0
vt 0.0812999979 0.67098999 0
vt 0.0492700003 0.683309972 0
vt 0.0501599982 0.676389992 0
vt 0.0501599982 0.676389992 0
vt 0.0492700003 0.683309972 0
vt 0.0190600008 0.687259972 0
vt 0.363970011 0.878600001 0
vt 0.382829994 0.902209997 0
vt 0.369269997 0.910889983 0
vt 0.369269997 0.910889983 0
vt 0.382829994 0.902209997 0
vt 0.385250002 0.948960006 0
vt 0.470120013 0.79806 0
vt 0.507359982 0.791419983 0
vt 0.462599993 0.822359979 0
vt 0.450049996 0.810289979 0
vt 0.462599993 0.822359979 0
vt 0.403930008 0.83051002 0
vt 0.417450011 0.660560012 0
vt 0.481669992 0.676230013 0
vt 0.366230011 0.669430017 0
vt 0.35868001 0.645900011 0
vt 0.417450011 0.660560012 0
vt 0.366230011 0.669430017 0
vt 0.148780003 0.0954800025 0
vt 0.153019994 0.0962999985 0
vt 0.157539994 0.107749999 0
vt 0.129130006 0.0819699988 0
vt 0.153019994 0.0962999985 0
vt 0.148780003 0.0954800025 0
vt 0.350800008 0.910920024 0
vt 0.349869996 0.894860029 0
vt 0.369269997 0.910889983 0
vt 0.342929989 0.879220009 0
vt 0.349869996 0.894860029 0
vt 0.350800008 0.910920024 0
vt 0.693000019 0.788649976 0
vt 0.711279988 0.783179998 0
vt 0.708150029 0.798520029 0
vt 0.697960019 0.772729993 0
vt 0.711279988 0.783179998 0
vt 0.693000019 0.788649976 0
vt 0.652909994 0.660870016 0
vt 0.640129983 0.661059976 0
vt 0.639789999 0.656390011 0
vt 0.635930002 0.665560007 0
vt 0.639789999 0.656390011 0
vt 0.640129983 0.661059976 0
vt 0.0365700014 0.105149999 0
vt 0.0205899999 0.121239997 0
vt 0.0157699995 0.117150001 0
vt 0.0157699995 0.117150001 0
vt 0.01987 0.108759999 0
vt 0.0365700014 0.105149999 0
vt 0.634280026 0.56032002 0
vt 0.644460022 0.568390012 0
vt 0.627889991 0.566649973 0
vt 0.644710004 0.553439975 0
vt 0.644460022 0.568390012 0
vt 0.634280026 0.56032002 0
vt 0.580229998 0.0300699994 0
vt 0.57457 0.0252500009 0
vt 0.571690023 0.01339 0
vt 0.580229998 0.0300699994 0
vt 0.581049979 0.040860001 0
vt 0.57457 0.0252500009 0
vt 0.741810024 0.794499993 0
vt 0.743350029 0.808030009 0
vt 0.729160011 0.807799995 0
vt 0.741810024 0.794499993 0
vt 0.762740016 0.792479992 0
vt 0.743350029 0.808030009 0
vt 0.326539993 0.627020001 0
vt 0.323430002 0.647459984 0
vt 0.315189987 0.642639995 0
vt 0.326539993 0.627020001 0
vt 0.315189987 0.642639995 0
vt 0.315530002 0.623049974 0
vt 0.584150016 0.677709997 0
vt 0.601930022 0.647430003 0
vt 0.590789974 0.672249973 0
vt 0.584150016 0.677709997 0
vt 0.590789974 0.672249973 0
vt 0.577679992 0.695580006 0
vt 0.63985002 0.817569971 0
vt 0.664300025 0.830709994 0
vt 0.656979978 0.830829978 0
vt 0.656979978 0.830829978 0
vt 0.664300025 0.830709994 0
vt 0.680190027 0.839060009 0
vt 0.676779985 0.694750011 0
vt 0.661679983 0.67456001 0
vt 0.681620002 0.678860009 0
vt 0.676779985 0.694750011 0
vt 0.681620002 0.678860009 0
vt 0.692120016 0.717260003 0
vt 0.617649972 0.321770012 0
vt 0.607930005 0.313410014 0
vt 0.609130025 0.28865999 0
vt 0.607930005 0.313410014 0
vt 0.617649972 0.321770012 0
vt 0.621990025 0.360949993 0
vt 0.484270006 0.909420013 0
vt 0.483390003 0.888920009 0
vt 0.498629987 0.90933001 0
vt 0.484270006 0.909420013 0
vt 0.498629987 0.90933001 0
vt 0.486259997 0.929180026 0
vt 0.129470006 0.493010014 0
vt 0.112089999 0.484450012 0
vt 0.115960002 0.482549995 0
vt 0.144720003 0.455969989 0
vt 0.129470006 0.493010014 0
vt 0.115960002 0.482549995 0
vt 0.552969992 0.0554299988 0
vt 0.537069976 0.0551699996 0
vt 0.551609993 0.0363399982 0
vt 0.537069976 0.0551699996 0
vt 0.526189983 0.0391700007 0
vt 0.551609993 0.0363399982 0
vt 0.671010017 0.405539989 0
vt 0.666869998 0.44995001 0
vt 0.66346997 0.398829997 0
vt 0.671010017 0.405539989 0
vt 0.66346997 0.398829997 0
vt 0.668649971 0.368339986 0
vt 0.534619987 0.424919993 0
vt 0.557110012 0.409559995 0
vt 0.597249985 0.441769987 0
vt 0.534619987 0.424919993 0
vt 0.506030023 0.399170011 0
vt 0.557110012 0.409559995 0
vt 0.550979972 0.226530001 0
vt 0.57148999 0.209869996 0
vt 0.558700025 0.240380004 0
vt 0.54895997 0.264290005 0
vt 0.550979972 0.226530001 0
vt 0.558700025 0.240380004 0
vt 0.766179979 0.646679997 0
vt 0.740769982 0.643570006 0
vt 0.770229995 0.640169978 0
vt 0.766179979 0.646679997 0
vt 0.770229995 0.640169978 0
vt 0.792200029 0.640980005 0
vt 0.779429972 0.31742999 0
vt 0.798210025 0.326380014 0
vt 0.794030011 0.348309994 0
vt 0.794030011 0.348309994 0
vt 0.798210025 0.326380014 0
vt 0.815320015 0.352730006 0
vt 0.638010025 0.405869991 0
vt 0.641700029 0.392740011 0
vt 0.653689981 0.423539996 0
vt 0.66346997 0.398829997 0
vt 0.653689981 0.423539996 0
vt 0.641700029 0.392740011 0
vt 0.490979999 0.953960001 0
vt 0.504540026 0.958540022 0
vt 0.484140009 0.966220021 0
vt 0.490979999 0.953960001 0
vt 0.505729973 0.936959982 0
vt 0.504540026 0.958540022 0
vt 0.531180024 0.348030001 0
vt 0.553749979 0.376670003 0
vt 0.521459997 0.37650001 0
vt 0.521459997 0.37650001 0
vt 0.553749979 0.376670003 0
vt 0.557110012 0.409559995 0
vt 0.62450999 0.699140012 0
vt 0.615980029 0.736800015 0
vt 0.612089992 0.735350013 0
vt 0.612089992 0.735350013 0
vt 0.615980029 0.736800015 0
vt 0.609700024 0.74849999 0
vt 0.735230029 0.606840014 0
vt 0.73793 0.589079976 0
vt 0.753059983 0.59088999 0
vt 0.73793 0.589079976 0
vt 0.750930011 0.584869981 0
vt 0.75910002 0.590399981 0
vt 0.56111002 0.636380017 0
vt 0.57852 0.649020016 0
vt 0.548940003 0.63331002 0
vt 0.550750017 0.62857002 0
vt 0.564729989 0.630930007 0
vt 0.56111002 0.636380017 0
vt 0.571399987 0.500909984 0
vt 0.626900017 0.501820028 0
vt 0.609830022 0.522119999 0
vt 0.626900017 0.501820028 0
vt 0.647669971 0.503059983 0
vt 0.609830022 0.522119999 0
vt 0.340999991 0.395300001 0
vt 0.373169988 0.387820005 0
vt 0.337220013 0.407599986 0
vt 0.331459999 0.394349992 0
vt 0.374480009 0.383509994 0
vt 0.340999991 0.395300001 0
vt 0.0976099968 0.101180002 0
vt 0.0931299999 0.0881799981 0
vt 0.10898 0.0716700032 0
vt 0.0931299999 0.0881799981 0
vt 0.0976099968 0.101180002 0
vt 0.0782200024 0.0833899975 0
vt 0.0757900029 0.427350014 0
vt 0.0826399997 0.442129999 0
vt 0.0526699983 0.392230004 0
vt 0.955179989 0.281709999 0
vt 0.971409976 0.324119985 0
vt 0.980289996 0.362260014 0
vt 0.73793 0.589079976 0
vt 0.75910002 0.590399981 0
vt 0.753059983 0.59088999 0
vt 0.764590025 0.598160028 0
vt 0.753059983 0.59088999 0
vt 0.75910002 0.590399981 0
vt 0.540509999 0.623759985 0
vt 0.548940003 0.63331002 0
vt 0.51157999 0.609380007 0
vt 0.548940003 0.63331002 0
vt 0.550750017 0.62857002 0
vt 0.56111002 0.636380017 0
vt 0.249540001 0.254170001 0
vt 0.261530012 0.269300014 0
vt 0.247899994 0.281870008 0
vt 0.247899994 0.281870008 0
vt 0.261530012 0.269300014 0
vt 0.2667 0.29648 0
vt 0.374480009 0.383509994 0
vt 0.383469999 0.388509989 0
vt 0.373169988 0.387820005 0
vt 0.374480009 0.383509994 0
vt 0.373169988 0.387820005 0
vt 0.340999991 0.395300001 0
vt 0.880180001 0.49770999 0
vt 0.88161999 0.48605001 0
vt 0.89301002 0.480419993 0
vt 0.880620003 0.47942999 0
vt 0.89301002 0.480419993 0
vt 0.88161999 0.48605001 0
vt 0.110890001 0.366549999 0
vt 0.0732199997 0.299910009 0
vt 0.106689997 0.355489999 0
vt 0.110890001 0.366549999 0
vt 0.106689997 0.355489999 0
vt 0.134780005 0.390899986 0
vt 0.716780007 0.658079982 0
vt 0.687860012 0.655380011 0
vt 0.733850002 0.652310014 0
vt 0.701799989 0.698189974 0
vt 0.716780007 0.658079982 0
vt 0.733850002 0.652310014 0
vt 0.299160004 0.718100011 0
vt 0.299030006 0.732270002 0
vt 0.284119993 0.718569994 0
vt 0.305009991 0.751179993 0
vt 0.299030006 0.732270002 0
vt 0.308169991 0.730470002 0
vt 0.827600002 0.814859986 0
vt 0.822899997 0.821060002 0
vt 0.824490011 0.804109991 0
vt 0.827600002 0.814859986 0
vt 0.824490011 0.804109991 0
vt 0.828410029 0.77925998 0
vt 0.638010025 0.405869991 0
vt 0.653689981 0.423539996 0
vt 0.648930013 0.434289992 0
vt 0.638010025 0.405869991 0
vt 0.648930013 0.434289992 0
vt 0.637239993 0.45660001 0
vt 0.306629986 0.753400028 0
vt 0.274679989 0.762189984 0
vt 0.253580004 0.764880002 0
vt 0.274679989 0.762189984 0
vt 0.254159987 0.787530005 0
vt 0.253580004 0.764880002 0
vt 0.551609993 0.0363399982 0
vt 0.526189983 0.0391700007 0
vt 0.549480021 0.0203099996 0
vt 0.54685998 0.688319981 0
vt 0.543200016 0.692960024 0
vt 0.519749999 0.704569995 0
vt 0.160280004 0.281459987 0
vt 0.133849993 0.229819998 0
vt 0.135979995 0.225209996 0
vt 0.133849993 0.229819998 0
vt 0.115960002 0.192589998 0
vt 0.135979995 0.225209996 0
vt 0.486319989 0.602720022 0
vt 0.51157999 0.609380007 0
vt 0.490429997 0.629040003 0
vt 0.51157999 0.609380007 0
vt 0.486319989 0.602720022 0
vt 0.461930007 0.587220013 0
vt 0.0996700004 0.0481900014 0
vt 0.0894899964 0.046980001 0
vt 0.099179998 0.04476 0
vt 0.0955199972 0.0275999997 0
vt 0.099179998 0.04476 0
vt 0.0894899964 0.046980001 0
vt 0.236900002 0.441670001 0
vt 0.255950004 0.450019985 0
vt 0.242249995 0.453370005 0
vt 0.236900002 0.441670001 0
vt 0.242249995 0.453370005 0
vt 0.220730007 0.461010009 0
vt 0.636900008 0.0542099997 0
vt 0.62401998 0.0574299991 0
vt 0.625760019 0.0450499989 0
vt 0.625760019 0.0450499989 0
vt 0.62401998 0.0574299991 0
vt 0.613089979 0.0416399986 0
vt 0.161880001 0.372070014 0
vt 0.142989993 0.363730013 0
vt 0.160290003 0.347369999 0
vt 0.142989993 0.363730013 0
vt 0.147510007 0.328830004 0
vt 0.160290003 0.347369999 0
vt 0.86075002 0.257490009 0
vt 0.863560021 0.328469992 0
vt 0.844820023 0.261299998 0
vt 0.825919986 0.197019994 0
vt 0.86075002 0.257490009 0
vt 0.844820023 0.261299998 0
vt 0.0267699994 0.776690006 0
vt 0.0218899995 0.787259996 0
vt 0.0152799999 0.788160026 0
vt 0.0152799999 0.788160026 0
vt 0.0218899995 0.787259996 0
vt 0.00858000014 0.799239993 0
vt 0.644649982 0.623510003 0
vt 0.639590025 0.612789989 0
vt 0.642610013 0.607620001 0
vt 0.635770023 0.608120024 0
vt 0.639590025 0.612789989 0
vt 0.616980016 0.626150012 0
vt 0.0414699987 0.0957100019 0
vt 0.01987 0.108759999 0
vt 0.0403200015 0.0800999999 0
vt 0.0365700014 0.105149999 0
vt 0.01987 0.108759999 0
vt 0.0414699987 0.0957100019 0
vt 0.65377003 0.0258000009 0
vt 0.63993001 0.0293400008 0
vt 0.639330029 0.0172400009 0
vt 0.555920005 0.613749981 0
vt 0.564100027 0.621659994 0
vt 0.548680007 0.617839992 0
vt 0.879700005 0.389899999 0
vt 0.885590017 0.38883999 0
vt 0.89872998 0.440739989 0
vt 0.877439976 0.363319993 0
vt 0.885590017 0.38883999 0
vt 0.879700005 0.389899999 0
vt 0.661270022 0.29073 0
vt 0.661180019 0.229310006 0
vt 0.665449977 0.291880012 0
vt 0.661180019 0.229310006 0
vt 0.669080019 0.258230001 0
vt 0.665449977 0.291880012 0
vt 0.662140012 0.598640025 0
vt 0.642610013 0.607620001 0
vt 0.635770023 0.608120024 0
vt 0.639590025 0.612789989 0
vt 0.635770023 0.608120024 0
vt 0.642610013 0.607620001 0
vt 0.290549994 0.692030013 0
vt 0.284119993 0.718569994 0
vt 0.276309997 0.702329993 0
vt 0.282970011 0.678219974 0
vt 0.290549994 0.692030013 0
vt 0.276309997 0.702329993 0
vt 0.144800007 0.688319981 0
vt 0.127340004 0.672710001 0
vt 0.140249997 0.661729991 0
vt 0.127340004 0.672710001 0
vt 0.087650001 0.671700001 0
vt 0.140249997 0.661729991 0
vt 0.366149992 0.789669991 0
vt 0.42809999 0.77779001 0
vt 0.377790004 0.798290014 0
vt 0.361310005 0.795400023 0
vt 0.366149992 0.789669991 0
vt 0.377790004 0.798290014 0
vt 0.498950005 0.476119995 0
vt 0.503019989 0.468679994 0
vt 0.492760003 0.509500027 0
vt 0.503120005 0.463079989 0
vt 0.503019989 0.468679994 0
vt 0.498950005 0.476119995 0
vt 0.700030029 0.601790011 0
vt 0.689909995 0.613940001 0
vt 0.685639977 0.594969988 0
vt 0.692430019 0.636229992 0
vt 0.689909995 0.613940001 0
vt 0.700030029 0.601790011 0
vt 0.790830016 0.596379995 0
vt 0.778859973 0.593999982 0
vt 0.800670028 0.595229983 0
vt 0.790830016 0.596379995 0
vt 0.785849988 0.607670009 0
vt 0.778859973 0.593999982 0
vt 0.424849987 0.859089971 0
vt 0.398229986 0.918560028 0
vt 0.394400001 0.893670022 0
vt 0.394400001 0.893670022 0
vt 0.398229986 0.918560028 0
vt 0.382829994 0.902209997 0
vt 0.235320002 0.579349995 0
vt 0.230399996 0.601700008 0
vt 0.229110003 0.579620004 0
vt 0.230680004 0.570900023 0
vt 0.235320002 0.579349995 0
vt 0.229110003 0.579620004 0
vt 0.362170011 0.464810014 0
vt 0.3653 0.470310003 0
vt 0.348839998 0.480479985 0
vt 0.348839998 0.480479985 0
vt 0.3653 0.470310003 0
vt 0.343080014 0.497880012 0
vt 0.628899992 0.483949989 0
vt 0.655990005 0.46450001 0
vt 0.652059972 0.484320015 0
vt 0.652059972 0.484320015 0
vt 0.655990005 0.46450001 0
vt 0.663860023 0.458689988 0
vt 0.873449981 0.0985499993 0
vt 0.89805001 0.142450005 0
vt 0.882629991 0.118359998 0
vt 0.854309976 0.118369997 0
vt 0.873449981 0.0985499993 0
vt 0.882629991 0.118359998 0
vt 0.165629998 0.0355800018 0
vt 0.158700004 0.0294300001 0
vt 0.165179998 0.0304300003 0
vt 0.158700004 0.0294300001 0
vt 0.161980003 0.034740001 0
vt 0.143360004 0.0203000009 0
vt 0.215450004 0.615199983 0
vt 0.229110003 0.579620004 0
vt 0.230399996 0.601700008 0
vt 0.215450004 0.615199983 0
vt 0.204439998 0.583890021 0
vt 0.229110003 0.579620004 0
vt 0.165629998 0.0355800018 0
vt 0.153270006 0.0579300001 0
vt 0.161980003 0.034740001 0
vt 0.161980003 0.034740001 0
vt 0.158700004 0.0294300001 0
vt 0.165629998 0.0355800018 0
vt 0.0494600013 0.322840005 0
vt 0.0341099985 0.290179998 0
vt 0.0608900003 0.325679988 0
vt 0.0494600013 0.322840005 0
vt 0.0705500022 0.348140001 0
vt 0.0430000015 0.342350006 0
vt 0.603200018 0.819599986 0
vt 0.613650024 0.828670025 0
vt 0.607119977 0.855599999 0
vt 0.603200018 0.819599986 0
vt 0.618189991 0.811969995 0
vt 0.613650024 0.828670025 0
vt 0.894420028 0.827970028 0
vt 0.899649978 0.807850003 0
vt 0.901139975 0.809159994 0
vt 0.90486002 0.769230008 0
vt 0.901139975 0.809159994 0
vt 0.899649978 0.807850003 0
vt 0.180659994 0.801549971 0
vt 0.150340006 0.819589972 0
vt 0.133560002 0.804740012 0
vt 0.180659994 0.801549971 0
vt 0.183630005 0.814949989 0
vt 0.150340006 0.819589972 0
vt 0.445989996 0.698409975 0
vt 0.414539993 0.712270021 0
vt 0.372379988 0.700720012 0
vt 0.445989996 0.698409975 0
vt 0.491849989 0.709689975 0
vt 0.414539993 0.712270021 0
vt 0.0278099999 0.075910002 0
vt 0.01774 0.105580002 0
vt 0.00956999976 0.11987 0
vt 0.00956999976 0.11987 0
vt 0.01774 0.105580002 0
vt 0.01987 0.108759999 0
vt 0.90346998 0.739440024 0
vt 0.90486002 0.769230008 0
vt 0.901979983 0.772069991 0
vt 0.901979983 0.772069991 0
vt 0.90486002 0.769230008 0
vt 0.899649978 0.807850003 0
vt 0.248789996 0.729809999 0
vt 0.229059994 0.747080028 0
vt 0.224680007 0.73168999 0
vt 0.224680007 0.73168999 0
vt 0.229059994 0.747080028 0
vt 0.202549994 0.755379975 0
vt 0.661840022 0.655409992 0
vt 0.654900014 0.638369977 0
vt 0.666649997 0.646910012 0
vt 0.661840022 0.655409992 0
vt 0.666649997 0.646910012 0
vt 0.679520011 0.636910021 0
vt 0.202649996 0.774200022 0
vt 0.173199996 0.785860002 0
vt 0.202549994 0.755379975 0
vt 0.202649996 0.774200022 0
vt 0.197559997 0.779980004 0
vt 0.173199996 0.785860002 0
vt 0.832629979 0.726520002 0
vt 0.839709997 0.710979998 0
vt 0.834150016 0.734189987 0
vt 0.840929985 0.677540004 0
vt 0.839709997 0.710979998 0
vt 0.835730016 0.707750022 0
vt 0.144720003 0.455969989 0
vt 0.159030005 0.449559987 0
vt 0.152030006 0.464670002 0
vt 0.144720003 0.455969989 0
vt 0.152030006 0.464670002 0
vt 0.129470006 0.493010014 0
vt 0.319709986 0.419099987 0
vt 0.320169985 0.427489996 0
vt 0.305119991 0.446079999 0
vt 0.319709986 0.419099987 0
vt 0.32743001 0.411509991 0
vt 0.320169985 0.427489996 0
vt 0.811670005 0.652130008 0
vt 0.814809978 0.64734 0
vt 0.832859993 0.657410026 0
vt 0.811670005 0.652130008 0
vt 0.792200029 0.640980005 0
vt 0.814809978 0.64734 0
vt 0.924329996 0.332599998 0
vt 0.924679995 0.275290012 0
vt 0.94848001 0.336270005 0
vt 0.902740002 0.335519999 0
vt 0.924679995 0.275290012 0
vt 0.924329996 0.332599998 0
vt 0.784560025 0.407099992 0
vt 0.790130019 0.374740005 0
vt 0.788410008 0.416700006 0
vt 0.413010001 0.299299985 0
vt 0.416009992 0.303519994 0
vt 0.421339989 0.38113001 0
vt 0.563449979 0.679120004 0
vt 0.54685998 0.688319981 0
vt 0.527249992 0.673520029 0
vt 0.543200016 0.692960024 0
vt 0.54685998 0.688319981 0
vt 0.563449979 0.679120004 0
vt 0.66486001 0.523270011 0
vt 0.662819982 0.532519996 0
vt 0.658179998 0.528400004 0
vt 0.658179998 0.528400004 0
vt 0.647669971 0.503059983 0
vt 0.66486001 0.523270011 0
vt 0.924679995 0.275290012 0
vt 0.935530007 0.236919999 0
vt 0.946259975 0.26662001 0
vt 0.946259975 0.26662001 0
vt 0.935530007 0.236919999 0
vt 0.955179989 0.281709999 0
vt 0.54895997 0.264290005 0
vt 0.607930005 0.313410014 0
vt 0.576810002 0.307139993 0
vt 0.545629978 0.297349989 0
vt 0.576810002 0.307139993 0
vt 0.57960999 0.336899996 0
vt 0.413010001 0.299299985 0
vt 0.375530005 0.252420008 0
vt 0.410320014 0.290340006 0
vt 0.410320014 0.290340006 0
vt 0.416009992 0.303519994 0
vt 0.413010001 0.299299985 0
vt 0.813759983 0.707509995 0
vt 0.824209988 0.728049994 0
vt 0.812340021 0.723810017 0
vt 0.812340021 0.723810017 0
vt 0.799570024 0.719780028 0
vt 0.813759983 0.707509995 0
vt 0.591560006 0.746569991 0
vt 0.598020017 0.73882997 0
vt 0.597180009 0.747669995 0
vt 0.597180009 0.747669995 0
vt 0.598020017 0.73882997 0
vt 0.612089992 0.735350013 0
vt 0.279929996 0.292360008 0
vt 0.287640005 0.30054 0
vt 0.295870006 0.321700007 0
vt 0.279929996 0.292360008 0
vt 0.267800003 0.261839986 0
vt 0.287640005 0.30054 0
vt 0.54895997 0.264290005 0
vt 0.576810002 0.307139993 0
vt 0.545629978 0.297349989 0
vt 0.527700007 0.235510007 0
vt 0.54895997 0.264290005 0
vt 0.540040016 0.279830009 0
vt 0.336879998 0.233449996 0
vt 0.347330004 0.222389996 0
vt 0.365029991 0.256159991 0
vt 0.342500001 0.28659001 0
vt 0.336879998 0.233449996 0
vt 0.373089999 0.294290006 0
vt 0.037250001 0.608829975 0
vt 0.0528200008 0.611240029 0
vt 0.0385700017 0.624310017 0
vt 0.0385700017 0.624310017 0
vt 0.0528200008 0.611240029 0
vt 0.0432000011 0.62371999 0
vt 0.883790016 0.84570998 0
vt 0.891309977 0.829569995 0
vt 0.894420028 0.827970028 0
vt 0.894420028 0.827970028 0
vt 0.891309977 0.829569995 0
vt 0.899649978 0.807850003 0
vt 0.100759998 0.587819993 0
vt 0.0799499974 0.588850021 0
vt 0.0989999995 0.585789979 0
vt 0.0989999995 0.585789979 0
vt 0.127780005 0.582009971 0
vt 0.100759998 0.587819993 0
vt 0.355690002 0.93362999 0
vt 0.36372 0.942799985 0
vt 0.359010011 0.939939976 0
vt 0.84495002 0.906669974 0
vt 0.83908999 0.911339998 0
vt 0.817979991 0.895630002 0
vt 0.336879998 0.233449996 0
vt 0.365029991 0.256159991 0
vt 0.373089999 0.294290006 0
vt 0.365029991 0.256159991 0
vt 0.400840014 0.299529999 0
vt 0.373089999 0.294290006 0
vt 0.204439998 0.583890021 0
vt 0.215450004 0.615199983 0
vt 0.196579993 0.611689985 0
vt 0.204439998 0.583890021 0
vt 0.196579993 0.611689985 0
vt 0.172470003 0.620119989 0
vt 0.869639993 0.36124 0
vt 0.863560021 0.328469992 0
vt 0.877439976 0.363319993 0
vt 0.869639993 0.36124 0
vt 0.877439976 0.363319993 0
vt 0.879700005 0.389899999 0
vt 0.889840007 0.68234998 0
vt 0.895969987 0.69016999 0
vt 0.896210015 0.69461 0
vt 0.87470001 0.668990016 0
vt 0.889840007 0.68234998 0
vt 0.896210015 0.69461 0
vt 0.506030023 0.399170011 0
vt 0.504190028 0.381410003 0
vt 0.508170009 0.362170011 0
vt 0.506030023 0.399170011 0
vt 0.508170009 0.362170011 0
vt 0.521459997 0.37650001 0
vt 0.0286500007 0.73793 0
vt 0.0355999991 0.759159982 0
vt 0.02984 0.754700005 0
vt 0.0526299998 0.70678997 0
vt 0.0470700003 0.745670021 0
vt 0.0286500007 0.73793 0
vt 0.405449986 0.952709973 0
vt 0.412099987 0.957059979 0
vt 0.385250002 0.948960006 0
vt 0.405449986 0.952709973 0
vt 0.42197001 0.957840025 0
vt 0.412099987 0.957059979 0
vt 0.48890999 0.822780013 0
vt 0.512440026 0.842710018 0
vt 0.495609999 0.841840029 0
vt 0.495609999 0.841840029 0
vt 0.512440026 0.842710018 0
vt 0.496989995 0.864289999 0
vt 0.696060002 0.549960017 0
vt 0.68779999 0.56269002 0
vt 0.678780019 0.547240019 0
vt 0.695630014 0.539359987 0
vt 0.696060002 0.549960017 0
vt 0.678780019 0.547240019 0
vt 0.314960003 0.599319994 0
vt 0.30726999 0.607670009 0
vt 0.296739995 0.606970012 0
vt 0.30726999 0.607670009 0
vt 0.297749996 0.624000013 0
vt 0.296739995 0.606970012 0
vt 0.0424599983 0.815840006 0
vt 0.0731600001 0.834969997 0
vt 0.0474900007 0.823050022 0
vt 0.0424599983 0.815840006 0
vt 0.0474900007 0.823050022 0
vt 0.0241999999 0.809819996 0
vt 0.0470700003 0.745670021 0
vt 0.0818900019 0.748440027 0
vt 0.0355999991 0.759159982 0
vt 0.0470700003 0.745670021 0
vt 0.0355999991 0.759159982 0
vt 0.0286500007 0.73793 0
vt 0.715759993 0.840619981 0
vt 0.725470006 0.846239984 0
vt 0.702030003 0.840210021 0
vt 0.725470006 0.846239984 0
vt 0.715759993 0.840619981 0
vt 0.730400026 0.827650011 0
vt 0.239240006 0.0584199987 0
vt 0.296880007 0.0752300024 0
vt 0.235990003 0.0689300001 0
vt 0.235990003 0.0689300001 0
vt 0.196600005 0.0367200002 0
vt 0.239240006 0.0584199987 0
vt 0.205809996 0.398970008 0
vt 0.205899999 0.379709989 0
vt 0.220850006 0.406560004 0
vt 0.210879996 0.420419991 0
vt 0.205809996 0.398970008 0
vt 0.220850006 0.406560004 0
vt 0.737590015 0.43502 0
vt 0.703920007 0.465140015 0
vt 0.684019983 0.440400004 0
vt 0.685339987 0.481130004 0
vt 0.684019983 0.440400004 0
vt 0.703920007 0.465140015 0
vt 0.8046 0.846689999 0
vt 0.799839973 0.874000013 0
vt 0.800809979 0.850679994 0
vt 0.8046 0.846689999 0
vt 0.800809979 0.850679994 0
vt 0.787630022 0.852050006 0
vt 0.689109981 0.52305001 0
vt 0.680270016 0.526660025 0
vt 0.675629973 0.522599995 0
vt 0.680270016 0.526660025 0
vt 0.667590022 0.534070015 0
vt 0.675629973 0.522599995 0
vt 0.115180001 0.767210007 0
vt 0.100589998 0.777419984 0
vt 0.0951900035 0.766960025 0
vt 0.115180001 0.767210007 0
vt 0.121660002 0.7852 0
vt 0.100589998 0.777419984 0
vt 0.219899997 0.39734 0
vt 0.226070002 0.407139987 0
vt 0.220850006 0.406560004 0
vt 0.210879996 0.420419991 0
vt 0.220850006 0.406560004 0
vt 0.218180001 0.415679991 0
vt 0.161640003 0.242369995 0
vt 0.188510001 0.234620005 0
vt 0.177499995 0.263399988 0
vt 0.188510001 0.234620005 0
vt 0.193220004 0.262800008 0
vt 0.177499995 0.263399988 0
vt 0.0890000015 0.799470007 0
vt 0.0847000033 0.81020999 0
vt 0.0809900016 0.79855001 0
vt 0.0847000033 0.81020999 0
vt 0.0783599988 0.812849998 0
vt 0.0809900016 0.79855001 0
vt 0.832629979 0.726520002 0
vt 0.835730016 0.707750022 0
vt 0.839709997 0.710979998 0
vt 0.835730016 0.707750022 0
vt 0.832629979 0.726520002 0
vt 0.829550028 0.70994997 0
vt 0.491849989 0.709689975 0
vt 0.490610003 0.715219975 0
vt 0.470270008 0.718689978 0
vt 0.470270008 0.718689978 0
vt 0.490610003 0.715219975 0
vt 0.476200014 0.72112 0
vt 0.0145399999 0.623430014 0
vt 0.0337699987 0.601549983 0
vt 0.037250001 0.608829975 0
vt 0.0528200008 0.611240029 0
vt 0.037250001 0.608829975 0
vt 0.0337699987 0.601549983 0
vt 0.165260002 0.514569998 0
vt 0.167439997 0.518480003 0
vt 0.149920002 0.507139981 0
vt 0.167439997 0.518480003 0
vt 0.165260002 0.514569998 0
vt 0.207929999 0.52779001 0
vt 0.207670003 0.267699987 0
vt 0.214729995 0.279410005 0
vt 0.171309993 0.311260015 0
vt 0.207670003 0.267699987 0
vt 0.237020001 0.241270006 0
vt 0.214729995 0.279410005 0
vt 0.582430005 0.822300017 0
vt 0.585950017 0.817250013 0
vt 0.581659973 0.841319978 0
vt 0.570770025 0.849430025 0
vt 0.582430005 0.822300017 0
vt 0.581659973 0.841319978 0
vt 0.817170024 0.605530024 0
vt 0.790830016 0.596379995 0
vt 0.817399979 0.599300027 0
vt 0.828960001 0.617229998 0
vt 0.817170024 0.605530024 0
vt 0.817399979 0.599300027 0
vt 0.0189800002 0.645659983 0
vt 0.0109000001 0.637870014 0
vt 0.0278099999 0.637549996 0
vt 0.0186599996 0.654919982 0
vt 0.0189800002 0.645659983 0
vt 0.0278099999 0.637549996 0
vt 0.724749982 0.157000005 0
vt 0.722970009 0.146950006 0
vt 0.739180028 0.191239998 0
vt 0.722970009 0.146950006 0
vt 0.724749982 0.157000005 0
vt 0.710650027 0.119790003 0
vt 0.87470001 0.668990016 0
vt 0.862299979 0.655110002 0
vt 0.865989983 0.65723002 0
vt 0.862299979 0.655110002 0
vt 0.85582 0.643519998 0
vt 0.865989983 0.65723002 0
vt 0.748210013 0.779340029 0
vt 0.785329998 0.76849997 0
vt 0.791069984 0.775650024 0
vt 0.813019991 0.768350005 0
vt 0.791069984 0.775650024 0
vt 0.785329998 0.76849997 0
vt 0.555859983 0.568400025 0
vt 0.532410026 0.571479976 0
vt 0.527130008 0.547900021 0
vt 0.532410026 0.571479976 0
vt 0.555859983 0.568400025 0
vt 0.548590004 0.583909988 0
vt 0.0186599996 0.654919982 0
vt 0.0125000002 0.677169979 0
vt 0.00980000012 0.669380009 0
vt 0.00980000012 0.669380009 0
vt 0.0125000002 0.677169979 0
vt 0.00901999976 0.680010021 0
vt 0.287019998 0.448529989 0
vt 0.301319987 0.443809986 0
vt 0.305119991 0.446079999 0
vt 0.319709986 0.419099987 0
vt 0.305119991 0.446079999 0
vt 0.301319987 0.443809986 0
vt 0.681410015 0.453960001 0
vt 0.672810018 0.458160013 0
vt 0.673380017 0.442479998 0
vt 0.672810018 0.458160013 0
vt 0.666869998 0.44995001 0
vt 0.673380017 0.442479998 0
vt 0.811049998 0.379619986 0
vt 0.794030011 0.348309994 0
vt 0.815320015 0.352730006 0
vt 0.832059979 0.368820012 0
vt 0.844169974 0.401769996 0
vt 0.811049998 0.379619986 0
vt 0.219640002 0.184049994 0
vt 0.220459998 0.182280004 0
vt 0.237039998 0.199699998 0
vt 0.20984 0.169220001 0
vt 0.220459998 0.182280004 0
vt 0.219640002 0.184049994 0
vt 0.679520011 0.636910021 0
vt 0.663410008 0.607089996 0
vt 0.675580025 0.60194999 0
vt 0.663410008 0.607089996 0
vt 0.685639977 0.594969988 0
vt 0.675580025 0.60194999 0
vt 0.718930006 0.806330025 0
vt 0.729160011 0.807799995 0
vt 0.71776998 0.824000001 0
vt 0.728190005 0.780319989 0
vt 0.729160011 0.807799995 0
vt 0.718930006 0.806330025 0
vt 0.844820023 0.261299998 0
vt 0.863560021 0.328469992 0
vt 0.853919983 0.316929996 0
vt 0.869639993 0.36124 0
vt 0.853919983 0.316929996 0
vt 0.863560021 0.328469992 0
vt 0.726509988 0.189850003 0
vt 0.71559 0.162860006 0
vt 0.724749982 0.157000005 0
vt 0.719649971 0.21706 0
vt 0.713029981 0.179920003 0
vt 0.726509988 0.189850003 0
vt 0.540509999 0.623759985 0
vt 0.548680007 0.617839992 0
vt 0.550750017 0.62857002 0
vt 0.550750017 0.62857002 0
vt 0.548940003 0.63331002 0
vt 0.540509999 0.623759985 0
vt 0.356830001 0.377510011 0
vt 0.319840014 0.326649994 0
vt 0.364549994 0.377130002 0
vt 0.374480009 0.383509994 0
vt 0.356830001 0.377510011 0
vt 0.364549994 0.377130002 0
vt 0.203360006 0.447459996 0
vt 0.220730007 0.461010009 0
vt 0.205520004 0.451799989 0
vt 0.203360006 0.447459996 0
vt 0.205520004 0.451799989 0
vt 0.189840004 0.445859998 0
vt 0.621649981 0.736079991 0
vt 0.629310012 0.686869979 0
vt 0.624409974 0.727930009 0
vt 0.621649981 0.736079991 0
vt 0.624409974 0.727930009 0
vt 0.648230016 0.734870017 0
vt 0.685639977 0.334219992 0
vt 0.68076998 0.332219988 0
vt 0.679809988 0.300469995 0
vt 0.684610009 0.371190012 0
vt 0.68076998 0.332219988 0
vt 0.685639977 0.334219992 0
vt 0.0955199972 0.0275999997 0
vt 0.0784000009 0.0301099997 0
vt 0.125829995 0.0201600008 0
vt 0.0784000009 0.0301099997 0
vt 0.0955199972 0.0275999997 0
vt 0.0559099987 0.0465999991 0
vt 0.286529988 0.289079994 0
vt 0.289849997 0.275489986 0
vt 0.290989995 0.298750013 0
vt 0.287640005 0.30054 0
vt 0.286529988 0.289079994 0
vt 0.290989995 0.298750013 0
vt 0.624409974 0.727930009 0
vt 0.642040014 0.721239984 0
vt 0.648230016 0.734870017 0
vt 0.648230016 0.734870017 0
vt 0.642040014 0.721239984 0
vt 0.650650024 0.713429987 0
vt 0.899990022 0.154679999 0
vt 0.89805001 0.142450005 0
vt 0.907589972 0.164499998 0
vt 0.899990022 0.154679999 0
vt 0.907589972 0.164499998 0
vt 0.935530007 0.236919999 0
vt 0.226070002 0.407139987 0
vt 0.224490002 0.441489995 0
vt 0.218180001 0.415679991 0
vt 0.226070002 0.407139987 0
vt 0.218180001 0.415679991 0
vt 0.220850006 0.406560004 0
vt 0.540040016 0.279830009 0
vt 0.54895997 0.264290005 0
vt 0.545629978 0.297349989 0
vt 0.540040016 0.279830009 0
vt 0.545629978 0.297349989 0
vt 0.531180024 0.348030001 0
vt 0.403919995 0.969340026 0
vt 0.420569986 0.976520002 0
vt 0.407810003 0.976339996 0
vt 0.403919995 0.969340026 0
vt 0.407810003 0.976339996 0
vt 0.378470004 0.971400023 0
vt 0.297659993 0.408259988 0
vt 0.31073001 0.408850014 0
vt 0.289959997 0.415369987 0
vt 0.297659993 0.408259988 0
vt 0.289959997 0.415369987 0
vt 0.29618001 0.401749998 0
vt 0.571120024 0.143920004 0
vt 0.577160001 0.12393 0
vt 0.595040023 0.153060004 0
vt 0.571120024 0.143920004 0
vt 0.568840027 0.115649998 0
vt 0.577160001 0.12393 0
vt 0.793649971 0.618030012 0
vt 0.777960002 0.611930013 0
vt 0.806490004 0.616299987 0
vt 0.814809978 0.64734 0
vt 0.793649971 0.618030012 0
vt 0.806490004 0.616299987 0
vt 0.566229999 0.935819983 0
vt 0.568199992 0.926779985 0
vt 0.576319993 0.924979985 0
vt 0.56299001 0.928430021 0
vt 0.568199992 0.926779985 0
vt 0.566229999 0.935819983 0
vt 0.350789994 0.132530004 0
vt 0.325590014 0.155939996 0
vt 0.343389988 0.11569 0
vt 0.783219993 0.259869993 0
vt 0.789839983 0.275070012 0
vt 0.780520022 0.27748999 0
vt 0.0494600013 0.322840005 0
vt 0.0608900003 0.325679988 0
vt 0.0705500022 0.348140001 0
vt 0.0705500022 0.348140001 0
vt 0.0608900003 0.325679988 0
vt 0.110890001 0.366549999 0
vt 0.561399996 0.156849995 0
vt 0.571120024 0.143920004 0
vt 0.563040018 0.173810005 0
vt 0.561399996 0.156849995 0
vt 0.563040018 0.173810005 0
vt 0.535549998 0.202800006 0
vt 0.0328399986 0.0846000016 0
vt 0.0406300016 0.0598200001 0
vt 0.0465300009 0.0656199977 0
vt 0.0403200015 0.0800999999 0
vt 0.0328399986 0.0846000016 0
vt 0.0465300009 0.0656199977 0
vt 0.561879992 0.948870003 0
vt 0.554509997 0.947870016 0
vt 0.559099972 0.944190025 0
vt 0.55084002 0.937070012 0
vt 0.559099972 0.944190025 0
vt 0.554509997 0.947870016 0
vt 0.11654 0.0908999965 0
vt 0.113190003 0.0883100033 0
vt 0.129130006 0.0819699988 0
vt 0.0976099968 0.101180002 0
vt 0.113190003 0.0883100033 0
vt 0.11654 0.0908999965 0
vt 0.983929992 0.399580002 0
vt 0.987269998 0.401749998 0
vt 0.977639973 0.433600008 0
vt 0.983929992 0.399580002 0
vt 0.980289996 0.362260014 0
vt 0.987269998 0.401749998 0
vt 0.127780005 0.582009971 0
vt 0.127350003 0.584010005 0
vt 0.100759998 0.587819993 0
vt 0.127780005 0.582009971 0
vt 0.167270005 0.577139974 0
vt 0.127350003 0.584010005 0
vt 0.568499982 0.805599988 0
vt 0.569890022 0.830649972 0
vt 0.550360024 0.823930025 0
vt 0.550360024 0.823930025 0
vt 0.569890022 0.830649972 0
vt 0.535250008 0.843509972 0
vt 0.561879992 0.948870003 0
vt 0.55430001 0.953320026 0
vt 0.554509997 0.947870016 0
vt 0.554509997 0.947870016 0
vt 0.55430001 0.953320026 0
vt 0.540279984 0.960349977 0
vt 0.823719978 0.771120012 0
vt 0.820500016 0.778460026 0
vt 0.819939971 0.768719971 0
vt 0.819939971 0.768719971 0
vt 0.834150016 0.734189987 0
vt 0.823719978 0.771120012 0
vt 0.0852899998 0.706260026 0
vt 0.104610004 0.701539993 0
vt 0.0988700017 0.720380008 0
vt 0.0988700017 0.720380008 0
vt 0.104610004 0.701539993 0
vt 0.115379997 0.730069995 0
vt 0.889310002 0.771380007 0
vt 0.897880018 0.732680023 0
vt 0.898109972 0.758819997 0
vt 0.889310002 0.771380007 0
vt 0.898109972 0.758819997 0
vt 0.889079988 0.792970002 0
vt 0.562780023 0.944970012 0
vt 0.57288003 0.947380006 0
vt 0.561879992 0.948870003 0
vt 0.559099972 0.944190025 0
vt 0.562780023 0.944970012 0
vt 0.561879992 0.948870003 0
vt 0.626590014 0.862559974 0
vt 0.64003998 0.862110019 0
vt 0.671819985 0.875389993 0
vt 0.607119977 0.855599999 0
vt 0.64003998 0.862110019 0
vt 0.626590014 0.862559974 0
vt 0.269160002 0.10402 0
vt 0.235990003 0.0689300001 0
vt 0.264459997 0.0947799981 0
vt 0.269160002 0.10402 0
vt 0.264459997 0.0947799981 0
vt 0.30934 0.147019997 0
vt 0.297749996 0.624000013 0
vt 0.285569996 0.652960002 0
vt 0.280090004 0.649969995 0
vt 0.269710004 0.695670009 0
vt 0.280090004 0.649969995 0
vt 0.285569996 0.652960002 0
vt 0.0455100015 0.248789996 0
vt 0.0422200002 0.220369995 0
vt 0.0499599986 0.254000008 0
vt 0.0455100015 0.248789996 0
vt 0.0499599986 0.254000008 0
vt 0.0578199998 0.278710008 0
vt 0.63993001 0.0293400008 0
vt 0.633979976 0.0358499996 0
vt 0.617850006 0.0157399997 0
vt 0.63993001 0.0293400008 0
vt 0.648249984 0.0523299985 0
vt 0.633979976 0.0358499996 0
vt 0.561879992 0.948870003 0
vt 0.57288003 0.947380006 0
vt 0.567279994 0.951590002 0
vt 0.55509001 0.980159998 0
vt 0.561879992 0.948870003 0
vt 0.567279994 0.951590002 0
vt 0.147650003 0.490720004 0
vt 0.160559997 0.471859992 0
vt 0.160160005 0.485890001 0
vt 0.147650003 0.490720004 0
vt 0.160160005 0.485890001 0
vt 0.149920002 0.507139981 0
vt 0.766380012 0.804289997 0
vt 0.768079996 0.816340029 0
vt 0.748099983 0.822399974 0
vt 0.766380012 0.804289997 0
vt 0.795589983 0.801829994 0
vt 0.768079996 0.816340029 0
vt 0.250869989 0.62480998 0
vt 0.235640004 0.652589977 0
vt 0.236949995 0.62033999 0
vt 0.250869989 0.62480998 0
vt 0.236949995 0.62033999 0
vt 0.28718999 0.613820016 0
vt 0.86135 0.458310008 0
vt 0.823570013 0.450760007 0
vt 0.847069979 0.432229996 0
vt 0.823570013 0.450760007 0
vt 0.811070025 0.410869986 0
vt 0.847069979 0.432229996 0
vt 0.285569996 0.652960002 0
vt 0.292860001 0.655420005 0
vt 0.282970011 0.678219974 0
vt 0.292860001 0.655420005 0
vt 0.307810009 0.66940999 0
vt 0.282970011 0.678219974 0
vt 0.787940025 0.165889993 0
vt 0.796840012 0.129470006 0
vt 0.804279983 0.148829997 0
vt 0.796840012 0.129470006 0
vt 0.816739976 0.118129998 0
vt 0.804279983 0.148829997 0
vt 0.282609999 0.126450002 0
vt 0.230729997 0.0990199968 0
vt 0.254810005 0.0977799967 0
vt 0.254810005 0.0977799967 0
vt 0.292290002 0.133579999 0
vt 0.282609999 0.126450002 0
vt 0.263280004 0.581070006 0
vt 0.283980012 0.597159982 0
vt 0.258469999 0.591359973 0
vt 0.258469999 0.591359973 0
vt 0.235320002 0.579349995 0
vt 0.263280004 0.581070006 0
vt 0.178399995 0.498160005 0
vt 0.180610001 0.487960011 0
vt 0.228049994 0.499379992 0
vt 0.168080002 0.502699971 0
vt 0.180610001 0.487960011 0
vt 0.178399995 0.498160005 0
vt 0.309949994 0.374390006 0
vt 0.310699999 0.386510015 0
vt 0.308620006 0.386990011 0
vt 0.308620006 0.386990011 0
vt 0.310699999 0.386510015 0
vt 0.31448999 0.393959999 0
vt 0.691569984 0.825489998 0
vt 0.680190027 0.839060009 0
vt 0.678780019 0.821680009 0
vt 0.678780019 0.821680009 0
vt 0.689230025 0.804719985 0
vt 0.691569984 0.825489998 0
vt 0.647870004 0.280490011 0
vt 0.661270022 0.29073 0
vt 0.650539994 0.311390013 0
vt 0.647870004 0.280490011 0
vt 0.650539994 0.311390013 0
vt 0.609130025 0.28865999 0
vt 0.218960002 0.164419994 0
vt 0.206119999 0.153280005 0
vt 0.212300003 0.15456 0
vt 0.218960002 0.164419994 0
vt 0.212300003 0.15456 0
vt 0.230599999 0.172150001 0
vt 0.224940002 0.568840027 0
vt 0.190970004 0.575089991 0
vt 0.188219994 0.573339999 0
vt 0.188219994 0.573339999 0
vt 0.190970004 0.575089991 0
vt 0.170269996 0.578880012 0
vt 0.482149988 0.389109999 0
vt 0.504190028 0.381410003 0
vt 0.503960013 0.405959994 0
vt 0.504190028 0.381410003 0
vt 0.506030023 0.399170011 0
vt 0.503960013 0.405959994 0
vt 0.552969992 0.0554299988 0
vt 0.551609993 0.0363399982 0
vt 0.56904 0.0418299995 0
vt 0.567569971 0.059009999 0
vt 0.552969992 0.0554299988 0
vt 0.56904 0.0418299995 0
vt 0.124930002 0.392839998 0
vt 0.135409996 0.402619988 0
vt 0.142140001 0.418289989 0
vt 0.124930002 0.392839998 0
vt 0.110890001 0.366549999 0
vt 0.135409996 0.402619988 0
vt 0.00781999994 0.242510006 0
vt 0.0159099996 0.258139998 0
vt 0.0191399995 0.277319998 0
vt 0.0191399995 0.277319998 0
vt 0.0159099996 0.258139998 0
vt 0.0341099985 0.290179998 0
vt 0.54606998 0.119180001 0
vt 0.53530997 0.177369997 0
vt 0.529869974 0.180299997 0
vt 0.529869974 0.180299997 0
vt 0.53530997 0.177369997 0
vt 0.51888001 0.242339998 0
vt 0.54282999 0.502550006 0
vt 0.559180021 0.512239993 0
vt 0.576120019 0.527270019 0
vt 0.524720013 0.482930005 0
vt 0.559180021 0.512239993 0
vt 0.54282999 0.502550006 0
vt 0.841229975 0.818170011 0
vt 0.853179991 0.818130016 0
vt 0.837650001 0.830359995 0
vt 0.870660007 0.801810026 0
vt 0.853179991 0.818130016 0
vt 0.841229975 0.818170011 0
vt 0.564369977 0.874870002 0
vt 0.574999988 0.877399981 0
vt 0.559050024 0.889810026 0
vt 0.542999983 0.871519983 0
vt 0.564369977 0.874870002 0
vt 0.559050024 0.889810026 0
vt 0.564960003 0.791620016 0
vt 0.573080003 0.800059974 0
vt 0.568499982 0.805599988 0
vt 0.685639977 0.594969988 0
vt 0.662140012 0.598640025 0
vt 0.675930023 0.593500018 0
vt 0.872810006 0.0927200019 0
vt 0.878170013 0.100019999 0
vt 0.873449981 0.0985499993 0
vt 0.00237999996 0.131549999 0
vt 0.00367000001 0.140259996 0
vt 0.00196000002 0.145239994 0
vt 0.366079986 0.837239981 0
vt 0.394840002 0.851999998 0
vt 0.361189991 0.849049985 0
vt 0.350279987 0.826770008 0
vt 0.366079986 0.837239981 0
vt 0.361189991 0.849049985 0
vt 0.35345 0.203050002 0
vt 0.347119987 0.206039995 0
vt 0.352600008 0.175699994 0
vt 0.347119987 0.206039995 0
vt 0.35345 0.203050002 0
vt 0.375530005 0.252420008 0
vt 0.295870006 0.321700007 0
vt 0.299890012 0.330179989 0
vt 0.298689991 0.335940003 0
vt 0.257490009 0.316799998 0
vt 0.295870006 0.321700007 0
vt 0.298689991 0.335940003 0
vt 0.242840007 0.479909986 0
vt 0.250180006 0.470889986 0
vt 0.245700002 0.479970008 0
vt 0.241510004 0.506030023 0
vt 0.242840007 0.479909986 0
vt 0.245700002 0.479970008 0
vt 0.81190002 0.0641100034 0
vt 0.816330016 0.0621200018 0
vt 0.844259977 0.0786899999 0
vt 0.0534900017 0.0320300013 0
vt 0.0784000009 0.0301099997 0
vt 0.0477400012 0.0382199995 0
vt 0.681389987 0.470169991 0
vt 0.681410015 0.453960001 0
vt 0.685339987 0.481130004 0
vt 0.681389987 0.470169991 0
vt 0.672810018 0.458160013 0
vt 0.681410015 0.453960001 0
vt 0.758509994 0.855639994 0
vt 0.764649987 0.851350009 0
vt 0.787630022 0.852050006 0
vt 0.764649987 0.851350009 0
vt 0.75168997 0.852789998 0
vt 0.765120029 0.831269979 0
vt 0.617850006 0.0157399997 0
vt 0.601029992 0.01609 0
vt 0.601740003 0.0130099999 0
vt 0.601029992 0.01609 0
vt 0.596130013 0.00692000007 0
vt 0.601740003 0.0130099999 0
vt 0.0268900003 0.741270006 0
vt 0.0238199998 0.744639993 0
vt 0.02238 0.728690028 0
vt 0.0260099992 0.757229984 0
vt 0.0238199998 0.744639993 0
vt 0.0268900003 0.741270006 0
vt 0.140249997 0.661729991 0
vt 0.173690006 0.64951998 0
vt 0.174769998 0.668500006 0
vt 0.174769998 0.668500006 0
vt 0.173690006 0.64951998 0
vt 0.197420001 0.651629984 0
vt 0.764649987 0.851350009 0
vt 0.758509994 0.855639994 0
vt 0.75168997 0.852789998 0
vt 0.763220012 0.868709981 0
vt 0.75168997 0.852789998 0
vt 0.758509994 0.855639994 0
vt 0.62450999 0.699140012 0
vt 0.627300024 0.682020009 0
vt 0.629310012 0.686869979 0
vt 0.62450999 0.699140012 0
vt 0.629310012 0.686869979 0
vt 0.621649981 0.736079991 0
vt 0.684329987 0.493319988 0
vt 0.682210028 0.502709985 0
vt 0.67681998 0.489360005 0
vt 0.682210028 0.502709985 0
vt 0.684329987 0.493319988 0
vt 0.689109981 0.52305001 0
vt 0.039760001 0.203299999 0
vt 0.0422200002 0.220369995 0
vt 0.0392999984 0.223370001 0
vt 0.0392999984 0.223370001 0
vt 0.0422200002 0.220369995 0
vt 0.0455100015 0.248789996 0
vt 0.405259997 0.737160027 0
vt 0.352070004 0.758939981 0
vt 0.303629994 0.756869972 0
vt 0.468300015 0.169540003 0
vt 0.437469989 0.235280007 0
vt 0.44461 0.175579995 0
vt 0.523689985 0.95848 0
vt 0.545029998 0.951629996 0
vt 0.527159989 0.961979985 0
vt 0.527159989 0.961979985 0
vt 0.501309991 0.96408999 0
vt 0.523689985 0.95848 0
vt 0.39004001 0.401349992 0
vt 0.394050002 0.415300012 0
vt 0.386209995 0.420910001 0
vt 0.386209995 0.420910001 0
vt 0.394050002 0.415300012 0
vt 0.389899999 0.449550003 0
vt 0.817399979 0.599300027 0
vt 0.808089972 0.585590005 0
vt 0.820850015 0.586899996 0
vt 0.469509989 0.740960002 0
vt 0.477299988 0.745620012 0
vt 0.468899995 0.760200024 0
vt 0.0812999979 0.67098999 0
vt 0.0800900012 0.678250015 0
vt 0.0492700003 0.683309972 0
vt 0.087650001 0.671700001 0
vt 0.0800900012 0.678250015 0
vt 0.0812999979 0.67098999 0
vt 0.0311699994 0.778310001 0
vt 0.02984 0.754700005 0
vt 0.0344099998 0.778110027 0
vt 0.0344099998 0.778110027 0
vt 0.0383200012 0.782199979 0
vt 0.0311699994 0.778310001 0
vt 0.65377003 0.0258000009 0
vt 0.66821003 0.0409500003 0
vt 0.674989998 0.05418 0
vt 0.674989998 0.05418 0
vt 0.66821003 0.0409500003 0
vt 0.684069991 0.0614599995 0
vt 0.307969987 0.779609978 0
vt 0.264620006 0.811630011 0
vt 0.281309992 0.787469983 0
vt 0.274679989 0.762189984 0
vt 0.307969987 0.779609978 0
vt 0.281309992 0.787469983 0
vt 0.822430015 0.836019993 0
vt 0.824100018 0.841849983 0
vt 0.813619971 0.838100016 0
vt 0.822430015 0.836019993 0
vt 0.844529986 0.843970001 0
vt 0.824100018 0.841849983 0
vt 0.574999988 0.877399981 0
vt 0.577419996 0.885739982 0
vt 0.574129999 0.886399984 0
vt 0.559050024 0.889810026 0
vt 0.574999988 0.877399981 0
vt 0.574129999 0.886399984 0
vt 0.613990009 0.148110002 0
vt 0.646309972 0.213980004 0
vt 0.617169976 0.172299996 0
vt 0.604160011 0.148880005 0
vt 0.613990009 0.148110002 0
vt 0.617169976 0.172299996 0
vt 0.366230011 0.669430017 0
vt 0.402799994 0.685720026 0
vt 0.354460001 0.683809996 0
vt 0.354460001 0.683809996 0
vt 0.402799994 0.685720026 0
vt 0.372379988 0.700720012 0
vt 0.257490009 0.316799998 0
vt 0.247639999 0.304650009 0
vt 0.295870006 0.321700007 0
vt 0.257490009 0.316799998 0
vt 0.234830007 0.36669001 0
vt 0.247639999 0.304650009 0
vt 0.0621399991 0.087849997 0
vt 0.0644899979 0.0735599995 0
vt 0.0685900003 0.0842299983 0
vt 0.0685900003 0.0842299983 0
vt 0.063500002 0.0912699997 0
vt 0.0621399991 0.087849997 0
vt 0.503120005 0.463079989 0
vt 0.505289972 0.434139997 0
vt 0.536610007 0.467299998 0
vt 0.524720013 0.482930005 0
vt 0.571399987 0.500909984 0
vt 0.559180021 0.512239993 0
vt 0.255569994 0.726170003 0
vt 0.249720007 0.762399971 0
vt 0.248789996 0.729809999 0
vt 0.223839998 0.726700008 0
vt 0.252059996 0.722729981 0
vt 0.248789996 0.729809999 0
vt 0.306540012 0.634079993 0
vt 0.297749996 0.624000013 0
vt 0.315530002 0.623049974 0
vt 0.315530002 0.623049974 0
vt 0.315189987 0.642639995 0
vt 0.306540012 0.634079993 0
vt 0.0576499999 0.390100002 0
vt 0.0757900029 0.427350014 0
vt 0.0530500002 0.386420012 0
vt 0.0530500002 0.386420012 0
vt 0.0757900029 0.427350014 0
vt 0.0526699983 0.392230004 0
vt 0.521979988 0.25571999 0
vt 0.527700007 0.235510007 0
vt 0.540040016 0.279830009 0
vt 0.520179987 0.252499998 0
vt 0.527700007 0.235510007 0
vt 0.521979988 0.25571999 0
vt 0.503120005 0.463079989 0
vt 0.536610007 0.467299998 0
vt 0.524720013 0.482930005 0
vt 0.503120005 0.463079989 0
vt 0.524720013 0.482930005 0
vt 0.54282999 0.502550006 0
vt 0.755379975 0.237910002 0
vt 0.739180028 0.191239998 0
vt 0.74642998 0.202370003 0
vt 0.739180028 0.191239998 0
vt 0.739090025 0.149419993 0
vt 0.74642998 0.202370003 0
vt 0.252059996 0.722729981 0
vt 0.255569994 0.726170003 0
vt 0.248789996 0.729809999 0
vt 0.269710004 0.695670009 0
vt 0.255569994 0.726170003 0
vt 0.252059996 0.722729981 0
vt 0.696060002 0.549960017 0
vt 0.701889992 0.543990016 0
vt 0.68779999 0.56269002 0
vt 0.701889992 0.543990016 0
vt 0.696060002 0.549960017 0
vt 0.695630014 0.539359987 0
vt 0.536610007 0.467299998 0
vt 0.626900017 0.501820028 0
vt 0.571399987 0.500909984 0
vt 0.536610007 0.467299998 0
vt 0.571399987 0.500909984 0
vt 0.524720013 0.482930005 0
vt 0.854309976 0.118369997 0
vt 0.866060019 0.140290007 0
vt 0.84296 0.143319994 0
vt 0.84296 0.143319994 0
vt 0.866060019 0.140290007 0
vt 0.848810017 0.175060004 0
vt 0.255129993 0.652320027 0
vt 0.278490007 0.631839991 0
vt 0.289790004 0.627699971 0
vt 0.289790004 0.627699971 0
vt 0.278490007 0.631839991 0
vt 0.28718999 0.613820016 0
vt 0.155420005 0.736769974 0
vt 0.162029997 0.75553 0
vt 0.155269995 0.775139987 0
vt 0.155269995 0.775139987 0
vt 0.162029997 0.75553 0
vt 0.167539999 0.788010001 0
vt 0.55430001 0.953320026 0
vt 0.551209986 0.971700013 0
vt 0.545849979 0.962010026 0
vt 0.55430001 0.953320026 0
vt 0.545849979 0.962010026 0
vt 0.540279984 0.960349977 0
vt 0.832059979 0.368820012 0
vt 0.815320015 0.352730006 0
vt 0.853919983 0.316929996 0
vt 0.811049998 0.379619986 0
vt 0.815320015 0.352730006 0
vt 0.832059979 0.368820012 0
vt 0.749119997 0.336910009 0
vt 0.735490024 0.385390013 0
vt 0.719680011 0.342530012 0
vt 0.749119997 0.336910009 0
vt 0.719680011 0.342530012 0
vt 0.719690025 0.316000015 0
vt 0.810280025 0.776480019 0
vt 0.809379995 0.797410011 0
vt 0.801129997 0.791989982 0
vt 0.809379995 0.797410011 0
vt 0.795589983 0.801829994 0
vt 0.801129997 0.791989982 0
vt 0.466829985 0.921329975 0
vt 0.455269992 0.909720004 0
vt 0.46430999 0.898069978 0
vt 0.466829985 0.921329975 0
vt 0.429870009 0.933070004 0
vt 0.455269992 0.909720004 0
vt 0.811689973 0.465359986 0
vt 0.83592999 0.474180013 0
vt 0.856149971 0.488350004 0
vt 0.811689973 0.465359986 0
vt 0.823570013 0.450760007 0
vt 0.83592999 0.474180013 0
vt 0.728190005 0.780319989 0
vt 0.72262001 0.777480006 0
vt 0.739300013 0.775550008 0
vt 0.711279988 0.783179998 0
vt 0.72262001 0.777480006 0
vt 0.728190005 0.780319989 0
vt 0.235990003 0.0689300001 0
vt 0.195409998 0.0387100019 0
vt 0.196600005 0.0367200002 0
vt 0.195409998 0.0387100019 0
vt 0.165179998 0.0304300003 0
vt 0.196600005 0.0367200002 0
vt 0.209230006 0.80467999 0
vt 0.205819994 0.814670026 0
vt 0.183630005 0.814949989 0
vt 0.253980011 0.826240003 0
vt 0.205819994 0.814670026 0
vt 0.209230006 0.80467999 0
vt 0.584890008 0.0548200011 0
vt 0.587700009 0.0600299984 0
vt 0.58367002 0.071800001 0
vt 0.587700009 0.0600299984 0
vt 0.584890008 0.0548200011 0
vt 0.590699971 0.0422799997 0
vt 0.526459992 0.802489996 0
vt 0.552789986 0.799390018 0
vt 0.548650026 0.810679972 0
vt 0.548650026 0.810679972 0
vt 0.552789986 0.799390018 0
vt 0.568499982 0.805599988 0
vt 0.71559 0.162860006 0
vt 0.713029981 0.179920003 0
vt 0.701590002 0.141110003 0
vt 0.713029981 0.179920003 0
vt 0.71559 0.162860006 0
vt 0.726509988 0.189850003 0
vt 0.64526999 0.845860004 0
vt 0.667509973 0.860170007 0
vt 0.64003998 0.862110019 0
vt 0.64526999 0.845860004 0
vt 0.656979978 0.830829978 0
vt 0.667509973 0.860170007 0
vt 0.592480004 0.197380006 0
vt 0.597549975 0.176080003 0
vt 0.601010025 0.271829993 0
vt 0.588440001 0.168630004 0
vt 0.592480004 0.197380006 0
vt 0.57148999 0.209869996 0
vt 0.574010015 0.0692399964 0
vt 0.567569971 0.059009999 0
vt 0.584890008 0.0548200011 0
vt 0.567569971 0.059009999 0
vt 0.574010015 0.0692399964 0
vt 0.562030017 0.0914800018 0
vt 0.663860023 0.458689988 0
vt 0.653689981 0.423539996 0
vt 0.666869998 0.44995001 0
vt 0.666869998 0.44995001 0
vt 0.667450011 0.469969988 0
vt 0.663860023 0.458689988 0
vt 0.555570006 0.932089984 0
vt 0.559099972 0.944190025 0
vt 0.55084002 0.937070012 0
vt 0.55084002 0.937070012 0
vt 0.555419981 0.921630025 0
vt 0.555570006 0.932089984 0
vt 0.654429972 0.0754899979 0
vt 0.648249984 0.0523299985 0
vt 0.662240028 0.072619997 0
vt 0.673789978 0.0762600005 0
vt 0.654429972 0.0754899979 0
vt 0.662240028 0.072619997 0
vt 0.588440001 0.168630004 0
vt 0.597549975 0.176080003 0
vt 0.592480004 0.197380006 0
vt 0.595040023 0.153060004 0
vt 0.597549975 0.176080003 0
vt 0.588440001 0.168630004 0
vt 0.671819985 0.875389993 0
vt 0.667509973 0.860170007 0
vt 0.68878001 0.876309991 0
vt 0.671819985 0.875389993 0
vt 0.68878001 0.876309991 0
vt 0.712339997 0.88440001 0
vt 0.524119973 0.941550016 0
vt 0.527649999 0.928269982 0
vt 0.545029998 0.951629996 0
vt 0.505729973 0.936959982 0
vt 0.527649999 0.928269982 0
vt 0.524119973 0.941550016 0
vt 0.459600002 0.782909989 0
vt 0.470120013 0.79806 0
vt 0.450049996 0.810289979 0
vt 0.450049996 0.810289979 0
vt 0.470120013 0.79806 0
vt 0.462599993 0.822359979 0
vt 0.829680026 0.678950012 0
vt 0.834580004 0.664080024 0
vt 0.833959997 0.683619976 0
vt 0.829680026 0.678950012 0
vt 0.833959997 0.683619976 0
vt 0.829550028 0.70994997 0
vt 0.635930002 0.665560007 0
vt 0.640129983 0.661059976 0
vt 0.633759975 0.681930006 0
vt 0.629310012 0.686869979 0
vt 0.635930002 0.665560007 0
vt 0.633759975 0.681930006 0
vt 0.36601001 0.414979994 0
vt 0.383469999 0.388509989 0
vt 0.374330014 0.420289993 0
vt 0.36601001 0.414979994 0
vt 0.374330014 0.420289993 0
vt 0.381570011 0.444110006 0
vt 0.323879987 0.348369986 0
vt 0.299890012 0.330179989 0
vt 0.296009988 0.31606999 0
vt 0.337269992 0.377570003 0
vt 0.299890012 0.330179989 0
vt 0.323879987 0.348369986 0
vt 0.31904 0.705299973 0
vt 0.308169991 0.730470002 0
vt 0.299160004 0.718100011 0
vt 0.308169991 0.730470002 0
vt 0.299030006 0.732270002 0
vt 0.299160004 0.718100011 0
vt 0.0992299989 0.160280004 0
vt 0.108609997 0.17069 0
vt 0.115960002 0.192589998 0
vt 0.108609997 0.17069 0
vt 0.154980004 0.181390002 0
vt 0.115960002 0.192589998 0
vt 0.774540007 0.184900001 0
vt 0.776960015 0.140729994 0
vt 0.787940025 0.165889993 0
vt 0.776960015 0.140729994 0
vt 0.761059999 0.0956299976 0
vt 0.787940025 0.165889993 0
vt 0.131150007 0.0798199996 0
vt 0.141350001 0.0857700035 0
vt 0.153019994 0.0962999985 0
vt 0.141350001 0.0857700035 0
vt 0.142389998 0.0721800029 0
vt 0.15185 0.086649999 0
vt 0.289849997 0.275489986 0
vt 0.281610012 0.249489993 0
vt 0.286850005 0.24786 0
vt 0.281610012 0.249489993 0
vt 0.278600007 0.231900007 0
vt 0.286850005 0.24786 0
vt 0.512009978 0.299140006 0
vt 0.514959991 0.24244 0
vt 0.51888001 0.242339998 0
vt 0.514959991 0.24244 0
vt 0.529869974 0.180299997 0
vt 0.51888001 0.242339998 0
vt 0.379269987 0.863860011 0
vt 0.382829994 0.902209997 0
vt 0.363970011 0.878600001 0
vt 0.361189991 0.849049985 0
vt 0.379269987 0.863860011 0
vt 0.363970011 0.878600001 0
vt 0.237910002 0.507250011 0
vt 0.241510004 0.506030023 0
vt 0.240360007 0.509350002 0
vt 0.237910002 0.507250011 0
vt 0.242840007 0.479909986 0
vt 0.241510004 0.506030023 0
vt 0.310699999 0.386510015 0
vt 0.317790002 0.393570006 0
vt 0.31448999 0.393959999 0
vt 0.31448999 0.393959999 0
vt 0.317790002 0.393570006 0
vt 0.31073001 0.408850014 0
vt 0.15185 0.086649999 0
vt 0.161589995 0.0989399999 0
vt 0.153019994 0.0962999985 0
vt 0.141350001 0.0857700035 0
vt 0.15185 0.086649999 0
vt 0.153019994 0.0962999985 0
vt 0.155420005 0.736769974 0
vt 0.145579994 0.717850029 0
vt 0.160669997 0.701160014 0
vt 0.145579994 0.717850029 0
vt 0.144800007 0.688319981 0
vt 0.160669997 0.701160014 0
vn -0.984099805 -0.0880672038 0.154245511
vn -0.986240745 -0.0391603969 0.160610229
vn -0.979660094 -0.0545703024 0.193101302
vn -0.14565663 -0.298373669 -0.943269432
vn 0.0401980653 -0.331466138 -0.942610323
vn -0.140946314 -0.482060045 -0.864726722
vn -0.0435699895 -0.999039292 0.00472271768
vn 0.0633615777 -0.997701287 0.0240294244
vn -0.0592751615 -0.998146594 0.0137779284
vn 0.992007136 -0.0241080821 -0.12385729
vn 0.9955194 -0.0149775418 -0.093363367
vn 0.990170598 -0.0102996491 -0.139485031
vn 0.368099242 0.118101388 0.922255397
vn 0.344448328 0.109330013 0.932417452
vn 0.49025625 0.141439006 0.860025465
vn -0.502145469 -0.0811388269 -0.860968232
vn -0.00244065374 0.0641050264 -0.997940123
vn -0.249149591 -0.0256490335 -0.968125284
vn -0.715538204 0.0238671284 -0.698165834
vn -0.447436154 0.0476855002 -0.893043637
vn -0.420932174 0.0303293709 -0.906584918
vn -0.975339949 0.163531348 0.148221463
vn -0.979934633 0.147757679 0.133775637
vn -0.981387913 0.149434879 0.120611466
vn 0.992611051 0.121337608 0.000801932591
vn 0.998769104 0.0495146252 0.00293881469
vn 0.993074775 0.115654036 0.0206553526
vn -0.468875974 0.299037337 0.831102848
vn -0.499527961 0.29299888 0.815244436
vn -0.34222579 0.31515485 0.885188639
vn 0.983817458 0.0946879536 -0.152110234
vn 0.987438858 0.101252094 -0.121295221
vn 0.980894923 0.0981436521 -0.167967066
vn 0.375577331 0.159104675 0.913031995
vn 0.386799276 0.168405131 0.906656504
vn 0.360910863 0.158015281 0.919116199
vn -0.347970903 -0.937194705 -0.0241308752
vn -0.24823755 -0.968600392 -0.0138347903
vn -0.299290597 -0.953732014 -0.0286425743
vn 0.876151264 0.448619306 -0.17635107
vn 0.867979348 0.454596877 -0.199884117
vn 0.879383504 0.446099609 -0.166372433
vn -0.426876217 -0.0277668871 -0.903883636
vn -0.24056755 -0.0877640098 -0.966656446
vn -0.287206709 -0.113994539 -0.951061249
vn 0.962640941 0.128431797 -0.238385677
vn 0.980611861 0.0960362926 -0.170814276
vn 0.97623837 0.121555664 -0.179396406
vn -0.997551918 0.0161478389 0.0680401027
vn -0.998422444 0.0243010987 0.0506177917
vn -0.998936653 0.0164170898 0.0430825017
vn -0.869611204 -0.409608573 0.275675863
vn -0.859341264 -0.441756397 0.257650733
vn -0.838702679 -0.45588395 0.297905535
vn 0.816402137 0.02243012 -0.577048004
vn 0.948816836 0.0809898451 -0.305265844
vn 0.946324587 0.0274546687 -0.322050035
vn 0.0704005733 -0.996821523 -0.0372920707
vn 0.260637939 -0.93744123 0.230806842
vn -0.00610164925 -0.999948144 0.00815128163
vn -0.777133048 0.174428329 0.604680896
vn -0.706781983 0.193340659 0.680498898
vn -0.842615187 0.114375621 0.526229739
vn -0.939528883 -0.26981765 0.210912272
vn -0.757000089 -0.503750801 0.416156232
vn -0.907266736 -0.233947098 0.349479437
vn 0.991323531 0.120595939 0.052290529
vn 0.939039767 0.163343236 0.302528381
vn 0.934175372 0.158305883 0.31977433
vn -0.998422444 0.0243010987 0.0506177917
vn -0.976428986 0.162764937 -0.141753227
vn -0.99973166 0.0205234792 0.0107441908
vn 0.200057179 0.187760398 0.961625278
vn 0.0828840286 0.100671686 0.991461217
vn 0.199312195 0.139592305 0.96994251
vn -0.997358024 -0.0712443218 -0.0141795408
vn -0.997061908 -0.075319387 0.0139512038
vn -0.998639643 -0.0405357331 -0.0327970833
vn 0.983886003 0.106558546 0.143574327
vn 0.965251267 0.0388242938 0.258423209
vn 0.993207753 0.102155447 0.0557011478
vn -0.649839818 -0.373694032 0.661861777
vn -0.791107714 -0.0828625336 0.606038332
vn -0.812808931 -0.146290153 0.563862443
vn 0.320848316 0.165872797 -0.932492733
vn 0.276169956 0.161892638 -0.947375774
vn 0.366109103 0.266946137 -0.891461611
vn -0.479434103 0.485983551 -0.730727613
vn 0.151144668 0.699390352 -0.698575974
vn 0.230804488 0.417525709 -0.878863811
vn 0.736679435 0.61152035 -0.288697362
vn 0.758537591 0.603364646 -0.246113494
vn -0.13387692 0.918892264 -0.37109831
vn -0.506502748 0.00226766663 -0.862235248
vn -0.130878016 0.0414234065 -0.990532696
vn -0.379997313 -0.00237746513 -0.924984634
vn 0.0193626992 0.801915467 0.597123742
vn 0.0109421555 0.721352518 0.692481577
vn 0.192134485 0.784191847 0.590023279
vn -0.395121783 0.095665589 -0.913633883
vn -0.151157245 0.0941204652 -0.984018743
vn -0.167444527 0.0815521702 -0.982502699
vn 0.98990798 0.136866882 -0.0367367789
vn 0.996225238 -0.0714462474 0.049301967
vn 0.996339977 -0.0845946595 -0.0122700334
vn 0.897141993 0.416239917 -0.147920594
vn 0.879383504 0.446099609 -0.166372433
vn 0.896724582 0.423884898 -0.127305135
vn 0.835904479 -0.344779998 -0.427071929
vn 0.916273773 -0.185283959 -0.355122954
vn 0.922606051 -0.20578742 -0.32626608
vn 0.0258594882 0.0619073659 -0.997746885
vn 0.0925412253 0.0769481584 -0.992731154
vn 0.133666649 -0.0750429556 -0.988180995
vn -0.903923333 0.297025144 0.307731599
vn -0.980011344 0.137592897 0.143686593
vn -0.959266424 0.149993569 0.239394501
vn -0.0235545486 0.999229193 -0.0314048678
vn -0.583823323 0.795362175 -0.16293931
vn -0.161434457 0.986882925 -0.00102888385
vn 0.376237363 0.252992183 0.891313851
vn 0.27491346 0.238084123 0.931524932
vn 0.429877758 0.21546711 0.876800418
vn -0.952481866 0.148888007 0.265726894
vn -0.9267537 0.266501337 0.264772594
vn -0.997968614 -0.0597744584 0.0220409278
vn 0.968485832 -0.0481198467 -0.244376063
vn 0.967049062 -0.138595015 -0.213559002
vn 0.958696961 -0.0575385801 -0.278548628
vn -0.0527213253 -0.980364203 -0.190017477
vn -0.087173596 -0.985474229 -0.145744011
vn -0.196375787 -0.966230214 -0.166839913
vn -0.993285596 0.0308174416 0.111507535
vn -0.995193422 0.0329716243 0.0922110826
vn -0.967146814 0.071146667 0.244059727
vn -0.498934358 0.640575111 -0.583719194
vn -0.479434103 0.485983551 -0.730727613
vn -0.980016232 0.173438787 -0.0974029824
vn 0.999988675 0.00433192169 0.00198696856
vn 0.996436834 0.0188935306 0.0821980387
vn 0.99997139 -0.000126537823 0.00755821448
vn 0.999847651 0.00712991646 -0.0159331225
vn 0.99994278 -0.000720503798 -0.0106771281
vn 0.998416662 0.0110275531 -0.0551599301
vn -0.91557312 -0.341407478 0.212524712
vn -0.91171211 -0.355110466 0.206585497
vn -0.934887767 -0.308160335 0.176131293
vn 0.391454548 -0.90893805 -0.143509731
vn 0.355474532 -0.929760098 0.0958331525
vn -0.0341749229 -0.988692164 0.146013215
vn 0.765063643 0.544061959 -0.344491392
vn 0.658012927 0.670050979 -0.343585134
vn 0.768261492 0.548543036 -0.329961687
vn -0.176588878 0.240298972 0.95450139
vn 0.419000298 0.35422489 0.836040437
vn -0.0999358445 0.420992166 0.901542187
vn -0.86270529 -0.486918211 -0.136565417
vn -0.95691371 -0.178862438 0.228745401
vn -0.96255213 -0.126513213 0.239765808
vn 0.335210443 -0.400642812 -0.85271287
vn 0.505759358 -0.375927091 -0.776457429
vn 0.168191999 -0.593100727 -0.787364542
vn 0.16836293 -0.807136714 -0.565848231
vn 0.231080636 -0.773104072 -0.590687633
vn 0.186553434 -0.844580591 -0.501877785
vn 0.979255199 0.133095354 -0.152790502
vn 0.983967602 0.120198503 -0.131757975
vn 0.984679878 0.134424046 -0.111066371
vn 0.972175956 -0.198999166 0.123585232
vn 0.959187925 -0.274540156 0.0677217618
vn 0.983179569 -0.172091171 0.0611759089
vn 0.429877758 0.21546711 0.876800418
vn 0.27491346 0.238084123 0.931524932
vn 0.294784039 0.213929042 0.931309104
vn 0.411907166 0.178968281 0.893477976
vn 0.447862715 0.163947344 0.878942668
vn 0.566708922 0.176791593 0.804727197
vn 0.431858897 0.430761009 0.792428434
vn 0.240469217 0.625985742 0.74183315
vn 0.315023899 0.422618717 0.849796116
vn -0.740963161 0.21086511 0.637580872
vn -0.835999906 0.215022266 0.504846096
vn -0.826700747 0.215703502 0.519651771
vn 0.028123226 0.0643265769 0.997532487
vn -0.175824404 0.0766298398 0.981434405
vn -0.148377046 0.0290657487 0.988503575
vn 0.913029194 0.33387965 -0.234312013
vn 0.892296135 0.370976418 -0.257262886
vn 0.902703762 0.331870764 -0.27383858
vn -0.506502748 0.00226766663 -0.862235248
vn 0.142519906 0.577422857 -0.803909719
vn -0.130878016 0.0414234065 -0.990532696
vn -0.846422493 -0.450856507 0.283368021
vn -0.823483169 -0.478950113 0.304109305
vn -0.825820982 -0.469256788 0.312758237
vn -0.68386358 0.10730128 0.721676469
vn -0.79984051 0.118049763 0.588489056
vn -0.75819689 0.107802346 0.64305222
vn -0.0193784665 0.252533853 -0.967393935
vn 0.0720316544 0.23795931 -0.968600452
vn -0.224709585 0.115056902 -0.967609227
vn -0.0193784665 0.252533853 -0.967393935
vn 0.244812325 0.3633295 -0.898920715
vn 0.0720316544 0.23795931 -0.968600452
vn -0.266829997 0.151925102 0.951693535
vn -0.403875083 0.167913035 0.899272025
vn -0.478455126 0.149655253 0.86526531
vn -0.114839956 0.311862588 0.943161488
vn -0.317548931 0.269446671 0.909154058
vn -0.0769258216 0.254165292 0.964096725
vn -0.403776824 -0.59761852 -0.692687809
vn -0.480097264 -0.698250234 -0.530992627
vn -0.568584204 -0.58330971 -0.580053389
vn -0.999815643 -0.00425746851 -0.0187262315
vn -0.99035871 0.0226113424 -0.136668265
vn -0.999407351 0.0130186891 -0.031868834
vn 0.388388783 0.0215956997 0.921242416
vn 0.365294039 0.134852201 0.921072841
vn 0.283698916 0.0902807191 0.954653978
vn -0.971929967 -0.0498999804 0.229917943
vn -0.977814496 -0.0391384214 0.205784053
vn -0.962989151 -0.118068501 0.242304966
vn -0.128341183 0.568577766 -0.812556446
vn 0.55242902 0.794940829 -0.250781268
vn 0.68034023 0.588874698 -0.436306953
vn 0.994826615 0.00616727769 -0.101399764
vn 0.997020483 0.0120617682 -0.07618846
vn 0.997906625 0.0297871567 -0.057403136
vn 0.151326582 0.081984356 -0.985078037
vn 0.186144471 0.0958565623 -0.977835298
vn 0.3506006 0.120254867 -0.92877233
vn 0.97982347 0.14206636 -0.140581071
vn 0.985546529 0.128743261 -0.1101062
vn 0.977891684 0.140395522 -0.154974341
vn -0.946440935 -0.272187233 0.173676759
vn -0.914602697 -0.338610202 0.221008882
vn -0.916637003 -0.315110654 0.245930582
vn -0.427179724 -0.0368089862 -0.90341711
vn -0.0123159327 0.0748256221 -0.997120619
vn -0.30117768 0.0302854348 -0.953086913
vn 0.0585458651 -0.426248193 0.902709663
vn -0.0691025779 -0.324180156 0.943468153
vn -0.153856799 -0.471165299 0.868522584
vn -0.991589665 -0.0271402411 0.126543701
vn -0.998556197 -0.0166125707 0.051084701
vn -0.982023895 -0.0645598695 0.17737247
vn 0.952188015 0.296141922 -0.0750857741
vn 0.88043946 0.474139422 0.00426018285
vn 0.929691255 0.360347599 0.0763143227
vn 0.310929686 0.717494309 0.62331742
vn 0.662930965 0.647340596 0.376128703
vn 0.575578332 0.805338681 0.141912222
vn -0.153479442 -0.43186307 0.888784766
vn -0.199485555 -0.417010069 0.886740148
vn -0.191997781 -0.572839499 0.796863735
vn 0.578902781 -0.715063512 0.391861916
vn 0.57820648 -0.801367819 0.153254554
vn 0.905890882 -0.398370385 0.143745452
vn -0.893119156 -0.448524773 0.0341137797
vn -0.856874287 -0.515381038 -0.0121998657
vn -0.925372005 -0.337905228 -0.171775371
vn -0.962610424 -0.255274594 0.0906412974
vn -0.986937165 -0.160243347 0.0166431312
vn -0.982518196 -0.180434316 0.0458428375
vn -0.626383722 -0.438308984 0.644615114
vn -0.865297318 -0.307048917 0.396208882
vn -0.47015664 -0.49537614 0.730448604
vn -0.430069476 -0.900564075 -0.0634394437
vn -0.188645989 -0.979725182 -0.0674631968
vn -0.293799698 -0.955217838 -0.035220813
vn -0.199485555 -0.417010069 0.886740148
vn -0.288581699 -0.585618615 0.757477045
vn -0.191997781 -0.572839499 0.796863735
vn 0.0633615777 -0.997701287 0.0240294244
vn 0.232018471 -0.972542167 0.0181435384
vn -0.0592751615 -0.998146594 0.0137779284
vn -0.0255131461 -0.985383093 -0.168431804
vn 0.512313902 -0.799472213 -0.313653618
vn 0.0728939325 -0.981221437 -0.178580552
vn -0.188645989 -0.979725182 -0.0674631968
vn 0.0704005733 -0.996821523 -0.0372920707
vn -0.00610164925 -0.999948144 0.00815128163
vn 0.971169949 -0.0406472087 -0.234897032
vn 0.986298144 0.0633171275 -0.152338132
vn 0.969898641 -0.225124046 -0.0928211436
vn 0.687671185 -0.585496247 0.4293046
vn 0.550344825 -0.706911683 0.444293141
vn 0.647695482 -0.669683814 0.363337457
vn -0.662940919 -0.724412203 0.189040288
vn -0.917279601 -0.360417128 0.169403657
vn -0.639952242 -0.757118106 0.131275609
vn -0.333273709 -0.247186244 -0.90985024
vn -0.409312546 -0.236685842 -0.881160021
vn -0.365682244 -0.167784467 -0.915491581
vn -0.856874287 -0.515381038 -0.0121998657
vn -0.860482156 -0.472031742 -0.191720098
vn -0.86517185 -0.486658037 -0.12100248
vn -0.991223395 -0.097506471 0.0892684311
vn -0.986529469 -0.142474949 0.0803767741
vn -0.96151042 -0.227980554 0.153371423
vn 0.49025625 0.141439006 0.860025465
vn 0.344448328 0.109330013 0.932417452
vn 0.388562769 0.131654337 0.911968231
vn 0.991323531 0.120595939 0.052290529
vn 0.992506742 0.117946923 0.0319205932
vn 0.993386686 0.112245649 0.0241636187
vn 0.985272646 0.0803053975 -0.150959969
vn 0.993097305 0.0769900531 -0.0884880498
vn 0.989959836 0.0128643885 -0.140762866
vn 0.997721016 -0.0127208848 0.0662650988
vn 0.987005532 -0.0348276496 0.156866863
vn 0.997761369 -0.015830012 0.0649749488
vn -0.995134115 -0.0954619795 0.024396779
vn -0.994563043 -0.103402488 0.0123370867
vn -0.995076478 -0.0898924619 0.0417385437
vn -0.993878722 -0.0958443806 0.0549451485
vn -0.997061908 -0.075319387 0.0139512038
vn -0.994750261 -0.102328688 0.000897841936
vn -0.992668569 -0.113657922 -0.0411214121
vn -0.999105752 -0.0375633128 0.0194139071
vn -0.987344861 -0.111422956 0.112849571
vn -0.927235425 -0.33843711 0.160295814
vn -0.921483219 -0.341212064 0.185588166
vn -0.946440935 -0.272187233 0.173676759
vn 0.20287624 0.72067827 0.662920833
vn 0.336435258 0.888469338 0.312143415
vn 0.157541394 0.971755743 0.175702602
vn 0.345921904 0.406623781 -0.845573902
vn 0.394455343 0.631813169 -0.667245865
vn 0.461476088 0.604506254 -0.649316609
vn -0.997106194 0.0587592833 0.0482341498
vn -0.987905264 -0.0846093744 0.12994045
vn -0.965336323 0.0403478518 0.257871717
vn -0.836039424 0.0614552982 0.545216858
vn -0.84134531 0.111425824 0.528887868
vn -0.951271474 0.0743843094 0.299248129
vn 0.885733366 -0.163105115 0.434595346
vn 0.934288383 -0.283594698 0.216053382
vn 0.970843136 -0.175922111 0.16283454
vn 0.162632778 -0.616333067 0.770508945
vn 0.613422155 -0.549748719 0.567000508
vn 0.61244911 -0.452319711 0.64831543
vn 0.985781491 0.148062304 -0.0794518068
vn 0.985054016 0.120464906 -0.123112626
vn 0.985781491 0.122347258 -0.115178145
vn 0.988114715 0.145904779 -0.048384428
vn 0.9692927 0.17816712 0.169494286
vn 0.983969867 0.17797856 0.0112699773
vn 0.166271076 0.055323109 -0.984526873
vn 0.443542212 0.0690873414 -0.893586695
vn 0.382147014 0.0310098641 -0.923581004
vn 0.500878453 -0.108841389 -0.85864687
vn 0.561805367 -0.281525493 -0.777893424
vn 0.331896544 -0.293945253 -0.896348596
vn -0.965504944 -0.0796537623 -0.247902334
vn -0.923947275 -0.378953189 -0.0521129556
vn -0.955697 -0.289422065 0.0536477119
vn -0.995104492 0.0618317313 0.0770973712
vn -0.99675107 0.0404828042 0.0696315244
vn -0.997175872 0.0490570702 0.0568656437
vn 0.997721016 -0.0127208848 0.0662650988
vn 0.965251267 0.0388242938 0.258423209
vn 0.987005532 -0.0348276496 0.156866863
vn 0.189701051 -0.0881739855 0.977874577
vn -0.109141894 -0.0864903629 0.99025625
vn -0.0166456513 -0.13680841 0.990457714
vn 0.448489994 -0.715563297 0.535561383
vn 0.647695482 -0.669683814 0.363337457
vn 0.550344825 -0.706911683 0.444293141
vn -0.836461067 -0.273794025 0.474731326
vn -0.445065945 -0.394604057 0.803868175
vn -0.559769094 -0.318402737 0.765034854
vn 0.967224598 0.119473964 -0.224059686
vn 0.978812695 0.119325586 -0.166394487
vn 0.980894923 0.0981436521 -0.167967066
vn 0.952188015 0.296141922 -0.0750857741
vn 0.929691255 0.360347599 0.0763143227
vn 0.975572586 0.218624055 0.0214885455
vn -0.153319508 0.0639561713 -0.986104786
vn -0.151157245 0.0941204652 -0.984018743
vn 0.12071377 0.0604404286 -0.990845621
vn -0.00201519462 -0.0185540952 -0.999825895
vn 0.205542177 0.0359739587 -0.977986872
vn 0.250432253 -0.0470292047 -0.966991186
vn 0.67511493 -0.401683182 -0.618765295
vn 0.448469728 -0.530233324 -0.719532967
vn 0.168191999 -0.593100727 -0.787364542
vn -0.59419775 -0.61913079 0.513425708
vn -0.0286023691 -0.99805063 0.0554689355
vn -0.235110343 -0.964364588 0.121342488
vn 0.854984164 -0.126160175 -0.503076196
vn 0.987326562 0.0843986794 -0.134399205
vn 0.991481662 0.0190564711 -0.128845036
vn 0.487636954 -0.871309459 0.0550442077
vn 0.468531668 -0.882645249 0.0376225002
vn 0.813426971 -0.579337418 0.0520060658
vn -0.966362417 0.147068024 0.210984975
vn -0.980011344 0.137592897 0.143686593
vn -0.980542302 0.142812356 0.134689361
vn -0.408833593 0.156216055 -0.899139404
vn -0.226016581 0.124245718 -0.96616745
vn -0.456624389 0.164651394 -0.874290586
vn -0.847639143 -0.525790453 0.0710782707
vn -0.707562566 -0.706471562 -0.01590834
vn -0.497165054 -0.861143947 0.106103718
vn -0.893625915 -0.350040227 0.280899554
vn -0.996433079 -0.0113534592 -0.0836200565
vn -0.955293894 -0.290514797 -0.0549083911
vn 0.99706763 -0.0742663145 0.018458847
vn 0.985066235 -0.159956887 0.0637048036
vn 0.949329436 -0.299725354 0.0945435017
vn 0.947925866 0.207749173 0.24140586
vn 0.875888169 0.189602271 0.443701237
vn 0.973380744 0.17688261 0.145748064
vn -0.965819478 0.18430227 0.182278365
vn -0.922038376 0.172958881 0.346309811
vn -0.966808319 0.166476309 0.193822846
vn -0.808317125 0.228209376 0.542718947
vn -0.838096082 0.223001182 0.4978607
vn -0.886774063 0.210652769 0.411408931
vn -0.877774 -0.46907115 0.097391285
vn -0.980925322 -0.10814365 0.161525548
vn -0.984928548 -0.114545211 0.129596025
vn -0.996373177 -0.0761093199 0.0380526744
vn -0.96367842 -0.262143135 -0.0510381274
vn -0.974375188 -0.224703625 0.0100698695
vn -0.179044157 -0.0421603248 0.982937276
vn -0.423400402 0.0936002061 0.901094437
vn -0.775674701 -0.317458302 0.54548049
vn 0.365675211 0.144888148 0.919396043
vn 0.360910863 0.158015281 0.919116199
vn 0.234142601 0.116638854 0.965180039
vn 0.0238239393 0.111836359 -0.993441045
vn 0.170616239 0.122894101 -0.977643609
vn 0.158538431 0.10972093 -0.981237411
vn -0.119196914 0.104179069 -0.987389982
vn -0.116639011 0.102598801 -0.987860739
vn -0.133211732 0.0980430469 -0.986226201
vn 0.250432253 -0.0470292047 -0.966991186
vn -0.205835581 -0.10092812 -0.973367929
vn -0.187409371 -0.0690770224 -0.979850113
vn 0.239030868 -0.147677988 -0.95971632
vn 0.72764343 0.0108691538 -0.685869455
vn 0.854984164 -0.126160175 -0.503076196
vn 0.889532447 0.456636757 0.0146599822
vn 0.946532965 0.319944918 -0.0413588732
vn 0.89357692 0.417711079 -0.164431259
vn 0.712545455 0.70117116 -0.0252607167
vn 0.726786077 0.680578172 0.0927112773
vn 0.28327477 0.896661103 -0.340226769
vn -0.175824404 0.0766298398 0.981434405
vn -0.353985131 0.100547872 0.929830551
vn -0.31066972 0.0473842695 0.949336052
vn -0.836039424 0.0614552982 0.545216858
vn -0.812808931 -0.146290153 0.563862443
vn -0.791107714 -0.0828625336 0.606038332
vn -0.214324504 0.251857638 0.943733454
vn -0.420203507 0.237544239 0.875786304
vn -0.168285027 0.237480715 0.956704259
vn -0.676403522 0.358906835 0.643167377
vn -0.454583138 0.480199873 0.750174761
vn -0.696797013 0.440001369 0.566456318
vn 0.923754632 0.321403742 -0.208271563
vn 0.936674953 0.326406658 -0.126880944
vn 0.936352789 0.325789541 -0.130783841
vn 0.884478927 0.397270679 -0.244689748
vn 0.869079411 0.409126699 -0.278058171
vn 0.903709412 0.364587605 -0.224466637
vn -0.992668569 -0.113657922 -0.0411214121
vn -0.987344861 -0.111422956 0.112849571
vn -0.985503972 -0.139824912 0.0960771516
vn 0.365294039 0.134852201 0.921072841
vn 0.219803631 0.133251369 0.966400743
vn -0.0145341549 0.0924531668 0.995610952
vn 0.0925412253 0.0769481584 -0.992731154
vn 0.379210234 -0.0314124562 -0.92477721
vn 0.229505494 -0.00521010393 -0.973293364
vn 0.67511493 -0.401683182 -0.618765295
vn 0.916273773 -0.185283959 -0.355122954
vn 0.835904479 -0.344779998 -0.427071929
vn 0.211083293 -0.427593946 -0.878980756
vn 0.331896544 -0.293945253 -0.896348596
vn 0.561805367 -0.281525493 -0.777893424
vn 0.188156456 -0.85669589 -0.48028034
vn 0.512313902 -0.799472213 -0.313653618
vn -0.0255131461 -0.985383093 -0.168431804
vn -0.822188199 0.270929575 0.500603199
vn -0.696797013 0.440001369 0.566456318
vn -0.898686171 0.234988734 0.370328814
vn -0.842567027 0.480125934 0.244048849
vn -0.680064142 0.577987075 0.451047391
vn -0.823151886 0.544529676 0.160960913
vn -0.32418251 -0.646207929 -0.690884173
vn -0.328492492 -0.406997919 -0.852317572
vn -0.188976705 -0.456501842 -0.869421661
vn -0.639952242 -0.757118106 0.131275609
vn -0.439890504 -0.894276857 0.0822506845
vn -0.471323729 -0.879636884 0.0639763921
vn -0.994541049 0.0728150904 -0.0747397989
vn -0.359644979 0.785990179 -0.502866805
vn -0.983757555 0.0666282997 -0.166678458
vn 0.663326144 0.700871468 -0.262254775
vn 0.717260718 0.632122934 -0.293185651
vn 0.623555422 0.705396473 -0.337037861
vn -0.501845837 -0.519628763 0.691474259
vn -0.63897562 -0.430694401 0.637347996
vn -0.465008736 -0.61266619 0.639067292
vn -0.895702541 -0.405804455 0.181768373
vn -0.999105752 -0.0375633128 0.0194139071
vn -0.958030045 -0.272778571 0.0881494358
vn 0.829765737 0.251308411 0.498330116
vn 0.947295129 0.278375864 0.15855287
vn 0.870295048 0.323975831 0.370980054
vn 0.472727358 0.214025915 0.854822636
vn 0.431858897 0.430761009 0.792428434
vn 0.426365763 0.217785433 0.877941787
vn -0.979804575 -0.165768743 -0.111819886
vn -0.9521842 -0.0913291425 -0.29155466
vn -0.903808415 -0.193146467 -0.38187021
vn -0.127043128 0.0788184553 -0.98876071
vn -0.126770809 0.0543093532 -0.990444183
vn -0.333426774 0.0365273803 -0.942067981
vn 0.0909243822 0.903640747 -0.418528616
vn -0.456918299 0.715790331 -0.528081298
vn -0.0235545486 0.999229193 -0.0314048678
vn 0.845104992 0.463333964 0.266682118
vn 0.970451474 0.215464458 0.108623341
vn 0.908049643 0.394260108 0.141438842
vn -0.895702541 -0.405804455 0.181768373
vn -0.600979924 -0.769878924 0.214731887
vn -0.411999941 -0.797513783 0.44071269
vn -0.520015836 -0.846491873 0.114171557
vn -0.0294331294 -0.999341547 -0.0212182123
vn -0.056824781 -0.998381436 -0.00233711652
vn 0.98990798 0.136866882 -0.0367367789
vn 0.965008676 0.259894162 -0.0348316357
vn 0.994703233 0.100251183 0.0226990357
vn 0.971631765 -0.0327797607 0.23421593
vn 0.892841041 0.142785192 0.427138507
vn 0.83591181 0.0723221749 0.544078112
vn -0.955697 -0.289422065 0.0536477119
vn -0.997954071 0.0362711847 0.0526500121
vn -0.965504944 -0.0796537623 -0.247902334
vn -0.938798666 0.0930387005 -0.331663996
vn -0.952642977 0.0736679435 -0.295033097
vn -0.838600755 0.0601766706 -0.541412592
vn 0.949329436 -0.299725354 0.0945435017
vn 0.885485709 -0.396122843 0.242903054
vn 0.818392634 -0.537238359 0.203981325
vn 0.84477061 -0.470127702 -0.25562188
vn 0.814951122 -0.425061345 -0.393925756
vn 0.920512974 -0.276033491 -0.276516527
vn -0.999462962 -0.0131624658 -0.030005265
vn -0.992852151 -0.0310382862 -0.1152438
vn -0.99745059 -0.0567519665 -0.0432594083
vn -0.999818444 0.0146950977 -0.0121327564
vn -0.955658019 0.145270377 -0.256152689
vn -0.961923778 0.0424888171 -0.269995242
vn 0.142519906 0.577422857 -0.803909719
vn -0.576221228 0.542931855 -0.61089623
vn 0.28327477 0.896661103 -0.340226769
vn -0.239800826 0.897464573 -0.370206505
vn -0.977384686 0.183307558 -0.10543979
vn -0.971899152 0.23132889 -0.0435782634
vn 0.300336897 -0.738478959 -0.603694022
vn 0.473145902 -0.657007217 -0.586919546
vn 0.466619521 -0.696093142 -0.545637667
vn 0.947818041 -0.304453403 -0.0946007743
vn 0.74112314 -0.670215964 0.0393311419
vn 0.539825082 -0.839978218 -0.0550032854
vn -0.991258383 -0.0839305669 0.101796404
vn -0.990458667 -0.020087963 0.136338547
vn -0.994265914 -0.0487439632 0.095181644
vn -0.990458667 -0.020087963 0.136338547
vn -0.99258393 0.0207427163 0.119778283
vn -0.994265914 -0.0487439632 0.095181644
vn 0.55242902 0.794940829 -0.250781268
vn -0.29891482 0.572332263 -0.763600528
vn -0.456918299 0.715790331 -0.528081298
vn -0.681139886 0.215511292 -0.699716508
vn -0.653552055 0.355659425 -0.668113828
vn -0.29891482 0.572332263 -0.763600528
vn 0.976743698 0.0794143155 0.199160904
vn 0.893683493 0.0545594804 0.445368558
vn 0.935116589 -0.0901504532 0.342680365
vn 0.654896498 0.0729014724 0.752194107
vn 0.504085302 -0.295968711 0.8113572
vn 0.636993945 -0.137981743 0.758419275
vn -0.971899152 0.23132889 -0.0435782634
vn -0.977384686 0.183307558 -0.10543979
vn -0.999168158 0.00826423243 0.0399329439
vn -0.995076478 -0.0898924619 0.0417385437
vn -0.996629238 -0.0754052103 0.0323146768
vn -0.995134115 -0.0954619795 0.024396779
vn -0.984074652 -0.132940516 0.117999852
vn -0.990271807 -0.133686364 -0.0385956615
vn -0.993564427 -0.100969896 0.0513300672
vn -0.972842634 -0.100704312 0.20841296
vn -0.985337794 -0.170532584 0.00529763196
vn -0.86270529 -0.486918211 -0.136565417
vn 0.0141887963 0.896009982 0.443807244
vn 0.358207613 0.847601771 0.391482413
vn 0.3856709 0.875301003 0.291729599
vn 0.626140177 0.748036504 0.219976664
vn 0.799197614 0.591729581 0.105542459
vn 0.3856709 0.875301003 0.291729599
vn -0.996389747 -0.0763214752 0.0371832475
vn -0.996881127 -0.0767687708 0.0182899293
vn -0.994779348 -0.0798543394 0.0635388866
vn -0.962245524 -0.000373204035 0.272182673
vn -0.998556197 -0.0166125707 0.051084701
vn -0.991589665 -0.0271402411 0.126543701
vn -0.0116114998 -0.809027076 0.587656617
vn -0.288581699 -0.585618615 0.757477045
vn -0.313461185 -0.782667756 0.537748337
vn -0.757000089 -0.503750801 0.416156232
vn -0.748372197 -0.482098341 0.455543905
vn -0.907266736 -0.233947098 0.349479437
vn 0.329394847 0.352604628 -0.875881851
vn 0.366109103 0.266946137 -0.891461611
vn 0.303229094 0.257887632 -0.91735822
vn 0.542405069 0.271307856 -0.795103014
vn 0.731864631 0.24975419 -0.634032309
vn 0.68230468 0.198369712 -0.703640461
vn 0.97623837 0.121555664 -0.179396406
vn 0.980611861 0.0960362926 -0.170814276
vn 0.983101308 0.11265149 -0.144296184
vn 0.990170598 -0.0102996491 -0.139485031
vn 0.9955194 -0.0149775418 -0.093363367
vn 0.991545677 -0.0143791316 -0.128959209
vn 0.9792431 -0.11462947 -0.167161763
vn 0.97398454 -0.170476526 -0.149304956
vn 0.967049062 -0.138595015 -0.213559002
vn 0.980804861 -0.194988593 -0.00108628278
vn 0.959187925 -0.274540156 0.0677217618
vn 0.798182845 -0.602212191 0.0156366602
vn 0.372214586 0.350798965 -0.859299958
vn 0.634119868 0.315378547 -0.705994606
vn 0.542405069 0.271307856 -0.795103014
vn 0.773882508 0.359113097 -0.521673858
vn 0.391018838 0.400194466 -0.828823686
vn 0.73817718 0.459412575 -0.493998647
vn -0.99035871 0.0226113424 -0.136668265
vn -0.959615886 0.00121068209 -0.281311303
vn -0.999407351 0.0130186891 -0.031868834
vn -0.852058947 -0.0748137012 -0.518071949
vn -0.506502748 0.00226766663 -0.862235248
vn -0.379997313 -0.00237746513 -0.924984634
vn -0.841117799 0.358961761 0.404558033
vn -0.579656601 0.583178043 0.569123507
vn -0.9267537 0.266501337 0.264772594
vn -0.0912156701 0.639379203 0.763461828
vn 0.311867684 0.661708653 0.681821346
vn -0.114983991 0.862868845 0.492174774
vn -0.188764453 0.171046615 0.967011452
vn -0.305647969 0.176753849 0.935594678
vn -0.266829997 0.151925102 0.951693535
vn 0.688222766 0.114817269 0.716356277
vn 0.126276523 0.107113384 0.986195207
vn 0.519491136 0.137498125 0.843340516
vn -0.17672272 -0.97715956 0.118017353
vn 0.164606735 -0.941959321 0.292604387
vn -0.175832197 -0.930357814 0.321741223
vn -0.482676297 -0.81759429 0.313947648
vn -0.847639143 -0.525790453 0.0710782707
vn -0.497165054 -0.861143947 0.106103718
vn 0.509516418 -0.602411687 -0.614404678
vn 0.57528621 -0.509160936 -0.640156984
vn 0.713393331 -0.502743185 -0.488179445
vn 0.814951122 -0.425061345 -0.393925756
vn 0.835904479 -0.344779998 -0.427071929
vn 0.920512974 -0.276033491 -0.276516527
vn 0.459027469 0.863347828 -0.209581047
vn -0.359644979 0.785990179 -0.502866805
vn -0.389978498 0.912837505 -0.121014148
vn -0.579656601 0.583178043 0.569123507
vn -0.114983991 0.862868845 0.492174774
vn -0.9267537 0.266501337 0.264772594
vn -0.14565663 -0.298373669 -0.943269432
vn -0.140946314 -0.482060045 -0.864726722
vn -0.17420955 -0.375158668 -0.910443306
vn -0.53090781 0.00191311573 -0.847427428
vn -0.540372193 0.124114931 -0.832221925
vn -0.262567908 -0.104703836 -0.959215999
vn 0.126998395 0.131982848 0.983082891
vn -0.188764453 0.171046615 0.967011452
vn -0.147164539 0.137560248 0.979499757
vn 0.99997139 -0.000126537823 0.00755821448
vn 0.991773129 0.0263659824 0.125262573
vn 0.998608112 0.0468613468 0.024204554
vn 0.117525868 0.0883439109 -0.989132404
vn 0.140220359 0.102284707 -0.984822869
vn 0.701810837 0.0543132238 -0.710289776
vn 0.986427844 0.0952598527 -0.133736998
vn 0.984316885 0.0817514136 -0.156322837
vn 0.986701369 0.0707478896 -0.14633894
vn -0.447436154 0.0476855002 -0.893043637
vn -0.153319508 0.0639561713 -0.986104786
vn -0.420932174 0.0303293709 -0.906584918
vn -0.24056755 -0.0877640098 -0.966656446
vn -0.187409371 -0.0690770224 -0.979850113
vn -0.205835581 -0.10092812 -0.973367929
vn 0.736679435 0.61152035 -0.288697362
vn 0.748347938 0.584704816 -0.313202262
vn 0.762436211 0.570197165 -0.30588606
vn 0.874628007 0.439600021 -0.20439592
vn 0.867979348 0.454596877 -0.199884117
vn 0.866286933 0.455268294 -0.205615386
vn -0.967146814 0.071146667 0.244059727
vn -0.995948374 0.0429361947 0.0790140256
vn -0.997180998 0.0467748791 0.0586712882
vn -0.832236767 -0.521967471 0.186900571
vn -0.856741548 -0.462715685 0.22778964
vn -0.817545414 -0.507788718 0.271606386
vn -0.877774 -0.46907115 0.097391285
vn -0.681151748 -0.728985965 0.0679099262
vn -0.636867285 -0.77076453 0.0179504491
vn -0.883689702 -0.444136262 -0.147767946
vn -0.766269982 -0.626383185 -0.14308916
vn -0.901546717 -0.425233662 -0.0799366161
vn 0.914579153 0.190956682 -0.356483519
vn 0.738608003 0.179257199 -0.649865389
vn 0.939864278 0.234682918 -0.248151407
vn 0.816402137 0.02243012 -0.577048004
vn 0.929431021 0.222426921 -0.294421643
vn 0.948816836 0.0809898451 -0.305265844
vn 0.529271722 0.593950093 0.60588342
vn 0.767325163 0.625724494 0.140288576
vn 0.383278012 0.789296627 0.479696542
vn 0.941623211 0.335192531 0.0314907171
vn 0.755089045 0.456380755 0.470698684
vn 0.933648646 0.34191227 0.10675291
vn 0.990030468 -0.0175602268 -0.139753997
vn 0.99810183 -0.0124866152 -0.0603063405
vn 0.993488908 -0.0258360952 -0.110960715
vn 0.99994278 -0.000720503798 -0.0106771281
vn 0.998769104 0.0495146252 0.00293881469
vn 0.998518407 0.052325666 -0.0149283707
vn 0.315023899 0.422618717 0.849796116
vn 0.426365763 0.217785433 0.877941787
vn 0.431858897 0.430761009 0.792428434
vn -0.0384608358 0.363677919 0.930730462
vn 0.173493713 0.234047487 0.956620038
vn 0.343559206 0.207507238 0.915919065
vn -0.130878016 0.0414234065 -0.990532696
vn 0.142519906 0.577422857 -0.803909719
vn 0.247475266 0.221897945 -0.943142235
vn 0.775810778 0.630900383 -0.00907132123
vn 0.687625229 0.556260049 -0.466632813
vn 0.726786077 0.680578172 0.0927112773
vn 0.372561932 0.140807956 0.917262614
vn 0.429877758 0.21546711 0.876800418
vn 0.294784039 0.213929042 0.931309104
vn 0.10336756 -0.0872359946 0.990810335
vn 0.0990658253 0.00777164614 0.99505055
vn -0.122198857 -0.181169137 0.975830495
vn -0.853224277 -0.45013392 0.263415784
vn -0.819458723 -0.504664719 0.271663338
vn -0.843338549 -0.478892237 0.243807927
vn -0.962610424 -0.255274594 0.0906412974
vn -0.94763571 -0.260855526 0.184230998
vn -0.946043372 -0.275898963 0.169945866
vn 0.799153507 0.14040193 -0.584500611
vn 0.930870175 0.135548592 -0.339274794
vn 0.93459481 0.159260914 -0.318069965
vn 0.239030868 -0.147677988 -0.95971632
vn 0.250432253 -0.0470292047 -0.966991186
vn 0.72764343 0.0108691538 -0.685869455
vn 0.340824515 0.74133265 -0.578156233
vn 0.266622394 0.871908665 -0.410716236
vn 0.406355232 0.887188971 -0.21856606
vn -0.498934358 0.640575111 -0.583719194
vn -0.981992066 0.18253915 -0.0486943498
vn -0.484736294 0.841250241 -0.23943378
vn 0.95435524 -0.156093433 -0.25463888
vn 0.674024761 -0.691608906 -0.259552956
vn 0.78875494 -0.41763097 -0.451054275
vn 0.439452291 -0.564717889 -0.69855237
vn 0.817121625 -0.222516894 -0.531788051
vn 0.698111415 -0.375869155 -0.609395385
vn 0.419000298 0.35422489 0.836040437
vn -0.344866604 0.163959086 0.92422092
vn 0.149538949 0.213930577 0.965335131
vn -0.887852669 -0.0771390498 0.453615665
vn -0.994779348 -0.0798543394 0.0635388866
vn -0.953810632 -0.0782145932 0.290047675
vn -0.869403243 0.399326146 0.290992349
vn -0.594409943 0.803338885 0.036379084
vn -0.938835084 0.32205373 0.121943481
vn -0.400096178 0.784313977 0.474104136
vn -0.0235545486 0.999229193 -0.0314048678
vn -0.161434457 0.986882925 -0.00102888385
vn 0.464676857 0.78909719 -0.401747376
vn 0.461476088 0.604506254 -0.649316609
vn 0.394455343 0.631813169 -0.667245865
vn 0.662930965 0.647340596 0.376128703
vn 0.88043946 0.474139422 0.00426018285
vn 0.575578332 0.805338681 0.141912222
vn 0.915933371 0.196279228 -0.3500579
vn 0.799153507 0.14040193 -0.584500611
vn 0.927747369 0.218617916 -0.302474767
vn 0.979255199 0.133095354 -0.152790502
vn 0.984679878 0.134424046 -0.111066371
vn 0.985272646 0.0803053975 -0.150959969
vn -0.109141894 -0.0864903629 0.99025625
vn -0.227159426 -0.2642124 0.937331498
vn -0.121120676 -0.230788991 0.965435863
vn -0.175824404 0.0766298398 0.981434405
vn -0.31066972 0.0473842695 0.949336052
vn -0.148377046 0.0290657487 0.988503575
vn 0.677198648 0.170676127 0.715731561
vn 0.821796536 0.191757873 0.536543846
vn 0.76765132 0.175934866 0.616245389
vn 0.821796536 0.191757873 0.536543846
vn 0.677198648 0.170676127 0.715731561
vn 0.875888169 0.189602271 0.443701237
vn -0.818721831 0.451656222 0.354543567
vn -0.72714144 0.553913057 0.405518949
vn -0.549676716 0.78878361 0.275092602
vn -0.842615187 0.114375621 0.526229739
vn -0.839437425 0.0748843327 0.538272321
vn -0.876600027 0.0836338699 0.473896295
vn 0.658109069 0.243198082 0.712563753
vn 0.83591181 0.0723221749 0.544078112
vn 0.892841041 0.142785192 0.427138507
vn 0.899632037 0.435115546 0.0365594253
vn 0.905035555 0.416648656 -0.0855247751
vn 0.908434391 0.412311763 -0.0688905418
vn -0.128341183 0.568577766 -0.812556446
vn 0.183427006 0.354883224 -0.916740119
vn 0.0478931032 0.121915676 -0.991384327
vn 0.512732863 0.0541502088 -0.856838822
vn 0.391545564 0.118062519 -0.912553132
vn 0.69908607 0.0503444746 -0.713263035
vn -0.574720681 -0.693520308 -0.434425712
vn -0.456791282 -0.397678405 -0.795734584
vn -0.32418251 -0.646207929 -0.690884173
vn -0.7766096 -0.412594348 -0.476070911
vn -0.757646322 -0.230140239 -0.610743463
vn -0.456791282 -0.397678405 -0.795734584
vn -0.636658669 0.264844954 0.724239528
vn -0.361798465 0.591172993 0.720844269
vn -0.751038074 0.34683457 0.561825275
vn -0.209638625 0.563847721 0.798828721
vn -0.361798465 0.591172993 0.720844269
vn -0.421270043 0.370048404 0.828007162
vn 0.997761369 -0.015830012 0.0649749488
vn 0.987005532 -0.0348276496 0.156866863
vn 0.962270439 -0.175858334 0.207628489
vn -0.0490722544 -0.372011423 0.92693001
vn 0.0522864722 -0.586805403 0.808038116
vn 0.262115538 -0.563212752 0.783636808
vn -0.984906912 -0.163684651 0.0562651344
vn -0.973467529 -0.199827105 0.111490667
vn -0.949552 -0.292361796 0.113470249
vn -0.924069107 -0.33239004 0.188714474
vn -0.918164313 -0.323905736 0.228165671
vn -0.96151042 -0.227980554 0.153371423
vn 0.284089178 -0.779372573 -0.558454812
vn 0.302729905 -0.67889601 -0.668920755
vn 0.473145902 -0.657007217 -0.586919546
vn -0.205835581 -0.10092812 -0.973367929
vn 0.250432253 -0.0470292047 -0.966991186
vn 0.239030868 -0.147677988 -0.95971632
vn 0.908038557 0.170505658 -0.382614553
vn 0.964845479 0.146277606 -0.218348458
vn 0.851867557 0.156003743 -0.499984324
vn 0.920852363 0.148283347 -0.360614538
vn 0.892626345 0.158212572 -0.422122151
vn 0.970234811 0.116966054 -0.212045714
vn 0.931779802 0.359230846 0.0523414277
vn 0.760035276 0.616850734 0.204552472
vn 0.908049643 0.394260108 0.141438842
vn 0.982227147 0.186507553 0.0210905988
vn 0.997020483 0.0120617682 -0.07618846
vn 0.922054529 0.345571727 -0.174343333
vn 0.985054016 0.120464906 -0.123112626
vn 0.985781491 0.148062304 -0.0794518068
vn 0.981474161 0.125821665 -0.144489989
vn 0.976743698 0.0794143155 0.199160904
vn 0.935116589 -0.0901504532 0.342680365
vn 0.994485795 0.000130966815 0.104871564
vn -0.865297318 -0.307048917 0.396208882
vn -0.753346026 -0.344302118 0.560290933
vn -0.885608613 -0.222041816 0.407915235
vn -0.122198857 -0.181169137 0.975830495
vn 0.0990658253 0.00777164614 0.99505055
vn 0.0107422927 -0.011608474 0.999874949
vn 0.242911831 -0.858184636 0.45223099
vn 0.0276115164 -0.947225809 0.319375813
vn 0.541683018 -0.760725737 0.357597321
vn 0.0276115164 -0.947225809 0.319375813
vn -0.411999941 -0.797513783 0.44071269
vn -0.600979924 -0.769878924 0.214731887
vn 0.623555422 0.705396473 -0.337037861
vn 0.528807759 0.761616051 -0.374570906
vn 0.459027469 0.863347828 -0.209581047
vn -0.828490257 0.559994936 -0.00309581286
vn -0.994662464 0.0635568351 0.081283547
vn -0.997493804 0.0456334762 0.0540724955
vn -0.993285596 0.0308174416 0.111507535
vn -0.995542586 0.0244604331 0.0910852551
vn -0.995893776 0.0222511906 0.0877529755
vn -0.981570661 0.190628678 0.013400482
vn -0.945294857 0.269413888 0.183939546
vn -0.823151886 0.544529676 0.160960913
vn 0.61244911 -0.452319711 0.64831543
vn 0.613422155 -0.549748719 0.567000508
vn 0.934288383 -0.283594698 0.216053382
vn 0.228449702 -0.834983468 0.500612974
vn 0.533279955 -0.76735276 0.356064916
vn 0.469500273 -0.709353983 0.525724709
vn -0.925447822 -0.321440846 0.200554341
vn -0.94763571 -0.260855526 0.184230998
vn -0.925593972 -0.30953145 0.217867449
vn -0.964993477 -0.180584684 0.190201804
vn -0.993564427 -0.100969896 0.0513300672
vn -0.972842634 -0.100704312 0.20841296
vn 0.200037047 -0.36097154 0.910870373
vn -0.0490722544 -0.372011423 0.92693001
vn 0.262115538 -0.563212752 0.783636808
vn 0.189701051 -0.0881739855 0.977874577
vn -0.0166456513 -0.13680841 0.990457714
vn 0.292705119 -0.209118307 0.933055758
vn 0.939039767 0.163343236 0.302528381
vn 0.664237261 0.196365818 0.72126919
vn 0.934175372 0.158305883 0.31977433
vn 0.431858897 0.430761009 0.792428434
vn 0.472727358 0.214025915 0.854822636
vn 0.623253405 0.222829714 0.749601305
vn -0.922727406 -0.354473382 0.151402608
vn -0.89832902 -0.430691212 0.0866605267
vn -0.950934947 -0.30528897 0.0502135903
vn -0.775674701 -0.317458302 0.54548049
vn -0.423400402 0.0936002061 0.901094437
vn -0.894816041 -0.159824803 0.416845709
vn 0.353334278 -0.919507384 0.172223881
vn 0.370936424 -0.928308606 0.0254826006
vn 0.773646176 -0.624996722 0.10416615
vn 0.731723547 -0.589544296 0.342079163
vn 0.533279955 -0.76735276 0.356064916
vn 0.671997905 -0.710667312 0.20825614
vn -0.997493804 0.0456334762 0.0540724955
vn -0.994662464 0.0635568351 0.081283547
vn -0.994683564 -0.0120478841 0.102271281
vn -0.993153095 -0.089394778 0.0752028301
vn -0.995985866 -0.0571115315 0.0689228699
vn -0.995076478 -0.0898924619 0.0417385437
vn -0.471323729 -0.879636884 0.0639763921
vn -0.439890504 -0.894276857 0.0822506845
vn -0.329351634 -0.941439688 0.0722415447
vn -0.580373049 -0.667865455 0.465964407
vn -0.676782966 -0.63176465 0.377939492
vn -0.430519372 -0.835129678 0.342361778
vn 0.997808456 0.0658358559 0.00663418928
vn 0.998737514 -0.00883231778 0.0494497269
vn 0.999940813 -0.0105022117 -0.00281825475
vn 0.990402281 0.137046069 -0.0179342609
vn 0.992611051 0.121337608 0.000801932591
vn 0.991466939 0.126797706 0.0302599873
vn 0.0943234563 0.0479493625 0.994386137
vn 0.194972798 0.0810970068 0.977450192
vn 0.388562769 0.131654337 0.911968231
vn -0.960604072 -0.277700752 0.0110538658
vn -0.93205595 -0.332932532 0.142925248
vn -0.946440935 -0.272187233 0.173676759
vn -0.980542302 0.142812356 0.134689361
vn -0.980011344 0.137592897 0.143686593
vn -0.99066925 0.13165009 -0.0352527723
vn -0.970879912 0.17174308 0.167022571
vn -0.979934633 0.147757679 0.133775637
vn -0.975339949 0.163531348 0.148221463
vn -0.303086519 0.590129077 0.748255491
vn 0.0530752875 0.588022351 0.807101369
vn 0.083871074 0.650756478 0.754640162
vn 0.000610970543 0.756535232 0.653952658
vn 0.20287624 0.72067827 0.662920833
vn 0.157541394 0.971755743 0.175702602
vn -0.502145469 -0.0811388269 -0.860968232
vn -0.126770809 0.0543093532 -0.990444183
vn -0.00244065374 0.0641050264 -0.997940123
vn 0.151326582 0.081984356 -0.985078037
vn 0.152565852 0.0831016749 -0.984793305
vn 0.130128697 0.0799223036 -0.988270581
vn -0.982588768 0.139321864 0.122917227
vn -0.986888766 0.134362593 0.0894264206
vn -0.986509681 0.115675405 0.115835689
vn -0.825020313 0.182111576 0.534954965
vn -0.815969408 0.207096338 0.539726853
vn -0.859881699 0.193595126 0.472360551
vn -0.429512769 -0.902604938 -0.0286903251
vn -0.636867285 -0.77076453 0.0179504491
vn -0.537793934 -0.841617882 0.0495686904
vn -0.533105493 -0.844707727 -0.0476185419
vn -0.491319627 -0.870887935 -0.0126198856
vn -0.764485478 -0.644631505 -0.00346345408
vn 0.431858897 0.430761009 0.792428434
vn 0.682978094 0.532732725 0.499736756
vn 0.33193627 0.657582223 0.676316321
vn 0.641293824 0.374669313 0.669600725
vn 0.829765737 0.251308411 0.498330116
vn 0.870295048 0.323975831 0.370980054
vn -0.938798666 0.0930387005 -0.331663996
vn -0.838600755 0.0601766706 -0.541412592
vn -0.988178372 0.06266734 -0.139915407
vn -0.728721023 0.0587689802 -0.682284355
vn -0.69607538 0.0619762614 -0.715288818
vn -0.573988259 0.0261196811 -0.818446815
vn 0.733729362 0.0294926558 -0.678801358
vn 0.937784195 0.106014229 -0.330638468
vn 0.592618942 0.0729432181 -0.802173257
vn 0.959577143 -0.0300684944 -0.279834777
vn 0.974017024 -0.0593966171 -0.218547478
vn 0.96224606 -0.00195515458 -0.272174269
vn -0.764485478 -0.644631505 -0.00346345408
vn -0.491319627 -0.870887935 -0.0126198856
vn -0.707562566 -0.706471562 -0.01590834
vn -0.998051584 -0.0576236248 0.0239267964
vn -0.996162415 -0.0578332916 0.0656941533
vn -0.915002167 -0.400085092 0.051991269
vn -0.199485555 -0.417010069 0.886740148
vn -0.403511196 -0.463736892 0.788750112
vn -0.288581699 -0.585618615 0.757477045
vn -0.748372197 -0.482098341 0.455543905
vn -0.757000089 -0.503750801 0.416156232
vn -0.540884733 -0.533343375 0.650375605
vn 0.389650494 0.374412239 -0.841420174
vn 0.773882508 0.359113097 -0.521673858
vn 0.634119868 0.315378547 -0.705994606
vn 0.970277548 0.162861019 -0.178990632
vn 0.952188015 0.296141922 -0.0750857741
vn 0.975572586 0.218624055 0.0214885455
vn -0.94397676 -0.264459491 0.197405666
vn -0.977814496 -0.0391384214 0.205784053
vn -0.955163538 -0.204606429 0.214006141
vn -0.420131773 -0.904400587 0.0744895265
vn -0.520015836 -0.846491873 0.114171557
vn -0.056824781 -0.998381436 -0.00233711652
vn 0.233344316 -0.596896172 -0.76763618
vn 0.715784431 -0.256545812 -0.64948988
vn 0.439452291 -0.564717889 -0.69855237
vn -0.480097264 -0.698250234 -0.530992627
vn -0.243268535 -0.640108049 -0.728753805
vn -0.17103903 -0.804067552 -0.569404006
vn -0.99675107 0.0404828042 0.0696315244
vn -0.99613595 0.027919028 0.0832692981
vn -0.981364131 -0.0332296193 -0.189262122
vn -0.365682244 -0.167784467 -0.915491581
vn -0.320931196 -0.135727391 -0.93732667
vn -0.333273709 -0.247186244 -0.90985024
vn 0.658109069 0.243198082 0.712563753
vn 0.821441114 0.390267789 0.415843308
vn 0.590354085 0.302600622 0.748274565
vn 0.658109069 0.243198082 0.712563753
vn 0.780669034 0.327275008 0.532397449
vn 0.821441114 0.390267789 0.415843308
vn 0.448469728 -0.530233324 -0.719532967
vn -0.201717213 -0.838390648 -0.506370723
vn 0.168191999 -0.593100727 -0.787364542
vn -0.86270529 -0.486918211 -0.136565417
vn -0.786887825 -0.614388943 0.0577384941
vn -0.776866138 -0.597439945 0.198858112
vn -0.243268535 -0.640108049 -0.728753805
vn -0.0968917981 -0.661150753 -0.743970096
vn -0.17103903 -0.804067552 -0.569404006
vn -0.243268535 -0.640108049 -0.728753805
vn -0.17420955 -0.375158668 -0.910443306
vn -0.140946314 -0.482060045 -0.864726722
vn -0.456624389 0.164651394 -0.874290586
vn -0.851500034 0.197493359 -0.485740811
vn -0.408833593 0.156216055 -0.899139404
vn -0.99066925 0.13165009 -0.0352527723
vn -0.892961204 0.252801239 -0.372440487
vn -0.939242542 0.169802561 -0.298312902
vn 0.998737514 -0.00883231778 0.0494497269
vn 0.997761369 -0.015830012 0.0649749488
vn 0.999940813 -0.0105022117 -0.00281825475
vn 0.813426971 -0.579337418 0.0520060658
vn 0.468531668 -0.882645249 0.0376225002
vn 0.74112314 -0.670215964 0.0393311419
vn -0.921411455 -0.342661262 0.183259815
vn -0.962610424 -0.255274594 0.0906412974
vn -0.935542703 -0.309246182 0.170665532
vn -0.921483219 -0.341212064 0.185588166
vn -0.927235425 -0.33843711 0.160295814
vn -0.926438451 -0.330511928 0.180204511
vn 0.162632778 -0.616333067 0.770508945
vn 0.236768991 -0.725081384 0.646681786
vn 0.613422155 -0.549748719 0.567000508
vn -0.49676016 -0.566166341 0.657788038
vn -0.893625915 -0.350040227 0.280899554
vn -0.490960598 -0.688785195 0.533415973
vn -0.715538204 0.0238671284 -0.698165834
vn -0.847044706 0.0447478071 -0.529634655
vn -0.624717534 0.0542176776 -0.778966308
vn -0.851500034 0.197493359 -0.485740811
vn -0.767139614 0.161324352 -0.620863318
vn -0.967896044 0.127315849 -0.216720521
vn 0.902703762 0.331870764 -0.27383858
vn 0.892296135 0.370976418 -0.257262886
vn 0.89029175 0.389781207 -0.2354808
vn 0.957572639 0.2598176 -0.124697141
vn 0.897141993 0.416239917 -0.147920594
vn 0.91651094 0.386111498 -0.104525559
vn -0.0435699895 -0.999039292 0.00472271768
vn 0.0560144447 -0.994055927 -0.0933553055
vn 0.0633615777 -0.997701287 0.0240294244
vn 0.444214523 -0.883668065 0.147662923
vn 0.539825082 -0.839978218 -0.0550032854
vn 0.74112314 -0.670215964 0.0393311419
vn -0.999231219 -0.0331304669 -0.0209648591
vn -0.989271164 -0.0143303396 -0.145386621
vn -0.947718203 -0.249631226 -0.19878234
vn -0.568584204 -0.58330971 -0.580053389
vn -0.480097264 -0.698250234 -0.530992627
vn -0.784667194 -0.493914068 -0.374628335
vn -0.850131035 0.0897487924 -0.518866479
vn -0.471457273 0.129955396 -0.872261167
vn -0.63009274 0.0936393812 -0.770853281
vn -0.980016232 0.173438787 -0.0974029824
vn -0.662178695 0.417714447 -0.622120559
vn -0.976428986 0.162764937 -0.141753227
vn 0.975572586 0.218624055 0.0214885455
vn 0.947832346 0.182450086 0.261391848
vn 0.975995243 0.167093381 0.139688969
vn 0.975572586 0.218624055 0.0214885455
vn 0.982639074 0.142398164 -0.118925259
vn 0.970277548 0.162861019 -0.178990632
vn -0.817545414 -0.507788718 0.271606386
vn -0.851679504 -0.508240998 0.127800316
vn -0.807529271 -0.537864149 0.242071807
vn -0.91557312 -0.341407478 0.212524712
vn -0.84922713 -0.451035827 0.274554312
vn -0.853224277 -0.45013392 0.263415784
vn 0.923406422 0.378522187 -0.0635723248
vn 0.899269462 0.409505486 -0.153686792
vn 0.928801715 0.349930048 -0.12196862
vn 0.874628007 0.439600021 -0.20439592
vn 0.846570909 0.517844141 -0.123106435
vn 0.85196656 0.483844399 -0.20011875
vn -0.622584522 -0.781473219 0.0410892218
vn -0.675601423 -0.724567652 -0.136251599
vn -0.513255835 -0.858151495 -0.0120193912
vn -0.762843668 -0.643540382 0.0626529157
vn -0.955697 -0.289422065 0.0536477119
vn -0.923947275 -0.378953189 -0.0521129556
vn 0.234142601 0.116638854 0.965180039
vn 0.306317359 0.168862984 0.936832368
vn -0.0182014704 0.0732061565 0.997150779
vn -0.423400402 0.0936002061 0.901094437
vn -0.68386358 0.10730128 0.721676469
vn -0.894816041 -0.159824803 0.416845709
vn 0.913029194 0.33387965 -0.234312013
vn 0.928801715 0.349930048 -0.12196862
vn 0.907616377 0.381338179 -0.175538138
vn 0.837716877 0.122841284 -0.53210932
vn 0.932317555 0.258463323 -0.252943993
vn 0.929431021 0.222426921 -0.294421643
vn 0.845104992 0.463333964 0.266682118
vn 0.660527825 0.494026214 0.565368056
vn 0.970451474 0.215464458 0.108623341
vn -0.0313952379 0.423325241 0.905433655
vn -0.394467294 0.306177944 0.866400957
vn -0.324842989 0.318037927 0.890690207
vn -0.49694258 -0.302533031 0.813339949
vn -0.681591094 -0.114055224 0.722789705
vn -0.649839818 -0.373694032 0.661861777
vn -0.239509121 -0.0783291757 0.96772927
vn -0.227159426 -0.2642124 0.937331498
vn -0.109141894 -0.0864903629 0.99025625
vn -0.214324504 0.251857638 0.943733454
vn -0.721793473 0.238868237 0.649581432
vn -0.746100008 0.193777248 0.63701278
vn -0.976347685 0.0665306747 0.205715522
vn -0.993285596 0.0308174416 0.111507535
vn -0.967146814 0.071146667 0.244059727
vn -0.88693434 0.25153175 0.387400538
vn -0.72714144 0.553913057 0.405518949
vn -0.903923333 0.297025144 0.307731599
vn -0.88693434 0.25153175 0.387400538
vn -0.903923333 0.297025144 0.307731599
vn -0.929861486 0.123157993 0.346684009
vn -0.896665096 -0.103050299 -0.430548906
vn -0.852058947 -0.0748137012 -0.518071949
vn -0.991098642 -0.098487556 -0.0895754471
vn -0.99035871 0.0226113424 -0.136668265
vn -0.948361695 0.0197450351 -0.316575795
vn -0.959615886 0.00121068209 -0.281311303
vn 0.89403522 0.429307759 -0.128046021
vn 0.873049855 0.486130595 -0.0382231697
vn 0.846570909 0.517844141 -0.123106435
vn 0.729900301 0.678555429 -0.0825106278
vn 0.712545455 0.70117116 -0.0252607167
vn 0.316812456 0.843109608 -0.434506655
vn 0.816402137 0.02243012 -0.577048004
vn 0.946324587 0.0274546687 -0.322050035
vn 0.810323119 -0.084228605 -0.579898238
vn 0.618178964 -0.319889277 -0.718001127
vn 0.817121625 -0.222516894 -0.531788051
vn 0.93292892 -0.121234313 -0.339036554
vn -0.321345568 -0.931796551 0.168796197
vn 0.0283290669 -0.95748508 0.287088215
vn -0.186885625 -0.95058161 0.247927994
vn -0.430519372 -0.835129678 0.342361778
vn -0.676782966 -0.63176465 0.377939492
vn -0.321345568 -0.931796551 0.168796197
vn -0.993285596 0.0308174416 0.111507535
vn -0.995893776 0.0222511906 0.0877529755
vn -0.995660007 0.0270017833 0.0890623033
vn -0.998986304 0.00126548077 0.0449961424
vn -0.997573733 0.023988694 0.0653557032
vn -0.996934235 -0.0521924943 0.0582931489
vn 0.0585458651 -0.426248193 0.902709663
vn 0.106783673 -0.541367412 0.83397758
vn 0.149391279 -0.425883859 0.892359316
vn 0.241580442 0.06622082 0.968118727
vn 0.1653184 -0.113927871 0.979637802
vn 0.277391344 -0.123043247 0.952845395
vn 0.991773129 0.0263659824 0.125262573
vn 0.954351962 0.0699524432 0.290377498
vn 0.998608112 0.0468613468 0.024204554
vn 0.954351962 0.0699524432 0.290377498
vn 0.994060516 0.103047177 0.0350006744
vn 0.998608112 0.0468613468 0.024204554
vn 0.591282904 0.797286987 -0.121317402
vn -0.323511779 0.946222126 0.00195847638
vn 0.19976078 0.9788782 -0.0435091332
vn 0.762436211 0.570197165 -0.30588606
vn 0.155529544 0.950745881 -0.268128246
vn 0.720565498 0.613821924 -0.322502613
vn 0.418879956 -0.868322015 -0.265624672
vn 0.667058289 -0.649072528 -0.365702212
vn 0.391454548 -0.90893805 -0.143509731
vn 0.391454548 -0.90893805 -0.143509731
vn 0.667058289 -0.649072528 -0.365702212
vn 0.649233758 -0.730386496 -0.212205425
vn -0.917279601 -0.360417128 0.169403657
vn -0.955697 -0.289422065 0.0536477119
vn -0.762843668 -0.643540382 0.0626529157
vn -0.939528883 -0.26981765 0.210912272
vn -0.997954071 0.0362711847 0.0526500121
vn -0.955697 -0.289422065 0.0536477119
vn -0.996373177 -0.0761093199 0.0380526744
vn -0.98646462 -0.144032896 0.078372173
vn -0.992665887 -0.0758044943 0.0941702127
vn -0.999364972 0.0356090777 -0.00126014801
vn -0.997969568 0.0365165062 0.0521865673
vn -0.99966234 0.00668064971 0.025112886
vn -0.937769294 0.0217128638 -0.346579343
vn -0.992852151 -0.0310382862 -0.1152438
vn -0.999462962 -0.0131624658 -0.030005265
vn -0.133211732 0.0980430469 -0.986226201
vn -0.116639011 0.102598801 -0.987860739
vn -0.131222472 0.0917321593 -0.987099767
vn -0.791110992 0.524876952 -0.314082325
vn -0.828490257 0.559994936 -0.00309581286
vn -0.997493804 0.0456334762 0.0540724955
vn 0.528807759 0.761616051 -0.374570906
vn 0.513320267 0.768350601 -0.382281899
vn 0.362270892 0.833904028 -0.416370064
vn -0.336989582 0.932894707 0.127064973
vn -0.379821807 0.725699484 0.57366854
vn -0.209714234 0.891237617 0.402138621
vn 0.151144668 0.699390352 -0.698575974
vn -0.484736294 0.841250241 -0.23943378
vn 0.266622394 0.871908665 -0.410716236
vn 0.862657607 -0.501615584 0.0648363754
vn 0.685885251 -0.687759697 0.237798288
vn 0.590827286 -0.806795359 0.00205628597
vn 0.0276115164 -0.947225809 0.319375813
vn 0.554724336 -0.816798925 0.158493772
vn 0.541683018 -0.760725737 0.357597321
vn -0.685425758 0.143181443 0.713926136
vn -0.77843219 0.1937242 0.597088099
vn -0.834333718 0.18599993 0.518932819
vn -0.404312432 0.0832187086 0.91082716
vn -0.682564616 0.096370481 0.724443495
vn -0.456958622 0.0252305102 0.889129996
vn -0.344866604 0.163959086 0.92422092
vn -0.708097458 -0.0123284236 0.706007063
vn -0.227105364 0.15991132 0.960651577
vn -0.227105364 0.15991132 0.960651577
vn -0.708097458 -0.0123284236 0.706007063
vn -0.625697613 0.123701729 0.770195067
vn -0.901546717 -0.425233662 -0.0799366161
vn -0.766269982 -0.626383185 -0.14308916
vn -0.685785413 -0.724911094 -0.0648249462
vn -0.196375787 -0.966230214 -0.166839913
vn -0.180696771 -0.98092854 -0.071610041
vn -0.374203473 -0.923682094 -0.0823594332
vn -0.155079663 0.0405135639 -0.987070978
vn 0.12395338 0.0367618538 -0.991606772
vn -0.153793126 -0.00133622857 -0.988102138
vn -0.153793126 -0.00133622857 -0.988102138
vn -0.336002648 0.0198799782 -0.941651225
vn -0.155079663 0.0405135639 -0.987070978
vn -0.948986113 0.195722684 0.247220367
vn -0.969995439 0.185604945 0.157033399
vn -0.962384164 0.182364568 0.201394543
vn -0.982588768 0.139321864 0.122917227
vn -0.986509681 0.115675405 0.115835689
vn -0.957252979 0.149684414 0.247510418
vn 0.981474161 0.125821665 -0.144489989
vn 0.982582927 0.150539145 -0.108943895
vn 0.98425889 0.124760531 -0.125176549
vn 0.98206079 0.186907738 -0.0249429978
vn 0.98026979 0.19377853 0.0390000455
vn 0.973380744 0.17688261 0.145748064
vn -0.986240745 -0.0391603969 0.160610229
vn -0.991914093 -0.0184724852 0.125559479
vn -0.98509717 -0.0126266405 0.171534404
vn -0.998051584 -0.0576236248 0.0239267964
vn -0.997061908 -0.075319387 0.0139512038
vn -0.996162415 -0.0578332916 0.0656941533
vn 0.885733366 -0.163105115 0.434595346
vn 0.668137252 -0.291945189 0.684368789
vn 0.934288383 -0.283594698 0.216053382
vn 0.277391344 -0.123043247 0.952845395
vn 0.1653184 -0.113927871 0.979637802
vn 0.217174843 -0.276628047 0.936115444
vn 0.151144668 0.699390352 -0.698575974
vn 0.276813895 0.548993409 -0.788657248
vn 0.230804488 0.417525709 -0.878863811
vn 0.266622394 0.871908665 -0.410716236
vn 0.340824515 0.74133265 -0.578156233
vn 0.151144668 0.699390352 -0.698575974
vn -0.922038376 0.172958881 0.346309811
vn -0.965819478 0.18430227 0.182278365
vn -0.948986113 0.195722684 0.247220367
vn -0.83065933 0.17326729 0.52913481
vn -0.845600069 0.166441813 0.507205784
vn -0.83845377 0.141677827 0.526234269
vn -0.336002648 0.0198799782 -0.941651225
vn -0.199978918 -0.0468118936 -0.978681326
vn -0.416516244 0.00316864275 -0.909122765
vn -0.699432313 0.040102616 -0.71357286
vn -0.420932174 0.0303293709 -0.906584918
vn -0.568246603 0.0438210703 -0.821690619
vn -0.188976705 -0.456501842 -0.869421661
vn -0.328492492 -0.406997919 -0.852317572
vn -0.333273709 -0.247186244 -0.90985024
vn -0.287206709 -0.113994539 -0.951061249
vn -0.24056755 -0.0877640098 -0.966656446
vn -0.205835581 -0.10092812 -0.973367929
vn 0.401222229 0.915980041 0.00113457942
vn -0.114983991 0.862868845 0.492174774
vn 0.684095323 0.729036748 0.0227808002
vn -0.258135706 0.925044477 0.278673202
vn 0.401222229 0.915980041 0.00113457942
vn -0.389978498 0.912837505 -0.121014148
vn -0.997551918 0.0161478389 0.0680401027
vn -0.999135911 0.0069035124 0.0409834906
vn -0.99796772 -0.0120109105 0.0625791028
vn -0.999761939 0.00321185798 -0.0215813648
vn -0.937769294 0.0217128638 -0.346579343
vn -0.999462962 -0.0131624658 -0.030005265
vn 0.852448404 0.233780906 0.467630386
vn 0.688671649 0.207480103 0.694754183
vn 0.939039767 0.163343236 0.302528381
vn 0.947295129 0.278375864 0.15855287
vn 0.852448404 0.233780906 0.467630386
vn 0.959247768 0.20467627 0.194811404
vn 0.983886003 0.106558546 0.143574327
vn 0.868687689 0.118816897 0.480899483
vn 0.965251267 0.0388242938 0.258423209
vn 0.223929211 0.0400790162 0.97378099
vn -0.13227652 -0.0271995608 0.990839601
vn 0.163940772 -0.0342838876 0.985874236
vn 0.205542177 0.0359739587 -0.977986872
vn 0.592618942 0.0729432181 -0.802173257
vn 0.250432253 -0.0470292047 -0.966991186
vn 0.250432253 -0.0470292047 -0.966991186
vn 0.592618942 0.0729432181 -0.802173257
vn 0.72764343 0.0108691538 -0.685869455
vn -0.993084908 0.114037961 0.0278886743
vn -0.993615925 0.0925686881 -0.06448704
vn -0.989525914 0.0978287384 0.106150098
vn -0.993084908 0.114037961 0.0278886743
vn -0.988659501 0.104020484 -0.108314246
vn -0.993615925 0.0925686881 -0.06448704
vn 0.957572639 0.2598176 -0.124697141
vn 0.91651094 0.386111498 -0.104525559
vn 0.936456263 0.341262251 -0.0811771601
vn 0.944240689 0.314993978 0.095855698
vn 0.905035555 0.416648656 -0.0855247751
vn 0.899632037 0.435115546 0.0365594253
vn -0.819458723 -0.504664719 0.271663338
vn -0.853224277 -0.45013392 0.263415784
vn -0.823483169 -0.478950113 0.304109305
vn -0.823483169 -0.478950113 0.304109305
vn -0.853224277 -0.45013392 0.263415784
vn -0.815540016 -0.485302299 0.315239757
vn -0.996274412 -0.0103892796 0.0856120661
vn -0.994683564 -0.0120478841 0.102271281
vn -0.995407939 -0.0710691363 0.0641266555
vn -0.994541049 0.0728150904 -0.0747397989
vn -0.999774933 0.00046280789 -0.0212087389
vn -0.998940349 -0.043873325 -0.0139038712
vn -0.148771688 -0.900788009 -0.407980323
vn -0.103525952 -0.722355902 -0.683728158
vn -0.00809711404 -0.940762579 -0.338969231
vn -0.00809711404 -0.940762579 -0.338969231
vn 0.0560144447 -0.994055927 -0.0933553055
vn -0.0435699895 -0.999039292 0.00472271768
vn 0.99488014 -0.0282481611 0.0970333293
vn 0.981320262 0.117478818 0.152345538
vn 0.990825772 -0.0219259448 0.133354843
vn 0.996225238 -0.0714462474 0.049301967
vn 0.990168631 -0.113102712 0.082302928
vn 0.991965175 -0.124830164 0.0205548201
vn 0.343559206 0.207507238 0.915919065
vn 0.221926898 0.407393843 0.885877311
vn -0.0384608358 0.363677919 0.930730462
vn 0.0530752875 0.588022351 0.807101369
vn 0.162853256 0.543497741 0.823461592
vn 0.148888215 0.604288459 0.782730937
vn -0.864580035 -0.500971556 -0.0391037911
vn -0.886519432 -0.461865276 0.0276383888
vn -0.860482156 -0.472031742 -0.191720098
vn -0.839554667 -0.474636853 0.2643255
vn -0.823483169 -0.478950113 0.304109305
vn -0.859341264 -0.441756397 0.257650733
vn -0.470643789 0.416719139 -0.777714312
vn -0.325444102 0.342145741 -0.88148874
vn -0.746213794 0.178472415 -0.641336501
vn 0.199919462 0.373271555 -0.905925214
vn 0.244812325 0.3633295 -0.898920715
vn -0.0193784665 0.252533853 -0.967393935
vn -0.374673516 -0.903861105 -0.20653069
vn -0.574720681 -0.693520308 -0.434425712
vn -0.400374234 -0.801958025 -0.443355143
vn -0.201062679 -0.973814309 -0.106111318
vn -0.148771688 -0.900788009 -0.407980323
vn -0.00809711404 -0.940762579 -0.338969231
vn 0.99488014 -0.0282481611 0.0970333293
vn 0.983559728 -0.115084954 0.139161021
vn 0.990168631 -0.113102712 0.082302928
vn 0.953420401 -0.089735128 0.287988096
vn 0.970843136 -0.175922111 0.16283454
vn 0.983559728 -0.115084954 0.139161021
vn -0.576221228 0.542931855 -0.61089623
vn -0.852270722 0.380122721 -0.359362364
vn -0.239800826 0.897464573 -0.370206505
vn -0.998872995 -0.0314631574 -0.0355366468
vn -0.957591116 -0.0494874455 -0.283849001
vn -0.994325697 -0.105509236 -0.0135688148
vn -0.988536358 -0.0749798864 0.131049246
vn -0.952481866 0.148888007 0.265726894
vn -0.997968614 -0.0597744584 0.0220409278
vn -0.694611967 0.411889315 0.589797795
vn -0.444938451 0.361286372 0.819452226
vn -0.0999358445 0.420992166 0.901542187
vn 0.431759238 0.236009479 0.870564997
vn 0.258760005 0.388380677 0.884422779
vn -0.114839956 0.311862588 0.943161488
vn 0.258760005 0.388380677 0.884422779
vn -0.0313952379 0.423325241 0.905433655
vn -0.324842989 0.318037927 0.890690207
vn -0.94763571 -0.260855526 0.184230998
vn -0.94642204 -0.225077942 0.231571525
vn -0.934048593 -0.269509614 0.234345257
vn -0.916637003 -0.315110654 0.245930582
vn -0.93780309 -0.23991935 0.250926346
vn -0.946440935 -0.272187233 0.173676759
vn 0.316812456 0.843109608 -0.434506655
vn -0.576221228 0.542931855 -0.61089623
vn -0.239800826 0.897464573 -0.370206505
vn 0.729900301 0.678555429 -0.0825106278
vn 0.801124811 0.585288346 -0.125046179
vn 0.756522417 0.627413452 -0.184462056
vn -0.828837454 0.201134652 0.522085547
vn -0.832525849 0.184456989 0.522375643
vn -0.838096082 0.223001182 0.4978607
vn -0.808317125 0.228209376 0.542718947
vn -0.820130885 0.224084511 0.526470661
vn -0.838096082 0.223001182 0.4978607
vn -0.964079857 -0.116570681 0.238665774
vn -0.996433079 -0.0113534592 -0.0836200565
vn -0.893625915 -0.350040227 0.280899554
vn -0.865297318 -0.307048917 0.396208882
vn -0.893625915 -0.350040227 0.280899554
vn -0.49676016 -0.566166341 0.657788038
vn 0.232018471 -0.972542167 0.0181435384
vn 0.0283290669 -0.95748508 0.287088215
vn -0.041902706 -0.998969257 -0.0174526479
vn 0.313573331 -0.946427822 0.0771107599
vn 0.745365143 -0.653835177 0.130116895
vn 0.327836543 -0.905040383 0.270970762
vn -0.996835232 0.0032830108 0.0794275701
vn -0.99966234 0.00668064971 0.025112886
vn -0.997969568 0.0365165062 0.0521865673
vn -0.991258383 -0.0839305669 0.101796404
vn -0.99606812 -0.0517664738 0.0718922168
vn -0.996835232 0.0032830108 0.0794275701
vn 0.9792431 -0.11462947 -0.167161763
vn 0.99328047 0.0202479679 -0.113947794
vn 0.985700309 -0.12473157 -0.113299765
vn 0.929431021 0.222426921 -0.294421643
vn 0.925125301 0.228103861 -0.30349949
vn 0.948816836 0.0809898451 -0.305265844
vn -0.963793576 -0.209948763 0.164388508
vn -0.94259268 -0.280269384 0.18157135
vn -0.966744244 -0.200515181 0.158742443
vn -0.987889647 -0.116498686 0.102479555
vn -0.991223395 -0.097506471 0.0892684311
vn -0.963793576 -0.209948763 0.164388508
vn 0.916273773 -0.185283959 -0.355122954
vn 0.562214971 -0.224426702 -0.795956612
vn 0.800461531 -0.175745487 -0.573040068
vn 0.986380696 0.0653647184 -0.150932565
vn 0.986298144 0.0633171275 -0.152338132
vn 0.971169949 -0.0406472087 -0.234897032
vn 0.768261492 0.548543036 -0.329961687
vn 0.677411377 0.649196327 -0.345916063
vn 0.717260718 0.632122934 -0.293185651
vn 0.90164268 0.363804877 -0.233851686
vn 0.923754632 0.321403742 -0.208271563
vn 0.869079411 0.409126699 -0.278058171
vn -0.845600069 0.166441813 0.507205784
vn -0.828837454 0.201134652 0.522085547
vn -0.73648566 0.210736841 0.6427899
vn -0.34222579 0.31515485 0.885188639
vn -0.441223145 0.269992232 0.855819166
vn -0.317548931 0.269446671 0.909154058
vn -0.921886802 0.0416613147 -0.385213077
vn -0.786684811 0.0613999143 -0.614294052
vn -0.839426219 -0.0278018564 -0.542762041
vn -0.989271164 -0.0143303396 -0.145386621
vn -0.872753084 -0.267075628 -0.408622742
vn -0.947718203 -0.249631226 -0.19878234
vn 0.164606735 -0.941959321 0.292604387
vn 0.228449702 -0.834983468 0.500612974
vn -0.175832197 -0.930357814 0.321741223
vn 0.162632778 -0.616333067 0.770508945
vn -0.129584372 -0.790237963 0.598942339
vn 0.236768991 -0.725081384 0.646681786
vn 0.99261415 0.0470274426 -0.111827701
vn 0.983101308 0.11265149 -0.144296184
vn 0.980611861 0.0960362926 -0.170814276
vn 0.998518407 0.052325666 -0.0149283707
vn 0.998769104 0.0495146252 0.00293881469
vn 0.992611051 0.121337608 0.000801932591
vn 0.955293477 0.172346979 0.240230858
vn 0.9692927 0.17816712 0.169494286
vn 0.988114715 0.145904779 -0.048384428
vn 0.76765132 0.175934866 0.616245389
vn 0.821796536 0.191757873 0.536543846
vn 0.955293477 0.172346979 0.240230858
vn -0.985337794 -0.170532584 0.00529763196
vn -0.972842634 -0.100704312 0.20841296
vn -0.993564427 -0.100969896 0.0513300672
vn 0.133666649 -0.0750429556 -0.988180995
vn 0.231226772 -0.267234147 -0.935478628
vn -0.184832126 -0.114713416 -0.976052225
vn -0.471323729 -0.879636884 0.0639763921
vn -0.345581055 -0.938346326 -0.00893436093
vn -0.395451277 -0.918107927 0.0263842121
vn -0.041902706 -0.998969257 -0.0174526479
vn 0.0283290669 -0.95748508 0.287088215
vn -0.321345568 -0.931796551 0.168796197
vn 0.723704696 0.63235265 -0.276372075
vn 0.757500052 0.636659086 -0.144426569
vn 0.745425045 0.642279267 -0.178378493
vn 0.745425045 0.642279267 -0.178378493
vn 0.729900301 0.678555429 -0.0825106278
vn 0.756522417 0.627413452 -0.184462056
vn 0.97398454 -0.170476526 -0.149304956
vn 0.874275386 -0.477038562 -0.08987014
vn 0.963752806 -0.194957271 -0.182132661
vn 0.370936424 -0.928308606 0.0254826006
vn 0.798182845 -0.602212191 0.0156366602
vn 0.773646176 -0.624996722 0.10416615
vn 0.755089045 0.456380755 0.470698684
vn 0.727857888 0.349414527 0.590027452
vn 0.824427366 0.357756406 0.438554347
vn 0.419000298 0.35422489 0.836040437
vn 0.529271722 0.593950093 0.60588342
vn -0.0912156701 0.639379203 0.763461828
vn 0.928535044 0.0650797188 0.365495861
vn 0.472044975 0.169191644 0.865186453
vn 0.697318017 0.0905445889 0.711019933
vn 0.98897326 0.044019416 0.141400516
vn 0.848392606 0.160160005 0.504557967
vn 0.996436834 0.0188935306 0.0821980387
vn -0.426876217 -0.0277668871 -0.903883636
vn -0.394825369 -0.0278716851 -0.918333292
vn -0.24056755 -0.0877640098 -0.966656446
vn -0.394825369 -0.0278716851 -0.918333292
vn -0.199978918 -0.0468118936 -0.978681326
vn -0.227946475 -0.07763616 -0.970573545
vn -0.934887767 -0.308160335 0.176131293
vn -0.926438451 -0.330511928 0.180204511
vn -0.932865441 -0.318572938 0.168146506
vn -0.945539474 -0.321990609 0.0477195978
vn -0.952277184 -0.296170533 0.0738329068
vn -0.933692753 -0.323235244 0.154067919
vn -0.676782966 -0.63176465 0.377939492
vn -0.727813542 -0.614719212 0.303986579
vn -0.562723815 -0.797273457 0.218395993
vn -0.727813542 -0.614719212 0.303986579
vn -0.757000089 -0.503750801 0.416156232
vn -0.939528883 -0.26981765 0.210912272
vn 0.0143234255 -0.991832256 -0.126742348
vn 0.0704005733 -0.996821523 -0.0372920707
vn -0.0722941607 -0.992082298 -0.102694862
vn 0.29115507 -0.955535173 -0.0467047021
vn 0.623770297 -0.757514477 -0.192568421
vn 0.798182845 -0.602212191 0.0156366602
vn 0.909049511 0.21415554 -0.357444257
vn 0.773882508 0.359113097 -0.521673858
vn 0.970277548 0.162861019 -0.178990632
vn 0.970234811 0.116966054 -0.212045714
vn 0.892626345 0.158212572 -0.422122151
vn 0.967224598 0.119473964 -0.224059686
vn 0.990030468 -0.0175602268 -0.139753997
vn 0.993488908 -0.0258360952 -0.110960715
vn 0.986524701 0.0270028859 -0.1613684
vn 0.981472969 -0.0243543293 -0.190046638
vn 0.973298907 -0.0124281272 -0.229204863
vn 0.96224606 -0.00195515458 -0.272174269
vn 0.687544107 -0.429873139 0.585228384
vn 0.545794785 -0.631301939 0.55096817
vn 0.687671185 -0.585496247 0.4293046
vn 0.935116589 -0.0901504532 0.342680365
vn 0.981872857 -0.131802663 0.136211991
vn 0.994485795 0.000130966815 0.104871564
vn -0.456958622 0.0252305102 0.889129996
vn -0.705293238 0.0331805311 0.708138704
vn -0.521254361 -0.0879661664 0.848855615
vn -0.521254361 -0.0879661664 0.848855615
vn -0.330659747 -0.220662996 0.91759038
vn -0.322724938 -0.0411197916 0.945599079
vn -0.972858191 -0.231401816 0.00013111913
vn -0.979804575 -0.165768743 -0.111819886
vn -0.903808415 -0.193146467 -0.38187021
vn -0.924069107 -0.33239004 0.188714474
vn -0.96151042 -0.227980554 0.153371423
vn -0.976137698 -0.197415039 0.0904573202
vn -0.517058253 -0.781367362 -0.349450737
vn -0.17103903 -0.804067552 -0.569404006
vn -0.269065052 -0.913437009 -0.305347264
vn -0.374203473 -0.923682094 -0.0823594332
vn -0.517058253 -0.781367362 -0.349450737
vn -0.269065052 -0.913437009 -0.305347264
vn -0.205835581 -0.10092812 -0.973367929
vn 0.239030868 -0.147677988 -0.95971632
vn -0.175888017 -0.23044917 -0.957056165
vn -0.175888017 -0.23044917 -0.957056165
vn -0.287206709 -0.113994539 -0.951061249
vn -0.205835581 -0.10092812 -0.973367929
vn 0.990170598 -0.0102996491 -0.139485031
vn 0.992490888 0.00407263031 -0.122250758
vn 0.990030468 -0.0175602268 -0.139753997
vn 0.96224606 -0.00195515458 -0.272174269
vn 0.97831738 -0.0471935719 -0.2016626
vn 0.981472969 -0.0243543293 -0.190046638
vn -0.895702541 -0.405804455 0.181768373
vn -0.987344861 -0.111422956 0.112849571
vn -0.999105752 -0.0375633128 0.0194139071
vn -0.77040261 -0.475575924 0.424626231
vn -0.895702541 -0.405804455 0.181768373
vn -0.411999941 -0.797513783 0.44071269
vn -0.803771615 -0.572919428 0.160358429
vn -0.770775497 -0.494570434 0.401628166
vn -0.832977712 -0.545261264 0.0940119997
vn -0.894816041 -0.159824803 0.416845709
vn -0.89832902 -0.430691212 0.0866605267
vn -0.775674701 -0.317458302 0.54548049
vn 0.529828608 0.146636099 -0.835331976
vn 0.575614929 0.167715475 -0.800336778
vn 0.851867557 0.156003743 -0.499984324
vn 0.207266703 0.124935694 -0.970273972
vn 0.209143385 0.132962883 -0.968803287
vn 0.320848316 0.165872797 -0.932492733
vn 0.69908607 0.0503444746 -0.713263035
vn 0.867647052 0.00707166875 -0.497130275
vn 0.512732863 0.0541502088 -0.856838822
vn 0.959577143 -0.0300684944 -0.279834777
vn 0.978981197 -0.0701545253 -0.191505134
vn 0.974017024 -0.0593966171 -0.218547478
vn -0.894816041 -0.159824803 0.416845709
vn -0.950934947 -0.30528897 0.0502135903
vn -0.89832902 -0.430691212 0.0866605267
vn -0.967146814 0.071146667 0.244059727
vn -0.997180998 0.0467748791 0.0586712882
vn -0.944295466 0.0734333917 0.320801526
vn -0.394842088 0.520194054 0.757296383
vn -0.694611967 0.411889315 0.589797795
vn -0.0999358445 0.420992166 0.901542187
vn 0.419000298 0.35422489 0.836040437
vn -0.0912156701 0.639379203 0.763461828
vn -0.0999358445 0.420992166 0.901542187
vn -0.997496367 -0.0540436804 0.0456104837
vn -0.998072326 -0.0602103025 0.0150488783
vn -0.99966234 0.00668064971 0.025112886
vn -0.997496367 -0.0540436804 0.0456104837
vn -0.99966234 0.00668064971 0.025112886
vn -0.996835232 0.0032830108 0.0794275701
vn -0.025481157 0.115221627 0.993012965
vn -0.209832683 0.124303512 0.969803572
vn -0.193275541 0.107133865 0.975277901
vn -0.209832683 0.124303512 0.969803572
vn -0.478455126 0.149655253 0.86526531
vn -0.193275541 0.107133865 0.975277901
vn 0.12071377 0.0604404286 -0.990845621
vn 0.12395338 0.0367618538 -0.991606772
vn -0.153319508 0.0639561713 -0.986104786
vn 0.606598794 -0.00720507465 -0.794975519
vn 0.512732863 0.0541502088 -0.856838822
vn 0.79665339 -0.0164062772 -0.604213536
vn 0.183234662 -0.976670384 0.111982271
vn 0.539825082 -0.839978218 -0.0550032854
vn 0.444214523 -0.883668065 0.147662923
vn 0.334857643 -0.942032099 0.0211157799
vn 0.468531668 -0.882645249 0.0376225002
vn 0.487636954 -0.871309459 0.0550442077
vn -0.9267537 0.266501337 0.264772594
vn -0.994541049 0.0728150904 -0.0747397989
vn -0.997968614 -0.0597744584 0.0220409278
vn -0.114983991 0.862868845 0.492174774
vn -0.769382775 0.604623735 0.206107408
vn -0.9267537 0.266501337 0.264772594
vn 0.896724582 0.423884898 -0.127305135
vn 0.879383504 0.446099609 -0.166372433
vn 0.897437811 0.419434637 -0.136674538
vn 0.869079411 0.409126699 -0.278058171
vn 0.923754632 0.321403742 -0.208271563
vn 0.903709412 0.364587605 -0.224466637
vn -0.982518196 -0.180434316 0.0458428375
vn -0.986937165 -0.160243347 0.0166431312
vn -0.985408247 -0.150661498 0.0791944265
vn -0.94763571 -0.260855526 0.184230998
vn -0.95802325 -0.235453814 0.163563505
vn -0.94642204 -0.225077942 0.231571525
vn -0.153793126 -0.00133622857 -0.988102138
vn 0.205542177 0.0359739587 -0.977986872
vn -0.00201519462 -0.0185540952 -0.999825895
vn -0.199978918 -0.0468118936 -0.978681326
vn -0.149119407 -0.0662668124 -0.986596286
vn -0.227946475 -0.07763616 -0.970573545
vn -0.77843219 0.1937242 0.597088099
vn -0.740963161 0.21086511 0.637580872
vn -0.826700747 0.215703502 0.519651771
vn -0.77843219 0.1937242 0.597088099
vn -0.826700747 0.215703502 0.519651771
vn -0.834333718 0.18599993 0.518932819
vn -0.520993829 -0.250837654 0.815871179
vn -0.775674701 -0.317458302 0.54548049
vn -0.739668429 -0.478900462 0.47280547
vn 0.365675211 0.144888148 0.919396043
vn 0.234142601 0.116638854 0.965180039
vn -0.106062233 -0.0582990162 0.992648959
vn -0.753346026 -0.344302118 0.560290933
vn -0.663060784 -0.312536776 0.680199325
vn -0.885608613 -0.222041816 0.407915235
vn -0.47015664 -0.49537614 0.730448604
vn -0.405148745 -0.407779843 0.81827265
vn -0.626383722 -0.438308984 0.644615114
vn 0.533279955 -0.76735276 0.356064916
vn 0.228449702 -0.834983468 0.500612974
vn 0.260637939 -0.93744123 0.230806842
vn 0.0704005733 -0.996821523 -0.0372920707
vn 0.353334278 -0.919507384 0.172223881
vn 0.260637939 -0.93744123 0.230806842
vn 0.851867557 0.156003743 -0.499984324
vn 0.964845479 0.146277606 -0.218348458
vn 0.977891684 0.140395522 -0.154974341
vn 0.987406969 0.119468704 -0.103705168
vn 0.985781491 0.122347258 -0.115178145
vn 0.986844122 0.11423555 -0.114407144
vn 0.982227147 0.186507553 0.0210905988
vn 0.970451474 0.215464458 0.108623341
vn 0.997906625 0.0297871567 -0.057403136
vn 0.997020483 0.0120617682 -0.07618846
vn 0.982227147 0.186507553 0.0210905988
vn 0.997906625 0.0297871567 -0.057403136
vn 0.292705119 -0.209118307 0.933055758
vn -0.0603983663 -0.249764577 0.966421008
vn -0.0490722544 -0.372011423 0.92693001
vn -0.121120676 -0.230788991 0.965435863
vn -0.199485555 -0.417010069 0.886740148
vn -0.153479442 -0.43186307 0.888784766
vn -0.786684811 0.0613999143 -0.614294052
vn -0.826901495 -0.0305357482 -0.561517
vn -0.53791523 -0.0492059663 -0.841561556
vn -0.959615886 0.00121068209 -0.281311303
vn -0.826901495 -0.0305357482 -0.561517
vn -0.786684811 0.0613999143 -0.614294052
vn -0.0384608358 0.363677919 0.930730462
vn 0.221926898 0.407393843 0.885877311
vn 0.0530752875 0.588022351 0.807101369
vn -0.478877157 0.315065771 0.819396257
vn -0.513058543 0.389191061 0.765049696
vn -0.721793473 0.238868237 0.649581432
vn 0.99810183 -0.0124866152 -0.0603063405
vn 0.99994278 -0.000720503798 -0.0106771281
vn 0.998518407 0.052325666 -0.0149283707
vn 0.998416662 0.0110275531 -0.0551599301
vn 0.99994278 -0.000720503798 -0.0106771281
vn 0.99810183 -0.0124866152 -0.0603063405
vn 0.986427844 0.0952598527 -0.133736998
vn 0.985054016 0.120464906 -0.123112626
vn 0.983734548 0.100871041 -0.148632169
vn 0.979324639 0.131891891 -0.153387383
vn 0.986844122 0.11423555 -0.114407144
vn 0.815930724 0.137102351 -0.561658323
vn 0.365294039 0.134852201 0.921072841
vn 0.388388783 0.0215956997 0.921242416
vn 0.532024562 0.11468704 0.838925898
vn 0.899744213 0.133393392 0.415531665
vn 0.893683493 0.0545594804 0.445368558
vn 0.976743698 0.0794143155 0.199160904
vn -0.288581699 -0.585618615 0.757477045
vn -0.0116114998 -0.809027076 0.587656617
vn -0.191997781 -0.572839499 0.796863735
vn 0.57820648 -0.801367819 0.153254554
vn 0.327836543 -0.905040383 0.270970762
vn 0.745365143 -0.653835177 0.130116895
vn -0.746100008 0.193777248 0.63701278
vn -0.976347685 0.0665306747 0.205715522
vn -0.967146814 0.071146667 0.244059727
vn -0.79984051 0.118049763 0.588489056
vn -0.967146814 0.071146667 0.244059727
vn -0.944295466 0.0734333917 0.320801526
vn -0.850131035 0.0897487924 -0.518866479
vn -0.63009274 0.0936393812 -0.770853281
vn -0.961923778 0.0424888171 -0.269995242
vn -0.937769294 0.0217128638 -0.346579343
vn -0.582007706 0.0771455467 -0.809515595
vn -0.735047817 0.010824318 -0.677928805
vn 0.928535044 0.0650797188 0.365495861
vn 0.697318017 0.0905445889 0.711019933
vn 0.954351962 0.0699524432 0.290377498
vn 0.688222766 0.114817269 0.716356277
vn 0.868687689 0.118816897 0.480899483
vn 0.954351962 0.0699524432 0.290377498
vn -0.741007745 -0.661644816 0.114602432
vn -0.94397676 -0.264459491 0.197405666
vn -0.520015836 -0.846491873 0.114171557
vn -0.895702541 -0.405804455 0.181768373
vn -0.958030045 -0.272778571 0.0881494358
vn -0.770688117 -0.628416598 0.105510205
vn 0.590827286 -0.806795359 0.00205628597
vn 0.81144321 -0.573005199 -0.114999585
vn 0.862657607 -0.501615584 0.0648363754
vn 0.391454548 -0.90893805 -0.143509731
vn 0.649233758 -0.730386496 -0.212205425
vn 0.590827286 -0.806795359 0.00205628597
vn -0.965336323 0.0403478518 0.257871717
vn -0.987905264 -0.0846093744 0.12994045
vn -0.907266736 -0.233947098 0.349479437
vn -0.836039424 0.0614552982 0.545216858
vn -0.951271474 0.0743843094 0.299248129
vn -0.839300752 0.053891208 0.540989935
vn -0.937769294 0.0217128638 -0.346579343
vn -0.735047817 0.010824318 -0.677928805
vn -0.9521842 -0.0913291425 -0.29155466
vn -0.9521842 -0.0913291425 -0.29155466
vn -0.735047817 0.010824318 -0.677928805
vn -0.903808415 -0.193146467 -0.38187021
vn 0.623555422 0.705396473 -0.337037861
vn 0.513320267 0.768350601 -0.382281899
vn 0.528807759 0.761616051 -0.374570906
vn 0.768261492 0.548543036 -0.329961687
vn 0.658012927 0.670050979 -0.343585134
vn 0.677411377 0.649196327 -0.345916063
vn 0.388388783 0.0215956997 0.921242416
vn 0.283698916 0.0902807191 0.954653978
vn -0.0405111201 -0.129502684 0.990751147
vn -0.501845837 -0.519628763 0.691474259
vn -0.632954121 -0.421677411 0.649274468
vn -0.63897562 -0.430694401 0.637347996
vn -0.345581055 -0.938346326 -0.00893436093
vn -0.1882056 -0.981596231 -0.0323649161
vn -0.395451277 -0.918107927 0.0263842121
vn -0.329351634 -0.941439688 0.0722415447
vn -0.169809878 -0.98509109 0.0275696721
vn -0.193369433 -0.980478585 0.0356364101
vn 0.986765385 -0.0372931696 -0.15780744
vn 0.991119146 0.00166372454 -0.132966906
vn 0.980345368 -0.187404633 -0.0616633296
vn 0.951116502 -0.307033986 -0.033278551
vn 0.999940813 -0.0105022117 -0.00281825475
vn 0.969010472 -0.235421389 0.0748033077
vn -0.769382775 0.604623735 0.206107408
vn -0.994541049 0.0728150904 -0.0747397989
vn -0.9267537 0.266501337 0.264772594
vn -0.641387463 0.716113091 -0.275325388
vn -0.359644979 0.785990179 -0.502866805
vn -0.994541049 0.0728150904 -0.0747397989
vn 0.574668288 0.0340191349 -0.817679048
vn 0.443542212 0.0690873414 -0.893586695
vn 0.837716877 0.122841284 -0.53210932
vn 0.500878453 -0.108841389 -0.85864687
vn 0.816402137 0.02243012 -0.577048004
vn 0.810323119 -0.084228605 -0.579898238
vn -0.119196914 0.104179069 -0.987389982
vn 0.113294676 0.217920765 -0.969368339
vn 0.0238239393 0.111836359 -0.993441045
vn 0.0720316544 0.23795931 -0.968600452
vn 0.283607006 0.353424788 -0.891435862
vn 0.113294676 0.217920765 -0.969368339
vn -0.998722196 -0.0468544848 -0.0189384483
vn -0.985561967 -0.165545389 -0.0355298109
vn -0.955293894 -0.290514797 -0.0549083911
vn -0.998722196 -0.0468544848 -0.0189384483
vn -0.955293894 -0.290514797 -0.0549083911
vn -0.997847497 -0.02725715 -0.0596440844
vn 0.358207613 0.847601771 0.391482413
vn 0.626140177 0.748036504 0.219976664
vn 0.3856709 0.875301003 0.291729599
vn 0.672089219 0.600602269 0.433097094
vn 0.722603977 0.615277231 0.315083086
vn 0.442905456 0.733713746 0.515265763
vn -0.456791282 -0.397678405 -0.795734584
vn -0.574720681 -0.693520308 -0.434425712
vn -0.7766096 -0.412594348 -0.476070911
vn -0.762843668 -0.643540382 0.0626529157
vn -0.923947275 -0.378953189 -0.0521129556
vn -0.675601423 -0.724567652 -0.136251599
vn 0.504085302 -0.295968711 0.8113572
vn 0.545794785 -0.631301939 0.55096817
vn 0.687544107 -0.429873139 0.585228384
vn -0.0405111201 -0.129502684 0.990751147
vn 0.00259227864 -0.39402917 0.919094265
vn 0.504085302 -0.295968711 0.8113572
vn 0.283607006 0.353424788 -0.891435862
vn 0.329394847 0.352604628 -0.875881851
vn 0.303229094 0.257887632 -0.91735822
vn 0.345921904 0.406623781 -0.845573902
vn 0.299084246 0.426829457 -0.853443205
vn 0.394455343 0.631813169 -0.667245865
vn -0.993270338 0.0748696774 0.0883653313
vn -0.994952619 0.0506449565 0.0866278931
vn -0.995104492 0.0618317313 0.0770973712
vn -0.937031984 0.132186234 0.323261112
vn -0.994229496 0.0746162757 0.0770722106
vn -0.951271474 0.0743843094 0.299248129
vn -0.347970903 -0.937194705 -0.0241308752
vn -0.299290597 -0.953732014 -0.0286425743
vn -0.173539788 -0.980449975 -0.0927464291
vn -0.0228387825 -0.989115417 -0.145358279
vn 0.0143234255 -0.991832256 -0.126742348
vn -0.0722941607 -0.992082298 -0.102694862
vn 0.982831359 0.109699152 -0.148353055
vn 0.987438858 0.101252094 -0.121295221
vn 0.988783896 0.122981824 -0.0847454593
vn 0.99272269 0.117831662 -0.0248466004
vn 0.990653157 0.133862779 0.0262117647
vn 0.989100695 0.147080153 0.00687089609
vn -0.991594672 -0.0274137668 -0.1264458
vn -0.991098642 -0.098487556 -0.0895754471
vn -0.914118946 -0.0513551235 -0.402180642
vn -0.997378409 -0.0706489757 -0.0156569947
vn -0.991594672 -0.0274137668 -0.1264458
vn -0.999815643 -0.00425746851 -0.0187262315
vn -0.997681379 -0.024006322 0.0636842623
vn -0.997551918 0.0161478389 0.0680401027
vn -0.99796772 -0.0120109105 0.0625791028
vn -0.997573733 0.023988694 0.0653557032
vn -0.997551918 0.0161478389 0.0680401027
vn -0.997681379 -0.024006322 0.0636842623
vn -0.475205719 -0.15183644 0.866674781
vn -0.797435105 -0.338494122 0.499518782
vn -0.889741123 -0.253304869 0.379733264
vn 0.0943234563 0.0479493625 0.994386137
vn -0.570060313 -0.121431522 0.812579632
vn -0.125607967 -0.0110298181 0.9920187
vn -0.995104492 0.0618317313 0.0770973712
vn -0.994952619 0.0506449565 0.0866278931
vn -0.99675107 0.0404828042 0.0696315244
vn -0.99675107 0.0404828042 0.0696315244
vn -0.994952619 0.0506449565 0.0866278931
vn -0.99613595 0.027919028 0.0832692981
vn 0.986427844 0.0952598527 -0.133736998
vn 0.983734548 0.100871041 -0.148632169
vn 0.984316885 0.0817514136 -0.156322837
vn 0.983734548 0.100871041 -0.148632169
vn 0.993152142 0.0852585211 -0.0798735172
vn 0.99921 0.0217929017 -0.033236064
vn -0.151157245 0.0941204652 -0.984018743
vn 0.0478931032 0.121915676 -0.991384327
vn 0.187348098 0.0646821111 -0.980161726
vn -0.238550425 0.121854812 -0.963454723
vn 0.0478931032 0.121915676 -0.991384327
vn -0.226016581 0.124245718 -0.96616745
vn -0.994265914 -0.0487439632 0.095181644
vn -0.99258393 0.0207427163 0.119778283
vn -0.98509717 -0.0126266405 0.171534404
vn -0.996373177 -0.0761093199 0.0380526744
vn -0.992665887 -0.0758044943 0.0941702127
vn -0.997885823 -0.0162582584 0.0629256666
vn -0.818068504 -0.0438739918 -0.573444784
vn -0.30117768 0.0302854348 -0.953086913
vn -0.37211892 0.0038087382 -0.928177297
vn 0.0258594882 0.0619073659 -0.997746885
vn 0.133666649 -0.0750429556 -0.988180995
vn -0.37211892 0.0038087382 -0.928177297
vn 0.343559206 0.207507238 0.915919065
vn 0.173493713 0.234047487 0.956620038
vn 0.326397181 0.194378734 0.925030708
vn -0.0182014704 0.0732061565 0.997150779
vn 0.306317359 0.168862984 0.936832368
vn -0.228882179 0.163809881 0.959572434
vn 0.947295129 0.278375864 0.15855287
vn 0.929691255 0.360347599 0.0763143227
vn 0.870295048 0.323975831 0.370980054
vn 0.641293824 0.374669313 0.669600725
vn 0.870295048 0.323975831 0.370980054
vn 0.682978094 0.532732725 0.499736756
vn 0.862657607 -0.501615584 0.0648363754
vn 0.81144321 -0.573005199 -0.114999585
vn 0.969898641 -0.225124046 -0.0928211436
vn 0.99706763 -0.0742663145 0.018458847
vn 0.949329436 -0.299725354 0.0945435017
vn 0.969898641 -0.225124046 -0.0928211436
vn -0.374673516 -0.903861105 -0.20653069
vn -0.400374234 -0.801958025 -0.443355143
vn -0.148771688 -0.900788009 -0.407980323
vn -0.32418251 -0.646207929 -0.690884173
vn -0.187585279 -0.681139588 -0.707715094
vn -0.148771688 -0.900788009 -0.407980323
vn -0.885608613 -0.222041816 0.407915235
vn -0.663060784 -0.312536776 0.680199325
vn -0.860400498 -0.149783164 0.48710978
vn -0.848566651 -0.0398116708 0.527588487
vn -0.962245524 -0.000373204035 0.272182673
vn -0.991589665 -0.0271402411 0.126543701
vn 0.080678463 0.045775678 -0.995688498
vn 0.166271076 0.055323109 -0.984526873
vn 0.382147014 0.0310098641 -0.923581004
vn -0.270582199 0.0249156635 -0.962374389
vn -0.187110975 0.0344208218 -0.981735587
vn -0.082014516 -0.106569514 -0.990917027
vn -0.361798465 0.591172993 0.720844269
vn -0.626699924 0.561575592 0.540259242
vn -0.751038074 0.34683457 0.561825275
vn 0.0109421555 0.721352518 0.692481577
vn 0.0193626992 0.801915467 0.597123742
vn -0.361798465 0.591172993 0.720844269
vn 0.448469728 -0.530233324 -0.719532967
vn 0.509516418 -0.602411687 -0.614404678
vn -0.201717213 -0.838390648 -0.506370723
vn 0.0411745869 -0.993437469 -0.106707729
vn 0.418879956 -0.868322015 -0.265624672
vn 0.391454548 -0.90893805 -0.143509731
vn -0.625697613 0.123701729 0.770195067
vn -0.962245524 -0.000373204035 0.272182673
vn -0.848566651 -0.0398116708 0.527588487
vn 0.0107422927 -0.011608474 0.999874949
vn 0.0990658253 0.00777164614 0.99505055
vn 0.0828840286 0.100671686 0.991461217
vn -0.056824781 -0.998381436 -0.00233711652
vn 0.391454548 -0.90893805 -0.143509731
vn -0.0341749229 -0.988692164 0.146013215
vn -0.420131773 -0.904400587 0.0744895265
vn -0.056824781 -0.998381436 -0.00233711652
vn -0.0341749229 -0.988692164 0.146013215
vn -0.945539474 -0.321990609 0.0477195978
vn -0.958541512 -0.206609502 0.196241498
vn -0.936703205 -0.277449042 0.21356295
vn -0.958541512 -0.206609502 0.196241498
vn -0.992668569 -0.113657922 -0.0411214121
vn -0.985503972 -0.139824912 0.0960771516
vn 0.623253405 0.222829714 0.749601305
vn 0.472727358 0.214025915 0.854822636
vn 0.688671649 0.207480103 0.694754183
vn 0.566708922 0.176791593 0.804727197
vn 0.432721406 0.198217154 0.87946707
vn 0.411907166 0.178968281 0.893477976
vn -0.970879912 0.17174308 0.167022571
vn -0.975339949 0.163531348 0.148221463
vn -0.969995439 0.185604945 0.157033399
vn -0.969995439 0.185604945 0.157033399
vn -0.978507519 0.162792131 0.126576811
vn -0.962384164 0.182364568 0.201394543
vn -0.361798465 0.591172993 0.720844269
vn 0.0193626992 0.801915467 0.597123742
vn -0.228943259 0.791978955 0.565998614
vn -0.400096178 0.784313977 0.474104136
vn 0.0141887963 0.896009982 0.443807244
vn -0.0235545486 0.999229193 -0.0314048678
vn -0.0527213253 -0.980364203 -0.190017477
vn 0.188156456 -0.85669589 -0.48028034
vn -0.0255131461 -0.985383093 -0.168431804
vn -0.0950925872 -0.903458536 -0.417995304
vn 0.233344316 -0.596896172 -0.76763618
vn 0.188156456 -0.85669589 -0.48028034
vn 0.927238286 0.28159976 -0.24684152
vn 0.89029175 0.389781207 -0.2354808
vn 0.904525697 0.384470999 -0.184432551
vn 0.927238286 0.28159976 -0.24684152
vn 0.969135523 0.14490886 -0.199443594
vn 0.952047586 0.120600417 -0.281177759
vn -0.952277184 -0.296170533 0.0738329068
vn -0.945539474 -0.321990609 0.0477195978
vn -0.936703205 -0.277449042 0.21356295
vn -0.570060313 -0.121431522 0.812579632
vn -0.475205719 -0.15183644 0.866674781
vn -0.889741123 -0.253304869 0.379733264
vn 0.925584435 0.0301549099 -0.377338171
vn 0.987326562 0.0843986794 -0.134399205
vn 0.854984164 -0.126160175 -0.503076196
vn 0.925584435 0.0301549099 -0.377338171
vn 0.980925977 0.137696296 -0.137200236
vn 0.987326562 0.0843986794 -0.134399205
vn -0.130878016 0.0414234065 -0.990532696
vn 0.18036513 0.0738169774 -0.980825961
vn -0.0172806326 0.0516937561 -0.99851346
vn -0.130878016 0.0414234065 -0.990532696
vn -0.0172806326 0.0516937561 -0.99851346
vn 0.080678463 0.045775678 -0.995688498
vn -0.317548931 0.269446671 0.909154058
vn -0.441223145 0.269992232 0.855819166
vn -0.485630423 0.23305805 0.842524111
vn -0.305647969 0.176753849 0.935594678
vn -0.188764453 0.171046615 0.967011452
vn -0.307702333 0.212613374 0.927423775
vn -0.594409943 0.803338885 0.036379084
vn -0.583823323 0.795362175 -0.16293931
vn -0.938835084 0.32205373 0.121943481
vn -0.29891482 0.572332263 -0.763600528
vn -0.559705794 0.516851068 -0.647761106
vn -0.456918299 0.715790331 -0.528081298
vn 0.731723547 -0.589544296 0.342079163
vn 0.899490893 -0.383972287 0.208522215
vn 0.934288383 -0.283594698 0.216053382
vn 0.934288383 -0.283594698 0.216053382
vn 0.899490893 -0.383972287 0.208522215
vn 0.972175956 -0.198999166 0.123585232
vn -0.770775497 -0.494570434 0.401628166
vn -0.803771615 -0.572919428 0.160358429
vn -0.851679504 -0.508240998 0.127800316
vn -0.930069923 -0.35276404 0.102602884
vn -0.945622206 -0.297314018 0.131920263
vn -0.797435105 -0.338494122 0.499518782
vn 0.90752399 0.0274395514 -0.419102937
vn 0.953413367 0.0679444745 -0.293915838
vn 0.937784195 0.106014229 -0.330638468
vn 0.953413367 0.0679444745 -0.293915838
vn 0.97504729 0.0312428698 -0.219787419
vn 0.954684019 0.104982428 -0.278490543
vn -0.161434457 0.986882925 -0.00102888385
vn -0.583823323 0.795362175 -0.16293931
vn -0.594409943 0.803338885 0.036379084
vn -0.161434457 0.986882925 -0.00102888385
vn -0.549676716 0.78878361 0.275092602
vn -0.405618131 0.818602324 0.406650007
vn 0.920852363 0.148283347 -0.360614538
vn 0.970234811 0.116966054 -0.212045714
vn 0.976212144 0.12746112 -0.17539528
vn 0.976212144 0.12746112 -0.17539528
vn 0.982831359 0.109699152 -0.148353055
vn 0.988783896 0.122981824 -0.0847454593
vn -0.696797013 0.440001369 0.566456318
vn -0.680064142 0.577987075 0.451047391
vn -0.802989483 0.426571786 0.416226566
vn -0.303086519 0.590129077 0.748255491
vn -0.696797013 0.440001369 0.566456318
vn -0.454583138 0.480199873 0.750174761
vn -0.735047817 0.010824318 -0.677928805
vn -0.502145469 -0.0811388269 -0.860968232
vn -0.903808415 -0.193146467 -0.38187021
vn -0.502145469 -0.0811388269 -0.860968232
vn -0.71953398 -0.315243274 -0.618783057
vn -0.845867753 -0.35489884 -0.398189217
vn -0.971929967 -0.0498999804 0.229917943
vn -0.962989151 -0.118068501 0.242304966
vn -0.96255213 -0.126513213 0.239765808
vn -0.93780309 -0.23991935 0.250926346
vn -0.921442509 -0.288724184 0.25996539
vn -0.94642204 -0.225077942 0.231571525
vn 0.391545564 0.118062519 -0.912553132
vn 0.183427006 0.354883224 -0.916740119
vn 0.865940392 0.0846468732 -0.492932349
vn -0.128341183 0.568577766 -0.812556446
vn 0.68034023 0.588874698 -0.436306953
vn 0.0650927946 0.713581979 -0.697541118
vn 0.939864278 0.234682918 -0.248151407
vn 0.946920216 0.267482728 -0.178311735
vn 0.948662221 0.288885534 -0.128783703
vn 0.932317555 0.258463323 -0.252943993
vn 0.933088124 0.303138644 -0.193528801
vn 0.919208884 0.286642104 -0.269983828
vn 0.303229094 0.257887632 -0.91735822
vn 0.366109103 0.266946137 -0.891461611
vn 0.276169956 0.161892638 -0.947375774
vn 0.110628746 0.140214846 -0.983921289
vn 0.170616239 0.122894101 -0.977643609
vn 0.0238239393 0.111836359 -0.993441045
vn -0.83065933 0.17326729 0.52913481
vn -0.843439221 0.147700861 0.516521811
vn -0.832525849 0.184456989 0.522375643
vn -0.929861486 0.123157993 0.346684009
vn -0.903923333 0.297025144 0.307731599
vn -0.959266424 0.149993569 0.239394501
vn -0.97384274 -0.127878547 0.187822521
vn -0.962989151 -0.118068501 0.242304966
vn -0.977814496 -0.0391384214 0.205784053
vn -0.992668569 -0.113657922 -0.0411214121
vn -0.988687754 -0.126406536 0.0807336718
vn -0.999105752 -0.0375633128 0.0194139071
vn 0.745365143 -0.653835177 0.130116895
vn 0.313573331 -0.946427822 0.0771107599
vn 0.606986821 -0.787189364 0.10908594
vn 0.999940813 -0.0105022117 -0.00281825475
vn 0.997761369 -0.015830012 0.0649749488
vn 0.969010472 -0.235421389 0.0748033077
vn 0.607091427 0.514517188 -0.605567515
vn 0.68034023 0.588874698 -0.436306953
vn 0.865940392 0.0846468732 -0.492932349
vn 0.995890319 0.00192015036 -0.0905473307
vn 0.997020483 0.0120617682 -0.07618846
vn 0.994826615 0.00616727769 -0.101399764
vn -0.999585867 -0.0287760384 0.000219434485
vn -0.99657923 -0.0814370662 -0.0140670016
vn -0.995501757 -0.0876144469 0.036056269
vn -0.998863399 -0.029311372 0.0375888981
vn -0.999880075 0.00697153062 0.0138297146
vn -0.999585867 -0.0287760384 0.000219434485
vn 0.529828608 0.146636099 -0.835331976
vn 0.207266703 0.124935694 -0.970273972
vn 0.575614929 0.167715475 -0.800336778
vn 0.158538431 0.10972093 -0.981237411
vn 0.186144471 0.0958565623 -0.977835298
vn 0.151326582 0.081984356 -0.985078037
vn -0.981387913 0.149434879 0.120611466
vn -0.979934633 0.147757679 0.133775637
vn -0.967896044 0.127315849 -0.216720521
vn -0.967896044 0.127315849 -0.216720521
vn -0.987546861 0.15566127 -0.0228227321
vn -0.851500034 0.197493359 -0.485740811
vn -0.491319627 -0.870887935 -0.0126198856
vn -0.430069476 -0.900564075 -0.0634394437
vn -0.293799698 -0.955217838 -0.035220813
vn -0.175832197 -0.930357814 0.321741223
vn -0.497165054 -0.861143947 0.106103718
vn -0.17672272 -0.97715956 0.118017353
vn 0.416303545 0.139402092 0.898475587
vn 0.368099242 0.118101388 0.922255397
vn 0.49025625 0.141439006 0.860025465
vn 0.57444793 0.162647352 0.802219093
vn 0.677198648 0.170676127 0.715731561
vn 0.566708922 0.176791593 0.804727197
vn 0.965251267 0.0388242938 0.258423209
vn 0.803833067 0.0958164483 0.587087452
vn 0.683261752 -0.00435280055 0.730160534
vn 0.810173929 -0.170322165 0.560899854
vn 0.965251267 0.0388242938 0.258423209
vn 0.687106073 -0.0928117111 0.720604837
vn -0.976428986 0.162764937 -0.141753227
vn -0.470643789 0.416719139 -0.777714312
vn -0.955658019 0.145270377 -0.256152689
vn -0.976428986 0.162764937 -0.141753227
vn -0.955658019 0.145270377 -0.256152689
vn -0.99973166 0.0205234792 0.0107441908
vn -0.87146008 0.434494615 -0.227534205
vn -0.456918299 0.715790331 -0.528081298
vn -0.777278364 0.367452472 -0.510702431
vn -0.980011344 0.137592897 0.143686593
vn -0.981083214 0.193303883 -0.0104508828
vn -0.99066925 0.13165009 -0.0352527723
vn -0.925593972 -0.30953145 0.217867449
vn -0.914602697 -0.338610202 0.221008882
vn -0.925447822 -0.321440846 0.200554341
vn -0.92765522 -0.326280177 0.181651115
vn -0.925447822 -0.321440846 0.200554341
vn -0.921483219 -0.341212064 0.185588166
vn -0.808455467 -0.296755522 0.508267641
vn -0.649839818 -0.373694032 0.661861777
vn -0.812808931 -0.146290153 0.563862443
vn -0.836039424 0.0614552982 0.545216858
vn -0.839300752 0.053891208 0.540989935
vn -0.812808931 -0.146290153 0.563862443
vn 0.98897326 0.044019416 0.141400516
vn 0.996436834 0.0188935306 0.0821980387
vn 0.999988675 0.00433192169 0.00198696856
vn 0.660527825 0.494026214 0.565368056
vn 0.833944201 0.339308023 0.435209125
vn 0.970451474 0.215464458 0.108623341
vn -0.239800826 0.897464573 -0.370206505
vn -0.971899152 0.23132889 -0.0435782634
vn -0.13387692 0.918892264 -0.37109831
vn -0.323511779 0.946222126 0.00195847638
vn -0.975091338 0.217361301 0.0441709571
vn -0.828490257 0.559994936 -0.00309581286
vn 0.97831738 -0.0471935719 -0.2016626
vn 0.98786366 -0.0285685342 -0.1526732
vn 0.981472969 -0.0243543293 -0.190046638
vn 0.867647052 0.00707166875 -0.497130275
vn 0.98786366 -0.0285685342 -0.1526732
vn 0.97831738 -0.0471935719 -0.2016626
vn -0.966362417 0.147068024 0.210984975
vn -0.980542302 0.142812356 0.134689361
vn -0.975672841 0.136491805 0.171558678
vn -0.975672841 0.136491805 0.171558678
vn -0.980542302 0.142812356 0.134689361
vn -0.987546861 0.15566127 -0.0228227321
vn -0.86270529 -0.486918211 -0.136565417
vn -0.985337794 -0.170532584 0.00529763196
vn -0.648268819 -0.575123608 -0.498979211
vn -0.86270529 -0.486918211 -0.136565417
vn -0.648268819 -0.575123608 -0.498979211
vn -0.201717213 -0.838390648 -0.506370723
vn 0.674024761 -0.691608906 -0.259552956
vn 0.95435524 -0.156093433 -0.25463888
vn 0.957745552 -0.180613697 -0.223835155
vn 0.963752806 -0.194957271 -0.182132661
vn 0.874275386 -0.477038562 -0.08987014
vn 0.623770297 -0.757514477 -0.192568421
vn 0.76145196 0.112590484 0.638368428
vn 0.893683493 0.0545594804 0.445368558
vn 0.899744213 0.133393392 0.415531665
vn 0.677198648 0.170676127 0.715731561
vn 0.677507579 0.146384478 0.720801532
vn 0.875888169 0.189602271 0.443701237
vn 0.878174663 0.429741323 -0.210075736
vn 0.884478927 0.397270679 -0.244689748
vn 0.887545586 0.423771203 -0.180778384
vn 0.762436211 0.570197165 -0.30588606
vn 0.658012927 0.670050979 -0.343585134
vn 0.765063643 0.544061959 -0.344491392
vn 0.994024873 0.108817585 0.00855999161
vn 0.992236257 0.114878006 0.0476478226
vn 0.993386686 0.112245649 0.0241636187
vn 0.987512231 0.15305154 0.0373465866
vn 0.982639074 0.142398164 -0.118925259
vn 0.975572586 0.218624055 0.0214885455
vn 0.658109069 0.243198082 0.712563753
vn 0.565195739 0.139790744 0.813026607
vn 0.83591181 0.0723221749 0.544078112
vn 0.668137252 -0.291945189 0.684368789
vn 0.885733366 -0.163105115 0.434595346
vn 0.531624079 -0.0240477733 0.846638978
vn 0.233344316 -0.596896172 -0.76763618
vn 0.561805367 -0.281525493 -0.777893424
vn 0.715784431 -0.256545812 -0.64948988
vn 0.817121625 -0.222516894 -0.531788051
vn 0.810323119 -0.084228605 -0.579898238
vn 0.946324587 0.0274546687 -0.322050035
vn 0.302729905 -0.67889601 -0.668920755
vn 0.284089178 -0.779372573 -0.558454812
vn 0.0515460521 -0.673413038 -0.73746717
vn 0.0515460521 -0.673413038 -0.73746717
vn 0.231080636 -0.773104072 -0.590687633
vn 0.16836293 -0.807136714 -0.565848231
vn 0.997808456 0.0658358559 0.00663418928
vn 0.991466939 0.126797706 0.0302599873
vn 0.997641802 0.0491747819 0.047882244
vn 0.994060516 0.103047177 0.0350006744
vn 0.983886003 0.106558546 0.143574327
vn 0.993207753 0.102155447 0.0557011478
vn 0.956882656 -0.284523934 -0.0584962331
vn 0.978908956 -0.187030017 -0.0822018385
vn 0.980804861 -0.194988593 -0.00108628278
vn 0.99328047 0.0202479679 -0.113947794
vn 0.996339977 -0.0845946595 -0.0122700334
vn 0.990779638 -0.126279876 -0.0490824357
vn 0.941623211 0.335192531 0.0314907171
vn 0.933648646 0.34191227 0.10675291
vn 0.937089264 0.347066551 -0.0375320129
vn 0.899632037 0.435115546 0.0365594253
vn 0.821441114 0.390267789 0.415843308
vn 0.944240689 0.314993978 0.095855698
vn 0.878174663 0.429741323 -0.210075736
vn 0.833422184 0.498930275 -0.237646863
vn 0.884478927 0.397270679 -0.244689748
vn 0.874628007 0.439600021 -0.20439592
vn 0.833422184 0.498930275 -0.237646863
vn 0.867979348 0.454596877 -0.199884117
vn 0.466619521 -0.696093142 -0.545637667
vn 0.743453741 -0.393305957 -0.540912986
vn 0.829999626 -0.442427427 -0.339644819
vn 0.986765385 -0.0372931696 -0.15780744
vn 0.980345368 -0.187404633 -0.0616633296
vn 0.947818041 -0.304453403 -0.0946007743
vn 0.588115156 -0.339402437 0.734116197
vn 0.735962451 -0.445704669 0.509613991
vn 0.810173929 -0.170322165 0.560899854
vn 0.292705119 -0.209118307 0.933055758
vn 0.810173929 -0.170322165 0.560899854
vn 0.687106073 -0.0928117111 0.720604837
vn -0.939528883 -0.26981765 0.210912272
vn -0.955697 -0.289422065 0.0536477119
vn -0.917279601 -0.360417128 0.169403657
vn -0.917279601 -0.360417128 0.169403657
vn -0.727813542 -0.614719212 0.303986579
vn -0.939528883 -0.26981765 0.210912272
vn -0.751038074 0.34683457 0.561825275
vn -0.72714144 0.553913057 0.405518949
vn -0.88693434 0.25153175 0.387400538
vn -0.833202183 0.144349292 0.533795357
vn -0.876600027 0.0836338699 0.473896295
vn -0.839437425 0.0748843327 0.538272321
vn -0.188764453 0.171046615 0.967011452
vn -0.248866767 0.223396346 0.942422032
vn -0.307702333 0.212613374 0.927423775
vn 0.150633618 0.158171579 0.975854158
vn 0.697318017 0.0905445889 0.711019933
vn 0.472044975 0.169191644 0.865186453
vn 0.266979724 -0.377113789 -0.886852264
vn 0.854984164 -0.126160175 -0.503076196
vn 0.743453741 -0.393305957 -0.540912986
vn 0.854984164 -0.126160175 -0.503076196
vn 0.829999626 -0.442427427 -0.339644819
vn 0.743453741 -0.393305957 -0.540912986
vn -0.389978498 0.912837505 -0.121014148
vn -0.769382775 0.604623735 0.206107408
vn -0.258135706 0.925044477 0.278673202
vn -0.769382775 0.604623735 0.206107408
vn -0.641387463 0.716113091 -0.275325388
vn -0.994541049 0.0728150904 -0.0747397989
vn 0.0585458651 -0.426248193 0.902709663
vn -0.170188755 -0.552675784 0.815834105
vn 0.106783673 -0.541367412 0.83397758
vn 0.162632778 -0.616333067 0.770508945
vn -0.163624674 -0.643707871 0.74757421
vn -0.129584372 -0.790237963 0.598942339
vn -0.721793473 0.238868237 0.649581432
vn -0.944484055 0.125406608 0.303682238
vn -0.746100008 0.193777248 0.63701278
vn -0.513058543 0.389191061 0.765049696
vn -0.676403522 0.358906835 0.643167377
vn -0.763863862 0.257538646 0.591764987
vn -0.990575016 -0.13659437 -0.0101554831
vn -0.99044013 -0.121123984 -0.0660101324
vn -0.972858191 -0.231401816 0.00013111913
vn -0.995501757 -0.0876144469 0.036056269
vn -0.99657923 -0.0814370662 -0.0140670016
vn -0.990575016 -0.13659437 -0.0101554831
vn 0.970277548 0.162861019 -0.178990632
vn 0.773882508 0.359113097 -0.521673858
vn 0.952188015 0.296141922 -0.0750857741
vn 0.773882508 0.359113097 -0.521673858
vn 0.73817718 0.459412575 -0.493998647
vn 0.952188015 0.296141922 -0.0750857741
vn -0.997061908 -0.075319387 0.0139512038
vn -0.993878722 -0.0958443806 0.0549451485
vn -0.994265914 -0.0487439632 0.095181644
vn -0.997061908 -0.075319387 0.0139512038
vn -0.991914093 -0.0184724852 0.125559479
vn -0.996162415 -0.0578332916 0.0656941533
vn -0.685785413 -0.724911094 -0.0648249462
vn -0.681151748 -0.728985965 0.0679099262
vn -0.905965865 -0.419946551 0.0535791181
vn -0.374203473 -0.923682094 -0.0823594332
vn -0.180696771 -0.98092854 -0.071610041
vn -0.24823755 -0.968600392 -0.0138347903
vn 0.578902781 -0.715063512 0.391861916
vn 0.905890882 -0.398370385 0.143745452
vn 0.735962451 -0.445704669 0.509613991
vn 0.588115156 -0.339402437 0.734116197
vn 0.262115538 -0.563212752 0.783636808
vn 0.735962451 -0.445704669 0.509613991
vn 0.306317359 0.168862984 0.936832368
vn 0.0573379956 0.212757498 0.975421309
vn -0.228882179 0.163809881 0.959572434
vn -0.228882179 0.163809881 0.959572434
vn -0.228273943 0.238239959 0.943998218
vn -0.677484155 0.171746343 0.715205073
vn -0.999407351 0.0130186891 -0.031868834
vn -0.959615886 0.00121068209 -0.281311303
vn -0.999231219 -0.0331304669 -0.0209648591
vn -0.997885823 -0.0162582584 0.0629256666
vn -0.999809921 -0.00815382134 0.0177153088
vn -0.996373177 -0.0761093199 0.0380526744
vn 0.701810837 0.0543132238 -0.710289776
vn 0.338143915 0.115620695 -0.933964968
vn 0.894474626 0.121860124 -0.430191994
vn 0.815930724 0.137102351 -0.561658323
vn 0.986666858 0.106755316 -0.122849323
vn 0.894474626 0.121860124 -0.430191994
vn 0.958696961 -0.0575385801 -0.278548628
vn 0.948816836 0.0809898451 -0.305265844
vn 0.968485832 -0.0481198467 -0.244376063
vn 0.952047586 0.120600417 -0.281177759
vn 0.969135523 0.14490886 -0.199443594
vn 0.977272093 -0.0232834779 -0.21070607
vn 0.993097305 0.0769900531 -0.0884880498
vn 0.995334804 -0.00276975101 -0.096441187
vn 0.989959836 0.0128643885 -0.140762866
vn 0.980345368 -0.187404633 -0.0616633296
vn 0.991119146 0.00166372454 -0.132966906
vn 0.995334804 -0.00276975101 -0.096441187
vn 0.500878453 -0.108841389 -0.85864687
vn 0.331896544 -0.293945253 -0.896348596
vn 0.210771844 -0.114576735 -0.9707973
vn -0.14565663 -0.298373669 -0.943269432
vn -0.082014516 -0.106569514 -0.990917027
vn 0.0401980653 -0.331466138 -0.942610323
vn 0.448469728 -0.530233324 -0.719532967
vn 0.57528621 -0.509160936 -0.640156984
vn 0.509516418 -0.602411687 -0.614404678
vn 0.57528621 -0.509160936 -0.640156984
vn 0.448469728 -0.530233324 -0.719532967
vn 0.67511493 -0.401683182 -0.618765295
vn -0.130878016 0.0414234065 -0.990532696
vn 0.247475266 0.221897945 -0.943142235
vn 0.18036513 0.0738169774 -0.980825961
vn 0.738608003 0.179257199 -0.649865389
vn 0.946920216 0.267482728 -0.178311735
vn 0.939864278 0.234682918 -0.248151407
vn 0.937784195 0.106014229 -0.330638468
vn 0.953413367 0.0679444745 -0.293915838
vn 0.954684019 0.104982428 -0.278490543
vn 0.954684019 0.104982428 -0.278490543
vn 0.93459481 0.159260914 -0.318069965
vn 0.930870175 0.135548592 -0.339274794
vn -0.478455126 0.149655253 0.86526531
vn -0.353985131 0.100547872 0.929830551
vn -0.193275541 0.107133865 0.975277901
vn -0.478455126 0.149655253 0.86526531
vn -0.685425758 0.143181443 0.713926136
vn -0.404312432 0.0832187086 0.91082716
vn 0.82088542 0.233581066 -0.521139979
vn 0.955294251 0.140433967 -0.260175228
vn 0.892626345 0.158212572 -0.422122151
vn 0.542405069 0.271307856 -0.795103014
vn 0.634119868 0.315378547 -0.705994606
vn 0.731864631 0.24975419 -0.634032309
vn -0.825969458 -0.367314249 0.427615255
vn -0.821781397 -0.339318454 0.45775345
vn -0.895702541 -0.405804455 0.181768373
vn -0.632954121 -0.421677411 0.649274468
vn -0.821781397 -0.339318454 0.45775345
vn -0.63897562 -0.430694401 0.637347996
vn -0.889077067 -0.432830244 0.148996398
vn -0.950403214 -0.302110642 0.0739112273
vn -0.921411455 -0.342661262 0.183259815
vn -0.893119156 -0.448524773 0.0341137797
vn -0.925372005 -0.337905228 -0.171775371
vn -0.950403214 -0.302110642 0.0739112273
vn 0.970929325 0.0778638646 -0.226348385
vn 0.980611861 0.0960362926 -0.170814276
vn 0.962640941 0.128431797 -0.238385677
vn 0.980611861 0.0960362926 -0.170814276
vn 0.986524701 0.0270028859 -0.1613684
vn 0.99261415 0.0470274426 -0.111827701
vn -0.984780252 -0.0742922872 0.157125831
vn -0.984928548 -0.114545211 0.129596025
vn -0.980925322 -0.10814365 0.161525548
vn -0.984780252 -0.0742922872 0.157125831
vn -0.993311882 -0.0294563677 0.111641817
vn -0.992665887 -0.0758044943 0.0941702127
vn -0.297316641 -0.212098837 -0.930922627
vn -0.287206709 -0.113994539 -0.951061249
vn -0.175888017 -0.23044917 -0.957056165
vn -0.320931196 -0.135727391 -0.93732667
vn -0.287206709 -0.113994539 -0.951061249
vn -0.297316641 -0.212098837 -0.930922627
vn 0.88043946 0.474139422 0.00426018285
vn 0.711934745 0.669068635 -0.21329844
vn 0.575578332 0.805338681 0.141912222
vn 0.88043946 0.474139422 0.00426018285
vn 0.952188015 0.296141922 -0.0750857741
vn 0.73817718 0.459412575 -0.493998647
vn -0.99857235 -0.0502373688 0.0181507133
vn -0.996274412 -0.0103892796 0.0856120661
vn -0.995407939 -0.0710691363 0.0641266555
vn -0.996881127 -0.0767687708 0.0182899293
vn -0.996314943 -0.0845258757 0.0145535506
vn -0.994750261 -0.102328688 0.000897841936
vn -0.990271807 -0.133686364 -0.0385956615
vn -0.818068504 -0.0438739918 -0.573444784
vn -0.798717082 -0.169698402 -0.577281177
vn -0.860482156 -0.472031742 -0.191720098
vn -0.71953398 -0.315243274 -0.618783057
vn -0.86517185 -0.486658037 -0.12100248
vn 0.293786943 0.373530775 -0.879865885
vn 0.342557341 0.376274526 -0.860855401
vn 0.329394847 0.352604628 -0.875881851
vn 0.634119868 0.315378547 -0.705994606
vn 0.372214586 0.350798965 -0.859299958
vn 0.389650494 0.374412239 -0.841420174
vn 0.165640801 0.66528517 0.7279827
vn 0.20287624 0.72067827 0.662920833
vn 0.000610970543 0.756535232 0.653952658
vn 0.315023899 0.422618717 0.849796116
vn 0.240469217 0.625985742 0.74183315
vn 0.148888215 0.604288459 0.782730937
vn -0.996881127 -0.0767687708 0.0182899293
vn -0.994750261 -0.102328688 0.000897841936
vn -0.996480048 -0.0494969822 0.0676586926
vn -0.998556197 -0.0166125707 0.051084701
vn -0.998503864 -0.013778626 -0.0529161245
vn -0.982023895 -0.0645598695 0.17737247
vn -0.969967365 -0.231634349 0.0742215738
vn -0.985408247 -0.150661498 0.0791944265
vn -0.962830961 -0.234354392 0.134292617
vn -0.962610424 -0.255274594 0.0906412974
vn -0.969967365 -0.231634349 0.0742215738
vn -0.962830961 -0.234354392 0.134292617
vn -0.148377046 0.0290657487 0.988503575
vn -0.322724938 -0.0411197916 0.945599079
vn -0.13227652 -0.0271995608 0.990839601
vn 0.223929211 0.0400790162 0.97378099
vn -0.148377046 0.0290657487 0.988503575
vn -0.13227652 -0.0271995608 0.990839601
vn 0.962640941 0.128431797 -0.238385677
vn 0.972809672 0.134766042 -0.188359976
vn 0.93459481 0.159260914 -0.318069965
vn 0.927747369 0.218617916 -0.302474767
vn 0.970241308 0.165334284 -0.17690739
vn 0.915933371 0.196279228 -0.3500579
vn -0.00809711404 -0.940762579 -0.338969231
vn 0.0515460521 -0.673413038 -0.73746717
vn 0.105352916 -0.833830237 -0.541874468
vn 0.105352916 -0.833830237 -0.541874468
vn 0.186553434 -0.844580591 -0.501877785
vn -0.00809711404 -0.940762579 -0.338969231
vn -0.996480048 -0.0494969822 0.0676586926
vn -0.962245524 -0.000373204035 0.272182673
vn -0.994779348 -0.0798543394 0.0635388866
vn -0.994779348 -0.0798543394 0.0635388866
vn -0.996881127 -0.0767687708 0.0182899293
vn -0.996480048 -0.0494969822 0.0676586926
vn 0.944240689 0.314993978 0.095855698
vn 0.821441114 0.390267789 0.415843308
vn 0.886888623 0.343427896 0.309007734
vn 0.981320262 0.117478818 0.152345538
vn 0.892841041 0.142785192 0.427138507
vn 0.971631765 -0.0327797607 0.23421593
vn 0.874628007 0.439600021 -0.20439592
vn 0.89403522 0.429307759 -0.128046021
vn 0.846570909 0.517844141 -0.123106435
vn 0.88382858 0.405790418 -0.232768714
vn 0.874628007 0.439600021 -0.20439592
vn 0.89029175 0.389781207 -0.2354808
vn 0.343559206 0.207507238 0.915919065
vn 0.358259767 0.177919999 0.916512012
vn 0.390142024 0.189174592 0.901111662
vn 0.390564322 0.212135658 0.895800233
vn 0.390142024 0.189174592 0.901111662
vn 0.432721406 0.198217154 0.87946707
vn -0.997358024 -0.0712443218 -0.0141795408
vn -0.998639643 -0.0405357331 -0.0327970833
vn -0.997847497 -0.02725715 -0.0596440844
vn -0.998556197 -0.0166125707 0.051084701
vn -0.997358024 -0.0712443218 -0.0141795408
vn -0.999171078 -0.0285474211 -0.0290214401
vn -0.798717082 -0.169698402 -0.577281177
vn -0.0463797189 -0.319425672 -0.946475685
vn -0.696733654 -0.358974278 -0.62104708
vn -0.648268819 -0.575123608 -0.498979211
vn -0.696733654 -0.358974278 -0.62104708
vn -0.0155118126 -0.51811862 -0.855168104
vn -0.42118445 -0.152272061 0.894101202
vn -0.663060784 -0.312536776 0.680199325
vn -0.122198857 -0.181169137 0.975830495
vn -0.663060784 -0.312536776 0.680199325
vn -0.626383722 -0.438308984 0.644615114
vn -0.405148745 -0.407779843 0.81827265
vn -0.298048079 -0.00688637234 -0.954525948
vn -0.187110975 0.0344208218 -0.981735587
vn -0.270582199 0.0249156635 -0.962374389
vn -0.53791523 -0.0492059663 -0.841561556
vn -0.41619277 0.0214407407 -0.909023523
vn -0.586673021 0.0356898457 -0.809037089
vn 0.852448404 0.233780906 0.467630386
vn 0.939039767 0.163343236 0.302528381
vn 0.947832346 0.182450086 0.261391848
vn 0.975995243 0.167093381 0.139688969
vn 0.947832346 0.182450086 0.261391848
vn 0.939039767 0.163343236 0.302528381
vn 0.562214971 -0.224426702 -0.795956612
vn 0.916273773 -0.185283959 -0.355122954
vn 0.67511493 -0.401683182 -0.618765295
vn 0.562214971 -0.224426702 -0.795956612
vn 0.505759358 -0.375927091 -0.776457429
vn 0.231226772 -0.267234147 -0.935478628
vn -0.682564616 0.096370481 0.724443495
vn -0.838268518 0.150039658 0.524208128
vn -0.84134531 0.111425824 0.528887868
vn -0.891123891 0.114712968 0.439020604
vn -0.937031984 0.132186234 0.323261112
vn -0.951271474 0.0743843094 0.299248129
vn -0.852270722 0.380122721 -0.359362364
vn -0.74111259 0.161284551 -0.651720345
vn -0.957591116 -0.0494874455 -0.283849001
vn -0.852058947 -0.0748137012 -0.518071949
vn -0.896665096 -0.103050299 -0.430548906
vn -0.506502748 0.00226766663 -0.862235248
vn -0.209638625 0.563847721 0.798828721
vn 0.0109421555 0.721352518 0.692481577
vn -0.361798465 0.591172993 0.720844269
vn 0.258760005 0.388380677 0.884422779
vn 0.660527825 0.494026214 0.565368056
vn -0.0313952379 0.423325241 0.905433655
vn 0.803833067 0.0958164483 0.587087452
vn 0.442838341 0.101749986 0.890809238
vn 0.683261752 -0.00435280055 0.730160534
vn 0.688222766 0.114817269 0.716356277
vn 0.519491136 0.137498125 0.843340516
vn 0.868687689 0.118816897 0.480899483
vn -0.838268518 0.150039658 0.524208128
vn -0.937031984 0.132186234 0.323261112
vn -0.891123891 0.114712968 0.439020604
vn -0.825020313 0.182111576 0.534954965
vn -0.859881699 0.193595126 0.472360551
vn -0.937031984 0.132186234 0.323261112
vn 0.0925412253 0.0769481584 -0.992731154
vn 0.229505494 -0.00521010393 -0.973293364
vn 0.133666649 -0.0750429556 -0.988180995
vn 0.231226772 -0.267234147 -0.935478628
vn 0.133666649 -0.0750429556 -0.988180995
vn 0.562214971 -0.224426702 -0.795956612
vn 0.711934745 0.669068635 -0.21329844
vn 0.464676857 0.78909719 -0.401747376
vn 0.575578332 0.805338681 0.141912222
vn 0.310929686 0.717494309 0.62331742
vn 0.575578332 0.805338681 0.141912222
vn 0.336435258 0.888469338 0.312143415
vn -0.976137698 -0.197415039 0.0904573202
vn -0.972858191 -0.231401816 0.00013111913
vn -0.924069107 -0.33239004 0.188714474
vn -0.871405303 -0.449308068 0.196914017
vn -0.839554667 -0.474636853 0.2643255
vn -0.859341264 -0.441756397 0.257650733
vn -0.13387692 0.918892264 -0.37109831
vn -0.971899152 0.23132889 -0.0435782634
vn -0.226404577 0.913931966 -0.336851984
vn 0.762436211 0.570197165 -0.30588606
vn 0.748347938 0.584704816 -0.313202262
vn 0.155529544 0.950745881 -0.268128246
vn -0.513255835 -0.858151495 -0.0120193912
vn -0.574720681 -0.693520308 -0.434425712
vn -0.374673516 -0.903861105 -0.20653069
vn -0.371795416 -0.927950501 0.0260027219
vn -0.169809878 -0.98509109 0.0275696721
vn -0.329351634 -0.941439688 0.0722415447
vn -0.106062233 -0.0582990162 0.992648959
vn -0.520993829 -0.250837654 0.815871179
vn -0.770775497 -0.494570434 0.401628166
vn -0.106062233 -0.0582990162 0.992648959
vn -0.797435105 -0.338494122 0.499518782
vn -0.475205719 -0.15183644 0.866674781
vn 0.459027469 0.863347828 -0.209581047
vn -0.389978498 0.912837505 -0.121014148
vn 0.401222229 0.915980041 0.00113457942
vn 0.684095323 0.729036748 0.0227808002
vn 0.663326144 0.700871468 -0.262254775
vn 0.401222229 0.915980041 0.00113457942
vn -0.636658669 0.264844954 0.724239528
vn -0.833202183 0.144349292 0.533795357
vn -0.706781983 0.193340659 0.680498898
vn -0.327808201 0.394768327 0.85831207
vn -0.421270043 0.370048404 0.828007162
vn -0.468875974 0.299037337 0.831102848
vn -0.822296798 0.148912281 0.549229562
vn -0.952481866 0.148888007 0.265726894
vn -0.988536358 -0.0749798864 0.131049246
vn 0.419000298 0.35422489 0.836040437
vn -0.176588878 0.240298972 0.95450139
vn -0.344866604 0.163959086 0.92422092
vn -0.830316663 0.093597576 -0.549375892
vn -0.69607538 0.0619762614 -0.715288818
vn -0.728721023 0.0587689802 -0.682284355
vn -0.838600755 0.0601766706 -0.541412592
vn -0.97621423 0.0635310113 -0.207291201
vn -0.715538204 0.0238671284 -0.698165834
vn 0.992490888 0.00407263031 -0.122250758
vn 0.99810183 -0.0124866152 -0.0603063405
vn 0.990030468 -0.0175602268 -0.139753997
vn 0.992490888 0.00407263031 -0.122250758
vn 0.998416662 0.0110275531 -0.0551599301
vn 0.99810183 -0.0124866152 -0.0603063405
vn 0.293786943 0.373530775 -0.879865885
vn 0.291764349 0.397997051 -0.869753897
vn 0.342557341 0.376274526 -0.860855401
vn 0.244812325 0.3633295 -0.898920715
vn 0.199919462 0.373271555 -0.905925214
vn 0.237046912 0.38858676 -0.890398264
vn -0.864580035 -0.500971556 -0.0391037911
vn -0.860482156 -0.472031742 -0.191720098
vn -0.856874287 -0.515381038 -0.0121998657
vn -0.858340561 -0.510346115 0.052900549
vn -0.856874287 -0.515381038 -0.0121998657
vn -0.893119156 -0.448524773 0.0341137797
vn -0.952642977 0.0736679435 -0.295033097
vn -0.97621423 0.0635310113 -0.207291201
vn -0.838600755 0.0601766706 -0.541412592
vn -0.97621423 0.0635310113 -0.207291201
vn -0.988659501 0.104020484 -0.108314246
vn -0.990623772 0.12840566 0.0466540381
vn 0.487636954 -0.871309459 0.0550442077
vn 0.606986821 -0.787189364 0.10908594
vn 0.313573331 -0.946427822 0.0771107599
vn 0.232018471 -0.972542167 0.0181435384
vn 0.334857643 -0.942032099 0.0211157799
vn 0.487636954 -0.871309459 0.0550442077
vn 0.89029175 0.389781207 -0.2354808
vn 0.874628007 0.439600021 -0.20439592
vn 0.881293535 0.425144196 -0.206334978
vn 0.881293535 0.425144196 -0.206334978
vn 0.904525697 0.384470999 -0.184432551
vn 0.89029175 0.389781207 -0.2354808
vn -0.843867838 -0.502012074 0.189396068
vn -0.839554667 -0.474636853 0.2643255
vn -0.871405303 -0.449308068 0.196914017
vn -0.819458723 -0.504664719 0.271663338
vn -0.843867838 -0.502012074 0.189396068
vn -0.889077067 -0.432830244 0.148996398
vn 0.799153507 0.14040193 -0.584500611
vn 0.915933371 0.196279228 -0.3500579
vn 0.902661562 0.13549979 -0.408462942
vn 0.902661562 0.13549979 -0.408462942
vn 0.915933371 0.196279228 -0.3500579
vn 0.970241308 0.165334284 -0.17690739
vn -0.830316663 0.093597576 -0.549375892
vn -0.728721023 0.0587689802 -0.682284355
vn -0.948329866 0.0189280622 -0.316720903
vn -0.583900392 -0.046143163 -0.8105129
vn -0.287206709 -0.113994539 -0.951061249
vn -0.320931196 -0.135727391 -0.93732667
vn -0.411999941 -0.797513783 0.44071269
vn 0.0276115164 -0.947225809 0.319375813
vn 0.242911831 -0.858184636 0.45223099
vn 0.448489994 -0.715563297 0.535561383
vn 0.146800384 -0.619677961 0.771005094
vn 0.0861846358 -0.80018574 0.593527615
vn -0.836039424 0.0614552982 0.545216858
vn -0.682564616 0.096370481 0.724443495
vn -0.84134531 0.111425824 0.528887868
vn -0.456958622 0.0252305102 0.889129996
vn -0.682564616 0.096370481 0.724443495
vn -0.705293238 0.0331805311 0.708138704
vn 0.0137722883 0.106602259 -0.994206369
vn 0.0104831364 0.0777905434 -0.996914625
vn -0.131222472 0.0917321593 -0.987099767
vn 0.0137722883 0.106602259 -0.994206369
vn 0.158538431 0.10972093 -0.981237411
vn 0.0104831364 0.0777905434 -0.996914625
vn 0.757500052 0.636659086 -0.144426569
vn 0.775810778 0.630900383 -0.00907132123
vn 0.729900301 0.678555429 -0.0825106278
vn 0.757500052 0.636659086 -0.144426569
vn 0.729900301 0.678555429 -0.0825106278
vn 0.745425045 0.642279267 -0.178378493
vn -0.945294857 0.269413888 0.183939546
vn -0.995542586 0.0244604331 0.0910852551
vn -0.993285596 0.0308174416 0.111507535
vn -0.944484055 0.125406608 0.303682238
vn -0.945294857 0.269413888 0.183939546
vn -0.993285596 0.0308174416 0.111507535
vn 0.990779638 -0.126279876 -0.0490824357
vn 0.991965175 -0.124830164 0.0205548201
vn 0.980804861 -0.194988593 -0.00108628278
vn 0.991965175 -0.124830164 0.0205548201
vn 0.990168631 -0.113102712 0.082302928
vn 0.983179569 -0.172091171 0.0611759089
vn -0.960293889 -0.111695901 0.255655318
vn -0.991589665 -0.0271402411 0.126543701
vn -0.982023895 -0.0645598695 0.17737247
vn -0.848566651 -0.0398116708 0.527588487
vn -0.991589665 -0.0271402411 0.126543701
vn -0.960293889 -0.111695901 0.255655318
vn -0.0145341549 0.0924531668 0.995610952
vn -0.422998458 0.0204038639 0.905900717
vn -0.719339609 -0.13545078 0.681324899
vn -0.559769094 -0.318402737 0.765034854
vn -0.0405111201 -0.129502684 0.990751147
vn -0.0635239184 -0.114576645 0.991381407
vn 0.1653184 -0.113927871 0.979637802
vn 0.0749662742 -0.25385347 0.964333117
vn 0.217174843 -0.276628047 0.936115444
vn 0.10336756 -0.0872359946 0.990810335
vn -0.122198857 -0.181169137 0.975830495
vn 0.0749662742 -0.25385347 0.964333117
vn -0.128341183 0.568577766 -0.812556446
vn 0.0478931032 0.121915676 -0.991384327
vn -0.296293348 0.194153816 -0.935154796
vn -0.681139886 0.215511292 -0.699716508
vn -0.29891482 0.572332263 -0.763600528
vn -0.362276137 0.183355257 -0.913858175
vn -0.997309625 -0.0720905513 -0.0132788094
vn -0.947718203 -0.249631226 -0.19878234
vn -0.96367842 -0.262143135 -0.0510381274
vn -0.784667194 -0.493914068 -0.374628335
vn -0.775687695 -0.576508641 -0.256800503
vn -0.883689702 -0.444136262 -0.147767946
vn 0.985781491 0.122347258 -0.115178145
vn 0.988114715 0.145904779 -0.048384428
vn 0.985781491 0.148062304 -0.0794518068
vn 0.985256672 0.127562702 -0.114003941
vn 0.988783896 0.122981824 -0.0847454593
vn 0.985546529 0.128743261 -0.1101062
vn -0.937031984 0.132186234 0.323261112
vn -0.993270338 0.0748696774 0.0883653313
vn -0.994229496 0.0746162757 0.0770722106
vn -0.957252979 0.149684414 0.247510418
vn -0.989525914 0.0978287384 0.106150098
vn -0.937031984 0.132186234 0.323261112
vn 0.919527292 0.354284137 -0.170153871
vn 0.936352789 0.325789541 -0.130783841
vn 0.916881144 0.381043375 -0.118890226
vn 0.897276402 0.396211028 -0.19470951
vn 0.919527292 0.354284137 -0.170153871
vn 0.916881144 0.381043375 -0.118890226
vn -0.339660585 -0.920652211 0.192432538
vn -0.718461871 -0.677046359 0.159438878
vn -0.776866138 -0.597439945 0.198858112
vn -0.718461871 -0.677046359 0.159438878
vn -0.94397676 -0.264459491 0.197405666
vn -0.955163538 -0.204606429 0.214006141
vn -0.953402698 0.162246644 0.254360616
vn -0.913968146 0.152856752 0.375894994
vn -0.959266424 0.149993569 0.239394501
vn -0.953402698 0.162246644 0.254360616
vn -0.966362417 0.147068024 0.210984975
vn -0.966808319 0.166476309 0.193822846
vn -0.649839818 -0.373694032 0.661861777
vn -0.748372197 -0.482098341 0.455543905
vn -0.540884733 -0.533343375 0.650375605
vn -0.649839818 -0.373694032 0.661861777
vn -0.808455467 -0.296755522 0.508267641
vn -0.748372197 -0.482098341 0.455543905
vn -0.262567908 -0.104703836 -0.959215999
vn -0.270582199 0.0249156635 -0.962374389
vn -0.082014516 -0.106569514 -0.990917027
vn -0.540372193 0.124114931 -0.832221925
vn -0.41619277 0.0214407407 -0.909023523
vn -0.262567908 -0.104703836 -0.959215999
vn -0.214639515 -0.949198961 -0.230111316
vn -0.339660585 -0.920652211 0.192432538
vn -0.776866138 -0.597439945 0.198858112
vn -0.214639515 -0.949198961 -0.230111316
vn 0.475329489 -0.722684264 -0.501786113
vn 0.0411745869 -0.993437469 -0.106707729
vn 0.353334278 -0.919507384 0.172223881
vn 0.671997905 -0.710667312 0.20825614
vn 0.533279955 -0.76735276 0.356064916
vn 0.353334278 -0.919507384 0.172223881
vn 0.533279955 -0.76735276 0.356064916
vn 0.260637939 -0.93744123 0.230806842
vn 0.999504745 0.0253262054 -0.0186722558
vn 0.970451474 0.215464458 0.108623341
vn 0.980055094 0.113912128 0.162837833
vn 0.997906625 0.0297871567 -0.057403136
vn 0.970451474 0.215464458 0.108623341
vn 0.999504745 0.0253262054 -0.0186722558
vn -0.504239202 -0.857623994 0.101113237
vn -0.420131773 -0.904400587 0.0744895265
vn -0.0341749229 -0.988692164 0.146013215
vn -0.958030045 -0.272778571 0.0881494358
vn -0.741007745 -0.661644816 0.114602432
vn -0.770688117 -0.628416598 0.105510205
vn -0.876600027 0.0836338699 0.473896295
vn -0.929861486 0.123157993 0.346684009
vn -0.857789516 0.117413074 0.500411153
vn -0.922038376 0.172958881 0.346309811
vn -0.843439221 0.147700861 0.516521811
vn -0.913968146 0.152856752 0.375894994
vn -0.133211732 0.0980430469 -0.986226201
vn -0.131222472 0.0917321593 -0.987099767
vn -0.379007339 0.0399171598 -0.924532294
vn -0.379007339 0.0399171598 -0.924532294
vn -0.131222472 0.0917321593 -0.987099767
vn -0.333426774 0.0365273803 -0.942067981
vn 0.958696961 -0.0575385801 -0.278548628
vn 0.967049062 -0.138595015 -0.213559002
vn 0.95435524 -0.156093433 -0.25463888
vn 0.946324587 0.0274546687 -0.322050035
vn 0.93292892 -0.121234313 -0.339036554
vn 0.817121625 -0.222516894 -0.531788051
vn 0.990170598 -0.0102996491 -0.139485031
vn 0.991428077 0.00708016148 -0.130461574
vn 0.992490888 0.00407263031 -0.122250758
vn 0.992490888 0.00407263031 -0.122250758
vn 0.994757116 0.00962535944 -0.10181085
vn 0.998416662 0.0110275531 -0.0551599301
vn 0.970451474 0.215464458 0.108623341
vn 0.833944201 0.339308023 0.435209125
vn 0.980055094 0.113912128 0.162837833
vn 0.724279881 0.231541395 0.649466932
vn 0.848392606 0.160160005 0.504557967
vn 0.980055094 0.113912128 0.162837833
vn 0.897437811 0.419434637 -0.136674538
vn 0.887545586 0.423771203 -0.180778384
vn 0.897276402 0.396211028 -0.19470951
vn 0.884478927 0.397270679 -0.244689748
vn 0.897276402 0.396211028 -0.19470951
vn 0.887545586 0.423771203 -0.180778384
vn -0.865297318 -0.307048917 0.396208882
vn -0.885608613 -0.222041816 0.407915235
vn -0.964079857 -0.116570681 0.238665774
vn -0.865297318 -0.307048917 0.396208882
vn -0.964079857 -0.116570681 0.238665774
vn -0.893625915 -0.350040227 0.280899554
vn -0.395121783 0.095665589 -0.913633883
vn -0.456624389 0.164651394 -0.874290586
vn -0.151157245 0.0941204652 -0.984018743
vn -0.847044706 0.0447478071 -0.529634655
vn -0.767139614 0.161324352 -0.620863318
vn -0.624717534 0.0542176776 -0.778966308
vn -0.0527213253 -0.980364203 -0.190017477
vn -0.0255131461 -0.985383093 -0.168431804
vn -0.087173596 -0.985474229 -0.145744011
vn -0.087173596 -0.985474229 -0.145744011
vn -0.0228387825 -0.989115417 -0.145358279
vn -0.173539788 -0.980449975 -0.0927464291
vn -0.835999906 0.215022266 0.504846096
vn -0.73648566 0.210736841 0.6427899
vn -0.828837454 0.201134652 0.522085547
vn -0.820130885 0.224084511 0.526470661
vn -0.828837454 0.201134652 0.522085547
vn -0.838096082 0.223001182 0.4978607
vn -0.103525952 -0.722355902 -0.683728158
vn 0.0515460521 -0.673413038 -0.73746717
vn -0.00809711404 -0.940762579 -0.338969231
vn -0.188976705 -0.456501842 -0.869421661
vn 0.266979724 -0.377113789 -0.886852264
vn 0.0515460521 -0.673413038 -0.73746717
vn 0.762436211 0.570197165 -0.30588606
vn 0.720565498 0.613821924 -0.322502613
vn 0.658012927 0.670050979 -0.343585134
vn 0.658012927 0.670050979 -0.343585134
vn 0.591282904 0.797286987 -0.121317402
vn 0.19976078 0.9788782 -0.0435091332
vn -0.932865441 -0.318572938 0.168146506
vn -0.952277184 -0.296170533 0.0738329068
vn -0.945622206 -0.297314018 0.131920263
vn -0.889741123 -0.253304869 0.379733264
vn -0.797435105 -0.338494122 0.499518782
vn -0.945622206 -0.297314018 0.131920263
vn -0.235052899 0.125002488 -0.963911057
vn -0.238550425 0.121854812 -0.963454723
vn -0.226016581 0.124245718 -0.96616745
vn -0.681139886 0.215511292 -0.699716508
vn -0.362276137 0.183355257 -0.913858175
vn -0.408833593 0.156216055 -0.899139404
vn 0.575614929 0.167715475 -0.800336778
vn 0.908038557 0.170505658 -0.382614553
vn 0.851867557 0.156003743 -0.499984324
vn 0.68230468 0.198369712 -0.703640461
vn 0.892626345 0.158212572 -0.422122151
vn 0.920852363 0.148283347 -0.360614538
vn 0.912590683 0.408699691 -0.0119523918
vn 0.916881144 0.381043375 -0.118890226
vn 0.937089264 0.347066551 -0.0375320129
vn 0.914737463 0.386647314 0.11729984
vn 0.912590683 0.408699691 -0.0119523918
vn 0.937089264 0.347066551 -0.0375320129
vn 0.83591181 0.0723221749 0.544078112
vn 0.953420401 -0.089735128 0.287988096
vn 0.971631765 -0.0327797607 0.23421593
vn 0.565195739 0.139790744 0.813026607
vn 0.828023791 -0.0144350603 0.560507059
vn 0.83591181 0.0723221749 0.544078112
vn 0.358207613 0.847601771 0.391482413
vn 0.722603977 0.615277231 0.315083086
vn 0.626140177 0.748036504 0.219976664
vn 0.908049643 0.394260108 0.141438842
vn 0.760035276 0.616850734 0.204552472
vn 0.722603977 0.615277231 0.315083086
vn 0.475329489 -0.722684264 -0.501786113
vn 0.713393331 -0.502743185 -0.488179445
vn 0.667058289 -0.649072528 -0.365702212
vn 0.783270359 -0.508707762 -0.357356995
vn 0.814951122 -0.425061345 -0.393925756
vn 0.84477061 -0.470127702 -0.25562188
vn 0.919208884 0.286642104 -0.269983828
vn 0.933088124 0.303138644 -0.193528801
vn 0.913029194 0.33387965 -0.234312013
vn 0.913029194 0.33387965 -0.234312013
vn 0.925125301 0.228103861 -0.30349949
vn 0.919208884 0.286642104 -0.269983828
vn 0.944240689 0.314993978 0.095855698
vn 0.892841041 0.142785192 0.427138507
vn 0.981320262 0.117478818 0.152345538
vn 0.936456263 0.341262251 -0.0811771601
vn 0.91651094 0.386111498 -0.104525559
vn 0.944240689 0.314993978 0.095855698
vn -0.993084908 0.114037961 0.0278886743
vn -0.990623772 0.12840566 0.0466540381
vn -0.988659501 0.104020484 -0.108314246
vn -0.982588768 0.139321864 0.122917227
vn -0.981387913 0.149434879 0.120611466
vn -0.986888766 0.134362593 0.0894264206
vn -0.984906912 -0.163684651 0.0562651344
vn -0.996934235 -0.0521924943 0.0582931489
vn -0.973467529 -0.199827105 0.111490667
vn -0.966744244 -0.200515181 0.158742443
vn -0.987889647 -0.116498686 0.102479555
vn -0.963793576 -0.209948763 0.164388508
vn 0.27491346 0.238084123 0.931524932
vn 0.419000298 0.35422489 0.836040437
vn 0.149538949 0.213930577 0.965335131
vn 0.294784039 0.213929042 0.931309104
vn 0.27491346 0.238084123 0.931524932
vn 0.200057179 0.187760398 0.961625278
vn 0.90752399 0.0274395514 -0.419102937
vn 0.959577143 -0.0300684944 -0.279834777
vn 0.96224606 -0.00195515458 -0.272174269
vn 0.606598794 -0.00720507465 -0.794975519
vn 0.79665339 -0.0164062772 -0.604213536
vn 0.959577143 -0.0300684944 -0.279834777
vn -0.970738351 -0.162301958 0.1769889
vn -0.984074652 -0.132940516 0.117999852
vn -0.993564427 -0.100969896 0.0513300672
vn -0.962830961 -0.234354392 0.134292617
vn -0.984074652 -0.132940516 0.117999852
vn -0.972828031 -0.190553322 0.131511092
vn 0.799197614 0.591729581 0.105542459
vn 0.55242902 0.794940829 -0.250781268
vn 0.301802188 0.953370452 0.000538295542
vn 0.922054529 0.345571727 -0.174343333
vn 0.931779802 0.359230846 0.0523414277
vn 0.982227147 0.186507553 0.0210905988
vn -0.990870178 -0.036372412 0.129820153
vn -0.977814496 -0.0391384214 0.205784053
vn -0.94397676 -0.264459491 0.197405666
vn -0.97384274 -0.127878547 0.187822521
vn -0.977814496 -0.0391384214 0.205784053
vn -0.990870178 -0.036372412 0.129820153
vn 0.590354085 0.302600622 0.748274565
vn 0.824427366 0.357756406 0.438554347
vn 0.727857888 0.349414527 0.590027452
vn 0.376237363 0.252992183 0.891313851
vn 0.419000298 0.35422489 0.836040437
vn 0.27491346 0.238084123 0.931524932
vn 0.12395338 0.0367618538 -0.991606772
vn 0.205542177 0.0359739587 -0.977986872
vn -0.153793126 -0.00133622857 -0.988102138
vn 0.606598794 -0.00720507465 -0.794975519
vn 0.959577143 -0.0300684944 -0.279834777
vn 0.90752399 0.0274395514 -0.419102937
vn 0.0374254249 -0.706353426 0.706869185
vn -0.112075217 -0.452266306 0.88481313
vn -0.191997781 -0.572839499 0.796863735
vn 0.0374254249 -0.706353426 0.706869185
vn -0.191997781 -0.572839499 0.796863735
vn -0.0116114998 -0.809027076 0.587656617
vn 0.539825082 -0.839978218 -0.0550032854
vn 0.304368883 -0.896360159 -0.322332174
vn 0.829999626 -0.442427427 -0.339644819
vn -0.00809711404 -0.940762579 -0.338969231
vn 0.304368883 -0.896360159 -0.322332174
vn 0.0560144447 -0.994055927 -0.0933553055
vn -0.999774933 0.00046280789 -0.0212087389
vn -0.996274412 -0.0103892796 0.0856120661
vn -0.99857235 -0.0502373688 0.0181507133
vn -0.997321308 0.0529243313 -0.0504897647
vn -0.791110992 0.524876952 -0.314082325
vn -0.997493804 0.0456334762 0.0540724955
vn -0.00610164925 -0.999948144 0.00815128163
vn 0.260637939 -0.93744123 0.230806842
vn -0.17672272 -0.97715956 0.118017353
vn -0.491319627 -0.870887935 -0.0126198856
vn -0.293799698 -0.955217838 -0.035220813
vn -0.17672272 -0.97715956 0.118017353
vn -0.153319508 0.0639561713 -0.986104786
vn 0.12395338 0.0367618538 -0.991606772
vn -0.155079663 0.0405135639 -0.987070978
vn -0.420932174 0.0303293709 -0.906584918
vn -0.153319508 0.0639561713 -0.986104786
vn -0.155079663 0.0405135639 -0.987070978
vn -0.901546717 -0.425233662 -0.0799366161
vn -0.685785413 -0.724911094 -0.0648249462
vn -0.905965865 -0.419946551 0.0535791181
vn -0.98646462 -0.144032896 0.078372173
vn -0.877774 -0.46907115 0.097391285
vn -0.984928548 -0.114545211 0.129596025
vn -0.37211892 0.0038087382 -0.928177297
vn -0.798717082 -0.169698402 -0.577281177
vn -0.818068504 -0.0438739918 -0.573444784
vn -0.798717082 -0.169698402 -0.577281177
vn -0.184832126 -0.114713416 -0.976052225
vn -0.0463797189 -0.319425672 -0.946475685
vn 0.165640801 0.66528517 0.7279827
vn 0.257660091 0.67595005 0.690436721
vn 0.20287624 0.72067827 0.662920833
vn 0.33193627 0.657582223 0.676316321
vn 0.662930965 0.647340596 0.376128703
vn 0.310929686 0.717494309 0.62331742
vn -0.105234407 0.137509182 0.984894395
vn -0.309746206 0.0326313339 0.950259209
vn 0.0828840286 0.100671686 0.991461217
vn 0.0828840286 0.100671686 0.991461217
vn 0.0719566718 0.192100495 0.978733659
vn -0.105234407 0.137509182 0.984894395
vn -0.548018277 -0.214993313 -0.808364809
vn -0.409312546 -0.236685842 -0.881160021
vn -0.456791282 -0.397678405 -0.795734584
vn -0.32418251 -0.646207929 -0.690884173
vn -0.456791282 -0.397678405 -0.795734584
vn -0.328492492 -0.406997919 -0.852317572
vn 0.664237261 0.196365818 0.72126919
vn 0.432721406 0.198217154 0.87946707
vn 0.566708922 0.176791593 0.804727197
vn 0.566708922 0.176791593 0.804727197
vn 0.677198648 0.170676127 0.715731561
vn 0.76765132 0.175934866 0.616245389
vn 0.949329436 -0.299725354 0.0945435017
vn 0.985066235 -0.159956887 0.0637048036
vn 0.885485709 -0.396122843 0.242903054
vn 0.981872857 -0.131802663 0.136211991
vn 0.935116589 -0.0901504532 0.342680365
vn 0.885485709 -0.396122843 0.242903054
vn -0.662178695 0.417714447 -0.622120559
vn -0.470643789 0.416719139 -0.777714312
vn -0.976428986 0.162764937 -0.141753227
vn 0.237046912 0.38858676 -0.890398264
vn 0.199919462 0.373271555 -0.905925214
vn -0.00569683639 0.434398651 -0.900702655
vn 0.442838341 0.101749986 0.890809238
vn 0.223929211 0.0400790162 0.97378099
vn 0.683261752 -0.00435280055 0.730160534
vn 0.028123226 0.0643265769 0.997532487
vn -0.148377046 0.0290657487 0.988503575
vn 0.223929211 0.0400790162 0.97378099
vn -0.175888017 -0.23044917 -0.957056165
vn 0.266979724 -0.377113789 -0.886852264
vn -0.188976705 -0.456501842 -0.869421661
vn -0.175888017 -0.23044917 -0.957056165
vn -0.188976705 -0.456501842 -0.869421661
vn -0.297316641 -0.212098837 -0.930922627
vn -0.993878722 -0.0958443806 0.0549451485
vn -0.995985866 -0.0571115315 0.0689228699
vn -0.991258383 -0.0839305669 0.101796404
vn -0.993878722 -0.0958443806 0.0549451485
vn -0.991258383 -0.0839305669 0.101796404
vn -0.994265914 -0.0487439632 0.095181644
vn 0.934175372 0.158305883 0.31977433
vn 0.76765132 0.175934866 0.616245389
vn 0.955293477 0.172346979 0.240230858
vn 0.989100695 0.147080153 0.00687089609
vn 0.990653157 0.133862779 0.0262117647
vn 0.955293477 0.172346979 0.240230858
vn -0.826901495 -0.0305357482 -0.561517
vn -0.848162591 -0.0426782258 -0.528013945
vn -0.53791523 -0.0492059663 -0.841561556
vn -0.99035871 0.0226113424 -0.136668265
vn -0.848162591 -0.0426782258 -0.528013945
vn -0.948361695 0.0197450351 -0.316575795
vn -0.663060784 -0.312536776 0.680199325
vn -0.405148745 -0.407779843 0.81827265
vn -0.122198857 -0.181169137 0.975830495
vn 0.0749662742 -0.25385347 0.964333117
vn -0.122198857 -0.181169137 0.975830495
vn -0.0691025779 -0.324180156 0.943468153
vn 0.713393331 -0.502743185 -0.488179445
vn 0.709021509 -0.423457474 -0.563890278
vn 0.835904479 -0.344779998 -0.427071929
vn 0.835904479 -0.344779998 -0.427071929
vn 0.709021509 -0.423457474 -0.563890278
vn 0.67511493 -0.401683182 -0.618765295
vn 0.266979724 -0.377113789 -0.886852264
vn 0.239030868 -0.147677988 -0.95971632
vn 0.854984164 -0.126160175 -0.503076196
vn 0.239030868 -0.147677988 -0.95971632
vn 0.266979724 -0.377113789 -0.886852264
vn -0.175888017 -0.23044917 -0.957056165
vn -0.696797013 0.440001369 0.566456318
vn -0.316402555 0.656983554 0.684296727
vn -0.680064142 0.577987075 0.451047391
vn -0.316402555 0.656983554 0.684296727
vn 0.083871074 0.650756478 0.754640162
vn 0.000610970543 0.756535232 0.653952658
vn 0.687625229 0.556260049 -0.466632813
vn 0.569797575 0.807920635 -0.150316194
vn 0.726786077 0.680578172 0.0927112773
vn 0.28327477 0.896661103 -0.340226769
vn 0.726786077 0.680578172 0.0927112773
vn 0.569797575 0.807920635 -0.150316194
vn -0.995193422 0.0329716243 0.0922110826
vn -0.993285596 0.0308174416 0.111507535
vn -0.995660007 0.0270017833 0.0890623033
vn -0.997180998 0.0467748791 0.0586712882
vn -0.995948374 0.0429361947 0.0790140256
vn -0.997760773 0.0327824913 0.0582978316
vn -0.685785413 -0.724911094 -0.0648249462
vn -0.374218851 -0.926591873 0.0372522846
vn -0.537793934 -0.841617882 0.0495686904
vn -0.374218851 -0.926591873 0.0372522846
vn -0.347970903 -0.937194705 -0.0241308752
vn -0.537793934 -0.841617882 0.0495686904
vn 0.993207753 0.102155447 0.0557011478
vn 0.965251267 0.0388242938 0.258423209
vn 0.996634483 0.0445240773 0.0688271001
vn 0.993507087 0.107634127 0.0368582867
vn 0.993207753 0.102155447 0.0557011478
vn 0.997641802 0.0491747819 0.047882244
vn 0.561805367 -0.281525493 -0.777893424
vn 0.810323119 -0.084228605 -0.579898238
vn 0.715784431 -0.256545812 -0.64948988
vn 0.561805367 -0.281525493 -0.777893424
vn 0.500878453 -0.108841389 -0.85864687
vn 0.810323119 -0.084228605 -0.579898238
vn -0.938835084 0.32205373 0.121943481
vn -0.981083214 0.193303883 -0.0104508828
vn -0.975358784 0.118763618 0.18593131
vn -0.945468128 0.214468166 0.245139763
vn -0.938835084 0.32205373 0.121943481
vn -0.975358784 0.118763618 0.18593131
vn -0.719339609 -0.13545078 0.681324899
vn -0.422998458 0.0204038639 0.905900717
vn -0.958541512 -0.206609502 0.196241498
vn -0.936703205 -0.277449042 0.21356295
vn -0.958541512 -0.206609502 0.196241498
vn -0.422998458 0.0204038639 0.905900717
vn 0.967224598 0.119473964 -0.224059686
vn 0.967233837 0.146298796 -0.207497731
vn 0.978812695 0.119325586 -0.166394487
vn 0.955294251 0.140433967 -0.260175228
vn 0.909049511 0.21415554 -0.357444257
vn 0.967233837 0.146298796 -0.207497731
vn -0.998863399 -0.029311372 0.0375888981
vn -0.999585867 -0.0287760384 0.000219434485
vn -0.995501757 -0.0876144469 0.036056269
vn -0.991223395 -0.097506471 0.0892684311
vn -0.997681379 -0.024006322 0.0636842623
vn -0.99796772 -0.0120109105 0.0625791028
vn -0.91171211 -0.355110466 0.206585497
vn -0.91557312 -0.341407478 0.212524712
vn -0.853224277 -0.45013392 0.263415784
vn -0.853224277 -0.45013392 0.263415784
vn -0.843338549 -0.478892237 0.243807927
vn -0.91171211 -0.355110466 0.206585497
vn -0.903923333 0.297025144 0.307731599
vn -0.594409943 0.803338885 0.036379084
vn -0.869403243 0.399326146 0.290992349
vn -0.945468128 0.214468166 0.245139763
vn -0.967867792 0.0863980353 0.236151025
vn -0.903923333 0.297025144 0.307731599
vn -0.421270043 0.370048404 0.828007162
vn -0.636658669 0.264844954 0.724239528
vn -0.468875974 0.299037337 0.831102848
vn -0.421270043 0.370048404 0.828007162
vn -0.361798465 0.591172993 0.720844269
vn -0.636658669 0.264844954 0.724239528
vn -0.944295466 0.0734333917 0.320801526
vn -0.997180998 0.0467748791 0.0586712882
vn -0.96218586 -0.022304235 0.271479636
vn -0.894816041 -0.159824803 0.416845709
vn -0.68386358 0.10730128 0.721676469
vn -0.75819689 0.107802346 0.64305222
vn -0.316402555 0.656983554 0.684296727
vn -0.379821807 0.725699484 0.57366854
vn -0.680064142 0.577987075 0.451047391
vn -0.379821807 0.725699484 0.57366854
vn -0.823151886 0.544529676 0.160960913
vn -0.680064142 0.577987075 0.451047391
vn 0.343559206 0.207507238 0.915919065
vn 0.390142024 0.189174592 0.901111662
vn 0.390564322 0.212135658 0.895800233
vn 0.390564322 0.212135658 0.895800233
vn 0.221926898 0.407393843 0.885877311
vn 0.343559206 0.207507238 0.915919065
vn -0.966808319 0.166476309 0.193822846
vn -0.966362417 0.147068024 0.210984975
vn -0.973375201 0.150547475 0.172846943
vn -0.970879912 0.17174308 0.167022571
vn -0.973375201 0.150547475 0.172846943
vn -0.979934633 0.147757679 0.133775637
vn -0.740963161 0.21086511 0.637580872
vn -0.73648566 0.210736841 0.6427899
vn -0.835999906 0.215022266 0.504846096
vn -0.485630423 0.23305805 0.842524111
vn -0.511223733 0.201415136 0.835513175
vn -0.307702333 0.212613374 0.927423775
vn -0.727813542 -0.614719212 0.303986579
vn -0.662940919 -0.724412203 0.189040288
vn -0.562723815 -0.797273457 0.218395993
vn -0.662940919 -0.724412203 0.189040288
vn -0.727813542 -0.614719212 0.303986579
vn -0.917279601 -0.360417128 0.169403657
vn -0.994325697 -0.105509236 -0.0135688148
vn -0.957591116 -0.0494874455 -0.283849001
vn -0.991098642 -0.098487556 -0.0895754471
vn -0.998072326 -0.0602103025 0.0150488783
vn -0.997378409 -0.0706489757 -0.0156569947
vn -0.999815643 -0.00425746851 -0.0187262315
vn -0.224709585 0.115056902 -0.967609227
vn 0.0720316544 0.23795931 -0.968600452
vn -0.119196914 0.104179069 -0.987389982
vn 0.0720316544 0.23795931 -0.968600452
vn 0.113294676 0.217920765 -0.969368339
vn -0.119196914 0.104179069 -0.987389982
vn 0.798182845 -0.602212191 0.0156366602
vn 0.623770297 -0.757514477 -0.192568421
vn 0.874275386 -0.477038562 -0.08987014
vn 0.978908956 -0.187030017 -0.0822018385
vn 0.956882656 -0.284523934 -0.0584962331
vn 0.874275386 -0.477038562 -0.08987014
vn -0.746100008 0.193777248 0.63701278
vn -0.967146814 0.071146667 0.244059727
vn -0.79984051 0.118049763 0.588489056
vn -0.677484155 0.171746343 0.715205073
vn -0.79984051 0.118049763 0.588489056
vn -0.228882179 0.163809881 0.959572434
vn -0.511223733 0.201415136 0.835513175
vn -0.73648566 0.210736841 0.6427899
vn -0.740963161 0.21086511 0.637580872
vn -0.511223733 0.201415136 0.835513175
vn -0.740963161 0.21086511 0.637580872
vn -0.478455126 0.149655253 0.86526531
vn 0.358207613 0.847601771 0.391482413
vn 0.366123885 0.801833272 0.472246617
vn 0.722603977 0.615277231 0.315083086
vn 0.104635239 0.855035961 0.507902503
vn 0.366123885 0.801833272 0.472246617
vn 0.358207613 0.847601771 0.391482413
vn -0.330659747 -0.220662996 0.91759038
vn -0.521254361 -0.0879661664 0.848855615
vn -0.49694258 -0.302533031 0.813339949
vn -0.49694258 -0.302533031 0.813339949
vn -0.403511196 -0.463736892 0.788750112
vn -0.199485555 -0.417010069 0.886740148
vn 0.928801715 0.349930048 -0.12196862
vn 0.899269462 0.409505486 -0.153686792
vn 0.907616377 0.381338179 -0.175538138
vn 0.88382858 0.405790418 -0.232768714
vn 0.89403522 0.429307759 -0.128046021
vn 0.874628007 0.439600021 -0.20439592
vn 0.893683493 0.0545594804 0.445368558
vn 0.748086274 0.0141228028 0.663451254
vn 0.935116589 -0.0901504532 0.342680365
vn 0.76145196 0.112590484 0.638368428
vn 0.654896498 0.0729014724 0.752194107
vn 0.893683493 0.0545594804 0.445368558
vn 0.905035555 0.416648656 -0.0855247751
vn 0.896724582 0.423884898 -0.127305135
vn 0.897437811 0.419434637 -0.136674538
vn 0.944240689 0.314993978 0.095855698
vn 0.91651094 0.386111498 -0.104525559
vn 0.905035555 0.416648656 -0.0855247751
vn 0.157541394 0.971755743 0.175702602
vn 0.266622394 0.871908665 -0.410716236
vn -0.484736294 0.841250241 -0.23943378
vn 0.406355232 0.887188971 -0.21856606
vn 0.266622394 0.871908665 -0.410716236
vn 0.157541394 0.971755743 0.175702602
vn 0.150633618 0.158171579 0.975854158
vn 0.126998395 0.131982848 0.983082891
vn 0.697318017 0.0905445889 0.711019933
vn 0.697318017 0.0905445889 0.711019933
vn 0.688222766 0.114817269 0.716356277
vn 0.954351962 0.0699524432 0.290377498
vn -0.59419775 -0.61913079 0.513425708
vn 0.391454548 -0.90893805 -0.143509731
vn -0.0286023691 -0.99805063 0.0554689355
vn -0.0294331294 -0.999341547 -0.0212182123
vn 0.391454548 -0.90893805 -0.143509731
vn -0.056824781 -0.998381436 -0.00233711652
vn -0.96218586 -0.022304235 0.271479636
vn -0.998986304 0.00126548077 0.0449961424
vn -0.984906912 -0.163684651 0.0562651344
vn -0.998986304 0.00126548077 0.0449961424
vn -0.996934235 -0.0521924943 0.0582931489
vn -0.984906912 -0.163684651 0.0562651344
vn -0.0776420832 0.196884781 0.977347434
vn 0.472044975 0.169191644 0.865186453
vn -0.0769258216 0.254165292 0.964096725
vn 0.431759238 0.236009479 0.870564997
vn -0.114839956 0.311862588 0.943161488
vn -0.0769258216 0.254165292 0.964096725
vn -0.945294857 0.269413888 0.183939546
vn -0.981570661 0.190628678 0.013400482
vn -0.995542586 0.0244604331 0.0910852551
vn -0.981992066 0.18253915 -0.0486943498
vn -0.981570661 0.190628678 0.013400482
vn -0.484736294 0.841250241 -0.23943378
vn 0.914579153 0.190956682 -0.356483519
vn 0.939864278 0.234682918 -0.248151407
vn 0.939942062 0.261900634 -0.218899578
vn 0.939864278 0.234682918 -0.248151407
vn 0.948662221 0.288885534 -0.128783703
vn 0.939942062 0.261900634 -0.218899578
vn 0.146800384 -0.619677961 0.771005094
vn -0.311293095 -0.603554606 0.734042466
vn 0.0861846358 -0.80018574 0.593527615
vn -0.445065945 -0.394604057 0.803868175
vn -0.311293095 -0.603554606 0.734042466
vn 0.00259227864 -0.39402917 0.919094265
vn 0.701810837 0.0543132238 -0.710289776
vn 0.140220359 0.102284707 -0.984822869
vn 0.338143915 0.115620695 -0.933964968
vn 0.3506006 0.120254867 -0.92877233
vn 0.152565852 0.0831016749 -0.984793305
vn 0.151326582 0.081984356 -0.985078037
vn 0.504085302 -0.295968711 0.8113572
vn 0.654896498 0.0729014724 0.752194107
vn 0.388388783 0.0215956997 0.921242416
vn 0.388388783 0.0215956997 0.921242416
vn -0.0405111201 -0.129502684 0.990751147
vn 0.504085302 -0.295968711 0.8113572
vn 0.923754632 0.321403742 -0.208271563
vn 0.90164268 0.363804877 -0.233851686
vn 0.936674953 0.326406658 -0.126880944
vn 0.941623211 0.335192531 0.0314907171
vn 0.767325163 0.625724494 0.140288576
vn 0.755089045 0.456380755 0.470698684
vn -0.815540016 -0.485302299 0.315239757
vn -0.817545414 -0.507788718 0.271606386
vn -0.856741548 -0.462715685 0.22778964
vn -0.853224277 -0.45013392 0.263415784
vn -0.84922713 -0.451035827 0.274554312
vn -0.815540016 -0.485302299 0.315239757
vn -0.981570661 0.190628678 0.013400482
vn -0.981992066 0.18253915 -0.0486943498
vn -0.995542586 0.0244604331 0.0910852551
vn -0.980016232 0.173438787 -0.0974029824
vn -0.976428986 0.162764937 -0.141753227
vn -0.998422444 0.0243010987 0.0506177917
vn 0.748086274 0.0141228028 0.663451254
vn 0.743633211 -0.0803479254 0.663742304
vn 0.935116589 -0.0901504532 0.342680365
vn 0.504085302 -0.295968711 0.8113572
vn 0.687544107 -0.429873139 0.585228384
vn 0.636993945 -0.137981743 0.758419275
vn -0.227159426 -0.2642124 0.937331498
vn -0.49694258 -0.302533031 0.813339949
vn -0.199485555 -0.417010069 0.886740148
vn -0.227159426 -0.2642124 0.937331498
vn -0.199485555 -0.417010069 0.886740148
vn -0.121120676 -0.230788991 0.965435863
vn 0.98990798 0.136866882 -0.0367367789
vn 0.996339977 -0.0845946595 -0.0122700334
vn 0.99328047 0.0202479679 -0.113947794
vn 0.969135523 0.14490886 -0.199443594
vn 0.927238286 0.28159976 -0.24684152
vn 0.957572639 0.2598176 -0.124697141
vn -0.833202183 0.144349292 0.533795357
vn -0.88693434 0.25153175 0.387400538
vn -0.876600027 0.0836338699 0.473896295
vn -0.876600027 0.0836338699 0.473896295
vn -0.88693434 0.25153175 0.387400538
vn -0.929861486 0.123157993 0.346684009
vn 0.743633211 -0.0803479254 0.663742304
vn 0.820869088 -0.290361226 0.49179706
vn 0.935116589 -0.0901504532 0.342680365
vn 0.935116589 -0.0901504532 0.342680365
vn 0.820869088 -0.290361226 0.49179706
vn 0.885485709 -0.396122843 0.242903054
vn 0.677507579 0.146384478 0.720801532
vn 0.677198648 0.170676127 0.715731561
vn 0.49025625 0.141439006 0.860025465
vn 0.57444793 0.162647352 0.802219093
vn 0.49025625 0.141439006 0.860025465
vn 0.677198648 0.170676127 0.715731561
vn -0.94259268 -0.280269384 0.18157135
vn -0.963793576 -0.209948763 0.164388508
vn -0.918164313 -0.323905736 0.228165671
vn -0.856741548 -0.462715685 0.22778964
vn -0.846422493 -0.450856507 0.283368021
vn -0.825820982 -0.469256788 0.312758237
vn -0.559769094 -0.318402737 0.765034854
vn -0.827275217 -0.309838533 0.468631864
vn -0.836461067 -0.273794025 0.474731326
vn -0.958541512 -0.206609502 0.196241498
vn -0.985503972 -0.139824912 0.0960771516
vn -0.719339609 -0.13545078 0.681324899
vn 0.983559728 -0.115084954 0.139161021
vn 0.970843136 -0.175922111 0.16283454
vn 0.982495308 -0.150376603 0.109954253
vn 0.972175956 -0.198999166 0.123585232
vn 0.983179569 -0.172091171 0.0611759089
vn 0.982495308 -0.150376603 0.109954253
vn -0.00201519462 -0.0185540952 -0.999825895
vn 0.250432253 -0.0470292047 -0.966991186
vn -0.140995547 -0.0553490594 -0.988461852
vn -0.153793126 -0.00133622857 -0.988102138
vn -0.00201519462 -0.0185540952 -0.999825895
vn -0.149119407 -0.0662668124 -0.986596286
vn -0.290328234 0.0120193344 -0.956851721
vn -0.187110975 0.0344208218 -0.981735587
vn -0.298048079 -0.00688637234 -0.954525948
vn -0.848162591 -0.0426782258 -0.528013945
vn -0.537805736 -0.0370809808 -0.842252851
vn -0.53791523 -0.0492059663 -0.841561556
vn -0.965504944 -0.0796537623 -0.247902334
vn -0.757646322 -0.230140239 -0.610743463
vn -0.915978491 -0.359715223 -0.177731231
vn -0.456791282 -0.397678405 -0.795734584
vn -0.757646322 -0.230140239 -0.610743463
vn -0.548018277 -0.214993313 -0.808364809
vn 0.19976078 0.9788782 -0.0435091332
vn -0.323511779 0.946222126 0.00195847638
vn -0.828490257 0.559994936 -0.00309581286
vn 0.0649128109 0.945742726 -0.31836611
vn -0.828490257 0.559994936 -0.00309581286
vn -0.791110992 0.524876952 -0.314082325
vn 0.0143234255 -0.991832256 -0.126742348
vn 0.29115507 -0.955535173 -0.0467047021
vn 0.0704005733 -0.996821523 -0.0372920707
vn 0.0704005733 -0.996821523 -0.0372920707
vn 0.29115507 -0.955535173 -0.0467047021
vn 0.353334278 -0.919507384 0.172223881
vn -0.845867753 -0.35489884 -0.398189217
vn -0.71953398 -0.315243274 -0.618783057
vn -0.860482156 -0.472031742 -0.191720098
vn -0.886519432 -0.461865276 0.0276383888
vn -0.845867753 -0.35489884 -0.398189217
vn -0.860482156 -0.472031742 -0.191720098
vn -0.719339609 -0.13545078 0.681324899
vn -0.827275217 -0.309838533 0.468631864
vn -0.559769094 -0.318402737 0.765034854
vn -0.719339609 -0.13545078 0.681324899
vn -0.559769094 -0.318402737 0.765034854
vn -0.0635239184 -0.114576645 0.991381407
vn 0.142519906 0.577422857 -0.803909719
vn 0.687625229 0.556260049 -0.466632813
vn 0.247475266 0.221897945 -0.943142235
vn 0.247475266 0.221897945 -0.943142235
vn 0.719943821 0.245323777 -0.649228036
vn 0.18036513 0.0738169774 -0.980825961
vn -0.548018277 -0.214993313 -0.808364809
vn -0.685773015 -0.146845534 -0.71284765
vn -0.409312546 -0.236685842 -0.881160021
vn -0.548018277 -0.214993313 -0.808364809
vn -0.757646322 -0.230140239 -0.610743463
vn -0.685773015 -0.146845534 -0.71284765
vn 0.79665339 -0.0164062772 -0.604213536
vn 0.512732863 0.0541502088 -0.856838822
vn 0.867647052 0.00707166875 -0.497130275
vn 0.978981197 -0.0701545253 -0.191505134
vn 0.867647052 0.00707166875 -0.497130275
vn 0.97831738 -0.0471935719 -0.2016626
vn -0.168285027 0.237480715 0.956704259
vn -0.420203507 0.237544239 0.875786304
vn -0.228273943 0.238239959 0.943998218
vn 0.326397181 0.194378734 0.925030708
vn 0.173493713 0.234047487 0.956620038
vn 0.0573379956 0.212757498 0.975421309
vn -0.838600755 0.0601766706 -0.541412592
vn -0.699432313 0.040102616 -0.71357286
vn -0.69607538 0.0619762614 -0.715288818
vn -0.699432313 0.040102616 -0.71357286
vn -0.568246603 0.0438210703 -0.821690619
vn -0.635744393 0.04310463 -0.77069521
vn 0.649233758 -0.730386496 -0.212205425
vn 0.783270359 -0.508707762 -0.357356995
vn 0.84477061 -0.470127702 -0.25562188
vn 0.590827286 -0.806795359 0.00205628597
vn 0.649233758 -0.730386496 -0.212205425
vn 0.81144321 -0.573005199 -0.114999585
vn 0.569797575 0.807920635 -0.150316194
vn 0.687625229 0.556260049 -0.466632813
vn 0.142519906 0.577422857 -0.803909719
vn 0.569797575 0.807920635 -0.150316194
vn 0.142519906 0.577422857 -0.803909719
vn 0.28327477 0.896661103 -0.340226769
vn 0.110628746 0.140214846 -0.983921289
vn 0.303229094 0.257887632 -0.91735822
vn 0.276169956 0.161892638 -0.947375774
vn 0.113294676 0.217920765 -0.969368339
vn 0.283607006 0.353424788 -0.891435862
vn 0.303229094 0.257887632 -0.91735822
vn 0.575578332 0.805338681 0.141912222
vn 0.464676857 0.78909719 -0.401747376
vn 0.406355232 0.887188971 -0.21856606
vn 0.464676857 0.78909719 -0.401747376
vn 0.340824515 0.74133265 -0.578156233
vn 0.406355232 0.887188971 -0.21856606
vn -0.573988259 0.0261196811 -0.818446815
vn -0.635744393 0.04310463 -0.77069521
vn -0.416516244 0.00316864275 -0.909122765
vn -0.394825369 -0.0278716851 -0.918333292
vn -0.416516244 0.00316864275 -0.909122765
vn -0.199978918 -0.0468118936 -0.978681326
vn 0.984316885 0.0817514136 -0.156322837
vn 0.983734548 0.100871041 -0.148632169
vn 0.99921 0.0217929017 -0.033236064
vn 0.986298144 0.0633171275 -0.152338132
vn 0.99921 0.0217929017 -0.033236064
vn 0.969898641 -0.225124046 -0.0928211436
vn 0.989100695 0.147080153 0.00687089609
vn 0.955293477 0.172346979 0.240230858
vn 0.988114715 0.145904779 -0.048384428
vn 0.985546529 0.128743261 -0.1101062
vn 0.988783896 0.122981824 -0.0847454593
vn 0.988114715 0.145904779 -0.048384428
vn 0.985272646 0.0803053975 -0.150959969
vn 0.984679878 0.134424046 -0.111066371
vn 0.993097305 0.0769900531 -0.0884880498
vn 0.990402281 0.137046069 -0.0179342609
vn 0.991466939 0.126797706 0.0302599873
vn 0.997808456 0.0658358559 0.00663418928
vn -0.226016581 0.124245718 -0.96616745
vn -0.151157245 0.0941204652 -0.984018743
vn -0.456624389 0.164651394 -0.874290586
vn 0.0478931032 0.121915676 -0.991384327
vn -0.151157245 0.0941204652 -0.984018743
vn -0.226016581 0.124245718 -0.96616745
vn -0.998422444 0.0243010987 0.0506177917
vn -0.99973166 0.0205234792 0.0107441908
vn -0.998936653 0.0164170898 0.0430825017
vn -0.999818444 0.0146950977 -0.0121327564
vn -0.961923778 0.0424888171 -0.269995242
vn -0.999761939 0.00321185798 -0.0215813648
vn -0.976137698 -0.197415039 0.0904573202
vn -0.990575016 -0.13659437 -0.0101554831
vn -0.972858191 -0.231401816 0.00013111913
vn -0.995501757 -0.0876144469 0.036056269
vn -0.990575016 -0.13659437 -0.0101554831
vn -0.986529469 -0.142474949 0.0803767741
vn -0.996835232 0.0032830108 0.0794275701
vn -0.997969568 0.0365165062 0.0521865673
vn -0.99258393 0.0207427163 0.119778283
vn -0.997969568 0.0365165062 0.0521865673
vn -0.999809921 -0.00815382134 0.0177153088
vn -0.997885823 -0.0162582584 0.0629256666
vn -0.950403214 -0.302110642 0.0739112273
vn -0.933230102 -0.170111313 -0.316455007
vn -0.976401925 -0.215902612 0.00504450593
vn -0.933230102 -0.170111313 -0.316455007
vn -0.818068504 -0.0438739918 -0.573444784
vn -0.990271807 -0.133686364 -0.0385956615
vn 0.99921 0.0217929017 -0.033236064
vn 0.99706763 -0.0742663145 0.018458847
vn 0.969898641 -0.225124046 -0.0928211436
vn 0.99706763 -0.0742663145 0.018458847
vn 0.99921 0.0217929017 -0.033236064
vn 0.985066235 -0.159956887 0.0637048036
vn -0.999880075 0.00697153062 0.0138297146
vn -0.999818444 0.0146950977 -0.0121327564
vn -0.999761939 0.00321185798 -0.0215813648
vn -0.999880075 0.00697153062 0.0138297146
vn -0.999761939 0.00321185798 -0.0215813648
vn -0.999585867 -0.0287760384 0.000219434485
vn -0.89832902 -0.430691212 0.0866605267
vn -0.856741548 -0.462715685 0.22778964
vn -0.832236767 -0.521967471 0.186900571
vn -0.832236767 -0.521967471 0.186900571
vn -0.832977712 -0.545261264 0.0940119997
vn -0.89832902 -0.430691212 0.0866605267
vn 0.677507579 0.146384478 0.720801532
vn 0.497043341 0.164857432 0.85192132
vn 0.532024562 0.11468704 0.838925898
vn 0.677507579 0.146384478 0.720801532
vn 0.49025625 0.141439006 0.860025465
vn 0.388562769 0.131654337 0.911968231
vn -0.962610424 -0.255274594 0.0906412974
vn -0.921411455 -0.342661262 0.183259815
vn -0.950403214 -0.302110642 0.0739112273
vn -0.950403214 -0.302110642 0.0739112273
vn -0.976401925 -0.215902612 0.00504450593
vn -0.962610424 -0.255274594 0.0906412974
vn 0.755089045 0.456380755 0.470698684
vn 0.767325163 0.625724494 0.140288576
vn 0.529271722 0.593950093 0.60588342
vn 0.419000298 0.35422489 0.836040437
vn 0.755089045 0.456380755 0.470698684
vn 0.529271722 0.593950093 0.60588342
vn -0.961923778 0.0424888171 -0.269995242
vn -0.937769294 0.0217128638 -0.346579343
vn -0.999761939 0.00321185798 -0.0215813648
vn -0.961923778 0.0424888171 -0.269995242
vn -0.63009274 0.0936393812 -0.770853281
vn -0.937769294 0.0217128638 -0.346579343
vn -0.991258383 -0.0839305669 0.101796404
vn -0.996835232 0.0032830108 0.0794275701
vn -0.990458667 -0.020087963 0.136338547
vn -0.990458667 -0.020087963 0.136338547
vn -0.996835232 0.0032830108 0.0794275701
vn -0.99258393 0.0207427163 0.119778283
vn 0.391545564 0.118062519 -0.912553132
vn 0.865940392 0.0846468732 -0.492932349
vn 0.69908607 0.0503444746 -0.713263035
vn 0.865940392 0.0846468732 -0.492932349
vn 0.68034023 0.588874698 -0.436306953
vn 0.938348711 0.0116808368 -0.345492631
vn -0.200840235 0.524130464 0.827617407
vn 0.0530752875 0.588022351 0.807101369
vn -0.303086519 0.590129077 0.748255491
vn -0.0384608358 0.363677919 0.930730462
vn 0.0530752875 0.588022351 0.807101369
vn -0.200840235 0.524130464 0.827617407
vn 0.199312195 0.139592305 0.96994251
vn 0.0828840286 0.100671686 0.991461217
vn 0.0990658253 0.00777164614 0.99505055
vn 0.294784039 0.213929042 0.931309104
vn 0.241580442 0.06622082 0.968118727
vn 0.372561932 0.140807956 0.917262614
vn -0.762843668 -0.643540382 0.0626529157
vn -0.675601423 -0.724567652 -0.136251599
vn -0.622584522 -0.781473219 0.0410892218
vn -0.917279601 -0.360417128 0.169403657
vn -0.762843668 -0.643540382 0.0626529157
vn -0.639952242 -0.757118106 0.131275609
vn 0.0401980653 -0.331466138 -0.942610323
vn 0.211083293 -0.427593946 -0.878980756
vn -0.140946314 -0.482060045 -0.864726722
vn -0.140946314 -0.482060045 -0.864726722
vn -0.0968917981 -0.661150753 -0.743970096
vn -0.243268535 -0.640108049 -0.728753805
vn 0.0560144447 -0.994055927 -0.0933553055
vn 0.539825082 -0.839978218 -0.0550032854
vn 0.0633615777 -0.997701287 0.0240294244
vn 0.0560144447 -0.994055927 -0.0933553055
vn 0.304368883 -0.896360159 -0.322332174
vn 0.539825082 -0.839978218 -0.0550032854
vn -0.129584372 -0.790237963 0.598942339
vn -0.175832197 -0.930357814 0.321741223
vn 0.228449702 -0.834983468 0.500612974
vn -0.490960598 -0.688785195 0.533415973
vn -0.760506809 -0.573214233 0.305048823
vn -0.482676297 -0.81759429 0.313947648
vn -0.817545414 -0.507788718 0.271606386
vn -0.815540016 -0.485302299 0.315239757
vn -0.84922713 -0.451035827 0.274554312
vn -0.851679504 -0.508240998 0.127800316
vn -0.817545414 -0.507788718 0.271606386
vn -0.84922713 -0.451035827 0.274554312
vn -0.852270722 0.380122721 -0.359362364
vn -0.957591116 -0.0494874455 -0.283849001
vn -0.998872995 -0.0314631574 -0.0355366468
vn -0.977384686 0.183307558 -0.10543979
vn -0.998994827 -0.0333994292 0.0298953988
vn -0.999168158 0.00826423243 0.0399329439
vn -0.839426219 -0.0278018564 -0.542762041
vn -0.540372193 0.124114931 -0.832221925
vn -0.53090781 0.00191311573 -0.847427428
vn -0.453684837 -0.366520643 -0.812300801
vn -0.403776824 -0.59761852 -0.692687809
vn -0.577364087 -0.557839334 -0.596209586
vn -0.148377046 0.0290657487 0.988503575
vn -0.31066972 0.0473842695 0.949336052
vn -0.322724938 -0.0411197916 0.945599079
vn -0.322724938 -0.0411197916 0.945599079
vn -0.456958622 0.0252305102 0.889129996
vn -0.521254361 -0.0879661664 0.848855615
vn -0.851500034 0.197493359 -0.485740811
vn -0.681139886 0.215511292 -0.699716508
vn -0.408833593 0.156216055 -0.899139404
vn -0.892961204 0.252801239 -0.372440487
vn -0.681139886 0.215511292 -0.699716508
vn -0.939242542 0.169802561 -0.298312902
vn -0.17672272 -0.97715956 0.118017353
vn -0.497165054 -0.861143947 0.106103718
vn -0.491319627 -0.870887935 -0.0126198856
vn -0.707562566 -0.706471562 -0.01590834
vn -0.491319627 -0.870887935 -0.0126198856
vn -0.497165054 -0.861143947 0.106103718
vn -0.403511196 -0.463736892 0.788750112
vn -0.540884733 -0.533343375 0.650375605
vn -0.288581699 -0.585618615 0.757477045
vn -0.475338787 -0.646097481 0.59716922
vn -0.580373049 -0.667865455 0.465964407
vn -0.313461185 -0.782667756 0.537748337
vn 0.970241308 0.165334284 -0.17690739
vn 0.980925977 0.137696296 -0.137200236
vn 0.925584435 0.0301549099 -0.377338171
vn 0.97623837 0.121555664 -0.179396406
vn 0.983101308 0.11265149 -0.144296184
vn 0.981731772 0.120120846 -0.147559032
vn 0.965008676 0.259894162 -0.0348316357
vn 0.981320262 0.117478818 0.152345538
vn 0.994703233 0.100251183 0.0226990357
vn 0.981320262 0.117478818 0.152345538
vn 0.965008676 0.259894162 -0.0348316357
vn 0.944240689 0.314993978 0.095855698
vn -0.932865441 -0.318572938 0.168146506
vn -0.926438451 -0.330511928 0.180204511
vn -0.927235425 -0.33843711 0.160295814
vn -0.945539474 -0.321990609 0.0477195978
vn -0.933692753 -0.323235244 0.154067919
vn -0.93205595 -0.332932532 0.142925248
vn -0.702223957 -0.560513973 0.438982427
vn -0.580373049 -0.667865455 0.465964407
vn -0.540884733 -0.533343375 0.650375605
vn -0.540884733 -0.533343375 0.650375605
vn -0.580373049 -0.667865455 0.465964407
vn -0.475338787 -0.646097481 0.59716922
vn 0.684095323 0.729036748 0.0227808002
vn 0.717260718 0.632122934 -0.293185651
vn 0.663326144 0.700871468 -0.262254775
vn 0.90164268 0.363804877 -0.233851686
vn 0.767325163 0.625724494 0.140288576
vn 0.936674953 0.326406658 -0.126880944
vn -0.130878016 0.0414234065 -0.990532696
vn 0.080678463 0.045775678 -0.995688498
vn -0.187110975 0.0344208218 -0.981735587
vn -0.290328234 0.0120193344 -0.956851721
vn -0.130878016 0.0414234065 -0.990532696
vn -0.187110975 0.0344208218 -0.981735587
vn -0.685425758 0.143181443 0.713926136
vn -0.65405339 0.202463254 0.728850305
vn -0.77843219 0.1937242 0.597088099
vn -0.65405339 0.202463254 0.728850305
vn -0.740963161 0.21086511 0.637580872
vn -0.77843219 0.1937242 0.597088099
vn 0.165010422 0.0180844199 0.986126006
vn 0.0990658253 0.00777164614 0.99505055
vn 0.10336756 -0.0872359946 0.990810335
vn 0.165010422 0.0180844199 0.986126006
vn 0.199312195 0.139592305 0.96994251
vn 0.0990658253 0.00777164614 0.99505055
vn -0.74111259 0.161284551 -0.651720345
vn -0.506502748 0.00226766663 -0.862235248
vn -0.896665096 -0.103050299 -0.430548906
vn -0.506502748 0.00226766663 -0.862235248
vn -0.282291859 0.396003366 -0.873780727
vn 0.142519906 0.577422857 -0.803909719
vn -0.921442509 -0.288724184 0.25996539
vn -0.934048593 -0.269509614 0.234345257
vn -0.94642204 -0.225077942 0.231571525
vn -0.916637003 -0.315110654 0.245930582
vn -0.914602697 -0.338610202 0.221008882
vn -0.925593972 -0.30953145 0.217867449
vn -0.859881699 0.193595126 0.472360551
vn -0.815969408 0.207096338 0.539726853
vn -0.886774063 0.210652769 0.411408931
vn -0.962384164 0.182364568 0.201394543
vn -0.982588768 0.139321864 0.122917227
vn -0.957252979 0.149684414 0.247510418
vn -0.405618131 0.818602324 0.406650007
vn -0.400096178 0.784313977 0.474104136
vn -0.161434457 0.986882925 -0.00102888385
vn -0.751038074 0.34683457 0.561825275
vn -0.626699924 0.561575592 0.540259242
vn -0.72714144 0.553913057 0.405518949
vn -0.456624389 0.164651394 -0.874290586
vn -0.395121783 0.095665589 -0.913633883
vn -0.767139614 0.161324352 -0.620863318
vn -0.767139614 0.161324352 -0.620863318
vn -0.851500034 0.197493359 -0.485740811
vn -0.456624389 0.164651394 -0.874290586
vn -0.999809921 -0.00815382134 0.0177153088
vn -0.999231219 -0.0331304669 -0.0209648591
vn -0.996373177 -0.0761093199 0.0380526744
vn -0.996373177 -0.0761093199 0.0380526744
vn -0.997309625 -0.0720905513 -0.0132788094
vn -0.96367842 -0.262143135 -0.0510381274
vn -0.838096082 0.223001182 0.4978607
vn -0.832525849 0.184456989 0.522375643
vn -0.893988311 0.216436684 0.392352104
vn -0.886774063 0.210652769 0.411408931
vn -0.838096082 0.223001182 0.4978607
vn -0.893988311 0.216436684 0.392352104
vn 0.869079411 0.409126699 -0.278058171
vn 0.768261492 0.548543036 -0.329961687
vn 0.824101627 0.49300313 -0.278934419
vn 0.834949434 0.470280588 -0.285824329
vn 0.768261492 0.548543036 -0.329961687
vn 0.869079411 0.409126699 -0.278058171
vn 0.234142601 0.116638854 0.965180039
vn -0.0182014704 0.0732061565 0.997150779
vn -0.179044157 -0.0421603248 0.982937276
vn 0.234142601 0.116638854 0.965180039
vn -0.179044157 -0.0421603248 0.982937276
vn -0.106062233 -0.0582990162 0.992648959
vn -0.13387692 0.918892264 -0.37109831
vn 0.758537591 0.603364646 -0.246113494
vn -0.239800826 0.897464573 -0.370206505
vn 0.756522417 0.627413452 -0.184462056
vn 0.801124811 0.585288346 -0.125046179
vn -0.239800826 0.897464573 -0.370206505
vn -0.430069476 -0.900564075 -0.0634394437
vn -0.173539788 -0.980449975 -0.0927464291
vn -0.188645989 -0.979725182 -0.0674631968
vn -0.0722941607 -0.992082298 -0.102694862
vn 0.0704005733 -0.996821523 -0.0372920707
vn -0.188645989 -0.979725182 -0.0674631968
vn 0.442905456 0.733713746 0.515265763
vn 0.240246043 0.7084589 0.663602173
vn 0.672089219 0.600602269 0.433097094
vn 0.0859368965 0.589261949 0.803358793
vn 0.660527825 0.494026214 0.565368056
vn 0.240246043 0.7084589 0.663602173
vn -0.69607538 0.0619762614 -0.715288818
vn -0.635744393 0.04310463 -0.77069521
vn -0.573988259 0.0261196811 -0.818446815
vn -0.699432313 0.040102616 -0.71357286
vn -0.635744393 0.04310463 -0.77069521
vn -0.69607538 0.0619762614 -0.715288818
vn 0.939039767 0.163343236 0.302528381
vn 0.991323531 0.120595939 0.052290529
vn 0.985996723 0.137325466 0.0946154967
vn 0.992236257 0.114878006 0.0476478226
vn 0.994024873 0.108817585 0.00855999161
vn 0.987512231 0.15305154 0.0373465866
vn -0.456918299 0.715790331 -0.528081298
vn -0.583823323 0.795362175 -0.16293931
vn -0.0235545486 0.999229193 -0.0314048678
vn -0.583823323 0.795362175 -0.16293931
vn -0.456918299 0.715790331 -0.528081298
vn -0.87146008 0.434494615 -0.227534205
vn -0.344866604 0.163959086 0.92422092
vn -0.822296798 0.148912281 0.549229562
vn -0.887852669 -0.0771390498 0.453615665
vn -0.344866604 0.163959086 0.92422092
vn -0.887852669 -0.0771390498 0.453615665
vn -0.708097458 -0.0123284236 0.706007063
vn -0.0490722544 -0.372011423 0.92693001
vn -0.112075217 -0.452266306 0.88481313
vn 0.0522864722 -0.586805403 0.808038116
vn -0.121120676 -0.230788991 0.965435863
vn -0.153479442 -0.43186307 0.888784766
vn -0.0490722544 -0.372011423 0.92693001
vn 0.954684019 0.104982428 -0.278490543
vn 0.962640941 0.128431797 -0.238385677
vn 0.93459481 0.159260914 -0.318069965
vn 0.954684019 0.104982428 -0.278490543
vn 0.970929325 0.0778638646 -0.226348385
vn 0.962640941 0.128431797 -0.238385677
vn -0.822188199 0.270929575 0.500603199
vn -0.898686171 0.234988734 0.370328814
vn -0.944484055 0.125406608 0.303682238
vn -0.763863862 0.257538646 0.591764987
vn -0.822188199 0.270929575 0.500603199
vn -0.944484055 0.125406608 0.303682238
vn 0.889532447 0.456636757 0.0146599822
vn 0.687625229 0.556260049 -0.466632813
vn 0.775810778 0.630900383 -0.00907132123
vn 0.846570909 0.517844141 -0.123106435
vn 0.873049855 0.486130595 -0.0382231697
vn 0.775810778 0.630900383 -0.00907132123
vn -0.694611967 0.411889315 0.589797795
vn -0.394842088 0.520194054 0.757296383
vn -0.841117799 0.358961761 0.404558033
vn -0.444938451 0.361286372 0.819452226
vn -0.694611967 0.411889315 0.589797795
vn -0.952481866 0.148888007 0.265726894
vn 0.68230468 0.198369712 -0.703640461
vn 0.731864631 0.24975419 -0.634032309
vn 0.892626345 0.158212572 -0.422122151
vn 0.892626345 0.158212572 -0.422122151
vn 0.731864631 0.24975419 -0.634032309
vn 0.82088542 0.233581066 -0.521139979
vn -0.718012571 -0.0879630893 -0.690449476
vn -0.948329866 0.0189280622 -0.316720903
vn -0.583900392 -0.046143163 -0.8105129
vn -0.981364131 -0.0332296193 -0.189262122
vn -0.948329866 0.0189280622 -0.316720903
vn -0.718012571 -0.0879630893 -0.690449476
vn -0.471457273 0.129955396 -0.872261167
vn -0.0193784665 0.252533853 -0.967393935
vn -0.224709585 0.115056902 -0.967609227
vn -0.325444102 0.342145741 -0.88148874
vn 0.199919462 0.373271555 -0.905925214
vn -0.0193784665 0.252533853 -0.967393935
vn 0.221926898 0.407393843 0.885877311
vn 0.162853256 0.543497741 0.823461592
vn 0.0530752875 0.588022351 0.807101369
vn 0.390564322 0.212135658 0.895800233
vn 0.315023899 0.422618717 0.849796116
vn 0.221926898 0.407393843 0.885877311
vn -0.994662464 0.0635568351 0.081283547
vn -0.999168158 0.00826423243 0.0399329439
vn -0.994683564 -0.0120478841 0.102271281
vn -0.995407939 -0.0710691363 0.0641266555
vn -0.994683564 -0.0120478841 0.102271281
vn -0.995985866 -0.0571115315 0.0689228699
vn 0.199919462 0.373271555 -0.905925214
vn -0.325444102 0.342145741 -0.88148874
vn -0.470643789 0.416719139 -0.777714312
vn 0.199919462 0.373271555 -0.905925214
vn -0.470643789 0.416719139 -0.777714312
vn -0.00569683639 0.434398651 -0.900702655
vn 0.292705119 -0.209118307 0.933055758
vn -0.0490722544 -0.372011423 0.92693001
vn 0.200037047 -0.36097154 0.910870373
vn 0.292705119 -0.209118307 0.933055758
vn 0.588115156 -0.339402437 0.734116197
vn 0.810173929 -0.170322165 0.560899854
vn 0.575614929 0.167715475 -0.800336778
vn 0.888672829 0.169757426 -0.425961316
vn 0.908038557 0.170505658 -0.382614553
vn 0.888672829 0.169757426 -0.425961316
vn 0.964845479 0.146277606 -0.218348458
vn 0.908038557 0.170505658 -0.382614553
vn -0.0776420832 0.196884781 0.977347434
vn -0.248866767 0.223396346 0.942422032
vn -0.188764453 0.171046615 0.967011452
vn 0.150633618 0.158171579 0.975854158
vn -0.188764453 0.171046615 0.967011452
vn 0.126998395 0.131982848 0.983082891
vn -0.994683564 -0.0120478841 0.102271281
vn -0.999168158 0.00826423243 0.0399329439
vn -0.995985866 -0.0571115315 0.0689228699
vn -0.999168158 0.00826423243 0.0399329439
vn -0.998994827 -0.0333994292 0.0298953988
vn -0.996629238 -0.0754052103 0.0323146768
vn 0.881293535 0.425144196 -0.206334978
vn 0.897141993 0.416239917 -0.147920594
vn 0.904525697 0.384470999 -0.184432551
vn 0.876151264 0.448619306 -0.17635107
vn 0.879383504 0.446099609 -0.166372433
vn 0.897141993 0.416239917 -0.147920594
vn 0.796432734 0.522538304 0.304382265
vn 0.929691255 0.360347599 0.0763143227
vn 0.88043946 0.474139422 0.00426018285
vn 0.870295048 0.323975831 0.370980054
vn 0.929691255 0.360347599 0.0763143227
vn 0.796432734 0.522538304 0.304382265
vn 0.207266703 0.124935694 -0.970273972
vn 0.320848316 0.165872797 -0.932492733
vn 0.575614929 0.167715475 -0.800336778
vn 0.488988817 0.200952873 -0.848827422
vn 0.542405069 0.271307856 -0.795103014
vn 0.68230468 0.198369712 -0.703640461
vn -0.293799698 -0.955217838 -0.035220813
vn -0.00610164925 -0.999948144 0.00815128163
vn -0.17672272 -0.97715956 0.118017353
vn -0.293799698 -0.955217838 -0.035220813
vn -0.188645989 -0.979725182 -0.0674631968
vn -0.00610164925 -0.999948144 0.00815128163
vn -0.374203473 -0.923682094 -0.0823594332
vn -0.269065052 -0.913437009 -0.305347264
vn -0.196375787 -0.966230214 -0.166839913
vn -0.269065052 -0.913437009 -0.305347264
vn -0.0950925872 -0.903458536 -0.417995304
vn -0.196375787 -0.966230214 -0.166839913
vn 0.565195739 0.139790744 0.813026607
vn 0.531624079 -0.0240477733 0.846638978
vn 0.828023791 -0.0144350603 0.560507059
vn 0.372561932 0.140807956 0.917262614
vn 0.241580442 0.06622082 0.968118727
vn 0.531624079 -0.0240477733 0.846638978
vn -0.832525849 0.184456989 0.522375643
vn -0.922038376 0.172958881 0.346309811
vn -0.893988311 0.216436684 0.392352104
vn -0.832525849 0.184456989 0.522375643
vn -0.843439221 0.147700861 0.516521811
vn -0.922038376 0.172958881 0.346309811
vn 0.982582927 0.150539145 -0.108943895
vn 0.990641654 0.136179686 0.00918379799
vn 0.98425889 0.124760531 -0.125176549
vn 0.993152142 0.0852585211 -0.0798735172
vn 0.976743698 0.0794143155 0.199160904
vn 0.99921 0.0217929017 -0.033236064
vn -0.106062233 -0.0582990162 0.992648959
vn -0.770775497 -0.494570434 0.401628166
vn -0.797435105 -0.338494122 0.499518782
vn -0.797435105 -0.338494122 0.499518782
vn -0.770775497 -0.494570434 0.401628166
vn -0.851679504 -0.508240998 0.127800316
vn -0.400374234 -0.801958025 -0.443355143
vn -0.32418251 -0.646207929 -0.690884173
vn -0.148771688 -0.900788009 -0.407980323
vn -0.400374234 -0.801958025 -0.443355143
vn -0.574720681 -0.693520308 -0.434425712
vn -0.32418251 -0.646207929 -0.690884173
vn 0.834949434 0.470280588 -0.285824329
vn 0.869079411 0.409126699 -0.278058171
vn 0.884478927 0.397270679 -0.244689748
vn 0.833422184 0.498930275 -0.237646863
vn 0.834949434 0.470280588 -0.285824329
vn 0.884478927 0.397270679 -0.244689748
vn 0.928801715 0.349930048 -0.12196862
vn 0.946532965 0.319944918 -0.0413588732
vn 0.923406422 0.378522187 -0.0635723248
vn 0.948662221 0.288885534 -0.128783703
vn 0.933088124 0.303138644 -0.193528801
vn 0.939942062 0.261900634 -0.218899578
vn -0.258135706 0.925044477 0.278673202
vn -0.114983991 0.862868845 0.492174774
vn 0.401222229 0.915980041 0.00113457942
vn -0.114983991 0.862868845 0.492174774
vn -0.258135706 0.925044477 0.278673202
vn -0.769382775 0.604623735 0.206107408
vn -0.979934633 0.147757679 0.133775637
vn -0.987546861 0.15566127 -0.0228227321
vn -0.967896044 0.127315849 -0.216720521
vn -0.987546861 0.15566127 -0.0228227321
vn -0.979934633 0.147757679 0.133775637
vn -0.975672841 0.136491805 0.171558678
vn -0.482676297 -0.81759429 0.313947648
vn -0.760506809 -0.573214233 0.305048823
vn -0.847639143 -0.525790453 0.0710782707
vn -0.893625915 -0.350040227 0.280899554
vn -0.955293894 -0.290514797 -0.0549083911
vn -0.847639143 -0.525790453 0.0710782707
vn -0.317548931 0.269446671 0.909154058
vn -0.485630423 0.23305805 0.842524111
vn -0.307702333 0.212613374 0.927423775
vn -0.248866767 0.223396346 0.942422032
vn -0.317548931 0.269446671 0.909154058
vn -0.307702333 0.212613374 0.927423775
vn -0.371795416 -0.927950501 0.0260027219
vn -0.201062679 -0.973814309 -0.106111318
vn -0.169809878 -0.98509109 0.0275696721
vn -0.201062679 -0.973814309 -0.106111318
vn -0.00809711404 -0.940762579 -0.338969231
vn -0.0435699895 -0.999039292 0.00472271768
vn -0.981992066 0.18253915 -0.0486943498
vn -0.998422444 0.0243010987 0.0506177917
vn -0.995542586 0.0244604331 0.0910852551
vn -0.995542586 0.0244604331 0.0910852551
vn -0.998422444 0.0243010987 0.0506177917
vn -0.995893776 0.0222511906 0.0877529755
vn 0.0943234563 0.0479493625 0.994386137
vn 0.388562769 0.131654337 0.911968231
vn 0.344448328 0.109330013 0.932417452
vn 0.0808508024 0.0329086296 0.996182799
vn -0.570060313 -0.121431522 0.812579632
vn 0.0943234563 0.0479493625 0.994386137
vn -0.429512769 -0.902604938 -0.0286903251
vn -0.173539788 -0.980449975 -0.0927464291
vn -0.430069476 -0.900564075 -0.0634394437
vn -0.636867285 -0.77076453 0.0179504491
vn -0.429512769 -0.902604938 -0.0286903251
vn -0.533105493 -0.844707727 -0.0476185419
vn -0.972858191 -0.231401816 0.00013111913
vn -0.903808415 -0.193146467 -0.38187021
vn -0.928553939 -0.367693067 0.0508869588
vn -0.928553939 -0.367693067 0.0508869588
vn -0.924069107 -0.33239004 0.188714474
vn -0.972858191 -0.231401816 0.00013111913
vn 0.313573331 -0.946427822 0.0771107599
vn 0.232018471 -0.972542167 0.0181435384
vn 0.487636954 -0.871309459 0.0550442077
vn 0.0283290669 -0.95748508 0.287088215
vn 0.232018471 -0.972542167 0.0181435384
vn 0.313573331 -0.946427822 0.0771107599
vn -0.766269982 -0.626383185 -0.14308916
vn -0.517058253 -0.781367362 -0.349450737
vn -0.374203473 -0.923682094 -0.0823594332
vn -0.883689702 -0.444136262 -0.147767946
vn -0.775687695 -0.576508641 -0.256800503
vn -0.766269982 -0.626383185 -0.14308916
vn 0.113294676 0.217920765 -0.969368339
vn 0.110628746 0.140214846 -0.983921289
vn 0.0238239393 0.111836359 -0.993441045
vn 0.113294676 0.217920765 -0.969368339
vn 0.303229094 0.257887632 -0.91735822
vn 0.110628746 0.140214846 -0.983921289
vn 0.990421474 0.126665205 -0.0549659505
vn 0.992611051 0.121337608 0.000801932591
vn 0.990402281 0.137046069 -0.0179342609
vn 0.998518407 0.052325666 -0.0149283707
vn 0.992611051 0.121337608 0.000801932591
vn 0.990421474 0.126665205 -0.0549659505
vn -0.877774 -0.46907115 0.097391285
vn -0.905965865 -0.419946551 0.0535791181
vn -0.681151748 -0.728985965 0.0679099262
vn -0.877774 -0.46907115 0.097391285
vn -0.98646462 -0.144032896 0.078372173
vn -0.905965865 -0.419946551 0.0535791181
vn -0.83065933 0.17326729 0.52913481
vn -0.83845377 0.141677827 0.526234269
vn -0.843439221 0.147700861 0.516521811
vn -0.876600027 0.0836338699 0.473896295
vn -0.857789516 0.117413074 0.500411153
vn -0.842615187 0.114375621 0.526229739
vn 0.796432734 0.522538304 0.304382265
vn 0.88043946 0.474139422 0.00426018285
vn 0.662930965 0.647340596 0.376128703
vn 0.33193627 0.657582223 0.676316321
vn 0.682978094 0.532732725 0.499736756
vn 0.662930965 0.647340596 0.376128703
vn 0.0719566718 0.192100495 0.978733659
vn -0.227105364 0.15991132 0.960651577
vn -0.105234407 0.137509182 0.984894395
vn 0.27491346 0.238084123 0.931524932
vn 0.149538949 0.213930577 0.965335131
vn 0.200057179 0.187760398 0.961625278
vn 0.969898641 -0.225124046 -0.0928211436
vn 0.949329436 -0.299725354 0.0945435017
vn 0.862657607 -0.501615584 0.0648363754
vn 0.949329436 -0.299725354 0.0945435017
vn 0.818392634 -0.537238359 0.203981325
vn 0.862657607 -0.501615584 0.0648363754
vn 0.623770297 -0.757514477 -0.192568421
vn 0.674024761 -0.691608906 -0.259552956
vn 0.957745552 -0.180613697 -0.223835155
vn 0.0728939325 -0.981221437 -0.178580552
vn 0.0143234255 -0.991832256 -0.126742348
vn -0.0228387825 -0.989115417 -0.145358279
vn -0.468875974 0.299037337 0.831102848
vn -0.706781983 0.193340659 0.680498898
vn -0.499527961 0.29299888 0.815244436
vn -0.468875974 0.299037337 0.831102848
vn -0.636658669 0.264844954 0.724239528
vn -0.706781983 0.193340659 0.680498898
vn 0.362270892 0.833904028 -0.416370064
vn -0.791110992 0.524876952 -0.314082325
vn -0.359644979 0.785990179 -0.502866805
vn -0.359644979 0.785990179 -0.502866805
vn -0.791110992 0.524876952 -0.314082325
vn -0.997321308 0.0529243313 -0.0504897647
vn -0.764485478 -0.644631505 -0.00346345408
vn -0.636867285 -0.77076453 0.0179504491
vn -0.533105493 -0.844707727 -0.0476185419
vn -0.985561967 -0.165545389 -0.0355298109
vn -0.998722196 -0.0468544848 -0.0189384483
vn -0.915002167 -0.400085092 0.051991269
vn 0.997761369 -0.015830012 0.0649749488
vn 0.962270439 -0.175858334 0.207628489
vn 0.905890882 -0.398370385 0.143745452
vn 0.997761369 -0.015830012 0.0649749488
vn 0.905890882 -0.398370385 0.143745452
vn 0.969010472 -0.235421389 0.0748033077
vn 0.242911831 -0.858184636 0.45223099
vn 0.541683018 -0.760725737 0.357597321
vn 0.647695482 -0.669683814 0.363337457
vn 0.685885251 -0.687759697 0.237798288
vn 0.862657607 -0.501615584 0.0648363754
vn 0.818392634 -0.537238359 0.203981325
vn -0.833202183 0.144349292 0.533795357
vn -0.751038074 0.34683457 0.561825275
vn -0.88693434 0.25153175 0.387400538
vn -0.636658669 0.264844954 0.724239528
vn -0.751038074 0.34683457 0.561825275
vn -0.833202183 0.144349292 0.533795357
vn -0.951271474 0.0743843094 0.299248129
vn -0.997106194 0.0587592833 0.0482341498
vn -0.965336323 0.0403478518 0.257871717
vn -0.865770042 -0.0284036696 0.499635339
vn -0.951271474 0.0743843094 0.299248129
vn -0.965336323 0.0403478518 0.257871717
vn 0.837716877 0.122841284 -0.53210932
vn 0.929431021 0.222426921 -0.294421643
vn 0.816402137 0.02243012 -0.577048004
vn 0.574668288 0.0340191349 -0.817679048
vn 0.837716877 0.122841284 -0.53210932
vn 0.816402137 0.02243012 -0.577048004
vn -0.161434457 0.986882925 -0.00102888385
vn -0.594409943 0.803338885 0.036379084
vn -0.549676716 0.78878361 0.275092602
vn -0.818721831 0.451656222 0.354543567
vn -0.549676716 0.78878361 0.275092602
vn -0.594409943 0.803338885 0.036379084
vn -0.321345568 -0.931796551 0.168796197
vn -0.186885625 -0.95058161 0.247927994
vn -0.430519372 -0.835129678 0.342361778
vn -0.313461185 -0.782667756 0.537748337
vn -0.580373049 -0.667865455 0.465964407
vn -0.430519372 -0.835129678 0.342361778
vn 0.12395338 0.0367618538 -0.991606772
vn 0.733729362 0.0294926558 -0.678801358
vn 0.205542177 0.0359739587 -0.977986872
vn 0.733729362 0.0294926558 -0.678801358
vn 0.592618942 0.0729432181 -0.802173257
vn 0.205542177 0.0359739587 -0.977986872
vn 0.276169956 0.161892638 -0.947375774
vn 0.320848316 0.165872797 -0.932492733
vn 0.209143385 0.132962883 -0.968803287
vn 0.110628746 0.140214846 -0.983921289
vn 0.276169956 0.161892638 -0.947375774
vn 0.170616239 0.122894101 -0.977643609
vn 0.0808508024 0.0329086296 0.996182799
vn 0.344448328 0.109330013 0.932417452
vn -0.106062233 -0.0582990162 0.992648959
vn 0.0943234563 0.0479493625 0.994386137
vn 0.344448328 0.109330013 0.932417452
vn 0.0808508024 0.0329086296 0.996182799
vn 0.306317359 0.168862984 0.936832368
vn 0.234142601 0.116638854 0.965180039
vn 0.360910863 0.158015281 0.919116199
vn 0.358259767 0.177919999 0.916512012
vn 0.360910863 0.158015281 0.919116199
vn 0.386799276 0.168405131 0.906656504
vn -0.922727406 -0.354473382 0.151402608
vn -0.892913997 -0.38175112 0.238685504
vn -0.856741548 -0.462715685 0.22778964
vn -0.89832902 -0.430691212 0.0866605267
vn -0.922727406 -0.354473382 0.151402608
vn -0.856741548 -0.462715685 0.22778964
vn -0.826700747 0.215703502 0.519651771
vn -0.820130885 0.224084511 0.526470661
vn -0.808317125 0.228209376 0.542718947
vn -0.834333718 0.18599993 0.518932819
vn -0.826700747 0.215703502 0.519651771
vn -0.815969408 0.207096338 0.539726853
vn 0.170616239 0.122894101 -0.977643609
vn 0.207266703 0.124935694 -0.970273972
vn 0.158538431 0.10972093 -0.981237411
vn 0.158538431 0.10972093 -0.981237411
vn 0.207266703 0.124935694 -0.970273972
vn 0.186144471 0.0958565623 -0.977835298
vn 0.998046339 0.0114014046 -0.0614295006
vn 0.999949753 0.00649815891 -0.00763573917
vn 0.999847651 0.00712991646 -0.0159331225
vn 0.999949753 0.00649815891 -0.00763573917
vn 0.98897326 0.044019416 0.141400516
vn 0.999988675 0.00433192169 0.00198696856
vn -0.041902706 -0.998969257 -0.0174526479
vn -0.0592751615 -0.998146594 0.0137779284
vn 0.232018471 -0.972542167 0.0181435384
vn -0.193369433 -0.980478585 0.0356364101
vn -0.1882056 -0.981596231 -0.0323649161
vn -0.345581055 -0.938346326 -0.00893436093
vn 0.973380744 0.17688261 0.145748064
vn 0.899744213 0.133393392 0.415531665
vn 0.976743698 0.0794143155 0.199160904
vn 0.993152142 0.0852585211 -0.0798735172
vn 0.990641654 0.136179686 0.00918379799
vn 0.976743698 0.0794143155 0.199160904
vn 0.260637939 -0.93744123 0.230806842
vn 0.228449702 -0.834983468 0.500612974
vn 0.164606735 -0.941959321 0.292604387
vn -0.17672272 -0.97715956 0.118017353
vn 0.260637939 -0.93744123 0.230806842
vn 0.164606735 -0.941959321 0.292604387
vn -0.998863399 -0.029311372 0.0375888981
vn -0.995501757 -0.0876144469 0.036056269
vn -0.991223395 -0.097506471 0.0892684311
vn -0.995501757 -0.0876144469 0.036056269
vn -0.986529469 -0.142474949 0.0803767741
vn -0.991223395 -0.097506471 0.0892684311
vn 0.994826615 0.00616727769 -0.101399764
vn 0.997906625 0.0297871567 -0.057403136
vn 0.998046339 0.0114014046 -0.0614295006
vn 0.997906625 0.0297871567 -0.057403136
vn 0.999504745 0.0253262054 -0.0186722558
vn 0.998046339 0.0114014046 -0.0614295006
vn -0.30117768 0.0302854348 -0.953086913
vn 0.0258594882 0.0619073659 -0.997746885
vn -0.37211892 0.0038087382 -0.928177297
vn -0.0123159327 0.0748256221 -0.997120619
vn 0.0258594882 0.0619073659 -0.997746885
vn -0.30117768 0.0302854348 -0.953086913
vn 0.957572639 0.2598176 -0.124697141
vn 0.936456263 0.341262251 -0.0811771601
vn 0.98990798 0.136866882 -0.0367367789
vn 0.957572639 0.2598176 -0.124697141
vn 0.98990798 0.136866882 -0.0367367789
vn 0.99328047 0.0202479679 -0.113947794
vn -0.98509717 -0.0126266405 0.171534404
vn -0.99258393 0.0207427163 0.119778283
vn -0.993311882 -0.0294563677 0.111641817
vn -0.99258393 0.0207427163 0.119778283
vn -0.997969568 0.0365165062 0.0521865673
vn -0.997885823 -0.0162582584 0.0629256666
vn -0.681591094 -0.114055224 0.722789705
vn -0.705293238 0.0331805311 0.708138704
vn -0.791107714 -0.0828625336 0.606038332
vn -0.649839818 -0.373694032 0.661861777
vn -0.681591094 -0.114055224 0.722789705
vn -0.791107714 -0.0828625336 0.606038332
vn -0.129584372 -0.790237963 0.598942339
vn -0.490960598 -0.688785195 0.533415973
vn -0.482676297 -0.81759429 0.313947648
vn -0.163624674 -0.643707871 0.74757421
vn -0.490960598 -0.688785195 0.533415973
vn -0.129584372 -0.790237963 0.598942339
vn -0.992668569 -0.113657922 -0.0411214121
vn -0.960604072 -0.277700752 0.0110538658
vn -0.988687754 -0.126406536 0.0807336718
vn -0.958541512 -0.206609502 0.196241498
vn -0.960604072 -0.277700752 0.0110538658
vn -0.992668569 -0.113657922 -0.0411214121
vn -0.986937165 -0.160243347 0.0166431312
vn -0.933230102 -0.170111313 -0.316455007
vn -0.990271807 -0.133686364 -0.0385956615
vn -0.986937165 -0.160243347 0.0166431312
vn -0.990271807 -0.133686364 -0.0385956615
vn -0.985408247 -0.150661498 0.0791944265
vn -0.98509717 -0.0126266405 0.171534404
vn -0.993311882 -0.0294563677 0.111641817
vn -0.984780252 -0.0742922872 0.157125831
vn -0.986240745 -0.0391603969 0.160610229
vn -0.98509717 -0.0126266405 0.171534404
vn -0.979660094 -0.0545703024 0.193101302
vn 0.431858897 0.430761009 0.792428434
vn 0.641293824 0.374669313 0.669600725
vn 0.682978094 0.532732725 0.499736756
vn 0.431858897 0.430761009 0.792428434
vn 0.623253405 0.222829714 0.749601305
vn 0.641293824 0.374669313 0.669600725
vn 0.366109103 0.266946137 -0.891461611
vn 0.429980606 0.264550537 -0.863209009
vn 0.320848316 0.165872797 -0.932492733
vn 0.372214586 0.350798965 -0.859299958
vn 0.429980606 0.264550537 -0.863209009
vn 0.366109103 0.266946137 -0.891461611
vn 0.990779638 -0.126279876 -0.0490824357
vn 0.980804861 -0.194988593 -0.00108628278
vn 0.978908956 -0.187030017 -0.0822018385
vn 0.9792431 -0.11462947 -0.167161763
vn 0.985700309 -0.12473157 -0.113299765
vn 0.97398454 -0.170476526 -0.149304956
vn 0.532024562 0.11468704 0.838925898
vn 0.654896498 0.0729014724 0.752194107
vn 0.76145196 0.112590484 0.638368428
vn 0.388388783 0.0215956997 0.921242416
vn 0.654896498 0.0729014724 0.752194107
vn 0.532024562 0.11468704 0.838925898
vn 0.712545455 0.70117116 -0.0252607167
vn 0.28327477 0.896661103 -0.340226769
vn 0.316812456 0.843109608 -0.434506655
vn 0.28327477 0.896661103 -0.340226769
vn -0.576221228 0.542931855 -0.61089623
vn 0.316812456 0.843109608 -0.434506655
vn -0.993615925 0.0925686881 -0.06448704
vn -0.952642977 0.0736679435 -0.295033097
vn -0.938798666 0.0930387005 -0.331663996
vn -0.994952619 0.0506449565 0.0866278931
vn -0.993270338 0.0748696774 0.0883653313
vn -0.993615925 0.0925686881 -0.06448704
vn -0.93780309 -0.23991935 0.250926346
vn -0.97384274 -0.127878547 0.187822521
vn -0.946440935 -0.272187233 0.173676759
vn -0.960604072 -0.277700752 0.0110538658
vn -0.946440935 -0.272187233 0.173676759
vn -0.988687754 -0.126406536 0.0807336718
vn -0.513255835 -0.858151495 -0.0120193912
vn -0.374673516 -0.903861105 -0.20653069
vn -0.371795416 -0.927950501 0.0260027219
vn -0.329351634 -0.941439688 0.0722415447
vn -0.439890504 -0.894276857 0.0822506845
vn -0.371795416 -0.927950501 0.0260027219
vn -0.894816041 -0.159824803 0.416845709
vn -0.75819689 0.107802346 0.64305222
vn -0.96218586 -0.022304235 0.271479636
vn -0.96218586 -0.022304235 0.271479636
vn -0.950934947 -0.30528897 0.0502135903
vn -0.894816041 -0.159824803 0.416845709
vn -0.994662464 0.0635568351 0.081283547
vn -0.971899152 0.23132889 -0.0435782634
vn -0.999168158 0.00826423243 0.0399329439
vn -0.975091338 0.217361301 0.0441709571
vn -0.226404577 0.913931966 -0.336851984
vn -0.971899152 0.23132889 -0.0435782634
vn -0.0172806326 0.0516937561 -0.99851346
vn 0.18036513 0.0738169774 -0.980825961
vn 0.166271076 0.055323109 -0.984526873
vn -0.0172806326 0.0516937561 -0.99851346
vn 0.166271076 0.055323109 -0.984526873
vn 0.080678463 0.045775678 -0.995688498
vn -0.923947275 -0.378953189 -0.0521129556
vn -0.965504944 -0.0796537623 -0.247902334
vn -0.915978491 -0.359715223 -0.177731231
vn -0.923947275 -0.378953189 -0.0521129556
vn -0.915978491 -0.359715223 -0.177731231
vn -0.675601423 -0.724567652 -0.136251599
vn 0.664237261 0.196365818 0.72126919
vn 0.472727358 0.214025915 0.854822636
vn 0.432721406 0.198217154 0.87946707
vn 0.472727358 0.214025915 0.854822636
vn 0.426365763 0.217785433 0.877941787
vn 0.432721406 0.198217154 0.87946707
vn -0.889741123 -0.253304869 0.379733264
vn -0.952277184 -0.296170533 0.0738329068
vn -0.936703205 -0.277449042 0.21356295
vn -0.952277184 -0.296170533 0.0738329068
vn -0.889741123 -0.253304869 0.379733264
vn -0.945622206 -0.297314018 0.131920263
vn -0.803771615 -0.572919428 0.160358429
vn -0.832977712 -0.545261264 0.0940119997
vn -0.832236767 -0.521967471 0.186900571
vn -0.807529271 -0.537864149 0.242071807
vn -0.832236767 -0.521967471 0.186900571
vn -0.817545414 -0.507788718 0.271606386
vn -0.962245524 -0.000373204035 0.272182673
vn -0.953810632 -0.0782145932 0.290047675
vn -0.994779348 -0.0798543394 0.0635388866
vn -0.625697613 0.123701729 0.770195067
vn -0.708097458 -0.0123284236 0.706007063
vn -0.962245524 -0.000373204035 0.272182673
vn -0.99044013 -0.121123984 -0.0660101324
vn -0.9521842 -0.0913291425 -0.29155466
vn -0.979804575 -0.165768743 -0.111819886
vn -0.99044013 -0.121123984 -0.0660101324
vn -0.979804575 -0.165768743 -0.111819886
vn -0.972858191 -0.231401816 0.00013111913
vn 0.987438858 0.101252094 -0.121295221
vn 0.99272269 0.117831662 -0.0248466004
vn 0.988783896 0.122981824 -0.0847454593
vn 0.990140378 0.11307513 -0.0826795846
vn 0.994737566 0.0980364159 -0.0297681205
vn 0.987438858 0.101252094 -0.121295221
vn 0.210771844 -0.114576735 -0.9707973
vn 0.382147014 0.0310098641 -0.923581004
vn 0.500878453 -0.108841389 -0.85864687
vn 0.500878453 -0.108841389 -0.85864687
vn 0.574668288 0.0340191349 -0.817679048
vn 0.816402137 0.02243012 -0.577048004
vn 0.623253405 0.222829714 0.749601305
vn 0.829765737 0.251308411 0.498330116
vn 0.641293824 0.374669313 0.669600725
vn 0.688671649 0.207480103 0.694754183
vn 0.852448404 0.233780906 0.467630386
vn 0.623253405 0.222829714 0.749601305
vn -0.766269982 -0.626383185 -0.14308916
vn -0.374203473 -0.923682094 -0.0823594332
vn -0.685785413 -0.724911094 -0.0648249462
vn -0.374218851 -0.926591873 0.0372522846
vn -0.685785413 -0.724911094 -0.0648249462
vn -0.374203473 -0.923682094 -0.0823594332
vn 0.568158984 -0.570326447 -0.593231142
vn 0.188156456 -0.85669589 -0.48028034
vn 0.439452291 -0.564717889 -0.69855237
vn 0.233344316 -0.596896172 -0.76763618
vn 0.439452291 -0.564717889 -0.69855237
vn 0.188156456 -0.85669589 -0.48028034
vn -0.966808319 0.166476309 0.193822846
vn -0.973375201 0.150547475 0.172846943
vn -0.970879912 0.17174308 0.167022571
vn -0.965819478 0.18430227 0.182278365
vn -0.966808319 0.166476309 0.193822846
vn -0.970879912 0.17174308 0.167022571
vn -0.988659501 0.104020484 -0.108314246
vn -0.97621423 0.0635310113 -0.207291201
vn -0.952642977 0.0736679435 -0.295033097
vn -0.988659501 0.104020484 -0.108314246
vn -0.952642977 0.0736679435 -0.295033097
vn -0.993615925 0.0925686881 -0.06448704
vn -0.990870178 -0.036372412 0.129820153
vn -0.94397676 -0.264459491 0.197405666
vn -0.958030045 -0.272778571 0.0881494358
vn -0.958030045 -0.272778571 0.0881494358
vn -0.94397676 -0.264459491 0.197405666
vn -0.741007745 -0.661644816 0.114602432
vn -0.0405111201 -0.129502684 0.990751147
vn -0.445065945 -0.394604057 0.803868175
vn 0.00259227864 -0.39402917 0.919094265
vn -0.0405111201 -0.129502684 0.990751147
vn -0.559769094 -0.318402737 0.765034854
vn -0.445065945 -0.394604057 0.803868175
vn 0.93459481 0.159260914 -0.318069965
vn 0.972809672 0.134766042 -0.188359976
vn 0.970241308 0.165334284 -0.17690739
vn 0.970241308 0.165334284 -0.17690739
vn 0.972809672 0.134766042 -0.188359976
vn 0.980925977 0.137696296 -0.137200236
vn -0.128341183 0.568577766 -0.812556446
vn -0.29891482 0.572332263 -0.763600528
vn 0.55242902 0.794940829 -0.250781268
vn -0.29891482 0.572332263 -0.763600528
vn -0.128341183 0.568577766 -0.812556446
vn -0.296293348 0.194153816 -0.935154796
vn 0.986666858 0.106755316 -0.122849323
vn 0.985054016 0.120464906 -0.123112626
vn 0.986427844 0.0952598527 -0.133736998
vn 0.986844122 0.11423555 -0.114407144
vn 0.985781491 0.122347258 -0.115178145
vn 0.985054016 0.120464906 -0.123112626
vn -0.025481157 0.115221627 0.993012965
vn -0.193275541 0.107133865 0.975277901
vn 0.126276523 0.107113384 0.986195207
vn 0.126276523 0.107113384 0.986195207
vn -0.175824404 0.0766298398 0.981434405
vn 0.028123226 0.0643265769 0.997532487
vn 0.0143234255 -0.991832256 -0.126742348
vn 0.623770297 -0.757514477 -0.192568421
vn 0.29115507 -0.955535173 -0.0467047021
vn 0.0728939325 -0.981221437 -0.178580552
vn 0.623770297 -0.757514477 -0.192568421
vn 0.0143234255 -0.991832256 -0.126742348
vn 0.448489994 -0.715563297 0.535561383
vn 0.242911831 -0.858184636 0.45223099
vn 0.647695482 -0.669683814 0.363337457
vn 0.448489994 -0.715563297 0.535561383
vn 0.0861846358 -0.80018574 0.593527615
vn 0.242911831 -0.858184636 0.45223099
vn 0.149538949 0.213930577 0.965335131
vn -0.344866604 0.163959086 0.92422092
vn -0.227105364 0.15991132 0.960651577
vn 0.149538949 0.213930577 0.965335131
vn -0.227105364 0.15991132 0.960651577
vn 0.0719566718 0.192100495 0.978733659
vn 0.126276523 0.107113384 0.986195207
vn -0.193275541 0.107133865 0.975277901
vn -0.175824404 0.0766298398 0.981434405
vn -0.175824404 0.0766298398 0.981434405
vn -0.193275541 0.107133865 0.975277901
vn -0.353985131 0.100547872 0.929830551
vn 0.982831359 0.109699152 -0.148353055
vn 0.980894923 0.0981436521 -0.167967066
vn 0.987438858 0.101252094 -0.121295221
vn 0.967224598 0.119473964 -0.224059686
vn 0.980894923 0.0981436521 -0.167967066
vn 0.970234811 0.116966054 -0.212045714
vn -0.993270338 0.0748696774 0.0883653313
vn -0.989525914 0.0978287384 0.106150098
vn -0.993615925 0.0925686881 -0.06448704
vn -0.937031984 0.132186234 0.323261112
vn -0.989525914 0.0978287384 0.106150098
vn -0.993270338 0.0748696774 0.0883653313
vn 0.990140378 0.11307513 -0.0826795846
vn 0.994024873 0.108817585 0.00855999161
vn 0.994737566 0.0980364159 -0.0297681205
vn 0.987512231 0.15305154 0.0373465866
vn 0.994024873 0.108817585 0.00855999161
vn 0.990140378 0.11307513 -0.0826795846
vn 0.959187925 -0.274540156 0.0677217618
vn 0.972175956 -0.198999166 0.123585232
vn 0.773646176 -0.624996722 0.10416615
vn 0.959187925 -0.274540156 0.0677217618
vn 0.773646176 -0.624996722 0.10416615
vn 0.798182845 -0.602212191 0.0156366602
vn -0.228943259 0.791978955 0.565998614
vn 0.0193626992 0.801915467 0.597123742
vn 0.0141887963 0.896009982 0.443807244
vn 0.104635239 0.855035961 0.507902503
vn 0.358207613 0.847601771 0.391482413
vn 0.0141887963 0.896009982 0.443807244
vn 0.824101627 0.49300313 -0.278934419
vn 0.684095323 0.729036748 0.0227808002
vn 0.767325163 0.625724494 0.140288576
vn 0.383278012 0.789296627 0.479696542
vn 0.767325163 0.625724494 0.140288576
vn 0.684095323 0.729036748 0.0227808002
vn 0.983179569 -0.172091171 0.0611759089
vn 0.959187925 -0.274540156 0.0677217618
vn 0.980804861 -0.194988593 -0.00108628278
vn 0.983179569 -0.172091171 0.0611759089
vn 0.980804861 -0.194988593 -0.00108628278
vn 0.991965175 -0.124830164 0.0205548201
vn 0.151326582 0.081984356 -0.985078037
vn -0.00244065374 0.0641050264 -0.997940123
vn 0.0104831364 0.0777905434 -0.996914625
vn 0.158538431 0.10972093 -0.981237411
vn 0.151326582 0.081984356 -0.985078037
vn 0.0104831364 0.0777905434 -0.996914625
vn -0.839426219 -0.0278018564 -0.542762041
vn -0.786684811 0.0613999143 -0.614294052
vn -0.540372193 0.124114931 -0.832221925
vn -0.786684811 0.0613999143 -0.614294052
vn -0.53791523 -0.0492059663 -0.841561556
vn -0.586673021 0.0356898457 -0.809037089
vn -0.176588878 0.240298972 0.95450139
vn -0.822296798 0.148912281 0.549229562
vn -0.344866604 0.163959086 0.92422092
vn -0.444938451 0.361286372 0.819452226
vn -0.952481866 0.148888007 0.265726894
vn -0.822296798 0.148912281 0.549229562
vn 0.824101627 0.49300313 -0.278934419
vn 0.767325163 0.625724494 0.140288576
vn 0.90164268 0.363804877 -0.233851686
vn 0.869079411 0.409126699 -0.278058171
vn 0.824101627 0.49300313 -0.278934419
vn 0.90164268 0.363804877 -0.233851686
vn -0.999809921 -0.00815382134 0.0177153088
vn -0.999407351 0.0130186891 -0.031868834
vn -0.999231219 -0.0331304669 -0.0209648591
vn -0.997969568 0.0365165062 0.0521865673
vn -0.999364972 0.0356090777 -0.00126014801
vn -0.999809921 -0.00815382134 0.0177153088
vn 0.981472969 -0.0243543293 -0.190046638
vn 0.990030468 -0.0175602268 -0.139753997
vn 0.986524701 0.0270028859 -0.1613684
vn 0.990170598 -0.0102996491 -0.139485031
vn 0.990030468 -0.0175602268 -0.139753997
vn 0.981472969 -0.0243543293 -0.190046638
vn -0.235110343 -0.964364588 0.121342488
vn -0.339660585 -0.920652211 0.192432538
vn -0.59419775 -0.61913079 0.513425708
vn 0.0411745869 -0.993437469 -0.106707729
vn 0.391454548 -0.90893805 -0.143509731
vn -0.59419775 -0.61913079 0.513425708
vn -0.955658019 0.145270377 -0.256152689
vn -0.850131035 0.0897487924 -0.518866479
vn -0.961923778 0.0424888171 -0.269995242
vn -0.470643789 0.416719139 -0.777714312
vn -0.746213794 0.178472415 -0.641336501
vn -0.955658019 0.145270377 -0.256152689
vn -0.997573733 0.023988694 0.0653557032
vn -0.997681379 -0.024006322 0.0636842623
vn -0.996934235 -0.0521924943 0.0582931489
vn -0.987889647 -0.116498686 0.102479555
vn -0.997681379 -0.024006322 0.0636842623
vn -0.991223395 -0.097506471 0.0892684311
vn -0.914118946 -0.0513551235 -0.402180642
vn -0.852058947 -0.0748137012 -0.518071949
vn -0.537805736 -0.0370809808 -0.842252851
vn -0.991098642 -0.098487556 -0.0895754471
vn -0.852058947 -0.0748137012 -0.518071949
vn -0.914118946 -0.0513551235 -0.402180642
vn 0.68034023 0.588874698 -0.436306953
vn 0.995890319 0.00192015036 -0.0905473307
vn 0.938348711 0.0116808368 -0.345492631
vn 0.938348711 0.0116808368 -0.345492631
vn 0.9955194 -0.0149775418 -0.093363367
vn 0.992007136 -0.0241080821 -0.12385729
vn -0.200840235 0.524130464 0.827617407
vn -0.513058543 0.389191061 0.765049696
vn -0.0384608358 0.363677919 0.930730462
vn -0.513058543 0.389191061 0.765049696
vn -0.454583138 0.480199873 0.750174761
vn -0.676403522 0.358906835 0.643167377
vn 0.987406969 0.119468704 -0.103705168
vn 0.985546529 0.128743261 -0.1101062
vn 0.985781491 0.122347258 -0.115178145
vn 0.985546529 0.128743261 -0.1101062
vn 0.988114715 0.145904779 -0.048384428
vn 0.985781491 0.122347258 -0.115178145
vn -0.63009274 0.0936393812 -0.770853281
vn -0.471457273 0.129955396 -0.872261167
vn -0.224709585 0.115056902 -0.967609227
vn -0.582007706 0.0771455467 -0.809515595
vn -0.262534887 0.098326318 -0.959899664
vn -0.379007339 0.0399171598 -0.924532294
vn -0.948361695 0.0197450351 -0.316575795
vn -0.848162591 -0.0426782258 -0.528013945
vn -0.826901495 -0.0305357482 -0.561517
vn -0.959615886 0.00121068209 -0.281311303
vn -0.948361695 0.0197450351 -0.316575795
vn -0.826901495 -0.0305357482 -0.561517
vn -0.995076478 -0.0898924619 0.0417385437
vn -0.994563043 -0.103402488 0.0123370867
vn -0.998072326 -0.0602103025 0.0150488783
vn -0.997378409 -0.0706489757 -0.0156569947
vn -0.998072326 -0.0602103025 0.0150488783
vn -0.994325697 -0.105509236 -0.0135688148
vn 0.735962451 -0.445704669 0.509613991
vn 0.262115538 -0.563212752 0.783636808
vn 0.578902781 -0.715063512 0.391861916
vn 0.373950511 -0.828314304 0.417200476
vn 0.578902781 -0.715063512 0.391861916
vn 0.262115538 -0.563212752 0.783636808
vn -0.24056755 -0.0877640098 -0.966656446
vn -0.227946475 -0.07763616 -0.970573545
vn -0.149119407 -0.0662668124 -0.986596286
vn -0.394825369 -0.0278716851 -0.918333292
vn -0.227946475 -0.07763616 -0.970573545
vn -0.24056755 -0.0877640098 -0.966656446
vn 0.57444793 0.162647352 0.802219093
vn 0.566708922 0.176791593 0.804727197
vn 0.447862715 0.163947344 0.878942668
vn 0.375577331 0.159104675 0.913031995
vn 0.360910863 0.158015281 0.919116199
vn 0.365675211 0.144888148 0.919396043
vn 0.365294039 0.134852201 0.921072841
vn -0.0145341549 0.0924531668 0.995610952
vn 0.283698916 0.0902807191 0.954653978
vn -0.0635239184 -0.114576645 0.991381407
vn -0.0145341549 0.0924531668 0.995610952
vn -0.719339609 -0.13545078 0.681324899
vn -0.889077067 -0.432830244 0.148996398
vn -0.843338549 -0.478892237 0.243807927
vn -0.819458723 -0.504664719 0.271663338
vn -0.889077067 -0.432830244 0.148996398
vn -0.921411455 -0.342661262 0.183259815
vn -0.843338549 -0.478892237 0.243807927
vn 0.987406969 0.119468704 -0.103705168
vn 0.977891684 0.140395522 -0.154974341
vn 0.985546529 0.128743261 -0.1101062
vn 0.851867557 0.156003743 -0.499984324
vn 0.977891684 0.140395522 -0.154974341
vn 0.979324639 0.131891891 -0.153387383
vn 0.365675211 0.144888148 0.919396043
vn 0.416303545 0.139402092 0.898475587
vn 0.447862715 0.163947344 0.878942668
vn 0.368099242 0.118101388 0.922255397
vn 0.416303545 0.139402092 0.898475587
vn 0.365675211 0.144888148 0.919396043
vn 0.757500052 0.636659086 -0.144426569
vn 0.723704696 0.63235265 -0.276372075
vn 0.833422184 0.498930275 -0.237646863
vn 0.833422184 0.498930275 -0.237646863
vn 0.762436211 0.570197165 -0.30588606
vn 0.834949434 0.470280588 -0.285824329
vn 0.99997139 -0.000126537823 0.00755821448
vn 0.998608112 0.0468613468 0.024204554
vn 0.998769104 0.0495146252 0.00293881469
vn 0.998608112 0.0468613468 0.024204554
vn 0.993074775 0.115654036 0.0206553526
vn 0.998769104 0.0495146252 0.00293881469
vn -0.482676297 -0.81759429 0.313947648
vn -0.497165054 -0.861143947 0.106103718
vn -0.175832197 -0.930357814 0.321741223
vn -0.129584372 -0.790237963 0.598942339
vn -0.482676297 -0.81759429 0.313947648
vn -0.175832197 -0.930357814 0.321741223
vn -0.307702333 0.212613374 0.927423775
vn -0.511223733 0.201415136 0.835513175
vn -0.305647969 0.176753849 0.935594678
vn -0.305647969 0.176753849 0.935594678
vn -0.403875083 0.167913035 0.899272025
vn -0.266829997 0.151925102 0.951693535
vn -0.997175872 0.0490570702 0.0568656437
vn -0.997954071 0.0362711847 0.0526500121
vn -0.939528883 -0.26981765 0.210912272
vn -0.939528883 -0.26981765 0.210912272
vn -0.907266736 -0.233947098 0.349479437
vn -0.987905264 -0.0846093744 0.12994045
vn -0.119196914 0.104179069 -0.987389982
vn 0.0238239393 0.111836359 -0.993441045
vn -0.116639011 0.102598801 -0.987860739
vn 0.0238239393 0.111836359 -0.993441045
vn 0.158538431 0.10972093 -0.981237411
vn 0.0137722883 0.106602259 -0.994206369
vn 0.833422184 0.498930275 -0.237646863
vn 0.723704696 0.63235265 -0.276372075
vn 0.762436211 0.570197165 -0.30588606
vn 0.723704696 0.63235265 -0.276372075
vn 0.736679435 0.61152035 -0.288697362
vn 0.762436211 0.570197165 -0.30588606
vn -0.447436154 0.0476855002 -0.893043637
vn -0.395121783 0.095665589 -0.913633883
vn -0.167444527 0.0815521702 -0.982502699
vn -0.715538204 0.0238671284 -0.698165834
vn -0.624717534 0.0542176776 -0.778966308
vn -0.447436154 0.0476855002 -0.893043637
vn -0.239509121 -0.0783291757 0.96772927
vn -0.330659747 -0.220662996 0.91759038
vn -0.227159426 -0.2642124 0.937331498
vn -0.330659747 -0.220662996 0.91759038
vn -0.49694258 -0.302533031 0.813339949
vn -0.227159426 -0.2642124 0.937331498
vn -0.987905264 -0.0846093744 0.12994045
vn -0.997175872 0.0490570702 0.0568656437
vn -0.939528883 -0.26981765 0.210912272
vn -0.997106194 0.0587592833 0.0482341498
vn -0.997175872 0.0490570702 0.0568656437
vn -0.987905264 -0.0846093744 0.12994045
vn -0.994750261 -0.102328688 0.000897841936
vn -0.997061908 -0.075319387 0.0139512038
vn -0.997358024 -0.0712443218 -0.0141795408
vn -0.996480048 -0.0494969822 0.0676586926
vn -0.994750261 -0.102328688 0.000897841936
vn -0.997358024 -0.0712443218 -0.0141795408
vn -0.379997313 -0.00237746513 -0.924984634
vn -0.130878016 0.0414234065 -0.990532696
vn -0.290328234 0.0120193344 -0.956851721
vn -0.852058947 -0.0748137012 -0.518071949
vn -0.379997313 -0.00237746513 -0.924984634
vn -0.537805736 -0.0370809808 -0.842252851
vn -0.964993477 -0.180584684 0.190201804
vn -0.972842634 -0.100704312 0.20841296
vn -0.94642204 -0.225077942 0.231571525
vn -0.96255213 -0.126513213 0.239765808
vn -0.93780309 -0.23991935 0.250926346
vn -0.94642204 -0.225077942 0.231571525
vn -0.998072326 -0.0602103025 0.0150488783
vn -0.999815643 -0.00425746851 -0.0187262315
vn -0.99966234 0.00668064971 0.025112886
vn -0.99966234 0.00668064971 0.025112886
vn -0.999815643 -0.00425746851 -0.0187262315
vn -0.999364972 0.0356090777 -0.00126014801
vn 0.61244911 -0.452319711 0.64831543
vn 0.149391279 -0.425883859 0.892359316
vn 0.162632778 -0.616333067 0.770508945
vn 0.668137252 -0.291945189 0.684368789
vn 0.277391344 -0.123043247 0.952845395
vn 0.217174843 -0.276628047 0.936115444
vn 0.953413367 0.0679444745 -0.293915838
vn 0.96224606 -0.00195515458 -0.272174269
vn 0.97504729 0.0312428698 -0.219787419
vn 0.90752399 0.0274395514 -0.419102937
vn 0.96224606 -0.00195515458 -0.272174269
vn 0.953413367 0.0679444745 -0.293915838
vn 0.947295129 0.278375864 0.15855287
vn 0.959247768 0.20467627 0.194811404
vn 0.975572586 0.218624055 0.0214885455
vn 0.929691255 0.360347599 0.0763143227
vn 0.947295129 0.278375864 0.15855287
vn 0.975572586 0.218624055 0.0214885455
vn -0.228882179 0.163809881 0.959572434
vn -0.423400402 0.0936002061 0.901094437
vn -0.0182014704 0.0732061565 0.997150779
vn -0.423400402 0.0936002061 0.901094437
vn -0.179044157 -0.0421603248 0.982937276
vn -0.0182014704 0.0732061565 0.997150779
vn -0.995076478 -0.0898924619 0.0417385437
vn -0.998072326 -0.0602103025 0.0150488783
vn -0.997496367 -0.0540436804 0.0456104837
vn -0.993153095 -0.089394778 0.0752028301
vn -0.995076478 -0.0898924619 0.0417385437
vn -0.997496367 -0.0540436804 0.0456104837
vn 0.928801715 0.349930048 -0.12196862
vn 0.913029194 0.33387965 -0.234312013
vn 0.933088124 0.303138644 -0.193528801
vn 0.928801715 0.349930048 -0.12196862
vn 0.933088124 0.303138644 -0.193528801
vn 0.948662221 0.288885534 -0.128783703
vn 0.237046912 0.38858676 -0.890398264
vn 0.293786943 0.373530775 -0.879865885
vn 0.244812325 0.3633295 -0.898920715
vn 0.293786943 0.373530775 -0.879865885
vn 0.329394847 0.352604628 -0.875881851
vn 0.283607006 0.353424788 -0.891435862
vn 0.99810183 -0.0124866152 -0.0603063405
vn 0.997000933 0.0512696281 -0.0579703972
vn 0.993488908 -0.0258360952 -0.110960715
vn 0.99261415 0.0470274426 -0.111827701
vn 0.997000933 0.0512696281 -0.0579703972
vn 0.983967602 0.120198503 -0.131757975
vn 0.985054016 0.120464906 -0.123112626
vn 0.981474161 0.125821665 -0.144489989
vn 0.983734548 0.100871041 -0.148632169
vn 0.981474161 0.125821665 -0.144489989
vn 0.98425889 0.124760531 -0.125176549
vn 0.983734548 0.100871041 -0.148632169
vn 0.733729362 0.0294926558 -0.678801358
vn 0.12395338 0.0367618538 -0.991606772
vn 0.606598794 -0.00720507465 -0.794975519
vn 0.12395338 0.0367618538 -0.991606772
vn 0.12071377 0.0604404286 -0.990845621
vn 0.606598794 -0.00720507465 -0.794975519
vn 0.342557341 0.376274526 -0.860855401
vn 0.291764349 0.397997051 -0.869753897
vn 0.345921904 0.406623781 -0.845573902
vn 0.391018838 0.400194466 -0.828823686
vn 0.773882508 0.359113097 -0.521673858
vn 0.389650494 0.374412239 -0.841420174
vn 0.149391279 -0.425883859 0.892359316
vn 0.0749662742 -0.25385347 0.964333117
vn 0.0585458651 -0.426248193 0.902709663
vn 0.0749662742 -0.25385347 0.964333117
vn -0.0691025779 -0.324180156 0.943468153
vn 0.0585458651 -0.426248193 0.902709663
vn 0.93292892 -0.121234313 -0.339036554
vn 0.958696961 -0.0575385801 -0.278548628
vn 0.95435524 -0.156093433 -0.25463888
vn 0.78875494 -0.41763097 -0.451054275
vn 0.93292892 -0.121234313 -0.339036554
vn 0.95435524 -0.156093433 -0.25463888
vn 0.886888623 0.343427896 0.309007734
vn 0.892841041 0.142785192 0.427138507
vn 0.944240689 0.314993978 0.095855698
vn 0.658109069 0.243198082 0.712563753
vn 0.892841041 0.142785192 0.427138507
vn 0.780669034 0.327275008 0.532397449
vn -0.848566651 -0.0398116708 0.527588487
vn -0.960293889 -0.111695901 0.255655318
vn -0.860400498 -0.149783164 0.48710978
vn 0.0107422927 -0.011608474 0.999874949
vn -0.42118445 -0.152272061 0.894101202
vn -0.122198857 -0.181169137 0.975830495
vn 0.189701051 -0.0881739855 0.977874577
vn 0.292705119 -0.209118307 0.933055758
vn 0.687106073 -0.0928117111 0.720604837
vn 0.223929211 0.0400790162 0.97378099
vn 0.163940772 -0.0342838876 0.985874236
vn 0.683261752 -0.00435280055 0.730160534
vn -0.31066972 0.0473842695 0.949336052
vn -0.456958622 0.0252305102 0.889129996
vn -0.322724938 -0.0411197916 0.945599079
vn -0.404312432 0.0832187086 0.91082716
vn -0.456958622 0.0252305102 0.889129996
vn -0.31066972 0.0473842695 0.949336052
vn -0.996881127 -0.0767687708 0.0182899293
vn -0.99857235 -0.0502373688 0.0181507133
vn -0.996314943 -0.0845258757 0.0145535506
vn -0.996389747 -0.0763214752 0.0371832475
vn -0.997968614 -0.0597744584 0.0220409278
vn -0.996881127 -0.0767687708 0.0182899293
vn 0.475329489 -0.722684264 -0.501786113
vn -0.201717213 -0.838390648 -0.506370723
vn 0.509516418 -0.602411687 -0.614404678
vn 0.475329489 -0.722684264 -0.501786113
vn 0.509516418 -0.602411687 -0.614404678
vn 0.713393331 -0.502743185 -0.488179445
vn 0.0107422927 -0.011608474 0.999874949
vn -0.309746206 0.0326313339 0.950259209
vn -0.42118445 -0.152272061 0.894101202
vn 0.0828840286 0.100671686 0.991461217
vn -0.309746206 0.0326313339 0.950259209
vn 0.0107422927 -0.011608474 0.999874949
vn 0.19976078 0.9788782 -0.0435091332
vn -0.828490257 0.559994936 -0.00309581286
vn 0.0649128109 0.945742726 -0.31836611
vn 0.513320267 0.768350601 -0.382281899
vn 0.19976078 0.9788782 -0.0435091332
vn 0.0649128109 0.945742726 -0.31836611
vn 0.970843136 -0.175922111 0.16283454
vn 0.972175956 -0.198999166 0.123585232
vn 0.982495308 -0.150376603 0.109954253
vn 0.970843136 -0.175922111 0.16283454
vn 0.934288383 -0.283594698 0.216053382
vn 0.972175956 -0.198999166 0.123585232
vn 0.302729905 -0.67889601 -0.668920755
vn 0.743453741 -0.393305957 -0.540912986
vn 0.473145902 -0.657007217 -0.586919546
vn 0.473145902 -0.657007217 -0.586919546
vn 0.743453741 -0.393305957 -0.540912986
vn 0.466619521 -0.696093142 -0.545637667
vn 0.88043946 0.474139422 0.00426018285
vn 0.70132035 0.5677827 -0.431013584
vn 0.711934745 0.669068635 -0.21329844
vn 0.711934745 0.669068635 -0.21329844
vn 0.70132035 0.5677827 -0.431013584
vn 0.464676857 0.78909719 -0.401747376
vn 0.173493713 0.234047487 0.956620038
vn -0.214324504 0.251857638 0.943733454
vn -0.168285027 0.237480715 0.956704259
vn 0.0573379956 0.212757498 0.975421309
vn 0.173493713 0.234047487 0.956620038
vn -0.168285027 0.237480715 0.956704259
vn 0.894474626 0.121860124 -0.430191994
vn 0.986427844 0.0952598527 -0.133736998
vn 0.986701369 0.0707478896 -0.14633894
vn 0.986666858 0.106755316 -0.122849323
vn 0.986427844 0.0952598527 -0.133736998
vn 0.894474626 0.121860124 -0.430191994
vn -0.845600069 0.166441813 0.507205784
vn -0.777133048 0.174428329 0.604680896
vn -0.83845377 0.141677827 0.526234269
vn -0.34222579 0.31515485 0.885188639
vn -0.499527961 0.29299888 0.815244436
vn -0.441223145 0.269992232 0.855819166
vn -0.92765522 -0.326280177 0.181651115
vn -0.921411455 -0.342661262 0.183259815
vn -0.935542703 -0.309246182 0.170665532
vn -0.934887767 -0.308160335 0.176131293
vn -0.91171211 -0.355110466 0.206585497
vn -0.926438451 -0.330511928 0.180204511
vn -0.465008736 -0.61266619 0.639067292
vn -0.63897562 -0.430694401 0.637347996
vn -0.825969458 -0.367314249 0.427615255
vn -0.63897562 -0.430694401 0.637347996
vn -0.821781397 -0.339318454 0.45775345
vn -0.825969458 -0.367314249 0.427615255
vn 0.899632037 0.435115546 0.0365594253
vn 0.914737463 0.386647314 0.11729984
vn 0.821441114 0.390267789 0.415843308
vn 0.824427366 0.357756406 0.438554347
vn 0.590354085 0.302600622 0.748274565
vn 0.821441114 0.390267789 0.415843308
vn 0.74112314 -0.670215964 0.0393311419
vn 0.951116502 -0.307033986 -0.033278551
vn 0.813426971 -0.579337418 0.0520060658
vn 0.980345368 -0.187404633 -0.0616633296
vn 0.995334804 -0.00276975101 -0.096441187
vn 0.951116502 -0.307033986 -0.033278551
vn 0.688222766 0.114817269 0.716356277
vn 0.697318017 0.0905445889 0.711019933
vn 0.126998395 0.131982848 0.983082891
vn 0.688222766 0.114817269 0.716356277
vn 0.126998395 0.131982848 0.983082891
vn 0.126276523 0.107113384 0.986195207
vn 0.951116502 -0.307033986 -0.033278551
vn 0.74112314 -0.670215964 0.0393311419
vn 0.980345368 -0.187404633 -0.0616633296
vn 0.980345368 -0.187404633 -0.0616633296
vn 0.74112314 -0.670215964 0.0393311419
vn 0.947818041 -0.304453403 -0.0946007743
vn 0.920512974 -0.276033491 -0.276516527
vn 0.835904479 -0.344779998 -0.427071929
vn 0.922606051 -0.20578742 -0.32626608
vn 0.971169949 -0.0406472087 -0.234897032
vn 0.969898641 -0.225124046 -0.0928211436
vn 0.922606051 -0.20578742 -0.32626608
vn -0.94763571 -0.260855526 0.184230998
vn -0.925447822 -0.321440846 0.200554341
vn -0.946043372 -0.275898963 0.169945866
vn -0.92765522 -0.326280177 0.181651115
vn -0.935542703 -0.309246182 0.170665532
vn -0.925447822 -0.321440846 0.200554341
vn 0.439452291 -0.564717889 -0.69855237
vn 0.698111415 -0.375869155 -0.609395385
vn 0.568158984 -0.570326447 -0.593231142
vn 0.78875494 -0.41763097 -0.451054275
vn 0.618178964 -0.319889277 -0.718001127
vn 0.93292892 -0.121234313 -0.339036554
vn 0.946920216 0.267482728 -0.178311735
vn 0.946532965 0.319944918 -0.0413588732
vn 0.948662221 0.288885534 -0.128783703
vn 0.946532965 0.319944918 -0.0413588732
vn 0.928801715 0.349930048 -0.12196862
vn 0.948662221 0.288885534 -0.128783703
vn 0.00259227864 -0.39402917 0.919094265
vn -0.311293095 -0.603554606 0.734042466
vn 0.146800384 -0.619677961 0.771005094
vn 0.146800384 -0.619677961 0.771005094
vn 0.504085302 -0.295968711 0.8113572
vn 0.00259227864 -0.39402917 0.919094265
vn 0.188156456 -0.85669589 -0.48028034
vn 0.568158984 -0.570326447 -0.593231142
vn 0.512313902 -0.799472213 -0.313653618
vn 0.78875494 -0.41763097 -0.451054275
vn 0.674024761 -0.691608906 -0.259552956
vn 0.512313902 -0.799472213 -0.313653618
vn 0.922606051 -0.20578742 -0.32626608
vn 0.969898641 -0.225124046 -0.0928211436
vn 0.920512974 -0.276033491 -0.276516527
vn 0.920512974 -0.276033491 -0.276516527
vn 0.969898641 -0.225124046 -0.0928211436
vn 0.84477061 -0.470127702 -0.25562188
vn -0.974375188 -0.224703625 0.0100698695
vn -0.96367842 -0.262143135 -0.0510381274
vn -0.901546717 -0.425233662 -0.0799366161
vn -0.974375188 -0.224703625 0.0100698695
vn -0.901546717 -0.425233662 -0.0799366161
vn -0.905965865 -0.419946551 0.0535791181
vn 0.967049062 -0.138595015 -0.213559002
vn 0.957745552 -0.180613697 -0.223835155
vn 0.95435524 -0.156093433 -0.25463888
vn 0.963752806 -0.194957271 -0.182132661
vn 0.967049062 -0.138595015 -0.213559002
vn 0.97398454 -0.170476526 -0.149304956
vn -0.379007339 0.0399171598 -0.924532294
vn -0.333426774 0.0365273803 -0.942067981
vn -0.735047817 0.010824318 -0.677928805
vn -0.735047817 0.010824318 -0.677928805
vn -0.582007706 0.0771455467 -0.809515595
vn -0.379007339 0.0399171598 -0.924532294
vn 0.687671185 -0.585496247 0.4293046
vn 0.545794785 -0.631301939 0.55096817
vn 0.550344825 -0.706911683 0.444293141
vn 0.504085302 -0.295968711 0.8113572
vn 0.146800384 -0.619677961 0.771005094
vn 0.545794785 -0.631301939 0.55096817
vn -0.17103903 -0.804067552 -0.569404006
vn -0.0968917981 -0.661150753 -0.743970096
vn -0.0950925872 -0.903458536 -0.417995304
vn -0.17103903 -0.804067552 -0.569404006
vn -0.0950925872 -0.903458536 -0.417995304
vn -0.269065052 -0.913437009 -0.305347264
vn 0.745425045 0.642279267 -0.178378493
vn 0.758537591 0.603364646 -0.246113494
vn 0.736679435 0.61152035 -0.288697362
vn 0.723704696 0.63235265 -0.276372075
vn 0.745425045 0.642279267 -0.178378493
vn 0.736679435 0.61152035 -0.288697362
vn 0.992611051 0.121337608 0.000801932591
vn 0.993074775 0.115654036 0.0206553526
vn 0.991466939 0.126797706 0.0302599873
vn 0.993074775 0.115654036 0.0206553526
vn 0.997641802 0.0491747819 0.047882244
vn 0.991466939 0.126797706 0.0302599873
vn -0.459636182 -0.135017261 -0.877784073
vn -0.249149591 -0.0256490335 -0.968125284
vn -0.00244065374 0.0641050264 -0.997940123
vn -0.459636182 -0.135017261 -0.877784073
vn -0.925372005 -0.337905228 -0.171775371
vn -0.71953398 -0.315243274 -0.618783057
vn -0.921411455 -0.342661262 0.183259815
vn -0.92765522 -0.326280177 0.181651115
vn -0.91171211 -0.355110466 0.206585497
vn -0.91171211 -0.355110466 0.206585497
vn -0.843338549 -0.478892237 0.243807927
vn -0.921411455 -0.342661262 0.183259815
vn -0.504239202 -0.857623994 0.101113237
vn -0.0341749229 -0.988692164 0.146013215
vn 0.0276115164 -0.947225809 0.319375813
vn 0.0276115164 -0.947225809 0.319375813
vn -0.0341749229 -0.988692164 0.146013215
vn 0.355474532 -0.929760098 0.0958331525
vn 0.99488014 -0.0282481611 0.0970333293
vn 0.990168631 -0.113102712 0.082302928
vn 0.996225238 -0.0714462474 0.049301967
vn 0.994703233 0.100251183 0.0226990357
vn 0.981320262 0.117478818 0.152345538
vn 0.99488014 -0.0282481611 0.0970333293
vn 0.140220359 0.102284707 -0.984822869
vn 0.117525868 0.0883439109 -0.989132404
vn 0.130128697 0.0799223036 -0.988270581
vn -0.459636182 -0.135017261 -0.877784073
vn -0.00244065374 0.0641050264 -0.997940123
vn -0.0123159327 0.0748256221 -0.997120619
vn -0.0116114998 -0.809027076 0.587656617
vn 0.373950511 -0.828314304 0.417200476
vn 0.0374254249 -0.706353426 0.706869185
vn 0.262115538 -0.563212752 0.783636808
vn 0.0522864722 -0.586805403 0.808038116
vn 0.373950511 -0.828314304 0.417200476
vn 0.0515460521 -0.673413038 -0.73746717
vn 0.284089178 -0.779372573 -0.558454812
vn 0.231080636 -0.773104072 -0.590687633
vn 0.284089178 -0.779372573 -0.558454812
vn 0.473145902 -0.657007217 -0.586919546
vn 0.300336897 -0.738478959 -0.603694022
vn -0.764485478 -0.644631505 -0.00346345408
vn -0.707562566 -0.706471562 -0.01590834
vn -0.955293894 -0.290514797 -0.0549083911
vn -0.847639143 -0.525790453 0.0710782707
vn -0.955293894 -0.290514797 -0.0549083911
vn -0.707562566 -0.706471562 -0.01590834
vn 0.965251267 0.0388242938 0.258423209
vn 0.683261752 -0.00435280055 0.730160534
vn 0.687106073 -0.0928117111 0.720604837
vn 0.683261752 -0.00435280055 0.730160534
vn 0.189701051 -0.0881739855 0.977874577
vn 0.687106073 -0.0928117111 0.720604837
vn 0.293786943 0.373530775 -0.879865885
vn 0.237046912 0.38858676 -0.890398264
vn 0.291764349 0.397997051 -0.869753897
vn 0.276813895 0.548993409 -0.788657248
vn 0.299084246 0.426829457 -0.853443205
vn 0.230804488 0.417525709 -0.878863811
vn 0.88382858 0.405790418 -0.232768714
vn 0.892296135 0.370976418 -0.257262886
vn 0.899269462 0.409505486 -0.153686792
vn 0.88382858 0.405790418 -0.232768714
vn 0.89029175 0.389781207 -0.2354808
vn 0.892296135 0.370976418 -0.257262886
vn -0.705293238 0.0331805311 0.708138704
vn -0.682564616 0.096370481 0.724443495
vn -0.836039424 0.0614552982 0.545216858
vn -0.791107714 -0.0828625336 0.606038332
vn -0.705293238 0.0331805311 0.708138704
vn -0.836039424 0.0614552982 0.545216858
vn -0.975358784 0.118763618 0.18593131
vn -0.981083214 0.193303883 -0.0104508828
vn -0.980011344 0.137592897 0.143686593
vn -0.967867792 0.0863980353 0.236151025
vn -0.980011344 0.137592897 0.143686593
vn -0.903923333 0.297025144 0.307731599
vn 0.998737514 -0.00883231778 0.0494497269
vn 0.997721016 -0.0127208848 0.0662650988
vn 0.997761369 -0.015830012 0.0649749488
vn 0.993207753 0.102155447 0.0557011478
vn 0.996634483 0.0445240773 0.0688271001
vn 0.997641802 0.0491747819 0.047882244
vn 0.257660091 0.67595005 0.690436721
vn 0.165640801 0.66528517 0.7279827
vn 0.240469217 0.625985742 0.74183315
vn 0.431858897 0.430761009 0.792428434
vn 0.33193627 0.657582223 0.676316321
vn 0.240469217 0.625985742 0.74183315
vn 0.335210443 -0.400642812 -0.85271287
vn 0.231226772 -0.267234147 -0.935478628
vn 0.505759358 -0.375927091 -0.776457429
vn -0.0155118126 -0.51811862 -0.855168104
vn 0.335210443 -0.400642812 -0.85271287
vn 0.168191999 -0.593100727 -0.787364542
vn -0.927235425 -0.33843711 0.160295814
vn -0.93205595 -0.332932532 0.142925248
vn -0.933692753 -0.323235244 0.154067919
vn -0.93205595 -0.332932532 0.142925248
vn -0.927235425 -0.33843711 0.160295814
vn -0.946440935 -0.272187233 0.173676759
vn -0.838702679 -0.45588395 0.297905535
vn -0.892913997 -0.38175112 0.238685504
vn -0.869611204 -0.409608573 0.275675863
vn -0.869611204 -0.409608573 0.275675863
vn -0.892913997 -0.38175112 0.238685504
vn -0.94259268 -0.280269384 0.18157135
vn -0.838600755 0.0601766706 -0.541412592
vn -0.715538204 0.0238671284 -0.698165834
vn -0.699432313 0.040102616 -0.71357286
vn -0.699432313 0.040102616 -0.71357286
vn -0.715538204 0.0238671284 -0.698165834
vn -0.420932174 0.0303293709 -0.906584918
vn -0.845867753 -0.35489884 -0.398189217
vn -0.903808415 -0.193146467 -0.38187021
vn -0.502145469 -0.0811388269 -0.860968232
vn -0.928553939 -0.367693067 0.0508869588
vn -0.903808415 -0.193146467 -0.38187021
vn -0.845867753 -0.35489884 -0.398189217
vn 0.623555422 0.705396473 -0.337037861
vn 0.658012927 0.670050979 -0.343585134
vn 0.513320267 0.768350601 -0.382281899
vn 0.513320267 0.768350601 -0.382281899
vn 0.658012927 0.670050979 -0.343585134
vn 0.19976078 0.9788782 -0.0435091332
vn -0.96255213 -0.126513213 0.239765808
vn -0.962989151 -0.118068501 0.242304966
vn -0.93780309 -0.23991935 0.250926346
vn -0.97384274 -0.127878547 0.187822521
vn -0.93780309 -0.23991935 0.250926346
vn -0.962989151 -0.118068501 0.242304966
vn -0.949552 -0.292361796 0.113470249
vn -0.973467529 -0.199827105 0.111490667
vn -0.94259268 -0.280269384 0.18157135
vn -0.922727406 -0.354473382 0.151402608
vn -0.94259268 -0.280269384 0.18157135
vn -0.892913997 -0.38175112 0.238685504
vn -0.99066925 0.13165009 -0.0352527723
vn -0.939242542 0.169802561 -0.298312902
vn -0.987546861 0.15566127 -0.0228227321
vn -0.980542302 0.142812356 0.134689361
vn -0.99066925 0.13165009 -0.0352527723
vn -0.987546861 0.15566127 -0.0228227321
vn -0.950934947 -0.30528897 0.0502135903
vn -0.984906912 -0.163684651 0.0562651344
vn -0.949552 -0.292361796 0.113470249
vn -0.96218586 -0.022304235 0.271479636
vn -0.984906912 -0.163684651 0.0562651344
vn -0.950934947 -0.30528897 0.0502135903
vn -0.179044157 -0.0421603248 0.982937276
vn -0.520993829 -0.250837654 0.815871179
vn -0.106062233 -0.0582990162 0.992648959
vn -0.179044157 -0.0421603248 0.982937276
vn -0.775674701 -0.317458302 0.54548049
vn -0.520993829 -0.250837654 0.815871179
vn 0.231080636 -0.773104072 -0.590687633
vn 0.466619521 -0.696093142 -0.545637667
vn 0.186553434 -0.844580591 -0.501877785
vn 0.186553434 -0.844580591 -0.501877785
vn 0.304368883 -0.896360159 -0.322332174
vn -0.00809711404 -0.940762579 -0.338969231
vn -0.0463797189 -0.319425672 -0.946475685
vn 0.335210443 -0.400642812 -0.85271287
vn -0.0155118126 -0.51811862 -0.855168104
vn -0.696733654 -0.358974278 -0.62104708
vn -0.0463797189 -0.319425672 -0.946475685
vn -0.0155118126 -0.51811862 -0.855168104
vn 0.748347938 0.584704816 -0.313202262
vn -0.13387692 0.918892264 -0.37109831
vn -0.226404577 0.913931966 -0.336851984
vn 0.736679435 0.61152035 -0.288697362
vn -0.13387692 0.918892264 -0.37109831
vn 0.748347938 0.584704816 -0.313202262
vn -0.685773015 -0.146845534 -0.71284765
vn -0.757646322 -0.230140239 -0.610743463
vn -0.965504944 -0.0796537623 -0.247902334
vn -0.718012571 -0.0879630893 -0.690449476
vn -0.685773015 -0.146845534 -0.71284765
vn -0.981364131 -0.0332296193 -0.189262122
vn -0.775674701 -0.317458302 0.54548049
vn -0.832977712 -0.545261264 0.0940119997
vn -0.739668429 -0.478900462 0.47280547
vn -0.775674701 -0.317458302 0.54548049
vn -0.89832902 -0.430691212 0.0866605267
vn -0.832977712 -0.545261264 0.0940119997
vn 0.815930724 0.137102351 -0.561658323
vn 0.894474626 0.121860124 -0.430191994
vn 0.338143915 0.115620695 -0.933964968
vn 0.529828608 0.146636099 -0.835331976
vn 0.851867557 0.156003743 -0.499984324
vn 0.3506006 0.120254867 -0.92877233
vn 0.73817718 0.459412575 -0.493998647
vn 0.391018838 0.400194466 -0.828823686
vn 0.461476088 0.604506254 -0.649316609
vn 0.88043946 0.474139422 0.00426018285
vn 0.73817718 0.459412575 -0.493998647
vn 0.70132035 0.5677827 -0.431013584
vn 0.667058289 -0.649072528 -0.365702212
vn 0.814951122 -0.425061345 -0.393925756
vn 0.783270359 -0.508707762 -0.357356995
vn 0.649233758 -0.730386496 -0.212205425
vn 0.667058289 -0.649072528 -0.365702212
vn 0.783270359 -0.508707762 -0.357356995
vn -0.739668429 -0.478900462 0.47280547
vn -0.832977712 -0.545261264 0.0940119997
vn -0.770775497 -0.494570434 0.401628166
vn -0.739668429 -0.478900462 0.47280547
vn -0.770775497 -0.494570434 0.401628166
vn -0.520993829 -0.250837654 0.815871179
vn 0.952047586 0.120600417 -0.281177759
vn 0.925125301 0.228103861 -0.30349949
vn 0.927238286 0.28159976 -0.24684152
vn 0.925125301 0.228103861 -0.30349949
vn 0.913029194 0.33387965 -0.234312013
vn 0.902703762 0.331870764 -0.27383858
vn -0.411999941 -0.797513783 0.44071269
vn -0.465008736 -0.61266619 0.639067292
vn -0.77040261 -0.475575924 0.424626231
vn -0.501845837 -0.519628763 0.691474259
vn -0.465008736 -0.61266619 0.639067292
vn 0.0861846358 -0.80018574 0.593527615
vn -0.420932174 0.0303293709 -0.906584918
vn -0.336002648 0.0198799782 -0.941651225
vn -0.568246603 0.0438210703 -0.821690619
vn -0.420932174 0.0303293709 -0.906584918
vn -0.155079663 0.0405135639 -0.987070978
vn -0.336002648 0.0198799782 -0.941651225
vn -0.59419775 -0.61913079 0.513425708
vn -0.339660585 -0.920652211 0.192432538
vn 0.0411745869 -0.993437469 -0.106707729
vn -0.339660585 -0.920652211 0.192432538
vn -0.214639515 -0.949198961 -0.230111316
vn 0.0411745869 -0.993437469 -0.106707729
vn 0.302729905 -0.67889601 -0.668920755
vn 0.266979724 -0.377113789 -0.886852264
vn 0.743453741 -0.393305957 -0.540912986
vn 0.0515460521 -0.673413038 -0.73746717
vn 0.266979724 -0.377113789 -0.886852264
vn 0.302729905 -0.67889601 -0.668920755
vn 0.954684019 0.104982428 -0.278490543
vn 0.97504729 0.0312428698 -0.219787419
vn 0.970929325 0.0778638646 -0.226348385
vn 0.973298907 -0.0124281272 -0.229204863
vn 0.981472969 -0.0243543293 -0.190046638
vn 0.986524701 0.0270028859 -0.1613684
vn -0.362276137 0.183355257 -0.913858175
vn -0.29891482 0.572332263 -0.763600528
vn -0.296293348 0.194153816 -0.935154796
vn -0.238550425 0.121854812 -0.963454723
vn -0.296293348 0.194153816 -0.935154796
vn 0.0478931032 0.121915676 -0.991384327
vn 0.623555422 0.705396473 -0.337037861
vn 0.459027469 0.863347828 -0.209581047
vn 0.663326144 0.700871468 -0.262254775
vn 0.663326144 0.700871468 -0.262254775
vn 0.459027469 0.863347828 -0.209581047
vn 0.401222229 0.915980041 0.00113457942
vn 0.106783673 -0.541367412 0.83397758
vn 0.162632778 -0.616333067 0.770508945
vn 0.149391279 -0.425883859 0.892359316
vn -0.163624674 -0.643707871 0.74757421
vn 0.162632778 -0.616333067 0.770508945
vn 0.106783673 -0.541367412 0.83397758
vn 0.606986821 -0.787189364 0.10908594
vn 0.813426971 -0.579337418 0.0520060658
vn 0.745365143 -0.653835177 0.130116895
vn 0.487636954 -0.871309459 0.0550442077
vn 0.813426971 -0.579337418 0.0520060658
vn 0.606986821 -0.787189364 0.10908594
vn 0.885485709 -0.396122843 0.242903054
vn 0.820869088 -0.290361226 0.49179706
vn 0.687671185 -0.585496247 0.4293046
vn 0.687671185 -0.585496247 0.4293046
vn 0.647695482 -0.669683814 0.363337457
vn 0.885485709 -0.396122843 0.242903054
vn 0.720565498 0.613821924 -0.322502613
vn 0.155529544 0.950745881 -0.268128246
vn 0.591282904 0.797286987 -0.121317402
vn 0.658012927 0.670050979 -0.343585134
vn 0.720565498 0.613821924 -0.322502613
vn 0.591282904 0.797286987 -0.121317402
vn 0.20287624 0.72067827 0.662920833
vn 0.257660091 0.67595005 0.690436721
vn 0.310929686 0.717494309 0.62331742
vn 0.20287624 0.72067827 0.662920833
vn 0.310929686 0.717494309 0.62331742
vn 0.336435258 0.888469338 0.312143415
vn 0.9692927 0.17816712 0.169494286
vn 0.955293477 0.172346979 0.240230858
vn 0.821796536 0.191757873 0.536543846
vn 0.821796536 0.191757873 0.536543846
vn 0.875888169 0.189602271 0.443701237
vn 0.947925866 0.207749173 0.24140586
vn 0.187348098 0.0646821111 -0.980161726
vn 0.391545564 0.118062519 -0.912553132
vn 0.512732863 0.0541502088 -0.856838822
vn 0.187348098 0.0646821111 -0.980161726
vn 0.512732863 0.0541502088 -0.856838822
vn 0.606598794 -0.00720507465 -0.794975519
vn 0.647695482 -0.669683814 0.363337457
vn 0.685885251 -0.687759697 0.237798288
vn 0.818392634 -0.537238359 0.203981325
vn 0.885485709 -0.396122843 0.242903054
vn 0.647695482 -0.669683814 0.363337457
vn 0.818392634 -0.537238359 0.203981325
vn -0.0968917981 -0.661150753 -0.743970096
vn 0.233344316 -0.596896172 -0.76763618
vn -0.0950925872 -0.903458536 -0.417995304
vn 0.211083293 -0.427593946 -0.878980756
vn -0.0968917981 -0.661150753 -0.743970096
vn -0.140946314 -0.482060045 -0.864726722
vn -0.0769258216 0.254165292 0.964096725
vn -0.317548931 0.269446671 0.909154058
vn -0.248866767 0.223396346 0.942422032
vn -0.0769258216 0.254165292 0.964096725
vn -0.248866767 0.223396346 0.942422032
vn -0.0776420832 0.196884781 0.977347434
vn 0.199312195 0.139592305 0.96994251
vn 0.241580442 0.06622082 0.968118727
vn 0.294784039 0.213929042 0.931309104
vn 0.199312195 0.139592305 0.96994251
vn 0.294784039 0.213929042 0.931309104
vn 0.200057179 0.187760398 0.961625278
vn -0.843867838 -0.502012074 0.189396068
vn -0.819458723 -0.504664719 0.271663338
vn -0.839554667 -0.474636853 0.2643255
vn -0.823483169 -0.478950113 0.304109305
vn -0.839554667 -0.474636853 0.2643255
vn -0.819458723 -0.504664719 0.271663338
vn -0.149119407 -0.0662668124 -0.986596286
vn -0.199978918 -0.0468118936 -0.978681326
vn -0.153793126 -0.00133622857 -0.988102138
vn -0.336002648 0.0198799782 -0.941651225
vn -0.153793126 -0.00133622857 -0.988102138
vn -0.199978918 -0.0468118936 -0.978681326
vn 0.98990798 0.136866882 -0.0367367789
vn 0.994703233 0.100251183 0.0226990357
vn 0.996225238 -0.0714462474 0.049301967
vn 0.99488014 -0.0282481611 0.0970333293
vn 0.996225238 -0.0714462474 0.049301967
vn 0.994703233 0.100251183 0.0226990357
vn 0.799197614 0.591729581 0.105542459
vn 0.922054529 0.345571727 -0.174343333
vn 0.55242902 0.794940829 -0.250781268
vn 0.68034023 0.588874698 -0.436306953
vn 0.55242902 0.794940829 -0.250781268
vn 0.922054529 0.345571727 -0.174343333
vn -0.915002167 -0.400085092 0.051991269
vn -0.877774 -0.46907115 0.097391285
vn -0.636867285 -0.77076453 0.0179504491
vn -0.915002167 -0.400085092 0.051991269
vn -0.636867285 -0.77076453 0.0179504491
vn -0.764485478 -0.644631505 -0.00346345408
vn 0.953420401 -0.089735128 0.287988096
vn 0.885733366 -0.163105115 0.434595346
vn 0.970843136 -0.175922111 0.16283454
vn 0.828023791 -0.0144350603 0.560507059
vn 0.953420401 -0.089735128 0.287988096
vn 0.83591181 0.0723221749 0.544078112
vn 0.829765737 0.251308411 0.498330116
vn 0.623253405 0.222829714 0.749601305
vn 0.852448404 0.233780906 0.467630386
vn 0.829765737 0.251308411 0.498330116
vn 0.852448404 0.233780906 0.467630386
vn 0.947295129 0.278375864 0.15855287
vn -0.95691371 -0.178862438 0.228745401
vn -0.86270529 -0.486918211 -0.136565417
vn -0.776866138 -0.597439945 0.198858112
vn -0.776866138 -0.597439945 0.198858112
vn -0.718461871 -0.677046359 0.159438878
vn -0.955163538 -0.204606429 0.214006141
vn -0.728721023 0.0587689802 -0.682284355
vn -0.573988259 0.0261196811 -0.818446815
vn -0.426876217 -0.0277668871 -0.903883636
vn -0.583900392 -0.046143163 -0.8105129
vn -0.426876217 -0.0277668871 -0.903883636
vn -0.287206709 -0.113994539 -0.951061249
vn -0.411999941 -0.797513783 0.44071269
vn 0.242911831 -0.858184636 0.45223099
vn 0.0861846358 -0.80018574 0.593527615
vn -0.465008736 -0.61266619 0.639067292
vn -0.411999941 -0.797513783 0.44071269
vn 0.0861846358 -0.80018574 0.593527615
vn 0.0633615777 -0.997701287 0.0240294244
vn 0.539825082 -0.839978218 -0.0550032854
vn 0.183234662 -0.976670384 0.111982271
vn 0.232018471 -0.972542167 0.0181435384
vn 0.0633615777 -0.997701287 0.0240294244
vn 0.334857643 -0.942032099 0.0211157799
vn -0.948986113 0.195722684 0.247220367
vn -0.965819478 0.18430227 0.182278365
vn -0.969995439 0.185604945 0.157033399
vn -0.969995439 0.185604945 0.157033399
vn -0.965819478 0.18430227 0.182278365
vn -0.970879912 0.17174308 0.167022571
vn -0.94763571 -0.260855526 0.184230998
vn -0.934048593 -0.269509614 0.234345257
vn -0.925593972 -0.30953145 0.217867449
vn -0.916637003 -0.315110654 0.245930582
vn -0.925593972 -0.30953145 0.217867449
vn -0.934048593 -0.269509614 0.234345257
vn -0.995985866 -0.0571115315 0.0689228699
vn -0.999168158 0.00826423243 0.0399329439
vn -0.996629238 -0.0754052103 0.0323146768
vn -0.995985866 -0.0571115315 0.0689228699
vn -0.996629238 -0.0754052103 0.0323146768
vn -0.995076478 -0.0898924619 0.0417385437
vn 0.391454548 -0.90893805 -0.143509731
vn 0.590827286 -0.806795359 0.00205628597
vn 0.355474532 -0.929760098 0.0958331525
vn 0.554724336 -0.816798925 0.158493772
vn 0.590827286 -0.806795359 0.00205628597
vn 0.685885251 -0.687759697 0.237798288
vn -0.847044706 0.0447478071 -0.529634655
vn -0.967896044 0.127315849 -0.216720521
vn -0.767139614 0.161324352 -0.620863318
vn -0.990623772 0.12840566 0.0466540381
vn -0.967896044 0.127315849 -0.216720521
vn -0.97621423 0.0635310113 -0.207291201
vn -0.962830961 -0.234354392 0.134292617
vn -0.972828031 -0.190553322 0.131511092
vn -0.95802325 -0.235453814 0.163563505
vn -0.993564427 -0.100969896 0.0513300672
vn -0.964993477 -0.180584684 0.190201804
vn -0.970738351 -0.162301958 0.1769889
vn -0.959266424 0.149993569 0.239394501
vn -0.980011344 0.137592897 0.143686593
vn -0.966362417 0.147068024 0.210984975
vn -0.959266424 0.149993569 0.239394501
vn -0.966362417 0.147068024 0.210984975
vn -0.953402698 0.162246644 0.254360616
vn 0.946324587 0.0274546687 -0.322050035
vn 0.958696961 -0.0575385801 -0.278548628
vn 0.93292892 -0.121234313 -0.339036554
vn 0.946324587 0.0274546687 -0.322050035
vn 0.948816836 0.0809898451 -0.305265844
vn 0.958696961 -0.0575385801 -0.278548628
vn -0.347970903 -0.937194705 -0.0241308752
vn -0.173539788 -0.980449975 -0.0927464291
vn -0.429512769 -0.902604938 -0.0286903251
vn -0.537793934 -0.841617882 0.0495686904
vn -0.347970903 -0.937194705 -0.0241308752
vn -0.429512769 -0.902604938 -0.0286903251
vn -0.95802325 -0.235453814 0.163563505
vn -0.94763571 -0.260855526 0.184230998
vn -0.962830961 -0.234354392 0.134292617
vn -0.94763571 -0.260855526 0.184230998
vn -0.962610424 -0.255274594 0.0906412974
vn -0.962830961 -0.234354392 0.134292617
vn -0.502145469 -0.0811388269 -0.860968232
vn -0.249149591 -0.0256490335 -0.968125284
vn -0.71953398 -0.315243274 -0.618783057
vn -0.249149591 -0.0256490335 -0.968125284
vn -0.459636182 -0.135017261 -0.877784073
vn -0.71953398 -0.315243274 -0.618783057
vn -0.828837454 0.201134652 0.522085547
vn -0.845600069 0.166441813 0.507205784
vn -0.83065933 0.17326729 0.52913481
vn -0.828837454 0.201134652 0.522085547
vn -0.83065933 0.17326729 0.52913481
vn -0.832525849 0.184456989 0.522375643
vn -0.394842088 0.520194054 0.757296383
vn -0.579656601 0.583178043 0.569123507
vn -0.841117799 0.358961761 0.404558033
vn -0.0912156701 0.639379203 0.763461828
vn -0.114983991 0.862868845 0.492174774
vn -0.579656601 0.583178043 0.569123507
vn -0.116639011 0.102598801 -0.987860739
vn 0.0137722883 0.106602259 -0.994206369
vn -0.131222472 0.0917321593 -0.987099767
vn -0.116639011 0.102598801 -0.987860739
vn 0.0238239393 0.111836359 -0.993441045
vn 0.0137722883 0.106602259 -0.994206369
vn -0.859341264 -0.441756397 0.257650733
vn -0.869611204 -0.409608573 0.275675863
vn -0.924069107 -0.33239004 0.188714474
vn -0.924069107 -0.33239004 0.188714474
vn -0.871405303 -0.449308068 0.196914017
vn -0.859341264 -0.441756397 0.257650733
vn 0.957029402 -0.0511310212 -0.285447598
vn 0.978981197 -0.0701545253 -0.191505134
vn 0.959577143 -0.0300684944 -0.279834777
vn 0.957029402 -0.0511310212 -0.285447598
vn 0.867647052 0.00707166875 -0.497130275
vn 0.978981197 -0.0701545253 -0.191505134
vn -0.702223957 -0.560513973 0.438982427
vn -0.676782966 -0.63176465 0.377939492
vn -0.580373049 -0.667865455 0.465964407
vn -0.727813542 -0.614719212 0.303986579
vn -0.676782966 -0.63176465 0.377939492
vn -0.757000089 -0.503750801 0.416156232
vn 0.987326562 0.0843986794 -0.134399205
vn 0.985272646 0.0803053975 -0.150959969
vn 0.989959836 0.0128643885 -0.140762866
vn 0.980925977 0.137696296 -0.137200236
vn 0.985272646 0.0803053975 -0.150959969
vn 0.987326562 0.0843986794 -0.134399205
vn -0.843439221 0.147700861 0.516521811
vn -0.857789516 0.117413074 0.500411153
vn -0.913968146 0.152856752 0.375894994
vn -0.842615187 0.114375621 0.526229739
vn -0.857789516 0.117413074 0.500411153
vn -0.843439221 0.147700861 0.516521811
vn -0.114839956 0.311862588 0.943161488
vn -0.34222579 0.31515485 0.885188639
vn -0.317548931 0.269446671 0.909154058
vn -0.394467294 0.306177944 0.866400957
vn -0.34222579 0.31515485 0.885188639
vn -0.324842989 0.318037927 0.890690207
vn -0.958541512 -0.206609502 0.196241498
vn -0.945539474 -0.321990609 0.0477195978
vn -0.960604072 -0.277700752 0.0110538658
vn -0.945539474 -0.321990609 0.0477195978
vn -0.93205595 -0.332932532 0.142925248
vn -0.960604072 -0.277700752 0.0110538658
vn 0.223929211 0.0400790162 0.97378099
vn 0.442838341 0.101749986 0.890809238
vn 0.028123226 0.0643265769 0.997532487
vn 0.442838341 0.101749986 0.890809238
vn 0.126276523 0.107113384 0.986195207
vn 0.028123226 0.0643265769 0.997532487
vn 0.974017024 -0.0593966171 -0.218547478
vn 0.97831738 -0.0471935719 -0.2016626
vn 0.96224606 -0.00195515458 -0.272174269
vn 0.974017024 -0.0593966171 -0.218547478
vn 0.978981197 -0.0701545253 -0.191505134
vn 0.97831738 -0.0471935719 -0.2016626
vn -0.17420955 -0.375158668 -0.910443306
vn -0.262567908 -0.104703836 -0.959215999
vn -0.14565663 -0.298373669 -0.943269432
vn -0.262567908 -0.104703836 -0.959215999
vn -0.082014516 -0.106569514 -0.990917027
vn -0.14565663 -0.298373669 -0.943269432
vn -0.921886802 0.0416613147 -0.385213077
vn -0.959615886 0.00121068209 -0.281311303
vn -0.786684811 0.0613999143 -0.614294052
vn -0.959615886 0.00121068209 -0.281311303
vn -0.989271164 -0.0143303396 -0.145386621
vn -0.999231219 -0.0331304669 -0.0209648591
vn -0.327808201 0.394768327 0.85831207
vn -0.468875974 0.299037337 0.831102848
vn -0.394467294 0.306177944 0.866400957
vn -0.394467294 0.306177944 0.866400957
vn -0.468875974 0.299037337 0.831102848
vn -0.34222579 0.31515485 0.885188639
vn 0.996436834 0.0188935306 0.0821980387
vn 0.991773129 0.0263659824 0.125262573
vn 0.99997139 -0.000126537823 0.00755821448
vn 0.996436834 0.0188935306 0.0821980387
vn 0.848392606 0.160160005 0.504557967
vn 0.991773129 0.0263659824 0.125262573
vn -0.626383722 -0.438308984 0.644615114
vn -0.753346026 -0.344302118 0.560290933
vn -0.865297318 -0.307048917 0.396208882
vn -0.626383722 -0.438308984 0.644615114
vn -0.663060784 -0.312536776 0.680199325
vn -0.753346026 -0.344302118 0.560290933
vn 0.0909243822 0.903640747 -0.418528616
vn -0.0235545486 0.999229193 -0.0314048678
vn 0.301802188 0.953370452 0.000538295542
vn 0.0141887963 0.896009982 0.443807244
vn 0.3856709 0.875301003 0.291729599
vn -0.0235545486 0.999229193 -0.0314048678
vn 0.9692927 0.17816712 0.169494286
vn 0.821796536 0.191757873 0.536543846
vn 0.947925866 0.207749173 0.24140586
vn 0.9692927 0.17816712 0.169494286
vn 0.98026979 0.19377853 0.0390000455
vn 0.983969867 0.17797856 0.0112699773
vn -0.209638625 0.563847721 0.798828721
vn -0.421270043 0.370048404 0.828007162
vn -0.327808201 0.394768327 0.85831207
vn -0.0313952379 0.423325241 0.905433655
vn -0.327808201 0.394768327 0.85831207
vn -0.394467294 0.306177944 0.866400957
vn -0.0155118126 -0.51811862 -0.855168104
vn 0.168191999 -0.593100727 -0.787364542
vn -0.648268819 -0.575123608 -0.498979211
vn -0.648268819 -0.575123608 -0.498979211
vn 0.168191999 -0.593100727 -0.787364542
vn -0.201717213 -0.838390648 -0.506370723
vn -0.995948374 0.0429361947 0.0790140256
vn -0.995193422 0.0329716243 0.0922110826
vn -0.997760773 0.0327824913 0.0582978316
vn -0.995948374 0.0429361947 0.0790140256
vn -0.967146814 0.071146667 0.244059727
vn -0.995193422 0.0329716243 0.0922110826
vn 0.0193626992 0.801915467 0.597123742
vn 0.192134485 0.784191847 0.590023279
vn 0.104635239 0.855035961 0.507902503
vn 0.104635239 0.855035961 0.507902503
vn 0.0141887963 0.896009982 0.443807244
vn 0.0193626992 0.801915467 0.597123742
vn -0.952481866 0.148888007 0.265726894
vn -0.694611967 0.411889315 0.589797795
vn -0.841117799 0.358961761 0.404558033
vn -0.841117799 0.358961761 0.404558033
vn -0.9267537 0.266501337 0.264772594
vn -0.952481866 0.148888007 0.265726894
vn 0.247475266 0.221897945 -0.943142235
vn 0.687625229 0.556260049 -0.466632813
vn 0.719943821 0.245323777 -0.649228036
vn 0.89357692 0.417711079 -0.164431259
vn 0.946532965 0.319944918 -0.0413588732
vn 0.946920216 0.267482728 -0.178311735
vn 0.431759238 0.236009479 0.870564997
vn 0.472044975 0.169191644 0.865186453
vn 0.928535044 0.0650797188 0.365495861
vn 0.431759238 0.236009479 0.870564997
vn -0.0769258216 0.254165292 0.964096725
vn 0.472044975 0.169191644 0.865186453
vn 0.852448404 0.233780906 0.467630386
vn 0.947832346 0.182450086 0.261391848
vn 0.959247768 0.20467627 0.194811404
vn 0.975572586 0.218624055 0.0214885455
vn 0.959247768 0.20467627 0.194811404
vn 0.947832346 0.182450086 0.261391848
vn 0.29115507 -0.955535173 -0.0467047021
vn 0.370936424 -0.928308606 0.0254826006
vn 0.353334278 -0.919507384 0.172223881
vn 0.370936424 -0.928308606 0.0254826006
vn 0.29115507 -0.955535173 -0.0467047021
vn 0.798182845 -0.602212191 0.0156366602
vn -0.180696771 -0.98092854 -0.071610041
vn -0.173539788 -0.980449975 -0.0927464291
vn -0.299290597 -0.953732014 -0.0286425743
vn -0.24823755 -0.968600392 -0.0138347903
vn -0.180696771 -0.98092854 -0.071610041
vn -0.299290597 -0.953732014 -0.0286425743
vn 0.18036513 0.0738169774 -0.980825961
vn 0.443542212 0.0690873414 -0.893586695
vn 0.166271076 0.055323109 -0.984526873
vn 0.719943821 0.245323777 -0.649228036
vn 0.738608003 0.179257199 -0.649865389
vn 0.18036513 0.0738169774 -0.980825961
vn -0.815969408 0.207096338 0.539726853
vn -0.808317125 0.228209376 0.542718947
vn -0.886774063 0.210652769 0.411408931
vn -0.826700747 0.215703502 0.519651771
vn -0.808317125 0.228209376 0.542718947
vn -0.815969408 0.207096338 0.539726853
vn 0.955294251 0.140433967 -0.260175228
vn 0.82088542 0.233581066 -0.521139979
vn 0.909049511 0.21415554 -0.357444257
vn 0.634119868 0.315378547 -0.705994606
vn 0.773882508 0.359113097 -0.521673858
vn 0.909049511 0.21415554 -0.357444257
vn 0.833944201 0.339308023 0.435209125
vn 0.660527825 0.494026214 0.565368056
vn 0.258760005 0.388380677 0.884422779
vn 0.724279881 0.231541395 0.649466932
vn 0.258760005 0.388380677 0.884422779
vn 0.848392606 0.160160005 0.504557967
vn 0.810323119 -0.084228605 -0.579898238
vn 0.817121625 -0.222516894 -0.531788051
vn 0.715784431 -0.256545812 -0.64948988
vn 0.439452291 -0.564717889 -0.69855237
vn 0.715784431 -0.256545812 -0.64948988
vn 0.817121625 -0.222516894 -0.531788051
vn 0.383278012 0.789296627 0.479696542
vn 0.684095323 0.729036748 0.0227808002
vn -0.114983991 0.862868845 0.492174774
vn -0.114983991 0.862868845 0.492174774
vn 0.311867684 0.661708653 0.681821346
vn 0.383278012 0.789296627 0.479696542
vn 0.775810778 0.630900383 -0.00907132123
vn 0.757500052 0.636659086 -0.144426569
vn 0.846570909 0.517844141 -0.123106435
vn 0.846570909 0.517844141 -0.123106435
vn 0.757500052 0.636659086 -0.144426569
vn 0.85196656 0.483844399 -0.20011875
vn -0.937031984 0.132186234 0.323261112
vn -0.859881699 0.193595126 0.472360551
vn -0.957252979 0.149684414 0.247510418
vn -0.859881699 0.193595126 0.472360551
vn -0.886774063 0.210652769 0.411408931
vn -0.957252979 0.149684414 0.247510418
vn -0.379821807 0.725699484 0.57366854
vn 0.000610970543 0.756535232 0.653952658
vn -0.209714234 0.891237617 0.402138621
vn -0.379821807 0.725699484 0.57366854
vn -0.316402555 0.656983554 0.684296727
vn 0.000610970543 0.756535232 0.653952658
vn -0.0968917981 -0.661150753 -0.743970096
vn 0.211083293 -0.427593946 -0.878980756
vn 0.233344316 -0.596896172 -0.76763618
vn 0.233344316 -0.596896172 -0.76763618
vn 0.211083293 -0.427593946 -0.878980756
vn 0.561805367 -0.281525493 -0.777893424
vn 0.194972798 0.0810970068 0.977450192
vn 0.219803631 0.133251369 0.966400743
vn 0.365294039 0.134852201 0.921072841
vn -0.422998458 0.0204038639 0.905900717
vn -0.125607967 -0.0110298181 0.9920187
vn -0.936703205 -0.277449042 0.21356295
vn -0.872753084 -0.267075628 -0.408622742
vn -0.784667194 -0.493914068 -0.374628335
vn -0.947718203 -0.249631226 -0.19878234
vn -0.947718203 -0.249631226 -0.19878234
vn -0.784667194 -0.493914068 -0.374628335
vn -0.883689702 -0.444136262 -0.147767946
vn 0.0478931032 0.121915676 -0.991384327
vn 0.391545564 0.118062519 -0.912553132
vn 0.187348098 0.0646821111 -0.980161726
vn 0.0478931032 0.121915676 -0.991384327
vn 0.183427006 0.354883224 -0.916740119
vn 0.391545564 0.118062519 -0.912553132
vn -0.893119156 -0.448524773 0.0341137797
vn -0.889077067 -0.432830244 0.148996398
vn -0.858340561 -0.510346115 0.052900549
vn -0.893119156 -0.448524773 0.0341137797
vn -0.950403214 -0.302110642 0.0739112273
vn -0.889077067 -0.432830244 0.148996398
vn -0.827275217 -0.309838533 0.468631864
vn -0.985503972 -0.139824912 0.0960771516
vn -0.836461067 -0.273794025 0.474731326
vn -0.985503972 -0.139824912 0.0960771516
vn -0.827275217 -0.309838533 0.468631864
vn -0.719339609 -0.13545078 0.681324899
vn 0.210771844 -0.114576735 -0.9707973
vn 0.331896544 -0.293945253 -0.896348596
vn 0.0401980653 -0.331466138 -0.942610323
vn 0.0401980653 -0.331466138 -0.942610323
vn 0.331896544 -0.293945253 -0.896348596
vn 0.211083293 -0.427593946 -0.878980756
vn -0.685425758 0.143181443 0.713926136
vn -0.834333718 0.18599993 0.518932819
vn -0.838268518 0.150039658 0.524208128
vn -0.838268518 0.150039658 0.524208128
vn -0.825020313 0.182111576 0.534954965
vn -0.937031984 0.132186234 0.323261112
vn -0.784667194 -0.493914068 -0.374628335
vn -0.480097264 -0.698250234 -0.530992627
vn -0.775687695 -0.576508641 -0.256800503
vn -0.480097264 -0.698250234 -0.530992627
vn -0.17103903 -0.804067552 -0.569404006
vn -0.517058253 -0.781367362 -0.349450737
vn -0.858340561 -0.510346115 0.052900549
vn -0.843867838 -0.502012074 0.189396068
vn -0.886519432 -0.461865276 0.0276383888
vn -0.889077067 -0.432830244 0.148996398
vn -0.843867838 -0.502012074 0.189396068
vn -0.858340561 -0.510346115 0.052900549
vn -0.975358784 0.118763618 0.18593131
vn -0.980011344 0.137592897 0.143686593
vn -0.967867792 0.0863980353 0.236151025
vn -0.945468128 0.214468166 0.245139763
vn -0.975358784 0.118763618 0.18593131
vn -0.967867792 0.0863980353 0.236151025
vn 0.995890319 0.00192015036 -0.0905473307
vn 0.994826615 0.00616727769 -0.101399764
vn 0.991428077 0.00708016148 -0.130461574
vn 0.991428077 0.00708016148 -0.130461574
vn 0.994757116 0.00962535944 -0.10181085
vn 0.992490888 0.00407263031 -0.122250758
vn -0.997493804 0.0456334762 0.0540724955
vn -0.994683564 -0.0120478841 0.102271281
vn -0.996274412 -0.0103892796 0.0856120661
vn -0.999774933 0.00046280789 -0.0212087389
vn -0.997493804 0.0456334762 0.0540724955
vn -0.996274412 -0.0103892796 0.0856120661
vn 0.148888215 0.604288459 0.782730937
vn 0.240469217 0.625985742 0.74183315
vn 0.165640801 0.66528517 0.7279827
vn 0.0530752875 0.588022351 0.807101369
vn 0.148888215 0.604288459 0.782730937
vn 0.083871074 0.650756478 0.754640162
vn -0.823151886 0.544529676 0.160960913
vn -0.379821807 0.725699484 0.57366854
vn -0.336989582 0.932894707 0.127064973
vn -0.823151886 0.544529676 0.160960913
vn -0.484736294 0.841250241 -0.23943378
vn -0.981570661 0.190628678 0.013400482
vn 0.998046339 0.0114014046 -0.0614295006
vn 0.998680592 0.00909188855 -0.0505424924
vn 0.994757116 0.00962535944 -0.10181085
vn 0.998046339 0.0114014046 -0.0614295006
vn 0.999847651 0.00712991646 -0.0159331225
vn 0.998680592 0.00909188855 -0.0505424924
vn 0.731864631 0.24975419 -0.634032309
vn 0.634119868 0.315378547 -0.705994606
vn 0.82088542 0.233581066 -0.521139979
vn 0.82088542 0.233581066 -0.521139979
vn 0.634119868 0.315378547 -0.705994606
vn 0.909049511 0.21415554 -0.357444257
vn -0.721793473 0.238868237 0.649581432
vn -0.513058543 0.389191061 0.765049696
vn -0.763863862 0.257538646 0.591764987
vn -0.763863862 0.257538646 0.591764987
vn -0.944484055 0.125406608 0.303682238
vn -0.721793473 0.238868237 0.649581432
vn 0.531624079 -0.0240477733 0.846638978
vn 0.885733366 -0.163105115 0.434595346
vn 0.828023791 -0.0144350603 0.560507059
vn 0.828023791 -0.0144350603 0.560507059
vn 0.885733366 -0.163105115 0.434595346
vn 0.953420401 -0.089735128 0.287988096
vn -0.997321308 0.0529243313 -0.0504897647
vn -0.997493804 0.0456334762 0.0540724955
vn -0.999774933 0.00046280789 -0.0212087389
vn -0.994541049 0.0728150904 -0.0747397989
vn -0.983757555 0.0666282997 -0.166678458
vn -0.999774933 0.00046280789 -0.0212087389
vn 0.994757116 0.00962535944 -0.10181085
vn 0.998680592 0.00909188855 -0.0505424924
vn 0.998416662 0.0110275531 -0.0551599301
vn 0.998680592 0.00909188855 -0.0505424924
vn 0.999847651 0.00712991646 -0.0159331225
vn 0.998416662 0.0110275531 -0.0551599301
vn -0.484736294 0.841250241 -0.23943378
vn -0.336989582 0.932894707 0.127064973
vn 0.157541394 0.971755743 0.175702602
vn -0.336989582 0.932894707 0.127064973
vn -0.484736294 0.841250241 -0.23943378
vn -0.823151886 0.544529676 0.160960913
vn -0.478877157 0.315065771 0.819396257
vn -0.721793473 0.238868237 0.649581432
vn -0.214324504 0.251857638 0.943733454
vn -0.0384608358 0.363677919 0.930730462
vn -0.513058543 0.389191061 0.765049696
vn -0.478877157 0.315065771 0.819396257
vn -0.999171078 -0.0285474211 -0.0290214401
vn -0.997358024 -0.0712443218 -0.0141795408
vn -0.997847497 -0.02725715 -0.0596440844
vn -0.982023895 -0.0645598695 0.17737247
vn -0.998503864 -0.013778626 -0.0529161245
vn -0.996433079 -0.0113534592 -0.0836200565
vn 0.372214586 0.350798965 -0.859299958
vn 0.366109103 0.266946137 -0.891461611
vn 0.329394847 0.352604628 -0.875881851
vn 0.372214586 0.350798965 -0.859299958
vn 0.329394847 0.352604628 -0.875881851
vn 0.342557341 0.376274526 -0.860855401
vn 0.810173929 -0.170322165 0.560899854
vn 0.735962451 -0.445704669 0.509613991
vn 0.962270439 -0.175858334 0.207628489
vn 0.962270439 -0.175858334 0.207628489
vn 0.735962451 -0.445704669 0.509613991
vn 0.905890882 -0.398370385 0.143745452
vn -0.498934358 0.640575111 -0.583719194
vn 0.151144668 0.699390352 -0.698575974
vn -0.479434103 0.485983551 -0.730727613
vn 0.151144668 0.699390352 -0.698575974
vn -0.498934358 0.640575111 -0.583719194
vn -0.484736294 0.841250241 -0.23943378
vn -0.826700747 0.215703502 0.519651771
vn -0.835999906 0.215022266 0.504846096
vn -0.820130885 0.224084511 0.526470661
vn -0.820130885 0.224084511 0.526470661
vn -0.835999906 0.215022266 0.504846096
vn -0.828837454 0.201134652 0.522085547
vn -0.0384608358 0.363677919 0.930730462
vn -0.478877157 0.315065771 0.819396257
vn -0.214324504 0.251857638 0.943733454
vn 0.173493713 0.234047487 0.956620038
vn -0.0384608358 0.363677919 0.930730462
vn -0.214324504 0.251857638 0.943733454
vn 0.0283290669 -0.95748508 0.287088215
vn 0.313573331 -0.946427822 0.0771107599
vn 0.327836543 -0.905040383 0.270970762
vn 0.373950511 -0.828314304 0.417200476
vn -0.0116114998 -0.809027076 0.587656617
vn 0.327836543 -0.905040383 0.270970762
vn 0.975572586 0.218624055 0.0214885455
vn 0.975995243 0.167093381 0.139688969
vn 0.987512231 0.15305154 0.0373465866
vn 0.987512231 0.15305154 0.0373465866
vn 0.985996723 0.137325466 0.0946154967
vn 0.992236257 0.114878006 0.0476478226
vn -0.480097264 -0.698250234 -0.530992627
vn -0.403776824 -0.59761852 -0.692687809
vn -0.243268535 -0.640108049 -0.728753805
vn -0.453684837 -0.366520643 -0.812300801
vn -0.243268535 -0.640108049 -0.728753805
vn -0.403776824 -0.59761852 -0.692687809
vn -0.777133048 0.174428329 0.604680896
vn -0.842615187 0.114375621 0.526229739
vn -0.83845377 0.141677827 0.526234269
vn -0.83845377 0.141677827 0.526234269
vn -0.842615187 0.114375621 0.526229739
vn -0.843439221 0.147700861 0.516521811
vn -0.887852669 -0.0771390498 0.453615665
vn -0.996389747 -0.0763214752 0.0371832475
vn -0.994779348 -0.0798543394 0.0635388866
vn -0.887852669 -0.0771390498 0.453615665
vn -0.822296798 0.148912281 0.549229562
vn -0.988536358 -0.0749798864 0.131049246
vn -0.828490257 0.559994936 -0.00309581286
vn -0.975091338 0.217361301 0.0441709571
vn -0.994662464 0.0635568351 0.081283547
vn -0.975091338 0.217361301 0.0441709571
vn -0.971899152 0.23132889 -0.0435782634
vn -0.994662464 0.0635568351 0.081283547
vn -0.456791282 -0.397678405 -0.795734584
vn -0.409312546 -0.236685842 -0.881160021
vn -0.328492492 -0.406997919 -0.852317572
vn -0.333273709 -0.247186244 -0.90985024
vn -0.328492492 -0.406997919 -0.852317572
vn -0.409312546 -0.236685842 -0.881160021
vn -0.798717082 -0.169698402 -0.577281177
vn -0.37211892 0.0038087382 -0.928177297
vn -0.184832126 -0.114713416 -0.976052225
vn -0.37211892 0.0038087382 -0.928177297
vn 0.133666649 -0.0750429556 -0.988180995
vn -0.184832126 -0.114713416 -0.976052225
vn -0.708097458 -0.0123284236 0.706007063
vn -0.953810632 -0.0782145932 0.290047675
vn -0.962245524 -0.000373204035 0.272182673
vn -0.708097458 -0.0123284236 0.706007063
vn -0.887852669 -0.0771390498 0.453615665
vn -0.953810632 -0.0782145932 0.290047675
vn -0.639952242 -0.757118106 0.131275609
vn -0.471323729 -0.879636884 0.0639763921
vn -0.662940919 -0.724412203 0.189040288
vn -0.662940919 -0.724412203 0.189040288
vn -0.471323729 -0.879636884 0.0639763921
vn -0.562723815 -0.797273457 0.218395993
vn 0.904525697 0.384470999 -0.184432551
vn 0.897141993 0.416239917 -0.147920594
vn 0.957572639 0.2598176 -0.124697141
vn 0.927238286 0.28159976 -0.24684152
vn 0.904525697 0.384470999 -0.184432551
vn 0.957572639 0.2598176 -0.124697141
vn -0.99606812 -0.0517664738 0.0718922168
vn -0.991258383 -0.0839305669 0.101796404
vn -0.993153095 -0.089394778 0.0752028301
vn -0.995985866 -0.0571115315 0.0689228699
vn -0.993153095 -0.089394778 0.0752028301
vn -0.991258383 -0.0839305669 0.101796404
vn 0.1653184 -0.113927871 0.979637802
vn 0.10336756 -0.0872359946 0.990810335
vn 0.0749662742 -0.25385347 0.964333117
vn 0.1653184 -0.113927871 0.979637802
vn 0.165010422 0.0180844199 0.986126006
vn 0.10336756 -0.0872359946 0.990810335
vn -0.75819689 0.107802346 0.64305222
vn -0.944295466 0.0734333917 0.320801526
vn -0.96218586 -0.022304235 0.271479636
vn -0.75819689 0.107802346 0.64305222
vn -0.79984051 0.118049763 0.588489056
vn -0.944295466 0.0734333917 0.320801526
vn 0.985781491 0.148062304 -0.0794518068
vn 0.988114715 0.145904779 -0.048384428
vn 0.983969867 0.17797856 0.0112699773
vn 0.982582927 0.150539145 -0.108943895
vn 0.98206079 0.186907738 -0.0249429978
vn 0.990641654 0.136179686 0.00918379799
vn -0.395451277 -0.918107927 0.0263842121
vn -0.1882056 -0.981596231 -0.0323649161
vn -0.321345568 -0.931796551 0.168796197
vn -0.471323729 -0.879636884 0.0639763921
vn -0.395451277 -0.918107927 0.0263842121
vn -0.562723815 -0.797273457 0.218395993
vn 0.394455343 0.631813169 -0.667245865
vn 0.299084246 0.426829457 -0.853443205
vn 0.276813895 0.548993409 -0.788657248
vn 0.394455343 0.631813169 -0.667245865
vn 0.340824515 0.74133265 -0.578156233
vn 0.464676857 0.78909719 -0.401747376
vn 0.990653157 0.133862779 0.0262117647
vn 0.934175372 0.158305883 0.31977433
vn 0.955293477 0.172346979 0.240230858
vn 0.991323531 0.120595939 0.052290529
vn 0.934175372 0.158305883 0.31977433
vn 0.992506742 0.117946923 0.0319205932
vn -0.746213794 0.178472415 -0.641336501
vn -0.325444102 0.342145741 -0.88148874
vn -0.471457273 0.129955396 -0.872261167
vn -0.471457273 0.129955396 -0.872261167
vn -0.325444102 0.342145741 -0.88148874
vn -0.0193784665 0.252533853 -0.967393935
vn 0.968485832 -0.0481198467 -0.244376063
vn 0.9792431 -0.11462947 -0.167161763
vn 0.967049062 -0.138595015 -0.213559002
vn 0.977272093 -0.0232834779 -0.21070607
vn 0.99328047 0.0202479679 -0.113947794
vn 0.9792431 -0.11462947 -0.167161763
vn -0.980925322 -0.10814365 0.161525548
vn -0.877774 -0.46907115 0.097391285
vn -0.915002167 -0.400085092 0.051991269
vn -0.996162415 -0.0578332916 0.0656941533
vn -0.984099805 -0.0880672038 0.154245511
vn -0.915002167 -0.400085092 0.051991269
vn -0.995104492 0.0618317313 0.0770973712
vn -0.994229496 0.0746162757 0.0770722106
vn -0.993270338 0.0748696774 0.0883653313
vn -0.997106194 0.0587592833 0.0482341498
vn -0.995104492 0.0618317313 0.0770973712
vn -0.997175872 0.0490570702 0.0568656437
vn 0.994024873 0.108817585 0.00855999161
vn 0.993386686 0.112245649 0.0241636187
vn 0.994737566 0.0980364159 -0.0297681205
vn 0.993386686 0.112245649 0.0241636187
vn 0.992506742 0.117946923 0.0319205932
vn 0.99272269 0.117831662 -0.0248466004
vn -0.00244065374 0.0641050264 -0.997940123
vn 0.117525868 0.0883439109 -0.989132404
vn -0.0123159327 0.0748256221 -0.997120619
vn 0.117525868 0.0883439109 -0.989132404
vn 0.379210234 -0.0314124562 -0.92477721
vn 0.0925412253 0.0769481584 -0.992731154
vn -0.962830961 -0.234354392 0.134292617
vn -0.985408247 -0.150661498 0.0791944265
vn -0.984074652 -0.132940516 0.117999852
vn -0.985408247 -0.150661498 0.0791944265
vn -0.990271807 -0.133686364 -0.0385956615
vn -0.984074652 -0.132940516 0.117999852
vn -0.568246603 0.0438210703 -0.821690619
vn -0.336002648 0.0198799782 -0.941651225
vn -0.416516244 0.00316864275 -0.909122765
vn -0.635744393 0.04310463 -0.77069521
vn -0.568246603 0.0438210703 -0.821690619
vn -0.416516244 0.00316864275 -0.909122765
vn -0.821781397 -0.339318454 0.45775345
vn -0.987344861 -0.111422956 0.112849571
vn -0.895702541 -0.405804455 0.181768373
vn -0.836461067 -0.273794025 0.474731326
vn -0.985503972 -0.139824912 0.0960771516
vn -0.987344861 -0.111422956 0.112849571
vn 0.99261415 0.0470274426 -0.111827701
vn 0.993488908 -0.0258360952 -0.110960715
vn 0.997000933 0.0512696281 -0.0579703972
vn 0.993488908 -0.0258360952 -0.110960715
vn 0.99261415 0.0470274426 -0.111827701
vn 0.986524701 0.0270028859 -0.1613684
vn 0.987438858 0.101252094 -0.121295221
vn 0.994737566 0.0980364159 -0.0297681205
vn 0.99272269 0.117831662 -0.0248466004
vn 0.994737566 0.0980364159 -0.0297681205
vn 0.993386686 0.112245649 0.0241636187
vn 0.99272269 0.117831662 -0.0248466004
vn -0.1882056 -0.981596231 -0.0323649161
vn -0.041902706 -0.998969257 -0.0174526479
vn -0.321345568 -0.931796551 0.168796197
vn -0.1882056 -0.981596231 -0.0323649161
vn -0.0592751615 -0.998146594 0.0137779284
vn -0.041902706 -0.998969257 -0.0174526479
vn -0.520015836 -0.846491873 0.114171557
vn -0.94397676 -0.264459491 0.197405666
vn -0.718461871 -0.677046359 0.159438878
vn -0.235110343 -0.964364588 0.121342488
vn -0.0286023691 -0.99805063 0.0554689355
vn -0.520015836 -0.846491873 0.114171557
vn 0.905035555 0.416648656 -0.0855247751
vn 0.897437811 0.419434637 -0.136674538
vn 0.908434391 0.412311763 -0.0688905418
vn 0.916881144 0.381043375 -0.118890226
vn 0.897437811 0.419434637 -0.136674538
vn 0.897276402 0.396211028 -0.19470951
vn 0.229505494 -0.00521010393 -0.973293364
vn 0.379210234 -0.0314124562 -0.92477721
vn 0.562214971 -0.224426702 -0.795956612
vn 0.229505494 -0.00521010393 -0.973293364
vn 0.562214971 -0.224426702 -0.795956612
vn 0.133666649 -0.0750429556 -0.988180995
vn 0.982639074 0.142398164 -0.118925259
vn 0.987512231 0.15305154 0.0373465866
vn 0.990140378 0.11307513 -0.0826795846
vn 0.978812695 0.119325586 -0.166394487
vn 0.967233837 0.146298796 -0.207497731
vn 0.982639074 0.142398164 -0.118925259
vn -0.403875083 0.167913035 0.899272025
vn -0.511223733 0.201415136 0.835513175
vn -0.478455126 0.149655253 0.86526531
vn -0.305647969 0.176753849 0.935594678
vn -0.511223733 0.201415136 0.835513175
vn -0.403875083 0.167913035 0.899272025
vn 0.447862715 0.163947344 0.878942668
vn 0.411907166 0.178968281 0.893477976
vn 0.375577331 0.159104675 0.913031995
vn 0.365675211 0.144888148 0.919396043
vn 0.447862715 0.163947344 0.878942668
vn 0.375577331 0.159104675 0.913031995
vn -0.201717213 -0.838390648 -0.506370723
vn -0.786887825 -0.614388943 0.0577384941
vn -0.86270529 -0.486918211 -0.136565417
vn -0.201717213 -0.838390648 -0.506370723
vn 0.475329489 -0.722684264 -0.501786113
vn -0.214639515 -0.949198961 -0.230111316
vn 0.991481662 0.0190564711 -0.128845036
vn 0.991119146 0.00166372454 -0.132966906
vn 0.986765385 -0.0372931696 -0.15780744
vn 0.989959836 0.0128643885 -0.140762866
vn 0.995334804 -0.00276975101 -0.096441187
vn 0.991119146 0.00166372454 -0.132966906
vn -0.950403214 -0.302110642 0.0739112273
vn -0.925372005 -0.337905228 -0.171775371
vn -0.933230102 -0.170111313 -0.316455007
vn -0.459636182 -0.135017261 -0.877784073
vn -0.933230102 -0.170111313 -0.316455007
vn -0.925372005 -0.337905228 -0.171775371
vn 0.311867684 0.661708653 0.681821346
vn 0.529271722 0.593950093 0.60588342
vn 0.383278012 0.789296627 0.479696542
vn 0.529271722 0.593950093 0.60588342
vn 0.311867684 0.661708653 0.681821346
vn -0.0912156701 0.639379203 0.763461828
vn 0.9955194 -0.0149775418 -0.093363367
vn 0.938348711 0.0116808368 -0.345492631
vn 0.995890319 0.00192015036 -0.0905473307
vn 0.9955194 -0.0149775418 -0.093363367
vn 0.995890319 0.00192015036 -0.0905473307
vn 0.991545677 -0.0143791316 -0.128959209
vn 0.432721406 0.198217154 0.87946707
vn 0.390142024 0.189174592 0.901111662
vn 0.411907166 0.178968281 0.893477976
vn 0.386799276 0.168405131 0.906656504
vn 0.375577331 0.159104675 0.913031995
vn 0.411907166 0.178968281 0.893477976
vn 0.983101308 0.11265149 -0.144296184
vn 0.983967602 0.120198503 -0.131757975
vn 0.981731772 0.120120846 -0.147559032
vn 0.983101308 0.11265149 -0.144296184
vn 0.99261415 0.0470274426 -0.111827701
vn 0.983967602 0.120198503 -0.131757975
vn -0.929861486 0.123157993 0.346684009
vn -0.959266424 0.149993569 0.239394501
vn -0.913968146 0.152856752 0.375894994
vn -0.857789516 0.117413074 0.500411153
vn -0.929861486 0.123157993 0.346684009
vn -0.913968146 0.152856752 0.375894994
vn 0.990825772 -0.0219259448 0.133354843
vn 0.983559728 -0.115084954 0.139161021
vn 0.99488014 -0.0282481611 0.0970333293
vn 0.971631765 -0.0327797607 0.23421593
vn 0.953420401 -0.089735128 0.287988096
vn 0.983559728 -0.115084954 0.139161021
vn -0.994229496 0.0746162757 0.0770722106
vn -0.995104492 0.0618317313 0.0770973712
vn -0.997106194 0.0587592833 0.0482341498
vn -0.951271474 0.0743843094 0.299248129
vn -0.994229496 0.0746162757 0.0770722106
vn -0.997106194 0.0587592833 0.0482341498
vn -0.288581699 -0.585618615 0.757477045
vn -0.475338787 -0.646097481 0.59716922
vn -0.313461185 -0.782667756 0.537748337
vn -0.288581699 -0.585618615 0.757477045
vn -0.540884733 -0.533343375 0.650375605
vn -0.475338787 -0.646097481 0.59716922
vn 0.932317555 0.258463323 -0.252943993
vn 0.919208884 0.286642104 -0.269983828
vn 0.929431021 0.222426921 -0.294421643
vn 0.919208884 0.286642104 -0.269983828
vn 0.925125301 0.228103861 -0.30349949
vn 0.929431021 0.222426921 -0.294421643
vn -0.63009274 0.0936393812 -0.770853281
vn -0.224709585 0.115056902 -0.967609227
vn -0.262534887 0.098326318 -0.959899664
vn -0.262534887 0.098326318 -0.959899664
vn -0.224709585 0.115056902 -0.967609227
vn -0.119196914 0.104179069 -0.987389982
vn 0.117525868 0.0883439109 -0.989132404
vn 0.701810837 0.0543132238 -0.710289776
vn 0.379210234 -0.0314124562 -0.92477721
vn 0.800461531 -0.175745487 -0.573040068
vn 0.701810837 0.0543132238 -0.710289776
vn 0.916273773 -0.185283959 -0.355122954
vn -0.981992066 0.18253915 -0.0486943498
vn -0.498934358 0.640575111 -0.583719194
vn -0.980016232 0.173438787 -0.0974029824
vn -0.981992066 0.18253915 -0.0486943498
vn -0.980016232 0.173438787 -0.0974029824
vn -0.998422444 0.0243010987 0.0506177917
vn -0.374673516 -0.903861105 -0.20653069
vn -0.148771688 -0.900788009 -0.407980323
vn -0.201062679 -0.973814309 -0.106111318
vn -0.371795416 -0.927950501 0.0260027219
vn -0.374673516 -0.903861105 -0.20653069
vn -0.201062679 -0.973814309 -0.106111318
vn -0.964079857 -0.116570681 0.238665774
vn -0.885608613 -0.222041816 0.407915235
vn -0.960293889 -0.111695901 0.255655318
vn -0.860400498 -0.149783164 0.48710978
vn -0.960293889 -0.111695901 0.255655318
vn -0.885608613 -0.222041816 0.407915235
vn -0.361798465 0.591172993 0.720844269
vn -0.228943259 0.791978955 0.565998614
vn -0.626699924 0.561575592 0.540259242
vn -0.626699924 0.561575592 0.540259242
vn -0.400096178 0.784313977 0.474104136
vn -0.72714144 0.553913057 0.405518949
vn -0.775687695 -0.576508641 -0.256800503
vn -0.517058253 -0.781367362 -0.349450737
vn -0.766269982 -0.626383185 -0.14308916
vn -0.480097264 -0.698250234 -0.530992627
vn -0.517058253 -0.781367362 -0.349450737
vn -0.775687695 -0.576508641 -0.256800503
vn 0.373950511 -0.828314304 0.417200476
vn 0.57820648 -0.801367819 0.153254554
vn 0.578902781 -0.715063512 0.391861916
vn 0.57820648 -0.801367819 0.153254554
vn 0.373950511 -0.828314304 0.417200476
vn 0.327836543 -0.905040383 0.270970762
vn -0.53791523 -0.0492059663 -0.841561556
vn -0.298048079 -0.00688637234 -0.954525948
vn -0.41619277 0.0214407407 -0.909023523
vn -0.53791523 -0.0492059663 -0.841561556
vn -0.290328234 0.0120193344 -0.956851721
vn -0.298048079 -0.00688637234 -0.954525948
vn -0.980925322 -0.10814365 0.161525548
vn -0.984099805 -0.0880672038 0.154245511
vn -0.984780252 -0.0742922872 0.157125831
vn -0.984099805 -0.0880672038 0.154245511
vn -0.980925322 -0.10814365 0.161525548
vn -0.915002167 -0.400085092 0.051991269
vn -0.0603983663 -0.249764577 0.966421008
vn -0.121120676 -0.230788991 0.965435863
vn -0.0490722544 -0.372011423 0.92693001
vn -0.0166456513 -0.13680841 0.990457714
vn -0.109141894 -0.0864903629 0.99025625
vn -0.121120676 -0.230788991 0.965435863
vn -0.99796772 -0.0120109105 0.0625791028
vn -0.998863399 -0.029311372 0.0375888981
vn -0.991223395 -0.097506471 0.0892684311
vn -0.99796772 -0.0120109105 0.0625791028
vn -0.999135911 0.0069035124 0.0409834906
vn -0.998863399 -0.029311372 0.0375888981
vn -0.00244065374 0.0641050264 -0.997940123
vn -0.126770809 0.0543093532 -0.990444183
vn 0.0104831364 0.0777905434 -0.996914625
vn -0.127043128 0.0788184553 -0.98876071
vn 0.0104831364 0.0777905434 -0.996914625
vn -0.126770809 0.0543093532 -0.990444183
vn 0.241580442 0.06622082 0.968118727
vn 0.277391344 -0.123043247 0.952845395
vn 0.531624079 -0.0240477733 0.846638978
vn 0.531624079 -0.0240477733 0.846638978
vn 0.277391344 -0.123043247 0.952845395
vn 0.668137252 -0.291945189 0.684368789
vn -0.823483169 -0.478950113 0.304109305
vn -0.846422493 -0.450856507 0.283368021
vn -0.838702679 -0.45588395 0.297905535
vn -0.823483169 -0.478950113 0.304109305
vn -0.838702679 -0.45588395 0.297905535
vn -0.859341264 -0.441756397 0.257650733
vn 0.845104992 0.463333964 0.266682118
vn 0.908049643 0.394260108 0.141438842
vn 0.722603977 0.615277231 0.315083086
vn 0.722603977 0.615277231 0.315083086
vn 0.672089219 0.600602269 0.433097094
vn 0.845104992 0.463333964 0.266682118
vn -0.389978498 0.912837505 -0.121014148
vn -0.641387463 0.716113091 -0.275325388
vn -0.769382775 0.604623735 0.206107408
vn -0.389978498 0.912837505 -0.121014148
vn -0.359644979 0.785990179 -0.502866805
vn -0.641387463 0.716113091 -0.275325388
vn -0.324842989 0.318037927 0.890690207
vn -0.34222579 0.31515485 0.885188639
vn -0.114839956 0.311862588 0.943161488
vn 0.258760005 0.388380677 0.884422779
vn -0.324842989 0.318037927 0.890690207
vn -0.114839956 0.311862588 0.943161488
vn 0.592618942 0.0729432181 -0.802173257
vn 0.937784195 0.106014229 -0.330638468
vn 0.799153507 0.14040193 -0.584500611
vn 0.592618942 0.0729432181 -0.802173257
vn 0.799153507 0.14040193 -0.584500611
vn 0.72764343 0.0108691538 -0.685869455
vn -0.706781983 0.193340659 0.680498898
vn -0.833202183 0.144349292 0.533795357
vn -0.839437425 0.0748843327 0.538272321
vn -0.842615187 0.114375621 0.526229739
vn -0.706781983 0.193340659 0.680498898
vn -0.839437425 0.0748843327 0.538272321
vn 0.97398454 -0.170476526 -0.149304956
vn 0.978908956 -0.187030017 -0.0822018385
vn 0.874275386 -0.477038562 -0.08987014
vn 0.97398454 -0.170476526 -0.149304956
vn 0.985700309 -0.12473157 -0.113299765
vn 0.978908956 -0.187030017 -0.0822018385
vn 0.568158984 -0.570326447 -0.593231142
vn 0.698111415 -0.375869155 -0.609395385
vn 0.78875494 -0.41763097 -0.451054275
vn 0.568158984 -0.570326447 -0.593231142
vn 0.78875494 -0.41763097 -0.451054275
vn 0.512313902 -0.799472213 -0.313653618
vn 0.660527825 0.494026214 0.565368056
vn 0.0859368965 0.589261949 0.803358793
vn -0.0313952379 0.423325241 0.905433655
vn 0.0859368965 0.589261949 0.803358793
vn -0.327808201 0.394768327 0.85831207
vn -0.0313952379 0.423325241 0.905433655
vn 0.760035276 0.616850734 0.204552472
vn 0.799197614 0.591729581 0.105542459
vn 0.626140177 0.748036504 0.219976664
vn 0.722603977 0.615277231 0.315083086
vn 0.760035276 0.616850734 0.204552472
vn 0.626140177 0.748036504 0.219976664
vn 0.993074775 0.115654036 0.0206553526
vn 0.993507087 0.107634127 0.0368582867
vn 0.997641802 0.0491747819 0.047882244
vn 0.998608112 0.0468613468 0.024204554
vn 0.994060516 0.103047177 0.0350006744
vn 0.993074775 0.115654036 0.0206553526
vn 0.698111415 -0.375869155 -0.609395385
vn 0.817121625 -0.222516894 -0.531788051
vn 0.618178964 -0.319889277 -0.718001127
vn 0.78875494 -0.41763097 -0.451054275
vn 0.698111415 -0.375869155 -0.609395385
vn 0.618178964 -0.319889277 -0.718001127
vn -0.570060313 -0.121431522 0.812579632
vn -0.889741123 -0.253304869 0.379733264
vn -0.936703205 -0.277449042 0.21356295
vn -0.125607967 -0.0110298181 0.9920187
vn -0.570060313 -0.121431522 0.812579632
vn -0.936703205 -0.277449042 0.21356295
vn -0.72714144 0.553913057 0.405518949
vn -0.400096178 0.784313977 0.474104136
vn -0.405618131 0.818602324 0.406650007
vn -0.549676716 0.78878361 0.275092602
vn -0.72714144 0.553913057 0.405518949
vn -0.405618131 0.818602324 0.406650007
vn 0.283698916 0.0902807191 0.954653978
vn -0.0635239184 -0.114576645 0.991381407
vn -0.0405111201 -0.129502684 0.990751147
vn 0.283698916 0.0902807191 0.954653978
vn -0.0145341549 0.0924531668 0.995610952
vn -0.0635239184 -0.114576645 0.991381407
vn -0.997378409 -0.0706489757 -0.0156569947
vn -0.991098642 -0.098487556 -0.0895754471
vn -0.991594672 -0.0274137668 -0.1264458
vn -0.994325697 -0.105509236 -0.0135688148
vn -0.991098642 -0.098487556 -0.0895754471
vn -0.997378409 -0.0706489757 -0.0156569947
vn 0.937089264 0.347066551 -0.0375320129
vn 0.916881144 0.381043375 -0.118890226
vn 0.936352789 0.325789541 -0.130783841
vn 0.936352789 0.325789541 -0.130783841
vn 0.936674953 0.326406658 -0.126880944
vn 0.937089264 0.347066551 -0.0375320129
vn 0.565195739 0.139790744 0.813026607
vn 0.658109069 0.243198082 0.712563753
vn 0.429877758 0.21546711 0.876800418
vn 0.658109069 0.243198082 0.712563753
vn 0.376237363 0.252992183 0.891313851
vn 0.429877758 0.21546711 0.876800418
vn -0.238550425 0.121854812 -0.963454723
vn -0.362276137 0.183355257 -0.913858175
vn -0.296293348 0.194153816 -0.935154796
vn -0.362276137 0.183355257 -0.913858175
vn -0.238550425 0.121854812 -0.963454723
vn -0.235052899 0.125002488 -0.963911057
vn 0.0276115164 -0.947225809 0.319375813
vn 0.355474532 -0.929760098 0.0958331525
vn 0.554724336 -0.816798925 0.158493772
vn 0.355474532 -0.929760098 0.0958331525
vn 0.590827286 -0.806795359 0.00205628597
vn 0.554724336 -0.816798925 0.158493772
vn -0.997760773 0.0327824913 0.0582978316
vn -0.997573733 0.023988694 0.0653557032
vn -0.997180998 0.0467748791 0.0586712882
vn -0.995660007 0.0270017833 0.0890623033
vn -0.995893776 0.0222511906 0.0877529755
vn -0.997573733 0.023988694 0.0653557032
vn -0.981387913 0.149434879 0.120611466
vn -0.990623772 0.12840566 0.0466540381
vn -0.986888766 0.134362593 0.0894264206
vn -0.981387913 0.149434879 0.120611466
vn -0.967896044 0.127315849 -0.216720521
vn -0.990623772 0.12840566 0.0466540381
vn -0.235052899 0.125002488 -0.963911057
vn -0.226016581 0.124245718 -0.96616745
vn -0.408833593 0.156216055 -0.899139404
vn -0.408833593 0.156216055 -0.899139404
vn -0.362276137 0.183355257 -0.913858175
vn -0.235052899 0.125002488 -0.963911057
vn 0.658109069 0.243198082 0.712563753
vn 0.590354085 0.302600622 0.748274565
vn 0.376237363 0.252992183 0.891313851
vn 0.590354085 0.302600622 0.748274565
vn 0.419000298 0.35422489 0.836040437
vn 0.376237363 0.252992183 0.891313851
vn -0.600979924 -0.769878924 0.214731887
vn -0.504239202 -0.857623994 0.101113237
vn 0.0276115164 -0.947225809 0.319375813
vn -0.770688117 -0.628416598 0.105510205
vn -0.741007745 -0.661644816 0.114602432
vn -0.504239202 -0.857623994 0.101113237
vn 0.186144471 0.0958565623 -0.977835298
vn 0.529828608 0.146636099 -0.835331976
vn 0.3506006 0.120254867 -0.92877233
vn 0.207266703 0.124935694 -0.970273972
vn 0.529828608 0.146636099 -0.835331976
vn 0.186144471 0.0958565623 -0.977835298
vn -0.49694258 -0.302533031 0.813339949
vn -0.521254361 -0.0879661664 0.848855615
vn -0.681591094 -0.114055224 0.722789705
vn -0.521254361 -0.0879661664 0.848855615
vn -0.705293238 0.0331805311 0.708138704
vn -0.681591094 -0.114055224 0.722789705
vn 0.649233758 -0.730386496 -0.212205425
vn 0.84477061 -0.470127702 -0.25562188
vn 0.81144321 -0.573005199 -0.114999585
vn 0.84477061 -0.470127702 -0.25562188
vn 0.969898641 -0.225124046 -0.0928211436
vn 0.81144321 -0.573005199 -0.114999585
vn 0.336435258 0.888469338 0.312143415
vn 0.406355232 0.887188971 -0.21856606
vn 0.157541394 0.971755743 0.175702602
vn 0.575578332 0.805338681 0.141912222
vn 0.406355232 0.887188971 -0.21856606
vn 0.336435258 0.888469338 0.312143415
vn 0.99994278 -0.000720503798 -0.0106771281
vn 0.99997139 -0.000126537823 0.00755821448
vn 0.998769104 0.0495146252 0.00293881469
vn 0.999988675 0.00433192169 0.00198696856
vn 0.99997139 -0.000126537823 0.00755821448
vn 0.99994278 -0.000720503798 -0.0106771281
vn 0.0585458651 -0.426248193 0.902709663
vn -0.153856799 -0.471165299 0.868522584
vn -0.170188755 -0.552675784 0.815834105
vn -0.153856799 -0.471165299 0.868522584
vn -0.405148745 -0.407779843 0.81827265
vn -0.47015664 -0.49537614 0.730448604
vn -0.682564616 0.096370481 0.724443495
vn -0.685425758 0.143181443 0.713926136
vn -0.838268518 0.150039658 0.524208128
vn -0.685425758 0.143181443 0.713926136
vn -0.682564616 0.096370481 0.724443495
vn -0.404312432 0.0832187086 0.91082716
vn -0.520015836 -0.846491873 0.114171557
vn -0.0286023691 -0.99805063 0.0554689355
vn -0.0294331294 -0.999341547 -0.0212182123
vn -0.0286023691 -0.99805063 0.0554689355
vn 0.391454548 -0.90893805 -0.143509731
vn -0.0294331294 -0.999341547 -0.0212182123
vn 0.733729362 0.0294926558 -0.678801358
vn 0.606598794 -0.00720507465 -0.794975519
vn 0.90752399 0.0274395514 -0.419102937
vn 0.90752399 0.0274395514 -0.419102937
vn 0.937784195 0.106014229 -0.330638468
vn 0.733729362 0.0294926558 -0.678801358
vn 0.796432734 0.522538304 0.304382265
vn 0.682978094 0.532732725 0.499736756
vn 0.870295048 0.323975831 0.370980054
vn 0.662930965 0.647340596 0.376128703
vn 0.682978094 0.532732725 0.499736756
vn 0.796432734 0.522538304 0.304382265
vn -0.163624674 -0.643707871 0.74757421
vn -0.49676016 -0.566166341 0.657788038
vn -0.490960598 -0.688785195 0.533415973
vn -0.153856799 -0.471165299 0.868522584
vn -0.47015664 -0.49537614 0.730448604
vn -0.170188755 -0.552675784 0.815834105
vn -0.995193422 0.0329716243 0.0922110826
vn -0.995660007 0.0270017833 0.0890623033
vn -0.997760773 0.0327824913 0.0582978316
vn -0.995660007 0.0270017833 0.0890623033
vn -0.997573733 0.023988694 0.0653557032
vn -0.997760773 0.0327824913 0.0582978316
vn 0.152565852 0.0831016749 -0.984793305
vn 0.140220359 0.102284707 -0.984822869
vn 0.130128697 0.0799223036 -0.988270581
vn 0.152565852 0.0831016749 -0.984793305
vn 0.338143915 0.115620695 -0.933964968
vn 0.140220359 0.102284707 -0.984822869
vn -0.187110975 0.0344208218 -0.981735587
vn 0.080678463 0.045775678 -0.995688498
vn -0.082014516 -0.106569514 -0.990917027
vn -0.082014516 -0.106569514 -0.990917027
vn 0.210771844 -0.114576735 -0.9707973
vn 0.0401980653 -0.331466138 -0.942610323
vn -0.311293095 -0.603554606 0.734042466
vn -0.445065945 -0.394604057 0.803868175
vn -0.501845837 -0.519628763 0.691474259
vn -0.311293095 -0.603554606 0.734042466
vn -0.501845837 -0.519628763 0.691474259
vn 0.0861846358 -0.80018574 0.593527615
vn -0.420203507 0.237544239 0.875786304
vn -0.214324504 0.251857638 0.943733454
vn -0.746100008 0.193777248 0.63701278
vn -0.677484155 0.171746343 0.715205073
vn -0.746100008 0.193777248 0.63701278
vn -0.79984051 0.118049763 0.588489056
vn -0.95802325 -0.235453814 0.163563505
vn -0.964993477 -0.180584684 0.190201804
vn -0.94642204 -0.225077942 0.231571525
vn -0.95802325 -0.235453814 0.163563505
vn -0.972828031 -0.190553322 0.131511092
vn -0.964993477 -0.180584684 0.190201804
vn 0.976743698 0.0794143155 0.199160904
vn 0.994485795 0.000130966815 0.104871564
vn 0.99921 0.0217929017 -0.033236064
vn 0.99921 0.0217929017 -0.033236064
vn 0.994485795 0.000130966815 0.104871564
vn 0.981872857 -0.131802663 0.136211991
vn 0.67511493 -0.401683182 -0.618765295
vn 0.168191999 -0.593100727 -0.787364542
vn 0.505759358 -0.375927091 -0.776457429
vn 0.505759358 -0.375927091 -0.776457429
vn 0.562214971 -0.224426702 -0.795956612
vn 0.67511493 -0.401683182 -0.618765295
vn -0.998722196 -0.0468544848 -0.0189384483
vn -0.998051584 -0.0576236248 0.0239267964
vn -0.915002167 -0.400085092 0.051991269
vn -0.998722196 -0.0468544848 -0.0189384483
vn -0.997061908 -0.075319387 0.0139512038
vn -0.998051584 -0.0576236248 0.0239267964
vn 0.98786366 -0.0285685342 -0.1526732
vn 0.990170598 -0.0102996491 -0.139485031
vn 0.981472969 -0.0243543293 -0.190046638
vn 0.992007136 -0.0241080821 -0.12385729
vn 0.990170598 -0.0102996491 -0.139485031
vn 0.98786366 -0.0285685342 -0.1526732
vn -0.962610424 -0.255274594 0.0906412974
vn -0.982518196 -0.180434316 0.0458428375
vn -0.969967365 -0.231634349 0.0742215738
vn -0.969967365 -0.231634349 0.0742215738
vn -0.982518196 -0.180434316 0.0458428375
vn -0.985408247 -0.150661498 0.0791944265
vn -0.447436154 0.0476855002 -0.893043637
vn -0.167444527 0.0815521702 -0.982502699
vn -0.153319508 0.0639561713 -0.986104786
vn -0.167444527 0.0815521702 -0.982502699
vn -0.151157245 0.0941204652 -0.984018743
vn -0.153319508 0.0639561713 -0.986104786
vn -0.170188755 -0.552675784 0.815834105
vn -0.49676016 -0.566166341 0.657788038
vn -0.163624674 -0.643707871 0.74757421
vn 0.106783673 -0.541367412 0.83397758
vn -0.170188755 -0.552675784 0.815834105
vn -0.163624674 -0.643707871 0.74757421
vn 0.664237261 0.196365818 0.72126919
vn 0.939039767 0.163343236 0.302528381
vn 0.688671649 0.207480103 0.694754183
vn 0.688671649 0.207480103 0.694754183
vn 0.472727358 0.214025915 0.854822636
vn 0.664237261 0.196365818 0.72126919
vn -0.374218851 -0.926591873 0.0372522846
vn -0.374203473 -0.923682094 -0.0823594332
vn -0.24823755 -0.968600392 -0.0138347903
vn -0.374218851 -0.926591873 0.0372522846
vn -0.24823755 -0.968600392 -0.0138347903
vn -0.347970903 -0.937194705 -0.0241308752
vn -0.98646462 -0.144032896 0.078372173
vn -0.984928548 -0.114545211 0.129596025
vn -0.992665887 -0.0758044943 0.0941702127
vn -0.984780252 -0.0742922872 0.157125831
vn -0.992665887 -0.0758044943 0.0941702127
vn -0.984928548 -0.114545211 0.129596025
vn 0.951116502 -0.307033986 -0.033278551
vn 0.969010472 -0.235421389 0.0748033077
vn 0.813426971 -0.579337418 0.0520060658
vn 0.745365143 -0.653835177 0.130116895
vn 0.813426971 -0.579337418 0.0520060658
vn 0.969010472 -0.235421389 0.0748033077
vn 0.170616239 0.122894101 -0.977643609
vn 0.209143385 0.132962883 -0.968803287
vn 0.207266703 0.124935694 -0.970273972
vn 0.276169956 0.161892638 -0.947375774
vn 0.209143385 0.132962883 -0.968803287
vn 0.170616239 0.122894101 -0.977643609
vn 0.613422155 -0.549748719 0.567000508
vn 0.731723547 -0.589544296 0.342079163
vn 0.934288383 -0.283594698 0.216053382
vn 0.731723547 -0.589544296 0.342079163
vn 0.469500273 -0.709353983 0.525724709
vn 0.533279955 -0.76735276 0.356064916
vn 0.373950511 -0.828314304 0.417200476
vn 0.0522864722 -0.586805403 0.808038116
vn 0.0374254249 -0.706353426 0.706869185
vn -0.112075217 -0.452266306 0.88481313
vn 0.0374254249 -0.706353426 0.706869185
vn 0.0522864722 -0.586805403 0.808038116
vn 0.55242902 0.794940829 -0.250781268
vn 0.0909243822 0.903640747 -0.418528616
vn 0.301802188 0.953370452 0.000538295542
vn 0.55242902 0.794940829 -0.250781268
vn -0.456918299 0.715790331 -0.528081298
vn 0.0909243822 0.903640747 -0.418528616
vn 0.970929325 0.0778638646 -0.226348385
vn 0.986524701 0.0270028859 -0.1613684
vn 0.980611861 0.0960362926 -0.170814276
vn 0.97504729 0.0312428698 -0.219787419
vn 0.986524701 0.0270028859 -0.1613684
vn 0.970929325 0.0778638646 -0.226348385
vn 0.997641802 0.0491747819 0.047882244
vn 0.998737514 -0.00883231778 0.0494497269
vn 0.997808456 0.0658358559 0.00663418928
vn 0.997641802 0.0491747819 0.047882244
vn 0.997721016 -0.0127208848 0.0662650988
vn 0.998737514 -0.00883231778 0.0494497269
vn 0.992236257 0.114878006 0.0476478226
vn 0.985996723 0.137325466 0.0946154967
vn 0.991323531 0.120595939 0.052290529
vn 0.992236257 0.114878006 0.0476478226
vn 0.991323531 0.120595939 0.052290529
vn 0.993386686 0.112245649 0.0241636187
vn -0.427179724 -0.0368089862 -0.90341711
vn -0.30117768 0.0302854348 -0.953086913
vn -0.818068504 -0.0438739918 -0.573444784
vn -0.933230102 -0.170111313 -0.316455007
vn -0.427179724 -0.0368089862 -0.90341711
vn -0.818068504 -0.0438739918 -0.573444784
vn -0.962384164 0.182364568 0.201394543
vn -0.978507519 0.162792131 0.126576811
vn -0.982588768 0.139321864 0.122917227
vn -0.982588768 0.139321864 0.122917227
vn -0.975339949 0.163531348 0.148221463
vn -0.981387913 0.149434879 0.120611466
vn -0.997968614 -0.0597744584 0.0220409278
vn -0.99857235 -0.0502373688 0.0181507133
vn -0.996881127 -0.0767687708 0.0182899293
vn -0.994541049 0.0728150904 -0.0747397989
vn -0.998940349 -0.043873325 -0.0139038712
vn -0.997968614 -0.0597744584 0.0220409278
vn -0.471323729 -0.879636884 0.0639763921
vn -0.329351634 -0.941439688 0.0722415447
vn -0.345581055 -0.938346326 -0.00893436093
vn -0.329351634 -0.941439688 0.0722415447
vn -0.193369433 -0.980478585 0.0356364101
vn -0.345581055 -0.938346326 -0.00893436093
vn 0.636993945 -0.137981743 0.758419275
vn 0.820869088 -0.290361226 0.49179706
vn 0.743633211 -0.0803479254 0.663742304
vn 0.748086274 0.0141228028 0.663451254
vn 0.636993945 -0.137981743 0.758419275
vn 0.743633211 -0.0803479254 0.663742304
vn -0.0691025779 -0.324180156 0.943468153
vn -0.405148745 -0.407779843 0.81827265
vn -0.153856799 -0.471165299 0.868522584
vn -0.0691025779 -0.324180156 0.943468153
vn -0.122198857 -0.181169137 0.975830495
vn -0.405148745 -0.407779843 0.81827265
vn 0.419000298 0.35422489 0.836040437
vn 0.727857888 0.349414527 0.590027452
vn 0.755089045 0.456380755 0.470698684
vn 0.590354085 0.302600622 0.748274565
vn 0.727857888 0.349414527 0.590027452
vn 0.419000298 0.35422489 0.836040437
vn 0.892296135 0.370976418 -0.257262886
vn 0.907616377 0.381338179 -0.175538138
vn 0.899269462 0.409505486 -0.153686792
vn 0.913029194 0.33387965 -0.234312013
vn 0.907616377 0.381338179 -0.175538138
vn 0.892296135 0.370976418 -0.257262886
vn -0.998940349 -0.043873325 -0.0139038712
vn -0.999774933 0.00046280789 -0.0212087389
vn -0.99857235 -0.0502373688 0.0181507133
vn -0.998940349 -0.043873325 -0.0139038712
vn -0.99857235 -0.0502373688 0.0181507133
vn -0.997968614 -0.0597744584 0.0220409278
vn -0.741007745 -0.661644816 0.114602432
vn -0.520015836 -0.846491873 0.114171557
vn -0.420131773 -0.904400587 0.0744895265
vn -0.741007745 -0.661644816 0.114602432
vn -0.420131773 -0.904400587 0.0744895265
vn -0.504239202 -0.857623994 0.101113237
vn 0.194972798 0.0810970068 0.977450192
vn 0.497043341 0.164857432 0.85192132
vn 0.388562769 0.131654337 0.911968231
vn 0.497043341 0.164857432 0.85192132
vn 0.677507579 0.146384478 0.720801532
vn 0.388562769 0.131654337 0.911968231
vn -0.639952242 -0.757118106 0.131275609
vn -0.513255835 -0.858151495 -0.0120193912
vn -0.439890504 -0.894276857 0.0822506845
vn -0.439890504 -0.894276857 0.0822506845
vn -0.513255835 -0.858151495 -0.0120193912
vn -0.371795416 -0.927950501 0.0260027219
vn -0.84134531 0.111425824 0.528887868
vn -0.891123891 0.114712968 0.439020604
vn -0.951271474 0.0743843094 0.299248129
vn -0.84134531 0.111425824 0.528887868
vn -0.838268518 0.150039658 0.524208128
vn -0.891123891 0.114712968 0.439020604
vn -0.999585867 -0.0287760384 0.000219434485
vn -0.999462962 -0.0131624658 -0.030005265
vn -0.99745059 -0.0567519665 -0.0432594083
vn -0.999585867 -0.0287760384 0.000219434485
vn -0.999761939 0.00321185798 -0.0215813648
vn -0.999462962 -0.0131624658 -0.030005265
vn 0.899632037 0.435115546 0.0365594253
vn 0.908434391 0.412311763 -0.0688905418
vn 0.912590683 0.408699691 -0.0119523918
vn 0.899632037 0.435115546 0.0365594253
vn 0.912590683 0.408699691 -0.0119523918
vn 0.914737463 0.386647314 0.11729984
vn -0.830316663 0.093597576 -0.549375892
vn -0.838600755 0.0601766706 -0.541412592
vn -0.69607538 0.0619762614 -0.715288818
vn -0.838600755 0.0601766706 -0.541412592
vn -0.830316663 0.093597576 -0.549375892
vn -0.988178372 0.06266734 -0.139915407
vn -0.985337794 -0.170532584 0.00529763196
vn -0.993564427 -0.100969896 0.0513300672
vn -0.696733654 -0.358974278 -0.62104708
vn -0.696733654 -0.358974278 -0.62104708
vn -0.648268819 -0.575123608 -0.498979211
vn -0.985337794 -0.170532584 0.00529763196
vn 0.993097305 0.0769900531 -0.0884880498
vn 0.999940813 -0.0105022117 -0.00281825475
vn 0.995334804 -0.00276975101 -0.096441187
vn 0.995334804 -0.00276975101 -0.096441187
vn 0.999940813 -0.0105022117 -0.00281825475
vn 0.951116502 -0.307033986 -0.033278551
vn 0.866286933 0.455268294 -0.205615386
vn 0.867979348 0.454596877 -0.199884117
vn 0.876151264 0.448619306 -0.17635107
vn 0.874628007 0.439600021 -0.20439592
vn 0.866286933 0.455268294 -0.205615386
vn 0.881293535 0.425144196 -0.206334978
vn -0.992852151 -0.0310382862 -0.1152438
vn -0.9521842 -0.0913291425 -0.29155466
vn -0.99745059 -0.0567519665 -0.0432594083
vn -0.992852151 -0.0310382862 -0.1152438
vn -0.937769294 0.0217128638 -0.346579343
vn -0.9521842 -0.0913291425 -0.29155466
vn -0.993564427 -0.100969896 0.0513300672
vn -0.798717082 -0.169698402 -0.577281177
vn -0.696733654 -0.358974278 -0.62104708
vn -0.990271807 -0.133686364 -0.0385956615
vn -0.798717082 -0.169698402 -0.577281177
vn -0.993564427 -0.100969896 0.0513300672
vn 0.881293535 0.425144196 -0.206334978
vn 0.866286933 0.455268294 -0.205615386
vn 0.876151264 0.448619306 -0.17635107
vn 0.897141993 0.416239917 -0.147920594
vn 0.881293535 0.425144196 -0.206334978
vn 0.876151264 0.448619306 -0.17635107
vn 0.889532447 0.456636757 0.0146599822
vn 0.775810778 0.630900383 -0.00907132123
vn 0.873049855 0.486130595 -0.0382231697
vn 0.946532965 0.319944918 -0.0413588732
vn 0.889532447 0.456636757 0.0146599822
vn 0.923406422 0.378522187 -0.0635723248
vn -0.13227652 -0.0271995608 0.990839601
vn -0.322724938 -0.0411197916 0.945599079
vn -0.239509121 -0.0783291757 0.96772927
vn -0.322724938 -0.0411197916 0.945599079
vn -0.330659747 -0.220662996 0.91759038
vn -0.239509121 -0.0783291757 0.96772927
vn 0.186553434 -0.844580591 -0.501877785
vn 0.466619521 -0.696093142 -0.545637667
vn 0.304368883 -0.896360159 -0.322332174
vn 0.466619521 -0.696093142 -0.545637667
vn 0.829999626 -0.442427427 -0.339644819
vn 0.304368883 -0.896360159 -0.322332174
vn -0.990214944 0.0746120885 -0.11793042
vn -0.938798666 0.0930387005 -0.331663996
vn -0.988178372 0.06266734 -0.139915407
vn -0.990214944 0.0746120885 -0.11793042
vn -0.993615925 0.0925686881 -0.06448704
vn -0.938798666 0.0930387005 -0.331663996
vn 0.948816836 0.0809898451 -0.305265844
vn 0.925125301 0.228103861 -0.30349949
vn 0.952047586 0.120600417 -0.281177759
vn 0.948816836 0.0809898451 -0.305265844
vn 0.952047586 0.120600417 -0.281177759
vn 0.968485832 -0.0481198467 -0.244376063
vn 0.799153507 0.14040193 -0.584500611
vn 0.93459481 0.159260914 -0.318069965
vn 0.927747369 0.218617916 -0.302474767
vn 0.927747369 0.218617916 -0.302474767
vn 0.93459481 0.159260914 -0.318069965
vn 0.970241308 0.165334284 -0.17690739
vn -0.86270529 -0.486918211 -0.136565417
vn -0.96255213 -0.126513213 0.239765808
vn -0.972842634 -0.100704312 0.20841296
vn -0.94642204 -0.225077942 0.231571525
vn -0.972842634 -0.100704312 0.20841296
vn -0.96255213 -0.126513213 0.239765808
vn -0.63009274 0.0936393812 -0.770853281
vn -0.582007706 0.0771455467 -0.809515595
vn -0.937769294 0.0217128638 -0.346579343
vn -0.63009274 0.0936393812 -0.770853281
vn -0.262534887 0.098326318 -0.959899664
vn -0.582007706 0.0771455467 -0.809515595
vn -0.966362417 0.147068024 0.210984975
vn -0.975672841 0.136491805 0.171558678
vn -0.973375201 0.150547475 0.172846943
vn -0.975672841 0.136491805 0.171558678
vn -0.979934633 0.147757679 0.133775637
vn -0.973375201 0.150547475 0.172846943
vn 0.873049855 0.486130595 -0.0382231697
vn 0.89403522 0.429307759 -0.128046021
vn 0.923406422 0.378522187 -0.0635723248
vn 0.923406422 0.378522187 -0.0635723248
vn 0.889532447 0.456636757 0.0146599822
vn 0.873049855 0.486130595 -0.0382231697
vn 0.236768991 -0.725081384 0.646681786
vn -0.129584372 -0.790237963 0.598942339
vn 0.228449702 -0.834983468 0.500612974
vn 0.228449702 -0.834983468 0.500612974
vn 0.469500273 -0.709353983 0.525724709
vn 0.236768991 -0.725081384 0.646681786
vn 0.879383504 0.446099609 -0.166372433
vn 0.878174663 0.429741323 -0.210075736
vn 0.887545586 0.423771203 -0.180778384
vn 0.897437811 0.419434637 -0.136674538
vn 0.879383504 0.446099609 -0.166372433
vn 0.887545586 0.423771203 -0.180778384
vn -0.96218586 -0.022304235 0.271479636
vn -0.997180998 0.0467748791 0.0586712882
vn -0.998986304 0.00126548077 0.0449961424
vn -0.997180998 0.0467748791 0.0586712882
vn -0.997573733 0.023988694 0.0653557032
vn -0.998986304 0.00126548077 0.0449961424
vn 0.244812325 0.3633295 -0.898920715
vn 0.283607006 0.353424788 -0.891435862
vn 0.0720316544 0.23795931 -0.968600452
vn 0.283607006 0.353424788 -0.891435862
vn 0.244812325 0.3633295 -0.898920715
vn 0.293786943 0.373530775 -0.879865885
vn 0.575614929 0.167715475 -0.800336778
vn 0.68230468 0.198369712 -0.703640461
vn 0.888672829 0.169757426 -0.425961316
vn 0.488988817 0.200952873 -0.848827422
vn 0.68230468 0.198369712 -0.703640461
vn 0.575614929 0.167715475 -0.800336778
vn -0.170188755 -0.552675784 0.815834105
vn -0.47015664 -0.49537614 0.730448604
vn -0.49676016 -0.566166341 0.657788038
vn -0.49676016 -0.566166341 0.657788038
vn -0.47015664 -0.49537614 0.730448604
vn -0.865297318 -0.307048917 0.396208882
vn 0.896724582 0.423884898 -0.127305135
vn 0.91651094 0.386111498 -0.104525559
vn 0.897141993 0.416239917 -0.147920594
vn 0.91651094 0.386111498 -0.104525559
vn 0.896724582 0.423884898 -0.127305135
vn 0.905035555 0.416648656 -0.0855247751
vn -0.746100008 0.193777248 0.63701278
vn -0.677484155 0.171746343 0.715205073
vn -0.420203507 0.237544239 0.875786304
vn -0.420203507 0.237544239 0.875786304
vn -0.677484155 0.171746343 0.715205073
vn -0.228273943 0.238239959 0.943998218
vn 0.996634483 0.0445240773 0.0688271001
vn 0.965251267 0.0388242938 0.258423209
vn 0.997721016 -0.0127208848 0.0662650988
vn 0.997641802 0.0491747819 0.047882244
vn 0.996634483 0.0445240773 0.0688271001
vn 0.997721016 -0.0127208848 0.0662650988
vn 0.315023899 0.422618717 0.849796116
vn 0.390564322 0.212135658 0.895800233
vn 0.426365763 0.217785433 0.877941787
vn 0.390564322 0.212135658 0.895800233
vn 0.432721406 0.198217154 0.87946707
vn 0.426365763 0.217785433 0.877941787
vn 0.342557341 0.376274526 -0.860855401
vn 0.389650494 0.374412239 -0.841420174
vn 0.372214586 0.350798965 -0.859299958
vn 0.345921904 0.406623781 -0.845573902
vn 0.389650494 0.374412239 -0.841420174
vn 0.342557341 0.376274526 -0.860855401
vn -0.991914093 -0.0184724852 0.125559479
vn -0.994265914 -0.0487439632 0.095181644
vn -0.98509717 -0.0126266405 0.171534404
vn -0.997061908 -0.075319387 0.0139512038
vn -0.994265914 -0.0487439632 0.095181644
vn -0.991914093 -0.0184724852 0.125559479
vn -0.999364972 0.0356090777 -0.00126014801
vn -0.999815643 -0.00425746851 -0.0187262315
vn -0.999407351 0.0130186891 -0.031868834
vn -0.999364972 0.0356090777 -0.00126014801
vn -0.999407351 0.0130186891 -0.031868834
vn -0.999809921 -0.00815382134 0.0177153088
vn -0.927235425 -0.33843711 0.160295814
vn -0.933692753 -0.323235244 0.154067919
vn -0.932865441 -0.318572938 0.168146506
vn -0.952277184 -0.296170533 0.0738329068
vn -0.932865441 -0.318572938 0.168146506
vn -0.933692753 -0.323235244 0.154067919
vn 0.867979348 0.454596877 -0.199884117
vn 0.878174663 0.429741323 -0.210075736
vn 0.879383504 0.446099609 -0.166372433
vn 0.833422184 0.498930275 -0.237646863
vn 0.878174663 0.429741323 -0.210075736
vn 0.867979348 0.454596877 -0.199884117
vn -0.986240745 -0.0391603969 0.160610229
vn -0.984099805 -0.0880672038 0.154245511
vn -0.996162415 -0.0578332916 0.0656941533
vn -0.991914093 -0.0184724852 0.125559479
vn -0.986240745 -0.0391603969 0.160610229
vn -0.996162415 -0.0578332916 0.0656941533
vn -0.718012571 -0.0879630893 -0.690449476
vn -0.320931196 -0.135727391 -0.93732667
vn -0.365682244 -0.167784467 -0.915491581
vn -0.583900392 -0.046143163 -0.8105129
vn -0.320931196 -0.135727391 -0.93732667
vn -0.718012571 -0.0879630893 -0.690449476
vn 0.68034023 0.588874698 -0.436306953
vn 0.997020483 0.0120617682 -0.07618846
vn 0.995890319 0.00192015036 -0.0905473307
vn 0.922054529 0.345571727 -0.174343333
vn 0.997020483 0.0120617682 -0.07618846
vn 0.68034023 0.588874698 -0.436306953
vn -0.707836032 0.218524247 0.67172569
vn -0.777133048 0.174428329 0.604680896
vn -0.845600069 0.166441813 0.507205784
vn -0.73648566 0.210736841 0.6427899
vn -0.707836032 0.218524247 0.67172569
vn -0.845600069 0.166441813 0.507205784
vn -0.986888766 0.134362593 0.0894264206
vn -0.993084908 0.114037961 0.0278886743
vn -0.986509681 0.115675405 0.115835689
vn -0.986888766 0.134362593 0.0894264206
vn -0.990623772 0.12840566 0.0466540381
vn -0.993084908 0.114037961 0.0278886743
vn 0.969010472 -0.235421389 0.0748033077
vn 0.905890882 -0.398370385 0.143745452
vn 0.745365143 -0.653835177 0.130116895
vn 0.745365143 -0.653835177 0.130116895
vn 0.905890882 -0.398370385 0.143745452
vn 0.57820648 -0.801367819 0.153254554
vn -0.995134115 -0.0954619795 0.024396779
vn -0.998872995 -0.0314631574 -0.0355366468
vn -0.994563043 -0.103402488 0.0123370867
vn -0.977384686 0.183307558 -0.10543979
vn -0.998872995 -0.0314631574 -0.0355366468
vn -0.998994827 -0.0333994292 0.0298953988
vn 0.126998395 0.131982848 0.983082891
vn -0.147164539 0.137560248 0.979499757
vn -0.025481157 0.115221627 0.993012965
vn 0.126998395 0.131982848 0.983082891
vn -0.025481157 0.115221627 0.993012965
vn 0.126276523 0.107113384 0.986195207
vn -0.999135911 0.0069035124 0.0409834906
vn -0.999880075 0.00697153062 0.0138297146
vn -0.998863399 -0.029311372 0.0375888981
vn -0.99973166 0.0205234792 0.0107441908
vn -0.999880075 0.00697153062 0.0138297146
vn -0.998936653 0.0164170898 0.0430825017
vn 0.903709412 0.364587605 -0.224466637
vn 0.919527292 0.354284137 -0.170153871
vn 0.897276402 0.396211028 -0.19470951
vn 0.884478927 0.397270679 -0.244689748
vn 0.903709412 0.364587605 -0.224466637
vn 0.897276402 0.396211028 -0.19470951
vn 0.668137252 -0.291945189 0.684368789
vn 0.217174843 -0.276628047 0.936115444
vn 0.61244911 -0.452319711 0.64831543
vn 0.668137252 -0.291945189 0.684368789
vn 0.61244911 -0.452319711 0.64831543
vn 0.934288383 -0.283594698 0.216053382
vn -0.676403522 0.358906835 0.643167377
vn -0.696797013 0.440001369 0.566456318
vn -0.822188199 0.270929575 0.500603199
vn -0.763863862 0.257538646 0.591764987
vn -0.676403522 0.358906835 0.643167377
vn -0.822188199 0.270929575 0.500603199
vn 0.999504745 0.0253262054 -0.0186722558
vn 0.999949753 0.00649815891 -0.00763573917
vn 0.998046339 0.0114014046 -0.0614295006
vn 0.980055094 0.113912128 0.162837833
vn 0.999949753 0.00649815891 -0.00763573917
vn 0.999504745 0.0253262054 -0.0186722558
vn -0.99613595 0.027919028 0.0832692981
vn -0.990214944 0.0746120885 -0.11793042
vn -0.988178372 0.06266734 -0.139915407
vn -0.99613595 0.027919028 0.0832692981
vn -0.988178372 0.06266734 -0.139915407
vn -0.981364131 -0.0332296193 -0.189262122
vn 0.903709412 0.364587605 -0.224466637
vn 0.923754632 0.321403742 -0.208271563
vn 0.919527292 0.354284137 -0.170153871
vn 0.923754632 0.321403742 -0.208271563
vn 0.936352789 0.325789541 -0.130783841
vn 0.919527292 0.354284137 -0.170153871
vn 0.848392606 0.160160005 0.504557967
vn 0.258760005 0.388380677 0.884422779
vn 0.431759238 0.236009479 0.870564997
vn 0.928535044 0.0650797188 0.365495861
vn 0.848392606 0.160160005 0.504557967
vn 0.431759238 0.236009479 0.870564997
vn -0.459636182 -0.135017261 -0.877784073
vn -0.427179724 -0.0368089862 -0.90341711
vn -0.933230102 -0.170111313 -0.316455007
vn -0.459636182 -0.135017261 -0.877784073
vn -0.0123159327 0.0748256221 -0.997120619
vn -0.427179724 -0.0368089862 -0.90341711
vn 0.390142024 0.189174592 0.901111662
vn 0.386799276 0.168405131 0.906656504
vn 0.411907166 0.178968281 0.893477976
vn 0.386799276 0.168405131 0.906656504
vn 0.390142024 0.189174592 0.901111662
vn 0.358259767 0.177919999 0.916512012
vn -0.321345568 -0.931796551 0.168796197
vn -0.676782966 -0.63176465 0.377939492
vn -0.562723815 -0.797273457 0.218395993
vn -0.395451277 -0.918107927 0.0263842121
vn -0.321345568 -0.931796551 0.168796197
vn -0.562723815 -0.797273457 0.218395993
vn -0.886774063 0.210652769 0.411408931
vn -0.962384164 0.182364568 0.201394543
vn -0.957252979 0.149684414 0.247510418
vn -0.962384164 0.182364568 0.201394543
vn -0.886774063 0.210652769 0.411408931
vn -0.893988311 0.216436684 0.392352104
vn -0.636867285 -0.77076453 0.0179504491
vn -0.681151748 -0.728985965 0.0679099262
vn -0.537793934 -0.841617882 0.0495686904
vn -0.681151748 -0.728985965 0.0679099262
vn -0.685785413 -0.724911094 -0.0648249462
vn -0.537793934 -0.841617882 0.0495686904
vn -0.939242542 0.169802561 -0.298312902
vn -0.681139886 0.215511292 -0.699716508
vn -0.851500034 0.197493359 -0.485740811
vn -0.987546861 0.15566127 -0.0228227321
vn -0.939242542 0.169802561 -0.298312902
vn -0.851500034 0.197493359 -0.485740811
vn -0.41619277 0.0214407407 -0.909023523
vn -0.298048079 -0.00688637234 -0.954525948
vn -0.270582199 0.0249156635 -0.962374389
vn -0.41619277 0.0214407407 -0.909023523
vn -0.270582199 0.0249156635 -0.962374389
vn -0.262567908 -0.104703836 -0.959215999
vn -0.499527961 0.29299888 0.815244436
vn -0.706781983 0.193340659 0.680498898
vn -0.777133048 0.174428329 0.604680896
vn -0.707836032 0.218524247 0.67172569
vn -0.499527961 0.29299888 0.815244436
vn -0.777133048 0.174428329 0.604680896
vn 0.925125301 0.228103861 -0.30349949
vn 0.902703762 0.331870764 -0.27383858
vn 0.927238286 0.28159976 -0.24684152
vn 0.89029175 0.389781207 -0.2354808
vn 0.927238286 0.28159976 -0.24684152
vn 0.902703762 0.331870764 -0.27383858
vn 0.366123885 0.801833272 0.472246617
vn 0.104635239 0.855035961 0.507902503
vn 0.192134485 0.784191847 0.590023279
vn 0.192134485 0.784191847 0.590023279
vn 0.240246043 0.7084589 0.663602173
vn 0.442905456 0.733713746 0.515265763
vn -0.87146008 0.434494615 -0.227534205
vn -0.938835084 0.32205373 0.121943481
vn -0.583823323 0.795362175 -0.16293931
vn -0.87146008 0.434494615 -0.227534205
vn -0.892961204 0.252801239 -0.372440487
vn -0.938835084 0.32205373 0.121943481
vn 0.986765385 -0.0372931696 -0.15780744
vn 0.947818041 -0.304453403 -0.0946007743
vn 0.829999626 -0.442427427 -0.339644819
vn 0.539825082 -0.839978218 -0.0550032854
vn 0.829999626 -0.442427427 -0.339644819
vn 0.947818041 -0.304453403 -0.0946007743
vn -0.456918299 0.715790331 -0.528081298
vn -0.559705794 0.516851068 -0.647761106
vn -0.777278364 0.367452472 -0.510702431
vn -0.653552055 0.355659425 -0.668113828
vn -0.559705794 0.516851068 -0.647761106
vn -0.29891482 0.572332263 -0.763600528
vn -0.988687754 -0.126406536 0.0807336718
vn -0.990870178 -0.036372412 0.129820153
vn -0.999105752 -0.0375633128 0.0194139071
vn -0.999105752 -0.0375633128 0.0194139071
vn -0.990870178 -0.036372412 0.129820153
vn -0.958030045 -0.272778571 0.0881494358
vn -0.998503864 -0.013778626 -0.0529161245
vn -0.997847497 -0.02725715 -0.0596440844
vn -0.996433079 -0.0113534592 -0.0836200565
vn -0.996433079 -0.0113534592 -0.0836200565
vn -0.997847497 -0.02725715 -0.0596440844
vn -0.955293894 -0.290514797 -0.0549083911
vn -0.995407939 -0.0710691363 0.0641266555
vn -0.995985866 -0.0571115315 0.0689228699
vn -0.993878722 -0.0958443806 0.0549451485
vn -0.996314943 -0.0845258757 0.0145535506
vn -0.993878722 -0.0958443806 0.0549451485
vn -0.994750261 -0.102328688 0.000897841936
vn -0.995893776 0.0222511906 0.0877529755
vn -0.998422444 0.0243010987 0.0506177917
vn -0.997551918 0.0161478389 0.0680401027
vn -0.997573733 0.023988694 0.0653557032
vn -0.995893776 0.0222511906 0.0877529755
vn -0.997551918 0.0161478389 0.0680401027
vn -0.981083214 0.193303883 -0.0104508828
vn -0.892961204 0.252801239 -0.372440487
vn -0.99066925 0.13165009 -0.0352527723
vn -0.938835084 0.32205373 0.121943481
vn -0.892961204 0.252801239 -0.372440487
vn -0.981083214 0.193303883 -0.0104508828
vn -0.964079857 -0.116570681 0.238665774
vn -0.982023895 -0.0645598695 0.17737247
vn -0.996433079 -0.0113534592 -0.0836200565
vn -0.960293889 -0.111695901 0.255655318
vn -0.982023895 -0.0645598695 0.17737247
vn -0.964079857 -0.116570681 0.238665774
vn 0.968485832 -0.0481198467 -0.244376063
vn 0.977272093 -0.0232834779 -0.21070607
vn 0.9792431 -0.11462947 -0.167161763
vn 0.952047586 0.120600417 -0.281177759
vn 0.977272093 -0.0232834779 -0.21070607
vn 0.968485832 -0.0481198467 -0.244376063
vn 0.889532447 0.456636757 0.0146599822
vn 0.89357692 0.417711079 -0.164431259
vn 0.687625229 0.556260049 -0.466632813
vn 0.719943821 0.245323777 -0.649228036
vn 0.687625229 0.556260049 -0.466632813
vn 0.89357692 0.417711079 -0.164431259
vn -0.209638625 0.563847721 0.798828721
vn -0.327808201 0.394768327 0.85831207
vn 0.0859368965 0.589261949 0.803358793
vn 0.0859368965 0.589261949 0.803358793
vn 0.240246043 0.7084589 0.663602173
vn -0.209638625 0.563847721 0.798828721
vn 0.685885251 -0.687759697 0.237798288
vn 0.541683018 -0.760725737 0.357597321
vn 0.554724336 -0.816798925 0.158493772
vn 0.647695482 -0.669683814 0.363337457
vn 0.541683018 -0.760725737 0.357597321
vn 0.685885251 -0.687759697 0.237798288
vn 0.340824515 0.74133265 -0.578156233
vn 0.276813895 0.548993409 -0.788657248
vn 0.151144668 0.699390352 -0.698575974
vn 0.340824515 0.74133265 -0.578156233
vn 0.394455343 0.631813169 -0.667245865
vn 0.276813895 0.548993409 -0.788657248
vn 0.996339977 -0.0845946595 -0.0122700334
vn 0.991965175 -0.124830164 0.0205548201
vn 0.990779638 -0.126279876 -0.0490824357
vn 0.996339977 -0.0845946595 -0.0122700334
vn 0.996225238 -0.0714462474 0.049301967
vn 0.991965175 -0.124830164 0.0205548201
vn -0.996934235 -0.0521924943 0.0582931489
vn -0.997681379 -0.024006322 0.0636842623
vn -0.987889647 -0.116498686 0.102479555
vn -0.996934235 -0.0521924943 0.0582931489
vn -0.987889647 -0.116498686 0.102479555
vn -0.973467529 -0.199827105 0.111490667
vn -0.537805736 -0.0370809808 -0.842252851
vn -0.379997313 -0.00237746513 -0.924984634
vn -0.290328234 0.0120193344 -0.956851721
vn -0.537805736 -0.0370809808 -0.842252851
vn -0.290328234 0.0120193344 -0.956851721
vn -0.53791523 -0.0492059663 -0.841561556
vn 0.512313902 -0.799472213 -0.313653618
vn 0.674024761 -0.691608906 -0.259552956
vn 0.0728939325 -0.981221437 -0.178580552
vn 0.0728939325 -0.981221437 -0.178580552
vn 0.674024761 -0.691608906 -0.259552956
vn 0.623770297 -0.757514477 -0.192568421
vn 0.899269462 0.409505486 -0.153686792
vn 0.923406422 0.378522187 -0.0635723248
vn 0.89403522 0.429307759 -0.128046021
vn 0.899269462 0.409505486 -0.153686792
vn 0.89403522 0.429307759 -0.128046021
vn 0.88382858 0.405790418 -0.232768714
vn 0.989100695 0.147080153 0.00687089609
vn 0.988783896 0.122981824 -0.0847454593
vn 0.99272269 0.117831662 -0.0248466004
vn 0.988783896 0.122981824 -0.0847454593
vn 0.989100695 0.147080153 0.00687089609
vn 0.988114715 0.145904779 -0.048384428
vn -0.993311882 -0.0294563677 0.111641817
vn -0.99258393 0.0207427163 0.119778283
vn -0.997885823 -0.0162582584 0.0629256666
vn -0.993311882 -0.0294563677 0.111641817
vn -0.997885823 -0.0162582584 0.0629256666
vn -0.992665887 -0.0758044943 0.0941702127
vn 0.189701051 -0.0881739855 0.977874577
vn 0.683261752 -0.00435280055 0.730160534
vn 0.163940772 -0.0342838876 0.985874236
vn -0.13227652 -0.0271995608 0.990839601
vn 0.189701051 -0.0881739855 0.977874577
vn 0.163940772 -0.0342838876 0.985874236
vn 0.291764349 0.397997051 -0.869753897
vn 0.237046912 0.38858676 -0.890398264
vn 0.230804488 0.417525709 -0.878863811
vn 0.237046912 0.38858676 -0.890398264
vn -0.00569683639 0.434398651 -0.900702655
vn 0.230804488 0.417525709 -0.878863811
vn 0.947925866 0.207749173 0.24140586
vn 0.973380744 0.17688261 0.145748064
vn 0.98026979 0.19377853 0.0390000455
vn 0.947925866 0.207749173 0.24140586
vn 0.98026979 0.19377853 0.0390000455
vn 0.9692927 0.17816712 0.169494286
vn 0.986666858 0.106755316 -0.122849323
vn 0.986844122 0.11423555 -0.114407144
vn 0.985054016 0.120464906 -0.123112626
vn 0.986666858 0.106755316 -0.122849323
vn 0.815930724 0.137102351 -0.561658323
vn 0.986844122 0.11423555 -0.114407144
vn 0.970234811 0.116966054 -0.212045714
vn 0.980894923 0.0981436521 -0.167967066
vn 0.982831359 0.109699152 -0.148353055
vn 0.976212144 0.12746112 -0.17539528
vn 0.970234811 0.116966054 -0.212045714
vn 0.982831359 0.109699152 -0.148353055
vn 0.834949434 0.470280588 -0.285824329
vn 0.762436211 0.570197165 -0.30588606
vn 0.765063643 0.544061959 -0.344491392
vn 0.834949434 0.470280588 -0.285824329
vn 0.765063643 0.544061959 -0.344491392
vn 0.768261492 0.548543036 -0.329961687
vn 0.962640941 0.128431797 -0.238385677
vn 0.97623837 0.121555664 -0.179396406
vn 0.972809672 0.134766042 -0.188359976
vn 0.972809672 0.134766042 -0.188359976
vn 0.97623837 0.121555664 -0.179396406
vn 0.981731772 0.120120846 -0.147559032
vn 0.985781491 0.148062304 -0.0794518068
vn 0.983969867 0.17797856 0.0112699773
vn 0.98206079 0.186907738 -0.0249429978
vn 0.98026979 0.19377853 0.0390000455
vn 0.98206079 0.186907738 -0.0249429978
vn 0.983969867 0.17797856 0.0112699773
vn -0.98646462 -0.144032896 0.078372173
vn -0.974375188 -0.224703625 0.0100698695
vn -0.905965865 -0.419946551 0.0535791181
vn -0.98646462 -0.144032896 0.078372173
vn -0.996373177 -0.0761093199 0.0380526744
vn -0.974375188 -0.224703625 0.0100698695
vn 0.977891684 0.140395522 -0.154974341
vn 0.987406969 0.119468704 -0.103705168
vn 0.979324639 0.131891891 -0.153387383
vn 0.979324639 0.131891891 -0.153387383
vn 0.987406969 0.119468704 -0.103705168
vn 0.986844122 0.11423555 -0.114407144
vn 0.443542212 0.0690873414 -0.893586695
vn 0.574668288 0.0340191349 -0.817679048
vn 0.382147014 0.0310098641 -0.923581004
vn 0.382147014 0.0310098641 -0.923581004
vn 0.574668288 0.0340191349 -0.817679048
vn 0.500878453 -0.108841389 -0.85864687
vn 0.748347938 0.584704816 -0.313202262
vn -0.226404577 0.913931966 -0.336851984
vn 0.155529544 0.950745881 -0.268128246
vn -0.226404577 0.913931966 -0.336851984
vn -0.975091338 0.217361301 0.0441709571
vn -0.323511779 0.946222126 0.00195847638
vn -0.842567027 0.480125934 0.244048849
vn -0.823151886 0.544529676 0.160960913
vn -0.945294857 0.269413888 0.183939546
vn -0.802989483 0.426571786 0.416226566
vn -0.680064142 0.577987075 0.451047391
vn -0.842567027 0.480125934 0.244048849
vn 0.986380696 0.0653647184 -0.150932565
vn 0.984316885 0.0817514136 -0.156322837
vn 0.986298144 0.0633171275 -0.152338132
vn 0.984316885 0.0817514136 -0.156322837
vn 0.99921 0.0217929017 -0.033236064
vn 0.986298144 0.0633171275 -0.152338132
vn -0.187585279 -0.681139588 -0.707715094
vn -0.103525952 -0.722355902 -0.683728158
vn -0.148771688 -0.900788009 -0.407980323
vn -0.32418251 -0.646207929 -0.690884173
vn -0.188976705 -0.456501842 -0.869421661
vn -0.187585279 -0.681139588 -0.707715094
vn -0.903923333 0.297025144 0.307731599
vn -0.818721831 0.451656222 0.354543567
vn -0.594409943 0.803338885 0.036379084
vn -0.818721831 0.451656222 0.354543567
vn -0.903923333 0.297025144 0.307731599
vn -0.72714144 0.553913057 0.405518949
vn 0.442838341 0.101749986 0.890809238
vn 0.803833067 0.0958164483 0.587087452
vn 0.868687689 0.118816897 0.480899483
vn 0.868687689 0.118816897 0.480899483
vn 0.803833067 0.0958164483 0.587087452
vn 0.965251267 0.0388242938 0.258423209
vn -0.226404577 0.913931966 -0.336851984
vn -0.323511779 0.946222126 0.00195847638
vn 0.155529544 0.950745881 -0.268128246
vn 0.591282904 0.797286987 -0.121317402
vn 0.155529544 0.950745881 -0.268128246
vn -0.323511779 0.946222126 0.00195847638
vn -0.898686171 0.234988734 0.370328814
vn -0.945294857 0.269413888 0.183939546
vn -0.944484055 0.125406608 0.303682238
vn -0.945294857 0.269413888 0.183939546
vn -0.802989483 0.426571786 0.416226566
vn -0.842567027 0.480125934 0.244048849
vn -0.993615925 0.0925686881 -0.06448704
vn -0.990214944 0.0746120885 -0.11793042
vn -0.994952619 0.0506449565 0.0866278931
vn -0.994952619 0.0506449565 0.0866278931
vn -0.990214944 0.0746120885 -0.11793042
vn -0.99613595 0.027919028 0.0832692981
vn -0.188976705 -0.456501842 -0.869421661
vn 0.0515460521 -0.673413038 -0.73746717
vn -0.103525952 -0.722355902 -0.683728158
vn -0.188976705 -0.456501842 -0.869421661
vn -0.103525952 -0.722355902 -0.683728158
vn -0.187585279 -0.681139588 -0.707715094
vn 0.183234662 -0.976670384 0.111982271
vn 0.444214523 -0.883668065 0.147662923
vn 0.468531668 -0.882645249 0.0376225002
vn 0.74112314 -0.670215964 0.0393311419
vn 0.468531668 -0.882645249 0.0376225002
vn 0.444214523 -0.883668065 0.147662923
vn -0.478455126 0.149655253 0.86526531
vn -0.740963161 0.21086511 0.637580872
vn -0.65405339 0.202463254 0.728850305
vn -0.478455126 0.149655253 0.86526531
vn -0.65405339 0.202463254 0.728850305
vn -0.685425758 0.143181443 0.713926136
vn 0.85196656 0.483844399 -0.20011875
vn 0.757500052 0.636659086 -0.144426569
vn 0.833422184 0.498930275 -0.237646863
vn 0.874628007 0.439600021 -0.20439592
vn 0.85196656 0.483844399 -0.20011875
vn 0.833422184 0.498930275 -0.237646863
vn -0.99657923 -0.0814370662 -0.0140670016
vn -0.99044013 -0.121123984 -0.0660101324
vn -0.990575016 -0.13659437 -0.0101554831
vn -0.9521842 -0.0913291425 -0.29155466
vn -0.99044013 -0.121123984 -0.0660101324
vn -0.99745059 -0.0567519665 -0.0432594083
vn 0.372561932 0.140807956 0.917262614
vn 0.531624079 -0.0240477733 0.846638978
vn 0.565195739 0.139790744 0.813026607
vn 0.372561932 0.140807956 0.917262614
vn 0.565195739 0.139790744 0.813026607
vn 0.429877758 0.21546711 0.876800418
vn 0.985781491 0.148062304 -0.0794518068
vn 0.98206079 0.186907738 -0.0249429978
vn 0.982582927 0.150539145 -0.108943895
vn 0.985781491 0.148062304 -0.0794518068
vn 0.982582927 0.150539145 -0.108943895
vn 0.981474161 0.125821665 -0.144489989
vn -0.735047817 0.010824318 -0.677928805
vn -0.333426774 0.0365273803 -0.942067981
vn -0.502145469 -0.0811388269 -0.860968232
vn -0.333426774 0.0365273803 -0.942067981
vn -0.126770809 0.0543093532 -0.990444183
vn -0.502145469 -0.0811388269 -0.860968232
vn 0.230804488 0.417525709 -0.878863811
vn -0.00569683639 0.434398651 -0.900702655
vn -0.479434103 0.485983551 -0.730727613
vn -0.662178695 0.417714447 -0.622120559
vn -0.00569683639 0.434398651 -0.900702655
vn -0.470643789 0.416719139 -0.777714312
vn -0.962384164 0.182364568 0.201394543
vn -0.893988311 0.216436684 0.392352104
vn -0.948986113 0.195722684 0.247220367
vn -0.893988311 0.216436684 0.392352104
vn -0.922038376 0.172958881 0.346309811
vn -0.948986113 0.195722684 0.247220367
vn -0.976347685 0.0665306747 0.205715522
vn -0.944484055 0.125406608 0.303682238
vn -0.993285596 0.0308174416 0.111507535
vn -0.944484055 0.125406608 0.303682238
vn -0.976347685 0.0665306747 0.205715522
vn -0.746100008 0.193777248 0.63701278
vn -0.0235545486 0.999229193 -0.0314048678
vn 0.3856709 0.875301003 0.291729599
vn 0.301802188 0.953370452 0.000538295542
vn 0.799197614 0.591729581 0.105542459
vn 0.301802188 0.953370452 0.000538295542
vn 0.3856709 0.875301003 0.291729599
vn -0.757000089 -0.503750801 0.416156232
vn -0.676782966 -0.63176465 0.377939492
vn -0.702223957 -0.560513973 0.438982427
vn -0.757000089 -0.503750801 0.416156232
vn -0.702223957 -0.560513973 0.438982427
vn -0.540884733 -0.533343375 0.650375605
vn 0.240469217 0.625985742 0.74183315
vn 0.33193627 0.657582223 0.676316321
vn 0.257660091 0.67595005 0.690436721
vn 0.257660091 0.67595005 0.690436721
vn 0.33193627 0.657582223 0.676316321
vn 0.310929686 0.717494309 0.62331742
vn -0.838268518 0.150039658 0.524208128
vn -0.834333718 0.18599993 0.518932819
vn -0.825020313 0.182111576 0.534954965
vn -0.834333718 0.18599993 0.518932819
vn -0.815969408 0.207096338 0.539726853
vn -0.825020313 0.182111576 0.534954965
vn 0.998518407 0.052325666 -0.0149283707
vn 0.990421474 0.126665205 -0.0549659505
vn 0.997000933 0.0512696281 -0.0579703972
vn 0.99810183 -0.0124866152 -0.0603063405
vn 0.998518407 0.052325666 -0.0149283707
vn 0.997000933 0.0512696281 -0.0579703972
vn 0.0411745869 -0.993437469 -0.106707729
vn 0.475329489 -0.722684264 -0.501786113
vn 0.418879956 -0.868322015 -0.265624672
vn 0.418879956 -0.868322015 -0.265624672
vn 0.475329489 -0.722684264 -0.501786113
vn 0.667058289 -0.649072528 -0.365702212
vn 0.142519906 0.577422857 -0.803909719
vn -0.282291859 0.396003366 -0.873780727
vn -0.576221228 0.542931855 -0.61089623
vn -0.74111259 0.161284551 -0.651720345
vn -0.282291859 0.396003366 -0.873780727
vn -0.506502748 0.00226766663 -0.862235248
vn 0.0109421555 0.721352518 0.692481577
vn 0.240246043 0.7084589 0.663602173
vn 0.192134485 0.784191847 0.590023279
vn -0.209638625 0.563847721 0.798828721
vn 0.240246043 0.7084589 0.663602173
vn 0.0109421555 0.721352518 0.692481577
vn -0.303086519 0.590129077 0.748255491
vn 0.083871074 0.650756478 0.754640162
vn -0.316402555 0.656983554 0.684296727
vn -0.303086519 0.590129077 0.748255491
vn -0.316402555 0.656983554 0.684296727
vn -0.696797013 0.440001369 0.566456318
vn 0.993097305 0.0769900531 -0.0884880498
vn 0.997808456 0.0658358559 0.00663418928
vn 0.999940813 -0.0105022117 -0.00281825475
vn 0.990402281 0.137046069 -0.0179342609
vn 0.997808456 0.0658358559 0.00663418928
vn 0.993097305 0.0769900531 -0.0884880498
vn 0.934175372 0.158305883 0.31977433
vn 0.664237261 0.196365818 0.72126919
vn 0.76765132 0.175934866 0.616245389
vn 0.664237261 0.196365818 0.72126919
vn 0.566708922 0.176791593 0.804727197
vn 0.76765132 0.175934866 0.616245389
vn -0.852270722 0.380122721 -0.359362364
vn -0.576221228 0.542931855 -0.61089623
vn -0.74111259 0.161284551 -0.651720345
vn -0.282291859 0.396003366 -0.873780727
vn -0.74111259 0.161284551 -0.651720345
vn -0.576221228 0.542931855 -0.61089623
vn -0.986529469 -0.142474949 0.0803767741
vn -0.990575016 -0.13659437 -0.0101554831
vn -0.976137698 -0.197415039 0.0904573202
vn -0.96151042 -0.227980554 0.153371423
vn -0.986529469 -0.142474949 0.0803767741
vn -0.976137698 -0.197415039 0.0904573202
vn -0.925447822 -0.321440846 0.200554341
vn -0.914602697 -0.338610202 0.221008882
vn -0.921483219 -0.341212064 0.185588166
vn -0.914602697 -0.338610202 0.221008882
vn -0.946440935 -0.272187233 0.173676759
vn -0.921483219 -0.341212064 0.185588166
vn -0.988536358 -0.0749798864 0.131049246
vn -0.997968614 -0.0597744584 0.0220409278
vn -0.996389747 -0.0763214752 0.0371832475
vn -0.887852669 -0.0771390498 0.453615665
vn -0.988536358 -0.0749798864 0.131049246
vn -0.996389747 -0.0763214752 0.0371832475
vn 0.379210234 -0.0314124562 -0.92477721
vn 0.800461531 -0.175745487 -0.573040068
vn 0.562214971 -0.224426702 -0.795956612
vn 0.701810837 0.0543132238 -0.710289776
vn 0.800461531 -0.175745487 -0.573040068
vn 0.379210234 -0.0314124562 -0.92477721
vn 0.758537591 0.603364646 -0.246113494
vn 0.756522417 0.627413452 -0.184462056
vn -0.239800826 0.897464573 -0.370206505
vn 0.745425045 0.642279267 -0.178378493
vn 0.756522417 0.627413452 -0.184462056
vn 0.758537591 0.603364646 -0.246113494
vn 0.362270892 0.833904028 -0.416370064
vn 0.0649128109 0.945742726 -0.31836611
vn -0.791110992 0.524876952 -0.314082325
vn 0.362270892 0.833904028 -0.416370064
vn 0.513320267 0.768350601 -0.382281899
vn 0.0649128109 0.945742726 -0.31836611
vn -0.997061908 -0.075319387 0.0139512038
vn -0.998722196 -0.0468544848 -0.0189384483
vn -0.998639643 -0.0405357331 -0.0327970833
vn -0.998639643 -0.0405357331 -0.0327970833
vn -0.998722196 -0.0468544848 -0.0189384483
vn -0.997847497 -0.02725715 -0.0596440844
vn -0.851679504 -0.508240998 0.127800316
vn -0.84922713 -0.451035827 0.274554312
vn -0.930069923 -0.35276404 0.102602884
vn -0.797435105 -0.338494122 0.499518782
vn -0.851679504 -0.508240998 0.127800316
vn -0.930069923 -0.35276404 0.102602884
vn 0.0633615777 -0.997701287 0.0240294244
vn 0.183234662 -0.976670384 0.111982271
vn 0.334857643 -0.942032099 0.0211157799
vn 0.334857643 -0.942032099 0.0211157799
vn 0.183234662 -0.976670384 0.111982271
vn 0.468531668 -0.882645249 0.0376225002
vn 0.983734548 0.100871041 -0.148632169
vn 0.98425889 0.124760531 -0.125176549
vn 0.993152142 0.0852585211 -0.0798735172
vn 0.993152142 0.0852585211 -0.0798735172
vn 0.98425889 0.124760531 -0.125176549
vn 0.990641654 0.136179686 0.00918379799
vn 0.980055094 0.113912128 0.162837833
vn 0.848392606 0.160160005 0.504557967
vn 0.98897326 0.044019416 0.141400516
vn 0.999949753 0.00649815891 -0.00763573917
vn 0.980055094 0.113912128 0.162837833
vn 0.98897326 0.044019416 0.141400516
vn 0.183427006 0.354883224 -0.916740119
vn 0.607091427 0.514517188 -0.605567515
vn 0.865940392 0.0846468732 -0.492932349
vn 0.607091427 0.514517188 -0.605567515
vn 0.0650927946 0.713581979 -0.697541118
vn 0.68034023 0.588874698 -0.436306953
vn -0.91557312 -0.341407478 0.212524712
vn -0.930069923 -0.35276404 0.102602884
vn -0.84922713 -0.451035827 0.274554312
vn -0.91557312 -0.341407478 0.212524712
vn -0.945622206 -0.297314018 0.131920263
vn -0.930069923 -0.35276404 0.102602884
vn 0.183427006 0.354883224 -0.916740119
vn -0.128341183 0.568577766 -0.812556446
vn 0.0650927946 0.713581979 -0.697541118
vn 0.0650927946 0.713581979 -0.697541118
vn 0.607091427 0.514517188 -0.605567515
vn 0.183427006 0.354883224 -0.916740119
vn -0.147164539 0.137560248 0.979499757
vn -0.188764453 0.171046615 0.967011452
vn -0.266829997 0.151925102 0.951693535
vn -0.147164539 0.137560248 0.979499757
vn -0.209832683 0.124303512 0.969803572
vn -0.025481157 0.115221627 0.993012965
vn -0.0950925872 -0.903458536 -0.417995304
vn -0.0527213253 -0.980364203 -0.190017477
vn -0.196375787 -0.966230214 -0.166839913
vn -0.0950925872 -0.903458536 -0.417995304
vn 0.188156456 -0.85669589 -0.48028034
vn -0.0527213253 -0.980364203 -0.190017477
vn -0.860400498 -0.149783164 0.48710978
vn -0.309746206 0.0326313339 0.950259209
vn -0.848566651 -0.0398116708 0.527588487
vn -0.625697613 0.123701729 0.770195067
vn -0.848566651 -0.0398116708 0.527588487
vn -0.309746206 0.0326313339 0.950259209
vn -0.0123159327 0.0748256221 -0.997120619
vn 0.0925412253 0.0769481584 -0.992731154
vn 0.0258594882 0.0619073659 -0.997746885
vn -0.0123159327 0.0748256221 -0.997120619
vn 0.117525868 0.0883439109 -0.989132404
vn 0.0925412253 0.0769481584 -0.992731154
vn -0.99973166 0.0205234792 0.0107441908
vn -0.999818444 0.0146950977 -0.0121327564
vn -0.999880075 0.00697153062 0.0138297146
vn -0.99973166 0.0205234792 0.0107441908
vn -0.955658019 0.145270377 -0.256152689
vn -0.999818444 0.0146950977 -0.0121327564
vn 0.845104992 0.463333964 0.266682118
vn 0.672089219 0.600602269 0.433097094
vn 0.660527825 0.494026214 0.565368056
vn 0.660527825 0.494026214 0.565368056
vn 0.672089219 0.600602269 0.433097094
vn 0.240246043 0.7084589 0.663602173
vn -0.227105364 0.15991132 0.960651577
vn -0.625697613 0.123701729 0.770195067
vn -0.105234407 0.137509182 0.984894395
vn -0.105234407 0.137509182 0.984894395
vn -0.625697613 0.123701729 0.770195067
vn -0.309746206 0.0326313339 0.950259209
vn -0.886519432 -0.461865276 0.0276383888
vn -0.864580035 -0.500971556 -0.0391037911
vn -0.858340561 -0.510346115 0.052900549
vn -0.858340561 -0.510346115 0.052900549
vn -0.864580035 -0.500971556 -0.0391037911
vn -0.856874287 -0.515381038 -0.0121998657
vn 0.775810778 0.630900383 -0.00907132123
vn 0.726786077 0.680578172 0.0927112773
vn 0.712545455 0.70117116 -0.0252607167
vn 0.775810778 0.630900383 -0.00907132123
vn 0.712545455 0.70117116 -0.0252607167
vn 0.729900301 0.678555429 -0.0825106278
vn -0.86517185 -0.486658037 -0.12100248
vn -0.925372005 -0.337905228 -0.171775371
vn -0.856874287 -0.515381038 -0.0121998657
vn -0.86517185 -0.486658037 -0.12100248
vn -0.71953398 -0.315243274 -0.618783057
vn -0.925372005 -0.337905228 -0.171775371
vn 0.914737463 0.386647314 0.11729984
vn 0.824427366 0.357756406 0.438554347
vn 0.821441114 0.390267789 0.415843308
vn 0.755089045 0.456380755 0.470698684
vn 0.824427366 0.357756406 0.438554347
vn 0.933648646 0.34191227 0.10675291
vn -0.13227652 -0.0271995608 0.990839601
vn -0.239509121 -0.0783291757 0.96772927
vn -0.109141894 -0.0864903629 0.99025625
vn -0.13227652 -0.0271995608 0.990839601
vn -0.109141894 -0.0864903629 0.99025625
vn 0.189701051 -0.0881739855 0.977874577
vn -0.169809878 -0.98509109 0.0275696721
vn -0.0435699895 -0.999039292 0.00472271768
vn -0.0592751615 -0.998146594 0.0137779284
vn -0.169809878 -0.98509109 0.0275696721
vn -0.201062679 -0.973814309 -0.106111318
vn -0.0435699895 -0.999039292 0.00472271768
vn 0.824101627 0.49300313 -0.278934419
vn 0.717260718 0.632122934 -0.293185651
vn 0.684095323 0.729036748 0.0227808002
vn 0.824101627 0.49300313 -0.278934419
vn 0.768261492 0.548543036 -0.329961687
vn 0.717260718 0.632122934 -0.293185651
vn 0.993507087 0.107634127 0.0368582867
vn 0.994060516 0.103047177 0.0350006744
vn 0.993207753 0.102155447 0.0557011478
vn 0.993074775 0.115654036 0.0206553526
vn 0.994060516 0.103047177 0.0350006744
vn 0.993507087 0.107634127 0.0368582867
vn 0.902661562 0.13549979 -0.408462942
vn 0.970241308 0.165334284 -0.17690739
vn 0.925584435 0.0301549099 -0.377338171
vn 0.72764343 0.0108691538 -0.685869455
vn 0.925584435 0.0301549099 -0.377338171
vn 0.854984164 -0.126160175 -0.503076196
vn -0.479434103 0.485983551 -0.730727613
vn -0.662178695 0.417714447 -0.622120559
vn -0.980016232 0.173438787 -0.0974029824
vn -0.00569683639 0.434398651 -0.900702655
vn -0.662178695 0.417714447 -0.622120559
vn -0.479434103 0.485983551 -0.730727613
vn 0.981872857 -0.131802663 0.136211991
vn 0.885485709 -0.396122843 0.242903054
vn 0.985066235 -0.159956887 0.0637048036
vn 0.985066235 -0.159956887 0.0637048036
vn 0.99921 0.0217929017 -0.033236064
vn 0.981872857 -0.131802663 0.136211991
vn 0.994060516 0.103047177 0.0350006744
vn 0.954351962 0.0699524432 0.290377498
vn 0.983886003 0.106558546 0.143574327
vn 0.983886003 0.106558546 0.143574327
vn 0.954351962 0.0699524432 0.290377498
vn 0.868687689 0.118816897 0.480899483
vn 0.976212144 0.12746112 -0.17539528
vn 0.988783896 0.122981824 -0.0847454593
vn 0.985256672 0.127562702 -0.114003941
vn 0.97982347 0.14206636 -0.140581071
vn 0.985256672 0.127562702 -0.114003941
vn 0.985546529 0.128743261 -0.1101062
vn 0.72764343 0.0108691538 -0.685869455
vn 0.799153507 0.14040193 -0.584500611
vn 0.902661562 0.13549979 -0.408462942
vn 0.902661562 0.13549979 -0.408462942
vn 0.925584435 0.0301549099 -0.377338171
vn 0.72764343 0.0108691538 -0.685869455
vn 0.916881144 0.381043375 -0.118890226
vn 0.912590683 0.408699691 -0.0119523918
vn 0.908434391 0.412311763 -0.0688905418
vn 0.908434391 0.412311763 -0.0688905418
vn 0.897437811 0.419434637 -0.136674538
vn 0.916881144 0.381043375 -0.118890226
vn -0.082014516 -0.106569514 -0.990917027
vn 0.080678463 0.045775678 -0.995688498
vn 0.210771844 -0.114576735 -0.9707973
vn 0.210771844 -0.114576735 -0.9707973
vn 0.080678463 0.045775678 -0.995688498
vn 0.382147014 0.0310098641 -0.923581004
vn -0.988178372 0.06266734 -0.139915407
vn -0.948329866 0.0189280622 -0.316720903
vn -0.981364131 -0.0332296193 -0.189262122
vn -0.988178372 0.06266734 -0.139915407
vn -0.830316663 0.093597576 -0.549375892
vn -0.948329866 0.0189280622 -0.316720903
vn 0.976212144 0.12746112 -0.17539528
vn 0.985256672 0.127562702 -0.114003941
vn 0.97982347 0.14206636 -0.140581071
vn 0.920852363 0.148283347 -0.360614538
vn 0.976212144 0.12746112 -0.17539528
vn 0.964845479 0.146277606 -0.218348458
vn -0.149119407 -0.0662668124 -0.986596286
vn -0.00201519462 -0.0185540952 -0.999825895
vn -0.140995547 -0.0553490594 -0.988461852
vn -0.24056755 -0.0877640098 -0.966656446
vn -0.149119407 -0.0662668124 -0.986596286
vn -0.187409371 -0.0690770224 -0.979850113
vn -0.632954121 -0.421677411 0.649274468
vn -0.836461067 -0.273794025 0.474731326
vn -0.821781397 -0.339318454 0.45775345
vn -0.821781397 -0.339318454 0.45775345
vn -0.836461067 -0.273794025 0.474731326
vn -0.987344861 -0.111422956 0.112849571
vn -0.663060784 -0.312536776 0.680199325
vn -0.42118445 -0.152272061 0.894101202
vn -0.860400498 -0.149783164 0.48710978
vn -0.860400498 -0.149783164 0.48710978
vn -0.42118445 -0.152272061 0.894101202
vn -0.309746206 0.0326313339 0.950259209
vn -0.422998458 0.0204038639 0.905900717
vn -0.0145341549 0.0924531668 0.995610952
vn 0.219803631 0.133251369 0.966400743
vn 0.219803631 0.133251369 0.966400743
vn 0.194972798 0.0810970068 0.977450192
vn -0.422998458 0.0204038639 0.905900717
vn -0.893625915 -0.350040227 0.280899554
vn -0.847639143 -0.525790453 0.0710782707
vn -0.760506809 -0.573214233 0.305048823
vn -0.893625915 -0.350040227 0.280899554
vn -0.760506809 -0.573214233 0.305048823
vn -0.490960598 -0.688785195 0.533415973
vn -0.149119407 -0.0662668124 -0.986596286
vn -0.140995547 -0.0553490594 -0.988461852
vn -0.187409371 -0.0690770224 -0.979850113
vn -0.140995547 -0.0553490594 -0.988461852
vn 0.250432253 -0.0470292047 -0.966991186
vn -0.187409371 -0.0690770224 -0.979850113
vn -0.945622206 -0.297314018 0.131920263
vn -0.91557312 -0.341407478 0.212524712
vn -0.934887767 -0.308160335 0.176131293
vn -0.945622206 -0.297314018 0.131920263
vn -0.934887767 -0.308160335 0.176131293
vn -0.932865441 -0.318572938 0.168146506
vn 0.984679878 0.134424046 -0.111066371
vn 0.990421474 0.126665205 -0.0549659505
vn 0.990402281 0.137046069 -0.0179342609
vn 0.984679878 0.134424046 -0.111066371
vn 0.990402281 0.137046069 -0.0179342609
vn 0.993097305 0.0769900531 -0.0884880498
vn -0.444938451 0.361286372 0.819452226
vn -0.822296798 0.148912281 0.549229562
vn -0.176588878 0.240298972 0.95450139
vn -0.0999358445 0.420992166 0.901542187
vn -0.444938451 0.361286372 0.819452226
vn -0.176588878 0.240298972 0.95450139
vn 0.815930724 0.137102351 -0.561658323
vn 0.3506006 0.120254867 -0.92877233
vn 0.851867557 0.156003743 -0.499984324
vn 0.815930724 0.137102351 -0.561658323
vn 0.851867557 0.156003743 -0.499984324
vn 0.979324639 0.131891891 -0.153387383
vn -0.955163538 -0.204606429 0.214006141
vn -0.95691371 -0.178862438 0.228745401
vn -0.776866138 -0.597439945 0.198858112
vn -0.977814496 -0.0391384214 0.205784053
vn -0.971929967 -0.0498999804 0.229917943
vn -0.955163538 -0.204606429 0.214006141
vn -0.985561967 -0.165545389 -0.0355298109
vn -0.764485478 -0.644631505 -0.00346345408
vn -0.955293894 -0.290514797 -0.0549083911
vn -0.985561967 -0.165545389 -0.0355298109
vn -0.915002167 -0.400085092 0.051991269
vn -0.764485478 -0.644631505 -0.00346345408
vn -0.993153095 -0.089394778 0.0752028301
vn -0.997496367 -0.0540436804 0.0456104837
vn -0.99606812 -0.0517664738 0.0718922168
vn -0.99606812 -0.0517664738 0.0718922168
vn -0.997496367 -0.0540436804 0.0456104837
vn -0.996835232 0.0032830108 0.0794275701
vn 0.45979932 -0.708314478 0.535607159
vn 0.448489994 -0.715563297 0.535561383
vn 0.550344825 -0.706911683 0.444293141
vn 0.545794785 -0.631301939 0.55096817
vn 0.45979932 -0.708314478 0.535607159
vn 0.550344825 -0.706911683 0.444293141
vn -0.950934947 -0.30528897 0.0502135903
vn -0.949552 -0.292361796 0.113470249
vn -0.922727406 -0.354473382 0.151402608
vn -0.949552 -0.292361796 0.113470249
vn -0.94259268 -0.280269384 0.18157135
vn -0.922727406 -0.354473382 0.151402608
vn 0.57528621 -0.509160936 -0.640156984
vn 0.67511493 -0.401683182 -0.618765295
vn 0.709021509 -0.423457474 -0.563890278
vn 0.57528621 -0.509160936 -0.640156984
vn 0.709021509 -0.423457474 -0.563890278
vn 0.713393331 -0.502743185 -0.488179445
vn -0.971929967 -0.0498999804 0.229917943
vn -0.96255213 -0.126513213 0.239765808
vn -0.95691371 -0.178862438 0.228745401
vn -0.971929967 -0.0498999804 0.229917943
vn -0.95691371 -0.178862438 0.228745401
vn -0.955163538 -0.204606429 0.214006141
vn 0.956882656 -0.284523934 -0.0584962331
vn 0.798182845 -0.602212191 0.0156366602
vn 0.874275386 -0.477038562 -0.08987014
vn 0.798182845 -0.602212191 0.0156366602
vn 0.956882656 -0.284523934 -0.0584962331
vn 0.980804861 -0.194988593 -0.00108628278
vn 0.992007136 -0.0241080821 -0.12385729
vn 0.98786366 -0.0285685342 -0.1526732
vn 0.867647052 0.00707166875 -0.497130275
vn 0.867647052 0.00707166875 -0.497130275
vn 0.938348711 0.0116808368 -0.345492631
vn 0.992007136 -0.0241080821 -0.12385729
vn -0.839300752 0.053891208 0.540989935
vn -0.951271474 0.0743843094 0.299248129
vn -0.865770042 -0.0284036696 0.499635339
vn -0.812808931 -0.146290153 0.563862443
vn -0.839300752 0.053891208 0.540989935
vn -0.865770042 -0.0284036696 0.499635339
vn 0.194972798 0.0810970068 0.977450192
vn 0.365294039 0.134852201 0.921072841
vn 0.497043341 0.164857432 0.85192132
vn 0.532024562 0.11468704 0.838925898
vn 0.497043341 0.164857432 0.85192132
vn 0.365294039 0.134852201 0.921072841
vn 0.613422155 -0.549748719 0.567000508
vn 0.236768991 -0.725081384 0.646681786
vn 0.469500273 -0.709353983 0.525724709
vn 0.613422155 -0.549748719 0.567000508
vn 0.469500273 -0.709353983 0.525724709
vn 0.731723547 -0.589544296 0.342079163
vn 0.636993945 -0.137981743 0.758419275
vn 0.687544107 -0.429873139 0.585228384
vn 0.820869088 -0.290361226 0.49179706
vn 0.687544107 -0.429873139 0.585228384
vn 0.687671185 -0.585496247 0.4293046
vn 0.820869088 -0.290361226 0.49179706
vn -0.972828031 -0.190553322 0.131511092
vn -0.970738351 -0.162301958 0.1769889
vn -0.964993477 -0.180584684 0.190201804
vn -0.972828031 -0.190553322 0.131511092
vn -0.984074652 -0.132940516 0.117999852
vn -0.970738351 -0.162301958 0.1769889
vn -0.965336323 0.0403478518 0.257871717
vn -0.907266736 -0.233947098 0.349479437
vn -0.865770042 -0.0284036696 0.499635339
vn -0.812808931 -0.146290153 0.563862443
vn -0.865770042 -0.0284036696 0.499635339
vn -0.808455467 -0.296755522 0.508267641
vn -0.969995439 0.185604945 0.157033399
vn -0.975339949 0.163531348 0.148221463
vn -0.978507519 0.162792131 0.126576811
vn -0.975339949 0.163531348 0.148221463
vn -0.982588768 0.139321864 0.122917227
vn -0.978507519 0.162792131 0.126576811
vn -0.184832126 -0.114713416 -0.976052225
vn 0.231226772 -0.267234147 -0.935478628
vn -0.0463797189 -0.319425672 -0.946475685
vn 0.231226772 -0.267234147 -0.935478628
vn 0.335210443 -0.400642812 -0.85271287
vn -0.0463797189 -0.319425672 -0.946475685
vn 0.914737463 0.386647314 0.11729984
vn 0.933648646 0.34191227 0.10675291
vn 0.824427366 0.357756406 0.438554347
vn 0.933648646 0.34191227 0.10675291
vn 0.914737463 0.386647314 0.11729984
vn 0.937089264 0.347066551 -0.0375320129
vn -0.955658019 0.145270377 -0.256152689
vn -0.746213794 0.178472415 -0.641336501
vn -0.850131035 0.0897487924 -0.518866479
vn -0.850131035 0.0897487924 -0.518866479
vn -0.746213794 0.178472415 -0.641336501
vn -0.471457273 0.129955396 -0.872261167
vn -0.501845837 -0.519628763 0.691474259
vn -0.445065945 -0.394604057 0.803868175
vn -0.632954121 -0.421677411 0.649274468
vn -0.836461067 -0.273794025 0.474731326
vn -0.632954121 -0.421677411 0.649274468
vn -0.445065945 -0.394604057 0.803868175
vn 0.200037047 -0.36097154 0.910870373
vn 0.588115156 -0.339402437 0.734116197
vn 0.292705119 -0.209118307 0.933055758
vn 0.588115156 -0.339402437 0.734116197
vn 0.200037047 -0.36097154 0.910870373
vn 0.262115538 -0.563212752 0.783636808
vn -0.986509681 0.115675405 0.115835689
vn -0.989525914 0.0978287384 0.106150098
vn -0.957252979 0.149684414 0.247510418
vn -0.986509681 0.115675405 0.115835689
vn -0.993084908 0.114037961 0.0278886743
vn -0.989525914 0.0978287384 0.106150098
vn -0.957591116 -0.0494874455 -0.283849001
vn -0.74111259 0.161284551 -0.651720345
vn -0.896665096 -0.103050299 -0.430548906
vn -0.991098642 -0.098487556 -0.0895754471
vn -0.957591116 -0.0494874455 -0.283849001
vn -0.896665096 -0.103050299 -0.430548906
vn 0.528807759 0.761616051 -0.374570906
vn 0.362270892 0.833904028 -0.416370064
vn -0.359644979 0.785990179 -0.502866805
vn 0.459027469 0.863347828 -0.209581047
vn 0.528807759 0.761616051 -0.374570906
vn -0.359644979 0.785990179 -0.502866805
vn -0.77040261 -0.475575924 0.424626231
vn -0.465008736 -0.61266619 0.639067292
vn -0.825969458 -0.367314249 0.427615255
vn -0.895702541 -0.405804455 0.181768373
vn -0.77040261 -0.475575924 0.424626231
vn -0.825969458 -0.367314249 0.427615255
vn 0.0573379956 0.212757498 0.975421309
vn -0.228273943 0.238239959 0.943998218
vn -0.228882179 0.163809881 0.959572434
vn -0.228273943 0.238239959 0.943998218
vn 0.0573379956 0.212757498 0.975421309
vn -0.168285027 0.237480715 0.956704259
vn -0.0999358445 0.420992166 0.901542187
vn -0.0912156701 0.639379203 0.763461828
vn -0.394842088 0.520194054 0.757296383
vn -0.0912156701 0.639379203 0.763461828
vn -0.579656601 0.583178043 0.569123507
vn -0.394842088 0.520194054 0.757296383
vn 0.98990798 0.136866882 -0.0367367789
vn 0.936456263 0.341262251 -0.0811771601
vn 0.965008676 0.259894162 -0.0348316357
vn 0.944240689 0.314993978 0.095855698
vn 0.965008676 0.259894162 -0.0348316357
vn 0.936456263 0.341262251 -0.0811771601
vn 0.814951122 -0.425061345 -0.393925756
vn 0.713393331 -0.502743185 -0.488179445
vn 0.835904479 -0.344779998 -0.427071929
vn 0.713393331 -0.502743185 -0.488179445
vn 0.814951122 -0.425061345 -0.393925756
vn 0.667058289 -0.649072528 -0.365702212
vn -0.895702541 -0.405804455 0.181768373
vn -0.770688117 -0.628416598 0.105510205
vn -0.600979924 -0.769878924 0.214731887
vn -0.600979924 -0.769878924 0.214731887
vn -0.770688117 -0.628416598 0.105510205
vn -0.504239202 -0.857623994 0.101113237
vn -0.1882056 -0.981596231 -0.0323649161
vn -0.193369433 -0.980478585 0.0356364101
vn -0.0592751615 -0.998146594 0.0137779284
vn -0.169809878 -0.98509109 0.0275696721
vn -0.0592751615 -0.998146594 0.0137779284
vn -0.193369433 -0.980478585 0.0356364101
vn 0.677507579 0.146384478 0.720801532
vn 0.899744213 0.133393392 0.415531665
vn 0.875888169 0.189602271 0.443701237
vn 0.899744213 0.133393392 0.415531665
vn 0.973380744 0.17688261 0.145748064
vn 0.875888169 0.189602271 0.443701237
vn 0.980925977 0.137696296 -0.137200236
vn 0.972809672 0.134766042 -0.188359976
vn 0.981731772 0.120120846 -0.147559032
vn 0.979255199 0.133095354 -0.152790502
vn 0.985272646 0.0803053975 -0.150959969
vn 0.980925977 0.137696296 -0.137200236
vn -0.97621423 0.0635310113 -0.207291201
vn -0.847044706 0.0447478071 -0.529634655
vn -0.715538204 0.0238671284 -0.698165834
vn -0.967896044 0.127315849 -0.216720521
vn -0.847044706 0.0447478071 -0.529634655
vn -0.97621423 0.0635310113 -0.207291201
vn 0.729900301 0.678555429 -0.0825106278
vn 0.316812456 0.843109608 -0.434506655
vn 0.801124811 0.585288346 -0.125046179
vn 0.316812456 0.843109608 -0.434506655
vn -0.239800826 0.897464573 -0.370206505
vn 0.801124811 0.585288346 -0.125046179
vn 0.985700309 -0.12473157 -0.113299765
vn 0.990779638 -0.126279876 -0.0490824357
vn 0.978908956 -0.187030017 -0.0822018385
vn 0.99328047 0.0202479679 -0.113947794
vn 0.990779638 -0.126279876 -0.0490824357
vn 0.985700309 -0.12473157 -0.113299765
vn 0.997000933 0.0512696281 -0.0579703972
vn 0.990421474 0.126665205 -0.0549659505
vn 0.983967602 0.120198503 -0.131757975
vn 0.984679878 0.134424046 -0.111066371
vn 0.983967602 0.120198503 -0.131757975
vn 0.990421474 0.126665205 -0.0549659505
vn 0.306317359 0.168862984 0.936832368
vn 0.326397181 0.194378734 0.925030708
vn 0.0573379956 0.212757498 0.975421309
vn 0.360910863 0.158015281 0.919116199
vn 0.358259767 0.177919999 0.916512012
vn 0.306317359 0.168862984 0.936832368
vn -0.898686171 0.234988734 0.370328814
vn -0.696797013 0.440001369 0.566456318
vn -0.802989483 0.426571786 0.416226566
vn -0.802989483 0.426571786 0.416226566
vn -0.945294857 0.269413888 0.183939546
vn -0.898686171 0.234988734 0.370328814
vn -0.333273709 -0.247186244 -0.90985024
vn -0.320931196 -0.135727391 -0.93732667
vn -0.297316641 -0.212098837 -0.930922627
vn -0.188976705 -0.456501842 -0.869421661
vn -0.333273709 -0.247186244 -0.90985024
vn -0.297316641 -0.212098837 -0.930922627
vn -0.649839818 -0.373694032 0.661861777
vn -0.540884733 -0.533343375 0.650375605
vn -0.403511196 -0.463736892 0.788750112
vn -0.649839818 -0.373694032 0.661861777
vn -0.403511196 -0.463736892 0.788750112
vn -0.49694258 -0.302533031 0.813339949
vn 0.837716877 0.122841284 -0.53210932
vn 0.738608003 0.179257199 -0.649865389
vn 0.914579153 0.190956682 -0.356483519
vn 0.837716877 0.122841284 -0.53210932
vn 0.914579153 0.190956682 -0.356483519
vn 0.932317555 0.258463323 -0.252943993
vn 0.416303545 0.139402092 0.898475587
vn 0.57444793 0.162647352 0.802219093
vn 0.447862715 0.163947344 0.878942668
vn 0.49025625 0.141439006 0.860025465
vn 0.57444793 0.162647352 0.802219093
vn 0.416303545 0.139402092 0.898475587
vn 0.799197614 0.591729581 0.105542459
vn 0.931779802 0.359230846 0.0523414277
vn 0.922054529 0.345571727 -0.174343333
vn 0.931779802 0.359230846 0.0523414277
vn 0.799197614 0.591729581 0.105542459
vn 0.760035276 0.616850734 0.204552472
vn -0.728721023 0.0587689802 -0.682284355
vn -0.426876217 -0.0277668871 -0.903883636
vn -0.583900392 -0.046143163 -0.8105129
vn -0.948329866 0.0189280622 -0.316720903
vn -0.728721023 0.0587689802 -0.682284355
vn -0.583900392 -0.046143163 -0.8105129
vn 0.914579153 0.190956682 -0.356483519
vn 0.939942062 0.261900634 -0.218899578
vn 0.932317555 0.258463323 -0.252943993
vn 0.932317555 0.258463323 -0.252943993
vn 0.939942062 0.261900634 -0.218899578
vn 0.933088124 0.303138644 -0.193528801
vn 0.991773129 0.0263659824 0.125262573
vn 0.848392606 0.160160005 0.504557967
vn 0.928535044 0.0650797188 0.365495861
vn 0.991773129 0.0263659824 0.125262573
vn 0.928535044 0.0650797188 0.365495861
vn 0.954351962 0.0699524432 0.290377498
vn -0.907266736 -0.233947098 0.349479437
vn -0.748372197 -0.482098341 0.455543905
vn -0.808455467 -0.296755522 0.508267641
vn -0.907266736 -0.233947098 0.349479437
vn -0.808455467 -0.296755522 0.508267641
vn -0.865770042 -0.0284036696 0.499635339
vn 0.964845479 0.146277606 -0.218348458
vn 0.976212144 0.12746112 -0.17539528
vn 0.97982347 0.14206636 -0.140581071
vn 0.964845479 0.146277606 -0.218348458
vn 0.97982347 0.14206636 -0.140581071
vn 0.977891684 0.140395522 -0.154974341
vn -0.533105493 -0.844707727 -0.0476185419
vn -0.429512769 -0.902604938 -0.0286903251
vn -0.430069476 -0.900564075 -0.0634394437
vn -0.533105493 -0.844707727 -0.0476185419
vn -0.430069476 -0.900564075 -0.0634394437
vn -0.491319627 -0.870887935 -0.0126198856
vn -0.622584522 -0.781473219 0.0410892218
vn -0.513255835 -0.858151495 -0.0120193912
vn -0.639952242 -0.757118106 0.131275609
vn -0.622584522 -0.781473219 0.0410892218
vn -0.639952242 -0.757118106 0.131275609
vn -0.762843668 -0.643540382 0.0626529157
vn 0.967233837 0.146298796 -0.207497731
vn 0.970277548 0.162861019 -0.178990632
vn 0.982639074 0.142398164 -0.118925259
vn 0.967233837 0.146298796 -0.207497731
vn 0.909049511 0.21415554 -0.357444257
vn 0.970277548 0.162861019 -0.178990632
vn 0.677411377 0.649196327 -0.345916063
vn 0.658012927 0.670050979 -0.343585134
vn 0.623555422 0.705396473 -0.337037861
vn 0.717260718 0.632122934 -0.293185651
vn 0.677411377 0.649196327 -0.345916063
vn 0.623555422 0.705396473 -0.337037861
vn -0.540372193 0.124114931 -0.832221925
vn -0.586673021 0.0356898457 -0.809037089
vn -0.41619277 0.0214407407 -0.909023523
vn -0.786684811 0.0613999143 -0.614294052
vn -0.586673021 0.0356898457 -0.809037089
vn -0.540372193 0.124114931 -0.832221925
vn 0.97504729 0.0312428698 -0.219787419
vn 0.96224606 -0.00195515458 -0.272174269
vn 0.973298907 -0.0124281272 -0.229204863
vn 0.973298907 -0.0124281272 -0.229204863
vn 0.986524701 0.0270028859 -0.1613684
vn 0.97504729 0.0312428698 -0.219787419
vn -0.147164539 0.137560248 0.979499757
vn -0.266829997 0.151925102 0.951693535
vn -0.209832683 0.124303512 0.969803572
vn -0.209832683 0.124303512 0.969803572
vn -0.266829997 0.151925102 0.951693535
vn -0.478455126 0.149655253 0.86526531
vn 0.955294251 0.140433967 -0.260175228
vn 0.967233837 0.146298796 -0.207497731
vn 0.967224598 0.119473964 -0.224059686
vn 0.955294251 0.140433967 -0.260175228
vn 0.967224598 0.119473964 -0.224059686
vn 0.892626345 0.158212572 -0.422122151
vn 0.442905456 0.733713746 0.515265763
vn 0.722603977 0.615277231 0.315083086
vn 0.366123885 0.801833272 0.472246617
vn 0.192134485 0.784191847 0.590023279
vn 0.442905456 0.733713746 0.515265763
vn 0.366123885 0.801833272 0.472246617
vn -0.453684837 -0.366520643 -0.812300801
vn -0.872753084 -0.267075628 -0.408622742
vn -0.839426219 -0.0278018564 -0.542762041
vn -0.989271164 -0.0143303396 -0.145386621
vn -0.839426219 -0.0278018564 -0.542762041
vn -0.872753084 -0.267075628 -0.408622742
vn -0.945468128 0.214468166 0.245139763
vn -0.869403243 0.399326146 0.290992349
vn -0.938835084 0.32205373 0.121943481
vn -0.903923333 0.297025144 0.307731599
vn -0.869403243 0.399326146 0.290992349
vn -0.945468128 0.214468166 0.245139763
vn 0.987005532 -0.0348276496 0.156866863
vn 0.810173929 -0.170322165 0.560899854
vn 0.962270439 -0.175858334 0.207628489
vn 0.987005532 -0.0348276496 0.156866863
vn 0.965251267 0.0388242938 0.258423209
vn 0.810173929 -0.170322165 0.560899854
vn 0.194972798 0.0810970068 0.977450192
vn -0.125607967 -0.0110298181 0.9920187
vn -0.422998458 0.0204038639 0.905900717
vn 0.194972798 0.0810970068 0.977450192
vn 0.0943234563 0.0479493625 0.994386137
vn -0.125607967 -0.0110298181 0.9920187
vn -0.998872995 -0.0314631574 -0.0355366468
vn -0.994325697 -0.105509236 -0.0135688148
vn -0.994563043 -0.103402488 0.0123370867
vn -0.994563043 -0.103402488 0.0123370867
vn -0.994325697 -0.105509236 -0.0135688148
vn -0.998072326 -0.0602103025 0.0150488783
vn -0.453684837 -0.366520643 -0.812300801
vn -0.577364087 -0.557839334 -0.596209586
vn -0.872753084 -0.267075628 -0.408622742
vn -0.872753084 -0.267075628 -0.408622742
vn -0.577364087 -0.557839334 -0.596209586
vn -0.784667194 -0.493914068 -0.374628335
vn 0.780669034 0.327275008 0.532397449
vn 0.892841041 0.142785192 0.427138507
vn 0.886888623 0.343427896 0.309007734
vn 0.886888623 0.343427896 0.309007734
vn 0.821441114 0.390267789 0.415843308
vn 0.780669034 0.327275008 0.532397449
vn -0.93780309 -0.23991935 0.250926346
vn -0.916637003 -0.315110654 0.245930582
vn -0.921442509 -0.288724184 0.25996539
vn -0.921442509 -0.288724184 0.25996539
vn -0.916637003 -0.315110654 0.245930582
vn -0.934048593 -0.269509614 0.234345257
vn 0.200057179 0.187760398 0.961625278
vn 0.149538949 0.213930577 0.965335131
vn 0.0719566718 0.192100495 0.978733659
vn 0.200057179 0.187760398 0.961625278
vn 0.0719566718 0.192100495 0.978733659
vn 0.0828840286 0.100671686 0.991461217
vn -0.53090781 0.00191311573 -0.847427428
vn -0.262567908 -0.104703836 -0.959215999
vn -0.453684837 -0.366520643 -0.812300801
vn -0.839426219 -0.0278018564 -0.542762041
vn -0.53090781 0.00191311573 -0.847427428
vn -0.453684837 -0.366520643 -0.812300801
vn -0.180696771 -0.98092854 -0.071610041
vn -0.087173596 -0.985474229 -0.145744011
vn -0.173539788 -0.980449975 -0.0927464291
vn -0.196375787 -0.966230214 -0.166839913
vn -0.087173596 -0.985474229 -0.145744011
vn -0.180696771 -0.98092854 -0.071610041
vn 0.79665339 -0.0164062772 -0.604213536
vn 0.867647052 0.00707166875 -0.497130275
vn 0.957029402 -0.0511310212 -0.285447598
vn 0.79665339 -0.0164062772 -0.604213536
vn 0.957029402 -0.0511310212 -0.285447598
vn 0.959577143 -0.0300684944 -0.279834777
vn -0.94259268 -0.280269384 0.18157135
vn -0.918164313 -0.323905736 0.228165671
vn -0.869611204 -0.409608573 0.275675863
vn -0.924069107 -0.33239004 0.188714474
vn -0.869611204 -0.409608573 0.275675863
vn -0.918164313 -0.323905736 0.228165671
vn -0.485630423 0.23305805 0.842524111
vn -0.707836032 0.218524247 0.67172569
vn -0.73648566 0.210736841 0.6427899
vn -0.485630423 0.23305805 0.842524111
vn -0.73648566 0.210736841 0.6427899
vn -0.511223733 0.201415136 0.835513175
vn 0.083871074 0.650756478 0.754640162
vn 0.165640801 0.66528517 0.7279827
vn 0.000610970543 0.756535232 0.653952658
vn 0.083871074 0.650756478 0.754640162
vn 0.148888215 0.604288459 0.782730937
vn 0.165640801 0.66528517 0.7279827
vn -0.453684837 -0.366520643 -0.812300801
vn -0.262567908 -0.104703836 -0.959215999
vn -0.17420955 -0.375158668 -0.910443306
vn -0.243268535 -0.640108049 -0.728753805
vn -0.453684837 -0.366520643 -0.812300801
vn -0.17420955 -0.375158668 -0.910443306
vn -0.0166456513 -0.13680841 0.990457714
vn -0.121120676 -0.230788991 0.965435863
vn -0.0603983663 -0.249764577 0.966421008
vn -0.0166456513 -0.13680841 0.990457714
vn -0.0603983663 -0.249764577 0.966421008
vn 0.292705119 -0.209118307 0.933055758
vn 0.990168631 -0.113102712 0.082302928
vn 0.982495308 -0.150376603 0.109954253
vn 0.983179569 -0.172091171 0.0611759089
vn 0.990168631 -0.113102712 0.082302928
vn 0.983559728 -0.115084954 0.139161021
vn 0.982495308 -0.150376603 0.109954253
vn -0.825820982 -0.469256788 0.312758237
vn -0.823483169 -0.478950113 0.304109305
vn -0.815540016 -0.485302299 0.315239757
vn -0.825820982 -0.469256788 0.312758237
vn -0.815540016 -0.485302299 0.315239757
vn -0.856741548 -0.462715685 0.22778964
vn 0.991119146 0.00166372454 -0.132966906
vn 0.991481662 0.0190564711 -0.128845036
vn 0.989959836 0.0128643885 -0.140762866
vn 0.991481662 0.0190564711 -0.128845036
vn 0.987326562 0.0843986794 -0.134399205
vn 0.989959836 0.0128643885 -0.140762866
vn -0.918164313 -0.323905736 0.228165671
vn -0.963793576 -0.209948763 0.164388508
vn -0.96151042 -0.227980554 0.153371423
vn -0.963793576 -0.209948763 0.164388508
vn -0.991223395 -0.097506471 0.0892684311
vn -0.96151042 -0.227980554 0.153371423
vn 0.991428077 0.00708016148 -0.130461574
vn 0.994826615 0.00616727769 -0.101399764
vn 0.994757116 0.00962535944 -0.10181085
vn 0.994826615 0.00616727769 -0.101399764
vn 0.998046339 0.0114014046 -0.0614295006
vn 0.994757116 0.00962535944 -0.10181085
vn 0.12071377 0.0604404286 -0.990845621
vn -0.151157245 0.0941204652 -0.984018743
vn 0.187348098 0.0646821111 -0.980161726
vn 0.187348098 0.0646821111 -0.980161726
vn 0.606598794 -0.00720507465 -0.794975519
vn 0.12071377 0.0604404286 -0.990845621
vn -0.803771615 -0.572919428 0.160358429
vn -0.832236767 -0.521967471 0.186900571
vn -0.807529271 -0.537864149 0.242071807
vn -0.807529271 -0.537864149 0.242071807
vn -0.851679504 -0.508240998 0.127800316
vn -0.803771615 -0.572919428 0.160358429
vn -0.112075217 -0.452266306 0.88481313
vn -0.153479442 -0.43186307 0.888784766
vn -0.191997781 -0.572839499 0.796863735
vn -0.0490722544 -0.372011423 0.92693001
vn -0.153479442 -0.43186307 0.888784766
vn -0.112075217 -0.452266306 0.88481313
vn -0.757646322 -0.230140239 -0.610743463
vn -0.7766096 -0.412594348 -0.476070911
vn -0.915978491 -0.359715223 -0.177731231
vn -0.915978491 -0.359715223 -0.177731231
vn -0.7766096 -0.412594348 -0.476070911
vn -0.675601423 -0.724567652 -0.136251599
vn 0.963752806 -0.194957271 -0.182132661
vn 0.623770297 -0.757514477 -0.192568421
vn 0.957745552 -0.180613697 -0.223835155
vn 0.957745552 -0.180613697 -0.223835155
vn 0.967049062 -0.138595015 -0.213559002
vn 0.963752806 -0.194957271 -0.182132661
vn 0.992506742 0.117946923 0.0319205932
vn 0.934175372 0.158305883 0.31977433
vn 0.990653157 0.133862779 0.0262117647
vn 0.992506742 0.117946923 0.0319205932
vn 0.990653157 0.133862779 0.0262117647
vn 0.99272269 0.117831662 -0.0248466004
vn -0.624717534 0.0542176776 -0.778966308
vn -0.767139614 0.161324352 -0.620863318
vn -0.395121783 0.095665589 -0.913633883
vn -0.624717534 0.0542176776 -0.778966308
vn -0.395121783 0.095665589 -0.913633883
vn -0.447436154 0.0476855002 -0.893043637
vn -0.106062233 -0.0582990162 0.992648959
vn -0.475205719 -0.15183644 0.866674781
vn 0.0808508024 0.0329086296 0.996182799
vn 0.0808508024 0.0329086296 0.996182799
vn -0.475205719 -0.15183644 0.866674781
vn -0.570060313 -0.121431522 0.812579632
vn 0.152565852 0.0831016749 -0.984793305
vn 0.3506006 0.120254867 -0.92877233
vn 0.338143915 0.115620695 -0.933964968
vn 0.3506006 0.120254867 -0.92877233
vn 0.815930724 0.137102351 -0.561658323
vn 0.338143915 0.115620695 -0.933964968
vn 0.291764349 0.397997051 -0.869753897
vn 0.230804488 0.417525709 -0.878863811
vn 0.299084246 0.426829457 -0.853443205
vn 0.345921904 0.406623781 -0.845573902
vn 0.291764349 0.397997051 -0.869753897
vn 0.299084246 0.426829457 -0.853443205
vn -0.353985131 0.100547872 0.929830551
vn -0.404312432 0.0832187086 0.91082716
vn -0.31066972 0.0473842695 0.949336052
vn -0.353985131 0.100547872 0.929830551
vn -0.478455126 0.149655253 0.86526531
vn -0.404312432 0.0832187086 0.91082716
vn 0.472044975 0.169191644 0.865186453
vn -0.0776420832 0.196884781 0.977347434
vn 0.150633618 0.158171579 0.975854158
vn 0.150633618 0.158171579 0.975854158
vn -0.0776420832 0.196884781 0.977347434
vn -0.188764453 0.171046615 0.967011452
vn 0.372214586 0.350798965 -0.859299958
vn 0.542405069 0.271307856 -0.795103014
vn 0.429980606 0.264550537 -0.863209009
vn 0.429980606 0.264550537 -0.863209009
vn 0.542405069 0.271307856 -0.795103014
vn 0.488988817 0.200952873 -0.848827422
vn 0.916273773 -0.185283959 -0.355122954
vn 0.971169949 -0.0406472087 -0.234897032
vn 0.922606051 -0.20578742 -0.32626608
vn 0.982191861 0.0176155735 -0.187053189
vn 0.971169949 -0.0406472087 -0.234897032
vn 0.916273773 -0.185283959 -0.355122954
vn 0.241580442 0.06622082 0.968118727
vn 0.165010422 0.0180844199 0.986126006
vn 0.1653184 -0.113927871 0.979637802
vn 0.199312195 0.139592305 0.96994251
vn 0.165010422 0.0180844199 0.986126006
vn 0.241580442 0.06622082 0.968118727
vn -0.991594672 -0.0274137668 -0.1264458
vn -0.914118946 -0.0513551235 -0.402180642
vn -0.99035871 0.0226113424 -0.136668265
vn -0.999815643 -0.00425746851 -0.0187262315
vn -0.991594672 -0.0274137668 -0.1264458
vn -0.99035871 0.0226113424 -0.136668265
vn -0.977384686 0.183307558 -0.10543979
vn -0.852270722 0.380122721 -0.359362364
vn -0.998872995 -0.0314631574 -0.0355366468
vn -0.239800826 0.897464573 -0.370206505
vn -0.852270722 0.380122721 -0.359362364
vn -0.977384686 0.183307558 -0.10543979
vn 0.833944201 0.339308023 0.435209125
vn 0.724279881 0.231541395 0.649466932
vn 0.980055094 0.113912128 0.162837833
vn 0.833944201 0.339308023 0.435209125
vn 0.258760005 0.388380677 0.884422779
vn 0.724279881 0.231541395 0.649466932
vn -0.996480048 -0.0494969822 0.0676586926
vn -0.997358024 -0.0712443218 -0.0141795408
vn -0.998556197 -0.0166125707 0.051084701
vn -0.962245524 -0.000373204035 0.272182673
vn -0.996480048 -0.0494969822 0.0676586926
vn -0.998556197 -0.0166125707 0.051084701
vn 0.930870175 0.135548592 -0.339274794
vn 0.937784195 0.106014229 -0.330638468
vn 0.954684019 0.104982428 -0.278490543
vn 0.937784195 0.106014229 -0.330638468
vn 0.930870175 0.135548592 -0.339274794
vn 0.799153507 0.14040193 -0.584500611
vn -0.981364131 -0.0332296193 -0.189262122
vn -0.685773015 -0.146845534 -0.71284765
vn -0.965504944 -0.0796537623 -0.247902334
vn -0.997954071 0.0362711847 0.0526500121
vn -0.981364131 -0.0332296193 -0.189262122
vn -0.965504944 -0.0796537623 -0.247902334
vn -0.313461185 -0.782667756 0.537748337
vn -0.430519372 -0.835129678 0.342361778
vn -0.186885625 -0.95058161 0.247927994
vn 0.0283290669 -0.95748508 0.287088215
vn -0.313461185 -0.782667756 0.537748337
vn -0.186885625 -0.95058161 0.247927994
vn 0.982227147 0.186507553 0.0210905988
vn 0.908049643 0.394260108 0.141438842
vn 0.970451474 0.215464458 0.108623341
vn 0.982227147 0.186507553 0.0210905988
vn 0.931779802 0.359230846 0.0523414277
vn 0.908049643 0.394260108 0.141438842
vn 0.76145196 0.112590484 0.638368428
vn 0.677507579 0.146384478 0.720801532
vn 0.532024562 0.11468704 0.838925898
vn 0.76145196 0.112590484 0.638368428
vn 0.899744213 0.133393392 0.415531665
vn 0.677507579 0.146384478 0.720801532
vn 0.671997905 -0.710667312 0.20825614
vn 0.899490893 -0.383972287 0.208522215
vn 0.731723547 -0.589544296 0.342079163
vn 0.899490893 -0.383972287 0.208522215
vn 0.773646176 -0.624996722 0.10416615
vn 0.972175956 -0.198999166 0.123585232
vn 0.000610970543 0.756535232 0.653952658
vn 0.157541394 0.971755743 0.175702602
vn -0.209714234 0.891237617 0.402138621
vn 0.157541394 0.971755743 0.175702602
vn -0.336989582 0.932894707 0.127064973
vn -0.209714234 0.891237617 0.402138621
vn -0.718461871 -0.677046359 0.159438878
vn -0.235110343 -0.964364588 0.121342488
vn -0.520015836 -0.846491873 0.114171557
vn -0.339660585 -0.920652211 0.192432538
vn -0.235110343 -0.964364588 0.121342488
vn -0.718461871 -0.677046359 0.159438878
vn -0.921483219 -0.341212064 0.185588166
vn -0.926438451 -0.330511928 0.180204511
vn -0.92765522 -0.326280177 0.181651115
vn -0.92765522 -0.326280177 0.181651115
vn -0.926438451 -0.330511928 0.180204511
vn -0.91171211 -0.355110466 0.206585497
vn 0.899490893 -0.383972287 0.208522215
vn 0.671997905 -0.710667312 0.20825614
vn 0.773646176 -0.624996722 0.10416615
vn 0.353334278 -0.919507384 0.172223881
vn 0.773646176 -0.624996722 0.10416615
vn 0.671997905 -0.710667312 0.20825614
vn 0.443542212 0.0690873414 -0.893586695
vn 0.18036513 0.0738169774 -0.980825961
vn 0.738608003 0.179257199 -0.649865389
vn 0.443542212 0.0690873414 -0.893586695
vn 0.738608003 0.179257199 -0.649865389
vn 0.837716877 0.122841284 -0.53210932
vn 0.654896498 0.0729014724 0.752194107
vn 0.748086274 0.0141228028 0.663451254
vn 0.893683493 0.0545594804 0.445368558
vn 0.748086274 0.0141228028 0.663451254
vn 0.654896498 0.0729014724 0.752194107
vn 0.636993945 -0.137981743 0.758419275
vn -0.499527961 0.29299888 0.815244436
vn -0.707836032 0.218524247 0.67172569
vn -0.441223145 0.269992232 0.855819166
vn -0.441223145 0.269992232 0.855819166
vn -0.707836032 0.218524247 0.67172569
vn -0.485630423 0.23305805 0.842524111
vn -0.262534887 0.098326318 -0.959899664
vn -0.133211732 0.0980430469 -0.986226201
vn -0.379007339 0.0399171598 -0.924532294
vn -0.119196914 0.104179069 -0.987389982
vn -0.133211732 0.0980430469 -0.986226201
vn -0.262534887 0.098326318 -0.959899664
vn -0.96367842 -0.262143135 -0.0510381274
vn -0.947718203 -0.249631226 -0.19878234
vn -0.883689702 -0.444136262 -0.147767946
vn -0.883689702 -0.444136262 -0.147767946
vn -0.901546717 -0.425233662 -0.0799366161
vn -0.96367842 -0.262143135 -0.0510381274
vn 0.284089178 -0.779372573 -0.558454812
vn 0.300336897 -0.738478959 -0.603694022
vn 0.231080636 -0.773104072 -0.590687633
vn 0.231080636 -0.773104072 -0.590687633
vn 0.300336897 -0.738478959 -0.603694022
vn 0.466619521 -0.696093142 -0.545637667
vn -0.359644979 0.785990179 -0.502866805
vn -0.997321308 0.0529243313 -0.0504897647
vn -0.983757555 0.0666282997 -0.166678458
vn -0.983757555 0.0666282997 -0.166678458
vn -0.997321308 0.0529243313 -0.0504897647
vn -0.999774933 0.00046280789 -0.0212087389
vn -0.988687754 -0.126406536 0.0807336718
vn -0.97384274 -0.127878547 0.187822521
vn -0.990870178 -0.036372412 0.129820153
vn -0.946440935 -0.272187233 0.173676759
vn -0.97384274 -0.127878547 0.187822521
vn -0.988687754 -0.126406536 0.0807336718
vn -0.214639515 -0.949198961 -0.230111316
vn -0.776866138 -0.597439945 0.198858112
vn -0.786887825 -0.614388943 0.0577384941
vn -0.786887825 -0.614388943 0.0577384941
vn -0.201717213 -0.838390648 -0.506370723
vn -0.214639515 -0.949198961 -0.230111316
vn -0.303086519 0.590129077 0.748255491
vn -0.454583138 0.480199873 0.750174761
vn -0.200840235 0.524130464 0.827617407
vn -0.200840235 0.524130464 0.827617407
vn -0.454583138 0.480199873 0.750174761
vn -0.513058543 0.389191061 0.765049696
vn -0.131222472 0.0917321593 -0.987099767
vn 0.0104831364 0.0777905434 -0.996914625
vn -0.127043128 0.0788184553 -0.98876071
vn -0.333426774 0.0365273803 -0.942067981
vn -0.131222472 0.0917321593 -0.987099767
vn -0.127043128 0.0788184553 -0.98876071
vn 0.217174843 -0.276628047 0.936115444
vn 0.149391279 -0.425883859 0.892359316
vn 0.61244911 -0.452319711 0.64831543
vn 0.217174843 -0.276628047 0.936115444
vn 0.0749662742 -0.25385347 0.964333117
vn 0.149391279 -0.425883859 0.892359316
vn -0.914118946 -0.0513551235 -0.402180642
vn -0.537805736 -0.0370809808 -0.842252851
vn -0.848162591 -0.0426782258 -0.528013945
vn -0.99035871 0.0226113424 -0.136668265
vn -0.914118946 -0.0513551235 -0.402180642
vn -0.848162591 -0.0426782258 -0.528013945
vn 0.975995243 0.167093381 0.139688969
vn 0.939039767 0.163343236 0.302528381
vn 0.985996723 0.137325466 0.0946154967
vn 0.987512231 0.15305154 0.0373465866
vn 0.975995243 0.167093381 0.139688969
vn 0.985996723 0.137325466 0.0946154967
vn -0.997551918 0.0161478389 0.0680401027
vn -0.998936653 0.0164170898 0.0430825017
vn -0.999135911 0.0069035124 0.0409834906
vn -0.999135911 0.0069035124 0.0409834906
vn -0.998936653 0.0164170898 0.0430825017
vn -0.999880075 0.00697153062 0.0138297146
vn -0.997954071 0.0362711847 0.0526500121
vn -0.99675107 0.0404828042 0.0696315244
vn -0.981364131 -0.0332296193 -0.189262122
vn -0.997954071 0.0362711847 0.0526500121
vn -0.997175872 0.0490570702 0.0568656437
vn -0.99675107 0.0404828042 0.0696315244
vn -0.228943259 0.791978955 0.565998614
vn 0.0141887963 0.896009982 0.443807244
vn -0.400096178 0.784313977 0.474104136
vn -0.400096178 0.784313977 0.474104136
vn -0.626699924 0.561575592 0.540259242
vn -0.228943259 0.791978955 0.565998614
vn 0.701810837 0.0543132238 -0.710289776
vn 0.894474626 0.121860124 -0.430191994
vn 0.986701369 0.0707478896 -0.14633894
vn 0.982191861 0.0176155735 -0.187053189
vn 0.986380696 0.0653647184 -0.150932565
vn 0.971169949 -0.0406472087 -0.234897032
vn -0.928553939 -0.367693067 0.0508869588
vn -0.845867753 -0.35489884 -0.398189217
vn -0.886519432 -0.461865276 0.0276383888
vn -0.843867838 -0.502012074 0.189396068
vn -0.871405303 -0.449308068 0.196914017
vn -0.886519432 -0.461865276 0.0276383888
vn -0.966744244 -0.200515181 0.158742443
vn -0.94259268 -0.280269384 0.18157135
vn -0.973467529 -0.199827105 0.111490667
vn -0.973467529 -0.199827105 0.111490667
vn -0.987889647 -0.116498686 0.102479555
vn -0.966744244 -0.200515181 0.158742443
vn 0.126276523 0.107113384 0.986195207
vn 0.442838341 0.101749986 0.890809238
vn 0.519491136 0.137498125 0.843340516
vn 0.519491136 0.137498125 0.843340516
vn 0.442838341 0.101749986 0.890809238
vn 0.868687689 0.118816897 0.480899483
vn 0.888672829 0.169757426 -0.425961316
vn 0.920852363 0.148283347 -0.360614538
vn 0.964845479 0.146277606 -0.218348458
vn 0.68230468 0.198369712 -0.703640461
vn 0.920852363 0.148283347 -0.360614538
vn 0.888672829 0.169757426 -0.425961316
vn 0.701810837 0.0543132238 -0.710289776
vn 0.986701369 0.0707478896 -0.14633894
vn 0.982191861 0.0176155735 -0.187053189
vn 0.701810837 0.0543132238 -0.710289776
vn 0.982191861 0.0176155735 -0.187053189
vn 0.916273773 -0.185283959 -0.355122954
vn -0.423400402 0.0936002061 0.901094437
vn -0.228882179 0.163809881 0.959572434
vn -0.68386358 0.10730128 0.721676469
vn -0.228882179 0.163809881 0.959572434
vn -0.79984051 0.118049763 0.588489056
vn -0.68386358 0.10730128 0.721676469
vn -0.871405303 -0.449308068 0.196914017
vn -0.928553939 -0.367693067 0.0508869588
vn -0.886519432 -0.461865276 0.0276383888
vn -0.924069107 -0.33239004 0.188714474
vn -0.928553939 -0.367693067 0.0508869588
vn -0.871405303 -0.449308068 0.196914017
vn 0.45979932 -0.708314478 0.535607159
vn 0.146800384 -0.619677961 0.771005094
vn 0.448489994 -0.715563297 0.535561383
vn 0.146800384 -0.619677961 0.771005094
vn 0.45979932 -0.708314478 0.535607159
vn 0.545794785 -0.631301939 0.55096817
vn 0.986701369 0.0707478896 -0.14633894
vn 0.984316885 0.0817514136 -0.156322837
vn 0.986380696 0.0653647184 -0.150932565
vn 0.986701369 0.0707478896 -0.14633894
vn 0.986380696 0.0653647184 -0.150932565
vn 0.982191861 0.0176155735 -0.187053189
vn 0.999949753 0.00649815891 -0.00763573917
vn 0.999988675 0.00433192169 0.00198696856
vn 0.999847651 0.00712991646 -0.0159331225
vn 0.999847651 0.00712991646 -0.0159331225
vn 0.999988675 0.00433192169 0.00198696856
vn 0.99994278 -0.000720503798 -0.0106771281
vn -0.838702679 -0.45588395 0.297905535
vn -0.846422493 -0.450856507 0.283368021
vn -0.892913997 -0.38175112 0.238685504
vn -0.892913997 -0.38175112 0.238685504
vn -0.846422493 -0.450856507 0.283368021
vn -0.856741548 -0.462715685 0.22778964
vn -0.962610424 -0.255274594 0.0906412974
vn -0.976401925 -0.215902612 0.00504450593
vn -0.986937165 -0.160243347 0.0166431312
vn -0.986937165 -0.160243347 0.0166431312
vn -0.976401925 -0.215902612 0.00504450593
vn -0.933230102 -0.170111313 -0.316455007
vn -0.577364087 -0.557839334 -0.596209586
vn -0.403776824 -0.59761852 -0.692687809
vn -0.568584204 -0.58330971 -0.580053389
vn -0.577364087 -0.557839334 -0.596209586
vn -0.568584204 -0.58330971 -0.580053389
vn -0.784667194 -0.493914068 -0.374628335
vn 0.979255199 0.133095354 -0.152790502
vn 0.981731772 0.120120846 -0.147559032
vn 0.983967602 0.120198503 -0.131757975
vn 0.980925977 0.137696296 -0.137200236
vn 0.981731772 0.120120846 -0.147559032
vn 0.979255199 0.133095354 -0.152790502
vn -0.106062233 -0.0582990162 0.992648959
vn 0.344448328 0.109330013 0.932417452
vn 0.368099242 0.118101388 0.922255397
vn -0.106062233 -0.0582990162 0.992648959
vn 0.368099242 0.118101388 0.922255397
vn 0.365675211 0.144888148 0.919396043
vn 0.981320262 0.117478818 0.152345538
vn 0.971631765 -0.0327797607 0.23421593
vn 0.990825772 -0.0219259448 0.133354843
vn 0.971631765 -0.0327797607 0.23421593
vn 0.983559728 -0.115084954 0.139161021
vn 0.990825772 -0.0219259448 0.133354843
vn -0.984780252 -0.0742922872 0.157125831
vn -0.979660094 -0.0545703024 0.193101302
vn -0.98509717 -0.0126266405 0.171534404
vn -0.984780252 -0.0742922872 0.157125831
vn -0.984099805 -0.0880672038 0.154245511
vn -0.979660094 -0.0545703024 0.193101302
vn 0.854984164 -0.126160175 -0.503076196
vn 0.986765385 -0.0372931696 -0.15780744
vn 0.829999626 -0.442427427 -0.339644819
vn 0.854984164 -0.126160175 -0.503076196
vn 0.991481662 0.0190564711 -0.128845036
vn 0.986765385 -0.0372931696 -0.15780744
vn 0.99328047 0.0202479679 -0.113947794
vn 0.969135523 0.14490886 -0.199443594
vn 0.957572639 0.2598176 -0.124697141
vn 0.977272093 -0.0232834779 -0.21070607
vn 0.969135523 0.14490886 -0.199443594
vn 0.99328047 0.0202479679 -0.113947794
vn 0.867647052 0.00707166875 -0.497130275
vn 0.69908607 0.0503444746 -0.713263035
vn 0.938348711 0.0116808368 -0.345492631
vn 0.69908607 0.0503444746 -0.713263035
vn 0.865940392 0.0846468732 -0.492932349
vn 0.938348711 0.0116808368 -0.345492631
vn -0.00244065374 0.0641050264 -0.997940123
vn 0.130128697 0.0799223036 -0.988270581
vn 0.117525868 0.0883439109 -0.989132404
vn 0.151326582 0.081984356 -0.985078037
vn 0.130128697 0.0799223036 -0.988270581
vn -0.00244065374 0.0641050264 -0.997940123
vn 0.461476088 0.604506254 -0.649316609
vn 0.70132035 0.5677827 -0.431013584
vn 0.73817718 0.459412575 -0.493998647
vn 0.70132035 0.5677827 -0.431013584
vn 0.461476088 0.604506254 -0.649316609
vn 0.464676857 0.78909719 -0.401747376
vn -0.996629238 -0.0754052103 0.0323146768
vn -0.998994827 -0.0333994292 0.0298953988
vn -0.995134115 -0.0954619795 0.024396779
vn -0.995134115 -0.0954619795 0.024396779
vn -0.998994827 -0.0333994292 0.0298953988
vn -0.998872995 -0.0314631574 -0.0355366468
vn 0.326397181 0.194378734 0.925030708
vn 0.358259767 0.177919999 0.916512012
vn 0.343559206 0.207507238 0.915919065
vn 0.358259767 0.177919999 0.916512012
vn 0.326397181 0.194378734 0.925030708
vn 0.306317359 0.168862984 0.936832368
vn -0.0255131461 -0.985383093 -0.168431804
vn -0.0228387825 -0.989115417 -0.145358279
vn -0.087173596 -0.985474229 -0.145744011
vn -0.0255131461 -0.985383093 -0.168431804
vn 0.0728939325 -0.981221437 -0.178580552
vn -0.0228387825 -0.989115417 -0.145358279
vn 0.983817458 0.0946879536 -0.152110234
vn 0.990140378 0.11307513 -0.0826795846
vn 0.987438858 0.101252094 -0.121295221
vn 0.978812695 0.119325586 -0.166394487
vn 0.983817458 0.0946879536 -0.152110234
vn 0.980894923 0.0981436521 -0.167967066
vn 0.391018838 0.400194466 -0.828823686
vn 0.345921904 0.406623781 -0.845573902
vn 0.461476088 0.604506254 -0.649316609
vn 0.345921904 0.406623781 -0.845573902
vn 0.391018838 0.400194466 -0.828823686
vn 0.389650494 0.374412239 -0.841420174
vn 0.990641654 0.136179686 0.00918379799
vn 0.98206079 0.186907738 -0.0249429978
vn 0.973380744 0.17688261 0.145748064
vn 0.973380744 0.17688261 0.145748064
vn 0.976743698 0.0794143155 0.199160904
vn 0.990641654 0.136179686 0.00918379799
vn -0.921886802 0.0416613147 -0.385213077
vn -0.839426219 -0.0278018564 -0.542762041
vn -0.989271164 -0.0143303396 -0.145386621
vn -0.989271164 -0.0143303396 -0.145386621
vn -0.959615886 0.00121068209 -0.281311303
vn -0.921886802 0.0416613147 -0.385213077
vn 0.315023899 0.422618717 0.849796116
vn 0.148888215 0.604288459 0.782730937
vn 0.162853256 0.543497741 0.823461592
vn 0.221926898 0.407393843 0.885877311
vn 0.315023899 0.422618717 0.849796116
vn 0.162853256 0.543497741 0.823461592
vn 0.978812695 0.119325586 -0.166394487
vn 0.990140378 0.11307513 -0.0826795846
vn 0.983817458 0.0946879536 -0.152110234
vn 0.982639074 0.142398164 -0.118925259
vn 0.990140378 0.11307513 -0.0826795846
vn 0.978812695 0.119325586 -0.166394487
vn -0.173539788 -0.980449975 -0.0927464291
vn -0.0228387825 -0.989115417 -0.145358279
vn -0.0722941607 -0.992082298 -0.102694862
vn -0.173539788 -0.980449975 -0.0927464291
vn -0.0722941607 -0.992082298 -0.102694862
vn -0.188645989 -0.979725182 -0.0674631968
vn -0.997309625 -0.0720905513 -0.0132788094
vn -0.999231219 -0.0331304669 -0.0209648591
vn -0.947718203 -0.249631226 -0.19878234
vn -0.996373177 -0.0761093199 0.0380526744
vn -0.999231219 -0.0331304669 -0.0209648591
vn -0.997309625 -0.0720905513 -0.0132788094
vn -0.99857235 -0.0502373688 0.0181507133
vn -0.995407939 -0.0710691363 0.0641266555
vn -0.996314943 -0.0845258757 0.0145535506
vn -0.996314943 -0.0845258757 0.0145535506
vn -0.995407939 -0.0710691363 0.0641266555
vn -0.993878722 -0.0958443806 0.0549451485
vn 0.936674953 0.326406658 -0.126880944
vn 0.767325163 0.625724494 0.140288576
vn 0.941623211 0.335192531 0.0314907171
vn 0.936674953 0.326406658 -0.126880944
vn 0.941623211 0.335192531 0.0314907171
vn 0.937089264 0.347066551 -0.0375320129
vn 0.719943821 0.245323777 -0.649228036
vn 0.89357692 0.417711079 -0.164431259
vn 0.946920216 0.267482728 -0.178311735
vn 0.738608003 0.179257199 -0.649865389
vn 0.719943821 0.245323777 -0.649228036
vn 0.946920216 0.267482728 -0.178311735
vn 0.105352916 -0.833830237 -0.541874468
vn 0.0515460521 -0.673413038 -0.73746717
vn 0.16836293 -0.807136714 -0.565848231
vn 0.105352916 -0.833830237 -0.541874468
vn 0.16836293 -0.807136714 -0.565848231
vn 0.186553434 -0.844580591 -0.501877785
vn -0.365682244 -0.167784467 -0.915491581
vn -0.685773015 -0.146845534 -0.71284765
vn -0.718012571 -0.0879630893 -0.690449476
vn -0.409312546 -0.236685842 -0.881160021
vn -0.685773015 -0.146845534 -0.71284765
vn -0.365682244 -0.167784467 -0.915491581
vn -0.999585867 -0.0287760384 0.000219434485
vn -0.99745059 -0.0567519665 -0.0432594083
vn -0.99657923 -0.0814370662 -0.0140670016
vn -0.99745059 -0.0567519665 -0.0432594083
vn -0.99044013 -0.121123984 -0.0660101324
vn -0.99657923 -0.0814370662 -0.0140670016
vn -0.913968146 0.152856752 0.375894994
vn -0.953402698 0.162246644 0.254360616
vn -0.922038376 0.172958881 0.346309811
vn -0.953402698 0.162246644 0.254360616
vn -0.966808319 0.166476309 0.193822846
vn -0.922038376 0.172958881 0.346309811
vn 0.990170598 -0.0102996491 -0.139485031
vn 0.991545677 -0.0143791316 -0.128959209
vn 0.991428077 0.00708016148 -0.130461574
vn 0.991545677 -0.0143791316 -0.128959209
vn 0.995890319 0.00192015036 -0.0905473307
vn 0.991428077 0.00708016148 -0.130461574
vn -0.87146008 0.434494615 -0.227534205
vn -0.777278364 0.367452472 -0.510702431
vn -0.892961204 0.252801239 -0.372440487
vn -0.777278364 0.367452472 -0.510702431
vn -0.559705794 0.516851068 -0.647761106
vn -0.653552055 0.355659425 -0.668113828
vn -0.426876217 -0.0277668871 -0.903883636
vn -0.573988259 0.0261196811 -0.818446815
vn -0.394825369 -0.0278716851 -0.918333292
vn -0.573988259 0.0261196811 -0.818446815
vn -0.416516244 0.00316864275 -0.909122765
vn -0.394825369 -0.0278716851 -0.918333292
vn 0.575614929 0.167715475 -0.800336778
vn 0.320848316 0.165872797 -0.932492733
vn 0.488988817 0.200952873 -0.848827422
vn 0.320848316 0.165872797 -0.932492733
vn 0.429980606 0.264550537 -0.863209009
vn 0.488988817 0.200952873 -0.848827422
vn -0.999171078 -0.0285474211 -0.0290214401
vn -0.997847497 -0.02725715 -0.0596440844
vn -0.998503864 -0.013778626 -0.0529161245
vn -0.998556197 -0.0166125707 0.051084701
vn -0.999171078 -0.0285474211 -0.0290214401
vn -0.998503864 -0.013778626 -0.0529161245
vn -0.0116114998 -0.809027076 0.587656617
vn 0.0283290669 -0.95748508 0.287088215
vn 0.327836543 -0.905040383 0.270970762
vn -0.0116114998 -0.809027076 0.587656617
vn -0.313461185 -0.782667756 0.537748337
vn 0.0283290669 -0.95748508 0.287088215
vn -0.7766096 -0.412594348 -0.476070911
vn -0.574720681 -0.693520308 -0.434425712
vn -0.675601423 -0.724567652 -0.136251599
vn -0.675601423 -0.724567652 -0.136251599
vn -0.574720681 -0.693520308 -0.434425712
vn -0.513255835 -0.858151495 -0.0120193912
vn -0.653552055 0.355659425 -0.668113828
vn -0.681139886 0.215511292 -0.699716508
vn -0.892961204 0.252801239 -0.372440487
vn -0.777278364 0.367452472 -0.510702431
vn -0.653552055 0.355659425 -0.668113828
vn -0.892961204 0.252801239 -0.372440487
vn -0.962610424 -0.255274594 0.0906412974
vn -0.946043372 -0.275898963 0.169945866
vn -0.935542703 -0.309246182 0.170665532
vn -0.946043372 -0.275898963 0.169945866
vn -0.925447822 -0.321440846 0.200554341
vn -0.935542703 -0.309246182 0.170665532
g Group43114
f 1073/1/1 225/2/2 1467/3/3
f 493/4/4 993/5/5 87/6/6
f 1301/7/7 191/8/8 1354/9/9
f 286/10/10 633/11/11 1123/12/12
f 362/13/13 729/14/14 596/15/15
f 367/16/16 9/17/17 873/18/18
f 611/19/19 819/20/20 123/21/21
f 1339/22/22 378/23/23 1099/24/24
f 710/25/25 17/26/26 872/27/27
f 147/28/28 1208/29/29 249/30/30
f 784/31/31 331/32/32 782/33/33
f 1051/34/34 1202/35/35 730/36/36
f 13/37/37 1128/38/38 977/39/39
f 1159/40/40 1184/41/41 19/42/42
f 935/43/43 806/44/44 150/45/45
f 672/46/46 111/47/47 1238/48/48
f 1217/49/49 157/50/50 1447/51/51
f 597/52/52 952/53/53 238/54/54
f 724/55/55 1164/56/56 945/57/57
f 274/58/58 737/59/59 117/60/60
f 260/61/61 1083/62/62 1019/63/63
f 404/64/64 1264/65/65 62/66/66
f 394/67/67 48/68/68 1033/69/69
f 157/70/70 382/71/71 232/72/72
f 1390/73/73 536/74/74 926/75/75
f 822/76/76 102/77/77 1281/78/78
f 210/79/79 234/80/80 553/81/81
f 177/82/82 743/83/83 385/84/84
f 688/85/85 371/86/86 21/87/87
f 1260/88/88 18/89/89 1233/90/90
f 267/91/91 664/92/92 460/93/93
f 655/94/94 358/95/95 601/96/96
f 353/97/97 4/98/98 1210/99/99
f 505/100/100 337/101/101 222/102/102
f 256/103/103 929/104/104 481/105/105
f 686/106/106 19/107/107 1176/108/108
f 547/109/109 258/110/110 12/111/111
f 740/112/112 1292/113/113 86/114/114
f 23/115/115 885/116/116 76/117/117
f 94/118/118 360/119/119 364/120/120
f 1101/121/121 27/122/122 1095/123/123
f 972/124/124 293/125/125 1140/126/126
f 419/127/127 53/128/128 500/129/129
f 870/130/130 1392/131/131 2/132/132
f 480/133/133 551/134/134 310/135/135
f 1013/136/136 1260/137/137 1066/138/138
f 1460/139/139 964/140/140 306/141/141
f 734/142/142 1107/143/143 1002/144/144
f 15/145/145 874/146/146 1320/147/147
f 212/148/148 941/149/149 875/150/150
f 1237/151/151 893/152/152 259/153/153
f 791/154/154 1144/155/155 288/156/156
f 390/157/157 179/158/158 250/159/159
f 888/160/160 1121/161/161 969/162/162
f 1487/163/163 879/164/164 899/165/165
f 1464/166/166 1058/167/167 619/168/168
f 847/169/169 785/170/170 399/171/171
f 1095/172/172 27/173/173 63/174/174
f 83/175/175 380/176/176 161/177/177
f 173/178/178 887/179/179 130/180/180
f 566/181/181 507/182/182 732/183/183
f 455/184/184 290/185/185 439/186/186
f 199/187/187 1145/188/188 1209/189/189
f 655/190/190 613/191/191 358/192/192
f 890/193/193 1078/194/194 195/195/195
f 416/196/196 571/197/197 1029/198/198
f 40/199/199 569/200/200 1064/201/201
f 40/202/202 110/203/203 569/204/204
f 1379/205/205 1050/206/206 653/207/207
f 957/208/208 359/209/209 406/210/210
f 184/211/211 280/212/212 1387/213/213
f 825/214/214 1419/215/215 417/216/216
f 327/217/217 1334/218/218 808/219/219
f 1330/220/220 373/221/221 368/222/222
f 485/223/223 1134/224/224 375/225/225
f 998/226/226 1187/227/227 302/228/228
f 789/229/229 1103/230/230 418/231/231
f 151/232/232 64/233/233 301/234/234
f 754/235/235 384/236/236 1389/237/237
f 1138/238/238 1039/239/239 339/240/240
f 209/241/241 1143/242/242 1108/243/243
f 154/244/244 1422/245/245 1219/246/246
f 412/247/247 432/248/248 92/249/249
f 920/250/250 713/251/251 458/252/252
f 160/253/253 592/254/254 309/255/255
f 20/256/256 1071/257/257 720/258/258
f 133/259/259 7/260/260 1298/261/261
f 428/262/262 33/263/263 159/264/264
f 965/265/265 74/266/266 1175/267/267
f 705/268/268 665/269/269 689/270/270
f 592/271/271 646/272/272 309/273/273
f 191/274/274 707/275/275 1354/276/276
f 506/277/277 864/278/278 1228/279/279
f 665/280/280 274/281/281 117/282/282
f 1417/283/283 336/284/284 865/285/285
f 277/286/286 869/287/287 923/288/288
f 165/289/289 213/290/290 1374/291/291
f 431/292/292 537/293/293 1488/294/294
f 7/295/295 605/296/296 624/297/297
f 738/298/298 1275/299/299 257/300/300
f 596/301/301 729/302/302 1148/303/303
f 394/304/304 142/305/305 1038/306/306
f 955/307/307 58/308/308 72/309/309
f 1178/310/310 1384/311/311 186/312/312
f 1191/313/313 568/314/314 289/315/315
f 239/316/316 102/317/317 446/318/318
f 60/319/319 1214/320/320 91/321/321
f 889/322/322 1276/323/323 754/324/324
f 436/325/325 1106/326/326 578/327/327
f 1477/328/328 227/329/329 1472/330/330
f 1061/331/331 821/332/332 315/333/333
f 37/334/334 452/335/335 723/336/336
f 932/337/337 361/338/338 599/339/339
f 916/340/340 158/341/341 226/342/342
f 1030/343/343 776/344/344 801/345/345
f 487/346/346 264/347/347 153/348/348
f 345/349/349 81/350/350 1242/351/351
f 766/352/352 554/353/353 421/354/354
f 1424/355/355 759/356/356 55/357/357
f 329/358/358 1448/359/359 816/360/360
f 1178/361/361 234/362/362 1384/363/363
f 841/364/364 141/365/365 1398/366/366
f 779/367/367 923/368/368 869/369/369
f 1315/370/370 1343/371/371 598/372/372
f 557/373/373 1481/374/374 782/375/375
f 412/376/376 92/377/377 828/378/378
f 1125/379/379 337/380/380 175/381/381
f 14/382/382 291/383/383 80/384/384
f 451/385/385 422/386/386 969/387/387
f 494/388/388 580/389/389 490/390/390
f 101/391/391 357/392/392 1401/393/393
f 49/394/394 1253/395/395 917/396/396
f 944/397/397 885/398/398 168/399/399
f 103/400/400 620/401/401 26/402/402
f 253/403/403 880/404/404 645/405/405
f 1318/406/406 1215/407/407 176/408/408
f 625/409/409 539/410/410 715/411/411
f 967/412/412 1355/413/413 1478/414/414
f 938/415/415 491/416/416 565/417/417
f 979/418/418 661/419/419 1204/420/420
f 126/421/421 931/422/422 430/423/423
f 214/424/424 192/425/425 866/426/426
f 898/427/427 78/428/428 903/429/429
f 811/430/430 730/431/431 663/432/432
f 478/433/433 1131/434/434 733/435/435
f 323/436/436 817/437/437 1436/438/438
f 80/439/439 281/440/440 1319/441/441
f 548/442/442 140/443/443 101/444/444
f 674/445/445 862/446/446 1221/447/447
f 38/448/448 550/449/449 22/450/450
f 290/451/451 425/452/452 842/453/453
f 37/454/454 385/455/455 743/456/456
f 1009/457/457 1118/458/458 850/459/459
f 1196/460/460 1442/461/461 88/462/462
f 1199/463/463 588/464/464 1094/465/465
f 393/466/466 662/467/467 503/468/468
f 60/469/469 91/470/470 85/471/471
f 1334/472/472 988/473/473 483/474/474
f 1292/475/475 1065/476/476 457/477/477
f 451/478/478 258/479/479 547/480/480
f 987/481/481 421/482/482 554/483/483
f 769/484/484 864/485/485 506/486/486
f 673/487/487 88/488/488 1250/489/489
f 1244/490/490 563/491/491 217/492/492
f 695/493/493 1022/494/494 542/495/495
f 1374/496/496 1149/497/497 1025/498/498
f 321/499/499 1347/500/500 1439/501/501
f 915/502/502 1302/503/503 1376/504/504
f 1117/505/505 854/506/506 909/507/507
f 283/508/508 1214/509/509 95/510/510
f 233/511/511 194/512/512 341/513/513
f 351/514/514 173/515/515 1179/516/516
f 243/517/517 99/518/518 892/519/519
f 499/520/520 1076/521/521 1259/522/522
f 930/523/523 669/524/524 94/525/525
f 515/526/526 496/527/527 152/528/528
f 283/529/529 1102/530/530 476/531/531
f 1046/532/532 1110/533/533 349/534/534
f 256/535/535 1351/536/536 35/537/537
f 241/538/538 839/539/539 395/540/540
f 55/541/541 236/542/542 1424/543/543
f 335/544/544 189/545/545 1153/546/546
f 715/547/547 918/548/548 98/549/549
f 612/550/550 1352/551/551 859/552/552
f 1151/553/553 1157/554/554 764/555/555
f 1293/556/556 796/557/557 631/558/558
f 613/559/559 1269/560/560 22/561/561
f 251/562/562 247/563/563 387/564/564
f 1438/565/565 848/566/566 5/567/567
f 1212/568/568 858/569/569 529/570/570
f 1027/571/571 632/572/572 413/573/573
f 632/574/574 623/575/575 413/576/576
f 1134/577/577 775/578/578 669/579/579
f 644/580/580 1498/581/581 775/582/582
f 736/583/583 104/584/584 75/585/585
f 1434/586/586 587/587/587 1142/588/588
f 387/589/589 247/590/590 105/591/591
f 289/592/592 940/593/593 1191/594/594
f 295/595/595 746/596/596 106/597/597
f 1166/598/598 1154/599/599 390/600/600
f 786/601/601 573/602/602 1263/603/603
f 325/604/604 524/605/605 1263/606/606
f 670/607/607 843/608/608 437/609/609
f 763/610/610 1422/611/611 154/612/612
f 1496/613/613 646/614/614 1425/615/615
f 1264/616/616 492/617/617 62/618/618
f 328/619/619 21/620/620 614/621/621
f 749/622/622 676/623/623 1174/624/624
f 1238/625/625 111/626/626 30/627/627
f 1123/628/628 633/629/629 1491/630/630
f 1035/631/631 1084/632/632 53/633/633
f 788/634/634 785/635/635 570/636/636
f 1011/637/637 113/638/638 749/639/639
f 178/640/640 435/641/641 905/642/642
f 1419/643/643 261/644/644 417/645/645
f 204/646/646 655/647/647 601/648/648
f 248/649/649 115/650/650 293/651/651
f 1350/652/652 1055/653/653 231/654/654
f 121/655/655 815/656/656 1379/657/657
f 857/658/658 777/659/659 1453/660/660
f 531/661/661 24/662/662 814/663/663
f 262/664/664 253/665/665 645/666/666
f 347/667/667 1329/668/668 516/669/669
f 1352/670/670 547/671/671 859/672/672
f 119/673/673 1347/674/674 1080/675/675
f 115/676/676 231/677/677 293/678/678
f 493/679/679 87/680/680 1397/681/681
f 1391/682/682 1377/683/683 961/684/684
f 579/685/685 121/686/686 1289/687/687
f 306/688/688 270/689/689 813/690/690
f 877/691/691 586/692/692 122/693/693
f 307/694/694 1245/695/695 1450/696/696
f 819/697/697 1125/698/698 123/699/699
f 806/700/700 1319/701/701 281/702/702
f 267/703/703 901/704/704 818/705/705
f 444/706/706 1184/707/707 1156/708/708
f 310/709/709 970/710/710 1172/711/711
f 162/712/712 149/713/713 589/714/714
f 126/715/715 414/716/716 172/717/717
f 1437/718/718 708/719/719 533/720/720
f 65/721/721 1433/722/722 127/723/723
f 724/724/724 517/725/725 1164/726/726
f 128/727/727 787/728/728 983/729/729
f 1485/730/730 630/731/731 1341/732/732
f 276/733/733 467/734/734 263/735/735
f 1107/736/736 17/737/737 1267/738/738
f 130/739/739 1179/740/740 173/741/741
f 1015/742/742 340/743/743 445/744/744
f 358/745/745 613/746/746 423/747/747
f 1297/748/748 607/749/749 550/750/750
f 1257/751/751 1095/752/752 63/753/753
f 1028/754/754 635/755/755 448/756/756
f 187/757/757 927/758/758 809/759/759
f 428/760/760 438/761/761 1499/762/762
f 1082/763/763 363/764/764 134/765/765
f 548/766/766 80/767/767 140/768/768
f 1224/769/769 135/770/770 61/771/771
f 1013/772/772 590/773/773 1008/774/774
f 136/775/775 391/776/776 1085/777/777
f 180/778/778 982/779/779 861/780/780
f 1144/781/781 137/782/782 780/783/783
f 1020/784/784 437/785/785 1024/786/786
f 560/787/787 725/788/788 1211/789/789
f 1449/790/790 94/791/791 364/792/792
f 615/793/793 1472/794/794 227/795/795
f 713/796/796 432/797/797 458/798/798
f 474/799/799 1082/800/800 1165/801/801
f 1464/802/802 619/803/803 955/804/804
f 141/805/805 574/806/806 1074/807/807
f 290/808/808 842/809/809 439/810/810
f 57/811/811 921/812/812 1273/813/813
f 921/814/814 57/815/815 1355/816/816
f 1247/817/817 1091/818/818 138/819/819
f 1019/820/820 717/821/821 594/822/822
f 144/823/823 395/824/824 839/825/825
f 513/826/826 577/827/827 1047/828/828
f 485/829/829 145/830/830 44/831/831
f 922/832/832 990/833/833 799/834/834
f 146/835/835 6/836/836 695/837/837
f 1407/838/838 602/839/839 6/840/840
f 464/841/841 346/842/842 405/843/843
f 454/844/844 346/845/845 561/846/846
f 186/847/847 1384/848/848 1012/849/849
f 671/850/850 1133/851/851 805/852/852
f 125/853/853 520/854/854 895/855/855
f 459/856/856 1394/857/857 257/858/858
f 397/859/859 34/860/860 848/861/861
f 281/862/862 80/863/863 548/864/864
f 512/865/865 1372/866/866 1323/867/867
f 1454/868/868 426/869/869 365/870/870
f 1367/871/871 1087/872/872 152/873/873
f 1426/874/874 1187/875/875 10/876/876
f 776/877/877 1030/878/878 834/879/879
f 736/880/880 75/881/881 1120/882/882
f 74/883/883 47/884/884 482/885/885
f 448/886/886 635/887/887 845/888/888
f 155/889/889 68/890/890 721/891/891
f 68/892/892 476/893/893 1102/894/894
f 1376/895/895 718/896/896 119/897/897
f 216/898/898 757/899/899 164/900/900
f 480/901/901 703/902/902 208/903/903
f 583/904/904 29/905/905 217/906/906
f 226/907/907 158/908/908 361/909/909
f 188/910/910 300/911/911 1335/912/912
f 860/913/913 438/914/914 939/915/915
f 1119/916/916 106/917/917 1166/918/918
f 1344/919/919 671/920/920 805/921/921
f 841/922/922 1398/923/923 682/924/924
f 48/925/925 1127/926/926 1033/927/927
f 173/928/928 351/929/929 767/930/930
f 1328/931/931 627/932/932 897/933/933
f 903/934/934 78/935/935 287/936/936
f 495/937/937 976/938/938 163/939/939
f 1132/940/940 300/941/941 1432/942/942
f 164/943/943 757/944/944 680/945/945
f 543/946/946 685/947/947 289/948/948
f 1025/949/949 1149/950/950 1141/951/951
f 52/952/952 273/953/953 726/954/954
f 1272/955/955 886/956/956 1155/957/957
f 1321/958/958 710/959/959 398/960/960
f 704/961/961 556/962/962 1148/963/963
f 958/964/964 272/965/965 754/966/966
f 168/967/967 885/968/968 896/969/969
f 770/970/970 378/971/971 1339/972/972
f 1271/973/973 305/974/974 169/975/975
f 986/976/976 436/977/977 578/978/978
f 367/979/979 1076/980/980 9/981/981
f 789/982/982 1115/983/983 1471/984/984
f 11/985/985 1189/986/986 171/987/987
f 1266/988/988 219/989/989 657/990/990
f 946/991/991 172/992/992 1205/993/993
f 1373/994/994 379/995/995 719/996/996
f 173/997/997 687/998/998 1265/999/999
f 748/1000/1000 233/1001/1001 341/1002/1002
f 335/1003/1003 1153/1004/1004 181/1005/1005
f 475/1006/1006 667/1007/1007 1493/1008/1008
f 727/1009/1009 1423/1010/1010 235/1011/1011
f 522/1012/1012 960/1013/1013 827/1014/1014
f 719/1015/1015 379/1016/1016 880/1017/1017
f 324/1018/1018 1185/1019/1019 1036/1020/1020
f 592/1021/1021 1364/1022/1022 646/1023/1023
f 492/1024/1024 1264/1025/1025 650/1026/1026
f 1180/1027/1027 178/1028/1028 113/1029/1029
f 275/1030/1030 412/1031/1031 828/1032/1032
f 772/1033/1033 373/1034/1034 1324/1035/1035
f 1147/1036/1036 1046/1037/1037 349/1038/1038
f 637/1039/1039 396/1040/1040 180/1041/1041
f 280/1042/1042 1018/1043/1043 354/1044/1044
f 1448/1045/1045 1198/1046/1046 608/1047/1047
f 1488/1048/1048 1186/1049/1049 431/1050/1050
f 144/1051/1051 855/1052/1052 526/1053/1053
f 144/1054/1054 443/1055/1055 855/1056/1056
f 422/1057/1057 183/1058/1058 969/1059/1059
f 390/1060/1060 1052/1061/1061 934/1062/1062
f 1018/1063/1063 924/1064/1064 354/1065/1065
f 1018/1066/1066 1397/1067/1067 87/1068/1068
f 26/1069/1069 185/1070/1070 103/1071/1071
f 896/1072/1072 1492/1073/1073 1206/1074/1074
f 886/1075/1075 186/1076/1076 1155/1077/1077
f 917/1078/1078 1253/1079/1079 858/1080/1080
f 559/1081/1081 428/1082/1082 50/1083/1083
f 1276/1084/1084 889/1085/1085 1431/1086/1086
f 916/1087/1087 1170/1088/1088 158/1089/1089
f 1113/1090/1090 1318/1091/1091 744/1092/1092
f 611/1093/1093 470/1094/1094 1410/1095/1095
f 185/1096/1096 659/1097/1097 942/1098/1098
f 1209/1099/1099 1145/1100/1100 190/1101/1101
f 1026/1102/1102 686/1103/1103 237/1104/1104
f 1301/1105/1105 638/1106/1106 191/1107/1107
f 292/1108/1108 529/1109/1109 858/1110/1110
f 660/1111/1111 1479/1112/1112 486/1113/1113
f 1387/1114/1114 280/1115/1115 989/1116/1116
f 1342/1117/1117 678/1118/1118 802/1119/1119
f 1066/1120/1120 1305/1121/1121 382/1122/1122
f 828/1123/1123 450/1124/1124 1446/1125/1125
f 828/1126/1126 1049/1127/1127 275/1128/1128
f 589/1129/1129 1282/1130/1130 1405/1131/1131
f 15/1132/1132 640/1133/1133 187/1134/1134
f 1169/1135/1135 575/1136/1136 697/1137/1137
f 444/1138/1138 205/1139/1139 1255/1140/1140
f 197/1141/1141 1497/1142/1142 755/1143/1143
f 636/1144/1144 55/1145/1145 759/1146/1146
f 663/1147/1147 1361/1148/1148 829/1149/1149
f 78/1150/1150 416/1151/1151 287/1152/1152
f 199/1153/1153 697/1154/1154 883/1155/1155
f 1365/1156/1156 584/1157/1157 517/1158/1158
f 515/1159/1159 1294/1160/1160 496/1161/1161
f 1086/1162/1162 963/1163/1163 1081/1164/1164
f 201/1165/1165 1104/1166/1166 177/1167/1167
f 643/1168/1168 574/1169/1169 141/1170/1170
f 1009/1171/1171 1004/1172/1172 36/1173/1173
f 1262/1174/1174 480/1175/1175 310/1176/1176
f 203/1177/1177 1091/1178/1178 23/1179/1179
f 203/1180/1180 23/1181/1181 498/1182/1182
f 1346/1183/1183 204/1184/1184 332/1185/1185
f 1419/1186/1186 803/1187/1187 261/1188/1188
f 1229/1189/1189 1160/1190/1190 205/1191/1191
f 479/1192/1192 38/1193/1193 1358/1194/1194
f 724/1195/1195 945/1196/1196 206/1197/1197
f 1089/1198/1198 982/1199/1199 838/1200/1200
f 1031/1201/1201 254/1202/1202 207/1203/1203
f 726/1204/1204 273/1205/1205 1031/1206/1206
f 480/1207/1207 208/1208/1208 1114/1209/1209
f 581/1210/1210 39/1211/1211 1226/1212/1212
f 209/1213/1213 409/1214/1214 826/1215/1215
f 654/1216/1216 484/1217/1217 1077/1218/1218
f 270/1219/1219 1307/1220/1220 813/1221/1221
f 1307/1222/1222 1303/1223/1223 813/1224/1224
f 317/1225/1225 1249/1226/1226 603/1227/1227
f 818/1228/1228 1243/1229/1229 919/1230/1230
f 844/1231/1231 118/1232/1232 212/1233/1233
f 212/1234/1234 118/1235/1235 218/1236/1236
f 213/1237/1237 55/1238/1238 636/1239/1239
f 404/1240/1240 236/1241/1241 55/1242/1242
f 214/1243/1243 1240/1244/1244 1129/1245/1245
f 1182/1246/1246 77/1247/1247 59/1248/1248
f 215/1249/1249 1157/1250/1250 1151/1251/1251
f 1436/1252/1252 817/1253/1253 1443/1254/1254
f 156/1255/1255 216/1256/1256 164/1257/1257
f 718/1258/1258 509/1259/1259 846/1260/1260
f 1001/1261/1261 366/1262/1262 1429/1263/1263
f 18/1264/1264 1008/1265/1265 135/1266/1266
f 342/1267/1267 1223/1268/1268 314/1269/1269
f 68/1270/1270 1097/1271/1271 721/1272/1272
f 1109/1273/1273 297/1274/1274 994/1275/1275
f 1414/1276/1276 477/1277/1277 82/1278/1278
f 137/1279/1279 220/1280/1280 521/1281/1281
f 521/1282/1282 220/1283/1283 1295/1284/1284
f 533/1285/1285 708/1286/1286 221/1287/1287
f 2/1288/1288 1/1289/1289 768/1290/1290
f 532/1291/1291 527/1292/1292 296/1293/1293
f 296/1294/1294 910/1295/1295 532/1296/1296
f 228/1297/1297 352/1298/1298 223/1299/1299
f 11/1300/1300 171/1301/1301 985/1302/1302
f 834/1303/1303 1258/1304/1304 1284/1305/1305
f 1239/1306/1306 1234/1307/1307 1478/1308/1308
f 225/1309/1309 1181/1310/1310 747/1311/1311
f 324/1312/1312 102/1313/1313 1185/1314/1314
f 932/1315/1315 1195/1316/1316 361/1317/1317
f 1077/1318/1318 484/1319/1319 1444/1320/1320
f 18/1321/1321 1032/1322/1322 1233/1323/1323
f 135/1324/1324 1224/1325/1325 18/1326/1326
f 491/1327/1327 938/1328/1328 228/1329/1329
f 252/1330/1330 852/1331/1331 372/1332/1332
f 910/1333/1333 928/1334/1334 616/1335/1335
f 891/1336/1336 123/1337/1337 1041/1338/1338
f 542/1339/1339 1022/1340/1340 431/1341/1341
f 150/1342/1342 806/1343/1343 281/1344/1344
f 463/1345/1345 231/1346/1346 84/1347/1347
f 698/1348/1348 463/1349/1349 1080/1350/1350
f 1217/1351/1351 621/1352/1352 1075/1353/1353
f 626/1354/1354 215/1355/1355 1151/1356/1356
f 933/1357/1357 538/1358/1358 48/1359/1359
f 194/1360/1360 933/1361/1361 975/1362/1362
f 210/1363/1363 1248/1364/1364 234/1365/1365
f 541/1366/1366 1300/1367/1367 1232/1368/1368
f 291/1369/1369 235/1370/1370 80/1371/1371
f 80/1372/1372 235/1373/1373 140/1374/1374
f 519/1375/1375 753/1376/1376 1345/1377/1377
f 519/1378/1378 771/1379/1379 753/1380/1380
f 1026/1381/1381 237/1382/1382 648/1383/1383
f 96/1384/1384 577/1385/1385 513/1386/1386
f 927/1387/1387 187/1388/1388 1078/1389/1389
f 1078/1390/1390 187/1391/1391 1400/1392/1392
f 999/1393/1393 680/1394/1394 1216/1395/1395
f 321/1396/1396 530/1397/1397 1146/1398/1398
f 240/1399/1399 1252/1400/1400 89/1401/1401
f 89/1402/1402 638/1403/1403 1301/1404/1404
f 876/1405/1405 518/1406/1406 1466/1407/1407
f 929/1408/1408 246/1409/1409 1225/1410/1410
f 445/1411/1411 679/1412/1412 1015/1413/1413
f 305/1414/1414 1480/1415/1415 1000/1416/1416
f 469/1417/1417 279/1418/1418 605/1419/1419
f 473/1420/1420 1078/1421/1421 952/1422/1422
f 540/1423/1423 1034/1424/1424 193/1425/1425
f 681/1426/1426 110/1427/1427 40/1428/1428
f 461/1429/1429 146/1430/1430 343/1431/1431
f 1067/1432/1432 240/1433/1433 89/1434/1434
f 876/1435/1435 1060/1436/1436 246/1437/1437
f 514/1438/1438 599/1439/1439 1060/1440/1440
f 1269/1441/1441 1420/1442/1442 251/1443/1443
f 641/1444/1444 453/1445/1445 1386/1446/1446
f 1277/1447/1447 972/1448/1448 1140/1449/1449
f 675/1450/1450 1322/1451/1451 288/1452/1452
f 1200/1453/1453 981/1454/1454 957/1455/1455
f 981/1456/1456 1086/1457/1457 1081/1458/1458
f 438/1459/1459 824/1460/1460 46/1461/1461
f 1389/1462/1462 894/1463/1463 754/1464/1464
f 1358/1465/1465 1269/1466/1466 251/1467/1467
f 479/1468/1468 752/1469/1469 1279/1470/1470
f 949/1471/1471 692/1472/1472 661/1473/1473
f 979/1474/1474 1014/1475/1475 661/1476/1476
f 504/1477/1477 1215/1478/1478 1318/1479/1479
f 74/1480/1480 1318/1481/1481 1113/1482/1482
f 707/1483/1483 254/1484/1484 735/1485/1485
f 471/1486/1486 1190/1487/1487 1016/1488/1488
f 255/1489/1489 59/1490/1490 77/1491/1491
f 1027/1492/1492 1326/1493/1493 255/1494/1494
f 1035/1495/1495 593/1496/1496 112/1497/1497
f 517/1498/1498 355/1499/1499 1164/1500/1500
f 1402/1501/1501 731/1502/1502 1452/1503/1503
f 333/1504/1504 738/1505/1505 1402/1506/1506
f 258/1507/1507 1048/1508/1508 1278/1509/1509
f 1459/1510/1510 336/1511/1511 1417/1512/1512
f 259/1513/1513 211/1514/1514 1302/1515/1515
f 792/1516/1516 1199/1517/1517 662/1518/1518
f 852/1519/1519 949/1520/1520 41/1521/1521
f 249/1522/1522 1188/1523/1523 359/1524/1524
f 962/1525/1525 790/1526/1526 642/1527/1527
f 1479/1528/1528 1382/1529/1529 486/1530/1530
f 24/1531/1531 188/1532/1532 814/1533/1533
f 916/1534/1534 639/1535/1535 1170/1536/1536
f 1043/1537/1537 30/1538/1538 111/1539/1539
f 1267/1540/1540 17/1541/1541 710/1542/1542
f 544/1543/1543 264/1544/1544 487/1545/1545
f 1273/1546/1546 921/1547/1547 544/1548/1548
f 1154/1549/1549 1166/1550/1550 106/1551/1551
f 86/1552/1552 447/1553/1553 1023/1554/1554
f 1025/1555/1555 319/1556/1556 266/1557/1557
f 735/1558/1558 254/1559/1559 1031/1560/1560
f 124/1561/1561 984/1562/1562 871/1563/1563
f 871/1564/1564 479/1565/1565 1279/1566/1566
f 1084/1567/1567 268/1568/1568 1408/1569/1569
f 976/1570/1570 570/1571/1571 163/1572/1572
f 630/1573/1573 269/1574/1574 1299/1575/1575
f 1144/1576/1576 128/1577/1577 1350/1578/1578
f 1370/1579/1579 582/1580/1580 312/1581/1581
f 502/1582/1582 974/1583/1583 964/1584/1584
f 935/1585/1585 271/1586/1586 806/1587/1587
f 271/1588/1588 928/1589/1589 229/1590/1590
f 1320/1591/1591 1431/1592/1592 649/1593/1593
f 745/1594/1594 510/1595/1595 1183/1596/1596
f 273/1597/1597 567/1598/1598 1203/1599/1599
f 567/1600/1600 1264/1601/1601 404/1602/1602
f 778/1603/1603 274/1604/1604 1482/1605/1605
f 604/1606/1606 716/1607/1607 570/1608/1608
f 980/1609/1609 178/1610/1610 275/1611/1611
f 365/1612/1612 426/1613/1613 557/1614/1614
f 276/1615/1615 263/1616/1616 1135/1617/1617
f 794/1618/1618 1378/1619/1619 827/1620/1620
f 595/1621/1621 43/1622/1622 277/1623/1623
f 75/1624/1624 1306/1625/1625 1120/1626/1626
f 82/1627/1627 884/1628/1628 278/1629/1629
f 278/1630/1630 820/1631/1631 1161/1632/1632
f 706/1633/1633 243/1634/1634 892/1635/1635
f 459/1636/1636 257/1637/1637 622/1638/1638
f 1070/1639/1639 354/1640/1640 690/1641/1641
f 768/1642/1642 1070/1643/1643 690/1644/1644
f 281/1645/1645 548/1646/1646 230/1647/1647
f 230/1648/1648 150/1649/1649 281/1650/1650
f 1123/1651/1651 501/1652/1652 276/1653/1653
f 827/1654/1654 388/1655/1655 794/1656/1656
f 283/1657/1657 91/1658/1658 1214/1659/1659
f 427/1660/1660 283/1661/1661 476/1662/1662
f 762/1663/1663 462/1664/1664 284/1665/1665
f 287/1666/1666 627/1667/1667 903/1668/1668
f 45/1669/1669 285/1670/1670 1323/1671/1671
f 377/1672/1672 728/1673/1673 688/1674/1674
f 799/1675/1675 1332/1676/1676 922/1677/1677
f 522/1678/1678 953/1679/1679 960/1680/1680
f 287/1681/1681 897/1682/1682 627/1683/1683
f 310/1684/1684 1172/1685/1685 562/1686/1686
f 950/1687/1687 675/1688/1688 288/1689/1689
f 1144/1690/1690 1350/1691/1691 288/1692/1692
f 830/1693/1693 804/1694/1694 59/1695/1695
f 830/1696/1696 59/1697/1697 255/1698/1698
f 1192/1699/1699 116/1700/1700 781/1701/1701
f 116/1702/1702 653/1703/1703 781/1704/1704
f 175/1705/1705 527/1706/1706 1125/1707/1707
f 835/1708/1708 922/1709/1709 609/1710/1710
f 937/1711/1711 529/1712/1712 292/1713/1713
f 1283/1714/1714 1253/1715/1715 49/1716/1716
f 293/1717/1717 321/1718/1718 1140/1719/1719
f 231/1720/1720 408/1721/1721 293/1722/1722
f 1176/1723/1723 19/1724/1724 294/1725/1725
f 662/1726/1726 1199/1727/1727 503/1728/1728
f 159/1729/1729 33/1730/1730 1040/1731/1731
f 438/1732/1732 943/1733/1733 824/1734/1734
f 296/1735/1735 291/1736/1736 14/1737/1737
f 928/1738/1738 1314/1739/1739 229/1740/1740
f 297/1741/1741 566/1742/1742 732/1743/1743
f 297/1744/1744 732/1745/1745 994/1746/1746
f 298/1747/1747 903/1748/1748 907/1749/1749
f 811/1750/1750 663/1751/1751 1465/1752/1752
f 47/1753/1753 299/1754/1754 482/1755/1755
f 1175/1756/1756 546/1757/1757 965/1758/1758
f 300/1759/1759 188/1760/1760 737/1761/1761
f 274/1762/1762 495/1763/1763 737/1764/1764
f 1323/1765/1765 1372/1766/1766 301/1767/1767
f 810/1768/1768 801/1769/1769 1235/1770/1770
f 1426/1771/1771 496/1772/1772 302/1773/1773
f 1187/1774/1774 1426/1775/1775 302/1776/1776
f 682/1777/1777 303/1778/1778 671/1779/1779
f 1074/1780/1780 592/1781/1781 160/1782/1782
f 790/1783/1783 545/1784/1784 1072/1785/1785
f 261/1786/1786 545/1787/1787 790/1788/1788
f 1015/1789/1789 679/1790/1790 305/1791/1791
f 242/1792/1792 800/1793/1793 1004/1794/1794
f 467/1795/1795 1107/1796/1796 1267/1797/1797
f 1002/1798/1798 1107/1799/1799 467/1800/1800
f 307/1801/1801 776/1802/1802 54/1803/1803
f 1241/1804/1804 1235/1805/1805 904/1806/1806
f 1334/1807/1807 327/1808/1808 576/1809/1809
f 392/1810/1810 104/1811/1811 736/1812/1812
f 646/1813/1813 1496/1814/1814 309/1815/1815
f 1071/1816/1816 1016/1817/1817 1190/1818/1818
f 36/1819/1819 1262/1820/1820 310/1821/1821
f 571/1822/1822 310/1823/1823 562/1824/1824
f 1342/1825/1825 802/1826/1826 631/1827/1827
f 215/1828/1828 1167/1829/1829 316/1830/1830
f 1370/1831/1831 312/1832/1832 1307/1833/1833
f 857/1834/1834 1248/1835/1835 1307/1836/1836
f 313/1837/1837 772/1838/1838 1046/1839/1839
f 283/1840/1840 95/1841/1841 1353/1842/1842
f 314/1843/1843 1105/1844/1844 342/1845/1845
f 212/1846/1846 218/1847/1847 314/1848/1848
f 315/1849/1849 821/1850/1850 62/1851/1851
f 37/1852/1852 723/1853/1853 1333/1854/1854
f 215/1855/1855 316/1856/1856 99/1857/1857
f 99/1858/1858 316/1859/1859 892/1860/1860
f 1376/1861/1861 509/1862/1862 718/1863/1863
f 259/1864/1864 893/1865/1865 211/1866/1866
f 327/1867/1867 808/1868/1868 318/1869/1869
f 1117/1870/1870 773/1871/1871 854/1872/1872
f 319/1873/1873 1045/1874/1874 266/1875/1875
f 1141/1876/1876 702/1877/1877 109/1878/1878
f 1468/1879/1879 1053/1880/1880 320/1881/1881
f 856/1882/1882 1155/1883/1883 1130/1884/1884
f 408/1885/1885 321/1886/1886 293/1887/1887
f 90/1888/1888 1347/1889/1889 321/1890/1890
f 322/1891/1891 81/1892/1892 1365/1893/1893
f 766/1894/1894 724/1895/1895 206/1896/1896
f 323/1897/1897 709/1898/1898 478/1899/1899
f 569/1900/1900 1173/1901/1901 709/1902/1902
f 1122/1903/1903 1325/1904/1904 176/1905/1905
f 1122/1906/1906 176/1907/1907 1010/1908/1908
f 573/1909/1909 325/1910/1910 1263/1911/1911
f 666/1912/1912 1079/1913/1913 1381/1914/1914
f 6/1915/1915 146/1916/1916 1407/1917/1917
f 636/1918/1918 759/1919/1919 1497/1920/1920
f 587/1921/1921 43/1922/1922 595/1923/1923
f 318/1924/1924 863/1925/1925 587/1926/1926
f 1173/1927/1927 328/1928/1928 614/1929/1929
f 1477/1930/1930 1413/1931/1931 227/1932/1932
f 783/1933/1933 1251/1934/1934 329/1935/1935
f 488/1936/1936 1037/1937/1937 723/1938/1938
f 13/1939/1939 977/1940/1940 330/1941/1941
f 1475/1942/1942 778/1943/1943 1482/1944/1944
f 1236/1945/1945 331/1946/1946 1230/1947/1947
f 765/1948/1948 1409/1949/1949 618/1950/1950
f 114/1951/1951 332/1952/1952 1445/1953/1953
f 1093/1954/1954 114/1955/1955 825/1956/1956
f 797/1957/1957 1217/1958/1958 1075/1959/1959
f 39/1960/1960 1217/1961/1961 797/1962/1962
f 1411/1963/1963 694/1964/1964 761/1965/1965
f 704/1966/1966 1090/1967/1967 1385/1968/1968
f 329/1969/1969 1251/1970/1970 1448/1971/1971
f 1448/1972/1972 1251/1973/1973 1198/1974/1974
f 307/1975/1975 54/1976/1976 1245/1977/1977
f 54/1978/1978 224/1979/1979 617/1980/1980
f 337/1981/1981 44/1982/1982 1404/1983/1983
f 511/1984/1984 44/1985/1985 620/1986/1986
f 413/1987/1987 623/1988/1988 747/1989/1989
f 214/1990/1990 1129/1991/1991 1231/1992/1992
f 434/1993/1993 339/1994/1994 534/1995/1995
f 740/1996/1996 86/1997/1997 534/1998/1998
f 445/1999/1999 340/2000/2000 1474/2001/2001
f 829/2002/2002 1361/2003/2003 1456/2004/2004
f 194/2005/2005 92/2006/2006 341/2007/2007
f 748/2008/2008 341/2009/2009 687/2010/2010
f 342/2011/2011 1105/2012/2012 865/2013/2013
f 625/2014/2014 715/2015/2015 865/2016/2016
f 461/2017/2017 343/2018/2018 240/2019/2019
f 695/2020/2020 1246/2021/2021 240/2022/2022
f 482/2023/2023 299/2024/2024 344/2025/2025
f 840/2026/2026 763/2027/2027 154/2028/2028
f 1116/2029/2029 345/2030/2030 1242/2031/2031
f 42/2032/2032 652/2033/2033 3/2034/2034
f 346/2035/2035 1069/2036/2036 405/2037/2037
f 4/2038/2038 353/2039/2039 346/2040/2040
f 422/2041/2041 347/2042/2042 183/2043/2043
f 911/2044/2044 844/2045/2045 212/2046/2046
f 1295/2047/2047 763/2048/2048 840/2049/2049
f 845/2050/2050 635/2051/2051 536/2052/2052
f 349/2053/2053 212/2054/2054 875/2055/2055
f 1147/2056/2056 349/2057/2057 875/2058/2058
f 745/2059/2059 350/2060/2060 167/2061/2061
f 350/2062/2062 60/2063/2063 85/2064/2064
f 767/2065/2065 351/2066/2066 538/2067/2067
f 161/2068/2068 760/2069/2069 83/2070/2070
f 770/2071/2071 1339/2072/2072 352/2073/2073
f 352/2074/2074 1139/2075/2075 223/2076/2076
f 346/2077/2077 353/2078/2078 658/2079/2079
f 1449/2080/2080 786/2081/2081 94/2082/2082
f 870/2083/2083 769/2084/2084 506/2085/2085
f 1290/2086/2086 637/2087/2087 769/2088/2088
f 908/2089/2089 190/2090/2090 741/2091/2091
f 908/2092/2092 1469/2093/2093 16/2094/2094
f 510/2095/2095 745/2096/2096 167/2097/2097
f 1090/2098/2098 1411/2099/2099 761/2100/2100
f 1304/2101/2101 357/2102/2102 101/2103/2103
f 1304/2104/2104 647/2105/2105 357/2106/2106
f 358/2107/2107 978/2108/2108 758/2109/2109
f 358/2110/2110 758/2111/2111 1116/2112/2112
f 359/2113/2113 1188/2114/2114 1395/2115/2115
f 815/2116/2116 121/2117/2117 701/2118/2118
f 725/2119/2119 360/2120/2120 1211/2121/2121
f 775/2122/2122 1213/2123/2123 669/2124/2124
f 1132/2125/2125 1428/2126/2126 361/2127/2127
f 361/2128/2128 1428/2129/2129 847/2130/2130
f 462/2131/2131 762/2132/2132 1282/2133/2133
f 1287/2134/2134 356/2135/2135 694/2136/2136
f 1111/2137/2137 70/2138/2138 1423/2139/2139
f 70/2140/2140 429/2141/2141 424/2142/2142
f 364/2143/2143 360/2144/2144 725/2145/2145
f 364/2146/2146 138/2147/2147 143/2148/2148
f 1454/2149/2149 365/2150/2150 1313/2151/2151
f 1313/2152/2152 1236/2153/2153 1230/2154/2154
f 88/2155/2155 563/2156/2156 1362/2157/2157
f 1271/2158/2158 88/2159/2159 1442/2160/2160
f 316/2161/2161 367/2162/2162 892/2163/2163
f 367/2164/2164 948/2165/2165 56/2166/2166
f 1330/2167/2167 368/2168/2168 250/2169/2169
f 894/2170/2170 656/2171/2171 824/2172/2172
f 990/2173/2173 145/2174/2174 369/2175/2175
f 485/2176/2176 375/2177/2177 1288/2178/2178
f 127/2179/2179 1486/2180/2180 370/2181/2181
f 584/2182/2182 831/2183/2183 1063/2184/2184
f 614/2185/2185 21/2186/2186 371/2187/2187
f 79/2188/2188 1131/2189/2189 478/2190/2190
f 252/2191/2191 712/2192/2192 692/2193/2193
f 498/2194/2194 23/2195/2195 76/2196/2196
f 1440/2197/2197 368/2198/2198 373/2199/2199
f 60/2200/2200 31/2201/2201 1214/2202/2202
f 1190/2203/2203 471/2204/2204 374/2205/2205
f 1155/2206/2206 186/2207/2207 1130/2208/2208
f 1286/2209/2209 375/2210/2210 369/2211/2211
f 1056/2212/2212 1187/2213/2213 998/2214/2214
f 93/2215/2215 1489/2216/2216 376/2217/2217
f 558/2218/2218 1193/2219/2219 93/2220/2220
f 45/2221/2221 377/2222/2222 285/2223/2223
f 733/2224/2224 1103/2225/2225 789/2226/2226
f 1099/2227/2227 378/2228/2228 942/2229/2229
f 942/2230/2230 699/2231/2231 185/2232/2232
f 379/2233/2233 705/2234/2234 689/2235/2235
f 814/2236/2236 645/2237/2237 531/2238/2238
f 807/2239/2239 362/2240/2240 596/2241/2241
f 1366/2242/2242 57/2243/2243 161/2244/2244
f 234/2245/2245 67/2246/2246 381/2247/2247
f 148/2248/2248 234/2249/2249 881/2250/2250
f 382/2251/2251 540/2252/2252 796/2253/2253
f 382/2254/2254 796/2255/2255 232/2256/2256
f 383/2257/2257 669/2258/2258 73/2259/2259
f 885/2260/2260 1218/2261/2261 896/2262/2262
f 939/2263/2263 384/2264/2264 860/2265/2265
f 853/2266/2266 860/2267/2267 1276/2268/2268
f 1371/2269/2269 177/2270/2270 385/2271/2271
f 37/2272/2272 1333/2273/2273 385/2274/2274
f 502/2275/2275 964/2276/2276 1460/2277/2277
f 1294/2278/2278 200/2279/2279 496/2280/2280
f 251/2281/2281 387/2282/2282 460/2283/2283
f 1249/2284/2284 1021/2285/2285 216/2286/2286
f 388/2287/2287 282/2288/2288 794/2289/2289
f 1332/2290/2290 282/2291/2291 388/2292/2292
f 944/2293/2293 168/2294/2294 1168/2295/2295
f 1168/2296/2296 168/2297/2297 699/2298/2298
f 390/2299/2299 1154/2300/2300 8/2301/2301
f 390/2302/2302 8/2303/2303 183/2304/2304
f 391/2305/2305 136/2306/2306 867/2307/2307
f 1408/2308/2308 268/2309/2309 716/2310/2310
f 1427/2311/2311 104/2312/2312 392/2313/2313
f 57/2314/2314 308/2315/2315 1355/2316/2316
f 401/2317/2317 393/2318/2318 1171/2319/2319
f 818/2320/2320 893/2321/2321 1237/2322/2322
f 69/2323/2323 1137/2324/2324 1038/2325/2325
f 1017/2326/2326 1049/2327/2327 828/2328/2328
f 144/2329/2329 132/2330/2330 395/2331/2331
f 1195/2332/2332 932/2333/2333 691/2334/2334
f 637/2335/2335 554/2336/2336 396/2337/2337
f 982/2338/2338 206/2339/2339 945/2340/2340
f 34/2341/2341 397/2342/2342 508/2343/2343
f 508/2344/2344 879/2345/2345 1487/2346/2346
f 1272/2347/2347 398/2348/2348 1136/2349/2349
f 1303/2350/2350 210/2351/2351 553/2352/2352
f 1331/2353/2353 750/2354/2354 788/2355/2355
f 593/2356/2356 481/2357/2357 1359/2358/2358
f 1485/2359/2359 1341/2360/2360 182/2361/2361
f 513/2362/2362 855/2363/2363 96/2364/2364
f 401/2365/2365 812/2366/2366 393/2367/2367
f 444/2368/2368 812/2369/2369 1184/2370/2370
f 5/2371/2371 407/2372/2372 402/2373/2373
f 1468/2374/2374 320/2375/2375 1212/2376/2376
f 403/2377/2377 415/2378/2378 148/2379/2379
f 682/2380/2380 148/2381/2381 881/2382/2382
f 404/2383/2383 55/2384/2384 213/2385/2385
f 213/2386/2386 567/2387/2387 404/2388/2388
f 405/2389/2389 1091/2390/2390 203/2391/2391
f 722/2392/2392 594/2393/2393 717/2394/2394
f 121/2395/2395 925/2396/2396 701/2397/2397
f 1415/2398/2398 312/2399/2399 582/2400/2400
f 912/2401/2401 101/2402/2402 407/2403/2403
f 101/2404/2404 402/2405/2405 407/2406/2406
f 1080/2407/2407 408/2408/2408 698/2409/2409
f 408/2410/2410 90/2411/2411 321/2412/2412
f 209/2413/2413 1126/2414/2414 409/2415/2415
f 916/2416/2416 51/2417/2417 639/2418/2418
f 1004/2419/2419 410/2420/2420 36/2421/2421
f 800/2422/2422 1196/2423/2423 202/2424/2424
f 411/2425/2425 1256/2426/2426 706/2427/2427
f 376/2428/2428 1489/2429/2429 411/2430/2430
f 275/2431/2431 178/2432/2432 412/2433/2433
f 178/2434/2434 905/2435/2435 412/2436/2436
f 102/2437/2437 239/2438/2438 413/2439/2439
f 102/2440/2440 1181/2441/2441 1185/2442/2442
f 221/2443/2443 414/2444/2444 711/2445/2445
f 768/2446/2446 1/2447/2447 1128/2448/2448
f 20/2449/2449 720/2450/2450 415/2451/2451
f 403/2452/2452 805/2453/2453 415/2454/2454
f 1361/2455/2455 1349/2456/2456 1456/2457/2457
f 1456/2458/2458 610/2459/2459 1177/2460/2460
f 417/2461/2461 261/2462/2462 660/2463/2463
f 1231/2464/2464 793/2465/2465 214/2466/2466
f 122/2467/2467 1412/2468/2468 851/2469/2469
f 904/2470/2470 25/2471/2471 851/2472/2472
f 500/2473/2473 1164/2474/2474 419/2475/2475
f 16/2476/2476 1469/2477/2477 1220/2478/2478
f 58/2479/2479 420/2480/2480 72/2481/2481
f 320/2482/2482 1053/2483/2483 420/2484/2484
f 766/2485/2485 421/2486/2486 1311/2487/2487
f 493/2488/2488 3/2489/2489 993/2490/2490
f 422/2491/2491 1329/2492/2492 347/2493/2493
f 1329/2494/2494 422/2495/2495 451/2496/2496
f 358/2497/2497 423/2498/2498 978/2499/2499
f 1433/2500/2500 1486/2501/2501 127/2502/2502
f 1423/2503/2503 70/2504/2504 424/2505/2505
f 424/2506/2506 134/2507/2507 363/2508/2508
f 653/2509/2509 425/2510/2510 781/2511/2511
f 653/2512/2512 1109/2513/2513 1414/2514/2514
f 1003/2515/2515 1380/2516/2516 426/2517/2517
f 749/2518/2518 113/2519/2519 676/2520/2520
f 1348/2521/2521 1042/2522/2522 283/2523/2523
f 773/2524/2524 1042/2525/2525 854/2526/2526
f 991/2527/2527 629/2528/2528 559/2529/2529
f 133/2530/2530 1298/2531/2531 629/2532/2532
f 913/2533/2533 111/2534/2534 672/2535/2535
f 111/2536/2536 1135/2537/2537 1043/2538/2538
f 338/2539/2539 430/2540/2540 931/2541/2541
f 338/2542/2542 742/2543/2543 1129/2544/2544
f 1363/2545/2545 150/2546/2546 230/2547/2547
f 1186/2548/2548 150/2549/2549 1363/2550/2550
f 432/2551/2551 139/2552/2552 458/2553/2553
f 432/2554/2554 412/2555/2555 905/2556/2556
f 433/2557/2557 999/2558/2558 1216/2559/2559
f 843/2560/2560 1484/2561/2561 446/2562/2562
f 746/2563/2563 434/2564/2564 1158/2565/2565
f 605/2566/2566 948/2567/2567 624/2568/2568
f 832/2569/2569 836/2570/2570 328/2571/2571
f 113/2572/2572 1011/2573/2573 1180/2574/2574
f 1396/2575/2575 436/2576/2576 986/2577/2577
f 130/2578/2578 887/2579/2579 1000/2580/2580
f 843/2581/2581 446/2582/2582 442/2583/2583
f 1422/2584/2584 1495/2585/2585 1219/2586/2586
f 1124/2587/2587 1040/2588/2588 947/2589/2589
f 428/2590/2590 1124/2591/2591 947/2592/2592
f 439/2593/2593 1161/2594/2594 1300/2595/2595
f 541/2596/2596 439/2597/2597 1300/2598/2598
f 672/2599/2599 440/2600/2600 134/2601/2601
f 1165/2602/2602 774/2603/2603 474/2604/2604
f 89/2605/2605 508/2606/2606 441/2607/2607
f 441/2608/2608 899/2609/2609 89/2610/2610
f 442/2611/2611 763/2612/2612 437/2613/2613
f 437/2614/2614 843/2615/2615 442/2616/2616
f 96/2617/2617 855/2618/2618 1388/2619/2619
f 518/2620/2620 839/2621/2621 241/2622/2622
f 444/2623/2623 1229/2624/2624 205/2625/2625
f 196/2626/2626 444/2627/2627 190/2628/2628
f 445/2629/2629 198/2630/2630 1057/2631/2631
f 564/2632/2632 1057/2633/2633 760/2634/2634
f 822/2635/2635 1281/2636/2636 1010/2637/2637
f 1422/2638/2638 822/2639/2639 108/2640/2640
f 1158/2641/2641 1340/2642/2642 265/2643/2643
f 8/2644/2644 265/2645/2645 900/2646/2646
f 1316/2647/2647 299/2648/2648 448/2649/2649
f 299/2650/2650 965/2651/2651 546/2652/2652
f 449/2653/2653 652/2654/2654 42/2655/2655
f 1072/2656/2656 1207/2657/2657 304/2658/2658
f 933/2659/2659 48/2660/2660 450/2661/2661
f 1446/2662/2662 450/2663/2663 48/2664/2664
f 1048/2665/2665 258/2666/2666 451/2667/2667
f 1048/2668/2668 1121/2669/2669 447/2670/2670
f 477/2671/2671 456/2672/2672 452/2673/2673
f 1150/2674/2674 488/2675/2675 723/2676/2676
f 1420/2677/2677 1274/2678/2678 453/2679/2679
f 204/2680/2680 1346/2681/2681 655/2682/2682
f 454/2683/2683 4/2684/2684 346/2685/2685
f 981/2686/2686 1294/2687/2687 1086/2688/2688
f 67/2689/2689 959/2690/2690 381/2691/2691
f 857/2692/2692 1453/2693/2693 1248/2694/2694
f 456/2695/2695 488/2696/2696 1150/2697/2697
f 1266/2698/2698 657/2699/2699 488/2700/2700
f 1292/2701/2701 457/2702/2702 86/2703/2703
f 447/2704/2704 86/2705/2705 1048/2706/2706
f 139/2707/2707 615/2708/2708 458/2709/2709
f 920/2710/2710 458/2711/2711 1106/2712/2712
f 622/2713/2713 706/2714/2714 459/2715/2715
f 1457/2716/2716 473/2717/2717 952/2718/2718
f 460/2719/2719 387/2720/2720 32/2721/2721
f 818/2722/2722 901/2723/2723 1243/2724/2724
f 755/2725/2725 146/2726/2726 461/2727/2727
f 245/2728/2728 702/2729/2729 1141/2730/2730
f 1465/2731/2731 298/2732/2732 462/2733/2733
f 1465/2734/2734 694/2735/2735 1411/2736/2736
f 119/2737/2737 1080/2738/2738 463/2739/2739
f 84/2740/2740 915/2741/2741 463/2742/2742
f 464/2743/2743 722/2744/2744 1083/2745/2745
f 968/2746/2746 561/2747/2747 147/2748/2748
f 465/2749/2749 972/2750/2750 1277/2751/2751
f 1144/2752/2752 791/2753/2753 137/2754/2754
f 466/2755/2755 667/2756/2756 475/2757/2757
f 1153/2758/2758 1357/2759/2759 611/2760/2760
f 501/2761/2761 467/2762/2762 276/2763/2763
f 501/2764/2764 1002/2765/2765 467/2766/2766
f 832/2767/2767 468/2768/2768 836/2769/2769
f 110/2770/2770 681/2771/2771 882/2772/2772
f 469/2773/2773 605/2774/2774 7/2775/2775
f 1296/2776/2776 7/2777/2777 133/2778/2778
f 189/2779/2779 1357/2780/2780 1153/2781/2781
f 1357/2782/2782 771/2783/2783 97/2784/2784
f 49/2785/2785 374/2786/2786 471/2787/2787
f 707/2788/2788 1283/2789/2789 49/2790/2790
f 190/2791/2791 444/2792/2792 472/2793/2793
f 472/2794/2794 741/2795/2795 190/2796/2796
f 996/2797/2797 473/2798/2798 1457/2799/2799
f 927/2800/2800 996/2801/2801 991/2802/2802
f 1082/2803/2803 474/2804/2804 1309/2805/2805
f 1309/2806/2806 474/2807/2807 774/2808/2808
f 466/2809/2809 475/2810/2810 1312/2811/2811
f 1368/2812/2812 150/2813/2813 1186/2814/2814
f 476/2815/2815 68/2816/2816 155/2817/2817
f 779/2818/2818 1458/2819/2819 936/2820/2820
f 37/2821/2821 477/2822/2822 452/2823/2823
f 82/2824/2824 477/2825/2825 884/2826/2826
f 951/2827/2827 170/2828/2828 1443/2829/2829
f 951/2830/2830 733/2831/2831 170/2832/2832
f 984/2833/2833 1297/2834/2834 479/2835/2835
f 984/2836/2836 479/2837/2837 871/2838/2838
f 29/2839/2839 703/2840/2840 480/2841/2841
f 410/2842/2842 29/2843/2843 480/2844/2844
f 1359/2845/2845 1225/2846/2846 788/2847/2847
f 1225/2848/2848 246/2849/2849 399/2850/2850
f 1068/2851/2851 154/2852/2852 1219/2853/2853
f 840/2854/2854 154/2855/2855 1068/2856/2856
f 483/2857/2857 1317/2858/2858 606/2859/2859
f 598/2860/2860 318/2861/2861 1092/2862/2862
f 484/2863/2863 837/2864/2864 1444/2865/2865
f 1028/2866/2866 448/2867/2867 837/2868/2868
f 485/2869/2869 44/2870/2870 914/2871/2871
f 644/2872/2872 775/2873/2873 1096/2874/2874
f 1483/2875/2875 486/2876/2876 192/2877/2877
f 989/2878/2878 995/2879/2879 1437/2880/2880
f 801/2881/2881 487/2882/2882 1030/2883/2883
f 1308/2884/2884 1230/2885/2885 64/2886/2886
f 488/2887/2887 783/2888/2888 1037/2889/2889
f 985/2890/2890 1345/2891/2891 488/2892/2892
f 489/2893/2893 1094/2894/2894 1310/2895/2895
f 1194/2896/2896 489/2897/2897 1310/2898/2898
f 795/2899/2899 1430/2900/2900 934/2901/2901
f 1430/2902/2902 772/2903/2903 1324/2904/2904
f 1490/2905/2905 1059/2906/2906 76/2907/2907
f 1490/2908/2908 944/2909/2909 565/2910/2910
f 177/2911/2911 492/2912/2912 650/2913/2913
f 177/2914/2914 1371/2915/2915 492/2916/2916
f 961/2917/2917 42/2918/2918 3/2919/2919
f 1377/2920/2920 1207/2921/2921 961/2922/2922
f 1441/2923/2923 795/2924/2924 934/2925/2925
f 1441/2926/2926 1268/2927/2927 911/2928/2928
f 495/2929/2929 1432/2930/2930 300/2931/2931
f 495/2932/2932 300/2933/2933 737/2934/2934
f 386/2935/2935 496/2936/2936 1285/2937/2937
f 302/2938/2938 496/2939/2939 386/2940/2940
f 497/2941/2941 1147/2942/2942 875/2943/2943
f 95/2944/2944 313/2945/2945 1353/2946/2946
f 594/2947/2947 498/2948/2948 956/2949/2949
f 491/2950/2950 712/2951/2951 1059/2952/2952
f 1436/2953/2953 1443/2954/2954 868/2955/2955
f 868/2956/2956 1443/2957/2957 1259/2958/2958
f 500/2959/2959 53/2960/2960 136/2961/2961
f 945/2962/2962 838/2963/2963 982/2964/2964
f 1123/2965/2965 129/2966/2966 501/2967/2967
f 501/2968/2968 1403/2969/2969 1002/2970/2970
f 496/2971/2971 200/2972/2972 1285/2973/2973
f 1421/2974/2974 974/2975/2975 1285/2976/2976
f 294/2977/2977 1171/2978/2978 1194/2979/2979
f 393/2980/2980 1194/2981/2981 1171/2982/2982
f 74/2983/2983 482/2984/2984 504/2985/2985
f 74/2986/2986 504/2987/2987 1318/2988/2988
f 505/2989/2989 26/2990/2990 337/2991/2991
f 470/2992/2992 659/2993/2993 1410/2994/2994
f 870/2995/2995 506/2996/2996 1392/2997/2997
f 1392/2998/2998 1475/2999/2999 330/3000/3000
f 507/3001/3001 41/3002/3002 949/3003/3003
f 1014/3004/3004 949/3005/3005 661/3006/3006
f 1252/3007/3007 508/3008/3008 89/3009/3009
f 542/3010/3010 912/3011/3011 508/3012/3012
f 818/3013/3013 919/3014/3014 893/3015/3015
f 893/3016/3016 317/3017/3017 603/3018/3018
f 649/3019/3019 510/3020/3020 356/3021/3021
f 761/3022/3022 694/3023/3023 356/3024/3024
f 1100/3025/3025 511/3026/3026 620/3027/3027
f 644/3028/3028 1096/3029/3029 103/3030/3030
f 285/3031/3031 512/3032/3032 1323/3033/3033
f 1174/3034/3034 426/3035/3035 1454/3036/3036
f 1152/3037/3037 1310/3038/3038 182/3039/3039
f 400/3040/3040 1152/3041/3041 182/3042/3042
f 395/3043/3043 514/3044/3044 241/3045/3045
f 132/3046/3046 1005/3047/3047 395/3048/3048
f 573/3049/3049 1079/3050/3050 325/3051/3051
f 152/3052/3052 1087/3053/3053 1079/3054/3054
f 1268/3055/3055 516/3056/3056 118/3057/3057
f 906/3058/3058 1352/3059/3059 612/3060/3060
f 1063/3061/3061 831/3062/3062 199/3063/3063
f 199/3064/3064 355/3065/3065 1063/3066/3066
f 96/3067/3067 839/3068/3068 518/3069/3069
f 648/3070/3070 237/3071/3071 96/3072/3072
f 519/3073/3073 97/3074/3074 771/3075/3075
f 11/3076/3076 1099/3077/3077 1189/3078/3078
f 125/3079/3079 1226/3080/3080 520/3081/3081
f 1452/3082/3082 333/3083/3083 1402/3084/3084
f 27/3085/3085 1144/3086/3086 780/3087/3087
f 63/3088/3088 27/3089/3089 1390/3090/3090
f 1111/3091/3091 522/3092/3092 827/3093/3093
f 835/3094/3094 609/3095/3095 522/3096/3096
f 523/3097/3097 295/3098/3098 106/3099/3099
f 947/3100/3100 295/3101/3101 1337/3102/3102
f 524/3103/3103 1134/3104/3104 966/3105/3105
f 10/3106/3106 1367/3107/3107 1426/3108/3108
f 525/3109/3109 373/3110/3110 772/3111/3111
f 1440/3112/3112 373/3113/3113 525/3114/3114
f 526/3115/3115 1299/3116/3116 269/3117/3117
f 1101/3118/3118 1144/3119/3119 27/3120/3120
f 527/3121/3121 291/3122/3122 296/3123/3123
f 835/3124/3124 522/3125/3125 1111/3126/3126
f 878/3127/3127 1406/3128/3128 309/3129/3129
f 878/3130/3130 309/3131/3131 1496/3132/3132
f 529/3133/3133 1162/3134/3134 402/3135/3135
f 89/3136/3136 1162/3137/3137 638/3138/3138
f 530/3139/3139 999/3140/3140 433/3141/3141
f 1006/3142/3142 156/3143/3143 164/3144/3144
f 117/3145/3145 737/3146/3146 531/3147/3147
f 379/3148/3148 689/3149/3149 531/3150/3150
f 1125/3151/3151 527/3152/3152 532/3153/3153
f 123/3154/3154 1125/3155/3155 532/3156/3156
f 533/3157/3157 221/3158/3158 711/3159/3159
f 1240/3160/3160 126/3161/3161 430/3162/3162
f 534/3163/3163 1158/3164/3164 434/3165/3165
f 1158/3166/3166 1023/3167/3167 1340/3168/3168
f 1396/3169/3169 535/3170/3170 436/3171/3171
f 1265/3172/3172 713/3173/3173 920/3174/3174
f 348/3175/3175 1291/3176/3176 536/3177/3177
f 536/3178/3178 714/3179/3179 348/3180/3180
f 174/3181/3181 537/3182/3182 6/3183/3183
f 695/3184/3184 6/3185/3185 1022/3186/3186
f 1127/3187/3187 760/3188/3188 161/3189/3189
f 161/3190/3190 57/3191/3191 1273/3192/3192
f 715/3193/3193 539/3194/3194 918/3195/3195
f 1306/3196/3196 75/3197/3197 918/3198/3198
f 1305/3199/3199 540/3200/3200 382/3201/3201
f 882/3202/3202 681/3203/3203 244/3204/3204
f 959/3205/3205 541/3206/3206 381/3207/3207
f 455/3208/3208 439/3209/3209 541/3210/3210
f 230/3211/3211 912/3212/3212 542/3213/3213
f 230/3214/3214 542/3215/3215 1363/3216/3216
f 239/3217/3217 685/3218/3218 1027/3219/3219
f 239/3220/3220 1027/3221/3221 413/3222/3222
f 1033/3223/3223 1273/3224/3224 544/3225/3225
f 618/3226/3226 1409/3227/3227 544/3228/3228
f 545/3229/3229 798/3230/3230 1072/3231/3231
f 1419/3232/3232 798/3233/3233 803/3234/3234
f 299/3235/3235 546/3236/3236 448/3237/3237
f 837/3238/3238 448/3239/3239 1143/3240/3240
f 516/3241/3241 71/3242/3242 547/3243/3243
f 547/3244/3244 71/3245/3245 451/3246/3246
f 912/3247/3247 548/3248/3248 101/3249/3249
f 548/3250/3250 912/3251/3251 230/3252/3252
f 88/3253/3253 549/3254/3254 563/3255/3255
f 549/3256/3256 169/3257/3257 986/3258/3258
f 607/3259/3259 131/3260/3260 550/3261/3261
f 22/3262/3262 550/3263/3263 131/3264/3264
f 551/3265/3265 480/3266/3266 1114/3267/3267
f 1172/3268/3268 970/3269/3269 1098/3270/3270
f 221/3271/3271 552/3272/3272 1205/3273/3273
f 552/3274/3274 13/3275/3275 1205/3276/3276
f 553/3277/3277 234/3278/3278 166/3279/3279
f 1088/3280/3280 553/3281/3281 1136/3282/3282
f 554/3283/3283 206/3284/3284 396/3285/3285
f 554/3286/3286 766/3287/3287 206/3288/3288
f 1211/3289/3289 1218/3290/3290 997/3291/3291
f 1383/3292/3292 1211/3293/3293 997/3294/3294
f 606/3295/3295 1317/3296/3296 350/3297/3297
f 167/3298/3298 350/3299/3299 1317/3300/3300
f 557/3301/3301 1375/3302/3302 1481/3303/3303
f 1380/3304/3304 980/3305/3305 1375/3306/3306
f 558/3307/3307 93/3308/3308 376/3309/3309
f 738/3310/3310 797/3311/3311 1075/3312/3312
f 874/3313/3313 15/3314/3314 187/3315/3315
f 187/3316/3316 809/3317/3317 874/3318/3318
f 23/3319/3319 725/3320/3320 560/3321/3321
f 1383/3322/3322 555/3323/3323 23/3324/3324
f 561/3325/3325 464/3326/3326 147/3327/3327
f 561/3328/3328 346/3329/3329 464/3330/3330
f 562/3331/3331 1172/3332/3332 756/3333/3333
f 287/3334/3334 416/3335/3335 1029/3336/3336
f 549/3337/3337 366/3338/3338 563/3339/3339
f 366/3340/3340 217/3341/3341 563/3342/3342
f 445/3343/3343 1057/3344/3344 564/3345/3345
f 564/3346/3346 679/3347/3347 445/3348/3348
f 565/3349/3349 944/3350/3350 389/3351/3351
f 770/3352/3352 389/3353/3353 378/3354/3354
f 566/3355/3355 41/3356/3356 507/3357/3357
f 1395/3358/3358 572/3359/3359 701/3360/3360
f 567/3361/3361 165/3362/3362 1203/3363/3363
f 165/3364/3364 567/3365/3365 213/3366/3366
f 1386/3367/3367 453/3368/3368 332/3369/3369
f 804/3370/3370 1093/3371/3371 825/3372/3372
f 1064/3373/3373 569/3374/3374 323/3375/3375
f 569/3376/3376 709/3377/3377 323/3378/3378
f 570/3379/3379 716/3380/3380 268/3381/3381
f 750/3382/3382 1331/3383/3383 268/3384/3384
f 36/3385/3385 310/3386/3386 571/3387/3387
f 1177/3388/3388 571/3389/3389 1456/3390/3390
f 572/3391/3391 41/3392/3392 566/3393/3393
f 572/3394/3394 566/3395/3395 653/3396/3396
f 573/3397/3397 107/3398/3398 1079/3399/3399
f 971/3400/3400 107/3401/3401 573/3402/3402
f 820/3403/3403 278/3404/3404 201/3405/3405
f 201/3406/3406 1364/3407/3407 592/3408/3408
f 697/3409/3409 575/3410/3410 883/3411/3411
f 196/3412/3412 1229/3413/3413 444/3414/3414
f 104/3415/3415 751/3416/3416 75/3417/3417
f 1427/3418/3418 1434/3419/3419 104/3420/3420
f 577/3421/3421 1176/3422/3422 294/3423/3423
f 96/3424/3424 237/3425/3425 577/3426/3426
f 578/3427/3427 135/3428/3428 1008/3429/3429
f 61/3430/3430 135/3431/3431 578/3432/3432
f 1415/3433/3433 579/3434/3434 312/3435/3435
f 312/3436/3436 857/3437/3437 1307/3438/3438
f 494/3439/3439 212/3440/3440 580/3441/3441
f 1110/3442/3442 212/3443/3443 349/3444/3444
f 756/3445/3445 581/3446/3446 125/3447/3447
f 581/3448/3448 1226/3449/3449 125/3450/3450
f 684/3451/3451 582/3452/3452 406/3453/3453
f 1200/3454/3454 957/3455/3455 406/3456/3456
f 29/3457/3457 583/3458/3458 703/3459/3459
f 590/3460/3460 583/3461/3461 1008/3462/3462
f 65/3463/3463 127/3464/3464 1369/3465/3465
f 127/3466/3466 370/3467/3467 1369/3468/3468
f 1458/3469/3469 585/3470/3470 936/3471/3471
f 1343/3472/3472 585/3473/3473 863/3474/3474
f 122/3475/3475 586/3476/3476 1412/3477/3477
f 418/3478/3478 1115/3479/3479 789/3480/3480
f 587/3481/3481 1434/3482/3482 327/3483/3483
f 327/3484/3484 318/3485/3485 587/3486/3486
f 1199/3487/3487 792/3488/3488 588/3489/3489
f 1485/3490/3490 787/3491/3491 630/3492/3492
f 1400/3493/3493 589/3494/3494 149/3495/3495
f 187/3496/3496 640/3497/3497 1400/3498/3498
f 583/3499/3499 590/3500/3500 703/3501/3501
f 1066/3502/3502 382/3503/3503 157/3504/3504
f 751/3505/3505 591/3506/3506 75/3507/3507
f 587/3508/3508 595/3509/3509 1142/3510/3510
f 574/3511/3511 201/3512/3512 592/3513/3513
f 574/3514/3514 592/3515/3515 1074/3516/3516
f 256/3517/3517 481/3518/3518 593/3519/3519
f 1469/3520/3520 908/3521/3521 1026/3522/3522
f 722/3523/3523 203/3524/3524 594/3525/3525
f 594/3526/3526 203/3527/3527 498/3528/3528
f 591/3529/3529 1336/3530/3530 75/3531/3531
f 75/3532/3532 1336/3533/3533 918/3534/3534
f 308/3535/3535 57/3536/3536 596/3537/3537
f 1366/3538/3538 596/3539/3539 57/3540/3540
f 731/3541/3541 1402/3542/3542 1394/3543/3543
f 149/3544/3544 890/3545/3545 195/3546/3546
f 598/3547/3547 992/3548/3548 1315/3549/3549
f 350/3550/3550 85/3551/3551 606/3552/3552
f 1060/3553/3553 599/3554/3554 1399/3555/3555
f 847/3556/3556 399/3557/3557 1399/3558/3558
f 14/3559/3559 80/3560/3560 600/3561/3561
f 296/3562/3562 14/3563/3563 1314/3564/3564
f 823/3565/3565 652/3566/3566 449/3567/3567
f 798/3568/3568 1227/3569/3569 1072/3570/3570
f 1424/3571/3571 602/3572/3572 326/3573/3573
f 6/3574/3574 602/3575/3575 174/3576/3576
f 603/3577/3577 1249/3578/3578 216/3579/3579
f 1280/3580/3580 216/3581/3581 156/3582/3582
f 778/3583/3583 604/3584/3584 274/3585/3585
f 274/3586/3586 604/3587/3587 495/3588/3588
f 56/3589/3589 948/3590/3590 605/3591/3591
f 279/3592/3592 56/3593/3593 605/3594/3594
f 606/3595/3595 992/3596/3596 598/3597/3597
f 606/3598/3598 598/3599/3599 1092/3600/3600
f 613/3601/3601 607/3602/3602 423/3603/3603
f 423/3604/3604 973/3605/3605 978/3606/3606
f 174/3607/3607 902/3608/3608 537/3609/3609
f 174/3610/3610 602/3611/3611 902/3612/3612
f 609/3613/3613 922/3614/3614 1332/3615/3615
f 953/3616/3616 1332/3617/3617 388/3618/3618
f 850/3619/3619 1118/3620/3620 610/3621/3621
f 1474/3622/3622 340/3623/3623 1349/3624/3624
f 1153/3625/3625 891/3626/3626 667/3627/3627
f 891/3628/3628 1041/3629/3629 66/3630/3630
f 218/3631/3631 906/3632/3632 612/3633/3633
f 314/3634/3634 218/3635/3635 1105/3636/3636
f 131/3637/3637 607/3638/3638 613/3639/3639
f 131/3640/3640 613/3641/3641 22/3642/3642
f 79/3643/3643 614/3644/3644 371/3645/3645
f 709/3646/3646 1173/3647/3647 614/3648/3648
f 458/3649/3649 615/3650/3650 61/3651/3651
f 615/3652/3652 1224/3653/3653 61/3654/3654
f 1493/3655/3655 66/3656/3656 616/3657/3657
f 271/3658/3658 616/3659/3659 928/3660/3660
f 1245/3661/3661 54/3662/3662 617/3663/3663
f 336/3664/3664 617/3665/3665 865/3666/3666
f 618/3667/3667 544/3668/3668 487/3669/3669
f 64/3670/3670 1230/3671/3671 487/3672/3672
f 955/3673/3673 619/3674/3674 58/3675/3675
f 1321/3676/3676 398/3677/3677 1272/3678/3678
f 620/3679/3679 337/3680/3680 26/3681/3681
f 44/3682/3682 337/3683/3683 620/3684/3684
f 157/3685/3685 232/3686/3686 1447/3687/3687
f 1293/3688/3688 631/3689/3689 626/3690/3690
f 622/3691/3691 411/3692/3692 706/3693/3693
f 376/3694/3694 411/3695/3695 1275/3696/3696
f 255/3697/3697 77/3698/3698 623/3699/3699
f 77/3700/3700 793/3701/3701 1231/3702/3702
f 629/3703/3703 1054/3704/3704 1462/3705/3705
f 1054/3706/3706 434/3707/3707 746/3708/3708
f 617/3709/3709 625/3710/3710 865/3711/3711
f 625/3712/3712 617/3713/3713 539/3714/3714
f 1193/3715/3715 1293/3716/3716 626/3717/3717
f 1193/3718/3718 626/3719/3719 93/3720/3720
f 627/3721/3721 149/3722/3722 162/3723/3723
f 162/3724/3724 284/3725/3725 627/3726/3726
f 308/3727/3727 628/3728/3728 576/3729/3729
f 308/3730/3730 596/3731/3731 1148/3732/3732
f 428/3733/3733 559/3734/3734 629/3735/3735
f 629/3736/3736 1462/3737/3737 428/3738/3738
f 630/3739/3739 787/3740/3740 128/3741/3741
f 1144/3742/3742 630/3743/3743 128/3744/3744
f 631/3745/3745 215/3746/3746 626/3747/3747
f 631/3748/3748 802/3749/3749 215/3750/3750
f 1027/3751/3751 255/3752/3752 632/3753/3753
f 632/3754/3754 255/3755/3755 623/3756/3756
f 990/3757/3757 369/3758/3758 799/3759/3759
f 369/3760/3760 375/3761/3761 1470/3762/3762
f 634/3763/3763 305/3764/3764 1271/3765/3765
f 1015/3766/3766 305/3767/3767 634/3768/3768
f 926/3769/3769 536/3770/3770 635/3771/3771
f 63/3772/3772 654/3773/3773 1257/3774/3774
f 636/3775/3775 1497/3776/3776 197/3777/3777
f 213/3778/3778 636/3779/3779 1374/3780/3780
f 993/3781/3781 987/3782/3782 87/3783/3783
f 87/3784/3784 924/3785/3785 1018/3786/3786
f 638/3787/3787 529/3788/3788 191/3789/3789
f 638/3790/3790 1162/3791/3791 529/3792/3792
f 639/3793/3793 814/3794/3794 188/3795/3795
f 744/3796/3796 700/3797/3797 262/3798/3798
f 589/3799/3799 1400/3800/3800 640/3801/3801
f 1282/3802/3802 589/3803/3803 640/3804/3804
f 1420/3805/3805 453/3806/3806 641/3807/3807
f 247/3808/3808 1473/3809/3809 105/3810/3810
f 642/3811/3811 1377/3812/3812 1391/3813/3813
f 120/3814/3814 184/3815/3815 1463/3816/3816
f 439/3817/3817 842/3818/3818 1161/3819/3819
f 1161/3820/3820 82/3821/3821 278/3822/3822
f 185/3823/3823 644/3824/3824 103/3825/3825
f 1492/3826/3826 644/3827/3827 1206/3828/3828
f 531/3829/3829 645/3830/3830 379/3831/3831
f 880/3832/3832 379/3833/3833 645/3834/3834
f 1364/3835/3835 650/3836/3836 646/3837/3837
f 1062/3838/3838 52/3839/3839 1425/3840/3840
f 774/3841/3841 647/3842/3842 1304/3843/3843
f 1238/3844/3844 30/3845/3845 1356/3846/3846
f 1351/3847/3847 518/3848/3848 35/3849/3849
f 518/3850/3850 1351/3851/3851 96/3852/3852
f 649/3853/3853 1431/3854/3854 889/3855/3855
f 745/3856/3856 1183/3857/3857 272/3858/3858
f 954/3859/3859 52/3860/3860 650/3861/3861
f 650/3862/3862 52/3863/3863 1062/3864/3864
f 84/3865/3865 1302/3866/3866 915/3867/3867
f 792/3868/3868 787/3869/3869 588/3870/3870
f 358/3871/3871 1116/3872/3872 652/3873/3873
f 823/3874/3874 358/3875/3875 652/3876/3876
f 1109/3877/3877 1254/3878/3878 297/3879/3879
f 1254/3880/3880 566/3881/3881 297/3882/3882
f 1418/3883/3883 635/3884/3884 1028/3885/3885
f 1418/3886/3886 926/3887/3887 635/3888/3888
f 1274/3889/3889 655/3890/3890 1346/3891/3891
f 655/3892/3892 100/3893/3893 613/3894/3894
f 656/3895/3895 46/3896/3896 824/3897/3897
f 1389/3898/3898 384/3899/3899 939/3900/3900
f 657/3901/3901 219/3902/3902 1204/3903/3903
f 223/3904/3904 11/3905/3905 985/3906/3906
f 143/3907/3907 1449/3908/3908 364/3909/3909
f 405/3910/3910 1069/3911/3911 1091/3912/3912
f 26/3913/3913 505/3914/3914 659/3915/3915
f 659/3916/3916 185/3917/3917 26/3918/3918
f 793/3919/3919 660/3920/3920 214/3921/3921
f 214/3922/3922 1483/3923/3923 192/3924/3924
f 661/3925/3925 692/3926/3926 1261/3927/3927
f 1204/3928/3928 661/3929/3929 1261/3930/3930
f 662/3931/3931 259/3932/3932 651/3933/3933
f 696/3934/3934 259/3935/3935 662/3936/3936
f 663/3937/3937 829/3938/3938 898/3939/3939
f 663/3940/3940 898/3941/3941 1465/3942/3942
f 460/3943/3943 664/3944/3944 251/3945/3945
f 1279/3946/3946 752/3947/3947 251/3948/3948
f 705/3949/3949 330/3950/3950 665/3951/3951
f 1482/3952/3952 274/3953/3953 665/3954/3954
f 1381/3955/3955 1270/3956/3956 666/3957/3957
f 1222/3958/3958 1294/3959/3959 1270/3960/3960
f 667/3961/3961 66/3962/3962 1493/3963/3963
f 891/3964/3964 66/3965/3965 667/3966/3966
f 48/3967/3967 394/3968/3968 668/3969/3969
f 1137/3970/3970 69/3971/3971 1017/3972/3972
f 669/3973/3973 360/3974/3974 94/3975/3975
f 360/3976/3976 669/3977/3977 383/3978/3978
f 137/3979/3979 465/3980/3980 1020/3981/3981
f 137/3982/3982 1020/3983/3983 220/3984/3984
f 671/3985/3985 1406/3986/3986 1133/3987/3987
f 1074/3988/3988 160/3989/3989 671/3990/3990
f 424/3991/3991 672/3992/3992 134/3993/3993
f 424/3994/3994 913/3995/3995 672/3996/3996
f 673/3997/3997 1250/3998/3998 410/3999/3999
f 202/4000/4000 673/4001/4001 410/4002/4002
f 674/4003/4003 607/4004/4004 1297/4005/4005
f 205/4006/4006 1160/4007/4007 1297/4008/4008
f 675/4009/4009 950/4010/4010 248/4011/4011
f 1322/4012/4012 675/4013/4013 972/4014/4014
f 1174/4015/4015 676/4016/4016 426/4017/4017
f 426/4018/4018 676/4019/4019 1003/4020/4020
f 677/4021/4021 1312/4022/4022 1368/4023/4023
f 608/4024/4024 1312/4025/4025 677/4026/4026
f 678/4027/4027 40/4028/4028 1064/4029/4029
f 1034/4030/4030 681/4031/4031 40/4032/4032
f 679/4033/4033 1480/4034/4034 305/4035/4035
f 564/4036/4036 130/4037/4037 679/4038/4038
f 757/4039/4039 105/4040/4040 680/4041/4041
f 1216/4042/4042 680/4043/4043 685/4044/4044
f 681/4045/4045 1034/4046/4046 540/4047/4047
f 681/4048/4048 540/4049/4049 244/4050/4050
f 682/4051/4051 671/4052/4052 1344/4053/4053
f 682/4054/4054 403/4055/4055 148/4056/4056
f 285/4057/4057 683/4058/4058 512/4059/4059
f 683/4060/4060 1372/4061/4061 512/4062/4062
f 684/4063/4063 925/4064/4064 121/4065/4065
f 1415/4066/4066 121/4067/4067 579/4068/4068
f 680/4069/4069 105/4070/4070 685/4071/4071
f 105/4072/4072 1473/4073/4073 940/4074/4074
f 472/4075/4075 686/4076/4076 741/4077/4077
f 1159/4078/4078 19/4079/4079 686/4080/4080
f 1112/4081/4081 92/4082/4082 432/4083/4083
f 341/4084/4084 92/4085/4085 1112/4086/4086
f 377/4087/4087 688/4088/4088 285/4089/4089
f 1494/4090/4090 749/4091/4091 1174/4092/4092
f 689/4093/4093 117/4094/4094 531/4095/4095
f 689/4096/4096 665/4097/4097 117/4098/4098
f 768/4099/4099 690/4100/4100 2/4101/4101
f 690/4102/4102 1290/4103/4103 2/4104/4104
f 132/4105/4105 691/4106/4106 1005/4107/4107
f 1257/4108/4108 654/4109/4109 691/4110/4110
f 692/4111/4111 491/4112/4112 1261/4113/4113
f 692/4114/4114 712/4115/4115 491/4116/4116
f 1258/4117/4117 693/4118/4118 1284/4119/4119
f 224/4120/4120 736/4121/4121 617/4122/4122
f 1465/4123/4123 462/4124/4124 694/4125/4125
f 694/4126/4126 462/4127/4127 1282/4128/4128
f 343/4129/4129 695/4130/4130 240/4131/4131
f 343/4132/4132 146/4133/4133 695/4134/4134
f 696/4135/4135 662/4136/4136 393/4137/4137
f 812/4138/4138 696/4139/4139 393/4140/4140
f 697/4141/4141 862/4142/4142 1169/4143/4143
f 370/4144/4144 831/4145/4145 1369/4146/4146
f 698/4147/4147 231/4148/4148 463/4149/4149
f 231/4150/4150 698/4151/4151 408/4152/4152
f 378/4153/4153 699/4154/4154 942/4155/4155
f 699/4156/4156 378/4157/4157 1168/4158/4158
f 262/4159/4159 700/4160/4160 253/4161/4161
f 1318/4162/4162 176/4163/4163 253/4164/4164
f 359/4165/4165 1395/4166/4166 701/4167/4167
f 925/4168/4168 359/4169/4169 701/4170/4170
f 245/4171/4171 1067/4172/4172 702/4173/4173
f 1067/4174/4174 89/4175/4175 1301/4176/4176
f 590/4177/4177 157/4178/4178 703/4179/4179
f 703/4180/4180 157/4181/4181 208/4182/4182
f 704/4183/4183 1148/4184/4184 729/4185/4185
f 334/4186/4186 1090/4187/4187 704/4188/4188
f 946/4189/4189 330/4190/4190 705/4191/4191
f 172/4192/4192 946/4193/4193 1373/4194/4194
f 706/4195/4195 892/4196/4196 1451/4197/4197
f 1451/4198/4198 459/4199/4199 706/4200/4200
f 471/4201/4201 707/4202/4202 49/4203/4203
f 254/4204/4204 707/4205/4205 471/4206/4206
f 708/4207/4207 1070/4208/4208 768/4209/4209
f 1437/4210/4210 995/4211/4211 708/4212/4212
f 709/4213/4213 79/4214/4214 478/4215/4215
f 709/4216/4216 614/4217/4217 79/4218/4218
f 1360/4219/4219 710/4220/4220 1321/4221/4221
f 1267/4222/4222 710/4223/4223 1360/4224/4224
f 126/4225/4225 711/4226/4226 414/4227/4227
f 126/4228/4228 1240/4229/4229 711/4230/4230
f 252/4231/4231 372/4232/4232 712/4233/4233
f 594/4234/4234 956/4235/4235 1019/4236/4236
f 1112/4237/4237 432/4238/4238 713/4239/4239
f 1265/4240/4240 687/4241/4241 713/4242/4242
f 714/4243/4243 521/4244/4244 348/4245/4245
f 27/4246/4246 780/4247/4247 1390/4248/4248
f 865/4249/4249 715/4250/4250 342/4251/4251
f 715/4252/4252 98/4253/4253 342/4254/4254
f 716/4255/4255 391/4256/4256 867/4257/4257
f 1228/4258/4258 778/4259/4259 1475/4260/4260
f 147/4261/4261 1083/4262/4262 1208/4263/4263
f 147/4264/4264 464/4265/4265 1083/4266/4266
f 846/4267/4267 156/4268/4268 1347/4269/4269
f 1347/4270/4270 156/4271/4271 1006/4272/4272
f 719/4273/4273 172/4274/4274 1373/4275/4275
f 1325/4276/4276 1122/4277/4277 1036/4278/4278
f 186/4279/4279 1012/4280/4280 720/4281/4281
f 186/4282/4282 720/4283/4283 1130/4284/4284
f 155/4285/4285 721/4286/4286 923/4287/4287
f 1223/4288/4288 342/4289/4289 98/4290/4290
f 722/4291/4291 405/4292/4292 203/4293/4293
f 464/4294/4294 405/4295/4295 722/4296/4296
f 723/4297/4297 1061/4298/4298 315/4299/4299
f 1338/4300/4300 723/4301/4301 315/4302/4302
f 1365/4303/4303 517/4304/4304 724/4305/4305
f 322/4306/4306 1365/4307/4307 724/4308/4308
f 364/4309/4309 725/4310/4310 138/4311/4311
f 1247/4312/4312 138/4313/4313 725/4314/4314
f 1031/4315/4315 207/4316/4316 726/4317/4317
f 1425/4318/4318 52/4319/4319 726/4320/4320
f 527/4321/4321 727/4322/4322 291/4323/4323
f 727/4324/4324 235/4325/4325 291/4326/4326
f 371/4327/4327 688/4328/4328 728/4329/4329
f 79/4330/4330 371/4331/4331 1131/4332/4332
f 334/4333/4333 729/4334/4334 1465/4335/4335
f 704/4336/4336 729/4337/4337 334/4338/4338
f 1361/4339/4339 663/4340/4340 730/4341/4341
f 198/4342/4342 730/4343/4343 1202/4344/4344
f 1328/4345/4345 1461/4346/4346 149/4347/4347
f 627/4348/4348 1328/4349/4349 149/4350/4350
f 732/4351/4351 1014/4352/4352 979/4353/4353
f 994/4354/4354 732/4355/4355 219/4356/4356
f 1131/4357/4357 377/4358/4358 733/4359/4359
f 733/4360/4360 377/4361/4361 1103/4362/4362
f 739/4363/4363 1197/4364/4364 734/4365/4365
f 1197/4366/4366 502/4367/4367 1460/4368/4368
f 735/4369/4369 1354/4370/4370 707/4371/4371
f 109/4372/4372 1045/4373/4373 319/4374/4374
f 1478/4375/4375 392/4376/4376 736/4377/4377
f 224/4378/4378 693/4379/4379 736/4380/4380
f 737/4381/4381 188/4382/4382 24/4383/4383
f 531/4384/4384 737/4385/4385 24/4386/4386
f 558/4387/4387 376/4388/4388 738/4389/4389
f 376/4390/4390 1275/4391/4391 738/4392/4392
f 998/4393/4393 302/4394/4394 739/4395/4395
f 302/4396/4396 386/4397/4397 739/4398/4398
f 339/4399/4399 740/4400/4400 534/4401/4401
f 1039/4402/4402 740/4403/4403 339/4404/4404
f 1026/4405/4405 648/4406/4406 256/4407/4407
f 1026/4408/4408 256/4409/4409 593/4410/4410
f 747/4411/4411 623/4412/4412 742/4413/4413
f 623/4414/4414 77/4415/4415 1231/4416/4416
f 1104/4417/4417 884/4418/4418 743/4419/4419
f 177/4420/4420 1104/4421/4421 743/4422/4422
f 639/4423/4423 744/4424/4424 262/4425/4425
f 51/4426/4426 744/4427/4427 639/4428/4428
f 60/4429/4429 958/4430/4430 31/4431/4431
f 350/4432/4432 958/4433/4433 60/4434/4434
f 33/4435/4435 1054/4436/4436 746/4437/4437
f 33/4438/4438 746/4439/4439 1040/4440/4440
f 747/4441/4441 742/4442/4442 338/4443/4443
f 225/4444/4444 747/4445/4445 1467/4446/4446
f 173/4447/4447 748/4448/4448 687/4449/4449
f 173/4450/4450 767/4451/4451 748/4452/4452
f 21/4453/4453 1416/4454/4454 688/4455/4455
f 1011/4456/4456 1416/4457/4457 21/4458/4458
f 1359/4459/4459 788/4460/4460 750/4461/4461
f 1035/4462/4462 112/4463/4463 1084/4464/4464
f 576/4465/4465 1434/4466/4466 1427/4467/4467
f 327/4468/4468 1434/4469/4469 576/4470/4470
f 38/4471/4471 22/4472/4472 1358/4473/4473
f 22/4474/4474 1269/4475/4475 1358/4476/4476
f 753/4477/4477 189/4478/4478 335/4479/4479
f 1251/4480/4480 783/4481/4481 753/4482/4482
f 894/4483/4483 1440/4484/4484 754/4485/4485
f 958/4486/4486 754/4487/4487 31/4488/4488
f 755/4489/4489 461/4490/4490 245/4491/4491
f 1141/4492/4492 1149/4493/4493 245/4494/4494
f 287/4495/4495 1029/4496/4496 756/4497/4497
f 756/4498/4498 897/4499/4499 287/4500/4500
f 757/4501/4501 387/4502/4502 105/4503/4503
f 1021/4504/4504 32/4505/4505 387/4506/4506
f 758/4507/4507 978/4508/4508 345/4509/4509
f 758/4510/4510 345/4511/4511 1116/4512/4512
f 759/4513/4513 1424/4514/4514 326/4515/4515
f 759/4516/4516 326/4517/4517 1497/4518/4518
f 1127/4519/4519 351/4520/4520 760/4521/4521
f 351/4522/4522 1179/4523/4523 760/4524/4524
f 761/4525/4525 510/4526/4526 167/4527/4527
f 510/4528/4528 761/4529/4529 356/4530/4530
f 762/4531/4531 284/4532/4532 162/4533/4533
f 1405/4534/4534 162/4535/4535 589/4536/4536
f 763/4537/4537 1024/4538/4538 437/4539/4539
f 1295/4540/4540 220/4541/4541 763/4542/4542
f 1256/4543/4543 99/4544/4544 243/4545/4545
f 1256/4546/4546 243/4547/4547 706/4548/4548
f 331/4549/4549 765/4550/4550 1230/4551/4551
f 1476/4552/4552 1044/4553/4553 331/4554/4554
f 1311/4555/4555 1242/4556/4556 766/4557/4557
f 766/4558/4558 322/4559/4559 724/4560/4560
f 767/4561/4561 233/4562/4562 748/4563/4563
f 538/4564/4564 933/4565/4565 767/4566/4566
f 708/4567/4567 768/4568/4568 221/4569/4569
f 552/4570/4570 221/4571/4571 768/4572/4572
f 28/4573/4573 769/4574/4574 180/4575/4575
f 637/4576/4576 180/4577/4577 769/4578/4578
f 565/4579/4579 389/4580/4580 770/4581/4581
f 938/4582/4582 565/4583/4583 770/4584/4584
f 771/4585/4585 1357/4586/4586 189/4587/4587
f 771/4588/4588 189/4589/4589 753/4590/4590
f 525/4591/4591 772/4592/4592 95/4593/4593
f 95/4594/4594 772/4595/4595 313/4596/4596
f 318/4597/4597 1343/4598/4598 863/4599/4599
f 318/4600/4600 598/4601/4601 1343/4602/4602
f 134/4603/4603 440/4604/4604 774/4605/4605
f 774/4606/4606 440/4607/4607 647/4608/4608
f 485/4609/4609 775/4610/4610 1134/4611/4611
f 775/4612/4612 485/4613/4613 914/4614/4614
f 25/4615/4615 776/4616/4616 307/4617/4617
f 1235/4618/4618 801/4619/4619 776/4620/4620
f 1192/4621/4621 781/4622/4622 777/4623/4623
f 777/4624/4624 290/4625/4625 455/4626/4626
f 778/4627/4627 716/4628/4628 604/4629/4629
f 1228/4630/4630 716/4631/4631 778/4632/4632
f 779/4633/4633 155/4634/4634 923/4635/4635
f 779/4636/4636 936/4637/4637 155/4638/4638
f 780/4639/4639 137/4640/4640 521/4641/4641
f 780/4642/4642 521/4643/4643 714/4644/4644
f 777/4645/4645 781/4646/4646 290/4647/4647
f 290/4648/4648 781/4649/4649 425/4650/4650
f 1236/4651/4651 782/4652/4652 331/4653/4653
f 557/4654/4654 782/4655/4655 365/4656/4656
f 783/4657/4657 1345/4658/4658 753/4659/4659
f 488/4660/4660 1345/4661/4661 783/4662/4662
f 1476/4663/4663 69/4664/4664 1044/4665/4665
f 1017/4666/4666 69/4667/4667 1476/4668/4668
f 785/4669/4669 847/4670/4670 163/4671/4671
f 785/4672/4672 163/4673/4673 570/4674/4674
f 658/4675/4675 353/4676/4676 786/4677/4677
f 971/4678/4678 573/4679/4679 786/4680/4680
f 651/4681/4681 84/4682/4682 787/4683/4683
f 983/4684/4684 787/4685/4685 84/4686/4686
f 399/4687/4687 785/4688/4688 788/4689/4689
f 399/4690/4690 788/4691/4691 1225/4692/4692
f 789/4693/4693 9/4694/4694 170/4695/4695
f 733/4696/4696 789/4697/4697 170/4698/4698
f 642/4699/4699 790/4700/4700 1377/4701/4701
f 790/4702/4702 1072/4703/4703 304/4704/4704
f 791/4705/4705 465/4706/4706 137/4707/4707
f 1322/4708/4708 972/4709/4709 465/4710/4710
f 651/4711/4711 787/4712/4712 792/4713/4713
f 662/4714/4714 651/4715/4715 792/4716/4716
f 793/4717/4717 417/4718/4718 660/4719/4719
f 77/4720/4720 1182/4721/4721 793/4722/4722
f 794/4723/4723 276/4724/4724 1135/4725/4725
f 1123/4726/4726 276/4727/4727 794/4728/4728
f 490/4729/4729 795/4730/4730 494/4731/4731
f 911/4732/4732 212/4733/4733 494/4734/4734
f 796/4735/4735 1342/4736/4736 631/4737/4737
f 540/4738/4738 193/4739/4739 796/4740/4740
f 39/4741/4741 797/4742/4742 1226/4743/4743
f 333/4744/4744 797/4745/4745 738/4746/4746
f 1445/4747/4747 204/4748/4748 1227/4749/4749
f 332/4750/4750 204/4751/4751 1445/4752/4752
f 375/4753/4753 1056/4754/4754 1470/4755/4755
f 1470/4756/4756 633/4757/4757 286/4758/4758
f 634/4759/4759 800/4760/4760 1015/4761/4761
f 800/4762/4762 1442/4763/4763 1196/4764/4764
f 810/4765/4765 64/4766/4766 801/4767/4767
f 64/4768/4768 487/4769/4769 801/4770/4770
f 802/4771/4771 678/4772/4772 1064/4773/4773
f 1167/4774/4774 311/4775/4775 868/4776/4776
f 803/4777/4777 798/4778/4778 545/4779/4779
f 261/4780/4780 803/4781/4781 545/4782/4782
f 289/4783/4783 568/4784/4784 804/4785/4785
f 1093/4786/4786 804/4787/4787 1386/4788/4788
f 415/4789/4789 805/4790/4790 20/4791/4791
f 528/4792/4792 20/4793/4793 805/4794/4794
f 806/4795/4795 229/4796/4796 1314/4797/4797
f 271/4798/4798 229/4799/4799 806/4800/4800
f 1366/4801/4801 161/4802/4802 380/4803/4803
f 1051/4804/4804 730/4805/4805 811/4806/4806
f 1334/4807/4807 483/4808/4808 808/4809/4809
f 1092/4810/4810 483/4811/4811 606/4812/4812
f 991/4813/4813 809/4814/4814 927/4815/4815
f 991/4816/4816 559/4817/4817 809/4818/4818
f 810/4819/4819 301/4820/4820 64/4821/4821
f 1323/4822/4822 301/4823/4823 1241/4824/4824
f 811/4825/4825 807/4826/4826 380/4827/4827
f 362/4828/4828 807/4829/4829 811/4830/4830
f 984/4831/4831 124/4832/4832 812/4833/4833
f 812/4834/4834 818/4835/4835 696/4836/4836
f 306/4837/4837 813/4838/4838 17/4839/4839
f 813/4840/4840 872/4841/4841 17/4842/4842
f 262/4843/4843 645/4844/4844 814/4845/4845
f 639/4846/4846 262/4847/4847 814/4848/4848
f 701/4849/4849 572/4850/4850 815/4851/4851
f 815/4852/4852 1050/4853/4853 1379/4854/4854
f 816/4855/4855 236/4856/4856 404/4857/4857
f 404/4858/4858 62/4859/4859 821/4860/4860
f 323/4861/4861 478/4862/4862 817/4863/4863
f 478/4864/4864 733/4865/4865 951/4866/4866
f 812/4867/4867 124/4868/4868 818/4869/4869
f 124/4870/4870 267/4871/4871 818/4872/4872
f 819/4873/4873 505/4874/4874 222/4875/4875
f 611/4876/4876 1410/4877/4877 819/4878/4878
f 643/4879/4879 820/4880/4880 574/4881/4881
f 820/4882/4882 201/4883/4883 574/4884/4884
f 821/4885/4885 816/4886/4886 404/4887/4887
f 1061/4888/4888 816/4889/4889 821/4890/4890
f 446/4891/4891 102/4892/4892 822/4893/4893
f 442/4894/4894 446/4895/4895 822/4896/4896
f 601/4897/4897 358/4898/4898 823/4899/4899
f 204/4900/4900 601/4901/4901 1227/4902/4902
f 1119/4903/4903 1166/4904/4904 824/4905/4905
f 250/4906/4906 894/4907/4907 824/4908/4908
f 804/4909/4909 825/4910/4910 59/4911/4911
f 59/4912/4912 825/4913/4913 1182/4914/4914
f 226/4915/4915 826/4916/4916 916/4917/4917
f 1195/4918/4918 1077/4919/4919 1444/4920/4920
f 70/4921/4921 827/4922/4922 429/4923/4923
f 1111/4924/4924 827/4925/4925 70/4926/4926
f 194/4927/4927 975/4928/4928 828/4929/4929
f 92/4930/4930 194/4931/4931 828/4932/4932
f 1456/4933/4933 78/4934/4934 829/4935/4935
f 78/4936/4936 898/4937/4937 829/4938/4938
f 289/4939/4939 804/4940/4940 830/4941/4941
f 543/4942/4942 289/4943/4943 830/4944/4944
f 697/4945/4945 199/4946/4946 831/4947/4947
f 697/4948/4948 831/4949/4949 370/4950/4950
f 882/4951/4951 832/4952/4952 110/4953/4953
f 832/4954/4954 328/4955/4955 1173/4956/4956
f 467/4957/4957 833/4958/4958 263/4959/4959
f 1043/4960/4960 833/4961/4961 1058/4962/4962
f 776/4963/4963 834/4964/4964 54/4965/4965
f 834/4966/4966 1284/4967/4967 54/4968/4968
f 727/4969/4969 527/4970/4970 835/4971/4971
f 527/4972/4972 175/4973/4973 835/4974/4974
f 836/4975/4975 468/4976/4976 1477/4977/4977
f 435/4978/4978 178/4979/4979 1180/4980/4980
f 826/4981/4981 837/4982/4982 209/4983/4983
f 837/4984/4984 1143/4985/4985 209/4986/4986
f 838/4987/4987 500/4988/4988 136/4989/4989
f 1085/4990/4990 838/4991/4991 136/4992/4992
f 1388/4993/4993 839/4994/4994 96/4995/4995
f 144/4996/4996 839/4997/4997 443/4998/4998
f 840/4999/4999 1068/5000/5000 344/5001/5001
f 845/5002/5002 1316/5003/5003 448/5004/5004
f 841/5005/5005 682/5006/5006 881/5007/5007
f 541/5008/5008 1232/5009/5009 381/5010/5010
f 842/5011/5011 82/5012/5012 1161/5013/5013
f 1414/5014/5014 82/5015/5015 842/5016/5016
f 843/5017/5017 433/5018/5018 1484/5019/5019
f 670/5020/5020 1140/5021/5021 843/5022/5022
f 1268/5023/5023 183/5024/5024 347/5025/5025
f 1268/5026/5026 347/5027/5027 516/5028/5028
f 845/5029/5029 1291/5030/5030 1316/5031/5031
f 536/5032/5032 1291/5033/5033 845/5034/5034
f 603/5035/5035 216/5036/5036 1280/5037/5037
f 509/5038/5038 603/5039/5039 1280/5040/5040
f 599/5041/5041 847/5042/5042 1399/5043/5043
f 599/5044/5044 361/5045/5045 847/5046/5046
f 34/5047/5047 407/5048/5048 848/5049/5049
f 848/5050/5050 407/5051/5051 5/5052/5052
f 432/5053/5053 849/5054/5054 139/5055/5055
f 139/5056/5056 849/5057/5057 615/5058/5058
f 340/5059/5059 1009/5060/5060 850/5061/5061
f 1349/5062/5062 340/5063/5063 850/5064/5064
f 851/5065/5065 307/5066/5066 1450/5067/5067
f 25/5068/5068 307/5069/5069 851/5070/5070
f 852/5071/5071 260/5072/5072 372/5073/5073
f 249/5074/5074 1208/5075/5075 1188/5076/5076
f 853/5077/5077 559/5078/5078 50/5079/5079
f 1320/5080/5080 874/5081/5081 1431/5082/5082
f 909/5083/5083 854/5084/5084 1348/5085/5085
f 854/5086/5086 1042/5087/5087 1348/5088/5088
f 513/5089/5089 400/5090/5090 855/5091/5091
f 1299/5092/5092 526/5093/5093 855/5094/5094
f 858/5095/5095 856/5096/5096 917/5097/5097
f 320/5098/5098 420/5099/5099 856/5100/5100
f 857/5101/5101 312/5102/5102 579/5103/5103
f 857/5104/5104 579/5105/5105 777/5106/5106
f 856/5107/5107 858/5108/5108 320/5109/5109
f 320/5110/5110 858/5111/5111 1212/5112/5112
f 859/5113/5113 547/5114/5114 12/5115/5115
f 1417/5116/5116 865/5117/5117 12/5118/5118
f 438/5119/5119 860/5120/5120 1499/5121/5121
f 853/5122/5122 50/5123/5123 860/5124/5124
f 180/5125/5125 861/5126/5126 28/5127/5127
f 1085/5128/5128 1089/5129/5129 838/5130/5130
f 1486/5131/5131 862/5132/5132 370/5133/5133
f 862/5134/5134 697/5135/5135 370/5136/5136
f 863/5137/5137 585/5138/5138 1458/5139/5139
f 1458/5140/5140 587/5141/5141 863/5142/5142
f 769/5143/5143 28/5144/5144 864/5145/5145
f 1085/5146/5146 391/5147/5147 864/5148/5148
f 12/5149/5149 865/5150/5150 859/5151/5151
f 859/5152/5152 865/5153/5153 612/5154/5154
f 866/5155/5155 192/5156/5156 533/5157/5157
f 866/5158/5158 533/5159/5159 711/5160/5160
f 53/5161/5161 867/5162/5162 136/5163/5163
f 1408/5164/5164 53/5165/5165 1084/5166/5166
f 868/5167/5167 1259/5168/5168 316/5169/5169
f 316/5170/5170 1167/5171/5171 868/5172/5172
f 277/5173/5173 43/5174/5174 869/5175/5175
f 587/5176/5176 1458/5177/5177 43/5178/5178
f 354/5179/5179 924/5180/5180 1290/5181/5181
f 354/5182/5182 1290/5183/5183 690/5184/5184
f 871/5185/5185 664/5186/5186 267/5187/5187
f 124/5188/5188 871/5189/5189 267/5190/5190
f 710/5191/5191 872/5192/5192 398/5193/5193
f 872/5194/5194 1136/5195/5195 398/5196/5196
f 1201/5197/5197 873/5198/5198 9/5199/5199
f 1201/5200/5200 1298/5201/5201 948/5202/5202
f 559/5203/5203 853/5204/5204 874/5205/5205
f 874/5206/5206 809/5207/5207 559/5208/5208
f 497/5209/5209 875/5210/5210 68/5211/5211
f 68/5212/5212 875/5213/5213 941/5214/5214
f 876/5215/5215 246/5216/5216 929/5217/5217
f 35/5218/5218 518/5219/5219 876/5220/5220
f 586/5221/5221 877/5222/5222 1471/5223/5223
f 1201/5224/5224 9/5225/5225 1039/5226/5226
f 1496/5227/5227 528/5228/5228 878/5229/5229
f 805/5230/5230 1133/5231/5231 528/5232/5232
f 508/5233/5233 397/5234/5234 879/5235/5235
f 397/5236/5236 848/5237/5237 1438/5238/5238
f 719/5239/5239 880/5240/5240 176/5241/5241
f 253/5242/5242 176/5243/5243 880/5244/5244
f 234/5245/5245 381/5246/5246 881/5247/5247
f 381/5248/5248 841/5249/5249 881/5250/5250
f 832/5251/5251 882/5252/5252 468/5253/5253
f 1032/5254/5254 1413/5255/5255 1233/5256/5256
f 196/5257/5257 1145/5258/5258 575/5259/5259
f 196/5260/5260 190/5261/5261 1145/5262/5262
f 884/5263/5263 477/5264/5264 37/5265/5265
f 743/5266/5266 884/5267/5267 37/5268/5268
f 997/5269/5269 1218/5270/5270 885/5271/5271
f 555/5272/5272 885/5273/5273 23/5274/5274
f 886/5275/5275 1178/5276/5276 186/5277/5277
f 553/5278/5278 166/5279/5279 1136/5280/5280
f 535/5281/5281 1396/5282/5282 887/5283/5283
f 173/5284/5284 1265/5285/5285 887/5286/5286
f 888/5287/5287 447/5288/5288 1121/5289/5289
f 900/5290/5290 888/5291/5291 969/5292/5292
f 889/5293/5293 272/5294/5294 1183/5295/5295
f 272/5296/5296 889/5297/5297 754/5298/5298
f 238/5299/5299 1461/5300/5300 597/5301/5301
f 597/5302/5302 1461/5303/5303 731/5304/5304
f 1153/5305/5305 611/5306/5306 891/5307/5307
f 891/5308/5308 611/5309/5309 123/5310/5310
f 56/5311/5311 892/5312/5312 367/5313/5313
f 1451/5314/5314 892/5315/5315 56/5316/5316
f 1376/5317/5317 893/5318/5318 509/5319/5319
f 509/5320/5320 893/5321/5321 603/5322/5322
f 250/5323/5323 368/5324/5324 894/5325/5325
f 1440/5326/5326 894/5327/5327 368/5328/5328
f 895/5329/5329 520/5330/5330 731/5331/5331
f 1328/5332/5332 731/5333/5333 1461/5334/5334
f 896/5335/5335 1206/5336/5336 699/5337/5337
f 168/5338/5338 896/5339/5339 699/5340/5340
f 897/5341/5341 125/5342/5342 895/5343/5343
f 756/5344/5344 125/5345/5345 897/5346/5346
f 898/5347/5347 298/5348/5348 1465/5349/5349
f 898/5350/5350 903/5351/5351 298/5352/5352
f 879/5353/5353 5/5354/5354 899/5355/5355
f 899/5356/5356 1162/5357/5357 89/5358/5358
f 1340/5359/5359 888/5360/5360 900/5361/5361
f 265/5362/5362 1340/5363/5363 900/5364/5364
f 901/5365/5365 460/5366/5366 32/5367/5367
f 267/5368/5368 460/5369/5369 901/5370/5370
f 902/5371/5371 602/5372/5372 1424/5373/5373
f 677/5374/5374 902/5375/5375 608/5376/5376
f 903/5377/5377 284/5378/5378 907/5379/5379
f 903/5380/5380 627/5381/5381 284/5382/5382
f 904/5383/5383 851/5384/5384 1412/5385/5385
f 45/5386/5386 1323/5387/5387 418/5388/5388
f 905/5389/5389 435/5390/5390 1472/5391/5391
f 432/5392/5392 905/5393/5393 849/5394/5394
f 118/5395/5395 1352/5396/5396 906/5397/5397
f 218/5398/5398 118/5399/5399 906/5400/5400
f 907/5401/5401 284/5402/5402 462/5403/5403
f 907/5404/5404 462/5405/5405 298/5406/5406
f 16/5407/5407 355/5408/5408 908/5409/5409
f 355/5410/5410 199/5411/5411 1209/5412/5412
f 476/5413/5413 909/5414/5414 427/5415/5415
f 1117/5416/5416 909/5417/5417 936/5418/5418
f 123/5419/5419 910/5420/5420 1041/5421/5421
f 123/5422/5422 532/5423/5423 910/5424/5424
f 494/5425/5425 795/5426/5426 911/5427/5427
f 795/5428/5428 1441/5429/5429 911/5430/5430
f 34/5431/5431 912/5432/5432 407/5433/5433
f 508/5434/5434 912/5435/5435 34/5436/5436
f 424/5437/5437 429/5438/5438 913/5439/5439
f 1378/5440/5440 794/5441/5441 1135/5442/5442
f 1096/5443/5443 775/5444/5444 914/5445/5445
f 511/5446/5446 914/5447/5447 44/5448/5448
f 1376/5449/5449 119/5450/5450 915/5451/5451
f 915/5452/5452 119/5453/5453 463/5454/5454
f 409/5455/5455 916/5456/5456 826/5457/5457
f 51/5458/5458 916/5459/5459 409/5460/5460
f 374/5461/5461 917/5462/5462 1190/5463/5463
f 49/5464/5464 917/5465/5465 374/5466/5466
f 918/5467/5467 1336/5468/5468 277/5469/5469
f 277/5470/5470 923/5471/5471 918/5472/5472
f 919/5473/5473 1243/5474/5474 317/5475/5475
f 893/5476/5476 919/5477/5477 317/5478/5478
f 436/5479/5479 535/5480/5480 920/5481/5481
f 436/5482/5482 920/5483/5483 1106/5484/5484
f 264/5485/5485 544/5486/5486 921/5487/5487
f 921/5488/5488 1355/5489/5489 967/5490/5490
f 1404/5491/5491 990/5492/5492 922/5493/5493
f 1404/5494/5494 922/5495/5495 835/5496/5496
f 923/5497/5497 1223/5498/5498 98/5499/5499
f 918/5500/5500 923/5501/5501 98/5502/5502
f 924/5503/5503 637/5504/5504 1290/5505/5505
f 987/5506/5506 924/5507/5507 87/5508/5508
f 406/5509/5509 359/5510/5510 925/5511/5511
f 406/5512/5512 925/5513/5513 684/5514/5514
f 926/5515/5515 654/5516/5516 63/5517/5517
f 926/5518/5518 63/5519/5519 1390/5520/5520
f 996/5521/5521 927/5522/5522 473/5523/5523
f 1078/5524/5524 473/5525/5525 927/5526/5526
f 1314/5527/5527 928/5528/5528 296/5529/5529
f 910/5530/5530 296/5531/5531 928/5532/5532
f 256/5533/5533 35/5534/5534 929/5535/5535
f 876/5536/5536 929/5537/5537 35/5538/5538
f 524/5539/5539 10/5540/5540 1134/5541/5541
f 375/5542/5542 1134/5543/5543 10/5544/5544
f 1036/5545/5545 126/5546/5546 172/5547/5547
f 1036/5548/5548 172/5549/5549 719/5550/5550
f 514/5551/5551 932/5552/5552 599/5553/5553
f 1005/5554/5554 514/5555/5555 395/5556/5556
f 233/5557/5557 767/5558/5558 933/5559/5559
f 233/5560/5560 933/5561/5561 194/5562/5562
f 179/5563/5563 390/5564/5564 934/5565/5565
f 934/5566/5566 1430/5567/5567 1324/5568/5568
f 475/5569/5569 1493/5570/5570 935/5571/5571
f 1368/5572/5572 935/5573/5573 150/5574/5574
f 476/5575/5575 155/5576/5576 936/5577/5577
f 909/5578/5578 476/5579/5579 936/5580/5580
f 191/5581/5581 529/5582/5582 937/5583/5583
f 707/5584/5584 191/5585/5585 1283/5586/5586
f 228/5587/5587 938/5588/5588 352/5589/5589
f 352/5590/5590 938/5591/5591 770/5592/5592
f 438/5593/5593 46/5594/5594 939/5595/5595
f 1389/5596/5596 939/5597/5597 46/5598/5598
f 685/5599/5599 105/5600/5600 940/5601/5601
f 685/5602/5602 940/5603/5603 289/5604/5604
f 212/5605/5605 314/5606/5606 941/5607/5607
f 1097/5608/5608 314/5609/5609 1223/5610/5610
f 470/5611/5611 942/5612/5612 659/5613/5613
f 97/5614/5614 942/5615/5615 1357/5616/5616
f 947/5617/5617 1337/5618/5618 943/5619/5619
f 106/5620/5620 1119/5621/5621 523/5622/5622
f 76/5623/5623 885/5624/5624 944/5625/5625
f 76/5626/5626 944/5627/5627 1490/5628/5628
f 945/5629/5629 500/5630/5630 838/5631/5631
f 945/5632/5632 1164/5633/5633 500/5634/5634
f 13/5635/5635 330/5636/5636 946/5637/5637
f 1205/5638/5638 13/5639/5639 946/5640/5640
f 943/5641/5641 438/5642/5642 947/5643/5643
f 438/5644/5644 428/5645/5645 947/5646/5646
f 367/5647/5647 873/5648/5648 948/5649/5649
f 873/5650/5650 1201/5651/5651 948/5652/5652
f 949/5653/5653 852/5654/5654 252/5655/5655
f 949/5656/5656 252/5657/5657 692/5658/5658
f 950/5659/5659 115/5660/5660 248/5661/5661
f 1350/5662/5662 231/5663/5663 115/5664/5664
f 817/5665/5665 951/5666/5666 1443/5667/5667
f 817/5668/5668 478/5669/5669 951/5670/5670
f 952/5671/5671 597/5672/5672 459/5673/5673
f 459/5674/5674 1457/5675/5675 952/5676/5676
f 1393/5677/5677 953/5678/5678 522/5679/5679
f 1393/5680/5680 1332/5681/5681 953/5682/5682
f 954/5683/5683 273/5684/5684 52/5685/5685
f 567/5686/5686 273/5687/5687 1264/5688/5688
f 357/5689/5689 955/5690/5690 72/5691/5691
f 647/5692/5692 955/5693/5693 357/5694/5694
f 712/5695/5695 956/5696/5696 1059/5697/5697
f 1019/5698/5698 956/5699/5699 712/5700/5700
f 957/5701/5701 249/5702/5702 359/5703/5703
f 963/5704/5704 249/5705/5705 1081/5706/5706
f 350/5707/5707 745/5708/5708 958/5709/5709
f 745/5710/5710 272/5711/5711 958/5712/5712
f 541/5713/5713 959/5714/5714 455/5715/5715
f 959/5716/5716 777/5717/5717 455/5718/5718
f 960/5719/5719 388/5720/5720 827/5721/5721
f 960/5722/5722 953/5723/5723 388/5724/5724
f 1397/5725/5725 961/5726/5726 493/5727/5727
f 961/5728/5728 3/5729/5729 493/5730/5730
f 962/5731/5731 261/5732/5732 790/5733/5733
f 261/5734/5734 1479/5735/5735 660/5736/5736
f 968/5737/5737 147/5738/5738 963/5739/5739
f 963/5740/5740 147/5741/5741 249/5742/5742
f 964/5743/5743 270/5744/5744 306/5745/5745
f 964/5746/5746 974/5747/5747 270/5748/5748
f 965/5749/5749 47/5750/5750 74/5751/5751
f 965/5752/5752 299/5753/5753 47/5754/5754
f 930/5755/5755 94/5756/5756 966/5757/5757
f 786/5758/5758 1263/5759/5759 94/5760/5760
f 264/5761/5761 921/5762/5762 967/5763/5763
f 264/5764/5764 1234/5765/5765 153/5766/5766
f 454/5767/5767 561/5768/5768 968/5769/5769
f 1086/5770/5770 968/5771/5771 963/5772/5772
f 900/5773/5773 969/5774/5774 8/5775/5775
f 8/5776/5776 969/5777/5777 183/5778/5778
f 970/5779/5779 551/5780/5780 1098/5781/5781
f 970/5782/5782 310/5783/5783 551/5784/5784
f 353/5785/5785 1210/5786/5786 971/5787/5787
f 971/5788/5788 786/5789/5789 353/5790/5790
f 972/5791/5791 675/5792/5792 248/5793/5793
f 248/5794/5794 293/5795/5795 972/5796/5796
f 423/5797/5797 607/5798/5798 973/5799/5799
f 1221/5800/5800 862/5801/5801 1486/5802/5802
f 1200/5803/5803 582/5804/5804 1370/5805/5805
f 1200/5806/5806 406/5807/5807 582/5808/5808
f 933/5809/5809 450/5810/5810 975/5811/5811
f 828/5812/5812 975/5813/5813 450/5814/5814
f 604/5815/5815 976/5816/5816 495/5817/5817
f 976/5818/5818 604/5819/5819 570/5820/5820
f 1/5821/5821 330/5822/5822 977/5823/5823
f 1128/5824/5824 1/5825/5825 977/5826/5826
f 978/5827/5827 81/5828/5828 345/5829/5829
f 973/5830/5830 1433/5831/5831 978/5832/5832
f 219/5833/5833 979/5834/5834 1204/5835/5835
f 732/5836/5836 979/5837/5837 219/5838/5838
f 1380/5839/5839 1003/5840/5840 980/5841/5841
f 113/5842/5842 178/5843/5843 980/5844/5844
f 200/5845/5845 1294/5846/5846 981/5847/5847
f 1421/5848/5848 981/5849/5849 974/5850/5850
f 206/5851/5851 982/5852/5852 396/5853/5853
f 180/5854/5854 396/5855/5855 982/5856/5856
f 983/5857/5857 84/5858/5858 231/5859/5859
f 231/5860/5860 1055/5861/5861 983/5862/5862
f 1297/5863/5863 984/5864/5864 205/5865/5865
f 205/5866/5866 984/5867/5867 1255/5868/5868
f 488/5869/5869 657/5870/5870 985/5871/5871
f 657/5872/5872 1204/5873/5873 985/5874/5874
f 366/5875/5875 986/5876/5876 1429/5877/5877
f 366/5878/5878 549/5879/5879 986/5880/5880
f 924/5881/5881 987/5882/5882 637/5883/5883
f 637/5884/5884 987/5885/5885 554/5886/5886
f 556/5887/5887 988/5888/5888 1334/5889/5889
f 1317/5890/5890 1385/5891/5891 167/5892/5892
f 1382/5893/5893 989/5894/5894 486/5895/5895
f 486/5896/5896 989/5897/5897 1437/5898/5898
f 44/5899/5899 990/5900/5900 1404/5901/5901
f 44/5902/5902 145/5903/5903 990/5904/5904
f 133/5905/5905 991/5906/5906 1296/5907/5907
f 133/5908/5908 629/5909/5909 991/5910/5910
f 992/5911/5911 85/5912/5912 1315/5913/5913
f 85/5914/5914 992/5915/5915 606/5916/5916
f 1311/5917/5917 421/5918/5918 993/5919/5919
f 993/5920/5920 421/5921/5921 987/5922/5922
f 1109/5923/5923 994/5924/5924 456/5925/5925
f 456/5926/5926 1266/5927/5927 488/5928/5928
f 989/5929/5929 280/5930/5930 995/5931/5931
f 280/5932/5932 354/5933/5933 1070/5934/5934
f 1296/5935/5935 996/5936/5936 279/5937/5937
f 991/5938/5938 996/5939/5939 1296/5940/5940
f 997/5941/5941 885/5942/5942 555/5943/5943
f 1383/5944/5944 997/5945/5945 555/5946/5946
f 1056/5947/5947 998/5948/5948 129/5949/5949
f 129/5950/5950 1403/5951/5951 501/5952/5952
f 164/5953/5953 680/5954/5954 999/5955/5955
f 530/5956/5956 164/5957/5957 999/5958/5958
f 1000/5959/5959 887/5960/5960 1396/5961/5961
f 305/5962/5962 1000/5963/5963 169/5964/5964
f 217/5965/5965 366/5966/5966 1001/5967/5967
f 217/5968/5968 1008/5969/5969 583/5970/5970
f 739/5971/5971 1007/5972/5972 1403/5973/5973
f 739/5974/5974 734/5975/5975 1007/5976/5976
f 676/5977/5977 113/5978/5978 1003/5979/5979
f 1003/5980/5980 113/5981/5981 980/5982/5982
f 1004/5983/5983 800/5984/5984 202/5985/5985
f 202/5986/5986 410/5987/5987 1004/5988/5988
f 691/5989/5989 932/5990/5990 1005/5991/5991
f 1005/5992/5992 932/5993/5993 514/5994/5994
f 1006/5995/5995 164/5996/5996 530/5997/5997
f 321/5998/5998 1439/5999/5999 530/6000/6000
f 1403/6001/6001 1007/6002/6002 1002/6003/6003
f 1007/6004/6004 734/6005/6005 1002/6006/6006
f 1008/6007/6007 1001/6008/6008 578/6009/6009
f 1001/6010/6010 1008/6011/6011 217/6012/6012
f 242/6013/6013 1004/6014/6014 1009/6015/6015
f 1015/6016/6016 800/6017/6017 242/6018/6018
f 108/6019/6019 822/6020/6020 1010/6021/6021
f 1219/6022/6022 1495/6023/6023 1215/6024/6024
f 1011/6025/6025 21/6026/6026 328/6027/6027
f 1011/6028/6028 328/6029/6029 836/6030/6030
f 148/6031/6031 415/6032/6032 1012/6033/6033
f 1012/6034/6034 415/6035/6035 720/6036/6036
f 1013/6037/6037 18/6038/6038 1260/6039/6039
f 18/6040/6040 1013/6041/6041 1008/6042/6042
f 732/6043/6043 507/6044/6044 1014/6045/6045
f 1014/6046/6046 507/6047/6047 949/6048/6048
f 1015/6049/6049 242/6050/6050 1009/6051/6051
f 340/6052/6052 1015/6053/6053 1009/6054/6054
f 254/6055/6055 471/6056/6056 1016/6057/6057
f 528/6058/6058 1496/6059/6059 1016/6060/6060
f 828/6061/6061 1446/6062/6062 1017/6063/6063
f 1017/6064/6064 668/6065/6065 1137/6066/6066
f 280/6067/6067 184/6068/6068 1018/6069/6069
f 120/6070/6070 1018/6071/6071 184/6072/6072
f 260/6073/6073 1019/6074/6074 372/6075/6075
f 372/6076/6076 1019/6077/6077 712/6078/6078
f 1020/6079/6079 670/6080/6080 437/6081/6081
f 1020/6082/6082 465/6083/6083 1277/6084/6084
f 216/6085/6085 1021/6086/6086 757/6087/6087
f 1021/6088/6088 387/6089/6089 757/6090/6090
f 6/6091/6091 537/6092/6092 1022/6093/6093
f 431/6094/6094 1022/6095/6095 537/6096/6096
f 1158/6097/6097 534/6098/6098 1023/6099/6099
f 534/6100/6100 86/6101/6101 1023/6102/6102
f 220/6103/6103 1024/6104/6104 763/6105/6105
f 220/6106/6106 1020/6107/6107 1024/6108/6108
f 1374/6109/6109 1025/6110/6110 165/6111/6111
f 165/6112/6112 1025/6113/6113 1203/6114/6114
f 741/6115/6115 686/6116/6116 1026/6117/6117
f 908/6118/6118 741/6119/6119 1026/6120/6120
f 1326/6121/6121 1027/6122/6122 543/6123/6123
f 685/6124/6124 543/6125/6125 1027/6126/6126
f 484/6127/6127 1028/6128/6128 837/6129/6129
f 484/6130/6130 1418/6131/6131 1028/6132/6132
f 1029/6133/6133 562/6134/6134 756/6135/6135
f 1029/6136/6136 571/6137/6137 562/6138/6138
f 1030/6139/6139 487/6140/6140 153/6141/6141
f 1258/6142/6142 1239/6143/6143 693/6144/6144
f 266/6145/6145 1045/6146/6146 1031/6147/6147
f 1025/6148/6148 266/6149/6149 1203/6150/6150
f 227/6151/6151 1413/6152/6152 1032/6153/6153
f 227/6154/6154 1224/6155/6155 615/6156/6156
f 1409/6157/6157 1033/6158/6158 544/6159/6159
f 394/6160/6160 1033/6161/6161 142/6162/6162
f 193/6163/6163 1034/6164/6164 678/6165/6165
f 678/6166/6166 1034/6167/6167 40/6168/6168
f 419/6169/6169 1035/6170/6170 53/6171/6171
f 1220/6172/6172 593/6173/6173 1035/6174/6174
f 931/6175/6175 126/6176/6176 1036/6177/6177
f 1185/6178/6178 1073/6179/6179 1036/6180/6180
f 329/6181/6181 1037/6182/6182 783/6183/6183
f 1061/6184/6184 329/6185/6185 816/6186/6186
f 69/6187/6187 1038/6188/6188 1044/6189/6189
f 1038/6190/6190 142/6191/6191 765/6192/6192
f 9/6193/6193 877/6194/6194 1039/6195/6195
f 877/6196/6196 1065/6197/6197 1292/6198/6198
f 947/6199/6199 1040/6200/6200 295/6201/6201
f 1040/6202/6202 746/6203/6203 295/6204/6204
f 1041/6205/6205 910/6206/6206 616/6207/6207
f 66/6208/6208 1041/6209/6209 616/6210/6210
f 1042/6211/6211 91/6212/6212 283/6213/6213
f 1315/6214/6214 85/6215/6215 91/6216/6216
f 1043/6217/6217 263/6218/6218 833/6219/6219
f 263/6220/6220 1043/6221/6221 1135/6222/6222
f 331/6223/6223 1044/6224/6224 765/6225/6225
f 1044/6226/6226 1038/6227/6227 765/6228/6228
f 1045/6229/6229 735/6230/6230 1031/6231/6231
f 1045/6232/6232 1354/6233/6233 735/6234/6234
f 1046/6235/6235 772/6236/6236 1430/6237/6237
f 490/6238/6238 580/6239/6239 1046/6240/6240
f 577/6241/6241 294/6242/6242 1047/6243/6243
f 1310/6244/6244 294/6245/6245 1194/6246/6246
f 457/6247/6247 1065/6248/6248 1048/6249/6249
f 457/6250/6250 1048/6251/6251 86/6252/6252
f 1049/6253/6253 1017/6254/6254 1476/6255/6255
f 1481/6256/6256 1375/6257/6257 1049/6258/6258
f 1050/6259/6259 572/6260/6260 653/6261/6261
f 815/6262/6262 572/6263/6263 1050/6264/6264
f 380/6265/6265 83/6266/6266 1051/6267/6267
f 811/6268/6268 380/6269/6269 1051/6270/6270
f 183/6271/6271 1052/6272/6272 390/6273/6273
f 183/6274/6274 1268/6275/6275 1441/6276/6276
f 1401/6277/6277 1053/6278/6278 1468/6279/6279
f 72/6280/6280 420/6281/6281 1053/6282/6282
f 629/6283/6283 1298/6284/6284 1054/6285/6285
f 1201/6286/6286 1054/6287/6287 1298/6288/6288
f 1055/6289/6289 128/6290/6290 983/6291/6291
f 128/6292/6292 1055/6293/6293 1350/6294/6294
f 633/6295/6295 1470/6296/6296 1056/6297/6297
f 633/6298/6298 1056/6299/6299 1491/6300/6300
f 760/6301/6301 1057/6302/6302 83/6303/6303
f 1202/6304/6304 1051/6305/6305 83/6306/6306
f 30/6307/6307 1058/6308/6308 1356/6309/6309
f 30/6310/6310 1043/6311/6311 1058/6312/6312
f 498/6313/6313 76/6314/6314 1059/6315/6315
f 956/6316/6316 498/6317/6317 1059/6318/6318
f 1466/6319/6319 1060/6320/6320 876/6321/6321
f 241/6322/6322 514/6323/6323 1060/6324/6324
f 1037/6325/6325 329/6326/6326 1061/6327/6327
f 723/6328/6328 1037/6329/6329 1061/6330/6330
f 646/6331/6331 1062/6332/6332 1425/6333/6333
f 646/6334/6334 650/6335/6335 1062/6336/6336
f 584/6337/6337 1063/6338/6338 517/6339/6339
f 1063/6340/6340 355/6341/6341 517/6342/6342
f 802/6343/6343 1064/6344/6344 311/6345/6345
f 311/6346/6346 1064/6347/6347 323/6348/6348
f 877/6349/6349 122/6350/6350 1065/6351/6351
f 1278/6352/6352 122/6353/6353 258/6354/6354
f 590/6355/6355 1013/6356/6356 1066/6357/6357
f 590/6358/6358 1066/6359/6359 157/6360/6360
f 461/6361/6361 240/6362/6362 1067/6363/6363
f 245/6364/6364 461/6365/6365 1067/6366/6366
f 504/6367/6367 482/6368/6368 1068/6369/6369
f 344/6370/6370 1068/6371/6371 482/6372/6372
f 346/6373/6373 658/6374/6374 1069/6375/6375
f 1069/6376/6376 1449/6377/6377 1091/6378/6378
f 995/6379/6379 1070/6380/6380 708/6381/6381
f 280/6382/6382 1070/6383/6383 995/6384/6384
f 528/6385/6385 1071/6386/6386 20/6387/6387
f 1071/6388/6388 528/6389/6389 1016/6390/6390
f 1072/6391/6391 449/6392/6392 1207/6393/6393
f 1072/6394/6394 823/6395/6395 449/6396/6396
f 931/6397/6397 1073/6398/6398 338/6399/6399
f 1073/6400/6400 931/6401/6401 1036/6402/6402
f 303/6403/6403 1074/6404/6404 671/6405/6405
f 1398/6406/6406 141/6407/6407 1074/6408/6408
f 1075/6409/6409 558/6410/6410 738/6411/6411
f 1075/6412/6412 621/6413/6413 558/6414/6414
f 9/6415/6415 1076/6416/6416 170/6417/6417
f 499/6418/6418 170/6419/6419 1076/6420/6420
f 654/6421/6421 1077/6422/6422 691/6423/6423
f 691/6424/6424 1077/6425/6425 1195/6426/6426
f 1078/6427/6427 890/6428/6428 238/6429/6429
f 1078/6430/6430 238/6431/6431 952/6432/6432
f 515/6433/6433 152/6434/6434 1079/6435/6435
f 1079/6436/6436 666/6437/6437 515/6438/6438
f 1080/6439/6439 90/6440/6440 408/6441/6441
f 1080/6442/6442 1347/6443/6443 90/6444/6444
f 1081/6445/6445 249/6446/6446 957/6447/6447
f 981/6448/6448 1081/6449/6449 957/6450/6450
f 235/6451/6451 1423/6452/6452 1082/6453/6453
f 235/6454/6454 1082/6455/6455 140/6456/6456
f 1083/6457/6457 722/6458/6458 717/6459/6459
f 1019/6460/6460 1083/6461/6461 717/6462/6462
f 1084/6463/6463 750/6464/6464 268/6465/6465
f 1084/6466/6466 112/6467/6467 750/6468/6468
f 28/6469/6469 861/6470/6470 1085/6471/6471
f 28/6472/6472 1085/6473/6473 864/6474/6474
f 1294/6475/6475 1222/6476/6476 1086/6477/6477
f 1222/6478/6478 968/6479/6479 1086/6480/6480
f 1087/6481/6481 524/6482/6482 325/6483/6483
f 1079/6484/6484 1087/6485/6485 325/6486/6486
f 872/6487/6487 1088/6488/6488 1136/6489/6489
f 813/6490/6490 1303/6491/6491 872/6492/6492
f 861/6493/6493 982/6494/6494 1089/6495/6495
f 1085/6496/6496 861/6497/6497 1089/6498/6498
f 1090/6499/6499 761/6500/6500 167/6501/6501
f 1385/6502/6502 1090/6503/6503 167/6504/6504
f 1091/6505/6505 1449/6506/6506 143/6507/6507
f 138/6508/6508 1091/6509/6509 143/6510/6510
f 808/6511/6511 1092/6512/6512 318/6513/6513
f 808/6514/6514 483/6515/6515 1092/6516/6516
f 1093/6517/6517 332/6518/6518 114/6519/6519
f 1386/6520/6520 332/6521/6521 1093/6522/6522
f 182/6523/6523 1310/6524/6524 1094/6525/6525
f 1094/6526/6526 588/6527/6527 182/6528/6528
f 132/6529/6529 144/6530/6530 1095/6531/6531
f 144/6532/6532 1101/6533/6533 1095/6534/6534
f 511/6535/6535 1096/6536/6536 914/6537/6537
f 1096/6538/6538 511/6539/6539 1100/6540/6540
f 68/6541/6541 941/6542/6542 1097/6543/6543
f 941/6544/6544 314/6545/6545 1097/6546/6546
f 1098/6547/6547 39/6548/6548 1172/6549/6549
f 1114/6550/6550 208/6551/6551 39/6552/6552
f 1099/6553/6553 97/6554/6554 1189/6555/6555
f 1099/6556/6556 942/6557/6557 97/6558/6558
f 1100/6559/6559 620/6560/6560 103/6561/6561
f 103/6562/6562 1096/6563/6563 1100/6564/6564
f 144/6565/6565 526/6566/6566 1101/6567/6567
f 526/6568/6568 1144/6569/6569 1101/6570/6570
f 1102/6571/6571 497/6572/6572 68/6573/6573
f 1353/6574/6574 313/6575/6575 497/6576/6576
f 1103/6577/6577 45/6578/6578 418/6579/6579
f 377/6580/6580 45/6581/6581 1103/6582/6582
f 201/6583/6583 278/6584/6584 1104/6585/6585
f 278/6586/6586 884/6587/6587 1104/6588/6588
f 218/6589/6589 612/6590/6590 1105/6591/6591
f 612/6592/6592 865/6593/6593 1105/6594/6594
f 1106/6595/6595 61/6596/6596 578/6597/6597
f 458/6598/6598 61/6599/6599 1106/6600/6600
f 1107/6601/6601 306/6602/6602 17/6603/6603
f 1460/6604/6604 306/6605/6605 1107/6606/6606
f 209/6607/6607 1108/6608/6608 1126/6609/6609
f 1108/6610/6610 546/6611/6611 1175/6612/6612
f 477/6613/6613 1109/6614/6614 456/6615/6615
f 1109/6616/6616 477/6617/6617 1414/6618/6618
f 1046/6619/6619 580/6620/6620 1110/6621/6621
f 580/6622/6622 212/6623/6623 1110/6624/6624
f 727/6625/6625 835/6626/6626 1111/6627/6627
f 1111/6628/6628 1423/6629/6629 727/6630/6630
f 1112/6631/6631 687/6632/6632 341/6633/6633
f 713/6634/6634 687/6635/6635 1112/6636/6636
f 51/6637/6637 1113/6638/6638 744/6639/6639
f 1108/6640/6640 1175/6641/6641 1126/6642/6642
f 551/6643/6643 1114/6644/6644 1098/6645/6645
f 1114/6646/6646 39/6647/6647 1098/6648/6648
f 1115/6649/6649 586/6650/6650 1471/6651/6651
f 1115/6652/6652 1412/6653/6653 586/6654/6654
f 652/6655/6655 1116/6656/6656 3/6657/6657
f 3/6658/6658 1311/6659/6659 993/6660/6660
f 585/6661/6661 1343/6662/6662 1117/6663/6663
f 585/6664/6664 1117/6665/6665 936/6666/6666
f 1118/6667/6667 1009/6668/6668 36/6669/6669
f 1177/6670/6670 36/6671/6671 571/6672/6672
f 943/6673/6673 1119/6674/6674 824/6675/6675
f 943/6676/6676 1337/6677/6677 1119/6678/6678
f 736/6679/6679 1120/6680/6680 617/6681/6681
f 617/6682/6682 1120/6683/6683 1306/6684/6684
f 451/6685/6685 969/6686/6686 1121/6687/6687
f 1121/6688/6688 1048/6689/6689 451/6690/6690
f 1122/6691/6691 324/6692/6692 1036/6693/6693
f 1122/6694/6694 102/6695/6695 324/6696/6696
f 282/6697/6697 1123/6698/6698 794/6699/6699
f 286/6700/6700 1123/6701/6701 282/6702/6702
f 428/6703/6703 159/6704/6704 1124/6705/6705
f 1124/6706/6706 159/6707/6707 1040/6708/6708
f 819/6709/6709 222/6710/6710 1125/6711/6711
f 222/6712/6712 337/6713/6713 1125/6714/6714
f 1126/6715/6715 1113/6716/6716 51/6717/6717
f 409/6718/6718 1126/6719/6719 51/6720/6720
f 1127/6721/6721 48/6722/6722 538/6723/6723
f 538/6724/6724 351/6725/6725 1127/6726/6726
f 552/6727/6727 768/6728/6728 1128/6729/6729
f 552/6730/6730 1128/6731/6731 13/6732/6732
f 1240/6733/6733 430/6734/6734 1129/6735/6735
f 338/6736/6736 1129/6737/6737 430/6738/6738
f 856/6739/6739 1130/6740/6740 917/6741/6741
f 1190/6742/6742 917/6743/6743 1130/6744/6744
f 1131/6745/6745 728/6746/6746 377/6747/6747
f 371/6748/6748 728/6749/6749 1131/6750/6750
f 158/6751/6751 1132/6752/6752 361/6753/6753
f 1132/6754/6754 1335/6755/6755 300/6756/6756
f 528/6757/6757 1133/6758/6758 878/6759/6759
f 1406/6760/6760 878/6761/6761 1133/6762/6762
f 1134/6763/6763 930/6764/6764 966/6765/6765
f 1134/6766/6766 669/6767/6767 930/6768/6768
f 913/6769/6769 1135/6770/6770 111/6771/6771
f 429/6772/6772 1135/6773/6773 913/6774/6774
f 1136/6775/6775 886/6776/6776 1272/6777/6777
f 1136/6778/6778 1178/6779/6779 886/6780/6780
f 1137/6781/6781 668/6782/6782 394/6783/6783
f 1137/6784/6784 394/6785/6785 1038/6786/6786
f 1138/6787/6787 339/6788/6788 434/6789/6789
f 1054/6790/6790 1138/6791/6791 434/6792/6792
f 223/6793/6793 1139/6794/6794 11/6795/6795
f 11/6796/6796 1339/6797/6797 1099/6798/6798
f 1140/6799/6799 433/6800/6800 843/6801/6801
f 321/6802/6802 1146/6803/6803 1140/6804/6804
f 1025/6805/6805 1141/6806/6806 319/6807/6807
f 1141/6808/6808 109/6809/6809 319/6810/6810
f 1142/6811/6811 1336/6812/6812 591/6813/6813
f 751/6814/6814 1142/6815/6815 591/6816/6816
f 1143/6817/6817 546/6818/6818 1108/6819/6819
f 1143/6820/6820 448/6821/6821 546/6822/6822
f 1144/6823/6823 269/6824/6824 630/6825/6825
f 526/6826/6826 269/6827/6827 1144/6828/6828
f 1145/6829/6829 883/6830/6830 575/6831/6831
f 199/6832/6832 883/6833/6833 1145/6834/6834
f 1146/6835/6835 530/6836/6836 433/6837/6837
f 1146/6838/6838 433/6839/6839 1140/6840/6840
f 313/6841/6841 1046/6842/6842 1147/6843/6843
f 313/6844/6844 1147/6845/6845 497/6846/6846
f 556/6847/6847 628/6848/6848 1148/6849/6849
f 628/6850/6850 308/6851/6851 1148/6852/6852
f 1374/6853/6853 755/6854/6854 1149/6855/6855
f 1149/6856/6856 755/6857/6857 245/6858/6858
f 452/6859/6859 1150/6860/6860 723/6861/6861
f 452/6862/6862 456/6863/6863 1150/6864/6864
f 93/6865/6865 1151/6866/6866 764/6867/6867
f 93/6868/6868 626/6869/6869 1151/6870/6870
f 513/6871/6871 1047/6872/6872 1152/6873/6873
f 513/6874/6874 1152/6875/6875 400/6876/6876
f 466/6877/6877 1153/6878/6878 667/6879/6879
f 1153/6880/6880 466/6881/6881 181/6882/6882
f 1154/6883/6883 106/6884/6884 265/6885/6885
f 265/6886/6886 8/6887/6887 1154/6888/6888
f 58/6889/6889 1155/6890/6890 420/6891/6891
f 420/6892/6892 1155/6893/6893 856/6894/6894
f 1156/6895/6895 1184/6896/6896 1159/6897/6897
f 444/6898/6898 1156/6899/6899 472/6900/6900
f 1157/6901/6901 99/6902/6902 764/6903/6903
f 1157/6904/6904 215/6905/6905 99/6906/6906
f 106/6907/6907 1158/6908/6908 265/6909/6909
f 746/6910/6910 1158/6911/6911 106/6912/6912
f 472/6913/6913 1156/6914/6914 1159/6915/6915
f 686/6916/6916 472/6917/6917 1159/6918/6918
f 674/6919/6919 1297/6920/6920 1160/6921/6921
f 862/6922/6922 674/6923/6923 1169/6924/6924
f 1300/6925/6925 1161/6926/6926 643/6927/6927
f 1161/6928/6928 820/6929/6929 643/6930/6930
f 899/6931/6931 5/6932/6932 1162/6933/6933
f 5/6934/6934 402/6935/6935 1162/6936/6936
f 1163/6937/6937 335/6938/6938 181/6939/6939
f 1163/6940/6940 753/6941/6941 335/6942/6942
f 1164/6943/6943 355/6944/6944 16/6945/6945
f 1164/6946/6946 16/6947/6947 419/6948/6948
f 1082/6949/6949 134/6950/6950 1165/6951/6951
f 1165/6952/6952 134/6953/6953 774/6954/6954
f 390/6955/6955 250/6956/6956 1166/6957/6957
f 824/6958/6958 1166/6959/6959 250/6960/6960
f 802/6961/6961 1167/6962/6962 215/6963/6963
f 802/6964/6964 311/6965/6965 1167/6966/6966
f 944/6967/6967 1168/6968/6968 389/6969/6969
f 1168/6970/6970 378/6971/6971 389/6972/6972
f 1160/6973/6973 1229/6974/6974 1169/6975/6975
f 1169/6976/6976 674/6977/6977 1160/6978/6978
f 1170/6979/6979 639/6980/6980 188/6981/6981
f 188/6982/6982 1335/6983/6983 1170/6984/6984
f 19/6985/6985 401/6986/6986 1171/6987/6987
f 294/6988/6988 19/6989/6989 1171/6990/6990
f 756/6991/6991 1172/6992/6992 581/6993/6993
f 1172/6994/6994 39/6995/6995 581/6996/6996
f 110/6997/6997 1173/6998/6998 569/6999/6999
f 1173/7000/7000 110/7001/7001 832/7002/7002
f 285/7003/7003 1174/7004/7004 683/7005/7005
f 1494/7006/7006 1174/7007/7007 285/7008/7008
f 1126/7009/7009 1175/7010/7010 1113/7011/7011
f 1113/7012/7012 1175/7013/7013 74/7014/7014
f 1176/7015/7015 237/7016/7016 686/7017/7017
f 237/7018/7018 1176/7019/7019 577/7020/7020
f 36/7021/7021 1177/7022/7022 1118/7023/7023
f 1118/7024/7024 1177/7025/7025 610/7026/7026
f 166/7027/7027 234/7028/7028 1178/7029/7029
f 1136/7030/7030 166/7031/7031 1178/7032/7032
f 130/7033/7033 564/7034/7034 1179/7035/7035
f 564/7036/7036 760/7037/7037 1179/7038/7038
f 836/7039/7039 1180/7040/7040 1011/7041/7041
f 1477/7042/7042 1180/7043/7043 836/7044/7044
f 1181/7045/7045 413/7046/7046 747/7047/7047
f 102/7048/7048 413/7049/7049 1181/7050/7050
f 1182/7051/7051 825/7052/7052 417/7053/7053
f 1182/7054/7054 417/7055/7055 793/7056/7056
f 889/7057/7057 1183/7058/7058 649/7059/7059
f 510/7060/7060 649/7061/7061 1183/7062/7062
f 1184/7063/7063 401/7064/7064 19/7065/7065
f 812/7066/7066 401/7067/7067 1184/7068/7068
f 225/7069/7069 1073/7070/7070 1185/7071/7071
f 1181/7072/7072 225/7073/7073 1185/7074/7074
f 677/7075/7075 1186/7076/7076 1488/7077/7077
f 1368/7078/7078 1186/7079/7079 677/7080/7080
f 375/7081/7081 1187/7082/7082 1056/7083/7083
f 10/7084/7084 1187/7085/7085 375/7086/7086
f 1435/7087/7087 260/7088/7088 852/7089/7089
f 41/7090/7090 1435/7091/7091 852/7092/7092
f 1189/7093/7093 519/7094/7094 171/7095/7095
f 1189/7096/7096 97/7097/7097 519/7098/7098
f 1130/7099/7099 720/7100/7100 1190/7101/7101
f 1190/7102/7102 720/7103/7103 1071/7104/7104
f 1191/7105/7105 641/7106/7106 568/7107/7107
f 247/7108/7108 641/7109/7109 1473/7110/7110
f 579/7111/7111 1289/7112/7112 1192/7113/7113
f 579/7114/7114 1192/7115/7115 777/7116/7116
f 621/7117/7117 1193/7118/7118 558/7119/7119
f 232/7120/7120 1193/7121/7121 1447/7122/7122
f 503/7123/7123 489/7124/7124 1194/7125/7125
f 393/7126/7126 503/7127/7127 1194/7128/7128
f 1195/7129/7129 1444/7130/7130 226/7131/7131
f 1195/7132/7132 226/7133/7133 361/7134/7134
f 1196/7135/7135 88/7136/7136 673/7137/7137
f 202/7138/7138 1196/7139/7139 673/7140/7140
f 386/7141/7141 1197/7142/7142 739/7143/7143
f 1285/7144/7144 1197/7145/7145 386/7146/7146
f 1198/7147/7147 1163/7148/7148 181/7149/7149
f 1198/7150/7150 181/7151/7151 608/7152/7152
f 503/7153/7153 1199/7154/7154 489/7155/7155
f 1199/7156/7156 1094/7157/7157 489/7158/7158
f 974/7159/7159 981/7160/7160 1200/7161/7161
f 1370/7162/7162 974/7163/7163 1200/7164/7164
f 1201/7165/7165 1138/7166/7166 1054/7167/7167
f 1201/7168/7168 1039/7169/7169 1138/7170/7170
f 1057/7171/7171 1202/7172/7172 83/7173/7173
f 1202/7174/7174 1057/7175/7175 198/7176/7176
f 1031/7177/7177 273/7178/7178 1203/7179/7179
f 266/7180/7180 1031/7181/7181 1203/7182/7182
f 1204/7183/7183 223/7184/7184 985/7185/7185
f 223/7186/7186 1204/7187/7187 1261/7188/7188
f 172/7189/7189 414/7190/7190 1205/7191/7191
f 414/7192/7192 221/7193/7193 1205/7194/7194
f 1206/7195/7195 644/7196/7196 185/7197/7197
f 699/7198/7198 1206/7199/7199 185/7200/7200
f 1207/7201/7201 449/7202/7202 42/7203/7203
f 1207/7204/7204 42/7205/7205 961/7206/7206
f 1208/7207/7207 1083/7208/7208 260/7209/7209
f 1435/7210/7210 1208/7211/7211 260/7212/7212
f 355/7213/7213 1209/7214/7214 908/7215/7215
f 190/7216/7216 908/7217/7217 1209/7218/7218
f 107/7219/7219 971/7220/7220 1210/7221/7221
f 1210/7222/7222 1270/7223/7223 1381/7224/7224
f 383/7225/7225 1211/7226/7226 360/7227/7227
f 383/7228/7228 1492/7229/7229 1211/7230/7230
f 1468/7231/7231 1212/7232/7232 402/7233/7233
f 529/7234/7234 402/7235/7235 1212/7236/7236
f 669/7237/7237 1213/7238/7238 73/7239/7239
f 1498/7240/7240 1213/7241/7241 775/7242/7242
f 31/7243/7243 525/7244/7244 1214/7245/7245
f 1214/7246/7246 525/7247/7247 95/7248/7248
f 1495/7249/7249 1010/7250/7250 1215/7251/7251
f 1215/7252/7252 1010/7253/7253 176/7254/7254
f 1216/7255/7255 685/7256/7256 239/7257/7257
f 1484/7258/7258 239/7259/7259 446/7260/7260
f 208/7261/7261 157/7262/7262 1217/7263/7263
f 39/7264/7264 208/7265/7265 1217/7266/7266
f 1218/7267/7267 1492/7268/7268 896/7269/7269
f 1211/7270/7270 1492/7271/7271 1218/7272/7272
f 504/7273/7273 1219/7274/7274 1215/7275/7275
f 1068/7276/7276 1219/7277/7277 504/7278/7278
f 419/7279/7279 1220/7280/7280 1035/7281/7281
f 16/7282/7282 1220/7283/7283 419/7284/7284
f 674/7285/7285 1221/7286/7286 607/7287/7287
f 973/7288/7288 607/7289/7289 1221/7290/7290
f 454/7291/7291 968/7292/7292 1222/7293/7293
f 1222/7294/7294 1270/7295/7295 454/7296/7296
f 1223/7297/7297 721/7298/7298 1097/7299/7299
f 923/7300/7300 721/7301/7301 1223/7302/7302
f 1224/7303/7303 1032/7304/7304 18/7305/7305
f 1224/7306/7306 227/7307/7307 1032/7308/7308
f 481/7309/7309 1225/7310/7310 1359/7311/7311
f 481/7312/7312 929/7313/7313 1225/7314/7314
f 1226/7315/7315 797/7316/7316 333/7317/7317
f 1226/7318/7318 333/7319/7319 520/7320/7320
f 1227/7321/7321 601/7322/7322 823/7323/7323
f 1227/7324/7324 823/7325/7325 1072/7326/7326
f 864/7327/7327 391/7328/7328 1228/7329/7329
f 1228/7330/7330 391/7331/7331 716/7332/7332
f 575/7333/7333 1169/7334/7334 1229/7335/7335
f 575/7336/7336 1229/7337/7337 196/7338/7338
f 618/7339/7339 1230/7340/7340 765/7341/7341
f 1230/7342/7342 618/7343/7343 487/7344/7344
f 742/7345/7345 623/7346/7346 1231/7347/7347
f 742/7348/7348 1231/7349/7349 1129/7350/7350
f 841/7351/7351 381/7352/7352 1232/7353/7353
f 1300/7354/7354 841/7355/7355 1232/7356/7356
f 468/7357/7357 882/7358/7358 1233/7359/7359
f 882/7360/7360 244/7361/7361 1233/7362/7362
f 967/7363/7363 1478/7364/7364 1234/7365/7365
f 967/7366/7366 1234/7367/7367 264/7368/7368
f 25/7369/7369 1235/7370/7370 776/7371/7371
f 25/7372/7372 904/7373/7373 1235/7374/7374
f 365/7375/7375 782/7376/7376 1236/7377/7377
f 1313/7378/7378 365/7379/7379 1236/7380/7380
f 696/7381/7381 818/7382/7382 1237/7383/7383
f 696/7384/7384 1237/7385/7385 259/7386/7386
f 672/7387/7387 1238/7388/7388 440/7389/7389
f 440/7390/7390 1238/7391/7391 1356/7392/7392
f 1030/7393/7393 153/7394/7394 1239/7395/7395
f 1234/7396/7396 1239/7397/7397 153/7398/7398
f 1240/7399/7399 866/7400/7400 711/7401/7401
f 1240/7402/7402 214/7403/7403 866/7404/7404
f 301/7405/7405 810/7406/7406 1241/7407/7407
f 1241/7408/7408 810/7409/7409 1235/7410/7410
f 81/7411/7411 322/7412/7412 1242/7413/7413
f 1242/7414/7414 322/7415/7415 766/7416/7416
f 901/7417/7417 32/7418/7418 1243/7419/7419
f 32/7420/7420 1021/7421/7421 1249/7422/7422
f 1244/7423/7423 217/7424/7424 29/7425/7425
f 1362/7426/7426 563/7427/7427 1244/7428/7428
f 1459/7429/7429 1245/7430/7430 336/7431/7431
f 1245/7432/7432 617/7433/7433 336/7434/7434
f 1246/7435/7435 1252/7436/7436 240/7437/7437
f 695/7438/7438 542/7439/7439 1246/7440/7440
f 23/7441/7441 1247/7442/7442 725/7443/7443
f 1247/7444/7444 23/7445/7445 1091/7446/7446
f 959/7447/7447 67/7448/7448 1248/7449/7449
f 1248/7450/7450 67/7451/7451 234/7452/7452
f 32/7453/7453 1249/7454/7454 1243/7455/7455
f 317/7456/7456 1243/7457/7457 1249/7458/7458
f 1250/7459/7459 29/7460/7460 410/7461/7461
f 29/7462/7462 1362/7463/7463 1244/7464/7464
f 753/7465/7465 1163/7466/7466 1251/7467/7467
f 1251/7468/7468 1163/7469/7469 1198/7470/7470
f 542/7471/7471 508/7472/7472 1252/7473/7473
f 542/7474/7474 1252/7475/7475 1246/7476/7476
f 937/7477/7477 292/7478/7478 1253/7479/7479
f 858/7480/7480 1253/7481/7481 292/7482/7482
f 653/7483/7483 566/7484/7484 1254/7485/7485
f 653/7486/7486 1254/7487/7487 1109/7488/7488
f 1255/7489/7489 984/7490/7490 812/7491/7491
f 444/7492/7492 1255/7493/7493 812/7494/7494
f 1489/7495/7495 1256/7496/7496 411/7497/7497
f 99/7498/7498 1256/7499/7499 764/7500/7500
f 1257/7501/7501 691/7502/7502 132/7503/7503
f 1257/7504/7504 132/7505/7505 1095/7506/7506
f 1030/7507/7507 1239/7508/7508 1258/7509/7509
f 1030/7510/7510 1258/7511/7511 834/7512/7512
f 316/7513/7513 1259/7514/7514 367/7515/7515
f 1259/7516/7516 1076/7517/7517 367/7518/7518
f 1233/7519/7519 244/7520/7520 1260/7521/7521
f 1305/7522/7522 244/7523/7523 540/7524/7524
f 223/7525/7525 1261/7526/7526 228/7527/7527
f 1261/7528/7528 491/7529/7529 228/7530/7530
f 1262/7531/7531 410/7532/7532 480/7533/7533
f 410/7534/7534 1262/7535/7535 36/7536/7536
f 94/7537/7537 1263/7538/7538 966/7539/7539
f 524/7540/7540 966/7541/7541 1263/7542/7542
f 1264/7543/7543 273/7544/7544 954/7545/7545
f 1264/7546/7546 954/7547/7547 650/7548/7548
f 887/7549/7549 1265/7550/7550 535/7551/7551
f 535/7552/7552 1265/7553/7553 920/7554/7554
f 456/7555/7555 994/7556/7556 1266/7557/7557
f 994/7558/7558 219/7559/7559 1266/7560/7560
f 1267/7561/7561 1360/7562/7562 833/7563/7563
f 467/7564/7564 1267/7565/7565 833/7566/7566
f 911/7567/7567 1268/7568/7568 844/7569/7569
f 844/7570/7570 1268/7571/7571 118/7572/7572
f 613/7573/7573 100/7574/7574 1269/7575/7575
f 1274/7576/7576 100/7577/7577 655/7578/7578
f 4/7579/7579 1270/7580/7580 1210/7581/7581
f 454/7582/7582 1270/7583/7583 4/7584/7584
f 1271/7585/7585 169/7586/7586 549/7587/7587
f 1271/7588/7588 549/7589/7589 88/7590/7590
f 58/7591/7591 1272/7592/7592 1155/7593/7593
f 1321/7594/7594 1272/7595/7595 58/7596/7596
f 1033/7597/7597 1127/7598/7598 1273/7599/7599
f 1127/7600/7600 161/7601/7601 1273/7602/7602
f 1420/7603/7603 1269/7604/7604 1274/7605/7605
f 100/7606/7606 1274/7607/7607 1269/7608/7608
f 1275/7609/7609 411/7610/7610 622/7611/7611
f 257/7612/7612 1275/7613/7613 622/7614/7614
f 860/7615/7615 384/7616/7616 1276/7617/7617
f 384/7618/7618 754/7619/7619 1276/7620/7620
f 1277/7621/7621 1140/7622/7622 670/7623/7623
f 1020/7624/7624 1277/7625/7625 670/7626/7626
f 1065/7627/7627 1278/7628/7628 1048/7629/7629
f 122/7630/7630 1278/7631/7631 1065/7632/7632
f 664/7633/7633 1279/7634/7634 251/7635/7635
f 871/7636/7636 1279/7637/7637 664/7638/7638
f 846/7639/7639 1280/7640/7640 156/7641/7641
f 846/7642/7642 509/7643/7643 1280/7644/7644
f 102/7645/7645 1122/7646/7646 1281/7647/7647
f 1281/7648/7648 1122/7649/7649 1010/7650/7650
f 1282/7651/7651 640/7652/7652 1287/7653/7653
f 694/7654/7654 1282/7655/7655 1287/7656/7656
f 191/7657/7657 937/7658/7658 1283/7659/7659
f 1283/7660/7660 937/7661/7661 1253/7662/7662
f 54/7663/7663 1284/7664/7664 224/7665/7665
f 224/7666/7666 1284/7667/7667 693/7668/7668
f 1285/7669/7669 974/7670/7670 502/7671/7671
f 1197/7672/7672 1285/7673/7673 502/7674/7674
f 145/7675/7675 1286/7676/7676 369/7677/7677
f 1286/7678/7678 1288/7679/7679 375/7680/7680
f 15/7681/7681 1287/7682/7682 640/7683/7683
f 15/7684/7684 356/7685/7685 1287/7686/7686
f 145/7687/7687 485/7688/7688 1288/7689/7689
f 1288/7690/7690 1286/7691/7691 145/7692/7692
f 1289/7693/7693 121/7694/7694 1379/7695/7695
f 1289/7696/7696 116/7697/7697 1192/7698/7698
f 1290/7699/7699 870/7700/7700 2/7701/7701
f 1290/7702/7702 769/7703/7703 870/7704/7704
f 344/7705/7705 1291/7706/7706 840/7707/7707
f 1295/7708/7708 840/7709/7709 1291/7710/7710
f 1039/7711/7711 1292/7712/7712 740/7713/7713
f 1039/7714/7714 877/7715/7715 1292/7716/7716
f 232/7717/7717 1293/7718/7718 1193/7719/7719
f 232/7720/7720 796/7721/7721 1293/7722/7722
f 515/7723/7723 666/7724/7724 1294/7725/7725
f 1294/7726/7726 666/7727/7727 1270/7728/7728
f 521/7729/7729 1295/7730/7730 348/7731/7731
f 348/7732/7732 1295/7733/7733 1291/7734/7734
f 279/7735/7735 469/7736/7736 1296/7737/7737
f 1296/7738/7738 469/7739/7739 7/7740/7740
f 1297/7741/7741 550/7742/7742 38/7743/7743
f 1297/7744/7744 38/7745/7745 479/7746/7746
f 624/7747/7747 1298/7748/7748 7/7749/7749
f 624/7750/7750 948/7751/7751 1298/7752/7752
f 400/7753/7753 1299/7754/7754 855/7755/7755
f 630/7756/7756 1299/7757/7757 1341/7758/7758
f 1300/7759/7759 643/7760/7760 141/7761/7761
f 1300/7762/7762 141/7763/7763 841/7764/7764
f 702/7765/7765 1301/7766/7766 1354/7767/7767
f 702/7768/7768 1067/7769/7769 1301/7770/7770
f 651/7771/7771 1302/7772/7772 84/7773/7773
f 651/7774/7774 259/7775/7775 1302/7776/7776
f 1088/7777/7777 1303/7778/7778 553/7779/7779
f 872/7780/7780 1303/7781/7781 1088/7782/7782
f 1309/7783/7783 774/7784/7784 1304/7785/7785
f 140/7786/7786 1304/7787/7787 101/7788/7788
f 1260/7789/7789 1305/7790/7790 1066/7791/7791
f 244/7792/7792 1305/7793/7793 1260/7794/7794
f 1306/7795/7795 918/7796/7796 539/7797/7797
f 539/7798/7798 617/7799/7799 1306/7800/7800
f 1303/7801/7801 1307/7802/7802 210/7803/7803
f 210/7804/7804 1307/7805/7805 1248/7806/7806
f 1313/7807/7807 1230/7808/7808 1308/7809/7809
f 151/7810/7810 1308/7811/7811 64/7812/7812
f 140/7813/7813 1082/7814/7814 1309/7815/7815
f 1309/7816/7816 1304/7817/7817 140/7818/7818
f 1310/7819/7819 1152/7820/7820 1047/7821/7821
f 1047/7822/7822 294/7823/7823 1310/7824/7824
f 3/7825/7825 1116/7826/7826 1311/7827/7827
f 1311/7828/7828 1116/7829/7829 1242/7830/7830
f 181/7831/7831 1312/7832/7832 608/7833/7833
f 181/7834/7834 466/7835/7835 1312/7836/7836
f 1313/7837/7837 1308/7838/7838 151/7839/7839
f 1454/7840/7840 1313/7841/7841 1372/7842/7842
f 1314/7843/7843 14/7844/7844 600/7845/7845
f 806/7846/7846 1314/7847/7847 1319/7848/7848
f 773/7849/7849 1315/7850/7850 1042/7851/7851
f 1042/7852/7852 1315/7853/7853 91/7854/7854
f 299/7855/7855 1316/7856/7856 344/7857/7857
f 344/7858/7858 1316/7859/7859 1291/7860/7860
f 1317/7861/7861 483/7862/7862 988/7863/7863
f 988/7864/7864 556/7865/7865 1317/7866/7866
f 1318/7867/7867 253/7868/7868 700/7869/7869
f 1318/7870/7870 700/7871/7871 744/7872/7872
f 1314/7873/7873 600/7874/7874 1319/7875/7875
f 600/7876/7876 80/7877/7877 1319/7878/7878
f 356/7879/7879 15/7880/7880 1320/7881/7881
f 356/7882/7882 1320/7883/7883 649/7884/7884
f 619/7885/7885 1360/7886/7886 1321/7887/7887
f 619/7888/7888 1321/7889/7889 58/7890/7890
f 1322/7891/7891 465/7892/7892 791/7893/7893
f 288/7894/7894 1322/7895/7895 791/7896/7896
f 904/7897/7897 418/7898/7898 1323/7899/7899
f 904/7900/7900 1323/7901/7901 1241/7902/7902
f 1324/7903/7903 179/7904/7904 934/7905/7905
f 373/7906/7906 1330/7907/7907 1324/7908/7908
f 1325/7909/7909 719/7910/7910 176/7911/7911
f 1325/7912/7912 1036/7913/7913 719/7914/7914
f 543/7915/7915 830/7916/7916 1326/7917/7917
f 1326/7918/7918 830/7919/7919 255/7920/7920
f 1327/7921/7921 779/7922/7922 869/7923/7923
f 43/7924/7924 1327/7925/7925 869/7926/7926
f 897/7927/7927 895/7928/7928 1328/7929/7929
f 895/7930/7930 731/7931/7931 1328/7932/7932
f 1329/7933/7933 451/7934/7934 71/7935/7935
f 1329/7936/7936 71/7937/7937 516/7938/7938
f 1330/7939/7939 250/7940/7940 179/7941/7941
f 1330/7942/7942 179/7943/7943 1324/7944/7944
f 1331/7945/7945 570/7946/7946 268/7947/7947
f 570/7948/7948 1331/7949/7949 788/7950/7950
f 286/7951/7951 282/7952/7952 1332/7953/7953
f 1332/7954/7954 1470/7955/7955 286/7956/7956
f 1333/7957/7957 723/7958/7958 1338/7959/7959
f 385/7960/7960 1333/7961/7961 1338/7962/7962
f 556/7963/7963 1334/7964/7964 628/7965/7965
f 576/7966/7966 628/7967/7967 1334/7968/7968
f 158/7969/7969 1170/7970/7970 1335/7971/7971
f 158/7972/7972 1335/7973/7973 1132/7974/7974
f 1142/7975/7975 595/7976/7976 1336/7977/7977
f 595/7978/7978 277/7979/7979 1336/7980/7980
f 1337/7981/7981 523/7982/7982 1119/7983/7983
f 1337/7984/7984 295/7985/7985 523/7986/7986
f 315/7987/7987 62/7988/7988 1338/7989/7989
f 385/7990/7990 1338/7991/7991 1371/7992/7992
f 352/7993/7993 1339/7994/7994 1139/7995/7995
f 1339/7996/7996 11/7997/7997 1139/7998/7998
f 1023/7999/7999 447/8000/8000 1340/8001/8001
f 447/8002/8002 888/8003/8003 1340/8004/8004
f 400/8005/8005 1341/8006/8006 1299/8007/8007
f 1341/8008/8008 400/8009/8009 182/8010/8010
f 796/8011/8011 193/8012/8012 1342/8013/8013
f 1342/8014/8014 193/8015/8015 678/8016/8016
f 1117/8017/8017 1343/8018/8018 773/8019/8019
f 1315/8020/8020 773/8021/8021 1343/8022/8022
f 1344/8023/8023 403/8024/8024 682/8025/8025
f 403/8026/8026 1344/8027/8027 805/8028/8028
f 171/8029/8029 1345/8030/8030 985/8031/8031
f 171/8032/8032 519/8033/8033 1345/8034/8034
f 453/8035/8035 1274/8036/8036 1346/8037/8037
f 332/8038/8038 453/8039/8039 1346/8040/8040
f 718/8041/8041 846/8042/8042 1347/8043/8043
f 119/8044/8044 718/8045/8045 1347/8046/8046
f 427/8047/8047 909/8048/8048 1348/8049/8049
f 283/8050/8050 427/8051/8051 1348/8052/8052
f 1349/8053/8053 610/8054/8054 1456/8055/8055
f 610/8056/8056 1349/8057/8057 850/8058/8058
f 288/8059/8059 1350/8060/8060 950/8061/8061
f 1350/8062/8062 115/8063/8063 950/8064/8064
f 256/8065/8065 648/8066/8066 1351/8067/8067
f 96/8068/8068 1351/8069/8069 648/8070/8070
f 1352/8071/8071 516/8072/8072 547/8073/8073
f 516/8074/8074 1352/8075/8075 118/8076/8076
f 283/8077/8077 1353/8078/8078 1102/8079/8079
f 1102/8080/8080 1353/8081/8081 497/8082/8082
f 1045/8083/8083 109/8084/8084 1354/8085/8085
f 702/8086/8086 1354/8087/8087 109/8088/8088
f 308/8089/8089 392/8090/8090 1355/8091/8091
f 392/8092/8092 1478/8093/8093 1355/8094/8094
f 647/8095/8095 440/8096/8096 1356/8097/8097
f 1464/8098/8098 955/8099/8099 647/8100/8100
f 1357/8101/8101 470/8102/8102 611/8103/8103
f 942/8104/8104 470/8105/8105 1357/8106/8106
f 479/8107/8107 1358/8108/8108 752/8109/8109
f 1358/8110/8110 251/8111/8111 752/8112/8112
f 112/8113/8113 1359/8114/8114 750/8115/8115
f 593/8116/8116 1359/8117/8117 112/8118/8118
f 833/8119/8119 1360/8120/8120 1058/8121/8121
f 619/8122/8122 1058/8123/8123 1360/8124/8124
f 1361/8125/8125 1474/8126/8126 1349/8127/8127
f 730/8128/8128 198/8129/8129 1361/8130/8130
f 1250/8131/8131 88/8132/8132 1362/8133/8133
f 1362/8134/8134 29/8135/8135 1250/8136/8136
f 431/8137/8137 1186/8138/8138 1363/8139/8139
f 542/8140/8140 431/8141/8141 1363/8142/8142
f 177/8143/8143 650/8144/8144 1364/8145/8145
f 177/8146/8146 1364/8147/8147 201/8148/8148
f 1365/8149/8149 1433/8150/8150 65/8151/8151
f 1365/8152/8152 65/8153/8153 584/8154/8154
f 807/8155/8155 1366/8156/8156 380/8157/8157
f 596/8158/8158 1366/8159/8159 807/8160/8160
f 524/8161/8161 1367/8162/8162 10/8163/8163
f 1367/8164/8164 524/8165/8165 1087/8166/8166
f 475/8167/8167 935/8168/8168 1368/8169/8169
f 1312/8170/8170 475/8171/8171 1368/8172/8172
f 65/8173/8173 1369/8174/8174 584/8175/8175
f 584/8176/8176 1369/8177/8177 831/8178/8178
f 270/8179/8179 974/8180/8180 1370/8181/8181
f 270/8182/8182 1370/8183/8183 1307/8184/8184
f 62/8185/8185 492/8186/8186 1371/8187/8187
f 62/8188/8188 1371/8189/8189 1338/8190/8190
f 1372/8191/8191 1313/8192/8192 151/8193/8193
f 1372/8194/8194 151/8195/8195 301/8196/8196
f 1373/8197/8197 946/8198/8198 705/8199/8199
f 1373/8200/8200 705/8201/8201 379/8202/8202
f 197/8203/8203 755/8204/8204 1374/8205/8205
f 197/8206/8206 1374/8207/8207 636/8208/8208
f 1375/8209/8209 275/8210/8210 1049/8211/8211
f 1375/8212/8212 980/8213/8213 275/8214/8214
f 211/8215/8215 893/8216/8216 1376/8217/8217
f 1302/8218/8218 211/8219/8219 1376/8220/8220
f 1377/8221/8221 304/8222/8222 1207/8223/8223
f 790/8224/8224 304/8225/8225 1377/8226/8226
f 429/8227/8227 827/8228/8228 1378/8229/8229
f 1378/8230/8230 1135/8231/8231 429/8232/8232
f 1289/8233/8233 1379/8234/8234 116/8235/8235
f 116/8236/8236 1379/8237/8237 653/8238/8238
f 1380/8239/8239 1375/8240/8240 557/8241/8241
f 1380/8242/8242 557/8243/8243 426/8244/8244
f 1381/8245/8245 1079/8246/8246 107/8247/8247
f 1210/8248/8248 1381/8249/8249 107/8250/8250
f 120/8251/8251 1382/8252/8252 642/8253/8253
f 1479/8254/8254 642/8255/8255 1382/8256/8256
f 1383/8257/8257 560/8258/8258 1211/8259/8259
f 23/8260/8260 560/8261/8261 1383/8262/8262
f 1384/8263/8263 148/8264/8264 1012/8265/8265
f 1384/8266/8266 234/8267/8267 148/8268/8268
f 556/8269/8269 1385/8270/8270 1317/8271/8271
f 556/8272/8272 704/8273/8273 1385/8274/8274
f 641/8275/8275 1386/8276/8276 568/8277/8277
f 568/8278/8278 1386/8279/8279 804/8280/8280
f 120/8281/8281 1463/8282/8282 1382/8283/8283
f 1382/8284/8284 1463/8285/8285 989/8286/8286
f 443/8287/8287 839/8288/8288 1388/8289/8289
f 1388/8290/8290 855/8291/8291 443/8292/8292
f 894/8293/8293 1389/8294/8294 656/8295/8295
f 656/8296/8296 1389/8297/8297 46/8298/8298
f 1390/8299/8299 780/8300/8300 714/8301/8301
f 1390/8302/8302 714/8303/8303 536/8304/8304
f 1391/8305/8305 961/8306/8306 120/8307/8307
f 642/8308/8308 1391/8309/8309 120/8310/8310
f 1/8311/8311 1392/8312/8312 330/8313/8313
f 2/8314/8314 1392/8315/8315 1/8316/8316
f 609/8317/8317 1332/8318/8318 1393/8319/8319
f 609/8320/8320 1393/8321/8321 522/8322/8322
f 731/8323/8323 1394/8324/8324 597/8325/8325
f 459/8326/8326 597/8327/8327 1394/8328/8328
f 1395/8329/8329 1435/8330/8330 41/8331/8331
f 1395/8332/8332 41/8333/8333 572/8334/8334
f 169/8335/8335 1396/8336/8336 986/8337/8337
f 169/8338/8338 1000/8339/8339 1396/8340/8340
f 120/8341/8341 961/8342/8342 1397/8343/8343
f 1018/8344/8344 120/8345/8345 1397/8346/8346
f 1398/8347/8347 1074/8348/8348 303/8349/8349
f 1398/8350/8350 303/8351/8351 682/8352/8352
f 246/8353/8353 1399/8354/8354 399/8355/8355
f 246/8356/8356 1060/8357/8357 1399/8358/8358
f 195/8359/8359 1078/8360/8360 1400/8361/8361
f 195/8362/8362 1400/8363/8363 149/8364/8364
f 1053/8365/8365 1401/8366/8366 72/8367/8367
f 1401/8368/8368 357/8369/8369 72/8370/8370
f 1394/8371/8371 1402/8372/8372 257/8373/8373
f 1402/8374/8374 738/8375/8375 257/8376/8376
f 129/8377/8377 998/8378/8378 1403/8379/8379
f 998/8380/8380 739/8381/8381 1403/8382/8382
f 175/8383/8383 337/8384/8384 1404/8385/8385
f 1404/8386/8386 835/8387/8387 175/8388/8388
f 762/8389/8389 162/8390/8390 1405/8391/8391
f 1405/8392/8392 1282/8393/8393 762/8394/8394
f 1406/8395/8395 160/8396/8396 309/8397/8397
f 671/8398/8398 160/8399/8399 1406/8400/8400
f 602/8401/8401 1407/8402/8402 326/8403/8403
f 326/8404/8404 1407/8405/8405 1497/8406/8406
f 1408/8407/8407 716/8408/8408 867/8409/8409
f 867/8410/8410 53/8411/8411 1408/8412/8412
f 142/8413/8413 1033/8414/8414 1409/8415/8415
f 142/8416/8416 1409/8417/8417 765/8418/8418
f 1410/8419/8419 659/8420/8420 505/8421/8421
f 1410/8422/8422 505/8423/8423 819/8424/8424
f 1465/8425/8425 1411/8426/8426 334/8427/8427
f 334/8428/8428 1411/8429/8429 1090/8430/8430
f 1115/8431/8431 418/8432/8432 1412/8433/8433
f 418/8434/8434 904/8435/8435 1412/8436/8436
f 468/8437/8437 1233/8438/8438 1413/8439/8439
f 1477/8440/8440 468/8441/8441 1413/8442/8442
f 425/8443/8443 1414/8444/8444 842/8445/8445
f 425/8446/8446 653/8447/8447 1414/8448/8448
f 582/8449/8449 684/8450/8450 1415/8451/8451
f 1415/8452/8452 684/8453/8453 121/8454/8454
f 1011/8455/8455 749/8456/8456 1416/8457/8457
f 1416/8458/8458 749/8459/8459 1494/8460/8460
f 258/8461/8461 1417/8462/8462 12/8463/8463
f 1455/8464/8464 1417/8465/8465 258/8466/8466
f 654/8467/8467 1418/8468/8468 484/8469/8469
f 926/8470/8470 1418/8471/8471 654/8472/8472
f 114/8473/8473 1445/8474/8474 1419/8475/8475
f 825/8476/8476 114/8477/8477 1419/8478/8478
f 247/8479/8479 1420/8480/8480 641/8481/8481
f 251/8482/8482 1420/8483/8483 247/8484/8484
f 200/8485/8485 1421/8486/8486 1285/8487/8487
f 200/8488/8488 981/8489/8489 1421/8490/8490
f 442/8491/8491 822/8492/8492 1422/8493/8493
f 763/8494/8494 442/8495/8495 1422/8496/8496
f 363/8497/8497 1423/8498/8498 424/8499/8499
f 1423/8500/8500 363/8501/8501 1082/8502/8502
f 608/8503/8503 902/8504/8504 1424/8505/8505
f 236/8506/8506 608/8507/8507 1424/8508/8508
f 1425/8509/8509 726/8510/8510 207/8511/8511
f 254/8512/8512 1425/8513/8513 207/8514/8514
f 1426/8515/8515 152/8516/8516 496/8517/8517
f 1426/8518/8518 1367/8519/8519 152/8520/8520
f 1427/8521/8521 308/8522/8522 576/8523/8523
f 1427/8524/8524 392/8525/8525 308/8526/8526
f 1432/8527/8527 1428/8528/8528 1132/8529/8529
f 1428/8530/8530 163/8531/8531 847/8532/8532
f 986/8533/8533 578/8534/8534 1429/8535/8535
f 578/8536/8536 1001/8537/8537 1429/8538/8538
f 1430/8539/8539 490/8540/8540 1046/8541/8541
f 795/8542/8542 490/8543/8543 1430/8544/8544
f 1276/8545/8545 1431/8546/8546 853/8547/8547
f 853/8548/8548 1431/8549/8549 874/8550/8550
f 1428/8551/8551 1432/8552/8552 163/8553/8553
f 495/8554/8554 163/8555/8555 1432/8556/8556
f 81/8557/8557 978/8558/8558 1433/8559/8559
f 81/8560/8560 1433/8561/8561 1365/8562/8562
f 1434/8563/8563 751/8564/8564 104/8565/8565
f 751/8566/8566 1434/8567/8567 1142/8568/8568
f 1208/8569/8569 1435/8570/8570 1188/8571/8571
f 1188/8572/8572 1435/8573/8573 1395/8574/8574
f 311/8575/8575 1436/8576/8576 868/8577/8577
f 323/8578/8578 1436/8579/8579 311/8580/8580
f 192/8581/8581 486/8582/8582 1437/8583/8583
f 1437/8584/8584 533/8585/8585 192/8586/8586
f 397/8587/8587 1438/8588/8588 879/8589/8589
f 879/8590/8590 1438/8591/8591 5/8592/8592
f 1347/8593/8593 1006/8594/8594 1439/8595/8595
f 1439/8596/8596 1006/8597/8597 530/8598/8598
f 31/8599/8599 1440/8600/8600 525/8601/8601
f 754/8602/8602 1440/8603/8603 31/8604/8604
f 1441/8605/8605 934/8606/8606 1052/8607/8607
f 1052/8608/8608 183/8609/8609 1441/8610/8610
f 1271/8611/8611 1442/8612/8612 634/8613/8613
f 634/8614/8614 1442/8615/8615 800/8616/8616
f 1443/8617/8617 170/8618/8618 499/8619/8619
f 1259/8620/8620 1443/8621/8621 499/8622/8622
f 1444/8623/8623 826/8624/8624 226/8625/8625
f 1444/8626/8626 837/8627/8627 826/8628/8628
f 1445/8629/8629 1227/8630/8630 798/8631/8631
f 1419/8632/8632 1445/8633/8633 798/8634/8634
f 1446/8635/8635 48/8636/8636 668/8637/8637
f 1017/8638/8638 1446/8639/8639 668/8640/8640
f 1217/8641/8641 1447/8642/8642 621/8643/8643
f 621/8644/8644 1447/8645/8645 1193/8646/8646
f 236/8647/8647 1448/8648/8648 608/8649/8649
f 236/8650/8650 816/8651/8651 1448/8652/8652
f 658/8653/8653 786/8654/8654 1449/8655/8655
f 1449/8656/8656 1069/8657/8657 658/8658/8658
f 122/8659/8659 851/8660/8660 1450/8661/8661
f 1455/8662/8662 1459/8663/8663 1417/8664/8664
f 1451/8665/8665 56/8666/8666 279/8667/8667
f 996/8668/8668 1457/8669/8669 279/8670/8670
f 1452/8671/8671 731/8672/8672 520/8673/8673
f 520/8674/8674 333/8675/8675 1452/8676/8676
f 777/8677/8677 959/8678/8678 1453/8679/8679
f 1453/8680/8680 959/8681/8681 1248/8682/8682
f 683/8683/8683 1454/8684/8684 1372/8685/8685
f 1174/8686/8686 1454/8687/8687 683/8688/8688
f 122/8689/8689 1450/8690/8690 1455/8691/8691
f 122/8692/8692 1455/8693/8693 258/8694/8694
f 78/8695/8695 1456/8696/8696 416/8697/8697
f 1456/8698/8698 571/8699/8699 416/8700/8700
f 1457/8701/8701 1451/8702/8702 279/8703/8703
f 459/8704/8704 1451/8705/8705 1457/8706/8706
f 1327/8707/8707 1458/8708/8708 779/8709/8709
f 1458/8710/8710 1327/8711/8711 43/8712/8712
f 1450/8713/8713 1245/8714/8714 1459/8715/8715
f 1450/8716/8716 1459/8717/8717 1455/8718/8718
f 1197/8719/8719 1460/8720/8720 734/8721/8721
f 734/8722/8722 1460/8723/8723 1107/8724/8724
f 238/8725/8725 890/8726/8726 1461/8727/8727
f 1461/8728/8728 890/8729/8729 149/8730/8730
f 428/8731/8731 1462/8732/8732 33/8733/8733
f 33/8734/8734 1462/8735/8735 1054/8736/8736
f 1463/8737/8737 184/8738/8738 1387/8739/8739
f 1463/8740/8740 1387/8741/8741 989/8742/8742
f 1464/8743/8743 1356/8744/8744 1058/8745/8745
f 647/8746/8746 1356/8747/8747 1464/8748/8748
f 1465/8749/8749 729/8750/8750 362/8751/8751
f 1465/8752/8752 362/8753/8753 811/8754/8754
f 518/8755/8755 241/8756/8756 1466/8757/8757
f 241/8758/8758 1060/8759/8759 1466/8760/8760
f 338/8761/8761 1467/8762/8762 747/8763/8763
f 338/8764/8764 1073/8765/8765 1467/8766/8766
f 101/8767/8767 1468/8768/8768 402/8769/8769
f 101/8770/8770 1401/8771/8771 1468/8772/8772
f 593/8773/8773 1469/8774/8774 1026/8775/8775
f 1220/8776/8776 1469/8777/8777 593/8778/8778
f 1332/8779/8779 799/8780/8780 1470/8781/8781
f 799/8782/8782 369/8783/8783 1470/8784/8784
f 9/8785/8785 1471/8786/8786 877/8787/8787
f 789/8788/8788 1471/8789/8789 9/8790/8790
f 1472/8791/8791 849/8792/8792 905/8793/8793
f 849/8794/8794 1472/8795/8795 615/8796/8796
f 940/8797/8797 1473/8798/8798 1191/8799/8799
f 1191/8800/8800 1473/8801/8801 641/8802/8802
f 1474/8803/8803 198/8804/8804 445/8805/8805
f 198/8806/8806 1474/8807/8807 1361/8808/8808
f 506/8809/8809 1475/8810/8810 1392/8811/8811
f 506/8812/8812 1228/8813/8813 1475/8814/8814
f 784/8815/8815 1476/8816/8816 331/8817/8817
f 1481/8818/8818 784/8819/8819 782/8820/8820
f 435/8821/8821 1477/8822/8822 1472/8823/8823
f 1477/8824/8824 435/8825/8825 1180/8826/8826
f 693/8827/8827 1239/8828/8828 1478/8829/8829
f 1478/8830/8830 736/8831/8831 693/8832/8832
f 962/8833/8833 642/8834/8834 1479/8835/8835
f 1479/8836/8836 261/8837/8837 962/8838/8838
f 130/8839/8839 1000/8840/8840 1480/8841/8841
f 679/8842/8842 130/8843/8843 1480/8844/8844
f 1481/8845/8845 1476/8846/8846 784/8847/8847
f 1049/8848/8848 1476/8849/8849 1481/8850/8850
f 330/8851/8851 1475/8852/8852 1482/8853/8853
f 330/8854/8854 1482/8855/8855 665/8856/8856
f 1483/8857/8857 660/8858/8858 486/8859/8859
f 214/8860/8860 660/8861/8861 1483/8862/8862
f 433/8863/8863 1216/8864/8864 1484/8865/8865
f 1484/8866/8866 1216/8867/8867 239/8868/8868
f 588/8869/8869 787/8870/8870 1485/8871/8871
f 588/8872/8872 1485/8873/8873 182/8874/8874
f 973/8875/8875 1221/8876/8876 1486/8877/8877
f 1433/8878/8878 973/8879/8879 1486/8880/8880
f 441/8881/8881 508/8882/8882 1487/8883/8883
f 441/8884/8884 1487/8885/8885 899/8886/8886
f 1488/8887/8887 902/8888/8888 677/8889/8889
f 537/8890/8890 902/8891/8891 1488/8892/8892
f 93/8893/8893 764/8894/8894 1489/8895/8895
f 764/8896/8896 1256/8897/8897 1489/8898/8898
f 1059/8899/8899 1490/8900/8900 491/8901/8901
f 1490/8902/8902 565/8903/8903 491/8904/8904
f 1123/8905/8905 1491/8906/8906 129/8907/8907
f 1491/8908/8908 1056/8909/8909 129/8910/8910
f 383/8911/8911 73/8912/8912 1492/8913/8913
f 73/8914/8914 1213/8915/8915 1498/8916/8916
f 935/8917/8917 1493/8918/8918 271/8919/8919
f 1493/8920/8920 616/8921/8921 271/8922/8922
f 285/8923/8923 688/8924/8924 1494/8925/8925
f 688/8926/8926 1416/8927/8927 1494/8928/8928
f 108/8929/8929 1010/8930/8930 1495/8931/8931
f 1422/8932/8932 108/8933/8933 1495/8934/8934
f 1496/8935/8935 254/8936/8936 1016/8937/8937
f 1496/8938/8938 1425/8939/8939 254/8940/8940
f 1407/8941/8941 146/8942/8942 1497/8943/8943
f 1497/8944/8944 146/8945/8945 755/8946/8946
f 1498/8947/8947 644/8948/8948 1492/8949/8949
f 73/8950/8950 1498/8951/8951 1492/8952/8952
f 428/8953/8953 1499/8954/8954 50/8955/8955
f 1499/8956/8956 860/8957/8957 50/8958/8958
