# File exported by Houdini 16.5.405 (www.sidefx.com)
# 229 points
# 1338 vertices
# 446 primitives
# Bounds: [-31.4020824, -1.48919213, -29.121891] to [31.6581345, 128.896744, 28.4543095]
g 
v 2.81379342 1.15581024 -12.3265438
v 0.0823549554 2.38334394 -19.1414108
v 6.26018476 13.806675 -29.121891
v -6.4887023 92.1023331 14.2054214
v -2.90336347 0.398527682 -9.84268093
v -24.2735672 3.23724914 -15.5765982
v 9.3192749 33.0320244 -15.3561363
v 13.7193937 1.28644562 -22.4710369
v 11.0372238 53.8085442 -26.2496872
v -6.56271887 102.222351 -11.3653965
v -27.775074 47.3541336 6.36505842
v 30.6789227 6.18126678 -1.60626519
v 1.87476146 1.15044713 -1.15075624
v -14.0530205 40.7029991 -23.29846
v 8.60415268 44.5236473 2.76964545
v 16.5226269 13.5833969 -10.2746582
v -5.16264677 51.677578 5.32224751
v 1.40437174 126.853065 -9.86728477
v 4.97381544 44.0278702 -2.15179443
v -3.69078803 3.62958264 20.576086
v 9.13469219 91.8632126 -22.2016239
v -4.47575045 47.0643883 -21.5132427
v -19.1077709 93.5667572 5.18675375
v 10.9202194 -0.816482425 15.9822626
v 28.7937813 25.4016552 -4.89868546
v -26.413208 69.206398 -19.4669647
v 9.65700722 42.5019379 21.6935558
v 11.7170515 2.02043605 -19.9466858
v -1.16727614 121.499695 -0.0658567771
v -7.30545616 52.4821548 -12.4096584
v 18.3062325 16.0218811 -0.503805697
v -4.67957163 53.3037109 -7.97969341
v 9.90621471 31.8422508 -27.5230675
v -7.40574408 7.51966715 -21.3673954
v 18.9995995 20.1507797 14.8749046
v 0.251383424 99.1144714 12.1867456
v -30.3840008 13.2365808 10.9761782
v 5.00312567 37.7455139 -16.5036297
v -1.83750272 90.6871262 1.97212625
v 0.0609119684 104.788231 -19.65662
v -13.3789692 68.4807816 19.8058224
v -2.03308153 21.6896248 -27.1070976
v 24.376915 9.86670685 18.9538689
v -7.74026966 96.4888306 -20.1874905
v 20.0766888 70.7262192 -22.7057114
v 12.555028 27.0440845 -7.68640566
v 0.303315282 8.55759621 24.9032669
v 20.922123 91.2635193 5.09674454
v -1.69187069 2.17697954 3.38981867
v 3.93415403 1.3062675 22.5425797
v -17.836689 0.666221023 16.5950356
v -31.2993603 6.06188631 -1.43351221
v 0.049288366 49.3593369 -25.0103283
v 22.2236805 60.6559677 12.8871861
v -1.27092564 15.3736277 1.60612977
v -4.25508881 31.8421745 -12.5693598
v 17.5061359 26.7114925 19.0858936
v 11.6207151 125.679199 -3.68711233
v 6.3577137 18.5935345 28.4543095
v 23.7277546 49.1409798 -24.3749733
v 10.1915865 17.5705013 -27.2795048
v -28.6843243 45.8624115 -17.9444599
v -3.79504895 30.3579006 25.6205196
v 22.0830555 0.356235176 6.13718987
v 19.9617634 104.724953 -3.49346566
v -9.89534187 58.4159851 -23.0783367
v 21.1762829 6.79584789 -21.8930607
v -4.17569971 8.88734245 -18.8098335
v -23.8942127 89.3266296 -17.1270103
v -2.22624707 6.43227577 21.2765923
v 30.5586052 12.1593275 14.6663485
v -21.7430229 80.9621582 2.52868652
v -4.61346006 16.0233669 -10.1123734
v 2.60300231 72.3640213 18.4322701
v -7.36081839 23.3006287 -23.1264877
v 5.39219236 36.4607773 -27.8477974
v -19.9497356 34.7439384 23.3172417
v 9.51917744 89.7498474 13.0937891
v 6.6597991 53.1104012 17.1466274
v 17.8740997 21.4947987 20.0050488
v 11.8158388 11.0274563 -28.7375507
v 6.77805424 5.61823463 -25.3642197
v 0.302679509 120.659203 2.39926386
v -14.3972311 -0.347031891 -12.9703598
v -4.51754045 58.9181137 8.03930855
v 18.387949 6.4836688 12.3398428
v 15.50525 117.006111 3.14816546
v -3.0804894 62.3812637 -12.657897
v -11.0076618 105.310158 -5.86924028
v 19.5345211 0.948211133 3.61504292
v 17.2824745 27.3851147 22.6212864
v -27.9373779 65.8029556 -17.1799831
v 29.006258 2.38272262 0.708146513
v -2.24815631 60.6469269 -23.8333416
v -5.07402229 42.669693 -25.8718529
v -1.82713997 20.3902931 7.30894375
v -5.12631369 51.9509048 -9.00510597
v -7.81938124 100.223839 4.12816906
v -1.79666615 3.75434256 19.046442
v -20.6830406 -0.31389305 0.749698937
v 18.4430408 8.62232876 3.37499142
v 18.4157181 98.6122208 -15.905139
v -3.50761485 29.4627724 -26.6318951
v -1.13300312 58.7034874 13.5094013
v -9.07546234 54.2901917 23.8077412
v 5.71190643 -1.48919213 14.0520716
v 21.323164 1.53200197 -16.0166416
v -4.05341816 10.673317 -25.4592094
v 25.5662632 26.5396805 -26.6758022
v -25.0917263 40.6878662 -20.8691082
v -2.21997476 69.5276871 5.32874346
v -2.84721994 3.78969955 -6.91953659
v -5.36285353 71.0504608 -2.49323916
v 3.9353323 112.230965 10.0278358
v -0.138943762 43.6591911 -26.6789188
v 16.4477425 13.7437105 26.0774403
v -5.27008533 31.3734818 -14.3794317
v 2.78495383 128.896744 -4.89610004
v 15.6967916 -0.325235367 -5.08253813
v -2.99669766 37.5197563 26.1400814
v -17.9843159 104.222473 -5.61768675
v -4.93057632 23.0476913 -21.0398941
v -14.1315517 23.7275639 25.8944721
v 25.3807812 53.8296318 11.321146
v -14.8521566 99.4446335 6.8893714
v -29.971283 3.34949136 -12.34729
v -15.4001179 88.007782 11.5360909
v -2.79374099 16.0839443 25.8256035
v -0.320716023 62.1847992 5.60715818
v -15.039669 4.69890213 -19.7869473
v 21.2507572 79.0169525 -12.5583401
v -5.49902582 97.824852 1.90211952
v 25.2782307 57.3302689 0.928543627
v -1.57172716 18.251215 28.4437599
v 21.7878799 4.01454973 13.823595
v -3.63664651 54.3340645 1.24253261
v -2.91652751 90.3733292 -9.80877686
v 15.1979694 7.74934578 25.6533184
v 11.8817616 20.5244656 -21.3667965
v -10.4341736 13.1410313 25.3537178
v 0.584342957 64.6468201 16.7134819
v 16.4411087 1.65604651 13.9464283
v -4.42441463 52.643177 2.99896097
v -27.668951 2.20081663 -0.600140095
v -2.55120301 21.1728477 25.2672138
v 13.1018238 40.1384659 18.9531841
v -22.1978474 101.063698 -12.3367128
v 8.07464504 122.626923 1.4454298
v -0.982290506 2.88452911 8.89866352
v -22.6028519 12.9706249 22.038763
v 15.9207764 118.391418 -8.53048134
v 17.1445789 1.32301116 -8.17770767
v -31.4020824 28.4136791 -17.544281
v 10.0254812 41.2502594 13.9453211
v 3.93356037 3.04740191 -22.5416451
v -2.08313227 2.77142882 11.7434788
v 18.9661388 17.9313011 0.923235118
v -6.35384369 -0.348351359 -7.07722521
v -2.59848428 110.629745 -15.1721363
v -1.53138041 58.2022209 -3.50078845
v 9.39739037 29.709938 -14.3038244
v -5.24382925 88.959259 15.367506
v 0.490033567 116.053795 5.39953566
v -4.11668682 37.9943352 25.082634
v 0.320857465 52.3837738 1.29798138
v 20.6402359 0.377893984 -11.9566298
v -2.96027231 81.9395905 -21.3443031
v 0.642441511 125.787323 -2.89736986
v -1.81615496 30.0921593 27.5169621
v -0.991009533 2.03093767 -12.9690523
v -15.0997829 66.8409729 -22.1496925
v 31.6581345 20.063673 10.1100531
v -24.8918667 63.0386734 3.41108727
v 19.1834564 98.1819153 6.08866835
v -7.99661493 32.175621 -22.7290554
v -3.04921198 31.3215961 1.21328974
v -24.0322704 -0.283101439 -11.8659582
v -1.50031376 108.810455 -18.4610634
v -5.64565325 46.927475 -20.757061
v -3.51149178 44.1737747 24.4373951
v -6.25457954 74.4250641 20.3955517
v -9.4467802 -0.374251872 18.136301
v 2.99026012 0.409149885 19.812315
v -22.910656 -0.129147574 7.81263781
v -5.04537916 74.7134781 19.7624588
v -1.31402874 50.9490471 -16.2508926
v -6.43406057 71.1334915 -9.94655037
v -7.27728224 84.5221558 -19.7025185
v -1.71586454 69.2060776 15.0017385
v -0.727045178 51.3693428 21.5737057
v -2.05877185 1.61694098 -3.61410499
v 9.21868515 53.1675301 19.2242794
v -0.840760291 14.3892908 28.4108372
v 1.78056645 122.740852 2.40358353
v 28.9596977 30.0836277 14.3792019
v -2.04255462 86.4944992 -21.4243374
v -5.81004715 55.1412964 23.6730194
v 21.96175 14.0224771 19.7827072
v -4.59859371 55.3400383 7.16501236
v 11.8050327 112.216179 -13.2347298
v -29.408514 29.4670334 10.0261736
v 4.50982761 0.282332569 -7.57452726
v 2.24035025 89.8497467 15.4984045
v 17.2614479 -0.0831274539 -18.1379318
v 20.3501778 0.537669837 -3.64544058
v -25.7714615 68.0904846 -5.92485857
v -8.65210819 42.7844543 -21.0786934
v 3.06181097 0.0145564973 10.0497847
v -5.19679594 93.5043488 8.21280575
v -6.65361452 60.9456253 -10.3366222
v 12.6259565 6.7481842 -21.2570038
v -2.76868343 9.619977 24.106905
v -3.95200777 43.3176117 11.731945
v 22.1327152 18.0644531 -28.0344028
v -4.98298264 35.2305794 25.9340706
v -18.4869633 98.235817 -17.4558353
v -0.998831093 11.6020136 -27.3493767
v -6.26166296 96.3124542 7.20568514
v -30.4011402 45.745163 -14.04883
v 14.3109207 41.3891563 -26.600914
v -3.05874634 32.4385033 1.25391614
v -6.93558359 86.9827957 -16.3015614
v 6.89551592 60.2720909 19.0318832
v 14.5566988 42.7000198 18.2283611
v 14.7173157 52.2669106 -25.7859764
v 3.11699843 63.0294762 -24.4329872
v -6.4678092 90.9737625 -11.7024384
v -6.54672527 98.3043594 -11.8381701
v 16.295578 28.0228004 -27.5459042
vt 0.565769315 0.757616818 0
vt 0.596375406 0.751467347 0
vt 0.599750757 0.794112444 0
vt 0.32965681 0.405794889 0
vt 0.365995675 0.466409147 0
vt 0.299241811 0.447744399 0
vt 0.217054367 0.049216982 0
vt 0.210649997 0.0307199992 0
vt 0.292884171 0.0579846501 0
vt 0.750656903 0.333178461 0
vt 0.735490024 0.385390013 0
vt 0.680819094 0.314930022 0
vt 0.260619968 0.237618566 0
vt 0.213944569 0.159179166 0
vt 0.291998059 0.242669791 0
vt 0.0489817075 0.144864455 0
vt 0.0412512459 0.244832084 0
vt 0.00606344128 0.219060257 0
vt 0.440560669 0.979405224 0
vt 0.494822413 0.982089221 0
vt 0.464405894 0.999027193 0
vt 0.289183676 0.299537271 0
vt 0.291998059 0.242669791 0
vt 0.377373189 0.381781965 0
vt 0.75736922 0.327754319 0
vt 0.782438397 0.273747265 0
vt 0.80204612 0.3657161 0
vt 0.618177772 0.740200043 0
vt 0.68250674 0.778211653 0
vt 0.62996453 0.7921803 0
vt 0.685285091 0.841676414 0
vt 0.773692429 0.878095806 0
vt 0.766730368 0.899124026 0
vt 0.0412512459 0.244832084 0
vt 0.0489817075 0.144864455 0
vt 0.101987235 0.164809704 0
vt 0.752264738 0.651016533 0
vt 0.669143736 0.601637661 0
vt 0.74268198 0.588006973 0
vt 0.633335471 0.607970178 0
vt 0.635825455 0.658010364 0
vt 0.58825922 0.662632942 0
vt 0.058372546 0.0904621407 0
vt 0.0116686383 0.119870298 0
vt 0.0479740053 0.0578635633 0
vt 0.730270922 0.774766743 0
vt 0.78526032 0.782751501 0
vt 0.729362667 0.813823044 0
vt 0.730270922 0.774766743 0
vt 0.752264738 0.651016533 0
vt 0.823543668 0.765960872 0
vt 0.519742429 0.559426725 0
vt 0.502147198 0.46675083 0
vt 0.613088906 0.547079206 0
vt 0.169484749 0.791176319 0
vt 0.150340006 0.819589972 0
vt 0.0855274498 0.7992149 0
vt 0.0740952641 0.119305886 0
vt 0.129240707 0.0764125139 0
vt 0.101987235 0.164809704 0
vt 0.0992774814 0.0446842723 0
vt 0.129240707 0.0764125139 0
vt 0.10379073 0.0698548406 0
vt 0.893964827 0.681375146 0
vt 0.835001409 0.600438893 0
vt 0.912506998 0.623318732 0
vt 0.628623784 0.81126225 0
vt 0.627132177 0.86261481 0
vt 0.594104826 0.844657779 0
vt 0.843503416 0.0792341828 0
vt 0.901308179 0.148734957 0
vt 0.807215929 0.181761608 0
vt 0.566857636 0.591313899 0
vt 0.623352408 0.562824547 0
vt 0.650263608 0.589208305 0
vt 0.752264738 0.651016533 0
vt 0.784922183 0.614495873 0
vt 0.836581469 0.66154331 0
vt 0.893964827 0.681375146 0
vt 0.845541 0.704855204 0
vt 0.867036223 0.659494162 0
vt 0.0410945229 0.784433603 0
vt 0.0235424619 0.728966415 0
vt 0.0855274498 0.7992149 0
vt 0.0855274498 0.7992149 0
vt 0.0971891657 0.84493947 0
vt 0.0410945229 0.784433603 0
vt 0.359411269 0.421895981 0
vt 0.405335635 0.377256513 0
vt 0.3894732 0.459316701 0
vt 0.823543668 0.765960872 0
vt 0.845541 0.704855204 0
vt 0.867593944 0.811803341 0
vt 0.627957225 0.0806982964 0
vt 0.630837619 0.0421115085 0
vt 0.683466852 0.0747257769 0
vt 0.0412512459 0.244832084 0
vt 0.133957461 0.229947329 0
vt 0.1204165 0.379781574 0
vt 0.68250674 0.778211653 0
vt 0.684113741 0.700506747 0
vt 0.730270922 0.774766743 0
vt 0.633335471 0.607970178 0
vt 0.645307302 0.624211311 0
vt 0.635825455 0.658010364 0
vt 0.731719434 0.166495711 0
vt 0.725983202 0.120994672 0
vt 0.781628489 0.24301368 0
vt 0.486609042 0.0952730179 0
vt 0.497659415 0.16820921 0
vt 0.444845855 0.171190217 0
vt 0.0428541154 0.319089741 0
vt 0.0412512459 0.244832084 0
vt 0.1204165 0.379781574 0
vt 0.546883404 0.996917665 0
vt 0.524791658 0.986821771 0
vt 0.554109573 0.950227201 0
vt 0.520209849 0.850704134 0
vt 0.578278422 0.873573601 0
vt 0.495320737 0.915240943 0
vt 0.706000566 0.538066685 0
vt 0.681140721 0.448183984 0
vt 0.719998419 0.521056831 0
vt 0.15028955 0.0662394539 0
vt 0.124452643 0.0204507038 0
vt 0.17221491 0.0298375096 0
vt 0.807215929 0.181761608 0
vt 0.75928998 0.0640899986 0
vt 0.816881001 0.0635359436 0
vt 0.470759988 0.344610006 0
vt 0.515362442 0.271430999 0
vt 0.507485509 0.36633867 0
vt 0.813392758 0.839571655 0
vt 0.884810567 0.844488859 0
vt 0.817604005 0.891625166 0
vt 0.334175348 0.869172633 0
vt 0.361539632 0.790672779 0
vt 0.3524611 0.926159859 0
vt 0.168842256 0.734159648 0
vt 0.169484749 0.791176319 0
vt 0.118998729 0.766519606 0
vt 0.858348906 0.876465738 0
vt 0.851966023 0.900652647 0
vt 0.817604005 0.891625166 0
vt 0.743725777 0.911203563 0
vt 0.653515756 0.877032816 0
vt 0.766730368 0.899124026 0
vt 0.165417731 0.485248357 0
vt 0.237959981 0.476430506 0
vt 0.238349214 0.513565481 0
vt 0.365995675 0.466409147 0
vt 0.238349214 0.513565481 0
vt 0.299241811 0.447744399 0
vt 0.653515756 0.877032816 0
vt 0.628623784 0.81126225 0
vt 0.685285091 0.841676414 0
vt 0.653515756 0.877032816 0
vt 0.685285091 0.841676414 0
vt 0.766730368 0.899124026 0
vt 0.502147198 0.46675083 0
vt 0.595714271 0.467412055 0
vt 0.613088906 0.547079206 0
vt 0.677534103 0.522321343 0
vt 0.706000566 0.538066685 0
vt 0.623352408 0.562824547 0
vt 0.680819094 0.314930022 0
vt 0.735490024 0.385390013 0
vt 0.681140721 0.448183984 0
vt 0.639843106 0.187631696 0
vt 0.669557989 0.346022338 0
vt 0.622485399 0.331691027 0
vt 0.785338938 0.409218788 0
vt 0.888565123 0.413510829 0
vt 0.811785519 0.465314507 0
vt 0.461034149 0.8397578 0
vt 0.425061256 0.880944729 0
vt 0.428124636 0.777933657 0
vt 0.104553252 0.588285267 0
vt 0.0788091794 0.680801392 0
vt 0.0258152373 0.638456225 0
vt 0.204450324 0.645323575 0
vt 0.136001542 0.703830361 0
vt 0.0788091794 0.680801392 0
vt 0.630837619 0.0421115085 0
vt 0.602464497 0.0453903824 0
vt 0.597726047 0.00914162211 0
vt 0.550265789 0.088860333 0
vt 0.565232754 0.00882075168 0
vt 0.582569063 0.0768147185 0
vt 0.188422933 0.355383694 0
vt 0.276534468 0.40217945 0
vt 0.225162894 0.406511515 0
vt 0.622485399 0.331691027 0
vt 0.595714271 0.467412055 0
vt 0.507485509 0.36633867 0
vt 0.944647849 0.454261929 0
vt 0.980423629 0.362694263 0
vt 0.988479495 0.384028703 0
vt 0.132985979 0.503724098 0
vt 0.133021042 0.439750463 0
vt 0.165417731 0.485248357 0
vt 0.687026739 0.572624207 0
vt 0.623352408 0.562824547 0
vt 0.706000566 0.538066685 0
vt 0.0258152373 0.638456225 0
vt 0.0412104279 0.593997777 0
vt 0.0801362544 0.589783847 0
vt 0.549539089 0.154996291 0
vt 0.602571368 0.13341774 0
vt 0.561930954 0.238653079 0
vt 0.582569063 0.0768147185 0
vt 0.627957225 0.0806982964 0
vt 0.602571368 0.13341774 0
vt 0.333340287 0.222078979 0
vt 0.300838381 0.140739098 0
vt 0.397889733 0.293394744 0
vt 0.0971891657 0.84493947 0
vt 0.0406203382 0.819598317 0
vt 0.0410945229 0.784433603 0
vt 0.0217743963 0.779057264 0
vt 0.00838741194 0.745999575 0
vt 0.0235424619 0.728966415 0
vt 0.163483992 0.102354087 0
vt 0.17221491 0.0298375096 0
vt 0.213944569 0.159179166 0
vt 0.359328359 0.940078795 0
vt 0.401680648 0.95413965 0
vt 0.350708723 0.964538038 0
vt 0.659519196 0.489630163 0
vt 0.677534103 0.522321343 0
vt 0.613088906 0.547079206 0
vt 0.669557989 0.346022338 0
vt 0.681140721 0.448183984 0
vt 0.659519196 0.489630163 0
vt 0.1204165 0.379781574 0
vt 0.133957461 0.229947329 0
vt 0.161008731 0.289751947 0
vt 0.495320737 0.915240943 0
vt 0.554109573 0.950227201 0
vt 0.471210688 0.965165377 0
vt 0.753680527 0.298677325 0
vt 0.754520297 0.241176188 0
vt 0.776634395 0.267339796 0
vt 0.750656903 0.333178461 0
vt 0.701348722 0.177822962 0
vt 0.753680527 0.298677325 0
vt 0.405335635 0.377256513 0
vt 0.413795263 0.293420941 0
vt 0.42120257 0.381094098 0
vt 0.685209155 0.659854114 0
vt 0.645307302 0.624211311 0
vt 0.669143736 0.601637661 0
vt 0.683466852 0.0747257769 0
vt 0.725983202 0.120994672 0
vt 0.731719434 0.166495711 0
vt 0.680568457 0.042859979 0
vt 0.648642063 0.0202160273 0
vt 0.660790026 0.0223399997 0
vt 0.752264738 0.651016533 0
vt 0.836581469 0.66154331 0
vt 0.809937656 0.697460175 0
vt 0.104553252 0.588285267 0
vt 0.0258152373 0.638456225 0
vt 0.0801362544 0.589783847 0
vt 0.681140721 0.448183984 0
vt 0.735017896 0.459628344 0
vt 0.736101866 0.484824866 0
vt 0.464529991 0.458700001 0
vt 0.502147198 0.46675083 0
vt 0.491192907 0.505896747 0
vt 0.491192907 0.505896747 0
vt 0.502147198 0.46675083 0
vt 0.519742429 0.559426725 0
vt 0.840600014 0.595239997 0
vt 0.835001409 0.600438893 0
vt 0.809184253 0.582685888 0
vt 0.840857804 0.626378357 0
vt 0.836581469 0.66154331 0
vt 0.784922183 0.614495873 0
vt 0.0258152373 0.638456225 0
vt 0.0788091794 0.680801392 0
vt 0.0108057875 0.679477394 0
vt 0.643833041 0.157693416 0
vt 0.602571368 0.13341774 0
vt 0.627957225 0.0806982964 0
vt 0.643833041 0.157693416 0
vt 0.627957225 0.0806982964 0
vt 0.701348722 0.177822962 0
vt 0.264010429 0.809832036 0
vt 0.253077686 0.762879014 0
vt 0.299985617 0.754715979 0
vt 0.839330018 0.0662899986 0
vt 0.843503416 0.0792341828 0
vt 0.816881001 0.0635359436 0
vt 0.0258152373 0.638456225 0
vt 0.0108057875 0.679477394 0
vt 0.00802700873 0.632873774 0
vt 0.584117174 0.608231008 0
vt 0.566857636 0.591313899 0
vt 0.605414629 0.595210552 0
vt 0.613088906 0.547079206 0
vt 0.677534103 0.522321343 0
vt 0.623352408 0.562824547 0
vt 0.623352408 0.562824547 0
vt 0.548090994 0.582828224 0
vt 0.613088906 0.547079206 0
vt 0.38910532 0.735388875 0
vt 0.299985617 0.754715979 0
vt 0.302727193 0.705610931 0
vt 0.420009971 0.682164788 0
vt 0.509399235 0.698281467 0
vt 0.38910532 0.735388875 0
vt 0.645307302 0.624211311 0
vt 0.633335471 0.607970178 0
vt 0.669143736 0.601637661 0
vt 0.669143736 0.601637661 0
vt 0.669950187 0.59533155 0
vt 0.73570019 0.583510041 0
vt 0.520209849 0.850704134 0
vt 0.495320737 0.915240943 0
vt 0.461034149 0.8397578 0
vt 0.124452643 0.0204507038 0
vt 0.15028955 0.0662394539 0
vt 0.129240707 0.0764125139 0
vt 0.118998729 0.766519606 0
vt 0.169484749 0.791176319 0
vt 0.0855274498 0.7992149 0
vt 0.058372546 0.0904621407 0
vt 0.0479740053 0.0578635633 0
vt 0.0992774814 0.0446842723 0
vt 0.0479740053 0.0578635633 0
vt 0.124452643 0.0204507038 0
vt 0.0992774814 0.0446842723 0
vt 0.348874897 0.821047843 0
vt 0.361539632 0.790672779 0
vt 0.334175348 0.869172633 0
vt 0.774537623 0.184896126 0
vt 0.741770029 0.113020003 0
vt 0.76093632 0.0953700766 0
vt 0.729362667 0.813823044 0
vt 0.763813734 0.852775931 0
vt 0.685285091 0.841676414 0
vt 0.578278422 0.873573601 0
vt 0.554109573 0.950227201 0
vt 0.495320737 0.915240943 0
vt 0.893964827 0.681375146 0
vt 0.840857804 0.626378357 0
vt 0.835001409 0.600438893 0
vt 0.867036223 0.659494162 0
vt 0.836581469 0.66154331 0
vt 0.840857804 0.626378357 0
vt 0.766730368 0.899124026 0
vt 0.773692429 0.878095806 0
vt 0.817604005 0.891625166 0
vt 0.548090994 0.582828224 0
vt 0.519742429 0.559426725 0
vt 0.613088906 0.547079206 0
vt 0.213944569 0.159179166 0
vt 0.257980943 0.130805627 0
vt 0.291998059 0.242669791 0
vt 0.291998059 0.242669791 0
vt 0.397889733 0.293394744 0
vt 0.377373189 0.381781965 0
vt 0.293356627 0.575411379 0
vt 0.289710939 0.625438869 0
vt 0.280041665 0.667609036 0
vt 0.471210688 0.965165377 0
vt 0.494822413 0.982089221 0
vt 0.401680648 0.95413965 0
vt 0.554109573 0.950227201 0
vt 0.494822413 0.982089221 0
vt 0.471210688 0.965165377 0
vt 0.683466852 0.0747257769 0
vt 0.701348722 0.177822962 0
vt 0.627957225 0.0806982964 0
vt 0.683466852 0.0747257769 0
vt 0.731719434 0.166495711 0
vt 0.701348722 0.177822962 0
vt 0.685209155 0.659854114 0
vt 0.635825455 0.658010364 0
vt 0.645307302 0.624211311 0
vt 0.820719004 0.818571031 0
vt 0.823543668 0.765960872 0
vt 0.867593944 0.811803341 0
vt 0.764791667 0.373630524 0
vt 0.75736922 0.327754319 0
vt 0.80204612 0.3657161 0
vt 0.405335635 0.377256513 0
vt 0.397889733 0.293394744 0
vt 0.413795263 0.293420941 0
vt 0.565232754 0.00882075168 0
vt 0.597726047 0.00914162211 0
vt 0.602464497 0.0453903824 0
vt 0.058372546 0.0904621407 0
vt 0.0992774814 0.0446842723 0
vt 0.10379073 0.0698548406 0
vt 0.602464497 0.0453903824 0
vt 0.582569063 0.0768147185 0
vt 0.565232754 0.00882075168 0
vt 0.785338938 0.409218788 0
vt 0.764791667 0.373630524 0
vt 0.80204612 0.3657161 0
vt 0.80204612 0.3657161 0
vt 0.866141677 0.342496336 0
vt 0.785338938 0.409218788 0
vt 0.669557989 0.346022338 0
vt 0.680819094 0.314930022 0
vt 0.681140721 0.448183984 0
vt 0.0740952641 0.119305886 0
vt 0.058372546 0.0904621407 0
vt 0.10379073 0.0698548406 0
vt 0.845541 0.704855204 0
vt 0.823543668 0.765960872 0
vt 0.809937656 0.697460175 0
vt 0.300838381 0.140739098 0
vt 0.17221491 0.0298375096 0
vt 0.217054367 0.049216982 0
vt 0.0489817075 0.144864455 0
vt 0.058372546 0.0904621407 0
vt 0.0740952641 0.119305886 0
vt 0.944647849 0.454261929 0
vt 0.988479495 0.384028703 0
vt 0.988123357 0.412901968 0
vt 0.165417731 0.485248357 0
vt 0.238349214 0.513565481 0
vt 0.215219378 0.530240476 0
vt 0.377373189 0.381781965 0
vt 0.397889733 0.293394744 0
vt 0.405335635 0.377256513 0
vt 0.124452643 0.0204507038 0
vt 0.0479740053 0.0578635633 0
vt 0.04570508 0.0357330777 0
vt 0.04570508 0.0357330777 0
vt 0.135100007 0.00692000007 0
vt 0.124452643 0.0204507038 0
vt 0.3524611 0.926159859 0
vt 0.334798038 0.91379118 0
vt 0.334175348 0.869172633 0
vt 0.884810567 0.844488859 0
vt 0.867593944 0.811803341 0
vt 0.896473348 0.822721899 0
vt 0.687026739 0.572624207 0
vt 0.650263608 0.589208305 0
vt 0.623352408 0.562824547 0
vt 0.650263608 0.589208305 0
vt 0.687026739 0.572624207 0
vt 0.641090572 0.601978898 0
vt 0.784922183 0.614495873 0
vt 0.835001409 0.600438893 0
vt 0.840857804 0.626378357 0
vt 0.484759748 0.742318213 0
vt 0.524998784 0.762782156 0
vt 0.474996507 0.747540355 0
vt 0.17156145 0.52253139 0
vt 0.165417731 0.485248357 0
vt 0.215219378 0.530240476 0
vt 0.132985979 0.503724098 0
vt 0.165417731 0.485248357 0
vt 0.17156145 0.52253139 0
vt 0.639843106 0.187631696 0
vt 0.643833041 0.157693416 0
vt 0.669557989 0.346022338 0
vt 0.289710939 0.625438869 0
vt 0.293356627 0.575411379 0
vt 0.323202282 0.623580754 0
vt 0.776634395 0.267339796 0
vt 0.754520297 0.241176188 0
vt 0.781628489 0.24301368 0
vt 0.773692429 0.878095806 0
vt 0.685285091 0.841676414 0
vt 0.763813734 0.852775931 0
vt 0.813392758 0.839571655 0
vt 0.773692429 0.878095806 0
vt 0.763813734 0.852775931 0
vt 0.461034149 0.8397578 0
vt 0.474996507 0.747540355 0
vt 0.520209849 0.850704134 0
vt 0.104553252 0.588285267 0
vt 0.204450324 0.645323575 0
vt 0.0788091794 0.680801392 0
vt 0.648642063 0.0202160273 0
vt 0.630837619 0.0421115085 0
vt 0.597726047 0.00914162211 0
vt 0.440560669 0.979405224 0
vt 0.401680648 0.95413965 0
vt 0.494822413 0.982089221 0
vt 0.212391391 0.176165357 0
vt 0.260619968 0.237618566 0
vt 0.289183676 0.299537271 0
vt 0.289183676 0.299537271 0
vt 0.260619968 0.237618566 0
vt 0.291998059 0.242669791 0
vt 0.300838381 0.140739098 0
vt 0.352407932 0.198570967 0
vt 0.375446647 0.252663672 0
vt 0.165417731 0.485248357 0
vt 0.190061629 0.442773074 0
vt 0.237959981 0.476430506 0
vt 0.550265789 0.088860333 0
vt 0.582569063 0.0768147185 0
vt 0.549539089 0.154996291 0
vt 0.549539089 0.154996291 0
vt 0.582569063 0.0768147185 0
vt 0.602571368 0.13341774 0
vt 0.599750757 0.794112444 0
vt 0.62996453 0.7921803 0
vt 0.628623784 0.81126225 0
vt 0.59213531 0.815182626 0
vt 0.565769315 0.757616818 0
vt 0.599750757 0.794112444 0
vt 0.204450324 0.645323575 0
vt 0.168842256 0.734159648 0
vt 0.136001542 0.703830361 0
vt 0.260619968 0.237618566 0
vt 0.212391391 0.176165357 0
vt 0.213944569 0.159179166 0
vt 0.163483992 0.102354087 0
vt 0.213944569 0.159179166 0
vt 0.212391391 0.176165357 0
vt 0.684113741 0.700506747 0
vt 0.685209155 0.659854114 0
vt 0.752264738 0.651016533 0
vt 0.285840899 0.420260549 0
vt 0.314031094 0.390075147 0
vt 0.32965681 0.405794889 0
vt 0.753680527 0.298677325 0
vt 0.701348722 0.177822962 0
vt 0.754520297 0.241176188 0
vt 0.754520297 0.241176188 0
vt 0.731719434 0.166495711 0
vt 0.781628489 0.24301368 0
vt 0.618177772 0.740200043 0
vt 0.635825455 0.658010364 0
vt 0.68250674 0.778211653 0
vt 0.0278099999 0.075910002 0
vt 0.0116686383 0.119870298 0
vt 0.0133264894 0.0866124928 0
vt 0.0116686383 0.119870298 0
vt 0.0489817075 0.144864455 0
vt 0.00606344128 0.219060257 0
vt 0.550997436 0.629934728 0
vt 0.417109072 0.630663395 0
vt 0.318525851 0.58131516 0
vt 0.268293768 0.450753927 0
vt 0.238349214 0.513565481 0
vt 0.237959981 0.476430506 0
vt 0.901308179 0.148734957 0
vt 0.934664607 0.224033326 0
vt 0.86001265 0.257255405 0
vt 0.934664607 0.224033326 0
vt 0.959914267 0.292966723 0
vt 0.86001265 0.257255405 0
vt 0.784922183 0.614495873 0
vt 0.74268198 0.588006973 0
vt 0.793896317 0.595528841 0
vt 0.752264738 0.651016533 0
vt 0.74268198 0.588006973 0
vt 0.784922183 0.614495873 0
vt 0.538496912 0.60154587 0
vt 0.548090994 0.582828224 0
vt 0.566857636 0.591313899 0
vt 0.566857636 0.591313899 0
vt 0.548090994 0.582828224 0
vt 0.623352408 0.562824547 0
vt 0.835001409 0.600438893 0
vt 0.784922183 0.614495873 0
vt 0.793896317 0.595528841 0
vt 0.594104826 0.844657779 0
vt 0.627132177 0.86261481 0
vt 0.609751761 0.870316684 0
vt 0.257980943 0.130805627 0
vt 0.300838381 0.140739098 0
vt 0.333340287 0.222078979 0
vt 0.333340287 0.222078979 0
vt 0.291998059 0.242669791 0
vt 0.257980943 0.130805627 0
vt 0.133957461 0.229947329 0
vt 0.162011847 0.193793833 0
vt 0.161008731 0.289751947 0
vt 0.595714271 0.467412055 0
vt 0.622485399 0.331691027 0
vt 0.659519196 0.489630163 0
vt 0.622485399 0.331691027 0
vt 0.669557989 0.346022338 0
vt 0.659519196 0.489630163 0
vt 0.820719004 0.818571031 0
vt 0.813392758 0.839571655 0
vt 0.763813734 0.852775931 0
vt 0.820719004 0.818571031 0
vt 0.867593944 0.811803341 0
vt 0.813392758 0.839571655 0
vt 0.101987235 0.164809704 0
vt 0.162011847 0.193793833 0
vt 0.133957461 0.229947329 0
vt 0.133957461 0.229947329 0
vt 0.0412512459 0.244832084 0
vt 0.101987235 0.164809704 0
vt 0.0702431872 0.417905718 0
vt 0.133021042 0.439750463 0
vt 0.132985979 0.503724098 0
vt 0.300838381 0.140739098 0
vt 0.375446647 0.252663672 0
vt 0.397889733 0.293394744 0
vt 0.397889733 0.293394744 0
vt 0.375446647 0.252663672 0
vt 0.413795263 0.293420941 0
vt 0.730270922 0.774766743 0
vt 0.823543668 0.765960872 0
vt 0.78526032 0.782751501 0
vt 0.168842256 0.734159648 0
vt 0.204450324 0.645323575 0
vt 0.280041665 0.667609036 0
vt 0.32965681 0.405794889 0
vt 0.377373189 0.381781965 0
vt 0.359411269 0.421895981 0
vt 0.359411269 0.421895981 0
vt 0.365995675 0.466409147 0
vt 0.32965681 0.405794889 0
vt 0.78526032 0.782751501 0
vt 0.763813734 0.852775931 0
vt 0.729362667 0.813823044 0
vt 0.648642063 0.0202160273 0
vt 0.683466852 0.0747257769 0
vt 0.630837619 0.0421115085 0
vt 0.168842256 0.734159648 0
vt 0.25654009 0.726040065 0
vt 0.253077686 0.762879014 0
vt 0.820719004 0.818571031 0
vt 0.763813734 0.852775931 0
vt 0.78526032 0.782751501 0
vt 0.633335471 0.607970178 0
vt 0.669950187 0.59533155 0
vt 0.669143736 0.601637661 0
vt 0.569035649 0.794697762 0
vt 0.586374938 0.816879451 0
vt 0.520209849 0.850704134 0
vt 0.906859756 0.713047862 0
vt 0.893964827 0.681375146 0
vt 0.912506998 0.623318732 0
vt 0.00177083875 0.136326015 0
vt 0.0116686383 0.119870298 0
vt 0.00606344128 0.219060257 0
vt 0.136001542 0.703830361 0
vt 0.0855274498 0.7992149 0
vt 0.0788091794 0.680801392 0
vt 0.851966023 0.900652647 0
vt 0.838510394 0.911422312 0
vt 0.817604005 0.891625166 0
vt 0.68250674 0.778211653 0
vt 0.730270922 0.774766743 0
vt 0.729362667 0.813823044 0
vt 0.280041665 0.667609036 0
vt 0.289710939 0.625438869 0
vt 0.323202282 0.623580754 0
vt 0.323202282 0.623580754 0
vt 0.302727193 0.705610931 0
vt 0.280041665 0.667609036 0
vt 0.285840899 0.420260549 0
vt 0.299241811 0.447744399 0
vt 0.268293768 0.450753927 0
vt 0.299241811 0.447744399 0
vt 0.238349214 0.513565481 0
vt 0.268293768 0.450753927 0
vt 0.845541 0.704855204 0
vt 0.836581469 0.66154331 0
vt 0.867036223 0.659494162 0
vt 0.00062140153 0.217654541 0
vt 0.00606344128 0.219060257 0
vt 0.0283735245 0.319086194 0
vt 0.268293768 0.450753927 0
vt 0.225162894 0.406511515 0
vt 0.276534468 0.40217945 0
vt 0.561930954 0.238653079 0
vt 0.515362442 0.271430999 0
vt 0.549539089 0.154996291 0
vt 0.328360915 0.091764845 0
vt 0.35046038 0.128149688 0
vt 0.300838381 0.140739098 0
vt 0.318525851 0.58131516 0
vt 0.323202282 0.623580754 0
vt 0.293356627 0.575411379 0
vt 0.365995675 0.466409147 0
vt 0.3894732 0.459316701 0
vt 0.381521523 0.487033933 0
vt 0.835001409 0.600438893 0
vt 0.840600014 0.595239997 0
vt 0.912506998 0.623318732 0
vt 0.823543668 0.765960872 0
vt 0.752264738 0.651016533 0
vt 0.809937656 0.697460175 0
vt 0.136001542 0.703830361 0
vt 0.118998729 0.766519606 0
vt 0.0855274498 0.7992149 0
vt 0.334798038 0.91379118 0
vt 0.329730988 0.884858191 0
vt 0.334175348 0.869172633 0
vt 0.817604005 0.891625166 0
vt 0.884810567 0.844488859 0
vt 0.858348906 0.876465738 0
vt 0.515362442 0.271430999 0
vt 0.561930954 0.238653079 0
vt 0.507485509 0.36633867 0
vt 0.807215929 0.181761608 0
vt 0.901308179 0.148734957 0
vt 0.86001265 0.257255405 0
vt 0.681140721 0.448183984 0
vt 0.677534103 0.522321343 0
vt 0.659519196 0.489630163 0
vt 0.215219378 0.530240476 0
vt 0.238349214 0.513565481 0
vt 0.272824615 0.534799337 0
vt 0.451663435 0.582757056 0
vt 0.550997436 0.629934728 0
vt 0.318525851 0.58131516 0
vt 0.00802700873 0.632873774 0
vt 0.0412104279 0.593997777 0
vt 0.0258152373 0.638456225 0
vt 0.883372605 0.477021128 0
vt 0.888565123 0.413510829 0
vt 0.911367893 0.466091722 0
vt 0.323202282 0.623580754 0
vt 0.420009971 0.682164788 0
vt 0.302727193 0.705610931 0
vt 0.417109072 0.630663395 0
vt 0.420009971 0.682164788 0
vt 0.323202282 0.623580754 0
vt 0.257980943 0.130805627 0
vt 0.17221491 0.0298375096 0
vt 0.300838381 0.140739098 0
vt 0.754520297 0.241176188 0
vt 0.701348722 0.177822962 0
vt 0.731719434 0.166495711 0
vt 0.596375406 0.751467347 0
vt 0.635825455 0.658010364 0
vt 0.618177772 0.740200043 0
vt 0.576618552 0.703330755 0
vt 0.635825455 0.658010364 0
vt 0.596375406 0.751467347 0
vt 0.0406203382 0.819598317 0
vt 0.0217743963 0.779057264 0
vt 0.0410945229 0.784433603 0
vt 0.605414629 0.595210552 0
vt 0.566857636 0.591313899 0
vt 0.650263608 0.589208305 0
vt 0.300838381 0.140739098 0
vt 0.35046038 0.128149688 0
vt 0.352407932 0.198570967 0
vt 0.548680007 0.617839992 0
vt 0.571581602 0.640723586 0
vt 0.550997436 0.629934728 0
vt 0.497659415 0.16820921 0
vt 0.515362442 0.271430999 0
vt 0.455676138 0.331767976 0
vt 0.0788091794 0.680801392 0
vt 0.0855274498 0.7992149 0
vt 0.0235424619 0.728966415 0
vt 0.888565123 0.413510829 0
vt 0.944647849 0.454261929 0
vt 0.911367893 0.466091722 0
vt 0.76093632 0.0953700766 0
vt 0.75928998 0.0640899986 0
vt 0.807215929 0.181761608 0
vt 0.455676138 0.331767976 0
vt 0.515362442 0.271430999 0
vt 0.470759988 0.344610006 0
vt 0.817604005 0.891625166 0
vt 0.807642519 0.903407812 0
vt 0.766730368 0.899124026 0
vt 0.109163493 0.486520231 0
vt 0.0826399997 0.442129999 0
vt 0.132985979 0.503724098 0
vt 0.0116686383 0.119870298 0
vt 0.00177083875 0.136326015 0
vt 0.0133264894 0.0866124928 0
vt 0.669143736 0.601637661 0
vt 0.73570019 0.583510041 0
vt 0.74268198 0.588006973 0
vt 0.74268198 0.588006973 0
vt 0.73570019 0.583510041 0
vt 0.793896317 0.595528841 0
vt 0.217054367 0.049216982 0
vt 0.292884171 0.0579846501 0
vt 0.328360915 0.091764845 0
vt 0.162011847 0.193793833 0
vt 0.129240707 0.0764125139 0
vt 0.212391391 0.176165357 0
vt 0.602571368 0.13341774 0
vt 0.639843106 0.187631696 0
vt 0.622485399 0.331691027 0
vt 0.599750757 0.794112444 0
vt 0.596375406 0.751467347 0
vt 0.62996453 0.7921803 0
vt 0.377373189 0.381781965 0
vt 0.405335635 0.377256513 0
vt 0.359411269 0.421895981 0
vt 0.888565123 0.413510829 0
vt 0.959914267 0.292966723 0
vt 0.980423629 0.362694263 0
vt 0.836581469 0.66154331 0
vt 0.845541 0.704855204 0
vt 0.809937656 0.697460175 0
vt 0.0740952641 0.119305886 0
vt 0.101987235 0.164809704 0
vt 0.0489817075 0.144864455 0
vt 0.0428541154 0.319089741 0
vt 0.0283735245 0.319086194 0
vt 0.00606344128 0.219060257 0
vt 0.42120257 0.381094098 0
vt 0.3894732 0.459316701 0
vt 0.405335635 0.377256513 0
vt 0.981160164 0.442475855 0
vt 0.944647849 0.454261929 0
vt 0.988123357 0.412901968 0
vt 0.859110534 0.490431249 0
vt 0.811785519 0.465314507 0
vt 0.888565123 0.413510829 0
vt 0.361539632 0.790672779 0
vt 0.359328359 0.940078795 0
vt 0.3524611 0.926159859 0
vt 0.168842256 0.734159648 0
vt 0.118998729 0.766519606 0
vt 0.136001542 0.703830361 0
vt 0.425061256 0.880944729 0
vt 0.401680648 0.95413965 0
vt 0.359328359 0.940078795 0
vt 0.361539632 0.790672779 0
vt 0.425061256 0.880944729 0
vt 0.359328359 0.940078795 0
vt 0.0826399997 0.442129999 0
vt 0.0702431872 0.417905718 0
vt 0.132985979 0.503724098 0
vt 0.0283735245 0.319086194 0
vt 0.0702431872 0.417905718 0
vt 0.0590242706 0.406373352 0
vt 0.1204165 0.379781574 0
vt 0.161008731 0.289751947 0
vt 0.188422933 0.355383694 0
vt 0.150340006 0.819589972 0
vt 0.0971891657 0.84493947 0
vt 0.0855274498 0.7992149 0
vt 0.25654009 0.726040065 0
vt 0.168842256 0.734159648 0
vt 0.280041665 0.667609036 0
vt 0.0116686383 0.119870298 0
vt 0.058372546 0.0904621407 0
vt 0.0489817075 0.144864455 0
vt 0.845541 0.704855204 0
vt 0.893964827 0.681375146 0
vt 0.906859756 0.713047862 0
vt 0.320331454 0.522467315 0
vt 0.272824615 0.534799337 0
vt 0.238349214 0.513565481 0
vt 0.238349214 0.513565481 0
vt 0.365995675 0.466409147 0
vt 0.320331454 0.522467315 0
vt 0.225162894 0.406511515 0
vt 0.1204165 0.379781574 0
vt 0.188422933 0.355383694 0
vt 0.550997436 0.629934728 0
vt 0.420009971 0.682164788 0
vt 0.417109072 0.630663395 0
vt 0.867593944 0.811803341 0
vt 0.884810567 0.844488859 0
vt 0.813392758 0.839571655 0
vt 0.190061629 0.442773074 0
vt 0.225162894 0.406511515 0
vt 0.237959981 0.476430506 0
vt 0.565769315 0.757616818 0
vt 0.576618552 0.703330755 0
vt 0.596375406 0.751467347 0
vt 0.554109573 0.950227201 0
vt 0.575037241 0.907348514 0
vt 0.568870187 0.952547371 0
vt 0.0410945229 0.784433603 0
vt 0.0217743963 0.779057264 0
vt 0.0235424619 0.728966415 0
vt 0.641090572 0.601978898 0
vt 0.605414629 0.595210552 0
vt 0.650263608 0.589208305 0
vt 0.628623784 0.81126225 0
vt 0.653515756 0.877032816 0
vt 0.627132177 0.86261481 0
vt 0.0217743963 0.779057264 0
vt 0.0406203382 0.819598317 0
vt 0.00867575034 0.799664378 0
vt 0.161008731 0.289751947 0
vt 0.212391391 0.176165357 0
vt 0.243683144 0.247747123 0
vt 0.359411269 0.421895981 0
vt 0.3894732 0.459316701 0
vt 0.365995675 0.466409147 0
vt 0.906297445 0.755600452 0
vt 0.896473348 0.822721899 0
vt 0.867593944 0.811803341 0
vt 0.643833041 0.157693416 0
vt 0.701348722 0.177822962 0
vt 0.680819094 0.314930022 0
vt 0.579459071 0.670122862 0
vt 0.504200339 0.714219034 0
vt 0.509399235 0.698281467 0
vt 0.565232754 0.00882075168 0
vt 0.486609042 0.0952730179 0
vt 0.489673913 0.0730751529 0
vt 0.548680007 0.617839992 0
vt 0.560459793 0.617164195 0
vt 0.571581602 0.640723586 0
vt 0.596375406 0.751467347 0
vt 0.618177772 0.740200043 0
vt 0.62996453 0.7921803 0
vt 0.0740952641 0.119305886 0
vt 0.10379073 0.0698548406 0
vt 0.129240707 0.0764125139 0
vt 0.285840899 0.420260549 0
vt 0.268293768 0.450753927 0
vt 0.276534468 0.40217945 0
vt 0.520209849 0.850704134 0
vt 0.586374938 0.816879451 0
vt 0.578278422 0.873573601 0
vt 0.509399235 0.698281467 0
vt 0.550997436 0.629934728 0
vt 0.579459071 0.670122862 0
vt 0.502147198 0.46675083 0
vt 0.460572183 0.396009088 0
vt 0.507485509 0.36633867 0
vt 0.507485509 0.36633867 0
vt 0.460572183 0.396009088 0
vt 0.470759988 0.344610006 0
vt 0.550997436 0.629934728 0
vt 0.509399235 0.698281467 0
vt 0.420009971 0.682164788 0
vt 0.58825922 0.662632942 0
vt 0.635825455 0.658010364 0
vt 0.576618552 0.703330755 0
vt 0.314031094 0.390075147 0
vt 0.289183676 0.299537271 0
vt 0.33659935 0.388049781 0
vt 0.300838381 0.140739098 0
vt 0.217054367 0.049216982 0
vt 0.328360915 0.091764845 0
vt 0.595714271 0.467412055 0
vt 0.659519196 0.489630163 0
vt 0.613088906 0.547079206 0
vt 0.785338938 0.409218788 0
vt 0.866141677 0.342496336 0
vt 0.888565123 0.413510829 0
vt 0.866141677 0.342496336 0
vt 0.959914267 0.292966723 0
vt 0.888565123 0.413510829 0
vt 0.17221491 0.0298375096 0
vt 0.257980943 0.130805627 0
vt 0.213944569 0.159179166 0
vt 0.280041665 0.667609036 0
vt 0.302727193 0.705610931 0
vt 0.25654009 0.726040065 0
vt 0.420009971 0.682164788 0
vt 0.38910532 0.735388875 0
vt 0.302727193 0.705610931 0
vt 0.276534468 0.40217945 0
vt 0.314031094 0.390075147 0
vt 0.285840899 0.420260549 0
vt 0.817604005 0.891625166 0
vt 0.838510394 0.911422312 0
vt 0.807642519 0.903407812 0
vt 0.228022873 0.568632126 0
vt 0.280041665 0.667609036 0
vt 0.204450324 0.645323575 0
vt 0.133021042 0.439750463 0
vt 0.1204165 0.379781574 0
vt 0.190061629 0.442773074 0
vt 0.766730368 0.899124026 0
vt 0.807642519 0.903407812 0
vt 0.743725777 0.911203563 0
vt 0.401680648 0.95413965 0
vt 0.391926616 0.973898768 0
vt 0.350708723 0.964538038 0
vt 0.504200339 0.714219034 0
vt 0.489094436 0.726271272 0
vt 0.4090828 0.735957026 0
vt 0.314031094 0.390075147 0
vt 0.33659935 0.388049781 0
vt 0.32965681 0.405794889 0
vt 0.743963957 0.396442354 0
vt 0.681140721 0.448183984 0
vt 0.735490024 0.385390013 0
vt 0.683597922 0.901328266 0
vt 0.653515756 0.877032816 0
vt 0.743725777 0.911203563 0
vt 0.401680648 0.95413965 0
vt 0.440560669 0.979405224 0
vt 0.391926616 0.973898768 0
vt 0.554109573 0.950227201 0
vt 0.524791658 0.986821771 0
vt 0.494822413 0.982089221 0
vt 0.86001265 0.257255405 0
vt 0.959914267 0.292966723 0
vt 0.866141677 0.342496336 0
vt 0.627957225 0.0806982964 0
vt 0.582569063 0.0768147185 0
vt 0.602464497 0.0453903824 0
vt 0.630837619 0.0421115085 0
vt 0.627957225 0.0806982964 0
vt 0.602464497 0.0453903824 0
vt 0.845541 0.704855204 0
vt 0.906859756 0.713047862 0
vt 0.867593944 0.811803341 0
vt 0.835001409 0.600438893 0
vt 0.793896317 0.595528841 0
vt 0.809184253 0.582685888 0
vt 0.167906493 0.578588963 0
vt 0.175699994 0.568210006 0
vt 0.228022873 0.568632126 0
vt 0.497659415 0.16820921 0
vt 0.549539089 0.154996291 0
vt 0.515362442 0.271430999 0
vt 0.550265789 0.088860333 0
vt 0.549539089 0.154996291 0
vt 0.497659415 0.16820921 0
vt 0.706000566 0.538066685 0
vt 0.677534103 0.522321343 0
vt 0.681140721 0.448183984 0
vt 0.276534468 0.40217945 0
vt 0.188422933 0.355383694 0
vt 0.243683144 0.247747123 0
vt 0.299241811 0.447744399 0
vt 0.285840899 0.420260549 0
vt 0.32965681 0.405794889 0
vt 0.276534468 0.40217945 0
vt 0.289183676 0.299537271 0
vt 0.314031094 0.390075147 0
vt 0.228022873 0.568632126 0
vt 0.293356627 0.575411379 0
vt 0.280041665 0.667609036 0
vt 0.302727193 0.705610931 0
vt 0.299985617 0.754715979 0
vt 0.253077686 0.762879014 0
vt 0.302727193 0.705610931 0
vt 0.253077686 0.762879014 0
vt 0.25654009 0.726040065 0
vt 0.0788091794 0.680801392 0
vt 0.0235424619 0.728966415 0
vt 0.0108057875 0.679477394 0
vt 0.0702431872 0.417905718 0
vt 0.0428541154 0.319089741 0
vt 0.133021042 0.439750463 0
vt 0.133021042 0.439750463 0
vt 0.0428541154 0.319089741 0
vt 0.1204165 0.379781574 0
vt 0.188422933 0.355383694 0
vt 0.161008731 0.289751947 0
vt 0.243683144 0.247747123 0
vt 0.782895625 0.233241737 0
vt 0.807215929 0.181761608 0
vt 0.782438397 0.273747265 0
vt 0.774537623 0.184896126 0
vt 0.807215929 0.181761608 0
vt 0.782895625 0.233241737 0
vt 0.17221491 0.0298375096 0
vt 0.181524783 0.00297114579 0
vt 0.217054367 0.049216982 0
vt 0.683466852 0.0747257769 0
vt 0.648642063 0.0202160273 0
vt 0.680568457 0.042859979 0
vt 0.38910532 0.735388875 0
vt 0.504200339 0.714219034 0
vt 0.4090828 0.735957026 0
vt 0.38910532 0.735388875 0
vt 0.4090828 0.735957026 0
vt 0.299985617 0.754715979 0
vt 0.554109573 0.950227201 0
vt 0.578278422 0.873573601 0
vt 0.575037241 0.907348514 0
vt 0.680819094 0.314930022 0
vt 0.701348722 0.177822962 0
vt 0.750656903 0.333178461 0
vt 0.681140721 0.448183984 0
vt 0.736101866 0.484824866 0
vt 0.719998419 0.521056831 0
vt 0.00606344128 0.219060257 0
vt 0.0412512459 0.244832084 0
vt 0.0428541154 0.319089741 0
vt 0.497659415 0.16820921 0
vt 0.455676138 0.331767976 0
vt 0.434137553 0.27986142 0
vt 0.133021042 0.439750463 0
vt 0.190061629 0.442773074 0
vt 0.165417731 0.485248357 0
vt 0.361539632 0.790672779 0
vt 0.428124636 0.777933657 0
vt 0.425061256 0.880944729 0
vt 0.684113741 0.700506747 0
vt 0.68250674 0.778211653 0
vt 0.635825455 0.658010364 0
vt 0.565232754 0.00882075168 0
vt 0.550265789 0.088860333 0
vt 0.486609042 0.0952730179 0
vt 0.62996453 0.7921803 0
vt 0.68250674 0.778211653 0
vt 0.685285091 0.841676414 0
vt 0.628623784 0.81126225 0
vt 0.62996453 0.7921803 0
vt 0.685285091 0.841676414 0
vt 0.507485509 0.36633867 0
vt 0.595714271 0.467412055 0
vt 0.502147198 0.46675083 0
vt 0.859110534 0.490431249 0
vt 0.888565123 0.413510829 0
vt 0.883372605 0.477021128 0
vt 0.0283735245 0.319086194 0
vt 0.0428541154 0.319089741 0
vt 0.0702431872 0.417905718 0
vt 0.685285091 0.841676414 0
vt 0.68250674 0.778211653 0
vt 0.729362667 0.813823044 0
vt 0.59213531 0.815182626 0
vt 0.599750757 0.794112444 0
vt 0.628623784 0.81126225 0
vt 0.59213531 0.815182626 0
vt 0.628623784 0.81126225 0
vt 0.594104826 0.844657779 0
vt 0.685209155 0.659854114 0
vt 0.669143736 0.601637661 0
vt 0.752264738 0.651016533 0
vt 0.169484749 0.791176319 0
vt 0.253077686 0.762879014 0
vt 0.264010429 0.809832036 0
vt 0.190061629 0.442773074 0
vt 0.1204165 0.379781574 0
vt 0.225162894 0.406511515 0
vt 0.129240707 0.0764125139 0
vt 0.163483992 0.102354087 0
vt 0.212391391 0.176165357 0
vt 0.259848386 0.560054064 0
vt 0.293356627 0.575411379 0
vt 0.228022873 0.568632126 0
vt 0.474996507 0.747540355 0
vt 0.524998784 0.762782156 0
vt 0.569035649 0.794697762 0
vt 0.474996507 0.747540355 0
vt 0.569035649 0.794697762 0
vt 0.520209849 0.850704134 0
vt 0.101987235 0.164809704 0
vt 0.129240707 0.0764125139 0
vt 0.162011847 0.193793833 0
vt 0.867036223 0.659494162 0
vt 0.840857804 0.626378357 0
vt 0.893964827 0.681375146 0
vt 0.167906493 0.578588963 0
vt 0.204450324 0.645323575 0
vt 0.104553252 0.588285267 0
vt 0.602571368 0.13341774 0
vt 0.643833041 0.157693416 0
vt 0.639843106 0.187631696 0
vt 0.494822413 0.982089221 0
vt 0.486249834 0.997576535 0
vt 0.464405894 0.999027193 0
vt 0.743963957 0.396442354 0
vt 0.735017896 0.459628344 0
vt 0.681140721 0.448183984 0
vt 0.617148817 0.00291748368 0
vt 0.648642063 0.0202160273 0
vt 0.597726047 0.00914162211 0
vt 0.571581602 0.640723586 0
vt 0.579459071 0.670122862 0
vt 0.550997436 0.629934728 0
vt 0.816881001 0.0635359436 0
vt 0.843503416 0.0792341828 0
vt 0.807215929 0.181761608 0
vt 0.725983202 0.120994672 0
vt 0.683466852 0.0747257769 0
vt 0.680568457 0.042859979 0
vt 0.527337134 0.606063366 0
vt 0.550997436 0.629934728 0
vt 0.451663435 0.582757056 0
vt 0.589052796 0.647907257 0
vt 0.579459071 0.670122862 0
vt 0.571581602 0.640723586 0
vt 0.460572183 0.396009088 0
vt 0.502147198 0.46675083 0
vt 0.464529991 0.458700001 0
vt 0.807215929 0.181761608 0
vt 0.86001265 0.257255405 0
vt 0.782438397 0.273747265 0
vt 0.210649997 0.0307199992 0
vt 0.217054367 0.049216982 0
vt 0.181524783 0.00297114579 0
vt 0.782438397 0.273747265 0
vt 0.866141677 0.342496336 0
vt 0.80204612 0.3657161 0
vt 0.782438397 0.273747265 0
vt 0.86001265 0.257255405 0
vt 0.866141677 0.342496336 0
vt 0.471210688 0.965165377 0
vt 0.425061256 0.880944729 0
vt 0.495320737 0.915240943 0
vt 0.425061256 0.880944729 0
vt 0.471210688 0.965165377 0
vt 0.401680648 0.95413965 0
vt 0.0278099999 0.075910002 0
vt 0.04570508 0.0357330777 0
vt 0.0479740053 0.0578635633 0
vt 0.0479740053 0.0578635633 0
vt 0.0116686383 0.119870298 0
vt 0.0278099999 0.075910002 0
vt 0.15028955 0.0662394539 0
vt 0.17221491 0.0298375096 0
vt 0.163483992 0.102354087 0
vt 0.706000566 0.538066685 0
vt 0.719998419 0.521056831 0
vt 0.687026739 0.572624207 0
vt 0.124452643 0.0204507038 0
vt 0.129240707 0.0764125139 0
vt 0.0992774814 0.0446842723 0
vt 0.980423629 0.362694263 0
vt 0.944647849 0.454261929 0
vt 0.888565123 0.413510829 0
vt 0.161008731 0.289751947 0
vt 0.162011847 0.193793833 0
vt 0.212391391 0.176165357 0
vt 0.461360008 0.73119998 0
vt 0.474996507 0.747540355 0
vt 0.428124636 0.777933657 0
vt 0.0108057875 0.679477394 0
vt 0.0235424619 0.728966415 0
vt 0.00947792828 0.709641814 0
vt 0.684113741 0.700506747 0
vt 0.752264738 0.651016533 0
vt 0.730270922 0.774766743 0
vt 0.635825455 0.658010364 0
vt 0.685209155 0.659854114 0
vt 0.684113741 0.700506747 0
vt 0.243683144 0.247747123 0
vt 0.212391391 0.176165357 0
vt 0.289183676 0.299537271 0
vt 0.813392758 0.839571655 0
vt 0.817604005 0.891625166 0
vt 0.773692429 0.878095806 0
vt 0.318525851 0.58131516 0
vt 0.417109072 0.630663395 0
vt 0.323202282 0.623580754 0
vt 0.486609042 0.0952730179 0
vt 0.550265789 0.088860333 0
vt 0.497659415 0.16820921 0
vt 0.425061256 0.880944729 0
vt 0.461034149 0.8397578 0
vt 0.495320737 0.915240943 0
vt 0.17221491 0.0298375096 0
vt 0.135100007 0.00692000007 0
vt 0.181524783 0.00297114579 0
vt 0.124452643 0.0204507038 0
vt 0.135100007 0.00692000007 0
vt 0.17221491 0.0298375096 0
vt 0.527337134 0.606063366 0
vt 0.548680007 0.617839992 0
vt 0.550997436 0.629934728 0
vt 0.00062140153 0.217654541 0
vt 0.00177083875 0.136326015 0
vt 0.00606344128 0.219060257 0
vt 0.163483992 0.102354087 0
vt 0.129240707 0.0764125139 0
vt 0.15028955 0.0662394539 0
vt 0.33659935 0.388049781 0
vt 0.377373189 0.381781965 0
vt 0.32965681 0.405794889 0
vt 0.0702431872 0.417905718 0
vt 0.0826399997 0.442129999 0
vt 0.0590242706 0.406373352 0
vt 0.959914267 0.292966723 0
vt 0.971409976 0.324119985 0
vt 0.980423629 0.362694263 0
vt 0.276534468 0.40217945 0
vt 0.243683144 0.247747123 0
vt 0.289183676 0.299537271 0
vt 0.878618181 0.500583351 0
vt 0.883372605 0.477021128 0
vt 0.911367893 0.466091722 0
vt 0.225162894 0.406511515 0
vt 0.268293768 0.450753927 0
vt 0.237959981 0.476430506 0
vt 0.643833041 0.157693416 0
vt 0.680819094 0.314930022 0
vt 0.669557989 0.346022338 0
vt 0.843503416 0.0792341828 0
vt 0.875633717 0.0941196755 0
vt 0.901308179 0.148734957 0
vt 0.204450324 0.645323575 0
vt 0.167906493 0.578588963 0
vt 0.228022873 0.568632126 0
vt 0.264010429 0.809832036 0
vt 0.150340006 0.819589972 0
vt 0.169484749 0.791176319 0
vt 0.264010429 0.809832036 0
vt 0.208065316 0.814105153 0
vt 0.150340006 0.819589972 0
vt 0.253077686 0.762879014 0
vt 0.169484749 0.791176319 0
vt 0.168842256 0.734159648 0
vt 0.561930954 0.238653079 0
vt 0.622485399 0.331691027 0
vt 0.507485509 0.36633867 0
vt 0.291998059 0.242669791 0
vt 0.333340287 0.222078979 0
vt 0.397889733 0.293394744 0
vt 0.38910532 0.735388875 0
vt 0.509399235 0.698281467 0
vt 0.504200339 0.714219034 0
vt 0.867593944 0.811803341 0
vt 0.906859756 0.713047862 0
vt 0.906297445 0.755600452 0
vt 0.546883404 0.996917665 0
vt 0.554109573 0.950227201 0
vt 0.568870187 0.952547371 0
vt 0.4090828 0.735957026 0
vt 0.311239302 0.777128518 0
vt 0.299985617 0.754715979 0
vt 0.497659415 0.16820921 0
vt 0.434137553 0.27986142 0
vt 0.444845855 0.171190217 0
vt 0.299985617 0.754715979 0
vt 0.311239302 0.777128518 0
vt 0.264010429 0.809832036 0
vt 0.823543668 0.765960872 0
vt 0.820719004 0.818571031 0
vt 0.78526032 0.782751501 0
vt 0.253980011 0.826240003 0
vt 0.208065316 0.814105153 0
vt 0.264010429 0.809832036 0
vt 0.561930954 0.238653079 0
vt 0.602571368 0.13341774 0
vt 0.622485399 0.331691027 0
vt 0.474996507 0.747540355 0
vt 0.461034149 0.8397578 0
vt 0.428124636 0.777933657 0
vt 0.33659935 0.388049781 0
vt 0.289183676 0.299537271 0
vt 0.377373189 0.381781965 0
vt 0.774537623 0.184896126 0
vt 0.76093632 0.0953700766 0
vt 0.807215929 0.181761608 0
vn -0.228624061 -0.296849251 -0.925657511
vn 0.151052669 -0.144289538 -0.982969522
vn 0.106876403 -0.554096103 -0.819383323
vn -0.179104954 -0.954229355 -0.187539518
vn 0.0998278856 -0.997869611 0.0477988273
vn -0.0602586046 -1.00520599 -0.0379013047
vn 0.924433827 -0.0272530131 -0.358869463
vn 0.9955194 -0.0149775418 -0.093363367
vn 1.00337362 -0.0150977578 -0.0989578664
vn -0.129074767 -0.0905366912 0.790237963
vn 0.344448328 0.109330013 0.932417452
vn 0.467932701 0.15642415 0.875500977
vn -0.735175312 0.051528994 -0.707516551
vn -0.474822521 0.0975579321 -0.872294366
vn -0.362349272 -0.0353785418 -0.931634545
vn -0.592431068 0.233153224 0.772429109
vn -0.663543761 0.216454953 0.693387985
vn -0.13574405 0.271824509 0.973143995
vn -0.374481857 -0.926959336 -0.0141718406
vn -0.453090817 -0.889042914 -0.0291552078
vn -0.273949236 -0.990698516 -0.0949067771
vn -0.801677525 0.0133004645 -0.488821179
vn -0.362349272 -0.0353785418 -0.931634545
vn -0.189322159 -0.279251873 -0.964714587
vn 0.96821034 0.136841685 -0.283811808
vn 0.980002403 0.0454571806 -0.190922335
vn 0.984465957 0.143880576 -0.14587453
vn 0.780616045 0.0505056679 -0.632385433
vn 0.949517608 0.0696098208 -0.308963716
vn 0.867991209 -0.177317947 -0.454364687
vn 0.555751145 -0.748190522 -0.136982605
vn 0.268532038 -0.950335503 0.263003349
vn -0.149897188 -0.986874759 0.013704964
vn -0.663543761 0.216454953 0.693387985
vn -0.592431068 0.233153224 0.772429109
vn -0.913622081 0.116680525 0.384309471
vn 0.837740958 0.479710251 -0.274648994
vn 0.465895921 0.728250742 -0.268946737
vn 0.0954782441 0.857382476 -0.330035865
vn -0.705862701 0.15250133 -0.659991264
vn 0.514280677 0.256107122 -0.579120398
vn -0.766490281 -0.0340367965 -0.533850491
vn -0.391385436 0.688510478 0.614129126
vn 0.116721049 0.533103526 0.78572917
vn 0.515486121 0.784349084 0.367578089
vn 0.925137281 0.31801033 -0.183359846
vn 0.99532795 0.063123472 0.045721408
vn 0.999151528 -0.138900071 -0.0345680639
vn 0.925137281 0.31801033 -0.183359846
vn 0.837740958 0.479710251 -0.274648994
vn 0.815665662 0.313095719 0.330846578
vn 0.753904283 -0.423848361 -0.523103595
vn 0.829068184 -0.000148975931 -0.458195388
vn 0.949310839 -0.256109685 -0.197255686
vn -0.667891204 -0.0713861808 -0.589030862
vn 0.0925412253 0.0769481584 -0.992731154
vn -0.723878384 -0.187904626 -0.206063449
vn -0.918791711 0.221626207 0.427669764
vn -0.855549276 0.352684379 -0.00179347279
vn -0.913622081 0.116680525 0.384309471
vn 0.103529207 0.977846801 -0.0390099697
vn -0.855549276 0.352684379 -0.00179347279
vn -0.512109995 0.853250325 0.137817234
vn -0.665009916 0.227165267 0.577231705
vn -0.703782797 0.566303968 -0.027151566
vn -0.997437358 -0.0713040531 0.0155971153
vn 0.42555353 -0.766544521 -0.420164645
vn -0.147553355 -0.981087267 -0.118990779
vn -0.324593961 -0.898573756 -0.310684711
vn 0.989284813 0.0850415751 0.038784951
vn 0.990095437 0.018868085 0.115877189
vn 0.994840443 -0.0150630837 -0.1036264
vn 0.130357847 -0.98393935 -0.0657834411
vn 0.683959603 -0.741056204 0.0735257417
vn -0.0157118272 -0.98231864 0.204036757
vn 0.837740958 0.479710251 -0.274648994
vn 0.743409872 0.624738216 -0.353454262
vn 0.787602901 0.554436028 -0.0115403272
vn -0.665009916 0.227165267 0.577231705
vn 0.561039269 0.299979478 0.733278692
vn -0.150950074 0.535391808 0.8335554
vn -0.489361912 -0.616801322 -0.396132559
vn -0.887797296 -0.238822401 0.233167246
vn -0.723878384 -0.187904626 -0.206063449
vn -0.723878384 -0.187904626 -0.206063449
vn 0.498167008 -0.206484646 -0.820090711
vn -0.489361912 -0.616801322 -0.396132559
vn 0.0563359037 -0.918731451 -0.391712308
vn 0.319559604 -0.480023652 -0.789390743
vn 0.737984538 -0.492655218 -0.240435794
vn 0.815665662 0.313095719 0.330846578
vn 0.561039269 0.299979478 0.733278692
vn 0.196516365 0.122449912 0.983928025
vn 0.698645592 0.407501966 0.567794144
vn 0.198204547 0.664909124 0.79850781
vn 0.0180138554 0.396519661 0.917073607
vn -0.663543761 0.216454953 0.693387985
vn -0.87193203 0.219543576 0.445198536
vn -0.679722548 0.18686597 0.6946733
vn 0.949517608 0.0696098208 -0.308963716
vn 0.887875378 0.4181692 -0.198707089
vn 0.925137281 0.31801033 -0.183359846
vn -0.705862701 0.15250133 -0.659991264
vn 0.368590504 0.672325969 -0.472159714
vn 0.514280677 0.256107122 -0.579120398
vn -0.24439168 0.197522238 0.923758805
vn -0.638466716 0.18273966 0.726924598
vn -0.945146024 0.00949700177 0.285077542
vn 0.0158684552 0.285600007 -0.947062433
vn 0.145298794 0.202843368 -0.971028388
vn -0.315100372 0.0669214725 -0.957365096
vn -0.19564952 0.142685771 1.0090338
vn -0.663543761 0.216454953 0.693387985
vn -0.679722548 0.18686597 0.6946733
vn -0.184097469 -0.789881885 -0.619107008
vn -0.324593961 -0.898573756 -0.310684711
vn -0.883521318 -0.175517261 -0.374944717
vn -1.00175059 -0.0435502231 0.0690657049
vn -0.766490281 -0.0340367965 -0.533850491
vn -1.00533295 0.00692731515 0.109904677
vn 0.389776468 -0.371422946 0.781040847
vn 0.525126338 0.156125084 0.838931918
vn 0.00399831496 -0.140304148 0.921215594
vn -0.267277956 0.459255427 -0.84851563
vn 0.69307977 0.656386495 -0.201058686
vn 0.247372866 0.245751828 -0.904284894
vn 0.994840443 -0.0150630837 -0.1036264
vn 0.997020483 0.0120617682 -0.07618846
vn 0.985381722 0.132099003 0.00491985073
vn 0.151326582 0.081984356 -0.985078037
vn 0.559764147 0.158227563 -0.749724865
vn 0.901741803 0.134124428 -0.291654795
vn 0.455749184 -0.456236362 0.771917045
vn -0.363886654 -0.253716975 0.86751169
vn -0.283150077 -0.694638789 0.676434219
vn -0.693280876 -0.0826912224 0.599457741
vn -0.811640084 -0.00843079854 0.377918005
vn -0.927958548 -0.193425477 0.281142026
vn -0.873564541 -0.459026724 0.14519994
vn -0.667891204 -0.0713861808 -0.589030862
vn -0.974405468 -0.192519426 0.135203212
vn -0.621352732 -0.444362879 0.663867056
vn -0.927958548 -0.193425477 0.281142026
vn -0.283150077 -0.694638789 0.676434219
vn -0.469473571 -0.885371149 -0.057095591
vn -0.273949236 -0.990698516 -0.0949067771
vn -0.149897188 -0.986874759 0.013704964
vn -0.136215702 -0.355018854 0.943528354
vn -0.385336846 -0.704982936 0.604502976
vn 0.110453427 -0.877158761 0.344147772
vn 0.0998278856 -0.997869611 0.0477988273
vn 0.110453427 -0.877158761 0.344147772
vn -0.0602586046 -1.00520599 -0.0379013047
vn -0.273949236 -0.990698516 -0.0949067771
vn 0.42555353 -0.766544521 -0.420164645
vn 0.555751145 -0.748190522 -0.136982605
vn -0.273949236 -0.990698516 -0.0949067771
vn 0.555751145 -0.748190522 -0.136982605
vn -0.149897188 -0.986874759 0.013704964
vn 0.829068184 -0.000148975931 -0.458195388
vn 1.003847 0.132259354 -0.100935854
vn 0.949310839 -0.256109685 -0.197255686
vn 0.864871621 -0.215531141 0.450240374
vn 0.389776468 -0.371422946 0.781040847
vn 0.683959603 -0.741056204 0.0735257417
vn 0.467932701 0.15642415 0.875500977
vn 0.344448328 0.109330013 0.932417452
vn 0.525126338 0.156125084 0.838931918
vn 0.962708414 0.156274244 0.228678852
vn 0.942994058 0.170004725 0.241393045
vn 0.989331245 0.143170401 -0.00892121531
vn 0.934244454 0.0786783919 -0.315220416
vn 1.00467706 0.0628259331 -0.0480958708
vn 0.953210294 -0.0185156148 -0.258974016
vn -0.993040204 -0.0906474367 0.0797807127
vn -0.998940349 -0.0365507714 0.0461211428
vn -0.997437358 -0.0713040531 0.0155971153
vn -0.81854856 -0.124314241 0.152983293
vn -0.991000652 -0.0761184916 0.0992663577
vn -0.918701649 -0.270404905 0.258430868
vn -0.89425683 -0.38100028 0.259151846
vn -0.921124935 -0.32567358 0.219212636
vn -0.991000652 -0.0761184916 0.0992663577
vn 0.198204547 0.664909124 0.79850781
vn 0.567027569 0.829213083 0.109627329
vn -0.0773830265 0.9755193 0.0711622909
vn 0.330450773 0.369635761 -0.896023571
vn -0.101208203 0.583850801 -0.756508172
vn 0.806281269 0.397937119 -0.460377574
vn -0.957060456 0.105558455 0.24153094
vn -0.955432594 -0.257660151 0.148620084
vn -0.919537008 -0.13860929 0.391257644
vn 0.989331245 0.143170401 -0.00892121531
vn 1.003847 0.132259354 -0.100935854
vn 0.901741803 0.134124428 -0.291654795
vn 0.939143419 -0.235141426 0.0541581251
vn 0.983835757 0.0306631997 0.159947261
vn 0.625924408 -0.069184199 0.620929956
vn 0.625924408 -0.069184199 0.620929956
vn -0.161898866 0.0467102192 0.995621502
vn -0.136215702 -0.355018854 0.943528354
vn 0.0718752146 -0.736441076 0.599431992
vn 0.683959603 -0.741056204 0.0735257417
vn 0.389776468 -0.371422946 0.781040847
vn -0.918701649 -0.270404905 0.258430868
vn 0.00399831496 -0.140304148 0.921215594
vn -0.497132301 -0.0748112202 0.711800814
vn 0.849779189 0.193684071 -0.488002509
vn 0.992904186 0.15992105 -0.0126930512
vn 0.990497589 0.108448625 -0.140619129
vn 0.806281269 0.397937119 -0.460377574
vn 0.698645592 0.407501966 0.567794144
vn 0.992904186 0.15992105 -0.0126930512
vn -0.17319116 -0.0503661893 -0.996130407
vn 0.634144962 -0.00628008693 -0.628720105
vn 0.11911533 -0.0440803207 -0.974416375
vn 0.498167008 -0.206484646 -0.820090711
vn 0.753904283 -0.423848361 -0.523103595
vn -0.489361912 -0.616801322 -0.396132559
vn 0.107817098 -0.824926615 -0.154369086
vn 0.130357847 -0.98393935 -0.0657834411
vn -0.887797296 -0.238822401 0.233167246
vn -0.718243659 0.17402941 -0.616944015
vn 0.247372866 0.245751828 -0.904284894
vn -0.474822521 0.0975579321 -0.872294366
vn -0.946974277 -0.170048252 0.0101950038
vn -0.928958118 -0.289716542 -0.0321117267
vn -0.496935427 -0.818939924 0.260236561
vn 1.00502908 0.0699191391 0.00320510357
vn 0.864871621 -0.215531141 0.450240374
vn 0.949310839 -0.256109685 -0.197255686
vn 0.942994058 0.170004725 0.241393045
vn 0.525126338 0.156125084 0.838931918
vn 1.00502908 0.0699191391 0.00320510357
vn -0.679722548 0.18686597 0.6946733
vn -0.87193203 0.219543576 0.445198536
vn -0.947044373 0.177386731 0.27031225
vn -1.00533295 0.00692731515 0.109904677
vn -0.883521318 -0.175517261 -0.374944717
vn -0.917660594 -0.354551226 0.106899135
vn 0.168833435 0.0849541351 0.980797708
vn -0.249547318 0.0849271417 0.964635491
vn -0.804821849 -0.438869238 0.296175808
vn -0.129074767 -0.0905366912 0.790237963
vn 0.432559818 0.165054381 0.913773239
vn 0.168833435 0.0849541351 0.980797708
vn 0.319559604 -0.480023652 -0.789390743
vn 0.934244454 0.0786783919 -0.315220416
vn 0.953210294 -0.0185156148 -0.258974016
vn 0.820713341 0.600284755 -0.0482869223
vn 0.368590504 0.672325969 -0.472159714
vn 0.465895921 0.728250742 -0.268946737
vn 0.0180138554 0.396519661 0.917073607
vn -0.638466716 0.18273966 0.726924598
vn -0.24439168 0.197522238 0.923758805
vn -0.70839721 0.340000659 0.629157126
vn -0.236855328 0.635357916 0.779381096
vn -0.696797013 0.440001369 0.566456318
vn 0.837740958 0.479710251 -0.274648994
vn 0.787602901 0.554436028 -0.0115403272
vn 0.918287754 0.362388492 -0.181078136
vn -0.81854856 -0.124314241 0.152983293
vn -0.918701649 -0.270404905 0.258430868
vn -0.497132301 -0.0748112202 0.711800814
vn 0.525126338 0.156125084 0.838931918
vn -0.81854856 -0.124314241 0.152983293
vn -0.497132301 -0.0748112202 0.711800814
vn 0.0925412253 0.0769481584 -0.992731154
vn 0.829068184 -0.000148975931 -0.458195388
vn 0.498167008 -0.206484646 -0.820090711
vn 0.498167008 -0.206484646 -0.820090711
vn 0.829068184 -0.000148975931 -0.458195388
vn 0.753904283 -0.423848361 -0.523103595
vn -0.994541049 0.0728150904 -0.0747397989
vn -0.703782797 0.566303968 -0.027151566
vn -0.995610178 0.0392830409 0.0266969614
vn 0.136809647 0.915405452 0.163490161
vn 0.787602901 0.554436028 -0.0115403272
vn 0.743409872 0.624738216 -0.353454262
vn -0.918701649 -0.270404905 0.258430868
vn -0.991000652 -0.0761184916 0.0992663577
vn -0.794258714 -0.58179909 0.0935183614
vn 0.729658723 0.208388194 0.629532874
vn 0.992904186 0.15992105 -0.0126930512
vn 0.698645592 0.407501966 0.567794144
vn 0.729658723 0.208388194 0.629532874
vn 0.698645592 0.407501966 0.567794144
vn 0.432559818 0.165054381 0.913773239
vn 0.0274931137 0.0844716579 -1.0045445
vn -0.656132519 -0.191517279 -0.633035362
vn -0.634432852 -0.0033861273 -0.675222516
vn 0.845104992 0.463333964 0.266682118
vn 0.989284813 0.0850415751 0.038784951
vn 0.985381722 0.132099003 0.00491985073
vn -0.918701649 -0.270404905 0.258430868
vn -0.794258714 -0.58179909 0.0935183614
vn 0.0718752146 -0.736441076 0.599431992
vn -0.887797296 -0.238822401 0.233167246
vn 0.130357847 -0.98393935 -0.0657834411
vn -0.147184476 -1.00519395 0.0174013339
vn 0.949310839 -0.256109685 -0.197255686
vn 0.864871621 -0.215531141 0.450240374
vn 0.683959603 -0.741056204 0.0735257417
vn 0.683959603 -0.741056204 0.0735257417
vn 0.713813841 -0.583422005 -0.402623802
vn 0.949310839 -0.256109685 -0.197255686
vn -0.928443968 0.0369151682 -0.339918017
vn -0.634432852 -0.0033861273 -0.675222516
vn -1.00121641 -0.0639356151 0.0291278027
vn -1.00700164 -0.0110847484 0.0907697305
vn -0.982010245 0.135841802 -0.215983391
vn -0.928443968 0.0369151682 -0.339918017
vn 0.368590504 0.672325969 -0.472159714
vn -0.705862701 0.15250133 -0.659991264
vn 0.465895921 0.728250742 -0.268946737
vn 0.465895921 0.728250742 -0.268946737
vn -0.983186126 0.0584437102 -0.0550474264
vn -0.983495295 0.185003772 0.0114011392
vn -1.00175059 -0.0435502231 0.0690657049
vn -1.00533295 0.00692731515 0.109904677
vn -0.993040204 -0.0906474367 0.0797807127
vn 0.69307977 0.656386495 -0.201058686
vn -0.267277956 0.459255427 -0.84851563
vn -0.855549276 0.352684379 -0.00179347279
vn -0.974405468 -0.192519426 0.135203212
vn -0.667891204 -0.0713861808 -0.589030862
vn -0.723878384 -0.187904626 -0.206063449
vn -0.391385436 0.688510478 0.614129126
vn 0.515486121 0.784349084 0.367578089
vn 0.103529207 0.977846801 -0.0390099697
vn 0.515486121 0.784349084 0.367578089
vn 0.69307977 0.656386495 -0.201058686
vn 0.103529207 0.977846801 -0.0390099697
vn -0.668351054 0.0620545857 0.614205062
vn -0.811640084 -0.00843079854 0.377918005
vn -0.693280876 -0.0826912224 0.599457741
vn 1.00337362 -0.0150977578 -0.0989578664
vn 0.9955194 -0.0149775418 -0.093363367
vn 0.995456696 -0.00407222472 -0.0945268795
vn 0.999151528 -0.138900071 -0.0345680639
vn 0.9217574 -0.367240101 0.156732455
vn 0.555751145 -0.748190522 -0.136982605
vn -0.766490281 -0.0340367965 -0.533850491
vn -0.883521318 -0.175517261 -0.374944717
vn -1.00533295 0.00692731515 0.109904677
vn -0.665009916 0.227165267 0.577231705
vn 0.136809647 0.915405452 0.163490161
vn -0.703782797 0.566303968 -0.027151566
vn -0.150950074 0.535391808 0.8335554
vn 0.787602901 0.554436028 -0.0115403272
vn 0.136809647 0.915405452 0.163490161
vn -0.149897188 -0.986874759 0.013704964
vn 0.268532038 -0.950335503 0.263003349
vn -0.283150077 -0.694638789 0.676434219
vn 0.713813841 -0.583422005 -0.402623802
vn 0.753904283 -0.423848361 -0.523103595
vn 0.949310839 -0.256109685 -0.197255686
vn -0.474822521 0.0975579321 -0.872294366
vn -0.14628613 0.0822336972 -0.987626851
vn -0.362349272 -0.0353785418 -0.931634545
vn -0.362349272 -0.0353785418 -0.931634545
vn 0.11911533 -0.0440803207 -0.974416375
vn -0.189322159 -0.279251873 -0.964714587
vn -0.804821849 -0.438869238 0.296175808
vn -0.88489306 -0.394030571 0.251361072
vn -0.86834079 -0.39758423 0.29219076
vn -0.917660594 -0.354551226 0.106899135
vn -0.453090817 -0.889042914 -0.0291552078
vn -0.928958118 -0.289716542 -0.0321117267
vn -0.883521318 -0.175517261 -0.374944717
vn -0.453090817 -0.889042914 -0.0291552078
vn -0.917660594 -0.354551226 0.106899135
vn 0.0180138554 0.396519661 0.917073607
vn 0.432559818 0.165054381 0.913773239
vn 0.698645592 0.407501966 0.567794144
vn 0.0180138554 0.396519661 0.917073607
vn -0.24439168 0.197522238 0.923758805
vn 0.432559818 0.165054381 0.913773239
vn 0.820713341 0.600284755 -0.0482869223
vn 0.514280677 0.256107122 -0.579120398
vn 0.368590504 0.672325969 -0.472159714
vn 0.746143878 -0.0232618246 0.614070535
vn 0.815665662 0.313095719 0.330846578
vn 0.196516365 0.122449912 0.983928025
vn 0.816045761 0.130930662 -0.596262455
vn 0.96821034 0.136841685 -0.283811808
vn 0.984465957 0.143880576 -0.14587453
vn 0.319559604 -0.480023652 -0.789390743
vn 0.11911533 -0.0440803207 -0.974416375
vn 0.934244454 0.0786783919 -0.315220416
vn -0.101208203 0.583850801 -0.756508172
vn -0.0773830265 0.9755193 0.0711622909
vn 0.567027569 0.829213083 0.109627329
vn -0.391385436 0.688510478 0.614129126
vn 0.103529207 0.977846801 -0.0390099697
vn -0.512109995 0.853250325 0.137817234
vn 0.567027569 0.829213083 0.109627329
vn 0.806281269 0.397937119 -0.460377574
vn -0.101208203 0.583850801 -0.756508172
vn 0.934244454 0.0786783919 -0.315220416
vn 0.816045761 0.130930662 -0.596262455
vn 0.984465957 0.143880576 -0.14587453
vn 0.984465957 0.143880576 -0.14587453
vn 0.984922647 0.142979681 -0.0970470682
vn 0.934244454 0.0786783919 -0.315220416
vn 0.942994058 0.170004725 0.241393045
vn 0.467932701 0.15642415 0.875500977
vn 0.525126338 0.156125084 0.838931918
vn -0.918791711 0.221626207 0.427669764
vn -0.391385436 0.688510478 0.614129126
vn -0.512109995 0.853250325 0.137817234
vn 0.561039269 0.299979478 0.733278692
vn 0.815665662 0.313095719 0.330846578
vn 0.918287754 0.362388492 -0.181078136
vn 0.634144962 -0.00628008693 -0.628720105
vn 0.247372866 0.245751828 -0.904284894
vn 0.924433827 -0.0272530131 -0.358869463
vn -0.592431068 0.233153224 0.772429109
vn -0.391385436 0.688510478 0.614129126
vn -0.918791711 0.221626207 0.427669764
vn 0.939143419 -0.235141426 0.0541581251
vn 0.625924408 -0.069184199 0.620929956
vn 0.695517004 -0.212243959 0.591059029
vn -0.136215702 -0.355018854 0.943528354
vn 0.110453427 -0.877158761 0.344147772
vn 0.397104472 -0.707260489 0.531998038
vn -0.189322159 -0.279251873 -0.964714587
vn 0.11911533 -0.0440803207 -0.974416375
vn 0.319559604 -0.480023652 -0.789390743
vn 0.69307977 0.656386495 -0.201058686
vn 0.515486121 0.784349084 0.367578089
vn 0.985381722 0.132099003 0.00491985073
vn 0.985381722 0.132099003 0.00491985073
vn 0.997020483 0.0120617682 -0.07618846
vn 0.69307977 0.656386495 -0.201058686
vn -0.927958548 -0.193425477 0.281142026
vn -0.621352732 -0.444362879 0.663867056
vn -0.693280876 -0.0826912224 0.599457741
vn -0.363886654 -0.253716975 0.86751169
vn 0.196516365 0.122449912 0.983928025
vn -0.693280876 -0.0826912224 0.599457741
vn 0.0718752146 -0.736441076 0.599431992
vn -0.0157118272 -0.98231864 0.204036757
vn 0.683959603 -0.741056204 0.0735257417
vn -0.0157118272 -0.98231864 0.204036757
vn 0.0718752146 -0.736441076 0.599431992
vn -0.794258714 -0.58179909 0.0935183614
vn 0.743409872 0.624738216 -0.353454262
vn -0.703782797 0.566303968 -0.027151566
vn 0.136809647 0.915405452 0.163490161
vn -0.407895327 0.725429773 -0.25739035
vn -0.983495295 0.185003772 0.0114011392
vn -0.995610178 0.0392830409 0.0266969614
vn 0.695517004 -0.212243959 0.591059029
vn -0.136215702 -0.355018854 0.943528354
vn 0.397104472 -0.707260489 0.531998038
vn 0.625924408 -0.069184199 0.620929956
vn -0.136215702 -0.355018854 0.943528354
vn 0.695517004 -0.212243959 0.591059029
vn 0.962708414 0.156274244 0.228678852
vn 0.729658723 0.208388194 0.629532874
vn 0.942994058 0.170004725 0.241393045
vn -0.88489306 -0.394030571 0.251361072
vn -0.804821849 -0.438869238 0.296175808
vn -0.997499466 -0.0997688994 0.0427112728
vn -0.804821849 -0.438869238 0.296175808
vn -0.249547318 0.0849271417 0.964635491
vn -0.945146024 0.00949700177 0.285077542
vn 0.268532038 -0.950335503 0.263003349
vn 0.555751145 -0.748190522 -0.136982605
vn 0.9217574 -0.367240101 0.156732455
vn 0.455749184 -0.456236362 0.771917045
vn 0.268532038 -0.950335503 0.263003349
vn 0.9217574 -0.367240101 0.156732455
vn -0.993040204 -0.0906474367 0.0797807127
vn -0.995610178 0.0392830409 0.0266969614
vn -1.00175059 -0.0435502231 0.0690657049
vn -0.81854856 -0.124314241 0.152983293
vn -0.89425683 -0.38100028 0.259151846
vn -0.991000652 -0.0761184916 0.0992663577
vn -0.236855328 0.635357916 0.779381096
vn 0.198204547 0.664909124 0.79850781
vn -0.0773830265 0.9755193 0.0711622909
vn -0.374481857 -0.926959336 -0.0141718406
vn -0.928958118 -0.289716542 -0.0321117267
vn -0.453090817 -0.889042914 -0.0291552078
vn -0.97764051 0.12576583 -0.0854750201
vn -0.735175312 0.051528994 -0.707516551
vn -0.801677525 0.0133004645 -0.488821179
vn -0.801677525 0.0133004645 -0.488821179
vn -0.735175312 0.051528994 -0.707516551
vn -0.362349272 -0.0353785418 -0.931634545
vn 0.634144962 -0.00628008693 -0.628720105
vn 0.96821034 0.136841685 -0.283811808
vn 0.816045761 0.130930662 -0.596262455
vn -0.136215702 -0.355018854 0.943528354
vn -0.625910103 -0.234477997 0.741803885
vn -0.385336846 -0.704982936 0.604502976
vn 0.330450773 0.369635761 -0.896023571
vn 0.806281269 0.397937119 -0.460377574
vn 0.849779189 0.193684071 -0.488002509
vn 0.849779189 0.193684071 -0.488002509
vn 0.806281269 0.397937119 -0.460377574
vn 0.992904186 0.15992105 -0.0126930512
vn 0.106876403 -0.554096103 -0.819383323
vn 0.867991209 -0.177317947 -0.454364687
vn 0.42555353 -0.766544521 -0.420164645
vn -0.184097469 -0.789881885 -0.619107008
vn -0.228624061 -0.296849251 -0.925657511
vn 0.106876403 -0.554096103 -0.819383323
vn -0.89425683 -0.38100028 0.259151846
vn -0.873564541 -0.459026724 0.14519994
vn -0.921124935 -0.32567358 0.219212636
vn -0.735175312 0.051528994 -0.707516551
vn -0.97764051 0.12576583 -0.0854750201
vn -0.474822521 0.0975579321 -0.872294366
vn -0.718243659 0.17402941 -0.616944015
vn -0.474822521 0.0975579321 -0.872294366
vn -0.97764051 0.12576583 -0.0854750201
vn 0.887875378 0.4181692 -0.198707089
vn 0.820713341 0.600284755 -0.0482869223
vn 0.837740958 0.479710251 -0.274648994
vn -0.596134067 -0.795153618 0.134195849
vn -0.706173956 -0.475363523 -0.49779591
vn -0.179104954 -0.954229355 -0.187539518
vn 0.168833435 0.0849541351 0.980797708
vn 0.432559818 0.165054381 0.913773239
vn -0.249547318 0.0849271417 0.964635491
vn -0.249547318 0.0849271417 0.964635491
vn -0.24439168 0.197522238 0.923758805
vn -0.945146024 0.00949700177 0.285077542
vn 0.780616045 0.0505056679 -0.632385433
vn 0.514280677 0.256107122 -0.579120398
vn 0.949517608 0.0696098208 -0.308963716
vn 0.845104992 0.463333964 0.266682118
vn 0.116721049 0.533103526 0.78572917
vn 0.989284813 0.0850415751 0.038784951
vn 0.116721049 0.533103526 0.78572917
vn -0.592431068 0.233153224 0.772429109
vn -0.13574405 0.271824509 0.973143995
vn -0.971375048 0.216655463 0.214806706
vn -1.00497162 0.0112564135 0.0560214967
vn -0.945146024 0.00949700177 0.285077542
vn -0.568246901 -0.787963629 0.251632363
vn 0.110453427 -0.877158761 0.344147772
vn -0.385336846 -0.704982936 0.604502976
vn 0.990095437 0.018868085 0.115877189
vn 0.861247659 0.0768479332 0.473999232
vn 1.00657237 0.042532865 -0.0664336905
vn 0.861247659 0.0768479332 0.473999232
vn 0.985958457 0.106138259 0.120347001
vn 1.00657237 0.042532865 -0.0664336905
vn 0.743409872 0.624738216 -0.353454262
vn 0.0954782441 0.857382476 -0.330035865
vn -0.407895327 0.725429773 -0.25739035
vn 0.837740958 0.479710251 -0.274648994
vn 0.0954782441 0.857382476 -0.330035865
vn 0.743409872 0.624738216 -0.353454262
vn 0.107817098 -0.824926615 -0.154369086
vn 0.713813841 -0.583422005 -0.402623802
vn 0.130357847 -0.98393935 -0.0657834411
vn 0.130357847 -0.98393935 -0.0657834411
vn 0.713813841 -0.583422005 -0.402623802
vn 0.683959603 -0.741056204 0.0735257417
vn -0.703782797 0.566303968 -0.027151566
vn 0.743409872 0.624738216 -0.353454262
vn -0.407895327 0.725429773 -0.25739035
vn -0.324593961 -0.898573756 -0.310684711
vn -0.147553355 -0.981087267 -0.118990779
vn -0.453090817 -0.889042914 -0.0291552078
vn -0.14628613 0.0822336972 -0.987626851
vn 0.634144962 -0.00628008693 -0.628720105
vn -0.17319116 -0.0503661893 -0.996130407
vn -0.17319116 -0.0503661893 -0.996130407
vn -0.362349272 -0.0353785418 -0.931634545
vn -0.14628613 0.0822336972 -0.987626851
vn -0.87193203 0.219543576 0.445198536
vn -0.967086852 0.171713516 0.195111409
vn -0.947044373 0.177386731 0.27031225
vn 1.003847 0.132259354 -0.100935854
vn 0.989331245 0.143170401 -0.00892121531
vn 1.00502908 0.0699191391 0.00320510357
vn 0.989331245 0.143170401 -0.00892121531
vn 0.942994058 0.170004725 0.241393045
vn 1.00502908 0.0699191391 0.00320510357
vn 0.746143878 -0.0232618246 0.614070535
vn 0.455749184 -0.456236362 0.771917045
vn 0.9217574 -0.367240101 0.156732455
vn 0.746143878 -0.0232618246 0.614070535
vn 0.196516365 0.122449912 0.983928025
vn 0.455749184 -0.456236362 0.771917045
vn -0.913622081 0.116680525 0.384309471
vn -0.967086852 0.171713516 0.195111409
vn -0.87193203 0.219543576 0.445198536
vn -0.87193203 0.219543576 0.445198536
vn -0.663543761 0.216454953 0.693387985
vn -0.913622081 0.116680525 0.384309471
vn 0.135525942 0.09958563 0.989988863
vn -0.161898866 0.0467102192 0.995621502
vn 0.625924408 -0.069184199 0.620929956
vn 0.634144962 -0.00628008693 -0.628720105
vn 0.816045761 0.130930662 -0.596262455
vn 0.11911533 -0.0440803207 -0.974416375
vn 0.11911533 -0.0440803207 -0.974416375
vn 0.816045761 0.130930662 -0.596262455
vn 0.934244454 0.0786783919 -0.315220416
vn 0.925137281 0.31801033 -0.183359846
vn 0.815665662 0.313095719 0.330846578
vn 0.99532795 0.063123472 0.045721408
vn -0.873564541 -0.459026724 0.14519994
vn -0.89425683 -0.38100028 0.259151846
vn -0.86834079 -0.39758423 0.29219076
vn -0.179104954 -0.954229355 -0.187539518
vn -0.189322159 -0.279251873 -0.964714587
vn 0.0563359037 -0.918731451 -0.391712308
vn 0.0563359037 -0.918731451 -0.391712308
vn 0.0998278856 -0.997869611 0.0477988273
vn -0.179104954 -0.954229355 -0.187539518
vn 0.99532795 0.063123472 0.045721408
vn 0.9217574 -0.367240101 0.156732455
vn 0.999151528 -0.138900071 -0.0345680639
vn -0.236855328 0.635357916 0.779381096
vn 0.0180138554 0.396519661 0.917073607
vn 0.198204547 0.664909124 0.79850781
vn -0.873564541 -0.459026724 0.14519994
vn -0.921934724 -0.359462589 0.0539684258
vn -0.656132519 -0.191517279 -0.633035362
vn 0.746143878 -0.0232618246 0.614070535
vn 0.9217574 -0.367240101 0.156732455
vn 0.99532795 0.063123472 0.045721408
vn -0.705862701 0.15250133 -0.659991264
vn -0.983186126 0.0584437102 -0.0550474264
vn 0.465895921 0.728250742 -0.268946737
vn -0.983186126 0.0584437102 -0.0550474264
vn -0.705862701 0.15250133 -0.659991264
vn -1.00175059 -0.0435502231 0.0690657049
vn -0.811640084 -0.00843079854 0.377918005
vn -0.665009916 0.227165267 0.577231705
vn -0.997437358 -0.0713040531 0.0155971153
vn 0.847611368 0.22943294 0.400767863
vn 0.116721049 0.533103526 0.78572917
vn -0.13574405 0.271824509 0.973143995
vn -0.921124935 -0.32567358 0.219212636
vn -0.723878384 -0.187904626 -0.206063449
vn -0.991000652 -0.0761184916 0.0992663577
vn -0.927958548 -0.193425477 0.281142026
vn -0.946974277 -0.170048252 0.0101950038
vn -0.283150077 -0.694638789 0.676434219
vn 0.949517608 0.0696098208 -0.308963716
vn 0.925137281 0.31801033 -0.183359846
vn 0.999151528 -0.138900071 -0.0345680639
vn -0.86834079 -0.39758423 0.29219076
vn -0.88489306 -0.394030571 0.251361072
vn -0.997499466 -0.0997688994 0.0427112728
vn -0.997499466 -0.0997688994 0.0427112728
vn -1.00121641 -0.0639356151 0.0291278027
vn -0.86834079 -0.39758423 0.29219076
vn -0.596134067 -0.795153618 0.134195849
vn -0.0602586046 -1.00520599 -0.0379013047
vn -0.568246901 -0.787963629 0.251632363
vn -0.0602586046 -1.00520599 -0.0379013047
vn 0.110453427 -0.877158761 0.344147772
vn -0.568246901 -0.787963629 0.251632363
vn 0.561039269 0.299979478 0.733278692
vn 0.787602901 0.554436028 -0.0115403272
vn -0.150950074 0.535391808 0.8335554
vn 0.990095437 0.018868085 0.115877189
vn -0.13574405 0.271824509 0.973143995
vn 0.861247659 0.0768479332 0.473999232
vn -0.568246901 -0.787963629 0.251632363
vn -0.919537008 -0.13860929 0.391257644
vn -0.955432594 -0.257660151 0.148620084
vn 0.990497589 0.108448625 -0.140619129
vn 0.559764147 0.158227563 -0.749724865
vn 0.849779189 0.193684071 -0.488002509
vn 0.98391211 -0.0311134942 -0.182090923
vn 0.980002403 0.0454571806 -0.190922335
vn 0.634144962 -0.00628008693 -0.628720105
vn -0.945146024 0.00949700177 0.285077542
vn -0.997499466 -0.0997688994 0.0427112728
vn -0.804821849 -0.438869238 0.296175808
vn 0.0998278856 -0.997869611 0.0477988273
vn 0.737984538 -0.492655218 -0.240435794
vn 0.873861611 -0.471185952 -0.034320768
vn -0.703782797 0.566303968 -0.027151566
vn -0.994541049 0.0728150904 -0.0747397989
vn -0.997437358 -0.0713040531 0.0155971153
vn 0.815665662 0.313095719 0.330846578
vn 0.837740958 0.479710251 -0.274648994
vn 0.918287754 0.362388492 -0.181078136
vn -0.921124935 -0.32567358 0.219212636
vn -0.974405468 -0.192519426 0.135203212
vn -0.723878384 -0.187904626 -0.206063449
vn -0.621352732 -0.444362879 0.663867056
vn -0.363886654 -0.253716975 0.86751169
vn -0.693280876 -0.0826912224 0.599457741
vn -0.283150077 -0.694638789 0.676434219
vn -0.363886654 -0.253716975 0.86751169
vn -0.621352732 -0.444362879 0.663867056
vn 0.559764147 0.158227563 -0.749724865
vn 0.990497589 0.108448625 -0.140619129
vn 0.901741803 0.134124428 -0.291654795
vn 0.994840443 -0.0150630837 -0.1036264
vn 0.990095437 0.018868085 0.115877189
vn 1.00657237 0.042532865 -0.0664336905
vn 0.525126338 0.156125084 0.838931918
vn 0.864871621 -0.215531141 0.450240374
vn 1.00502908 0.0699191391 0.00320510357
vn 0.397104472 -0.707260489 0.531998038
vn 0.110453427 -0.877158761 0.344147772
vn 0.939143419 -0.235141426 0.0541581251
vn -0.638466716 0.18273966 0.726924598
vn -0.971375048 0.216655463 0.214806706
vn -0.945146024 0.00949700177 0.285077542
vn 0.0718752146 -0.736441076 0.599431992
vn 0.00399831496 -0.140304148 0.921215594
vn -0.918701649 -0.270404905 0.258430868
vn 0.873861611 -0.471185952 -0.034320768
vn 1.00467706 0.0628259331 -0.0480958708
vn 0.823632002 -0.521085322 0.0412038267
vn -0.997499466 -0.0997688994 0.0427112728
vn -1.00700164 -0.0110847484 0.0907697305
vn -1.00121641 -0.0639356151 0.0291278027
vn -1.00497162 0.0112564135 0.0560214967
vn -1.00700164 -0.0110847484 0.0907697305
vn -0.997499466 -0.0997688994 0.0427112728
vn -0.14628613 0.0822336972 -0.987626851
vn 0.247372866 0.245751828 -0.904284894
vn 0.634144962 -0.00628008693 -0.628720105
vn -0.249547318 0.0849271417 0.964635491
vn 0.432559818 0.165054381 0.913773239
vn -0.24439168 0.197522238 0.923758805
vn 0.151052669 -0.144289538 -0.982969522
vn 0.514280677 0.256107122 -0.579120398
vn 0.780616045 0.0505056679 -0.632385433
vn -0.516570926 0.0074144993 -0.869826853
vn 0.514280677 0.256107122 -0.579120398
vn 0.151052669 -0.144289538 -0.982969522
vn 0.753904283 -0.423848361 -0.523103595
vn 0.107817098 -0.824926615 -0.154369086
vn -0.489361912 -0.616801322 -0.396132559
vn -0.147184476 -1.00519395 0.0174013339
vn 0.130357847 -0.98393935 -0.0657834411
vn -0.0157118272 -0.98231864 0.204036757
vn 0.634144962 -0.00628008693 -0.628720105
vn 0.980002403 0.0454571806 -0.190922335
vn 0.96821034 0.136841685 -0.283811808
vn -0.696797013 0.440001369 0.566456318
vn -0.856112063 0.50594157 0.3088395
vn -0.971375048 0.216655463 0.214806706
vn 0.145298794 0.202843368 -0.971028388
vn 0.559764147 0.158227563 -0.749724865
vn 0.0274931137 0.0844716579 -1.0045445
vn -0.991000652 -0.0761184916 0.0992663577
vn -0.723878384 -0.187904626 -0.206063449
vn -0.887797296 -0.238822401 0.233167246
vn 1.00467706 0.0628259331 -0.0480958708
vn 0.939143419 -0.235141426 0.0541581251
vn 0.823632002 -0.521085322 0.0412038267
vn 0.995456696 -0.00407222472 -0.0945268795
vn 0.997020483 0.0120617682 -0.07618846
vn 0.994840443 -0.0150630837 -0.1036264
vn 0.0274931137 0.0844716579 -1.0045445
vn 0.559764147 0.158227563 -0.749724865
vn 0.151326582 0.081984356 -0.985078037
vn -0.283150077 -0.694638789 0.676434219
vn -0.496935427 -0.818939924 0.260236561
vn -0.149897188 -0.986874759 0.013704964
vn 0.983835757 0.0306631997 0.159947261
vn 0.803833067 0.0958164483 0.587087452
vn 0.625924408 -0.069184199 0.620929956
vn 0.116721049 0.533103526 0.78572917
vn 0.847611368 0.22943294 0.400767863
vn 0.989284813 0.0850415751 0.038784951
vn 0.465895921 0.728250742 -0.268946737
vn -0.983495295 0.185003772 0.0114011392
vn 0.0954782441 0.857382476 -0.330035865
vn 0.0954782441 0.857382476 -0.330035865
vn -0.983495295 0.185003772 0.0114011392
vn -0.407895327 0.725429773 -0.25739035
vn 0.924433827 -0.0272530131 -0.358869463
vn 1.00337362 -0.0150977578 -0.0989578664
vn 0.98391211 -0.0311134942 -0.182090923
vn -0.967086852 0.171713516 0.195111409
vn -0.855549276 0.352684379 -0.00179347279
vn -0.97764051 0.12576583 -0.0854750201
vn 0.992904186 0.15992105 -0.0126930512
vn 0.962708414 0.156274244 0.228678852
vn 0.989331245 0.143170401 -0.00892121531
vn 0.106876403 -0.554096103 -0.819383323
vn 0.151052669 -0.144289538 -0.982969522
vn 0.867991209 -0.177317947 -0.454364687
vn -0.189322159 -0.279251873 -0.964714587
vn 0.319559604 -0.480023652 -0.789390743
vn 0.0563359037 -0.918731451 -0.391712308
vn 1.00467706 0.0628259331 -0.0480958708
vn 0.985958457 0.106138259 0.120347001
vn 0.983835757 0.0306631997 0.159947261
vn 0.787602901 0.554436028 -0.0115403272
vn 0.561039269 0.299979478 0.733278692
vn 0.918287754 0.362388492 -0.181078136
vn -0.918791711 0.221626207 0.427669764
vn -0.913622081 0.116680525 0.384309471
vn -0.592431068 0.233153224 0.772429109
vn -0.19564952 0.142685771 1.0090338
vn 0.861247659 0.0768479332 0.473999232
vn -0.13574405 0.271824509 0.973143995
vn 0.953210294 -0.0185156148 -0.258974016
vn 0.737984538 -0.492655218 -0.240435794
vn 0.319559604 -0.480023652 -0.789390743
vn 0.397104472 -0.707260489 0.531998038
vn 0.939143419 -0.235141426 0.0541581251
vn 0.695517004 -0.212243959 0.591059029
vn 0.737984538 -0.492655218 -0.240435794
vn 0.953210294 -0.0185156148 -0.258974016
vn 1.00467706 0.0628259331 -0.0480958708
vn -0.811640084 -0.00843079854 0.377918005
vn -0.946974277 -0.170048252 0.0101950038
vn -0.927958548 -0.193425477 0.281142026
vn -0.873564541 -0.459026724 0.14519994
vn -0.974405468 -0.192519426 0.135203212
vn -0.921124935 -0.32567358 0.219212636
vn -0.998940349 -0.0365507714 0.0461211428
vn -0.928958118 -0.289716542 -0.0321117267
vn -0.946974277 -0.170048252 0.0101950038
vn -0.811640084 -0.00843079854 0.377918005
vn -0.998940349 -0.0365507714 0.0461211428
vn -0.946974277 -0.170048252 0.0101950038
vn 0.803833067 0.0958164483 0.587087452
vn 0.135525942 0.09958563 0.989988863
vn 0.625924408 -0.069184199 0.620929956
vn 0.861247659 0.0768479332 0.473999232
vn 0.135525942 0.09958563 0.989988863
vn 0.985958457 0.106138259 0.120347001
vn -0.679722548 0.18686597 0.6946733
vn -0.947044373 0.177386731 0.27031225
vn -0.957060456 0.105558455 0.24153094
vn 0.0925412253 0.0769481584 -0.992731154
vn 0.498167008 -0.206484646 -0.820090711
vn -0.723878384 -0.187904626 -0.206063449
vn -0.921934724 -0.359462589 0.0539684258
vn -0.873564541 -0.459026724 0.14519994
vn -0.86834079 -0.39758423 0.29219076
vn 0.116721049 0.533103526 0.78572917
vn -0.391385436 0.688510478 0.614129126
vn -0.592431068 0.233153224 0.772429109
vn 0.561039269 0.299979478 0.733278692
vn -0.665009916 0.227165267 0.577231705
vn -0.811640084 -0.00843079854 0.377918005
vn 0.823632002 -0.521085322 0.0412038267
vn 0.939143419 -0.235141426 0.0541581251
vn 0.110453427 -0.877158761 0.344147772
vn 0.110453427 -0.877158761 0.344147772
vn 0.0998278856 -0.997869611 0.0477988273
vn 0.823632002 -0.521085322 0.0412038267
vn -0.919537008 -0.13860929 0.391257644
vn -0.679722548 0.18686597 0.6946733
vn -0.957060456 0.105558455 0.24153094
vn -0.971375048 0.216655463 0.214806706
vn -1.00700164 -0.0110847484 0.0907697305
vn -1.00497162 0.0112564135 0.0560214967
vn 0.196516365 0.122449912 0.983928025
vn -0.363886654 -0.253716975 0.86751169
vn 0.455749184 -0.456236362 0.771917045
vn -0.625910103 -0.234477997 0.741803885
vn -0.919537008 -0.13860929 0.391257644
vn -0.385336846 -0.704982936 0.604502976
vn -0.228624061 -0.296849251 -0.925657511
vn -0.516570926 0.0074144993 -0.869826853
vn 0.151052669 -0.144289538 -0.982969522
vn -0.883521318 -0.175517261 -0.374944717
vn -0.516570926 0.0074144993 -0.869826853
vn -0.228624061 -0.296849251 -0.925657511
vn -0.489361912 -0.616801322 -0.396132559
vn 0.107817098 -0.824926615 -0.154369086
vn -0.887797296 -0.238822401 0.233167246
vn -0.794258714 -0.58179909 0.0935183614
vn -0.147184476 -1.00519395 0.0174013339
vn -0.0157118272 -0.98231864 0.204036757
vn 0.42555353 -0.766544521 -0.420164645
vn -0.273949236 -0.990698516 -0.0949067771
vn -0.147553355 -0.981087267 -0.118990779
vn 0.107817098 -0.824926615 -0.154369086
vn 0.753904283 -0.423848361 -0.523103595
vn 0.713813841 -0.583422005 -0.402623802
vn -0.947044373 0.177386731 0.27031225
vn -0.97764051 0.12576583 -0.0854750201
vn -0.99455595 0.103885621 -0.0192662887
vn 0.0563359037 -0.918731451 -0.391712308
vn 0.737984538 -0.492655218 -0.240435794
vn 0.0998278856 -0.997869611 0.0477988273
vn -0.668351054 0.0620545857 0.614205062
vn -0.693280876 -0.0826912224 0.599457741
vn 0.196516365 0.122449912 0.983928025
vn 0.729658723 0.208388194 0.629532874
vn 0.432559818 0.165054381 0.913773239
vn 0.467932701 0.15642415 0.875500977
vn -0.101208203 0.583850801 -0.756508172
vn -0.332135499 0.353265822 -0.855876863
vn -0.982010245 0.135841802 -0.215983391
vn -0.101208203 0.583850801 -0.756508172
vn 0.0158684552 0.285600007 -0.947062433
vn -0.332135499 0.353265822 -0.855876863
vn -0.696797013 0.440001369 0.566456318
vn -0.236855328 0.635357916 0.779381096
vn -0.856112063 0.50594157 0.3088395
vn 0.151052669 -0.144289538 -0.982969522
vn 0.780616045 0.0505056679 -0.632385433
vn 0.867991209 -0.177317947 -0.454364687
vn -0.918791711 0.221626207 0.427669764
vn -0.512109995 0.853250325 0.137817234
vn -0.855549276 0.352684379 -0.00179347279
vn -0.596134067 -0.795153618 0.134195849
vn -0.568246901 -0.787963629 0.251632363
vn -0.955432594 -0.257660151 0.148620084
vn -1.00175059 -0.0435502231 0.0690657049
vn -0.705862701 0.15250133 -0.659991264
vn -0.766490281 -0.0340367965 -0.533850491
vn -0.982010245 0.135841802 -0.215983391
vn -0.971375048 0.216655463 0.214806706
vn -0.101208203 0.583850801 -0.756508172
vn 0.829068184 -0.000148975931 -0.458195388
vn 0.0383159071 0.0923778489 -1.02022791
vn 0.901741803 0.134124428 -0.291654795
vn 0.901741803 0.134124428 -0.291654795
vn 0.0383159071 0.0923778489 -1.02022791
vn 0.151326582 0.081984356 -0.985078037
vn -0.971375048 0.216655463 0.214806706
vn -0.982010245 0.135841802 -0.215983391
vn -1.00700164 -0.0110847484 0.0907697305
vn -0.766490281 -0.0340367965 -0.533850491
vn 0.514280677 0.256107122 -0.579120398
vn -0.516570926 0.0074144993 -0.869826853
vn -0.706173956 -0.475363523 -0.49779591
vn -0.801677525 0.0133004645 -0.488821179
vn -0.373156548 -0.400993973 -0.855564952
vn 0.634144962 -0.00628008693 -0.628720105
vn 0.924433827 -0.0272530131 -0.358869463
vn 0.98391211 -0.0311134942 -0.182090923
vn 1.003847 0.132259354 -0.100935854
vn 1.00502908 0.0699191391 0.00320510357
vn 0.949310839 -0.256109685 -0.197255686
vn 0.934244454 0.0786783919 -0.315220416
vn 0.984922647 0.142979681 -0.0970470682
vn 1.00467706 0.0628259331 -0.0480958708
vn 0.984922647 0.142979681 -0.0970470682
vn 0.985958457 0.106138259 0.120347001
vn 1.00467706 0.0628259331 -0.0480958708
vn 0.247372866 0.245751828 -0.904284894
vn -0.14628613 0.0822336972 -0.987626851
vn -0.474822521 0.0975579321 -0.872294366
vn -0.86834079 -0.39758423 0.29219076
vn -1.00121641 -0.0639356151 0.0291278027
vn -0.921934724 -0.359462589 0.0539684258
vn -1.00700164 -0.0110847484 0.0907697305
vn -0.928443968 0.0369151682 -0.339918017
vn -1.00121641 -0.0639356151 0.0291278027
vn -0.955432594 -0.257660151 0.148620084
vn -0.706173956 -0.475363523 -0.49779591
vn -0.596134067 -0.795153618 0.134195849
vn -0.283150077 -0.694638789 0.676434219
vn -0.946974277 -0.170048252 0.0101950038
vn -0.496935427 -0.818939924 0.260236561
vn -0.129074767 -0.0905366912 0.790237963
vn -0.86834079 -0.39758423 0.29219076
vn -0.89425683 -0.38100028 0.259151846
vn -0.161898866 0.0467102192 0.995621502
vn -0.679722548 0.18686597 0.6946733
vn -0.625910103 -0.234477997 0.741803885
vn -0.149897188 -0.986874759 0.013704964
vn -0.496935427 -0.818939924 0.260236561
vn -0.469473571 -0.885371149 -0.057095591
vn -0.928958118 -0.289716542 -0.0321117267
vn -0.469473571 -0.885371149 -0.057095591
vn -0.496935427 -0.818939924 0.260236561
vn -0.332135499 0.353265822 -0.855876863
vn 0.0158684552 0.285600007 -0.947062433
vn -0.315100372 0.0669214725 -0.957365096
vn -0.706173956 -0.475363523 -0.49779591
vn -0.373156548 -0.400993973 -0.855564952
vn -0.179104954 -0.954229355 -0.187539518
vn -0.458819598 -0.125975668 0.5703004
vn 0.525126338 0.156125084 0.838931918
vn 0.344448328 0.109330013 0.932417452
vn -0.374481857 -0.926959336 -0.0141718406
vn -0.273949236 -0.990698516 -0.0949067771
vn -0.469473571 -0.885371149 -0.057095591
vn -0.928958118 -0.289716542 -0.0321117267
vn -0.374481857 -0.926959336 -0.0141718406
vn -0.469473571 -0.885371149 -0.057095591
vn -0.883521318 -0.175517261 -0.374944717
vn -0.324593961 -0.898573756 -0.310684711
vn -0.453090817 -0.889042914 -0.0291552078
vn 1.00657237 0.042532865 -0.0664336905
vn 0.985958457 0.106138259 0.120347001
vn 0.984922647 0.142979681 -0.0970470682
vn 0.698645592 0.407501966 0.567794144
vn 0.806281269 0.397937119 -0.460377574
vn 0.567027569 0.829213083 0.109627329
vn 0.198204547 0.664909124 0.79850781
vn 0.698645592 0.407501966 0.567794144
vn 0.567027569 0.829213083 0.109627329
vn 0.561039269 0.299979478 0.733278692
vn -0.811640084 -0.00843079854 0.377918005
vn 0.196516365 0.122449912 0.983928025
vn -0.703782797 0.566303968 -0.027151566
vn -0.407895327 0.725429773 -0.25739035
vn -0.995610178 0.0392830409 0.0266969614
vn -0.458819598 -0.125975668 0.5703004
vn 0.344448328 0.109330013 0.932417452
vn -0.129074767 -0.0905366912 0.790237963
vn 0.145298794 0.202843368 -0.971028388
vn 0.849779189 0.193684071 -0.488002509
vn 0.559764147 0.158227563 -0.749724865
vn 0.330450773 0.369635761 -0.896023571
vn 0.849779189 0.193684071 -0.488002509
vn 0.145298794 0.202843368 -0.971028388
vn 0.389776468 -0.371422946 0.781040847
vn 0.864871621 -0.215531141 0.450240374
vn 0.525126338 0.156125084 0.838931918
vn -0.955432594 -0.257660151 0.148620084
vn -0.957060456 0.105558455 0.24153094
vn -0.99455595 0.103885621 -0.0192662887
vn -0.0602586046 -1.00520599 -0.0379013047
vn -0.596134067 -0.795153618 0.134195849
vn -0.179104954 -0.954229355 -0.187539518
vn -0.955432594 -0.257660151 0.148620084
vn -0.801677525 0.0133004645 -0.488821179
vn -0.706173956 -0.475363523 -0.49779591
vn -0.129074767 -0.0905366912 0.790237963
vn -0.804821849 -0.438869238 0.296175808
vn -0.86834079 -0.39758423 0.29219076
vn -1.00121641 -0.0639356151 0.0291278027
vn -0.634432852 -0.0033861273 -0.675222516
vn -0.656132519 -0.191517279 -0.633035362
vn -1.00121641 -0.0639356151 0.0291278027
vn -0.656132519 -0.191517279 -0.633035362
vn -0.921934724 -0.359462589 0.0539684258
vn -0.991000652 -0.0761184916 0.0992663577
vn -0.887797296 -0.238822401 0.233167246
vn -0.794258714 -0.58179909 0.0935183614
vn 0.135525942 0.09958563 0.989988863
vn -0.19564952 0.142685771 1.0090338
vn -0.161898866 0.0467102192 0.995621502
vn -0.161898866 0.0467102192 0.995621502
vn -0.19564952 0.142685771 1.0090338
vn -0.679722548 0.18686597 0.6946733
vn -0.957060456 0.105558455 0.24153094
vn -0.947044373 0.177386731 0.27031225
vn -0.99455595 0.103885621 -0.0192662887
vn 0.98391211 -0.0311134942 -0.182090923
vn 0.994840443 -0.0150630837 -0.1036264
vn 0.980002403 0.0454571806 -0.190922335
vn 1.00337362 -0.0150977578 -0.0989578664
vn 0.994840443 -0.0150630837 -0.1036264
vn 0.98391211 -0.0311134942 -0.182090923
vn 0.247372866 0.245751828 -0.904284894
vn 0.995456696 -0.00407222472 -0.0945268795
vn 0.924433827 -0.0272530131 -0.358869463
vn 0.0180138554 0.396519661 0.917073607
vn -0.236855328 0.635357916 0.779381096
vn -0.70839721 0.340000659 0.629157126
vn -0.928443968 0.0369151682 -0.339918017
vn -0.332135499 0.353265822 -0.855876863
vn -0.315100372 0.0669214725 -0.957365096
vn -0.928443968 0.0369151682 -0.339918017
vn -0.315100372 0.0669214725 -0.957365096
vn -0.634432852 -0.0033861273 -0.675222516
vn -0.883521318 -0.175517261 -0.374944717
vn -0.766490281 -0.0340367965 -0.533850491
vn -0.516570926 0.0074144993 -0.869826853
vn 0.467932701 0.15642415 0.875500977
vn 0.432559818 0.165054381 0.913773239
vn -0.129074767 -0.0905366912 0.790237963
vn 0.525126338 0.156125084 0.838931918
vn -0.497132301 -0.0748112202 0.711800814
vn 0.00399831496 -0.140304148 0.921215594
vn -0.13574405 0.271824509 0.973143995
vn -0.663543761 0.216454953 0.693387985
vn -0.19564952 0.142685771 1.0090338
vn 0.145298794 0.202843368 -0.971028388
vn 0.0274931137 0.0844716579 -1.0045445
vn -0.134380773 0.0936159566 -0.98875916
vn -0.161898866 0.0467102192 0.995621502
vn -0.625910103 -0.234477997 0.741803885
vn -0.136215702 -0.355018854 0.943528354
vn -0.811640084 -0.00843079854 0.377918005
vn -0.997437358 -0.0713040531 0.0155971153
vn -0.998940349 -0.0365507714 0.0461211428
vn 0.887875378 0.4181692 -0.198707089
vn 0.949517608 0.0696098208 -0.308963716
vn 0.514280677 0.256107122 -0.579120398
vn -0.101208203 0.583850801 -0.756508172
vn 0.330450773 0.369635761 -0.896023571
vn 0.0158684552 0.285600007 -0.947062433
vn 0.867991209 -0.177317947 -0.454364687
vn 0.949517608 0.0696098208 -0.308963716
vn 0.555751145 -0.748190522 -0.136982605
vn 0.42555353 -0.766544521 -0.420164645
vn 0.867991209 -0.177317947 -0.454364687
vn 0.555751145 -0.748190522 -0.136982605
vn 0.901741803 0.134124428 -0.291654795
vn 1.003847 0.132259354 -0.100935854
vn 0.829068184 -0.000148975931 -0.458195388
vn 0.737984538 -0.492655218 -0.240435794
vn 1.00467706 0.0628259331 -0.0480958708
vn 0.873861611 -0.471185952 -0.034320768
vn 0.861247659 0.0768479332 0.473999232
vn -0.19564952 0.142685771 1.0090338
vn 0.135525942 0.09958563 0.989988863
vn 0.555751145 -0.748190522 -0.136982605
vn 0.949517608 0.0696098208 -0.308963716
vn 0.999151528 -0.138900071 -0.0345680639
vn -0.184097469 -0.789881885 -0.619107008
vn 0.106876403 -0.554096103 -0.819383323
vn 0.42555353 -0.766544521 -0.420164645
vn -0.184097469 -0.789881885 -0.619107008
vn 0.42555353 -0.766544521 -0.420164645
vn -0.324593961 -0.898573756 -0.310684711
vn 0.820713341 0.600284755 -0.0482869223
vn 0.465895921 0.728250742 -0.268946737
vn 0.837740958 0.479710251 -0.274648994
vn -0.667891204 -0.0713861808 -0.589030862
vn -0.656132519 -0.191517279 -0.633035362
vn 0.0274931137 0.0844716579 -1.0045445
vn -0.625910103 -0.234477997 0.741803885
vn -0.679722548 0.18686597 0.6946733
vn -0.919537008 -0.13860929 0.391257644
vn -0.855549276 0.352684379 -0.00179347279
vn -0.718243659 0.17402941 -0.616944015
vn -0.97764051 0.12576583 -0.0854750201
vn 0.168833435 0.0849541351 0.980797708
vn -0.804821849 -0.438869238 0.296175808
vn -0.129074767 -0.0905366912 0.790237963
vn -0.995610178 0.0392830409 0.0266969614
vn -0.983495295 0.185003772 0.0114011392
vn -0.983186126 0.0584437102 -0.0550474264
vn -0.995610178 0.0392830409 0.0266969614
vn -0.983186126 0.0584437102 -0.0550474264
vn -1.00175059 -0.0435502231 0.0690657049
vn -0.913622081 0.116680525 0.384309471
vn -0.855549276 0.352684379 -0.00179347279
vn -0.967086852 0.171713516 0.195111409
vn -0.150950074 0.535391808 0.8335554
vn 0.136809647 0.915405452 0.163490161
vn -0.665009916 0.227165267 0.577231705
vn -0.458819598 -0.125975668 0.5703004
vn -0.89425683 -0.38100028 0.259151846
vn -0.81854856 -0.124314241 0.152983293
vn 0.992904186 0.15992105 -0.0126930512
vn 0.729658723 0.208388194 0.629532874
vn 0.962708414 0.156274244 0.228678852
vn -0.453090817 -0.889042914 -0.0291552078
vn -0.147553355 -0.981087267 -0.118990779
vn -0.273949236 -0.990698516 -0.0949067771
vn -0.458819598 -0.125975668 0.5703004
vn -0.81854856 -0.124314241 0.152983293
vn 0.525126338 0.156125084 0.838931918
vn -0.856112063 0.50594157 0.3088395
vn -0.236855328 0.635357916 0.779381096
vn -0.0773830265 0.9755193 0.0711622909
vn -0.856112063 0.50594157 0.3088395
vn -0.101208203 0.583850801 -0.756508172
vn -0.971375048 0.216655463 0.214806706
vn 0.985381722 0.132099003 0.00491985073
vn 0.989284813 0.0850415751 0.038784951
vn 0.994840443 -0.0150630837 -0.1036264
vn -0.638466716 0.18273966 0.726924598
vn 0.0180138554 0.396519661 0.917073607
vn -0.70839721 0.340000659 0.629157126
vn -0.70839721 0.340000659 0.629157126
vn -0.971375048 0.216655463 0.214806706
vn -0.638466716 0.18273966 0.726924598
vn -0.0773830265 0.9755193 0.0711622909
vn -0.101208203 0.583850801 -0.756508172
vn -0.856112063 0.50594157 0.3088395
vn 0.0383159071 0.0923778489 -1.02022791
vn 0.829068184 -0.000148975931 -0.458195388
vn 0.0925412253 0.0769481584 -0.992731154
vn 0.994840443 -0.0150630837 -0.1036264
vn 1.00657237 0.042532865 -0.0664336905
vn 0.980002403 0.0454571806 -0.190922335
vn 0.9955194 -0.0149775418 -0.093363367
vn 0.924433827 -0.0272530131 -0.358869463
vn 0.995456696 -0.00407222472 -0.0945268795
vn 0.980002403 0.0454571806 -0.190922335
vn 0.984922647 0.142979681 -0.0970470682
vn 0.984465957 0.143880576 -0.14587453
vn 0.980002403 0.0454571806 -0.190922335
vn 1.00657237 0.042532865 -0.0664336905
vn 0.984922647 0.142979681 -0.0970470682
vn -0.917660594 -0.354551226 0.106899135
vn -0.998940349 -0.0365507714 0.0461211428
vn -1.00533295 0.00692731515 0.109904677
vn -0.998940349 -0.0365507714 0.0461211428
vn -0.917660594 -0.354551226 0.106899135
vn -0.928958118 -0.289716542 -0.0321117267
vn 0.845104992 0.463333964 0.266682118
vn 0.985381722 0.132099003 0.00491985073
vn 0.515486121 0.784349084 0.367578089
vn 0.515486121 0.784349084 0.367578089
vn 0.116721049 0.533103526 0.78572917
vn 0.845104992 0.463333964 0.266682118
vn -0.267277956 0.459255427 -0.84851563
vn 0.247372866 0.245751828 -0.904284894
vn -0.718243659 0.17402941 -0.616944015
vn 0.389776468 -0.371422946 0.781040847
vn 0.00399831496 -0.140304148 0.921215594
vn 0.0718752146 -0.736441076 0.599431992
vn 0.69307977 0.656386495 -0.201058686
vn -0.855549276 0.352684379 -0.00179347279
vn 0.103529207 0.977846801 -0.0390099697
vn 0.983835757 0.0306631997 0.159947261
vn 0.939143419 -0.235141426 0.0541581251
vn 1.00467706 0.0628259331 -0.0480958708
vn -0.947044373 0.177386731 0.27031225
vn -0.967086852 0.171713516 0.195111409
vn -0.97764051 0.12576583 -0.0854750201
vn -0.994541049 0.0728150904 -0.0747397989
vn -0.995610178 0.0392830409 0.0266969614
vn -0.997437358 -0.0713040531 0.0155971153
vn -0.794258714 -0.58179909 0.0935183614
vn -0.887797296 -0.238822401 0.233167246
vn -0.147184476 -1.00519395 0.0174013339
vn 0.887875378 0.4181692 -0.198707089
vn 0.837740958 0.479710251 -0.274648994
vn 0.925137281 0.31801033 -0.183359846
vn 0.514280677 0.256107122 -0.579120398
vn 0.820713341 0.600284755 -0.0482869223
vn 0.887875378 0.4181692 -0.198707089
vn -0.99455595 0.103885621 -0.0192662887
vn -0.97764051 0.12576583 -0.0854750201
vn -0.801677525 0.0133004645 -0.488821179
vn 0.455749184 -0.456236362 0.771917045
vn -0.283150077 -0.694638789 0.676434219
vn 0.268532038 -0.950335503 0.263003349
vn -0.945146024 0.00949700177 0.285077542
vn -1.00497162 0.0112564135 0.0560214967
vn -0.997499466 -0.0997688994 0.0427112728
vn 0.0158684552 0.285600007 -0.947062433
vn 0.330450773 0.369635761 -0.896023571
vn 0.145298794 0.202843368 -0.971028388
vn -0.998940349 -0.0365507714 0.0461211428
vn -0.993040204 -0.0906474367 0.0797807127
vn -1.00533295 0.00692731515 0.109904677
vn 0.247372866 0.245751828 -0.904284894
vn 0.997020483 0.0120617682 -0.07618846
vn 0.995456696 -0.00407222472 -0.0945268795
vn 0.69307977 0.656386495 -0.201058686
vn 0.997020483 0.0120617682 -0.07618846
vn 0.247372866 0.245751828 -0.904284894
vn -0.70839721 0.340000659 0.629157126
vn -0.696797013 0.440001369 0.566456318
vn -0.971375048 0.216655463 0.214806706
vn 0.990095437 0.018868085 0.115877189
vn 0.847611368 0.22943294 0.400767863
vn -0.13574405 0.271824509 0.973143995
vn -0.718243659 0.17402941 -0.616944015
vn -0.855549276 0.352684379 -0.00179347279
vn -0.267277956 0.459255427 -0.84851563
vn -0.373156548 -0.400993973 -0.855564952
vn -0.189322159 -0.279251873 -0.964714587
vn -0.179104954 -0.954229355 -0.187539518
vn 0.135525942 0.09958563 0.989988863
vn 0.803833067 0.0958164483 0.587087452
vn 0.985958457 0.106138259 0.120347001
vn 0.985958457 0.106138259 0.120347001
vn 0.803833067 0.0958164483 0.587087452
vn 0.983835757 0.0306631997 0.159947261
vn -0.955432594 -0.257660151 0.148620084
vn -0.99455595 0.103885621 -0.0192662887
vn -0.801677525 0.0133004645 -0.488821179
vn 0.0998278856 -0.997869611 0.0477988273
vn 0.873861611 -0.471185952 -0.034320768
vn 0.823632002 -0.521085322 0.0412038267
vn -0.919537008 -0.13860929 0.391257644
vn -0.568246901 -0.787963629 0.251632363
vn -0.385336846 -0.704982936 0.604502976
vn 0.729658723 0.208388194 0.629532874
vn 0.467932701 0.15642415 0.875500977
vn 0.942994058 0.170004725 0.241393045
vn 0.989284813 0.0850415751 0.038784951
vn 0.847611368 0.22943294 0.400767863
vn 0.990095437 0.018868085 0.115877189
vn -0.89425683 -0.38100028 0.259151846
vn -0.458819598 -0.125975668 0.5703004
vn -0.129074767 -0.0905366912 0.790237963
vn 0.0274931137 0.0844716579 -1.0045445
vn 0.0925412253 0.0769481584 -0.992731154
vn -0.667891204 -0.0713861808 -0.589030862
vn 0.0274931137 0.0844716579 -1.0045445
vn 0.0383159071 0.0923778489 -1.02022791
vn 0.0925412253 0.0769481584 -0.992731154
vn -0.656132519 -0.191517279 -0.633035362
vn -0.667891204 -0.0713861808 -0.589030862
vn -0.873564541 -0.459026724 0.14519994
vn 0.990497589 0.108448625 -0.140619129
vn 0.989331245 0.143170401 -0.00892121531
vn 0.901741803 0.134124428 -0.291654795
vn -0.362349272 -0.0353785418 -0.931634545
vn -0.17319116 -0.0503661893 -0.996130407
vn 0.11911533 -0.0440803207 -0.974416375
vn -0.928443968 0.0369151682 -0.339918017
vn -0.982010245 0.135841802 -0.215983391
vn -0.332135499 0.353265822 -0.855876863
vn 0.196516365 0.122449912 0.983928025
vn -0.811640084 -0.00843079854 0.377918005
vn -0.668351054 0.0620545857 0.614205062
vn -0.184097469 -0.789881885 -0.619107008
vn -0.883521318 -0.175517261 -0.374944717
vn -0.228624061 -0.296849251 -0.925657511
vn -0.315100372 0.0669214725 -0.957365096
vn -0.134380773 0.0936159566 -0.98875916
vn -0.634432852 -0.0033861273 -0.675222516
vn 0.145298794 0.202843368 -0.971028388
vn -0.134380773 0.0936159566 -0.98875916
vn -0.315100372 0.0669214725 -0.957365096
vn -0.634432852 -0.0033861273 -0.675222516
vn -0.134380773 0.0936159566 -0.98875916
vn 0.0274931137 0.0844716579 -1.0045445
vn 0.815665662 0.313095719 0.330846578
vn 0.746143878 -0.0232618246 0.614070535
vn 0.99532795 0.063123472 0.045721408
vn 0.151326582 0.081984356 -0.985078037
vn 0.0383159071 0.0923778489 -1.02022791
vn 0.0274931137 0.0844716579 -1.0045445
vn 0.990497589 0.108448625 -0.140619129
vn 0.992904186 0.15992105 -0.0126930512
vn 0.989331245 0.143170401 -0.00892121531
vn -0.995610178 0.0392830409 0.0266969614
vn -0.993040204 -0.0906474367 0.0797807127
vn -0.997437358 -0.0713040531 0.0155971153
vn -0.373156548 -0.400993973 -0.855564952
vn -0.801677525 0.0133004645 -0.488821179
vn -0.189322159 -0.279251873 -0.964714587
vn 1.00337362 -0.0150977578 -0.0989578664
vn 0.995456696 -0.00407222472 -0.0945268795
vn 0.994840443 -0.0150630837 -0.1036264
g Group43114
f 217/1/1 3/2/2 82/3/3
f 177/4/4 158/5/5 100/6/6
f 188/7/7 222/8/8 187/9/9
f 192/10/10 224/11/11 54/12/12
f 62/13/13 26/14/14 110/15/15
f 127/16/16 41/17/17 181/18/18
f 13/19/19 170/20/20 202/21/21
f 153/22/22 110/23/23 130/24/24
f 207/25/25 30/26/26 117/27/27
f 61/28/28 16/29/29 211/30/30
f 119/31/31 24/32/32 106/33/33
f 41/34/34 127/35/35 72/36/36
f 19/37/37 22/38/38 32/39/39
f 95/40/40 76/41/41 103/42/42
f 125/43/43 4/44/44 98/45/45
f 157/46/46 35/47/47 101/48/48
f 157/49/49 19/50/50 91/51/51
f 67/52/52 109/53/53 12/54/54
f 33/55/55 229/56/56 81/57/57
f 23/58/58 147/59/59 72/60/60
f 89/61/61 147/62/62 121/63/63
f 180/64/64 85/65/65 213/66/66
f 28/67/67 1/68/68 2/69/69
f 209/70/70 185/71/71 113/72/72
f 166/73/73 93/74/74 64/75/75
f 19/76/76 165/77/77 79/78/78
f 180/79/79 27/80/80 190/81/81
f 8/82/82 152/83/83 81/84/84
f 81/85/85 214/86/86 8/87/87
f 84/88/88 34/89/89 5/90/90
f 91/91/91 27/92/92 59/93/93
f 87/94/94 148/95/95 114/96/96
f 41/97/97 173/98/98 77/99/99
f 16/100/100 161/101/101 157/102/102
f 95/103/103 115/104/104 76/105/105
f 203/106/106 36/107/107 189/108/108
f 40/109/109 21/110/110 196/111/111
f 105/112/112 41/113/113 77/114/114
f 155/115/115 2/116/116 108/117/117
f 56/118/118 103/119/119 73/120/120
f 43/121/121 195/122/122 198/123/123
f 216/124/124 10/125/125 44/126/126
f 113/127/127 228/128/128 132/129/129
f 225/130/130 45/131/131 60/132/132
f 138/133/133 193/134/134 50/135/135
f 134/136/136 120/137/137 70/138/138
f 7/139/139 33/140/140 139/141/141
f 47/142/142 70/143/143 50/144/144
f 208/145/145 202/146/146 106/147/147
f 140/148/148 51/149/149 182/150/150
f 158/151/151 182/152/152 100/153/153
f 202/154/154 28/155/155 119/156/156
f 202/157/157 119/158/158 106/159/159
f 109/160/160 25/161/161 12/162/162
f 71/163/163 43/164/164 93/165/165
f 54/166/166 224/167/167 195/168/168
f 48/169/169 124/170/170 133/171/171
f 122/172/172 55/173/173 68/174/174
f 176/175/175 96/176/176 213/177/177
f 57/178/178 31/179/179 86/180/180
f 15/181/181 46/182/182 31/183/183
f 148/184/184 58/185/185 118/186/186
f 200/187/187 18/188/188 151/189/189
f 201/190/190 52/191/191 37/192/192
f 133/193/193 25/194/194 60/195/195
f 156/196/196 145/197/197 128/198/198
f 128/199/199 123/200/200 140/201/201
f 135/202/202 93/203/203 43/204/204
f 86/205/205 198/206/206 80/207/207
f 102/208/208 65/209/209 131/210/210
f 151/211/211 87/212/212 65/213/213
f 14/214/214 66/215/215 75/216/216
f 214/217/217 67/218/218 8/219/219
f 204/220/220 166/221/221 152/222/222
f 69/223/223 44/224/224 26/225/225
f 99/226/226 149/227/227 183/228/228
f 172/229/229 71/230/230 12/231/231
f 124/232/232 195/233/233 172/234/234
f 77/235/235 173/236/236 11/237/237
f 73/238/238 108/239/239 112/240/240
f 223/241/241 74/242/242 141/243/243
f 192/244/244 78/245/245 223/246/246
f 34/247/247 122/248/248 68/249/249
f 38/250/250 115/251/251 22/252/252
f 114/253/253 36/254/254 203/255/255
f 163/256/256 194/257/257 83/258/258
f 19/259/259 79/260/260 154/261/261
f 57/262/262 86/263/263 80/264/264
f 195/265/265 57/266/266 80/267/267
f 229/268/268 109/269/269 214/270/270
f 214/271/271 109/272/272 67/273/273
f 199/274/274 85/275/275 143/276/276
f 104/277/277 79/278/278 165/279/279
f 86/280/280 31/281/281 90/282/282
f 174/283/283 65/284/284 87/285/285
f 174/286/286 87/287/287 78/288/288
f 9/289/289 53/290/290 94/291/291
f 218/292/292 209/293/293 132/294/294
f 86/295/295 90/296/296 135/297/297
f 152/298/298 166/299/299 205/300/300
f 12/301/301 71/302/302 93/303/303
f 93/304/304 107/305/305 12/306/306
f 167/307/307 94/308/308 88/309/309
f 137/310/310 159/311/311 167/312/312
f 115/313/313 95/314/314 22/315/315
f 22/316/316 179/317/317 97/318/318
f 56/319/319 73/320/320 176/321/321
f 10/322/322 216/323/323 147/324/324
f 139/325/325 33/326/326 81/327/327
f 125/328/328 98/329/329 89/330/330
f 98/331/331 10/332/332 89/333/333
f 169/334/334 120/335/335 134/336/336
f 187/337/337 222/338/338 227/339/339
f 101/340/340 142/341/341 119/342/342
f 103/343/343 108/344/344 73/345/345
f 180/346/346 104/347/347 85/348/348
f 190/349/349 79/350/350 104/351/351
f 106/352/352 24/353/353 50/354/354
f 107/355/355 67/356/356 12/357/357
f 26/358/358 171/359/359 110/360/360
f 110/361/361 75/362/362 130/363/363
f 141/364/364 129/365/365 160/366/366
f 112/367/367 170/368/368 149/369/369
f 108/370/370 170/371/371 112/372/372
f 114/373/373 78/374/374 87/375/375
f 114/376/376 203/377/377 78/378/378
f 38/379/379 76/380/380 115/381/381
f 116/382/382 91/383/383 59/384/384
f 175/385/385 207/386/386 117/387/387
f 34/388/388 75/389/389 122/390/390
f 18/391/391 118/392/392 58/393/393
f 125/394/394 89/395/395 121/396/396
f 58/397/397 151/398/398 18/399/399
f 122/400/400 175/401/401 117/402/402
f 117/403/403 221/404/404 122/405/405
f 124/406/406 54/407/407 195/408/408
f 23/409/409 125/410/410 121/411/411
f 27/412/412 91/413/413 154/414/414
f 66/415/415 44/416/416 188/417/417
f 127/418/418 125/419/419 23/420/420
f 156/421/421 128/422/422 212/423/423
f 140/424/424 182/425/425 20/426/426
f 130/427/427 75/428/428 34/429/429
f 10/430/430 98/431/431 132/432/432
f 132/433/433 228/434/434 10/435/435
f 70/436/436 47/437/437 134/438/438
f 193/439/439 59/440/440 134/441/441
f 135/442/442 64/443/443 93/444/444
f 64/445/445 135/446/446 90/447/447
f 165/448/448 85/449/449 104/450/450
f 136/451/451 97/452/452 143/453/453
f 212/454/454 140/455/455 20/456/456
f 128/457/457 140/458/458 212/459/459
f 48/460/460 174/461/461 124/462/462
f 129/463/463 141/464/464 111/465/465
f 141/466/466 74/467/467 189/468/468
f 24/469/469 119/470/470 142/471/471
f 138/472/472 24/473/473 142/474/474
f 176/475/475 143/476/476 56/477/477
f 57/478/478 15/479/479 31/480/480
f 194/481/481 148/482/482 118/483/483
f 13/484/484 149/485/485 170/486/486
f 92/487/487 62/488/488 153/489/489
f 153/490/490 62/491/491 110/492/492
f 66/493/493 207/494/494 175/495/495
f 140/496/496 150/497/497 51/498/498
f 200/499/499 151/500/500 102/501/501
f 102/502/502 151/503/503 65/504/504
f 82/505/505 211/506/506 28/507/507
f 155/508/508 217/509/509 82/510/510
f 15/511/511 7/512/512 46/513/513
f 62/514/514 92/515/515 26/516/516
f 69/517/517 26/518/518 92/519/519
f 161/520/520 38/521/521 19/522/522
f 144/523/523 126/524/524 177/525/525
f 223/526/526 78/527/527 74/528/528
f 74/529/529 203/530/530 189/531/531
f 61/532/532 76/533/533 16/534/534
f 218/535/535 4/536/536 209/537/537
f 4/538/538 127/539/539 181/540/540
f 29/541/541 39/542/542 189/543/543
f 184/544/544 182/545/545 51/546/546
f 185/547/547 197/548/548 17/549/549
f 197/550/550 164/551/551 17/552/552
f 165/553/553 32/554/554 136/555/555
f 19/556/556 32/557/557 165/558/558
f 204/559/559 107/560/560 166/561/561
f 166/562/562 107/563/563 93/564/564
f 85/565/565 165/566/566 136/567/567
f 2/568/568 1/569/569 170/570/570
f 171/571/571 66/572/572 14/573/573
f 14/574/574 110/575/575 171/576/576
f 173/577/577 206/578/578 11/579/579
f 25/580/580 133/581/581 172/582/582
f 133/583/583 124/584/584 172/585/585
f 116/586/586 138/587/587 142/588/588
f 116/589/589 59/590/590 138/591/591
f 72/592/592 206/593/593 173/594/594
f 173/595/595 41/596/596 72/597/597
f 215/598/598 123/599/599 128/600/600
f 66/601/601 175/602/602 75/603/603
f 75/604/604 175/605/605 122/606/606
f 157/607/607 91/608/608 35/609/609
f 7/610/610 15/611/611 160/612/612
f 177/613/613 130/614/614 84/615/615
f 84/616/616 158/617/617 177/618/618
f 35/619/619 142/620/620 101/621/621
f 194/622/622 114/623/623 148/624/624
f 7/625/625 186/626/626 53/627/627
f 116/628/628 142/629/629 35/630/630
f 95/631/631 179/632/632 22/633/633
f 179/634/634 95/635/635 56/636/636
f 120/637/637 180/638/638 213/639/639
f 162/640/640 4/641/641 181/642/642
f 46/643/643 81/644/644 31/645/645
f 70/646/646 99/647/647 50/648/648
f 16/649/649 157/650/650 101/651/651
f 160/652/652 129/653/653 111/654/654
f 111/655/655 88/656/656 160/657/657
f 144/658/658 100/659/659 184/660/660
f 100/661/661 182/662/662 184/663/663
f 27/664/664 79/665/665 190/666/666
f 185/667/667 181/668/668 197/669/669
f 184/670/670 37/671/671 52/672/672
f 131/673/673 45/674/674 102/675/675
f 210/676/676 30/677/677 66/678/678
f 189/679/679 111/680/680 141/681/681
f 158/682/682 5/683/683 191/684/684
f 85/685/685 199/686/686 213/687/687
f 91/688/688 19/689/689 154/690/690
f 46/691/691 139/692/692 81/693/693
f 47/694/694 193/695/695 134/696/696
f 50/697/697 193/698/698 47/699/699
f 45/700/700 131/701/701 60/702/702
f 113/703/703 185/704/704 17/705/705
f 195/706/706 71/707/707 172/708/708
f 20/709/709 182/710/710 156/711/711
f 36/712/712 29/713/713 189/714/714
f 135/715/715 198/716/716 86/717/717
f 191/718/718 55/719/719 49/720/720
f 111/721/721 137/722/722 88/723/723
f 39/724/724 137/725/725 111/726/726
f 171/727/727 44/728/728 66/729/729
f 74/730/730 78/731/731 203/732/732
f 3/733/733 76/734/734 61/735/735
f 42/736/736 76/737/737 3/738/738
f 67/739/739 204/740/740 8/741/741
f 205/742/742 166/743/743 64/744/744
f 66/745/745 30/746/746 207/747/747
f 83/748/748 168/749/749 29/750/750
f 21/751/751 45/752/752 9/753/753
f 31/754/754 81/755/755 152/756/756
f 55/757/757 156/758/758 49/759/759
f 227/760/760 228/761/761 113/762/762
f 9/763/763 45/764/764 225/765/765
f 50/766/766 183/767/767 106/768/768
f 145/769/769 63/770/770 128/771/771
f 4/772/772 162/773/773 209/774/774
f 22/775/775 97/776/776 32/777/777
f 32/778/778 97/779/779 136/780/780
f 188/781/781 187/782/782 210/783/783
f 206/784/784 147/785/785 92/786/786
f 65/787/787 48/788/788 133/789/789
f 82/790/790 3/791/791 211/792/792
f 130/793/793 34/794/794 84/795/795
f 55/796/796 164/797/797 145/798/798
f 79/799/799 27/800/800 154/801/801
f 23/802/802 72/803/803 127/804/804
f 105/805/805 197/806/806 181/807/807
f 68/808/808 5/809/809 34/810/810
f 20/811/811 156/812/812 212/813/813
f 5/814/814 68/815/815 55/816/816
f 120/817/817 99/818/818 70/819/819
f 7/820/820 139/821/821 46/822/822
f 96/823/823 149/824/824 99/825/825
f 120/826/826 96/827/827 99/828/828
f 63/829/829 215/830/830 128/831/831
f 197/832/832 215/833/833 164/834/834
f 77/835/835 11/836/836 201/837/837
f 229/838/838 214/839/839 81/840/840
f 186/841/841 7/842/842 160/843/843
f 4/844/844 125/845/845 127/846/846
f 27/847/847 180/848/848 120/849/849
f 49/850/850 156/851/851 182/852/852
f 182/853/853 158/854/854 49/855/855
f 37/856/856 77/857/857 201/858/858
f 29/859/859 137/860/860 39/861/861
f 59/862/862 193/863/863 138/864/864
f 150/865/865 37/866/866 51/867/867
f 217/868/868 42/869/869 3/870/870
f 108/871/871 42/872/872 217/873/873
f 8/874/874 204/875/875 152/876/876
f 90/877/877 205/878/878 64/879/879
f 28/880/880 202/881/881 1/882/882
f 204/883/883 67/884/884 107/885/885
f 11/886/886 92/887/887 219/888/888
f 84/889/889 5/890/890 158/891/891
f 169/892/892 134/893/893 59/894/894
f 174/895/895 78/896/896 54/897/897
f 18/898/898 178/899/899 159/900/900
f 18/901/901 40/902/902 178/903/903
f 83/904/904 194/905/905 168/906/906
f 3/907/907 61/908/908 211/909/909
f 23/910/910 121/911/911 147/912/912
f 144/913/913 184/914/914 52/915/915
f 56/916/916 95/917/917 103/918/918
f 159/919/919 29/920/920 18/921/921
f 109/922/922 220/923/923 60/924/924
f 60/925/925 220/926/926 225/927/927
f 29/928/928 159/929/929 137/930/930
f 103/931/931 76/932/932 42/933/933
f 126/934/934 153/935/935 6/936/936
f 66/937/937 188/938/938 210/939/939
f 25/940/940 172/941/941 12/942/942
f 122/943/943 221/944/944 55/945/945
f 221/946/946 164/947/947 55/948/948
f 44/949/949 171/950/950 26/951/951
f 160/952/952 88/953/953 186/954/954
f 137/955/955 167/956/956 88/957/957
f 52/958/958 126/959/959 144/960/960
f 50/961/961 99/962/962 183/963/963
f 192/964/964 160/965/965 15/966/966
f 123/967/967 77/968/968 150/969/969
f 106/970/970 183/971/971 208/972/972
f 149/973/973 208/974/974 183/975/975
f 178/976/976 40/977/977 196/978/978
f 126/979/979 6/980/980 177/981/981
f 146/982/982 195/983/983 224/984/984
f 13/985/985 202/986/986 208/987/987
f 149/988/988 13/989/989 208/990/990
f 108/991/991 2/992/992 170/993/993
f 17/994/994 164/995/995 221/996/996
f 87/997/997 151/998/998 58/999/999
f 148/1000/1000 87/1001/1001 58/1002/1002
f 27/1003/1003 120/1004/1004 59/1005/1005
f 85/1006/1006 136/1007/1007 143/1008/1008
f 146/1009/1009 224/1010/1010 192/1011/1011
f 21/1012/1012 102/1013/1013 45/1014/1014
f 200/1015/1015 102/1016/1016 21/1017/1017
f 43/1018/1018 71/1019/1019 195/1020/1020
f 52/1021/1021 201/1022/1022 219/1023/1023
f 100/1024/1024 144/1025/1025 177/1026/1026
f 52/1027/1027 153/1028/1028 126/1029/1029
f 192/1030/1030 141/1031/1031 160/1032/1032
f 88/1033/1033 94/1034/1034 53/1035/1035
f 88/1036/1036 53/1037/1037 186/1038/1038
f 31/1039/1039 152/1040/1040 90/1041/1041
f 215/1042/1042 105/1043/1043 123/1044/1044
f 123/1045/1045 105/1046/1046 77/1047/1047
f 201/1048/1048 11/1049/1049 219/1050/1050
f 210/1051/1051 113/1052/1052 30/1053/1053
f 187/1054/1054 113/1055/1055 210/1056/1056
f 44/1057/1057 227/1058/1058 188/1059/1059
f 114/1060/1060 194/1061/1061 163/1062/1062
f 167/1063/1063 178/1064/1064 196/1065/1065
f 167/1066/1066 196/1067/1067 94/1068/1068
f 108/1069/1069 103/1070/1070 42/1071/1071
f 54/1072/1072 78/1073/1073 192/1074/1074
f 195/1075/1075 80/1076/1076 198/1077/1077
f 181/1078/1078 41/1079/1079 105/1080/1080
f 21/1081/1081 9/1082/1082 226/1083/1083
f 123/1084/1084 150/1085/1085 140/1086/1086
f 120/1087/1087 213/1088/1088 96/1089/1089
f 161/1090/1090 16/1091/1091 76/1092/1092
f 18/1093/1093 200/1094/1094 40/1095/1095
f 211/1096/1096 16/1097/1097 119/1098/1098
f 28/1099/1099 211/1100/1100 119/1101/1101
f 60/1102/1102 25/1103/1103 109/1104/1104
f 5/1105/1105 55/1106/1106 191/1107/1107
f 197/1108/1108 105/1109/1109 215/1110/1110
f 119/1111/1111 16/1112/1112 101/1113/1113
f 155/1114/1114 82/1115/1115 28/1116/1116
f 155/1117/1117 28/1118/1118 2/1119/1119
f 38/1120/1120 22/1121/1121 19/1122/1122
f 33/1123/1123 53/1124/1124 9/1125/1125
f 150/1126/1126 77/1127/1127 37/1128/1128
f 147/1129/1129 69/1130/1130 92/1131/1131
f 223/1132/1132 141/1133/1133 192/1134/1134
f 143/1135/1135 97/1136/1136 179/1137/1137
f 143/1138/1138 179/1139/1139 56/1140/1140
f 72/1141/1141 147/1142/1142 206/1143/1143
f 190/1144/1144 104/1145/1145 180/1146/1146
f 146/1147/1147 15/1148/1148 57/1149/1149
f 65/1150/1150 174/1151/1151 48/1152/1152
f 170/1153/1153 1/1154/1154 202/1155/1155
f 146/1156/1156 57/1157/1157 195/1158/1158
f 168/1159/1159 194/1160/1160 118/1161/1161
f 168/1162/1162 18/1163/1163 29/1164/1164
f 132/1165/1165 209/1166/1166 113/1167/1167
f 36/1168/1168 114/1169/1169 163/1170/1170
f 163/1171/1171 29/1172/1172 36/1173/1173
f 118/1174/1174 18/1175/1175 168/1176/1176
f 220/1177/1177 109/1178/1178 229/1179/1179
f 113/1180/1180 17/1181/1181 30/1182/1182
f 222/1183/1183 188/1184/1184 227/1185/1185
f 30/1186/1186 221/1187/1187 117/1188/1188
f 30/1189/1189 17/1190/1190 221/1191/1191
f 112/1192/1192 96/1193/1193 73/1194/1194
f 96/1195/1195 112/1196/1196 149/1197/1197
f 218/1198/1198 132/1199/1199 98/1200/1200
f 98/1201/1201 4/1202/1202 218/1203/1203
f 216/1204/1204 44/1205/1205 69/1206/1206
f 43/1207/1207 198/1208/1208 135/1209/1209
f 10/1210/1210 147/1211/1211 89/1212/1212
f 145/1213/1213 156/1214/1214 55/1215/1215
f 11/1216/1216 206/1217/1217 92/1218/1218
f 199/1219/1219 143/1220/1220 213/1221/1221
f 90/1222/1222 152/1223/1223 205/1224/1224
f 161/1225/1225 19/1226/1226 157/1227/1227
f 76/1228/1228 38/1229/1229 161/1230/1230
f 219/1231/1231 92/1232/1232 153/1233/1233
f 138/1234/1234 50/1235/1235 24/1236/1236
f 189/1237/1237 39/1238/1238 111/1239/1239
f 40/1240/1240 200/1241/1241 21/1242/1242
f 96/1243/1243 176/1244/1244 73/1245/1245
f 44/1246/1246 228/1247/1247 227/1248/1248
f 10/1249/1249 228/1250/1250 44/1251/1251
f 163/1252/1252 83/1253/1253 29/1254/1254
f 185/1255/1255 162/1256/1256 181/1257/1257
f 69/1258/1258 147/1259/1259 216/1260/1260
f 6/1261/1261 130/1262/1262 177/1263/1263
f 215/1264/1264 63/1265/1265 164/1266/1266
f 164/1267/1267 63/1268/1268 145/1269/1269
f 52/1270/1270 219/1271/1271 153/1272/1272
f 158/1273/1273 191/1274/1274 49/1275/1275
f 37/1276/1276 184/1277/1277 51/1278/1278
f 174/1279/1279 54/1280/1280 124/1281/1281
f 209/1282/1282 162/1283/1283 185/1284/1284
f 15/1285/1285 146/1286/1286 192/1287/1287
f 9/1288/1288 229/1289/1289 33/1290/1290
f 9/1291/1291 220/1292/1292 229/1293/1293
f 53/1294/1294 33/1295/1295 7/1296/1296
f 131/1297/1297 133/1298/1298 60/1299/1299
f 110/1300/1300 14/1301/1301 75/1302/1302
f 167/1303/1303 159/1304/1304 178/1305/1305
f 59/1306/1306 120/1307/1307 169/1308/1308
f 155/1309/1309 108/1310/1310 217/1311/1311
f 196/1312/1312 226/1313/1313 94/1314/1314
f 21/1315/1315 226/1316/1316 196/1317/1317
f 94/1318/1318 226/1319/1319 9/1320/1320
f 91/1321/1321 116/1322/1322 35/1323/1323
f 225/1324/1324 220/1325/1325 9/1326/1326
f 131/1327/1327 65/1328/1328 133/1329/1329
f 143/1330/1330 176/1331/1331 213/1332/1332
f 6/1333/1333 153/1334/1334 130/1335/1335
f 187/1336/1336 227/1337/1337 113/1338/1338
