# File exported by Houdini 16.5.405 (www.sidefx.com)
# 1271 points
# 7374 vertices
# 2458 primitives
# Bounds: [-657.3302, -5.9046545, -438.003296] to [650.477661, 867.322388, 436.237152]
g 
v -346.806946 252.310944 184.399261
v -344.948761 257.81073 184.233673
v -352.771637 230.596741 184.43158
v -352.596802 230.799957 184.413544
v -332.403625 276.158478 174.809586
v -346.504364 251.53244 184.228226
v -340.6875 245.701752 168.285797
v -356.083435 203.236786 176.912994
v -354.579132 269.524994 176.045364
v -351.010529 236.651764 184.979416
v -359.323975 211.510132 183.919144
v -193.415009 211.12973 84.2620316
v -198.092758 215.34935 87.2993622
v -194.768463 205.993744 79.2320557
v -195.094315 206.32843 79.143898
v -195.084335 184.451218 57.3107109
v -54.0072365 376.265839 -321.679993
v 461.395477 -5.27131271 143.243607
v 311.836456 97.5629501 287.86087
v 600.230408 -5.00726461 -132.555054
v -456.081451 152.925476 -311.822479
v 68.9662933 476.029724 -199.343079
v -230.321655 100.310783 36.6899071
v -472.612213 -5.02484941 8.32622051
v -143.380142 850.432251 -108.899673
v -195.441208 693.311462 -85.410614
v -159.780228 322.896027 264.970001
v -305.169159 622.525879 -70.7843857
v 350.970764 228.440399 155.782623
v 650.477661 -5.15997934 -43.7910538
v -287.052734 474.920135 -37.3330002
v 239.192703 244.848404 -164.579666
v -557.039734 -5.25485706 -326.436615
v -235.193466 765.085754 -6.26783037
v -330.905945 48.458828 -422.16272
v -209.694168 21.1012573 293.515381
v 323.95694 169.19194 -233.474915
v 209.003693 191.229385 -297.05542
v 37.4879379 411.910583 -163.00766
v -217.431931 609.421997 77.9723969
v -245.483917 28.7993355 -418.554779
v 211.077301 31.1591663 -415.068481
v 445.164032 87.0605774 -160.926712
v -302.450165 463.197235 -133.081589
v -427.97934 151.886093 149.361633
v -81.3497849 90.3440857 343.950928
v -609.707825 72.8460159 -169.824814
v -158.174545 290.53952 178.998962
v -582.558533 -5.1674304 28.0009804
v -41.32724 271.366486 219.193222
v 59.5027046 589.701965 73.9537735
v -343.854034 401.224274 -29.4001942
v -195.25705 192.579041 72.8105621
v -108.977074 676.547424 117.053177
v 80.4567337 577.271362 -170.18689
v -18.1702366 248.741028 239.931274
v -478.961304 80.7529984 11.2421494
v 263.94101 370.907654 103.387344
v -148.116364 153.771896 -361.277435
v 23.3116302 371.354034 266.695892
v -323.942261 -5.17269897 -343.315643
v 116.117096 548.782043 62.9981537
v -315.037842 62.8868904 121.149857
v -51.1677475 696.072754 -135.7565
v -505.80426 -5.12694311 -183.952332
v 205.668091 -5.16975212 380.028168
v -79.3466644 559.334351 209.440018
v 319.464417 -5.37308359 -341.127014
v -299.935181 405.75 92.1325226
v -586.224792 153.527405 -173.827545
v 396.982758 294.444061 39.2767258
v -406.575989 351.280121 -94.0621796
v 377.894348 -5.43917131 -127.449692
v -68.458786 188.949921 352.804626
v 166.471008 442.837524 -114.623566
v -170.82164 379.823914 -281.717773
v 159.273315 131.782654 379.278168
v -61.71632 560.845032 102.100067
v -222.229401 439.441742 83.9085617
v 166.625916 176.965561 -354.028564
v -461.926361 200.657867 -190.680878
v -63.6723213 527.211365 93.88797
v 201.060257 128.547531 -403.3461
v -151.455017 -5.48125648 290.200226
v -431.374176 34.1252136 -392.816193
v 218.471268 468.945221 76.1292648
v 448.499603 199.248001 79.6545944
v -273.806488 165.277679 -370.063538
v -609.908997 30.7886829 -219.305588
v -251.256119 131.648529 112.756348
v 372.392029 -5.0687027 -281.902618
v -4.94812202 542.671265 -218.115906
v 64.4191513 227.039551 276.070435
v 370.988647 132.723877 -254.912781
v -14.4065266 224.198273 -294.285706
v -469.253357 224.617447 -23.9226761
v -153.674622 431.503876 219.21759
v 352.733826 159.824799 -205.214935
v -437.149902 262.345917 -215.092422
v -99.1001511 828.151733 -103.928993
v 590.343506 10.5769329 -141.430557
v 157.092987 385.339813 -172.630203
v -273.302734 20.1178894 195.343948
v 300.732513 45.9068375 272.931458
v -623.824768 -5.04943991 -199.29213
v -91.7430496 -5.87248373 -371.337128
v -216.322113 724.422363 47.8068504
v -32.1210861 367.968292 -235.475204
v -74.1947861 27.8514557 312.807373
v 124.66011 -5.29372692 -385.691711
v 92.8527069 466.631256 183.542435
v -136.168259 646.235352 -129.15332
v -19.2857933 309.037506 -188.97879
v -236.799866 307.391479 132.440323
v 612.220886 -4.93237019 75.4258652
v 74.1157379 422.035858 185.734024
v -139.252411 415.27951 -288.315491
v 11.2466621 354.892731 -141.386887
v -28.7468395 -5.2153945 294.648315
v 112.955879 309.170471 -157.650467
v -170.336884 414.645203 149.204651
v -352.731232 197.159836 -333.382507
v 407.425598 112.377266 -228.040024
v 247.260345 83.9661407 289.260132
v -277.904663 -5.34362221 195.592667
v 463.667084 -4.11879253 -102.477791
v -31.8025303 693.17688 -56.1122971
v 263.594055 291.981934 284.329498
v -194.708588 394.715607 -260.475708
v -249.712982 64.8256378 137.774353
v 412.869354 58.9560394 -145.112076
v 261.025238 423.666656 -29.9871292
v 402.088745 -5.10796309 -60.6419487
v -580.07196 90.6598816 -198.965942
v 301.476807 202.370224 -214.781586
v -429.01355 275.33075 60.1523628
v 19.1727905 188.439713 333.999542
v -22.6995277 409.069489 -289.911438
v -570.084106 42.3506546 -201.450256
v 553.244812 114.065842 -40.1849136
v -162.426819 617.960144 80.3306503
v 157.684677 484.820465 65.1541214
v -112.85083 372.556213 286.306915
v -367.05719 184.497681 -378.2836
v 328.060577 367.593872 60.937088
v 145.534653 472.634949 92.4209442
v -535.990295 197.669846 -27.303463
v 228.221298 4.89866829 -332.791443
v -275.584717 -5.34576893 228.232834
v 70.1152496 575.869873 109.108513
v -260.055969 393.234253 28.7348404
v -621.606201 79.8579102 -70.3385315
v 348.458313 -5.08226824 259.515594
v -650.821716 15.1454172 -117.368896
v -215.285034 550.197266 -134.379639
v 209.662613 -5.1824894 -372.282867
v -44.6107292 561.1026 56.2119598
v -543.554321 -5.18546152 44.9289284
v 42.0630264 272.781952 304.484436
v 58.6449203 636.849182 -123.486885
v -315.251953 371.652039 -241.427277
v -233.53688 168.61235 263.987854
v -0.265892744 411.039886 290.824768
v 73.7320938 556.872253 -171.350174
v 283.215729 352.939728 19.4714489
v -18.7792645 310.887299 -173.502197
v -501.47171 75.6288605 -246.322159
v -464.727478 266.778412 10.4453535
v -113.630066 246.459167 234.543121
v -632.299194 -4.60201502 -72.9679184
v 35.4239426 573.000305 -152.287323
v -279.945984 612.865967 -24.4884987
v 174.229202 429.024933 -126.405922
v -454.628357 145.146194 -129.816208
v -142.540054 802.273315 35.6444283
v -72.6793747 323.272552 -294.755096
v 214.797852 353.488861 -164.132187
v 485.400665 108.763519 43.643219
v -338.578766 434.966278 3.75390959
v -94.564209 740.825867 -139.700119
v -452.652191 -5.16475296 138.591476
v -37.3089027 61.2573471 -366.322266
v 339.488892 302.613525 -53.9815788
v -243.515945 419.673065 93.3676224
v -375.121674 344.731873 90.8743134
v 511.571808 66.5910568 -79.1129913
v 380.228577 14.9688702 -322.288025
v -348.000427 99.8985291 -403.611053
v 496.781464 43.6241302 143.300186
v -485.118073 184.187531 0.440280557
v -297.761261 181.965256 166.011871
v -158.561096 617.827454 -108.084152
v 304.360809 156.265686 -280.226257
v 117.283295 46.8917961 393.76297
v -47.6310463 647.996338 33.5081902
v 65.3518982 79.3090973 425.094727
v -83.6017761 269.409363 230.834091
v 636.363708 16.9097691 -64.1274033
v 62.2396545 379.017517 -111.590767
v -231.106323 658.962585 -7.89043903
v 172.427124 81.428009 -435.575348
v 153.168137 550.142578 -126.693993
v -208.862473 287.524719 -333.530304
v 556.671814 89.8550415 -88.1303711
v -386.866211 404.443756 19.3709641
v -216.736923 836.987732 -27.3768482
v 194.334946 483.87146 -28.7827492
v -278.384277 260.706207 -297.322296
v 344.031586 86.6746216 224.992294
v 15.9638977 531.228455 146.794601
v -278.828918 271.869415 -279.064331
v -289.841614 496.555542 -71.948204
v -266.771057 238.683441 -327.834991
v -36.2856789 496.490814 242.713181
v -224.482162 168.825165 77.3012238
v -440.000031 16.1599121 142.487976
v -271.695648 384.989075 -226.586563
v 423.385712 211.373444 -62.1767578
v -5.02253294 394.043701 245.805084
v -2.39577961 75.2922058 -369.458893
v -242.814774 679.956848 -92.4093475
v 451.431824 176.456985 -129.46138
v -287.078674 459.203186 -201.531662
v -514.574646 71.0076294 -325.582306
v 111.222221 387.007965 -196.955063
v -320.153015 418.315521 -206.371292
v -509.139221 114.774567 -165.311005
v -574.313232 -5.19169807 -281.34198
v 73.4489822 303.509857 -149.031372
v -91.8061447 547.059509 223.171295
v -440.09201 297.243774 -30.4587002
v 123.943024 426.104187 165.977997
v -387.945496 186.745132 -269.963593
v 160.101227 60.4603157 -438.003296
v -180.418686 336.105438 194.402557
v -403.995087 313.897583 -20.1712418
v 194.293198 264.349945 -218.049515
v -264.83316 166.067581 125.2659
v -448.772217 302.398376 37.9030075
v -412.564362 218.286713 -261.519714
v -612.834167 -5.73655224 -210.166138
v 187.917465 131.47554 347.448242
v -482.832123 76.918129 -232.604752
v -190.991608 292.982544 -326.129486
v -95.6930695 181.482697 392.518738
v 119.905724 492.499817 -187.285446
v -3.92581654 37.4547005 -347.056946
v -463.581116 67.884613 28.4522305
v -178.178314 193.92955 342.504608
v -485.283295 152.172394 -225.416443
v -152.026718 860.276245 -46.0712776
v 123.975044 434.379547 -198.184219
v -257.16333 383.437988 9.09141731
v -19.2852058 115.868645 393.843719
v -242.599747 96.7277069 90.1808167
v -198.561691 442.801636 102.259621
v -610.91864 59.7824059 0.556799054
v 264.589355 292.635376 -87.0662613
v -471.286743 10.0378561 -19.3965816
v -32.0623398 74.1480103 414.828766
v -262.28598 682.020142 -77.503334
v 450.041779 104.002121 -51.2825241
v -227.784744 475.520538 -216.893234
v 458.736816 -5.18996477 203.205139
v -147.557938 534.275574 173.273026
v -229.293106 535.634766 -172.125061
v -23.3663311 346.475616 -181.746323
v 74.1397171 554.383057 152.570572
v -135.693298 308.782928 296.062561
v 280.821136 302.502777 150.390091
v -418.0513 -5.3529563 -387.373291
v -59.9058037 596.729187 121.131393
v -100.702698 366.250122 -315.07193
v 621.625732 33.4182091 10.0012245
v -467.020538 252.567184 -151.320694
v 555.126648 64.3883514 59.9657516
v 194.677643 168.522598 319.207397
v -13.9193163 -5.17269897 395.898468
v 346.883545 304.317352 111.67849
v -196.285965 149.720703 381.449005
v 188.739014 209.208374 -217.577332
v -148.483749 116.003326 377.505798
v -13.5418081 276.776031 244.259155
v -323.709167 166.437103 163.43074
v -227.133209 775.129456 11.0024014
v -596.186829 77.4193192 20.2745266
v 349.782806 10.8494864 -342.129395
v -213.008804 146.430786 80.6787109
v -301.742554 415.898041 63.4597511
v -554.239807 -5.09685993 -228.402008
v -340.871368 158.91716 -399.076263
v -12.3413544 693.291443 -16.7694683
v 363.687927 239.626389 -44.3111916
v 282.801727 200.309372 290.603699
v 573.838196 92.4896622 -80.3880615
v 467.401672 126.997627 -127.507111
v 33.0947533 382.520538 -162.538193
v 215.594986 212.12059 342.67804
v -207.483429 231.4104 214.42775
v -552.11554 23.7510681 48.2558212
v -377.170135 53.9207153 171.488663
v -164.127457 570.630737 64.3728333
v 33.4482231 314.158997 -195.250946
v 361.991791 340.430267 65.7922897
v 32.3706436 524.949524 -207.052597
v 315.155121 15.3443518 259.154419
v -96.6793365 214.210876 257.024719
v -245.571121 483.155579 -203.19812
v -176.369247 512.367737 58.1010742
v 233.690903 345.916962 -88.5255814
v 84.0180817 330.191864 -160.59462
v -657.3302 -3.82082963 -45.9939384
v 128.634491 528.947144 81.2540436
v 143.060944 400.168762 -200.12384
v -113.374855 1.9984175 -386.680298
v -457.569733 82.9422684 -198.34938
v -500.088623 40.227066 55.3541603
v 149.545242 273.207977 -216.466553
v 385.63974 44.0624275 -221.747299
v -402.898682 169.286896 -369.639496
v -553.560425 -5.36539984 -176.928879
v -95.3276291 681.693115 -140.966339
v -29.4161816 601.770813 53.0695763
v 12.2385273 461.353516 192.683716
v 474.346741 -4.93503428 174.045486
v -198.368118 203.620895 -349.66391
v 47.7316551 433.822296 -195.35997
v 331.645386 111.392891 -323.294952
v -22.6433983 291.817963 274.820953
v 137.392975 565.124329 -149.616837
v -217.687408 418.865723 -205.436203
v 10.5979862 459.699768 -246.594971
v 404.043335 72.6500244 -249.789749
v -620.206909 75.0174103 -132.135132
v 351.953613 350.405762 36.6261063
v -594.87738 153.466324 -150.288589
v -292.953735 153.965195 151.341949
v -3.17363429 -5.23166704 -322.782867
v -110.53936 328.99115 -283.989288
v -106.182671 601.427917 164.103729
v -343.809326 32.3998947 154.067581
v -549.16394 192.347244 -96.7841797
v -364.656891 385.99823 79.0021515
v -449.487305 93.7589951 78.9686508
v -277.028778 525.455444 -11.77075
v 229.050323 380.766022 -66.6370544
v -122.7742 840.573364 -120.770462
v -249.635696 369.789978 76.1865921
v -428.336029 233.341827 60.4354477
v -294.319153 226.548355 -319.003784
v -217.957184 516.078003 -190.449234
v 89.1211777 356.930145 -154.896637
v 245.513611 466.159821 -0.969778538
v 54.3212967 285.011261 320.854828
v -359.92691 175.331802 171.35257
v -357.9505 422.735718 -16.7227631
v -5.90481234 197.282425 276.0755
v -7.41184664 619.511108 -105.281586
v 24.9560719 248.419586 245.464676
v -384.654297 362.770721 -39.6309853
v -523.174622 31.0779991 -341.950562
v -388.101898 45.5147705 167.978012
v -48.0603714 139.443069 405.124786
v 492.796051 -5.01117516 157.435257
v -20.0155182 223.327698 272.471497
v -516.253174 -5.10979509 -359.481049
v -467.727692 14.7287264 42.6274071
v -32.5508232 99.6280594 -363.499023
v -134.443024 150.141968 411.294464
v 190.759827 45.6875458 393.42804
v 144.423859 65.95224 418.935394
v -451.503082 36.5865974 21.0636272
v -119.690895 284.315613 277.61972
v -64.6663971 139.152252 -353.728241
v 283.069977 364.557526 -52.2951698
v -144.398483 227.594818 253.099731
v -275.725922 98.5102844 125.906853
v 161.969894 410.500183 -173.543823
v -184.507309 217.129074 289.303345
v 24.3869534 344.194336 302.242035
v -407.020081 257.777893 143.889633
v -284.380341 652.258057 -97.9008865
v 150.705627 -5.16080046 -387.840302
v 212.317612 173.263489 330.841095
v -518.733337 152.071701 31.8463821
v -52.0432053 652.994629 -139.058517
v 338.079376 224.794693 -131.626694
v 382.00354 73.2742691 219.068207
v -653.964966 -5.14959097 -109.346123
v -543.78772 94.1373825 41.1488914
v 473.52356 146.246872 -126.055336
v -304.041107 559.257996 -64.8814392
v 4.39589453 358.19223 -129.448395
v -208.118256 116.847473 48.501545
v 310.104645 251.407028 -129.671646
v 489.703247 167.321518 -24.7435722
v 13.2862597 319.524841 -119.566833
v -331.035706 267.553833 -264.001068
v -228.152863 412.520294 120.198914
v -480.453033 218.089203 -4.14461756
v 572.52887 24.5860882 -138.34996
v -168.250916 439.505219 140.535477
v -51.6056404 695.590759 -17.6919765
v 423.863556 154.274429 132.723297
v -54.1477089 115.598015 402.110138
v -172.153717 517.791809 63.4126167
v 573.37207 -5.47966671 -107.523376
v -459.852661 172.80304 -104.716179
v 35.7395363 409.060089 189.349075
v -476.022705 150.896866 -251.585571
v 291.38385 257.924805 -138.697021
v 474.358154 123.978432 -51.1205482
v 130.982681 486.268646 69.89328
v 208.750275 212.191681 -214.789871
v 215.964951 42.3790169 -383.712708
v -109.894028 412.342255 271.881775
v 359.173492 197.677551 -103.98259
v 181.33017 287.48172 331.494232
v 174.25267 262.844177 -221.480652
v 1.39605606 590.888611 -112.160378
v 495.802307 -4.64250374 -110.652657
v -16.7377872 507.745178 163.036972
v 24.7983131 -5.10164165 406.653961
v -446.047668 162.538696 -285.612701
v -473.225037 56.1181641 -198.08667
v 378.656769 268.778931 -7.82438993
v -48.3075294 193.125412 283.977051
v 89.6004639 446.48587 -194.648026
v 23.8860455 341.214294 -142.627274
v 51.1101341 509.484863 176.134857
v -196.237656 127.896767 377.124054
v -204.295685 462.180603 -240.535706
v -105.24984 833.855225 -85.0707169
v -239.128235 688.804749 12.1701765
v 489.19104 105.16449 14.6757956
v -472.762848 25.960228 -380.303223
v 190.826004 439.179535 -30.5235062
v -360.236633 369.258301 -201.917648
v 488.628754 146.110962 52.901947
v -360.335449 306.732422 131.331299
v 195.15715 421.013123 -92.9141312
v 13.2933083 494.23288 -202.508926
v -530.715027 -5.09538078 -222.526978
v 78.119133 574.854431 80.4678268
v -585.737793 -5.07118702 -209.094833
v 17.2948551 572.351624 -187.396194
v 438.283234 -5.08918428 29.1839905
v -208.945724 263.019867 163.600189
v -180.532761 855.453735 -87.1511383
v -54.4546394 178.628723 -330.620544
v -212.179291 852.663635 -52.9607353
v -12.5513124 652.060852 -104.09906
v -15.4090309 407.869171 300.289886
v -21.0763988 -5.37979412 -337.441772
v 123.453911 459.402618 161.061188
v 254.101944 195.777313 336.008606
v -16.9927273 319.549683 -136.87883
v -293.616058 259.79715 178.802185
v -634.550781 6.97941446 -24.0073471
v -488.334351 7.17046499 29.8342266
v -276.623627 74.0184326 135.789139
v 391.391327 30.4019527 -123.157173
v -248.934143 95.9047241 -401.070282
v -38.7487984 576.857544 80.8122635
v -355.818176 201.540054 -358.426544
v -474.856018 149.026794 26.2252655
v -168.730789 355.958069 197.803543
v 478.213593 92.6865692 125.748634
v 215.173309 151.804443 -319.364777
v -17.0606556 592.490906 -184.032654
v 389.093231 94.2570496 -279.908051
v -494.376617 138.010254 42.2694511
v -242.492554 284.958313 134.05867
v 474.803314 15.8280964 144.616623
v -292.66098 409.595673 -14.0627747
v -9.4995079 577.348389 -183.911682
v 240.597137 461.716766 48.885891
v 487.575256 89.5773163 108.049759
v -593.889038 95.2178726 -42.678051
v -189.809448 567.720764 -127.600464
v 114.48555 166.896271 376.595306
v -341.766022 -5.9046545 -339.006561
v 28.7138042 443.689362 188.184113
v -481.410278 104.143456 -247.945145
v -379.02182 -5.08296585 -361.525116
v -620.044983 89.5906601 -114.027542
v -458.638123 263.681396 -29.8279057
v 73.7412338 188.586075 320.860504
v 248.961884 381.911285 179.710175
v -361.033295 7.65815496 -356.717072
v -478.111359 52.9129982 -224.635071
v -614.530579 93.4423447 -85.7908783
v 284.193909 107.66378 -327.858093
v -247.233398 676.031799 -32.8342552
v -565.164246 149.655563 -52.918396
v -392.369659 171.009811 -270.744659
v -457.888 -5.15229797 94.5264587
v 350.125061 20.28125 249.059128
v -272.475403 54.0014191 153.955246
v -203.000275 786.363525 -77.4134598
v 246.910126 308.313843 -137.220963
v -451.35614 42.1622581 43.2888336
v -639.466003 -5.12602901 -171.893845
v 537.212463 116.996033 -41.0555878
v -51.365757 340.20578 -257.091614
v -131.483795 271.221558 226.568817
v 1.1631062 92.4592514 -369.219574
v -428.886566 25.4967537 -392.548279
v -233.932983 124.076271 344.349976
v -619.963806 39.6025238 -202.158173
v -404.521973 365.339783 45.9153061
v -226.731277 238.945724 118.221024
v 89.8092499 291.152863 -233.574036
v -332.24646 68.6416855 127.948494
v -11.9601603 352.674011 263.983063
v 131.286652 488.905518 -171.991287
v -351.964722 417.184357 30.9735832
v -151.960648 595.51062 103.691513
v -23.8753185 25.4055462 402.848175
v -620.061829 21.1080112 4.95469809
v 165.139236 17.220335 -413.81366
v 28.2270107 435.558929 -199.15332
v 384.688171 22.1123028 -169.097046
v -175.670258 55.5316925 339.126709
v -7.21771097 682.158081 6.73210192
v 304.935059 311.436249 -49.7338753
v -465.412689 242.100494 -185.189026
v -244.54892 351.617218 99.9543915
v 396.597046 40.9483948 -295.922821
v -128.850113 -5.84834576 305.562958
v 70.6944046 361.801361 -112.369934
v -383.970154 280.893921 131.442688
v -351.428253 235.941071 -273.885132
v -28.7130165 410.544739 -299.305725
v -209.992874 72.9566422 349.766571
v -497.061157 198.277145 -7.64651728
v 45.5077209 375.353577 -111.324699
v 75.0869598 206.135834 302.069519
v -328.916077 40.0028839 143.938034
v -193.670441 470.73233 -246.557877
v -533.476746 -4.74590635 -169.296768
v 494.844116 14.6789284 -113.873596
v 155.45401 447.083618 -179.582489
v 317.577759 210.487076 -178.680084
v 444.066467 8.96769905 5.66640425
v -194.660751 256.334717 165.383163
v 152.590881 179.645355 359.061859
v 480.723999 126.695763 -67.8987427
v -567.781616 121.642517 -192.132355
v -0.783612192 341.52124 -114.20462
v 455.582397 -5.2359581 -79.3361816
v -63.9607506 765.315613 -106.564888
v 454.771698 218.65741 -26.7894535
v 68.5839767 302.26767 331.323792
v -393.024902 98.9905701 182.327209
v -226.441345 672.745483 -17.9859905
v 137.159317 449.226532 -201.661331
v -249.43161 530.080627 -113.722221
v -191.47641 387.272552 171.669174
v -311.936401 109.392593 152.023041
v -291.222504 299.495667 162.638733
v -100.541069 221.602737 -324.27713
v -50.5742569 75.4807892 334.130341
v -87.2966919 626.262756 122.306747
v -245.413605 633.317017 9.29686356
v -416.560791 270.150909 77.3765793
v -460.812042 152.620926 -115.95932
v -499.443176 85.9582138 43.4489098
v -510.273346 39.3578644 -234.513367
v 322.18988 299.245697 131.871674
v -409.285828 288.89093 70.4932785
v -534.310486 30.6224346 -241.843124
v -500.71814 76.5195999 55.541935
v 391.227753 304.221405 68.2836304
v 18.3503208 561.973083 124.108795
v -485.652466 115.927719 -304.62561
v -219.853058 203.214584 95.3339081
v 9.49089718 274.260834 275.179657
v -264.663483 327.235504 -233.93074
v -56.4953041 41.180336 -377.324646
v -12.114357 291.273407 257.778595
v -466.696228 169.110031 -70.2954941
v 332.814636 246.131531 -98.6436005
v -16.1245651 340.470764 -124.963722
v -601.199707 40.5043678 -20.2458916
v -484.391052 186.829636 -63.5228767
v -166.148056 397.710754 180.147156
v 388.542023 5.78308916 -114.912834
v 346.012238 242.215149 -63.5406685
v -504.041443 171.901321 -106.071823
v -24.1361389 512.165344 170.328171
v -630.523987 -5.0760603 -0.99714303
v -209.942947 618.714844 94.8139343
v -176.423233 270.90683 202.433929
v -221.600723 289.319092 -329.125031
v -446.7565 41.3708267 137.99556
v 460.976318 66.7816391 -46.6927948
v 154.913971 318.365784 299.67334
v 15.7927103 436.810364 -225.119202
v 72.4286499 535.668701 164.98764
v -464.558716 40.8349495 1.48090196
v 346.249481 130.666916 -269.810455
v -387.152069 176.940735 -288.859924
v -160.555634 272.21582 211.194717
v -79.7549057 260.67868 237.064651
v -120.805687 24.1172352 -397.92569
v -385.629852 278.299835 -243.772629
v 356.385895 106.272118 -304.839508
v -193.128036 556.687805 -173.914093
v 89.4073257 410.671844 -161.298447
v 461.771698 42.1806984 -75.7601929
v -453.716888 260.640167 -21.2571754
v 321.660706 363.83078 83.371315
v -209.168655 295.633148 166.191681
v -467.268433 121.474609 -351.635986
v 176.214951 88.2906494 392.070587
v -457.796539 115.477348 -197.101273
v -182.988068 828.23999 -4.72461748
v -75.0094528 222.857529 247.412125
v -476.232544 101.804031 -355.804199
v 30.7149754 335.163361 312.275055
v -586.704224 100.730789 -190.388107
v 169.786331 455.813354 -82.905983
v 65.7232742 510.894928 -199.812881
v -136.442596 853.717896 -70.6610184
v -395.821167 88.7896423 -403.333221
v -343.914398 -4.91153622 160.800095
v -183.908752 272.227203 172.343597
v -332.552185 147.756622 -398.588562
v -294.693115 413.238983 -228.921143
v 382.042969 323.77951 41.086235
v -93.3347549 584.865784 104.622826
v -309.581146 145.420425 -381.507568
v 432.223328 247.488632 -2.25244904
v 31.3091698 227.197906 270.613586
v -288.767334 457.119659 -31.7673244
v -253.22493 272.513397 -314.834503
v -83.4208374 102.833641 381.968719
v -348.101593 287.026154 157.300613
v -256.503143 52.6365547 149.964493
v 107.936127 177.470444 355.733948
v -397.207977 181.062134 -331.498077
v 219.845383 434.499603 127.847382
v -295.61972 652.412964 -87.7272568
v -292.421844 361.423004 136.936829
v 61.6689148 308.777435 -150.291641
v -125.50499 187.731873 377.705994
v 136.406723 26.2038708 384.074158
v 89.5653687 552.083679 112.578323
v -145.264511 660.90155 111.677788
v -455.020935 25.1523781 97.762085
v 131.977905 471.779053 116.755898
v -472.715088 163.337418 -102.671768
v -194.452499 662.614624 97.3030777
v -456.961304 20.7480354 68.6951599
v 106.276474 529.735596 91.5634918
v -473.672455 124.801079 -338.035095
v -536.755798 145.777664 10.8408012
v -464.032135 20.8342037 10.3993025
v 266.378906 43.9901161 -331.81311
v 198.480743 482.38269 2.80442786
v -490.323669 90.7536087 -320.158936
v -613.507874 83.5991669 -43.607769
v -571.438904 172.037216 -155.534225
v -505.217133 76.7490768 -334.919739
v -96.3503799 121.547531 -357.750336
v -467.03717 247.364212 -99.9623413
v 211.683685 375.937805 -90.3328171
v 539.136841 123.08329 -7.69892454
v 23.434515 414.505066 -175.12471
v -183.101944 90.889534 -393.246704
v -3.69822407 130.074478 394.045593
v 261.684204 71.6249161 287.56311
v 211.466095 263.67218 349.967194
v 445.799103 106.439812 -168.335312
v 490.958221 146.360352 -13.4988298
v -279.361176 140.400101 135.371277
v 363.806 314.500397 -14.9554672
v -321.740692 199.163879 -339.066498
v 412.995941 86.6050644 -215.28186
v -261.440399 110.307083 117.718483
v -445.513824 149.049026 -352.882996
v 451.751221 197.102341 -90.4221725
v -11.9331532 568.082825 67.303566
v -344.48819 85.2654419 -411.161957
v -85.0838928 377.236572 -318.28714
v 39.8370781 120.35321 387.15567
v -58.8744774 522.177185 234.996323
v 554.713074 -5.12951851 137.266312
v 81.1593475 150.025452 393.714905
v -350.613464 43.3201141 -410.256317
v -430.777588 315.78064 -34.4521713
v -296.265686 538.73938 -85.1173172
v -519.846985 42.0474014 -171.739655
v -474.412842 117.737328 -258.386261
v 18.5163517 196.329559 294.180725
v -368.338562 26.4613724 -381.981476
v -593.617065 122.307472 -158.877258
v -227.678131 748.602661 23.7740784
v 41.442997 654.460693 -72.7407913
v -542.674133 46.5152473 -166.939133
v 184.587692 411.005341 -135.549469
v -340.68576 186.454056 159.362473
v 42.4461823 202.776886 287.670197
v 569.553284 75.8042984 -103.337723
v -415.815826 73.1702194 171.71022
v -200.050201 544.618286 47.1065788
v 180.519653 434.820496 -118.755997
v 280.284607 344.110321 -67.9432602
v -333.048737 203.688171 164.584808
v -359.77829 59.1799812 158.347076
v 615.21875 -5.0899539 -124.075302
v -515.412476 104.708061 -169.056519
v -447.140045 72.1813354 108.726021
v 499.553986 112.924492 45.9120445
v -470.710693 -5.13932467 39.0996933
v -344.361511 52.2275162 133.866745
v -161.735825 147.85173 402.041748
v -22.3073082 73.3676224 418.610565
v 344.749176 218.793762 -92.6006775
v -350.238647 150.300354 173.983734
v -245.022141 604.685242 -117.886337
v -75.038681 165.156631 -335.671387
v 376.198486 -5.17260742 -228.282181
v 333.9216 164.657166 -210.281326
v -495.302216 54.2704773 -227.719391
v -136.705627 603.712952 146.229462
v -611.372253 100.483597 -112.03109
v 339.051483 194.199631 -130.507248
v -14.1809063 321.731079 -172.356033
v -26.5314064 634.637573 -121.383003
v 103.912033 238.741867 313.857513
v -118.398689 594.291626 173.806396
v -257.709045 86.1271973 127.04995
v -373.758942 417.122894 -17.7739906
v -346.998962 85.5266418 166.803421
v -99.9008255 648.980286 -139.278168
v -528.967957 143.950226 -174.323624
v -611.058411 67.0752335 -197.509811
v 43.9704628 27.4108028 399.347931
v -248.047531 392.139038 32.193615
v -224.401337 823.233398 -37.0591469
v -453.025543 176.881805 -164.601746
v 0.00943465251 102.736603 432.4646
v -28.1768761 281.184509 270.414581
v -8.04157162 183.852676 -290.185059
v -618.230408 62.3615685 -51.2410774
v -148.788666 412.993073 -282.86792
v -17.1184311 34.3745155 -356.286621
v 85.2259827 87.280899 423.741516
v 306.636871 212.914124 185.457687
v -247.385223 598.410461 28.9898396
v -383.570618 62.8201485 -406.844116
v 130.632187 447.287842 135.598633
v -210.381271 403.583252 144.066269
v 472.372437 111.923813 -98.7964783
v 306.676575 375.123413 70.5192719
v 169.37413 207.213303 331.450958
v 27.6882858 637.758118 50.2397079
v -390.101624 353.206116 -29.9380016
v 210.97348 12.2765493 -405.001404
v -237.529053 325.986786 121.375008
v 273.923737 337.302612 126.117035
v 236.327988 258.194275 341.883423
v -209.675446 116.739563 370.726959
v -495.000885 13.1216431 -191.00737
v -299.511993 196.897675 -354.056732
v 128.387512 54.9119263 -422.314362
v -35.7976875 630.815125 -157.106537
v -239.099152 52.5099373 304.835846
v 413.889221 11.5626431 232.993393
v 499.132568 94.5814743 -38.7875481
v 226.148331 346.08606 -100.983849
v 228.292938 -5.1841898 -333.579071
v -493.997833 -5.02719784 29.4427643
v 107.628235 479.776581 -198.999985
v 556.818115 25.5691071 -132.243546
v -286.278534 497.109894 -86.9828796
v -611.9375 11.7899256 -43.0722046
v -289.322815 -5.10030699 165.487015
v 126.722351 545.360291 -173.79451
v 239.565781 367.354218 210.929825
v -455.707703 291.964905 -68.4301758
v -272.872284 -5.38361692 163.054459
v 349.901428 294.532959 -50.1525993
v 191.280914 180.856812 -355.440247
v -303.065796 393.271179 117.280441
v 110.549248 460.384796 178.36232
v 209.94603 155.187912 -346.501923
v -243.213409 265.416382 131.381256
v -127.606293 206.060547 276.206085
v -0.587209046 159.007767 -313.441711
v -143.940628 193.37204 339.214661
v -197.543457 220.440643 108.972015
v -481.807709 59.8006401 41.5424767
v -131.35704 357.321075 -278.922058
v -514.298401 -5.79879427 -209.204178
v -7.98644686 114.374573 -347.394806
v 27.9308968 380.147339 -127.484894
v -262.485748 90.5241013 289.677765
v 388.243713 45.3782997 -186.54007
v -26.7237682 155.482254 -333.323303
v 343.834381 60.1196709 -330.979767
v -15.3536625 320.013367 258.827881
v -209.090424 44.2365646 -418.422821
v -524.116333 67.7207794 -305.741333
v -13.6470661 371.536835 261.861053
v -380.698608 162.460098 178.63916
v 375.245331 -5.47859621 -303.679871
v -225.762115 60.2130966 324.728088
v 22.7142525 134.504715 389.930237
v 201.920837 17.856657 384.143921
v 176.859589 488.580963 61.2161369
v 603.366028 9.32945633 -135.303482
v -108.114182 804.517273 -130.470367
v 31.7423859 152.050491 388.750946
v -457.561737 67.0921936 54.3586922
v 265.665436 38.5173798 313.209503
v 121.576851 502.491547 82.6502151
v 101.884377 593.068481 -153.228745
v -446.285919 45.5254898 64.1174088
v -18.4230328 282.192719 -270.804108
v -276.070862 198.326538 -351.024261
v -205.715393 653.347229 94.968895
v 170.162979 197.803726 329.155121
v 138.146271 555.366272 -161.01857
v 175.649628 415.794189 -134.293716
v -194.154282 558.664307 -166.249146
v -78.8793793 309.104736 -281.238831
v -422.991638 52.1359596 159.808014
v -17.9952507 315.46701 301.982635
v -621.453064 28.0360985 -4.7228837
v -415.758545 105.891083 -375.457977
v 120.010742 351.927979 -150.786331
v 518.571106 109.553619 53.3004532
v -18.2963009 347.413208 302.875854
v -246.594269 117.823456 324.565216
v 99.8900223 330.629242 -133.158997
v -467.648407 189.293564 -202.94606
v 301.763885 195.476654 253.732697
v -446.669556 143.553925 58.862854
v -188.225632 16.6399231 -408.202942
v -449.653442 162.532532 50.4107094
v -2.27080822 315.052429 -182.969879
v 421.186676 225.668106 -34.853447
v -105.40686 53.4395256 -386.502289
v 451.622437 49.9045563 -7.20419073
v 605.26886 56.6765099 -101.709396
v 478.600281 81.3768616 124.428024
v -86.077858 129.161392 -355.244568
v -190.016235 227.62352 255.054489
v 185.345398 11.11623 -410.496857
v 385.011658 29.5947132 -270.237549
v -224.375046 86.083931 71.7621918
v -413.762299 316.72049 69.2179184
v -217.568695 -5.72294092 260.854523
v 263.129181 224.378708 -196.581253
v -43.6743698 591.84436 95.0062714
v -232.031967 82.8314362 88.3196411
v -129.579498 611.647705 144.467255
v 258.565643 313.650879 -94.6081009
v -30.937479 588.070923 57.9554214
v -23.1789227 688.899475 -92.0975494
v -235.046219 117.50531 66.9198303
v -127.045898 255.083618 231.39595
v -192.789719 420.642639 -235.472412
v -486.049591 168.863663 15.8273039
v -586.788757 35.2497978 -217.744827
v -249.912109 381.452362 39.9856224
v -438.859436 80.5698318 155.519745
v -487.42337 170.63504 -230.004761
v -297.497162 274.869202 -251.649323
v -505.74939 25.3594818 -228.878647
v -151.525238 231.322754 -338.225647
v 254.04921 403.725342 -47.4327507
v -128.682144 120.210434 400.453552
v -243.898788 301.864563 -289.534027
v -138.223434 266.609955 224.641235
v 411.471283 186.433548 -130.180145
v 123.167435 210.052109 306.784851
v -214.587067 358.298035 -269.080383
v -157.30838 110.878334 364.252197
v 357.128998 281.905548 -27.2854424
v -33.8364716 557.833557 63.5043945
v -191.704697 363.276886 -289.507996
v -397.233673 284.884155 92.7507401
v -351.526276 110.334068 -399.668152
v -403.583099 177.320023 -303.219879
v 15.3564434 372.960815 -132.024551
v 403.070557 -5.23778486 240.144928
v 217.540497 68.974678 -325.823639
v -283.098785 25.4876022 -414.923828
v 148.548767 471.469604 -132.171997
v -443.921936 99.4926529 -378.806091
v -485.946259 130.827759 -152.479874
v -197.623535 238.593201 -335.73465
v 15.7383718 630.993286 -135.259216
v 495.196075 150.778488 7.28560686
v -315.926788 19.7088451 152.454422
v -612.416443 56.7992783 -161.721771
v 323.43277 351.913666 99.3748245
v -140.381226 199.475403 -345.543335
v 284.204102 150.330551 312.723877
v 71.1025391 102.550354 414.425446
v -118.514687 599.447327 98.6213074
v -53.0429459 549.404724 69.951355
v -155.140701 576.918396 67.6998978
v 235.125198 130.866379 311.778229
v -0.754473567 322.181885 -152.598236
v 103.572243 107.775116 409.104065
v -304.676971 47.2243385 144.17691
v 137.197495 84.4351196 409.574677
v -377.388428 191.497009 -322.584229
v -58.6745872 -5.05479288 296.851349
v -194.164673 155.962189 39.0997925
v 307.210175 281.764648 -98.7705994
v 270.973541 274.606293 -114.678764
v 140.861053 462.378937 -193.625565
v -455.131744 205.421402 45.9285812
v 8.53652477 684.614502 -76.045372
v -610.146667 79.8425751 -14.6849432
v 72.1186447 178.194214 362.297302
v 3.53015876 687.232849 -87.9937439
v 385.932953 224.483215 -50.0417709
v 25.341198 384.229675 -138.435333
v -250.097977 226.219452 128.386475
v -494.955933 167.69191 20.3174763
v 213.990784 114.778793 -322.050415
v -519.297913 76.7097397 -167.081757
v -389.500641 303.654785 98.802597
v -136.034149 649.684021 -119.597816
v 182.828033 484.154114 56.3922501
v -12.5049801 354.720581 290.265869
v 154.970062 458.467041 -171.714005
v -409.223541 265.21933 125.689415
v 172.947968 525.901733 -63.6744461
v -56.5250015 279.777313 270.810089
v -376.846436 383.591217 -108.733543
v 191.290161 434.878815 -30.1898422
v 107.141037 -5.19783688 386.510071
v -66.0357056 566.796875 108.722832
v -255.867722 200.728119 131.872986
v -301.040588 175.964737 -362.783936
v -327.577942 385.098541 -165.386276
v -295.273041 506.730164 -55.5472107
v -226.777771 103.139366 -394.956085
v -403.008667 301.579956 -217.2435
v 200.559357 195.315643 -320.257965
v -267.858765 97.5086517 123.540863
v 87.29142 337.631683 -137.921341
v 215.078598 401.095947 -49.5252075
v -17.4233685 635.450195 -96.198349
v -5.151052 373.440521 242.459473
v 45.6069717 187.305817 322.80307
v 336.723114 268.039063 -79.2187042
v 329.113525 189.758804 -169.869247
v 59.3460884 477.388794 184.88324
v 527.310364 116.077469 29.9390793
v -507.249054 95.1216736 48.2468071
v -529.055786 -5.02718067 43.3386803
v -20.1243267 81.9630356 -358.137054
v -552.434814 68.8602982 50.7980881
v 89.9048691 102.69371 400.234406
v -339.564026 217.875214 -313.601044
v 61.5043755 60.2835121 403.072235
v 407.689545 277.613678 33.0587425
v 396.910309 64.5088196 -193.254654
v -488.470459 140.687744 -238.490219
v -105.718773 156.27652 414.538818
v -473.261963 203.26973 -20.7151604
v -339.062988 434.931702 -4.52242708
v -96.0697556 120.990097 404.987976
v -536.253784 46.0901756 -313.152649
v -474.811493 192.850067 -23.3132229
v -163.289047 671.581726 109.610336
v 301.692474 239.625458 -167.757553
v -272.874542 2.84007096 165.504257
v -288.453156 111.114441 125.716217
v -4.36354494 146.004471 -326.695923
v 149.057388 89.8412781 404.964294
v -97.9927292 680.522888 96.0279999
v 391.974365 132.248489 178.971085
v 0.584300816 441.344666 269.338898
v 10.8821554 202.997162 279.202057
v -380.83725 130.208328 183.595856
v -457.392273 -5.2461133 -381.299469
v -610.830261 86.7589569 -147.67012
v 111.016899 257.255859 330.672852
v 142.249573 344.670807 -178.817459
v -459.058228 187.858246 -110.906113
v 4.43309259 531.102783 -194.363022
v 71.7525177 380.262848 -128.238968
v 66.3291779 332.863892 -159.986465
v 263.498688 153.191071 -320.998871
v 117.370583 431.780945 165.509552
v -190.973907 258.58252 199.133881
v 385.029816 6.15537167 -159.570602
v -295.302826 226.954468 175.147964
v -55.0133896 347.539398 -286.633911
v -299.935577 611.190979 -89.6332245
v -263.093201 -5.142519 245.92749
v -310.770416 161.153625 -381.662781
v -651.473145 31.226429 -116.542099
v -231.826675 508.209015 74.7866135
v -157.240753 863.702209 -66.5333099
v 453.192017 197.725723 49.1809502
v -171.218063 867.322388 -71.4700241
v -241.763611 448.224335 50.4940491
v -536.682434 115.34259 36.9495239
v 63.3220749 124.007164 395.896759
v -368.938568 93.5735397 -406.424164
v -521.119446 200.540497 -7.18101501
v 101.406593 432.252014 -182.428879
v -467.958069 67.3421173 24.7467403
v -20.1942711 186.572266 351.97876
v 142.087692 252.169296 -282.812073
v -188.240646 567.671936 76.1389999
v -460.065979 277.000824 -109.045174
v -259.706543 376.170319 13.4711142
v 374.026367 318.605713 10.716814
v -34.1363602 708.093384 -110.137344
v 179.0802 40.3627129 391.452728
v -514.81781 60.5032539 -252.153183
v -12.2583122 -5.13525915 400.481201
v 135.557632 278.645142 342.448883
v 174.386795 211.720413 -323.888123
v -466.963348 245.574783 32.3979912
v -25.7823315 332.431824 -249.485168
v -173.169342 264.483246 -331.733978
v -23.7583218 311.6604 304.443939
v -47.3232994 233.737976 249.010681
v 372.622925 169.847244 -182.672897
v -5.97432041 461.874176 -267.288055
v 479.347473 153.952972 81.6952209
v 467.379181 186.526688 15.5435886
v -401.683777 317.663361 84.0373535
v -217.780136 703.947388 55.2366943
v 420.620636 247.910278 74.1812668
v 203.672531 473.153442 -3.10909534
v 222.911575 178.134338 -272.351196
v 225.722275 452.427612 99.9205704
v -26.3883152 357.188446 -190.914856
v 4.73172235 445.331604 253.192642
v -133.896057 853.279236 -45.318615
v -610.757446 44.9291229 -212.356354
v -7.94048548 393.338104 266.996796
v -178.181427 24.627552 -414.951752
v -312.869629 -5.17269897 158.739105
v -45.6899986 96.7399139 374.972839
v 459.397064 16.2081699 201.387344
v 473.946838 21.9086056 174.159241
v 118.803886 411.84256 -195.395416
v 564.012268 60.1920853 -113.890236
v 38.6416092 594.815125 67.8418503
v -47.6537094 450.328461 282.382111
v 250.847351 46.5386429 325.557709
v 143.028854 371.098907 -164.331482
v 5.3708787 354.813751 -169.824921
v 240.888947 290.146729 312.87381
v -569.507263 97.0378342 -18.4579773
v -50.094902 209.39856 262.510712
v -215.04718 682.657959 -42.9361458
v 482.669647 130.336258 -15.7066641
v 474.945435 -5.17260742 -106.936333
v 36.9870834 469.541138 -199.988358
v -252.434036 687.818298 -67.6124344
v -472.344543 220.081665 -210.869431
v 199.301682 96.9692535 -430.550079
v 262.750366 301.553131 275.052216
v -552.773193 192.802094 -71.1730804
v -167.688583 320.345734 227.386215
v 152.093292 558.168396 -112.686241
v 270.946686 400.093414 -33.4635468
v -610.828003 25.4603062 -49.0676117
v -515.52771 -5.17781258 46.1124763
v -172.633209 317.627228 188.622726
v -337.892975 385.124207 108.564148
v -641.669495 72.5277634 -89.2650833
v -53.464138 84.4132538 -362.927338
v 78.1684036 42.5787964 391.132111
v 28.4867115 52.4830132 403.532715
v -115.575974 125.305916 -363.281586
v 98.3737793 284.579346 -145.804504
v -542.53009 134.332932 -182.290573
v 414.757446 69.1599579 -97.8789978
v 140.61647 251.933289 -214.641388
v -486.304413 144.429337 -150.314529
v -130.261658 683.090088 115.895073
v 340.413452 178.295685 -175.706055
v 36.8992882 314.465851 -139.408173
v -186.516144 242.520554 231.142548
v -13.1415825 304.585602 -188.289841
v 214.094818 60.9834213 351.098114
v -28.1806355 536.20929 118.882309
v -452.801666 135.287338 -183.736496
v 331.963287 166.085648 198.872452
v 391.31662 164.184204 -184.253281
v -316.688751 202.806442 -360.453156
v 310.549103 -5.17260742 265.161499
v -450.254181 145.081696 -164.107971
v -196.082642 239.0103 140.995331
v 205.768845 375.507599 -125.561562
v -593.634644 155.74855 -120.990799
v 402.250275 266.654114 12.5437737
v -134.152451 603.227905 89.1955719
v 194.176346 491.966553 -24.3558254
v 487.190857 153.337509 -68.3761597
v -20.9727173 320.905823 272.588776
v -534.032104 30.4523296 -329.972626
v -209.609833 272.275787 -326.777435
v -227.534943 112.880211 33.0641289
v -595.179749 95.2582855 -170.245056
v -13.5173807 363.17572 257.035828
v -11.0449705 323.69043 -144.600479
v 247.577744 271.288422 322.644653
v -97.9395905 821.952393 -81.0491104
v -9.21716118 394.394287 -206.98024
v -354.521942 308.191925 133.833618
v -366.572357 50.9344139 -389.652771
v 283.974152 204.9366 -228.649994
v -169.959671 220.606735 268.802368
v -135.526733 5.62812948 311.589508
v 257.55545 307.338257 -112.851738
v 435.589478 -5.16166019 2.01779962
v 54.1678352 583.615601 118.203705
v -19.3739185 681.012939 -101.169174
v -466.639404 139.07843 -127.736061
v -409.134766 306.608093 -204.167511
v 459.43634 80.8747787 -17.998827
v 526.897461 42.8473587 -106.616844
v 305.142731 336.064606 120.658333
v -557.959534 85.782753 42.4367599
v 47.6066856 353.330597 -149.759583
v 32.5949364 243.220245 256.683594
v -533.591248 70.3922577 -167.232498
v -415.629883 262.95575 90.6757202
v -267.137695 87.0006104 131.370758
v 145.740753 354.133362 -174.632004
v 647.759155 -5.30605316 24.2057667
v -358.867828 276.336914 -269.802948
v -353.457214 366.661163 -219.211685
v 80.4963531 620.141602 -82.4502258
v 70.4358215 240.910568 293.179382
v 189.209091 370.684479 -159.421616
v 268.221039 363.741058 102.664513
v -5.18376207 325.947571 -158.744736
v -213.941193 172.826675 113.669151
v 133.86528 464.278198 109.412987
v -449.301208 153.980759 -260.677155
v -18.4955082 125.296921 -350.084503
v -274.85495 31.5524273 240.734436
v -236.550537 466.652893 -203.935303
v -14.0468769 260.371002 227.42424
v 376.040588 10.1254053 -242.227539
v -66.5728989 277.704865 265.570496
v -175.475388 467.226379 83.729393
v -295.109558 198.487442 -341.505432
v 3.49849033 92.3112411 436.237152
v -231.079803 163.566528 99.1784286
v 4.43398762 475.238098 183.677048
v -252.640137 20.8468475 273.556549
v -210.69873 843.602722 -63.4974594
v -358.571655 196.591476 -325.064056
v -63.8861122 753.105469 -64.7971725
v -64.2586517 272.51944 237.696198
v 68.5572815 359.112366 -110.533592
v 163.022781 377.641113 -159.262695
v 205.539703 123.537041 -389.531158
v -47.4114189 322.408386 311.788605
v -129.225967 305.35495 298.094177
v -10.2860947 332.583954 -122.470612
v 584.132324 77.7697601 2.67008066
v -304.347321 34.5103455 -420.16394
v -98.8921356 138.977768 410.497498
v 107.707527 447.050354 -194.592255
v 388.739075 234.626968 -28.8197327
v -313.463715 266.749359 -278.612885
v 93.4495926 342.426361 -150.840256
v -280.446167 51.0250702 -419.921204
v -30.5596733 300.50943 293.287384
v -438.883057 149.651443 90.6769485
v -76.6459656 482.391571 269.832947
v -157.48172 549.10675 -198.779205
v -386.643951 388.89917 49.8001633
v -212.797058 220.689392 97.2175827
v -423.136047 316.869751 61.7490044
v -72.8956451 534.524353 88.0285873
v 86.8194427 319.657928 315.182495
v 355.246399 333.149078 8.38706779
v 170.49025 226.049606 -219.455246
v -34.0345192 691.226501 -120.423126
v -178.475235 615.993469 77.9988098
v 292.413269 337.335083 -7.36012125
v -9.38045216 323.834137 -168.316864
v 12.5085411 354.858917 -165.749832
v 43.4438438 315.589233 322.607422
v 65.8067017 595.293762 71.943222
v 3.58556819 566.218079 -188.148331
v 198.480621 481.673645 12.9020014
v 180.489807 491.714874 42.0750961
v 62.5129509 71.2906952 -399.051483
v 84.3106003 78.7137604 -408.487976
v -283.152832 510.35141 -90.528389
v -14.975832 146.017822 396.138123
v 264.192505 410.111603 9.3557415
v -184.118927 26.1658783 307.259613
v -280.181671 57.6896667 147.599335
v -225.782974 127.174599 36.6557655
v 160.919205 340.891815 -180.744904
v -346.560791 -5.01691914 -325.880951
v -109.240829 268.175751 232.779922
v 195.688843 251.945984 350.11554
v -17.2808685 66.9354248 -357.52774
v -163.238007 406.08728 -263.743805
v 126.972832 459.438477 149.66626
v 291.097778 301.904388 -68.1616974
v 4.61361742 396.452148 231.434525
v -223.231644 8.827425 -388.187256
v -17.5804291 325.437531 298.180359
v 43.9044609 641.722351 -27.4469414
v -142.70845 835.986145 -5.60011005
v 6.02141714 661.2547 30.531723
v -15.9877338 289.712463 -201.504974
v -205.347626 355.953033 158.007217
v 83.5565567 346.362671 -134.665375
v -252.846237 123.229774 303.917419
v 69.2207947 349.347351 -140.721146
v -32.1114349 534.987488 121.354042
v -245.660706 164.986191 116.137367
v 453.127167 92.6231613 -106.487503
v -168.638382 260.994751 221.041245
v 161.595947 451.482147 -99.7600098
v -28.1892796 526.418579 139.146301
v 20.3858566 436.441193 220.062149
v -32.4374657 356.398468 308.570404
v -148.794174 12.6474009 -405.527374
v -454.897888 294.67337 3.8277812
v 308.386108 57.66325 -333.856873
v -521.396606 47.6971741 51.6316872
v 50.3095894 366.109161 -125.8134
v 53.2969398 356.787415 -144.317001
v -270.133728 305.009308 157.451355
v -131.403259 744.7547 82.7487564
v 19.2252235 375.042999 257.772217
v -239.776733 111.220505 84.1848679
v -147.941818 -5.17269897 -365.750458
v -27.5952301 693.147095 -90.161972
v -6.7694993 318.961304 -161.856857
v -221.746124 222.834747 106.747475
v -207.330368 241.77124 135.218948
v -26.0920238 467.448242 -264.880554
v -3.60042715 261.792145 -226.915039
v -11.5467539 230.831589 -250.740555
v 179.89505 469.040497 87.8098831
v 133.189728 474.058624 91.1455765
v -19.4997826 93.6127472 -356.948029
v 9.79026985 119.608788 413.924103
v 0.641301215 382.419525 234.302231
v 110.754463 427.438019 171.349899
v 131.82283 357.134521 -160.950287
v 38.8059807 389.399109 237.852081
v -245.615967 570.504517 44.3663597
v 117.114281 454.712097 169.245453
v 29.4646225 398.849701 207.355423
v -279.53479 29.2079468 160.304779
v 104.532318 358.429962 -166.298706
v 85.8490906 356.842133 -149.714203
v -239.729568 123.718719 96.9649124
v -7.56652784 377.912598 289.638
v -443.481537 307.191437 -57.4230995
v -97.2913666 261.028961 236.131653
vt 0.73059535 0.43414861 0
vt 0.746029854 0.500890732 0
vt 0.657689989 0.516380012 0
vt 0.356299996 0.140670002 0
vt 0.354849994 0.138270006 0
vt 0.354959995 0.138339996 0
vt 0.34957999 0.130860001 0
vt 0.354959995 0.138339996 0
vt 0.354849994 0.138270006 0
vt 0.358094037 0.155975387 0
vt 0.356299996 0.140670002 0
vt 0.360000014 0.147039995 0
vt 0.360280007 0.146939993 0
vt 0.360100001 0.146689996 0
vt 0.369735003 0.156279996 0
vt 0.361290276 0.149153605 0
vt 0.360000014 0.147039995 0
vt 0.356299996 0.140670002 0
vt 0.356299996 0.140670002 0
vt 0.360100001 0.146689996 0
vt 0.361290276 0.149153605 0
vt 0.356299996 0.140670002 0
vt 0.34957999 0.130860001 0
vt 0.354849994 0.138270006 0
vt 0.355019987 0.138260007 0
vt 0.351144671 0.1258111 0
vt 0.365239054 0.141474605 0
vt 0.354959995 0.138339996 0
vt 0.365239054 0.141474605 0
vt 0.356299996 0.140670002 0
vt 0.34957999 0.130860001 0
vt 0.351144671 0.1258111 0
vt 0.354959995 0.138339996 0
vt 0.360100001 0.146689996 0
vt 0.356299996 0.140670002 0
vt 0.369735003 0.156279996 0
vt 0.356299996 0.140670002 0
vt 0.358094037 0.155975387 0
vt 0.34957999 0.130860001 0
vt 0.369735003 0.156279996 0
vt 0.356299996 0.140670002 0
vt 0.365239054 0.141474605 0
vt 0.319402486 0.08514148 0
vt 0.329493821 0.161708921 0
vt 0.293333799 0.0859078392 0
vt 0.440907687 0.142329335 0
vt 0.419509381 0.143618405 0
vt 0.424085796 0.123494908 0
vt 0.396466076 0.0670476928 0
vt 0.404991806 0.0853708833 0
vt 0.395487398 0.0888460502 0
vt 0.879400015 0.195910007 0
vt 0.886290312 0.195774689 0
vt 0.876150012 0.196720004 0
vt 0.876150012 0.196720004 0
vt 0.872755766 0.196331114 0
vt 0.878660023 0.194629997 0
vt 0.878660023 0.194629997 0
vt 0.872755766 0.196331114 0
vt 0.87865001 0.194549993 0
vt 0.89203465 0.189478099 0
vt 0.879400015 0.195910007 0
vt 0.876150012 0.196720004 0
vt 0.89203465 0.189478099 0
vt 0.876150012 0.196720004 0
vt 0.878660023 0.194629997 0
vt 0.260736138 0.466072202 0
vt 0.210250005 0.464249998 0
vt 0.206029341 0.455769777 0
vt 0.565323591 0.785437584 0
vt 0.564767778 0.728870034 0
vt 0.597380757 0.736736178 0
vt 0.0229497924 0.401426017 0
vt 0.0506523289 0.456475765 0
vt 0.0248600002 0.409850001 0
vt 0.772992134 0.641585112 0
vt 0.824873447 0.656021237 0
vt 0.756128848 0.692657769 0
vt 0.776398063 0.719861269 0
vt 0.775085449 0.738915741 0
vt 0.737250924 0.724545002 0
vt 0.207740098 0.290949941 0
vt 0.290479958 0.291596889 0
vt 0.26977846 0.348489434 0
vt 0.386456281 0.536648691 0
vt 0.3133367 0.538097441 0
vt 0.423752844 0.490261585 0
vt 0.613932371 0.454879522 0
vt 0.58296746 0.348272651 0
vt 0.633309662 0.420948625 0
vt 0.886290312 0.195774689 0
vt 0.879400015 0.195910007 0
vt 0.89203465 0.189478099 0
vt 0.310699999 0.0598700009 0
vt 0.280168474 0.0566950999 0
vt 0.315095663 0.0281491652 0
vt 0.344674259 0.360181302 0
vt 0.290479958 0.291596889 0
vt 0.386079222 0.31315589 0
vt 0.532784402 0.44559747 0
vt 0.461610109 0.437745392 0
vt 0.516079128 0.418880939 0
vt 0.469620913 0.501673281 0
vt 0.426461339 0.517199278 0
vt 0.440697044 0.496027142 0
vt 0.513722777 0.201593816 0
vt 0.477674782 0.263334274 0
vt 0.486144781 0.232627735 0
vt 0.393235832 0.198242471 0
vt 0.357645363 0.181151167 0
vt 0.391659617 0.166206643 0
vt 0.845209002 0.70686847 0
vt 0.888036489 0.672686458 0
vt 0.884548008 0.684972346 0
vt 0.391757697 0.321857154 0
vt 0.393539995 0.342880011 0
vt 0.382631809 0.347848982 0
vt 0.431898654 0.27386266 0
vt 0.420678586 0.330058485 0
vt 0.408577144 0.259869307 0
vt 0.657689989 0.516380012 0
vt 0.76910603 0.538156867 0
vt 0.658453941 0.573334873 0
vt 0.461610109 0.437745392 0
vt 0.451437742 0.404751152 0
vt 0.457248479 0.406131595 0
vt 0.431898654 0.27386266 0
vt 0.457896739 0.29128623 0
vt 0.420678586 0.330058485 0
vt 0.130770892 0.331817657 0
vt 0.0990313068 0.317972183 0
vt 0.114032432 0.316226751 0
vt 0.973620296 0.300799429 0
vt 0.922702432 0.314330161 0
vt 0.937070668 0.300510019 0
vt 0.868881226 0.344239473 0
vt 0.829174161 0.378061324 0
vt 0.840503931 0.334266514 0
vt 0.660989463 0.901577175 0
vt 0.640987098 0.882893562 0
vt 0.673407197 0.893856108 0
vt 0.543030083 0.790195942 0
vt 0.555923343 0.790983319 0
vt 0.539180636 0.805027604 0
vt 0.0238300003 0.624159992 0
vt 0.0595895015 0.55539006 0
vt 0.0776705518 0.55935216 0
vt 0.3133367 0.538097441 0
vt 0.309907407 0.548521698 0
vt 0.281567156 0.53854984 0
vt 0.463622034 0.250689775 0
vt 0.486112833 0.287750393 0
vt 0.461732954 0.327341855 0
vt 0.254424632 0.589550257 0
vt 0.230890006 0.594980001 0
vt 0.237606302 0.562685609 0
vt 0.736679375 0.865648806 0
vt 0.749517262 0.847465694 0
vt 0.747916579 0.872617662 0
vt 0.678006649 0.843075573 0
vt 0.671570003 0.815599978 0
vt 0.683215678 0.806173801 0
vt 0.449233919 0.416142523 0
vt 0.461610109 0.437745392 0
vt 0.410109937 0.411283791 0
vt 0.3133367 0.538097441 0
vt 0.282982856 0.483279228 0
vt 0.423752844 0.490261585 0
vt 0.845832288 0.546809256 0
vt 0.834189057 0.519134998 0
vt 0.867097795 0.562972307 0
vt 0.193373755 0.230728388 0
vt 0.186471373 0.238844603 0
vt 0.15236859 0.200032488 0
vt 0.139491007 0.217035979 0
vt 0.134857342 0.233109802 0
vt 0.113536954 0.22772646 0
vt 0.798089981 0.334729999 0
vt 0.811376214 0.324669838 0
vt 0.794125259 0.346654385 0
vt 0.440907687 0.142329335 0
vt 0.444511175 0.158417687 0
vt 0.421321899 0.155853361 0
vt 0.857380748 0.517490268 0
vt 0.867097795 0.562972307 0
vt 0.834189057 0.519134998 0
vt 0.342810303 0.236707211 0
vt 0.355664104 0.225665361 0
vt 0.357691407 0.252650857 0
vt 0.236456975 0.202494666 0
vt 0.233606681 0.254941136 0
vt 0.204527795 0.244522691 0
vt 0.502740145 0.149079785 0
vt 0.513722777 0.201593816 0
vt 0.486769587 0.201284185 0
vt 0.573739231 0.244977906 0
vt 0.614306271 0.270269066 0
vt 0.563333869 0.275075287 0
vt 0.393564016 0.619633377 0
vt 0.423310012 0.692470014 0
vt 0.377680004 0.656570017 0
vt 0.328311861 0.588308573 0
vt 0.355541259 0.593630075 0
vt 0.338885844 0.602414906 0
vt 0.782397747 0.38512519 0
vt 0.787497282 0.346695185 0
vt 0.791156054 0.383977622 0
vt 0.769895375 0.434109658 0
vt 0.766597986 0.410795808 0
vt 0.789974689 0.413079619 0
vt 0.341042489 0.252806544 0
vt 0.312424958 0.266608208 0
vt 0.29725945 0.249844581 0
vt 0.261965811 0.14799279 0
vt 0.242337182 0.145356104 0
vt 0.237220719 0.0994848236 0
vt 0.594665349 0.707608998 0
vt 0.597380757 0.736736178 0
vt 0.571830511 0.70473218 0
vt 0.264270991 0.526763082 0
vt 0.28164497 0.544232726 0
vt 0.248121396 0.536311746 0
vt 0.557590008 0.107529998 0
vt 0.513749123 0.123542905 0
vt 0.535979986 0.102320001 0
vt 0.518067777 0.137779772 0
vt 0.541076005 0.17811799 0
vt 0.513722777 0.201593816 0
vt 0.725695729 0.893020749 0
vt 0.724627137 0.8731848 0
vt 0.747916579 0.872617662 0
vt 0.58296746 0.348272651 0
vt 0.623441815 0.346675992 0
vt 0.632445395 0.382697195 0
vt 0.360839993 0.0280799996 0
vt 0.368927389 0.0386284776 0
vt 0.348352492 0.0330933034 0
vt 0.424492657 0.56316781 0
vt 0.383889019 0.589748085 0
vt 0.394757569 0.569917977 0
vt 0.383889019 0.589748085 0
vt 0.360755384 0.623853266 0
vt 0.355541259 0.593630075 0
vt 0.558625996 0.123999484 0
vt 0.565704763 0.112343267 0
vt 0.572892427 0.136800036 0
vt 0.041043207 0.539198816 0
vt 0.0238300003 0.624159992 0
vt 0.00136237149 0.596582055 0
vt 0.380119801 0.283372104 0
vt 0.36079976 0.268517643 0
vt 0.38320151 0.241553113 0
vt 0.737250924 0.724545002 0
vt 0.711428285 0.733133793 0
vt 0.723306775 0.710326612 0
vt 0.687138081 0.642793119 0
vt 0.6609025 0.657929957 0
vt 0.686068237 0.616191864 0
vt 0.290479958 0.291596889 0
vt 0.347429812 0.287953287 0
vt 0.386079222 0.31315589 0
vt 0.272544831 0.257667691 0
vt 0.284952253 0.252513379 0
vt 0.315855891 0.274560273 0
vt 0.87925756 0.333276421 0
vt 0.862677038 0.310492039 0
vt 0.919507027 0.322504133 0
vt 0.636749983 0.641340017 0
vt 0.683191121 0.612313867 0
vt 0.6609025 0.657929957 0
vt 0.683191121 0.612313867 0
vt 0.628696501 0.607099175 0
vt 0.757282138 0.556728065 0
vt 0.391115725 0.433044314 0
vt 0.417794466 0.451454371 0
vt 0.370568633 0.443191499 0
vt 0.344674259 0.360181302 0
vt 0.306193978 0.31256184 0
vt 0.290479958 0.291596889 0
vt 0.633489311 0.299354047 0
vt 0.660138011 0.304236174 0
vt 0.658271253 0.327657402 0
vt 0.421371102 0.209257483 0
vt 0.438732773 0.24387227 0
vt 0.416564047 0.229764 0
vt 0.471135169 0.16980128 0
vt 0.460178673 0.217459694 0
vt 0.455179989 0.190329999 0
vt 0.291809499 0.604118288 0
vt 0.25702101 0.608253598 0
vt 0.249450594 0.595050454 0
vt 0.221774489 0.279245704 0
vt 0.188078046 0.282730758 0
vt 0.184332639 0.265457094 0
vt 0.114629999 0.257679999 0
vt 0.109894902 0.267630041 0
vt 0.0921600461 0.248269245 0
vt 0.624265611 0.297941864 0
vt 0.617770016 0.271149993 0
vt 0.633489311 0.299354047 0
vt 0.614166021 0.792018056 0
vt 0.585918546 0.805603564 0
vt 0.602882504 0.772692442 0
vt 0.998479009 0.411341608 0
vt 0.970420003 0.449339986 0
vt 0.952523768 0.403077543 0
vt 0.086127609 0.319110096 0
vt 0.0590479672 0.358316571 0
vt 0.0729735121 0.301372468 0
vt 0.139098689 0.428459406 0
vt 0.162858441 0.463781565 0
vt 0.10761717 0.453419834 0
vt 0.657689989 0.516380012 0
vt 0.658453941 0.573334873 0
vt 0.641024351 0.530421078 0
vt 0.61597091 0.718504131 0
vt 0.60164243 0.703225791 0
vt 0.613833666 0.665498614 0
vt 0.848111987 0.719841778 0
vt 0.923603475 0.752953112 0
vt 0.875952125 0.752342105 0
vt 0.151946351 0.402560741 0
vt 0.154244035 0.41107136 0
vt 0.12322703 0.397800297 0
vt 0.144900426 0.361543566 0
vt 0.144604608 0.327461451 0
vt 0.151775464 0.350725979 0
vt 0.109451227 0.177518085 0
vt 0.0884605348 0.18161881 0
vt 0.104350768 0.169940934 0
vt 0.101310313 0.186302409 0
vt 0.109451227 0.177518085 0
vt 0.118659809 0.19621864 0
vt 0.426461339 0.517199278 0
vt 0.410623938 0.524644732 0
vt 0.423752844 0.490261585 0
vt 0.786713362 0.406565815 0
vt 0.782397747 0.38512519 0
vt 0.791156054 0.383977622 0
vt 0.823453486 0.413693488 0
vt 0.857572377 0.405774325 0
vt 0.843089998 0.421189994 0
vt 0.692606986 0.810005903 0
vt 0.742617369 0.806453049 0
vt 0.701571524 0.842344999 0
vt 0.1027757 0.474554181 0
vt 0.136731446 0.491174459 0
vt 0.12107946 0.508559465 0
vt 0.237220719 0.0994848236 0
vt 0.242337182 0.145356104 0
vt 0.231838509 0.109381057 0
vt 0.204890117 0.131816417 0
vt 0.205715761 0.150131762 0
vt 0.174132526 0.137635738 0
vt 0.552109778 0.338837355 0
vt 0.531173587 0.31931594 0
vt 0.577807128 0.318806797 0
vt 0.651878953 0.822906852 0
vt 0.647891283 0.789307356 0
vt 0.661046624 0.792209268 0
vt 0.666762412 0.734168947 0
vt 0.674645782 0.714957774 0
vt 0.68936038 0.71477598 0
vt 0.212544709 0.31453374 0
vt 0.184836417 0.335507452 0
vt 0.150295913 0.30299896 0
vt 0.146058276 0.264438272 0
vt 0.179321036 0.285246611 0
vt 0.155315429 0.28916508 0
vt 0.52796042 0.492871135 0
vt 0.461610109 0.437745392 0
vt 0.50815475 0.453774422 0
vt 0.857158303 0.869758844 0
vt 0.855971396 0.859722316 0
vt 0.882869065 0.852847993 0
vt 0.359464884 0.649515271 0
vt 0.375739992 0.674969971 0
vt 0.367178649 0.676924944 0
vt 0.892291546 0.217696577 0
vt 0.94158566 0.20878844 0
vt 0.952482879 0.232206687 0
vt 0.885037899 0.621703029 0
vt 0.898916185 0.620461643 0
vt 0.857388318 0.64124316 0
vt 0.10510806 0.111007921 0
vt 0.0952124223 0.134912297 0
vt 0.0891546458 0.126960665 0
vt 0.0248600002 0.409850001 0
vt 0.0506523289 0.456475765 0
vt 0.0410099998 0.490720004 0
vt 0.529174924 0.348575115 0
vt 0.52301091 0.347153574 0
vt 0.523728192 0.324233413 0
vt 0.502054095 0.311256051 0
vt 0.490591735 0.287390053 0
vt 0.512125134 0.30369395 0
vt 0.248121396 0.536311746 0
vt 0.28164497 0.544232726 0
vt 0.242223188 0.550269604 0
vt 0.952523768 0.403077543 0
vt 0.955380797 0.441757023 0
vt 0.931379497 0.431558222 0
vt 0.924678862 0.393566251 0
vt 0.923678041 0.36380747 0
vt 0.944229603 0.391626984 0
vt 0.609568417 0.965933204 0
vt 0.61739856 0.956580162 0
vt 0.6333974 0.961301565 0
vt 0.67273736 0.217224792 0
vt 0.664877832 0.248077914 0
vt 0.656028926 0.219910145 0
vt 0.657360017 0.14316 0
vt 0.687730014 0.209490001 0
vt 0.666745782 0.194197401 0
vt 0.417794466 0.451454371 0
vt 0.461610109 0.437745392 0
vt 0.469620913 0.501673281 0
vt 0.461610109 0.437745392 0
vt 0.417794466 0.451454371 0
vt 0.380929619 0.41894874 0
vt 0.548220515 0.956353545 0
vt 0.488699436 0.918261886 0
vt 0.565504849 0.886481106 0
vt 0.403179407 0.167586327 0
vt 0.425104827 0.17258659 0
vt 0.393235832 0.198242471 0
vt 0.376568109 0.107401513 0
vt 0.381682724 0.0796454847 0
vt 0.404190689 0.107707389 0
vt 0.0392420888 0.363287747 0
vt 0.0513955168 0.389469862 0
vt 0.032782983 0.382127762 0
vt 0.656028926 0.219910145 0
vt 0.641452789 0.201200798 0
vt 0.666745782 0.194197401 0
vt 0.641452789 0.201200798 0
vt 0.629170597 0.187959298 0
vt 0.650525272 0.184213385 0
vt 0.282255918 0.478043646 0
vt 0.278975487 0.466459662 0
vt 0.312119991 0.444579989 0
vt 0.213008925 0.363787949 0
vt 0.263780147 0.356003165 0
vt 0.263373196 0.377929211 0
vt 0.475759864 0.820499718 0
vt 0.464184999 0.795951307 0
vt 0.480062544 0.792510152 0
vt 0.598576367 0.841459811 0
vt 0.542154968 0.841473758 0
vt 0.539180636 0.805027604 0
vt 0.986915767 0.360926181 0
vt 0.997371018 0.397452295 0
vt 0.978764832 0.390953273 0
vt 0.290630251 0.647307813 0
vt 0.321835488 0.655102551 0
vt 0.297722161 0.662826717 0
vt 0.256045014 0.645567477 0
vt 0.2583974 0.633599579 0
vt 0.266133577 0.629777133 0
vt 0.452685088 0.140203893 0
vt 0.471135169 0.16980128 0
vt 0.445913196 0.13674593 0
vt 0.148453221 0.385654688 0
vt 0.159125343 0.381542593 0
vt 0.160701156 0.398080766 0
vt 0.213008925 0.363787949 0
vt 0.275578946 0.399108171 0
vt 0.218179137 0.395354271 0
vt 0.688700914 0.864381075 0
vt 0.692606986 0.810005903 0
vt 0.701571524 0.842344999 0
vt 0.670725465 0.868015945 0
vt 0.688700914 0.864381075 0
vt 0.699688017 0.888496757 0
vt 0.830799162 0.566399097 0
vt 0.871207893 0.570845306 0
vt 0.879127085 0.593459368 0
vt 0.871207893 0.570845306 0
vt 0.891066611 0.561583102 0
vt 0.879127085 0.593459368 0
vt 0.348529994 0.0155699998 0
vt 0.33334446 0.0274246037 0
vt 0.331238717 0.00857711863 0
vt 0.315095663 0.0281491652 0
vt 0.327333897 0.0418713205 0
vt 0.317490101 0.0614113361 0
vt 0.833063185 0.840036392 0
vt 0.843741357 0.866031706 0
vt 0.833836496 0.862058282 0
vt 0.833836496 0.862058282 0
vt 0.843741357 0.866031706 0
vt 0.847819984 0.869029999 0
vt 0.632445395 0.382697195 0
vt 0.623441815 0.346675992 0
vt 0.648732185 0.361558944 0
vt 0.684437454 0.35657689 0
vt 0.676303327 0.391426504 0
vt 0.650693536 0.373918295 0
vt 0.757282138 0.556728065 0
vt 0.710825086 0.562015653 0
vt 0.76910603 0.538156867 0
vt 0.802560866 0.588636398 0
vt 0.852605402 0.589307308 0
vt 0.849024057 0.62414974 0
vt 0.250541151 0.457181066 0
vt 0.272276074 0.450393915 0
vt 0.278975487 0.466459662 0
vt 0.312119991 0.444579989 0
vt 0.278975487 0.466459662 0
vt 0.290477991 0.445249468 0
vt 0.892291546 0.217696577 0
vt 0.959246874 0.238823846 0
vt 0.976257026 0.26085785 0
vt 0.612173259 0.626385987 0
vt 0.597519994 0.606719971 0
vt 0.630290389 0.587963998 0
vt 0.628696501 0.607099175 0
vt 0.697627664 0.574029386 0
vt 0.757282138 0.556728065 0
vt 0.788615644 0.865484595 0
vt 0.763235033 0.860435665 0
vt 0.768699288 0.835933805 0
vt 0.15236859 0.200032488 0
vt 0.164413989 0.235593095 0
vt 0.14725998 0.221216381 0
vt 0.613833666 0.665498614 0
vt 0.62842083 0.696457267 0
vt 0.61597091 0.718504131 0
vt 0.306339085 0.11718782 0
vt 0.329493821 0.161708921 0
vt 0.309740871 0.179312646 0
vt 0.345337361 0.208105266 0
vt 0.370979846 0.215595677 0
vt 0.355664104 0.225665361 0
vt 0.828765213 0.445992231 0
vt 0.81564784 0.443742335 0
vt 0.815540195 0.42437461 0
vt 0.834189057 0.519134998 0
vt 0.865057349 0.49946171 0
vt 0.857380748 0.517490268 0
vt 0.28164497 0.544232726 0
vt 0.304010034 0.57665956 0
vt 0.275963038 0.583696485 0
vt 0.312298417 0.56182766 0
vt 0.356097341 0.545740604 0
vt 0.338073373 0.570896149 0
vt 0.066262953 0.200349823 0
vt 0.0924749002 0.20689331 0
vt 0.100235924 0.225608006 0
vt 0.0921600461 0.248269245 0
vt 0.102056295 0.234944642 0
vt 0.129845247 0.262394637 0
vt 0.830911577 0.753947616 0
vt 0.848111987 0.719841778 0
vt 0.843558252 0.752751112 0
vt 0.574221492 0.297265857 0
vt 0.557492077 0.304688454 0
vt 0.563333869 0.275075287 0
vt 0.512125134 0.30369395 0
vt 0.490591735 0.287390053 0
vt 0.513722777 0.201593816 0
vt 0.392129987 0.681289971 0
vt 0.377680004 0.656570017 0
vt 0.423310012 0.692470014 0
vt 0.59355247 0.619325697 0
vt 0.612173259 0.626385987 0
vt 0.585828543 0.643726945 0
vt 0.568862379 0.20181796 0
vt 0.536482692 0.160522386 0
vt 0.572892427 0.136800036 0
vt 0.592019618 0.209997609 0
vt 0.611524343 0.182768539 0
vt 0.61398977 0.241296664 0
vt 0.69355011 0.6702438 0
vt 0.656814516 0.675878406 0
vt 0.691069424 0.652844131 0
vt 0.756128848 0.692657769 0
vt 0.72655338 0.677531123 0
vt 0.730461776 0.647691071 0
vt 0.605748415 0.568797469 0
vt 0.625039995 0.567680001 0
vt 0.630290389 0.587963998 0
vt 0.219289258 0.148870379 0
vt 0.232311547 0.160200715 0
vt 0.21844849 0.178194165 0
vt 0.592452049 0.883587718 0
vt 0.598576367 0.841459811 0
vt 0.601082742 0.872822165 0
vt 0.996323049 0.349422783 0
vt 0.976108015 0.323653281 0
vt 0.993763983 0.312717348 0
vt 0.666927755 0.257655799 0
vt 0.683487833 0.269623041 0
vt 0.672343552 0.279389471 0
vt 0.408577144 0.259869307 0
vt 0.420678586 0.330058485 0
vt 0.391757697 0.321857154 0
vt 0.386079222 0.31315589 0
vt 0.347429812 0.287953287 0
vt 0.380119801 0.283372104 0
vt 0.126789778 0.114423424 0
vt 0.137851417 0.129177988 0
vt 0.125784338 0.143872812 0
vt 0.380356699 0.364476264 0
vt 0.421124101 0.384362429 0
vt 0.380929619 0.41894874 0
vt 0.361126244 0.421510398 0
vt 0.379857779 0.391399741 0
vt 0.380929619 0.41894874 0
vt 0.658271253 0.327657402 0
vt 0.626084924 0.319645226 0
vt 0.633489311 0.299354047 0
vt 0.764552832 0.444943547 0
vt 0.748738885 0.444181681 0
vt 0.766597986 0.410795808 0
vt 0.650693536 0.373918295 0
vt 0.677155614 0.397514582 0
vt 0.652844846 0.394068211 0
vt 0.613932371 0.454879522 0
vt 0.633309662 0.420948625 0
vt 0.645168543 0.439197928 0
vt 0.361126244 0.421510398 0
vt 0.321349382 0.391901433 0
vt 0.344674259 0.360181302 0
vt 0.330486 0.414716661 0
vt 0.321280718 0.41940245 0
vt 0.295961708 0.425366461 0
vt 0.853790462 0.228710249 0
vt 0.976257026 0.26085785 0
vt 0.937070668 0.300510019 0
vt 0.919507027 0.322504133 0
vt 0.854892612 0.293731272 0
vt 0.922702432 0.314330161 0
vt 0.732643962 0.378997475 0
vt 0.740212023 0.369744062 0
vt 0.749790549 0.383860677 0
vt 0.511877358 0.969070911 0
vt 0.523510873 0.968437791 0
vt 0.519609988 0.981419981 0
vt 0.383889019 0.589748085 0
vt 0.394710869 0.592327356 0
vt 0.360755384 0.623853266 0
vt 0.394710869 0.592327356 0
vt 0.383889019 0.589748085 0
vt 0.424492657 0.56316781 0
vt 0.645219982 0.734939992 0
vt 0.623359084 0.742016315 0
vt 0.640780628 0.714751482 0
vt 0.667406976 0.71269995 0
vt 0.645219982 0.734939992 0
vt 0.640780628 0.714751482 0
vt 0.238045722 0.613149166 0
vt 0.257910013 0.612909973 0
vt 0.27601251 0.614758074 0
vt 0.131304383 0.299830645 0
vt 0.152033985 0.31641525 0
vt 0.144604608 0.327461451 0
vt 0.114032432 0.316226751 0
vt 0.131304383 0.299830645 0
vt 0.144604608 0.327461451 0
vt 0.27140075 0.194600493 0
vt 0.237348646 0.164594173 0
vt 0.267908007 0.170977339 0
vt 0.332771599 0.191851452 0
vt 0.327651322 0.20246169 0
vt 0.323204607 0.187055528 0
vt 0.893470585 0.289243519 0
vt 0.854892612 0.293731272 0
vt 0.857717812 0.268075109 0
vt 0.0952124223 0.134912297 0
vt 0.0729763731 0.156399876 0
vt 0.0891546458 0.126960665 0
vt 0.445935488 0.364279389 0
vt 0.468915462 0.392872453 0
vt 0.429444283 0.381293625 0
vt 0.360498011 0.678634703 0
vt 0.338283181 0.682600141 0
vt 0.345609695 0.666503608 0
vt 0.565323591 0.785437584 0
vt 0.534690022 0.747749984 0
vt 0.549908102 0.72129035 0
vt 0.204527795 0.244522691 0
vt 0.180273876 0.24508433 0
vt 0.199487522 0.238308251 0
vt 0.573599517 0.43857491 0
vt 0.58296746 0.348272651 0
vt 0.613932371 0.454879522 0
vt 0.543649971 0.502149999 0
vt 0.519283473 0.500498652 0
vt 0.55020535 0.492022246 0
vt 0.236184537 0.505784273 0
vt 0.178106651 0.559036314 0
vt 0.174661502 0.514025688 0
vt 0.260736138 0.466072202 0
vt 0.250519156 0.489026695 0
vt 0.210250005 0.464249998 0
vt 0.345209986 0.694291055 0
vt 0.338283181 0.682600141 0
vt 0.360498011 0.678634703 0
vt 0.597380757 0.736736178 0
vt 0.564767778 0.728870034 0
vt 0.571830511 0.70473218 0
vt 0.728339851 0.788175642 0
vt 0.741707385 0.798226357 0
vt 0.742617369 0.806453049 0
vt 0.347429812 0.287953287 0
vt 0.359505683 0.272216439 0
vt 0.380119801 0.283372104 0
vt 0.341042489 0.252806544 0
vt 0.357691407 0.252650857 0
vt 0.349529773 0.273901254 0
vt 0.543649971 0.502149999 0
vt 0.527209997 0.516680002 0
vt 0.519283473 0.500498652 0
vt 0.324440002 0.0180600006 0
vt 0.331238717 0.00857711863 0
vt 0.33334446 0.0274246037 0
vt 0.122451209 0.523674726 0
vt 0.126165822 0.534413874 0
vt 0.0956703126 0.539979815 0
vt 0.70778048 0.664434731 0
vt 0.69355011 0.6702438 0
vt 0.691069424 0.652844131 0
vt 0.431898654 0.27386266 0
vt 0.408577144 0.259869307 0
vt 0.438732773 0.24387227 0
vt 0.787565768 0.806343615 0
vt 0.788615644 0.865484595 0
vt 0.768699288 0.835933805 0
vt 0.68560034 0.914337039 0
vt 0.696698129 0.905736148 0
vt 0.707305312 0.914262772 0
vt 0.71157527 0.88948971 0
vt 0.724627137 0.8731848 0
vt 0.725695729 0.893020749 0
vt 0.0392420888 0.363287747 0
vt 0.0735471919 0.381029963 0
vt 0.0654430836 0.389818937 0
vt 0.0667261109 0.400427431 0
vt 0.0673500001 0.4208 0
vt 0.0513955168 0.389469862 0
vt 0.806810379 0.738444924 0
vt 0.845209002 0.70686847 0
vt 0.823826194 0.751681507 0
vt 0.810458004 0.681977928 0
vt 0.845209002 0.70686847 0
vt 0.782589197 0.706251562 0
vt 0.21844849 0.178194165 0
vt 0.232311547 0.160200715 0
vt 0.228007272 0.184891328 0
vt 0.369735003 0.156279996 0
vt 0.391659617 0.166206643 0
vt 0.357645363 0.181151167 0
vt 0.102326393 0.443384439 0
vt 0.0882693827 0.400854796 0
vt 0.139098689 0.428459406 0
vt 0.0946388021 0.397191644 0
vt 0.0882693827 0.400854796 0
vt 0.0667261109 0.400427431 0
vt 0.370568633 0.443191499 0
vt 0.417794466 0.451454371 0
vt 0.42958951 0.468591303 0
vt 0.417794466 0.451454371 0
vt 0.469620913 0.501673281 0
vt 0.42958951 0.468591303 0
vt 0.601082742 0.872822165 0
vt 0.598576367 0.841459811 0
vt 0.625120997 0.810771823 0
vt 0.640987098 0.882893562 0
vt 0.660989463 0.901577175 0
vt 0.64913106 0.91538614 0
vt 0.92918539 0.411098152 0
vt 0.952523768 0.403077543 0
vt 0.931379497 0.431558222 0
vt 0.604267359 0.30884096 0
vt 0.626084924 0.319645226 0
vt 0.58296746 0.348272651 0
vt 0.604267359 0.30884096 0
vt 0.610867441 0.305360913 0
vt 0.624156713 0.312365949 0
vt 0.923461139 0.497316033 0
vt 0.904378116 0.500861108 0
vt 0.912414074 0.468530864 0
vt 0.935170233 0.460674167 0
vt 0.931017816 0.435760558 0
vt 0.96373558 0.467057884 0
vt 0.471329987 0.124739997 0
vt 0.469709992 0.116460003 0
vt 0.488340557 0.120292068 0
vt 0.487603217 0.154194921 0
vt 0.466400862 0.143097609 0
vt 0.488340557 0.120292068 0
vt 0.934014738 0.778732717 0
vt 0.919461012 0.816840768 0
vt 0.910082459 0.781654358 0
vt 0.461263955 0.758095682 0
vt 0.470640004 0.769280016 0
vt 0.456539989 0.769370019 0
vt 0.479974061 0.308715999 0
vt 0.495488852 0.386421174 0
vt 0.479778528 0.379316419 0
vt 0.516079128 0.418880939 0
vt 0.461610109 0.437745392 0
vt 0.495488852 0.386421174 0
vt 0.590331018 0.931715429 0
vt 0.593055308 0.909809887 0
vt 0.611109436 0.951361418 0
vt 0.584138215 0.954214513 0
vt 0.611109436 0.951361418 0
vt 0.609568417 0.965933204 0
vt 0.393564016 0.619633377 0
vt 0.405420005 0.634140015 0
vt 0.423310012 0.692470014 0
vt 0.413165838 0.635500073 0
vt 0.400668949 0.620429099 0
vt 0.431696653 0.58244592 0
vt 0.182550833 0.42491585 0
vt 0.178750411 0.408808768 0
vt 0.199816212 0.412998676 0
vt 0.158655047 0.42389214 0
vt 0.182550833 0.42491585 0
vt 0.181742996 0.462170571 0
vt 0.933620095 0.810517609 0
vt 0.916454613 0.849574089 0
vt 0.919461012 0.816840768 0
vt 0.330417395 0.231302947 0
vt 0.341042489 0.252806544 0
vt 0.29725945 0.249844581 0
vt 0.345337361 0.208105266 0
vt 0.330417395 0.231302947 0
vt 0.319217741 0.207798436 0
vt 0.542363286 0.45976302 0
vt 0.540851593 0.44662708 0
vt 0.572752535 0.461389184 0
vt 0.525866866 0.415704638 0
vt 0.532784402 0.44559747 0
vt 0.516079128 0.418880939 0
vt 0.609445989 0.581961751 0
vt 0.630290389 0.587963998 0
vt 0.597519994 0.606719971 0
vt 0.684437454 0.35657689 0
vt 0.706442118 0.286122113 0
vt 0.765832782 0.324411869 0
vt 0.150295913 0.30299896 0
vt 0.184836417 0.335507452 0
vt 0.152033985 0.31641525 0
vt 0.849024057 0.62414974 0
vt 0.852605402 0.589307308 0
vt 0.885037899 0.621703029 0
vt 0.857388318 0.64124316 0
vt 0.849024057 0.62414974 0
vt 0.885037899 0.621703029 0
vt 0.630840003 0.208979994 0
vt 0.628167987 0.218913093 0
vt 0.618911386 0.242324084 0
vt 0.81809938 0.774109721 0
vt 0.787565768 0.806343615 0
vt 0.794440925 0.777458072 0
vt 0.793603599 0.758716881 0
vt 0.806810379 0.738444924 0
vt 0.823826194 0.751681507 0
vt 0.200881198 0.430621117 0
vt 0.21001251 0.409200102 0
vt 0.221676275 0.42991659 0
vt 0.246972874 0.407850772 0
vt 0.272276074 0.450393915 0
vt 0.253136218 0.441384077 0
vt 0.391757697 0.321857154 0
vt 0.382631809 0.347848982 0
vt 0.344674259 0.360181302 0
vt 0.361126244 0.421510398 0
vt 0.344674259 0.360181302 0
vt 0.379857779 0.391399741 0
vt 0.589341223 0.158538967 0
vt 0.597816229 0.159811705 0
vt 0.603876591 0.177179724 0
vt 0.296148777 0.069713667 0
vt 0.280168474 0.0566950999 0
vt 0.310699999 0.0598700009 0
vt 0.270715207 0.0490967743 0
vt 0.280557364 0.0701331869 0
vt 0.261490643 0.0685821921 0
vt 0.275578946 0.399108171 0
vt 0.295961708 0.425366461 0
vt 0.246972874 0.407850772 0
vt 0.330486 0.414716661 0
vt 0.295961708 0.425366461 0
vt 0.275578946 0.399108171 0
vt 0.708381057 0.785594821 0
vt 0.686162293 0.767145216 0
vt 0.724267721 0.754358888 0
vt 0.734011531 0.770986438 0
vt 0.74702239 0.74419862 0
vt 0.76358521 0.78098321 0
vt 0.678309977 0.421139985 0
vt 0.705968797 0.417927176 0
vt 0.705120027 0.433699995 0
vt 0.429444283 0.381293625 0
vt 0.468915462 0.392872453 0
vt 0.435898095 0.394203395 0
vt 0.421124101 0.384362429 0
vt 0.394930005 0.366149992 0
vt 0.408576697 0.361991376 0
vt 0.708381057 0.785594821 0
vt 0.728339851 0.788175642 0
vt 0.742617369 0.806453049 0
vt 0.734011531 0.770986438 0
vt 0.708381057 0.785594821 0
vt 0.724267721 0.754358888 0
vt 0.321349382 0.391901433 0
vt 0.306193978 0.31256184 0
vt 0.344674259 0.360181302 0
vt 0.293066651 0.389960051 0
vt 0.275578946 0.399108171 0
vt 0.291686237 0.353021145 0
vt 0.0606571585 0.31242016 0
vt 0.0544123985 0.339284062 0
vt 0.0410188697 0.316788077 0
vt 0.290630251 0.647307813 0
vt 0.310333997 0.636742055 0
vt 0.321835488 0.655102551 0
vt 0.334648579 0.658800125 0
vt 0.345609695 0.666503608 0
vt 0.336074322 0.675312877 0
vt 0.306193978 0.31256184 0
vt 0.26977846 0.348489434 0
vt 0.290479958 0.291596889 0
vt 0.275578946 0.399108171 0
vt 0.26977846 0.348489434 0
vt 0.306193978 0.31256184 0
vt 0.159337178 0.262998402 0
vt 0.141803518 0.234914079 0
vt 0.159195021 0.240587682 0
vt 0.159195021 0.240587682 0
vt 0.14725998 0.221216381 0
vt 0.164413989 0.235593095 0
vt 0.499800593 0.749388993 0
vt 0.543030083 0.790195942 0
vt 0.504167199 0.772073925 0
vt 0.558103383 0.269611448 0
vt 0.566682577 0.237771451 0
vt 0.573739231 0.244977906 0
vt 0.568862379 0.20181796 0
vt 0.592019618 0.209997609 0
vt 0.581420958 0.223788679 0
vt 0.245017633 0.211813435 0
vt 0.262643009 0.22465764 0
vt 0.260488063 0.229153499 0
vt 0.272483617 0.210607529 0
vt 0.262643009 0.22465764 0
vt 0.245017633 0.211813435 0
vt 0.637819111 0.522550881 0
vt 0.652775824 0.514618576 0
vt 0.641024351 0.530421078 0
vt 0.193044871 0.368737608 0
vt 0.160831004 0.376863509 0
vt 0.161446154 0.352580249 0
vt 0.151775464 0.350725979 0
vt 0.144604608 0.327461451 0
vt 0.152033985 0.31641525 0
vt 0.584138215 0.954214513 0
vt 0.590331018 0.931715429 0
vt 0.611109436 0.951361418 0
vt 0.584138215 0.954214513 0
vt 0.548220515 0.956353545 0
vt 0.584488034 0.943642735 0
vt 0.471135169 0.16980128 0
vt 0.471604109 0.200576901 0
vt 0.460178673 0.217459694 0
vt 0.29725945 0.249844581 0
vt 0.312424958 0.266608208 0
vt 0.284952253 0.252513379 0
vt 0.29725945 0.249844581 0
vt 0.295729458 0.212873891 0
vt 0.313847929 0.211051553 0
vt 0.585918546 0.805603564 0
vt 0.565323591 0.785437584 0
vt 0.602882504 0.772692442 0
vt 0.539180636 0.805027604 0
vt 0.555923343 0.790983319 0
vt 0.562231481 0.809319854 0
vt 0.313847929 0.211051553 0
vt 0.295729458 0.212873891 0
vt 0.300296634 0.193999216 0
vt 0.213008925 0.363787949 0
vt 0.193044871 0.368737608 0
vt 0.170563862 0.348025918 0
vt 0.0899709687 0.187890053 0
vt 0.113771871 0.200600773 0
vt 0.0924749002 0.20689331 0
vt 0.677155614 0.397514582 0
vt 0.667917013 0.405886948 0
vt 0.652844846 0.394068211 0
vt 0.913036406 0.522199273 0
vt 0.904378116 0.500861108 0
vt 0.923461139 0.497316033 0
vt 0.146058276 0.264438272 0
vt 0.155315429 0.28916508 0
vt 0.117701091 0.278112054 0
vt 0.09353403 0.271073699 0
vt 0.0974187776 0.282867789 0
vt 0.0645065159 0.25875321 0
vt 0.906321764 0.342234701 0
vt 0.904901266 0.357514024 0
vt 0.880134881 0.361180514 0
vt 0.349877715 0.619947016 0
vt 0.355541259 0.593630075 0
vt 0.360755384 0.623853266 0
vt 0.375739992 0.674969971 0
vt 0.359464884 0.649515271 0
vt 0.377680004 0.656570017 0
vt 0.0744979233 0.533476055 0
vt 0.0636010617 0.549537301 0
vt 0.0457177274 0.537629783 0
vt 0.232055381 0.0992866009 0
vt 0.208056137 0.0740657151 0
vt 0.22715123 0.0834161714 0
vt 0.273016781 0.0903620645 0
vt 0.261490643 0.0685821921 0
vt 0.280557364 0.0701331869 0
vt 0.829174161 0.378061324 0
vt 0.868881226 0.344239473 0
vt 0.862783015 0.383004338 0
vt 0.150295913 0.30299896 0
vt 0.152033985 0.31641525 0
vt 0.131304383 0.299830645 0
vt 0.540851593 0.44662708 0
vt 0.573599517 0.43857491 0
vt 0.572752535 0.461389184 0
vt 0.573599517 0.43857491 0
vt 0.613932371 0.454879522 0
vt 0.582451582 0.457184553 0
vt 0.336395144 0.63905406 0
vt 0.345054448 0.63936621 0
vt 0.321835488 0.655102551 0
vt 0.338885844 0.602414906 0
vt 0.328850418 0.618812382 0
vt 0.328311861 0.588308573 0
vt 0.398091048 0.264700174 0
vt 0.408577144 0.259869307 0
vt 0.391757697 0.321857154 0
vt 0.398625135 0.257443637 0
vt 0.380119801 0.283372104 0
vt 0.38320151 0.241553113 0
vt 0.931379497 0.431558222 0
vt 0.907572687 0.420928955 0
vt 0.92918539 0.411098152 0
vt 0.907572687 0.420928955 0
vt 0.894734502 0.426461041 0
vt 0.896845222 0.405907899 0
vt 0.95774138 0.221392214 0
vt 0.952482879 0.232206687 0
vt 0.948972046 0.204910606 0
vt 0.885191858 0.152531222 0
vt 0.900068581 0.144156933 0
vt 0.889289975 0.164539993 0
vt 0.10510806 0.111007921 0
vt 0.126314268 0.0943214819 0
vt 0.124530621 0.108000271 0
vt 0.691069424 0.652844131 0
vt 0.656814516 0.675878406 0
vt 0.6609025 0.657929957 0
vt 0.21842882 0.0629190952 0
vt 0.221506163 0.0710611418 0
vt 0.208056137 0.0740657151 0
vt 0.254851401 0.0549142547 0
vt 0.24919562 0.0697445273 0
vt 0.232747868 0.0580304451 0
vt 0.931379497 0.431558222 0
vt 0.913686931 0.438601792 0
vt 0.907572687 0.420928955 0
vt 0.821150124 0.82394433 0
vt 0.807886779 0.810999036 0
vt 0.831705153 0.80487293 0
vt 0.807886779 0.810999036 0
vt 0.833063185 0.840036392 0
vt 0.809237361 0.856714427 0
vt 0.362803042 0.465497494 0
vt 0.370568633 0.443191499 0
vt 0.424232751 0.470501959 0
vt 0.824873447 0.656021237 0
vt 0.888036489 0.672686458 0
vt 0.845209002 0.70686847 0
vt 0.533232749 0.251652926 0
vt 0.534481227 0.296864033 0
vt 0.513722777 0.201593816 0
vt 0.566682577 0.237771451 0
vt 0.558103383 0.269611448 0
vt 0.513722777 0.201593816 0
vt 0.330486 0.414716661 0
vt 0.348275632 0.429950655 0
vt 0.321280718 0.41940245 0
vt 0.315206796 0.451297313 0
vt 0.370568633 0.443191499 0
vt 0.362803042 0.465497494 0
vt 0.242223188 0.550269604 0
vt 0.28164497 0.544232726 0
vt 0.25796786 0.56665498 0
vt 0.666927755 0.257655799 0
vt 0.643509567 0.27197659 0
vt 0.652624905 0.23513326 0
vt 0.502740145 0.149079785 0
vt 0.518067777 0.137779772 0
vt 0.513722777 0.201593816 0
vt 0.518067777 0.137779772 0
vt 0.488340557 0.120292068 0
vt 0.513749123 0.123542905 0
vt 0.728987396 0.610087395 0
vt 0.711725116 0.626777649 0
vt 0.705387592 0.611605585 0
vt 0.757282138 0.556728065 0
vt 0.780798554 0.615812957 0
vt 0.728987396 0.610087395 0
vt 0.0548621453 0.359393954 0
vt 0.0735471919 0.381029963 0
vt 0.0392420888 0.363287747 0
vt 0.589633822 0.305960923 0
vt 0.592940688 0.289722472 0
vt 0.610867441 0.305360913 0
vt 0.577807128 0.318806797 0
vt 0.531173587 0.31931594 0
vt 0.574221492 0.297265857 0
vt 0.257718652 0.50728482 0
vt 0.282982856 0.483279228 0
vt 0.263260007 0.513230026 0
vt 0.880135 0.780283451 0
vt 0.872916698 0.813885868 0
vt 0.857242584 0.796274364 0
vt 0.880135 0.780283451 0
vt 0.923603475 0.752953112 0
vt 0.910082459 0.781654358 0
vt 0.26159066 0.255858481 0
vt 0.233606681 0.254941136 0
vt 0.245017633 0.211813435 0
vt 0.880135 0.780283451 0
vt 0.857242584 0.796274364 0
vt 0.84744966 0.782950819 0
vt 0.84744966 0.782950819 0
vt 0.830911577 0.753947616 0
vt 0.843795776 0.764875352 0
vt 0.821312845 0.49944523 0
vt 0.812110722 0.470272511 0
vt 0.839629412 0.491035104 0
vt 0.96373558 0.467057884 0
vt 0.931017816 0.435760558 0
vt 0.955380797 0.441757023 0
vt 0.697036803 0.643706799 0
vt 0.705091298 0.639700651 0
vt 0.70778048 0.664434731 0
vt 0.922702432 0.314330161 0
vt 0.956147075 0.313738227 0
vt 0.919507027 0.322504133 0
vt 0.95653981 0.347091258 0
vt 0.944229603 0.391626984 0
vt 0.929417968 0.359295845 0
vt 0.768660128 0.38930738 0
vt 0.782397747 0.38512519 0
vt 0.786713362 0.406565815 0
vt 0.780989587 0.371293902 0
vt 0.768660128 0.38930738 0
vt 0.777199984 0.358639985 0
vt 0.383417219 0.129507035 0
vt 0.365239054 0.141474605 0
vt 0.363195717 0.121719137 0
vt 0.56684655 0.37844187 0
vt 0.523782551 0.38714391 0
vt 0.529174924 0.348575115 0
vt 0.572093308 0.342625171 0
vt 0.589633822 0.305960923 0
vt 0.58296746 0.348272651 0
vt 0.199100003 0.0971599966 0
vt 0.190149531 0.108554922 0
vt 0.182156324 0.0875072554 0
vt 0.219289258 0.148870379 0
vt 0.205715761 0.150131762 0
vt 0.204890117 0.131816417 0
vt 0.680020988 0.928335905 0
vt 0.68560034 0.914337039 0
vt 0.707305312 0.914262772 0
vt 0.6446293 0.940894008 0
vt 0.64913106 0.91538614 0
vt 0.646929145 0.94479394 0
vt 0.867174745 0.208734035 0
vt 0.872755766 0.196331114 0
vt 0.876150012 0.196720004 0
vt 0.876150012 0.196720004 0
vt 0.886290312 0.195774689 0
vt 0.867174745 0.208734035 0
vt 0.416564047 0.229764 0
vt 0.38320151 0.241553113 0
vt 0.38710317 0.228084072 0
vt 0.0789622739 0.25116092 0
vt 0.08232636 0.243167147 0
vt 0.109894902 0.267630041 0
vt 0.0999372825 0.395121634 0
vt 0.119892731 0.401405871 0
vt 0.124022342 0.413732469 0
vt 0.650693536 0.373918295 0
vt 0.632445395 0.382697195 0
vt 0.648732185 0.361558944 0
vt 0.658271253 0.327657402 0
vt 0.684437454 0.35657689 0
vt 0.650693536 0.373918295 0
vt 0.708381057 0.785594821 0
vt 0.667581856 0.798293948 0
vt 0.686162293 0.767145216 0
vt 0.774379551 0.485135406 0
vt 0.79183358 0.511877358 0
vt 0.786432922 0.519004524 0
vt 0.737021089 0.83102715 0
vt 0.714915991 0.849040508 0
vt 0.729709268 0.825572133 0
vt 0.292393148 0.614249945 0
vt 0.274038464 0.626841068 0
vt 0.27601251 0.614758074 0
vt 0.786432922 0.519004524 0
vt 0.79183358 0.511877358 0
vt 0.813822806 0.543947697 0
vt 0.830799162 0.566399097 0
vt 0.845832288 0.546809256 0
vt 0.871207893 0.570845306 0
vt 0.853790462 0.228710249 0
vt 0.937070668 0.300510019 0
vt 0.857717812 0.268075109 0
vt 0.445913196 0.13674593 0
vt 0.424085796 0.123494908 0
vt 0.43502 0.126249999 0
vt 0.199100003 0.0971599966 0
vt 0.182156324 0.0875072554 0
vt 0.187690318 0.0721223727 0
vt 0.686162293 0.767145216 0
vt 0.672983527 0.776592672 0
vt 0.678656995 0.756101906 0
vt 0.672983527 0.776592672 0
vt 0.66176784 0.766949415 0
vt 0.678656995 0.756101906 0
vt 0.317490101 0.0614113361 0
vt 0.310699999 0.0598700009 0
vt 0.315095663 0.0281491652 0
vt 0.544175565 0.307467461 0
vt 0.534481227 0.296864033 0
vt 0.552867711 0.284235328 0
vt 0.542154968 0.841473758 0
vt 0.508571565 0.825336874 0
vt 0.487028509 0.789125979 0
vt 0.469170004 0.855669975 0
vt 0.508571565 0.825336874 0
vt 0.565504849 0.886481106 0
vt 0.357195526 0.559424162 0
vt 0.37505582 0.552985668 0
vt 0.355937392 0.574956179 0
vt 0.378694922 0.559549451 0
vt 0.383889019 0.589748085 0
vt 0.355541259 0.593630075 0
vt 0.749517262 0.847465694 0
vt 0.737021089 0.83102715 0
vt 0.759771466 0.818196297 0
vt 0.714915991 0.849040508 0
vt 0.737021089 0.83102715 0
vt 0.749517262 0.847465694 0
vt 0.879127085 0.593459368 0
vt 0.891325772 0.605852723 0
vt 0.852605402 0.589307308 0
vt 0.891405821 0.571218729 0
vt 0.927142739 0.542495847 0
vt 0.891325772 0.605852723 0
vt 0.823453486 0.413693488 0
vt 0.829174161 0.378061324 0
vt 0.862783015 0.383004338 0
vt 0.330486 0.414716661 0
vt 0.321349382 0.391901433 0
vt 0.361126244 0.421510398 0
vt 0.321349382 0.391901433 0
vt 0.293066651 0.389960051 0
vt 0.301373422 0.375812232 0
vt 0.486112833 0.287750393 0
vt 0.490591735 0.287390053 0
vt 0.502054095 0.311256051 0
vt 0.50482446 0.335242182 0
vt 0.495488852 0.386421174 0
vt 0.479974061 0.308715999 0
vt 0.585828543 0.643726945 0
vt 0.598949194 0.681630611 0
vt 0.570046127 0.674047709 0
vt 0.475948006 0.780431271 0
vt 0.504167199 0.772073925 0
vt 0.487028509 0.789125979 0
vt 0.10510806 0.111007921 0
vt 0.109069452 0.0921260715 0
vt 0.126314268 0.0943214819 0
vt 0.477674782 0.263334274 0
vt 0.486112833 0.287750393 0
vt 0.463622034 0.250689775 0
vt 0.386859715 0.145524964 0
vt 0.391659617 0.166206643 0
vt 0.369735003 0.156279996 0
vt 0.321835488 0.655102551 0
vt 0.345054448 0.63936621 0
vt 0.334648579 0.658800125 0
vt 0.0688056275 0.475662321 0
vt 0.0832163692 0.511030734 0
vt 0.0687524974 0.501486123 0
vt 0.134857342 0.233109802 0
vt 0.141803518 0.234914079 0
vt 0.159337178 0.262998402 0
vt 0.324849993 0.698650002 0
vt 0.338283181 0.682600141 0
vt 0.345209986 0.694291055 0
vt 0.0723642483 0.409270197 0
vt 0.0677462518 0.446400642 0
vt 0.0673500001 0.4208 0
vt 0.0677462518 0.446400642 0
vt 0.0688056275 0.475662321 0
vt 0.0631700009 0.471509993 0
vt 0.701571524 0.842344999 0
vt 0.729709268 0.825572133 0
vt 0.714915991 0.849040508 0
vt 0.540851593 0.44662708 0
vt 0.532784402 0.44559747 0
vt 0.525866866 0.415704638 0
vt 0.525866866 0.415704638 0
vt 0.567682862 0.413583964 0
vt 0.540851593 0.44662708 0
vt 0.362803042 0.465497494 0
vt 0.424232751 0.470501959 0
vt 0.423752844 0.490261585 0
vt 0.42958951 0.468591303 0
vt 0.469620913 0.501673281 0
vt 0.423752844 0.490261585 0
vt 0.0735471919 0.381029963 0
vt 0.0946388021 0.397191644 0
vt 0.0654430836 0.389818937 0
vt 0.658271253 0.327657402 0
vt 0.623441815 0.346675992 0
vt 0.626084924 0.319645226 0
vt 0.623441815 0.346675992 0
vt 0.58296746 0.348272651 0
vt 0.626084924 0.319645226 0
vt 0.61398977 0.241296664 0
vt 0.611524343 0.182768539 0
vt 0.630840003 0.208979994 0
vt 0.629170597 0.187959298 0
vt 0.611524343 0.182768539 0
vt 0.622186244 0.157904878 0
vt 0.845209002 0.70686847 0
vt 0.884548008 0.684972346 0
vt 0.887920082 0.696405113 0
vt 0.181742996 0.462170571 0
vt 0.200881198 0.430621117 0
vt 0.195364758 0.474216372 0
vt 0.292393148 0.614249945 0
vt 0.311027288 0.602796972 0
vt 0.277700603 0.641976655 0
vt 0.275963038 0.583696485 0
vt 0.307474047 0.592224419 0
vt 0.291809499 0.604118288 0
vt 0.738346398 0.40196535 0
vt 0.749790549 0.383860677 0
vt 0.756115913 0.394774646 0
vt 0.777199984 0.358639985 0
vt 0.768660128 0.38930738 0
vt 0.7632761 0.360677332 0
vt 0.290477991 0.445249468 0
vt 0.295961708 0.425366461 0
vt 0.312119991 0.444579989 0
vt 0.290477991 0.445249468 0
vt 0.272276074 0.450393915 0
vt 0.246972874 0.407850772 0
vt 0.28164497 0.544232726 0
vt 0.312298417 0.56182766 0
vt 0.304010034 0.57665956 0
vt 0.572480023 0.964049995 0
vt 0.507059991 0.967490017 0
vt 0.539240003 0.96232003 0
vt 0.724627137 0.8731848 0
vt 0.71157527 0.88948971 0
vt 0.706334293 0.864251375 0
vt 0.729765654 0.857722044 0
vt 0.714915991 0.849040508 0
vt 0.749517262 0.847465694 0
vt 0.119893357 0.17201212 0
vt 0.118596829 0.162256077 0
vt 0.145356089 0.189476639 0
vt 0.667406976 0.71269995 0
vt 0.656814516 0.675878406 0
vt 0.69355011 0.6702438 0
vt 0.709890425 0.680893481 0
vt 0.69887197 0.691139281 0
vt 0.69355011 0.6702438 0
vt 0.487028509 0.789125979 0
vt 0.539180636 0.805027604 0
vt 0.542154968 0.841473758 0
vt 0.487028509 0.789125979 0
vt 0.504167199 0.772073925 0
vt 0.501130283 0.783949375 0
vt 0.396466076 0.0670476928 0
vt 0.395487398 0.0888460502 0
vt 0.386745304 0.0577492192 0
vt 0.0238300003 0.624159992 0
vt 0.041043207 0.539198816 0
vt 0.0595895015 0.55539006 0
vt 0.178106651 0.559036314 0
vt 0.236184537 0.505784273 0
vt 0.226113707 0.526363671 0
vt 0.257718652 0.50728482 0
vt 0.236623079 0.525825024 0
vt 0.236184537 0.505784273 0
vt 0.558103383 0.269611448 0
vt 0.573739231 0.244977906 0
vt 0.563333869 0.275075287 0
vt 0.563333869 0.275075287 0
vt 0.557492077 0.304688454 0
vt 0.552867711 0.284235328 0
vt 0.348352492 0.0330933034 0
vt 0.368927389 0.0386284776 0
vt 0.351617992 0.046160005 0
vt 0.145356089 0.189476639 0
vt 0.186932147 0.187323213 0
vt 0.15236859 0.200032488 0
vt 0.185840383 0.217276573 0
vt 0.15236859 0.200032488 0
vt 0.179762542 0.195634723 0
vt 0.393235832 0.198242471 0
vt 0.370979846 0.215595677 0
vt 0.357645363 0.181151167 0
vt 0.36079976 0.268517643 0
vt 0.370979846 0.215595677 0
vt 0.387472004 0.216077358 0
vt 0.26363799 0.106495708 0
vt 0.237220719 0.0994848236 0
vt 0.248719692 0.0966382027 0
vt 0.461732954 0.327341855 0
vt 0.429444283 0.381293625 0
vt 0.420678586 0.330058485 0
vt 0.463622034 0.250689775 0
vt 0.461732954 0.327341855 0
vt 0.457896739 0.29128623 0
vt 0.586670637 0.691877425 0
vt 0.570046127 0.674047709 0
vt 0.598949194 0.681630611 0
vt 0.60164243 0.703225791 0
vt 0.598949194 0.681630611 0
vt 0.613833666 0.665498614 0
vt 0.461610109 0.437745392 0
vt 0.519283473 0.500498652 0
vt 0.469620913 0.501673281 0
vt 0.500973165 0.502895117 0
vt 0.519283473 0.500498652 0
vt 0.51690644 0.513349712 0
vt 0.416564047 0.229764 0
vt 0.398625135 0.257443637 0
vt 0.38320151 0.241553113 0
vt 0.438732773 0.24387227 0
vt 0.408577144 0.259869307 0
vt 0.416564047 0.229764 0
vt 0.182550833 0.42491585 0
vt 0.158655047 0.42389214 0
vt 0.178750411 0.408808768 0
vt 0.13106367 0.410686642 0
vt 0.154244035 0.41107136 0
vt 0.124022342 0.413732469 0
vt 0.330486 0.414716661 0
vt 0.361126244 0.421510398 0
vt 0.348275632 0.429950655 0
vt 0.373829037 0.440509051 0
vt 0.361126244 0.421510398 0
vt 0.391115725 0.433044314 0
vt 0.48944667 0.763255119 0
vt 0.504167199 0.772073925 0
vt 0.481455654 0.764070153 0
vt 0.613833666 0.665498614 0
vt 0.585828543 0.643726945 0
vt 0.612173259 0.626385987 0
vt 0.625428319 0.662266374 0
vt 0.636749983 0.641340017 0
vt 0.6609025 0.657929957 0
vt 0.783955395 0.470588744 0
vt 0.764552832 0.444943547 0
vt 0.79443717 0.462732553 0
vt 0.34957999 0.130860001 0
vt 0.345767468 0.113524139 0
vt 0.351144671 0.1258111 0
vt 0.34957999 0.130860001 0
vt 0.329493821 0.161708921 0
vt 0.333311468 0.111821994 0
vt 0.618219614 0.939318657 0
vt 0.6446293 0.940894008 0
vt 0.6333974 0.961301565 0
vt 0.347429812 0.287953287 0
vt 0.349529773 0.273901254 0
vt 0.359505683 0.272216439 0
vt 0.809464335 0.388589054 0
vt 0.817475677 0.371792853 0
vt 0.819519103 0.398214281 0
vt 0.41092518 0.552528441 0
vt 0.42241022 0.546884596 0
vt 0.424492657 0.56316781 0
vt 0.41092518 0.552528441 0
vt 0.381047696 0.544011414 0
vt 0.42241022 0.546884596 0
vt 0.79152894 0.441637963 0
vt 0.769895375 0.434109658 0
vt 0.789974689 0.413079619 0
vt 0.81564784 0.443742335 0
vt 0.801449001 0.414992541 0
vt 0.815540195 0.42437461 0
vt 0.315855891 0.274560273 0
vt 0.347429812 0.287953287 0
vt 0.290479958 0.291596889 0
vt 0.0544123985 0.339284062 0
vt 0.0606571585 0.31242016 0
vt 0.0729735121 0.301372468 0
vt 0.333311468 0.111821994 0
vt 0.329493821 0.161708921 0
vt 0.319402486 0.08514148 0
vt 0.809464335 0.388589054 0
vt 0.786713362 0.406565815 0
vt 0.803549528 0.369305819 0
vt 0.809464335 0.388589054 0
vt 0.803549528 0.369305819 0
vt 0.817475677 0.371792853 0
vt 0.0410188697 0.316788077 0
vt 0.0441774726 0.294807911 0
vt 0.0606571585 0.31242016 0
vt 0.237456053 0.0672137812 0
vt 0.21842882 0.0629190952 0
vt 0.232747868 0.0580304451 0
vt 0.22715123 0.0834161714 0
vt 0.234696493 0.0816875845 0
vt 0.237220719 0.0994848236 0
vt 0.496038884 0.966674089 0
vt 0.495315075 0.946753204 0
vt 0.505593717 0.958836734 0
vt 0.901935816 0.36829102 0
vt 0.897399843 0.378365666 0
vt 0.880134881 0.361180514 0
vt 0.894981503 0.495860606 0
vt 0.907636404 0.52528739 0
vt 0.890155077 0.539872169 0
vt 0.228377283 0.0732590556 0
vt 0.237456053 0.0672137812 0
vt 0.234696493 0.0816875845 0
vt 0.519604266 0.135474205 0
vt 0.518067777 0.137779772 0
vt 0.513749123 0.123542905 0
vt 0.519604266 0.135474205 0
vt 0.513749123 0.123542905 0
vt 0.565704763 0.112343267 0
vt 0.081443876 0.546726823 0
vt 0.101313718 0.551504254 0
vt 0.0879975408 0.559694469 0
vt 0.625428319 0.662266374 0
vt 0.6609025 0.657929957 0
vt 0.656814516 0.675878406 0
vt 0.61597091 0.718504131 0
vt 0.62842083 0.696457267 0
vt 0.640780628 0.714751482 0
vt 0.867097795 0.562972307 0
vt 0.857380748 0.517490268 0
vt 0.890155077 0.539872169 0
vt 0.381682724 0.0796454847 0
vt 0.359029204 0.0734516382 0
vt 0.373670548 0.0631489307 0
vt 0.334648579 0.658800125 0
vt 0.345054448 0.63936621 0
vt 0.353877276 0.650987923 0
vt 0.352272868 0.638663232 0
vt 0.360755384 0.623853266 0
vt 0.359464884 0.649515271 0
vt 0.73059535 0.43414861 0
vt 0.657689989 0.516380012 0
vt 0.708019972 0.439399987 0
vt 0.73059535 0.43414861 0
vt 0.708019972 0.439399987 0
vt 0.71999532 0.416505158 0
vt 0.358094037 0.155975387 0
vt 0.329493821 0.161708921 0
vt 0.34957999 0.130860001 0
vt 0.329493821 0.161708921 0
vt 0.361419976 0.166783348 0
vt 0.339281529 0.173900485 0
vt 0.434490502 0.399003685 0
vt 0.449233919 0.416142523 0
vt 0.410109937 0.411283791 0
vt 0.609568417 0.965933204 0
vt 0.6333974 0.961301565 0
vt 0.605828702 0.987559736 0
vt 0.813822806 0.543947697 0
vt 0.809446335 0.523608148 0
vt 0.828502417 0.526818693 0
vt 0.809446335 0.523608148 0
vt 0.815372646 0.498911411 0
vt 0.828502417 0.526818693 0
vt 0.228897944 0.140068412 0
vt 0.217744395 0.114404202 0
vt 0.242337182 0.145356104 0
vt 0.228897944 0.140068412 0
vt 0.204890117 0.131816417 0
vt 0.214752793 0.119248964 0
vt 0.664383769 0.748368919 0
vt 0.678656995 0.756101906 0
vt 0.66176784 0.766949415 0
vt 0.890853345 0.650097489 0
vt 0.899272025 0.645081997 0
vt 0.898681879 0.67239356 0
vt 0.888036489 0.672686458 0
vt 0.824873447 0.656021237 0
vt 0.857388318 0.64124316 0
vt 0.190149531 0.108554922 0
vt 0.213051617 0.109266259 0
vt 0.197611719 0.122136682 0
vt 0.759626627 0.805500627 0
vt 0.742617369 0.806453049 0
vt 0.741707385 0.798226357 0
vt 0.741707385 0.798226357 0
vt 0.734011531 0.770986438 0
vt 0.76358521 0.78098321 0
vt 0.408576697 0.361991376 0
vt 0.429444283 0.381293625 0
vt 0.421124101 0.384362429 0
vt 0.429444283 0.381293625 0
vt 0.408576697 0.361991376 0
vt 0.420678586 0.330058485 0
vt 0.2583974 0.633599579 0
vt 0.248100072 0.638948023 0
vt 0.266133577 0.629777133 0
vt 0.906730711 0.186882272 0
vt 0.934279501 0.18290177 0
vt 0.923446059 0.189879805 0
vt 0.66176784 0.766949415 0
vt 0.636136711 0.775773108 0
vt 0.644667447 0.756758034 0
vt 0.636136711 0.775773108 0
vt 0.614166021 0.792018056 0
vt 0.632505655 0.757925451 0
vt 0.741707385 0.798226357 0
vt 0.76358521 0.78098321 0
vt 0.759626627 0.805500627 0
vt 0.794440925 0.777458072 0
vt 0.788565457 0.768557906 0
vt 0.81809938 0.774109721 0
vt 0.448655367 0.799212456 0
vt 0.437040001 0.804560006 0
vt 0.436541051 0.796527505 0
vt 0.436541051 0.796527505 0
vt 0.464184999 0.795951307 0
vt 0.448655367 0.799212456 0
vt 0.205357075 0.3910411 0
vt 0.210271537 0.37888208 0
vt 0.218179137 0.395354271 0
vt 0.421371102 0.209257483 0
vt 0.449637115 0.230381906 0
vt 0.438732773 0.24387227 0
vt 0.486144781 0.232627735 0
vt 0.463622034 0.250689775 0
vt 0.438732773 0.24387227 0
vt 0.272483617 0.210607529 0
vt 0.245017633 0.211813435 0
vt 0.247494832 0.197223946 0
vt 0.210129976 0.210344478 0
vt 0.179762542 0.195634723 0
vt 0.228007272 0.184891328 0
vt 0.900756121 0.85330689 0
vt 0.890241027 0.851378977 0
vt 0.875873327 0.826253653 0
vt 0.890241027 0.851378977 0
vt 0.900756121 0.85330689 0
vt 0.894754291 0.871746898 0
vt 0.610091507 0.728425384 0
vt 0.594665349 0.707608998 0
vt 0.60164243 0.703225791 0
vt 0.486144781 0.232627735 0
vt 0.460178673 0.217459694 0
vt 0.481330335 0.219319478 0
vt 0.486144781 0.232627735 0
vt 0.486769587 0.201284185 0
vt 0.513722777 0.201593816 0
vt 0.652844846 0.394068211 0
vt 0.632445395 0.382697195 0
vt 0.650693536 0.373918295 0
vt 0.633309662 0.420948625 0
vt 0.58296746 0.348272651 0
vt 0.632445395 0.382697195 0
vt 0.824873447 0.656021237 0
vt 0.772992134 0.641585112 0
vt 0.857388318 0.64124316 0
vt 0.910570979 0.405573279 0
vt 0.911078453 0.387387305 0
vt 0.924678862 0.393566251 0
vt 0.513722777 0.201593816 0
vt 0.490591735 0.287390053 0
vt 0.477674782 0.263334274 0
vt 0.909741342 0.857397974 0
vt 0.894754291 0.871746898 0
vt 0.900756121 0.85330689 0
vt 0.236456975 0.202494666 0
vt 0.204527795 0.244522691 0
vt 0.199487522 0.238308251 0
vt 0.666745782 0.194197401 0
vt 0.641452789 0.201200798 0
vt 0.650525272 0.184213385 0
vt 0.666745782 0.194197401 0
vt 0.648299992 0.173409998 0
vt 0.653670013 0.146290004 0
vt 0.162982896 0.294221461 0
vt 0.212544709 0.31453374 0
vt 0.150295913 0.30299896 0
vt 0.147400841 0.293265194 0
vt 0.150295913 0.30299896 0
vt 0.131304383 0.299830645 0
vt 0.644667447 0.756758034 0
vt 0.636136711 0.775773108 0
vt 0.632505655 0.757925451 0
vt 0.644667447 0.756758034 0
vt 0.632505655 0.757925451 0
vt 0.667406976 0.71269995 0
vt 0.788565457 0.768557906 0
vt 0.770797968 0.792382061 0
vt 0.76358521 0.78098321 0
vt 0.747950017 0.246209994 0
vt 0.7357288 0.25829342 0
vt 0.723229408 0.254585713 0
vt 0.62677002 0.539529979 0
vt 0.62531966 0.534353375 0
vt 0.637819111 0.522550881 0
vt 0.614166021 0.792018056 0
vt 0.598576367 0.841459811 0
vt 0.585918546 0.805603564 0
vt 0.555923343 0.790983319 0
vt 0.585918546 0.805603564 0
vt 0.562231481 0.809319854 0
vt 0.6333974 0.961301565 0
vt 0.61739856 0.956580162 0
vt 0.618219614 0.939318657 0
vt 0.611109436 0.951361418 0
vt 0.593055308 0.909809887 0
vt 0.618219614 0.939318657 0
vt 0.541076005 0.17811799 0
vt 0.566682577 0.237771451 0
vt 0.513722777 0.201593816 0
vt 0.581420958 0.223788679 0
vt 0.566682577 0.237771451 0
vt 0.568862379 0.20181796 0
vt 0.724267721 0.754358888 0
vt 0.686162293 0.767145216 0
vt 0.706882715 0.743090153 0
vt 0.787267208 0.531075478 0
vt 0.830799162 0.566399097 0
vt 0.778786361 0.539410055 0
vt 0.565323591 0.785437584 0
vt 0.585918546 0.805603564 0
vt 0.555923343 0.790983319 0
vt 0.565323591 0.785437584 0
vt 0.555923343 0.790983319 0
vt 0.534690022 0.747749984 0
vt 0.394757569 0.569917977 0
vt 0.41092518 0.552528441 0
vt 0.424492657 0.56316781 0
vt 0.378694922 0.559549451 0
vt 0.41092518 0.552528441 0
vt 0.394757569 0.569917977 0
vt 0.61398977 0.241296664 0
vt 0.614306271 0.270269066 0
vt 0.573739231 0.244977906 0
vt 0.615464747 0.25949049 0
vt 0.643509567 0.27197659 0
vt 0.617770016 0.271149993 0
vt 0.96373558 0.467057884 0
vt 0.950165331 0.504036784 0
vt 0.945427954 0.4710325 0
vt 0.130770892 0.331817657 0
vt 0.114032432 0.316226751 0
vt 0.144604608 0.327461451 0
vt 0.130770892 0.331817657 0
vt 0.144604608 0.327461451 0
vt 0.144900426 0.361543566 0
vt 0.114629999 0.257679999 0
vt 0.129845247 0.262394637 0
vt 0.109894902 0.267630041 0
vt 0.119427152 0.232943654 0
vt 0.146058276 0.264438272 0
vt 0.129845247 0.262394637 0
vt 0.709890425 0.680893481 0
vt 0.72655338 0.677531123 0
vt 0.722565651 0.691880286 0
vt 0.817475677 0.371792853 0
vt 0.829174161 0.378061324 0
vt 0.819519103 0.398214281 0
vt 0.840503931 0.334266514 0
vt 0.829174161 0.378061324 0
vt 0.823543549 0.345012009 0
vt 0.256045014 0.645567477 0
vt 0.266133577 0.629777133 0
vt 0.264843464 0.65104562 0
vt 0.475948006 0.780431271 0
vt 0.487028509 0.789125979 0
vt 0.480062544 0.792510152 0
vt 0.652624905 0.23513326 0
vt 0.643509567 0.27197659 0
vt 0.637405455 0.253910989 0
vt 0.917155504 0.343370855 0
vt 0.904901266 0.357514024 0
vt 0.906321764 0.342234701 0
vt 0.321280718 0.41940245 0
vt 0.312119991 0.444579989 0
vt 0.295961708 0.425366461 0
vt 0.348275632 0.429950655 0
vt 0.323320091 0.428714752 0
vt 0.321280718 0.41940245 0
vt 0.51690644 0.513349712 0
vt 0.519283473 0.500498652 0
vt 0.527209997 0.516680002 0
vt 0.51690644 0.513349712 0
vt 0.521314383 0.523901343 0
vt 0.485268176 0.52535975 0
vt 0.520449996 0.403569996 0
vt 0.516079128 0.418880939 0
vt 0.495488852 0.386421174 0
vt 0.793603599 0.758716881 0
vt 0.823826194 0.751681507 0
vt 0.81809938 0.774109721 0
vt 0.84744966 0.782950819 0
vt 0.823826194 0.751681507 0
vt 0.830911577 0.753947616 0
vt 0.658625007 0.873250186 0
vt 0.670725465 0.868015945 0
vt 0.673407197 0.893856108 0
vt 0.0590479672 0.358316571 0
vt 0.0544123985 0.339284062 0
vt 0.0729735121 0.301372468 0
vt 0.0544123985 0.339284062 0
vt 0.0548621453 0.359393954 0
vt 0.0390377268 0.345252663 0
vt 0.557590008 0.654219985 0
vt 0.577910006 0.62312001 0
vt 0.585828543 0.643726945 0
vt 0.585828543 0.643726945 0
vt 0.553994 0.676500976 0
vt 0.557590008 0.654219985 0
vt 0.232598513 0.331207573 0
vt 0.263780147 0.356003165 0
vt 0.213008925 0.363787949 0
vt 0.807960987 0.721180975 0
vt 0.782589197 0.706251562 0
vt 0.845209002 0.70686847 0
vt 0.357645363 0.181151167 0
vt 0.345337361 0.208105266 0
vt 0.35410437 0.181927055 0
vt 0.361419976 0.166783348 0
vt 0.35410437 0.181927055 0
vt 0.339281529 0.173900485 0
vt 0.553994 0.676500976 0
vt 0.549832284 0.680017173 0
vt 0.549927294 0.660762548 0
vt 0.312298417 0.56182766 0
vt 0.338073373 0.570896149 0
vt 0.307474047 0.592224419 0
vt 0.888296664 0.418532252 0
vt 0.896845222 0.405907899 0
vt 0.894734502 0.426461041 0
vt 0.894734502 0.426461041 0
vt 0.898790002 0.465440005 0
vt 0.887720108 0.446866453 0
vt 0.711402476 0.271962047 0
vt 0.674847245 0.301732749 0
vt 0.681812823 0.290522993 0
vt 0.066262953 0.200349823 0
vt 0.100235924 0.225608006 0
vt 0.0726662353 0.22263737 0
vt 0.357195526 0.559424162 0
vt 0.356097341 0.545740604 0
vt 0.381047696 0.544011414 0
vt 0.381047696 0.544011414 0
vt 0.386456281 0.536648691 0
vt 0.42241022 0.546884596 0
vt 0.806946874 0.863206863 0
vt 0.808459461 0.83251673 0
vt 0.809237361 0.856714427 0
vt 0.853790462 0.228710249 0
vt 0.857717812 0.268075109 0
vt 0.843943894 0.24197945 0
vt 0.857717812 0.268075109 0
vt 0.833730638 0.246892795 0
vt 0.843943894 0.24197945 0
vt 0.553061485 0.480223089 0
vt 0.542363286 0.45976302 0
vt 0.572752535 0.461389184 0
vt 0.066262953 0.200349823 0
vt 0.0660813078 0.183573633 0
vt 0.0828730389 0.188183784 0
vt 0.553061485 0.480223089 0
vt 0.539615452 0.477858365 0
vt 0.542363286 0.45976302 0
vt 0.436868221 0.545711219 0
vt 0.451046914 0.543969631 0
vt 0.424492657 0.56316781 0
vt 0.589341223 0.158538967 0
vt 0.568862379 0.20181796 0
vt 0.572892427 0.136800036 0
vt 0.572892427 0.136800036 0
vt 0.577784061 0.129132107 0
vt 0.589341223 0.158538967 0
vt 0.687960029 0.214340001 0
vt 0.682089806 0.216176167 0
vt 0.68494755 0.207057416 0
vt 0.664877832 0.248077914 0
vt 0.682089806 0.216176167 0
vt 0.694879711 0.217876241 0
vt 0.813822806 0.543947697 0
vt 0.845832288 0.546809256 0
vt 0.830799162 0.566399097 0
vt 0.805502474 0.568981826 0
vt 0.778786361 0.539410055 0
vt 0.830799162 0.566399097 0
vt 0.451484591 0.813500166 0
vt 0.441167772 0.812102437 0
vt 0.448655367 0.799212456 0
vt 0.257458508 0.625303745 0
vt 0.238879994 0.625660002 0
vt 0.240669996 0.618070006 0
vt 0.383417219 0.129507035 0
vt 0.421321899 0.155853361 0
vt 0.386859715 0.145524964 0
vt 0.142454848 0.0987561569 0
vt 0.124530621 0.108000271 0
vt 0.126314268 0.0943214819 0
vt 0.607305646 0.288737804 0
vt 0.609435797 0.2849783 0
vt 0.615038097 0.295188725 0
vt 0.13545765 0.383879691 0
vt 0.127802134 0.36830765 0
vt 0.148453221 0.385654688 0
vt 0.206574947 0.0927770585 0
vt 0.208056137 0.0740657151 0
vt 0.219999969 0.0989518911 0
vt 0.788615644 0.865484595 0
vt 0.768335521 0.878953874 0
vt 0.770222127 0.870498836 0
vt 0.733910024 0.896679997 0
vt 0.754579961 0.877806842 0
vt 0.768335521 0.878953874 0
vt 0.0765974075 0.431064546 0
vt 0.0882693827 0.400854796 0
vt 0.102326393 0.443384439 0
vt 0.624156713 0.312365949 0
vt 0.610867441 0.305360913 0
vt 0.620076418 0.300561309 0
vt 0.598137915 0.289883286 0
vt 0.615038097 0.295188725 0
vt 0.610867441 0.305360913 0
vt 0.151946351 0.402560741 0
vt 0.148453221 0.385654688 0
vt 0.160701156 0.398080766 0
vt 0.242337182 0.145356104 0
vt 0.237348646 0.164594173 0
vt 0.228897944 0.140068412 0
vt 0.242337182 0.145356104 0
vt 0.267908007 0.170977339 0
vt 0.237348646 0.164594173 0
vt 0.469680011 0.158798456 0
vt 0.471135169 0.16980128 0
vt 0.452685088 0.140203893 0
vt 0.911135316 0.721559346 0
vt 0.848111987 0.719841778 0
vt 0.876892805 0.708726764 0
vt 0.851139605 0.70833385 0
vt 0.887920082 0.696405113 0
vt 0.876892805 0.708726764 0
vt 0.601082742 0.872822165 0
vt 0.640987098 0.882893562 0
vt 0.612776816 0.890891671 0
vt 0.592452049 0.883587718 0
vt 0.601082742 0.872822165 0
vt 0.612776816 0.890891671 0
vt 0.381047696 0.544011414 0
vt 0.356097341 0.545740604 0
vt 0.386456281 0.536648691 0
vt 0.219289258 0.148870379 0
vt 0.228897944 0.140068412 0
vt 0.232311547 0.160200715 0
vt 0.228897944 0.140068412 0
vt 0.219289258 0.148870379 0
vt 0.204890117 0.131816417 0
vt 0.421321899 0.155853361 0
vt 0.383417219 0.129507035 0
vt 0.404190689 0.107707389 0
vt 0.424085796 0.123494908 0
vt 0.419509381 0.143618405 0
vt 0.411410004 0.120789997 0
vt 0.900383294 0.693443656 0
vt 0.900914788 0.700753868 0
vt 0.887920082 0.696405113 0
vt 0.900383294 0.693443656 0
vt 0.887920082 0.696405113 0
vt 0.897586405 0.684600532 0
vt 0.386079222 0.31315589 0
vt 0.380119801 0.283372104 0
vt 0.398091048 0.264700174 0
vt 0.378694922 0.559549451 0
vt 0.381047696 0.544011414 0
vt 0.41092518 0.552528441 0
vt 0.37505582 0.552985668 0
vt 0.378694922 0.559549451 0
vt 0.355937392 0.574956179 0
vt 0.612173259 0.626385987 0
vt 0.630290389 0.587963998 0
vt 0.628696501 0.607099175 0
vt 0.636749983 0.641340017 0
vt 0.628696501 0.607099175 0
vt 0.683191121 0.612313867 0
vt 0.823826194 0.751681507 0
vt 0.845209002 0.70686847 0
vt 0.851139605 0.70833385 0
vt 0.148408458 0.134244889 0
vt 0.139675125 0.150948837 0
vt 0.137847036 0.141038343 0
vt 0.361126244 0.421510398 0
vt 0.380929619 0.41894874 0
vt 0.391115725 0.433044314 0
vt 0.380929619 0.41894874 0
vt 0.417794466 0.451454371 0
vt 0.391115725 0.433044314 0
vt 0.874828041 0.438004225 0
vt 0.868474126 0.461605847 0
vt 0.849840105 0.451246381 0
vt 0.865057349 0.49946171 0
vt 0.853220582 0.474134326 0
vt 0.868474126 0.461605847 0
vt 0.630840003 0.208979994 0
vt 0.641452789 0.201200798 0
vt 0.628167987 0.218913093 0
vt 0.117701091 0.278112054 0
vt 0.126764923 0.291125715 0
vt 0.108768746 0.284061313 0
vt 0.0974187776 0.282867789 0
vt 0.131304383 0.299830645 0
vt 0.0499096848 0.276524663 0
vt 0.0345633924 0.392373115 0
vt 0.0172679629 0.397705853 0
vt 0.032782983 0.382127762 0
vt 0.125784338 0.143872812 0
vt 0.137847036 0.141038343 0
vt 0.139675125 0.150948837 0
vt 0.26159066 0.255858481 0
vt 0.284952253 0.252513379 0
vt 0.272544831 0.257667691 0
vt 0.828765213 0.445992231 0
vt 0.833853483 0.432295591 0
vt 0.849840105 0.451246381 0
vt 0.644417763 0.583891869 0
vt 0.697627664 0.574029386 0
vt 0.628696501 0.607099175 0
vt 0.76910603 0.538156867 0
vt 0.710825086 0.562015653 0
vt 0.658453941 0.573334873 0
vt 0.0513955168 0.389469862 0
vt 0.0345633924 0.392373115 0
vt 0.032782983 0.382127762 0
vt 0.0513955168 0.389469862 0
vt 0.0673500001 0.4208 0
vt 0.0345633924 0.392373115 0
vt 0.104529999 0.272040009 0
vt 0.108768746 0.284061313 0
vt 0.09353403 0.271073699 0
vt 0.135543898 0.162062243 0
vt 0.145356089 0.189476639 0
vt 0.118596829 0.162256077 0
vt 0.658625007 0.873250186 0
vt 0.623206854 0.865574539 0
vt 0.641446948 0.845509708 0
vt 0.623206854 0.865574539 0
vt 0.601082742 0.872822165 0
vt 0.625120997 0.810771823 0
vt 0.474288613 0.410200745 0
vt 0.468915462 0.392872453 0
vt 0.479563117 0.392518699 0
vt 0.468915462 0.392872453 0
vt 0.451437742 0.404751152 0
vt 0.435898095 0.394203395 0
vt 0.145356089 0.189476639 0
vt 0.135543898 0.162062243 0
vt 0.153665319 0.182520136 0
vt 0.145356089 0.189476639 0
vt 0.153665319 0.182520136 0
vt 0.186932147 0.187323213 0
vt 0.152033985 0.31641525 0
vt 0.213008925 0.363787949 0
vt 0.170563862 0.348025918 0
vt 0.161446154 0.352580249 0
vt 0.151775464 0.350725979 0
vt 0.152033985 0.31641525 0
vt 0.280168474 0.0566950999 0
vt 0.280557364 0.0701331869 0
vt 0.270715207 0.0490967743 0
vt 0.898916185 0.620461643 0
vt 0.885037899 0.621703029 0
vt 0.891325772 0.605852723 0
vt 0.885037899 0.621703029 0
vt 0.852605402 0.589307308 0
vt 0.891325772 0.605852723 0
vt 0.952482879 0.232206687 0
vt 0.95774138 0.221392214 0
vt 0.966819346 0.23574236 0
vt 0.348529994 0.0155699998 0
vt 0.331238717 0.00857711863 0
vt 0.339102179 0.00422925362 0
vt 0.539615452 0.477858365 0
vt 0.52796042 0.492871135 0
vt 0.50815475 0.453774422 0
vt 0.565323591 0.785437584 0
vt 0.597380757 0.736736178 0
vt 0.602882504 0.772692442 0
vt 0.234696493 0.0816875845 0
vt 0.237456053 0.0672137812 0
vt 0.242633015 0.0837893486 0
vt 0.234696493 0.0816875845 0
vt 0.242633015 0.0837893486 0
vt 0.237220719 0.0994848236 0
vt 0.101707011 0.140396103 0
vt 0.104350768 0.169940934 0
vt 0.0729763731 0.156399876 0
vt 0.84744966 0.782950819 0
vt 0.849609256 0.797464907 0
vt 0.81809938 0.774109721 0
vt 0.248121396 0.536311746 0
vt 0.236623079 0.525825024 0
vt 0.264270991 0.526763082 0
vt 0.236184537 0.505784273 0
vt 0.236623079 0.525825024 0
vt 0.226113707 0.526363671 0
vt 0.798089981 0.334729999 0
vt 0.813972175 0.312481582 0
vt 0.811376214 0.324669838 0
vt 0.498652548 0.109182797 0
vt 0.513749123 0.123542905 0
vt 0.488340557 0.120292068 0
vt 0.548220515 0.956353545 0
vt 0.505593717 0.958836734 0
vt 0.488699436 0.918261886 0
vt 0.548220515 0.956353545 0
vt 0.507059991 0.967490017 0
vt 0.505593717 0.958836734 0
vt 0.0410188697 0.316788077 0
vt 0.0544123985 0.339284062 0
vt 0.0390377268 0.345252663 0
vt 0.906321764 0.342234701 0
vt 0.87925756 0.333276421 0
vt 0.919507027 0.322504133 0
vt 0.0681203157 0.173114464 0
vt 0.0884605348 0.18161881 0
vt 0.0828730389 0.188183784 0
vt 0.101310313 0.186302409 0
vt 0.118659809 0.19621864 0
vt 0.0899709687 0.187890053 0
vt 0.357691407 0.252650857 0
vt 0.341042489 0.252806544 0
vt 0.342810303 0.236707211 0
vt 0.893089354 0.173376769 0
vt 0.872776508 0.182066724 0
vt 0.907549977 0.149770007 0
vt 0.872755766 0.196331114 0
vt 0.865429997 0.193515614 0
vt 0.872776508 0.182066724 0
vt 0.480062544 0.792510152 0
vt 0.508571565 0.825336874 0
vt 0.475759864 0.820499718 0
vt 0.458747059 0.825269997 0
vt 0.475759864 0.820499718 0
vt 0.508571565 0.825336874 0
vt 0.373670548 0.0631489307 0
vt 0.346316218 0.0527016632 0
vt 0.351617992 0.046160005 0
vt 0.337673515 0.0492691919 0
vt 0.336805195 0.0392516255 0
vt 0.351617992 0.046160005 0
vt 0.708019972 0.439399987 0
vt 0.705968797 0.417927176 0
vt 0.71999532 0.416505158 0
vt 0.616334379 0.142934829 0
vt 0.622186244 0.157904878 0
vt 0.603876591 0.177179724 0
vt 0.360755384 0.623853266 0
vt 0.367291659 0.633562684 0
vt 0.359464884 0.649515271 0
vt 0.360755384 0.623853266 0
vt 0.393564016 0.619633377 0
vt 0.367291659 0.633562684 0
vt 0.357691407 0.252650857 0
vt 0.370979846 0.215595677 0
vt 0.36079976 0.268517643 0
vt 0.512125134 0.30369395 0
vt 0.534481227 0.296864033 0
vt 0.544175565 0.307467461 0
vt 0.513722777 0.201593816 0
vt 0.534481227 0.296864033 0
vt 0.512125134 0.30369395 0
vt 0.757780492 0.45499894 0
vt 0.747017026 0.465610027 0
vt 0.73772496 0.439091593 0
vt 0.747017026 0.465610027 0
vt 0.746029854 0.500890732 0
vt 0.73059535 0.43414861 0
vt 0.955380797 0.441757023 0
vt 0.968993306 0.451165229 0
vt 0.96373558 0.467057884 0
vt 0.955380797 0.441757023 0
vt 0.952523768 0.403077543 0
vt 0.970420003 0.449339986 0
vt 0.142454848 0.0987561569 0
vt 0.126314268 0.0943214819 0
vt 0.145269215 0.093566522 0
vt 0.600066423 0.970318437 0
vt 0.594958663 0.996128082 0
vt 0.584138215 0.954214513 0
vt 0.307474047 0.592224419 0
vt 0.328850418 0.618812382 0
vt 0.311027288 0.602796972 0
vt 0.307474047 0.592224419 0
vt 0.311027288 0.602796972 0
vt 0.292393148 0.614249945 0
vt 0.747916579 0.872617662 0
vt 0.754579961 0.877806842 0
vt 0.733910024 0.896679997 0
vt 0.749517262 0.847465694 0
vt 0.768699288 0.835933805 0
vt 0.763235033 0.860435665 0
vt 0.951227665 0.32346198 0
vt 0.943042696 0.334658146 0
vt 0.92167145 0.337898612 0
vt 0.648732185 0.361558944 0
vt 0.658271253 0.327657402 0
vt 0.650693536 0.373918295 0
vt 0.658271253 0.327657402 0
vt 0.650919974 0.344830006 0
vt 0.623441815 0.346675992 0
vt 0.640780628 0.714751482 0
vt 0.62842083 0.696457267 0
vt 0.650880039 0.704264402 0
vt 0.650880039 0.704264402 0
vt 0.667406976 0.71269995 0
vt 0.640780628 0.714751482 0
vt 0.146058276 0.264438272 0
vt 0.188078046 0.282730758 0
vt 0.179321036 0.285246611 0
vt 0.425104827 0.17258659 0
vt 0.424797535 0.187261537 0
vt 0.393235832 0.198242471 0
vt 0.993509233 0.363252699 0
vt 0.986915767 0.360926181 0
vt 0.996323049 0.349422783 0
vt 0.281500012 0.655200005 0
vt 0.290630251 0.647307813 0
vt 0.289999992 0.665889978 0
vt 0.27902329 0.655097783 0
vt 0.272957116 0.632337928 0
vt 0.277700603 0.641976655 0
vt 0.339281529 0.173900485 0
vt 0.332771599 0.191851452 0
vt 0.323204607 0.187055528 0
vt 0.339281529 0.173900485 0
vt 0.35410437 0.181927055 0
vt 0.332771599 0.191851452 0
vt 0.766597986 0.410795808 0
vt 0.786713362 0.406565815 0
vt 0.789974689 0.413079619 0
vt 0.809464335 0.388589054 0
vt 0.789974689 0.413079619 0
vt 0.786713362 0.406565815 0
vt 0.210271537 0.37888208 0
vt 0.160831004 0.376863509 0
vt 0.193044871 0.368737608 0
vt 0.281567156 0.53854984 0
vt 0.312298417 0.56182766 0
vt 0.28164497 0.544232726 0
vt 0.309907407 0.548521698 0
vt 0.356097341 0.545740604 0
vt 0.312298417 0.56182766 0
vt 0.951227665 0.32346198 0
vt 0.95653981 0.347091258 0
vt 0.943042696 0.334658146 0
vt 0.943042696 0.334658146 0
vt 0.95653981 0.347091258 0
vt 0.92167145 0.337898612 0
vt 0.247494832 0.197223946 0
vt 0.230977491 0.199528828 0
vt 0.236109793 0.179403082 0
vt 0.230977491 0.199528828 0
vt 0.247494832 0.197223946 0
vt 0.236456975 0.202494666 0
vt 0.311027288 0.602796972 0
vt 0.328850418 0.618812382 0
vt 0.277700603 0.641976655 0
vt 0.277700603 0.641976655 0
vt 0.282910973 0.645962596 0
vt 0.27902329 0.655097783 0
vt 0.812110722 0.470272511 0
vt 0.81564784 0.443742335 0
vt 0.842616022 0.468274623 0
vt 0.81564784 0.443742335 0
vt 0.80010128 0.433072776 0
vt 0.801449001 0.414992541 0
vt 0.327333897 0.0418713205 0
vt 0.336805195 0.0392516255 0
vt 0.337673515 0.0492691919 0
vt 0.33334446 0.0274246037 0
vt 0.327333897 0.0418713205 0
vt 0.315095663 0.0281491652 0
vt 0.315206796 0.451297313 0
vt 0.362803042 0.465497494 0
vt 0.282982856 0.483279228 0
vt 0.21844849 0.178194165 0
vt 0.186932147 0.187323213 0
vt 0.206582427 0.17948395 0
vt 0.843741357 0.866031706 0
vt 0.855971396 0.859722316 0
vt 0.847819984 0.869029999 0
vt 0.334648579 0.658800125 0
vt 0.353877276 0.650987923 0
vt 0.345609695 0.666503608 0
vt 0.345609695 0.666503608 0
vt 0.353877276 0.650987923 0
vt 0.360498011 0.678634703 0
vt 0.21001251 0.409200102 0
vt 0.205357075 0.3910411 0
vt 0.218179137 0.395354271 0
vt 0.647891283 0.789307356 0
vt 0.636136711 0.775773108 0
vt 0.66176784 0.766949415 0
vt 0.809237361 0.856714427 0
vt 0.833063185 0.840036392 0
vt 0.833836496 0.862058282 0
vt 0.440907687 0.142329335 0
vt 0.445913196 0.13674593 0
vt 0.471135169 0.16980128 0
vt 0.445913196 0.13674593 0
vt 0.440907687 0.142329335 0
vt 0.424085796 0.123494908 0
vt 0.842616022 0.468274623 0
vt 0.839629412 0.491035104 0
vt 0.812110722 0.470272511 0
vt 0.839629412 0.491035104 0
vt 0.853220582 0.474134326 0
vt 0.865057349 0.49946171 0
vt 0.759626627 0.805500627 0
vt 0.76358521 0.78098321 0
vt 0.770797968 0.792382061 0
vt 0.770797968 0.792382061 0
vt 0.780441344 0.791577697 0
vt 0.759626627 0.805500627 0
vt 0.128822803 0.206080213 0
vt 0.0924749002 0.20689331 0
vt 0.113771871 0.200600773 0
vt 0.435939431 0.785658419 0
vt 0.464184999 0.795951307 0
vt 0.436541051 0.796527505 0
vt 0.427900702 0.797707379 0
vt 0.435939431 0.785658419 0
vt 0.436541051 0.796527505 0
vt 0.833836496 0.862058282 0
vt 0.812346935 0.869179249 0
vt 0.809237361 0.856714427 0
vt 0.645168543 0.439197928 0
vt 0.652844846 0.394068211 0
vt 0.665210009 0.406800002 0
vt 0.449289918 0.530133665 0
vt 0.458547562 0.533126175 0
vt 0.436868221 0.545711219 0
vt 0.737250924 0.724545002 0
vt 0.74702239 0.74419862 0
vt 0.727529645 0.740796804 0
vt 0.74702239 0.74419862 0
vt 0.734011531 0.770986438 0
vt 0.724267721 0.754358888 0
vt 0.531173587 0.31931594 0
vt 0.518621147 0.304865658 0
vt 0.544175565 0.307467461 0
vt 0.317490101 0.0614113361 0
vt 0.319402486 0.08514148 0
vt 0.310699999 0.0598700009 0
vt 0.349877715 0.619947016 0
vt 0.345054448 0.63936621 0
vt 0.336395144 0.63905406 0
vt 0.349877715 0.619947016 0
vt 0.360755384 0.623853266 0
vt 0.352272868 0.638663232 0
vt 0.379857779 0.391399741 0
vt 0.344674259 0.360181302 0
vt 0.376593173 0.356372088 0
vt 0.394930005 0.366149992 0
vt 0.421124101 0.384362429 0
vt 0.380356699 0.364476264 0
vt 0.460178673 0.217459694 0
vt 0.471604109 0.200576901 0
vt 0.481330335 0.219319478 0
vt 0.486144781 0.232627735 0
vt 0.481330335 0.219319478 0
vt 0.486769587 0.201284185 0
vt 0.327705026 0.058570873 0
vt 0.346316218 0.0527016632 0
vt 0.359029204 0.0734516382 0
vt 0.337188274 0.0704083294 0
vt 0.329349071 0.0970963314 0
vt 0.317490101 0.0614113361 0
vt 0.210250005 0.464249998 0
vt 0.236184537 0.505784273 0
vt 0.178130761 0.486589164 0
vt 0.178130761 0.486589164 0
vt 0.181742996 0.462170571 0
vt 0.195364758 0.474216372 0
vt 0.471135169 0.16980128 0
vt 0.481278986 0.177732527 0
vt 0.471604109 0.200576901 0
vt 0.481330335 0.219319478 0
vt 0.471604109 0.200576901 0
vt 0.486769587 0.201284185 0
vt 0.944229603 0.391626984 0
vt 0.95653981 0.347091258 0
vt 0.978764832 0.390953273 0
vt 0.589633822 0.305960923 0
vt 0.577807128 0.318806797 0
vt 0.574221492 0.297265857 0
vt 0.461732954 0.327341855 0
vt 0.479974061 0.308715999 0
vt 0.479778528 0.379316419 0
vt 0.306630343 0.186503351 0
vt 0.300296634 0.193999216 0
vt 0.28859359 0.175834104 0
vt 0.313487172 0.195035055 0
vt 0.319217741 0.207798436 0
vt 0.300296634 0.193999216 0
vt 0.242337182 0.145356104 0
vt 0.217744395 0.114404202 0
vt 0.231838509 0.109381057 0
vt 0.232055381 0.0992866009 0
vt 0.231838509 0.109381057 0
vt 0.213051617 0.109266259 0
vt 0.0789622739 0.25116092 0
vt 0.109894902 0.267630041 0
vt 0.0912071615 0.264504582 0
vt 0.109894902 0.267630041 0
vt 0.104529999 0.272040009 0
vt 0.0912071615 0.264504582 0
vt 0.463622034 0.250689775 0
vt 0.448260248 0.256440997 0
vt 0.438732773 0.24387227 0
vt 0.463622034 0.250689775 0
vt 0.457896739 0.29128623 0
vt 0.448260248 0.256440997 0
vt 0.0645065159 0.25875321 0
vt 0.081419073 0.272380471 0
vt 0.0499096848 0.276524663 0
vt 0.217744395 0.114404202 0
vt 0.213051617 0.109266259 0
vt 0.231838509 0.109381057 0
vt 0.213051617 0.109266259 0
vt 0.214752793 0.119248964 0
vt 0.197611719 0.122136682 0
vt 0.72655338 0.677531123 0
vt 0.709890425 0.680893481 0
vt 0.70778048 0.664434731 0
vt 0.730461776 0.647691071 0
vt 0.72655338 0.677531123 0
vt 0.70778048 0.664434731 0
vt 0.633489311 0.299354047 0
vt 0.663503051 0.278487653 0
vt 0.660138011 0.304236174 0
vt 0.643509567 0.27197659 0
vt 0.666927755 0.257655799 0
vt 0.663503051 0.278487653 0
vt 0.424085796 0.123494908 0
vt 0.414730012 0.0808200017 0
vt 0.425639987 0.111680001 0
vt 0.43502 0.126249999 0
vt 0.424085796 0.123494908 0
vt 0.429773271 0.107421272 0
vt 0.756115913 0.394774646 0
vt 0.786713362 0.406565815 0
vt 0.766597986 0.410795808 0
vt 0.748738885 0.444181681 0
vt 0.738346398 0.40196535 0
vt 0.756115913 0.394774646 0
vt 0.894082963 0.82648766 0
vt 0.872916698 0.813885868 0
vt 0.880135 0.780283451 0
vt 0.218179137 0.395354271 0
vt 0.275578946 0.399108171 0
vt 0.246972874 0.407850772 0
vt 0.253136218 0.441384077 0
vt 0.221676275 0.42991659 0
vt 0.246972874 0.407850772 0
vt 0.0744979233 0.533476055 0
vt 0.081443876 0.546726823 0
vt 0.0636010617 0.549537301 0
vt 0.756115913 0.394774646 0
vt 0.768660128 0.38930738 0
vt 0.786713362 0.406565815 0
vt 0.756115913 0.394774646 0
vt 0.749790549 0.383860677 0
vt 0.768660128 0.38930738 0
vt 0.236456975 0.202494666 0
vt 0.199487522 0.238308251 0
vt 0.208940074 0.221903309 0
vt 0.664383769 0.748368919 0
vt 0.66176784 0.766949415 0
vt 0.644667447 0.756758034 0
vt 0.248100072 0.638948023 0
vt 0.236075401 0.636870086 0
vt 0.257458508 0.625303745 0
vt 0.437040001 0.804560006 0
vt 0.448655367 0.799212456 0
vt 0.441167772 0.812102437 0
vt 0.843795776 0.764875352 0
vt 0.880135 0.780283451 0
vt 0.84744966 0.782950819 0
vt 0.126789778 0.114423424 0
vt 0.14169094 0.111650325 0
vt 0.137851417 0.129177988 0
vt 0.142454848 0.0987561569 0
vt 0.14169094 0.111650325 0
vt 0.124530621 0.108000271 0
vt 0.210129976 0.210344478 0
vt 0.185840383 0.217276573 0
vt 0.179762542 0.195634723 0
vt 0.502740145 0.149079785 0
vt 0.486769587 0.201284185 0
vt 0.481278986 0.177732527 0
vt 0.481278986 0.177732527 0
vt 0.486769587 0.201284185 0
vt 0.471604109 0.200576901 0
vt 0.763235033 0.860435665 0
vt 0.788615644 0.865484595 0
vt 0.770222127 0.870498836 0
vt 0.747916579 0.872617662 0
vt 0.763235033 0.860435665 0
vt 0.754579961 0.877806842 0
vt 0.68936038 0.71477598 0
vt 0.706851184 0.714669526 0
vt 0.695603848 0.735073209 0
vt 0.210129976 0.210344478 0
vt 0.208940074 0.221903309 0
vt 0.185840383 0.217276573 0
vt 0.193373755 0.230728388 0
vt 0.208940074 0.221903309 0
vt 0.199487522 0.238308251 0
vt 0.523728192 0.324233413 0
vt 0.52301091 0.347153574 0
vt 0.513541937 0.335378557 0
vt 0.854892612 0.293731272 0
vt 0.845516384 0.282350481 0
vt 0.840619981 0.262730002 0
vt 0.845516384 0.282350481 0
vt 0.854892612 0.293731272 0
vt 0.834270537 0.315114439 0
vt 0.198900193 0.45463413 0
vt 0.207381234 0.449058473 0
vt 0.206029341 0.455769777 0
vt 0.260736138 0.466072202 0
vt 0.206029341 0.455769777 0
vt 0.250541151 0.457181066 0
vt 0.293333799 0.0859078392 0
vt 0.273016781 0.0903620645 0
vt 0.280557364 0.0701331869 0
vt 0.831705153 0.80487293 0
vt 0.867089033 0.818870723 0
vt 0.848715782 0.827383399 0
vt 0.763283074 0.554612875 0
vt 0.76910603 0.538156867 0
vt 0.778786361 0.539410055 0
vt 0.312298417 0.56182766 0
vt 0.307474047 0.592224419 0
vt 0.304010034 0.57665956 0
vt 0.275963038 0.583696485 0
vt 0.304010034 0.57665956 0
vt 0.307474047 0.592224419 0
vt 0.666927755 0.257655799 0
vt 0.652624905 0.23513326 0
vt 0.664877832 0.248077914 0
vt 0.230977491 0.199528828 0
vt 0.210129976 0.210344478 0
vt 0.228007272 0.184891328 0
vt 0.236109793 0.179403082 0
vt 0.230977491 0.199528828 0
vt 0.228007272 0.184891328 0
vt 0.228377283 0.0732590556 0
vt 0.234696493 0.0816875845 0
vt 0.22715123 0.0834161714 0
vt 0.678006649 0.843075573 0
vt 0.665435612 0.847792208 0
vt 0.671570003 0.815599978 0
vt 0.670725465 0.868015945 0
vt 0.678006649 0.843075573 0
vt 0.688700914 0.864381075 0
vt 0.161446154 0.352580249 0
vt 0.170563862 0.348025918 0
vt 0.193044871 0.368737608 0
vt 0.170563862 0.348025918 0
vt 0.161446154 0.352580249 0
vt 0.164314523 0.344719768 0
vt 0.471329987 0.124739997 0
vt 0.488340557 0.120292068 0
vt 0.466400862 0.143097609 0
vt 0.922887385 0.176426321 0
vt 0.93126452 0.177792907 0
vt 0.906730711 0.186882272 0
vt 0.93126452 0.177792907 0
vt 0.949670017 0.187920004 0
vt 0.934279501 0.18290177 0
vt 0.803549528 0.369305819 0
vt 0.786713362 0.406565815 0
vt 0.791156054 0.383977622 0
vt 0.0563657768 0.504358649 0
vt 0.0687524974 0.501486123 0
vt 0.0744979233 0.533476055 0
vt 0.26977846 0.348489434 0
vt 0.263780147 0.356003165 0
vt 0.2373586 0.325030744 0
vt 0.2373586 0.325030744 0
vt 0.207740098 0.290949941 0
vt 0.26977846 0.348489434 0
vt 0.670725465 0.868015945 0
vt 0.651878953 0.822906852 0
vt 0.665435612 0.847792208 0
vt 0.670725465 0.868015945 0
vt 0.665435612 0.847792208 0
vt 0.678006649 0.843075573 0
vt 0.348275632 0.429950655 0
vt 0.361126244 0.421510398 0
vt 0.373829037 0.440509051 0
vt 0.310333997 0.636742055 0
vt 0.328657985 0.645822048 0
vt 0.321835488 0.655102551 0
vt 0.848715782 0.827383399 0
vt 0.833063185 0.840036392 0
vt 0.831705153 0.80487293 0
vt 0.855971396 0.859722316 0
vt 0.833063185 0.840036392 0
vt 0.848715782 0.827383399 0
vt 0.27726835 0.242806569 0
vt 0.260488063 0.229153499 0
vt 0.262643009 0.22465764 0
vt 0.27726835 0.242806569 0
vt 0.262643009 0.22465764 0
vt 0.272483617 0.210607529 0
vt 0.471135169 0.16980128 0
vt 0.444511175 0.158417687 0
vt 0.440907687 0.142329335 0
vt 0.0892842114 0.387888223 0
vt 0.0916732326 0.353006035 0
vt 0.0979510471 0.364062101 0
vt 0.885824621 0.511781275 0
vt 0.890155077 0.539872169 0
vt 0.857380748 0.517490268 0
vt 0.865057349 0.49946171 0
vt 0.885824621 0.511781275 0
vt 0.857380748 0.517490268 0
vt 0.567682862 0.413583964 0
vt 0.554349244 0.435959965 0
vt 0.540851593 0.44662708 0
vt 0.567682862 0.413583964 0
vt 0.58296746 0.348272651 0
vt 0.573599517 0.43857491 0
vt 0.817475677 0.371792853 0
vt 0.823543549 0.345012009 0
vt 0.829174161 0.378061324 0
vt 0.748738885 0.444181681 0
vt 0.73772496 0.439091593 0
vt 0.738346398 0.40196535 0
vt 0.0899709687 0.187890053 0
vt 0.118659809 0.19621864 0
vt 0.113771871 0.200600773 0
vt 0.377680004 0.656570017 0
vt 0.392129987 0.681289971 0
vt 0.384011745 0.676088929 0
vt 0.355937392 0.574956179 0
vt 0.378694922 0.559549451 0
vt 0.355541259 0.593630075 0
vt 0.338073373 0.570896149 0
vt 0.355937392 0.574956179 0
vt 0.355541259 0.593630075 0
vt 0.582451582 0.457184553 0
vt 0.570535362 0.471899837 0
vt 0.572752535 0.461389184 0
vt 0.573599517 0.43857491 0
vt 0.582451582 0.457184553 0
vt 0.572752535 0.461389184 0
vt 0.315095663 0.0281491652 0
vt 0.280168474 0.0566950999 0
vt 0.270715207 0.0490967743 0
vt 0.452685088 0.140203893 0
vt 0.454829991 0.123230003 0
vt 0.462708861 0.127508953 0
vt 0.12322703 0.397800297 0
vt 0.119892731 0.401405871 0
vt 0.0999372825 0.395121634 0
vt 0.293066651 0.389960051 0
vt 0.330486 0.414716661 0
vt 0.275578946 0.399108171 0
vt 0.293066651 0.389960051 0
vt 0.321349382 0.391901433 0
vt 0.330486 0.414716661 0
vt 0.158655047 0.42389214 0
vt 0.143493742 0.414736897 0
vt 0.16058284 0.412713826 0
vt 0.952523768 0.403077543 0
vt 0.944229603 0.391626984 0
vt 0.978764832 0.390953273 0
vt 0.723306775 0.710326612 0
vt 0.722565651 0.691880286 0
vt 0.729347408 0.700119853 0
vt 0.391757697 0.321857154 0
vt 0.386079222 0.31315589 0
vt 0.398091048 0.264700174 0
vt 0.391757697 0.321857154 0
vt 0.344674259 0.360181302 0
vt 0.386079222 0.31315589 0
vt 0.182550833 0.42491585 0
vt 0.199816212 0.412998676 0
vt 0.200881198 0.430621117 0
vt 0.92918539 0.411098152 0
vt 0.924678862 0.393566251 0
vt 0.944229603 0.391626984 0
vt 0.910570979 0.405573279 0
vt 0.924678862 0.393566251 0
vt 0.92918539 0.411098152 0
vt 0.952482879 0.232206687 0
vt 0.966819346 0.23574236 0
vt 0.959246874 0.238823846 0
vt 0.892291546 0.217696577 0
vt 0.952482879 0.232206687 0
vt 0.959246874 0.238823846 0
vt 0.828765213 0.445992231 0
vt 0.842616022 0.468274623 0
vt 0.81564784 0.443742335 0
vt 0.148453221 0.385654688 0
vt 0.127802134 0.36830765 0
vt 0.144900426 0.361543566 0
vt 0.148453221 0.385654688 0
vt 0.144900426 0.361543566 0
vt 0.15511921 0.368042022 0
vt 0.641024351 0.530421078 0
vt 0.658453941 0.573334873 0
vt 0.644417763 0.583891869 0
vt 0.658453941 0.573334873 0
vt 0.710825086 0.562015653 0
vt 0.644417763 0.583891869 0
vt 0.434490502 0.399003685 0
vt 0.410109937 0.411283791 0
vt 0.380929619 0.41894874 0
vt 0.429444283 0.381293625 0
vt 0.435898095 0.394203395 0
vt 0.421124101 0.384362429 0
vt 0.387472004 0.216077358 0
vt 0.370979846 0.215595677 0
vt 0.393235832 0.198242471 0
vt 0.387472004 0.216077358 0
vt 0.393235832 0.198242471 0
vt 0.424797535 0.187261537 0
vt 0.475948006 0.780431271 0
vt 0.480062544 0.792510152 0
vt 0.452296168 0.786605 0
vt 0.452296168 0.786605 0
vt 0.464184999 0.795951307 0
vt 0.435939431 0.785658419 0
vt 0.880134881 0.361180514 0
vt 0.87925756 0.333276421 0
vt 0.906321764 0.342234701 0
vt 0.929672062 0.509620488 0
vt 0.913036406 0.522199273 0
vt 0.923461139 0.497316033 0
vt 0.768699288 0.835933805 0
vt 0.759771466 0.818196297 0
vt 0.780441344 0.791577697 0
vt 0.717809975 0.233750001 0
vt 0.7225793 0.243427157 0
vt 0.712576985 0.234673813 0
vt 0.743608236 0.264319003 0
vt 0.714021206 0.258558869 0
vt 0.723229408 0.254585713 0
vt 0.562377453 0.346886903 0
vt 0.552109778 0.338837355 0
vt 0.577807128 0.318806797 0
vt 0.488340557 0.120292068 0
vt 0.518067777 0.137779772 0
vt 0.502740145 0.149079785 0
vt 0.261490643 0.0685821921 0
vt 0.25126189 0.0837644264 0
vt 0.24919562 0.0697445273 0
vt 0.683487833 0.269623041 0
vt 0.694879711 0.217876241 0
vt 0.712576985 0.234673813 0
vt 0.193373755 0.230728388 0
vt 0.15236859 0.200032488 0
vt 0.185840383 0.217276573 0
vt 0.208940074 0.221903309 0
vt 0.193373755 0.230728388 0
vt 0.185840383 0.217276573 0
vt 0.552109778 0.338837355 0
vt 0.562377453 0.346886903 0
vt 0.545461178 0.34627831 0
vt 0.552109778 0.338837355 0
vt 0.545461178 0.34627831 0
vt 0.531173587 0.31931594 0
vt 0.24919562 0.0697445273 0
vt 0.242633015 0.0837893486 0
vt 0.237456053 0.0672137812 0
vt 0.232747868 0.0580304451 0
vt 0.24919562 0.0697445273 0
vt 0.237456053 0.0672137812 0
vt 0.712576985 0.234673813 0
vt 0.700135589 0.267935902 0
vt 0.683487833 0.269623041 0
vt 0.714021206 0.258558869 0
vt 0.712576985 0.234673813 0
vt 0.7225793 0.243427157 0
vt 0.10962268 0.333218217 0
vt 0.105751731 0.339012027 0
vt 0.0956494957 0.336068571 0
vt 0.219289258 0.148870379 0
vt 0.21844849 0.178194165 0
vt 0.205715761 0.150131762 0
vt 0.206582427 0.17948395 0
vt 0.186932147 0.187323213 0
vt 0.153665319 0.182520136 0
vt 0.451437742 0.404751152 0
vt 0.434490502 0.399003685 0
vt 0.435898095 0.394203395 0
vt 0.221506163 0.0710611418 0
vt 0.228377283 0.0732590556 0
vt 0.22715123 0.0834161714 0
vt 0.21842882 0.0629190952 0
vt 0.228377283 0.0732590556 0
vt 0.221506163 0.0710611418 0
vt 0.660989463 0.901577175 0
vt 0.673407197 0.893856108 0
vt 0.68560034 0.914337039 0
vt 0.660989463 0.901577175 0
vt 0.68560034 0.914337039 0
vt 0.680020988 0.928335905 0
vt 0.612173259 0.626385987 0
vt 0.59355247 0.619325697 0
vt 0.593202591 0.612280488 0
vt 0.085935466 0.303572118 0
vt 0.0990313068 0.317972183 0
vt 0.0844205245 0.313118815 0
vt 0.139675125 0.150948837 0
vt 0.148408458 0.134244889 0
vt 0.158311695 0.140405387 0
vt 0.14102985 0.197742209 0
vt 0.145356089 0.189476639 0
vt 0.15236859 0.200032488 0
vt 0.14725998 0.221216381 0
vt 0.14102985 0.197742209 0
vt 0.15236859 0.200032488 0
vt 0.0990313068 0.317972183 0
vt 0.10962268 0.333218217 0
vt 0.086127609 0.319110096 0
vt 0.119080521 0.518655598 0
vt 0.12107946 0.508559465 0
vt 0.143504307 0.528739154 0
vt 0.221774489 0.279245704 0
vt 0.184332639 0.265457094 0
vt 0.233606681 0.254941136 0
vt 0.26159066 0.255858481 0
vt 0.221774489 0.279245704 0
vt 0.233606681 0.254941136 0
vt 0.60164243 0.703225791 0
vt 0.586670637 0.691877425 0
vt 0.598949194 0.681630611 0
vt 0.857242584 0.796274364 0
vt 0.849609256 0.797464907 0
vt 0.84744966 0.782950819 0
vt 0.307474047 0.592224419 0
vt 0.292393148 0.614249945 0
vt 0.291809499 0.604118288 0
vt 0.291809499 0.604118288 0
vt 0.292393148 0.614249945 0
vt 0.27601251 0.614758074 0
vt 0.329493821 0.161708921 0
vt 0.358094037 0.155975387 0
vt 0.361419976 0.166783348 0
vt 0.0723642483 0.409270197 0
vt 0.0771267489 0.462186456 0
vt 0.0677462518 0.446400642 0
vt 0.867097795 0.562972307 0
vt 0.891066611 0.561583102 0
vt 0.871207893 0.570845306 0
vt 0.786432922 0.519004524 0
vt 0.770001531 0.507964492 0
vt 0.774379551 0.485135406 0
vt 0.786432922 0.519004524 0
vt 0.813822806 0.543947697 0
vt 0.787267208 0.531075478 0
vt 0.254424632 0.589550257 0
vt 0.25796786 0.56665498 0
vt 0.275963038 0.583696485 0
vt 0.701571524 0.842344999 0
vt 0.742617369 0.806453049 0
vt 0.729709268 0.825572133 0
vt 0.76358521 0.78098321 0
vt 0.775478423 0.763737977 0
vt 0.788565457 0.768557906 0
vt 0.793603599 0.758716881 0
vt 0.775478423 0.763737977 0
vt 0.775085449 0.738915741 0
vt 0.375729233 0.0910603702 0
vt 0.359029204 0.0734516382 0
vt 0.381682724 0.0796454847 0
vt 0.376568109 0.107401513 0
vt 0.375729233 0.0910603702 0
vt 0.381682724 0.0796454847 0
vt 0.644667447 0.756758034 0
vt 0.667406976 0.71269995 0
vt 0.674645782 0.714957774 0
vt 0.151946351 0.402560741 0
vt 0.160701156 0.398080766 0
vt 0.16058284 0.412713826 0
vt 0.729765654 0.857722044 0
vt 0.706334293 0.864251375 0
vt 0.714915991 0.849040508 0
vt 0.706334293 0.864251375 0
vt 0.701571524 0.842344999 0
vt 0.714915991 0.849040508 0
vt 0.373670548 0.0631489307 0
vt 0.386745304 0.0577492192 0
vt 0.395487398 0.0888460502 0
vt 0.119086295 0.34782061 0
vt 0.130770892 0.331817657 0
vt 0.144900426 0.361543566 0
vt 0.741707385 0.798226357 0
vt 0.728339851 0.788175642 0
vt 0.734011531 0.770986438 0
vt 0.734011531 0.770986438 0
vt 0.728339851 0.788175642 0
vt 0.708381057 0.785594821 0
vt 0.624156713 0.312365949 0
vt 0.620076418 0.300561309 0
vt 0.624265611 0.297941864 0
vt 0.0882693827 0.400854796 0
vt 0.0999372825 0.395121634 0
vt 0.139098689 0.428459406 0
vt 0.257718652 0.50728482 0
vt 0.264270991 0.526763082 0
vt 0.236623079 0.525825024 0
vt 0.882820964 0.457229674 0
vt 0.887720108 0.446866453 0
vt 0.890910625 0.471950442 0
vt 0.885012269 0.436891764 0
vt 0.894734502 0.426461041 0
vt 0.887720108 0.446866453 0
vt 0.566682577 0.237771451 0
vt 0.581420958 0.223788679 0
vt 0.573739231 0.244977906 0
vt 0.882820964 0.457229674 0
vt 0.885012269 0.436891764 0
vt 0.887720108 0.446866453 0
vt 0.0882693827 0.400854796 0
vt 0.0723642483 0.409270197 0
vt 0.0667261109 0.400427431 0
vt 0.0723642483 0.409270197 0
vt 0.0673500001 0.4208 0
vt 0.0667261109 0.400427431 0
vt 0.260488063 0.229153499 0
vt 0.27726835 0.242806569 0
vt 0.284952253 0.252513379 0
vt 0.29725945 0.249844581 0
vt 0.284952253 0.252513379 0
vt 0.27726835 0.242806569 0
vt 0.100235924 0.225608006 0
vt 0.0769470558 0.2319341 0
vt 0.0726662353 0.22263737 0
vt 0.126764923 0.291125715 0
vt 0.147400841 0.293265194 0
vt 0.131304383 0.299830645 0
vt 0.819519103 0.398214281 0
vt 0.829174161 0.378061324 0
vt 0.823453486 0.413693488 0
vt 0.815540195 0.42437461 0
vt 0.823453486 0.413693488 0
vt 0.828765213 0.445992231 0
vt 0.0513955168 0.389469862 0
vt 0.0946388021 0.397191644 0
vt 0.0667261109 0.400427431 0
vt 0.0513955168 0.389469862 0
vt 0.0392420888 0.363287747 0
vt 0.0654430836 0.389818937 0
vt 0.119893357 0.17201212 0
vt 0.145356089 0.189476639 0
vt 0.131854579 0.186379462 0
vt 0.118659809 0.19621864 0
vt 0.109451227 0.177518085 0
vt 0.119295351 0.185396507 0
vt 0.525866866 0.415704638 0
vt 0.516079128 0.418880939 0
vt 0.520449996 0.403569996 0
vt 0.427882612 0.690906048 0
vt 0.413165838 0.635500073 0
vt 0.423158795 0.664162457 0
vt 0.413165838 0.635500073 0
vt 0.405420005 0.634140015 0
vt 0.400668949 0.620429099 0
vt 0.553590655 0.692490697 0
vt 0.549908102 0.72129035 0
vt 0.549860895 0.687974155 0
vt 0.553590655 0.692490697 0
vt 0.549832284 0.680017173 0
vt 0.553994 0.676500976 0
vt 0.345767468 0.113524139 0
vt 0.357539445 0.114476889 0
vt 0.351144671 0.1258111 0
vt 0.363195717 0.121719137 0
vt 0.365239054 0.141474605 0
vt 0.351144671 0.1258111 0
vt 0.816287637 0.407006204 0
vt 0.815540195 0.42437461 0
vt 0.801449001 0.414992541 0
vt 0.816287637 0.407006204 0
vt 0.819519103 0.398214281 0
vt 0.823453486 0.413693488 0
vt 0.877642334 0.834863067 0
vt 0.848715782 0.827383399 0
vt 0.867089033 0.818870723 0
vt 0.329493821 0.161708921 0
vt 0.306339085 0.11718782 0
vt 0.293333799 0.0859078392 0
vt 0.27955997 0.131125271 0
vt 0.293333799 0.0859078392 0
vt 0.306339085 0.11718782 0
vt 0.134857342 0.233109802 0
vt 0.146058276 0.264438272 0
vt 0.119427152 0.232943654 0
vt 0.134857342 0.233109802 0
vt 0.119427152 0.232943654 0
vt 0.113536954 0.22772646 0
vt 0.486112833 0.287750393 0
vt 0.479974061 0.308715999 0
vt 0.461732954 0.327341855 0
vt 0.570046127 0.674047709 0
vt 0.553994 0.676500976 0
vt 0.585828543 0.643726945 0
vt 0.553994 0.676500976 0
vt 0.570046127 0.674047709 0
vt 0.553590655 0.692490697 0
vt 0.650880039 0.704264402 0
vt 0.62842083 0.696457267 0
vt 0.630434632 0.682960093 0
vt 0.625428319 0.662266374 0
vt 0.630434632 0.682960093 0
vt 0.618347824 0.651980281 0
vt 0.363195717 0.121719137 0
vt 0.357539445 0.114476889 0
vt 0.376568109 0.107401513 0
vt 0.351144671 0.1258111 0
vt 0.357539445 0.114476889 0
vt 0.363195717 0.121719137 0
vt 0.317490101 0.0614113361 0
vt 0.327705026 0.058570873 0
vt 0.337188274 0.0704083294 0
vt 0.139491007 0.217035979 0
vt 0.141803518 0.234914079 0
vt 0.134857342 0.233109802 0
vt 0.273016781 0.0903620645 0
vt 0.26363799 0.106495708 0
vt 0.25126189 0.0837644264 0
vt 0.293333799 0.0859078392 0
vt 0.26363799 0.106495708 0
vt 0.273016781 0.0903620645 0
vt 0.823826194 0.751681507 0
vt 0.848111987 0.719841778 0
vt 0.830911577 0.753947616 0
vt 0.337673515 0.0492691919 0
vt 0.351617992 0.046160005 0
vt 0.346316218 0.0527016632 0
vt 0.931379497 0.431558222 0
vt 0.955380797 0.441757023 0
vt 0.931017816 0.435760558 0
vt 0.270715207 0.0490967743 0
vt 0.261490643 0.0685821921 0
vt 0.254851401 0.0549142547 0
vt 0.346606046 0.100509278 0
vt 0.359029204 0.0734516382 0
vt 0.362358332 0.102837324 0
vt 0.277700603 0.641976655 0
vt 0.328850418 0.618812382 0
vt 0.282910973 0.645962596 0
vt 0.461610109 0.437745392 0
vt 0.380929619 0.41894874 0
vt 0.410109937 0.411283791 0
vt 0.13717173 0.55307591 0
vt 0.126165822 0.534413874 0
vt 0.15016903 0.538508475 0
vt 0.725695729 0.893020749 0
vt 0.747916579 0.872617662 0
vt 0.733910024 0.896679997 0
vt 0.667581856 0.798293948 0
vt 0.672983527 0.776592672 0
vt 0.686162293 0.767145216 0
vt 0.104529999 0.272040009 0
vt 0.117701091 0.278112054 0
vt 0.108768746 0.284061313 0
vt 0.109894902 0.267630041 0
vt 0.117701091 0.278112054 0
vt 0.104529999 0.272040009 0
vt 0.42241022 0.546884596 0
vt 0.436868221 0.545711219 0
vt 0.424492657 0.56316781 0
vt 0.424089074 0.534528732 0
vt 0.410623938 0.524644732 0
vt 0.426461339 0.517199278 0
vt 0.549434721 0.282204211 0
vt 0.534481227 0.296864033 0
vt 0.533232749 0.251652926 0
vt 0.174132526 0.137635738 0
vt 0.135543898 0.162062243 0
vt 0.158311695 0.140405387 0
vt 0.672983527 0.776592672 0
vt 0.667581856 0.798293948 0
vt 0.661046624 0.792209268 0
vt 0.254424632 0.589550257 0
vt 0.233030155 0.602184772 0
vt 0.230890006 0.594980001 0
vt 0.424089074 0.534528732 0
vt 0.449289918 0.530133665 0
vt 0.436868221 0.545711219 0
vt 0.424089074 0.534528732 0
vt 0.436868221 0.545711219 0
vt 0.428899258 0.543820381 0
vt 0.79443717 0.462732553 0
vt 0.80010128 0.433072776 0
vt 0.815372646 0.498911411 0
vt 0.558103383 0.269611448 0
vt 0.549434721 0.282204211 0
vt 0.533232749 0.251652926 0
vt 0.558103383 0.269611448 0
vt 0.563333869 0.275075287 0
vt 0.552867711 0.284235328 0
vt 0.966032922 0.209147707 0
vt 0.965014577 0.216705918 0
vt 0.948972046 0.204910606 0
vt 0.34359619 0.27155003 0
vt 0.341042489 0.252806544 0
vt 0.349529773 0.273901254 0
vt 0.347429812 0.287953287 0
vt 0.34359619 0.27155003 0
vt 0.349529773 0.273901254 0
vt 0.337188274 0.0704083294 0
vt 0.327705026 0.058570873 0
vt 0.359029204 0.0734516382 0
vt 0.359029204 0.0734516382 0
vt 0.346606046 0.100509278 0
vt 0.337188274 0.0704083294 0
vt 0.440697044 0.496027142 0
vt 0.426461339 0.517199278 0
vt 0.423752844 0.490261585 0
vt 0.423752844 0.490261585 0
vt 0.469620913 0.501673281 0
vt 0.440697044 0.496027142 0
vt 0.14102985 0.197742209 0
vt 0.14725998 0.221216381 0
vt 0.139491007 0.217035979 0
vt 0.139491007 0.217035979 0
vt 0.14725998 0.221216381 0
vt 0.141803518 0.234914079 0
vt 0.0884605348 0.18161881 0
vt 0.109451227 0.177518085 0
vt 0.101310313 0.186302409 0
vt 0.926631987 0.472713351 0
vt 0.931017816 0.435760558 0
vt 0.933382571 0.483218491 0
vt 0.408577144 0.259869307 0
vt 0.407381713 0.252256751 0
vt 0.416564047 0.229764 0
vt 0.407381713 0.252256751 0
vt 0.408577144 0.259869307 0
vt 0.398091048 0.264700174 0
vt 0.542363286 0.45976302 0
vt 0.532784402 0.44559747 0
vt 0.540851593 0.44662708 0
vt 0.823543549 0.345012009 0
vt 0.812619388 0.354278207 0
vt 0.811376214 0.324669838 0
vt 0.845516384 0.282350481 0
vt 0.834270537 0.315114439 0
vt 0.811376214 0.324669838 0
vt 0.180273876 0.24508433 0
vt 0.204527795 0.244522691 0
vt 0.169758409 0.257979006 0
vt 0.542363286 0.45976302 0
vt 0.537600338 0.461141229 0
vt 0.532784402 0.44559747 0
vt 0.912414074 0.468530864 0
vt 0.931017816 0.435760558 0
vt 0.926631987 0.472713351 0
vt 0.749790549 0.383860677 0
vt 0.756310642 0.381738931 0
vt 0.768660128 0.38930738 0
vt 0.740212023 0.369744062 0
vt 0.756310642 0.381738931 0
vt 0.749790549 0.383860677 0
vt 0.209763631 0.558729947 0
vt 0.160062715 0.569229543 0
vt 0.178106651 0.559036314 0
vt 0.137851417 0.129177988 0
vt 0.137847036 0.141038343 0
vt 0.125784338 0.143872812 0
vt 0.278975487 0.466459662 0
vt 0.250519156 0.489026695 0
vt 0.260736138 0.466072202 0
vt 0.041043207 0.539198816 0
vt 0.0457177274 0.537629783 0
vt 0.0636010617 0.549537301 0
vt 0.0776705518 0.55935216 0
vt 0.0595895015 0.55539006 0
vt 0.0636010617 0.549537301 0
vt 0.904713333 0.47441408 0
vt 0.917321324 0.44208616 0
vt 0.912414074 0.468530864 0
vt 0.445935488 0.364279389 0
vt 0.470536858 0.363012314 0
vt 0.468915462 0.392872453 0
vt 0.148408458 0.134244889 0
vt 0.137847036 0.141038343 0
vt 0.137851417 0.129177988 0
vt 0.0856591612 0.376019925 0
vt 0.0735471919 0.381029963 0
vt 0.0590479672 0.358316571 0
vt 0.641024351 0.530421078 0
vt 0.644417763 0.583891869 0
vt 0.625039995 0.567680001 0
vt 0.62677002 0.539529979 0
vt 0.637819111 0.522550881 0
vt 0.641024351 0.530421078 0
vt 0.345337361 0.208105266 0
vt 0.355664104 0.225665361 0
vt 0.330417395 0.231302947 0
vt 0.342810303 0.236707211 0
vt 0.341042489 0.252806544 0
vt 0.330417395 0.231302947 0
vt 0.460178673 0.217459694 0
vt 0.449637115 0.230381906 0
vt 0.424797535 0.187261537 0
vt 0.780441344 0.791577697 0
vt 0.759771466 0.818196297 0
vt 0.759626627 0.805500627 0
vt 0.815372646 0.498911411 0
vt 0.834189057 0.519134998 0
vt 0.828502417 0.526818693 0
vt 0.839629412 0.491035104 0
vt 0.834189057 0.519134998 0
vt 0.821312845 0.49944523 0
vt 0.706442118 0.286122113 0
vt 0.684437454 0.35657689 0
vt 0.658271253 0.327657402 0
vt 0.674847245 0.301732749 0
vt 0.658271253 0.327657402 0
vt 0.671346128 0.299054742 0
vt 0.341042489 0.252806544 0
vt 0.315855891 0.274560273 0
vt 0.312424958 0.266608208 0
vt 0.312424958 0.266608208 0
vt 0.315855891 0.274560273 0
vt 0.284952253 0.252513379 0
vt 0.61739856 0.956580162 0
vt 0.609568417 0.965933204 0
vt 0.611109436 0.951361418 0
vt 0.611109436 0.951361418 0
vt 0.618219614 0.939318657 0
vt 0.61739856 0.956580162 0
vt 0.387472004 0.216077358 0
vt 0.424797535 0.187261537 0
vt 0.421371102 0.209257483 0
vt 0.424797535 0.187261537 0
vt 0.449637115 0.230381906 0
vt 0.421371102 0.209257483 0
vt 0.728987396 0.610087395 0
vt 0.683191121 0.612313867 0
vt 0.757282138 0.556728065 0
vt 0.787267208 0.531075478 0
vt 0.778786361 0.539410055 0
vt 0.76910603 0.538156867 0
vt 0.786432922 0.519004524 0
vt 0.787267208 0.531075478 0
vt 0.76910603 0.538156867 0
vt 0.929417968 0.359295845 0
vt 0.92167145 0.337898612 0
vt 0.95653981 0.347091258 0
vt 0.906321764 0.342234701 0
vt 0.92167145 0.337898612 0
vt 0.917155504 0.343370855 0
vt 0.08232636 0.243167147 0
vt 0.0769470558 0.2319341 0
vt 0.0921600461 0.248269245 0
vt 0.109894902 0.267630041 0
vt 0.08232636 0.243167147 0
vt 0.0921600461 0.248269245 0
vt 0.839629412 0.491035104 0
vt 0.865057349 0.49946171 0
vt 0.834189057 0.519134998 0
vt 0.154244035 0.41107136 0
vt 0.16058284 0.412713826 0
vt 0.143493742 0.414736897 0
vt 0.154244035 0.41107136 0
vt 0.151946351 0.402560741 0
vt 0.16058284 0.412713826 0
vt 0.572480023 0.964049995 0
vt 0.584138215 0.954214513 0
vt 0.594958663 0.996128082 0
vt 0.423752844 0.490261585 0
vt 0.410623938 0.524644732 0
vt 0.386456281 0.536648691 0
vt 0.831705153 0.80487293 0
vt 0.833063185 0.840036392 0
vt 0.821150124 0.82394433 0
vt 0.586670637 0.691877425 0
vt 0.594665349 0.707608998 0
vt 0.571830511 0.70473218 0
vt 0.594665349 0.707608998 0
vt 0.586670637 0.691877425 0
vt 0.60164243 0.703225791 0
vt 0.6333974 0.961301565 0
vt 0.6446293 0.940894008 0
vt 0.646929145 0.94479394 0
vt 0.187690318 0.0721223727 0
vt 0.206574947 0.0927770585 0
vt 0.199100003 0.0971599966 0
vt 0.349877715 0.619947016 0
vt 0.328850418 0.618812382 0
vt 0.338885844 0.602414906 0
vt 0.355541259 0.593630075 0
vt 0.349877715 0.619947016 0
vt 0.338885844 0.602414906 0
vt 0.882869065 0.852847993 0
vt 0.890241027 0.851378977 0
vt 0.894754291 0.871746898 0
vt 0.882869065 0.852847993 0
vt 0.877642334 0.834863067 0
vt 0.890241027 0.851378977 0
vt 0.376593173 0.356372088 0
vt 0.344674259 0.360181302 0
vt 0.382631809 0.347848982 0
vt 0.124530621 0.108000271 0
vt 0.14169094 0.111650325 0
vt 0.126789778 0.114423424 0
vt 0.126789778 0.114423424 0
vt 0.0952124223 0.134912297 0
vt 0.10510806 0.111007921 0
vt 0.339102179 0.00422925362 0
vt 0.331238717 0.00857711863 0
vt 0.335663617 0.00182929391 0
vt 0.394710869 0.592327356 0
vt 0.385660499 0.616082788 0
vt 0.360755384 0.623853266 0
vt 0.710825086 0.562015653 0
vt 0.757282138 0.556728065 0
vt 0.697627664 0.574029386 0
vt 0.710825086 0.562015653 0
vt 0.697627664 0.574029386 0
vt 0.644417763 0.583891869 0
vt 0.207740098 0.290949941 0
vt 0.244159997 0.268530011 0
vt 0.290479958 0.291596889 0
vt 0.674645782 0.714957774 0
vt 0.68760401 0.698883653 0
vt 0.68936038 0.71477598 0
vt 0.794125259 0.346654385 0
vt 0.811376214 0.324669838 0
vt 0.812619388 0.354278207 0
vt 0.587572753 0.913577974 0
vt 0.565504849 0.886481106 0
vt 0.57672441 0.881930411 0
vt 0.580213845 0.863048494 0
vt 0.586670458 0.852378726 0
vt 0.592452049 0.883587718 0
vt 0.772992134 0.641585112 0
vt 0.756128848 0.692657769 0
vt 0.730461776 0.647691071 0
vt 0.772992134 0.641585112 0
vt 0.730461776 0.647691071 0
vt 0.73303467 0.632427037 0
vt 0.36079976 0.268517643 0
vt 0.387472004 0.216077358 0
vt 0.38710317 0.228084072 0
vt 0.387472004 0.216077358 0
vt 0.421371102 0.209257483 0
vt 0.38710317 0.228084072 0
vt 0.67273736 0.217224792 0
vt 0.682089806 0.216176167 0
vt 0.664877832 0.248077914 0
vt 0.682089806 0.216176167 0
vt 0.67273736 0.217224792 0
vt 0.666745782 0.194197401 0
vt 0.592452049 0.883587718 0
vt 0.612776816 0.890891671 0
vt 0.593055308 0.909809887 0
vt 0.587572753 0.913577974 0
vt 0.580213845 0.863048494 0
vt 0.592452049 0.883587718 0
vt 0.213051617 0.109266259 0
vt 0.190149531 0.108554922 0
vt 0.199100003 0.0971599966 0
vt 0.419509381 0.143618405 0
vt 0.421321899 0.155853361 0
vt 0.404190689 0.107707389 0
vt 0.440907687 0.142329335 0
vt 0.421321899 0.155853361 0
vt 0.419509381 0.143618405 0
vt 0.862677038 0.310492039 0
vt 0.840503931 0.334266514 0
vt 0.850450993 0.309097975 0
vt 0.505593717 0.958836734 0
vt 0.495315075 0.946753204 0
vt 0.488699436 0.918261886 0
vt 0.867174745 0.208734035 0
vt 0.886290312 0.195774689 0
vt 0.90829432 0.204740405 0
vt 0.853790462 0.228710249 0
vt 0.892291546 0.217696577 0
vt 0.976257026 0.26085785 0
vt 0.237220719 0.0994848236 0
vt 0.232055381 0.0992866009 0
vt 0.22715123 0.0834161714 0
vt 0.210250005 0.464249998 0
vt 0.250519156 0.489026695 0
vt 0.236184537 0.505784273 0
vt 0.0789622739 0.25116092 0
vt 0.0912071615 0.264504582 0
vt 0.073445864 0.255277395 0
vt 0.0975399986 0.559099972 0
vt 0.101313718 0.551504254 0
vt 0.112984046 0.564166784 0
vt 0.274038464 0.626841068 0
vt 0.257458508 0.625303745 0
vt 0.27601251 0.614758074 0
vt 0.266133577 0.629777133 0
vt 0.248100072 0.638948023 0
vt 0.257458508 0.625303745 0
vt 0.973620296 0.300799429 0
vt 0.937070668 0.300510019 0
vt 0.988158882 0.278688818 0
vt 0.611524343 0.182768539 0
vt 0.641452789 0.201200798 0
vt 0.630840003 0.208979994 0
vt 0.747916579 0.872617662 0
vt 0.724627137 0.8731848 0
vt 0.736679375 0.865648806 0
vt 0.706334293 0.864251375 0
vt 0.729765654 0.857722044 0
vt 0.724627137 0.8731848 0
vt 0.13717173 0.55307591 0
vt 0.117660001 0.557640016 0
vt 0.101313718 0.551504254 0
vt 0.112984046 0.564166784 0
vt 0.117660001 0.557640016 0
vt 0.133864343 0.565128148 0
vt 0.658625007 0.873250186 0
vt 0.673407197 0.893856108 0
vt 0.640987098 0.882893562 0
vt 0.601158977 0.122531392 0
vt 0.583115518 0.109301962 0
vt 0.576026618 0.0969683677 0
vt 0.085935466 0.303572118 0
vt 0.131304383 0.299830645 0
vt 0.114032432 0.316226751 0
vt 0.085935466 0.303572118 0
vt 0.114032432 0.316226751 0
vt 0.0990313068 0.317972183 0
vt 0.956147075 0.313738227 0
vt 0.973620296 0.300799429 0
vt 0.976108015 0.323653281 0
vt 0.973620296 0.300799429 0
vt 0.993763983 0.312717348 0
vt 0.976108015 0.323653281 0
vt 0.691069424 0.652844131 0
vt 0.6609025 0.657929957 0
vt 0.687138081 0.642793119 0
vt 0.333311468 0.111821994 0
vt 0.345767468 0.113524139 0
vt 0.34957999 0.130860001 0
vt 0.345767468 0.113524139 0
vt 0.329349071 0.0970963314 0
vt 0.346606046 0.100509278 0
vt 0.699688017 0.888496757 0
vt 0.715763807 0.908665717 0
vt 0.707305312 0.914262772 0
vt 0.92167145 0.337898612 0
vt 0.956147075 0.313738227 0
vt 0.951227665 0.32346198 0
vt 0.951227665 0.32346198 0
vt 0.956147075 0.313738227 0
vt 0.976108015 0.323653281 0
vt 0.651878953 0.822906852 0
vt 0.636246204 0.806119442 0
vt 0.647891283 0.789307356 0
vt 0.885012269 0.436891764 0
vt 0.888296664 0.418532252 0
vt 0.894734502 0.426461041 0
vt 0.874828041 0.438004225 0
vt 0.885012269 0.436891764 0
vt 0.882820964 0.457229674 0
vt 0.891405821 0.571218729 0
vt 0.917870104 0.536248088 0
vt 0.927142739 0.542495847 0
vt 0.743608236 0.264319003 0
vt 0.723229408 0.254585713 0
vt 0.7357288 0.25829342 0
vt 0.90620935 0.850734413 0
vt 0.909741342 0.857397974 0
vt 0.900756121 0.85330689 0
vt 0.295729458 0.212873891 0
vt 0.272483617 0.210607529 0
vt 0.27140075 0.194600493 0
vt 0.300296634 0.193999216 0
vt 0.295729458 0.212873891 0
vt 0.27140075 0.194600493 0
vt 0.469620913 0.501673281 0
vt 0.519283473 0.500498652 0
vt 0.500973165 0.502895117 0
vt 0.874828041 0.438004225 0
vt 0.888296664 0.418532252 0
vt 0.885012269 0.436891764 0
vt 0.888296664 0.418532252 0
vt 0.874828041 0.438004225 0
vt 0.857572377 0.405774325 0
vt 0.248719692 0.0966382027 0
vt 0.237220719 0.0994848236 0
vt 0.242633015 0.0837893486 0
vt 0.248719692 0.0966382027 0
vt 0.25126189 0.0837644264 0
vt 0.26363799 0.106495708 0
vt 0.907636404 0.52528739 0
vt 0.917870104 0.536248088 0
vt 0.891405821 0.571218729 0
vt 0.890155077 0.539872169 0
vt 0.907636404 0.52528739 0
vt 0.891066611 0.561583102 0
vt 0.700135589 0.267935902 0
vt 0.712576985 0.234673813 0
vt 0.714021206 0.258558869 0
vt 0.743608236 0.264319003 0
vt 0.700135589 0.267935902 0
vt 0.714021206 0.258558869 0
vt 0.400668949 0.620429099 0
vt 0.407276452 0.601761699 0
vt 0.431696653 0.58244592 0
vt 0.25126189 0.0837644264 0
vt 0.248719692 0.0966382027 0
vt 0.242633015 0.0837893486 0
vt 0.25126189 0.0837644264 0
vt 0.242633015 0.0837893486 0
vt 0.24919562 0.0697445273 0
vt 0.209763631 0.558729947 0
vt 0.242223188 0.550269604 0
vt 0.25796786 0.56665498 0
vt 0.52301091 0.347153574 0
vt 0.529174924 0.348575115 0
vt 0.523782551 0.38714391 0
vt 0.821312845 0.49944523 0
vt 0.815372646 0.498911411 0
vt 0.812110722 0.470272511 0
vt 0.815372646 0.498911411 0
vt 0.821312845 0.49944523 0
vt 0.834189057 0.519134998 0
vt 0.393564016 0.619633377 0
vt 0.407276452 0.601761699 0
vt 0.400668949 0.620429099 0
vt 0.405420005 0.634140015 0
vt 0.393564016 0.619633377 0
vt 0.400668949 0.620429099 0
vt 0.360498011 0.678634703 0
vt 0.353877276 0.650987923 0
vt 0.367178649 0.676924944 0
vt 0.549832284 0.680017173 0
vt 0.553590655 0.692490697 0
vt 0.549860895 0.687974155 0
vt 0.391115725 0.433044314 0
vt 0.370568633 0.443191499 0
vt 0.373829037 0.440509051 0
vt 0.226113707 0.526363671 0
vt 0.236623079 0.525825024 0
vt 0.242223188 0.550269604 0
vt 0.226113707 0.526363671 0
vt 0.242223188 0.550269604 0
vt 0.209763631 0.558729947 0
vt 0.280557364 0.0701331869 0
vt 0.296148777 0.069713667 0
vt 0.293333799 0.0859078392 0
vt 0.592760026 0.142609999 0
vt 0.610588431 0.153078496 0
vt 0.597816229 0.159811705 0
vt 0.597816229 0.159811705 0
vt 0.589341223 0.158538967 0
vt 0.577784061 0.129132107 0
vt 0.154985294 0.11202658 0
vt 0.14169094 0.111650325 0
vt 0.142454848 0.0987561569 0
vt 0.145269215 0.093566522 0
vt 0.154985294 0.11202658 0
vt 0.142454848 0.0987561569 0
vt 0.105751731 0.339012027 0
vt 0.0999372825 0.395121634 0
vt 0.0979510471 0.364062101 0
vt 0.0956494957 0.336068571 0
vt 0.105751731 0.339012027 0
vt 0.0979510471 0.364062101 0
vt 0.213051617 0.109266259 0
vt 0.219999969 0.0989518911 0
vt 0.232055381 0.0992866009 0
vt 0.219999969 0.0989518911 0
vt 0.208056137 0.0740657151 0
vt 0.232055381 0.0992866009 0
vt 0.577784061 0.129132107 0
vt 0.574595571 0.117430799 0
vt 0.597816229 0.159811705 0
vt 0.740212023 0.369744062 0
vt 0.742632091 0.369390726 0
vt 0.756310642 0.381738931 0
vt 0.128915846 0.159335479 0
vt 0.118596829 0.162256077 0
vt 0.101707011 0.140396103 0
vt 0.922702432 0.314330161 0
vt 0.854892612 0.293731272 0
vt 0.893470585 0.289243519 0
vt 0.48944667 0.763255119 0
vt 0.499800593 0.749388993 0
vt 0.504167199 0.772073925 0
vt 0.488499999 0.743969977 0
vt 0.499800593 0.749388993 0
vt 0.48944667 0.763255119 0
vt 0.763283074 0.554612875 0
vt 0.805502474 0.568981826 0
vt 0.802560866 0.588636398 0
vt 0.306630343 0.186503351 0
vt 0.28859359 0.175834104 0
vt 0.263060361 0.136226848 0
vt 0.261965811 0.14799279 0
vt 0.28859359 0.175834104 0
vt 0.267908007 0.170977339 0
vt 0.499800593 0.749388993 0
vt 0.522694826 0.749777794 0
vt 0.543030083 0.790195942 0
vt 0.0688056275 0.475662321 0
vt 0.0687524974 0.501486123 0
vt 0.0630138591 0.488699824 0
vt 0.0687524974 0.501486123 0
vt 0.0563657768 0.504358649 0
vt 0.0630138591 0.488699824 0
vt 0.261965811 0.14799279 0
vt 0.237220719 0.0994848236 0
vt 0.263060361 0.136226848 0
vt 0.263060361 0.136226848 0
vt 0.28859359 0.175834104 0
vt 0.261965811 0.14799279 0
vt 0.508571565 0.825336874 0
vt 0.455961466 0.833153903 0
vt 0.458747059 0.825269997 0
vt 0.455961466 0.833153903 0
vt 0.450861186 0.828154624 0
vt 0.458747059 0.825269997 0
vt 0.74702239 0.74419862 0
vt 0.724267721 0.754358888 0
vt 0.727529645 0.740796804 0
vt 0.724267721 0.754358888 0
vt 0.706882715 0.743090153 0
vt 0.727529645 0.740796804 0
vt 0.536482692 0.160522386 0
vt 0.541076005 0.17811799 0
vt 0.518067777 0.137779772 0
vt 0.0832163692 0.511030734 0
vt 0.0744979233 0.533476055 0
vt 0.0687524974 0.501486123 0
vt 0.0832163692 0.511030734 0
vt 0.081443876 0.546726823 0
vt 0.0744979233 0.533476055 0
vt 0.807886779 0.810999036 0
vt 0.787565768 0.806343615 0
vt 0.81809938 0.774109721 0
vt 0.894082963 0.82648766 0
vt 0.919461012 0.816840768 0
vt 0.916454613 0.849574089 0
vt 0.917321324 0.44208616 0
vt 0.913686931 0.438601792 0
vt 0.931379497 0.431558222 0
vt 0.876892805 0.708726764 0
vt 0.848111987 0.719841778 0
vt 0.851139605 0.70833385 0
vt 0.823826194 0.751681507 0
vt 0.851139605 0.70833385 0
vt 0.848111987 0.719841778 0
vt 0.854892612 0.293731272 0
vt 0.919507027 0.322504133 0
vt 0.862677038 0.310492039 0
vt 0.600066423 0.970318437 0
vt 0.609568417 0.965933204 0
vt 0.594958663 0.996128082 0
vt 0.600066423 0.970318437 0
vt 0.584138215 0.954214513 0
vt 0.609568417 0.965933204 0
vt 0.71157527 0.88948971 0
vt 0.715763807 0.908665717 0
vt 0.699688017 0.888496757 0
vt 0.706334293 0.864251375 0
vt 0.71157527 0.88948971 0
vt 0.699688017 0.888496757 0
vt 0.93743223 0.200910926 0
vt 0.923446059 0.189879805 0
vt 0.934279501 0.18290177 0
vt 0.906730711 0.186882272 0
vt 0.923446059 0.189879805 0
vt 0.90829432 0.204740405 0
vt 0.330417395 0.231302947 0
vt 0.313847929 0.211051553 0
vt 0.319217741 0.207798436 0
vt 0.300296634 0.193999216 0
vt 0.319217741 0.207798436 0
vt 0.313847929 0.211051553 0
vt 0.973620296 0.300799429 0
vt 0.987768412 0.288922042 0
vt 0.993763983 0.312717348 0
vt 0.598576367 0.841459811 0
vt 0.614166021 0.792018056 0
vt 0.625120997 0.810771823 0
vt 0.604267359 0.30884096 0
vt 0.58296746 0.348272651 0
vt 0.589633822 0.305960923 0
vt 0.604267359 0.30884096 0
vt 0.589633822 0.305960923 0
vt 0.610867441 0.305360913 0
vt 0.948972046 0.204910606 0
vt 0.94158566 0.20878844 0
vt 0.93743223 0.200910926 0
vt 0.90829432 0.204740405 0
vt 0.923446059 0.189879805 0
vt 0.93743223 0.200910926 0
vt 0.552867711 0.284235328 0
vt 0.534481227 0.296864033 0
vt 0.549434721 0.282204211 0
vt 0.610091507 0.728425384 0
vt 0.625044644 0.724807978 0
vt 0.623359084 0.742016315 0
vt 0.625044644 0.724807978 0
vt 0.61597091 0.718504131 0
vt 0.640780628 0.714751482 0
vt 0.633489311 0.299354047 0
vt 0.626084924 0.319645226 0
vt 0.624156713 0.312365949 0
vt 0.626084924 0.319645226 0
vt 0.604267359 0.30884096 0
vt 0.624156713 0.312365949 0
vt 0.459421068 0.55584228 0
vt 0.451046914 0.543969631 0
vt 0.456188977 0.543395877 0
vt 0.457940012 0.543780029 0
vt 0.451046914 0.543969631 0
vt 0.458547562 0.533126175 0
vt 0.814758658 0.300143123 0
vt 0.845516384 0.282350481 0
vt 0.813972175 0.312481582 0
vt 0.278975487 0.466459662 0
vt 0.272276074 0.450393915 0
vt 0.290477991 0.445249468 0
vt 0.237348646 0.164594173 0
vt 0.247494832 0.197223946 0
vt 0.236109793 0.179403082 0
vt 0.232311547 0.160200715 0
vt 0.236109793 0.179403082 0
vt 0.228007272 0.184891328 0
vt 0.066262953 0.200349823 0
vt 0.0828730389 0.188183784 0
vt 0.0854091421 0.197636962 0
vt 0.0924749002 0.20689331 0
vt 0.066262953 0.200349823 0
vt 0.0854091421 0.197636962 0
vt 0.407381713 0.252256751 0
vt 0.398625135 0.257443637 0
vt 0.416564047 0.229764 0
vt 0.304483563 0.0779656023 0
vt 0.293333799 0.0859078392 0
vt 0.296148777 0.069713667 0
vt 0.665435612 0.847792208 0
vt 0.651878953 0.822906852 0
vt 0.661470771 0.815059602 0
vt 0.671570003 0.815599978 0
vt 0.665435612 0.847792208 0
vt 0.661470771 0.815059602 0
vt 0.246972874 0.407850772 0
vt 0.21001251 0.409200102 0
vt 0.218179137 0.395354271 0
vt 0.449289918 0.530133665 0
vt 0.424089074 0.534528732 0
vt 0.448498338 0.518946946 0
vt 0.0912071615 0.264504582 0
vt 0.09353403 0.271073699 0
vt 0.0645065159 0.25875321 0
vt 0.0912071615 0.264504582 0
vt 0.104529999 0.272040009 0
vt 0.09353403 0.271073699 0
vt 0.69355011 0.6702438 0
vt 0.69887197 0.691139281 0
vt 0.68859458 0.684811175 0
vt 0.94158566 0.20878844 0
vt 0.90829432 0.204740405 0
vt 0.93743223 0.200910926 0
vt 0.892291546 0.217696577 0
vt 0.90829432 0.204740405 0
vt 0.94158566 0.20878844 0
vt 0.618347824 0.651980281 0
vt 0.613833666 0.665498614 0
vt 0.612173259 0.626385987 0
vt 0.613833666 0.665498614 0
vt 0.618347824 0.651980281 0
vt 0.630434632 0.682960093 0
vt 0.603876591 0.177179724 0
vt 0.597816229 0.159811705 0
vt 0.610588431 0.153078496 0
vt 0.0956703126 0.539979815 0
vt 0.126165822 0.534413874 0
vt 0.101313718 0.551504254 0
vt 0.924678862 0.393566251 0
vt 0.914524436 0.373396814 0
vt 0.923678041 0.36380747 0
vt 0.207740098 0.290949941 0
vt 0.190991953 0.296920687 0
vt 0.179321036 0.285246611 0
vt 0.246972874 0.407850772 0
vt 0.221676275 0.42991659 0
vt 0.21001251 0.409200102 0
vt 0.683215678 0.806173801 0
vt 0.667581856 0.798293948 0
vt 0.708381057 0.785594821 0
vt 0.688700914 0.864381075 0
vt 0.678006649 0.843075573 0
vt 0.692606986 0.810005903 0
vt 0.253136218 0.441384077 0
vt 0.207381234 0.449058473 0
vt 0.221676275 0.42991659 0
vt 0.206029341 0.455769777 0
vt 0.207381234 0.449058473 0
vt 0.250541151 0.457181066 0
vt 0.923678041 0.36380747 0
vt 0.917155504 0.343370855 0
vt 0.929417968 0.359295845 0
vt 0.917155504 0.343370855 0
vt 0.92167145 0.337898612 0
vt 0.929417968 0.359295845 0
vt 0.682403147 0.739407182 0
vt 0.68936038 0.71477598 0
vt 0.695603848 0.735073209 0
vt 0.272276074 0.450393915 0
vt 0.250541151 0.457181066 0
vt 0.253136218 0.441384077 0
vt 0.207381234 0.449058473 0
vt 0.253136218 0.441384077 0
vt 0.250541151 0.457181066 0
vt 0.323204607 0.187055528 0
vt 0.319217741 0.207798436 0
vt 0.313487172 0.195035055 0
vt 0.306630343 0.186503351 0
vt 0.323204607 0.187055528 0
vt 0.313487172 0.195035055 0
vt 0.0882693827 0.400854796 0
vt 0.0946388021 0.397191644 0
vt 0.0999372825 0.395121634 0
vt 0.148453221 0.385654688 0
vt 0.15511921 0.368042022 0
vt 0.159125343 0.381542593 0
vt 0.160831004 0.376863509 0
vt 0.15511921 0.368042022 0
vt 0.161446154 0.352580249 0
vt 0.264843464 0.65104562 0
vt 0.266133577 0.629777133 0
vt 0.272957116 0.632337928 0
vt 0.893470585 0.289243519 0
vt 0.857717812 0.268075109 0
vt 0.937070668 0.300510019 0
vt 0.590331018 0.931715429 0
vt 0.587572753 0.913577974 0
vt 0.593055308 0.909809887 0
vt 0.593055308 0.909809887 0
vt 0.587572753 0.913577974 0
vt 0.592452049 0.883587718 0
vt 0.0677462518 0.446400642 0
vt 0.0631700009 0.471509993 0
vt 0.0634318069 0.430006176 0
vt 0.377680004 0.656570017 0
vt 0.359464884 0.649515271 0
vt 0.367291659 0.633562684 0
vt 0.367291659 0.633562684 0
vt 0.393564016 0.619633377 0
vt 0.377680004 0.656570017 0
vt 0.104350768 0.169940934 0
vt 0.0681203157 0.173114464 0
vt 0.0729763731 0.156399876 0
vt 0.0892842114 0.387888223 0
vt 0.0856591612 0.376019925 0
vt 0.0916732326 0.353006035 0
vt 0.159195021 0.240587682 0
vt 0.164413989 0.235593095 0
vt 0.186471373 0.238844603 0
vt 0.181742996 0.462170571 0
vt 0.178130761 0.486589164 0
vt 0.162858441 0.463781565 0
vt 0.139098689 0.428459406 0
vt 0.181742996 0.462170571 0
vt 0.162858441 0.463781565 0
vt 0.775478423 0.763737977 0
vt 0.793603599 0.758716881 0
vt 0.788565457 0.768557906 0
vt 0.361254424 0.0223313607 0
vt 0.348352492 0.0330933034 0
vt 0.33334446 0.0274246037 0
vt 0.336805195 0.0392516255 0
vt 0.327333897 0.0418713205 0
vt 0.33334446 0.0274246037 0
vt 0.176679298 0.241603434 0
vt 0.186471373 0.238844603 0
vt 0.180273876 0.24508433 0
vt 0.199487522 0.238308251 0
vt 0.180273876 0.24508433 0
vt 0.186471373 0.238844603 0
vt 0.109451227 0.177518085 0
vt 0.119893357 0.17201212 0
vt 0.119295351 0.185396507 0
vt 0.728987396 0.610087395 0
vt 0.73303467 0.632427037 0
vt 0.711725116 0.626777649 0
vt 0.178130761 0.486589164 0
vt 0.161219567 0.49358058 0
vt 0.162858441 0.463781565 0
vt 0.394710869 0.592327356 0
vt 0.407276452 0.601761699 0
vt 0.385660499 0.616082788 0
vt 0.852605402 0.589307308 0
vt 0.830799162 0.566399097 0
vt 0.879127085 0.593459368 0
vt 0.898790002 0.465440005 0
vt 0.890910625 0.471950442 0
vt 0.887720108 0.446866453 0
vt 0.904378116 0.500861108 0
vt 0.894981503 0.495860606 0
vt 0.904713333 0.47441408 0
vt 0.552867711 0.284235328 0
vt 0.557492077 0.304688454 0
vt 0.544175565 0.307467461 0
vt 0.557492077 0.304688454 0
vt 0.574221492 0.297265857 0
vt 0.544175565 0.307467461 0
vt 0.438732773 0.24387227 0
vt 0.449637115 0.230381906 0
vt 0.486144781 0.232627735 0
vt 0.460178673 0.217459694 0
vt 0.486144781 0.232627735 0
vt 0.449637115 0.230381906 0
vt 0.615038097 0.295188725 0
vt 0.620076418 0.300561309 0
vt 0.610867441 0.305360913 0
vt 0.813822806 0.543947697 0
vt 0.828502417 0.526818693 0
vt 0.845832288 0.546809256 0
vt 0.828502417 0.526818693 0
vt 0.834189057 0.519134998 0
vt 0.845832288 0.546809256 0
vt 0.451484591 0.813500166 0
vt 0.451076239 0.818828642 0
vt 0.441167772 0.812102437 0
vt 0.887373209 0.47802195 0
vt 0.865057349 0.49946171 0
vt 0.868474126 0.461605847 0
vt 0.882820964 0.457229674 0
vt 0.890910625 0.471950442 0
vt 0.887373209 0.47802195 0
vt 0.33334446 0.0274246037 0
vt 0.348352492 0.0330933034 0
vt 0.336805195 0.0392516255 0
vt 0.351617992 0.046160005 0
vt 0.336805195 0.0392516255 0
vt 0.348352492 0.0330933034 0
vt 0.894981503 0.495860606 0
vt 0.885824621 0.511781275 0
vt 0.890339971 0.499870002 0
vt 0.894981503 0.495860606 0
vt 0.890339971 0.499870002 0
vt 0.887373209 0.47802195 0
vt 0.144900426 0.361543566 0
vt 0.151775464 0.350725979 0
vt 0.15511921 0.368042022 0
vt 0.151775464 0.350725979 0
vt 0.161446154 0.352580249 0
vt 0.15511921 0.368042022 0
vt 0.0636010617 0.549537301 0
vt 0.0595895015 0.55539006 0
vt 0.041043207 0.539198816 0
vt 0.886290312 0.195774689 0
vt 0.906730711 0.186882272 0
vt 0.90829432 0.204740405 0
vt 0.645219982 0.734939992 0
vt 0.632505655 0.757925451 0
vt 0.614166021 0.792018056 0
vt 0.667406976 0.71269995 0
vt 0.632505655 0.757925451 0
vt 0.645219982 0.734939992 0
vt 0.28164497 0.544232726 0
vt 0.264270991 0.526763082 0
vt 0.281567156 0.53854984 0
vt 0.159125343 0.381542593 0
vt 0.15511921 0.368042022 0
vt 0.160831004 0.376863509 0
vt 0.205357075 0.3910411 0
vt 0.160831004 0.376863509 0
vt 0.210271537 0.37888208 0
vt 0.610091507 0.728425384 0
vt 0.597380757 0.736736178 0
vt 0.594665349 0.707608998 0
vt 0.345054448 0.63936621 0
vt 0.352272868 0.638663232 0
vt 0.353877276 0.650987923 0
vt 0.349877715 0.619947016 0
vt 0.352272868 0.638663232 0
vt 0.345054448 0.63936621 0
vt 0.267908007 0.170977339 0
vt 0.300296634 0.193999216 0
vt 0.27140075 0.194600493 0
vt 0.300296634 0.193999216 0
vt 0.267908007 0.170977339 0
vt 0.28859359 0.175834104 0
vt 0.986915767 0.360926181 0
vt 0.993509233 0.363252699 0
vt 0.997371018 0.397452295 0
vt 0.464913249 0.561497331 0
vt 0.413165838 0.635500073 0
vt 0.431696653 0.58244592 0
vt 0.676303327 0.391426504 0
vt 0.677155614 0.397514582 0
vt 0.650693536 0.373918295 0
vt 0.148408458 0.134244889 0
vt 0.15615733 0.124258317 0
vt 0.158311695 0.140405387 0
vt 0.843089998 0.421189994 0
vt 0.849840105 0.451246381 0
vt 0.833853483 0.432295591 0
vt 0.874828041 0.438004225 0
vt 0.849840105 0.451246381 0
vt 0.857572377 0.405774325 0
vt 0.431696653 0.58244592 0
vt 0.451046914 0.543969631 0
vt 0.459421068 0.55584228 0
vt 0.464913249 0.561497331 0
vt 0.431696653 0.58244592 0
vt 0.459421068 0.55584228 0
vt 0.727529645 0.740796804 0
vt 0.706882715 0.743090153 0
vt 0.711428285 0.733133793 0
vt 0.395487398 0.0888460502 0
vt 0.404190689 0.107707389 0
vt 0.381682724 0.0796454847 0
vt 0.395487398 0.0888460502 0
vt 0.404991806 0.0853708833 0
vt 0.404190689 0.107707389 0
vt 0.232311547 0.160200715 0
vt 0.237348646 0.164594173 0
vt 0.236109793 0.179403082 0
vt 0.228897944 0.140068412 0
vt 0.237348646 0.164594173 0
vt 0.232311547 0.160200715 0
vt 0.862677038 0.310492039 0
vt 0.850450993 0.309097975 0
vt 0.854892612 0.293731272 0
vt 0.737250924 0.724545002 0
vt 0.729347408 0.700119853 0
vt 0.776398063 0.719861269 0
vt 0.119427152 0.232943654 0
vt 0.129845247 0.262394637 0
vt 0.102056295 0.234944642 0
vt 0.113536954 0.22772646 0
vt 0.119427152 0.232943654 0
vt 0.102056295 0.234944642 0
vt 0.0172679629 0.397705853 0
vt 0.0345633924 0.392373115 0
vt 0.0229497924 0.401426017 0
vt 0.35410437 0.181927055 0
vt 0.345337361 0.208105266 0
vt 0.332771599 0.191851452 0
vt 0.424232751 0.470501959 0
vt 0.370568633 0.443191499 0
vt 0.42958951 0.468591303 0
vt 0.423752844 0.490261585 0
vt 0.424232751 0.470501959 0
vt 0.42958951 0.468591303 0
vt 0.743608236 0.264319003 0
vt 0.706442118 0.286122113 0
vt 0.711402476 0.271962047 0
vt 0.583115518 0.109301962 0
vt 0.586380005 0.129979998 0
vt 0.574595571 0.117430799 0
vt 0.353877276 0.650987923 0
vt 0.352272868 0.638663232 0
vt 0.359464884 0.649515271 0
vt 0.359464884 0.649515271 0
vt 0.367178649 0.676924944 0
vt 0.353877276 0.650987923 0
vt 0.323204607 0.187055528 0
vt 0.324987143 0.169291228 0
vt 0.339281529 0.173900485 0
vt 0.329493821 0.161708921 0
vt 0.324987143 0.169291228 0
vt 0.309740871 0.179312646 0
vt 0.765489995 0.279240012 0
vt 0.765832782 0.324411869 0
vt 0.706442118 0.286122113 0
vt 0.577667475 0.618445277 0
vt 0.593202591 0.612280488 0
vt 0.59355247 0.619325697 0
vt 0.206574947 0.0927770585 0
vt 0.204354808 0.0681522414 0
vt 0.208056137 0.0740657151 0
vt 0.748359978 0.372480005 0
vt 0.759859979 0.366239995 0
vt 0.756310642 0.381738931 0
vt 0.7632761 0.360677332 0
vt 0.768660128 0.38930738 0
vt 0.756310642 0.381738931 0
vt 0.291686237 0.353021145 0
vt 0.301373422 0.375812232 0
vt 0.293066651 0.389960051 0
vt 0.306193978 0.31256184 0
vt 0.321349382 0.391901433 0
vt 0.301373422 0.375812232 0
vt 0.920094371 0.305907935 0
vt 0.893470585 0.289243519 0
vt 0.937070668 0.300510019 0
vt 0.613833666 0.665498614 0
vt 0.586489141 0.645403743 0
vt 0.585828543 0.643726945 0
vt 0.585828543 0.643726945 0
vt 0.586489141 0.645403743 0
vt 0.594977915 0.666559219 0
vt 0.574221492 0.297265857 0
vt 0.592940688 0.289722472 0
vt 0.589633822 0.305960923 0
vt 0.563333869 0.275075287 0
vt 0.592940688 0.289722472 0
vt 0.574221492 0.297265857 0
vt 0.419509381 0.143618405 0
vt 0.404190689 0.107707389 0
vt 0.411410004 0.120789997 0
vt 0.411410004 0.120789997 0
vt 0.404190689 0.107707389 0
vt 0.424085796 0.123494908 0
vt 0.124022342 0.413732469 0
vt 0.154244035 0.41107136 0
vt 0.143493742 0.414736897 0
vt 0.139098689 0.428459406 0
vt 0.143493742 0.414736897 0
vt 0.158655047 0.42389214 0
vt 0.391757697 0.321857154 0
vt 0.408576697 0.361991376 0
vt 0.393539995 0.342880011 0
vt 0.102326393 0.443384439 0
vt 0.139098689 0.428459406 0
vt 0.10761717 0.453419834 0
vt 0.481455654 0.764070153 0
vt 0.504167199 0.772073925 0
vt 0.484278619 0.775577366 0
vt 0.461263955 0.758095682 0
vt 0.481455654 0.764070153 0
vt 0.470640004 0.769280016 0
vt 0.904901266 0.357514024 0
vt 0.917155504 0.343370855 0
vt 0.914524436 0.373396814 0
vt 0.914524436 0.373396814 0
vt 0.917155504 0.343370855 0
vt 0.923678041 0.36380747 0
vt 0.587572753 0.913577974 0
vt 0.57672441 0.881930411 0
vt 0.580213845 0.863048494 0
vt 0.542154968 0.841473758 0
vt 0.580213845 0.863048494 0
vt 0.5643062 0.863809109 0
vt 0.95774138 0.221392214 0
vt 0.948972046 0.204910606 0
vt 0.965014577 0.216705918 0
vt 0.376929998 0.0447500013 0
vt 0.37673682 0.0534294844 0
vt 0.368927389 0.0386284776 0
vt 0.290630251 0.647307813 0
vt 0.297722161 0.662826717 0
vt 0.289999992 0.665889978 0
vt 0.321835488 0.655102551 0
vt 0.298159212 0.672011316 0
vt 0.299760014 0.664080024 0
vt 0.613833666 0.665498614 0
vt 0.598949194 0.681630611 0
vt 0.594977915 0.666559219 0
vt 0.481455654 0.764070153 0
vt 0.484150618 0.755295038 0
vt 0.48944667 0.763255119 0
vt 0.475612164 0.754435658 0
vt 0.484150618 0.755295038 0
vt 0.477050006 0.761609972 0
vt 0.436868221 0.545711219 0
vt 0.42241022 0.546884596 0
vt 0.428899258 0.543820381 0
vt 0.715038419 0.415410101 0
vt 0.71999532 0.416505158 0
vt 0.705968797 0.417927176 0
vt 0.828765213 0.445992231 0
vt 0.823453486 0.413693488 0
vt 0.833853483 0.432295591 0
vt 0.843089998 0.421189994 0
vt 0.833853483 0.432295591 0
vt 0.823453486 0.413693488 0
vt 0.664383769 0.748368919 0
vt 0.644667447 0.756758034 0
vt 0.666762412 0.734168947 0
vt 0.666762412 0.734168947 0
vt 0.682403147 0.739407182 0
vt 0.664383769 0.748368919 0
vt 0.656028926 0.219910145 0
vt 0.664877832 0.248077914 0
vt 0.652624905 0.23513326 0
vt 0.843795776 0.764875352 0
vt 0.830911577 0.753947616 0
vt 0.843558252 0.752751112 0
vt 0.602882504 0.772692442 0
vt 0.597380757 0.736736178 0
vt 0.623359084 0.742016315 0
vt 0.217744395 0.114404202 0
vt 0.214752793 0.119248964 0
vt 0.213051617 0.109266259 0
vt 0.228897944 0.140068412 0
vt 0.214752793 0.119248964 0
vt 0.217744395 0.114404202 0
vt 0.182156324 0.0875072554 0
vt 0.181459188 0.0730315372 0
vt 0.187690318 0.0721223727 0
vt 0.081443876 0.546726823 0
vt 0.0879975408 0.559694469 0
vt 0.0776705518 0.55935216 0
vt 0.496038884 0.966674089 0
vt 0.505593717 0.958836734 0
vt 0.507059991 0.967490017 0
vt 0.18982406 0.117080696 0
vt 0.190149531 0.108554922 0
vt 0.197611719 0.122136682 0
vt 0.887373209 0.47802195 0
vt 0.890910625 0.471950442 0
vt 0.894981503 0.495860606 0
vt 0.890910625 0.471950442 0
vt 0.898790002 0.465440005 0
vt 0.894981503 0.495860606 0
vt 0.160701156 0.398080766 0
vt 0.159125343 0.381542593 0
vt 0.174189106 0.384259552 0
vt 0.159125343 0.381542593 0
vt 0.160831004 0.376863509 0
vt 0.174189106 0.384259552 0
vt 0.0776705518 0.55935216 0
vt 0.0758399963 0.570100009 0
vt 0.0238300003 0.624159992 0
vt 0.0776705518 0.55935216 0
vt 0.0879975408 0.559694469 0
vt 0.0758399963 0.570100009 0
vt 0.926631987 0.472713351 0
vt 0.933382571 0.483218491 0
vt 0.923461139 0.497316033 0
vt 0.923461139 0.497316033 0
vt 0.912414074 0.468530864 0
vt 0.926631987 0.472713351 0
vt 0.729347408 0.700119853 0
vt 0.722565651 0.691880286 0
vt 0.72655338 0.677531123 0
vt 0.736679375 0.865648806 0
vt 0.724627137 0.8731848 0
vt 0.729765654 0.857722044 0
vt 0.736679375 0.865648806 0
vt 0.729765654 0.857722044 0
vt 0.749517262 0.847465694 0
vt 0.155315429 0.28916508 0
vt 0.162982896 0.294221461 0
vt 0.147400841 0.293265194 0
vt 0.897399843 0.378365666 0
vt 0.901935816 0.36829102 0
vt 0.902755439 0.384892255 0
vt 0.897399843 0.378365666 0
vt 0.902755439 0.384892255 0
vt 0.862783015 0.383004338 0
vt 0.245017633 0.211813435 0
vt 0.233606681 0.254941136 0
vt 0.236456975 0.202494666 0
vt 0.247494832 0.197223946 0
vt 0.245017633 0.211813435 0
vt 0.236456975 0.202494666 0
vt 0.14725998 0.221216381 0
vt 0.159195021 0.240587682 0
vt 0.141803518 0.234914079 0
vt 0.581420958 0.223788679 0
vt 0.592019618 0.209997609 0
vt 0.573739231 0.244977906 0
vt 0.56684655 0.37844187 0
vt 0.545461178 0.34627831 0
vt 0.562377453 0.346886903 0
vt 0.636246204 0.806119442 0
vt 0.636136711 0.775773108 0
vt 0.647891283 0.789307356 0
vt 0.636136711 0.775773108 0
vt 0.625120997 0.810771823 0
vt 0.614166021 0.792018056 0
vt 0.959246874 0.238823846 0
vt 0.966819346 0.23574236 0
vt 0.985605836 0.24863407 0
vt 0.959246874 0.238823846 0
vt 0.985605836 0.24863407 0
vt 0.976257026 0.26085785 0
vt 0.887373209 0.47802195 0
vt 0.890339971 0.499870002 0
vt 0.865057349 0.49946171 0
vt 0.890339971 0.499870002 0
vt 0.885824621 0.511781275 0
vt 0.865057349 0.49946171 0
vt 0.813822806 0.543947697 0
vt 0.79183358 0.511877358 0
vt 0.809446335 0.523608148 0
vt 0.373670548 0.0631489307 0
vt 0.37673682 0.0534294844 0
vt 0.386745304 0.0577492192 0
vt 0.810458004 0.681977928 0
vt 0.756128848 0.692657769 0
vt 0.824873447 0.656021237 0
vt 0.589341223 0.158538967 0
vt 0.603876591 0.177179724 0
vt 0.578927994 0.183197886 0
vt 0.56684655 0.37844187 0
vt 0.529174924 0.348575115 0
vt 0.545461178 0.34627831 0
vt 0.529174924 0.348575115 0
vt 0.531173587 0.31931594 0
vt 0.545461178 0.34627831 0
vt 0.816287637 0.407006204 0
vt 0.809464335 0.388589054 0
vt 0.819519103 0.398214281 0
vt 0.449233919 0.416142523 0
vt 0.451437742 0.404751152 0
vt 0.461610109 0.437745392 0
vt 0.329349071 0.0970963314 0
vt 0.319402486 0.08514148 0
vt 0.317490101 0.0614113361 0
vt 0.333311468 0.111821994 0
vt 0.319402486 0.08514148 0
vt 0.329349071 0.0970963314 0
vt 0.670725465 0.868015945 0
vt 0.641446948 0.845509708 0
vt 0.651878953 0.822906852 0
vt 0.651878953 0.822906852 0
vt 0.641446948 0.845509708 0
vt 0.636246204 0.806119442 0
vt 0.0735471919 0.381029963 0
vt 0.0548621453 0.359393954 0
vt 0.0590479672 0.358316571 0
vt 0.119893357 0.17201212 0
vt 0.109451227 0.177518085 0
vt 0.104350768 0.169940934 0
vt 0.118596829 0.162256077 0
vt 0.119893357 0.17201212 0
vt 0.104350768 0.169940934 0
vt 0.783955395 0.470588744 0
vt 0.79443717 0.462732553 0
vt 0.815372646 0.498911411 0
vt 0.774379551 0.485135406 0
vt 0.783955395 0.470588744 0
vt 0.815372646 0.498911411 0
vt 0.507600009 0.745429993 0
vt 0.522694826 0.749777794 0
vt 0.499800593 0.749388993 0
vt 0.934014738 0.778732717 0
vt 0.910082459 0.781654358 0
vt 0.923603475 0.752953112 0
vt 0.204527795 0.244522691 0
vt 0.184332639 0.265457094 0
vt 0.169758409 0.257979006 0
vt 0.204527795 0.244522691 0
vt 0.233606681 0.254941136 0
vt 0.184332639 0.265457094 0
vt 0.381047696 0.544011414 0
vt 0.378694922 0.559549451 0
vt 0.37505582 0.552985668 0
vt 0.479563117 0.392518699 0
vt 0.468915462 0.392872453 0
vt 0.479778528 0.379316419 0
vt 0.282910973 0.645962596 0
vt 0.310333997 0.636742055 0
vt 0.290630251 0.647307813 0
vt 0.282910973 0.645962596 0
vt 0.290630251 0.647307813 0
vt 0.281500012 0.655200005 0
vt 0.27955997 0.131125271 0
vt 0.263060361 0.136226848 0
vt 0.26363799 0.106495708 0
vt 0.27955997 0.131125271 0
vt 0.26363799 0.106495708 0
vt 0.293333799 0.0859078392 0
vt 0.479974061 0.308715999 0
vt 0.486112833 0.287750393 0
vt 0.50482446 0.335242182 0
vt 0.261965811 0.14799279 0
vt 0.267908007 0.170977339 0
vt 0.242337182 0.145356104 0
vt 0.513541937 0.335378557 0
vt 0.486112833 0.287750393 0
vt 0.502054095 0.311256051 0
vt 0.840619981 0.262730002 0
vt 0.833730638 0.246892795 0
vt 0.857717812 0.268075109 0
vt 0.854892612 0.293731272 0
vt 0.840619981 0.262730002 0
vt 0.857717812 0.268075109 0
vt 0.770222127 0.870498836 0
vt 0.754579961 0.877806842 0
vt 0.763235033 0.860435665 0
vt 0.768335521 0.878953874 0
vt 0.754579961 0.877806842 0
vt 0.770222127 0.870498836 0
vt 0.498652548 0.109182797 0
vt 0.488340557 0.120292068 0
vt 0.487238079 0.110792316 0
vt 0.934279501 0.18290177 0
vt 0.951789975 0.197139993 0
vt 0.948972046 0.204910606 0
vt 0.376568109 0.107401513 0
vt 0.383417219 0.129507035 0
vt 0.363195717 0.121719137 0
vt 0.383417219 0.129507035 0
vt 0.376568109 0.107401513 0
vt 0.404190689 0.107707389 0
vt 0.988158882 0.278688818 0
vt 0.987768412 0.288922042 0
vt 0.973620296 0.300799429 0
vt 0.124022342 0.413732469 0
vt 0.119892731 0.401405871 0
vt 0.13106367 0.410686642 0
vt 0.13106367 0.410686642 0
vt 0.12322703 0.397800297 0
vt 0.154244035 0.41107136 0
vt 0.119892731 0.401405871 0
vt 0.12322703 0.397800297 0
vt 0.13106367 0.410686642 0
vt 0.101707011 0.140396103 0
vt 0.0729763731 0.156399876 0
vt 0.0952124223 0.134912297 0
vt 0.52796042 0.492871135 0
vt 0.553061485 0.480223089 0
vt 0.55020535 0.492022246 0
vt 0.570535362 0.471899837 0
vt 0.553061485 0.480223089 0
vt 0.572752535 0.461389184 0
vt 0.697036803 0.643706799 0
vt 0.70778048 0.664434731 0
vt 0.691069424 0.652844131 0
vt 0.687138081 0.642793119 0
vt 0.697036803 0.643706799 0
vt 0.691069424 0.652844131 0
vt 0.729347408 0.700119853 0
vt 0.756128848 0.692657769 0
vt 0.776398063 0.719861269 0
vt 0.431898654 0.27386266 0
vt 0.438732773 0.24387227 0
vt 0.448260248 0.256440997 0
vt 0.448260248 0.256440997 0
vt 0.457896739 0.29128623 0
vt 0.431898654 0.27386266 0
vt 0.68936038 0.71477598 0
vt 0.68760401 0.698883653 0
vt 0.69887197 0.691139281 0
vt 0.204890117 0.131816417 0
vt 0.174132526 0.137635738 0
vt 0.197611719 0.122136682 0
vt 0.868474126 0.461605847 0
vt 0.874828041 0.438004225 0
vt 0.882820964 0.457229674 0
vt 0.868474126 0.461605847 0
vt 0.882820964 0.457229674 0
vt 0.887373209 0.47802195 0
vt 0.0979510471 0.364062101 0
vt 0.0946388021 0.397191644 0
vt 0.0892842114 0.387888223 0
vt 0.323320091 0.428714752 0
vt 0.370568633 0.443191499 0
vt 0.315206796 0.451297313 0
vt 0.205715761 0.150131762 0
vt 0.21844849 0.178194165 0
vt 0.206582427 0.17948395 0
vt 0.683191121 0.612313867 0
vt 0.728987396 0.610087395 0
vt 0.705387592 0.611605585 0
vt 0.512125134 0.30369395 0
vt 0.518621147 0.304865658 0
vt 0.531173587 0.31931594 0
vt 0.544175565 0.307467461 0
vt 0.518621147 0.304865658 0
vt 0.512125134 0.30369395 0
vt 0.376568109 0.107401513 0
vt 0.357539445 0.114476889 0
vt 0.362358332 0.102837324 0
vt 0.325342774 0.630706668 0
vt 0.328850418 0.618812382 0
vt 0.335184127 0.62792486 0
vt 0.843089998 0.421189994 0
vt 0.857572377 0.405774325 0
vt 0.849840105 0.451246381 0
vt 0.580213845 0.863048494 0
vt 0.542154968 0.841473758 0
vt 0.586670458 0.852378726 0
vt 0.502054095 0.311256051 0
vt 0.523728192 0.324233413 0
vt 0.513541937 0.335378557 0
vt 0.244159997 0.268530011 0
vt 0.221774489 0.279245704 0
vt 0.26159066 0.255858481 0
vt 0.244159997 0.268530011 0
vt 0.26159066 0.255858481 0
vt 0.290479958 0.291596889 0
vt 0.319402486 0.08514148 0
vt 0.304483563 0.0779656023 0
vt 0.310699999 0.0598700009 0
vt 0.310699999 0.0598700009 0
vt 0.304483563 0.0779656023 0
vt 0.296148777 0.069713667 0
vt 0.16058284 0.412713826 0
vt 0.178750411 0.408808768 0
vt 0.158655047 0.42389214 0
vt 0.449289918 0.530133665 0
vt 0.485268176 0.52535975 0
vt 0.458547562 0.533126175 0
vt 0.485268176 0.52535975 0
vt 0.457940012 0.543780029 0
vt 0.458547562 0.533126175 0
vt 0.68760401 0.698883653 0
vt 0.674645782 0.714957774 0
vt 0.667406976 0.71269995 0
vt 0.68859458 0.684811175 0
vt 0.667406976 0.71269995 0
vt 0.69355011 0.6702438 0
vt 0.09353403 0.271073699 0
vt 0.108768746 0.284061313 0
vt 0.0974187776 0.282867789 0
vt 0.0974187776 0.282867789 0
vt 0.108768746 0.284061313 0
vt 0.126764923 0.291125715 0
vt 0.52796042 0.492871135 0
vt 0.55020535 0.492022246 0
vt 0.519283473 0.500498652 0
vt 0.0979510471 0.364062101 0
vt 0.0999372825 0.395121634 0
vt 0.0946388021 0.397191644 0
vt 0.955380797 0.441757023 0
vt 0.970420003 0.449339986 0
vt 0.968993306 0.451165229 0
vt 0.52796042 0.492871135 0
vt 0.519283473 0.500498652 0
vt 0.461610109 0.437745392 0
vt 0.580213845 0.863048494 0
vt 0.57672441 0.881930411 0
vt 0.5643062 0.863809109 0
vt 0.57672441 0.881930411 0
vt 0.542154968 0.841473758 0
vt 0.5643062 0.863809109 0
vt 0.27140075 0.194600493 0
vt 0.272483617 0.210607529 0
vt 0.247494832 0.197223946 0
vt 0.209763631 0.558729947 0
vt 0.187892973 0.576362371 0
vt 0.160062715 0.569229543 0
vt 0.907636404 0.52528739 0
vt 0.913036406 0.522199273 0
vt 0.917870104 0.536248088 0
vt 0.206029341 0.455769777 0
vt 0.210250005 0.464249998 0
vt 0.195364758 0.474216372 0
vt 0.195364758 0.474216372 0
vt 0.210250005 0.464249998 0
vt 0.178130761 0.486589164 0
vt 0.572892427 0.136800036 0
vt 0.565704763 0.112343267 0
vt 0.577784061 0.129132107 0
vt 0.569981754 0.113211296 0
vt 0.577784061 0.129132107 0
vt 0.565704763 0.112343267 0
vt 0.633489311 0.299354047 0
vt 0.624156713 0.312365949 0
vt 0.624265611 0.297941864 0
vt 0.692606986 0.810005903 0
vt 0.678006649 0.843075573 0
vt 0.683215678 0.806173801 0
vt 0.572093308 0.342625171 0
vt 0.562377453 0.346886903 0
vt 0.577807128 0.318806797 0
vt 0.806810379 0.738444924 0
vt 0.807960987 0.721180975 0
vt 0.845209002 0.70686847 0
vt 0.776398063 0.719861269 0
vt 0.782589197 0.706251562 0
vt 0.807960987 0.721180975 0
vt 0.666927755 0.257655799 0
vt 0.694879711 0.217876241 0
vt 0.683487833 0.269623041 0
vt 0.664877832 0.248077914 0
vt 0.694879711 0.217876241 0
vt 0.666927755 0.257655799 0
vt 0.806810379 0.738444924 0
vt 0.776398063 0.719861269 0
vt 0.807960987 0.721180975 0
vt 0.319217741 0.207798436 0
vt 0.327651322 0.20246169 0
vt 0.345337361 0.208105266 0
vt 0.332771599 0.191851452 0
vt 0.345337361 0.208105266 0
vt 0.327651322 0.20246169 0
vt 0.638012171 0.517410755 0
vt 0.652775824 0.514618576 0
vt 0.637819111 0.522550881 0
vt 0.782589197 0.706251562 0
vt 0.776398063 0.719861269 0
vt 0.756128848 0.692657769 0
vt 0.756128848 0.692657769 0
vt 0.810458004 0.681977928 0
vt 0.782589197 0.706251562 0
vt 0.585828543 0.643726945 0
vt 0.577910006 0.62312001 0
vt 0.59355247 0.619325697 0
vt 0.577910006 0.62312001 0
vt 0.577667475 0.618445277 0
vt 0.59355247 0.619325697 0
vt 0.598576367 0.841459811 0
vt 0.576128364 0.810563505 0
vt 0.585918546 0.805603564 0
vt 0.562231481 0.809319854 0
vt 0.598576367 0.841459811 0
vt 0.539180636 0.805027604 0
vt 0.254424632 0.589550257 0
vt 0.249450594 0.595050454 0
vt 0.233030155 0.602184772 0
vt 0.898916185 0.620461643 0
vt 0.891325772 0.605852723 0
vt 0.902100027 0.605459988 0
vt 0.644417763 0.583891869 0
vt 0.630290389 0.587963998 0
vt 0.625039995 0.567680001 0
vt 0.644417763 0.583891869 0
vt 0.628696501 0.607099175 0
vt 0.630290389 0.587963998 0
vt 0.361419976 0.166783348 0
vt 0.369735003 0.156279996 0
vt 0.357645363 0.181151167 0
vt 0.275963038 0.583696485 0
vt 0.291809499 0.604118288 0
vt 0.254424632 0.589550257 0
vt 0.592019618 0.209997609 0
vt 0.603876591 0.177179724 0
vt 0.611524343 0.182768539 0
vt 0.609860003 0.461589992 0
vt 0.587310016 0.468219995 0
vt 0.582451582 0.457184553 0
vt 0.587310016 0.468219995 0
vt 0.570535362 0.471899837 0
vt 0.582451582 0.457184553 0
vt 0.0744979233 0.533476055 0
vt 0.0522334278 0.513534129 0
vt 0.0563657768 0.504358649 0
vt 0.603876591 0.177179724 0
vt 0.610588431 0.153078496 0
vt 0.616334379 0.142934829 0
vt 0.1027757 0.474554181 0
vt 0.12107946 0.508559465 0
vt 0.0688056275 0.475662321 0
vt 0.1027757 0.474554181 0
vt 0.0688056275 0.475662321 0
vt 0.0771267489 0.462186456 0
vt 0.315095663 0.0281491652 0
vt 0.324440002 0.0180600006 0
vt 0.33334446 0.0274246037 0
vt 0.236184537 0.505784273 0
vt 0.174661502 0.514025688 0
vt 0.178130761 0.486589164 0
vt 0.178130761 0.486589164 0
vt 0.174661502 0.514025688 0
vt 0.161219567 0.49358058 0
vt 0.598576367 0.841459811 0
vt 0.592452049 0.883587718 0
vt 0.586670458 0.852378726 0
vt 0.598576367 0.841459811 0
vt 0.586670458 0.852378726 0
vt 0.542154968 0.841473758 0
vt 0.877642334 0.834863067 0
vt 0.867089033 0.818870723 0
vt 0.875873327 0.826253653 0
vt 0.875873327 0.826253653 0
vt 0.890241027 0.851378977 0
vt 0.877642334 0.834863067 0
vt 0.891405821 0.571218729 0
vt 0.879127085 0.593459368 0
vt 0.891066611 0.561583102 0
vt 0.671346128 0.299054742 0
vt 0.660138011 0.304236174 0
vt 0.663503051 0.278487653 0
vt 0.658271253 0.327657402 0
vt 0.660138011 0.304236174 0
vt 0.671346128 0.299054742 0
vt 0.536482692 0.160522386 0
vt 0.568862379 0.20181796 0
vt 0.541076005 0.17811799 0
vt 0.568862379 0.20181796 0
vt 0.566682577 0.237771451 0
vt 0.541076005 0.17811799 0
vt 0.830799162 0.566399097 0
vt 0.787267208 0.531075478 0
vt 0.813822806 0.543947697 0
vt 0.336074322 0.675312877 0
vt 0.338283181 0.682600141 0
vt 0.326601207 0.679192305 0
vt 0.746029854 0.500890732 0
vt 0.76910603 0.538156867 0
vt 0.657689989 0.516380012 0
vt 0.513722777 0.201593816 0
vt 0.558103383 0.269611448 0
vt 0.533232749 0.251652926 0
vt 0.139098689 0.428459406 0
vt 0.0999372825 0.395121634 0
vt 0.124022342 0.413732469 0
vt 0.143493742 0.414736897 0
vt 0.139098689 0.428459406 0
vt 0.124022342 0.413732469 0
vt 0.174132526 0.137635738 0
vt 0.153665319 0.182520136 0
vt 0.135543898 0.162062243 0
vt 0.823543549 0.345012009 0
vt 0.817475677 0.371792853 0
vt 0.812619388 0.354278207 0
vt 0.461610109 0.437745392 0
vt 0.457248479 0.406131595 0
vt 0.474288613 0.410200745 0
vt 0.461610109 0.437745392 0
vt 0.474288613 0.410200745 0
vt 0.495488852 0.386421174 0
vt 0.855971396 0.859722316 0
vt 0.857158303 0.869758844 0
vt 0.847819984 0.869029999 0
vt 0.794440925 0.777458072 0
vt 0.787565768 0.806343615 0
vt 0.780441344 0.791577697 0
vt 0.14102985 0.197742209 0
vt 0.139491007 0.217035979 0
vt 0.128822803 0.206080213 0
vt 0.118659809 0.19621864 0
vt 0.128822803 0.206080213 0
vt 0.113771871 0.200600773 0
vt 0.338073373 0.570896149 0
vt 0.356097341 0.545740604 0
vt 0.357195526 0.559424162 0
vt 0.357195526 0.559424162 0
vt 0.355937392 0.574956179 0
vt 0.338073373 0.570896149 0
vt 0.661470771 0.815059602 0
vt 0.651878953 0.822906852 0
vt 0.661046624 0.792209268 0
vt 0.661470771 0.815059602 0
vt 0.661046624 0.792209268 0
vt 0.667581856 0.798293948 0
vt 0.14102985 0.197742209 0
vt 0.128822803 0.206080213 0
vt 0.118659809 0.19621864 0
vt 0.145356089 0.189476639 0
vt 0.14102985 0.197742209 0
vt 0.118659809 0.19621864 0
vt 0.284952253 0.252513379 0
vt 0.26159066 0.255858481 0
vt 0.260488063 0.229153499 0
vt 0.451437742 0.404751152 0
vt 0.468915462 0.392872453 0
vt 0.457248479 0.406131595 0
vt 0.471135169 0.16980128 0
vt 0.455179989 0.190329999 0
vt 0.444511175 0.158417687 0
vt 0.584488034 0.943642735 0
vt 0.590331018 0.931715429 0
vt 0.584138215 0.954214513 0
vt 0.548220515 0.956353545 0
vt 0.565504849 0.886481106 0
vt 0.584488034 0.943642735 0
vt 0.76910603 0.538156867 0
vt 0.763283074 0.554612875 0
vt 0.757282138 0.556728065 0
vt 0.667406976 0.71269995 0
vt 0.650880039 0.704264402 0
vt 0.656814516 0.675878406 0
vt 0.135543898 0.162062243 0
vt 0.139675125 0.150948837 0
vt 0.158311695 0.140405387 0
vt 0.502740145 0.149079785 0
vt 0.481278986 0.177732527 0
vt 0.487603217 0.154194921 0
vt 0.481278986 0.177732527 0
vt 0.471135169 0.16980128 0
vt 0.469680011 0.158798456 0
vt 0.464913249 0.561497331 0
vt 0.445969999 0.60285002 0
vt 0.413165838 0.635500073 0
vt 0.423158795 0.664162457 0
vt 0.413165838 0.635500073 0
vt 0.445969999 0.60285002 0
vt 0.650880039 0.704264402 0
vt 0.630434632 0.682960093 0
vt 0.625428319 0.662266374 0
vt 0.193763003 0.0715071633 0
vt 0.204354808 0.0681522414 0
vt 0.206574947 0.0927770585 0
vt 0.466400862 0.143097609 0
vt 0.487603217 0.154194921 0
vt 0.469680011 0.158798456 0
vt 0.357691407 0.252650857 0
vt 0.355664104 0.225665361 0
vt 0.370979846 0.215595677 0
vt 0.263260007 0.513230026 0
vt 0.282982856 0.483279228 0
vt 0.264270991 0.526763082 0
vt 0.139675125 0.150948837 0
vt 0.128915846 0.159335479 0
vt 0.125784338 0.143872812 0
vt 0.125784338 0.143872812 0
vt 0.128915846 0.159335479 0
vt 0.101707011 0.140396103 0
vt 0.652775824 0.514618576 0
vt 0.657689989 0.516380012 0
vt 0.641024351 0.530421078 0
vt 0.654001713 0.509824932 0
vt 0.657689989 0.516380012 0
vt 0.652775824 0.514618576 0
vt 0.911078453 0.387387305 0
vt 0.910570979 0.405573279 0
vt 0.902755439 0.384892255 0
vt 0.950165331 0.504036784 0
vt 0.933382571 0.483218491 0
vt 0.945427954 0.4710325 0
vt 0.769895375 0.434109658 0
vt 0.764552832 0.444943547 0
vt 0.766597986 0.410795808 0
vt 0.933382571 0.483218491 0
vt 0.935170233 0.460674167 0
vt 0.945427954 0.4710325 0
vt 0.96373558 0.467057884 0
vt 0.945427954 0.4710325 0
vt 0.935170233 0.460674167 0
vt 0.161219567 0.49358058 0
vt 0.12107946 0.508559465 0
vt 0.136731446 0.491174459 0
vt 0.199816212 0.412998676 0
vt 0.205357075 0.3910411 0
vt 0.21001251 0.409200102 0
vt 0.705091298 0.639700651 0
vt 0.730461776 0.647691071 0
vt 0.70778048 0.664434731 0
vt 0.475948006 0.780431271 0
vt 0.484278619 0.775577366 0
vt 0.504167199 0.772073925 0
vt 0.706851184 0.714669526 0
vt 0.68936038 0.71477598 0
vt 0.722565651 0.691880286 0
vt 0.68936038 0.71477598 0
vt 0.69887197 0.691139281 0
vt 0.722565651 0.691880286 0
vt 0.650525272 0.184213385 0
vt 0.632665217 0.156688243 0
vt 0.648299992 0.173409998 0
vt 0.539180636 0.805027604 0
vt 0.487028509 0.789125979 0
vt 0.501130283 0.783949375 0
vt 0.504167199 0.772073925 0
vt 0.539180636 0.805027604 0
vt 0.501130283 0.783949375 0
vt 0.128822803 0.206080213 0
vt 0.139491007 0.217035979 0
vt 0.0924749002 0.20689331 0
vt 0.0924749002 0.20689331 0
vt 0.139491007 0.217035979 0
vt 0.113536954 0.22772646 0
vt 0.759771466 0.818196297 0
vt 0.768699288 0.835933805 0
vt 0.749517262 0.847465694 0
vt 0.126764923 0.291125715 0
vt 0.131304383 0.299830645 0
vt 0.0974187776 0.282867789 0
vt 0.594958663 0.996128082 0
vt 0.609568417 0.965933204 0
vt 0.605828702 0.987559736 0
vt 0.186471373 0.238844603 0
vt 0.164413989 0.235593095 0
vt 0.15236859 0.200032488 0
vt 0.562377453 0.346886903 0
vt 0.572093308 0.342625171 0
vt 0.56684655 0.37844187 0
vt 0.129845247 0.262394637 0
vt 0.146058276 0.264438272 0
vt 0.117701091 0.278112054 0
vt 0.0956494957 0.336068571 0
vt 0.0590479672 0.358316571 0
vt 0.086127609 0.319110096 0
vt 0.086127609 0.319110096 0
vt 0.10962268 0.333218217 0
vt 0.0956494957 0.336068571 0
vt 0.0990313068 0.317972183 0
vt 0.086127609 0.319110096 0
vt 0.0844205245 0.313118815 0
vt 0.92167145 0.337898612 0
vt 0.906321764 0.342234701 0
vt 0.919507027 0.322504133 0
vt 0.92167145 0.337898612 0
vt 0.919507027 0.322504133 0
vt 0.956147075 0.313738227 0
vt 0.26363799 0.106495708 0
vt 0.263060361 0.136226848 0
vt 0.237220719 0.0994848236 0
vt 0.914524436 0.373396814 0
vt 0.924678862 0.393566251 0
vt 0.911078453 0.387387305 0
vt 0.794125259 0.346654385 0
vt 0.791156054 0.383977622 0
vt 0.787497282 0.346695185 0
vt 0.840619981 0.262730002 0
vt 0.845516384 0.282350481 0
vt 0.830528259 0.268743902 0
vt 0.845516384 0.282350481 0
vt 0.814758658 0.300143123 0
vt 0.830429971 0.282480001 0
vt 0.605748415 0.568797469 0
vt 0.630290389 0.587963998 0
vt 0.609445989 0.581961751 0
vt 0.7357288 0.25829342 0
vt 0.74809432 0.264338404 0
vt 0.743608236 0.264319003 0
vt 0.451519996 0.83367002 0
vt 0.450861186 0.828154624 0
vt 0.455961466 0.833153903 0
vt 0.187892973 0.576362371 0
vt 0.230890006 0.594980001 0
vt 0.220530003 0.591120005 0
vt 0.124530621 0.108000271 0
vt 0.126789778 0.114423424 0
vt 0.10510806 0.111007921 0
vt 0.9746719 0.337731838 0
vt 0.951227665 0.32346198 0
vt 0.976108015 0.323653281 0
vt 0.338073373 0.570896149 0
vt 0.355541259 0.593630075 0
vt 0.328311861 0.588308573 0
vt 0.617770016 0.271149993 0
vt 0.624265611 0.297941864 0
vt 0.609435797 0.2849783 0
vt 0.598137915 0.289883286 0
vt 0.609435797 0.2849783 0
vt 0.607305646 0.288737804 0
vt 0.609435797 0.2849783 0
vt 0.614306271 0.270269066 0
vt 0.617770016 0.271149993 0
vt 0.614306271 0.270269066 0
vt 0.615464747 0.25949049 0
vt 0.617770016 0.271149993 0
vt 0.323320091 0.428714752 0
vt 0.312119991 0.444579989 0
vt 0.321280718 0.41940245 0
vt 0.323320091 0.428714752 0
vt 0.315206796 0.451297313 0
vt 0.312119991 0.444579989 0
vt 0.169758409 0.257979006 0
vt 0.184332639 0.265457094 0
vt 0.159337178 0.262998402 0
vt 0.199487522 0.238308251 0
vt 0.186471373 0.238844603 0
vt 0.193373755 0.230728388 0
vt 0.849024057 0.62414974 0
vt 0.857388318 0.64124316 0
vt 0.807192028 0.624058068 0
vt 0.692606986 0.810005903 0
vt 0.683215678 0.806173801 0
vt 0.708381057 0.785594821 0
vt 0.692606986 0.810005903 0
vt 0.708381057 0.785594821 0
vt 0.742617369 0.806453049 0
vt 0.151946351 0.402560741 0
vt 0.12322703 0.397800297 0
vt 0.13545765 0.383879691 0
vt 0.927142739 0.542495847 0
vt 0.902100027 0.605459988 0
vt 0.891325772 0.605852723 0
vt 0.867174745 0.208734035 0
vt 0.851329982 0.221609995 0
vt 0.865429997 0.193515614 0
vt 0.853790462 0.228710249 0
vt 0.867174745 0.208734035 0
vt 0.892291546 0.217696577 0
vt 0.673407197 0.893856108 0
vt 0.696698129 0.905736148 0
vt 0.68560034 0.914337039 0
vt 0.696698129 0.905736148 0
vt 0.673407197 0.893856108 0
vt 0.670725465 0.868015945 0
vt 0.553590655 0.692490697 0
vt 0.571830511 0.70473218 0
vt 0.564767778 0.728870034 0
vt 0.950165331 0.504036784 0
vt 0.929672062 0.509620488 0
vt 0.933382571 0.483218491 0
vt 0.875873327 0.826253653 0
vt 0.867089033 0.818870723 0
vt 0.872916698 0.813885868 0
vt 0.867089033 0.818870723 0
vt 0.831705153 0.80487293 0
vt 0.849609256 0.797464907 0
vt 0.867089033 0.818870723 0
vt 0.849609256 0.797464907 0
vt 0.872916698 0.813885868 0
vt 0.857242584 0.796274364 0
vt 0.872916698 0.813885868 0
vt 0.849609256 0.797464907 0
vt 0.863553822 0.843355298 0
vt 0.877642334 0.834863067 0
vt 0.882869065 0.852847993 0
vt 0.574221492 0.297265857 0
vt 0.531173587 0.31931594 0
vt 0.544175565 0.307467461 0
vt 0.532784402 0.44559747 0
vt 0.50815475 0.453774422 0
vt 0.461610109 0.437745392 0
vt 0.257718652 0.50728482 0
vt 0.236184537 0.505784273 0
vt 0.250519156 0.489026695 0
vt 0.823453486 0.413693488 0
vt 0.815540195 0.42437461 0
vt 0.816287637 0.407006204 0
vt 0.405420005 0.634140015 0
vt 0.413165838 0.635500073 0
vt 0.427882612 0.690906048 0
vt 0.405420005 0.634140015 0
vt 0.427882612 0.690906048 0
vt 0.423310012 0.692470014 0
vt 0.168998793 0.115650475 0
vt 0.145269215 0.093566522 0
vt 0.190149531 0.108554922 0
vt 0.76358521 0.78098321 0
vt 0.74702239 0.74419862 0
vt 0.775478423 0.763737977 0
vt 0.602939427 0.12623699 0
vt 0.583115518 0.109301962 0
vt 0.601158977 0.122531392 0
vt 0.602939427 0.12623699 0
vt 0.586380005 0.129979998 0
vt 0.583115518 0.109301962 0
vt 0.466400862 0.143097609 0
vt 0.469680011 0.158798456 0
vt 0.452685088 0.140203893 0
vt 0.452685088 0.140203893 0
vt 0.462708861 0.127508953 0
vt 0.466400862 0.143097609 0
vt 0.0606571585 0.31242016 0
vt 0.0621457957 0.305747002 0
vt 0.0729735121 0.301372468 0
vt 0.198900193 0.45463413 0
vt 0.195364758 0.474216372 0
vt 0.200881198 0.430621117 0
vt 0.906730711 0.186882272 0
vt 0.93126452 0.177792907 0
vt 0.934279501 0.18290177 0
vt 0.131854579 0.186379462 0
vt 0.119295351 0.185396507 0
vt 0.119893357 0.17201212 0
vt 0.131854579 0.186379462 0
vt 0.118659809 0.19621864 0
vt 0.119295351 0.185396507 0
vt 0.738346398 0.40196535 0
vt 0.73772496 0.439091593 0
vt 0.71999532 0.416505158 0
vt 0.529174924 0.348575115 0
vt 0.523728192 0.324233413 0
vt 0.531173587 0.31931594 0
vt 0.780441344 0.791577697 0
vt 0.770797968 0.792382061 0
vt 0.788565457 0.768557906 0
vt 0.794440925 0.777458072 0
vt 0.780441344 0.791577697 0
vt 0.788565457 0.768557906 0
vt 0.582451582 0.457184553 0
vt 0.613932371 0.454879522 0
vt 0.609860003 0.461589992 0
vt 0.640987098 0.882893562 0
vt 0.623206854 0.865574539 0
vt 0.658625007 0.873250186 0
vt 0.601082742 0.872822165 0
vt 0.623206854 0.865574539 0
vt 0.640987098 0.882893562 0
vt 0.808459461 0.83251673 0
vt 0.788615644 0.865484595 0
vt 0.787565768 0.806343615 0
vt 0.0956494957 0.336068571 0
vt 0.0916732326 0.353006035 0
vt 0.0590479672 0.358316571 0
vt 0.0916732326 0.353006035 0
vt 0.0956494957 0.336068571 0
vt 0.0979510471 0.364062101 0
vt 0.850450993 0.309097975 0
vt 0.840503931 0.334266514 0
vt 0.834270537 0.315114439 0
vt 0.636246204 0.806119442 0
vt 0.625120997 0.810771823 0
vt 0.636136711 0.775773108 0
vt 0.850450993 0.309097975 0
vt 0.834270537 0.315114439 0
vt 0.854892612 0.293731272 0
vt 0.805502474 0.568981826 0
vt 0.830799162 0.566399097 0
vt 0.852605402 0.589307308 0
vt 0.802560866 0.588636398 0
vt 0.805502474 0.568981826 0
vt 0.852605402 0.589307308 0
vt 0.357645363 0.181151167 0
vt 0.370979846 0.215595677 0
vt 0.345337361 0.208105266 0
vt 0.382631809 0.347848982 0
vt 0.394930005 0.366149992 0
vt 0.376593173 0.356372088 0
vt 0.986915767 0.360926181 0
vt 0.95653981 0.347091258 0
vt 0.9746719 0.337731838 0
vt 0.666745782 0.194197401 0
vt 0.682909429 0.204543442 0
vt 0.682089806 0.216176167 0
vt 0.666745782 0.194197401 0
vt 0.687730014 0.209490001 0
vt 0.682909429 0.204543442 0
vt 0.788615644 0.865484595 0
vt 0.808459461 0.83251673 0
vt 0.806946874 0.863206863 0
vt 0.663503051 0.278487653 0
vt 0.672343552 0.279389471 0
vt 0.671346128 0.299054742 0
vt 0.652624905 0.23513326 0
vt 0.637405455 0.253910989 0
vt 0.628167987 0.218913093 0
vt 0.162858441 0.463781565 0
vt 0.161219567 0.49358058 0
vt 0.136731446 0.491174459 0
vt 0.174132526 0.137635738 0
vt 0.158311695 0.140405387 0
vt 0.197611719 0.122136682 0
vt 0.180273876 0.24508433 0
vt 0.169758409 0.257979006 0
vt 0.176679298 0.241603434 0
vt 0.159195021 0.240587682 0
vt 0.186471373 0.238844603 0
vt 0.176679298 0.241603434 0
vt 0.260488063 0.229153499 0
vt 0.26159066 0.255858481 0
vt 0.245017633 0.211813435 0
vt 0.2373586 0.325030744 0
vt 0.263780147 0.356003165 0
vt 0.232598513 0.331207573 0
vt 0.212544709 0.31453374 0
vt 0.207740098 0.290949941 0
vt 0.2373586 0.325030744 0
vt 0.808459461 0.83251673 0
vt 0.807886779 0.810999036 0
vt 0.809237361 0.856714427 0
vt 0.882869065 0.852847993 0
vt 0.855971396 0.859722316 0
vt 0.863553822 0.843355298 0
vt 0.18982406 0.117080696 0
vt 0.168998793 0.115650475 0
vt 0.190149531 0.108554922 0
vt 0.780441344 0.791577697 0
vt 0.787565768 0.806343615 0
vt 0.768699288 0.835933805 0
vt 0.789974689 0.413079619 0
vt 0.801449001 0.414992541 0
vt 0.80010128 0.433072776 0
vt 0.309740871 0.179312646 0
vt 0.323204607 0.187055528 0
vt 0.306630343 0.186503351 0
vt 0.309740871 0.179312646 0
vt 0.324987143 0.169291228 0
vt 0.323204607 0.187055528 0
vt 0.208056137 0.0740657151 0
vt 0.204354808 0.0681522414 0
vt 0.21842882 0.0629190952 0
vt 0.923461139 0.497316033 0
vt 0.933382571 0.483218491 0
vt 0.929672062 0.509620488 0
vt 0.381312311 0.0424631797 0
vt 0.37673682 0.0534294844 0
vt 0.376929998 0.0447500013 0
vt 0.338283181 0.682600141 0
vt 0.323165804 0.688846111 0
vt 0.326601207 0.679192305 0
vt 0.323165804 0.688846111 0
vt 0.319209337 0.692690253 0
vt 0.326601207 0.679192305 0
vt 0.338073373 0.570896149 0
vt 0.328311861 0.588308573 0
vt 0.307474047 0.592224419 0
vt 0.857388318 0.64124316 0
vt 0.898916185 0.620461643 0
vt 0.890853345 0.650097489 0
vt 0.184836417 0.335507452 0
vt 0.217567831 0.345007867 0
vt 0.213008925 0.363787949 0
vt 0.263373196 0.377929211 0
vt 0.26977846 0.348489434 0
vt 0.275578946 0.399108171 0
vt 0.100235924 0.225608006 0
vt 0.102056295 0.234944642 0
vt 0.0769470558 0.2319341 0
vt 0.0769470558 0.2319341 0
vt 0.102056295 0.234944642 0
vt 0.0921600461 0.248269245 0
vt 0.362358332 0.102837324 0
vt 0.375729233 0.0910603702 0
vt 0.376568109 0.107401513 0
vt 0.684437454 0.35657689 0
vt 0.765832782 0.324411869 0
vt 0.717410028 0.368090004 0
vt 0.445969999 0.60285002 0
vt 0.464913249 0.561497331 0
vt 0.458981365 0.581743598 0
vt 0.375729233 0.0910603702 0
vt 0.362358332 0.102837324 0
vt 0.359029204 0.0734516382 0
vt 0.487028509 0.789125979 0
vt 0.508571565 0.825336874 0
vt 0.480062544 0.792510152 0
vt 0.683215678 0.806173801 0
vt 0.671570003 0.815599978 0
vt 0.667581856 0.798293948 0
vt 0.79152894 0.441637963 0
vt 0.789974689 0.413079619 0
vt 0.80010128 0.433072776 0
vt 0.549908102 0.72129035 0
vt 0.564767778 0.728870034 0
vt 0.565323591 0.785437584 0
vt 0.564767778 0.728870034 0
vt 0.549908102 0.72129035 0
vt 0.553590655 0.692490697 0
vt 0.145356089 0.189476639 0
vt 0.118659809 0.19621864 0
vt 0.131854579 0.186379462 0
vt 0.480062544 0.792510152 0
vt 0.464184999 0.795951307 0
vt 0.452296168 0.786605 0
vt 0.737250924 0.724545002 0
vt 0.775085449 0.738915741 0
vt 0.74702239 0.74419862 0
vt 0.221676275 0.42991659 0
vt 0.207381234 0.449058473 0
vt 0.200881198 0.430621117 0
vt 0.386745304 0.0577492192 0
vt 0.37673682 0.0534294844 0
vt 0.38047415 0.0514044054 0
vt 0.381312311 0.0424631797 0
vt 0.38047415 0.0514044054 0
vt 0.37673682 0.0534294844 0
vt 0.444079995 0.814549983 0
vt 0.451076239 0.818828642 0
vt 0.447589993 0.819220006 0
vt 0.448976964 0.825119317 0
vt 0.447396278 0.822194815 0
vt 0.450861186 0.828154624 0
vt 0.0832163692 0.511030734 0
vt 0.0688056275 0.475662321 0
vt 0.12107946 0.508559465 0
vt 0.119080521 0.518655598 0
vt 0.0832163692 0.511030734 0
vt 0.12107946 0.508559465 0
vt 0.747916579 0.872617662 0
vt 0.749517262 0.847465694 0
vt 0.763235033 0.860435665 0
vt 0.233030155 0.602184772 0
vt 0.249450594 0.595050454 0
vt 0.238587335 0.603364587 0
vt 0.118596829 0.162256077 0
vt 0.128915846 0.159335479 0
vt 0.135543898 0.162062243 0
vt 0.52301091 0.347153574 0
vt 0.520103276 0.377830356 0
vt 0.513541937 0.335378557 0
vt 0.917870104 0.536248088 0
vt 0.929672062 0.509620488 0
vt 0.927142739 0.542495847 0
vt 0.0856591612 0.376019925 0
vt 0.0892842114 0.387888223 0
vt 0.0735471919 0.381029963 0
vt 0.0892842114 0.387888223 0
vt 0.0946388021 0.397191644 0
vt 0.0735471919 0.381029963 0
vt 0.62677002 0.539529979 0
vt 0.620190024 0.549480021 0
vt 0.616984308 0.543938041 0
vt 0.641024351 0.530421078 0
vt 0.620190024 0.549480021 0
vt 0.62677002 0.539529979 0
vt 0.164314523 0.344719768 0
vt 0.152033985 0.31641525 0
vt 0.170563862 0.348025918 0
vt 0.161446154 0.352580249 0
vt 0.152033985 0.31641525 0
vt 0.164314523 0.344719768 0
vt 0.101313718 0.551504254 0
vt 0.117660001 0.557640016 0
vt 0.112984046 0.564166784 0
vt 0.477050006 0.761609972 0
vt 0.484150618 0.755295038 0
vt 0.481455654 0.764070153 0
vt 0.969057858 0.281554788 0
vt 0.989171147 0.263071924 0
vt 0.988158882 0.278688818 0
vt 0.937070668 0.300510019 0
vt 0.976257026 0.26085785 0
vt 0.969057858 0.281554788 0
vt 0.162982896 0.294221461 0
vt 0.190991953 0.296920687 0
vt 0.212544709 0.31453374 0
vt 0.976257026 0.26085785 0
vt 0.985605836 0.24863407 0
vt 0.989171147 0.263071924 0
vt 0.969057858 0.281554788 0
vt 0.976257026 0.26085785 0
vt 0.989171147 0.263071924 0
vt 0.421124101 0.384362429 0
vt 0.435898095 0.394203395 0
vt 0.434490502 0.399003685 0
vt 0.129845247 0.262394637 0
vt 0.114629999 0.257679999 0
vt 0.0921600461 0.248269245 0
vt 0.228007272 0.184891328 0
vt 0.179762542 0.195634723 0
vt 0.21844849 0.178194165 0
vt 0.768660128 0.38930738 0
vt 0.780989587 0.371293902 0
vt 0.782397747 0.38512519 0
vt 0.725695729 0.893020749 0
vt 0.715763807 0.908665717 0
vt 0.71157527 0.88948971 0
vt 0.706882715 0.743090153 0
vt 0.686162293 0.767145216 0
vt 0.695603848 0.735073209 0
vt 0.0229497924 0.401426017 0
vt 0.0345633924 0.392373115 0
vt 0.0634318069 0.430006176 0
vt 0.500660002 0.101190001 0
vt 0.498652548 0.109182797 0
vt 0.487238079 0.110792316 0
vt 0.506392896 0.0934076309 0
vt 0.508731008 0.0979890004 0
vt 0.498652548 0.109182797 0
vt 0.42241022 0.546884596 0
vt 0.410623938 0.524644732 0
vt 0.424089074 0.534528732 0
vt 0.42241022 0.546884596 0
vt 0.386456281 0.536648691 0
vt 0.410623938 0.524644732 0
vt 0.477674782 0.263334274 0
vt 0.490591735 0.287390053 0
vt 0.486112833 0.287750393 0
vt 0.772992134 0.641585112 0
vt 0.73303467 0.632427037 0
vt 0.780798554 0.615812957 0
vt 0.73303467 0.632427037 0
vt 0.728987396 0.610087395 0
vt 0.780798554 0.615812957 0
vt 0.178750411 0.408808768 0
vt 0.16058284 0.412713826 0
vt 0.160701156 0.398080766 0
vt 0.931017816 0.435760558 0
vt 0.917321324 0.44208616 0
vt 0.931379497 0.431558222 0
vt 0.868881226 0.344239473 0
vt 0.87925756 0.333276421 0
vt 0.880134881 0.361180514 0
vt 0.868881226 0.344239473 0
vt 0.840503931 0.334266514 0
vt 0.87925756 0.333276421 0
vt 0.727529645 0.740796804 0
vt 0.711428285 0.733133793 0
vt 0.737250924 0.724545002 0
vt 0.966032922 0.209147707 0
vt 0.948972046 0.204910606 0
vt 0.95875001 0.195309997 0
vt 0.893089354 0.173376769 0
vt 0.907549977 0.149770007 0
vt 0.91652 0.150889993 0
vt 0.542154968 0.841473758 0
vt 0.565504849 0.886481106 0
vt 0.508571565 0.825336874 0
vt 0.678656995 0.756101906 0
vt 0.664383769 0.748368919 0
vt 0.682403147 0.739407182 0
vt 0.695603848 0.735073209 0
vt 0.678656995 0.756101906 0
vt 0.682403147 0.739407182 0
vt 0.688700914 0.864381075 0
vt 0.706334293 0.864251375 0
vt 0.699688017 0.888496757 0
vt 0.706334293 0.864251375 0
vt 0.688700914 0.864381075 0
vt 0.701571524 0.842344999 0
vt 0.67273736 0.217224792 0
vt 0.656028926 0.219910145 0
vt 0.666745782 0.194197401 0
vt 0.636246204 0.806119442 0
vt 0.641446948 0.845509708 0
vt 0.625120997 0.810771823 0
vt 0.625120997 0.810771823 0
vt 0.641446948 0.845509708 0
vt 0.623206854 0.865574539 0
vt 0.15615733 0.124258317 0
vt 0.14169094 0.111650325 0
vt 0.154985294 0.11202658 0
vt 0.184836417 0.335507452 0
vt 0.212544709 0.31453374 0
vt 0.217567831 0.345007867 0
vt 0.232598513 0.331207573 0
vt 0.213008925 0.363787949 0
vt 0.217567831 0.345007867 0
vt 0.628167987 0.218913093 0
vt 0.656028926 0.219910145 0
vt 0.652624905 0.23513326 0
vt 0.956147075 0.313738227 0
vt 0.922702432 0.314330161 0
vt 0.973620296 0.300799429 0
vt 0.872916698 0.813885868 0
vt 0.894082963 0.82648766 0
vt 0.875873327 0.826253653 0
vt 0.81564784 0.443742335 0
vt 0.812110722 0.470272511 0
vt 0.80010128 0.433072776 0
vt 0.80010128 0.433072776 0
vt 0.812110722 0.470272511 0
vt 0.815372646 0.498911411 0
vt 0.50482446 0.335242182 0
vt 0.513541937 0.335378557 0
vt 0.495488852 0.386421174 0
vt 0.537600338 0.461141229 0
vt 0.542363286 0.45976302 0
vt 0.539615452 0.477858365 0
vt 0.537600338 0.461141229 0
vt 0.539615452 0.477858365 0
vt 0.50815475 0.453774422 0
vt 0.937070668 0.300510019 0
vt 0.922702432 0.314330161 0
vt 0.920094371 0.305907935 0
vt 0.705091298 0.639700651 0
vt 0.697036803 0.643706799 0
vt 0.686068237 0.616191864 0
vt 0.900914788 0.700753868 0
vt 0.876892805 0.708726764 0
vt 0.887920082 0.696405113 0
vt 0.345609695 0.666503608 0
vt 0.338283181 0.682600141 0
vt 0.336074322 0.675312877 0
vt 0.593055308 0.909809887 0
vt 0.626328528 0.911790013 0
vt 0.618219614 0.939318657 0
vt 0.593055308 0.909809887 0
vt 0.612776816 0.890891671 0
vt 0.626328528 0.911790013 0
vt 0.842616022 0.468274623 0
vt 0.853220582 0.474134326 0
vt 0.839629412 0.491035104 0
vt 0.842616022 0.468274623 0
vt 0.849840105 0.451246381 0
vt 0.853220582 0.474134326 0
vt 0.425104827 0.17258659 0
vt 0.386859715 0.145524964 0
vt 0.421321899 0.155853361 0
vt 0.572892427 0.136800036 0
vt 0.518067777 0.137779772 0
vt 0.558625996 0.123999484 0
vt 0.558625996 0.123999484 0
vt 0.519604266 0.135474205 0
vt 0.565704763 0.112343267 0
vt 0.403179407 0.167586327 0
vt 0.393235832 0.198242471 0
vt 0.391659617 0.166206643 0
vt 0.624265611 0.297941864 0
vt 0.620076418 0.300561309 0
vt 0.615038097 0.295188725 0
vt 0.615038097 0.295188725 0
vt 0.609435797 0.2849783 0
vt 0.624265611 0.297941864 0
vt 0.518067777 0.137779772 0
vt 0.519604266 0.135474205 0
vt 0.558625996 0.123999484 0
vt 0.162858441 0.463781565 0
vt 0.1027757 0.474554181 0
vt 0.10761717 0.453419834 0
vt 0.1027757 0.474554181 0
vt 0.0771267489 0.462186456 0
vt 0.10761717 0.453419834 0
vt 0.245429993 0.642799973 0
vt 0.248100072 0.638948023 0
vt 0.251607686 0.646927118 0
vt 0.236075401 0.636870086 0
vt 0.248100072 0.638948023 0
vt 0.245429993 0.642799973 0
vt 0.0590479672 0.358316571 0
vt 0.0916732326 0.353006035 0
vt 0.0856591612 0.376019925 0
vt 0.894082963 0.82648766 0
vt 0.880135 0.780283451 0
vt 0.910082459 0.781654358 0
vt 0.597380757 0.736736178 0
vt 0.610091507 0.728425384 0
vt 0.623359084 0.742016315 0
vt 0.399580061 0.264068365 0
vt 0.398625135 0.257443637 0
vt 0.407381713 0.252256751 0
vt 0.0345633924 0.392373115 0
vt 0.0673500001 0.4208 0
vt 0.0634318069 0.430006176 0
vt 0.232055381 0.0992866009 0
vt 0.237220719 0.0994848236 0
vt 0.231838509 0.109381057 0
vt 0.399580061 0.264068365 0
vt 0.407381713 0.252256751 0
vt 0.398091048 0.264700174 0
vt 0.888036489 0.672686458 0
vt 0.857388318 0.64124316 0
vt 0.890853345 0.650097489 0
vt 0.335184127 0.62792486 0
vt 0.349877715 0.619947016 0
vt 0.336395144 0.63905406 0
vt 0.325342774 0.630706668 0
vt 0.335184127 0.62792486 0
vt 0.336395144 0.63905406 0
vt 0.907636404 0.52528739 0
vt 0.891405821 0.571218729 0
vt 0.891066611 0.561583102 0
vt 0.182156324 0.0875072554 0
vt 0.190149531 0.108554922 0
vt 0.161405727 0.076513797 0
vt 0.424085796 0.123494908 0
vt 0.404991806 0.0853708833 0
vt 0.414730012 0.0808200017 0
vt 0.770001531 0.507964492 0
vt 0.757780492 0.45499894 0
vt 0.774379551 0.485135406 0
vt 0.723306775 0.710326612 0
vt 0.711428285 0.733133793 0
vt 0.706851184 0.714669526 0
vt 0.92918539 0.411098152 0
vt 0.944229603 0.391626984 0
vt 0.952523768 0.403077543 0
vt 0.706882715 0.743090153 0
vt 0.695603848 0.735073209 0
vt 0.711428285 0.733133793 0
vt 0.711428285 0.733133793 0
vt 0.695603848 0.735073209 0
vt 0.706851184 0.714669526 0
vt 0.831705153 0.80487293 0
vt 0.807886779 0.810999036 0
vt 0.81809938 0.774109721 0
vt 0.849609256 0.797464907 0
vt 0.831705153 0.80487293 0
vt 0.81809938 0.774109721 0
vt 0.213051617 0.109266259 0
vt 0.206574947 0.0927770585 0
vt 0.219999969 0.0989518911 0
vt 0.321835488 0.655102551 0
vt 0.308050007 0.668089986 0
vt 0.298159212 0.672011316 0
vt 0.484150618 0.755295038 0
vt 0.488499999 0.743969977 0
vt 0.48944667 0.763255119 0
vt 0.254424632 0.589550257 0
vt 0.291809499 0.604118288 0
vt 0.249450594 0.595050454 0
vt 0.210271537 0.37888208 0
vt 0.213008925 0.363787949 0
vt 0.218179137 0.395354271 0
vt 0.213008925 0.363787949 0
vt 0.210271537 0.37888208 0
vt 0.193044871 0.368737608 0
vt 0.74702239 0.74419862 0
vt 0.775085449 0.738915741 0
vt 0.775478423 0.763737977 0
vt 0.686162293 0.767145216 0
vt 0.678656995 0.756101906 0
vt 0.695603848 0.735073209 0
vt 0.997371018 0.397452295 0
vt 0.998479009 0.411341608 0
vt 0.978764832 0.390953273 0
vt 0.978764832 0.390953273 0
vt 0.998479009 0.411341608 0
vt 0.952523768 0.403077543 0
vt 0.339281529 0.173900485 0
vt 0.324987143 0.169291228 0
vt 0.329493821 0.161708921 0
vt 0.901935816 0.36829102 0
vt 0.914524436 0.373396814 0
vt 0.911078453 0.387387305 0
vt 0.904901266 0.357514024 0
vt 0.914524436 0.373396814 0
vt 0.901935816 0.36829102 0
vt 0.174661502 0.514025688 0
vt 0.15016903 0.538508475 0
vt 0.143504307 0.528739154 0
vt 0.13717173 0.55307591 0
vt 0.15016903 0.538508475 0
vt 0.174661502 0.514025688 0
vt 0.0765974075 0.431064546 0
vt 0.0723642483 0.409270197 0
vt 0.0882693827 0.400854796 0
vt 0.711402476 0.271962047 0
vt 0.700135589 0.267935902 0
vt 0.743608236 0.264319003 0
vt 0.0729735121 0.301372468 0
vt 0.0844205245 0.313118815 0
vt 0.086127609 0.319110096 0
vt 0.0729735121 0.301372468 0
vt 0.085935466 0.303572118 0
vt 0.0844205245 0.313118815 0
vt 0.742632091 0.369390726 0
vt 0.748359978 0.372480005 0
vt 0.756310642 0.381738931 0
vt 0.557590008 0.107529998 0
vt 0.565704763 0.112343267 0
vt 0.513749123 0.123542905 0
vt 0.899272025 0.645081997 0
vt 0.890853345 0.650097489 0
vt 0.898916185 0.620461643 0
vt 0.791156054 0.383977622 0
vt 0.794125259 0.346654385 0
vt 0.803549528 0.369305819 0
vt 0.794125259 0.346654385 0
vt 0.812619388 0.354278207 0
vt 0.803549528 0.369305819 0
vt 0.552867711 0.284235328 0
vt 0.549434721 0.282204211 0
vt 0.558103383 0.269611448 0
vt 0.705387592 0.611605585 0
vt 0.705091298 0.639700651 0
vt 0.686068237 0.616191864 0
vt 0.25796786 0.56665498 0
vt 0.237606302 0.562685609 0
vt 0.209763631 0.558729947 0
vt 0.306339085 0.11718782 0
vt 0.309740871 0.179312646 0
vt 0.27955997 0.131125271 0
vt 0.598106205 0.118349142 0
vt 0.601158977 0.122531392 0
vt 0.590136826 0.105349734 0
vt 0.893089354 0.173376769 0
vt 0.89203465 0.189478099 0
vt 0.872755766 0.196331114 0
vt 0.306630343 0.186503351 0
vt 0.27955997 0.131125271 0
vt 0.309740871 0.179312646 0
vt 0.184836417 0.335507452 0
vt 0.213008925 0.363787949 0
vt 0.152033985 0.31641525 0
vt 0.274038464 0.626841068 0
vt 0.292393148 0.614249945 0
vt 0.272957116 0.632337928 0
vt 0.274038464 0.626841068 0
vt 0.272957116 0.632337928 0
vt 0.266133577 0.629777133 0
vt 0.578927994 0.183197886 0
vt 0.568862379 0.20181796 0
vt 0.589341223 0.158538967 0
vt 0.0956703126 0.539979815 0
vt 0.101313718 0.551504254 0
vt 0.081443876 0.546726823 0
vt 0.578927994 0.183197886 0
vt 0.603876591 0.177179724 0
vt 0.592019618 0.209997609 0
vt 0.355664104 0.225665361 0
vt 0.342810303 0.236707211 0
vt 0.330417395 0.231302947 0
vt 0.081419073 0.272380471 0
vt 0.0974187776 0.282867789 0
vt 0.0499096848 0.276524663 0
vt 0.101707011 0.140396103 0
vt 0.0952124223 0.134912297 0
vt 0.125784338 0.143872812 0
vt 0.336395144 0.63905406 0
vt 0.321835488 0.655102551 0
vt 0.328657985 0.645822048 0
vt 0.328657985 0.645822048 0
vt 0.325342774 0.630706668 0
vt 0.336395144 0.63905406 0
vt 0.542154968 0.841473758 0
vt 0.57672441 0.881930411 0
vt 0.565504849 0.886481106 0
vt 0.159337178 0.262998402 0
vt 0.188078046 0.282730758 0
vt 0.146058276 0.264438272 0
vt 0.081443876 0.546726823 0
vt 0.0832163692 0.511030734 0
vt 0.0956703126 0.539979815 0
vt 0.181459188 0.0730315372 0
vt 0.182156324 0.0875072554 0
vt 0.161405727 0.076513797 0
vt 0.429773271 0.107421272 0
vt 0.424085796 0.123494908 0
vt 0.425639987 0.111680001 0
vt 0.61597091 0.718504131 0
vt 0.610091507 0.728425384 0
vt 0.60164243 0.703225791 0
vt 0.361419976 0.166783348 0
vt 0.357645363 0.181151167 0
vt 0.35410437 0.181927055 0
vt 0.323204607 0.187055528 0
vt 0.327651322 0.20246169 0
vt 0.319217741 0.207798436 0
vt 0.598137915 0.289883286 0
vt 0.607305646 0.288737804 0
vt 0.615038097 0.295188725 0
vt 0.757780492 0.45499894 0
vt 0.770001531 0.507964492 0
vt 0.747017026 0.465610027 0
vt 0.747017026 0.465610027 0
vt 0.770001531 0.507964492 0
vt 0.746029854 0.500890732 0
vt 0.902098954 0.436950058 0
vt 0.898790002 0.465440005 0
vt 0.894734502 0.426461041 0
vt 0.807192028 0.624058068 0
vt 0.772992134 0.641585112 0
vt 0.780798554 0.615812957 0
vt 0.857388318 0.64124316 0
vt 0.772992134 0.641585112 0
vt 0.807192028 0.624058068 0
vt 0.913686931 0.438601792 0
vt 0.894734502 0.426461041 0
vt 0.907572687 0.420928955 0
vt 0.263260007 0.513230026 0
vt 0.264270991 0.526763082 0
vt 0.257718652 0.50728482 0
vt 0.0946388021 0.397191644 0
vt 0.0513955168 0.389469862 0
vt 0.0654430836 0.389818937 0
vt 0.670725465 0.868015945 0
vt 0.658625007 0.873250186 0
vt 0.641446948 0.845509708 0
vt 0.179394946 0.165494412 0
vt 0.205715761 0.150131762 0
vt 0.206582427 0.17948395 0
vt 0.615464747 0.25949049 0
vt 0.618911386 0.242324084 0
vt 0.643509567 0.27197659 0
vt 0.701897144 0.409695059 0
vt 0.713786006 0.41078642 0
vt 0.715038419 0.415410101 0
vt 0.179394946 0.165494412 0
vt 0.206582427 0.17948395 0
vt 0.153665319 0.182520136 0
vt 0.461565673 0.777163744 0
vt 0.484278619 0.775577366 0
vt 0.475948006 0.780431271 0
vt 0.484278619 0.775577366 0
vt 0.461565673 0.777163744 0
vt 0.462170005 0.773419976 0
vt 0.0441774726 0.294807911 0
vt 0.0499096848 0.276524663 0
vt 0.0621457957 0.305747002 0
vt 0.872776508 0.182066724 0
vt 0.893089354 0.173376769 0
vt 0.872755766 0.196331114 0
vt 0.562231481 0.809319854 0
vt 0.585918546 0.805603564 0
vt 0.576128364 0.810563505 0
vt 0.576128364 0.810563505 0
vt 0.598576367 0.841459811 0
vt 0.562231481 0.809319854 0
vt 0.236456975 0.202494666 0
vt 0.208940074 0.221903309 0
vt 0.230977491 0.199528828 0
vt 0.803549528 0.369305819 0
vt 0.812619388 0.354278207 0
vt 0.817475677 0.371792853 0
vt 0.730050027 0.242589995 0
vt 0.723229408 0.254585713 0
vt 0.7225793 0.243427157 0
vt 0.801449001 0.414992541 0
vt 0.809464335 0.388589054 0
vt 0.816287637 0.407006204 0
vt 0.809464335 0.388589054 0
vt 0.801449001 0.414992541 0
vt 0.789974689 0.413079619 0
vt 0.206029341 0.455769777 0
vt 0.195364758 0.474216372 0
vt 0.198900193 0.45463413 0
vt 0.978764832 0.390953273 0
vt 0.95653981 0.347091258 0
vt 0.986915767 0.360926181 0
vt 0.373829037 0.440509051 0
vt 0.370568633 0.443191499 0
vt 0.348275632 0.429950655 0
vt 0.370568633 0.443191499 0
vt 0.323320091 0.428714752 0
vt 0.348275632 0.429950655 0
vt 0.626328528 0.911790013 0
vt 0.64913106 0.91538614 0
vt 0.6446293 0.940894008 0
vt 0.626328528 0.911790013 0
vt 0.640987098 0.882893562 0
vt 0.64913106 0.91538614 0
vt 0.329349071 0.0970963314 0
vt 0.345767468 0.113524139 0
vt 0.333311468 0.111821994 0
vt 0.228377283 0.0732590556 0
vt 0.21842882 0.0629190952 0
vt 0.237456053 0.0672137812 0
vt 0.448498338 0.518946946 0
vt 0.485268176 0.52535975 0
vt 0.449289918 0.530133665 0
vt 0.328311861 0.588308573 0
vt 0.328850418 0.618812382 0
vt 0.307474047 0.592224419 0
vt 0.531173587 0.31931594 0
vt 0.523728192 0.324233413 0
vt 0.512125134 0.30369395 0
vt 0.776398063 0.719861269 0
vt 0.806810379 0.738444924 0
vt 0.775085449 0.738915741 0
vt 0.240669996 0.618070006 0
vt 0.238045722 0.613149166 0
vt 0.27601251 0.614758074 0
vt 0.451076239 0.818828642 0
vt 0.447396278 0.822194815 0
vt 0.447589993 0.819220006 0
vt 0.495315075 0.946753204 0
vt 0.490283012 0.92794466 0
vt 0.488699436 0.918261886 0
vt 0.448976964 0.825119317 0
vt 0.427949995 0.823390007 0
vt 0.447396278 0.822194815 0
vt 0.238587335 0.603364587 0
vt 0.249450594 0.595050454 0
vt 0.25702101 0.608253598 0
vt 0.490283012 0.92794466 0
vt 0.479973584 0.903739929 0
vt 0.488699436 0.918261886 0
vt 0.683487833 0.269623041 0
vt 0.681812823 0.290522993 0
vt 0.672343552 0.279389471 0
vt 0.778786361 0.539410055 0
vt 0.805502474 0.568981826 0
vt 0.763283074 0.554612875 0
vt 0.118596829 0.162256077 0
vt 0.104350768 0.169940934 0
vt 0.101707011 0.140396103 0
vt 0.469170004 0.855669975 0
vt 0.455961466 0.833153903 0
vt 0.508571565 0.825336874 0
vt 0.674847245 0.301732749 0
vt 0.706442118 0.286122113 0
vt 0.658271253 0.327657402 0
vt 0.891325772 0.605852723 0
vt 0.879127085 0.593459368 0
vt 0.891405821 0.571218729 0
vt 0.765489995 0.279240012 0
vt 0.768095255 0.283559322 0
vt 0.765832782 0.324411869 0
vt 0.593202591 0.612280488 0
vt 0.597519994 0.606719971 0
vt 0.612173259 0.626385987 0
vt 0.609445989 0.581961751 0
vt 0.597519994 0.606719971 0
vt 0.601469994 0.586149991 0
vt 0.608166575 0.577576637 0
vt 0.609445989 0.581961751 0
vt 0.601469994 0.586149991 0
vt 0.843558252 0.752751112 0
vt 0.880135 0.780283451 0
vt 0.843795776 0.764875352 0
vt 0.548220515 0.956353545 0
vt 0.539240003 0.96232003 0
vt 0.507059991 0.967490017 0
vt 0.207740098 0.290949941 0
vt 0.188078046 0.282730758 0
vt 0.221774489 0.279245704 0
vt 0.451484591 0.813500166 0
vt 0.448655367 0.799212456 0
vt 0.464184999 0.795951307 0
vt 0.117701091 0.278112054 0
vt 0.147400841 0.293265194 0
vt 0.126764923 0.291125715 0
vt 0.155315429 0.28916508 0
vt 0.147400841 0.293265194 0
vt 0.117701091 0.278112054 0
vt 0.652844846 0.394068211 0
vt 0.645168543 0.439197928 0
vt 0.633309662 0.420948625 0
vt 0.633489311 0.299354047 0
vt 0.643509567 0.27197659 0
vt 0.663503051 0.278487653 0
vt 0.617770016 0.271149993 0
vt 0.643509567 0.27197659 0
vt 0.633489311 0.299354047 0
vt 0.614166021 0.792018056 0
vt 0.623359084 0.742016315 0
vt 0.645219982 0.734939992 0
vt 0.614166021 0.792018056 0
vt 0.602882504 0.772692442 0
vt 0.623359084 0.742016315 0
vt 0.806810379 0.738444924 0
vt 0.793603599 0.758716881 0
vt 0.775085449 0.738915741 0
vt 0.21001251 0.409200102 0
vt 0.200881198 0.430621117 0
vt 0.199816212 0.412998676 0
vt 0.441167772 0.812102437 0
vt 0.444079995 0.814549983 0
vt 0.442232519 0.815063357 0
vt 0.128915846 0.159335479 0
vt 0.139675125 0.150948837 0
vt 0.135543898 0.162062243 0
vt 0.145269215 0.093566522 0
vt 0.161405727 0.076513797 0
vt 0.190149531 0.108554922 0
vt 0.145269215 0.093566522 0
vt 0.134544596 0.0834115669 0
vt 0.161405727 0.076513797 0
vt 0.0854091421 0.197636962 0
vt 0.0828730389 0.188183784 0
vt 0.0899709687 0.187890053 0
vt 0.444511175 0.158417687 0
vt 0.425104827 0.17258659 0
vt 0.421321899 0.155853361 0
vt 0.444511175 0.158417687 0
vt 0.424797535 0.187261537 0
vt 0.425104827 0.17258659 0
vt 0.101310313 0.186302409 0
vt 0.0899709687 0.187890053 0
vt 0.0884605348 0.18161881 0
vt 0.0884605348 0.18161881 0
vt 0.0899709687 0.187890053 0
vt 0.0828730389 0.188183784 0
vt 0.612173259 0.626385987 0
vt 0.636749983 0.641340017 0
vt 0.625428319 0.662266374 0
vt 0.636749983 0.641340017 0
vt 0.612173259 0.626385987 0
vt 0.628696501 0.607099175 0
vt 0.426461339 0.517199278 0
vt 0.448498338 0.518946946 0
vt 0.424089074 0.534528732 0
vt 0.469620913 0.501673281 0
vt 0.448498338 0.518946946 0
vt 0.426461339 0.517199278 0
vt 0.95653981 0.347091258 0
vt 0.951227665 0.32346198 0
vt 0.9746719 0.337731838 0
vt 0.594977915 0.666559219 0
vt 0.586489141 0.645403743 0
vt 0.613833666 0.665498614 0
vt 0.310333997 0.636742055 0
vt 0.328850418 0.618812382 0
vt 0.325342774 0.630706668 0
vt 0.282910973 0.645962596 0
vt 0.328850418 0.618812382 0
vt 0.310333997 0.636742055 0
vt 0.9746719 0.337731838 0
vt 0.976108015 0.323653281 0
vt 0.996323049 0.349422783 0
vt 0.986915767 0.360926181 0
vt 0.9746719 0.337731838 0
vt 0.996323049 0.349422783 0
vt 0.603876591 0.177179724 0
vt 0.622186244 0.157904878 0
vt 0.611524343 0.182768539 0
vt 0.674847245 0.301732749 0
vt 0.671346128 0.299054742 0
vt 0.681812823 0.290522993 0
vt 0.671346128 0.299054742 0
vt 0.672343552 0.279389471 0
vt 0.681812823 0.290522993 0
vt 0.147400841 0.293265194 0
vt 0.162982896 0.294221461 0
vt 0.150295913 0.30299896 0
vt 0.534690022 0.747749984 0
vt 0.555923343 0.790983319 0
vt 0.523509681 0.743534207 0
vt 0.323165804 0.688846111 0
vt 0.338283181 0.682600141 0
vt 0.324849993 0.698650002 0
vt 0.0924749002 0.20689331 0
vt 0.113536954 0.22772646 0
vt 0.100235924 0.225608006 0
vt 0.699688017 0.888496757 0
vt 0.707305312 0.914262772 0
vt 0.696698129 0.905736148 0
vt 0.709890425 0.680893481 0
vt 0.69355011 0.6702438 0
vt 0.70778048 0.664434731 0
vt 0.073445864 0.255277395 0
vt 0.0912071615 0.264504582 0
vt 0.0645065159 0.25875321 0
vt 0.592019618 0.209997609 0
vt 0.568862379 0.20181796 0
vt 0.578927994 0.183197886 0
vt 0.50815475 0.453774422 0
vt 0.532784402 0.44559747 0
vt 0.537600338 0.461141229 0
vt 0.0974187776 0.282867789 0
vt 0.081419073 0.272380471 0
vt 0.0645065159 0.25875321 0
vt 0.625428319 0.662266374 0
vt 0.656814516 0.675878406 0
vt 0.650880039 0.704264402 0
vt 0.357539445 0.114476889 0
vt 0.345767468 0.113524139 0
vt 0.362358332 0.102837324 0
vt 0.757780492 0.45499894 0
vt 0.748738885 0.444181681 0
vt 0.764552832 0.444943547 0
vt 0.757780492 0.45499894 0
vt 0.764552832 0.444943547 0
vt 0.783955395 0.470588744 0
vt 0.436868221 0.545711219 0
vt 0.458547562 0.533126175 0
vt 0.451046914 0.543969631 0
vt 0.523782551 0.38714391 0
vt 0.520103276 0.377830356 0
vt 0.52301091 0.347153574 0
vt 0.380119801 0.283372104 0
vt 0.399580061 0.264068365 0
vt 0.398091048 0.264700174 0
vt 0.398625135 0.257443637 0
vt 0.399580061 0.264068365 0
vt 0.380119801 0.283372104 0
vt 0.520103276 0.377830356 0
vt 0.495488852 0.386421174 0
vt 0.513541937 0.335378557 0
vt 0.498652548 0.109182797 0
vt 0.52953434 0.102648608 0
vt 0.513749123 0.123542905 0
vt 0.498652548 0.109182797 0
vt 0.508731008 0.0979890004 0
vt 0.52953434 0.102648608 0
vt 0.618347824 0.651980281 0
vt 0.612173259 0.626385987 0
vt 0.625428319 0.662266374 0
vt 0.502054095 0.311256051 0
vt 0.512125134 0.30369395 0
vt 0.523728192 0.324233413 0
vt 0.79183358 0.511877358 0
vt 0.815372646 0.498911411 0
vt 0.809446335 0.523608148 0
vt 0.79183358 0.511877358 0
vt 0.774379551 0.485135406 0
vt 0.815372646 0.498911411 0
vt 0.105751731 0.339012027 0
vt 0.119086295 0.34782061 0
vt 0.127802134 0.36830765 0
vt 0.237606302 0.562685609 0
vt 0.25796786 0.56665498 0
vt 0.254424632 0.589550257 0
vt 0.488340557 0.120292068 0
vt 0.484208167 0.119781323 0
vt 0.487238079 0.110792316 0
vt 0.868474126 0.461605847 0
vt 0.853220582 0.474134326 0
vt 0.849840105 0.451246381 0
vt 0.2373586 0.325030744 0
vt 0.232598513 0.331207573 0
vt 0.212544709 0.31453374 0
vt 0.757780492 0.45499894 0
vt 0.73772496 0.439091593 0
vt 0.748738885 0.444181681 0
vt 0.250519156 0.489026695 0
vt 0.282255918 0.478043646 0
vt 0.257718652 0.50728482 0
vt 0.179762542 0.195634723 0
vt 0.15236859 0.200032488 0
vt 0.186932147 0.187323213 0
vt 0.168998793 0.115650475 0
vt 0.18982406 0.117080696 0
vt 0.197611719 0.122136682 0
vt 0.699322999 0.417154282 0
vt 0.705968797 0.417927176 0
vt 0.678309977 0.421139985 0
vt 0.780798554 0.615812957 0
vt 0.757282138 0.556728065 0
vt 0.849024057 0.62414974 0
vt 0.260736138 0.466072202 0
vt 0.250541151 0.457181066 0
vt 0.278975487 0.466459662 0
vt 0.893089354 0.173376769 0
vt 0.918860018 0.160730004 0
vt 0.922887385 0.176426321 0
vt 0.694879711 0.217876241 0
vt 0.700656533 0.219797105 0
vt 0.712576985 0.234673813 0
vt 0.640780628 0.714751482 0
vt 0.623359084 0.742016315 0
vt 0.625044644 0.724807978 0
vt 0.313487172 0.195035055 0
vt 0.300296634 0.193999216 0
vt 0.306630343 0.186503351 0
vt 0.622186244 0.157904878 0
vt 0.630460024 0.163969994 0
vt 0.629170597 0.187959298 0
vt 0.701897144 0.409695059 0
vt 0.705968797 0.417927176 0
vt 0.699322999 0.417154282 0
vt 0.162858441 0.463781565 0
vt 0.136731446 0.491174459 0
vt 0.1027757 0.474554181 0
vt 0.629170597 0.187959298 0
vt 0.630460024 0.163969994 0
vt 0.650525272 0.184213385 0
vt 0.319402486 0.08514148 0
vt 0.293333799 0.0859078392 0
vt 0.304483563 0.0779656023 0
vt 0.0229497924 0.401426017 0
vt 0.0634318069 0.430006176 0
vt 0.0506523289 0.456475765 0
vt 0.0506523289 0.456475765 0
vt 0.0634318069 0.430006176 0
vt 0.0630138591 0.488699824 0
vt 0.732643962 0.378997475 0
vt 0.736938059 0.367060125 0
vt 0.740212023 0.369744062 0
vt 0.684437454 0.35657689 0
vt 0.717410028 0.368090004 0
vt 0.693573356 0.378381878 0
vt 0.684437454 0.35657689 0
vt 0.693573356 0.378381878 0
vt 0.676303327 0.391426504 0
vt 0.637405455 0.253910989 0
vt 0.618911386 0.242324084 0
vt 0.628167987 0.218913093 0
vt 0.36079976 0.268517643 0
vt 0.359505683 0.272216439 0
vt 0.349529773 0.273901254 0
vt 0.280168474 0.0566950999 0
vt 0.296148777 0.069713667 0
vt 0.280557364 0.0701331869 0
vt 0.359505683 0.272216439 0
vt 0.36079976 0.268517643 0
vt 0.380119801 0.283372104 0
vt 0.933382571 0.483218491 0
vt 0.931017816 0.435760558 0
vt 0.935170233 0.460674167 0
vt 0.540851593 0.44662708 0
vt 0.554349244 0.435959965 0
vt 0.573599517 0.43857491 0
vt 0.567682862 0.413583964 0
vt 0.573599517 0.43857491 0
vt 0.554349244 0.435959965 0
vt 0.457896739 0.29128623 0
vt 0.461732954 0.327341855 0
vt 0.420678586 0.330058485 0
vt 0.423752844 0.490261585 0
vt 0.282982856 0.483279228 0
vt 0.362803042 0.465497494 0
vt 0.0660813078 0.183573633 0
vt 0.0681203157 0.173114464 0
vt 0.0828730389 0.188183784 0
vt 0.623441815 0.346675992 0
vt 0.650919974 0.344830006 0
vt 0.648732185 0.361558944 0
vt 0.658271253 0.327657402 0
vt 0.648732185 0.361558944 0
vt 0.650919974 0.344830006 0
vt 0.871207893 0.570845306 0
vt 0.845832288 0.546809256 0
vt 0.867097795 0.562972307 0
vt 0.113536954 0.22772646 0
vt 0.102056295 0.234944642 0
vt 0.100235924 0.225608006 0
vt 0.184332639 0.265457094 0
vt 0.188078046 0.282730758 0
vt 0.159337178 0.262998402 0
vt 0.451519996 0.83367002 0
vt 0.455961466 0.833153903 0
vt 0.456180006 0.843060017 0
vt 0.187892973 0.576362371 0
vt 0.227458283 0.596974075 0
vt 0.202030003 0.587719977 0
vt 0.590136826 0.105349734 0
vt 0.601158977 0.122531392 0
vt 0.576026618 0.0969683677 0
vt 0.460178673 0.217459694 0
vt 0.424797535 0.187261537 0
vt 0.455179989 0.190329999 0
vt 0.444511175 0.158417687 0
vt 0.455179989 0.190329999 0
vt 0.424797535 0.187261537 0
vt 0.159337178 0.262998402 0
vt 0.159195021 0.240587682 0
vt 0.169758409 0.257979006 0
vt 0.176679298 0.241603434 0
vt 0.169758409 0.257979006 0
vt 0.159195021 0.240587682 0
vt 0.37673682 0.0534294844 0
vt 0.351617992 0.046160005 0
vt 0.368927389 0.0386284776 0
vt 0.278975487 0.466459662 0
vt 0.282255918 0.478043646 0
vt 0.250519156 0.489026695 0
vt 0.477050006 0.761609972 0
vt 0.481455654 0.764070153 0
vt 0.461389989 0.756290019 0
vt 0.920094371 0.305907935 0
vt 0.922702432 0.314330161 0
vt 0.893470585 0.289243519 0
vt 0.917321324 0.44208616 0
vt 0.931017816 0.435760558 0
vt 0.912414074 0.468530864 0
vt 0.904713333 0.47441408 0
vt 0.894981503 0.495860606 0
vt 0.898790002 0.465440005 0
vt 0.913686931 0.438601792 0
vt 0.904713333 0.47441408 0
vt 0.898790002 0.465440005 0
vt 0.452296168 0.786605 0
vt 0.461565673 0.777163744 0
vt 0.475948006 0.780431271 0
vt 0.470640004 0.769280016 0
vt 0.484278619 0.775577366 0
vt 0.462170005 0.773419976 0
vt 0.481455654 0.764070153 0
vt 0.484278619 0.775577366 0
vt 0.470640004 0.769280016 0
vt 0.117660001 0.557640016 0
vt 0.13717173 0.55307591 0
vt 0.133864343 0.565128148 0
vt 0.178106651 0.559036314 0
vt 0.133864343 0.565128148 0
vt 0.13717173 0.55307591 0
vt 0.441167772 0.812102437 0
vt 0.451076239 0.818828642 0
vt 0.444079995 0.814549983 0
vt 0.95875001 0.195309997 0
vt 0.948972046 0.204910606 0
vt 0.951789975 0.197139993 0
vt 0.0879975408 0.559694469 0
vt 0.101313718 0.551504254 0
vt 0.0975399986 0.559099972 0
vt 0.598137915 0.289883286 0
vt 0.614306271 0.270269066 0
vt 0.609435797 0.2849783 0
vt 0.598137915 0.289883286 0
vt 0.592940688 0.289722472 0
vt 0.614306271 0.270269066 0
vt 0.404190689 0.107707389 0
vt 0.404991806 0.0853708833 0
vt 0.424085796 0.123494908 0
vt 0.345767468 0.113524139 0
vt 0.346606046 0.100509278 0
vt 0.362358332 0.102837324 0
vt 0.886290312 0.195774689 0
vt 0.89203465 0.189478099 0
vt 0.906730711 0.186882272 0
vt 0.73303467 0.632427037 0
vt 0.730461776 0.647691071 0
vt 0.705091298 0.639700651 0
vt 0.705091298 0.639700651 0
vt 0.711725116 0.626777649 0
vt 0.73303467 0.632427037 0
vt 0.68760401 0.698883653 0
vt 0.667406976 0.71269995 0
vt 0.68859458 0.684811175 0
vt 0.0441774726 0.294807911 0
vt 0.0621457957 0.305747002 0
vt 0.0606571585 0.31242016 0
vt 0.890155077 0.539872169 0
vt 0.891066611 0.561583102 0
vt 0.867097795 0.562972307 0
vt 0.520103276 0.377830356 0
vt 0.520449996 0.403569996 0
vt 0.495488852 0.386421174 0
vt 0.759626627 0.805500627 0
vt 0.759771466 0.818196297 0
vt 0.737021089 0.83102715 0
vt 0.520103276 0.377830356 0
vt 0.523782551 0.38714391 0
vt 0.520449996 0.403569996 0
vt 0.13717173 0.55307591 0
vt 0.174661502 0.514025688 0
vt 0.178106651 0.559036314 0
vt 0.431696653 0.58244592 0
vt 0.407276452 0.601761699 0
vt 0.394710869 0.592327356 0
vt 0.843558252 0.752751112 0
vt 0.875952125 0.752342105 0
vt 0.880135 0.780283451 0
vt 0.875952125 0.752342105 0
vt 0.923603475 0.752953112 0
vt 0.880135 0.780283451 0
vt 0.830429971 0.282480001 0
vt 0.823889971 0.276600003 0
vt 0.830528259 0.268743902 0
vt 0.845516384 0.282350481 0
vt 0.830429971 0.282480001 0
vt 0.830528259 0.268743902 0
vt 0.484208167 0.119781323 0
vt 0.488340557 0.120292068 0
vt 0.469709992 0.116460003 0
vt 0.346316218 0.0527016632 0
vt 0.327705026 0.058570873 0
vt 0.337673515 0.0492691919 0
vt 0.884548008 0.684972346 0
vt 0.898681879 0.67239356 0
vt 0.897586405 0.684600532 0
vt 0.884548008 0.684972346 0
vt 0.897586405 0.684600532 0
vt 0.887920082 0.696405113 0
vt 0.615464747 0.25949049 0
vt 0.614306271 0.270269066 0
vt 0.61398977 0.241296664 0
vt 0.61398977 0.241296664 0
vt 0.618911386 0.242324084 0
vt 0.615464747 0.25949049 0
vt 0.811376214 0.324669838 0
vt 0.813972175 0.312481582 0
vt 0.845516384 0.282350481 0
vt 0.929417968 0.359295845 0
vt 0.944229603 0.391626984 0
vt 0.923678041 0.36380747 0
vt 0.663503051 0.278487653 0
vt 0.666927755 0.257655799 0
vt 0.672343552 0.279389471 0
vt 0.395487398 0.0888460502 0
vt 0.381682724 0.0796454847 0
vt 0.373670548 0.0631489307 0
vt 0.686068237 0.616191864 0
vt 0.697036803 0.643706799 0
vt 0.687138081 0.642793119 0
vt 0.134857342 0.233109802 0
vt 0.159337178 0.262998402 0
vt 0.146058276 0.264438272 0
vt 0.360755384 0.623853266 0
vt 0.385660499 0.616082788 0
vt 0.393564016 0.619633377 0
vt 0.407276452 0.601761699 0
vt 0.393564016 0.619633377 0
vt 0.385660499 0.616082788 0
vt 0.759626627 0.805500627 0
vt 0.737021089 0.83102715 0
vt 0.742617369 0.806453049 0
vt 0.742617369 0.806453049 0
vt 0.737021089 0.83102715 0
vt 0.729709268 0.825572133 0
vt 0.133864343 0.565128148 0
vt 0.178106651 0.559036314 0
vt 0.160062715 0.569229543 0
vt 0.226113707 0.526363671 0
vt 0.209763631 0.558729947 0
vt 0.178106651 0.559036314 0
vt 0.572892427 0.136800036 0
vt 0.536482692 0.160522386 0
vt 0.518067777 0.137779772 0
vt 0.787497282 0.346695185 0
vt 0.782397747 0.38512519 0
vt 0.780989587 0.371293902 0
vt 0.0634318069 0.430006176 0
vt 0.0631700009 0.471509993 0
vt 0.0630138591 0.488699824 0
vt 0.295729458 0.212873891 0
vt 0.282610327 0.223324627 0
vt 0.272483617 0.210607529 0
vt 0.272483617 0.210607529 0
vt 0.282610327 0.223324627 0
vt 0.27726835 0.242806569 0
vt 0.69887197 0.691139281 0
vt 0.709890425 0.680893481 0
vt 0.722565651 0.691880286 0
vt 0.592760026 0.142609999 0
vt 0.597816229 0.159811705 0
vt 0.574595571 0.117430799 0
vt 0.84744966 0.782950819 0
vt 0.81809938 0.774109721 0
vt 0.823826194 0.751681507 0
vt 0.73059535 0.43414861 0
vt 0.71999532 0.416505158 0
vt 0.73772496 0.439091593 0
vt 0.711402476 0.271962047 0
vt 0.706442118 0.286122113 0
vt 0.674847245 0.301732749 0
vt 0.618219614 0.939318657 0
vt 0.626328528 0.911790013 0
vt 0.6446293 0.940894008 0
vt 0.244159997 0.268530011 0
vt 0.207740098 0.290949941 0
vt 0.221774489 0.279245704 0
vt 0.295961708 0.425366461 0
vt 0.290477991 0.445249468 0
vt 0.246972874 0.407850772 0
vt 0.539180636 0.805027604 0
vt 0.504167199 0.772073925 0
vt 0.543030083 0.790195942 0
vt 0.523782551 0.38714391 0
vt 0.525866866 0.415704638 0
vt 0.520449996 0.403569996 0
vt 0.985605836 0.24863407 0
vt 0.98991257 0.247637466 0
vt 0.989171147 0.263071924 0
vt 0.236623079 0.525825024 0
vt 0.248121396 0.536311746 0
vt 0.242223188 0.550269604 0
vt 0.865429997 0.193515614 0
vt 0.872755766 0.196331114 0
vt 0.867174745 0.208734035 0
vt 0.306193978 0.31256184 0
vt 0.301373422 0.375812232 0
vt 0.291686237 0.353021145 0
vt 0.840503931 0.334266514 0
vt 0.862677038 0.310492039 0
vt 0.87925756 0.333276421 0
vt 0.206574947 0.0927770585 0
vt 0.213051617 0.109266259 0
vt 0.199100003 0.0971599966 0
vt 0.500973165 0.502895117 0
vt 0.51690644 0.513349712 0
vt 0.485268176 0.52535975 0
vt 0.500973165 0.502895117 0
vt 0.485268176 0.52535975 0
vt 0.448498338 0.518946946 0
vt 0.394710869 0.592327356 0
vt 0.424492657 0.56316781 0
vt 0.431696653 0.58244592 0
vt 0.451046914 0.543969631 0
vt 0.431696653 0.58244592 0
vt 0.424492657 0.56316781 0
vt 0.126314268 0.0943214819 0
vt 0.134544596 0.0834115669 0
vt 0.145269215 0.093566522 0
vt 0.134544596 0.0834115669 0
vt 0.126314268 0.0943214819 0
vt 0.109069452 0.0921260715 0
vt 0.25702101 0.608253598 0
vt 0.291809499 0.604118288 0
vt 0.27601251 0.614758074 0
vt 0.105751731 0.339012027 0
vt 0.12322703 0.397800297 0
vt 0.0999372825 0.395121634 0
vt 0.863553822 0.843355298 0
vt 0.848715782 0.827383399 0
vt 0.877642334 0.834863067 0
vt 0.863553822 0.843355298 0
vt 0.855971396 0.859722316 0
vt 0.848715782 0.827383399 0
vt 0.272957116 0.632337928 0
vt 0.274280012 0.645810008 0
vt 0.271459997 0.659550011 0
vt 0.27902329 0.655097783 0
vt 0.274280012 0.645810008 0
vt 0.272957116 0.632337928 0
vt 0.848111987 0.719841778 0
vt 0.875952125 0.752342105 0
vt 0.843558252 0.752751112 0
vt 0.264843464 0.65104562 0
vt 0.272957116 0.632337928 0
vt 0.26789999 0.651740015 0
vt 0.421124101 0.384362429 0
vt 0.434490502 0.399003685 0
vt 0.380929619 0.41894874 0
vt 0.69887197 0.691139281 0
vt 0.68760401 0.698883653 0
vt 0.68859458 0.684811175 0
vt 0.646929145 0.94479394 0
vt 0.64913106 0.91538614 0
vt 0.680020988 0.928335905 0
vt 0.922887385 0.176426321 0
vt 0.906730711 0.186882272 0
vt 0.89203465 0.189478099 0
vt 0.403179407 0.167586327 0
vt 0.386859715 0.145524964 0
vt 0.425104827 0.17258659 0
vt 0.143504307 0.528739154 0
vt 0.15016903 0.538508475 0
vt 0.126165822 0.534413874 0
vt 0.764552832 0.444943547 0
vt 0.769895375 0.434109658 0
vt 0.79443717 0.462732553 0
vt 0.571830511 0.70473218 0
vt 0.553590655 0.692490697 0
vt 0.586670637 0.691877425 0
vt 0.553590655 0.692490697 0
vt 0.570046127 0.674047709 0
vt 0.586670637 0.691877425 0
vt 0.42241022 0.546884596 0
vt 0.424089074 0.534528732 0
vt 0.428899258 0.543820381 0
vt 0.0522334278 0.513534129 0
vt 0.0744979233 0.533476055 0
vt 0.0457177274 0.537629783 0
vt 0.666745782 0.194197401 0
vt 0.653670013 0.146290004 0
vt 0.65941 0.160449997 0
vt 0.705968797 0.417927176 0
vt 0.708019972 0.439399987 0
vt 0.705120027 0.433699995 0
vt 0.951789975 0.197139993 0
vt 0.934279501 0.18290177 0
vt 0.949670017 0.187920004 0
vt 0.91652 0.150889993 0
vt 0.918860018 0.160730004 0
vt 0.893089354 0.173376769 0
vt 0.851139605 0.70833385 0
vt 0.845209002 0.70686847 0
vt 0.887920082 0.696405113 0
vt 0.0410099998 0.490720004 0
vt 0.0563657768 0.504358649 0
vt 0.0522334278 0.513534129 0
vt 0.104350768 0.169940934 0
vt 0.0884605348 0.18161881 0
vt 0.0681203157 0.173114464 0
vt 0.207740098 0.290949941 0
vt 0.179321036 0.285246611 0
vt 0.188078046 0.282730758 0
vt 0.592019618 0.209997609 0
vt 0.61398977 0.241296664 0
vt 0.573739231 0.244977906 0
vt 0.667917013 0.405886948 0
vt 0.665210009 0.406800002 0
vt 0.652844846 0.394068211 0
vt 0.456188977 0.543395877 0
vt 0.451046914 0.543969631 0
vt 0.457940012 0.543780029 0
vt 0.450861186 0.828154624 0
vt 0.451076239 0.818828642 0
vt 0.458747059 0.825269997 0
vt 0.450861186 0.828154624 0
vt 0.447396278 0.822194815 0
vt 0.451076239 0.818828642 0
vt 0.840503931 0.334266514 0
vt 0.823543549 0.345012009 0
vt 0.834270537 0.315114439 0
vt 0.666762412 0.734168947 0
vt 0.68936038 0.71477598 0
vt 0.682403147 0.739407182 0
vt 0.403179407 0.167586327 0
vt 0.391659617 0.166206643 0
vt 0.386859715 0.145524964 0
vt 0.275963038 0.583696485 0
vt 0.25796786 0.56665498 0
vt 0.28164497 0.544232726 0
vt 0.706851184 0.714669526 0
vt 0.722565651 0.691880286 0
vt 0.723306775 0.710326612 0
vt 0.849840105 0.451246381 0
vt 0.842616022 0.468274623 0
vt 0.828765213 0.445992231 0
vt 0.86097002 0.185100004 0
vt 0.889289975 0.164539993 0
vt 0.872776508 0.182066724 0
vt 0.86097002 0.185100004 0
vt 0.872776508 0.182066724 0
vt 0.865429997 0.193515614 0
vt 0.548220515 0.956353545 0
vt 0.584138215 0.954214513 0
vt 0.539240003 0.96232003 0
vt 0.486112833 0.287750393 0
vt 0.513541937 0.335378557 0
vt 0.50482446 0.335242182 0
vt 0.896845222 0.405907899 0
vt 0.902755439 0.384892255 0
vt 0.910570979 0.405573279 0
vt 0.737250924 0.724545002 0
vt 0.723306775 0.710326612 0
vt 0.729347408 0.700119853 0
vt 0.0771267489 0.462186456 0
vt 0.0688056275 0.475662321 0
vt 0.0677462518 0.446400642 0
vt 0.384011745 0.676088929 0
vt 0.375739992 0.674969971 0
vt 0.377680004 0.656570017 0
vt 0.549832284 0.680017173 0
vt 0.548169971 0.669740021 0
vt 0.549927294 0.660762548 0
vt 0.853790462 0.228710249 0
vt 0.843943894 0.24197945 0
vt 0.851329982 0.221609995 0
vt 0.853790462 0.228710249 0
vt 0.851329982 0.221609995 0
vt 0.867174745 0.208734035 0
vt 0.812346935 0.869179249 0
vt 0.806946874 0.863206863 0
vt 0.809237361 0.856714427 0
vt 0.360839993 0.0280799996 0
vt 0.348352492 0.0330933034 0
vt 0.361254424 0.0223313607 0
vt 0.967050612 0.224859715 0
vt 0.970499992 0.232079998 0
vt 0.966819346 0.23574236 0
vt 0.174661502 0.514025688 0
vt 0.143504307 0.528739154 0
vt 0.12107946 0.508559465 0
vt 0.161219567 0.49358058 0
vt 0.174661502 0.514025688 0
vt 0.12107946 0.508559465 0
vt 0.94158566 0.20878844 0
vt 0.948972046 0.204910606 0
vt 0.952482879 0.232206687 0
vt 0.0765974075 0.431064546 0
vt 0.0771267489 0.462186456 0
vt 0.0723642483 0.409270197 0
vt 0.282255918 0.478043646 0
vt 0.282982856 0.483279228 0
vt 0.257718652 0.50728482 0
vt 0.746029854 0.500890732 0
vt 0.770001531 0.507964492 0
vt 0.76910603 0.538156867 0
vt 0.786432922 0.519004524 0
vt 0.76910603 0.538156867 0
vt 0.770001531 0.507964492 0
vt 0.904713333 0.47441408 0
vt 0.912414074 0.468530864 0
vt 0.904378116 0.500861108 0
vt 0.421371102 0.209257483 0
vt 0.416564047 0.229764 0
vt 0.38710317 0.228084072 0
vt 0.376593173 0.356372088 0
vt 0.380356699 0.364476264 0
vt 0.379857779 0.391399741 0
vt 0.380356699 0.364476264 0
vt 0.376593173 0.356372088 0
vt 0.394930005 0.366149992 0
vt 0.862783015 0.383004338 0
vt 0.868881226 0.344239473 0
vt 0.880134881 0.361180514 0
vt 0.917321324 0.44208616 0
vt 0.904713333 0.47441408 0
vt 0.913686931 0.438601792 0
vt 0.451437742 0.404751152 0
vt 0.449233919 0.416142523 0
vt 0.434490502 0.399003685 0
vt 0.904378116 0.500861108 0
vt 0.907636404 0.52528739 0
vt 0.894981503 0.495860606 0
vt 0.904378116 0.500861108 0
vt 0.913036406 0.522199273 0
vt 0.907636404 0.52528739 0
vt 0.34359619 0.27155003 0
vt 0.315855891 0.274560273 0
vt 0.341042489 0.252806544 0
vt 0.085935466 0.303572118 0
vt 0.0499096848 0.276524663 0
vt 0.131304383 0.299830645 0
vt 0.085935466 0.303572118 0
vt 0.0729735121 0.301372468 0
vt 0.0499096848 0.276524663 0
vt 0.0499096848 0.276524663 0
vt 0.0729735121 0.301372468 0
vt 0.0621457957 0.305747002 0
vt 0.281567156 0.53854984 0
vt 0.264270991 0.526763082 0
vt 0.3133367 0.538097441 0
vt 0.3133367 0.538097441 0
vt 0.264270991 0.526763082 0
vt 0.282982856 0.483279228 0
vt 0.743608236 0.264319003 0
vt 0.749130011 0.272159994 0
vt 0.706442118 0.286122113 0
vt 0.749130011 0.272159994 0
vt 0.765489995 0.279240012 0
vt 0.706442118 0.286122113 0
vt 0.282255918 0.478043646 0
vt 0.315206796 0.451297313 0
vt 0.282982856 0.483279228 0
vt 0.312119991 0.444579989 0
vt 0.315206796 0.451297313 0
vt 0.282255918 0.478043646 0
vt 0.0673500001 0.4208 0
vt 0.0677462518 0.446400642 0
vt 0.0634318069 0.430006176 0
vt 0.0544123985 0.339284062 0
vt 0.0590479672 0.358316571 0
vt 0.0548621453 0.359393954 0
vt 0.834270537 0.315114439 0
vt 0.823543549 0.345012009 0
vt 0.811376214 0.324669838 0
vt 0.158655047 0.42389214 0
vt 0.181742996 0.462170571 0
vt 0.139098689 0.428459406 0
vt 0.671570003 0.815599978 0
vt 0.661470771 0.815059602 0
vt 0.667581856 0.798293948 0
vt 0.763283074 0.554612875 0
vt 0.802560866 0.588636398 0
vt 0.757282138 0.556728065 0
vt 0.565504849 0.886481106 0
vt 0.488699436 0.918261886 0
vt 0.469170004 0.855669975 0
vt 0.757282138 0.556728065 0
vt 0.802560866 0.588636398 0
vt 0.849024057 0.62414974 0
vt 0.633309662 0.420948625 0
vt 0.632445395 0.382697195 0
vt 0.652844846 0.394068211 0
vt 0.420678586 0.330058485 0
vt 0.408576697 0.361991376 0
vt 0.391757697 0.321857154 0
vt 0.641024351 0.530421078 0
vt 0.625039995 0.567680001 0
vt 0.620190024 0.549480021 0
vt 0.730050027 0.242589995 0
vt 0.747950017 0.246209994 0
vt 0.723229408 0.254585713 0
vt 0.748738885 0.444181681 0
vt 0.756115913 0.394774646 0
vt 0.766597986 0.410795808 0
vt 0.916454613 0.849574089 0
vt 0.909741342 0.857397974 0
vt 0.90620935 0.850734413 0
vt 0.90620935 0.850734413 0
vt 0.894082963 0.82648766 0
vt 0.916454613 0.849574089 0
vt 0.911135316 0.721559346 0
vt 0.923603475 0.752953112 0
vt 0.848111987 0.719841778 0
vt 0.56684655 0.37844187 0
vt 0.572093308 0.342625171 0
vt 0.58296746 0.348272651 0
vt 0.567682862 0.413583964 0
vt 0.56684655 0.37844187 0
vt 0.58296746 0.348272651 0
vt 0.204890117 0.131816417 0
vt 0.197611719 0.122136682 0
vt 0.214752793 0.119248964 0
vt 0.626328528 0.911790013 0
vt 0.612776816 0.890891671 0
vt 0.640987098 0.882893562 0
vt 0.369735003 0.156279996 0
vt 0.365239054 0.141474605 0
vt 0.383417219 0.129507035 0
vt 0.902755439 0.384892255 0
vt 0.901935816 0.36829102 0
vt 0.911078453 0.387387305 0
vt 0.386859715 0.145524964 0
vt 0.369735003 0.156279996 0
vt 0.383417219 0.129507035 0
vt 0.845209002 0.70686847 0
vt 0.810458004 0.681977928 0
vt 0.824873447 0.656021237 0
vt 0.10962268 0.333218217 0
vt 0.130770892 0.331817657 0
vt 0.119086295 0.34782061 0
vt 0.119086295 0.34782061 0
vt 0.105751731 0.339012027 0
vt 0.10962268 0.333218217 0
vt 0.315855891 0.274560273 0
vt 0.34359619 0.27155003 0
vt 0.347429812 0.287953287 0
vt 0.10962268 0.333218217 0
vt 0.0990313068 0.317972183 0
vt 0.130770892 0.331817657 0
vt 0.327705026 0.058570873 0
vt 0.327333897 0.0418713205 0
vt 0.337673515 0.0492691919 0
vt 0.897399843 0.378365666 0
vt 0.882550597 0.375468165 0
vt 0.880134881 0.361180514 0
vt 0.102326393 0.443384439 0
vt 0.0771267489 0.462186456 0
vt 0.0765974075 0.431064546 0
vt 0.0771267489 0.462186456 0
vt 0.102326393 0.443384439 0
vt 0.10761717 0.453419834 0
vt 0.888296664 0.418532252 0
vt 0.857572377 0.405774325 0
vt 0.896845222 0.405907899 0
vt 0.66176784 0.766949415 0
vt 0.672983527 0.776592672 0
vt 0.661046624 0.792209268 0
vt 0.661046624 0.792209268 0
vt 0.647891283 0.789307356 0
vt 0.66176784 0.766949415 0
vt 0.22715123 0.0834161714 0
vt 0.208056137 0.0740657151 0
vt 0.221506163 0.0710611418 0
vt 0.625044644 0.724807978 0
vt 0.610091507 0.728425384 0
vt 0.61597091 0.718504131 0
vt 0.644667447 0.756758034 0
vt 0.674645782 0.714957774 0
vt 0.666762412 0.734168947 0
vt 0.714021206 0.258558869 0
vt 0.7225793 0.243427157 0
vt 0.723229408 0.254585713 0
vt 0.73772496 0.439091593 0
vt 0.747017026 0.465610027 0
vt 0.73059535 0.43414861 0
vt 0.290479958 0.291596889 0
vt 0.272544831 0.257667691 0
vt 0.315855891 0.274560273 0
vt 0.26159066 0.255858481 0
vt 0.272544831 0.257667691 0
vt 0.290479958 0.291596889 0
vt 0.127802134 0.36830765 0
vt 0.13545765 0.383879691 0
vt 0.12322703 0.397800297 0
vt 0.127802134 0.36830765 0
vt 0.12322703 0.397800297 0
vt 0.105751731 0.339012027 0
vt 0.383889019 0.589748085 0
vt 0.378694922 0.559549451 0
vt 0.394757569 0.569917977 0
vt 0.910570979 0.405573279 0
vt 0.907572687 0.420928955 0
vt 0.896845222 0.405907899 0
vt 0.907572687 0.420928955 0
vt 0.910570979 0.405573279 0
vt 0.92918539 0.411098152 0
vt 0.230977491 0.199528828 0
vt 0.208940074 0.221903309 0
vt 0.210129976 0.210344478 0
vt 0.893089354 0.173376769 0
vt 0.922887385 0.176426321 0
vt 0.89203465 0.189478099 0
vt 0.292393148 0.614249945 0
vt 0.277700603 0.641976655 0
vt 0.272957116 0.632337928 0
vt 0.309907407 0.548521698 0
vt 0.3133367 0.538097441 0
vt 0.356097341 0.545740604 0
vt 0.386456281 0.536648691 0
vt 0.356097341 0.545740604 0
vt 0.3133367 0.538097441 0
vt 0.757780492 0.45499894 0
vt 0.783955395 0.470588744 0
vt 0.774379551 0.485135406 0
vt 0.494010001 0.961099982 0
vt 0.495315075 0.946753204 0
vt 0.496038884 0.966674089 0
vt 0.902098954 0.436950058 0
vt 0.894734502 0.426461041 0
vt 0.913686931 0.438601792 0
vt 0.913686931 0.438601792 0
vt 0.898790002 0.465440005 0
vt 0.902098954 0.436950058 0
vt 0.237606302 0.562685609 0
vt 0.230890006 0.594980001 0
vt 0.187892973 0.576362371 0
vt 0.209763631 0.558729947 0
vt 0.237606302 0.562685609 0
vt 0.187892973 0.576362371 0
vt 0.263373196 0.377929211 0
vt 0.263780147 0.356003165 0
vt 0.26977846 0.348489434 0
vt 0.768095255 0.283559322 0
vt 0.771398842 0.297544837 0
vt 0.765832782 0.324411869 0
vt 0.888036489 0.672686458 0
vt 0.898681879 0.67239356 0
vt 0.884548008 0.684972346 0
vt 0.894082963 0.82648766 0
vt 0.910082459 0.781654358 0
vt 0.919461012 0.816840768 0
vt 0.137851417 0.129177988 0
vt 0.14169094 0.111650325 0
vt 0.15615733 0.124258317 0
vt 0.15615733 0.124258317 0
vt 0.148408458 0.134244889 0
vt 0.137851417 0.129177988 0
vt 0.381047696 0.544011414 0
vt 0.37505582 0.552985668 0
vt 0.357195526 0.559424162 0
vt 0.155315429 0.28916508 0
vt 0.179321036 0.285246611 0
vt 0.162982896 0.294221461 0
vt 0.380929619 0.41894874 0
vt 0.379857779 0.391399741 0
vt 0.380356699 0.364476264 0
vt 0.464184999 0.795951307 0
vt 0.475759864 0.820499718 0
vt 0.451484591 0.813500166 0
vt 0.705968797 0.417927176 0
vt 0.701897144 0.409695059 0
vt 0.715038419 0.415410101 0
vt 0.475759864 0.820499718 0
vt 0.458747059 0.825269997 0
vt 0.451484591 0.813500166 0
vt 0.458747059 0.825269997 0
vt 0.451076239 0.818828642 0
vt 0.451484591 0.813500166 0
vt 0.358094037 0.155975387 0
vt 0.369735003 0.156279996 0
vt 0.361419976 0.166783348 0
vt 0.481278986 0.177732527 0
vt 0.469680011 0.158798456 0
vt 0.487603217 0.154194921 0
vt 0.081443876 0.546726823 0
vt 0.0776705518 0.55935216 0
vt 0.0636010617 0.549537301 0
vt 0.629170597 0.187959298 0
vt 0.641452789 0.201200798 0
vt 0.611524343 0.182768539 0
vt 0.158311695 0.140405387 0
vt 0.15615733 0.124258317 0
vt 0.168998793 0.115650475 0
vt 0.0390377268 0.345252663 0
vt 0.0548621453 0.359393954 0
vt 0.0392420888 0.363287747 0
vt 0.81809938 0.774109721 0
vt 0.788565457 0.768557906 0
vt 0.793603599 0.758716881 0
vt 0.101313718 0.551504254 0
vt 0.126165822 0.534413874 0
vt 0.13717173 0.55307591 0
vt 0.274038464 0.626841068 0
vt 0.266133577 0.629777133 0
vt 0.257458508 0.625303745 0
vt 0.359029204 0.0734516382 0
vt 0.346316218 0.0527016632 0
vt 0.373670548 0.0631489307 0
vt 0.557590008 0.654219985 0
vt 0.553994 0.676500976 0
vt 0.549927294 0.660762548 0
vt 0.462708861 0.127508953 0
vt 0.471329987 0.124739997 0
vt 0.466400862 0.143097609 0
vt 0.823453486 0.413693488 0
vt 0.862783015 0.383004338 0
vt 0.857572377 0.405774325 0
vt 0.310117334 0.680302083 0
vt 0.326601207 0.679192305 0
vt 0.317710012 0.682009995 0
vt 0.119080521 0.518655598 0
vt 0.0956703126 0.539979815 0
vt 0.0832163692 0.511030734 0
vt 0.0956703126 0.539979815 0
vt 0.119080521 0.518655598 0
vt 0.122451209 0.523674726 0
vt 0.200881198 0.430621117 0
vt 0.181742996 0.462170571 0
vt 0.182550833 0.42491585 0
vt 0.56684655 0.37844187 0
vt 0.567682862 0.413583964 0
vt 0.525866866 0.415704638 0
vt 0.807192028 0.624058068 0
vt 0.780798554 0.615812957 0
vt 0.849024057 0.62414974 0
vt 0.151946351 0.402560741 0
vt 0.13545765 0.383879691 0
vt 0.148453221 0.385654688 0
vt 0.896845222 0.405907899 0
vt 0.857572377 0.405774325 0
vt 0.862783015 0.383004338 0
vt 0.479563117 0.392518699 0
vt 0.495488852 0.386421174 0
vt 0.474288613 0.410200745 0
vt 0.495488852 0.386421174 0
vt 0.479563117 0.392518699 0
vt 0.479778528 0.379316419 0
vt 0.911135316 0.721559346 0
vt 0.876892805 0.708726764 0
vt 0.900914788 0.700753868 0
vt 0.0952124223 0.134912297 0
vt 0.126789778 0.114423424 0
vt 0.125784338 0.143872812 0
vt 0.72655338 0.677531123 0
vt 0.756128848 0.692657769 0
vt 0.729347408 0.700119853 0
vt 0.334648579 0.658800125 0
vt 0.336074322 0.675312877 0
vt 0.310117334 0.680302083 0
vt 0.336074322 0.675312877 0
vt 0.326601207 0.679192305 0
vt 0.310117334 0.680302083 0
vt 0.807886779 0.810999036 0
vt 0.821150124 0.82394433 0
vt 0.833063185 0.840036392 0
vt 0.174189106 0.384259552 0
vt 0.160831004 0.376863509 0
vt 0.205357075 0.3910411 0
vt 0.160701156 0.398080766 0
vt 0.174189106 0.384259552 0
vt 0.205357075 0.3910411 0
vt 0.212544709 0.31453374 0
vt 0.232598513 0.331207573 0
vt 0.217567831 0.345007867 0
vt 0.682089806 0.216176167 0
vt 0.682909429 0.204543442 0
vt 0.68494755 0.207057416 0
vt 0.329349071 0.0970963314 0
vt 0.337188274 0.0704083294 0
vt 0.346606046 0.100509278 0
vt 0.79443717 0.462732553 0
vt 0.79152894 0.441637963 0
vt 0.80010128 0.433072776 0
vt 0.577784061 0.129132107 0
vt 0.569981754 0.113211296 0
vt 0.574595571 0.117430799 0
vt 0.670725465 0.868015945 0
vt 0.699688017 0.888496757 0
vt 0.696698129 0.905736148 0
vt 0.913036406 0.522199273 0
vt 0.929672062 0.509620488 0
vt 0.917870104 0.536248088 0
vt 0.896845222 0.405907899 0
vt 0.862783015 0.383004338 0
vt 0.902755439 0.384892255 0
vt 0.312298417 0.56182766 0
vt 0.281567156 0.53854984 0
vt 0.309907407 0.548521698 0
vt 0.326601207 0.679192305 0
vt 0.319209337 0.692690253 0
vt 0.317710012 0.682009995 0
vt 0.656028926 0.219910145 0
vt 0.628167987 0.218913093 0
vt 0.641452789 0.201200798 0
vt 0.64913106 0.91538614 0
vt 0.660989463 0.901577175 0
vt 0.680020988 0.928335905 0
vt 0.206574947 0.0927770585 0
vt 0.187690318 0.0721223727 0
vt 0.193763003 0.0715071633 0
vt 0.681812823 0.290522993 0
vt 0.683487833 0.269623041 0
vt 0.700135589 0.267935902 0
vt 0.361290276 0.149153605 0
vt 0.358094037 0.155975387 0
vt 0.360000014 0.147039995 0
vt 0.0688056275 0.475662321 0
vt 0.0630138591 0.488699824 0
vt 0.0631700009 0.471509993 0
vt 0.725695729 0.893020749 0
vt 0.733910024 0.896679997 0
vt 0.715763807 0.908665717 0
vt 0.358094037 0.155975387 0
vt 0.361290276 0.149153605 0
vt 0.369735003 0.156279996 0
vt 0.479778528 0.379316419 0
vt 0.468915462 0.392872453 0
vt 0.470536858 0.363012314 0
vt 0.6609025 0.657929957 0
vt 0.683191121 0.612313867 0
vt 0.686068237 0.616191864 0
vt 0.683191121 0.612313867 0
vt 0.705387592 0.611605585 0
vt 0.686068237 0.616191864 0
vt 0.174132526 0.137635738 0
vt 0.205715761 0.150131762 0
vt 0.179394946 0.165494412 0
vt 0.174132526 0.137635738 0
vt 0.179394946 0.165494412 0
vt 0.153665319 0.182520136 0
vt 0.349877715 0.619947016 0
vt 0.335184127 0.62792486 0
vt 0.328850418 0.618812382 0
vt 0.205357075 0.3910411 0
vt 0.178750411 0.408808768 0
vt 0.160701156 0.398080766 0
vt 0.178750411 0.408808768 0
vt 0.205357075 0.3910411 0
vt 0.199816212 0.412998676 0
vt 0.502740145 0.149079785 0
vt 0.487603217 0.154194921 0
vt 0.488340557 0.120292068 0
vt 0.37673682 0.0534294844 0
vt 0.373670548 0.0631489307 0
vt 0.351617992 0.046160005 0
vt 0.614306271 0.270269066 0
vt 0.592940688 0.289722472 0
vt 0.563333869 0.275075287 0
vt 0.882869065 0.852847993 0
vt 0.894754291 0.871746898 0
vt 0.857158303 0.869758844 0
vt 0.127802134 0.36830765 0
vt 0.119086295 0.34782061 0
vt 0.144900426 0.361543566 0
vt 0.892291546 0.217696577 0
vt 0.867174745 0.208734035 0
vt 0.90829432 0.204740405 0
vt 0.479778528 0.379316419 0
vt 0.470536858 0.363012314 0
vt 0.464969575 0.34309411 0
vt 0.317490101 0.0614113361 0
vt 0.327333897 0.0418713205 0
vt 0.327705026 0.058570873 0
vt 0.479778528 0.379316419 0
vt 0.464969575 0.34309411 0
vt 0.461732954 0.327341855 0
vt 0.62842083 0.696457267 0
vt 0.613833666 0.665498614 0
vt 0.630434632 0.682960093 0
vt 0.657360017 0.14316 0
vt 0.666745782 0.194197401 0
vt 0.65941 0.160449997 0
vt 0.705120027 0.433699995 0
vt 0.708019972 0.439399987 0
vt 0.687770009 0.429969996 0
vt 0.461732954 0.327341855 0
vt 0.464969575 0.34309411 0
vt 0.445935488 0.364279389 0
vt 0.461732954 0.327341855 0
vt 0.445935488 0.364279389 0
vt 0.429444283 0.381293625 0
vt 0.310333997 0.636742055 0
vt 0.325342774 0.630706668 0
vt 0.328657985 0.645822048 0
vt 0.855971396 0.859722316 0
vt 0.843741357 0.866031706 0
vt 0.833063185 0.840036392 0
vt 0.179762542 0.195634723 0
vt 0.186932147 0.187323213 0
vt 0.21844849 0.178194165 0
vt 0.481455654 0.764070153 0
vt 0.461263955 0.758095682 0
vt 0.461389989 0.756290019 0
vt 0.452116132 0.752720654 0
vt 0.461389989 0.756290019 0
vt 0.461263955 0.758095682 0
vt 0.408576697 0.361991376 0
vt 0.394930005 0.366149992 0
vt 0.382631809 0.347848982 0
vt 0.408576697 0.361991376 0
vt 0.382631809 0.347848982 0
vt 0.393539995 0.342880011 0
vt 0.109894902 0.267630041 0
vt 0.129845247 0.262394637 0
vt 0.117701091 0.278112054 0
vt 0.477674782 0.263334274 0
vt 0.463622034 0.250689775 0
vt 0.486144781 0.232627735 0
vt 0.119080521 0.518655598 0
vt 0.143504307 0.528739154 0
vt 0.122451209 0.523674726 0
vt 0.594977915 0.666559219 0
vt 0.598949194 0.681630611 0
vt 0.585828543 0.643726945 0
vt 0.640139997 0.512510002 0
vt 0.652775824 0.514618576 0
vt 0.638012171 0.517410755 0
vt 0.694879711 0.217876241 0
vt 0.682089806 0.216176167 0
vt 0.687960029 0.214340001 0
vt 0.261490643 0.0685821921 0
vt 0.24919562 0.0697445273 0
vt 0.254851401 0.0549142547 0
vt 0.122451209 0.523674726 0
vt 0.143504307 0.528739154 0
vt 0.126165822 0.534413874 0
vt 0.882550597 0.375468165 0
vt 0.897399843 0.378365666 0
vt 0.862783015 0.383004338 0
vt 0.291686237 0.353021145 0
vt 0.275578946 0.399108171 0
vt 0.306193978 0.31256184 0
vt 0.961700022 0.220719993 0
vt 0.967050612 0.224859715 0
vt 0.966819346 0.23574236 0
vt 0.95774138 0.221392214 0
vt 0.961700022 0.220719993 0
vt 0.966819346 0.23574236 0
vt 0.937070668 0.300510019 0
vt 0.969057858 0.281554788 0
vt 0.988158882 0.278688818 0
vt 0.187892973 0.576362371 0
vt 0.220530003 0.591120005 0
vt 0.227458283 0.596974075 0
vt 0.630840003 0.208979994 0
vt 0.618911386 0.242324084 0
vt 0.61398977 0.241296664 0
vt 0.158311695 0.140405387 0
vt 0.168998793 0.115650475 0
vt 0.197611719 0.122136682 0
vt 0.457248479 0.406131595 0
vt 0.468915462 0.392872453 0
vt 0.474288613 0.410200745 0
vt 0.543030083 0.790195942 0
vt 0.523509681 0.743534207 0
vt 0.555923343 0.790983319 0
vt 0.273016781 0.0903620645 0
vt 0.25126189 0.0837644264 0
vt 0.261490643 0.0685821921 0
vt 0.522694826 0.749777794 0
vt 0.523509681 0.743534207 0
vt 0.543030083 0.790195942 0
vt 0.650525272 0.184213385 0
vt 0.648299992 0.173409998 0
vt 0.666745782 0.194197401 0
vt 0.263373196 0.377929211 0
vt 0.275578946 0.399108171 0
vt 0.213008925 0.363787949 0
vt 0.448976964 0.825119317 0
vt 0.430053055 0.826930285 0
vt 0.427949995 0.823390007 0
vt 0.25702101 0.608253598 0
vt 0.27601251 0.614758074 0
vt 0.257910013 0.612909973 0
vt 0.630460024 0.163969994 0
vt 0.632665217 0.156688243 0
vt 0.650525272 0.184213385 0
vt 0.701897144 0.409695059 0
vt 0.699322999 0.417154282 0
vt 0.694249988 0.410450011 0
vt 0.890155077 0.539872169 0
vt 0.885824621 0.511781275 0
vt 0.894981503 0.495860606 0
vt 0.38710317 0.228084072 0
vt 0.38320151 0.241553113 0
vt 0.36079976 0.268517643 0
vt 0.637405455 0.253910989 0
vt 0.643509567 0.27197659 0
vt 0.618911386 0.242324084 0
vt 0.361254424 0.0223313607 0
vt 0.33334446 0.0274246037 0
vt 0.348529994 0.0155699998 0
vt 0.966819346 0.23574236 0
vt 0.977450013 0.239500001 0
vt 0.985605836 0.24863407 0
vt 0.29725945 0.249844581 0
vt 0.27726835 0.242806569 0
vt 0.295729458 0.212873891 0
vt 0.27726835 0.242806569 0
vt 0.282610327 0.223324627 0
vt 0.295729458 0.212873891 0
vt 0.919461012 0.816840768 0
vt 0.934014738 0.778732717 0
vt 0.933620095 0.810517609 0
vt 0.0899709687 0.187890053 0
vt 0.0924749002 0.20689331 0
vt 0.0854091421 0.197636962 0
vt 0.590331018 0.931715429 0
vt 0.565504849 0.886481106 0
vt 0.587572753 0.913577974 0
vt 0.590331018 0.931715429 0
vt 0.584488034 0.943642735 0
vt 0.565504849 0.886481106 0
vt 0.321835488 0.655102551 0
vt 0.334648579 0.658800125 0
vt 0.308050007 0.668089986 0
vt 0.308050007 0.668089986 0
vt 0.334648579 0.658800125 0
vt 0.310117334 0.680302083 0
vt 0.330417395 0.231302947 0
vt 0.29725945 0.249844581 0
vt 0.313847929 0.211051553 0
vt 0.705387592 0.611605585 0
vt 0.711725116 0.626777649 0
vt 0.705091298 0.639700651 0
vt 0.79443717 0.462732553 0
vt 0.769895375 0.434109658 0
vt 0.79152894 0.441637963 0
vt 0.297722161 0.662826717 0
vt 0.321835488 0.655102551 0
vt 0.299760014 0.664080024 0
vt 0.179321036 0.285246611 0
vt 0.190991953 0.296920687 0
vt 0.162982896 0.294221461 0
vt 0.56684655 0.37844187 0
vt 0.525866866 0.415704638 0
vt 0.523782551 0.38714391 0
vt 0.271459997 0.659550011 0
vt 0.26789999 0.651740015 0
vt 0.272957116 0.632337928 0
vt 0.27140075 0.194600493 0
vt 0.247494832 0.197223946 0
vt 0.237348646 0.164594173 0
vt 0.882550597 0.375468165 0
vt 0.862783015 0.383004338 0
vt 0.880134881 0.361180514 0
vt 0.521314383 0.523901343 0
vt 0.51690644 0.513349712 0
vt 0.527209997 0.516680002 0
vt 0.900068581 0.144156933 0
vt 0.907549977 0.149770007 0
vt 0.889289975 0.164539993 0
vt 0.889289975 0.164539993 0
vt 0.907549977 0.149770007 0
vt 0.872776508 0.182066724 0
vt 0.890853345 0.650097489 0
vt 0.898681879 0.67239356 0
vt 0.888036489 0.672686458 0
vt 0.95875001 0.195309997 0
vt 0.968389332 0.19710432 0
vt 0.966032922 0.209147707 0
vt 0.681812823 0.290522993 0
vt 0.700135589 0.267935902 0
vt 0.711402476 0.271962047 0
vt 0.511877358 0.969070911 0
vt 0.519609988 0.981419981 0
vt 0.50849998 0.985350013 0
vt 0.592760026 0.142609999 0
vt 0.574595571 0.117430799 0
vt 0.586380005 0.129979998 0
vt 0.488699436 0.918261886 0
vt 0.470452189 0.875517428 0
vt 0.469170004 0.855669975 0
vt 0.488699436 0.918261886 0
vt 0.479973584 0.903739929 0
vt 0.470452189 0.875517428 0
vt 0.927142739 0.542495847 0
vt 0.929672062 0.509620488 0
vt 0.950165331 0.504036784 0
vt 0.0506523289 0.456475765 0
vt 0.0563657768 0.504358649 0
vt 0.0410099998 0.490720004 0
vt 0.0630138591 0.488699824 0
vt 0.0563657768 0.504358649 0
vt 0.0506523289 0.456475765 0
vt 0.787497282 0.346695185 0
vt 0.780989587 0.371293902 0
vt 0.777199984 0.358639985 0
vt 0.508731008 0.0979890004 0
vt 0.518959999 0.0930899978 0
vt 0.52953434 0.102648608 0
vt 0.464969575 0.34309411 0
vt 0.470536858 0.363012314 0
vt 0.445935488 0.364279389 0
vt 0.198900193 0.45463413 0
vt 0.200881198 0.430621117 0
vt 0.207381234 0.449058473 0
vt 0.475612164 0.754435658 0
vt 0.475919992 0.751590014 0
vt 0.484150618 0.755295038 0
vt 0.589633822 0.305960923 0
vt 0.572093308 0.342625171 0
vt 0.577807128 0.318806797 0
vt 0.787565768 0.806343615 0
vt 0.807886779 0.810999036 0
vt 0.808459461 0.83251673 0
vt 0.922887385 0.176426321 0
vt 0.918860018 0.160730004 0
vt 0.93126452 0.177792907 0
vt 0.52953434 0.102648608 0
vt 0.535979986 0.102320001 0
vt 0.513749123 0.123542905 0
vt 0.7632761 0.360677332 0
vt 0.756310642 0.381738931 0
vt 0.759859979 0.366239995 0
vt 0.257458508 0.625303745 0
vt 0.240669996 0.618070006 0
vt 0.27601251 0.614758074 0
vt 0.52796042 0.492871135 0
vt 0.539615452 0.477858365 0
vt 0.553061485 0.480223089 0
vt 0.572480023 0.964049995 0
vt 0.539240003 0.96232003 0
vt 0.584138215 0.954214513 0
vt 0.27955997 0.131125271 0
vt 0.306630343 0.186503351 0
vt 0.263060361 0.136226848 0
vt 0.592940688 0.289722472 0
vt 0.598137915 0.289883286 0
vt 0.610867441 0.305360913 0
vt 0.894082963 0.82648766 0
vt 0.900756121 0.85330689 0
vt 0.875873327 0.826253653 0
vt 0.90620935 0.850734413 0
vt 0.900756121 0.85330689 0
vt 0.894082963 0.82648766 0
vt 0.168998793 0.115650475 0
vt 0.15615733 0.124258317 0
vt 0.154985294 0.11202658 0
vt 0.145269215 0.093566522 0
vt 0.168998793 0.115650475 0
vt 0.154985294 0.11202658 0
vt 0.469620913 0.501673281 0
vt 0.500973165 0.502895117 0
vt 0.448498338 0.518946946 0
vt 0.349529773 0.273901254 0
vt 0.357691407 0.252650857 0
vt 0.36079976 0.268517643 0
vt 0.498652548 0.109182797 0
vt 0.500660002 0.101190001 0
vt 0.506392896 0.0934076309 0
vt 0.93743223 0.200910926 0
vt 0.934279501 0.18290177 0
vt 0.948972046 0.204910606 0
vt 0.212544709 0.31453374 0
vt 0.190991953 0.296920687 0
vt 0.207740098 0.290949941 0
vt 0.880134881 0.361180514 0
vt 0.904901266 0.357514024 0
vt 0.901935816 0.36829102 0
vn -0.134581283 0.745870173 0.639138103
vn 0.146117613 0.783931434 0.599735737
vn 0.201500148 0.766491055 0.609827161
vn 0.236236125 -0.0774178058 0.96860677
vn 0.553183317 -0.215658605 0.804661214
vn 0.408047169 -0.194339022 0.892036974
vn 0.137917921 -0.0792219713 0.987270176
vn 0.408047169 -0.194339022 0.892036974
vn 0.553183317 -0.215658605 0.804661214
vn -0.540336609 0.466554552 0.776290655
vn 0.236236125 -0.0774178058 0.96860677
vn 0.0431329943 0.073496297 0.996362209
vn 0.0431329943 0.073496297 0.996362209
vn 0.751194358 -0.150678366 0.642652988
vn -0.00169791805 0.210606173 0.879070938
vn 0.351005703 0.0578764081 0.919449627
vn 0.0431329943 0.073496297 0.996362209
vn 0.236236125 -0.0774178058 0.96860677
vn 0.236236125 -0.0774178058 0.96860677
vn 0.751194358 -0.150678366 0.642652988
vn 0.351005703 0.0578764081 0.919449627
vn 0.236236125 -0.0774178058 0.96860677
vn 0.137917921 -0.0792219713 0.987270176
vn 0.553183317 -0.215658605 0.804661214
vn 0.553183317 -0.215658605 0.804661214
vn 0.709891617 -0.232019663 0.667475462
vn 0.347907573 -0.196164027 0.859122932
vn 0.408047169 -0.194339022 0.892036974
vn 0.347907573 -0.196164027 0.859122932
vn 0.236236125 -0.0774178058 0.96860677
vn 0.137917921 -0.0792219713 0.987270176
vn 0.709891617 -0.232019663 0.667475462
vn 0.408047169 -0.194339022 0.892036974
vn 0.751194358 -0.150678366 0.642652988
vn 0.236236125 -0.0774178058 0.96860677
vn -0.00169791805 0.210606173 0.879070938
vn 0.236236125 -0.0774178058 0.96860677
vn -0.540336609 0.466554552 0.776290655
vn 0.137917921 -0.0792219713 0.987270176
vn -0.00169791805 0.210606173 0.879070938
vn 0.236236125 -0.0774178058 0.96860677
vn 0.347907573 -0.196164027 0.859122932
vn -0.34080708 0.0170738492 0.933601141
vn -0.67950803 0.293853134 0.66746527
vn -0.757044971 0.124552056 0.628093779
vn -0.51319015 -0.352669001 0.780260146
vn 0.0889612511 -0.237954006 0.811967909
vn 0.286546141 -0.370404899 0.767790556
vn 0.633392096 -0.167694286 0.765454233
vn 0.632971644 -0.194864362 0.753979921
vn 0.489002973 -0.221201017 0.81741941
vn -0.642444253 0.626483977 -0.441342443
vn -0.947726488 0.206021696 -0.254241139
vn -0.961695015 -0.187804744 0.199679524
vn -0.961695015 -0.187804744 0.199679524
vn 0.137349933 -0.705257356 0.626641154
vn 0.288206667 -0.364309102 0.885559559
vn 0.288206667 -0.364309102 0.885559559
vn 0.137349933 -0.705257356 0.626641154
vn -0.642444253 0.626483977 -0.441342443
vn 0.350681812 -0.627628863 0.658664227
vn -0.642444253 0.626483977 -0.441342443
vn -0.961695015 -0.187804744 0.199679524
vn 0.350681812 -0.627628863 0.658664227
vn -0.961695015 -0.187804744 0.199679524
vn 0.288206667 -0.364309102 0.885559559
vn 0.182009935 0.502489805 -0.847361505
vn 0.276146263 0.377822459 -0.883738339
vn 0.0943191424 0.312862545 -0.92062664
vn 0.569872141 0.237368464 -0.760715663
vn 0.677574754 0.42405194 -0.564573765
vn 0.839999914 0.287560314 -0.442503124
vn -0.257885784 -0.923053563 -0.294130743
vn -0.0307511855 -0.917628348 -0.408338934
vn -0.0623132549 -0.913432539 -0.40219155
vn 0.528576314 0.430021435 0.731840789
vn 0.572250664 0.441089272 0.691573322
vn 0.703016043 0.422218829 0.560165703
vn 0.830659509 0.550060809 0.124326602
vn 0.801802278 0.577298462 0.19177106
vn 0.585444391 0.703471184 -0.236846536
vn -0.827096224 0.508863926 -0.213793889
vn -0.752906919 0.663706779 -0.0427493192
vn -0.621249557 0.719370723 -0.276651114
vn 0.507089317 0.588772237 -0.624273419
vn -0.0163106993 0.538464189 -0.836047649
vn -0.136732206 0.550388038 -0.796150565
vn 0.847948372 0.484593809 0.264196187
vn 0.799211323 0.469376177 0.405667394
vn 0.821493208 0.484877765 0.293823868
vn -0.947726488 0.206021696 -0.254241139
vn -0.642444253 0.626483977 -0.441342443
vn 0.350681812 -0.627628863 0.658664227
vn -0.180691734 -0.299563646 0.93680948
vn -0.308623433 -0.146593109 0.946325302
vn -0.0219205711 -0.103889175 0.984951317
vn -0.779087007 0.614506364 -0.0723951682
vn -0.752906919 0.663706779 -0.0427493192
vn -0.694449008 0.616371572 0.307752967
vn -0.999413669 0.171450779 -0.124913812
vn -0.641586959 0.162487447 -0.669194937
vn -0.99838382 0.0776378736 -0.035394419
vn -0.105544999 0.0723181367 -1.00508904
vn 0.324510843 0.276941031 -0.842254162
vn -0.247668713 0.00726622296 -0.977400959
vn -0.840215981 0.248092234 0.454285502
vn -0.634654701 0.536774635 0.476978302
vn -0.651309013 0.508359671 0.430146933
vn 0.00824451819 0.448455662 0.884621918
vn -0.448945463 0.440149814 0.771755159
vn -0.102375761 0.425003678 0.896832705
vn 0.698337018 0.403693467 0.56209296
vn 0.630436778 0.364132553 0.689405859
vn 0.954316616 0.133934096 0.286732405
vn -0.876268446 0.0543095842 0.402742088
vn -0.97973001 -0.195155591 0.0452038087
vn -0.990972877 -0.0809540749 -0.0961490571
vn -0.909090221 0.0573767684 0.379304618
vn -0.896344066 0.00703780353 0.447832018
vn -0.93128854 -0.132629201 0.317935437
vn 0.201500148 0.766491055 0.609827161
vn 0.241290256 0.759820044 0.597821295
vn 0.212533444 0.794193625 0.569625437
vn -0.641586959 0.162487447 -0.669194937
vn -0.503221691 0.890646577 -0.0956226736
vn -0.290843338 0.950780571 0.0652557462
vn -0.909090221 0.0573767684 0.379304618
vn -0.70213604 0.0734711438 0.648525178
vn -0.896344066 0.00703780353 0.447832018
vn -0.709386528 0.671229005 -0.204362363
vn -0.770763278 0.574801207 -0.177734658
vn -0.769274294 0.595145762 -0.0707065016
vn -0.491969883 -0.529532313 0.684328556
vn -0.825786352 0.273419797 0.413949043
vn -0.95590049 0.216608778 -0.0281045865
vn 0.0792591274 0.994573057 0.13808322
vn 0.0590183586 0.977263808 0.21285966
vn 0.157421753 0.925382793 0.340420812
vn -0.0293560103 0.132562608 -0.990772784
vn 0.0239764769 0.0989420712 -1.0032115
vn 0.320561826 0.212358251 -0.918344378
vn -0.570419431 0.291061878 -0.741568804
vn 0.0265669115 0.193961412 -0.9740417
vn 0.258525372 0.648525536 -0.254520983
vn -0.363799185 -0.439580172 -0.821230412
vn -0.297556669 -0.451803029 -0.824614704
vn -0.183629423 -0.16112566 -0.931502044
vn -0.0163106993 0.538464189 -0.836047649
vn 0.529154062 0.340458989 -0.769245148
vn 0.341237426 0.31631434 -0.839389324
vn -0.15063493 0.504065096 0.783523321
vn -0.157399341 0.153025314 0.855572701
vn -0.608855128 0.238764524 0.6965096
vn 0.914258718 -0.233699545 -0.301969171
vn 0.966915786 0.239206895 -0.0886228383
vn 0.950178564 0.164542511 -0.132182151
vn 0.912439167 -0.376127064 -0.182427213
vn 0.676237702 -0.723871589 -0.0608573519
vn 0.948629141 -0.238345116 -0.194084346
vn 0.280545294 0.824819922 -0.48515287
vn 0.171860456 0.879020274 -0.444732815
vn 0.130143747 0.896264732 -0.42940414
vn -0.0339524522 0.477348149 -0.87406379
vn -0.641586959 0.162487447 -0.669194937
vn -0.095499441 0.259055465 -0.96038717
vn -0.0163106993 0.538464189 -0.836047649
vn -0.136325568 0.495523393 -0.854342222
vn -0.136732206 0.550388038 -0.796150565
vn -0.0772953033 -0.454077542 0.887785017
vn 0.373249114 -0.00637039496 0.736647844
vn 0.532631457 0.196886599 0.746003866
vn -0.0102535775 0.933299541 -0.349198341
vn 0.21918273 0.602662146 -0.625641048
vn -0.0195849854 0.961154461 -0.385500073
vn 0.393382758 0.173517466 -0.885317922
vn -0.0234636962 0.220653534 -1.03298128
vn 0.505159795 -0.144670233 -0.810958743
vn -0.141188964 0.218672067 0.965530038
vn -0.0336746275 0.42791149 0.896813691
vn -0.0191552676 0.351700217 0.926860869
vn -0.51319015 -0.352669001 0.780260146
vn -0.761938453 0.09611132 0.649814725
vn 0.430504352 -0.0955177397 0.718599677
vn 0.750046074 0.389294744 0.549729228
vn 0.532631457 0.196886599 0.746003866
vn 0.373249114 -0.00637039496 0.736647844
vn -0.61793083 0.642690659 0.454762757
vn -0.623503983 0.545536578 0.560695946
vn -0.387531698 0.855983436 0.334733903
vn -0.995264292 0.0208047591 -0.188994348
vn -0.99825877 0.0443288311 -0.0196979344
vn -0.989055455 -0.105251871 -0.147539422
vn -0.894824147 -0.0666868463 0.338453889
vn -0.840215981 0.248092234 0.454285502
vn -0.863849342 0.300143152 0.362868965
vn 0.600366354 0.701268137 0.390115321
vn 0.623625994 0.724885166 0.0642960221
vn 0.523083329 0.828284681 0.135792032
vn 0.844028413 0.145968854 -0.494083494
vn 0.946353018 0.0934010074 -0.30934146
vn 0.932451308 0.266672224 -0.243763119
vn 0.0591214448 -0.0198390745 -1.01010251
vn 0.271926135 0.219709381 -0.919608653
vn 0.0298718587 -0.0428154804 -1.00221777
vn -0.293144882 0.0775653869 0.858972073
vn 0.235779792 -0.288548946 0.882558882
vn 0.0416237488 0.685072839 0.750235736
vn -0.54364562 -0.528041899 0.652875423
vn -0.688674569 -0.449892849 0.556423604
vn -0.488426566 -0.16034928 0.617447138
vn -0.778523624 0.590002477 0.0811142623
vn -0.88650465 0.416044116 0.0108498111
vn -0.759760141 0.546775222 -0.098298721
vn -0.738184512 0.0375477634 0.680640101
vn 0.050048057 -0.114785738 0.875951529
vn -0.913660467 -0.108377852 0.386207998
vn 0.794382691 0.568239689 -0.203685671
vn 0.839999914 0.287560314 -0.442503124
vn 0.871894956 0.504955053 -0.0462838151
vn 0.185247034 0.20277907 -0.834156334
vn 0.852030575 -0.405215204 -0.332749218
vn 0.878489554 -0.447636127 -0.189855963
vn 0.0815921426 -0.73470819 0.673458755
vn -0.22286211 -0.806988835 0.531224012
vn 0.0295723099 -0.875664473 0.482013702
vn -0.573872924 -0.139380053 0.760136485
vn -0.629639864 0.328207731 0.70213294
vn -0.840215981 0.248092234 0.454285502
vn 0.98596096 -0.192318454 -0.0314841457
vn 0.919253409 -0.401965946 0.0602168664
vn 0.948629141 -0.238345116 -0.194084346
vn 0.799211323 0.469376177 0.405667394
vn 0.398154616 0.548987865 0.605592251
vn 0.534217179 0.632452309 0.421121448
vn -0.336558491 0.573529661 0.746854901
vn -0.364617765 0.516439617 0.778875649
vn -0.341128021 0.613595784 0.717413425
vn -0.54476577 0.0905110985 -0.840723038
vn 0.146251544 0.521640003 -0.773298144
vn -0.0461662561 0.746577561 -0.454412431
vn 0.146251544 0.521640003 -0.773298144
vn 0.405357838 0.280471355 -0.85159266
vn 0.271926135 0.219709381 -0.919608653
vn 0.00386567786 -0.152099103 0.987436533
vn 0.360458404 -0.454643488 0.828128576
vn -0.0579982735 0.172922 0.976553559
vn -0.325053692 -0.479011685 -0.794242799
vn -0.363799185 -0.439580172 -0.821230412
vn -0.275696665 -0.602439463 -0.750869334
vn 0.252432138 0.835716784 0.106893845
vn -0.178560778 0.951488733 0.171108156
vn 0.455530524 0.878571749 0.171811029
vn 0.585444391 0.703471184 -0.236846536
vn 0.291370511 0.760527968 -0.574513733
vn 0.402736872 0.718273342 -0.594406962
vn -0.109688133 0.970611453 -0.0637242198
vn 0.689633965 0.544690788 0.0131263407
vn 0.0431005061 0.920638859 0.19045192
vn -0.752906919 0.663706779 -0.0427493192
vn -0.377471954 0.664371729 -0.253881454
vn -0.694449008 0.616371572 0.307752967
vn -0.791861892 0.595196247 0.119030632
vn -0.643998802 0.575683594 0.494335204
vn -0.792143047 0.590909243 -0.0841371715
vn -0.410605639 0.768892229 0.419123709
vn -0.240734741 0.830883026 0.3585805
vn -0.804104686 0.438473642 0.37890324
vn 0.938394547 0.327844858 0.109240182
vn 0.943227351 0.320367366 0.134067878
vn 0.689633965 0.544690788 0.0131263407
vn 0.943227351 0.320367366 0.134067878
vn 0.78676331 0.584910929 0.19084166
vn 0.798232615 0.503302872 0.33815968
vn -0.580940187 0.682237566 -0.339180231
vn -0.351259053 0.278077275 -0.838495135
vn -0.599562228 0.627881885 -0.483413666
vn -0.779087007 0.614506364 -0.0723951682
vn -0.64431721 0.660445511 -0.222904682
vn -0.752906919 0.663706779 -0.0427493192
vn -0.392299324 0.65765202 0.537526011
vn -0.301285893 0.713138282 0.56661582
vn 0.18014805 0.605810225 0.735286117
vn -0.215833455 0.409372866 0.467499852
vn -0.886197925 0.291339546 0.311012924
vn -0.334594518 0.537454486 0.310475886
vn -0.550531566 -0.0169558786 0.799687803
vn -0.592972636 0.322346687 0.685062289
vn -0.791159451 0.103920206 0.602716625
vn 0.546149254 -0.557419717 -0.642337859
vn 0.396750629 -0.0818051398 -0.960990608
vn 0.677523673 -0.149573326 -0.707978427
vn -0.977435112 0.0652717352 -0.0520118289
vn -0.954351008 -0.180428743 0.29837361
vn -0.987584233 -0.169645339 0.0597158112
vn -0.889518738 0.451061815 0.0727987513
vn -0.717045784 0.423906982 0.545353174
vn -0.698931158 0.255455375 -0.59735316
vn -0.523301184 0.68673569 0.501265883
vn -0.398122579 0.856477857 0.328548431
vn -0.392299324 0.65765202 0.537526011
vn -0.0572363622 0.86015451 -0.529467881
vn 0.318216741 0.41119349 -0.785269737
vn 0.393414438 0.593802035 -0.617125809
vn -0.762223363 -0.398732036 0.408945531
vn -0.918695688 -0.330367982 0.216460556
vn -0.68487829 -0.37166065 0.407138526
vn -0.704348624 0.198797792 -0.61313051
vn -0.456616014 0.0526616536 -0.889523327
vn -0.624902666 0.46833393 -0.585119426
vn 0.0254834481 0.453072667 -0.891826451
vn 0.0786318853 0.376511812 -0.924111187
vn 0.104157574 0.405785441 -0.908545792
vn 0.201500148 0.766491055 0.609827161
vn 0.212533444 0.794193625 0.569625437
vn 0.35452792 0.6814605 0.531676412
vn 0.689248562 0.325587511 -0.614062011
vn 0.555051565 0.551322401 -0.607339501
vn 0.165403262 0.538182378 -0.835455477
vn 0.516417503 0.677077115 0.517168403
vn 0.611014783 0.598472178 0.528826416
vn 0.618431151 0.605845571 0.501303911
vn 0.269412875 0.745358825 -0.563044071
vn 0.710478127 0.453386456 -0.53957057
vn -0.128825814 0.216313139 -0.962509334
vn -0.469656527 0.880874217 -0.0990604535
vn -0.607132912 0.767728627 0.110892758
vn -0.233357772 0.957538962 0.2033557
vn -0.935929239 0.322426766 -0.0703799352
vn -0.983030438 0.196364179 -0.137179628
vn -0.939701378 0.27376014 -0.20452483
vn -0.810121894 0.499206245 -0.311657995
vn -0.935929239 0.322426766 -0.0703799352
vn -0.75528264 0.321430594 -0.510023475
vn 0.324510843 0.276941031 -0.842254162
vn 0.449693561 0.709316254 -0.537419915
vn -0.136732206 0.550388038 -0.796150565
vn -0.472941428 0.163653791 0.610437989
vn -0.293144882 0.0775653869 0.858972073
vn 0.0416237488 0.685072839 0.750235736
vn -0.0299568716 0.972321749 0.225169033
vn 0.041762691 0.919304311 0.413608879
vn 0.0768674091 0.979004323 0.188790485
vn 0.494509578 0.728703141 -0.4610672
vn 0.643453181 0.241464525 -0.653528869
vn 0.783601522 0.411564022 -0.433673263
vn 0.225009874 0.359809816 -0.906007946
vn 0.188942432 0.32417056 -0.927656353
vn 0.281394333 0.318569571 -0.905221224
vn -0.913660467 -0.108377852 0.386207998
vn 0.050048057 -0.114785738 0.875951529
vn -0.0121031832 0.0845797211 0.779576242
vn -0.690856218 0.326765329 0.595481277
vn -0.829660773 0.352634162 0.436383694
vn -0.699806392 0.561080337 0.361174613
vn -0.279504269 -0.232268587 0.938058019
vn -0.312875181 -0.433817744 0.850282192
vn -0.341849566 -0.296879053 0.878849804
vn 0.719182789 0.62574923 -0.302444041
vn 0.788490593 0.465374321 -0.40327239
vn 0.859497666 0.426529288 -0.283717006
vn 0.928071976 0.0286348611 -0.421750873
vn 0.846361518 0.195928842 -0.492869288
vn 0.87469548 0.0780540258 -0.486849517
vn -0.617140234 0.515563071 -0.59662056
vn -0.508029819 0.366269588 -0.781210482
vn -0.561107814 0.288099796 -0.777778327
vn -0.76271528 0.0225283001 -0.0428240374
vn -0.802380979 -0.0656973422 0.621023238
vn -0.85238713 -0.0432246402 0.53043133
vn -0.1345319 0.643642008 -0.72655499
vn -0.641586959 0.162487447 -0.669194937
vn -0.731011689 -0.0549249873 -0.725834489
vn -0.050502006 -0.41976884 -0.936630845
vn -0.329083979 0.312721193 -0.897428751
vn -0.249745712 -0.150183901 -0.886432886
vn 0.836373806 0.52896148 -0.159420624
vn 0.849909365 0.526291251 -0.0259157084
vn 0.819890678 0.430583924 -0.259229898
vn -0.941134214 0.281357259 -0.187609106
vn -0.662646651 0.444604486 -0.1433575
vn -0.690708041 0.596256495 0.0883838236
vn 0.504529774 0.205506563 0.815844297
vn 0.181457132 0.306900114 0.943542063
vn 0.381213784 0.391422004 0.835891068
vn -0.682376921 0.600133836 0.190495491
vn -0.8896963 0.0822524726 0.370401442
vn -0.981165826 0.0957187265 0.102738738
vn -0.0623132549 -0.913432539 -0.40219155
vn -0.0307511855 -0.917628348 -0.408338934
vn -0.0494044423 -0.92060262 -0.387362689
vn -0.421091765 0.248711929 0.828982353
vn -0.284830332 0.0868667141 0.848376453
vn 0.235344142 -0.241850913 0.927931786
vn 0.346665382 -0.179416999 0.909293056
vn -0.872324765 0.0852792263 0.344566345
vn -0.591231942 0.375797778 0.259538174
vn 0.878489554 -0.447636127 -0.189855963
vn 0.852030575 -0.405215204 -0.332749218
vn 0.771646857 -0.18965821 -0.448912412
vn -0.68487829 -0.37166065 0.407138526
vn -0.760533631 -0.307724416 0.50651139
vn -0.761419654 -0.0322799012 0.622755945
vn -0.116912939 -0.922535062 0.397151649
vn -0.188134477 -0.916355789 0.380581051
vn 0.00190773804 -0.659383416 0.690042138
vn 0.0855169967 -0.683225214 -0.726896405
vn 0.557314456 -0.544552207 -0.585494161
vn 0.651500523 -0.592254698 -0.317961991
vn 0.192461535 0.133150846 0.972180486
vn 0.282560915 0.467662841 0.816985965
vn 0.0444078743 0.135189056 0.994092822
vn -0.135311723 0.810737133 0.569557786
vn 0.201500148 0.766491055 0.609827161
vn 0.083396554 0.41617009 0.812478721
vn -0.351259053 0.278077275 -0.838495135
vn -0.641586959 0.162487447 -0.669194937
vn -0.105544999 0.0723181367 -1.00508904
vn -0.641586959 0.162487447 -0.669194937
vn -0.351259053 0.278077275 -0.838495135
vn -0.302027434 0.294936895 -0.835453928
vn -0.271484733 0.531927526 -0.792922676
vn -0.193950698 0.624287963 -0.753998101
vn -0.253691763 0.632952094 -0.75842458
vn 0.511877179 0.34660238 0.803561985
vn 0.106230013 0.294951409 0.886176169
vn 0.00824451819 0.448455662 0.884621918
vn 0.163834214 -0.194320217 0.936676741
vn 0.766656816 -0.308196217 0.569841385
vn 0.725447536 -0.168340653 0.680034161
vn 0.234967679 -0.450158685 -0.846032679
vn 0.0389741175 -0.586809218 -0.723182201
vn 0.56465435 -0.574593902 -0.602345288
vn 0.0444078743 0.135189056 0.994092822
vn 0.479040384 0.248198956 0.748021305
vn 0.083396554 0.41617009 0.812478721
vn 0.479040384 0.248198956 0.748021305
vn 0.86275661 -0.0631176829 0.481263489
vn 0.538113713 0.340525419 0.684939027
vn -0.714258432 -0.178096145 -0.711014688
vn -0.493588239 0.113350645 -0.761657476
vn -0.669351578 -0.00609159982 -0.742920756
vn -0.141244307 0.257068962 -0.890521109
vn -0.582966685 0.573282778 -0.578944266
vn -0.104319416 0.531290174 -0.821301818
vn 0.10757 0.939792156 -0.244702294
vn -0.192384839 0.548047841 -0.402959555
vn 0.18093282 0.757778227 -0.337142467
vn 0.370472431 0.824032903 -0.242730662
vn 0.48726368 0.7978881 -0.213271976
vn 0.258525372 0.648525536 -0.254520983
vn -0.057037387 -0.548027515 0.806992888
vn 0.157086328 -0.363921374 0.942608476
vn 0.136984438 -0.401634187 0.918790638
vn -0.892153323 -0.172312647 -0.437993765
vn -0.560616851 -0.204097763 -0.747965515
vn -0.874037921 -0.207318157 -0.435230404
vn -0.612596273 -0.13572906 -0.790153563
vn -0.348462969 -0.28785646 -0.7600559
vn 0.240649566 -0.20425944 -0.608231485
vn -0.618842185 0.254496098 0.516614854
vn -0.550531566 -0.0169558786 0.799687803
vn -0.685556591 -0.267350465 0.542251289
vn -0.249453261 0.962587297 -0.151170686
vn -0.203580618 0.949959457 -0.136073858
vn -0.0951548517 0.835373759 -0.436065644
vn -0.141244307 0.257068962 -0.890521109
vn 0.201343656 0.209256351 -0.875491381
vn 0.0297761858 0.448090851 -0.849836946
vn 0.808084548 0.367795289 -0.511576176
vn 0.494509578 0.728703141 -0.4610672
vn 0.783601522 0.411564022 -0.433673263
vn 0.546563685 0.595740616 -0.589932799
vn 0.808084548 0.367795289 -0.511576176
vn 0.933005571 -0.154901206 -0.154687986
vn 0.419778943 -0.207783729 0.846733153
vn 0.21008876 -0.0902254432 0.933743715
vn 0.424887866 -0.091453284 0.875021458
vn 0.21008876 -0.0902254432 0.933743715
vn 0.655310214 0.56657964 0.535512328
vn 0.424887866 -0.091453284 0.875021458
vn -0.145519301 0.233387813 0.96143347
vn -0.113671429 0.281221658 0.958002031
vn -0.0968398303 0.0448867977 0.994391143
vn -0.0219205711 -0.103889175 0.984951317
vn 0.466007739 0.424714625 0.786864638
vn 0.180075958 -0.132775977 0.966067731
vn -0.781251669 0.402119488 -0.405223876
vn -0.678648591 -0.367853582 -0.596159995
vn -0.979711413 0.141092241 -0.173599273
vn -0.979711413 0.141092241 -0.173599273
vn -0.678648591 -0.367853582 -0.596159995
vn -0.344684154 -0.18311578 -0.920685351
vn 0.534217179 0.632452309 0.421121448
vn 0.398154616 0.548987865 0.605592251
vn 0.0901567787 0.793083966 0.560401499
vn 0.712463617 0.706774056 0.146301374
vn 0.578344822 0.813212335 0.0116176894
vn 0.43128255 0.875857711 0.204236463
vn 0.798232615 0.503302872 0.33815968
vn 0.384164363 0.746808529 0.540056825
vn 0.241290256 0.759820044 0.597821295
vn 0.951409459 0.237594724 0.264480203
vn 0.670100152 0.0155736562 0.646900654
vn 0.779252887 0.292860001 0.447949737
vn -0.406603605 0.575941563 -0.708277225
vn -0.583131015 0.56528765 -0.57945621
vn -0.493588239 0.113350645 -0.761657476
vn -0.669351578 -0.00609159982 -0.742920756
vn -0.493588239 0.113350645 -0.761657476
vn -0.687766612 0.313498914 -0.603566945
vn -0.941134214 0.281357259 -0.187609106
vn -0.778386295 0.350495845 0.0391051285
vn -0.948823154 0.287635237 -0.132871449
vn 0.573268473 0.677029014 -0.217560351
vn 0.522581279 0.844866693 0.114495859
vn 0.297352076 0.918521941 0.270252347
vn 0.78676331 0.584910929 0.19084166
vn 0.761109531 0.551342487 0.33594811
vn 0.798232615 0.503302872 0.33815968
vn 0.859462738 -0.318047911 -0.405942202
vn 0.946628392 -0.300398111 -0.0855880529
vn 0.809723377 -0.490545243 -0.195019931
vn -0.0195849854 0.961154461 -0.385500073
vn 0.576505125 0.402673393 -0.703325689
vn 0.374507457 0.498653144 -0.792617261
vn 0.165403262 0.538182378 -0.835455477
vn 0.581403852 0.358230263 -0.733044505
vn 0.689248562 0.325587511 -0.614062011
vn -0.883830547 0.180126771 0.41564101
vn -0.67950803 0.293853134 0.66746527
vn -0.96082592 0.247595534 0.140190721
vn -0.661916256 0.397766173 0.633332789
vn -0.494603723 0.580669701 0.605658889
vn -0.623503983 0.545536578 0.560695946
vn -0.157795921 0.877057731 0.438182056
vn -0.263186425 0.733246446 0.634138644
vn -0.270633936 0.638347983 0.720621347
vn 0.373249114 -0.00637039496 0.736647844
vn 0.47526139 0.468523026 0.771160185
vn 0.750046074 0.389294744 0.549729228
vn 0.852030575 -0.405215204 -0.332749218
vn 0.793428004 -0.49670434 -0.27171734
vn 0.790822089 -0.558052719 -0.259656936
vn 0.924757779 0.132233948 -0.368874043
vn 0.671789706 0.450724244 -0.521850228
vn 0.320442528 0.0743820742 -0.793391883
vn 0.618719757 -0.240933195 -0.746533334
vn 0.585101843 -0.0142238224 -0.78183347
vn 0.519853592 -0.0834097415 -0.831948757
vn -0.698931158 0.255455375 -0.59735316
vn -0.362264276 0.117038712 -0.925704718
vn -0.679233968 0.195034251 -0.599832654
vn -0.239570573 0.977061808 0.163749948
vn 0.516417503 0.677077115 0.517168403
vn 0.535149693 0.683431804 0.480588973
vn 0.0863700658 0.406670868 0.552137136
vn 0.366018653 0.891835153 0.0562287606
vn 0.523083329 0.828284681 0.135792032
vn -0.591231942 0.375797778 0.259538174
vn -0.872324765 0.0852792263 0.344566345
vn -0.840215981 0.248092234 0.454285502
vn 0.890621901 0.312129796 -0.330707699
vn 0.932451308 0.266672224 -0.243763119
vn 0.946353018 0.0934010074 -0.30934146
vn 0.56978637 0.493312627 -0.605009019
vn 0.573268473 0.677029014 -0.217560351
vn 0.747638583 0.326067746 -0.418205202
vn -0.200622305 0.42298767 0.875477016
vn -0.361699164 0.305693418 0.903122485
vn -0.0579982735 0.172922 0.976553559
vn 0.599919081 0.620006859 0.489036351
vn 0.777829468 0.449347377 0.340602726
vn 0.709853172 0.657211542 0.245911732
vn 0.438290328 0.854247987 -0.30303508
vn 0.347141236 0.776338875 -0.350158274
vn 0.287735909 0.897009671 -0.262784749
vn 0.703016043 0.422218829 0.560165703
vn 0.727859676 0.49802196 0.458522707
vn 0.58359313 0.445158809 0.682140529
vn 0.171027303 0.502772927 0.725344598
vn 0.150327325 0.854466915 0.497280657
vn 0.297352076 0.918521941 0.270252347
vn -0.38063094 0.483093947 0.777246475
vn 0.151414379 0.633979917 0.76554358
vn -0.287637472 0.827256024 0.397971421
vn 0.965725303 0.198907584 -0.205380574
vn 0.370472431 0.824032903 -0.242730662
vn 0.178315073 0.442934573 -0.782377422
vn -0.341054052 -0.736127675 0.579083502
vn -0.303061455 -0.659279943 0.690883696
vn -0.173126265 -0.857182145 0.49502939
vn 0.291340739 0.60901165 0.64586997
vn 0.846200466 0.526780009 0.167085037
vn 0.67493099 0.738449395 0.185722232
vn -0.93128854 -0.132629201 0.317935437
vn -0.896344066 0.00703780353 0.447832018
vn -0.876268446 0.0543095842 0.402742088
vn -0.694449008 0.616371572 0.307752967
vn -0.377471954 0.664371729 -0.253881454
vn 0.252432138 0.835716784 0.106893845
vn -0.907820284 -0.0435483307 0.457629889
vn -0.874403656 -0.0635802448 0.502359807
vn -0.889787614 0.234063447 0.238956913
vn -0.526667953 -0.0939516798 -0.851463079
vn -0.793079317 -0.00786776934 -0.617874682
vn -0.302027434 0.294936895 -0.835453928
vn -0.569871247 0.722591937 -0.376281679
vn -0.699189365 0.504892945 -0.45646897
vn -0.302027434 0.294936895 -0.835453928
vn 0.18014805 0.605810225 0.735286117
vn 0.501520634 0.346086651 0.639202595
vn -0.392299324 0.65765202 0.537526011
vn -0.487979174 -0.37483263 0.791168571
vn -0.560758114 0.00412061065 0.813189626
vn -0.688674569 -0.449892849 0.556423604
vn 0.43128255 0.875857711 0.204236463
vn 0.358253032 0.873356879 -0.314136147
vn 0.49893108 0.76478231 0.103681773
vn 0.847948372 0.484593809 0.264196187
vn 0.821493208 0.484877765 0.293823868
vn 0.919771433 0.475078464 -0.191850945
vn -0.569871247 0.722591937 -0.376281679
vn -0.641428649 0.631415844 -0.44085893
vn -0.779087007 0.614506364 -0.0723951682
vn 0.0695508569 0.283822834 -0.939042449
vn -0.40148133 -0.0323031917 -0.85420078
vn -0.565109015 0.199599758 -0.76369679
vn -0.966857195 0.223212615 -0.0416621231
vn -0.948823154 0.287635237 -0.132871449
vn -0.95590049 0.216608778 -0.0281045865
vn -0.804104686 0.438473642 0.37890324
vn -0.571713865 0.701646507 0.389390856
vn -0.825786352 0.273419797 0.413949043
vn 0.98924017 -0.0799997672 0.0286711864
vn 0.873943925 -0.235109746 0.402007073
vn 0.94243747 -0.22875528 0.272146374
vn 0.978190362 -0.179822385 -0.00878633652
vn 0.974227965 -0.268262774 -0.210815653
vn 0.976783693 -0.211182162 -0.0359954871
vn 0.146251544 0.521640003 -0.773298144
vn -0.0631467998 0.354488045 -0.934580445
vn 0.405357838 0.280471355 -0.85159266
vn -0.0631467998 0.354488045 -0.934580445
vn 0.146251544 0.521640003 -0.773298144
vn -0.54476577 0.0905110985 -0.840723038
vn 0.175850824 0.817354798 -0.548641682
vn 0.54209578 0.643670082 -0.451561779
vn 0.328414381 0.604283571 -0.622146189
vn 0.324564606 0.761433959 -0.550247014
vn 0.175850824 0.817354798 -0.548641682
vn 0.328414381 0.604283571 -0.622146189
vn 0.775441766 -0.371941149 -0.593924761
vn 0.630419612 -0.387957603 -0.672354162
vn 0.820752621 -0.317836374 -0.368654966
vn -0.811457276 0.520542502 0.0919367373
vn -0.340802103 0.381102741 -0.65569073
vn -0.607132912 0.767728627 0.110892758
vn -0.769274294 0.595145762 -0.0707065016
vn -0.811457276 0.520542502 0.0919367373
vn -0.607132912 0.767728627 0.110892758
vn -0.784252822 0.140013367 0.589529455
vn -0.743928075 0.191505432 0.530464709
vn -0.621443391 0.0179369133 0.781738043
vn -0.73159337 0.315905184 0.595449805
vn -0.690795183 0.289512694 0.658843994
vn -0.753315151 0.483293444 0.380606353
vn -0.780434728 0.549166203 0.259636015
vn -0.571713865 0.701646507 0.389390856
vn -0.875104964 0.487847537 0.00633797469
vn -0.8896963 0.0822524726 0.370401442
vn -0.840998888 0.331827581 -0.442083538
vn -0.981165826 0.0957187265 0.102738738
vn -0.804819584 0.3110964 0.512155235
vn -0.640400827 0.58551085 0.534227431
vn -0.872211576 0.266011178 0.373756915
vn 0.651535988 0.366289139 -0.615226269
vn 0.371264398 0.200164631 -0.826580524
vn 0.940236092 -0.0473446585 -0.397296578
vn 0.569872141 0.237368464 -0.760715663
vn 0.0997648984 0.483546406 -0.86961484
vn 0.133568615 0.512860239 -0.849846959
vn -0.989055455 -0.105251871 -0.147539422
vn -0.841165543 0.433356941 -0.17229867
vn -0.888301671 0.325402349 -0.238893509
vn 0.337942153 0.766326666 0.542715371
vn 0.799211323 0.469376177 0.405667394
vn 0.847948372 0.484593809 0.264196187
vn 0.455641419 0.886928976 -0.0758141205
vn 0.0942112282 0.654708922 -0.726701736
vn 0.317448169 0.938930392 -0.0633716583
vn 0.133692175 0.171860248 -0.888654351
vn 0.413349539 0.358314335 -0.78952986
vn 0.28887704 0.32467398 -0.901527107
vn 0.182009935 0.502489805 -0.847361505
vn -0.0650620908 0.127401888 -0.870693266
vn 0.276146263 0.377822459 -0.883738339
vn 0.133568615 0.512860239 -0.849846959
vn 0.371264398 0.200164631 -0.826580524
vn 0.651535988 0.366289139 -0.615226269
vn 0.839999914 0.287560314 -0.442503124
vn 0.677574754 0.42405194 -0.564573765
vn 0.871894956 0.504955053 -0.0462838151
vn 0.421888798 0.410056293 -0.808699846
vn 0.801287651 0.236946955 -0.491708368
vn 0.643453181 0.241464525 -0.653528869
vn -0.377471954 0.664371729 -0.253881454
vn 0.0507730134 0.864965081 -0.447098285
vn 0.252432138 0.835716784 0.106893845
vn -0.778523624 0.590002477 0.0811142623
vn -0.387531698 0.855983436 0.334733903
vn -0.406812698 0.835295916 -0.092999585
vn 0.455641419 0.886928976 -0.0758141205
vn 0.713847637 0.694405437 0.0906786174
vn 0.0942112282 0.654708922 -0.726701736
vn -0.123941347 0.202447817 0.971418321
vn -0.0968398303 0.0448867977 0.994391143
vn -0.113671429 0.281221658 0.958002031
vn -0.0188355707 0.289535165 -0.95840776
vn 0.058760263 0.399965525 -0.90187037
vn 0.103449747 0.278267592 -0.950420082
vn 0.678733945 0.655636013 0.371713281
vn 0.438290328 0.854247987 -0.30303508
vn 0.287735909 0.897009671 -0.262784749
vn -0.909090221 0.0573767684 0.379304618
vn -0.93128854 -0.132629201 0.317935437
vn -0.886197925 0.291339546 0.311012924
vn 0.797360897 -0.498064846 -0.321399629
vn 0.859462738 -0.318047911 -0.405942202
vn 0.809723377 -0.490545243 -0.195019931
vn 0.254638761 -0.107870378 -0.936632276
vn 0.705038548 -0.035340257 -0.678492844
vn 0.589338481 -0.775454283 -0.304917753
vn 0.895600021 -0.412009239 0.170029342
vn 0.919253409 -0.401965946 0.0602168664
vn 0.98596096 -0.192318454 -0.0314841457
vn 0.234967679 -0.450158685 -0.846032679
vn 0.230194658 -0.2668612 -0.924698472
vn 0.294484138 -0.387048453 -0.86319226
vn -0.708080709 -0.219803318 -0.689207435
vn -0.118877672 -0.511998892 -0.850720465
vn 0.0389741175 -0.586809218 -0.723182201
vn 0.94881916 0.246939644 0.123241179
vn 0.698337018 0.403693467 0.56209296
vn 0.699348211 0.299958497 0.127184868
vn 0.622813106 0.446327657 0.643008947
vn 0.698337018 0.403693467 0.56209296
vn 0.666517258 0.467191041 0.553826392
vn -0.287637472 0.827256024 0.397971421
vn 0.151414379 0.633979917 0.76554358
vn 0.154307067 0.950553894 0.0961684808
vn -0.00169791805 0.210606173 0.879070938
vn -0.102375761 0.425003678 0.896832705
vn -0.448945463 0.440149814 0.771755159
vn 0.086881794 0.40208751 -0.912330627
vn -0.0871500745 0.358181715 -0.914234698
vn 0.0254834481 0.453072667 -0.891826451
vn -0.319398284 0.235450923 -0.881868541
vn -0.0871500745 0.358181715 -0.914234698
vn -0.708080709 -0.219803318 -0.689207435
vn -0.599562228 0.627881885 -0.483413666
vn -0.351259053 0.278077275 -0.838495135
vn -0.594013631 0.263526291 -0.708394885
vn -0.351259053 0.278077275 -0.838495135
vn -0.105544999 0.0723181367 -1.00508904
vn -0.594013631 0.263526291 -0.708394885
vn 0.178315073 0.442934573 -0.782377422
vn 0.370472431 0.824032903 -0.242730662
vn 0.153473839 0.853179574 -0.487104803
vn 0.0239764769 0.0989420712 -1.0032115
vn -0.0293560103 0.132562608 -0.990772784
vn -0.0996972322 0.0883395895 -0.994654417
vn -0.497604162 -0.583138227 0.450069964
vn -0.68487829 -0.37166065 0.407138526
vn -0.761419654 -0.0322799012 0.622755945
vn 0.871818185 0.132196084 0.476050556
vn 0.501520634 0.346086651 0.639202595
vn 0.799211323 0.469376177 0.405667394
vn 0.871818185 0.132196084 0.476050556
vn 0.863473892 -0.376771331 0.370623231
vn 0.547013819 0.0337679312 0.64039278
vn -0.0700500682 -0.709119797 0.707180679
vn 0.201030895 -0.211082205 0.88656491
vn -0.0258993562 -0.630677223 0.770032346
vn 0.267743409 -0.0723192841 0.958011031
vn 0.00844694301 -0.308518052 0.926059008
vn 0.123287827 -0.0501546487 0.977721512
vn -0.307155073 0.797600985 0.519122899
vn -0.277578622 0.663435161 0.694840908
vn -0.633040488 -0.474348068 0.444653958
vn -0.922252595 -0.33225441 0.177249327
vn -0.68425107 -0.00256727682 0.504566908
vn -0.633040488 -0.474348068 0.444653958
vn 0.779094934 0.585920155 0.205156729
vn 0.903800845 0.445454121 -0.0946447477
vn 0.766974747 0.627672493 0.120741792
vn 0.211064488 0.686448216 -0.621677041
vn 0.514161587 0.799608648 -0.31026417
vn 0.521110237 0.80769968 -0.275799513
vn -0.634573936 0.00252748071 0.317884266
vn -0.980935395 -0.0690757632 -0.00715260161
vn -0.434446663 0.297076106 0.55180794
vn -0.99838382 0.0776378736 -0.035394419
vn -0.641586959 0.162487447 -0.669194937
vn -0.980935395 -0.0690757632 -0.00715260161
vn 0.565263569 0.275405407 -0.642748594
vn 0.978272378 0.120710261 -0.171520516
vn 0.760228932 -0.135512248 -0.555211484
vn -0.16796945 -0.168292075 -0.986239433
vn 0.760228932 -0.135512248 -0.555211484
vn 0.0855169967 -0.683225214 -0.726896405
vn 0.844028413 0.145968854 -0.494083494
vn 0.915145159 0.259977669 -0.308092177
vn 0.946353018 0.0934010074 -0.30934146
vn 0.718746126 0.687917054 0.00660588965
vn 0.716635704 0.647734642 -0.265813798
vn 0.552666664 0.82057184 -0.385777891
vn -0.288473696 0.508321702 -0.803325653
vn -0.252146721 0.599493623 -0.76796186
vn -0.432660252 0.656461716 -0.612728357
vn -0.166994527 0.533253551 -0.827183843
vn -0.288473696 0.508321702 -0.803325653
vn -0.0414968692 0.391099393 -0.92195338
vn 0.989030957 0.318436593 -0.156933635
vn 0.789886296 -0.0123487879 -0.605012238
vn 0.903800845 0.445454121 -0.0946447477
vn -0.85588491 0.371961027 0.124410607
vn -0.778523624 0.590002477 0.0811142623
vn -0.759760141 0.546775222 -0.098298721
vn -0.661916256 0.397766173 0.633332789
vn -0.85588491 0.371961027 0.124410607
vn -0.673104644 0.273871064 0.657223642
vn -0.54480648 0.825833261 0.116664842
vn -0.564751685 0.652605832 0.51073426
vn 0.080859378 0.922307074 0.393824965
vn -0.571263492 0.46343267 0.733313382
vn -0.999413669 0.171450779 -0.124913812
vn -0.99838382 0.0776378736 -0.035394419
vn 0.477888733 0.804595947 0.301286012
vn 0.297352076 0.918521941 0.270252347
vn 0.522581279 0.844866693 0.114495859
vn 0.712463617 0.706774056 0.146301374
vn 0.717963636 0.690778673 0.198221564
vn 0.719980478 0.679088831 0.142459005
vn -0.561107814 0.288099796 -0.777778327
vn -0.508029819 0.366269588 -0.781210482
vn -0.340802103 0.381102741 -0.65569073
vn 0.779252887 0.292860001 0.447949737
vn 0.670100152 0.0155736562 0.646900654
vn 0.504529774 0.205506563 0.815844297
vn 0.381213784 0.391422004 0.835891068
vn 0.779252887 0.292860001 0.447949737
vn 0.504529774 0.205506563 0.815844297
vn 0.718477905 0.617784858 0.319580019
vn -0.0308019426 0.462220818 0.857001066
vn 0.143238664 0.623209059 0.7723791
vn 0.0384741873 0.558395088 -0.241578937
vn 0.797360897 -0.498064846 -0.321399629
vn 0.802922726 -0.482188255 -0.362527937
vn 0.976767123 0.162591502 0.0709527284
vn 0.94881916 0.246939644 0.123241179
vn 0.699348211 0.299958497 0.127184868
vn -0.342552722 0.324241638 -0.848935068
vn -0.521475017 0.755225003 -0.405931175
vn -0.691166997 0.585135758 -0.439363122
vn -0.546631217 0.482393682 -0.650647342
vn -0.583131015 0.56528765 -0.57945621
vn -0.681888819 0.519756556 -0.519471288
vn -0.876268446 0.0543095842 0.402742088
vn -0.990972877 -0.0809540749 -0.0961490571
vn -0.779087007 0.614506364 -0.0723951682
vn -0.569871247 0.722591937 -0.376281679
vn -0.779087007 0.614506364 -0.0723951682
vn -0.699189365 0.504892945 -0.45646897
vn 0.2177995 0.258282542 0.946269631
vn 0.876830339 0.0380745456 0.406708121
vn 0.793777704 0.33964926 0.3537651
vn -0.41570282 -0.305829525 0.875803292
vn -0.308623433 -0.146593109 0.946325302
vn -0.180691734 -0.299563646 0.93680948
vn -0.542122841 0.0339650139 0.768150687
vn -0.768626273 -0.0177691504 0.501978993
vn -0.97679472 0.180535361 0.062390402
vn 0.201343656 0.209256351 -0.875491381
vn -0.565109015 0.199599758 -0.76369679
vn -0.546631217 0.482393682 -0.650647342
vn 0.0695508569 0.283822834 -0.939042449
vn -0.565109015 0.199599758 -0.76369679
vn 0.201343656 0.209256351 -0.875491381
vn 0.174814478 0.822891235 -0.455076307
vn 0.187436208 0.888371289 -0.415728509
vn 0.0906637907 0.916893125 -0.408574462
vn 0.515802979 0.796559691 -0.29588896
vn 0.726326227 0.654327989 -0.157914534
vn 0.954369664 0.25130108 -0.177997261
vn -0.200225249 0.878772199 0.433208048
vn 0.0956963673 0.612276256 0.60060668
vn -0.29264304 0.846540511 0.444667488
vn -0.872211576 0.266011178 0.373756915
vn -0.640400827 0.58551085 0.534227431
vn -0.833438933 0.52221334 -0.135692731
vn -0.793079317 -0.00786776934 -0.617874682
vn -0.801261067 -0.132032707 -0.583564997
vn -0.986232758 -0.0624190792 0.181922927
vn 0.174814478 0.822891235 -0.455076307
vn 0.421888798 0.410056293 -0.808699846
vn 0.643453181 0.241464525 -0.653528869
vn 0.515802979 0.796559691 -0.29588896
vn 0.174814478 0.822891235 -0.455076307
vn 0.0906637907 0.916893125 -0.408574462
vn -0.641428649 0.631415844 -0.44085893
vn -0.64431721 0.660445511 -0.222904682
vn -0.779087007 0.614506364 -0.0723951682
vn -0.263857335 0.136217013 -0.933246672
vn 0.201343656 0.209256351 -0.875491381
vn -0.515290976 -0.268697172 -0.687165558
vn -0.555908203 0.488703042 -0.659622014
vn -0.397223264 0.273587793 -0.85480541
vn -0.525606394 0.168084681 -0.833512962
vn -0.892153323 -0.172312647 -0.437993765
vn -0.78069514 -0.147001579 -0.626728773
vn -0.560616851 -0.204097763 -0.747965515
vn 0.477373391 -0.420900911 -0.728734374
vn 0.940236092 -0.0473446585 -0.397296578
vn 0.580357432 -0.543357193 -0.586715043
vn -0.64431721 0.660445511 -0.222904682
vn -0.621249557 0.719370723 -0.276651114
vn -0.752906919 0.663706779 -0.0427493192
vn 0.201343656 0.209256351 -0.875491381
vn -0.621249557 0.719370723 -0.276651114
vn -0.64431721 0.660445511 -0.222904682
vn -0.764034986 0.437236607 -0.149576068
vn -0.0888254866 0.484120846 -0.777137101
vn 0.154038966 0.604113042 -0.598919153
vn 0.154038966 0.604113042 -0.598919153
vn 0.374507457 0.498653144 -0.792617261
vn 0.576505125 0.402673393 -0.703325689
vn -0.364816219 -0.195618927 -0.728420317
vn -0.570419431 0.291061878 -0.741568804
vn -0.500222445 0.248261526 -0.69911772
vn -0.495822698 0.522833109 0.707243979
vn -0.495775878 0.418696672 0.721179485
vn 0.600366354 0.701268137 0.390115321
vn -0.200622305 0.42298767 0.875477016
vn 0.599919081 0.620006859 0.489036351
vn 0.423505694 0.623766065 0.673891783
vn -0.944119155 0.266362965 -0.0716792047
vn -0.904106975 0.346014559 -0.0841955692
vn -0.876325488 0.324212074 0.36176759
vn -0.945991099 0.320008457 -0.118065469
vn -0.904106975 0.346014559 -0.0841955692
vn -0.944119155 0.266362965 -0.0716792047
vn 0.950618923 0.180090874 0.278311372
vn 0.794947207 0.0139003433 0.607085586
vn 0.35452792 0.6814605 0.531676412
vn -0.494727403 0.393986583 -0.663662553
vn -0.60788542 0.712393284 -0.307155907
vn -0.567359626 0.767238021 0.0722114667
vn -0.233357772 0.957538962 0.2033557
vn -0.607132912 0.767728627 0.110892758
vn -0.340802103 0.381102741 -0.65569073
vn -0.16796945 -0.168292075 -0.986239433
vn 0.565263569 0.275405407 -0.642748594
vn 0.760228932 -0.135512248 -0.555211484
vn -0.16796945 -0.168292075 -0.986239433
vn -0.271484733 0.531927526 -0.792922676
vn -0.0811433643 0.359737992 -0.932051539
vn -0.550531566 -0.0169558786 0.799687803
vn -0.546391547 0.468697399 0.665809691
vn -0.592972636 0.322346687 0.685062289
vn -0.759760141 0.546775222 -0.098298721
vn -0.88650465 0.416044116 0.0108498111
vn -0.643998802 0.575683594 0.494335204
vn -0.759760141 0.546775222 -0.098298721
vn -0.662047148 0.613357842 0.204187214
vn -0.743307352 0.471494526 0.204417825
vn 0.318216741 0.41119349 -0.785269737
vn 0.569872141 0.237368464 -0.760715663
vn 0.393414438 0.593802035 -0.617125809
vn 0.258525372 0.648525536 -0.254520983
vn 0.0265669115 0.193961412 -0.9740417
vn 0.249807134 0.279253781 -0.815716863
vn -0.743307352 0.471494526 0.204417825
vn -0.662047148 0.613357842 0.204187214
vn -0.646492481 0.116595715 0.753153503
vn -0.141244307 0.257068962 -0.890521109
vn -0.494727403 0.393986583 -0.663662553
vn -0.354970664 0.155617014 -0.891428471
vn -0.061255943 0.418097734 -0.874559879
vn -0.0908237994 0.274563611 -0.955530584
vn 0.585101843 -0.0142238224 -0.78183347
vn 0.358253032 0.873356879 -0.314136147
vn 0.33385855 0.893984079 -0.238968879
vn 0.49893108 0.76478231 0.103681773
vn -0.019519845 -0.648768723 0.805205882
vn 0.201030895 -0.211082205 0.88656491
vn -0.0700500682 -0.709119797 0.707180679
vn -0.76271528 0.0225283001 -0.0428240374
vn -0.85238713 -0.0432246402 0.53043133
vn -0.799931288 0.0223672576 0.592090309
vn -0.425711721 0.304574966 0.838645339
vn -0.742643952 0.556405485 0.397016823
vn -0.532890439 0.406896502 0.679718852
vn -0.611027002 0.532042682 0.585110664
vn -0.381267846 0.259557575 0.835193694
vn -0.162545979 0.862707138 0.44957912
vn 0.101145104 0.112829626 -0.978354216
vn 0.271926135 0.219709381 -0.919608653
vn 0.405357838 0.280471355 -0.85159266
vn 0.849909365 0.526291251 -0.0259157084
vn 0.836373806 0.52896148 -0.159420624
vn 0.932451308 0.266672224 -0.243763119
vn 0.398369521 -0.165824279 -0.887128413
vn 0.478264928 -0.25796777 -0.840048969
vn 0.409103394 -0.504258752 -0.757673204
vn 0.445354432 -0.0413901359 0.713890672
vn 0.878142178 -0.269437462 0.428286403
vn 0.245235607 -0.540720999 0.688031495
vn -1.00048602 0.0611846223 0.0214459691
vn -0.97679472 0.180535361 0.062390402
vn -0.768626273 -0.0177691504 0.501978993
vn 0.0590183586 0.977263808 0.21285966
vn 0.0792591274 0.994573057 0.13808322
vn 0.160519764 0.905739307 0.204156712
vn -0.561107814 0.288099796 -0.777778327
vn -0.340802103 0.381102741 -0.65569073
vn -0.811457276 0.520542502 0.0919367373
vn -0.564751685 0.652605832 0.51073426
vn 0.337942153 0.766326666 0.542715371
vn 0.080859378 0.922307074 0.393824965
vn 0.337942153 0.766326666 0.542715371
vn 0.847948372 0.484593809 0.264196187
vn 0.579796314 0.783946216 0.232255444
vn -0.483949542 -0.0517133027 -0.889555156
vn 0.186181068 0.103404261 -0.956229448
vn -0.560616851 -0.204097763 -0.747965515
vn 0.0298718587 -0.0428154804 -1.00221777
vn 0.13419655 -0.596746266 -0.768172622
vn 0.0591214448 -0.0198390745 -1.01010251
vn -0.455414444 0.220892102 0.793213785
vn -0.93128854 -0.132629201 0.317935437
vn -0.876268446 0.0543095842 0.402742088
vn 0.678479671 0.730647445 -0.0368571319
vn 0.252432138 0.835716784 0.106893845
vn 0.455530524 0.878571749 0.171811029
vn -0.761419654 -0.0322799012 0.622755945
vn -0.441830605 0.198616922 0.739150584
vn -0.497604162 -0.583138227 0.450069964
vn -0.441830605 0.198616922 0.739150584
vn 0.092144534 0.511409938 0.787224591
vn 0.0674666911 0.526313066 0.83599472
vn 0.567339122 0.617735624 0.525554538
vn -0.690708041 0.596256495 0.0883838236
vn 0.909712434 0.190090105 0.4616943
vn 0.632971644 -0.194864362 0.753979921
vn 0.633392096 -0.167694286 0.765454233
vn 0.820004404 -0.207594484 0.533382833
vn -0.682376921 0.600133836 0.190495491
vn -0.519351661 0.84075284 -0.0830834061
vn -0.661119521 0.715651333 -0.145672143
vn 0.287735909 0.897009671 -0.262784749
vn 0.347141236 0.776338875 -0.350158274
vn 0.689633965 0.544690788 0.0131263407
vn -0.579210877 0.395956367 0.33370021
vn 0.0437839031 0.167895913 0.38767156
vn 0.878142178 -0.269437462 0.428286403
vn -0.990113139 0.129049614 0.0767259821
vn -0.930277944 0.311688304 0.159610584
vn -0.947683394 0.126382455 0.281004995
vn -0.761419654 -0.0322799012 0.622755945
vn -0.273736387 0.512488604 0.804975927
vn -0.441830605 0.198616922 0.739150584
vn -0.713475227 0.565635204 -0.406530201
vn -0.271672875 0.32865876 -0.554746449
vn -0.441599816 0.753121555 -0.501000702
vn -0.271672875 0.32865876 -0.554746449
vn -0.781251669 0.402119488 -0.405223876
vn -0.454590619 -0.253314286 -0.456067085
vn -0.211862504 0.563367307 -0.795476198
vn -0.599562228 0.627881885 -0.483413666
vn -0.509541631 0.694317997 -0.50422585
vn 0.572250664 0.441089272 0.691573322
vn 0.630436778 0.364132553 0.689405859
vn 0.698337018 0.403693467 0.56209296
vn -0.875070214 0.247713953 0.410757214
vn -0.903947353 0.413423866 0.0903222561
vn -0.840215981 0.248092234 0.454285502
vn -0.495775878 0.418696672 0.721179485
vn -0.495822698 0.522833109 0.707243979
vn -0.840215981 0.248092234 0.454285502
vn 0.0695508569 0.283822834 -0.939042449
vn -0.388234973 0.506307721 -0.767147481
vn -0.40148133 -0.0323031917 -0.85420078
vn -0.367568731 0.451376915 -0.818708122
vn -0.599562228 0.627881885 -0.483413666
vn -0.211862504 0.563367307 -0.795476198
vn 0.771646857 -0.18965821 -0.448912412
vn 0.852030575 -0.405215204 -0.332749218
vn 0.881961346 -0.192084789 -0.285817683
vn 0.291340739 0.60901165 0.64586997
vn -0.381715864 0.699385524 0.57975924
vn -0.23198016 0.487141281 0.832828999
vn -0.894824147 -0.0666868463 0.338453889
vn -0.573872924 -0.139380053 0.760136485
vn -0.840215981 0.248092234 0.454285502
vn -0.573872924 -0.139380053 0.760136485
vn -0.633040488 -0.474348068 0.444653958
vn -0.22286211 -0.806988835 0.531224012
vn 0.801160634 0.371480852 0.324883491
vn 0.275130838 0.5465855 0.791482449
vn 0.465411901 0.558768451 0.710187554
vn 0.798232615 0.503302872 0.33815968
vn 0.76964879 0.376808465 0.397527725
vn 0.801160634 0.371480852 0.324883491
vn -0.259739518 -0.0806326047 -0.973660052
vn 0.230194658 -0.2668612 -0.924698472
vn 0.234967679 -0.450158685 -0.846032679
vn 0.601012647 0.154149041 0.716720402
vn 0.607065558 0.472356379 0.144486353
vn 0.863473892 -0.376771331 0.370623231
vn -0.341849566 -0.296879053 0.878849804
vn -0.312875181 -0.433817744 0.850282192
vn 0.0863700658 0.406670868 0.552137136
vn -0.41745013 -0.241295189 -0.888952494
vn -0.136325568 0.495523393 -0.854342222
vn -0.164223239 0.227722615 -0.959777713
vn 0.72632724 0.647404552 0.245390713
vn 0.554126143 0.799414039 -0.284488797
vn 0.583713055 0.814261377 -0.0836267322
vn 0.72632724 0.647404552 0.245390713
vn 0.611014783 0.598472178 0.528826416
vn 0.766974747 0.627672493 0.120741792
vn -0.906147361 0.418886155 0.0516668074
vn -0.99825877 0.0443288311 -0.0196979344
vn -0.944119155 0.266362965 -0.0716792047
vn 0.72632724 0.647404552 0.245390713
vn 0.583713055 0.814261377 -0.0836267322
vn 0.308828801 0.906105518 0.11016231
vn 0.308828801 0.906105518 0.11016231
vn -0.239570573 0.977061808 0.163749948
vn 0.39818272 0.842821002 0.358059078
vn 0.223601297 0.608952522 0.689415038
vn -0.118474595 0.801799834 0.590951383
vn 0.331959635 0.566636443 0.727620006
vn 0.123287827 -0.0501546487 0.977721512
vn 0.00844694301 -0.308518052 0.926059008
vn -0.760533631 -0.307724416 0.50651139
vn 0.446112275 0.774773538 0.48918733
vn 0.478471905 0.604815662 0.642579734
vn 0.678733945 0.655636013 0.371713281
vn -0.825786352 0.273419797 0.413949043
vn -0.657983184 -0.418125004 0.64108175
vn -0.804104686 0.438473642 0.37890324
vn 0.0398241654 -0.490494609 0.860988379
vn 0.00190773804 -0.659383416 0.690042138
vn 0.04366602 -0.612898171 0.781337678
vn -0.182151392 -0.788227975 0.544290841
vn -0.293144882 0.0775653869 0.858972073
vn -0.472941428 0.163653791 0.610437989
vn 0.110414937 -0.322635144 0.741456866
vn -0.182151392 -0.788227975 0.544290841
vn 0.0663773417 -0.985537827 0.1559145
vn 0.417837828 -0.139843702 0.841496766
vn 0.347907573 -0.196164027 0.859122932
vn 0.0382522754 -0.195522904 0.979847074
vn -0.196014166 0.513208926 0.782784879
vn -0.571015656 0.386214375 0.720660806
vn -0.421091765 0.248711929 0.828982353
vn 0.440135062 0.418037653 0.796606779
vn 0.601012647 0.154149041 0.716720402
vn 0.799211323 0.469376177 0.405667394
vn -0.129336938 -0.0950657874 0.987033188
vn -0.40124771 0.0221422501 0.909914672
vn -0.154757574 -0.083054848 0.976550996
vn -0.38063094 0.483093947 0.777246475
vn -0.829660773 0.352634162 0.436383694
vn -0.690856218 0.326765329 0.595481277
vn -0.0212741289 -0.122685201 -0.953665018
vn 0.254638761 -0.107870378 -0.936632276
vn 0.589338481 -0.775454283 -0.304917753
vn 0.539193153 0.0877490714 -0.683674097
vn -0.0996972322 0.0883395895 -0.994654417
vn 0.0746250004 0.0797375739 -0.979061365
vn -0.895657301 -0.00131856429 -0.0809329897
vn 0.137349933 -0.705257356 0.626641154
vn -0.961695015 -0.187804744 0.199679524
vn -0.961695015 -0.187804744 0.199679524
vn -0.947726488 0.206021696 -0.254241139
vn -0.895657301 -0.00131856429 -0.0809329897
vn -0.334594518 0.537454486 0.310475886
vn 0.455530524 0.878571749 0.171811029
vn 0.475758642 0.797222137 0.327322155
vn -0.655996621 0.655635417 0.435917705
vn -0.842630148 0.384514034 -0.333858013
vn -0.717045784 0.423906982 0.545353174
vn -0.196507901 0.0529331006 -1.00284457
vn 0.356398493 0.0461340472 -0.931063235
vn 0.442533076 0.176641002 -0.836631417
vn 0.43128255 0.875857711 0.204236463
vn 0.534217179 0.632452309 0.421121448
vn 0.0901567787 0.793083966 0.560401499
vn 0.18014805 0.605810225 0.735286117
vn 0.712463617 0.706774056 0.146301374
vn 0.43128255 0.875857711 0.204236463
vn 0.174814478 0.822891235 -0.455076307
vn 0.245145917 0.896045446 -0.370197922
vn 0.187436208 0.888371289 -0.415728509
vn -0.0763054937 0.179219946 0.952716112
vn -0.0817386359 -0.133071706 0.990674019
vn 0.114725314 0.267584026 0.956761181
vn 0.756217837 -0.591427088 -0.261270225
vn 0.833237886 -0.394124955 -0.361534745
vn 0.859745979 -0.0760219768 -0.513881564
vn 0.418293566 -0.698225975 -0.461023539
vn 0.876072109 -0.381764859 0.179733127
vn 0.820752621 -0.317836374 -0.368654966
vn 0.114725314 0.267584026 0.956761181
vn -0.0817386359 -0.133071706 0.990674019
vn 0.31615901 -0.147435203 0.944456935
vn 0.419778943 -0.207783729 0.846733153
vn -0.0772953033 -0.454077542 0.887785017
vn 0.21008876 -0.0902254432 0.933743715
vn -0.966857195 0.223212615 -0.0416621231
vn -0.95590049 0.216608778 -0.0281045865
vn -0.875104964 0.487847537 0.00633797469
vn -0.685556591 -0.267350465 0.542251289
vn 0.286546141 -0.370404899 0.767790556
vn -0.397031546 -0.765532851 0.506285846
vn -0.129336938 -0.0950657874 0.987033188
vn -0.154757574 -0.083054848 0.976550996
vn -0.0519983396 -0.112911217 0.990488648
vn 0.187436208 0.888371289 -0.415728509
vn 0.81187427 0.429994732 -0.316957474
vn 0.815785706 0.40592292 -0.374319851
vn 0.81187427 0.429994732 -0.316957474
vn 0.854526281 0.323488384 -0.359578341
vn 0.815785706 0.40592292 -0.374319851
vn 0.180075958 -0.132775977 0.966067731
vn -0.180691734 -0.299563646 0.93680948
vn -0.0219205711 -0.103889175 0.984951317
vn -0.28641066 0.602516592 0.226811245
vn -0.903947353 0.413423866 0.0903222561
vn -0.112326719 0.984748006 0.10312476
vn 0.48726368 0.7978881 -0.213271976
vn 0.211080939 0.879616916 -0.427533358
vn 0.431863785 0.603029847 -0.351376355
vn -0.218774393 0.624021947 -0.750156343
vn 0.211080939 0.879616916 -0.427533358
vn -0.253691763 0.632952094 -0.75842458
vn 0.290785015 0.262895018 -0.733701229
vn -0.175791487 0.285041004 -0.966516078
vn 0.024166679 0.158137023 -0.979896307
vn 0.172367439 0.719541609 -0.667734563
vn 0.146251544 0.521640003 -0.773298144
vn 0.271926135 0.219709381 -0.919608653
vn 0.676237702 -0.723871589 -0.0608573519
vn 0.756217837 -0.591427088 -0.261270225
vn 0.617536664 -0.776949763 0.120543845
vn 0.833237886 -0.394124955 -0.361534745
vn 0.756217837 -0.591427088 -0.261270225
vn 0.676237702 -0.723871589 -0.0608573519
vn 0.424887866 -0.091453284 0.875021458
vn 0.349373996 -0.00409115152 0.933241308
vn 0.670100152 0.0155736562 0.646900654
vn 0.784035981 0.228698879 0.610010862
vn 0.688850701 -0.0674975067 0.673922896
vn 0.349373996 -0.00409115152 0.933241308
vn -0.0299568716 0.972321749 0.225169033
vn 0.0590183586 0.977263808 0.21285966
vn 0.160519764 0.905739307 0.204156712
vn 0.0695508569 0.283822834 -0.939042449
vn -0.641428649 0.631415844 -0.44085893
vn -0.569871247 0.722591937 -0.376281679
vn -0.641428649 0.631415844 -0.44085893
vn -0.263857335 0.136217013 -0.933246672
vn -0.789435983 0.355449885 -0.437729836
vn -0.157399341 0.153025314 0.855572701
vn -0.872324765 0.0852792263 0.344566345
vn 0.346665382 -0.179416999 0.909293056
vn -0.911556184 -0.26747185 0.342372
vn -0.980935395 -0.0690757632 -0.00715260161
vn -0.634573936 0.00252748071 0.317884266
vn 0.747638583 0.326067746 -0.418205202
vn 0.639131963 0.528939068 -0.425348818
vn 0.821382701 0.49788028 -0.240662709
vn -0.150234774 -0.0613134876 -0.991811931
vn -0.500222445 0.248261526 -0.69911772
vn 0.431863785 0.603029847 -0.351376355
vn -0.682376921 0.600133836 0.190495491
vn -0.569621563 0.68261373 -0.0752603635
vn -0.519351661 0.84075284 -0.0830834061
vn -0.634654701 0.536774635 0.476978302
vn -0.157399341 0.153025314 0.855572701
vn -0.15063493 0.504065096 0.783523321
vn 0.319550723 0.0319531746 0.938644052
vn -0.102375761 0.425003678 0.896832705
vn -0.00169791805 0.210606173 0.879070938
vn -0.560616851 -0.204097763 -0.747965515
vn 0.186181068 0.103404261 -0.956229448
vn 0.477373391 -0.420900911 -0.728734374
vn 0.216944948 0.0685278177 -0.931205213
vn 0.201524839 0.337180614 -0.922728717
vn 0.294691443 0.00064802781 -0.941101432
vn -0.0234636962 0.220653534 -1.03298128
vn -0.0888254866 0.484120846 -0.777137101
vn -0.764034986 0.437236607 -0.149576068
vn 0.0997648984 0.483546406 -0.86961484
vn 0.371264398 0.200164631 -0.826580524
vn 0.133568615 0.512860239 -0.849846959
vn -0.187798604 -0.154535741 -0.963833869
vn 0.00978057738 -0.420916796 -0.92559731
vn -0.118877672 -0.511998892 -0.850720465
vn 0.00978057738 -0.420916796 -0.92559731
vn 0.216944948 0.0685278177 -0.931205213
vn -0.0255498532 -0.760446966 -0.648897231
vn 0.783601522 0.411564022 -0.433673263
vn 0.859745979 -0.0760219768 -0.513881564
vn 0.833237886 -0.394124955 -0.361534745
vn -0.564751685 0.652605832 0.51073426
vn -0.999413669 0.171450779 -0.124913812
vn -0.571263492 0.46343267 0.733313382
vn -0.571263492 0.46343267 0.733313382
vn 0.0745456666 0.657299995 0.718140721
vn -0.564751685 0.652605832 0.51073426
vn -0.211862504 0.563367307 -0.795476198
vn -0.509541631 0.694317997 -0.50422585
vn -0.136732206 0.550388038 -0.796150565
vn -0.594013631 0.263526291 -0.708394885
vn -0.105544999 0.0723181367 -1.00508904
vn -0.136732206 0.550388038 -0.796150565
vn 0.230194658 -0.2668612 -0.924698472
vn -0.319398284 0.235450923 -0.881868541
vn 0.294484138 -0.387048453 -0.86319226
vn 0.18014805 0.605810225 0.735286117
vn 0.398154616 0.548987865 0.605592251
vn 0.501520634 0.346086651 0.639202595
vn 0.398154616 0.548987865 0.605592251
vn 0.799211323 0.469376177 0.405667394
vn 0.501520634 0.346086651 0.639202595
vn 0.709853172 0.657211542 0.245911732
vn 0.777829468 0.449347377 0.340602726
vn 0.718477905 0.617784858 0.319580019
vn 0.86275661 -0.0631176829 0.481263489
vn 0.777829468 0.449347377 0.340602726
vn 0.89782995 -0.18690668 0.417517394
vn 0.698337018 0.403693467 0.56209296
vn 0.954316616 0.133934096 0.286732405
vn 0.463496506 -0.0348074175 0.515812933
vn -0.0414968692 0.391099393 -0.92195338
vn -0.342552722 0.324241638 -0.848935068
vn 0.0225981455 0.176547989 -0.974900305
vn 0.418293566 -0.698225975 -0.461023539
vn 0.179563969 -0.7474612 -0.618214965
vn 0.267973542 -0.44015339 -0.776827753
vn 0.790822089 -0.558052719 -0.259656936
vn 0.520571589 -0.280752331 -0.712269723
vn 0.546149254 -0.557419717 -0.642337859
vn -0.553415239 -0.11829181 0.747429609
vn 0.94243747 -0.22875528 0.272146374
vn -0.336415559 -0.367776513 0.710003495
vn 0.0663773417 -0.985537827 0.1559145
vn -0.182151392 -0.788227975 0.544290841
vn 0.0301137641 -1.00973284 0.189256161
vn -0.687766612 0.313498914 -0.603566945
vn -0.565109015 0.199599758 -0.76369679
vn -0.669351578 -0.00609159982 -0.742920756
vn -0.687766612 0.313498914 -0.603566945
vn -0.583131015 0.56528765 -0.57945621
vn -0.546631217 0.482393682 -0.650647342
vn 0.852030575 -0.405215204 -0.332749218
vn 0.924757779 0.132233948 -0.368874043
vn 0.793428004 -0.49670434 -0.27171734
vn -0.363799185 -0.439580172 -0.821230412
vn -0.466352642 -0.152707249 -0.871318281
vn -0.410261959 -0.203256324 -0.889028668
vn 0.919253409 -0.401965946 0.0602168664
vn 0.895600021 -0.412009239 0.170029342
vn 0.96879065 -0.193319693 -0.0781887621
vn 0.738192439 -0.639388859 -0.20635812
vn 0.833237886 -0.394124955 -0.361534745
vn 0.676237702 -0.723871589 -0.0608573519
vn -0.855143309 0.232442155 -0.468379796
vn -0.887608945 0.349472672 -0.316673994
vn -0.881978333 0.420851022 -0.168845296
vn 0.324564606 0.761433959 -0.550247014
vn 0.347141236 0.776338875 -0.350158274
vn 0.438290328 0.854247987 -0.30303508
vn 0.794869363 0.610872686 -0.0728393644
vn 0.829476893 0.376568586 -0.394677937
vn 0.438290328 0.854247987 -0.30303508
vn 0.431863785 0.603029847 -0.351376355
vn 0.258525372 0.648525536 -0.254520983
vn 0.48726368 0.7978881 -0.213271976
vn 0.431863785 0.603029847 -0.351376355
vn -0.500222445 0.248261526 -0.69911772
vn 0.0199408345 0.613381207 -0.581356764
vn 0.633392096 -0.167694286 0.765454233
vn 0.489002973 -0.221201017 0.81741941
vn 0.573203027 -0.0449768379 0.815046608
vn -0.363799185 -0.439580172 -0.821230412
vn -0.325053692 -0.479011685 -0.794242799
vn -0.297556669 -0.451803029 -0.824614704
vn 0.413349539 0.358314335 -0.78952986
vn 0.133692175 0.171860248 -0.888654351
vn 0.336432874 0.195921898 -0.892445445
vn -0.41745013 -0.241295189 -0.888952494
vn 0.266440451 -0.634542942 -0.693791628
vn 0.133692175 0.171860248 -0.888654351
vn -0.495822698 0.522833109 0.707243979
vn 0.600366354 0.701268137 0.390115321
vn 0.523083329 0.828284681 0.135792032
vn 0.523083329 0.828284681 0.135792032
vn 0.366018653 0.891835153 0.0562287606
vn -0.112326719 0.984748006 0.10312476
vn -0.341128021 0.613595784 0.717413425
vn -0.364617765 0.516439617 0.778875649
vn -0.20450066 0.395712197 0.903164923
vn -0.881978333 0.420851022 -0.168845296
vn -0.572041392 0.824577987 0.064285554
vn -0.0195849854 0.961154461 -0.385500073
vn 0.311018109 0.863878608 -0.403764933
vn -0.0195849854 0.961154461 -0.385500073
vn 0.0391544178 0.966370285 -0.242447227
vn 0.00824451819 0.448455662 0.884621918
vn -0.494603723 0.580669701 0.605658889
vn -0.448945463 0.440149814 0.771755159
vn -0.178560778 0.951488733 0.171108156
vn -0.494603723 0.580669701 0.605658889
vn 0.100107372 0.705640316 0.671692848
vn -0.986838043 0.0938887224 0.158152774
vn -0.913660467 -0.108377852 0.386207998
vn -0.938460052 -0.180117801 0.291225463
vn -0.608855128 0.238764524 0.6965096
vn -0.872211576 0.266011178 0.373756915
vn -0.896344066 0.00703780353 0.447832018
vn -0.15063493 0.504065096 0.783523321
vn -0.608855128 0.238764524 0.6965096
vn -0.70213604 0.0734711438 0.648525178
vn 0.824277759 0.371984303 -0.430582404
vn 0.821382701 0.49788028 -0.240662709
vn 0.639131963 0.528939068 -0.425348818
vn 0.555051565 0.551322401 -0.607339501
vn 0.639131963 0.528939068 -0.425348818
vn 0.165403262 0.538182378 -0.835455477
vn -0.641586959 0.162487447 -0.669194937
vn 0.0942112282 0.654708922 -0.726701736
vn -0.105544999 0.0723181367 -1.00508904
vn 0.154452488 0.287591428 -0.95526439
vn 0.0942112282 0.654708922 -0.726701736
vn 0.770354033 0.569846094 -0.264819592
vn -0.334594518 0.537454486 0.310475886
vn 0.678479671 0.730647445 -0.0368571319
vn 0.455530524 0.878571749 0.171811029
vn -0.886197925 0.291339546 0.311012924
vn -0.93128854 -0.132629201 0.317935437
vn -0.334594518 0.537454486 0.310475886
vn -0.288473696 0.508321702 -0.803325653
vn -0.166994527 0.533253551 -0.827183843
vn -0.252146721 0.599493623 -0.76796186
vn 0.669897377 0.203079984 -0.724862218
vn 0.710478127 0.453386456 -0.53957057
vn 0.442533076 0.176641002 -0.836631417
vn 0.0695508569 0.283822834 -0.939042449
vn -0.569871247 0.722591937 -0.376281679
vn -0.388234973 0.506307721 -0.767147481
vn -0.618565023 0.710674703 -0.276599377
vn -0.569871247 0.722591937 -0.376281679
vn -0.580940187 0.682237566 -0.339180231
vn 0.0142054753 -0.108900264 -0.794457912
vn -0.500222445 0.248261526 -0.69911772
vn 0.0620666407 0.473717213 -0.730159461
vn 0.165403262 0.538182378 -0.835455477
vn 0.747638583 0.326067746 -0.418205202
vn 0.573268473 0.677029014 -0.217560351
vn 0.929130912 0.364857614 -0.0491020158
vn 0.938394547 0.327844858 0.109240182
vn 0.689633965 0.544690788 0.0131263407
vn -0.326948673 -0.450284123 0.855578065
vn -0.487979174 -0.37483263 0.791168571
vn -0.435690969 -0.577591956 0.692979097
vn 0.137917921 -0.0792219713 0.987270176
vn 0.481936842 0.0716311261 0.855092287
vn 0.709891617 -0.232019663 0.667475462
vn 0.137917921 -0.0792219713 0.987270176
vn -0.67950803 0.293853134 0.66746527
vn -0.353743285 0.110635698 0.906445146
vn 0.992939353 0.0726074502 -0.126996428
vn 0.539193153 0.0877490714 -0.683674097
vn 0.651500523 -0.592254698 -0.317961991
vn -0.377471954 0.664371729 -0.253881454
vn -0.406812698 0.835295916 -0.092999585
vn 0.0507730134 0.864965081 -0.447098285
vn -0.224289209 0.568672001 0.755181193
vn -0.188524395 0.476372242 0.829936683
vn -0.172270924 0.609272242 0.686028123
vn 0.257689089 0.592070043 -0.468386769
vn 0.0790914968 0.242679954 -0.596903682
vn -0.54476577 0.0905110985 -0.840723038
vn 0.257689089 0.592070043 -0.468386769
vn 0.721582651 0.527775049 -0.357811272
vn 0.0790914968 0.242679954 -0.596903682
vn -0.511434138 -0.704569817 0.546764135
vn -0.54364562 -0.528041899 0.652875423
vn -0.488426566 -0.16034928 0.617447138
vn -0.263186425 0.733246446 0.634138644
vn -0.0686775222 0.571216822 0.826306462
vn -0.270633936 0.638347983 0.720621347
vn -0.792143047 0.590909243 -0.0841371715
vn -0.377471954 0.664371729 -0.253881454
vn -0.752906919 0.663706779 -0.0427493192
vn -0.397223264 0.273587793 -0.85480541
vn -0.555908203 0.488703042 -0.659622014
vn -0.624902666 0.46833393 -0.585119426
vn -0.353743285 0.110635698 0.906445146
vn -0.67950803 0.293853134 0.66746527
vn -0.34080708 0.0170738492 0.933601141
vn -0.224289209 0.568672001 0.755181193
vn -0.472941428 0.163653791 0.610437989
vn -0.195752606 0.601278007 0.759232104
vn -0.224289209 0.568672001 0.755181193
vn -0.195752606 0.601278007 0.759232104
vn -0.188524395 0.476372242 0.829936683
vn -0.525606394 0.168084681 -0.833512962
vn -0.751528919 0.379281461 -0.527083516
vn -0.555908203 0.488703042 -0.659622014
vn -0.911965549 0.381768674 0.123796999
vn -0.579210877 0.395956367 0.33370021
vn -0.947683394 0.126382455 0.281004995
vn 0.245235607 -0.540720999 0.688031495
vn -0.951416373 0.102020338 0.180808082
vn -0.913660467 -0.108377852 0.386207998
vn -0.0596358888 0.116407521 -0.992275596
vn 0.0327271 0.477965027 -0.843855023
vn -0.3643305 0.50327909 -0.77596879
vn -0.248930767 0.136435434 0.973627985
vn 0.165330052 0.414430261 0.881233573
vn -0.162545979 0.862707138 0.44957912
vn 0.356236756 0.15655832 0.839848876
vn 0.571617305 0.124653846 0.781852663
vn 0.732490003 0.335237324 0.579892814
vn -1.00018418 0.459892303 0.100125223
vn -0.911965549 0.381768674 0.123796999
vn -0.951416373 0.102020338 0.180808082
vn -0.260336161 -0.394597471 0.863325119
vn -0.573872924 -0.139380053 0.760136485
vn -0.22286211 -0.806988835 0.531224012
vn -0.260336161 -0.394597471 0.863325119
vn -0.22286211 -0.806988835 0.531224012
vn 0.360458404 -0.454643488 0.828128576
vn 0.362180173 0.0801909417 -0.934277356
vn 0.189228475 0.181924373 -0.960687041
vn -0.0596358888 0.116407521 -0.992275596
vn 0.929130912 0.364857614 -0.0491020158
vn 0.689633965 0.544690788 0.0131263407
vn 0.347141236 0.776338875 -0.350158274
vn 0.689248562 0.325587511 -0.614062011
vn 0.581403852 0.358230263 -0.733044505
vn 0.328414381 0.604283571 -0.622146189
vn 0.532631457 0.196886599 0.746003866
vn 0.750046074 0.389294744 0.549729228
vn 0.732490003 0.335237324 0.579892814
vn 0.766656816 -0.308196217 0.569841385
vn 0.536986589 -0.293280512 0.769935071
vn 0.500387609 -0.416605681 0.714657366
vn 0.477373391 -0.420900911 -0.728734374
vn 0.186181068 0.103404261 -0.956229448
vn 0.894396663 0.191931188 -0.433063179
vn 0.667829871 0.403488666 -0.644744635
vn 0.405357838 0.280471355 -0.85159266
vn 0.836373806 0.52896148 -0.159420624
vn -0.134581283 0.745870173 0.639138103
vn 0.201500148 0.766491055 0.609827161
vn -0.135311723 0.810737133 0.569557786
vn -0.134581283 0.745870173 0.639138103
vn -0.135311723 0.810737133 0.569557786
vn -0.501747429 0.409146219 0.743960977
vn -0.540336609 0.466554552 0.776290655
vn -0.67950803 0.293853134 0.66746527
vn 0.137917921 -0.0792219713 0.987270176
vn -0.67950803 0.293853134 0.66746527
vn -0.365807623 0.706882298 0.612392664
vn -0.607744873 0.627642572 0.478225052
vn -0.336346149 0.295917451 -0.905510545
vn -0.0339524522 0.477348149 -0.87406379
vn -0.095499441 0.259055465 -0.96038717
vn 0.0855169967 -0.683225214 -0.726896405
vn 0.651500523 -0.592254698 -0.317961991
vn 0.068132028 -0.856888056 -0.509177506
vn 0.31615901 -0.147435203 0.944456935
vn -0.0703037158 -0.237677097 0.968005717
vn -0.188912615 -0.418478459 0.887511194
vn -0.0703037158 -0.237677097 0.968005717
vn -0.330760181 -0.407450438 0.877719581
vn -0.188912615 -0.418478459 0.887511194
vn 0.221775442 0.272924542 0.943511784
vn 0.829699695 0.0641372055 0.57564044
vn 0.050048057 -0.114785738 0.875951529
vn 0.221775442 0.272924542 0.943511784
vn -0.690856218 0.326765329 0.595481277
vn 0.063850984 0.229848817 0.963093579
vn 0.802108705 0.493097842 -0.322165191
vn 0.815785706 0.40592292 -0.374319851
vn 0.854526281 0.323488384 -0.359578341
vn 0.429317594 0.265934438 0.858778536
vn 0.474980921 0.052024398 0.875574291
vn 0.680131614 -0.100921728 0.739335477
vn 0.630436778 0.364132553 0.689405859
vn 0.572250664 0.441089272 0.691573322
vn 0.381213784 0.391422004 0.835891068
vn -0.40124771 0.0221422501 0.909914672
vn 0.268500656 0.281381398 0.830418527
vn -0.478807598 0.650672853 0.512608409
vn 0.885121226 -0.475160986 -0.0824563354
vn 0.643453181 0.241464525 -0.653528869
vn 0.801287651 0.236946955 -0.491708368
vn 0.801287651 0.236946955 -0.491708368
vn 0.515802979 0.796559691 -0.29588896
vn 0.954369664 0.25130108 -0.177997261
vn -0.986232758 -0.0624190792 0.181922927
vn -0.872211576 0.266011178 0.373756915
vn -0.793079317 -0.00786776934 -0.617874682
vn -0.872211576 0.266011178 0.373756915
vn -0.986232758 -0.0624190792 0.181922927
vn -0.896344066 0.00703780353 0.447832018
vn -0.348462969 -0.28785646 -0.7600559
vn 0.795341313 -0.540136814 -0.0863989666
vn 0.240649566 -0.20425944 -0.608231485
vn -0.730602801 0.0132751502 0.476057231
vn 0.458624214 0.455235988 0.541294694
vn -0.903887749 0.454465002 0.0713589415
vn 0.854526281 0.323488384 -0.359578341
vn 0.483434945 0.744506896 -0.449978292
vn 0.654235959 0.593378663 -0.484092891
vn 0.483434945 0.744506896 -0.449978292
vn -0.0572363622 0.86015451 -0.529467881
vn 0.319920927 0.771915495 -0.531581581
vn 0.801287651 0.236946955 -0.491708368
vn 0.954369664 0.25130108 -0.177997261
vn 0.885121226 -0.475160986 -0.0824563354
vn 0.802922726 -0.482188255 -0.362527937
vn 0.951872885 -0.316855341 -0.182128966
vn 0.0384741873 0.558395088 -0.241578937
vn 0.030610675 0.845637023 -0.430140048
vn 0.52032721 0.351773143 -0.778148592
vn -0.163222283 -0.27892369 -0.935660005
vn -0.163222283 -0.27892369 -0.935660005
vn -0.192384839 0.548047841 -0.402959555
vn 0.030610675 0.845637023 -0.430140048
vn -0.280020118 0.774573803 -0.545954287
vn -0.287236661 0.667674124 -0.645696282
vn 0.0297761858 0.448090851 -0.849836946
vn -0.215833455 0.409372866 0.467499852
vn -0.736531913 0.3441073 0.579934299
vn -0.886197925 0.291339546 0.311012924
vn -0.651309013 0.508359671 0.430146933
vn -0.15063493 0.504065096 0.783523321
vn -0.886197925 0.291339546 0.311012924
vn -0.945991099 0.320008457 -0.118065469
vn -0.944119155 0.266362965 -0.0716792047
vn -0.981489599 0.243125573 -0.122150995
vn 0.445225269 0.840185285 -0.323099256
vn 0.0391544178 0.966370285 -0.242447227
vn 0.154307067 0.950553894 0.0961684808
vn -0.114002816 -0.217477202 -0.926004887
vn -0.288517207 -0.1104922 -0.838310063
vn 0.230934381 0.713595748 -0.73330158
vn -0.288517207 -0.1104922 -0.838310063
vn -0.114002816 -0.217477202 -0.926004887
vn -0.198422626 -0.628429651 -0.732239187
vn 0.813905358 0.518298805 -0.249002784
vn 0.794382691 0.568239689 -0.203685671
vn 0.555051565 0.551322401 -0.607339501
vn -0.651309013 0.508359671 0.430146933
vn -0.592972636 0.322346687 0.685062289
vn -0.593106866 0.514966428 0.585000277
vn -0.651309013 0.508359671 0.430146933
vn -0.863849342 0.300143152 0.362868965
vn -0.840215981 0.248092234 0.454285502
vn 0.49893108 0.76478231 0.103681773
vn 0.534217179 0.632452309 0.421121448
vn 0.43128255 0.875857711 0.204236463
vn 0.821493208 0.484877765 0.293823868
vn 0.799211323 0.469376177 0.405667394
vn 0.534217179 0.632452309 0.421121448
vn 0.572250664 0.441089272 0.691573322
vn 0.528576314 0.430021435 0.731840789
vn 0.381213784 0.391422004 0.835891068
vn 0.0840263143 -0.538615644 0.853233576
vn -0.0408773459 -0.547114253 0.845826566
vn -0.116912939 -0.922535062 0.397151649
vn -0.840215981 0.248092234 0.454285502
vn -0.872324765 0.0852792263 0.344566345
vn -0.634654701 0.536774635 0.476978302
vn -0.0701143965 -0.594125271 -0.81002605
vn -0.198422626 -0.628429651 -0.732239187
vn -0.114002816 -0.217477202 -0.926004887
vn -0.995264292 0.0208047591 -0.188994348
vn -0.989055455 -0.105251871 -0.147539422
vn -0.888301671 0.325402349 -0.238893509
vn 0.083396554 0.41617009 0.812478721
vn 0.479040384 0.248198956 0.748021305
vn 0.538113713 0.340525419 0.684939027
vn 0.083396554 0.41617009 0.812478721
vn -0.200225249 0.878772199 0.433208048
vn -0.29264304 0.846540511 0.444667488
vn -0.861357212 0.300935447 -0.335549414
vn -0.617140234 0.515563071 -0.59662056
vn -0.561107814 0.288099796 -0.777778327
vn -0.94479686 -0.0181202535 -0.314134508
vn -0.561107814 0.288099796 -0.777778327
vn -0.811457276 0.520542502 0.0919367373
vn 0.654235959 0.593378663 -0.484092891
vn 0.483434945 0.744506896 -0.449978292
vn 0.319920927 0.771915495 -0.531581581
vn 0.654235959 0.593378663 -0.484092891
vn 0.319920927 0.771915495 -0.531581581
vn 0.324564606 0.761433959 -0.550247014
vn 0.951872885 -0.316855341 -0.182128966
vn 0.865078866 -0.497880191 0.0226184186
vn 0.954369664 0.25130108 -0.177997261
vn 0.150327325 0.854466915 0.497280657
vn 0.171027303 0.502772927 0.725344598
vn 0.40660584 0.228310227 0.818263233
vn 0.647868037 0.652890086 0.392430216
vn 0.91198051 0.389508754 0.153040797
vn 0.950618923 0.180090874 0.278311372
vn -0.0572363622 0.86015451 -0.529467881
vn 0.370472431 0.824032903 -0.242730662
vn 0.318216741 0.41119349 -0.785269737
vn 0.0265669115 0.193961412 -0.9740417
vn 0.318216741 0.41119349 -0.785269737
vn 0.249807134 0.279253781 -0.815716863
vn 0.651500523 -0.592254698 -0.317961991
vn 0.557314456 -0.544552207 -0.585494161
vn 0.992939353 0.0726074502 -0.126996428
vn 0.760228932 -0.135512248 -0.555211484
vn 0.978272378 0.120710261 -0.171520516
vn 0.992939353 0.0726074502 -0.126996428
vn -0.629639864 0.328207731 0.70213294
vn -0.495775878 0.418696672 0.721179485
vn -0.840215981 0.248092234 0.454285502
vn 0.423505694 0.623766065 0.673891783
vn -0.495775878 0.418696672 0.721179485
vn -0.200622305 0.42298767 0.875477016
vn 0.0906637907 0.916893125 -0.408574462
vn 0.187436208 0.888371289 -0.415728509
vn 0.250576168 0.827582836 -0.504012883
vn 0.57112962 0.211291 0.79352504
vn 0.419778943 -0.207783729 0.846733153
vn 0.758957088 0.311129063 0.558765411
vn 0.569872141 0.237368464 -0.760715663
vn 0.318216741 0.41119349 -0.785269737
vn 0.0265669115 0.193961412 -0.9740417
vn 0.569872141 0.237368464 -0.760715663
vn 0.0265669115 0.193961412 -0.9740417
vn 0.0997648984 0.483546406 -0.86961484
vn -0.0461662561 0.746577561 -0.454412431
vn 0.257689089 0.592070043 -0.468386769
vn -0.54476577 0.0905110985 -0.840723038
vn 0.172367439 0.719541609 -0.667734563
vn 0.257689089 0.592070043 -0.468386769
vn -0.0461662561 0.746577561 -0.454412431
vn 0.709853172 0.657211542 0.245911732
vn 0.623625994 0.724885166 0.0642960221
vn 0.600366354 0.701268137 0.390115321
vn -0.132399455 0.808804989 0.511414945
vn -0.381715864 0.699385524 0.57975924
vn -0.398122579 0.856477857 0.328548431
vn 0.123287827 -0.0501546487 0.977721512
vn 0.180053487 0.0747111365 0.983805418
vn 0.250942498 0.0824766979 0.965385795
vn -0.709386528 0.671229005 -0.204362363
vn -0.769274294 0.595145762 -0.0707065016
vn -0.607132912 0.767728627 0.110892758
vn -0.709386528 0.671229005 -0.204362363
vn -0.607132912 0.767728627 0.110892758
vn -0.469656527 0.880874217 -0.0990604535
vn -0.889518738 0.451061815 0.0727987513
vn -0.679233968 0.195034251 -0.599832654
vn -0.717045784 0.423906982 0.545353174
vn -0.271477878 0.0126115503 -0.956114233
vn -0.76271528 0.0225283001 -0.0428240374
vn -0.679233968 0.195034251 -0.599832654
vn 0.794869363 0.610872686 -0.0728393644
vn 0.727859676 0.49802196 0.458522707
vn 0.80407846 0.474430174 -0.330871701
vn -0.188524395 0.476372242 0.829936683
vn 0.0590183586 0.977263808 0.21285966
vn -0.172270924 0.609272242 0.686028123
vn 0.157421753 0.925382793 0.340420812
vn 0.0590183586 0.977263808 0.21285966
vn 0.0908948034 0.797226965 0.606810212
vn -0.612596273 -0.13572906 -0.790153563
vn 0.240649566 -0.20425944 -0.608231485
vn -0.15424116 0.478474796 -0.887398899
vn -0.150234774 -0.0613134876 -0.991811931
vn 0.431863785 0.603029847 -0.351376355
vn 0.18093282 0.757778227 -0.337142467
vn -0.23198016 0.487141281 0.832828999
vn -0.381715864 0.699385524 0.57975924
vn -0.146377429 0.535739839 0.850907385
vn -0.277739882 -0.566422462 0.764272153
vn -0.381267846 0.259557575 0.835193694
vn -0.611027002 0.532042682 0.585110664
vn -0.40148133 -0.0323031917 -0.85420078
vn -0.669351578 -0.00609159982 -0.742920756
vn -0.565109015 0.199599758 -0.76369679
vn -0.388234973 0.506307721 -0.767147481
vn -0.802402914 0.21687521 -0.554175556
vn -0.40148133 -0.0323031917 -0.85420078
vn 0.770354033 0.569846094 -0.264819592
vn 0.0942112282 0.654708922 -0.726701736
vn 0.713847637 0.694405437 0.0906786174
vn 0.770354033 0.569846094 -0.264819592
vn 0.847948372 0.484593809 0.264196187
vn 0.919771433 0.475078464 -0.191850945
vn -0.806779087 0.267971396 0.526591778
vn -0.99838382 0.0776378736 -0.035394419
vn -0.980935395 -0.0690757632 -0.00715260161
vn 0.976767123 0.162591502 0.0709527284
vn 0.699348211 0.299958497 0.127184868
vn 0.0384741873 0.558395088 -0.241578937
vn 0.308828801 0.906105518 0.11016231
vn 0.699348211 0.299958497 0.127184868
vn -0.239570573 0.977061808 0.163749948
vn 0.398208708 0.46953544 -0.781726122
vn 0.546563685 0.595740616 -0.589932799
vn 0.320561826 0.212358251 -0.918344378
vn -0.456616014 0.0526616536 -0.889523327
vn -0.397223264 0.273587793 -0.85480541
vn -0.624902666 0.46833393 -0.585119426
vn -0.397223264 0.273587793 -0.85480541
vn -0.259739518 -0.0806326047 -0.973660052
vn -0.231324986 -0.251552045 -0.942851603
vn 0.890621901 0.312129796 -0.330707699
vn 0.946353018 0.0934010074 -0.30934146
vn 0.747638583 0.326067746 -0.418205202
vn 0.747638583 0.326067746 -0.418205202
vn 0.622164845 0.711566389 -0.297114253
vn 0.890621901 0.312129796 -0.330707699
vn -0.62927562 0.443475068 -0.641969204
vn -0.582966685 0.573282778 -0.578944266
vn -0.141244307 0.257068962 -0.890521109
vn 0.795828402 0.451770991 0.407180011
vn 0.666517258 0.467191041 0.553826392
vn 0.698337018 0.403693467 0.56209296
vn -0.448945463 0.440149814 0.771755159
vn -0.661916256 0.397766173 0.633332789
vn -0.547198772 0.483002216 0.681148052
vn -0.365807623 0.706882298 0.612392664
vn -0.547198772 0.483002216 0.681148052
vn -0.607744873 0.627642572 0.478225052
vn 0.622164845 0.711566389 -0.297114253
vn 0.819890678 0.430583924 -0.259229898
vn 0.769995928 0.453514129 -0.354137093
vn 0.924757779 0.132233948 -0.368874043
vn 0.320442528 0.0743820742 -0.793391883
vn 0.520571589 -0.280752331 -0.712269723
vn 0.0977090448 0.54578048 0.812106967
vn 0.0674666911 0.526313066 0.83599472
vn 0.092144534 0.511409938 0.787224591
vn 0.092144534 0.511409938 0.787224591
vn 0.225997195 0.8046 0.549130261
vn 0.0959627256 0.398351401 0.90730387
vn 0.587149799 0.492140681 0.614106238
vn 0.403731525 0.654893219 0.635802567
vn 0.586115658 0.636960745 0.462424189
vn 0.618719757 -0.240933195 -0.746533334
vn 0.519853592 -0.0834097415 -0.831948757
vn 0.628652751 0.166984186 -0.799246967
vn 0.290785015 0.262895018 -0.733701229
vn 0.671789706 0.450724244 -0.521850228
vn 0.721582651 0.527775049 -0.357811272
vn 0.721582651 0.527775049 -0.357811272
vn 0.507089317 0.588772237 -0.624273419
vn 0.0790914968 0.242679954 -0.596903682
vn 0.83981967 -0.362267613 -0.384581774
vn 0.498138428 -0.346163154 -0.657504022
vn -0.454590619 -0.253314286 -0.456067085
vn -0.966857195 0.223212615 -0.0416621231
vn -0.875104964 0.487847537 0.00633797469
vn -0.685556591 -0.267350465 0.542251289
vn -0.875104964 0.487847537 0.00633797469
vn -0.618842185 0.254496098 0.516614854
vn -0.685556591 -0.267350465 0.542251289
vn -0.0474320874 1.0226208 -0.100205243
vn -0.54480648 0.825833261 0.116664842
vn 0.080859378 0.922307074 0.393824965
vn 0.618719757 -0.240933195 -0.746533334
vn -0.126030117 -0.43916443 -0.901275694
vn -0.46094957 0.105287805 -0.886771798
vn -0.0474320874 1.0226208 -0.100205243
vn -0.53606379 0.232987002 -0.831104577
vn -0.54480648 0.825833261 0.116664842
vn 0.0227483567 -0.0744971931 -0.722373962
vn 0.0533402152 0.511970997 -0.738455713
vn -0.54476577 0.0905110985 -0.840723038
vn 0.2177995 0.258282542 0.946269631
vn -0.200622305 0.42298767 0.875477016
vn -0.0579982735 0.172922 0.976553559
vn -0.0579982735 0.172922 0.976553559
vn 0.593072712 -0.00954495929 0.816947162
vn 0.2177995 0.258282542 0.946269631
vn 0.7967031 -0.0525417998 0.60208261
vn 0.576905787 0.0981631726 0.800310612
vn 0.794947207 0.0139003433 0.607085586
vn 0.282560915 0.467662841 0.816985965
vn 0.576905787 0.0981631726 0.800310612
vn 0.835668325 0.393924296 0.388705045
vn 0.31615901 -0.147435203 0.944456935
vn -0.0772953033 -0.454077542 0.887785017
vn 0.419778943 -0.207783729 0.846733153
vn 0.919680119 0.264353454 0.383409828
vn 0.758957088 0.311129063 0.558765411
vn 0.419778943 -0.207783729 0.846733153
vn 0.0127454344 0.990437388 -0.060132876
vn 0.68724978 0.471286982 0.11371436
vn 0.030610675 0.845637023 -0.430140048
vn 0.735652268 -0.509999454 0.543097436
vn 0.798201859 -0.428115696 0.423781484
vn 0.871240318 -0.485284388 0.0737514868
vn 0.417837828 -0.139843702 0.841496766
vn 0.430504352 -0.0955177397 0.718599677
vn 0.319550723 0.0319531746 0.938644052
vn -0.826912105 0.51450187 -0.233400583
vn -0.661119521 0.715651333 -0.145672143
vn -0.519351661 0.84075284 -0.0830834061
vn 0.919721544 0.238641307 0.0287925601
vn 0.0676692799 0.905024767 0.0490902252
vn 0.767947197 -0.121010639 0.601417601
vn -0.268373519 0.662474155 -0.738781989
vn -0.480061024 0.704554081 -0.493189961
vn -0.249453261 0.962587297 -0.151170686
vn 0.239087135 -0.123178139 0.930339098
vn 0.878142178 -0.269437462 0.428286403
vn 0.785014093 -0.0463137962 0.645273626
vn 0.859462738 -0.318047911 -0.405942202
vn 0.819065452 -0.560232103 -0.0915596485
vn 0.92523402 -0.344303876 -0.157830179
vn 0.993616462 -0.0807776526 -0.0787492692
vn 0.937863469 -0.317014933 -0.0895978436
vn 0.819065452 -0.560232103 -0.0915596485
vn 0.0272252634 0.264634341 -0.968993366
vn -0.0871500745 0.358181715 -0.914234698
vn 0.086881794 0.40208751 -0.912330627
vn 0.547013819 0.0337679312 0.64039278
vn 0.863473892 -0.376771331 0.370623231
vn 0.482140601 -0.288829297 0.657471716
vn 0.854132473 0.0809378102 -0.206251174
vn 0.767947197 -0.121010639 0.601417601
vn 0.863473892 -0.376771331 0.370623231
vn 0.269412875 0.745358825 -0.563044071
vn -0.249453261 0.962587297 -0.151170686
vn -0.0951548517 0.835373759 -0.436065644
vn 0.050048057 -0.114785738 0.875951529
vn -0.743928075 0.191505432 0.530464709
vn 0.221775442 0.272924542 0.943511784
vn 0.050048057 -0.114785738 0.875951529
vn -0.621443391 0.0179369133 0.781738043
vn -0.743928075 0.191505432 0.530464709
vn -0.542282641 -0.399610609 0.55453819
vn -0.550531566 -0.0169558786 0.799687803
vn -0.618842185 0.254496098 0.516614854
vn 0.531584084 0.413677365 0.721526802
vn 0.516417503 0.677077115 0.517168403
vn 0.248498932 0.478015095 0.835089326
vn 0.717360854 0.400330186 0.336717695
vn 0.463496506 -0.0348074175 0.515812933
vn 0.248498932 0.478015095 0.835089326
vn 0.178315073 0.442934573 -0.782377422
vn 0.0239764769 0.0989420712 -1.0032115
vn 0.541450202 0.065712586 -0.596823454
vn 0.965725303 0.198907584 -0.205380574
vn 0.178315073 0.442934573 -0.782377422
vn 0.541450202 0.065712586 -0.596823454
vn 0.721582651 0.527775049 -0.357811272
vn 0.671789706 0.450724244 -0.521850228
vn 0.507089317 0.588772237 -0.624273419
vn -0.38063094 0.483093947 0.777246475
vn 0.221775442 0.272924542 0.943511784
vn 0.151414379 0.633979917 0.76554358
vn 0.221775442 0.272924542 0.943511784
vn -0.38063094 0.483093947 0.777246475
vn -0.690856218 0.326765329 0.595481277
vn 0.430504352 -0.0955177397 0.718599677
vn 0.417837828 -0.139843702 0.841496766
vn 0.725447536 -0.168340653 0.680034161
vn 0.286546141 -0.370404899 0.767790556
vn 0.0889612511 -0.237954006 0.811967909
vn 0.655434668 -0.110245965 0.747162163
vn 0.40185076 -0.275629759 0.6142084
vn -0.0884206071 0.163189396 1.00348949
vn 0.463496506 -0.0348074175 0.515812933
vn 0.40185076 -0.275629759 0.6142084
vn 0.463496506 -0.0348074175 0.515812933
vn 0.962949753 -0.196750253 0.0463938043
vn -0.694449008 0.616371572 0.307752967
vn 0.252432138 0.835716784 0.106893845
vn -0.455414444 0.220892102 0.793213785
vn 0.172367439 0.719541609 -0.667734563
vn 0.721582651 0.527775049 -0.357811272
vn 0.257689089 0.592070043 -0.468386769
vn -0.175791487 0.285041004 -0.966516078
vn 0.172367439 0.719541609 -0.667734563
vn 0.024166679 0.158137023 -0.979896307
vn 0.573268473 0.677029014 -0.217560351
vn 0.297352076 0.918521941 0.270252347
vn 0.78676331 0.584910929 0.19084166
vn 0.938394547 0.327844858 0.109240182
vn 0.78676331 0.584910929 0.19084166
vn 0.943227351 0.320367366 0.134067878
vn 0.699348211 0.299958497 0.127184868
vn 0.698337018 0.403693467 0.56209296
vn 0.717360854 0.400330186 0.336717695
vn -0.805645645 0.529852092 0.222986594
vn -0.646644413 0.746828973 0.15223822
vn -0.725067139 0.580566347 0.360980541
vn -0.569871247 0.722591937 -0.376281679
vn -0.302027434 0.294936895 -0.835453928
vn -0.580940187 0.682237566 -0.339180231
vn -0.302027434 0.294936895 -0.835453928
vn -0.351259053 0.278077275 -0.838495135
vn -0.580940187 0.682237566 -0.339180231
vn -0.0306176804 0.51703155 0.838111699
vn 0.0475492515 0.487181783 0.88797015
vn 0.0456510596 0.893752992 0.422652245
vn 0.47526139 0.468523026 0.771160185
vn 0.132166773 0.685532808 0.716020823
vn 0.0475492515 0.487181783 0.88797015
vn 0.718477905 0.617784858 0.319580019
vn 0.479040384 0.248198956 0.748021305
vn -0.0308019426 0.462220818 0.857001066
vn -0.799931288 0.0223672576 0.592090309
vn -0.857324779 0.343338609 0.0476268567
vn -0.687945724 0.493023425 0.541587234
vn -0.742643952 0.556405485 0.397016823
vn -0.811457276 0.520542502 0.0919367373
vn -0.810136855 0.56107825 0.130960852
vn -0.110449821 -0.838300586 -0.506856143
vn -0.0640228093 -0.875880957 -0.359074503
vn 0.56465435 -0.574593902 -0.602345288
vn -0.889787614 0.234063447 0.238956913
vn -0.725067139 0.580566347 0.360980541
vn -0.646644413 0.746828973 0.15223822
vn -0.906147361 0.418886155 0.0516668074
vn -0.643998802 0.575683594 0.494335204
vn -0.791861892 0.595196247 0.119030632
vn -0.157795921 0.877057731 0.438182056
vn 0.0456335321 0.97019738 0.240558848
vn 0.0456510596 0.893752992 0.422652245
vn 0.459431589 0.759914935 0.474455595
vn 0.761109531 0.551342487 0.33594811
vn 0.78676331 0.584910929 0.19084166
vn 0.241290256 0.759820044 0.597821295
vn 0.384164363 0.746808529 0.540056825
vn 0.212533444 0.794193625 0.569625437
vn 0.0389741175 -0.586809218 -0.723182201
vn -0.110449821 -0.838300586 -0.506856143
vn 0.56465435 -0.574593902 -0.602345288
vn 0.0389741175 -0.586809218 -0.723182201
vn -0.118877672 -0.511998892 -0.850720465
vn -0.110449821 -0.838300586 -0.506856143
vn -0.381436646 0.254464895 0.888680875
vn -0.687945724 0.493023425 0.541587234
vn -0.425711721 0.304574966 0.838645339
vn -0.789304137 0.527686834 0.189578623
vn -0.881978333 0.420851022 -0.168845296
vn -0.887608945 0.349472672 -0.316673994
vn 0.398208708 0.46953544 -0.781726122
vn 0.156658188 0.714401841 -0.669331789
vn 0.516386926 0.765846729 -0.431829393
vn 0.156658188 0.714401841 -0.669331789
vn 0.178315073 0.442934573 -0.782377422
vn 0.153473839 0.853179574 -0.487104803
vn -0.206631824 0.896472275 0.169343099
vn -0.640400827 0.58551085 0.534227431
vn -0.553937972 0.704969645 0.278598517
vn -0.640400827 0.58551085 0.534227431
vn -0.503221691 0.890646577 -0.0956226736
vn -0.833438933 0.52221334 -0.135692731
vn -0.881978333 0.420851022 -0.168845296
vn -0.789304137 0.527686834 0.189578623
vn -0.881934762 0.422147572 0.213052586
vn -0.881978333 0.420851022 -0.168845296
vn -0.881934762 0.422147572 0.213052586
vn -0.572041392 0.824577987 0.064285554
vn -0.340802103 0.381102741 -0.65569073
vn -0.141244307 0.257068962 -0.890521109
vn -0.354970664 0.155617014 -0.891428471
vn -0.567359626 0.767238021 0.0722114667
vn -0.233357772 0.957538962 0.2033557
vn -0.340802103 0.381102741 -0.65569073
vn -0.308623433 -0.146593109 0.946325302
vn -0.768626273 -0.0177691504 0.501978993
vn -0.542122841 0.0339650139 0.768150687
vn 0.181457132 0.306900114 0.943542063
vn 0.504529774 0.205506563 0.815844297
vn 0.349373996 -0.00409115152 0.933241308
vn 0.504529774 0.205506563 0.815844297
vn 0.670100152 0.0155736562 0.646900654
vn 0.349373996 -0.00409115152 0.933241308
vn -0.690708041 0.596256495 0.0883838236
vn 0.567339122 0.617735624 0.525554538
vn -0.0115052303 0.437793672 0.907522082
vn -0.145519301 0.233387813 0.96143347
vn -0.0968398303 0.0448867977 0.994391143
vn -0.640025258 0.1285166 0.495783925
vn -0.53606379 0.232987002 -0.831104577
vn -0.1345319 0.643642008 -0.72655499
vn -0.731011689 -0.0549249873 -0.725834489
vn 0.569872141 0.237368464 -0.760715663
vn 0.839999914 0.287560314 -0.442503124
vn 0.393414438 0.593802035 -0.617125809
vn -0.951416373 0.102020338 0.180808082
vn -0.911965549 0.381768674 0.123796999
vn -0.963243663 0.0324562527 0.148293719
vn -0.951416373 0.102020338 0.180808082
vn -0.963243663 0.0324562527 0.148293719
vn -0.913660467 -0.108377852 0.386207998
vn -0.805258632 0.376098841 -0.358065486
vn -0.939701378 0.27376014 -0.20452483
vn -0.840998888 0.331827581 -0.442083538
vn 0.308828801 0.906105518 0.11016231
vn -0.245259017 0.893394291 -0.378330529
vn 0.0384741873 0.558395088 -0.241578937
vn 0.878489554 -0.447636127 -0.189855963
vn 0.266440451 -0.634542942 -0.693791628
vn 0.185247034 0.20277907 -0.834156334
vn 0.133692175 0.171860248 -0.888654351
vn 0.266440451 -0.634542942 -0.693791628
vn 0.336432874 0.195921898 -0.892445445
vn -0.141188964 0.218672067 0.965530038
vn -0.124670908 0.265599161 0.968109012
vn -0.0336746275 0.42791149 0.896813691
vn -0.0992124751 -0.64311564 0.705824673
vn -0.22286211 -0.806988835 0.531224012
vn -0.633040488 -0.474348068 0.444653958
vn -0.271484733 0.531927526 -0.792922676
vn -0.3643305 0.50327909 -0.77596879
vn -0.193950698 0.624287963 -0.753998101
vn -0.271484733 0.531927526 -0.792922676
vn -0.466352642 -0.152707249 -0.871318281
vn -0.3643305 0.50327909 -0.77596879
vn -0.525606394 0.168084681 -0.833512962
vn -0.397223264 0.273587793 -0.85480541
vn -0.231324986 -0.251552045 -0.942851603
vn -0.611027002 0.532042682 0.585110664
vn -0.410605639 0.768892229 0.419123709
vn -0.804104686 0.438473642 0.37890324
vn -0.950762808 0.113822371 -0.253526419
vn -0.983030438 0.196364179 -0.137179628
vn -0.46094957 0.105287805 -0.886771798
vn -0.810121894 0.499206245 -0.311657995
vn -0.75528264 0.321430594 -0.510023475
vn -0.061255943 0.418097734 -0.874559879
vn -0.387531698 0.855983436 0.334733903
vn -0.778523624 0.590002477 0.0811142623
vn -0.61793083 0.642690659 0.454762757
vn 0.866239488 -0.359797508 0.332972616
vn 0.753774047 -0.302603006 0.559277833
vn 0.870912135 -0.230703518 0.433921576
vn 0.137349933 -0.705257356 0.626641154
vn 0.0678391531 -0.746241808 0.623420596
vn 0.753774047 -0.302603006 0.559277833
vn 0.18093282 0.757778227 -0.337142467
vn 0.211080939 0.879616916 -0.427533358
vn 0.10757 0.939792156 -0.244702294
vn -0.282457709 0.85838747 -0.436745733
vn 0.10757 0.939792156 -0.244702294
vn 0.211080939 0.879616916 -0.427533358
vn 0.500387609 -0.416605681 0.714657366
vn 0.634756923 -0.473330766 0.623415947
vn -0.20450066 0.395712197 0.903164923
vn 0.695354879 0.226187378 0.643773258
vn -0.00785481557 0.643564343 0.773415744
vn -0.20450066 0.395712197 0.903164923
vn -0.135311723 0.810737133 0.569557786
vn 0.0956963673 0.612276256 0.60060668
vn -0.501747429 0.409146219 0.743960977
vn 0.978190362 -0.179822385 -0.00878633652
vn 0.89782995 -0.18690668 0.417517394
vn 0.793777704 0.33964926 0.3537651
vn 0.405357838 0.280471355 -0.85159266
vn 0.885481954 0.191613868 -0.380021989
vn 0.836373806 0.52896148 -0.159420624
vn 0.405357838 0.280471355 -0.85159266
vn 0.844028413 0.145968854 -0.494083494
vn 0.885481954 0.191613868 -0.380021989
vn -0.387531698 0.855983436 0.334733903
vn -0.494603723 0.580669701 0.605658889
vn -0.178560778 0.951488733 0.171108156
vn -0.591231942 0.375797778 0.259538174
vn -0.903947353 0.413423866 0.0903222561
vn -0.28641066 0.602516592 0.226811245
vn -0.840215981 0.248092234 0.454285502
vn -0.903947353 0.413423866 0.0903222561
vn -0.591231942 0.375797778 0.259538174
vn -0.0412320308 0.349559665 0.92296046
vn 0.165805519 0.709145367 0.692933142
vn -0.41732347 0.316690147 0.774585724
vn 0.165805519 0.709145367 0.692933142
vn 0.146117613 0.783931434 0.599735737
vn -0.134581283 0.745870173 0.639138103
vn -0.760533631 -0.307724416 0.50651139
vn -0.384795338 -0.167134866 0.875614345
vn 0.123287827 -0.0501546487 0.977721512
vn -0.760533631 -0.307724416 0.50651139
vn -0.68487829 -0.37166065 0.407138526
vn -0.918695688 -0.330367982 0.216460556
vn -0.826912105 0.51450187 -0.233400583
vn -0.519351661 0.84075284 -0.0830834061
vn -0.712443292 0.0505968146 0.68633604
vn -0.161612734 -0.576963305 -0.808955431
vn -0.275696665 -0.602439463 -0.750869334
vn -0.16796945 -0.168292075 -0.986239433
vn 0.520571589 -0.280752331 -0.712269723
vn 0.13419655 -0.596746266 -0.768172622
vn 0.179563969 -0.7474612 -0.618214965
vn 0.520571589 -0.280752331 -0.712269723
vn 0.179563969 -0.7474612 -0.618214965
vn 0.418293566 -0.698225975 -0.461023539
vn 0.948629141 -0.238345116 -0.194084346
vn 0.937863469 -0.317014933 -0.0895978436
vn 0.993616462 -0.0807776526 -0.0787492692
vn 0.676237702 -0.723871589 -0.0608573519
vn 0.809723377 -0.490545243 -0.195019931
vn 0.946628392 -0.300398111 -0.0855880529
vn -0.484336495 -0.623120964 0.590444803
vn -0.383833051 -0.54333806 0.751660883
vn -0.43223846 -0.34635663 0.824298322
vn 0.0901567787 0.793083966 0.560401499
vn 0.18014805 0.605810225 0.735286117
vn 0.43128255 0.875857711 0.204236463
vn 0.18014805 0.605810225 0.735286117
vn 0.161664233 0.735335648 0.658138335
vn 0.398154616 0.548987865 0.605592251
vn 0.328414381 0.604283571 -0.622146189
vn 0.581403852 0.358230263 -0.733044505
vn 0.597909808 0.620204687 -0.36119014
vn 0.597909808 0.620204687 -0.36119014
vn 0.324564606 0.761433959 -0.550247014
vn 0.328414381 0.604283571 -0.622146189
vn -0.76271528 0.0225283001 -0.0428240374
vn -0.954351008 -0.180428743 0.29837361
vn -0.802380979 -0.0656973422 0.621023238
vn 0.106230013 0.294951409 0.886176169
vn -0.398627579 0.301041007 0.622889578
vn 0.00824451819 0.448455662 0.884621918
vn -0.07187929 -0.696531773 0.693406761
vn -0.057037387 -0.548027515 0.806992888
vn -0.341054052 -0.736127675 0.579083502
vn -0.840845048 -0.138315216 -0.523305297
vn -0.892153323 -0.172312647 -0.437993765
vn -0.855927289 -0.255160421 -0.449757367
vn 0.211064488 0.686448216 -0.621677041
vn 0.525716782 0.121583678 -0.660393059
vn 0.267973542 -0.44015339 -0.776827753
vn -0.607744873 0.627642572 0.478225052
vn -0.73159337 0.315905184 0.595449805
vn -0.753315151 0.483293444 0.380606353
vn -0.607744873 0.627642572 0.478225052
vn -0.547198772 0.483002216 0.681148052
vn -0.73159337 0.315905184 0.595449805
vn -0.688674569 -0.449892849 0.556423604
vn -0.472941428 0.163653791 0.610437989
vn -0.488426566 -0.16034928 0.617447138
vn -0.224289209 0.568672001 0.755181193
vn -0.488426566 -0.16034928 0.617447138
vn -0.472941428 0.163653791 0.610437989
vn -0.287236661 0.667674124 -0.645696282
vn -0.60788542 0.712393284 -0.307155907
vn -0.494727403 0.393986583 -0.663662553
vn 0.341237426 0.31631434 -0.839389324
vn 0.924757779 0.132233948 -0.368874043
vn 0.852030575 -0.405215204 -0.332749218
vn 0.529154062 0.340458989 -0.769245148
vn 0.671789706 0.450724244 -0.521850228
vn 0.924757779 0.132233948 -0.368874043
vn -0.484336495 -0.623120964 0.590444803
vn 0.0398241654 -0.490494609 0.860988379
vn -0.383833051 -0.54333806 0.751660883
vn -0.383833051 -0.54333806 0.751660883
vn 0.0398241654 -0.490494609 0.860988379
vn -0.43223846 -0.34635663 0.824298322
vn -0.981489599 0.243125573 -0.122150995
vn -0.50535351 0.717496753 -0.287726223
vn -0.585537672 0.43989566 0.226191178
vn -0.50535351 0.717496753 -0.287726223
vn -0.981489599 0.243125573 -0.122150995
vn -0.995264292 0.0208047591 -0.188994348
vn 0.179563969 -0.7474612 -0.618214965
vn 0.13419655 -0.596746266 -0.768172622
vn 0.267973542 -0.44015339 -0.776827753
vn 0.267973542 -0.44015339 -0.776827753
vn -0.332674384 -0.540739238 -0.770693421
vn 0.211064488 0.686448216 -0.621677041
vn -0.118474595 0.801799834 0.590951383
vn -0.263186425 0.733246446 0.634138644
vn -0.144093916 0.875682771 0.477444738
vn -0.263186425 0.733246446 0.634138644
vn -0.417077959 0.184457004 0.847892225
vn -0.0686775222 0.571216822 0.826306462
vn 0.466007739 0.424714625 0.786864638
vn -0.00785481557 0.643564343 0.773415744
vn 0.695354879 0.226187378 0.643773258
vn -0.113671429 0.281221658 0.958002031
vn 0.466007739 0.424714625 0.786864638
vn -0.0219205711 -0.103889175 0.984951317
vn -0.367568731 0.451376915 -0.818708122
vn -0.211862504 0.563367307 -0.795476198
vn -0.136325568 0.495523393 -0.854342222
vn -0.287637472 0.827256024 0.397971421
vn -0.572041392 0.824577987 0.064285554
vn -0.667680204 0.656687796 0.2791107
vn -0.678648591 -0.367853582 -0.596159995
vn -0.329083979 0.312721193 -0.897428751
vn -0.344684154 -0.18311578 -0.920685351
vn 0.477373391 -0.420900911 -0.728734374
vn 0.894396663 0.191931188 -0.433063179
vn 0.940236092 -0.0473446585 -0.397296578
vn 0.940236092 -0.0473446585 -0.397296578
vn 0.894396663 0.191931188 -0.433063179
vn 0.651535988 0.366289139 -0.615226269
vn -0.521475017 0.755225003 -0.405931175
vn -0.280020118 0.774573803 -0.545954287
vn 0.0297761858 0.448090851 -0.849836946
vn 0.788490593 0.465374321 -0.40327239
vn 0.483434945 0.744506896 -0.449978292
vn 0.854526281 0.323488384 -0.359578341
vn -0.454590619 -0.253314286 -0.456067085
vn -0.781251669 0.402119488 -0.405223876
vn -0.979711413 0.141092241 -0.173599273
vn -0.51319015 -0.352669001 0.780260146
vn -0.685556591 -0.267350465 0.542251289
vn -0.550531566 -0.0169558786 0.799687803
vn -0.685556591 -0.267350465 0.542251289
vn -0.51319015 -0.352669001 0.780260146
vn 0.286546141 -0.370404899 0.767790556
vn -0.144093916 0.875682771 0.477444738
vn 0.331959635 0.566636443 0.727620006
vn -0.118474595 0.801799834 0.590951383
vn 0.331959635 0.566636443 0.727620006
vn 0.132166773 0.685532808 0.716020823
vn 0.47526139 0.468523026 0.771160185
vn 0.885121226 -0.475160986 -0.0824563354
vn 0.954369664 0.25130108 -0.177997261
vn 0.865078866 -0.497880191 0.0226184186
vn 0.865078866 -0.497880191 0.0226184186
vn 0.646277249 -0.768726945 0.125701159
vn 0.885121226 -0.475160986 -0.0824563354
vn 0.0279043093 0.320801347 -0.950008631
vn 0.585101843 -0.0142238224 -0.78183347
vn -0.0908237994 0.274563611 -0.955530584
vn -0.348462969 -0.28785646 -0.7600559
vn -0.192384839 0.548047841 -0.402959555
vn -0.163222283 -0.27892369 -0.935660005
vn 0.795341313 -0.540136814 -0.0863989666
vn -0.348462969 -0.28785646 -0.7600559
vn -0.163222283 -0.27892369 -0.935660005
vn -0.979711413 0.141092241 -0.173599273
vn 0.00630146498 0.0926670209 -0.475770026
vn -0.454590619 -0.253314286 -0.456067085
vn 0.919771433 0.475078464 -0.191850945
vn 0.49893108 0.76478231 0.103681773
vn 0.855809331 0.513160348 0.0652452037
vn 0.740084231 0.270329297 -0.628070593
vn 0.86358577 0.434499949 -0.284350872
vn 0.0227483567 -0.0744971931 -0.722373962
vn 0.585444391 0.703471184 -0.236846536
vn 0.726326227 0.654327989 -0.157914534
vn 0.149582624 0.847760916 -0.522711515
vn 0.726326227 0.654327989 -0.157914534
vn 0.515802979 0.796559691 -0.29588896
vn 0.0906637907 0.916893125 -0.408574462
vn -0.312875181 -0.433817744 0.850282192
vn -0.651695848 0.276785433 0.620038271
vn -0.28641066 0.602516592 0.226811245
vn 0.180075958 -0.132775977 0.966067731
vn -0.34080708 0.0170738492 0.933601141
vn -0.180691734 -0.299563646 0.93680948
vn 0.101145104 0.112829626 -0.978354216
vn 0.186181068 0.103404261 -0.956229448
vn -0.483949542 -0.0517133027 -0.889555156
vn 0.101145104 0.112829626 -0.978354216
vn 0.405357838 0.280471355 -0.85159266
vn 0.667829871 0.403488666 -0.644744635
vn -0.699189365 0.504892945 -0.45646897
vn -0.779087007 0.614506364 -0.0723951682
vn -0.817213833 0.433440208 -0.325465769
vn -0.801261067 -0.132032707 -0.583564997
vn -0.793079317 -0.00786776934 -0.617874682
vn -0.526667953 -0.0939516798 -0.851463079
vn -0.592972636 0.322346687 0.685062289
vn -0.546391547 0.468697399 0.665809691
vn -0.593106866 0.514966428 0.585000277
vn -0.651309013 0.508359671 0.430146933
vn -0.593106866 0.514966428 0.585000277
vn -0.863849342 0.300143152 0.362868965
vn 0.788325727 -0.193848565 0.556454718
vn 0.634756923 -0.473330766 0.623415947
vn 0.536986589 -0.293280512 0.769935071
vn 0.514089227 -0.327158183 0.798397839
vn 0.0850887895 0.0285604764 0.98925966
vn 0.180075958 -0.132775977 0.966067731
vn 0.276146263 0.377822459 -0.883738339
vn 0.133692175 0.171860248 -0.888654351
vn 0.185673997 0.28576088 -0.936812282
vn 0.185673997 0.28576088 -0.936812282
vn -0.0414968692 0.391099393 -0.92195338
vn 0.0225981455 0.176547989 -0.974900305
vn -0.550531566 -0.0169558786 0.799687803
vn -0.868598521 0.16537106 0.432514608
vn -0.546391547 0.468697399 0.665809691
vn -0.593106866 0.514966428 0.585000277
vn -0.546391547 0.468697399 0.665809691
vn -0.863849342 0.300143152 0.362868965
vn 0.00190773804 -0.659383416 0.690042138
vn 0.0398241654 -0.490494609 0.860988379
vn 0.136984438 -0.401634187 0.918790638
vn 0.601012647 0.154149041 0.716720402
vn -0.341849566 -0.296879053 0.878849804
vn 0.0863700658 0.406670868 0.552137136
vn -0.608855128 0.238764524 0.6965096
vn -0.634573936 0.00252748071 0.317884266
vn -0.434446663 0.297076106 0.55180794
vn -0.897303581 0.235888213 0.343039215
vn -0.646492481 0.116595715 0.753153503
vn -0.773783147 0.0932124704 0.609466136
vn -0.715643644 0.162051946 0.660088301
vn -0.673104644 0.273871064 0.657223642
vn -0.646492481 0.116595715 0.753153503
vn 0.050048057 -0.114785738 0.875951529
vn 0.829699695 0.0641372055 0.57564044
vn -0.0121031832 0.0845797211 0.779576242
vn 0.445354432 -0.0413901359 0.713890672
vn -0.0121031832 0.0845797211 0.779576242
vn 0.268500656 0.281381398 0.830418527
vn -0.655996621 0.655635417 0.435917705
vn -0.717045784 0.423906982 0.545353174
vn -0.408873409 0.364983261 0.836266339
vn -0.717045784 0.423906982 0.545353174
vn -0.381436646 0.254464895 0.888680875
vn -0.408873409 0.364983261 0.836266339
vn -0.15063493 0.504065096 0.783523321
vn -0.710110307 0.254214317 0.620821118
vn -0.886197925 0.291339546 0.311012924
vn -0.15063493 0.504065096 0.783523321
vn -0.70213604 0.0734711438 0.648525178
vn -0.710110307 0.254214317 0.620821118
vn -0.532890439 0.406896502 0.679718852
vn -0.710067809 0.590705812 0.389943838
vn -0.810136855 0.56107825 0.130960852
vn 0.829699695 0.0641372055 0.57564044
vn 0.268500656 0.281381398 0.830418527
vn -0.0121031832 0.0845797211 0.779576242
vn 0.268500656 0.281381398 0.830418527
vn 0.063850984 0.229848817 0.963093579
vn -0.478807598 0.650672853 0.512608409
vn 0.727859676 0.49802196 0.458522707
vn 0.794869363 0.610872686 -0.0728393644
vn 0.678733945 0.655636013 0.371713281
vn 0.58359313 0.445158809 0.682140529
vn 0.727859676 0.49802196 0.458522707
vn 0.678733945 0.655636013 0.371713281
vn -0.392299324 0.65765202 0.537526011
vn -0.0731875002 0.886720657 0.434418142
vn -0.301285893 0.713138282 0.56661582
vn -0.381715864 0.699385524 0.57975924
vn 0.291340739 0.60901165 0.64586997
vn -0.0731875002 0.886720657 0.434418142
vn 0.286546141 -0.370404899 0.767790556
vn 0.820004404 -0.207594484 0.533382833
vn 0.760255635 -0.206103802 0.616062224
vn -0.397031546 -0.765532851 0.506285846
vn 0.286546141 -0.370404899 0.767790556
vn 0.0678391531 -0.746241808 0.623420596
vn -0.336415559 -0.367776513 0.710003495
vn -0.472941428 0.163653791 0.610437989
vn -0.688674569 -0.449892849 0.556423604
vn -0.560758114 0.00412061065 0.813189626
vn -0.553415239 -0.11829181 0.747429609
vn -0.336415559 -0.367776513 0.710003495
vn 0.704637229 0.625122488 -0.373123795
vn 0.554126143 0.799414039 -0.284488797
vn 0.72632724 0.647404552 0.245390713
vn 0.0297761858 0.448090851 -0.849836946
vn 0.201343656 0.209256351 -0.875491381
vn -0.546631217 0.482393682 -0.650647342
vn -0.681888819 0.519756556 -0.519471288
vn -0.691166997 0.585135758 -0.439363122
vn -0.546631217 0.482393682 -0.650647342
vn 0.398369521 -0.165824279 -0.887128413
vn 0.362180173 0.0801909417 -0.934277356
vn 0.478264928 -0.25796777 -0.840048969
vn -0.336415559 -0.367776513 0.710003495
vn -0.182151392 -0.788227975 0.544290841
vn -0.472941428 0.163653791 0.610437989
vn -0.336415559 -0.367776513 0.710003495
vn 0.94243747 -0.22875528 0.272146374
vn -0.182151392 -0.788227975 0.544290841
vn -0.995264292 0.0208047591 -0.188994348
vn -0.888301671 0.325402349 -0.238893509
vn -0.0550152063 0.711486101 -0.344333887
vn 0.802108705 0.493097842 -0.322165191
vn 0.854526281 0.323488384 -0.359578341
vn 0.654235959 0.593378663 -0.484092891
vn 0.795341313 -0.540136814 -0.0863989666
vn 0.68724978 0.471286982 0.11371436
vn 0.735652268 -0.509999454 0.543097436
vn 0.52032721 0.351773143 -0.778148592
vn 0.030610675 0.845637023 -0.430140048
vn 0.68724978 0.471286982 0.11371436
vn 0.39818272 0.842821002 0.358059078
vn 0.72632724 0.647404552 0.245390713
vn 0.308828801 0.906105518 0.11016231
vn -0.907820284 -0.0435483307 0.457629889
vn -0.951656401 0.0438501202 -0.148628771
vn -0.874403656 -0.0635802448 0.502359807
vn -0.826912105 0.51450187 -0.233400583
vn -0.951656401 0.0438501202 -0.148628771
vn -0.661119521 0.715651333 -0.145672143
vn 0.445225269 0.840185285 -0.323099256
vn 0.311018109 0.863878608 -0.403764933
vn 0.0391544178 0.966370285 -0.242447227
vn -0.894824147 -0.0666868463 0.338453889
vn -0.863849342 0.300143152 0.362868965
vn -0.868598521 0.16537106 0.432514608
vn -0.868598521 0.16537106 0.432514608
vn -0.863849342 0.300143152 0.362868965
vn -0.546391547 0.468697399 0.665809691
vn 0.946628392 -0.300398111 -0.0855880529
vn 0.859462738 -0.318047911 -0.405942202
vn 0.92523402 -0.344303876 -0.157830179
vn 0.948629141 -0.238345116 -0.194084346
vn 0.946628392 -0.300398111 -0.0855880529
vn 0.937863469 -0.317014933 -0.0895978436
vn 0.87469548 0.0780540258 -0.486849517
vn 0.662671149 0.462558419 -0.60990566
vn 0.570082068 0.58539778 -0.582467616
vn 0.445225269 0.840185285 -0.323099256
vn -0.0550152063 0.711486101 -0.344333887
vn 0.311018109 0.863878608 -0.403764933
vn -0.0102535775 0.933299541 -0.349198341
vn -0.0550152063 0.711486101 -0.344333887
vn -0.888301671 0.325402349 -0.238893509
vn 0.235344142 -0.241850913 0.927931786
vn -0.284830332 0.0868667141 0.848376453
vn -0.507294774 -0.141899809 0.744858503
vn -0.571713865 0.701646507 0.389390856
vn -0.323698074 0.72200948 0.600386202
vn -0.736617386 0.639377236 0.220434621
vn -0.323698074 0.72200948 0.600386202
vn -0.571713865 0.701646507 0.389390856
vn 0.105026208 0.740337908 0.674198985
vn -0.255654246 -0.338195801 -0.956197321
vn -0.487841517 0.337295085 -0.786023498
vn 0.0943191424 0.312862545 -0.92062664
vn 0.182009935 0.502489805 -0.847361505
vn 0.0943191424 0.312862545 -0.92062664
vn -0.406603605 0.575941563 -0.708277225
vn -0.757044971 0.124552056 0.628093779
vn -1.00048602 0.0611846223 0.0214459691
vn -0.768626273 -0.0177691504 0.501978993
vn -0.441599816 0.753121555 -0.501000702
vn -0.247958481 0.692710221 -0.675226152
vn -0.371176243 0.660560012 -0.675482273
vn 0.82281518 0.386770278 0.414441824
vn 0.241290256 0.759820044 0.597821295
vn 0.758957088 0.311129063 0.558765411
vn 0.924757779 0.132233948 -0.368874043
vn 0.520571589 -0.280752331 -0.712269723
vn 0.793428004 -0.49670434 -0.27171734
vn 0.790822089 -0.558052719 -0.259656936
vn 0.793428004 -0.49670434 -0.27171734
vn 0.520571589 -0.280752331 -0.712269723
vn 0.291340739 0.60901165 0.64586997
vn -0.23198016 0.487141281 0.832828999
vn 0.282560915 0.467662841 0.816985965
vn -0.50535351 0.717496753 -0.287726223
vn 0.445225269 0.840185285 -0.323099256
vn 0.154307067 0.950553894 0.0961684808
vn -0.585537672 0.43989566 0.226191178
vn -0.50535351 0.717496753 -0.287726223
vn 0.154307067 0.950553894 0.0961684808
vn -1.00018418 0.459892303 0.100125223
vn -0.951416373 0.102020338 0.180808082
vn 0.245235607 -0.540720999 0.688031495
vn 0.280545294 0.824819922 -0.48515287
vn 0.453177124 0.79736501 -0.383069038
vn 0.171860456 0.879020274 -0.444732815
vn 0.546563685 0.595740616 -0.589932799
vn 0.280545294 0.824819922 -0.48515287
vn 0.808084548 0.367795289 -0.511576176
vn -0.567359626 0.767238021 0.0722114667
vn -0.354970664 0.155617014 -0.891428471
vn -0.494727403 0.393986583 -0.663662553
vn -0.354970664 0.155617014 -0.891428471
vn -0.567359626 0.767238021 0.0722114667
vn -0.505806148 0.593594193 -0.564602554
vn -0.307155073 0.797600985 0.519122899
vn -0.633040488 -0.474348068 0.444653958
vn -0.68425107 -0.00256727682 0.504566908
vn 0.732969165 -0.369523585 0.544715881
vn 0.521866441 0.0270975363 0.729983389
vn -0.730602801 0.0132751502 0.476057231
vn 0.521866441 0.0270975363 0.729983389
vn 0.958932757 -0.201864213 0.199245811
vn 0.458624214 0.455235988 0.541294694
vn -0.195752606 0.601278007 0.759232104
vn -0.472941428 0.163653791 0.610437989
vn 0.0416237488 0.685072839 0.750235736
vn 0.177417606 -0.678954124 -0.648680091
vn 0.294691443 0.00064802781 -0.941101432
vn 0.398369521 -0.165824279 -0.887128413
vn -0.621249557 0.719370723 -0.276651114
vn -0.582966685 0.573282778 -0.578944266
vn -0.740990281 0.566249549 -0.361380935
vn -0.740990281 0.566249549 -0.361380935
vn -0.827096224 0.508863926 -0.213793889
vn -0.621249557 0.719370723 -0.276651114
vn 0.546563685 0.595740616 -0.589932799
vn 0.719182789 0.62574923 -0.302444041
vn 0.453177124 0.79736501 -0.383069038
vn 0.546563685 0.595740616 -0.589932799
vn 0.453177124 0.79736501 -0.383069038
vn 0.280545294 0.824819922 -0.48515287
vn -0.388234973 0.506307721 -0.767147481
vn -0.569871247 0.722591937 -0.376281679
vn -0.618565023 0.710674703 -0.276599377
vn -0.78069514 -0.147001579 -0.626728773
vn -0.730776131 0.171461225 -0.705552757
vn -0.560616851 -0.204097763 -0.747965515
vn -0.371176243 0.660560012 -0.675482273
vn -0.781251669 0.402119488 -0.405223876
vn -0.441599816 0.753121555 -0.501000702
vn -0.329083979 0.312721193 -0.897428751
vn -0.781251669 0.402119488 -0.405223876
vn -0.371176243 0.660560012 -0.675482273
vn -0.68985647 0.63555336 0.15632835
vn -0.876325488 0.324212074 0.36176759
vn -0.904106975 0.346014559 -0.0841955692
vn -0.68985647 0.63555336 0.15632835
vn -0.904106975 0.346014559 -0.0841955692
vn -0.945991099 0.320008457 -0.118065469
vn -0.550531566 -0.0169558786 0.799687803
vn -0.761938453 0.09611132 0.649814725
vn -0.51319015 -0.352669001 0.780260146
vn -0.0538043194 0.588500023 -0.755014658
vn -0.422886759 0.42435199 -0.753407061
vn -0.300685346 0.477359682 -0.796273053
vn 0.628728926 0.0627264231 0.749798357
vn 0.732490003 0.335237324 0.579892814
vn 0.750046074 0.389294744 0.549729228
vn 0.47526139 0.468523026 0.771160185
vn 0.628728926 0.0627264231 0.749798357
vn 0.750046074 0.389294744 0.549729228
vn 0.0745456666 0.657299995 0.718140721
vn -0.218231007 0.735054016 0.64740473
vn -0.564751685 0.652605832 0.51073426
vn 0.0745456666 0.657299995 0.718140721
vn 0.799211323 0.469376177 0.405667394
vn 0.337942153 0.766326666 0.542715371
vn -0.188524395 0.476372242 0.829936683
vn 0.0908948034 0.797226965 0.606810212
vn 0.0590183586 0.977263808 0.21285966
vn -0.560758114 0.00412061065 0.813189626
vn -0.41732347 0.316690147 0.774585724
vn -0.553415239 -0.11829181 0.747429609
vn -0.061255943 0.418097734 -0.874559879
vn -0.75528264 0.321430594 -0.510023475
vn -0.0908237994 0.274563611 -0.955530584
vn 0.932451308 0.266672224 -0.243763119
vn 0.890621901 0.312129796 -0.330707699
vn 0.769995928 0.453514129 -0.354137093
vn 0.024166679 0.158137023 -0.979896307
vn 0.172367439 0.719541609 -0.667734563
vn 0.271926135 0.219709381 -0.919608653
vn 0.320442528 0.0743820742 -0.793391883
vn 0.024166679 0.158137023 -0.979896307
vn 0.271926135 0.219709381 -0.919608653
vn 0.579796314 0.783946216 0.232255444
vn 0.317448169 0.938930392 -0.0633716583
vn 0.080859378 0.922307074 0.393824965
vn 0.337942153 0.766326666 0.542715371
vn 0.579796314 0.783946216 0.232255444
vn 0.080859378 0.922307074 0.393824965
vn -0.0219205711 -0.103889175 0.984951317
vn -0.308623433 -0.146593109 0.946325302
vn -0.542122841 0.0339650139 0.768150687
vn -0.618842185 0.254496098 0.516614854
vn -0.736617386 0.639377236 0.220434621
vn -0.471269578 0.818660796 0.369290411
vn -0.128825814 0.216313139 -0.962509334
vn 0.356398493 0.0461340472 -0.931063235
vn -0.196507901 0.0529331006 -1.00284457
vn -0.263857335 0.136217013 -0.933246672
vn 0.0695508569 0.283822834 -0.939042449
vn 0.201343656 0.209256351 -0.875491381
vn -0.263857335 0.136217013 -0.933246672
vn -0.641428649 0.631415844 -0.44085893
vn 0.0695508569 0.283822834 -0.939042449
vn -0.166994527 0.533253551 -0.827183843
vn 0.334869862 0.488086402 -0.746968567
vn -0.0316614732 0.704575777 -0.665275514
vn -0.68487829 -0.37166065 0.407138526
vn 0.00190773804 -0.659383416 0.690042138
vn 0.136984438 -0.401634187 0.918790638
vn 0.402736872 0.718273342 -0.594406962
vn 0.80407846 0.474430174 -0.330871701
vn 0.810150206 0.562081993 -0.0738213435
vn -0.876268446 0.0543095842 0.402742088
vn -0.694449008 0.616371572 0.307752967
vn -0.455414444 0.220892102 0.793213785
vn -0.876268446 0.0543095842 0.402742088
vn -0.779087007 0.614506364 -0.0723951682
vn -0.694449008 0.616371572 0.307752967
vn -0.288473696 0.508321702 -0.803325653
vn -0.432660252 0.656461716 -0.612728357
vn -0.342552722 0.324241638 -0.848935068
vn -0.497604162 -0.583138227 0.450069964
vn -0.116912939 -0.922535062 0.397151649
vn 0.00190773804 -0.659383416 0.690042138
vn 0.0840263143 -0.538615644 0.853233576
vn -0.116912939 -0.922535062 0.397151649
vn -0.497604162 -0.583138227 0.450069964
vn -0.690708041 0.596256495 0.0883838236
vn -0.0115052303 0.437793672 0.907522082
vn -0.778386295 0.350495845 0.0391051285
vn -0.941134214 0.281357259 -0.187609106
vn -0.690708041 0.596256495 0.0883838236
vn -0.778386295 0.350495845 0.0391051285
vn -0.157795921 0.877057731 0.438182056
vn -0.144093916 0.875682771 0.477444738
vn -0.263186425 0.733246446 0.634138644
vn -0.249453261 0.962587297 -0.151170686
vn -0.480061024 0.704554081 -0.493189961
vn -0.469656527 0.880874217 -0.0990604535
vn -0.249453261 0.962587297 -0.151170686
vn -0.469656527 0.880874217 -0.0990604535
vn -0.330383241 0.928798795 0.182229817
vn 0.35452792 0.6814605 0.531676412
vn 0.212533444 0.794193625 0.569625437
vn 0.459431589 0.759914935 0.474455595
vn 0.212533444 0.794193625 0.569625437
vn 0.384164363 0.746808529 0.540056825
vn 0.459431589 0.759914935 0.474455595
vn -0.336346149 0.295917451 -0.905510545
vn -0.095499441 0.259055465 -0.96038717
vn -0.302027434 0.294936895 -0.835453928
vn -0.872211576 0.266011178 0.373756915
vn -0.833438933 0.52221334 -0.135692731
vn -0.793079317 -0.00786776934 -0.617874682
vn 0.100107372 0.705640316 0.671692848
vn -0.494603723 0.580669701 0.605658889
vn 0.00824451819 0.448455662 0.884621918
vn 0.100107372 0.705640316 0.671692848
vn 0.00824451819 0.448455662 0.884621918
vn -0.398627579 0.301041007 0.622889578
vn -0.150234774 -0.0613134876 -0.991811931
vn 0.18093282 0.757778227 -0.337142467
vn -0.612596273 -0.13572906 -0.790153563
vn -0.612596273 -0.13572906 -0.790153563
vn -0.192384839 0.548047841 -0.402959555
vn -0.348462969 -0.28785646 -0.7600559
vn -0.162545979 0.862707138 0.44957912
vn -0.410605639 0.768892229 0.419123709
vn -0.611027002 0.532042682 0.585110664
vn 0.0156524312 -0.180209354 0.992716432
vn -0.019519845 -0.648768723 0.805205882
vn -0.0700500682 -0.709119797 0.707180679
vn 0.809723377 -0.490545243 -0.195019931
vn 0.617536664 -0.776949763 0.120543845
vn 0.646277249 -0.768726945 0.125701159
vn 0.647868037 0.652890086 0.392430216
vn 0.688180506 0.627821028 0.262101293
vn 0.91198051 0.389508754 0.153040797
vn 0.480414957 0.19524467 0.72384423
vn 0.70262295 0.0979570523 0.623525739
vn 0.40660584 0.228310227 0.818263233
vn -0.119513117 0.257067233 0.965108871
vn -0.279504269 -0.232268587 0.938058019
vn -0.341849566 -0.296879053 0.878849804
vn -0.633040488 -0.474348068 0.444653958
vn -0.573872924 -0.139380053 0.760136485
vn -0.894824147 -0.0666868463 0.338453889
vn -0.97679472 0.180535361 0.062390402
vn -0.977418125 0.0184991118 0.0940151513
vn -0.930277944 0.311688304 0.159610584
vn 0.846200466 0.526780009 0.167085037
vn 0.835668325 0.393924296 0.388705045
vn 0.91198051 0.389508754 0.153040797
vn -0.0102535775 0.933299541 -0.349198341
vn -0.0195849854 0.961154461 -0.385500073
vn 0.311018109 0.863878608 -0.403764933
vn -0.0550152063 0.711486101 -0.344333887
vn -0.0102535775 0.933299541 -0.349198341
vn 0.311018109 0.863878608 -0.403764933
vn -0.279504269 -0.232268587 0.938058019
vn -0.119513117 0.257067233 0.965108871
vn -0.365006804 0.0543813407 0.915028036
vn -0.279504269 -0.232268587 0.938058019
vn -0.365006804 0.0543813407 0.915028036
vn -0.312875181 -0.433817744 0.850282192
vn -0.930277944 0.311688304 0.159610584
vn -0.963243663 0.0324562527 0.148293719
vn -0.911965549 0.381768674 0.123796999
vn -0.947683394 0.126382455 0.281004995
vn -0.930277944 0.311688304 0.159610584
vn -0.911965549 0.381768674 0.123796999
vn 0.91198051 0.389508754 0.153040797
vn 0.69904983 0.400406063 0.541110754
vn 0.846200466 0.526780009 0.167085037
vn 0.70262295 0.0979570523 0.623525739
vn 0.91198051 0.389508754 0.153040797
vn 0.688180506 0.627821028 0.262101293
vn -0.842810154 0.54841125 -0.0949509144
vn -0.542745888 0.262041301 -0.783237994
vn -0.640303135 0.304542899 -0.707110345
vn -0.38063094 0.483093947 0.777246475
vn -0.287637472 0.827256024 0.397971421
vn -0.829660773 0.352634162 0.436383694
vn -0.667680204 0.656687796 0.2791107
vn -0.572041392 0.824577987 0.064285554
vn -0.881934762 0.422147572 0.213052586
vn -0.503221691 0.890646577 -0.0956226736
vn -0.336346149 0.295917451 -0.905510545
vn -0.833438933 0.52221334 -0.135692731
vn 0.0437839031 0.167895913 0.38767156
vn -1.00018418 0.459892303 0.100125223
vn 0.245235607 -0.540720999 0.688031495
vn -0.579210877 0.395956367 0.33370021
vn -1.00018418 0.459892303 0.100125223
vn 0.0437839031 0.167895913 0.38767156
vn -0.0293560103 0.132562608 -0.990772784
vn 0.320561826 0.212358251 -0.918344378
vn 0.254638761 -0.107870378 -0.936632276
vn -0.0293560103 0.132562608 -0.990772784
vn 0.254638761 -0.107870378 -0.936632276
vn -0.0212741289 -0.122685201 -0.953665018
vn 0.573268473 0.677029014 -0.217560351
vn 0.56978637 0.493312627 -0.605009019
vn 0.688002229 0.702767789 -0.055657547
vn -0.77145052 0.615064025 -0.117154479
vn -0.770763278 0.574801207 -0.177734658
vn -0.744195282 0.492197692 -0.455046952
vn -0.646644413 0.746828973 0.15223822
vn -0.805645645 0.529852092 0.222986594
vn -0.326148242 0.93566227 0.173340082
vn -0.453553349 0.559576452 -0.696039677
vn -0.881978333 0.420851022 -0.168845296
vn -0.0195849854 0.961154461 -0.385500073
vn 0.374507457 0.498653144 -0.792617261
vn -0.453553349 0.559576452 -0.696039677
vn -0.0195849854 0.961154461 -0.385500073
vn -0.770763278 0.574801207 -0.177734658
vn -0.842810154 0.54841125 -0.0949509144
vn -0.704348624 0.198797792 -0.61313051
vn 0.158082157 0.363783151 -0.914016902
vn 0.281394333 0.318569571 -0.905221224
vn 0.0950321555 0.365847409 -0.902498722
vn -0.977435112 0.0652717352 -0.0520118289
vn -0.987584233 -0.169645339 0.0597158112
vn -0.99825877 0.0443288311 -0.0196979344
vn -0.906147361 0.418886155 0.0516668074
vn -0.977435112 0.0652717352 -0.0520118289
vn -0.99825877 0.0443288311 -0.0196979344
vn 0.555051565 0.551322401 -0.607339501
vn 0.824277759 0.371984303 -0.430582404
vn 0.639131963 0.528939068 -0.425348818
vn 0.583713055 0.814261377 -0.0836267322
vn -0.245259017 0.893394291 -0.378330529
vn 0.308828801 0.906105518 0.11016231
vn 0.520571589 -0.280752331 -0.712269723
vn 0.418293566 -0.698225975 -0.461023539
vn 0.546149254 -0.557419717 -0.642337859
vn 0.546149254 -0.557419717 -0.642337859
vn 0.418293566 -0.698225975 -0.461023539
vn 0.820752621 -0.317836374 -0.368654966
vn -0.67950803 0.293853134 0.66746527
vn -0.540336609 0.466554552 0.776290655
vn -0.365807623 0.706882298 0.612392664
vn -0.187798604 -0.154535741 -0.963833869
vn 0.133973554 0.284923404 -0.968321562
vn 0.00978057738 -0.420916796 -0.92559731
vn 0.532631457 0.196886599 0.746003866
vn 0.655310214 0.56657964 0.535512328
vn 0.21008876 -0.0902254432 0.933743715
vn 0.114725314 0.267584026 0.956761181
vn 0.0922070742 0.740176797 0.680027843
vn -0.0763054937 0.179219946 0.952716112
vn 0.114725314 0.267584026 0.956761181
vn 0.31615901 -0.147435203 0.944456935
vn 0.57112962 0.211291 0.79352504
vn 0.914258718 -0.233699545 -0.301969171
vn 0.881961346 -0.192084789 -0.285817683
vn 0.790822089 -0.558052719 -0.259656936
vn 0.783601522 0.411564022 -0.433673263
vn 0.643453181 0.241464525 -0.653528869
vn 0.859745979 -0.0760219768 -0.513881564
vn 0.954369664 0.25130108 -0.177997261
vn 0.899783909 0.442337483 -0.0260193665
vn 0.951872885 -0.316855341 -0.182128966
vn 0.976767123 0.162591502 0.0709527284
vn 0.899783909 0.442337483 -0.0260193665
vn 0.801802278 0.577298462 0.19177106
vn 0.501902044 -0.290128052 0.818628132
vn 0.536986589 -0.293280512 0.769935071
vn 0.766656816 -0.308196217 0.569841385
vn 0.163834214 -0.194320217 0.936676741
vn 0.501902044 -0.290128052 0.818628132
vn 0.766656816 -0.308196217 0.569841385
vn 0.654235959 0.593378663 -0.484092891
vn 0.324564606 0.761433959 -0.550247014
vn 0.846361518 0.195928842 -0.492869288
vn 0.269412875 0.745358825 -0.563044071
vn -0.0951548517 0.835373759 -0.436065644
vn -0.0316614732 0.704575777 -0.665275514
vn 0.738192439 -0.639388859 -0.20635812
vn 0.96879065 -0.193319693 -0.0781887621
vn 0.833237886 -0.394124955 -0.361534745
vn 0.96879065 -0.193319693 -0.0781887621
vn 0.783601522 0.411564022 -0.433673263
vn 0.833237886 -0.394124955 -0.361534745
vn 0.500387609 -0.416605681 0.714657366
vn 0.573203027 -0.0449768379 0.815046608
vn 0.489002973 -0.221201017 0.81741941
vn -0.563938379 0.735883653 -0.352036983
vn -0.709386528 0.671229005 -0.204362363
vn -0.469656527 0.880874217 -0.0990604535
vn 0.801287651 0.236946955 -0.491708368
vn 0.421888798 0.410056293 -0.808699846
vn 0.515802979 0.796559691 -0.29588896
vn 0.515802979 0.796559691 -0.29588896
vn 0.421888798 0.410056293 -0.808699846
vn 0.174814478 0.822891235 -0.455076307
vn 0.547013819 0.0337679312 0.64039278
vn 0.482140601 -0.288829297 0.657471716
vn -0.523301184 0.68673569 0.501265883
vn -0.0871500745 0.358181715 -0.914234698
vn -0.196507901 0.0529331006 -1.00284457
vn 0.0254834481 0.453072667 -0.891826451
vn -0.41745013 -0.241295189 -0.888952494
vn 0.185247034 0.20277907 -0.834156334
vn 0.266440451 -0.634542942 -0.693791628
vn -0.291964144 -0.185675263 0.942916393
vn 0.0959627256 0.398351401 0.90730387
vn -0.0424380377 0.630848169 0.670912802
vn 0.00132505468 -0.128533795 1.01259887
vn 0.092144534 0.511409938 0.787224591
vn 0.0959627256 0.398351401 0.90730387
vn -0.495775878 0.418696672 0.721179485
vn 0.423505694 0.623766065 0.673891783
vn 0.600366354 0.701268137 0.390115321
vn -0.291964144 -0.185675263 0.942916393
vn 0.00132505468 -0.128533795 1.01259887
vn 0.0959627256 0.398351401 0.90730387
vn -0.0871500745 0.358181715 -0.914234698
vn -0.187798604 -0.154535741 -0.963833869
vn -0.708080709 -0.219803318 -0.689207435
vn -0.187798604 -0.154535741 -0.963833869
vn -0.118877672 -0.511998892 -0.850720465
vn -0.708080709 -0.219803318 -0.689207435
vn -0.876325488 0.324212074 0.36176759
vn -0.68985647 0.63555336 0.15632835
vn -0.643998802 0.575683594 0.494335204
vn -0.759760141 0.546775222 -0.098298721
vn -0.643998802 0.575683594 0.494335204
vn -0.68985647 0.63555336 0.15632835
vn 0.519853592 -0.0834097415 -0.831948757
vn -0.273034424 0.047513254 -0.932935715
vn 0.628652751 0.166984186 -0.799246967
vn -0.857324779 0.343338609 0.0476268567
vn -0.94479686 -0.0181202535 -0.314134508
vn -0.811457276 0.520542502 0.0919367373
vn -0.172270924 0.609272242 0.686028123
vn 0.0590183586 0.977263808 0.21285966
vn -0.0299568716 0.972321749 0.225169033
vn -0.270633936 0.638347983 0.720621347
vn -0.0299568716 0.972321749 0.225169033
vn -0.157795921 0.877057731 0.438182056
vn 0.0389741175 -0.586809218 -0.723182201
vn -0.319398284 0.235450923 -0.881868541
vn -0.708080709 -0.219803318 -0.689207435
vn 0.0389741175 -0.586809218 -0.723182201
vn 0.234967679 -0.450158685 -0.846032679
vn 0.294484138 -0.387048453 -0.86319226
vn -0.855143309 0.232442155 -0.468379796
vn -0.881978333 0.420851022 -0.168845296
vn -0.876146376 0.0957423598 -0.471476823
vn -0.75528264 0.321430594 -0.510023475
vn -0.935929239 0.322426766 -0.0703799352
vn -0.87534833 0.380118966 -0.297625512
vn -0.571263492 0.46343267 0.733313382
vn -0.99838382 0.0776378736 -0.035394419
vn -0.806779087 0.267971396 0.526591778
vn 0.935374677 0.304496646 -0.143980876
vn 0.718746126 0.687917054 0.00660588965
vn 0.719980478 0.679088831 0.142459005
vn 0.718746126 0.687917054 0.00660588965
vn 0.915145159 0.259977669 -0.308092177
vn 0.716635704 0.647734642 -0.265813798
vn 0.725346208 0.48766157 -0.413190335
vn 0.133568615 0.512860239 -0.849846959
vn 0.651535988 0.366289139 -0.615226269
vn 0.725346208 0.48766157 -0.413190335
vn 0.819890678 0.430583924 -0.259229898
vn 0.622164845 0.711566389 -0.297114253
vn 0.481936842 0.0716311261 0.855092287
vn -0.00945590064 0.0619819574 0.994841635
vn 0.709891617 -0.232019663 0.667475462
vn 0.0382522754 -0.195522904 0.979847074
vn 0.347907573 -0.196164027 0.859122932
vn 0.709891617 -0.232019663 0.667475462
vn -0.180438817 0.398417413 0.869481266
vn -0.270633936 0.638347983 0.720621347
vn -0.0686775222 0.571216822 0.826306462
vn -0.180438817 0.398417413 0.869481266
vn -0.172270924 0.609272242 0.686028123
vn -0.0299568716 0.972321749 0.225169033
vn -0.264390856 0.540156364 -0.796366215
vn -0.371176243 0.660560012 -0.675482273
vn -0.247958481 0.692710221 -0.675226152
vn -0.67950803 0.293853134 0.66746527
vn -0.883830547 0.180126771 0.41564101
vn -0.757044971 0.124552056 0.628093779
vn -0.985479116 0.186788976 0.105367444
vn -0.757044971 0.124552056 0.628093779
vn -0.883830547 0.180126771 0.41564101
vn -0.0234636962 0.220653534 -1.03298128
vn -0.76271528 0.0225283001 -0.0428240374
vn -0.271477878 0.0126115503 -0.956114233
vn -0.0234636962 0.220653534 -1.03298128
vn -0.271477878 0.0126115503 -0.956114233
vn 0.505159795 -0.144670233 -0.810958743
vn -0.157399341 0.153025314 0.855572701
vn -0.634573936 0.00252748071 0.317884266
vn -0.608855128 0.238764524 0.6965096
vn 0.821382701 0.49788028 -0.240662709
vn 0.622164845 0.711566389 -0.297114253
vn 0.747638583 0.326067746 -0.418205202
vn 0.622164845 0.711566389 -0.297114253
vn 0.821382701 0.49788028 -0.240662709
vn 0.725346208 0.48766157 -0.413190335
vn 0.597909808 0.620204687 -0.36119014
vn 0.581403852 0.358230263 -0.733044505
vn 0.771109283 0.397393823 -0.531648934
vn 0.929130912 0.364857614 -0.0491020158
vn 0.771109283 0.397393823 -0.531648934
vn 0.620630145 0.550218582 -0.562106788
vn 0.0382522754 -0.195522904 0.979847074
vn -0.00945590064 0.0619819574 0.994841635
vn 0.163834214 -0.194320217 0.936676741
vn 0.709891617 -0.232019663 0.667475462
vn -0.00945590064 0.0619819574 0.994841635
vn 0.0382522754 -0.195522904 0.979847074
vn 0.180075958 -0.132775977 0.966067731
vn 0.788325727 -0.193848565 0.556454718
vn 0.514089227 -0.327158183 0.798397839
vn 0.393382758 0.173517466 -0.885317922
vn -0.0888254866 0.484120846 -0.777137101
vn -0.0234636962 0.220653534 -1.03298128
vn -1.00048602 0.0611846223 0.0214459691
vn -0.986838043 0.0938887224 0.158152774
vn -0.977418125 0.0184991118 0.0940151513
vn -0.757044971 0.124552056 0.628093779
vn -0.986838043 0.0938887224 0.158152774
vn -1.00048602 0.0611846223 0.0214459691
vn 0.699348211 0.299958497 0.127184868
vn 0.516417503 0.677077115 0.517168403
vn -0.239570573 0.977061808 0.163749948
vn 0.695354879 0.226187378 0.643773258
vn -0.20450066 0.395712197 0.903164923
vn 0.634756923 -0.473330766 0.623415947
vn -0.761419654 -0.0322799012 0.622755945
vn -0.760533631 -0.307724416 0.50651139
vn 0.00844694301 -0.308518052 0.926059008
vn -0.542122841 0.0339650139 0.768150687
vn -0.97679472 0.180535361 0.062390402
vn -0.990113139 0.129049614 0.0767259821
vn 0.30403322 0.0550516956 0.953350365
vn 0.536986589 -0.293280512 0.769935071
vn 0.206879988 -0.0329583026 0.968065441
vn 0.267973542 -0.44015339 -0.776827753
vn 0.13419655 -0.596746266 -0.768172622
vn -0.332674384 -0.540739238 -0.770693421
vn -0.641586959 0.162487447 -0.669194937
vn -0.302027434 0.294936895 -0.835453928
vn -0.095499441 0.259055465 -0.96038717
vn 0.245700926 0.48542577 -0.857513487
vn 0.058760263 0.399965525 -0.90187037
vn 0.166893721 0.441623718 -0.878886998
vn 0.98596096 -0.192318454 -0.0314841457
vn 0.948629141 -0.238345116 -0.194084346
vn 0.993616462 -0.0807776526 -0.0787492692
vn 0.245145917 0.896045446 -0.370197922
vn 0.81187427 0.429994732 -0.316957474
vn 0.187436208 0.888371289 -0.415728509
vn -0.381436646 0.254464895 0.888680875
vn -0.799931288 0.0223672576 0.592090309
vn -0.687945724 0.493023425 0.541587234
vn -0.717045784 0.423906982 0.545353174
vn -0.799931288 0.0223672576 0.592090309
vn -0.381436646 0.254464895 0.888680875
vn 0.0790914968 0.242679954 -0.596903682
vn 0.0227483567 -0.0744971931 -0.722373962
vn -0.54476577 0.0905110985 -0.840723038
vn 0.753284574 0.20239225 -0.56485498
vn 0.449693561 0.709316254 -0.537419915
vn 0.324510843 0.276941031 -0.842254162
vn -0.822583556 0.409476519 0.404743999
vn -0.903947353 0.413423866 0.0903222561
vn -0.875070214 0.247713953 0.410757214
vn -0.699806392 0.561080337 0.361174613
vn -0.789304137 0.527686834 0.189578623
vn -0.326148242 0.93566227 0.173340082
vn 0.81187427 0.429994732 -0.316957474
vn 0.245145917 0.896045446 -0.370197922
vn 0.859497666 0.426529288 -0.283717006
vn 0.914258718 -0.233699545 -0.301969171
vn 0.578242242 0.449697137 -0.47955963
vn 0.966915786 0.239206895 -0.0886228383
vn 0.753284574 0.20239225 -0.56485498
vn 0.740084231 0.270329297 -0.628070593
vn 0.0227483567 -0.0744971931 -0.722373962
vn 0.753284574 0.20239225 -0.56485498
vn 0.0227483567 -0.0744971931 -0.722373962
vn 0.21257785 0.0884021446 -0.835057497
vn -0.435690969 -0.577591956 0.692979097
vn -0.417077959 0.184457004 0.847892225
vn -0.330760181 -0.407450438 0.877719581
vn -0.495822698 0.522833109 0.707243979
vn -0.822583556 0.409476519 0.404743999
vn -0.875070214 0.247713953 0.410757214
vn -0.495822698 0.522833109 0.707243979
vn 0.523083329 0.828284681 0.135792032
vn -0.112326719 0.984748006 0.10312476
vn 0.573203027 -0.0449768379 0.815046608
vn 0.618821979 0.291674316 0.7096349
vn 0.909712434 0.190090105 0.4616943
vn -0.582096696 0.568802238 -0.507443845
vn -0.778523624 0.590002477 0.0811142623
vn -0.406812698 0.835295916 -0.092999585
vn -0.377471954 0.664371729 -0.253881454
vn -0.582096696 0.568802238 -0.507443845
vn -0.406812698 0.835295916 -0.092999585
vn 0.514089227 -0.327158183 0.798397839
vn 0.788325727 -0.193848565 0.556454718
vn 0.536986589 -0.293280512 0.769935071
vn 0.536986589 -0.293280512 0.769935071
vn 0.30403322 0.0550516956 0.953350365
vn 0.514089227 -0.327158183 0.798397839
vn -0.247668713 0.00726622296 -0.977400959
vn 0.324510843 0.276941031 -0.842254162
vn -0.136732206 0.550388038 -0.796150565
vn -0.136732206 0.550388038 -0.796150565
vn -0.105544999 0.0723181367 -1.00508904
vn -0.247668713 0.00726622296 -0.977400959
vn -0.453553349 0.559576452 -0.696039677
vn 0.374507457 0.498653144 -0.792617261
vn 0.393382758 0.173517466 -0.885317922
vn 0.393382758 0.173517466 -0.885317922
vn 0.374507457 0.498653144 -0.792617261
vn -0.0888254866 0.484120846 -0.777137101
vn -0.983030438 0.196364179 -0.137179628
vn -0.935929239 0.322426766 -0.0703799352
vn -0.810121894 0.499206245 -0.311657995
vn 0.00520703429 -0.684741557 0.735637069
vn 0.00844694301 -0.308518052 0.926059008
vn 0.131556049 -0.196017668 0.969260454
vn -0.93128854 -0.132629201 0.317935437
vn 0.134464473 0.842376173 -0.120573573
vn -0.334594518 0.537454486 0.310475886
vn 0.134464473 0.842376173 -0.120573573
vn -0.93128854 -0.132629201 0.317935437
vn -0.455414444 0.220892102 0.793213785
vn -0.54480648 0.825833261 0.116664842
vn -0.999413669 0.171450779 -0.124913812
vn -0.564751685 0.652605832 0.51073426
vn 0.0908948034 0.797226965 0.606810212
vn -0.0996404886 0.552887082 0.831948996
vn -0.0336746275 0.42791149 0.896813691
vn -0.323698074 0.72200948 0.600386202
vn 0.105026208 0.740337908 0.674198985
vn -0.0336746275 0.42791149 0.896813691
vn -0.841165543 0.433356941 -0.17229867
vn -0.989055455 -0.105251871 -0.147539422
vn -0.87248379 0.368027747 -0.0371953547
vn -0.54480648 0.825833261 0.116664842
vn -0.793351352 0.120600954 -0.601281166
vn -0.999413669 0.171450779 -0.124913812
vn -0.0258993562 -0.630677223 0.770032346
vn 0.00844694301 -0.308518052 0.926059008
vn 0.00520703429 -0.684741557 0.735637069
vn 0.94243747 -0.22875528 0.272146374
vn 0.309380829 -0.844615877 0.436882854
vn -0.182151392 -0.788227975 0.544290841
vn 0.873943925 -0.235109746 0.402007073
vn 0.309380829 -0.844615877 0.436882854
vn 0.94243747 -0.22875528 0.272146374
vn 0.720165133 0.289978981 -0.496490717
vn 0.823870361 0.333612233 -0.273124158
vn 0.413349539 0.358314335 -0.78952986
vn -0.874403656 -0.0635802448 0.502359807
vn -0.725067139 0.580566347 0.360980541
vn -0.889787614 0.234063447 0.238956913
vn -0.493588239 0.113350645 -0.761657476
vn -0.0650620908 0.127401888 -0.870693266
vn 0.182009935 0.502489805 -0.847361505
vn -0.325053692 -0.479011685 -0.794242799
vn 0.409103394 -0.504258752 -0.757673204
vn 0.478264928 -0.25796777 -0.840048969
vn -0.183629423 -0.16112566 -0.931502044
vn -0.297556669 -0.451803029 -0.824614704
vn 0.478264928 -0.25796777 -0.840048969
vn 0.181568101 0.480914742 0.874618471
vn -0.0404927768 -0.345260352 0.938293159
vn -0.0258993562 -0.630677223 0.770032346
vn -0.804819584 0.3110964 0.512155235
vn -0.399585217 0.515279353 0.758042514
vn -0.640400827 0.58551085 0.534227431
vn -0.805645645 0.529852092 0.222986594
vn -0.725067139 0.580566347 0.360980541
vn -0.874403656 -0.0635802448 0.502359807
vn -0.303930432 0.298183769 -0.929582119
vn 0.230194658 -0.2668612 -0.924698472
vn -0.456616014 0.0526616536 -0.889523327
vn 0.35452792 0.6814605 0.531676412
vn 0.459431589 0.759914935 0.474455595
vn 0.150327325 0.854466915 0.497280657
vn 0.647868037 0.652890086 0.392430216
vn 0.950618923 0.180090874 0.278311372
vn 0.35452792 0.6814605 0.531676412
vn -0.661916256 0.397766173 0.633332789
vn -0.623503983 0.545536578 0.560695946
vn -0.85588491 0.371961027 0.124410607
vn -0.61793083 0.642690659 0.454762757
vn -0.778523624 0.590002477 0.0811142623
vn -0.85588491 0.371961027 0.124410607
vn -0.592972636 0.322346687 0.685062289
vn -0.736531913 0.3441073 0.579934299
vn -0.398627579 0.301041007 0.622889578
vn 0.646277249 -0.768726945 0.125701159
vn 0.617536664 -0.776949763 0.120543845
vn 0.885121226 -0.475160986 -0.0824563354
vn -0.330760181 -0.407450438 0.877719581
vn 0.373249114 -0.00637039496 0.736647844
vn -0.188912615 -0.418478459 0.887511194
vn 0.331959635 0.566636443 0.727620006
vn 0.373249114 -0.00637039496 0.736647844
vn 0.223601297 0.608952522 0.689415038
vn 0.717963636 0.690778673 0.198221564
vn 0.712463617 0.706774056 0.146301374
vn 0.18014805 0.605810225 0.735286117
vn 0.403731525 0.654893219 0.635802567
vn 0.18014805 0.605810225 0.735286117
vn 0.277324051 0.802346885 0.440839231
vn -0.778523624 0.590002477 0.0811142623
vn -0.792143047 0.590909243 -0.0841371715
vn -0.88650465 0.416044116 0.0108498111
vn -0.88650465 0.416044116 0.0108498111
vn -0.792143047 0.590909243 -0.0841371715
vn -0.643998802 0.575683594 0.494335204
vn 0.557314456 -0.544552207 -0.585494161
vn 0.0855169967 -0.683225214 -0.726896405
vn 0.760228932 -0.135512248 -0.555211484
vn 0.760228932 -0.135512248 -0.555211484
vn 0.992939353 0.0726074502 -0.126996428
vn 0.557314456 -0.544552207 -0.585494161
vn 0.100107372 0.705640316 0.671692848
vn -0.398627579 0.301041007 0.622889578
vn -0.215833455 0.409372866 0.467499852
vn -0.398627579 0.301041007 0.622889578
vn -0.736531913 0.3441073 0.579934299
vn -0.215833455 0.409372866 0.467499852
vn 0.801160634 0.371480852 0.324883491
vn 0.943227351 0.320367366 0.134067878
vn 0.798232615 0.503302872 0.33815968
vn 0.57112962 0.211291 0.79352504
vn 0.758957088 0.311129063 0.558765411
vn 0.241290256 0.759820044 0.597821295
vn 0.114725314 0.267584026 0.956761181
vn 0.57112962 0.211291 0.79352504
vn 0.241290256 0.759820044 0.597821295
vn 0.04366602 -0.612898171 0.781337678
vn -0.43223846 -0.34635663 0.824298322
vn 0.0398241654 -0.490494609 0.860988379
vn -0.611027002 0.532042682 0.585110664
vn -0.43223846 -0.34635663 0.824298322
vn -0.277739882 -0.566422462 0.764272153
vn -0.842630148 0.384514034 -0.333858013
vn -0.273034424 0.047513254 -0.932935715
vn -0.698931158 0.255455375 -0.59735316
vn -0.717045784 0.423906982 0.545353174
vn -0.842630148 0.384514034 -0.333858013
vn -0.698931158 0.255455375 -0.59735316
vn 0.331959635 0.566636443 0.727620006
vn 0.47526139 0.468523026 0.771160185
vn 0.373249114 -0.00637039496 0.736647844
vn 0.710478127 0.453386456 -0.53957057
vn -0.0316614732 0.704575777 -0.665275514
vn 0.334869862 0.488086402 -0.746968567
vn 0.710478127 0.453386456 -0.53957057
vn 0.269412875 0.745358825 -0.563044071
vn -0.0316614732 0.704575777 -0.665275514
vn -0.363799185 -0.439580172 -0.821230412
vn -0.16796945 -0.168292075 -0.986239433
vn -0.275696665 -0.602439463 -0.750869334
vn -0.136732206 0.550388038 -0.796150565
vn 0.449693561 0.709316254 -0.537419915
vn 0.507089317 0.588772237 -0.624273419
vn -0.441599816 0.753121555 -0.501000702
vn -0.781251669 0.402119488 -0.405223876
vn -0.713475227 0.565635204 -0.406530201
vn 0.824277759 0.371984303 -0.430582404
vn 0.794382691 0.568239689 -0.203685671
vn 0.871894956 0.504955053 -0.0462838151
vn 0.794382691 0.568239689 -0.203685671
vn 0.824277759 0.371984303 -0.430582404
vn 0.555051565 0.551322401 -0.607339501
vn 0.651500523 -0.592254698 -0.317961991
vn 0.539193153 0.0877490714 -0.683674097
vn 0.0746250004 0.0797375739 -0.979061365
vn -0.0519983396 -0.112911217 0.990488648
vn 0.239087135 -0.123178139 0.930339098
vn -0.129336938 -0.0950657874 0.987033188
vn 0.101145104 0.112829626 -0.978354216
vn 0.13419655 -0.596746266 -0.768172622
vn 0.0298718587 -0.0428154804 -1.00221777
vn 0.271926135 0.219709381 -0.919608653
vn 0.101145104 0.112829626 -0.978354216
vn 0.0298718587 -0.0428154804 -1.00221777
vn -0.249745712 -0.150183901 -0.886432886
vn -0.288517207 -0.1104922 -0.838310063
vn -0.198422626 -0.628429651 -0.732239187
vn -0.249745712 -0.150183901 -0.886432886
vn -0.264390856 0.540156364 -0.796366215
vn -0.288517207 -0.1104922 -0.838310063
vn -0.817213833 0.433440208 -0.325465769
vn -0.779087007 0.614506364 -0.0723951682
vn -0.990972877 -0.0809540749 -0.0961490571
vn -0.661119521 0.715651333 -0.145672143
vn -0.951656401 0.0438501202 -0.148628771
vn -0.907820284 -0.0435483307 0.457629889
vn -0.907820284 -0.0435483307 0.457629889
vn -0.8896963 0.0822524726 0.370401442
vn -0.682376921 0.600133836 0.190495491
vn -0.640025258 0.1285166 0.495783925
vn -0.0968398303 0.0448867977 0.994391143
vn -0.754624903 -0.0923850387 0.480730176
vn -0.0631467998 0.354488045 -0.934580445
vn 0.338691086 0.241848573 -0.906940341
vn 0.405357838 0.280471355 -0.85159266
vn 0.384164363 0.746808529 0.540056825
vn 0.798232615 0.503302872 0.33815968
vn 0.761109531 0.551342487 0.33594811
vn 0.384164363 0.746808529 0.540056825
vn 0.761109531 0.551342487 0.33594811
vn 0.459431589 0.759914935 0.474455595
vn -0.827096224 0.508863926 -0.213793889
vn -0.885512948 0.452270746 -0.106386289
vn -0.752906919 0.663706779 -0.0427493192
vn 0.846361518 0.195928842 -0.492869288
vn 0.783602893 0.338449597 -0.42167449
vn 0.87469548 0.0780540258 -0.486849517
vn -0.0191552676 0.351700217 0.926860869
vn -0.0336746275 0.42791149 0.896813691
vn -0.0996404886 0.552887082 0.831948996
vn 0.598025143 0.514316738 -0.588349223
vn -0.253691763 0.632952094 -0.75842458
vn 0.154931828 0.707634211 -0.69315958
vn 0.731206417 0.625244498 -0.267233491
vn 0.751847863 0.649165988 -0.112554148
vn 0.965725303 0.198907584 -0.205380574
vn 0.528576314 0.430021435 0.731840789
vn 0.703016043 0.422218829 0.560165703
vn 0.58359313 0.445158809 0.682140529
vn 0.528576314 0.430021435 0.731840789
vn 0.58359313 0.445158809 0.682140529
vn 0.441024214 0.444323689 0.779720128
vn -0.178560778 0.951488733 0.171108156
vn 0.100107372 0.705640316 0.671692848
vn 0.475758642 0.797222137 0.327322155
vn 0.100107372 0.705640316 0.671692848
vn -0.215833455 0.409372866 0.467499852
vn 0.475758642 0.797222137 0.327322155
vn 0.192461535 0.133150846 0.972180486
vn 0.576905787 0.0981631726 0.800310612
vn 0.282560915 0.467662841 0.816985965
vn 0.576905787 0.0981631726 0.800310612
vn 0.192461535 0.133150846 0.972180486
vn 0.083396554 0.41617009 0.812478721
vn 0.965725303 0.198907584 -0.205380574
vn 0.541450202 0.065712586 -0.596823454
vn 0.978272378 0.120710261 -0.171520516
vn 0.598025143 0.514316738 -0.588349223
vn 0.731206417 0.625244498 -0.267233491
vn 0.965725303 0.198907584 -0.205380574
vn 0.268500656 0.281381398 0.830418527
vn -0.40124771 0.0221422501 0.909914672
vn -0.129336938 -0.0950657874 0.987033188
vn 0.0889612511 -0.237954006 0.811967909
vn 0.430504352 -0.0955177397 0.718599677
vn 0.725447536 -0.168340653 0.680034161
vn -0.51319015 -0.352669001 0.780260146
vn 0.430504352 -0.0955177397 0.718599677
vn 0.0889612511 -0.237954006 0.811967909
vn -0.240734741 0.830883026 0.3585805
vn 0.157421753 0.925382793 0.340420812
vn 0.25112468 0.901716113 0.397900134
vn -0.3643305 0.50327909 -0.77596879
vn 0.0327271 0.477965027 -0.843855023
vn -0.193950698 0.624287963 -0.753998101
vn -0.895657301 -0.00131856429 -0.0809329897
vn -0.947726488 0.206021696 -0.254241139
vn -0.914033055 0.242220193 -0.342789203
vn -0.966857195 0.223212615 -0.0416621231
vn -0.941134214 0.281357259 -0.187609106
vn -0.948823154 0.287635237 -0.132871449
vn -0.913660467 -0.108377852 0.386207998
vn 0.445354432 -0.0413901359 0.713890672
vn 0.245235607 -0.540720999 0.688031495
vn 0.276146263 0.377822459 -0.883738339
vn -0.0650620908 0.127401888 -0.870693266
vn 0.133692175 0.171860248 -0.888654351
vn -0.655996621 0.655635417 0.435917705
vn -0.408873409 0.364983261 0.836266339
vn -0.371385813 0.478671432 0.799967289
vn 0.359595716 0.123331964 -0.924921691
vn 0.189228475 0.181924373 -0.960687041
vn 0.0327271 0.477965027 -0.843855023
vn 0.876072109 -0.381764859 0.179733127
vn 0.735652268 -0.509999454 0.543097436
vn 0.820752621 -0.317836374 -0.368654966
vn 0.240649566 -0.20425944 -0.608231485
vn 0.795341313 -0.540136814 -0.0863989666
vn 0.735652268 -0.509999454 0.543097436
vn -0.491969883 -0.529532313 0.684328556
vn -0.95590049 0.216608778 -0.0281045865
vn -0.921609998 -0.228232518 0.336597115
vn 0.777829468 0.449347377 0.340602726
vn 0.479040384 0.248198956 0.748021305
vn 0.718477905 0.617784858 0.319580019
vn 0.948629141 -0.238345116 -0.194084346
vn 0.919253409 -0.401965946 0.0602168664
vn 0.912439167 -0.376127064 -0.182427213
vn 0.96879065 -0.193319693 -0.0781887621
vn 0.738192439 -0.639388859 -0.20635812
vn 0.919253409 -0.401965946 0.0602168664
vn 0.245700926 0.48542577 -0.857513487
vn 0.332354754 0.415196508 -0.846848369
vn 0.189228475 0.181924373 -0.960687041
vn 0.0327271 0.477965027 -0.843855023
vn 0.332354754 0.415196508 -0.846848369
vn 0.697518349 0.425589919 -0.588178456
vn 0.398208708 0.46953544 -0.781726122
vn 0.320561826 0.212358251 -0.918344378
vn 0.0239764769 0.0989420712 -1.0032115
vn 0.831459641 0.180308387 0.606799781
vn 0.98924017 -0.0799997672 0.0286711864
vn 0.94243747 -0.22875528 0.272146374
vn -0.77145052 0.615064025 -0.117154479
vn -0.811457276 0.520542502 0.0919367373
vn -0.769274294 0.595145762 -0.0707065016
vn -0.77145052 0.615064025 -0.117154479
vn -0.769274294 0.595145762 -0.0707065016
vn -0.770763278 0.574801207 -0.177734658
vn -0.657983184 -0.418125004 0.64108175
vn -0.491969883 -0.529532313 0.684328556
vn -0.303061455 -0.659279943 0.690883696
vn -0.491969883 -0.529532313 0.684328556
vn -0.173126265 -0.857182145 0.49502939
vn -0.303061455 -0.659279943 0.690883696
vn 0.287735909 0.897009671 -0.262784749
vn 0.689633965 0.544690788 0.0131263407
vn -0.109688133 0.970611453 -0.0637242198
vn -0.353743285 0.110635698 0.906445146
vn 0.481936842 0.0716311261 0.855092287
vn 0.137917921 -0.0792219713 0.987270176
vn 0.481936842 0.0716311261 0.855092287
vn 0.0850887895 0.0285604764 0.98925966
vn 0.30403322 0.0550516956 0.953350365
vn 0.933005571 -0.154901206 -0.154687986
vn 0.9441998 -0.293550581 0.11888919
vn 0.589338481 -0.775454283 -0.304917753
vn -0.43223846 -0.34635663 0.824298322
vn -0.657983184 -0.418125004 0.64108175
vn -0.484336495 -0.623120964 0.590444803
vn -0.484336495 -0.623120964 0.590444803
vn -0.657983184 -0.418125004 0.64108175
vn -0.303061455 -0.659279943 0.690883696
vn 0.719182789 0.62574923 -0.302444041
vn 0.594187856 0.656009614 -0.487362534
vn 0.788490593 0.465374321 -0.40327239
vn 0.00132505468 -0.128533795 1.01259887
vn 0.0977090448 0.54578048 0.812106967
vn 0.092144534 0.511409938 0.787224591
vn -0.0306176804 0.51703155 0.838111699
vn 0.00132505468 -0.128533795 1.01259887
vn -0.291964144 -0.185675263 0.942916393
vn 0.784035981 0.228698879 0.610010862
vn 0.506460309 -0.0713441595 0.799195886
vn 0.688850701 -0.0674975067 0.673922896
vn 0.480414957 0.19524467 0.72384423
vn 0.40660584 0.228310227 0.818263233
vn 0.171027303 0.502772927 0.725344598
vn 0.583829939 0.248751044 -0.774019003
vn -0.0701143965 -0.594125271 -0.81002605
vn -0.114002816 -0.217477202 -0.926004887
vn -0.662047148 0.613357842 0.204187214
vn -0.945991099 0.320008457 -0.118065469
vn -0.784252822 0.140013367 0.589529455
vn -0.646492481 0.116595715 0.753153503
vn -0.662047148 0.613357842 0.204187214
vn -0.784252822 0.140013367 0.589529455
vn -0.105544999 0.0723181367 -1.00508904
vn 0.0942112282 0.654708922 -0.726701736
vn 0.154452488 0.287591428 -0.95526439
vn -0.0306176804 0.51703155 0.838111699
vn 0.0977090448 0.54578048 0.812106967
vn 0.00132505468 -0.128533795 1.01259887
vn 0.0977090448 0.54578048 0.812106967
vn -0.0306176804 0.51703155 0.838111699
vn 0.041762691 0.919304311 0.413608879
vn -0.938460052 -0.180117801 0.291225463
vn -0.913660467 -0.108377852 0.386207998
vn -0.963243663 0.0324562527 0.148293719
vn -0.938460052 -0.180117801 0.291225463
vn -0.977418125 0.0184991118 0.0940151513
vn -0.986838043 0.0938887224 0.158152774
vn 0.571617305 0.124653846 0.781852663
vn 0.506460309 -0.0713441595 0.799195886
vn 0.784035981 0.228698879 0.610010862
vn 0.732490003 0.335237324 0.579892814
vn 0.571617305 0.124653846 0.781852663
vn 0.655310214 0.56657964 0.535512328
vn 0.69904983 0.400406063 0.541110754
vn 0.91198051 0.389508754 0.153040797
vn 0.70262295 0.0979570523 0.623525739
vn 0.480414957 0.19524467 0.72384423
vn 0.69904983 0.400406063 0.541110754
vn 0.70262295 0.0979570523 0.623525739
vn 0.716635704 0.647734642 -0.265813798
vn 0.406192094 0.687116683 -0.608009636
vn 0.552666664 0.82057184 -0.385777891
vn -0.977418125 0.0184991118 0.0940151513
vn -0.938460052 -0.180117801 0.291225463
vn -0.963243663 0.0324562527 0.148293719
vn -0.977418125 0.0184991118 0.0940151513
vn -0.963243663 0.0324562527 0.148293719
vn -0.930277944 0.311688304 0.159610584
vn 0.720165133 0.289978981 -0.496490717
vn 0.771646857 -0.18965821 -0.448912412
vn 0.881961346 -0.192084789 -0.285817683
vn -0.284830332 0.0868667141 0.848376453
vn -0.421091765 0.248711929 0.828982353
vn -0.571015656 0.386214375 0.720660806
vn 0.223601297 0.608952522 0.689415038
vn -0.330760181 -0.407450438 0.877719581
vn -0.118474595 0.801799834 0.590951383
vn -0.330760181 -0.407450438 0.877719581
vn 0.223601297 0.608952522 0.689415038
vn 0.373249114 -0.00637039496 0.736647844
vn 0.844028413 0.145968854 -0.494083494
vn 0.406192094 0.687116683 -0.608009636
vn 0.716635704 0.647734642 -0.265813798
vn 0.915145159 0.259977669 -0.308092177
vn 0.844028413 0.145968854 -0.494083494
vn 0.716635704 0.647734642 -0.265813798
vn 0.651535988 0.366289139 -0.615226269
vn 0.894396663 0.191931188 -0.433063179
vn 0.819890678 0.430583924 -0.259229898
vn 0.819890678 0.430583924 -0.259229898
vn 0.725346208 0.48766157 -0.413190335
vn 0.651535988 0.366289139 -0.615226269
vn -0.580940187 0.682237566 -0.339180231
vn -0.599562228 0.627881885 -0.483413666
vn -0.618565023 0.710674703 -0.276599377
vn 0.336432874 0.195921898 -0.892445445
vn 0.266440451 -0.634542942 -0.693791628
vn 0.771646857 -0.18965821 -0.448912412
vn 0.336432874 0.195921898 -0.892445445
vn 0.771646857 -0.18965821 -0.448912412
vn 0.720165133 0.289978981 -0.496490717
vn -0.768626273 -0.0177691504 0.501978993
vn -0.41570282 -0.305829525 0.875803292
vn -0.757044971 0.124552056 0.628093779
vn 0.976783693 -0.211182162 -0.0359954871
vn 0.974227965 -0.268262774 -0.210815653
vn 0.876830339 0.0380745456 0.406708121
vn 0.876830339 0.0380745456 0.406708121
vn 0.2177995 0.258282542 0.946269631
vn 0.593072712 -0.00954495929 0.816947162
vn -0.964368582 0.14464055 -0.160349667
vn -0.951656401 0.0438501202 -0.148628771
vn -0.826912105 0.51450187 -0.233400583
vn -0.712443292 0.0505968146 0.68633604
vn -0.964368582 0.14464055 -0.160349667
vn -0.826912105 0.51450187 -0.233400583
vn -0.542745888 0.262041301 -0.783237994
vn -0.196507901 0.0529331006 -1.00284457
vn -0.300685346 0.477359682 -0.796273053
vn -0.640303135 0.304542899 -0.707110345
vn -0.542745888 0.262041301 -0.783237994
vn -0.300685346 0.477359682 -0.796273053
vn 0.268500656 0.281381398 0.830418527
vn 0.785014093 -0.0463137962 0.645273626
vn 0.445354432 -0.0413901359 0.713890672
vn 0.785014093 -0.0463137962 0.645273626
vn 0.878142178 -0.269437462 0.428286403
vn 0.445354432 -0.0413901359 0.713890672
vn 0.593072712 -0.00954495929 0.816947162
vn 0.982309103 -0.108526342 0.132034168
vn 0.876830339 0.0380745456 0.406708121
vn 0.873943925 -0.235109746 0.402007073
vn 0.360458404 -0.454643488 0.828128576
vn 0.309380829 -0.844615877 0.436882854
vn -0.738110602 0.610219121 -0.328307062
vn -0.887608945 0.349472672 -0.316673994
vn -0.805258632 0.376098841 -0.358065486
vn -0.825786352 0.273419797 0.413949043
vn -0.571713865 0.701646507 0.389390856
vn -0.780434728 0.549166203 0.259636015
vn 0.0142054753 -0.108900264 -0.794457912
vn -0.364816219 -0.195618927 -0.728420317
vn -0.500222445 0.248261526 -0.69911772
vn 0.233324915 -0.753934503 -0.614119112
vn -0.364816219 -0.195618927 -0.728420317
vn 0.0142054753 -0.108900264 -0.794457912
vn 0.82281518 0.386770278 0.414441824
vn 0.919680119 0.264353454 0.383409828
vn 0.951409459 0.237594724 0.264480203
vn -0.897303581 0.235888213 0.343039215
vn -0.773783147 0.0932124704 0.609466136
vn -0.937382102 0.163636535 0.326174587
vn -0.738184512 0.0375477634 0.680640101
vn -0.773783147 0.0932124704 0.609466136
vn -0.621443391 0.0179369133 0.781738043
vn -0.364816219 -0.195618927 -0.728420317
vn -0.572572291 0.356826544 -0.728466511
vn -0.570419431 0.291061878 -0.741568804
vn 0.216944948 0.0685278177 -0.931205213
vn 0.294691443 0.00064802781 -0.941101432
vn 0.0565402955 -0.749383867 -0.62951535
vn 0.294691443 0.00064802781 -0.941101432
vn 0.177417606 -0.678954124 -0.648680091
vn 0.0565402955 -0.749383867 -0.62951535
vn -0.738184512 0.0375477634 0.680640101
vn -0.913660467 -0.108377852 0.386207998
vn -0.937382102 0.163636535 0.326174587
vn -0.937382102 0.163636535 0.326174587
vn -0.773783147 0.0932124704 0.609466136
vn -0.738184512 0.0375477634 0.680640101
vn 0.211080939 0.879616916 -0.427533358
vn -0.227589801 0.664348304 -0.696395934
vn -0.282457709 0.85838747 -0.436745733
vn -0.227589801 0.664348304 -0.696395934
vn 0.578242242 0.449697137 -0.47955963
vn -0.282457709 0.85838747 -0.436745733
vn 0.726326227 0.654327989 -0.157914534
vn 0.0906637907 0.916893125 -0.408574462
vn 0.149582624 0.847760916 -0.522711515
vn 0.0906637907 0.916893125 -0.408574462
vn 0.250576168 0.827582836 -0.504012883
vn 0.149582624 0.847760916 -0.522711515
vn -0.361699164 0.305693418 0.903122485
vn -0.629639864 0.328207731 0.70213294
vn -0.573872924 -0.139380053 0.760136485
vn 0.201524839 0.337180614 -0.922728717
vn 0.398369521 -0.165824279 -0.887128413
vn 0.294691443 0.00064802781 -0.941101432
vn 0.201524839 0.337180614 -0.922728717
vn 0.362180173 0.0801909417 -0.934277356
vn 0.398369521 -0.165824279 -0.887128413
vn -0.271672875 0.32865876 -0.554746449
vn 0.797360897 -0.498064846 -0.321399629
vn 0.0384741873 0.558395088 -0.241578937
vn 0.704637229 0.625122488 -0.373123795
vn 0.903800845 0.445454121 -0.0946447477
vn 0.789886296 -0.0123487879 -0.605012238
vn -0.0404927768 -0.345260352 0.938293159
vn -0.273736387 0.512488604 0.804975927
vn -0.761419654 -0.0322799012 0.622755945
vn 0.248498932 0.478015095 0.835089326
vn 0.516417503 0.677077115 0.517168403
vn 0.717360854 0.400330186 0.336717695
vn 0.699348211 0.299958497 0.127184868
vn 0.717360854 0.400330186 0.336717695
vn 0.516417503 0.677077115 0.517168403
vn -0.571713865 0.701646507 0.389390856
vn -0.804104686 0.438473642 0.37890324
vn -0.240734741 0.830883026 0.3585805
vn -0.161612734 -0.576963305 -0.808955431
vn 0.0855169967 -0.683225214 -0.726896405
vn -0.275696665 -0.602439463 -0.750869334
vn -0.161612734 -0.576963305 -0.808955431
vn -0.16796945 -0.168292075 -0.986239433
vn 0.0855169967 -0.683225214 -0.726896405
vn 0.895600021 -0.412009239 0.170029342
vn 0.9441998 -0.293550581 0.11888919
vn 0.933005571 -0.154901206 -0.154687986
vn 0.96879065 -0.193319693 -0.0781887621
vn 0.895600021 -0.412009239 0.170029342
vn 0.933005571 -0.154901206 -0.154687986
vn -0.423944175 0.798085034 0.0598884597
vn -0.903887749 0.454465002 0.0713589415
vn 0.458624214 0.455235988 0.541294694
vn -0.730602801 0.0132751502 0.476057231
vn -0.903887749 0.454465002 0.0713589415
vn -0.914033055 0.242220193 -0.342789203
vn -0.85588491 0.371961027 0.124410607
vn -0.743307352 0.471494526 0.204417825
vn -0.673104644 0.273871064 0.657223642
vn -0.646492481 0.116595715 0.753153503
vn -0.673104644 0.273871064 0.657223642
vn -0.743307352 0.471494526 0.204417825
vn -0.491969883 -0.529532313 0.684328556
vn -0.462513089 -0.522686779 0.683103085
vn -0.173126265 -0.857182145 0.49502939
vn 0.370472431 0.824032903 -0.242730662
vn -0.0572363622 0.86015451 -0.529467881
vn 0.153473839 0.853179574 -0.487104803
vn 0.871818185 0.132196084 0.476050556
vn 0.799211323 0.469376177 0.405667394
vn 0.601012647 0.154149041 0.716720402
vn 0.871818185 0.132196084 0.476050556
vn 0.601012647 0.154149041 0.716720402
vn 0.863473892 -0.376771331 0.370623231
vn 0.909712434 0.190090105 0.4616943
vn -0.662646651 0.444604486 -0.1433575
vn -0.423944175 0.798085034 0.0598884597
vn -0.914033055 0.242220193 -0.342789203
vn -0.903887749 0.454465002 0.0713589415
vn -0.423944175 0.798085034 0.0598884597
vn -0.112326719 0.984748006 0.10312476
vn -0.903947353 0.413423866 0.0903222561
vn -0.822583556 0.409476519 0.404743999
vn 0.813905358 0.518298805 -0.249002784
vn 0.655657887 0.451699436 -0.556499898
vn 0.54209578 0.643670082 -0.451561779
vn 0.655657887 0.451699436 -0.556499898
vn 0.689248562 0.325587511 -0.614062011
vn 0.328414381 0.604283571 -0.622146189
vn -0.392299324 0.65765202 0.537526011
vn 0.501520634 0.346086651 0.639202595
vn 0.547013819 0.0337679312 0.64039278
vn 0.501520634 0.346086651 0.639202595
vn 0.871818185 0.132196084 0.476050556
vn 0.547013819 0.0337679312 0.64039278
vn 0.358253032 0.873356879 -0.314136147
vn 0.0533402152 0.511970997 -0.738455713
vn 0.33385855 0.893984079 -0.238968879
vn 0.855809331 0.513160348 0.0652452037
vn 0.0533402152 0.511970997 -0.738455713
vn 0.86358577 0.434499949 -0.284350872
vn -0.248453557 0.440626025 0.851995945
vn -0.323698074 0.72200948 0.600386202
vn -0.124670908 0.265599161 0.968109012
vn -0.493588239 0.113350645 -0.761657476
vn -0.583131015 0.56528765 -0.57945621
vn -0.687766612 0.313498914 -0.603566945
vn -0.743928075 0.191505432 0.530464709
vn -0.981489599 0.243125573 -0.122150995
vn -0.585537672 0.43989566 0.226191178
vn 0.151414379 0.633979917 0.76554358
vn -0.585537672 0.43989566 0.226191178
vn 0.154307067 0.950553894 0.0961684808
vn 0.618719757 -0.240933195 -0.746533334
vn -0.46094957 0.105287805 -0.886771798
vn 0.401803344 0.209512308 -0.885453582
vn 0.585101843 -0.0142238224 -0.78183347
vn 0.618719757 -0.240933195 -0.746533334
vn 0.401803344 0.209512308 -0.885453582
vn 0.134464473 0.842376173 -0.120573573
vn 0.678479671 0.730647445 -0.0368571319
vn -0.334594518 0.537454486 0.310475886
vn -0.38889423 -0.180711553 0.91542536
vn -0.757044971 0.124552056 0.628093779
vn -0.41570282 -0.305829525 0.875803292
vn 0.453177124 0.79736501 -0.383069038
vn 0.719182789 0.62574923 -0.302444041
vn 0.631042659 0.712147236 -0.302653342
vn 0.171860456 0.879020274 -0.444732815
vn 0.453177124 0.79736501 -0.383069038
vn 0.631042659 0.712147236 -0.302653342
vn -0.546631217 0.482393682 -0.650647342
vn -0.521475017 0.755225003 -0.405931175
vn 0.0297761858 0.448090851 -0.849836946
vn 0.740084231 0.270329297 -0.628070593
vn 0.753284574 0.20239225 -0.56485498
vn 0.508295715 0.217725888 -0.83504647
vn -0.408873409 0.364983261 0.836266339
vn -0.425711721 0.304574966 0.838645339
vn -0.532890439 0.406896502 0.679718852
vn -0.408873409 0.364983261 0.836266339
vn -0.381436646 0.254464895 0.888680875
vn -0.425711721 0.304574966 0.838645339
vn 0.438290328 0.854247987 -0.30303508
vn 0.829476893 0.376568586 -0.394677937
vn 0.412627608 0.800540984 -0.440565944
vn -0.662646651 0.444604486 -0.1433575
vn -0.914033055 0.242220193 -0.342789203
vn -0.423944175 0.798085034 0.0598884597
vn -0.941134214 0.281357259 -0.187609106
vn -0.914033055 0.242220193 -0.342789203
vn -0.662646651 0.444604486 -0.1433575
vn 0.620630145 0.550218582 -0.562106788
vn 0.165403262 0.538182378 -0.835455477
vn 0.573268473 0.677029014 -0.217560351
vn 0.165403262 0.538182378 -0.835455477
vn 0.620630145 0.550218582 -0.562106788
vn 0.771109283 0.397393823 -0.531648934
vn 0.793777704 0.33964926 0.3537651
vn 0.876830339 0.0380745456 0.406708121
vn 0.974227965 -0.268262774 -0.210815653
vn 0.103449747 0.278267592 -0.950420082
vn 0.058760263 0.399965525 -0.90187037
vn 0.189228475 0.181924373 -0.960687041
vn -0.116912939 -0.922535062 0.397151649
vn -0.206791908 -0.757154286 0.609045804
vn -0.188134477 -0.916355789 0.380581051
vn -0.827096224 0.508863926 -0.213793889
vn -0.894856095 0.3288607 -0.0880667567
vn -0.802380979 -0.0656973422 0.621023238
vn -0.546631217 0.482393682 -0.650647342
vn -0.691166997 0.585135758 -0.439363122
vn -0.521475017 0.755225003 -0.405931175
vn 0.130143747 0.896264732 -0.42940414
vn 0.245145917 0.896045446 -0.370197922
vn 0.174814478 0.822891235 -0.455076307
vn 0.808084548 0.367795289 -0.511576176
vn 0.280545294 0.824819922 -0.48515287
vn 0.494509578 0.728703141 -0.4610672
vn -0.681888819 0.519756556 -0.519471288
vn -0.487841517 0.337295085 -0.786023498
vn -0.691166997 0.585135758 -0.439363122
vn 0.0943191424 0.312862545 -0.92062664
vn -0.487841517 0.337295085 -0.786023498
vn -0.406603605 0.575941563 -0.708277225
vn -0.188134477 -0.916355789 0.380581051
vn -0.277739882 -0.566422462 0.764272153
vn 0.04366602 -0.612898171 0.781337678
vn -0.277739882 -0.566422462 0.764272153
vn -0.43223846 -0.34635663 0.824298322
vn 0.04366602 -0.612898171 0.781337678
vn 0.814305305 0.37114045 -0.444451123
vn 0.87469548 0.0780540258 -0.486849517
vn 0.570082068 0.58539778 -0.582467616
vn -0.583131015 0.56528765 -0.57945621
vn -0.406603605 0.575941563 -0.708277225
vn -0.681888819 0.519756556 -0.519471288
vn -0.487841517 0.337295085 -0.786023498
vn -0.681888819 0.519756556 -0.519471288
vn -0.406603605 0.575941563 -0.708277225
vn -0.753315151 0.483293444 0.380606353
vn -0.673104644 0.273871064 0.657223642
vn -0.715643644 0.162051946 0.660088301
vn -0.897303581 0.235888213 0.343039215
vn -0.753315151 0.483293444 0.380606353
vn -0.715643644 0.162051946 0.660088301
vn -0.0871500745 0.358181715 -0.914234698
vn -0.319398284 0.235450923 -0.881868541
vn -0.196507901 0.0529331006 -1.00284457
vn -0.249453261 0.962587297 -0.151170686
vn -0.330383241 0.928798795 0.182229817
vn -0.203580618 0.949959457 -0.136073858
vn -0.60788542 0.712393284 -0.307155907
vn -0.330383241 0.928798795 0.182229817
vn -0.567359626 0.767238021 0.0722114667
vn -0.15424116 0.478474796 -0.887398899
vn 0.240649566 -0.20425944 -0.608231485
vn 0.525716782 0.121583678 -0.660393059
vn -0.780434728 0.549166203 0.259636015
vn -0.875104964 0.487847537 0.00633797469
vn -0.95590049 0.216608778 -0.0281045865
vn 0.565263569 0.275405407 -0.642748594
vn 0.598025143 0.514316738 -0.588349223
vn 0.978272378 0.120710261 -0.171520516
vn 0.978272378 0.120710261 -0.171520516
vn 0.598025143 0.514316738 -0.588349223
vn 0.965725303 0.198907584 -0.205380574
vn 0.00978057738 -0.420916796 -0.92559731
vn -0.0255498532 -0.760446966 -0.648897231
vn -0.0849812105 -0.797107458 -0.6030882
vn 0.932451308 0.266672224 -0.243763119
vn 0.836373806 0.52896148 -0.159420624
vn 0.885481954 0.191613868 -0.380021989
vn 0.885481954 0.191613868 -0.380021989
vn 0.844028413 0.145968854 -0.494083494
vn 0.932451308 0.266672224 -0.243763119
vn -0.939701378 0.27376014 -0.20452483
vn -0.950762808 0.113822371 -0.253526419
vn -0.840998888 0.331827581 -0.442083538
vn -0.0538043194 0.588500023 -0.755014658
vn -0.303930432 0.298183769 -0.929582119
vn -0.422886759 0.42435199 -0.753407061
vn 0.154038966 0.604113042 -0.598919153
vn 0.576505125 0.402673393 -0.703325689
vn 0.21918273 0.602662146 -0.625641048
vn -0.0414968692 0.391099393 -0.92195338
vn 0.185673997 0.28576088 -0.936812282
vn 0.0786318853 0.376511812 -0.924111187
vn 0.0254834481 0.453072667 -0.891826451
vn -0.0414968692 0.391099393 -0.92195338
vn 0.0786318853 0.376511812 -0.924111187
vn 0.899783909 0.442337483 -0.0260193665
vn 0.976767123 0.162591502 0.0709527284
vn 0.951872885 -0.316855341 -0.182128966
vn -0.0115052303 0.437793672 0.907522082
vn -0.341128021 0.613595784 0.717413425
vn -0.113671429 0.281221658 0.958002031
vn -0.00785481557 0.643564343 0.773415744
vn 0.466007739 0.424714625 0.786864638
vn -0.113671429 0.281221658 0.958002031
vn 0.0393868722 0.884882689 -0.491894156
vn 0.21918273 0.602662146 -0.625641048
vn -0.841165543 0.433356941 -0.17229867
vn -0.888301671 0.325402349 -0.238893509
vn -0.841165543 0.433356941 -0.17229867
vn 0.21918273 0.602662146 -0.625641048
vn -0.935929239 0.322426766 -0.0703799352
vn -0.855143309 0.232442155 -0.468379796
vn -0.87534833 0.380118966 -0.297625512
vn 0.801160634 0.371480852 0.324883491
vn 0.441024214 0.444323689 0.779720128
vn 0.275130838 0.5465855 0.791482449
vn 0.185673997 0.28576088 -0.936812282
vn 0.190388039 0.297029614 -0.934422374
vn 0.0786318853 0.376511812 -0.924111187
vn -0.0631467998 0.354488045 -0.934580445
vn 0.406192094 0.687116683 -0.608009636
vn 0.338691086 0.241848573 -0.906940341
vn 0.670100152 0.0155736562 0.646900654
vn 0.419778943 -0.207783729 0.846733153
vn 0.424887866 -0.091453284 0.875021458
vn 0.225997195 0.8046 0.549130261
vn -0.0424380377 0.630848169 0.670912802
vn 0.0959627256 0.398351401 0.90730387
vn 0.201030895 -0.211082205 0.88656491
vn 0.356236756 0.15655832 0.839848876
vn 0.181568101 0.480914742 0.874618471
vn -0.112326719 0.984748006 0.10312476
vn 0.366018653 0.891835153 0.0562287606
vn -0.28641066 0.602516592 0.226811245
vn 0.366018653 0.891835153 0.0562287606
vn 0.0863700658 0.406670868 0.552137136
vn -0.28641066 0.602516592 0.226811245
vn -0.886197925 0.291339546 0.311012924
vn -0.736531913 0.3441073 0.579934299
vn -0.651309013 0.508359671 0.430146933
vn -0.592972636 0.322346687 0.685062289
vn -0.651309013 0.508359671 0.430146933
vn -0.736531913 0.3441073 0.579934299
vn 0.767947197 -0.121010639 0.601417601
vn 0.482140601 -0.288829297 0.657471716
vn 0.863473892 -0.376771331 0.370623231
vn 0.31615901 -0.147435203 0.944456935
vn -0.188912615 -0.418478459 0.887511194
vn -0.0772953033 -0.454077542 0.887785017
vn -0.188912615 -0.418478459 0.887511194
vn 0.373249114 -0.00637039496 0.736647844
vn -0.0772953033 -0.454077542 0.887785017
vn 0.0127454344 0.990437388 -0.060132876
vn 0.244420484 0.798431277 -0.393541098
vn 0.68724978 0.471286982 0.11371436
vn -0.100292534 0.0431143567 0.981335104
vn 0.47526139 0.468523026 0.771160185
vn 0.0475492515 0.487181783 0.88797015
vn -0.291964144 -0.185675263 0.942916393
vn -0.0424380377 0.630848169 0.670912802
vn -0.100292534 0.0431143567 0.981335104
vn -0.113671429 0.281221658 0.958002031
vn -0.341128021 0.613595784 0.717413425
vn -0.00785481557 0.643564343 0.773415744
vn -0.20450066 0.395712197 0.903164923
vn -0.00785481557 0.643564343 0.773415744
vn -0.341128021 0.613595784 0.717413425
vn 0.356236756 0.15655832 0.839848876
vn 0.628728926 0.0627264231 0.749798357
vn 0.368018985 0.0813076273 0.926256537
vn 0.356236756 0.15655832 0.839848876
vn 0.368018985 0.0813076273 0.926256537
vn -0.100292534 0.0431143567 0.981335104
vn -0.469656527 0.880874217 -0.0990604535
vn -0.233357772 0.957538962 0.2033557
vn -0.330383241 0.928798795 0.182229817
vn -0.233357772 0.957538962 0.2033557
vn -0.567359626 0.767238021 0.0722114667
vn -0.330383241 0.928798795 0.182229817
vn 0.478264928 -0.25796777 -0.840048969
vn -0.297556669 -0.451803029 -0.824614704
vn -0.325053692 -0.479011685 -0.794242799
vn -0.947726488 0.206021696 -0.254241139
vn -0.730602801 0.0132751502 0.476057231
vn -0.914033055 0.242220193 -0.342789203
vn 0.175850824 0.817354798 -0.548641682
vn 0.319920927 0.771915495 -0.531581581
vn -0.0572363622 0.86015451 -0.529467881
vn 0.324564606 0.761433959 -0.550247014
vn 0.319920927 0.771915495 -0.531581581
vn 0.175850824 0.817354798 -0.548641682
vn 0.852030575 -0.405215204 -0.332749218
vn 0.185247034 0.20277907 -0.834156334
vn 0.341237426 0.31631434 -0.839389324
vn -0.203580618 0.949959457 -0.136073858
vn -0.330383241 0.928798795 0.182229817
vn -0.60788542 0.712393284 -0.307155907
vn -0.280020118 0.774573803 -0.545954287
vn -0.60788542 0.712393284 -0.307155907
vn -0.287236661 0.667674124 -0.645696282
vn 0.813905358 0.518298805 -0.249002784
vn 0.839999914 0.287560314 -0.442503124
vn 0.794382691 0.568239689 -0.203685671
vn 0.186181068 0.103404261 -0.956229448
vn 0.667829871 0.403488666 -0.644744635
vn 0.894396663 0.191931188 -0.433063179
vn 0.101145104 0.112829626 -0.978354216
vn 0.667829871 0.403488666 -0.644744635
vn 0.186181068 0.103404261 -0.956229448
vn -0.621443391 0.0179369133 0.781738043
vn -0.646492481 0.116595715 0.753153503
vn -0.784252822 0.140013367 0.589529455
vn -0.646492481 0.116595715 0.753153503
vn -0.621443391 0.0179369133 0.781738043
vn -0.773783147 0.0932124704 0.609466136
vn -0.057037387 -0.548027515 0.806992888
vn -0.07187929 -0.696531773 0.693406761
vn 0.157086328 -0.363921374 0.942608476
vn 0.578344822 0.813212335 0.0116176894
vn 0.718746126 0.687917054 0.00660588965
vn 0.552666664 0.82057184 -0.385777891
vn 0.578344822 0.813212335 0.0116176894
vn 0.358253032 0.873356879 -0.314136147
vn 0.43128255 0.875857711 0.204236463
vn -0.805645645 0.529852092 0.222986594
vn -0.861531496 0.359704614 0.104924388
vn -0.326148242 0.93566227 0.173340082
vn 0.0768674091 0.979004323 0.188790485
vn 0.0456510596 0.893752992 0.422652245
vn 0.0456335321 0.97019738 0.240558848
vn -0.0306176804 0.51703155 0.838111699
vn 0.0456510596 0.893752992 0.422652245
vn 0.041762691 0.919304311 0.413608879
vn 0.552666664 0.82057184 -0.385777891
vn 0.0533402152 0.511970997 -0.738455713
vn 0.358253032 0.873356879 -0.314136147
vn 0.578344822 0.813212335 0.0116176894
vn 0.552666664 0.82057184 -0.385777891
vn 0.358253032 0.873356879 -0.314136147
vn 0.149582624 0.847760916 -0.522711515
vn 0.250576168 0.827582836 -0.504012883
vn 0.291370511 0.760527968 -0.574513733
vn 0.489002973 -0.221201017 0.81741941
vn 0.725447536 -0.168340653 0.680034161
vn 0.766656816 -0.308196217 0.569841385
vn 0.489002973 -0.221201017 0.81741941
vn 0.632971644 -0.194864362 0.753979921
vn 0.725447536 -0.168340653 0.680034161
vn 0.151414379 0.633979917 0.76554358
vn -0.743928075 0.191505432 0.530464709
vn -0.585537672 0.43989566 0.226191178
vn 0.221775442 0.272924542 0.943511784
vn -0.743928075 0.191505432 0.530464709
vn 0.151414379 0.633979917 0.76554358
vn -0.240734741 0.830883026 0.3585805
vn 0.25112468 0.901716113 0.397900134
vn -0.571713865 0.701646507 0.389390856
vn 0.585444391 0.703471184 -0.236846536
vn 0.810150206 0.562081993 -0.0738213435
vn 0.830659509 0.550060809 0.124326602
vn -0.271477878 0.0126115503 -0.956114233
vn -0.679233968 0.195034251 -0.599832654
vn -0.362264276 0.117038712 -0.925704718
vn 0.505159795 -0.144670233 -0.810958743
vn -0.271477878 0.0126115503 -0.956114233
vn -0.362264276 0.117038712 -0.925704718
vn -0.0640228093 -0.875880957 -0.359074503
vn -0.110449821 -0.838300586 -0.506856143
vn -0.257885784 -0.923053563 -0.294130743
vn -0.547198772 0.483002216 0.681148052
vn -0.661916256 0.397766173 0.633332789
vn -0.73159337 0.315905184 0.595449805
vn -0.509541631 0.694317997 -0.50422585
vn -0.599562228 0.627881885 -0.483413666
vn -0.594013631 0.263526291 -0.708394885
vn -0.136732206 0.550388038 -0.796150565
vn -0.509541631 0.694317997 -0.50422585
vn -0.594013631 0.263526291 -0.708394885
vn 0.480414957 0.19524467 0.72384423
vn 0.717963636 0.690778673 0.198221564
vn 0.587149799 0.492140681 0.614106238
vn 0.98924017 -0.0799997672 0.0286711864
vn 0.97854954 -0.192566574 -0.0732036531
vn 0.982309103 -0.108526342 0.132034168
vn 0.894396663 0.191931188 -0.433063179
vn 0.667829871 0.403488666 -0.644744635
vn 0.836373806 0.52896148 -0.159420624
vn 0.836373806 0.52896148 -0.159420624
vn 0.819890678 0.430583924 -0.259229898
vn 0.894396663 0.191931188 -0.433063179
vn -0.753315151 0.483293444 0.380606353
vn -0.82624507 0.537944973 0.200377882
vn -0.607744873 0.627642572 0.478225052
vn -0.67950803 0.293853134 0.66746527
vn -0.82624507 0.537944973 0.200377882
vn -0.96082592 0.247595534 0.140190721
vn 0.522581279 0.844866693 0.114495859
vn 0.719980478 0.679088831 0.142459005
vn 0.717963636 0.690778673 0.198221564
vn 0.935374677 0.304496646 -0.143980876
vn 0.688002229 0.702767789 -0.055657547
vn 0.56978637 0.493312627 -0.605009019
vn 0.239087135 -0.123178139 0.930339098
vn 0.747925699 -0.327105284 0.624004483
vn 0.878142178 -0.269437462 0.428286403
vn 0.0815921426 -0.73470819 0.673458755
vn 0.0295723099 -0.875664473 0.482013702
vn 0.309380829 -0.844615877 0.436882854
vn 0.0301137641 -1.00973284 0.189256161
vn -0.182151392 -0.788227975 0.544290841
vn 0.309380829 -0.844615877 0.436882854
vn -0.515290976 -0.268697172 -0.687165558
vn -0.789435983 0.355449885 -0.437729836
vn -0.263857335 0.136217013 -0.933246672
vn -0.64431721 0.660445511 -0.222904682
vn -0.641428649 0.631415844 -0.44085893
vn -0.789435983 0.355449885 -0.437729836
vn -0.901873112 0.401400566 0.174286216
vn -0.780434728 0.549166203 0.259636015
vn -0.95590049 0.216608778 -0.0281045865
vn 0.165403262 0.538182378 -0.835455477
vn 0.654386997 0.464525819 -0.579396605
vn 0.747638583 0.326067746 -0.418205202
vn 0.747638583 0.326067746 -0.418205202
vn 0.654386997 0.464525819 -0.579396605
vn 0.239913568 0.647347867 -0.648554206
vn 0.0863700658 0.406670868 0.552137136
vn 0.607065558 0.472356379 0.144486353
vn 0.601012647 0.154149041 0.716720402
vn 0.523083329 0.828284681 0.135792032
vn 0.607065558 0.472356379 0.144486353
vn 0.0863700658 0.406670868 0.552137136
vn 0.0889612511 -0.237954006 0.811967909
vn 0.725447536 -0.168340653 0.680034161
vn 0.655434668 -0.110245965 0.747162163
vn 0.655434668 -0.110245965 0.747162163
vn 0.725447536 -0.168340653 0.680034161
vn 0.286546141 -0.370404899 0.767790556
vn 0.442533076 0.176641002 -0.836631417
vn 0.710478127 0.453386456 -0.53957057
vn 0.334869862 0.488086402 -0.746968567
vn 0.0254834481 0.453072667 -0.891826451
vn 0.334869862 0.488086402 -0.746968567
vn -0.166994527 0.533253551 -0.827183843
vn -0.876268446 0.0543095842 0.402742088
vn -0.986232758 -0.0624190792 0.181922927
vn -0.97973001 -0.195155591 0.0452038087
vn 0.086881794 0.40208751 -0.912330627
vn 0.0254834481 0.453072667 -0.891826451
vn 0.104157574 0.405785441 -0.908545792
vn 0.0620666407 0.473717213 -0.730159461
vn -0.500222445 0.248261526 -0.69911772
vn 0.403123319 0.531784952 -0.702908456
vn 0.211064488 0.686448216 -0.621677041
vn 0.0620666407 0.473717213 -0.730159461
vn 0.514161587 0.799608648 -0.31026417
vn -0.381267846 0.259557575 0.835193694
vn -0.277739882 -0.566422462 0.764272153
vn -0.206791908 -0.757154286 0.609045804
vn -0.206791908 -0.757154286 0.609045804
vn -0.277739882 -0.566422462 0.764272153
vn -0.188134477 -0.916355789 0.380581051
vn 0.598025143 0.514316738 -0.588349223
vn 0.154931828 0.707634211 -0.69315958
vn 0.731206417 0.625244498 -0.267233491
vn 0.48726368 0.7978881 -0.213271976
vn 0.731206417 0.625244498 -0.267233491
vn 0.388579428 0.790007889 -0.484789699
vn 0.567339122 0.617735624 0.525554538
vn 0.909712434 0.190090105 0.4616943
vn 0.618821979 0.291674316 0.7096349
vn 0.0848678723 0.497200429 0.863475025
vn -0.0611552671 0.234782755 0.974088192
vn -0.364617765 0.516439617 0.778875649
vn -0.892153323 -0.172312647 -0.437993765
vn -0.874037921 -0.207318157 -0.435230404
vn -0.855927289 -0.255160421 -0.449757367
vn -0.560616851 -0.204097763 -0.747965515
vn -0.338456124 -0.697018683 -0.614302695
vn -0.808812678 -0.234484643 -0.539294899
vn 0.165403262 0.538182378 -0.835455477
vn 0.639131963 0.528939068 -0.425348818
vn 0.239913568 0.647347867 -0.648554206
vn 0.0620666407 0.473717213 -0.730159461
vn -0.338456124 -0.697018683 -0.614302695
vn 0.0142054753 -0.108900264 -0.794457912
vn -0.874037921 -0.207318157 -0.435230404
vn -0.338456124 -0.697018683 -0.614302695
vn -0.855927289 -0.255160421 -0.449757367
vn 0.0227483567 -0.0744971931 -0.722373962
vn 0.0790914968 0.242679954 -0.596903682
vn 0.21257785 0.0884021446 -0.835057497
vn 0.831459641 0.180308387 0.606799781
vn -0.501747429 0.409146219 0.743960977
vn 0.0956963673 0.612276256 0.60060668
vn -0.157795921 0.877057731 0.438182056
vn -0.0299568716 0.972321749 0.225169033
vn 0.0456335321 0.97019738 0.240558848
vn 0.0768674091 0.979004323 0.188790485
vn 0.0456335321 0.97019738 0.240558848
vn -0.0299568716 0.972321749 0.225169033
vn 0.802108705 0.493097842 -0.322165191
vn 0.654235959 0.593378663 -0.484092891
vn 0.928071976 0.0286348611 -0.421750873
vn 0.928071976 0.0286348611 -0.421750873
vn 0.814305305 0.37114045 -0.444451123
vn 0.802108705 0.493097842 -0.322165191
vn 0.0444078743 0.135189056 0.994092822
vn 0.282560915 0.467662841 0.816985965
vn -0.23198016 0.487141281 0.832828999
vn 0.39818272 0.842821002 0.358059078
vn -0.239570573 0.977061808 0.163749948
vn 0.535149693 0.683431804 0.480588973
vn 0.393414438 0.593802035 -0.617125809
vn 0.839999914 0.287560314 -0.442503124
vn 0.54209578 0.643670082 -0.451561779
vn 0.829699695 0.0641372055 0.57564044
vn 0.063850984 0.229848817 0.963093579
vn 0.268500656 0.281381398 0.830418527
vn 0.221775442 0.272924542 0.943511784
vn 0.063850984 0.229848817 0.963093579
vn 0.829699695 0.0641372055 0.57564044
vn -0.154757574 -0.083054848 0.976550996
vn -0.106483541 -0.188325316 0.970634639
vn -0.0519983396 -0.112911217 0.990488648
vn 0.362180173 0.0801909417 -0.934277356
vn -0.0596358888 0.116407521 -0.992275596
vn -0.183629423 -0.16112566 -0.931502044
vn -0.0596358888 0.116407521 -0.992275596
vn -0.3643305 0.50327909 -0.77596879
vn -0.466352642 -0.152707249 -0.871318281
vn -0.402921617 0.576158285 0.715316057
vn -0.40124771 0.0221422501 0.909914672
vn -0.478807598 0.650672853 0.512608409
vn -0.100292534 0.0431143567 0.981335104
vn -0.0424380377 0.630848169 0.670912802
vn 0.356236756 0.15655832 0.839848876
vn -0.0424380377 0.630848169 0.670912802
vn 0.225997195 0.8046 0.549130261
vn 0.356236756 0.15655832 0.839848876
vn -0.0951548517 0.835373759 -0.436065644
vn -0.203580618 0.949959457 -0.136073858
vn -0.339495659 0.679624557 -0.657080948
vn -0.203580618 0.949959457 -0.136073858
vn -0.60788542 0.712393284 -0.307155907
vn -0.339495659 0.679624557 -0.657080948
vn -0.183629423 -0.16112566 -0.931502044
vn -0.466352642 -0.152707249 -0.871318281
vn -0.363799185 -0.439580172 -0.821230412
vn -0.183629423 -0.16112566 -0.931502044
vn -0.0596358888 0.116407521 -0.992275596
vn -0.466352642 -0.152707249 -0.871318281
vn 0.00520703429 -0.684741557 0.735637069
vn 0.131556049 -0.196017668 0.969260454
vn -0.0700500682 -0.709119797 0.707180679
vn -0.0700500682 -0.709119797 0.707180679
vn -0.0258993562 -0.630677223 0.770032346
vn 0.00520703429 -0.684741557 0.735637069
vn 0.810150206 0.562081993 -0.0738213435
vn 0.80407846 0.474430174 -0.330871701
vn 0.727859676 0.49802196 0.458522707
vn 0.912439167 -0.376127064 -0.182427213
vn 0.919253409 -0.401965946 0.0602168664
vn 0.738192439 -0.639388859 -0.20635812
vn 0.912439167 -0.376127064 -0.182427213
vn 0.738192439 -0.639388859 -0.20635812
vn 0.676237702 -0.723871589 -0.0608573519
vn -0.85238713 -0.0432246402 0.53043133
vn -0.861357212 0.300935447 -0.335549414
vn -0.94479686 -0.0181202535 -0.314134508
vn 0.165330052 0.414430261 0.881233573
vn -0.248930767 0.136435434 0.973627985
vn 0.232743219 0.0604595765 0.924923062
vn 0.165330052 0.414430261 0.881233573
vn 0.232743219 0.0604595765 0.924923062
vn 0.160519764 0.905739307 0.204156712
vn -0.944119155 0.266362965 -0.0716792047
vn -0.99825877 0.0443288311 -0.0196979344
vn -0.995264292 0.0208047591 -0.188994348
vn -0.981489599 0.243125573 -0.122150995
vn -0.944119155 0.266362965 -0.0716792047
vn -0.995264292 0.0208047591 -0.188994348
vn 0.374507457 0.498653144 -0.792617261
vn 0.154038966 0.604113042 -0.598919153
vn -0.0888254866 0.484120846 -0.777137101
vn 0.423505694 0.623766065 0.673891783
vn 0.599919081 0.620006859 0.489036351
vn 0.600366354 0.701268137 0.390115321
vn -0.196014166 0.513208926 0.782784879
vn -0.365006804 0.0543813407 0.915028036
vn -0.119513117 0.257067233 0.965108871
vn 0.594187856 0.656009614 -0.487362534
vn 0.483434945 0.744506896 -0.449978292
vn 0.788490593 0.465374321 -0.40327239
vn 0.483434945 0.744506896 -0.449978292
vn 0.153473839 0.853179574 -0.487104803
vn -0.0572363622 0.86015451 -0.529467881
vn -0.778386295 0.350495845 0.0391051285
vn -0.0115052303 0.437793672 0.907522082
vn -0.640025258 0.1285166 0.495783925
vn -0.778386295 0.350495845 0.0391051285
vn -0.640025258 0.1285166 0.495783925
vn -0.948823154 0.287635237 -0.132871449
vn -0.100292534 0.0431143567 0.981335104
vn 0.368018985 0.0813076273 0.926256537
vn 0.47526139 0.468523026 0.771160185
vn 0.368018985 0.0813076273 0.926256537
vn 0.628728926 0.0627264231 0.749798357
vn 0.47526139 0.468523026 0.771160185
vn 0.31615901 -0.147435203 0.944456935
vn -0.0817386359 -0.133071706 0.990674019
vn -0.0703037158 -0.237677097 0.968005717
vn 0.500387609 -0.416605681 0.714657366
vn -0.0611552671 0.234782755 0.974088192
vn 0.573203027 -0.0449768379 0.815046608
vn 0.622813106 0.446327657 0.643008947
vn 0.703016043 0.422218829 0.560165703
vn 0.572250664 0.441089272 0.691573322
vn 0.2177995 0.258282542 0.946269631
vn 0.793777704 0.33964926 0.3537651
vn 0.142183289 0.506839037 0.873382509
vn -0.196014166 0.513208926 0.782784879
vn -0.421091765 0.248711929 0.828982353
vn -0.365006804 0.0543813407 0.915028036
vn -0.421091765 0.248711929 0.828982353
vn -0.312875181 -0.433817744 0.850282192
vn -0.365006804 0.0543813407 0.915028036
vn -0.180438817 0.398417413 0.869481266
vn -0.224289209 0.568672001 0.755181193
vn -0.172270924 0.609272242 0.686028123
vn -0.0339524522 0.477348149 -0.87406379
vn -0.503221691 0.890646577 -0.0956226736
vn -0.641586959 0.162487447 -0.669194937
vn 0.0850887895 0.0285604764 0.98925966
vn -0.34080708 0.0170738492 0.933601141
vn 0.180075958 -0.132775977 0.966067731
vn -0.353743285 0.110635698 0.906445146
vn -0.34080708 0.0170738492 0.933601141
vn 0.0850887895 0.0285604764 0.98925966
vn 0.546563685 0.595740616 -0.589932799
vn 0.516386926 0.765846729 -0.431829393
vn 0.719182789 0.62574923 -0.302444041
vn 0.719182789 0.62574923 -0.302444041
vn 0.516386926 0.765846729 -0.431829393
vn 0.594187856 0.656009614 -0.487362534
vn 0.230194658 -0.2668612 -0.924698472
vn -0.259739518 -0.0806326047 -0.973660052
vn -0.456616014 0.0526616536 -0.889523327
vn -0.855143309 0.232442155 -0.468379796
vn -0.935929239 0.322426766 -0.0703799352
vn -0.939701378 0.27376014 -0.20452483
vn -0.887608945 0.349472672 -0.316673994
vn -0.855143309 0.232442155 -0.468379796
vn -0.939701378 0.27376014 -0.20452483
vn -0.326948673 -0.450284123 0.855578065
vn -0.435690969 -0.577591956 0.692979097
vn -0.330760181 -0.407450438 0.877719581
vn -0.0763054937 0.179219946 0.952716112
vn -0.326948673 -0.450284123 0.855578065
vn -0.330760181 -0.407450438 0.877719581
vn -0.684015989 0.308669627 -0.660942614
vn -0.572572291 0.356826544 -0.728466511
vn -0.364816219 -0.195618927 -0.728420317
vn 0.779094934 0.585920155 0.205156729
vn 0.766974747 0.627672493 0.120741792
vn 0.611014783 0.598472178 0.528826416
vn -0.989055455 -0.105251871 -0.147539422
vn -0.987584233 -0.169645339 0.0597158112
vn -0.87248379 0.368027747 -0.0371953547
vn -0.989055455 -0.105251871 -0.147539422
vn -0.99825877 0.0443288311 -0.0196979344
vn -0.987584233 -0.169645339 0.0597158112
vn 0.721582651 0.527775049 -0.357811272
vn 0.172367439 0.719541609 -0.667734563
vn -0.175791487 0.285041004 -0.966516078
vn -0.553937972 0.704969645 0.278598517
vn -0.640400827 0.58551085 0.534227431
vn -0.434446663 0.297076106 0.55180794
vn -0.332674384 -0.540739238 -0.770693421
vn -0.78069514 -0.147001579 -0.626728773
vn -0.892153323 -0.172312647 -0.437993765
vn -0.332674384 -0.540739238 -0.770693421
vn -0.892153323 -0.172312647 -0.437993765
vn -0.840845048 -0.138315216 -0.523305297
vn -0.985479116 0.186788976 0.105367444
vn -0.937382102 0.163636535 0.326174587
vn -0.986838043 0.0938887224 0.158152774
vn -0.985479116 0.186788976 0.105367444
vn -0.986838043 0.0938887224 0.158152774
vn -0.757044971 0.124552056 0.628093779
vn -0.634573936 0.00252748071 0.317884266
vn -0.157399341 0.153025314 0.855572701
vn -0.911556184 -0.26747185 0.342372
vn -0.738184512 0.0375477634 0.680640101
vn -0.621443391 0.0179369133 0.781738043
vn 0.050048057 -0.114785738 0.875951529
vn -0.507294774 -0.141899809 0.744858503
vn -0.157399341 0.153025314 0.855572701
vn 0.346665382 -0.179416999 0.909293056
vn -0.736617386 0.639377236 0.220434621
vn -0.618842185 0.254496098 0.516614854
vn -0.875104964 0.487847537 0.00633797469
vn -0.571713865 0.701646507 0.389390856
vn -0.736617386 0.639377236 0.220434621
vn -0.875104964 0.487847537 0.00633797469
vn 0.92523402 -0.344303876 -0.157830179
vn 0.937863469 -0.317014933 -0.0895978436
vn 0.946628392 -0.300398111 -0.0855880529
vn 0.819065452 -0.560232103 -0.0915596485
vn 0.937863469 -0.317014933 -0.0895978436
vn 0.92523402 -0.344303876 -0.157830179
vn -0.0992124751 -0.64311564 0.705824673
vn -0.633040488 -0.474348068 0.444653958
vn -0.124670908 0.265599161 0.968109012
vn 0.458624214 0.455235988 0.541294694
vn 0.956704259 -0.184996098 0.224707261
vn 0.909712434 0.190090105 0.4616943
vn 0.163834214 -0.194320217 0.936676741
vn 0.417837828 -0.139843702 0.841496766
vn 0.0382522754 -0.195522904 0.979847074
vn 0.417837828 -0.139843702 0.841496766
vn 0.163834214 -0.194320217 0.936676741
vn 0.725447536 -0.168340653 0.680034161
vn -0.921609998 -0.228232518 0.336597115
vn -0.462513089 -0.522686779 0.683103085
vn -0.491969883 -0.529532313 0.684328556
vn 0.442533076 0.176641002 -0.836631417
vn 0.356398493 0.0461340472 -0.931063235
vn 0.669897377 0.203079984 -0.724862218
vn 0.669897377 0.203079984 -0.724862218
vn -0.128825814 0.216313139 -0.962509334
vn 0.710478127 0.453386456 -0.53957057
vn 0.356398493 0.0461340472 -0.931063235
vn -0.128825814 0.216313139 -0.962509334
vn 0.669897377 0.203079984 -0.724862218
vn -0.805258632 0.376098841 -0.358065486
vn -0.840998888 0.331827581 -0.442083538
vn -0.8896963 0.0822524726 0.370401442
vn -0.1345319 0.643642008 -0.72655499
vn -0.0474320874 1.0226208 -0.100205243
vn 0.317448169 0.938930392 -0.0633716583
vn 0.317448169 0.938930392 -0.0633716583
vn -0.0474320874 1.0226208 -0.100205243
vn 0.080859378 0.922307074 0.393824965
vn 0.446112275 0.774773538 0.48918733
vn 0.678733945 0.655636013 0.371713281
vn 0.287735909 0.897009671 -0.262784749
vn -0.109688133 0.970611453 -0.0637242198
vn 0.446112275 0.774773538 0.48918733
vn 0.287735909 0.897009671 -0.262784749
vn 0.810150206 0.562081993 -0.0738213435
vn 0.703016043 0.422218829 0.560165703
vn 0.830659509 0.550060809 0.124326602
vn -0.909090221 0.0573767684 0.379304618
vn -0.886197925 0.291339546 0.311012924
vn -0.710110307 0.254214317 0.620821118
vn -0.710110307 0.254214317 0.620821118
vn -0.70213604 0.0734711438 0.648525178
vn -0.909090221 0.0573767684 0.379304618
vn 0.87469548 0.0780540258 -0.486849517
vn 0.783602893 0.338449597 -0.42167449
vn 0.829476893 0.376568586 -0.394677937
vn -0.690856218 0.326765329 0.595481277
vn -0.699806392 0.561080337 0.361174613
vn -0.478807598 0.650672853 0.512608409
vn 0.0475492515 0.487181783 0.88797015
vn -0.0306176804 0.51703155 0.838111699
vn -0.291964144 -0.185675263 0.942916393
vn 0.0475492515 0.487181783 0.88797015
vn -0.291964144 -0.185675263 0.942916393
vn -0.100292534 0.0431143567 0.981335104
vn -0.300685346 0.477359682 -0.796273053
vn -0.319398284 0.235450923 -0.881868541
vn -0.0538043194 0.588500023 -0.755014658
vn -0.802402914 0.21687521 -0.554175556
vn -0.599562228 0.627881885 -0.483413666
vn -0.367568731 0.451376915 -0.818708122
vn -0.829660773 0.352634162 0.436383694
vn -0.287637472 0.827256024 0.397971421
vn -0.667680204 0.656687796 0.2791107
vn 0.943227351 0.320367366 0.134067878
vn 0.801160634 0.371480852 0.324883491
vn 0.465411901 0.558768451 0.710187554
vn -0.591231942 0.375797778 0.259538174
vn -0.651695848 0.276785433 0.620038271
vn -0.312875181 -0.433817744 0.850282192
vn -0.28641066 0.602516592 0.226811245
vn -0.651695848 0.276785433 0.620038271
vn -0.591231942 0.375797778 0.259538174
vn 0.163834214 -0.194320217 0.936676741
vn -0.00945590064 0.0619819574 0.994841635
vn 0.206879988 -0.0329583026 0.968065441
vn -0.457673907 -0.50934124 -0.761740804
vn 0.13419655 -0.596746266 -0.768172622
vn -0.172599643 -0.304045498 -0.941383421
vn 0.0768674091 0.979004323 0.188790485
vn 0.041762691 0.919304311 0.413608879
vn 0.0456510596 0.893752992 0.422652245
vn 0.731206417 0.625244498 -0.267233491
vn 0.48726368 0.7978881 -0.213271976
vn 0.751847863 0.649165988 -0.112554148
vn 0.346665382 -0.179416999 0.909293056
vn 0.235344142 -0.241850913 0.927931786
vn -0.507294774 -0.141899809 0.744858503
vn -0.885512948 0.452270746 -0.106386289
vn -0.977435112 0.0652717352 -0.0520118289
vn -0.906147361 0.418886155 0.0516668074
vn -0.885512948 0.452270746 -0.106386289
vn -0.906147361 0.418886155 0.0516668074
vn -0.752906919 0.663706779 -0.0427493192
vn -0.34080708 0.0170738492 0.933601141
vn -0.38889423 -0.180711553 0.91542536
vn -0.180691734 -0.299563646 0.93680948
vn -0.180691734 -0.299563646 0.93680948
vn -0.38889423 -0.180711553 0.91542536
vn -0.41570282 -0.305829525 0.875803292
vn -0.0316614732 0.704575777 -0.665275514
vn -0.252146721 0.599493623 -0.76796186
vn -0.166994527 0.533253551 -0.827183843
vn 0.740084231 0.270329297 -0.628070593
vn 0.919771433 0.475078464 -0.191850945
vn 0.86358577 0.434499949 -0.284350872
vn 0.919771433 0.475078464 -0.191850945
vn 0.855809331 0.513160348 0.0652452037
vn 0.86358577 0.434499949 -0.284350872
vn 0.783602893 0.338449597 -0.42167449
vn 0.846361518 0.195928842 -0.492869288
vn 0.324564606 0.761433959 -0.550247014
vn 0.412627608 0.800540984 -0.440565944
vn 0.324564606 0.761433959 -0.550247014
vn 0.438290328 0.854247987 -0.30303508
vn -0.425711721 0.304574966 0.838645339
vn -0.687945724 0.493023425 0.541587234
vn -0.742643952 0.556405485 0.397016823
vn -0.742643952 0.556405485 0.397016823
vn -0.687945724 0.493023425 0.541587234
vn -0.857324779 0.343338609 0.0476268567
vn -0.1345319 0.643642008 -0.72655499
vn 0.317448169 0.938930392 -0.0633716583
vn 0.0942112282 0.654708922 -0.726701736
vn -0.300685346 0.477359682 -0.796273053
vn -0.196507901 0.0529331006 -1.00284457
vn -0.319398284 0.235450923 -0.881868541
vn -0.760533631 -0.307724416 0.50651139
vn -0.918695688 -0.330367982 0.216460556
vn -0.384795338 -0.167134866 0.875614345
vn -0.1345319 0.643642008 -0.72655499
vn 0.0942112282 0.654708922 -0.726701736
vn -0.641586959 0.162487447 -0.669194937
vn 0.731206417 0.625244498 -0.267233491
vn 0.154931828 0.707634211 -0.69315958
vn 0.388579428 0.790007889 -0.484789699
vn 0.154931828 0.707634211 -0.69315958
vn 0.48726368 0.7978881 -0.213271976
vn 0.388579428 0.790007889 -0.484789699
vn -0.784252822 0.140013367 0.589529455
vn -0.945991099 0.320008457 -0.118065469
vn -0.981489599 0.243125573 -0.122150995
vn 0.720165133 0.289978981 -0.496490717
vn 0.733165383 0.377142251 -0.393446028
vn 0.823870361 0.333612233 -0.273124158
vn 0.571617305 0.124653846 0.781852663
vn -0.019519845 -0.648768723 0.805205882
vn 0.506460309 -0.0713441595 0.799195886
vn 0.0943191424 0.312862545 -0.92062664
vn 0.276146263 0.377822459 -0.883738339
vn 0.0225981455 0.176547989 -0.974900305
vn 0.0225981455 0.176547989 -0.974900305
vn 0.276146263 0.377822459 -0.883738339
vn 0.185673997 0.28576088 -0.936812282
vn -0.0579982735 0.172922 0.976553559
vn 0.360458404 -0.454643488 0.828128576
vn 0.593072712 -0.00954495929 0.816947162
vn 0.873943925 -0.235109746 0.402007073
vn 0.593072712 -0.00954495929 0.816947162
vn 0.360458404 -0.454643488 0.828128576
vn -0.392299324 0.65765202 0.537526011
vn 0.547013819 0.0337679312 0.64039278
vn -0.523301184 0.68673569 0.501265883
vn 0.494509578 0.728703141 -0.4610672
vn 0.280545294 0.824819922 -0.48515287
vn 0.130143747 0.896264732 -0.42940414
vn 0.440135062 0.418037653 0.796606779
vn -0.119513117 0.257067233 0.965108871
vn -0.341849566 -0.296879053 0.878849804
vn 0.94881916 0.246939644 0.123241179
vn 0.795828402 0.451770991 0.407180011
vn 0.698337018 0.403693467 0.56209296
vn 0.830659509 0.550060809 0.124326602
vn 0.666517258 0.467191041 0.553826392
vn 0.795828402 0.451770991 0.407180011
vn 0.291340739 0.60901165 0.64586997
vn 0.835668325 0.393924296 0.388705045
vn 0.846200466 0.526780009 0.167085037
vn 0.282560915 0.467662841 0.816985965
vn 0.835668325 0.393924296 0.388705045
vn 0.291340739 0.60901165 0.64586997
vn 0.94881916 0.246939644 0.123241179
vn 0.830659509 0.550060809 0.124326602
vn 0.795828402 0.451770991 0.407180011
vn -0.673104644 0.273871064 0.657223642
vn -0.690795183 0.289512694 0.658843994
vn -0.661916256 0.397766173 0.633332789
vn -0.73159337 0.315905184 0.595449805
vn -0.661916256 0.397766173 0.633332789
vn -0.690795183 0.289512694 0.658843994
vn 0.835668325 0.393924296 0.388705045
vn 0.794947207 0.0139003433 0.607085586
vn 0.950618923 0.180090874 0.278311372
vn 0.666517258 0.467191041 0.553826392
vn 0.830659509 0.550060809 0.124326602
vn 0.703016043 0.422218829 0.560165703
vn 0.703016043 0.422218829 0.560165703
vn 0.622813106 0.446327657 0.643008947
vn 0.666517258 0.467191041 0.553826392
vn 0.747638583 0.326067746 -0.418205202
vn 0.946353018 0.0934010074 -0.30934146
vn 0.56978637 0.493312627 -0.605009019
vn 0.946353018 0.0934010074 -0.30934146
vn 0.935374677 0.304496646 -0.143980876
vn 0.56978637 0.493312627 -0.605009019
vn 0.370472431 0.824032903 -0.242730662
vn 0.398417532 0.595021188 -0.69812721
vn 0.318216741 0.41119349 -0.785269737
vn 0.249807134 0.279253781 -0.815716863
vn 0.370472431 0.824032903 -0.242730662
vn 0.258525372 0.648525536 -0.254520983
vn 0.914258718 -0.233699545 -0.301969171
vn 0.677523673 -0.149573326 -0.707978427
vn 0.578242242 0.449697137 -0.47955963
vn 0.181457132 0.306900114 0.943542063
vn 0.349373996 -0.00409115152 0.933241308
vn 0.508106947 0.154770821 0.847273946
vn 0.459431589 0.759914935 0.474455595
vn 0.297352076 0.918521941 0.270252347
vn 0.150327325 0.854466915 0.497280657
vn 0.459431589 0.759914935 0.474455595
vn 0.78676331 0.584910929 0.19084166
vn 0.297352076 0.918521941 0.270252347
vn -0.365807623 0.706882298 0.612392664
vn -0.00169791805 0.210606173 0.879070938
vn -0.448945463 0.440149814 0.771755159
vn 0.790822089 -0.558052719 -0.259656936
vn 0.546149254 -0.557419717 -0.642337859
vn 0.914258718 -0.233699545 -0.301969171
vn 0.599919081 0.620006859 0.489036351
vn 0.793777704 0.33964926 0.3537651
vn 0.777829468 0.449347377 0.340602726
vn 0.713847637 0.694405437 0.0906786174
vn 0.455641419 0.886928976 -0.0758141205
vn 0.579796314 0.783946216 0.232255444
vn 0.455641419 0.886928976 -0.0758141205
vn 0.317448169 0.938930392 -0.0633716583
vn 0.579796314 0.783946216 0.232255444
vn 0.398369521 -0.165824279 -0.887128413
vn 0.300546139 -0.671320021 -0.632243216
vn 0.177417606 -0.678954124 -0.648680091
vn 0.793777704 0.33964926 0.3537651
vn 0.974227965 -0.268262774 -0.210815653
vn 0.978190362 -0.179822385 -0.00878633652
vn 0.225009874 0.359809816 -0.906007946
vn 0.281394333 0.318569571 -0.905221224
vn 0.216944948 0.0685278177 -0.931205213
vn 0.225009874 0.359809816 -0.906007946
vn 0.216944948 0.0685278177 -0.931205213
vn 0.133973554 0.284923404 -0.968321562
vn -0.0219205711 -0.103889175 0.984951317
vn -0.123941347 0.202447817 0.971418321
vn -0.113671429 0.281221658 0.958002031
vn 0.133692175 0.171860248 -0.888654351
vn 0.28887704 0.32467398 -0.901527107
vn 0.185673997 0.28576088 -0.936812282
vn 0.185673997 0.28576088 -0.936812282
vn 0.28887704 0.32467398 -0.901527107
vn 0.190388039 0.297029614 -0.934422374
vn 0.370472431 0.824032903 -0.242730662
vn 0.965725303 0.198907584 -0.205380574
vn 0.751847863 0.649165988 -0.112554148
vn 0.370472431 0.824032903 -0.242730662
vn 0.751847863 0.649165988 -0.112554148
vn 0.48726368 0.7978881 -0.213271976
vn -0.264390856 0.540156364 -0.796366215
vn -0.247958481 0.692710221 -0.675226152
vn 0.230934381 0.713595748 -0.73330158
vn 0.230934381 0.713595748 -0.73330158
vn -0.288517207 -0.1104922 -0.838310063
vn -0.264390856 0.540156364 -0.796366215
vn 0.784035981 0.228698879 0.610010862
vn 0.424887866 -0.091453284 0.875021458
vn 0.655310214 0.56657964 0.535512328
vn 0.277324051 0.802346885 0.440839231
vn -0.301285893 0.713138282 0.56661582
vn -0.0731875002 0.886720657 0.434418142
vn 0.18014805 0.605810225 0.735286117
vn -0.301285893 0.713138282 0.56661582
vn 0.277324051 0.802346885 0.440839231
vn -0.361699164 0.305693418 0.903122485
vn -0.200622305 0.42298767 0.875477016
vn -0.629639864 0.328207731 0.70213294
vn -0.200622305 0.42298767 0.875477016
vn -0.495775878 0.418696672 0.721179485
vn -0.629639864 0.328207731 0.70213294
vn 0.419778943 -0.207783729 0.846733153
vn 0.57112962 0.211291 0.79352504
vn 0.31615901 -0.147435203 0.944456935
vn 0.580357432 -0.543357193 -0.586715043
vn 0.371264398 0.200164631 -0.826580524
vn -0.187179402 0.106332943 -0.945206106
vn 0.146117613 0.783931434 0.599735737
vn 0.241290256 0.759820044 0.597821295
vn 0.201500148 0.766491055 0.609827161
vn -0.840215981 0.248092234 0.454285502
vn -0.495822698 0.522833109 0.707243979
vn -0.875070214 0.247713953 0.410757214
vn 0.0254834481 0.453072667 -0.891826451
vn -0.196507901 0.0529331006 -1.00284457
vn 0.442533076 0.176641002 -0.836631417
vn 0.334869862 0.488086402 -0.746968567
vn 0.0254834481 0.453072667 -0.891826451
vn 0.442533076 0.176641002 -0.836631417
vn -0.699806392 0.561080337 0.361174613
vn -0.881934762 0.422147572 0.213052586
vn -0.789304137 0.527686834 0.189578623
vn 0.0908948034 0.797226965 0.606810212
vn -0.188524395 0.476372242 0.829936683
vn -0.0996404886 0.552887082 0.831948996
vn -0.641586959 0.162487447 -0.669194937
vn -0.290843338 0.950780571 0.0652557462
vn -0.206631824 0.896472275 0.169343099
vn -0.641586959 0.162487447 -0.669194937
vn -0.206631824 0.896472275 0.169343099
vn -0.980935395 -0.0690757632 -0.00715260161
vn -0.329083979 0.312721193 -0.897428751
vn -0.050502006 -0.41976884 -0.936630845
vn -0.344684154 -0.18311578 -0.920685351
vn 0.802922726 -0.482188255 -0.362527937
vn 0.797360897 -0.498064846 -0.321399629
vn 0.646277249 -0.768726945 0.125701159
vn -0.453553349 0.559576452 -0.696039677
vn 0.393382758 0.173517466 -0.885317922
vn 0.0279043093 0.320801347 -0.950008631
vn -0.75528264 0.321430594 -0.510023475
vn 0.0279043093 0.320801347 -0.950008631
vn -0.0908237994 0.274563611 -0.955530584
vn 0.320442528 0.0743820742 -0.793391883
vn 0.671789706 0.450724244 -0.521850228
vn 0.290785015 0.262895018 -0.733701229
vn 0.290785015 0.262895018 -0.733701229
vn 0.024166679 0.158137023 -0.979896307
vn 0.320442528 0.0743820742 -0.793391883
vn 0.631042659 0.712147236 -0.302653342
vn 0.719182789 0.62574923 -0.302444041
vn 0.859497666 0.426529288 -0.283717006
vn 0.631042659 0.712147236 -0.302653342
vn 0.859497666 0.426529288 -0.283717006
vn 0.245145917 0.896045446 -0.370197922
vn -0.453553349 0.559576452 -0.696039677
vn 0.0279043093 0.320801347 -0.950008631
vn -0.75528264 0.321430594 -0.510023475
vn -0.881978333 0.420851022 -0.168845296
vn -0.453553349 0.559576452 -0.696039677
vn -0.75528264 0.321430594 -0.510023475
vn -0.643998802 0.575683594 0.494335204
vn -0.906147361 0.418886155 0.0516668074
vn -0.876325488 0.324212074 0.36176759
vn -0.503221691 0.890646577 -0.0956226736
vn -0.640400827 0.58551085 0.534227431
vn -0.290843338 0.950780571 0.0652557462
vn -0.550531566 -0.0169558786 0.799687803
vn -0.791159451 0.103920206 0.602716625
vn -0.761938453 0.09611132 0.649814725
vn -0.0811433643 0.359737992 -0.932051539
vn 0.565263569 0.275405407 -0.642748594
vn -0.16796945 -0.168292075 -0.986239433
vn -0.271484733 0.531927526 -0.792922676
vn -0.253691763 0.632952094 -0.75842458
vn -0.0811433643 0.359737992 -0.932051539
vn 0.241290256 0.759820044 0.597821295
vn 0.82281518 0.386770278 0.414441824
vn 0.798232615 0.503302872 0.33815968
vn 0.324564606 0.761433959 -0.550247014
vn 0.597909808 0.620204687 -0.36119014
vn 0.347141236 0.776338875 -0.350158274
vn -0.789304137 0.527686834 0.189578623
vn -0.646644413 0.746828973 0.15223822
vn -0.326148242 0.93566227 0.173340082
vn -0.894824147 -0.0666868463 0.338453889
vn -0.868598521 0.16537106 0.432514608
vn -0.922252595 -0.33225441 0.177249327
vn -0.868598521 0.16537106 0.432514608
vn -0.550531566 -0.0169558786 0.799687803
vn -0.542282641 -0.399610609 0.55453819
vn 0.578344822 0.813212335 0.0116176894
vn 0.678106308 0.724469483 0.123757005
vn 0.718746126 0.687917054 0.00660588965
vn 0.719980478 0.679088831 0.142459005
vn 0.718746126 0.687917054 0.00660588965
vn 0.678106308 0.724469483 0.123757005
vn 0.597909808 0.620204687 -0.36119014
vn 0.771109283 0.397393823 -0.531648934
vn 0.929130912 0.364857614 -0.0491020158
vn 0.0600206703 -0.249219343 0.955490232
vn 0.747925699 -0.327105284 0.624004483
vn 0.239087135 -0.123178139 0.930339098
vn -0.68425107 -0.00256727682 0.504566908
vn -0.922252595 -0.33225441 0.177249327
vn -0.542282641 -0.399610609 0.55453819
vn -0.387531698 0.855983436 0.334733903
vn -0.623503983 0.545536578 0.560695946
vn -0.494603723 0.580669701 0.605658889
vn -0.164223239 0.227722615 -0.959777713
vn -0.136325568 0.495523393 -0.854342222
vn 0.185247034 0.20277907 -0.834156334
vn -0.646644413 0.746828973 0.15223822
vn -0.738110602 0.610219121 -0.328307062
vn -0.889787614 0.234063447 0.238956913
vn -0.889787614 0.234063447 0.238956913
vn -0.738110602 0.610219121 -0.328307062
vn -0.805258632 0.376098841 -0.358065486
vn 0.794947207 0.0139003433 0.607085586
vn 0.201500148 0.766491055 0.609827161
vn 0.35452792 0.6814605 0.531676412
vn 0.550687611 0.00865425542 0.825465798
vn 0.201500148 0.766491055 0.609827161
vn 0.794947207 0.0139003433 0.607085586
vn -0.0408773459 -0.547114253 0.845826566
vn 0.0840263143 -0.538615644 0.853233576
vn 0.232743219 0.0604595765 0.924923062
vn 0.180053487 0.0747111365 0.983805418
vn 0.131556049 -0.196017668 0.969260454
vn 0.250942498 0.0824766979 0.965385795
vn -0.54364562 -0.528041899 0.652875423
vn -0.487979174 -0.37483263 0.791168571
vn -0.688674569 -0.449892849 0.556423604
vn 0.131556049 -0.196017668 0.969260454
vn 0.267743409 -0.0723192841 0.958011031
vn 0.250942498 0.0824766979 0.965385795
vn 0.123287827 -0.0501546487 0.977721512
vn 0.250942498 0.0824766979 0.965385795
vn 0.267743409 -0.0723192841 0.958011031
vn 0.190388039 0.297029614 -0.934422374
vn 0.281394333 0.318569571 -0.905221224
vn 0.188942432 0.32417056 -0.927656353
vn -0.432660252 0.656461716 -0.612728357
vn -0.280020118 0.774573803 -0.545954287
vn -0.521475017 0.755225003 -0.405931175
vn 0.478471905 0.604815662 0.642579734
vn 0.58359313 0.445158809 0.682140529
vn 0.678733945 0.655636013 0.371713281
vn -0.150234774 -0.0613134876 -0.991811931
vn 0.403123319 0.531784952 -0.702908456
vn -0.500222445 0.248261526 -0.69911772
vn 0.662671149 0.462558419 -0.60990566
vn 0.87469548 0.0780540258 -0.486849517
vn 0.80407846 0.474430174 -0.330871701
vn 0.87469548 0.0780540258 -0.486849517
vn 0.829476893 0.376568586 -0.394677937
vn 0.80407846 0.474430174 -0.330871701
vn 0.538113713 0.340525419 0.684939027
vn 0.685122252 0.200071588 0.649427116
vn -0.200225249 0.878772199 0.433208048
vn 0.258525372 0.648525536 -0.254520983
vn 0.431863785 0.603029847 -0.351376355
vn 0.0199408345 0.613381207 -0.581356764
vn -0.500222445 0.248261526 -0.69911772
vn 0.258525372 0.648525536 -0.254520983
vn 0.0199408345 0.613381207 -0.581356764
vn 0.0279043093 0.320801347 -0.950008631
vn 0.393382758 0.173517466 -0.885317922
vn 0.585101843 -0.0142238224 -0.78183347
vn 0.585101843 -0.0142238224 -0.78183347
vn 0.393382758 0.173517466 -0.885317922
vn 0.505159795 -0.144670233 -0.810958743
vn 0.617536664 -0.776949763 0.120543845
vn 0.809723377 -0.490545243 -0.195019931
vn 0.676237702 -0.723871589 -0.0608573519
vn -0.857324779 0.343338609 0.0476268567
vn -0.811457276 0.520542502 0.0919367373
vn -0.742643952 0.556405485 0.397016823
vn -0.275696665 -0.602439463 -0.750869334
vn 0.0855169967 -0.683225214 -0.726896405
vn 0.068132028 -0.856888056 -0.509177506
vn 0.21918273 0.602662146 -0.625641048
vn 0.576505125 0.402673393 -0.703325689
vn -0.0195849854 0.961154461 -0.385500073
vn -0.119513117 0.257067233 0.965108871
vn 0.440135062 0.418037653 0.796606779
vn -0.196014166 0.513208926 0.782784879
vn -0.679233968 0.195034251 -0.599832654
vn -0.76271528 0.0225283001 -0.0428240374
vn -0.799931288 0.0223672576 0.592090309
vn -0.640303135 0.304542899 -0.707110345
vn -0.456616014 0.0526616536 -0.889523327
vn -0.704348624 0.198797792 -0.61313051
vn -0.704348624 0.198797792 -0.61313051
vn -0.842810154 0.54841125 -0.0949509144
vn -0.640303135 0.304542899 -0.707110345
vn -0.770763278 0.574801207 -0.177734658
vn -0.704348624 0.198797792 -0.61313051
vn -0.744195282 0.492197692 -0.455046952
vn -0.43223846 -0.34635663 0.824298322
vn -0.611027002 0.532042682 0.585110664
vn -0.804104686 0.438473642 0.37890324
vn -0.43223846 -0.34635663 0.824298322
vn -0.804104686 0.438473642 0.37890324
vn -0.657983184 -0.418125004 0.64108175
vn -0.986838043 0.0938887224 0.158152774
vn -0.937382102 0.163636535 0.326174587
vn -0.913660467 -0.108377852 0.386207998
vn -0.206791908 -0.757154286 0.609045804
vn -0.116912939 -0.922535062 0.397151649
vn -0.0408773459 -0.547114253 0.845826566
vn -0.0191552676 0.351700217 0.926860869
vn 0.0416237488 0.685072839 0.750235736
vn 0.235779792 -0.288548946 0.882558882
vn -0.736617386 0.639377236 0.220434621
vn -0.323698074 0.72200948 0.600386202
vn -0.471269578 0.818660796 0.369290411
vn -0.323698074 0.72200948 0.600386202
vn -0.248453557 0.440626025 0.851995945
vn -0.277578622 0.663435161 0.694840908
vn 0.171027303 0.502772927 0.725344598
vn 0.297352076 0.918521941 0.270252347
vn 0.477888733 0.804595947 0.301286012
vn 0.171027303 0.502772927 0.725344598
vn 0.477888733 0.804595947 0.301286012
vn 0.480414957 0.19524467 0.72384423
vn 0.966915786 0.239206895 -0.0886228383
vn 0.578242242 0.449697137 -0.47955963
vn -0.227589801 0.664348304 -0.696395934
vn 0.733165383 0.377142251 -0.393446028
vn 0.966915786 0.239206895 -0.0886228383
vn 0.637220502 0.534415185 -0.555293202
vn -0.661119521 0.715651333 -0.145672143
vn -0.907820284 -0.0435483307 0.457629889
vn -0.682376921 0.600133836 0.190495491
vn -0.247169659 -0.671281397 0.706530511
vn -0.484336495 -0.623120964 0.590444803
vn -0.303061455 -0.659279943 0.690883696
vn 0.320442528 0.0743820742 -0.793391883
vn 0.271926135 0.219709381 -0.919608653
vn 0.0591214448 -0.0198390745 -1.01010251
vn -0.398122579 0.856477857 0.328548431
vn -0.523301184 0.68673569 0.501265883
vn 0.0676692799 0.905024767 0.0490902252
vn 0.854132473 0.0809378102 -0.206251174
vn 0.0676692799 0.905024767 0.0490902252
vn 0.919721544 0.238641307 0.0287925601
vn 0.0676692799 0.905024767 0.0490902252
vn 0.623625994 0.724885166 0.0642960221
vn -0.398122579 0.856477857 0.328548431
vn 0.623625994 0.724885166 0.0642960221
vn -0.132399455 0.808804989 0.511414945
vn -0.398122579 0.856477857 0.328548431
vn -0.802402914 0.21687521 -0.554175556
vn -0.669351578 -0.00609159982 -0.742920756
vn -0.40148133 -0.0323031917 -0.85420078
vn -0.802402914 0.21687521 -0.554175556
vn -0.367568731 0.451376915 -0.818708122
vn -0.669351578 -0.00609159982 -0.742920756
vn -0.87248379 0.368027747 -0.0371953547
vn -0.987584233 -0.169645339 0.0597158112
vn -0.764034986 0.437236607 -0.149576068
vn -0.888301671 0.325402349 -0.238893509
vn 0.21918273 0.602662146 -0.625641048
vn -0.0102535775 0.933299541 -0.349198341
vn 0.779252887 0.292860001 0.447949737
vn 0.381213784 0.391422004 0.835891068
vn 0.293032497 0.380543083 0.900006831
vn 0.494509578 0.728703141 -0.4610672
vn 0.130143747 0.896264732 -0.42940414
vn 0.174814478 0.822891235 -0.455076307
vn 0.494509578 0.728703141 -0.4610672
vn 0.174814478 0.822891235 -0.455076307
vn 0.643453181 0.241464525 -0.653528869
vn 0.269412875 0.745358825 -0.563044071
vn -0.128825814 0.216313139 -0.962509334
vn -0.268373519 0.662474155 -0.738781989
vn 0.688850701 -0.0674975067 0.673922896
vn 0.508106947 0.154770821 0.847273946
vn 0.349373996 -0.00409115152 0.933241308
vn -0.895657301 -0.00131856429 -0.0809329897
vn -0.397031546 -0.765532851 0.506285846
vn 0.0678391531 -0.746241808 0.623420596
vn -0.966857195 0.223212615 -0.0416621231
vn -0.895657301 -0.00131856429 -0.0809329897
vn -0.941134214 0.281357259 -0.187609106
vn 0.320561826 0.212358251 -0.918344378
vn 0.705038548 -0.035340257 -0.678492844
vn 0.254638761 -0.107870378 -0.936632276
vn 0.705038548 -0.035340257 -0.678492844
vn 0.320561826 0.212358251 -0.918344378
vn 0.546563685 0.595740616 -0.589932799
vn 0.725346208 0.48766157 -0.413190335
vn 0.871894956 0.504955053 -0.0462838151
vn 0.677574754 0.42405194 -0.564573765
vn 0.180053487 0.0747111365 0.983805418
vn 0.0156524312 -0.180209354 0.992716432
vn 0.131556049 -0.196017668 0.969260454
vn 0.230934381 0.713595748 -0.73330158
vn -0.247958481 0.692710221 -0.675226152
vn 0.554126143 0.799414039 -0.284488797
vn -0.247958481 0.692710221 -0.675226152
vn -0.441599816 0.753121555 -0.501000702
vn -0.245259017 0.893394291 -0.378330529
vn -0.247958481 0.692710221 -0.675226152
vn -0.245259017 0.893394291 -0.378330529
vn 0.554126143 0.799414039 -0.284488797
vn 0.583713055 0.814261377 -0.0836267322
vn 0.554126143 0.799414039 -0.284488797
vn -0.245259017 0.893394291 -0.378330529
vn -0.385020882 0.57872659 -0.73295486
vn -0.264390856 0.540156364 -0.796366215
vn -0.249745712 -0.150183901 -0.886432886
vn 0.0863700658 0.406670868 0.552137136
vn -0.312875181 -0.433817744 0.850282192
vn -0.28641066 0.602516592 0.226811245
vn -0.999413669 0.171450779 -0.124913812
vn -0.731011689 -0.0549249873 -0.725834489
vn -0.641586959 0.162487447 -0.669194937
vn -0.41745013 -0.241295189 -0.888952494
vn 0.133692175 0.171860248 -0.888654351
vn -0.0650620908 0.127401888 -0.870693266
vn -0.0299568716 0.972321749 0.225169033
vn -0.270633936 0.638347983 0.720621347
vn -0.180438817 0.398417413 0.869481266
vn 0.915145159 0.259977669 -0.308092177
vn 0.718746126 0.687917054 0.00660588965
vn 0.935374677 0.304496646 -0.143980876
vn 0.915145159 0.259977669 -0.308092177
vn 0.935374677 0.304496646 -0.143980876
vn 0.946353018 0.0934010074 -0.30934146
vn -0.607083976 0.53965348 0.57758677
vn -0.712443292 0.0505968146 0.68633604
vn -0.40124771 0.0221422501 0.909914672
vn 0.954369664 0.25130108 -0.177997261
vn 0.726326227 0.654327989 -0.157914534
vn 0.899783909 0.442337483 -0.0260193665
vn 0.978190362 -0.179822385 -0.00878633652
vn 0.98924017 -0.0799997672 0.0286711864
vn 0.831459641 0.180308387 0.606799781
vn 0.978190362 -0.179822385 -0.00878633652
vn 0.97854954 -0.192566574 -0.0732036531
vn 0.98924017 -0.0799997672 0.0286711864
vn -0.68425107 -0.00256727682 0.504566908
vn -0.542282641 -0.399610609 0.55453819
vn -0.618842185 0.254496098 0.516614854
vn -0.618842185 0.254496098 0.516614854
vn -0.471269578 0.818660796 0.369290411
vn -0.68425107 -0.00256727682 0.504566908
vn -0.555908203 0.488703042 -0.659622014
vn -0.747579217 0.394310564 -0.543352842
vn -0.624902666 0.46833393 -0.585119426
vn -0.255654246 -0.338195801 -0.956197321
vn 0.0225981455 0.176547989 -0.974900305
vn -0.342552722 0.324241638 -0.848935068
vn -0.730602801 0.0132751502 0.476057231
vn 0.521866441 0.0270975363 0.729983389
vn 0.458624214 0.455235988 0.541294694
vn -0.876146376 0.0957423598 -0.471476823
vn -0.87534833 0.380118966 -0.297625512
vn -0.855143309 0.232442155 -0.468379796
vn -0.876146376 0.0957423598 -0.471476823
vn -0.75528264 0.321430594 -0.510023475
vn -0.87534833 0.380118966 -0.297625512
vn -0.553415239 -0.11829181 0.747429609
vn -0.41732347 0.316690147 0.774585724
vn -0.501747429 0.409146219 0.743960977
vn -0.421091765 0.248711929 0.828982353
vn 0.235344142 -0.241850913 0.927931786
vn -0.312875181 -0.433817744 0.850282192
vn 0.646277249 -0.768726945 0.125701159
vn 0.865078866 -0.497880191 0.0226184186
vn 0.951872885 -0.316855341 -0.182128966
vn 0.802922726 -0.482188255 -0.362527937
vn 0.646277249 -0.768726945 0.125701159
vn 0.951872885 -0.316855341 -0.182128966
vn 0.579796314 0.783946216 0.232255444
vn 0.847948372 0.484593809 0.264196187
vn 0.713847637 0.694405437 0.0906786174
vn 0.0239764769 0.0989420712 -1.0032115
vn 0.156658188 0.714401841 -0.669331789
vn 0.398208708 0.46953544 -0.781726122
vn 0.178315073 0.442934573 -0.782377422
vn 0.156658188 0.714401841 -0.669331789
vn 0.0239764769 0.0989420712 -1.0032115
vn 0.498138428 -0.346163154 -0.657504022
vn 0.859462738 -0.318047911 -0.405942202
vn 0.797360897 -0.498064846 -0.321399629
vn -0.640303135 0.304542899 -0.707110345
vn -0.422886759 0.42435199 -0.753407061
vn -0.456616014 0.0526616536 -0.889523327
vn -0.422886759 0.42435199 -0.753407061
vn -0.640303135 0.304542899 -0.707110345
vn -0.300685346 0.477359682 -0.796273053
vn 0.25112468 0.901716113 0.397900134
vn 0.157421753 0.925382793 0.340420812
vn 0.105026208 0.740337908 0.674198985
vn 0.594187856 0.656009614 -0.487362534
vn 0.153473839 0.853179574 -0.487104803
vn 0.483434945 0.744506896 -0.449978292
vn 0.25112468 0.901716113 0.397900134
vn 0.105026208 0.740337908 0.674198985
vn -0.571713865 0.701646507 0.389390856
vn 0.919680119 0.264353454 0.383409828
vn 0.419778943 -0.207783729 0.846733153
vn 0.670100152 0.0155736562 0.646900654
vn 0.951409459 0.237594724 0.264480203
vn 0.919680119 0.264353454 0.383409828
vn 0.670100152 0.0155736562 0.646900654
vn -0.448945463 0.440149814 0.771755159
vn -0.494603723 0.580669701 0.605658889
vn -0.661916256 0.397766173 0.633332789
vn -0.990972877 -0.0809540749 -0.0961490571
vn -0.801261067 -0.132032707 -0.583564997
vn -0.817213833 0.433440208 -0.325465769
vn -0.057037387 -0.548027515 0.806992888
vn 0.0398241654 -0.490494609 0.860988379
vn -0.247169659 -0.671281397 0.706530511
vn 0.083396554 0.41617009 0.812478721
vn 0.550687611 0.00865425542 0.825465798
vn 0.576905787 0.0981631726 0.800310612
vn 0.083396554 0.41617009 0.812478721
vn 0.201500148 0.766491055 0.609827161
vn 0.550687611 0.00865425542 0.825465798
vn 0.859462738 -0.318047911 -0.405942202
vn 0.498138428 -0.346163154 -0.657504022
vn 0.83981967 -0.362267613 -0.384581774
vn -0.0731875002 0.886720657 0.434418142
vn 0.67493099 0.738449395 0.185722232
vn 0.277324051 0.802346885 0.440839231
vn -0.23198016 0.487141281 0.832828999
vn -0.146377429 0.535739839 0.850907385
vn -0.0308019426 0.462220818 0.857001066
vn 0.0786318853 0.376511812 -0.924111187
vn 0.190388039 0.297029614 -0.934422374
vn 0.188942432 0.32417056 -0.927656353
vn -0.699806392 0.561080337 0.361174613
vn -0.326148242 0.93566227 0.173340082
vn -0.478807598 0.650672853 0.512608409
vn -0.841165543 0.433356941 -0.17229867
vn -0.87248379 0.368027747 -0.0371953547
vn 0.0393868722 0.884882689 -0.491894156
vn 0.154038966 0.604113042 -0.598919153
vn 0.21918273 0.602662146 -0.625641048
vn 0.0393868722 0.884882689 -0.491894156
vn -0.876325488 0.324212074 0.36176759
vn -0.906147361 0.418886155 0.0516668074
vn -0.944119155 0.266362965 -0.0716792047
vn -0.740990281 0.566249549 -0.361380935
vn -0.582966685 0.573282778 -0.578944266
vn -0.62927562 0.443475068 -0.641969204
vn -0.617140234 0.515563071 -0.59662056
vn -0.827096224 0.508863926 -0.213793889
vn -0.740990281 0.566249549 -0.361380935
vn 0.498138428 -0.346163154 -0.657504022
vn -0.271672875 0.32865876 -0.554746449
vn -0.454590619 -0.253314286 -0.456067085
vn -0.249745712 -0.150183901 -0.886432886
vn -0.329083979 0.312721193 -0.897428751
vn -0.385020882 0.57872659 -0.73295486
vn -0.402921617 0.576158285 0.715316057
vn -0.607083976 0.53965348 0.57758677
vn -0.40124771 0.0221422501 0.909914672
vn 0.646277249 -0.768726945 0.125701159
vn 0.797360897 -0.498064846 -0.321399629
vn 0.809723377 -0.490545243 -0.195019931
vn -0.488426566 -0.16034928 0.617447138
vn -0.0686775222 0.571216822 0.826306462
vn -0.417077959 0.184457004 0.847892225
vn -0.96082592 0.247595534 0.140190721
vn -0.753315151 0.483293444 0.380606353
vn -0.897303581 0.235888213 0.343039215
vn -0.96082592 0.247595534 0.140190721
vn -0.82624507 0.537944973 0.200377882
vn -0.753315151 0.483293444 0.380606353
vn 0.878142178 -0.269437462 0.428286403
vn 0.747925699 -0.327105284 0.624004483
vn -0.579210877 0.395956367 0.33370021
vn -0.0700500682 -0.709119797 0.707180679
vn 0.131556049 -0.196017668 0.969260454
vn 0.0156524312 -0.180209354 0.992716432
vn 0.567339122 0.617735624 0.525554538
vn -0.0611552671 0.234782755 0.974088192
vn 0.0848678723 0.497200429 0.863475025
vn 0.371264398 0.200164631 -0.826580524
vn -0.106982708 0.53041625 -0.848928034
vn -0.187179402 0.106332943 -0.945206106
vn -0.106982708 0.53041625 -0.848928034
vn -0.572572291 0.356826544 -0.728466511
vn -0.187179402 0.106332943 -0.945206106
vn 0.320442528 0.0743820742 -0.793391883
vn 0.0591214448 -0.0198390745 -1.01010251
vn 0.520571589 -0.280752331 -0.712269723
vn 0.381213784 0.391422004 0.835891068
vn 0.181457132 0.306900114 0.943542063
vn 0.429317594 0.265934438 0.858778536
vn -0.508029819 0.366269588 -0.781210482
vn -0.574359655 0.437605441 -0.690108657
vn -0.141244307 0.257068962 -0.890521109
vn -0.104319416 0.531290174 -0.821301818
vn -0.621249557 0.719370723 -0.276651114
vn 0.201343656 0.209256351 -0.875491381
vn 0.519853592 -0.0834097415 -0.831948757
vn -0.362264276 0.117038712 -0.925704718
vn -0.273034424 0.047513254 -0.932935715
vn -0.273034424 0.047513254 -0.932935715
vn -0.362264276 0.117038712 -0.925704718
vn -0.698931158 0.255455375 -0.59735316
vn 0.206879988 -0.0329583026 0.968065441
vn 0.501902044 -0.290128052 0.818628132
vn 0.163834214 -0.194320217 0.936676741
vn 0.712463617 0.706774056 0.146301374
vn 0.719980478 0.679088831 0.142459005
vn 0.678106308 0.724469483 0.123757005
vn 0.678106308 0.724469483 0.123757005
vn 0.578344822 0.813212335 0.0116176894
vn 0.660595 0.736691654 0.133847296
vn 0.501902044 -0.290128052 0.818628132
vn 0.206879988 -0.0329583026 0.968065441
vn 0.536986589 -0.293280512 0.769935071
vn 0.431863785 0.603029847 -0.351376355
vn 0.211080939 0.879616916 -0.427533358
vn 0.18093282 0.757778227 -0.337142467
vn 0.130143747 0.896264732 -0.42940414
vn 0.171860456 0.879020274 -0.444732815
vn 0.245145917 0.896045446 -0.370197922
vn -0.511434138 -0.704569817 0.546764135
vn -0.488426566 -0.16034928 0.617447138
vn -0.417077959 0.184457004 0.847892225
vn 0.133568615 0.512860239 -0.849846959
vn 0.677574754 0.42405194 -0.564573765
vn 0.569872141 0.237368464 -0.760715663
vn 0.677574754 0.42405194 -0.564573765
vn 0.133568615 0.512860239 -0.849846959
vn 0.725346208 0.48766157 -0.413190335
vn -0.881978333 0.420851022 -0.168845296
vn -0.75528264 0.321430594 -0.510023475
vn -0.876146376 0.0957423598 -0.471476823
vn 0.18093282 0.757778227 -0.337142467
vn -0.192384839 0.548047841 -0.402959555
vn -0.612596273 -0.13572906 -0.790153563
vn 0.585444391 0.703471184 -0.236846536
vn 0.801802278 0.577298462 0.19177106
vn 0.726326227 0.654327989 -0.157914534
vn -0.691166997 0.585135758 -0.439363122
vn -0.487841517 0.337295085 -0.786023498
vn -0.342552722 0.324241638 -0.848935068
vn 0.573203027 -0.0449768379 0.815046608
vn -0.0611552671 0.234782755 0.974088192
vn 0.618821979 0.291674316 0.7096349
vn 0.567339122 0.617735624 0.525554538
vn 0.618821979 0.291674316 0.7096349
vn -0.0611552671 0.234782755 0.974088192
vn 0.798201859 -0.428115696 0.423781484
vn 0.244420484 0.798431277 -0.393541098
vn 0.871240318 -0.485284388 0.0737514868
vn 0.59399277 -0.262885213 -0.79063344
vn 0.775441766 -0.371941149 -0.593924761
vn 0.578242242 0.449697137 -0.47955963
vn 0.201524839 0.337180614 -0.922728717
vn 0.216944948 0.0685278177 -0.931205213
vn 0.281394333 0.318569571 -0.905221224
vn 0.158082157 0.363783151 -0.914016902
vn 0.201524839 0.337180614 -0.922728717
vn 0.281394333 0.318569571 -0.905221224
vn 0.948629141 -0.238345116 -0.194084346
vn 0.676237702 -0.723871589 -0.0608573519
vn 0.946628392 -0.300398111 -0.0855880529
vn 0.578242242 0.449697137 -0.47955963
vn 0.677523673 -0.149573326 -0.707978427
vn 0.59399277 -0.262885213 -0.79063344
vn -0.887608945 0.349472672 -0.316673994
vn -0.738110602 0.610219121 -0.328307062
vn -0.789304137 0.527686834 0.189578623
vn -0.284830332 0.0868667141 0.848376453
vn -0.847637594 0.156324774 0.512807846
vn -0.507294774 -0.141899809 0.744858503
vn 0.506460309 -0.0713441595 0.799195886
vn 0.0156524312 -0.180209354 0.992716432
vn 0.688850701 -0.0674975067 0.673922896
vn -0.303930432 0.298183769 -0.929582119
vn -0.0538043194 0.588500023 -0.755014658
vn 0.230194658 -0.2668612 -0.924698472
vn -0.0538043194 0.588500023 -0.755014658
vn -0.319398284 0.235450923 -0.881868541
vn 0.230194658 -0.2668612 -0.924698472
vn 0.647868037 0.652890086 0.392430216
vn 0.131439641 0.860783994 0.491705745
vn 0.688180506 0.627821028 0.262101293
vn 0.35452792 0.6814605 0.531676412
vn 0.131439641 0.860783994 0.491705745
vn 0.647868037 0.652890086 0.392430216
vn -0.505806148 0.593594193 -0.564602554
vn -0.340802103 0.381102741 -0.65569073
vn -0.354970664 0.155617014 -0.891428471
vn -0.567359626 0.767238021 0.0722114667
vn -0.340802103 0.381102741 -0.65569073
vn -0.505806148 0.593594193 -0.564602554
vn 0.189228475 0.181924373 -0.960687041
vn 0.332354754 0.415196508 -0.846848369
vn 0.0327271 0.477965027 -0.843855023
vn -0.855927289 -0.255160421 -0.449757367
vn -0.338456124 -0.697018683 -0.614302695
vn 0.0620666407 0.473717213 -0.730159461
vn -0.991377175 0.133710951 0.0868944898
vn -0.993061543 -0.155149862 -0.0774087906
vn -0.921609998 -0.228232518 0.336597115
vn -0.95590049 0.216608778 -0.0281045865
vn -0.948823154 0.287635237 -0.132871449
vn -0.991377175 0.133710951 0.0868944898
vn -0.861357212 0.300935447 -0.335549414
vn -0.894856095 0.3288607 -0.0880667567
vn -0.617140234 0.515563071 -0.59662056
vn -0.948823154 0.287635237 -0.132871449
vn -0.640025258 0.1285166 0.495783925
vn -0.993061543 -0.155149862 -0.0774087906
vn -0.991377175 0.133710951 0.0868944898
vn -0.948823154 0.287635237 -0.132871449
vn -0.993061543 -0.155149862 -0.0774087906
vn -0.793079317 -0.00786776934 -0.617874682
vn -0.833438933 0.52221334 -0.135692731
vn -0.336346149 0.295917451 -0.905510545
vn -0.679233968 0.195034251 -0.599832654
vn -0.889518738 0.451061815 0.0727987513
vn -0.698931158 0.255455375 -0.59735316
vn 0.154307067 0.950553894 0.0961684808
vn 0.0391544178 0.966370285 -0.242447227
vn -0.287637472 0.827256024 0.397971421
vn -0.182151392 -0.788227975 0.544290841
vn 0.110414937 -0.322635144 0.741456866
vn -0.293144882 0.0775653869 0.858972073
vn 0.98596096 -0.192318454 -0.0314841457
vn 0.9441998 -0.293550581 0.11888919
vn 0.895600021 -0.412009239 0.170029342
vn 0.250576168 0.827582836 -0.504012883
vn 0.187436208 0.888371289 -0.415728509
vn 0.570082068 0.58539778 -0.582467616
vn -0.257885784 -0.923053563 -0.294130743
vn -0.110449821 -0.838300586 -0.506856143
vn -0.0849812105 -0.797107458 -0.6030882
vn -0.141188964 0.218672067 0.965530038
vn -0.0992124751 -0.64311564 0.705824673
vn -0.124670908 0.265599161 0.968109012
vn -0.0191552676 0.351700217 0.926860869
vn 0.235779792 -0.288548946 0.882558882
vn -0.0992124751 -0.64311564 0.705824673
vn 0.0790914968 0.242679954 -0.596903682
vn 0.449693561 0.709316254 -0.537419915
vn 0.753284574 0.20239225 -0.56485498
vn 0.0790914968 0.242679954 -0.596903682
vn 0.507089317 0.588772237 -0.624273419
vn 0.449693561 0.709316254 -0.537419915
vn -0.634654701 0.536774635 0.476978302
vn -0.872324765 0.0852792263 0.344566345
vn -0.157399341 0.153025314 0.855572701
vn 0.528576314 0.430021435 0.731840789
vn 0.441024214 0.444323689 0.779720128
vn 0.76964879 0.376808465 0.397527725
vn 0.441024214 0.444323689 0.779720128
vn 0.801160634 0.371480852 0.324883491
vn 0.76964879 0.376808465 0.397527725
vn -0.252146721 0.599493623 -0.76796186
vn -0.0316614732 0.704575777 -0.665275514
vn -0.0951548517 0.835373759 -0.436065644
vn 0.00844694301 -0.308518052 0.926059008
vn -0.0404927768 -0.345260352 0.938293159
vn -0.761419654 -0.0322799012 0.622755945
vn 0.0792591274 0.994573057 0.13808322
vn -0.410605639 0.768892229 0.419123709
vn -0.162545979 0.862707138 0.44957912
vn 0.0792591274 0.994573057 0.13808322
vn 0.157421753 0.925382793 0.340420812
vn -0.410605639 0.768892229 0.419123709
vn 0.149582624 0.847760916 -0.522711515
vn 0.291370511 0.760527968 -0.574513733
vn 0.585444391 0.703471184 -0.236846536
vn 0.573203027 -0.0449768379 0.815046608
vn 0.909712434 0.190090105 0.4616943
vn 0.870912135 -0.230703518 0.433921576
vn 0.866239488 -0.359797508 0.332972616
vn 0.870912135 -0.230703518 0.433921576
vn 0.956704259 -0.184996098 0.224707261
vn 0.48726368 0.7978881 -0.213271976
vn -0.253691763 0.632952094 -0.75842458
vn 0.211080939 0.879616916 -0.427533358
vn 0.815785706 0.40592292 -0.374319851
vn 0.802108705 0.493097842 -0.322165191
vn 0.814305305 0.37114045 -0.444451123
vn 0.570082068 0.58539778 -0.582467616
vn 0.815785706 0.40592292 -0.374319851
vn 0.814305305 0.37114045 -0.444451123
vn 0.808084548 0.367795289 -0.511576176
vn 0.96879065 -0.193319693 -0.0781887621
vn 0.933005571 -0.154901206 -0.154687986
vn 0.96879065 -0.193319693 -0.0781887621
vn 0.808084548 0.367795289 -0.511576176
vn 0.783601522 0.411564022 -0.433673263
vn 0.192461535 0.133150846 0.972180486
vn 0.0444078743 0.135189056 0.994092822
vn 0.083396554 0.41617009 0.812478721
vn 0.594187856 0.656009614 -0.487362534
vn 0.516386926 0.765846729 -0.431829393
vn 0.153473839 0.853179574 -0.487104803
vn 0.153473839 0.853179574 -0.487104803
vn 0.516386926 0.765846729 -0.431829393
vn 0.156658188 0.714401841 -0.669331789
vn -0.861531496 0.359704614 0.104924388
vn -0.951656401 0.0438501202 -0.148628771
vn -0.964368582 0.14464055 -0.160349667
vn -0.508029819 0.366269588 -0.781210482
vn -0.617140234 0.515563071 -0.59662056
vn -0.574359655 0.437605441 -0.690108657
vn -0.62927562 0.443475068 -0.641969204
vn -0.141244307 0.257068962 -0.890521109
vn -0.574359655 0.437605441 -0.690108657
vn -0.0308019426 0.462220818 0.857001066
vn 0.0444078743 0.135189056 0.994092822
vn -0.23198016 0.487141281 0.832828999
vn -0.657983184 -0.418125004 0.64108175
vn -0.825786352 0.273419797 0.413949043
vn -0.491969883 -0.529532313 0.684328556
vn 0.554126143 0.799414039 -0.284488797
vn 0.704637229 0.625122488 -0.373123795
vn 0.230934381 0.713595748 -0.73330158
vn -0.263186425 0.733246446 0.634138644
vn -0.118474595 0.801799834 0.590951383
vn -0.417077959 0.184457004 0.847892225
vn -0.417077959 0.184457004 0.847892225
vn -0.118474595 0.801799834 0.590951383
vn -0.330760181 -0.407450438 0.877719581
vn -0.911556184 -0.26747185 0.342372
vn -0.507294774 -0.141899809 0.744858503
vn -0.980935395 -0.0690757632 -0.00715260161
vn -0.793351352 0.120600954 -0.601281166
vn -0.54480648 0.825833261 0.116664842
vn -0.53606379 0.232987002 -0.831104577
vn -0.793351352 0.120600954 -0.601281166
vn -0.53606379 0.232987002 -0.831104577
vn -0.731011689 -0.0549249873 -0.725834489
vn -0.95590049 0.216608778 -0.0281045865
vn -0.825786352 0.273419797 0.413949043
vn -0.901873112 0.401400566 0.174286216
vn 0.478471905 0.604815662 0.642579734
vn 0.446112275 0.774773538 0.48918733
vn 0.0431005061 0.920638859 0.19045192
vn -0.0884206071 0.163189396 1.00348949
vn 0.248498932 0.478015095 0.835089326
vn 0.463496506 -0.0348074175 0.515812933
vn 0.940236092 -0.0473446585 -0.397296578
vn 0.371264398 0.200164631 -0.826580524
vn 0.580357432 -0.543357193 -0.586715043
vn 0.978272378 0.120710261 -0.171520516
vn 0.6877473 0.118419901 -0.49085179
vn 0.992939353 0.0726074502 -0.126996428
vn 0.978272378 0.120710261 -0.171520516
vn 0.541450202 0.065712586 -0.596823454
vn 0.6877473 0.118419901 -0.49085179
vn -0.144093916 0.875682771 0.477444738
vn 0.132166773 0.685532808 0.716020823
vn 0.331959635 0.566636443 0.727620006
vn -0.144093916 0.875682771 0.477444738
vn 0.0456510596 0.893752992 0.422652245
vn 0.132166773 0.685532808 0.716020823
vn 0.106230013 0.294951409 0.886176169
vn 0.319550723 0.0319531746 0.938644052
vn 0.430504352 -0.0955177397 0.718599677
vn -0.0579982735 0.172922 0.976553559
vn -0.573872924 -0.139380053 0.760136485
vn 0.00386567786 -0.152099103 0.987436533
vn 0.00386567786 -0.152099103 0.987436533
vn -0.260336161 -0.394597471 0.863325119
vn 0.360458404 -0.454643488 0.828128576
vn 0.511877179 0.34660238 0.803561985
vn 0.00824451819 0.448455662 0.884621918
vn -0.102375761 0.425003678 0.896832705
vn -0.523301184 0.68673569 0.501265883
vn 0.482140601 -0.288829297 0.657471716
vn 0.767947197 -0.121010639 0.601417601
vn 0.767947197 -0.121010639 0.601417601
vn 0.0676692799 0.905024767 0.0490902252
vn -0.523301184 0.68673569 0.501265883
vn -0.573872924 -0.139380053 0.760136485
vn -0.260336161 -0.394597471 0.863325119
vn 0.00386567786 -0.152099103 0.987436533
vn 0.0786318853 0.376511812 -0.924111187
vn 0.225009874 0.359809816 -0.906007946
vn 0.104157574 0.405785441 -0.908545792
vn 0.225009874 0.359809816 -0.906007946
vn 0.133973554 0.284923404 -0.968321562
vn 0.104157574 0.405785441 -0.908545792
vn 0.52032721 0.351773143 -0.778148592
vn 0.795341313 -0.540136814 -0.0863989666
vn -0.163222283 -0.27892369 -0.935660005
vn 0.68724978 0.471286982 0.11371436
vn 0.795341313 -0.540136814 -0.0863989666
vn 0.52032721 0.351773143 -0.778148592
vn -0.456616014 0.0526616536 -0.889523327
vn -0.422886759 0.42435199 -0.753407061
vn -0.303930432 0.298183769 -0.929582119
vn 0.704637229 0.625122488 -0.373123795
vn 0.72632724 0.647404552 0.245390713
vn 0.766974747 0.627672493 0.120741792
vn 0.839999914 0.287560314 -0.442503124
vn 0.813905358 0.518298805 -0.249002784
vn 0.54209578 0.643670082 -0.451561779
vn 0.55190444 0.651189387 -0.291353583
vn 0.678479671 0.730647445 -0.0368571319
vn 0.134464473 0.842376173 -0.120573573
vn -0.110449821 -0.838300586 -0.506856143
vn -0.118877672 -0.511998892 -0.850720465
vn -0.0849812105 -0.797107458 -0.6030882
vn 0.445354432 -0.0413901359 0.713890672
vn -0.913660467 -0.108377852 0.386207998
vn -0.0121031832 0.0845797211 0.779576242
vn 0.55190444 0.651189387 -0.291353583
vn 0.134464473 0.842376173 -0.120573573
vn -0.455414444 0.220892102 0.793213785
vn 0.630436778 0.364132553 0.689405859
vn 0.381213784 0.391422004 0.835891068
vn 0.429317594 0.265934438 0.858778536
vn -0.172599643 -0.304045498 -0.941383421
vn 0.101145104 0.112829626 -0.978354216
vn -0.483949542 -0.0517133027 -0.889555156
vn -0.457673907 -0.50934124 -0.761740804
vn -0.172599643 -0.304045498 -0.941383421
vn -0.483949542 -0.0517133027 -0.889555156
vn 0.571617305 0.124653846 0.781852663
vn 0.784035981 0.228698879 0.610010862
vn 0.655310214 0.56657964 0.535512328
vn -0.154757574 -0.083054848 0.976550996
vn -0.40124771 0.0221422501 0.909914672
vn -0.488312989 -0.0732208192 0.871927261
vn 0.286546141 -0.370404899 0.767790556
vn 0.632971644 -0.194864362 0.753979921
vn 0.820004404 -0.207594484 0.533382833
vn 0.0922070742 0.740176797 0.680027843
vn -0.0412320308 0.349559665 0.92296046
vn -0.0763054937 0.179219946 0.952716112
vn 0.402736872 0.718273342 -0.594406962
vn 0.291370511 0.760527968 -0.574513733
vn 0.662671149 0.462558419 -0.60990566
vn -0.497604162 -0.583138227 0.450069964
vn 0.00190773804 -0.659383416 0.690042138
vn -0.68487829 -0.37166065 0.407138526
vn 0.250576168 0.827582836 -0.504012883
vn 0.570082068 0.58539778 -0.582467616
vn 0.291370511 0.760527968 -0.574513733
vn 0.291370511 0.760527968 -0.574513733
vn 0.570082068 0.58539778 -0.582467616
vn 0.662671149 0.462558419 -0.60990566
vn -0.441599816 0.753121555 -0.501000702
vn -0.271672875 0.32865876 -0.554746449
vn 0.0384741873 0.558395088 -0.241578937
vn -0.245259017 0.893394291 -0.378330529
vn -0.441599816 0.753121555 -0.501000702
vn 0.0384741873 0.558395088 -0.241578937
vn 0.268500656 0.281381398 0.830418527
vn 0.239087135 -0.123178139 0.930339098
vn 0.785014093 -0.0463137962 0.645273626
vn -0.560616851 -0.204097763 -0.747965515
vn 0.233324915 -0.753934503 -0.614119112
vn -0.338456124 -0.697018683 -0.614302695
vn -0.338456124 -0.697018683 -0.614302695
vn 0.233324915 -0.753934503 -0.614119112
vn 0.0142054753 -0.108900264 -0.794457912
vn 0.914258718 -0.233699545 -0.301969171
vn 0.546149254 -0.557419717 -0.642337859
vn 0.677523673 -0.149573326 -0.707978427
vn -0.287236661 0.667674124 -0.645696282
vn -0.141244307 0.257068962 -0.890521109
vn 0.0297761858 0.448090851 -0.849836946
vn -0.141244307 0.257068962 -0.890521109
vn -0.287236661 0.667674124 -0.645696282
vn -0.494727403 0.393986583 -0.663662553
vn 0.726326227 0.654327989 -0.157914534
vn 0.801802278 0.577298462 0.19177106
vn 0.899783909 0.442337483 -0.0260193665
vn 0.187436208 0.888371289 -0.415728509
vn 0.815785706 0.40592292 -0.374319851
vn 0.570082068 0.58539778 -0.582467616
vn 0.157086328 -0.363921374 0.942608476
vn -0.762223363 -0.398732036 0.408945531
vn 0.136984438 -0.401634187 0.918790638
vn 0.136984438 -0.401634187 0.918790638
vn -0.762223363 -0.398732036 0.408945531
vn -0.68487829 -0.37166065 0.407138526
vn -0.607744873 0.627642572 0.478225052
vn -0.82624507 0.537944973 0.200377882
vn -0.67950803 0.293853134 0.66746527
vn -0.248930767 0.136435434 0.973627985
vn -0.206791908 -0.757154286 0.609045804
vn -0.0408773459 -0.547114253 0.845826566
vn -0.381267846 0.259557575 0.835193694
vn -0.206791908 -0.757154286 0.609045804
vn -0.248930767 0.136435434 0.973627985
vn 0.28887704 0.32467398 -0.901527107
vn 0.166893721 0.441623718 -0.878886998
vn 0.0950321555 0.365847409 -0.902498722
vn 0.245700926 0.48542577 -0.857513487
vn 0.166893721 0.441623718 -0.878886998
vn 0.28887704 0.32467398 -0.901527107
vn 0.0272252634 0.264634341 -0.968993366
vn -0.187798604 -0.154535741 -0.963833869
vn -0.0871500745 0.358181715 -0.914234698
vn 0.587149799 0.492140681 0.614106238
vn 0.69904983 0.400406063 0.541110754
vn 0.480414957 0.19524467 0.72384423
vn -0.624902666 0.46833393 -0.585119426
vn -0.744195282 0.492197692 -0.455046952
vn -0.704348624 0.198797792 -0.61313051
vn -0.624902666 0.46833393 -0.585119426
vn -0.77145052 0.615064025 -0.117154479
vn -0.744195282 0.492197692 -0.455046952
vn 0.360458404 -0.454643488 0.828128576
vn 0.0815921426 -0.73470819 0.673458755
vn 0.309380829 -0.844615877 0.436882854
vn 0.0815921426 -0.73470819 0.673458755
vn 0.360458404 -0.454643488 0.828128576
vn -0.22286211 -0.806988835 0.531224012
vn 0.474980921 0.052024398 0.875574291
vn 0.429317594 0.265934438 0.858778536
vn 0.181457132 0.306900114 0.943542063
vn 0.0416237488 0.685072839 0.750235736
vn -0.0191552676 0.351700217 0.926860869
vn -0.195752606 0.601278007 0.759232104
vn -0.0191552676 0.351700217 0.926860869
vn -0.0996404886 0.552887082 0.831948996
vn -0.195752606 0.601278007 0.759232104
vn -0.112326719 0.984748006 0.10312476
vn -0.822583556 0.409476519 0.404743999
vn -0.495822698 0.522833109 0.707243979
vn 0.465411901 0.558768451 0.710187554
vn 0.478471905 0.604815662 0.642579734
vn 0.0431005061 0.920638859 0.19045192
vn 0.881961346 -0.192084789 -0.285817683
vn 0.950178564 0.164542511 -0.132182151
vn 0.720165133 0.289978981 -0.496490717
vn -0.883830547 0.180126771 0.41564101
vn -0.96082592 0.247595534 0.140190721
vn -0.985479116 0.186788976 0.105367444
vn -0.501747429 0.409146219 0.743960977
vn 0.831459641 0.180308387 0.606799781
vn -0.553415239 -0.11829181 0.747429609
vn 0.866239488 -0.359797508 0.332972616
vn 0.350681812 -0.627628863 0.658664227
vn 0.137349933 -0.705257356 0.626641154
vn -0.897303581 0.235888213 0.343039215
vn -0.985479116 0.186788976 0.105367444
vn -0.96082592 0.247595534 0.140190721
vn -0.508029819 0.366269588 -0.781210482
vn -0.141244307 0.257068962 -0.890521109
vn -0.340802103 0.381102741 -0.65569073
vn 0.876072109 -0.381764859 0.179733127
vn 0.418293566 -0.698225975 -0.461023539
vn 0.525716782 0.121583678 -0.660393059
vn 0.876072109 -0.381764859 0.179733127
vn 0.525716782 0.121583678 -0.660393059
vn 0.240649566 -0.20425944 -0.608231485
vn 0.142183289 0.506839037 0.873382509
vn -0.200622305 0.42298767 0.875477016
vn 0.2177995 0.258282542 0.946269631
vn 0.103449747 0.278267592 -0.950420082
vn 0.189228475 0.181924373 -0.960687041
vn 0.362180173 0.0801909417 -0.934277356
vn 0.142183289 0.506839037 0.873382509
vn 0.793777704 0.33964926 0.3537651
vn 0.599919081 0.620006859 0.489036351
vn -0.623503983 0.545536578 0.560695946
vn -0.61793083 0.642690659 0.454762757
vn -0.85588491 0.371961027 0.124410607
vn -0.710067809 0.590705812 0.389943838
vn -0.742643952 0.556405485 0.397016823
vn -0.810136855 0.56107825 0.130960852
vn -0.805258632 0.376098841 -0.358065486
vn -0.8896963 0.0822524726 0.370401442
vn -0.889787614 0.234063447 0.238956913
vn -0.483949542 -0.0517133027 -0.889555156
vn -0.560616851 -0.204097763 -0.747965515
vn -0.730776131 0.171461225 -0.705552757
vn -0.730776131 0.171461225 -0.705552757
vn -0.457673907 -0.50934124 -0.761740804
vn -0.483949542 -0.0517133027 -0.889555156
vn 0.48726368 0.7978881 -0.213271976
vn 0.154931828 0.707634211 -0.69315958
vn -0.253691763 0.632952094 -0.75842458
vn -0.764034986 0.437236607 -0.149576068
vn -0.954351008 -0.180428743 0.29837361
vn -0.76271528 0.0225283001 -0.0428240374
vn 0.362180173 0.0801909417 -0.934277356
vn 0.201524839 0.337180614 -0.922728717
vn 0.103449747 0.278267592 -0.950420082
vn -0.106483541 -0.188325316 0.970634639
vn -0.154757574 -0.083054848 0.976550996
vn -0.488312989 -0.0732208192 0.871927261
vn 0.0678391531 -0.746241808 0.623420596
vn 0.286546141 -0.370404899 0.767790556
vn 0.760255635 -0.206103802 0.616062224
vn 0.689248562 0.325587511 -0.614062011
vn 0.813905358 0.518298805 -0.249002784
vn 0.555051565 0.551322401 -0.607339501
vn -0.365807623 0.706882298 0.612392664
vn -0.448945463 0.440149814 0.771755159
vn -0.547198772 0.483002216 0.681148052
vn -0.753315151 0.483293444 0.380606353
vn -0.690795183 0.289512694 0.658843994
vn -0.673104644 0.273871064 0.657223642
vn 0.854132473 0.0809378102 -0.206251174
vn 0.919721544 0.238641307 0.0287925601
vn 0.767947197 -0.121010639 0.601417601
vn -0.0412320308 0.349559665 0.92296046
vn 0.0922070742 0.740176797 0.680027843
vn 0.165805519 0.709145367 0.692933142
vn 0.165805519 0.709145367 0.692933142
vn 0.0922070742 0.740176797 0.680027843
vn 0.146117613 0.783931434 0.599735737
vn 0.133427307 0.847002089 0.512403429
vn 0.225997195 0.8046 0.549130261
vn 0.092144534 0.511409938 0.787224591
vn 0.293032497 0.380543083 0.900006831
vn 0.528576314 0.430021435 0.731840789
vn 0.76964879 0.376808465 0.397527725
vn 0.381213784 0.391422004 0.835891068
vn 0.528576314 0.430021435 0.731840789
vn 0.293032497 0.380543083 0.900006831
vn -0.273736387 0.512488604 0.804975927
vn 0.092144534 0.511409938 0.787224591
vn -0.441830605 0.198616922 0.739150584
vn -0.164223239 0.227722615 -0.959777713
vn 0.185247034 0.20277907 -0.834156334
vn -0.41745013 -0.241295189 -0.888952494
vn -0.319398284 0.235450923 -0.881868541
vn 0.0389741175 -0.586809218 -0.723182201
vn 0.294484138 -0.387048453 -0.86319226
vn 0.546563685 0.595740616 -0.589932799
vn 0.398208708 0.46953544 -0.781726122
vn 0.516386926 0.765846729 -0.431829393
vn -0.866536319 0.277489245 0.42945832
vn -0.829660773 0.352634162 0.436383694
vn -0.667680204 0.656687796 0.2791107
vn -0.132399455 0.808804989 0.511414945
vn 0.143238664 0.623209059 0.7723791
vn -0.381715864 0.699385524 0.57975924
vn 0.89782995 -0.18690668 0.417517394
vn 0.978190362 -0.179822385 -0.00878633652
vn 0.831459641 0.180308387 0.606799781
vn -0.866536319 0.277489245 0.42945832
vn -0.667680204 0.656687796 0.2791107
vn -0.881934762 0.422147572 0.213052586
vn -0.15424116 0.478474796 -0.887398899
vn 0.403123319 0.531784952 -0.702908456
vn -0.150234774 -0.0613134876 -0.991811931
vn 0.403123319 0.531784952 -0.702908456
vn -0.15424116 0.478474796 -0.887398899
vn 0.351731479 0.778527141 -0.519788742
vn -0.751528919 0.379281461 -0.527083516
vn -0.810136855 0.56107825 0.130960852
vn -0.747579217 0.394310564 -0.543352842
vn 0.753774047 -0.302603006 0.559277833
vn 0.866239488 -0.359797508 0.332972616
vn 0.137349933 -0.705257356 0.626641154
vn 0.249807134 0.279253781 -0.815716863
vn 0.318216741 0.41119349 -0.785269737
vn 0.398417532 0.595021188 -0.69812721
vn 0.398417532 0.595021188 -0.69812721
vn 0.370472431 0.824032903 -0.242730662
vn 0.249807134 0.279253781 -0.815716863
vn -0.995264292 0.0208047591 -0.188994348
vn -0.0550152063 0.711486101 -0.344333887
vn -0.50535351 0.717496753 -0.287726223
vn -0.195752606 0.601278007 0.759232104
vn -0.0996404886 0.552887082 0.831948996
vn -0.188524395 0.476372242 0.829936683
vn 0.131439641 0.860783994 0.491705745
vn 0.40660584 0.228310227 0.818263233
vn 0.688180506 0.627821028 0.262101293
vn -0.0686775222 0.571216822 0.826306462
vn -0.224289209 0.568672001 0.755181193
vn -0.180438817 0.398417413 0.869481266
vn -0.224289209 0.568672001 0.755181193
vn -0.0686775222 0.571216822 0.826306462
vn -0.488426566 -0.16034928 0.617447138
vn 0.0943191424 0.312862545 -0.92062664
vn 0.0225981455 0.176547989 -0.974900305
vn -0.255654246 -0.338195801 -0.956197321
vn 0.136984438 -0.401634187 0.918790638
vn 0.0398241654 -0.490494609 0.860988379
vn -0.057037387 -0.548027515 0.806992888
vn -0.618565023 0.710674703 -0.276599377
vn -0.599562228 0.627881885 -0.483413666
vn -0.388234973 0.506307721 -0.767147481
vn -0.599562228 0.627881885 -0.483413666
vn -0.802402914 0.21687521 -0.554175556
vn -0.388234973 0.506307721 -0.767147481
vn 0.6877473 0.118419901 -0.49085179
vn -0.0996972322 0.0883395895 -0.994654417
vn 0.539193153 0.0877490714 -0.683674097
vn 0.6877473 0.118419901 -0.49085179
vn 0.0239764769 0.0989420712 -1.0032115
vn -0.0996972322 0.0883395895 -0.994654417
vn 0.0850887895 0.0285604764 0.98925966
vn 0.481936842 0.0716311261 0.855092287
vn -0.353743285 0.110635698 0.906445146
vn -1.00018418 0.459892303 0.100125223
vn -0.579210877 0.395956367 0.33370021
vn -0.911965549 0.381768674 0.123796999
vn 0.508295715 0.217725888 -0.83504647
vn 0.919771433 0.475078464 -0.191850945
vn 0.740084231 0.270329297 -0.628070593
vn 0.0591214448 -0.0198390745 -1.01010251
vn 0.13419655 -0.596746266 -0.768172622
vn 0.520571589 -0.280752331 -0.712269723
vn -0.312875181 -0.433817744 0.850282192
vn 0.235344142 -0.241850913 0.927931786
vn -0.591231942 0.375797778 0.259538174
vn 0.830659509 0.550060809 0.124326602
vn 0.94881916 0.246939644 0.123241179
vn 0.801802278 0.577298462 0.19177106
vn 0.871240318 -0.485284388 0.0737514868
vn 0.775441766 -0.371941149 -0.593924761
vn 0.820752621 -0.317836374 -0.368654966
vn 0.244420484 0.798431277 -0.393541098
vn 0.775441766 -0.371941149 -0.593924761
vn 0.871240318 -0.485284388 0.0737514868
vn 0.0327271 0.477965027 -0.843855023
vn 0.697518349 0.425589919 -0.588178456
vn -0.193950698 0.624287963 -0.753998101
vn 0.59399277 -0.262885213 -0.79063344
vn 0.630419612 -0.387957603 -0.672354162
vn 0.775441766 -0.371941149 -0.593924761
vn 0.59399277 -0.262885213 -0.79063344
vn 0.677523673 -0.149573326 -0.707978427
vn 0.396750629 -0.0818051398 -0.960990608
vn 0.697518349 0.425589919 -0.588178456
vn 0.823870361 0.333612233 -0.273124158
vn -0.193950698 0.624287963 -0.753998101
vn 0.846200466 0.526780009 0.167085037
vn 0.586115658 0.636960745 0.462424189
vn 0.67493099 0.738449395 0.185722232
vn 0.758957088 0.311129063 0.558765411
vn 0.919680119 0.264353454 0.383409828
vn 0.82281518 0.386770278 0.414441824
vn -0.887608945 0.349472672 -0.316673994
vn -0.939701378 0.27376014 -0.20452483
vn -0.805258632 0.376098841 -0.358065486
vn -0.218774393 0.624021947 -0.750156343
vn -0.227589801 0.664348304 -0.696395934
vn 0.211080939 0.879616916 -0.427533358
vn 0.403731525 0.654893219 0.635802567
vn 0.717963636 0.690778673 0.198221564
vn 0.18014805 0.605810225 0.735286117
vn 0.349373996 -0.00409115152 0.933241308
vn 0.424887866 -0.091453284 0.875021458
vn 0.784035981 0.228698879 0.610010862
vn 0.522581279 0.844866693 0.114495859
vn 0.688002229 0.702767789 -0.055657547
vn 0.719980478 0.679088831 0.142459005
vn 0.688002229 0.702767789 -0.055657547
vn 0.522581279 0.844866693 0.114495859
vn 0.573268473 0.677029014 -0.217560351
vn 0.477888733 0.804595947 0.301286012
vn 0.522581279 0.844866693 0.114495859
vn 0.674392939 0.710492611 0.200983569
vn 0.480414957 0.19524467 0.72384423
vn 0.477888733 0.804595947 0.301286012
vn 0.674392939 0.710492611 0.200983569
vn 0.535149693 0.683431804 0.480588973
vn 0.72632724 0.647404552 0.245390713
vn 0.39818272 0.842821002 0.358059078
vn -0.271484733 0.531927526 -0.792922676
vn -0.410261959 -0.203256324 -0.889028668
vn -0.466352642 -0.152707249 -0.871318281
vn -0.827096224 0.508863926 -0.213793889
vn -0.954351008 -0.180428743 0.29837361
vn -0.977435112 0.0652717352 -0.0520118289
vn 0.0127454344 0.990437388 -0.060132876
vn 0.030610675 0.845637023 -0.430140048
vn -0.192384839 0.548047841 -0.402959555
vn -0.799931288 0.0223672576 0.592090309
vn -0.94479686 -0.0181202535 -0.314134508
vn -0.857324779 0.343338609 0.0476268567
vn -0.85238713 -0.0432246402 0.53043133
vn -0.94479686 -0.0181202535 -0.314134508
vn -0.799931288 0.0223672576 0.592090309
vn 0.49893108 0.76478231 0.103681773
vn 0.919771433 0.475078464 -0.191850945
vn 0.821493208 0.484877765 0.293823868
vn -0.392299324 0.65765202 0.537526011
vn -0.381715864 0.699385524 0.57975924
vn -0.0731875002 0.886720657 0.434418142
vn -0.398122579 0.856477857 0.328548431
vn -0.381715864 0.699385524 0.57975924
vn -0.392299324 0.65765202 0.537526011
vn -0.0572363622 0.86015451 -0.529467881
vn 0.54209578 0.643670082 -0.451561779
vn 0.175850824 0.817354798 -0.548641682
vn -0.0572363622 0.86015451 -0.529467881
vn 0.393414438 0.593802035 -0.617125809
vn 0.54209578 0.643670082 -0.451561779
vn 0.94881916 0.246939644 0.123241179
vn 0.976767123 0.162591502 0.0709527284
vn 0.801802278 0.577298462 0.19177106
vn -0.521475017 0.755225003 -0.405931175
vn -0.342552722 0.324241638 -0.848935068
vn -0.432660252 0.656461716 -0.612728357
vn 0.68724978 0.471286982 0.11371436
vn 0.798201859 -0.428115696 0.423781484
vn 0.735652268 -0.509999454 0.543097436
vn -0.738110602 0.610219121 -0.328307062
vn -0.646644413 0.746828973 0.15223822
vn -0.789304137 0.527686834 0.189578623
vn -0.712443292 0.0505968146 0.68633604
vn -0.488312989 -0.0732208192 0.871927261
vn -0.40124771 0.0221422501 0.909914672
vn -0.712443292 0.0505968146 0.68633604
vn -0.676174939 0.0105804568 0.744735301
vn -0.488312989 -0.0732208192 0.871927261
vn 0.401803344 0.209512308 -0.885453582
vn -0.46094957 0.105287805 -0.886771798
vn -0.061255943 0.418097734 -0.874559879
vn -0.761938453 0.09611132 0.649814725
vn 0.106230013 0.294951409 0.886176169
vn 0.430504352 -0.0955177397 0.718599677
vn -0.761938453 0.09611132 0.649814725
vn -0.398627579 0.301041007 0.622889578
vn 0.106230013 0.294951409 0.886176169
vn -0.810121894 0.499206245 -0.311657995
vn -0.061255943 0.418097734 -0.874559879
vn -0.983030438 0.196364179 -0.137179628
vn -0.983030438 0.196364179 -0.137179628
vn -0.061255943 0.418097734 -0.874559879
vn -0.46094957 0.105287805 -0.886771798
vn 0.573268473 0.677029014 -0.217560351
vn 0.938394547 0.327844858 0.109240182
vn 0.929130912 0.364857614 -0.0491020158
vn 0.938394547 0.327844858 0.109240182
vn 0.573268473 0.677029014 -0.217560351
vn 0.78676331 0.584910929 0.19084166
vn 0.324510843 0.276941031 -0.842254162
vn 0.508295715 0.217725888 -0.83504647
vn 0.753284574 0.20239225 -0.56485498
vn -0.105544999 0.0723181367 -1.00508904
vn 0.508295715 0.217725888 -0.83504647
vn 0.324510843 0.276941031 -0.842254162
vn 0.0398241654 -0.490494609 0.860988379
vn -0.484336495 -0.623120964 0.590444803
vn -0.247169659 -0.671281397 0.706530511
vn 0.239913568 0.647347867 -0.648554206
vn 0.654386997 0.464525819 -0.579396605
vn 0.165403262 0.538182378 -0.835455477
vn -0.78069514 -0.147001579 -0.626728773
vn 0.13419655 -0.596746266 -0.768172622
vn -0.457673907 -0.50934124 -0.761740804
vn -0.332674384 -0.540739238 -0.770693421
vn 0.13419655 -0.596746266 -0.768172622
vn -0.78069514 -0.147001579 -0.626728773
vn -0.247169659 -0.671281397 0.706530511
vn -0.303061455 -0.659279943 0.690883696
vn -0.341054052 -0.736127675 0.579083502
vn -0.057037387 -0.548027515 0.806992888
vn -0.247169659 -0.671281397 0.706530511
vn -0.341054052 -0.736127675 0.579083502
vn 0.793777704 0.33964926 0.3537651
vn 0.89782995 -0.18690668 0.417517394
vn 0.777829468 0.449347377 0.340602726
vn 0.403731525 0.654893219 0.635802567
vn 0.277324051 0.802346885 0.440839231
vn 0.586115658 0.636960745 0.462424189
vn 0.277324051 0.802346885 0.440839231
vn 0.67493099 0.738449395 0.185722232
vn 0.586115658 0.636960745 0.462424189
vn -0.94479686 -0.0181202535 -0.314134508
vn -0.861357212 0.300935447 -0.335549414
vn -0.561107814 0.288099796 -0.777778327
vn 0.0997648984 0.483546406 -0.86961484
vn 0.0265669115 0.193961412 -0.9740417
vn -0.106982708 0.53041625 -0.848928034
vn -0.106982708 0.53041625 -0.848928034
vn 0.371264398 0.200164631 -0.826580524
vn 0.0997648984 0.483546406 -0.86961484
vn 0.585101843 -0.0142238224 -0.78183347
vn 0.505159795 -0.144670233 -0.810958743
vn 0.519853592 -0.0834097415 -0.831948757
vn 0.933005571 -0.154901206 -0.154687986
vn 0.589338481 -0.775454283 -0.304917753
vn 0.705038548 -0.035340257 -0.678492844
vn 0.794869363 0.610872686 -0.0728393644
vn 0.438290328 0.854247987 -0.30303508
vn 0.678733945 0.655636013 0.371713281
vn -0.371385813 0.478671432 0.799967289
vn -0.408873409 0.364983261 0.836266339
vn -0.532890439 0.406896502 0.679718852
vn 0.599919081 0.620006859 0.489036351
vn -0.200622305 0.42298767 0.875477016
vn 0.142183289 0.506839037 0.873382509
vn -0.731011689 -0.0549249873 -0.725834489
vn -0.999413669 0.171450779 -0.124913812
vn -0.793351352 0.120600954 -0.601281166
vn -0.742643952 0.556405485 0.397016823
vn -0.710067809 0.590705812 0.389943838
vn -0.532890439 0.406896502 0.679718852
vn 0.929130912 0.364857614 -0.0491020158
vn 0.347141236 0.776338875 -0.350158274
vn 0.597909808 0.620204687 -0.36119014
vn -0.00945590064 0.0619819574 0.994841635
vn 0.481936842 0.0716311261 0.855092287
vn 0.206879988 -0.0329583026 0.968065441
vn -0.0412320308 0.349559665 0.92296046
vn -0.560758114 0.00412061065 0.813189626
vn -0.487979174 -0.37483263 0.791168571
vn -0.0412320308 0.349559665 0.92296046
vn -0.487979174 -0.37483263 0.791168571
vn -0.326948673 -0.450284123 0.855578065
vn 0.0227483567 -0.0744971931 -0.722373962
vn 0.86358577 0.434499949 -0.284350872
vn 0.0533402152 0.511970997 -0.738455713
vn -0.571015656 0.386214375 0.720660806
vn -0.847637594 0.156324774 0.512807846
vn -0.284830332 0.0868667141 0.848376453
vn 0.252432138 0.835716784 0.106893845
vn 0.55190444 0.651189387 -0.291353583
vn -0.455414444 0.220892102 0.793213785
vn 0.678479671 0.730647445 -0.0368571319
vn 0.55190444 0.651189387 -0.291353583
vn 0.252432138 0.835716784 0.106893845
vn -0.847637594 0.156324774 0.512807846
vn -0.980935395 -0.0690757632 -0.00715260161
vn -0.507294774 -0.141899809 0.744858503
vn -0.0992124751 -0.64311564 0.705824673
vn 0.0301137641 -1.00973284 0.189256161
vn -0.22286211 -0.806988835 0.531224012
vn -0.0992124751 -0.64311564 0.705824673
vn 0.235779792 -0.288548946 0.882558882
vn 0.0301137641 -1.00973284 0.189256161
vn 0.620630145 0.550218582 -0.562106788
vn 0.573268473 0.677029014 -0.217560351
vn 0.929130912 0.364857614 -0.0491020158
vn 0.346665382 -0.179416999 0.909293056
vn -0.591231942 0.375797778 0.259538174
vn 0.235344142 -0.241850913 0.927931786
vn -0.0817386359 -0.133071706 0.990674019
vn -0.330760181 -0.407450438 0.877719581
vn -0.0703037158 -0.237677097 0.968005717
vn -0.0817386359 -0.133071706 0.990674019
vn -0.0763054937 0.179219946 0.952716112
vn -0.330760181 -0.407450438 0.877719581
vn -0.542745888 0.262041301 -0.783237994
vn -0.563938379 0.735883653 -0.352036983
vn -0.480061024 0.704554081 -0.493189961
vn 0.950178564 0.164542511 -0.132182151
vn 0.881961346 -0.192084789 -0.285817683
vn 0.914258718 -0.233699545 -0.301969171
vn -0.633040488 -0.474348068 0.444653958
vn -0.248453557 0.440626025 0.851995945
vn -0.124670908 0.265599161 0.968109012
vn 0.0475492515 0.487181783 0.88797015
vn 0.132166773 0.685532808 0.716020823
vn 0.0456510596 0.893752992 0.422652245
vn -0.740990281 0.566249549 -0.361380935
vn -0.62927562 0.443475068 -0.641969204
vn -0.617140234 0.515563071 -0.59662056
vn -0.0412320308 0.349559665 0.92296046
vn -0.41732347 0.316690147 0.774585724
vn -0.560758114 0.00412061065 0.813189626
vn -0.0650620908 0.127401888 -0.870693266
vn -0.714258432 -0.178096145 -0.711014688
vn -0.41745013 -0.241295189 -0.888952494
vn 0.0391544178 0.966370285 -0.242447227
vn -0.0195849854 0.961154461 -0.385500073
vn -0.572041392 0.824577987 0.064285554
vn -0.607083976 0.53965348 0.57758677
vn -0.402921617 0.576158285 0.715316057
vn -0.478807598 0.650672853 0.512608409
vn 0.685122252 0.200071588 0.649427116
vn 0.0956963673 0.612276256 0.60060668
vn -0.200225249 0.878772199 0.433208048
vn 0.76964879 0.376808465 0.397527725
vn 0.798232615 0.503302872 0.33815968
vn 0.779252887 0.292860001 0.447949737
vn 0.182009935 0.502489805 -0.847361505
vn -0.406603605 0.575941563 -0.708277225
vn -0.493588239 0.113350645 -0.761657476
vn 0.866239488 -0.359797508 0.332972616
vn 0.958932757 -0.201864213 0.199245811
vn 0.732969165 -0.369523585 0.544715881
vn 0.835668325 0.393924296 0.388705045
vn 0.950618923 0.180090874 0.278311372
vn 0.91198051 0.389508754 0.153040797
vn 0.328414381 0.604283571 -0.622146189
vn 0.54209578 0.643670082 -0.451561779
vn 0.655657887 0.451699436 -0.556499898
vn -0.715643644 0.162051946 0.660088301
vn -0.646492481 0.116595715 0.753153503
vn -0.897303581 0.235888213 0.343039215
vn 0.89782995 -0.18690668 0.417517394
vn 0.815649927 -0.137339473 0.562007964
vn 0.86275661 -0.0631176829 0.481263489
vn 0.89782995 -0.18690668 0.417517394
vn 0.0956963673 0.612276256 0.60060668
vn 0.685122252 0.200071588 0.649427116
vn 0.0786318853 0.376511812 -0.924111187
vn 0.188942432 0.32417056 -0.927656353
vn 0.225009874 0.359809816 -0.906007946
vn 0.86275661 -0.0631176829 0.481263489
vn 0.815649927 -0.137339473 0.562007964
vn 0.538113713 0.340525419 0.684939027
vn -0.34080708 0.0170738492 0.933601141
vn -0.757044971 0.124552056 0.628093779
vn -0.38889423 -0.180711553 0.91542536
vn -0.257885784 -0.923053563 -0.294130743
vn -0.0849812105 -0.797107458 -0.6030882
vn -0.0307511855 -0.917628348 -0.408338934
vn -0.0307511855 -0.917628348 -0.408338934
vn -0.0849812105 -0.797107458 -0.6030882
vn 0.0565402955 -0.749383867 -0.62951535
vn 0.98924017 -0.0799997672 0.0286711864
vn 0.982309103 -0.108526342 0.132034168
vn 0.873943925 -0.235109746 0.402007073
vn 0.712463617 0.706774056 0.146301374
vn 0.678106308 0.724469483 0.123757005
vn 0.660595 0.736691654 0.133847296
vn 0.712463617 0.706774056 0.146301374
vn 0.660595 0.736691654 0.133847296
vn 0.578344822 0.813212335 0.0116176894
vn -0.146377429 0.535739839 0.850907385
vn 0.143238664 0.623209059 0.7723791
vn -0.0308019426 0.462220818 0.857001066
vn -0.178560778 0.951488733 0.171108156
vn 0.0507730134 0.864965081 -0.447098285
vn -0.406812698 0.835295916 -0.092999585
vn -0.308623433 -0.146593109 0.946325302
vn -0.41570282 -0.305829525 0.875803292
vn -0.768626273 -0.0177691504 0.501978993
vn 0.0507730134 0.864965081 -0.447098285
vn -0.178560778 0.951488733 0.171108156
vn 0.252432138 0.835716784 0.106893845
vn 0.131556049 -0.196017668 0.969260454
vn 0.00844694301 -0.308518052 0.926059008
vn 0.267743409 -0.0723192841 0.958011031
vn -0.564751685 0.652605832 0.51073426
vn -0.218231007 0.735054016 0.64740473
vn 0.337942153 0.766326666 0.542715371
vn 0.0745456666 0.657299995 0.718140721
vn 0.337942153 0.766326666 0.542715371
vn -0.218231007 0.735054016 0.64740473
vn -0.70213604 0.0734711438 0.648525178
vn -0.608855128 0.238764524 0.6965096
vn -0.896344066 0.00703780353 0.447832018
vn -0.136732206 0.550388038 -0.796150565
vn -0.136325568 0.495523393 -0.854342222
vn -0.211862504 0.563367307 -0.795476198
vn -0.126030117 -0.43916443 -0.901275694
vn -0.950762808 0.113822371 -0.253526419
vn -0.46094957 0.105287805 -0.886771798
vn 0.398154616 0.548987865 0.605592251
vn 0.161664233 0.735335648 0.658138335
vn 0.0901567787 0.793083966 0.560401499
vn 0.18014805 0.605810225 0.735286117
vn 0.0901567787 0.793083966 0.560401499
vn 0.161664233 0.735335648 0.658138335
vn 0.21008876 -0.0902254432 0.933743715
vn -0.0772953033 -0.454077542 0.887785017
vn 0.532631457 0.196886599 0.746003866
vn 0.505159795 -0.144670233 -0.810958743
vn -0.362264276 0.117038712 -0.925704718
vn 0.519853592 -0.0834097415 -0.831948757
vn -0.987584233 -0.169645339 0.0597158112
vn -0.954351008 -0.180428743 0.29837361
vn -0.764034986 0.437236607 -0.149576068
vn 0.966915786 0.239206895 -0.0886228383
vn -0.227589801 0.664348304 -0.696395934
vn 0.637220502 0.534415185 -0.555293202
vn 0.733165383 0.377142251 -0.393446028
vn -0.227589801 0.664348304 -0.696395934
vn -0.218774393 0.624021947 -0.750156343
vn -0.553415239 -0.11829181 0.747429609
vn 0.831459641 0.180308387 0.606799781
vn 0.94243747 -0.22875528 0.272146374
vn -0.592972636 0.322346687 0.685062289
vn -0.398627579 0.301041007 0.622889578
vn -0.791159451 0.103920206 0.602716625
vn -0.761938453 0.09611132 0.649814725
vn -0.791159451 0.103920206 0.602716625
vn -0.398627579 0.301041007 0.622889578
vn -0.764034986 0.437236607 -0.149576068
vn 0.154038966 0.604113042 -0.598919153
vn -0.87248379 0.368027747 -0.0371953547
vn 0.0393868722 0.884882689 -0.491894156
vn -0.87248379 0.368027747 -0.0371953547
vn 0.154038966 0.604113042 -0.598919153
vn -0.0611552671 0.234782755 0.974088192
vn -0.20450066 0.395712197 0.903164923
vn -0.364617765 0.516439617 0.778875649
vn -0.493588239 0.113350645 -0.761657476
vn -0.714258432 -0.178096145 -0.711014688
vn -0.0650620908 0.127401888 -0.870693266
vn -0.855927289 -0.255160421 -0.449757367
vn 0.0620666407 0.473717213 -0.730159461
vn -0.840845048 -0.138315216 -0.523305297
vn -0.901873112 0.401400566 0.174286216
vn -0.825786352 0.273419797 0.413949043
vn -0.780434728 0.549166203 0.259636015
vn -0.0404927768 -0.345260352 0.938293159
vn 0.00844694301 -0.308518052 0.926059008
vn -0.0258993562 -0.630677223 0.770032346
vn 0.181568101 0.480914742 0.874618471
vn 0.356236756 0.15655832 0.839848876
vn 0.225997195 0.8046 0.549130261
vn -0.273736387 0.512488604 0.804975927
vn 0.181568101 0.480914742 0.874618471
vn 0.225997195 0.8046 0.549130261
vn -0.612596273 -0.13572906 -0.790153563
vn -0.15424116 0.478474796 -0.887398899
vn -0.150234774 -0.0613134876 -0.991811931
vn 0.514161587 0.799608648 -0.31026417
vn 0.403123319 0.531784952 -0.702908456
vn 0.351731479 0.778527141 -0.519788742
vn 0.0620666407 0.473717213 -0.730159461
vn 0.403123319 0.531784952 -0.702908456
vn 0.514161587 0.799608648 -0.31026417
vn 0.332354754 0.415196508 -0.846848369
vn 0.245700926 0.48542577 -0.857513487
vn 0.697518349 0.425589919 -0.588178456
vn 0.413349539 0.358314335 -0.78952986
vn 0.697518349 0.425589919 -0.588178456
vn 0.245700926 0.48542577 -0.857513487
vn 0.68724978 0.471286982 0.11371436
vn 0.244420484 0.798431277 -0.393541098
vn 0.798201859 -0.428115696 0.423781484
vn 0.870912135 -0.230703518 0.433921576
vn 0.909712434 0.190090105 0.4616943
vn 0.956704259 -0.184996098 0.224707261
vn -0.0596358888 0.116407521 -0.992275596
vn 0.189228475 0.181924373 -0.960687041
vn 0.359595716 0.123331964 -0.924921691
vn 0.854132473 0.0809378102 -0.206251174
vn 0.623625994 0.724885166 0.0642960221
vn 0.0676692799 0.905024767 0.0490902252
vn 0.854132473 0.0809378102 -0.206251174
vn 0.607065558 0.472356379 0.144486353
vn 0.623625994 0.724885166 0.0642960221
vn 0.725447536 -0.168340653 0.680034161
vn 0.632971644 -0.194864362 0.753979921
vn 0.286546141 -0.370404899 0.767790556
vn 0.481936842 0.0716311261 0.855092287
vn 0.30403322 0.0550516956 0.953350365
vn 0.206879988 -0.0329583026 0.968065441
vn -0.947726488 0.206021696 -0.254241139
vn 0.350681812 -0.627628863 0.658664227
vn -0.730602801 0.0132751502 0.476057231
vn 0.441024214 0.444323689 0.779720128
vn 0.58359313 0.445158809 0.682140529
vn 0.478471905 0.604815662 0.642579734
vn 0.478471905 0.604815662 0.642579734
vn 0.275130838 0.5465855 0.791482449
vn 0.441024214 0.444323689 0.779720128
vn 0.783602893 0.338449597 -0.42167449
vn 0.324564606 0.761433959 -0.550247014
vn 0.412627608 0.800540984 -0.440565944
vn -0.751528919 0.379281461 -0.527083516
vn -0.747579217 0.394310564 -0.543352842
vn -0.555908203 0.488703042 -0.659622014
vn 0.732490003 0.335237324 0.579892814
vn 0.655310214 0.56657964 0.535512328
vn 0.532631457 0.196886599 0.746003866
vn -0.847637594 0.156324774 0.512807846
vn -0.806779087 0.267971396 0.526591778
vn -0.980935395 -0.0690757632 -0.00715260161
vn 0.885121226 -0.475160986 -0.0824563354
vn 0.617536664 -0.776949763 0.120543845
vn 0.756217837 -0.591427088 -0.261270225
vn -0.847637594 0.156324774 0.512807846
vn -0.571015656 0.386214375 0.720660806
vn -0.806779087 0.267971396 0.526591778
vn 0.245700926 0.48542577 -0.857513487
vn 0.28887704 0.32467398 -0.901527107
vn 0.413349539 0.358314335 -0.78952986
vn 0.552666664 0.82057184 -0.385777891
vn 0.406192094 0.687116683 -0.608009636
vn -0.0631467998 0.354488045 -0.934580445
vn 0.535149693 0.683431804 0.480588973
vn 0.618431151 0.605845571 0.501303911
vn 0.72632724 0.647404552 0.245390713
vn 0.618431151 0.605845571 0.501303911
vn 0.611014783 0.598472178 0.528826416
vn 0.72632724 0.647404552 0.245390713
vn -0.277578622 0.663435161 0.694840908
vn -0.307155073 0.797600985 0.519122899
vn -0.471269578 0.818660796 0.369290411
vn -0.323698074 0.72200948 0.600386202
vn -0.277578622 0.663435161 0.694840908
vn -0.471269578 0.818660796 0.369290411
vn -0.248453557 0.440626025 0.851995945
vn -0.633040488 -0.474348068 0.444653958
vn -0.277578622 0.663435161 0.694840908
vn 0.634756923 -0.473330766 0.623415947
vn 0.788325727 -0.193848565 0.556454718
vn 0.695354879 0.226187378 0.643773258
vn 0.954316616 0.133934096 0.286732405
vn 0.680131614 -0.100921728 0.739335477
vn 0.962949753 -0.196750253 0.0463938043
vn 0.954316616 0.133934096 0.286732405
vn 0.962949753 -0.196750253 0.0463938043
vn 0.463496506 -0.0348074175 0.515812933
vn -0.132399455 0.808804989 0.511414945
vn 0.623625994 0.724885166 0.0642960221
vn 0.709853172 0.657211542 0.245911732
vn 0.709853172 0.657211542 0.245911732
vn 0.143238664 0.623209059 0.7723791
vn -0.132399455 0.808804989 0.511414945
vn -0.0336746275 0.42791149 0.896813691
vn -0.124670908 0.265599161 0.968109012
vn -0.323698074 0.72200948 0.600386202
vn 0.04366602 -0.612898171 0.781337678
vn 0.00190773804 -0.659383416 0.690042138
vn -0.188134477 -0.916355789 0.380581051
vn -0.0731875002 0.886720657 0.434418142
vn 0.291340739 0.60901165 0.64586997
vn 0.67493099 0.738449395 0.185722232
vn 0.489002973 -0.221201017 0.81741941
vn 0.766656816 -0.308196217 0.569841385
vn 0.500387609 -0.416605681 0.714657366
vn 0.0431005061 0.920638859 0.19045192
vn 0.446112275 0.774773538 0.48918733
vn -0.109688133 0.970611453 -0.0637242198
vn -0.0234636962 0.220653534 -1.03298128
vn -0.764034986 0.437236607 -0.149576068
vn -0.76271528 0.0225283001 -0.0428240374
vn 0.405357838 0.280471355 -0.85159266
vn 0.338691086 0.241848573 -0.906940341
vn 0.844028413 0.145968854 -0.494083494
vn 0.406192094 0.687116683 -0.608009636
vn 0.844028413 0.145968854 -0.494083494
vn 0.338691086 0.241848573 -0.906940341
vn 0.885121226 -0.475160986 -0.0824563354
vn 0.756217837 -0.591427088 -0.261270225
vn 0.643453181 0.241464525 -0.653528869
vn 0.643453181 0.241464525 -0.653528869
vn 0.756217837 -0.591427088 -0.261270225
vn 0.859745979 -0.0760219768 -0.513881564
vn 0.697518349 0.425589919 -0.588178456
vn 0.413349539 0.358314335 -0.78952986
vn 0.823870361 0.333612233 -0.273124158
vn 0.336432874 0.195921898 -0.892445445
vn 0.720165133 0.289978981 -0.496490717
vn 0.413349539 0.358314335 -0.78952986
vn -0.0579982735 0.172922 0.976553559
vn -0.361699164 0.305693418 0.903122485
vn -0.573872924 -0.139380053 0.760136485
vn 0.235779792 -0.288548946 0.882558882
vn -0.293144882 0.0775653869 0.858972073
vn 0.110414937 -0.322635144 0.741456866
vn -0.0849812105 -0.797107458 -0.6030882
vn -0.0255498532 -0.760446966 -0.648897231
vn 0.0565402955 -0.749383867 -0.62951535
vn -0.662047148 0.613357842 0.204187214
vn -0.790580511 0.565174997 -0.251069844
vn -0.945991099 0.320008457 -0.118065469
vn -0.945991099 0.320008457 -0.118065469
vn -0.790580511 0.565174997 -0.251069844
vn -0.68985647 0.63555336 0.15632835
vn 0.829476893 0.376568586 -0.394677937
vn 0.794869363 0.610872686 -0.0728393644
vn 0.80407846 0.474430174 -0.330871701
vn 0.976783693 -0.211182162 -0.0359954871
vn 0.876830339 0.0380745456 0.406708121
vn 0.982309103 -0.108526342 0.132034168
vn 0.308828801 0.906105518 0.11016231
vn 0.0384741873 0.558395088 -0.241578937
vn 0.699348211 0.299958497 0.127184868
vn -0.134581283 0.745870173 0.639138103
vn -0.501747429 0.409146219 0.743960977
vn -0.41732347 0.316690147 0.774585724
vn 0.587149799 0.492140681 0.614106238
vn 0.717963636 0.690778673 0.198221564
vn 0.403731525 0.654893219 0.635802567
vn 0.992939353 0.0726074502 -0.126996428
vn 0.6877473 0.118419901 -0.49085179
vn 0.539193153 0.0877490714 -0.683674097
vn -0.885512948 0.452270746 -0.106386289
vn -0.827096224 0.508863926 -0.213793889
vn -0.977435112 0.0652717352 -0.0520118289
vn -0.565109015 0.199599758 -0.76369679
vn -0.687766612 0.313498914 -0.603566945
vn -0.546631217 0.482393682 -0.650647342
vn 0.258525372 0.648525536 -0.254520983
vn -0.500222445 0.248261526 -0.69911772
vn -0.570419431 0.291061878 -0.741568804
vn -0.571015656 0.386214375 0.720660806
vn -0.571263492 0.46343267 0.733313382
vn -0.806779087 0.267971396 0.526591778
vn -0.640025258 0.1285166 0.495783925
vn -0.754624903 -0.0923850387 0.480730176
vn -0.993061543 -0.155149862 -0.0774087906
vn 0.266440451 -0.634542942 -0.693791628
vn 0.878489554 -0.447636127 -0.189855963
vn 0.771646857 -0.18965821 -0.448912412
vn 0.0678391531 -0.746241808 0.623420596
vn 0.137349933 -0.705257356 0.626641154
vn -0.895657301 -0.00131856429 -0.0809329897
vn -0.64431721 0.660445511 -0.222904682
vn -0.789435983 0.355449885 -0.437729836
vn -0.515290976 -0.268697172 -0.687165558
vn 0.157421753 0.925382793 0.340420812
vn -0.240734741 0.830883026 0.3585805
vn -0.410605639 0.768892229 0.419123709
vn 0.239087135 -0.123178139 0.930339098
vn 0.268500656 0.281381398 0.830418527
vn -0.129336938 -0.0950657874 0.987033188
vn 0.154452488 0.287591428 -0.95526439
vn 0.770354033 0.569846094 -0.264819592
vn 0.919771433 0.475078464 -0.191850945
vn 0.154452488 0.287591428 -0.95526439
vn 0.919771433 0.475078464 -0.191850945
vn 0.508295715 0.217725888 -0.83504647
vn -0.0631467998 0.354488045 -0.934580445
vn -0.54476577 0.0905110985 -0.840723038
vn 0.552666664 0.82057184 -0.385777891
vn 0.0533402152 0.511970997 -0.738455713
vn 0.552666664 0.82057184 -0.385777891
vn -0.54476577 0.0905110985 -0.840723038
vn -0.519351661 0.84075284 -0.0830834061
vn -0.676174939 0.0105804568 0.744735301
vn -0.712443292 0.0505968146 0.68633604
vn -0.676174939 0.0105804568 0.744735301
vn -0.519351661 0.84075284 -0.0830834061
vn -0.569621563 0.68261373 -0.0752603635
vn 0.396750629 -0.0818051398 -0.960990608
vn 0.546149254 -0.557419717 -0.642337859
vn 0.820752621 -0.317836374 -0.368654966
vn -0.542745888 0.262041301 -0.783237994
vn -0.128825814 0.216313139 -0.962509334
vn -0.196507901 0.0529331006 -1.00284457
vn -0.385020882 0.57872659 -0.73295486
vn -0.371176243 0.660560012 -0.675482273
vn -0.264390856 0.540156364 -0.796366215
vn -0.385020882 0.57872659 -0.73295486
vn -0.329083979 0.312721193 -0.897428751
vn -0.371176243 0.660560012 -0.675482273
vn 0.525716782 0.121583678 -0.660393059
vn 0.521110237 0.80769968 -0.275799513
vn 0.514161587 0.799608648 -0.31026417
vn 0.211064488 0.686448216 -0.621677041
vn 0.521110237 0.80769968 -0.275799513
vn 0.525716782 0.121583678 -0.660393059
vn 0.516417503 0.677077115 0.517168403
vn 0.618431151 0.605845571 0.501303911
vn 0.535149693 0.683431804 0.480588973
vn -0.15424116 0.478474796 -0.887398899
vn 0.525716782 0.121583678 -0.660393059
vn 0.351731479 0.778527141 -0.519788742
vn -0.793079317 -0.00786776934 -0.617874682
vn -0.336346149 0.295917451 -0.905510545
vn -0.302027434 0.294936895 -0.835453928
vn 0.829476893 0.376568586 -0.394677937
vn 0.783602893 0.338449597 -0.42167449
vn 0.412627608 0.800540984 -0.440565944
vn 0.0746250004 0.0797375739 -0.979061365
vn -0.0996972322 0.0883395895 -0.994654417
vn -0.0212741289 -0.122685201 -0.953665018
vn 0.732969165 -0.369523585 0.544715881
vn -0.730602801 0.0132751502 0.476057231
vn 0.350681812 -0.627628863 0.658664227
vn 0.511877179 0.34660238 0.803561985
vn 0.319550723 0.0319531746 0.938644052
vn 0.106230013 0.294951409 0.886176169
vn 0.0950321555 0.365847409 -0.902498722
vn 0.166893721 0.441623718 -0.878886998
vn 0.058760263 0.399965525 -0.90187037
vn -0.487979174 -0.37483263 0.791168571
vn -0.54364562 -0.528041899 0.652875423
vn -0.435690969 -0.577591956 0.692979097
vn 0.871894956 0.504955053 -0.0462838151
vn 0.725346208 0.48766157 -0.413190335
vn 0.824277759 0.371984303 -0.430582404
vn 0.725346208 0.48766157 -0.413190335
vn 0.821382701 0.49788028 -0.240662709
vn 0.824277759 0.371984303 -0.430582404
vn 0.0790914968 0.242679954 -0.596903682
vn 0.753284574 0.20239225 -0.56485498
vn 0.21257785 0.0884021446 -0.835057497
vn 0.300546139 -0.671320021 -0.632243216
vn 0.398369521 -0.165824279 -0.887128413
vn 0.409103394 -0.504258752 -0.757673204
vn 0.083396554 0.41617009 0.812478721
vn -0.29264304 0.846540511 0.444667488
vn -0.089364633 0.871833205 0.481581628
vn 0.0956963673 0.612276256 0.60060668
vn -0.135311723 0.810737133 0.569557786
vn -0.29264304 0.846540511 0.444667488
vn 0.956704259 -0.184996098 0.224707261
vn 0.458624214 0.455235988 0.541294694
vn 0.958932757 -0.201864213 0.199245811
vn 0.956704259 -0.184996098 0.224707261
vn 0.958932757 -0.201864213 0.199245811
vn 0.866239488 -0.359797508 0.332972616
vn 0.717360854 0.400330186 0.336717695
vn 0.698337018 0.403693467 0.56209296
vn 0.463496506 -0.0348074175 0.515812933
vn -0.0494044423 -0.92060262 -0.387362689
vn 0.177417606 -0.678954124 -0.648680091
vn 0.300546139 -0.671320021 -0.632243216
vn -0.939701378 0.27376014 -0.20452483
vn -0.983030438 0.196364179 -0.137179628
vn -0.950762808 0.113822371 -0.253526419
vn -0.827096224 0.508863926 -0.213793889
vn -0.802380979 -0.0656973422 0.621023238
vn -0.954351008 -0.180428743 0.29837361
vn 0.599919081 0.620006859 0.489036351
vn 0.709853172 0.657211542 0.245911732
vn 0.600366354 0.701268137 0.390115321
vn 0.33385855 0.893984079 -0.238968879
vn 0.855809331 0.513160348 0.0652452037
vn 0.49893108 0.76478231 0.103681773
vn 0.33385855 0.893984079 -0.238968879
vn 0.0533402152 0.511970997 -0.738455713
vn 0.855809331 0.513160348 0.0652452037
vn 0.578242242 0.449697137 -0.47955963
vn 0.244420484 0.798431277 -0.393541098
vn -0.282457709 0.85838747 -0.436745733
vn 0.578242242 0.449697137 -0.47955963
vn 0.775441766 -0.371941149 -0.593924761
vn 0.244420484 0.798431277 -0.393541098
vn 0.157421753 0.925382793 0.340420812
vn 0.0908948034 0.797226965 0.606810212
vn 0.105026208 0.740337908 0.674198985
vn 0.928071976 0.0286348611 -0.421750873
vn 0.87469548 0.0780540258 -0.486849517
vn 0.814305305 0.37114045 -0.444451123
vn 0.511877179 0.34660238 0.803561985
vn -0.102375761 0.425003678 0.896832705
vn 0.319550723 0.0319531746 0.938644052
vn 0.790822089 -0.558052719 -0.259656936
vn 0.881961346 -0.192084789 -0.285817683
vn 0.852030575 -0.405215204 -0.332749218
vn 0.662671149 0.462558419 -0.60990566
vn 0.80407846 0.474430174 -0.330871701
vn 0.402736872 0.718273342 -0.594406962
vn 0.0456510596 0.893752992 0.422652245
vn -0.144093916 0.875682771 0.477444738
vn -0.157795921 0.877057731 0.438182056
vn 0.760255635 -0.206103802 0.616062224
vn 0.820004404 -0.207594484 0.533382833
vn 0.753774047 -0.302603006 0.559277833
vn 0.760255635 -0.206103802 0.616062224
vn 0.753774047 -0.302603006 0.559277833
vn 0.0678391531 -0.746241808 0.623420596
vn -0.271484733 0.531927526 -0.792922676
vn -0.16796945 -0.168292075 -0.986239433
vn -0.410261959 -0.203256324 -0.889028668
vn -0.157399341 0.153025314 0.855572701
vn -0.507294774 -0.141899809 0.744858503
vn -0.911556184 -0.26747185 0.342372
vn 0.0674666911 0.526313066 0.83599472
vn 0.232743219 0.0604595765 0.924923062
vn 0.0840263143 -0.538615644 0.853233576
vn 0.585444391 0.703471184 -0.236846536
vn 0.402736872 0.718273342 -0.594406962
vn 0.810150206 0.562081993 -0.0738213435
vn 0.133973554 0.284923404 -0.968321562
vn 0.216944948 0.0685278177 -0.931205213
vn 0.00978057738 -0.420916796 -0.92559731
vn 0.769995928 0.453514129 -0.354137093
vn 0.849909365 0.526291251 -0.0259157084
vn 0.932451308 0.266672224 -0.243763119
vn 0.819890678 0.430583924 -0.259229898
vn 0.849909365 0.526291251 -0.0259157084
vn 0.769995928 0.453514129 -0.354137093
vn -0.966857195 0.223212615 -0.0416621231
vn -0.685556591 -0.267350465 0.542251289
vn -0.397031546 -0.765532851 0.506285846
vn -0.966857195 0.223212615 -0.0416621231
vn -0.397031546 -0.765532851 0.506285846
vn -0.895657301 -0.00131856429 -0.0809329897
vn 0.00630146498 0.0926670209 -0.475770026
vn 0.83981967 -0.362267613 -0.384581774
vn -0.454590619 -0.253314286 -0.456067085
vn -0.336558491 0.573529661 0.746854901
vn -0.341128021 0.613595784 0.717413425
vn -0.0115052303 0.437793672 0.907522082
vn -0.364617765 0.516439617 0.778875649
vn -0.336558491 0.573529661 0.746854901
vn -0.0115052303 0.437793672 0.907522082
vn 0.28887704 0.32467398 -0.901527107
vn 0.0950321555 0.365847409 -0.902498722
vn 0.281394333 0.318569571 -0.905221224
vn 0.190388039 0.297029614 -0.934422374
vn 0.28887704 0.32467398 -0.901527107
vn 0.281394333 0.318569571 -0.905221224
vn -0.662646651 0.444604486 -0.1433575
vn 0.909712434 0.190090105 0.4616943
vn -0.690708041 0.596256495 0.0883838236
vn 0.0272252634 0.264634341 -0.968993366
vn 0.133973554 0.284923404 -0.968321562
vn -0.187798604 -0.154535741 -0.963833869
vn -0.714258432 -0.178096145 -0.711014688
vn -0.136325568 0.495523393 -0.854342222
vn -0.41745013 -0.241295189 -0.888952494
vn 0.146117613 0.783931434 0.599735737
vn 0.0922070742 0.740176797 0.680027843
vn 0.241290256 0.759820044 0.597821295
vn 0.114725314 0.267584026 0.956761181
vn 0.241290256 0.759820044 0.597821295
vn 0.0922070742 0.740176797 0.680027843
vn 0.181568101 0.480914742 0.874618471
vn -0.0258993562 -0.630677223 0.770032346
vn 0.201030895 -0.211082205 0.88656491
vn -0.215833455 0.409372866 0.467499852
vn -0.334594518 0.537454486 0.310475886
vn 0.475758642 0.797222137 0.327322155
vn -0.817213833 0.433440208 -0.325465769
vn -0.526667953 -0.0939516798 -0.851463079
vn -0.699189365 0.504892945 -0.45646897
vn -0.526667953 -0.0939516798 -0.851463079
vn -0.817213833 0.433440208 -0.325465769
vn -0.801261067 -0.132032707 -0.583564997
vn 0.160519764 0.905739307 0.204156712
vn 0.0792591274 0.994573057 0.13808322
vn -0.162545979 0.862707138 0.44957912
vn -0.0404927768 -0.345260352 0.938293159
vn 0.181568101 0.480914742 0.874618471
vn -0.273736387 0.512488604 0.804975927
vn -0.503221691 0.890646577 -0.0956226736
vn -0.0339524522 0.477348149 -0.87406379
vn -0.336346149 0.295917451 -0.905510545
vn 0.201030895 -0.211082205 0.88656491
vn 0.571617305 0.124653846 0.781852663
vn 0.356236756 0.15655832 0.839848876
vn 0.201030895 -0.211082205 0.88656491
vn -0.019519845 -0.648768723 0.805205882
vn 0.571617305 0.124653846 0.781852663
vn -0.582096696 0.568802238 -0.507443845
vn -0.792143047 0.590909243 -0.0841371715
vn -0.778523624 0.590002477 0.0811142623
vn -0.77145052 0.615064025 -0.117154479
vn -0.810136855 0.56107825 0.130960852
vn -0.811457276 0.520542502 0.0919367373
vn -0.77145052 0.615064025 -0.117154479
vn -0.624902666 0.46833393 -0.585119426
vn -0.810136855 0.56107825 0.130960852
vn -0.810136855 0.56107825 0.130960852
vn -0.624902666 0.46833393 -0.585119426
vn -0.747579217 0.394310564 -0.543352842
vn 0.341237426 0.31631434 -0.839389324
vn 0.185247034 0.20277907 -0.834156334
vn -0.0163106993 0.538464189 -0.836047649
vn -0.0163106993 0.538464189 -0.836047649
vn 0.185247034 0.20277907 -0.834156334
vn -0.136325568 0.495523393 -0.854342222
vn 0.480414957 0.19524467 0.72384423
vn 0.674392939 0.710492611 0.200983569
vn 0.717963636 0.690778673 0.198221564
vn 0.674392939 0.710492611 0.200983569
vn 0.522581279 0.844866693 0.114495859
vn 0.717963636 0.690778673 0.198221564
vn -0.714258432 -0.178096145 -0.711014688
vn -0.367568731 0.451376915 -0.818708122
vn -0.136325568 0.495523393 -0.854342222
vn -0.669351578 -0.00609159982 -0.742920756
vn -0.367568731 0.451376915 -0.818708122
vn -0.714258432 -0.178096145 -0.711014688
vn -0.118877672 -0.511998892 -0.850720465
vn 0.00978057738 -0.420916796 -0.92559731
vn -0.0849812105 -0.797107458 -0.6030882
vn -0.397223264 0.273587793 -0.85480541
vn -0.456616014 0.0526616536 -0.889523327
vn -0.259739518 -0.0806326047 -0.973660052
vn 0.105026208 0.740337908 0.674198985
vn 0.0908948034 0.797226965 0.606810212
vn -0.0336746275 0.42791149 0.896813691
vn -0.166994527 0.533253551 -0.827183843
vn -0.0414968692 0.391099393 -0.92195338
vn 0.0254834481 0.453072667 -0.891826451
vn 0.171860456 0.879020274 -0.444732815
vn 0.631042659 0.712147236 -0.302653342
vn 0.245145917 0.896045446 -0.370197922
vn 0.82281518 0.386770278 0.414441824
vn 0.951409459 0.237594724 0.264480203
vn 0.798232615 0.503302872 0.33815968
vn -0.253691763 0.632952094 -0.75842458
vn -0.193950698 0.624287963 -0.753998101
vn -0.218774393 0.624021947 -0.750156343
vn 0.798232615 0.503302872 0.33815968
vn 0.951409459 0.237594724 0.264480203
vn 0.779252887 0.292860001 0.447949737
vn 0.821493208 0.484877765 0.293823868
vn 0.534217179 0.632452309 0.421121448
vn 0.49893108 0.76478231 0.103681773
vn -0.896344066 0.00703780353 0.447832018
vn -0.986232758 -0.0624190792 0.181922927
vn -0.876268446 0.0543095842 0.402742088
vn 0.35452792 0.6814605 0.531676412
vn 0.150327325 0.854466915 0.497280657
vn 0.131439641 0.860783994 0.491705745
vn 0.131439641 0.860783994 0.491705745
vn 0.150327325 0.854466915 0.497280657
vn 0.40660584 0.228310227 0.818263233
vn -0.560758114 0.00412061065 0.813189626
vn -0.336415559 -0.367776513 0.710003495
vn -0.688674569 -0.449892849 0.556423604
vn 0.789886296 -0.0123487879 -0.605012238
vn -0.0701143965 -0.594125271 -0.81002605
vn 0.583829939 0.248751044 -0.774019003
vn 0.583829939 0.248751044 -0.774019003
vn 0.704637229 0.625122488 -0.373123795
vn 0.789886296 -0.0123487879 -0.605012238
vn 0.531584084 0.413677365 0.721526802
vn 0.611014783 0.598472178 0.528826416
vn 0.516417503 0.677077115 0.517168403
vn -0.196014166 0.513208926 0.782784879
vn 0.440135062 0.418037653 0.796606779
vn 0.799211323 0.469376177 0.405667394
vn 0.0745456666 0.657299995 0.718140721
vn -0.196014166 0.513208926 0.782784879
vn 0.799211323 0.469376177 0.405667394
vn -0.690856218 0.326765329 0.595481277
vn -0.478807598 0.650672853 0.512608409
vn 0.063850984 0.229848817 0.963093579
vn 0.6877473 0.118419901 -0.49085179
vn 0.541450202 0.065712586 -0.596823454
vn 0.0239764769 0.0989420712 -1.0032115
vn -0.00169791805 0.210606173 0.879070938
vn 0.347907573 -0.196164027 0.859122932
vn 0.417837828 -0.139843702 0.841496766
vn 0.232743219 0.0604595765 0.924923062
vn -0.248930767 0.136435434 0.973627985
vn -0.0408773459 -0.547114253 0.845826566
vn 0.319550723 0.0319531746 0.938644052
vn -0.00169791805 0.210606173 0.879070938
vn 0.417837828 -0.139843702 0.841496766
vn 0.698337018 0.403693467 0.56209296
vn 0.622813106 0.446327657 0.643008947
vn 0.572250664 0.441089272 0.691573322
vn -0.842810154 0.54841125 -0.0949509144
vn -0.709386528 0.671229005 -0.204362363
vn -0.563938379 0.735883653 -0.352036983
vn -0.563938379 0.735883653 -0.352036983
vn -0.542745888 0.262041301 -0.783237994
vn -0.842810154 0.54841125 -0.0949509144
vn -0.792143047 0.590909243 -0.0841371715
vn -0.582096696 0.568802238 -0.507443845
vn -0.377471954 0.664371729 -0.253881454
vn -0.842810154 0.54841125 -0.0949509144
vn -0.770763278 0.574801207 -0.177734658
vn -0.709386528 0.671229005 -0.204362363
vn 0.788325727 -0.193848565 0.556454718
vn 0.466007739 0.424714625 0.786864638
vn 0.695354879 0.226187378 0.643773258
vn 0.165330052 0.414430261 0.881233573
vn 0.277295172 0.704479218 0.640954912
vn -0.162545979 0.862707138 0.44957912
vn 0.086881794 0.40208751 -0.912330627
vn 0.133973554 0.284923404 -0.968321562
vn 0.0272252634 0.264634341 -0.968993366
vn 0.133973554 0.284923404 -0.968321562
vn 0.086881794 0.40208751 -0.912330627
vn 0.104157574 0.405785441 -0.908545792
vn 0.0977090448 0.54578048 0.812106967
vn 0.041762691 0.919304311 0.413608879
vn 0.0674666911 0.526313066 0.83599472
vn 0.854526281 0.323488384 -0.359578341
vn 0.81187427 0.429994732 -0.316957474
vn 0.859497666 0.426529288 -0.283717006
vn 0.859497666 0.426529288 -0.283717006
vn 0.788490593 0.465374321 -0.40327239
vn 0.854526281 0.323488384 -0.359578341
vn 0.245235607 -0.540720999 0.688031495
vn 0.878142178 -0.269437462 0.428286403
vn 0.0437839031 0.167895913 0.38767156
vn 0.655657887 0.451699436 -0.556499898
vn 0.813905358 0.518298805 -0.249002784
vn 0.689248562 0.325587511 -0.614062011
vn 0.654235959 0.593378663 -0.484092891
vn 0.846361518 0.195928842 -0.492869288
vn 0.928071976 0.0286348611 -0.421750873
vn 0.70262295 0.0979570523 0.623525739
vn 0.688180506 0.627821028 0.262101293
vn 0.40660584 0.228310227 0.818263233
vn -0.41732347 0.316690147 0.774585724
vn 0.165805519 0.709145367 0.692933142
vn -0.134581283 0.745870173 0.639138103
vn -0.752906919 0.663706779 -0.0427493192
vn -0.791861892 0.595196247 0.119030632
vn -0.792143047 0.590909243 -0.0841371715
vn -0.906147361 0.418886155 0.0516668074
vn -0.791861892 0.595196247 0.119030632
vn -0.752906919 0.663706779 -0.0427493192
vn -0.480061024 0.704554081 -0.493189961
vn -0.268373519 0.662474155 -0.738781989
vn -0.128825814 0.216313139 -0.962509334
vn -0.480061024 0.704554081 -0.493189961
vn -0.128825814 0.216313139 -0.962509334
vn -0.542745888 0.262041301 -0.783237994
vn 0.146251544 0.521640003 -0.773298144
vn 0.172367439 0.719541609 -0.667734563
vn -0.0461662561 0.746577561 -0.454412431
vn 0.0840263143 -0.538615644 0.853233576
vn -0.441830605 0.198616922 0.739150584
vn 0.0674666911 0.526313066 0.83599472
vn -0.441830605 0.198616922 0.739150584
vn 0.0840263143 -0.538615644 0.853233576
vn -0.497604162 -0.583138227 0.450069964
vn -0.50535351 0.717496753 -0.287726223
vn -0.0550152063 0.711486101 -0.344333887
vn 0.445225269 0.840185285 -0.323099256
vn 0.866239488 -0.359797508 0.332972616
vn 0.732969165 -0.369523585 0.544715881
vn 0.350681812 -0.627628863 0.658664227
vn 0.418293566 -0.698225975 -0.461023539
vn 0.267973542 -0.44015339 -0.776827753
vn 0.525716782 0.121583678 -0.660393059
vn 0.529154062 0.340458989 -0.769245148
vn -0.0163106993 0.538464189 -0.836047649
vn 0.671789706 0.450724244 -0.521850228
vn 0.507089317 0.588772237 -0.624273419
vn 0.671789706 0.450724244 -0.521850228
vn -0.0163106993 0.538464189 -0.836047649
vn -0.0412320308 0.349559665 0.92296046
vn -0.326948673 -0.450284123 0.855578065
vn -0.0763054937 0.179219946 0.952716112
vn 0.359595716 0.123331964 -0.924921691
vn 0.0327271 0.477965027 -0.843855023
vn -0.0596358888 0.116407521 -0.992275596
vn 0.133427307 0.847002089 0.512403429
vn 0.092144534 0.511409938 0.787224591
vn -0.273736387 0.512488604 0.804975927
vn -0.273736387 0.512488604 0.804975927
vn 0.225997195 0.8046 0.549130261
vn 0.133427307 0.847002089 0.512403429
vn 0.950178564 0.164542511 -0.132182151
vn 0.966915786 0.239206895 -0.0886228383
vn 0.733165383 0.377142251 -0.393446028
vn 0.720165133 0.289978981 -0.496490717
vn 0.950178564 0.164542511 -0.132182151
vn 0.733165383 0.377142251 -0.393446028
vn -0.104319416 0.531290174 -0.821301818
vn -0.582966685 0.573282778 -0.578944266
vn -0.621249557 0.719370723 -0.276651114
vn 0.688002229 0.702767789 -0.055657547
vn 0.935374677 0.304496646 -0.143980876
vn 0.719980478 0.679088831 0.142459005
vn 0.630436778 0.364132553 0.689405859
vn 0.680131614 -0.100921728 0.739335477
vn 0.954316616 0.133934096 0.286732405
vn 0.704637229 0.625122488 -0.373123795
vn 0.766974747 0.627672493 0.120741792
vn 0.903800845 0.445454121 -0.0946447477
vn -0.874403656 -0.0635802448 0.502359807
vn -0.951656401 0.0438501202 -0.148628771
vn -0.861531496 0.359704614 0.104924388
vn -0.861531496 0.359704614 0.104924388
vn -0.805645645 0.529852092 0.222986594
vn -0.874403656 -0.0635802448 0.502359807
vn 0.721582651 0.527775049 -0.357811272
vn -0.175791487 0.285041004 -0.966516078
vn 0.290785015 0.262895018 -0.733701229
vn -0.85238713 -0.0432246402 0.53043133
vn -0.802380979 -0.0656973422 0.621023238
vn -0.861357212 0.300935447 -0.335549414
vn -0.302027434 0.294936895 -0.835453928
vn -0.699189365 0.504892945 -0.45646897
vn -0.526667953 -0.0939516798 -0.851463079
vn -0.192384839 0.548047841 -0.402959555
vn 0.10757 0.939792156 -0.244702294
vn 0.0127454344 0.990437388 -0.060132876
vn 0.0956963673 0.612276256 0.60060668
vn 0.89782995 -0.18690668 0.417517394
vn 0.831459641 0.180308387 0.606799781
vn 0.10757 0.939792156 -0.244702294
vn -0.282457709 0.85838747 -0.436745733
vn 0.0127454344 0.990437388 -0.060132876
vn -0.282457709 0.85838747 -0.436745733
vn 0.244420484 0.798431277 -0.393541098
vn 0.0127454344 0.990437388 -0.060132876
vn -0.540336609 0.466554552 0.776290655
vn -0.00169791805 0.210606173 0.879070938
vn -0.365807623 0.706882298 0.612392664
vn -0.868598521 0.16537106 0.432514608
vn -0.542282641 -0.399610609 0.55453819
vn -0.922252595 -0.33225441 0.177249327
vn 0.362180173 0.0801909417 -0.934277356
vn -0.183629423 -0.16112566 -0.931502044
vn 0.478264928 -0.25796777 -0.840048969
vn 0.86275661 -0.0631176829 0.481263489
vn 0.479040384 0.248198956 0.748021305
vn 0.777829468 0.449347377 0.340602726
vn -0.326148242 0.93566227 0.173340082
vn -0.861531496 0.359704614 0.104924388
vn -0.607083976 0.53965348 0.57758677
vn -0.231324986 -0.251552045 -0.942851603
vn -0.259739518 -0.0806326047 -0.973660052
vn 0.234967679 -0.450158685 -0.846032679
vn 0.0384741873 0.558395088 -0.241578937
vn 0.951872885 -0.316855341 -0.182128966
vn 0.976767123 0.162591502 0.0709527284
vn 0.189228475 0.181924373 -0.960687041
vn 0.058760263 0.399965525 -0.90187037
vn 0.245700926 0.48542577 -0.857513487
vn 0.876072109 -0.381764859 0.179733127
vn 0.240649566 -0.20425944 -0.608231485
vn 0.735652268 -0.509999454 0.543097436
vn 0.536986589 -0.293280512 0.769935071
vn 0.634756923 -0.473330766 0.623415947
vn 0.500387609 -0.416605681 0.714657366
vn 0.890621901 0.312129796 -0.330707699
vn 0.622164845 0.711566389 -0.297114253
vn 0.769995928 0.453514129 -0.354137093
vn -0.471269578 0.818660796 0.369290411
vn -0.307155073 0.797600985 0.519122899
vn -0.68425107 -0.00256727682 0.504566908
vn -0.0299568716 0.972321749 0.225169033
vn 0.160519764 0.905739307 0.204156712
vn 0.041762691 0.919304311 0.413608879
vn -0.364816219 -0.195618927 -0.728420317
vn -0.187179402 0.106332943 -0.945206106
vn -0.684015989 0.308669627 -0.660942614
vn 0.158082157 0.363783151 -0.914016902
vn 0.103449747 0.278267592 -0.950420082
vn 0.201524839 0.337180614 -0.922728717
vn 0.103449747 0.278267592 -0.950420082
vn 0.158082157 0.363783151 -0.914016902
vn -0.0188355707 0.289535165 -0.95840776
vn -0.342552722 0.324241638 -0.848935068
vn -0.0414968692 0.391099393 -0.92195338
vn -0.288473696 0.508321702 -0.803325653
vn -0.196014166 0.513208926 0.782784879
vn 0.0745456666 0.657299995 0.718140721
vn -0.571263492 0.46343267 0.733313382
vn 0.293032497 0.380543083 0.900006831
vn 0.76964879 0.376808465 0.397527725
vn 0.779252887 0.292860001 0.447949737
vn 0.269412875 0.745358825 -0.563044071
vn -0.268373519 0.662474155 -0.738781989
vn -0.249453261 0.962587297 -0.151170686
vn 0.0674666911 0.526313066 0.83599472
vn 0.041762691 0.919304311 0.413608879
vn 0.160519764 0.905739307 0.204156712
vn -0.553937972 0.704969645 0.278598517
vn -0.980935395 -0.0690757632 -0.00715260161
vn -0.206631824 0.896472275 0.169343099
vn -0.980935395 -0.0690757632 -0.00715260161
vn -0.553937972 0.704969645 0.278598517
vn -0.434446663 0.297076106 0.55180794
vn 0.531584084 0.413677365 0.721526802
vn 0.248498932 0.478015095 0.835089326
vn -0.0884206071 0.163189396 1.00348949
vn -0.8896963 0.0822524726 0.370401442
vn -0.907820284 -0.0435483307 0.457629889
vn -0.889787614 0.234063447 0.238956913
vn 0.727859676 0.49802196 0.458522707
vn 0.703016043 0.422218829 0.560165703
vn 0.810150206 0.562081993 -0.0738213435
vn 0.477373391 -0.420900911 -0.728734374
vn 0.580357432 -0.543357193 -0.586715043
vn -0.364816219 -0.195618927 -0.728420317
vn 0.580357432 -0.543357193 -0.586715043
vn -0.187179402 0.106332943 -0.945206106
vn -0.364816219 -0.195618927 -0.728420317
vn -0.271672875 0.32865876 -0.554746449
vn -0.713475227 0.565635204 -0.406530201
vn -0.781251669 0.402119488 -0.405223876
vn -0.339495659 0.679624557 -0.657080948
vn -0.60788542 0.712393284 -0.307155907
vn -0.280020118 0.774573803 -0.545954287
vn -0.0951548517 0.835373759 -0.436065644
vn -0.339495659 0.679624557 -0.657080948
vn -0.280020118 0.774573803 -0.545954287
vn -0.617140234 0.515563071 -0.59662056
vn -0.62927562 0.443475068 -0.641969204
vn -0.574359655 0.437605441 -0.690108657
vn 0.576905787 0.0981631726 0.800310612
vn 0.550687611 0.00865425542 0.825465798
vn 0.794947207 0.0139003433 0.607085586
vn 0.0850887895 0.0285604764 0.98925966
vn 0.514089227 -0.327158183 0.798397839
vn 0.30403322 0.0550516956 0.953350365
vn -0.435690969 -0.577591956 0.692979097
vn -0.511434138 -0.704569817 0.546764135
vn -0.417077959 0.184457004 0.847892225
vn 0.593072712 -0.00954495929 0.816947162
vn 0.873943925 -0.235109746 0.402007073
vn 0.982309103 -0.108526342 0.132034168
vn 0.546563685 0.595740616 -0.589932799
vn 0.933005571 -0.154901206 -0.154687986
vn 0.705038548 -0.035340257 -0.678492844
vn -0.019519845 -0.648768723 0.805205882
vn 0.0156524312 -0.180209354 0.992716432
vn 0.506460309 -0.0713441595 0.799195886
vn 0.0674666911 0.526313066 0.83599472
vn 0.160519764 0.905739307 0.204156712
vn 0.232743219 0.0604595765 0.924923062
vn 0.924757779 0.132233948 -0.368874043
vn 0.341237426 0.31631434 -0.839389324
vn 0.529154062 0.340458989 -0.769245148
vn -0.187179402 0.106332943 -0.945206106
vn -0.572572291 0.356826544 -0.728466511
vn -0.684015989 0.308669627 -0.660942614
vn 0.0444078743 0.135189056 0.994092822
vn -0.0308019426 0.462220818 0.857001066
vn 0.479040384 0.248198956 0.748021305
vn -0.0996972322 0.0883395895 -0.994654417
vn -0.0293560103 0.132562608 -0.990772784
vn -0.0212741289 -0.122685201 -0.953665018
vn 0.239087135 -0.123178139 0.930339098
vn -0.0519983396 -0.112911217 0.990488648
vn 0.0600206703 -0.249219343 0.955490232
vn 0.586115658 0.636960745 0.462424189
vn 0.846200466 0.526780009 0.167085037
vn 0.69904983 0.400406063 0.541110754
vn 0.351005703 0.0578764081 0.919449627
vn -0.540336609 0.466554552 0.776290655
vn 0.0431329943 0.073496297 0.996362209
vn 0.216944948 0.0685278177 -0.931205213
vn 0.0565402955 -0.749383867 -0.62951535
vn -0.0255498532 -0.760446966 -0.648897231
vn 0.98596096 -0.192318454 -0.0314841457
vn 0.993616462 -0.0807776526 -0.0787492692
vn 0.9441998 -0.293550581 0.11888919
vn -0.540336609 0.466554552 0.776290655
vn 0.351005703 0.0578764081 0.919449627
vn -0.00169791805 0.210606173 0.879070938
vn -0.434446663 0.297076106 0.55180794
vn -0.640400827 0.58551085 0.534227431
vn -0.399585217 0.515279353 0.758042514
vn 0.689633965 0.544690788 0.0131263407
vn 0.943227351 0.320367366 0.134067878
vn 0.0431005061 0.920638859 0.19045192
vn 0.943227351 0.320367366 0.134067878
vn 0.465411901 0.558768451 0.710187554
vn 0.0431005061 0.920638859 0.19045192
vn -0.699806392 0.561080337 0.361174613
vn -0.829660773 0.352634162 0.436383694
vn -0.866536319 0.277489245 0.42945832
vn -0.699806392 0.561080337 0.361174613
vn -0.866536319 0.277489245 0.42945832
vn -0.881934762 0.422147572 0.213052586
vn 0.101145104 0.112829626 -0.978354216
vn -0.172599643 -0.304045498 -0.941383421
vn 0.13419655 -0.596746266 -0.768172622
vn -0.280020118 0.774573803 -0.545954287
vn -0.252146721 0.599493623 -0.76796186
vn -0.0951548517 0.835373759 -0.436065644
vn -0.252146721 0.599493623 -0.76796186
vn -0.280020118 0.774573803 -0.545954287
vn -0.432660252 0.656461716 -0.612728357
vn -0.894824147 -0.0666868463 0.338453889
vn -0.922252595 -0.33225441 0.177249327
vn -0.633040488 -0.474348068 0.444653958
vn -0.0611552671 0.234782755 0.974088192
vn 0.500387609 -0.416605681 0.714657366
vn -0.20450066 0.395712197 0.903164923
vn 0.623625994 0.724885166 0.0642960221
vn 0.607065558 0.472356379 0.144486353
vn 0.523083329 0.828284681 0.135792032
vn -0.249745712 -0.150183901 -0.886432886
vn -0.198422626 -0.628429651 -0.732239187
vn -0.050502006 -0.41976884 -0.936630845
vn -0.480061024 0.704554081 -0.493189961
vn -0.563938379 0.735883653 -0.352036983
vn -0.469656527 0.880874217 -0.0990604535
vn -0.941134214 0.281357259 -0.187609106
vn -0.895657301 -0.00131856429 -0.0809329897
vn -0.914033055 0.242220193 -0.342789203
vn -0.434446663 0.297076106 0.55180794
vn -0.399585217 0.515279353 0.758042514
vn -0.518288016 0.392947853 0.719094992
vn 0.180075958 -0.132775977 0.966067731
vn 0.466007739 0.424714625 0.786864638
vn 0.788325727 -0.193848565 0.556454718
vn -0.434446663 0.297076106 0.55180794
vn -0.518288016 0.392947853 0.719094992
vn -0.608855128 0.238764524 0.6965096
vn 0.581403852 0.358230263 -0.733044505
vn 0.165403262 0.538182378 -0.835455477
vn 0.771109283 0.397393823 -0.531648934
vn -0.135311723 0.810737133 0.569557786
vn 0.083396554 0.41617009 0.812478721
vn -0.089364633 0.871833205 0.481581628
vn -0.29264304 0.846540511 0.444667488
vn -0.135311723 0.810737133 0.569557786
vn -0.089364633 0.871833205 0.481581628
vn -0.608855128 0.238764524 0.6965096
vn -0.518288016 0.392947853 0.719094992
vn -0.804819584 0.3110964 0.512155235
vn -0.608855128 0.238764524 0.6965096
vn -0.804819584 0.3110964 0.512155235
vn -0.872211576 0.266011178 0.373756915
vn -0.78069514 -0.147001579 -0.626728773
vn -0.457673907 -0.50934124 -0.761740804
vn -0.730776131 0.171461225 -0.705552757
vn -0.329083979 0.312721193 -0.897428751
vn -0.678648591 -0.367853582 -0.596159995
vn -0.781251669 0.402119488 -0.405223876
vn 0.0391544178 0.966370285 -0.242447227
vn -0.572041392 0.824577987 0.064285554
vn -0.287637472 0.827256024 0.397971421
vn 0.0620666407 0.473717213 -0.730159461
vn 0.211064488 0.686448216 -0.621677041
vn -0.840845048 -0.138315216 -0.523305297
vn -0.332674384 -0.540739238 -0.770693421
vn -0.840845048 -0.138315216 -0.523305297
vn 0.211064488 0.686448216 -0.621677041
vn -0.986232758 -0.0624190792 0.181922927
vn -0.801261067 -0.132032707 -0.583564997
vn -0.990972877 -0.0809540749 -0.0961490571
vn -0.986232758 -0.0624190792 0.181922927
vn -0.990972877 -0.0809540749 -0.0961490571
vn -0.97973001 -0.195155591 0.0452038087
vn -0.717045784 0.423906982 0.545353174
vn -0.679233968 0.195034251 -0.599832654
vn -0.799931288 0.0223672576 0.592090309
vn -0.634654701 0.536774635 0.476978302
vn -0.15063493 0.504065096 0.783523321
vn -0.651309013 0.508359671 0.430146933
vn 0.158082157 0.363783151 -0.914016902
vn 0.0950321555 0.365847409 -0.902498722
vn -0.0188355707 0.289535165 -0.95840776
vn 0.239913568 0.647347867 -0.648554206
vn 0.639131963 0.528939068 -0.425348818
vn 0.747638583 0.326067746 -0.418205202
vn 0.7967031 -0.0525417998 0.60208261
vn 0.794947207 0.0139003433 0.607085586
vn 0.835668325 0.393924296 0.388705045
vn 0.835668325 0.393924296 0.388705045
vn 0.576905787 0.0981631726 0.800310612
vn 0.7967031 -0.0525417998 0.60208261
vn -0.97679472 0.180535361 0.062390402
vn -0.930277944 0.311688304 0.159610584
vn -0.990113139 0.129049614 0.0767259821
vn -0.0188355707 0.289535165 -0.95840776
vn 0.0950321555 0.365847409 -0.902498722
vn 0.058760263 0.399965525 -0.90187037
vn 0.277295172 0.704479218 0.640954912
vn 0.165330052 0.414430261 0.881233573
vn 0.160519764 0.905739307 0.204156712
vn -0.515290976 -0.268697172 -0.687165558
vn 0.201343656 0.209256351 -0.875491381
vn -0.64431721 0.660445511 -0.222904682
vn 0.0848678723 0.497200429 0.863475025
vn -0.364617765 0.516439617 0.778875649
vn -0.0115052303 0.437793672 0.907522082
vn 0.567339122 0.617735624 0.525554538
vn 0.0848678723 0.497200429 0.863475025
vn -0.0115052303 0.437793672 0.907522082
vn -0.95590049 0.216608778 -0.0281045865
vn -0.991377175 0.133710951 0.0868944898
vn -0.921609998 -0.228232518 0.336597115
vn 0.733165383 0.377142251 -0.393446028
vn 0.637220502 0.534415185 -0.555293202
vn -0.227589801 0.664348304 -0.696395934
vn 0.718477905 0.617784858 0.319580019
vn 0.143238664 0.623209059 0.7723791
vn 0.709853172 0.657211542 0.245911732
vn -0.326148242 0.93566227 0.173340082
vn -0.607083976 0.53965348 0.57758677
vn -0.478807598 0.650672853 0.512608409
vn -0.290843338 0.950780571 0.0652557462
vn -0.640400827 0.58551085 0.534227431
vn -0.206631824 0.896472275 0.169343099
vn -0.570419431 0.291061878 -0.741568804
vn -0.106982708 0.53041625 -0.848928034
vn 0.0265669115 0.193961412 -0.9740417
vn -1.00048602 0.0611846223 0.0214459691
vn -0.977418125 0.0184991118 0.0940151513
vn -0.97679472 0.180535361 0.062390402
vn -0.572572291 0.356826544 -0.728466511
vn -0.106982708 0.53041625 -0.848928034
vn -0.570419431 0.291061878 -0.741568804
vn 0.538113713 0.340525419 0.684939027
vn -0.200225249 0.878772199 0.433208048
vn 0.083396554 0.41617009 0.812478721
vn -0.104319416 0.531290174 -0.821301818
vn 0.201343656 0.209256351 -0.875491381
vn -0.141244307 0.257068962 -0.890521109
vn 0.59399277 -0.262885213 -0.79063344
vn 0.396750629 -0.0818051398 -0.960990608
vn 0.630419612 -0.387957603 -0.672354162
vn 0.396750629 -0.0818051398 -0.960990608
vn 0.820752621 -0.317836374 -0.368654966
vn 0.630419612 -0.387957603 -0.672354162
vn 0.815649927 -0.137339473 0.562007964
vn 0.685122252 0.200071588 0.649427116
vn 0.538113713 0.340525419 0.684939027
vn 0.89782995 -0.18690668 0.417517394
vn 0.685122252 0.200071588 0.649427116
vn 0.815649927 -0.137339473 0.562007964
vn 0.732490003 0.335237324 0.579892814
vn 0.628728926 0.0627264231 0.749798357
vn 0.356236756 0.15655832 0.839848876
vn 0.475758642 0.797222137 0.327322155
vn 0.455530524 0.878571749 0.171811029
vn -0.178560778 0.951488733 0.171108156
vn -0.146377429 0.535739839 0.850907385
vn -0.381715864 0.699385524 0.57975924
vn 0.143238664 0.623209059 0.7723791
vn -0.0115052303 0.437793672 0.907522082
vn -0.113671429 0.281221658 0.958002031
vn -0.145519301 0.233387813 0.96143347
vn -0.0115052303 0.437793672 0.907522082
vn -0.145519301 0.233387813 0.96143347
vn -0.640025258 0.1285166 0.495783925
vn -0.759760141 0.546775222 -0.098298721
vn -0.68985647 0.63555336 0.15632835
vn -0.662047148 0.613357842 0.204187214
vn -0.68985647 0.63555336 0.15632835
vn -0.790580511 0.565174997 -0.251069844
vn -0.662047148 0.613357842 0.204187214
vn 0.903800845 0.445454121 -0.0946447477
vn 0.779094934 0.585920155 0.205156729
vn 0.989030957 0.318436593 -0.156933635
vn -0.061255943 0.418097734 -0.874559879
vn 0.585101843 -0.0142238224 -0.78183347
vn 0.401803344 0.209512308 -0.885453582
vn 0.565263569 0.275405407 -0.642748594
vn -0.253691763 0.632952094 -0.75842458
vn 0.598025143 0.514316738 -0.588349223
vn 0.565263569 0.275405407 -0.642748594
vn -0.0811433643 0.359737992 -0.932051539
vn -0.253691763 0.632952094 -0.75842458
vn -0.560616851 -0.204097763 -0.747965515
vn 0.477373391 -0.420900911 -0.728734374
vn 0.233324915 -0.753934503 -0.614119112
vn 0.233324915 -0.753934503 -0.614119112
vn 0.477373391 -0.420900911 -0.728734374
vn -0.364816219 -0.195618927 -0.728420317
vn -0.85588491 0.371961027 0.124410607
vn -0.759760141 0.546775222 -0.098298721
vn -0.743307352 0.471494526 0.204417825
vn 0.465411901 0.558768451 0.710187554
vn 0.275130838 0.5465855 0.791482449
vn 0.478471905 0.604815662 0.642579734
vn -0.435690969 -0.577591956 0.692979097
vn -0.54364562 -0.528041899 0.652875423
vn -0.511434138 -0.704569817 0.546764135
vn -0.874037921 -0.207318157 -0.435230404
vn -0.560616851 -0.204097763 -0.747965515
vn -0.808812678 -0.234484643 -0.539294899
vn -0.802380979 -0.0656973422 0.621023238
vn -0.894856095 0.3288607 -0.0880667567
vn -0.861357212 0.300935447 -0.335549414
vn -0.196014166 0.513208926 0.782784879
vn -0.571263492 0.46343267 0.733313382
vn -0.571015656 0.386214375 0.720660806
vn 0.514161587 0.799608648 -0.31026417
vn 0.351731479 0.778527141 -0.519788742
vn 0.525716782 0.121583678 -0.660393059
vn -0.784252822 0.140013367 0.589529455
vn -0.981489599 0.243125573 -0.122150995
vn -0.743928075 0.191505432 0.530464709
vn 0.277295172 0.704479218 0.640954912
vn 0.160519764 0.905739307 0.204156712
vn -0.162545979 0.862707138 0.44957912
vn 0.847948372 0.484593809 0.264196187
vn 0.770354033 0.569846094 -0.264819592
vn 0.713847637 0.694405437 0.0906786174
vn 0.633392096 -0.167694286 0.765454233
vn 0.870912135 -0.230703518 0.433921576
vn 0.820004404 -0.207594484 0.533382833
vn 0.820004404 -0.207594484 0.533382833
vn 0.870912135 -0.230703518 0.433921576
vn 0.753774047 -0.302603006 0.559277833
vn 0.429317594 0.265934438 0.858778536
vn 0.680131614 -0.100921728 0.739335477
vn 0.630436778 0.364132553 0.689405859
vn 0.870912135 -0.230703518 0.433921576
vn 0.633392096 -0.167694286 0.765454233
vn 0.573203027 -0.0449768379 0.815046608
vn 0.586115658 0.636960745 0.462424189
vn 0.69904983 0.400406063 0.541110754
vn 0.587149799 0.492140681 0.614106238
vn 0.978190362 -0.179822385 -0.00878633652
vn 0.976783693 -0.211182162 -0.0359954871
vn 0.97854954 -0.192566574 -0.0732036531
vn 0.976783693 -0.211182162 -0.0359954871
vn 0.982309103 -0.108526342 0.132034168
vn 0.97854954 -0.192566574 -0.0732036531
vn -0.193950698 0.624287963 -0.753998101
vn 0.733165383 0.377142251 -0.393446028
vn -0.218774393 0.624021947 -0.750156343
vn -0.193950698 0.624287963 -0.753998101
vn 0.823870361 0.333612233 -0.273124158
vn 0.733165383 0.377142251 -0.393446028
vn 0.688850701 -0.0674975067 0.673922896
vn 0.0156524312 -0.180209354 0.992716432
vn 0.180053487 0.0747111365 0.983805418
vn -0.0307511855 -0.917628348 -0.408338934
vn 0.177417606 -0.678954124 -0.648680091
vn -0.0494044423 -0.92060262 -0.387362689
vn 0.0565402955 -0.749383867 -0.62951535
vn 0.177417606 -0.678954124 -0.648680091
vn -0.0307511855 -0.917628348 -0.408338934
vn 0.235779792 -0.288548946 0.882558882
vn 0.110414937 -0.322635144 0.741456866
vn 0.0663773417 -0.985537827 0.1559145
vn 0.235779792 -0.288548946 0.882558882
vn 0.0663773417 -0.985537827 0.1559145
vn 0.0301137641 -1.00973284 0.189256161
vn -0.518288016 0.392947853 0.719094992
vn -0.399585217 0.515279353 0.758042514
vn -0.804819584 0.3110964 0.512155235
vn -0.255654246 -0.338195801 -0.956197321
vn -0.342552722 0.324241638 -0.848935068
vn -0.487841517 0.337295085 -0.786023498
vn -0.874037921 -0.207318157 -0.435230404
vn -0.808812678 -0.234484643 -0.539294899
vn -0.338456124 -0.697018683 -0.614302695
vn 0.601012647 0.154149041 0.716720402
vn 0.440135062 0.418037653 0.796606779
vn -0.341849566 -0.296879053 0.878849804
vn 0.797360897 -0.498064846 -0.321399629
vn -0.271672875 0.32865876 -0.554746449
vn 0.498138428 -0.346163154 -0.657504022
vn 0.732969165 -0.369523585 0.544715881
vn 0.958932757 -0.201864213 0.199245811
vn 0.521866441 0.0270975363 0.729983389
vn 0.0301137641 -1.00973284 0.189256161
vn 0.0295723099 -0.875664473 0.482013702
vn -0.22286211 -0.806988835 0.531224012
vn 0.0301137641 -1.00973284 0.189256161
vn 0.309380829 -0.844615877 0.436882854
vn 0.0295723099 -0.875664473 0.482013702
vn 0.735652268 -0.509999454 0.543097436
vn 0.871240318 -0.485284388 0.0737514868
vn 0.820752621 -0.317836374 -0.368654966
vn -0.1345319 0.643642008 -0.72655499
vn -0.53606379 0.232987002 -0.831104577
vn -0.0474320874 1.0226208 -0.100205243
vn -0.363799185 -0.439580172 -0.821230412
vn -0.410261959 -0.203256324 -0.889028668
vn -0.16796945 -0.168292075 -0.986239433
vn -0.985479116 0.186788976 0.105367444
vn -0.897303581 0.235888213 0.343039215
vn -0.937382102 0.163636535 0.326174587
vn 0.607065558 0.472356379 0.144486353
vn 0.854132473 0.0809378102 -0.206251174
vn 0.863473892 -0.376771331 0.370623231
vn 0.704637229 0.625122488 -0.373123795
vn -0.114002816 -0.217477202 -0.926004887
vn 0.230934381 0.713595748 -0.73330158
vn 0.583829939 0.248751044 -0.774019003
vn -0.114002816 -0.217477202 -0.926004887
vn 0.704637229 0.625122488 -0.373123795
vn -0.607083976 0.53965348 0.57758677
vn -0.861531496 0.359704614 0.104924388
vn -0.964368582 0.14464055 -0.160349667
vn -0.712443292 0.0505968146 0.68633604
vn -0.607083976 0.53965348 0.57758677
vn -0.964368582 0.14464055 -0.160349667
vn -0.105544999 0.0723181367 -1.00508904
vn 0.154452488 0.287591428 -0.95526439
vn 0.508295715 0.217725888 -0.83504647
vn -0.406812698 0.835295916 -0.092999585
vn -0.387531698 0.855983436 0.334733903
vn -0.178560778 0.951488733 0.171108156
vn -0.0992124751 -0.64311564 0.705824673
vn -0.141188964 0.218672067 0.965530038
vn -0.0191552676 0.351700217 0.926860869
vn -0.423944175 0.798085034 0.0598884597
vn 0.458624214 0.455235988 0.541294694
vn 0.909712434 0.190090105 0.4616943
vn -0.617140234 0.515563071 -0.59662056
vn -0.894856095 0.3288607 -0.0880667567
vn -0.827096224 0.508863926 -0.213793889
vn -0.162545979 0.862707138 0.44957912
vn -0.381267846 0.259557575 0.835193694
vn -0.248930767 0.136435434 0.973627985
g Group26744
f 380/1/1 598/2/2 232/3/3
f 10/4/4 3/5/5 4/6/6
f 11/7/7 4/8/8 3/9/9
f 9/10/10 10/11/11 1/12/12
f 1/13/13 6/14/14 5/15/15
f 2/16/16 1/17/17 10/18/18
f 10/19/19 6/20/20 2/21/21
f 10/22/22 11/23/23 3/24/24
f 3/25/25 8/26/26 7/27/27
f 4/28/28 7/29/29 10/30/30
f 11/31/31 8/32/32 4/33/33
f 6/34/34 10/35/35 5/36/36
f 10/37/37 9/38/38 11/39/39
f 5/40/40 10/41/41 7/42/42
f 555/43/43 381/44/44 870/45/45
f 448/46/46 790/47/47 512/48/48
f 90/49/49 1229/50/50 238/51/51
f 14/52/52 53/53/53 12/54/54
f 12/55/55 13/56/56 15/57/57
f 15/58/58 13/59/59 14/60/60
f 16/61/61 14/62/62 12/63/63
f 16/64/64 12/65/65 15/66/66
f 76/67/67 244/68/68 203/69/69
f 237/70/70 177/71/71 501/72/72
f 482/73/73 1218/74/74 61/75/75
f 29/76/76 982/77/77 1038/78/78
f 1006/79/79 1035/80/80 634/81/81
f 527/82/82 72/83/83 438/84/84
f 470/85/85 1251/86/86 737/87/87
f 1116/88/88 981/89/89 1164/90/90
f 53/91/91 14/92/92 16/93/93
f 362/94/94 216/95/95 627/96/96
f 44/97/97 72/98/98 636/99/99
f 742/100/100 26/101/101 34/102/102
f 180/103/103 386/104/104 322/105/105
f 97/106/106 1156/107/107 402/108/108
f 645/109/109 1118/110/110 561/111/111
f 468/112/112 1050/113/113 1051/114/114
f 31/115/115 945/116/116 212/117/117
f 1008/118/118 345/119/119 741/120/120
f 232/121/121 1059/122/122 643/123/123
f 26/124/124 261/125/125 1066/126/126
f 1008/127/127 1004/128/128 345/129/129
f 21/130/130 662/131/131 576/132/132
f 1161/133/133 837/134/134 800/135/135
f 793/136/136 427/137/137 791/138/138
f 1238/139/139 493/140/140 803/141/141
f 318/142/142 419/143/143 1086/144/144
f 768/145/145 247/146/146 1213/147/147
f 1251/148/148 1033/149/149 534/150/150
f 256/151/151 309/152/152 1262/153/153
f 1042/154/154 113/155/155 1028/156/156
f 801/157/157 131/158/158 523/159/159
f 94/160/160 98/161/161 1032/162/162
f 221/163/163 26/164/164 722/165/165
f 1251/166/166 117/167/167 737/168/168
f 908/169/169 277/170/170 124/171/171
f 653/172/172 567/173/173 664/174/174
f 1084/175/175 713/176/176 1135/177/177
f 1271/178/178 169/179/179 605/180/180
f 448/181/181 614/182/182 473/183/183
f 242/184/184 124/185/185 277/186/186
f 1184/187/187 343/188/188 517/189/189
f 970/190/190 667/191/191 990/192/192
f 27/193/193 97/194/194 587/195/195
f 67/196/196 1228/197/197 340/198/198
f 826/199/199 207/200/200 893/201/201
f 1065/202/202 624/203/203 22/204/204
f 1153/205/205 197/206/206 56/207/207
f 159/208/208 578/209/209 1134/210/210
f 205/211/211 760/212/212 236/213/213
f 843/214/214 466/215/215 248/216/216
f 773/217/217 501/218/218 1102/219/219
f 17/220/220 138/221/221 999/222/222
f 1180/223/223 373/224/224 937/225/225
f 269/226/226 416/227/227 97/228/228
f 1154/229/229 319/230/230 523/231/231
f 981/232/232 195/233/233 403/234/234
f 1207/235/235 461/236/236 911/237/237
f 897/238/238 164/239/239 171/240/240
f 164/241/241 246/242/242 624/243/243
f 1169/244/244 1030/245/245 1235/246/246
f 338/247/247 768/248/248 110/249/249
f 475/250/250 179/251/251 289/252/252
f 634/253/253 1176/254/254 1104/255/255
f 757/256/256 165/257/257 1145/258/258
f 72/259/259 52/260/260 636/261/261
f 1270/262/262 692/263/263 360/264/264
f 249/265/265 379/266/266 509/267/267
f 1205/268/268 58/269/269 165/270/270
f 58/271/271 477/272/272 1069/273/273
f 480/274/274 192/275/275 609/276/276
f 44/277/277 938/278/278 72/279/279
f 684/280/280 1054/281/281 759/282/282
f 528/283/283 184/284/284 348/285/285
f 235/286/286 755/287/287 1224/288/288
f 670/289/289 1058/290/290 267/291/291
f 275/292/292 81/293/293 743/294/294
f 425/295/295 491/296/296 766/297/297
f 884/298/298 1094/299/299 684/300/300
f 857/301/301 414/302/302 32/303/303
f 119/304/304 278/305/305 563/306/306
f 665/307/307 85/308/308 973/309/309
f 88/310/310 326/311/311 946/312/312
f 232/313/313 643/314/314 754/315/315
f 861/316/316 310/317/317 875/318/318
f 478/319/319 115/320/320 276/321/321
f 1098/322/322 767/323/323 291/324/324
f 642/325/325 424/326/326 888/327/327
f 47/328/328 510/329/329 900/330/330
f 739/331/331 47/332/332 622/333/333
f 386/334/334 769/335/335 737/336/336
f 359/337/337 1153/338/338 56/339/339
f 696/340/340 1015/341/341 137/342/342
f 1097/343/343 296/344/344 123/345/345
f 671/346/346 59/347/347 1082/348/348
f 248/349/349 466/350/350 57/351/351
f 1009/352/352 658/353/353 1060/354/354
f 650/355/355 141/356/356 564/357/357
f 37/358/358 544/359/359 956/360/360
f 955/361/361 785/362/362 883/363/363
f 99/364/364 240/365/365 410/366/366
f 617/367/367 839/368/368 250/369/369
f 25/370/370 26/371/371 500/372/372
f 421/373/373 542/374/374 777/375/375
f 934/376/376 75/377/377 173/378/378
f 1147/379/379 859/380/380 130/381/381
f 498/382/382 153/383/383 388/384/384
f 170/385/385 154/386/386 389/387/387
f 61/388/388 1218/389/389 1246/390/390
f 654/391/391 824/392/392 1192/393/393
f 1017/394/394 406/395/395 302/396/396
f 999/397/397 138/398/398 505/399/399
f 563/400/400 519/401/401 260/402/402
f 638/403/403 282/404/404 46/405/405
f 852/406/406 761/407/407 156/408/408
f 111/409/409 600/410/410 957/411/411
f 60/412/412 232/413/413 116/414/414
f 192/415/415 26/416/416 180/417/417
f 26/418/418 192/419/419 155/420/420
f 1202/421/421 792/422/422 80/423/423
f 1242/424/424 114/425/425 645/426/426
f 191/427/427 677/428/428 942/429/429
f 271/430/430 697/431/431 485/432/432
f 957/433/433 483/434/434 116/435/435
f 483/436/436 1234/437/437 409/438/438
f 748/439/439 1214/440/440 432/441/441
f 1140/442/442 1141/443/443 161/444/444
f 303/445/445 1090/446/446 646/447/447
f 1040/448/448 1016/449/449 1086/450/450
f 1122/451/451 914/452/452 109/453/453
f 992/454/454 225/455/455 1267/456/456
f 429/457/457 393/458/458 889/459/459
f 628/460/460 235/461/461 546/462/462
f 465/463/463 122/464/464 679/465/465
f 1140/466/466 217/467/467 872/468/468
f 471/469/469 1097/470/470 123/471/471
f 608/472/472 471/473/473 529/474/474
f 903/475/475 673/476/476 104/477/477
f 673/478/478 1056/479/479 104/480/480
f 1265/481/481 899/482/482 780/483/483
f 627/484/484 341/485/485 301/486/486
f 611/487/487 126/488/488 551/489/489
f 551/490/490 126/491/491 1064/492/492
f 403/493/493 195/494/494 525/495/495
f 1220/496/496 920/497/497 292/498/498
f 1069/499/499 782/500/500 1059/501/501
f 840/502/502 19/503/503 209/504/504
f 885/505/505 129/506/506 1214/507/507
f 432/508/508 1214/509/509 866/510/510
f 1147/511/511 640/512/512 103/513/513
f 353/514/514 1199/515/515 86/516/516
f 477/517/517 489/518/518 1069/519/519
f 133/520/520 462/521/521 1085/522/522
f 664/523/523 1087/524/524 738/525/525
f 875/526/526 709/527/527 861/528/528
f 45/529/529 381/530/530 1136/531/531
f 185/532/532 1077/533/533 343/534/534
f 488/535/535 538/536/536 704/537/537
f 277/538/538 77/539/539 242/540/540
f 138/541/541 599/542/542 1117/543/543
f 332/544/544 92/545/545 442/546/546
f 445/547/547 139/548/548 701/549/549
f 766/550/550 694/551/551 316/552/552
f 715/553/553 478/554/554 835/555/555
f 632/556/556 905/557/557 340/558/558
f 302/559/559 406/560/560 97/561/561
f 623/562/562 893/563/563 207/564/564
f 1039/565/565 353/566/566 437/567/567
f 1182/568/568 143/569/569 1235/570/570
f 214/571/571 1043/572/572 591/573/573
f 335/574/574 1193/575/575 145/576/576
f 1038/577/577 574/578/578 279/579/579
f 142/580/580 1254/581/581 86/582/582
f 385/583/583 927/584/584 1012/585/585
f 789/586/586 1040/587/587 469/588/588
f 84/589/589 36/590/590 856/591/591
f 268/592/592 649/593/593 150/594/594
f 741/595/595 345/596/596 31/597/597
f 636/598/598 52/599/599 475/600/600
f 1074/601/601 747/602/602 1078/603/603
f 1203/604/604 1000/605/605 155/606/606
f 266/607/607 558/608/608 155/609/609
f 759/610/610 323/611/611 684/612/612
f 354/613/613 1196/614/614 578/615/615
f 292/616/616 923/617/617 127/618/618
f 1116/619/619 1164/620/620 552/621/621
f 266/622/622 223/623/623 44/624/624
f 308/625/625 1152/626/626 331/627/627
f 1101/628/628 103/629/629 800/630/630
f 509/631/631 851/632/632 837/633/633
f 1108/634/634 831/635/635 329/636/636
f 807/637/637 1046/638/638 1269/639/639
f 164/640/640 55/641/641 246/642/642
f 55/643/643 164/644/644 897/645/645
f 916/646/646 917/647/647 1216/648/648
f 183/649/649 916/650/650 1216/651/651
f 1194/652/652 1195/653/653 297/654/654
f 695/655/655 1149/656/656 424/657/657
f 576/658/658 695/659/659 424/660/660
f 1027/661/661 867/662/662 919/663/663
f 930/664/664 1036/665/665 886/666/666
f 162/667/667 851/668/668 299/669/669
f 154/670/670 503/671/671 389/672/672
f 172/673/673 494/674/674 28/675/675
f 827/676/676 1167/677/677 378/678/678
f 237/679/679 1209/680/680 1144/681/681
f 990/682/682 174/683/683 408/684/684
f 1221/685/685 981/686/686 1116/687/687
f 625/688/688 347/689/689 1005/690/690
f 339/691/691 95/692/692 562/693/693
f 76/694/694 796/695/695 244/696/696
f 1144/697/697 1167/698/698 827/699/699
f 501/700/700 177/701/701 1102/702/702
f 222/703/703 391/704/704 296/705/705
f 52/706/706 971/707/707 475/708/708
f 205/709/709 517/710/710 356/711/711
f 625/712/712 433/713/713 347/714/714
f 1048/715/715 780/716/716 899/717/717
f 850/718/718 374/719/719 1079/720/720
f 304/721/721 335/722/722 145/723/723
f 1008/724/724 741/725/725 184/726/726
f 262/727/727 133/728/728 1085/729/729
f 287/730/730 187/731/731 809/732/732
f 853/733/733 319/734/734 1154/735/735
f 271/736/736 753/737/737 1119/738/738
f 691/739/739 1173/740/740 697/741/741
f 439/742/742 468/743/743 178/744/744
f 404/745/745 468/746/746 87/747/747
f 1012/748/748 927/749/749 536/750/750
f 5/751/751 561/752/752 1118/753/753
f 463/754/754 685/755/755 88/756/756
f 188/757/757 685/758/758 691/759/759
f 609/760/760 192/761/761 931/762/762
f 192/763/763 180/764/764 931/765/765
f 469/766/766 1040/767/767 1120/768/768
f 493/769/769 1238/770/770 660/771/771
f 1049/772/772 563/773/773 260/774/774
f 858/775/775 323/776/776 981/777/777
f 858/778/778 464/779/779 862/780/780
f 194/781/781 371/782/782 196/783/783
f 1081/784/784 719/785/785 423/786/786
f 604/787/787 1231/788/788 506/789/789
f 1071/790/790 48/791/791 506/792/792
f 1139/793/793 198/794/794 274/795/795
f 1166/796/796 1227/797/797 1240/798/798
f 707/799/799 434/800/800 200/801/801
f 34/802/802 26/803/803 434/804/804
f 1068/805/805 1168/806/806 42/807/807
f 234/808/808 42/809/809 852/810/810
f 826/811/811 202/812/812 207/813/813
f 1072/814/814 330/815/815 160/816/816
f 213/817/817 350/818/818 208/819/819
f 823/820/820 213/821/821 896/822/822
f 30/823/823 712/824/824 198/825/825
f 511/826/826 205/827/827 236/828/828
f 185/829/829 511/830/830 855/831/831
f 451/832/832 206/833/833 251/834/834
f 285/835/835 742/836/836 34/837/837
f 932/838/838 86/839/839 1199/840/840
f 1220/841/841 62/842/842 936/843/843
f 410/844/844 240/845/845 1149/846/846
f 209/847/847 19/848/848 498/849/849
f 388/850/850 209/851/851 498/852/852
f 324/853/853 1160/854/854 422/855/855
f 435/856/856 262/857/857 1063/858/858
f 898/859/859 439/860/860 178/861/861
f 637/862/862 211/863/863 877/864/864
f 579/865/865 129/866/866 881/867/867
f 31/868/868 212/869/869 44/870/870
f 266/871/871 44/872/872 558/873/873
f 453/874/874 163/875/875 983/876/876
f 830/877/877 216/878/878 362/879/879
f 181/880/880 596/881/881 651/882/882
f 217/883/883 331/884/884 579/885/885
f 308/886/886 331/887/887 217/888/888
f 879/889/889 417/890/890 218/891/891
f 683/892/892 553/893/893 1107/894/894
f 1264/895/895 953/896/896 1244/897/897
f 28/898/898 494/899/899 644/900/900
f 1000/901/901 693/902/902 392/903/903
f 879/904/904 222/905/905 296/906/906
f 683/907/907 879/908/908 218/909/909
f 223/910/910 938/911/911 44/912/912
f 630/913/913 217/914/914 944/915/915
f 361/916/916 436/917/917 366/918/918
f 992/919/919 610/920/920 225/921/921
f 314/922/922 378/923/923 102/924/924
f 938/925/925 438/926/926 72/927/927
f 217/928/928 438/929/929 938/930/930
f 1095/931/931 227/932/932 895/933/933
f 895/934/934 738/935/935 1087/936/936
f 834/937/937 318/938/938 120/939/939
f 733/940/940 230/941/941 67/942/942
f 1182/943/943 214/944/944 688/945/945
f 96/946/946 612/947/947 487/948/948
f 168/949/949 612/950/950 96/951/951
f 1215/952/952 995/953/953 754/954/954
f 533/955/955 1163/956/956 603/957/957
f 888/958/958 424/959/959 1149/960/960
f 234/961/961 1068/962/962 42/963/963
f 234/964/964 1202/965/965 201/966/966
f 235/967/967 559/968/968 755/969/969
f 236/970/970 760/971/971 692/972/972
f 236/973/973 239/974/974 1186/975/975
f 414/976/976 237/977/977 32/978/978
f 1086/979/979 419/980/980 1190/981/981
f 1186/982/982 239/983/983 136/984/984
f 1140/985/985 533/986/986 233/987/987
f 1045/988/988 134/989/989 139/990/990
f 923/991/991 863/992/992 127/993/993
f 1022/994/994 371/995/995 194/996/996
f 617/997/997 250/998/998 243/999/999
f 569/1000/1000 1023/1001/1001 290/1002/1002
f 280/1003/1003 718/1004/1004 647/1005/1005
f 776/1006/1006 624/1007/1007 246/1008/1008
f 75/1009/1009 934/1010/1010 893/1011/1011
f 580/1012/1012 749/1013/1013 454/1014/1014
f 1014/1015/1015 460/1016/1016 601/1017/1017
f 714/1018/1018 651/1019/1019 596/1020/1020
f 427/1021/1021 793/1022/1022 74/1023/1023
f 410/1024/1024 1149/1025/1025 695/1026/1026
f 206/1027/1027 1221/1028/1028 251/1029/1029
f 1221/1030/1030 1116/1031/1031 1044/1032/1032
f 252/1033/1033 557/1034/1034 225/1035/1035
f 22/1036/1036 428/1037/1037 1065/1038/1038
f 253/1039/1039 741/1040/1040 31/1041/1041
f 151/1042/1042 475/1043/1043 289/1044/1044
f 260/1045/1045 254/1046/1046 1049/1047/1047
f 254/1048/1048 672/1049/1049 363/1050/1050
f 734/1051/1051 130/1052/1052 255/1053/1053
f 1229/1054/1054 90/1055/1055 1159/1056/1056
f 170/1057/1057 459/1058/1058 779/1059/1059
f 145/1060/1060 1193/1061/1061 165/1062/1062
f 24/1063/1063 259/1064/1064 460/1065/1065
f 497/1066/1066 655/1067/1067 716/1068/1068
f 260/1069/1069 744/1070/1070 254/1071/1071
f 597/1072/1072 1129/1073/1073 772/1074/1074
f 1129/1075/1075 611/1076/1076 545/1077/1077
f 1183/1078/1078 609/1079/1079 112/1080/1080
f 982/1081/1081 1050/1082/1082 468/1083/1083
f 265/1084/1084 518/1085/1085 97/1086/1086
f 230/1087/1087 733/1088/1088 97/1089/1089
f 308/1090/1090 351/1091/1091 1152/1092/1092
f 540/1093/1093 609/1094/1094 1183/1095/1095
f 505/1096/1096 138/1097/1097 108/1098/1098
f 268/1099/1099 575/1100/1100 430/1101/1101
f 27/1102/1102 269/1103/1103 97/1104/1104
f 269/1105/1105 506/1106/1106 373/1107/1107
f 270/1108/1108 1131/1109/1109 763/1110/1110
f 1069/1111/1111 751/1112/1112 270/1113/1113
f 508/1114/1114 753/1115/1115 271/1116/1116
f 272/1117/1117 941/1118/1118 464/1119/1119
f 564/1120/1120 141/1121/1121 632/1122/1122
f 273/1123/1123 117/1124/1124 686/1125/1125
f 1172/1126/1126 295/1127/1127 140/1128/1128
f 1172/1129/1129 115/1130/1130 274/1131/1131
f 783/1132/1132 667/1133/1133 96/1134/1134
f 1172/1135/1135 140/1136/1136 669/1137/1137
f 669/1138/1138 715/1139/1139 958/1140/1140
f 825/1141/1141 880/1142/1142 547/1143/1143
f 423/1144/1144 719/1145/1145 519/1146/1146
f 613/1147/1147 901/1148/1148 304/1149/1149
f 837/1150/1150 770/1151/1151 509/1152/1152
f 524/1153/1153 46/1154/1154 882/1155/1155
f 283/1156/1156 1153/1157/1157 359/1158/1158
f 50/1159/1159 283/1160/1160 1165/1161/1161
f 998/1162/1162 7/1163/1163 710/1164/1164
f 1243/1165/1165 107/1166/1166 654/1167/1167
f 54/1168/1168 272/1169/1169 981/1170/1170
f 1239/1171/1171 962/1172/1172 300/1173/1173
f 385/1174/1174 658/1175/1175 1009/1176/1176
f 68/1177/1177 287/1178/1178 809/1179/1179
f 148/1180/1180 660/1181/1181 774/1182/1182
f 794/1183/1183 13/1184/1184 12/1185/1185
f 12/1186/1186 53/1187/1187 794/1188/1188
f 348/1189/1189 289/1190/1190 69/1191/1191
f 797/1192/1192 65/1193/1193 491/1194/1194
f 887/1195/1195 629/1196/1196 633/1197/1197
f 292/1198/1198 403/1199/1199 525/1200/1200
f 759/1201/1201 1220/1202/1202 292/1203/1203
f 879/1204/1204 1089/1205/1205 417/1206/1206
f 1025/1207/1207 1212/1208/1208 674/1209/1209
f 43/1210/1210 680/1211/1211 675/1212/1212
f 39/1213/1213 925/1214/1214 297/1215/1215
f 674/1216/1216 1212/1217/1217 456/1218/1218
f 903/1219/1219 908/1220/1220 673/1221/1221
f 1101/1222/1222 800/1223/1223 299/1224/1224
f 546/1225/1225 512/1226/1226 1250/1227/1227
f 1239/1228/1228 300/1229/1229 960/1230/1230
f 417/1231/1231 729/1232/1232 720/1233/1233
f 729/1234/1234 387/1235/1235 720/1236/1236
f 301/1237/1237 362/1238/1238 627/1239/1239
f 1105/1240/1240 518/1241/1241 860/1242/1242
f 1016/1243/1243 513/1244/1244 229/1245/1245
f 1252/1246/1246 513/1247/1247 80/1248/1248
f 991/1249/1249 1198/1250/1250 305/1251/1251
f 446/1252/1252 164/1253/1253 624/1254/1254
f 131/1255/1255 43/1256/1256 1230/1257/1257
f 680/1258/1258 43/1259/1259 131/1260/1260
f 104/1261/1261 306/1262/1262 19/1263/1263
f 818/1264/1264 66/1265/1265 306/1266/1266
f 696/1267/1267 427/1268/1268 74/1269/1269
f 308/1270/1270 223/1271/1271 266/1272/1272
f 223/1273/1273 630/1274/1274 226/1275/1275
f 309/1276/1276 406/1277/1277 1017/1278/1278
f 40/1279/1279 434/1280/1280 707/1281/1281
f 437/1282/1282 346/1283/1283 441/1284/1284
f 993/1285/1285 120/1286/1286 229/1287/1287
f 170/1288/1288 312/1289/1289 459/1290/1290
f 1156/1291/1291 309/1292/1292 256/1293/1293
f 458/1294/1294 561/1295/1295 5/1296/1296
f 225/1297/1297 557/1298/1298 314/1299/1299
f 1047/1300/1300 846/1301/1301 606/1302/1302
f 713/1303/1303 227/1304/1304 1095/1305/1305
f 1209/1306/1306 1167/1307/1307 1144/1308/1308
f 35/1309/1309 41/1310/1310 1173/1311/1311
f 41/1312/1312 1047/1313/1313 842/1314/1314
f 123/1315/1315 675/1316/1316 680/1317/1317
f 206/1318/1318 742/1319/1319 285/1320/1320
f 285/1321/1321 175/1322/1322 206/1323/1323
f 1183/1324/1324 112/1325/1325 737/1326/1326
f 931/1327/1327 180/1328/1328 737/1329/1329
f 753/1330/1330 188/1331/1331 1119/1332/1332
f 759/1333/1333 195/1334/1334 323/1335/1335
f 195/1336/1336 981/1337/1337 323/1338/1338
f 591/1339/1339 1043/1340/1340 324/1341/1341
f 1234/1342/1342 1043/1343/1343 219/1344/1344
f 468/1345/1345 1051/1346/1346 474/1347/1347
f 896/1348/1348 637/1349/1349 1029/1350/1350
f 39/1351/1351 327/1352/1352 537/1353/1353
f 1117/1354/1354 522/1355/1355 670/1356/1356
f 804/1357/1357 329/1358/1358 581/1359/1359
f 1165/1360/1360 283/1361/1361 1155/1362/1362
f 866/1363/1363 331/1364/1364 432/1365/1365
f 866/1366/1366 129/1367/1367 579/1368/1368
f 138/1369/1369 332/1370/1370 599/1371/1371
f 768/1372/1372 220/1373/1373 1201/1374/1374
f 319/1375/1375 853/1376/1376 333/1377/1377
f 967/1378/1378 680/1379/1379 131/1380/1380
f 987/1381/1381 334/1382/1382 336/1383/1383
f 183/1384/1384 1193/1385/1385 335/1386/1386
f 631/1387/1387 1020/1388/1388 335/1389/1389
f 229/1390/1390 1086/1391/1391 1016/1392/1392
f 229/1393/1393 120/1394/1394 1083/1395/1395
f 90/1396/1396 238/1397/1397 681/1398/1398
f 768/1399/1399 338/1400/1400 247/1401/1401
f 95/1402/1402 339/1403/1403 829/1404/1404
f 273/1405/1405 176/1406/1406 339/1407/1407
f 733/1408/1408 67/1409/1409 340/1410/1410
f 340/1411/1411 905/1412/1412 860/1413/1413
f 911/1414/1414 461/1415/1415 63/1416/1416
f 336/1417/1417 1070/1418/1418 664/1419/1419
f 590/1420/1420 664/1421/1421 342/1422/1422
f 645/1423/1423 1077/1424/1424 1118/1425/1425
f 179/1426/1426 1077/1427/1427 787/1428/1428
f 344/1429/1429 248/1430/1430 817/1431/1431
f 1262/1432/1432 28/1433/1433 345/1434/1434
f 256/1435/1435 1262/1436/1436 1004/1437/1437
f 668/1438/1438 441/1439/1439 346/1440/1440
f 310/1441/1441 346/1442/1442 875/1443/1443
f 26/1444/1444 347/1445/1445 180/1446/1446
f 815/1447/1447 347/1448/1448 100/1449/1449
f 348/1450/1450 151/1451/1451 289/1452/1452
f 184/1453/1453 741/1454/1454 348/1455/1455
f 213/1456/1456 823/1457/1457 350/1458/1458
f 1002/1459/1459 767/1460/1460 633/1461/1461
f 308/1462/1462 266/1463/1463 351/1464/1464
f 828/1465/1465 266/1466/1466 480/1467/1467
f 838/1468/1468 120/1469/1469 950/1470/1470
f 875/1471/1471 437/1472/1472 353/1473/1473
f 1073/1474/1474 1205/1475/1475 165/1476/1476
f 988/1477/1477 354/1478/1478 732/1479/1479
f 11/1480/1480 355/1481/1481 8/1482/1482
f 11/1483/1483 381/1484/1484 808/1485/1485
f 415/1486/1486 148/1487/1487 156/1488/1488
f 52/1489/1489 356/1490/1490 971/1491/1491
f 365/1492/1492 1061/1493/1493 357/1494/1494
f 420/1495/1495 358/1496/1496 897/1497/1497
f 420/1498/1498 476/1499/1499 358/1500/1500
f 1143/1501/1501 159/1502/1502 1134/1503/1503
f 538/1504/1504 635/1505/1505 704/1506/1506
f 360/1507/1507 52/1508/1508 72/1509/1509
f 436/1510/1510 361/1511/1511 973/1512/1512
f 808/1513/1513 381/1514/1514 555/1515/1515
f 365/1516/1516 359/1517/1517 1031/1518/1518
f 365/1519/1519 1031/1520/1520 1061/1521/1521
f 366/1522/1522 33/1523/1523 361/1524/1524
f 367/1525/1525 24/1526/1526 716/1527/1527
f 601/1528/1528 372/1529/1529 248/1530/1530
f 961/1531/1531 798/1532/1532 507/1533/1533
f 369/1534/1534 969/1535/1535 647/1536/1536
f 912/1537/1537 370/1538/1538 1093/1539/1539
f 659/1540/1540 367/1541/1541 372/1542/1542
f 1170/1543/1543 269/1544/1544 373/1545/1545
f 1170/1546/1546 373/1547/1547 1030/1548/1548
f 182/1549/1549 368/1550/1550 961/1551/1551
f 1073/1552/1552 165/1553/1553 1193/1554/1554
f 861/1555/1555 709/1556/1556 1216/1557/1557
f 124/1558/1558 242/1559/1559 1093/1560/1560
f 677/1561/1561 560/1562/1562 978/1563/1563
f 314/1564/1564 557/1565/1565 543/1566/1566
f 918/1567/1567 246/1568/1568 934/1569/1569
f 380/1570/1570 232/1571/1571 60/1572/1572
f 380/1573/1573 60/1574/1574 515/1575/1575
f 9/1576/1576 381/1577/1577 11/1578/1578
f 381/1579/1579 639/1580/1580 532/1581/1581
f 382/1582/1582 221/1583/1583 722/1584/1584
f 852/1585/1585 156/1586/1586 383/1587/1587
f 456/1588/1588 298/1589/1589 384/1590/1590
f 298/1591/1591 758/1592/1592 384/1593/1593
f 472/1594/1594 568/1595/1595 466/1596/1596
f 472/1597/1597 1009/1598/1598 959/1599/1599
f 583/1600/1600 720/1601/1601 387/1602/1602
f 771/1603/1603 890/1604/1604 264/1605/1605
f 1050/1606/1606 982/1607/1607 388/1608/1608
f 962/1609/1609 573/1610/1610 390/1611/1611
f 756/1612/1612 296/1613/1613 391/1614/1614
f 391/1615/1615 683/1616/1616 1107/1617/1617
f 392/1618/1618 28/1619/1619 1000/1620/1620
f 28/1621/1621 392/1622/1622 345/1623/1623
f 393/1624/1624 584/1625/1625 889/1626/1626
f 915/1627/1627 23/1628/1628 394/1629/1629
f 387/1630/1630 976/1631/1631 395/1632/1632
f 976/1633/1633 857/1634/1634 411/1635/1635
f 391/1636/1636 1107/1637/1637 756/1638/1638
f 1063/1639/1639 676/1640/1640 435/1641/1641
f 397/1642/1642 1171/1643/1643 550/1644/1644
f 550/1645/1645 1090/1646/1646 397/1647/1647
f 1177/1648/1648 398/1649/1649 872/1650/1650
f 528/1651/1651 399/1652/1652 184/1653/1653
f 402/1654/1654 256/1655/1655 184/1656/1656
f 168/1657/1657 96/1658/1658 400/1659/1659
f 586/1660/1660 342/1661/1661 536/1662/1662
f 101/1663/1663 401/1664/1664 705/1665/1665
f 401/1666/1666 101/1667/1667 407/1668/1668
f 1123/1669/1669 773/1670/1670 310/1671/1671
f 402/1672/1672 755/1673/1673 121/1674/1674
f 402/1675/1675 587/1676/1676 97/1677/1677
f 127/1678/1678 403/1679/1679 292/1680/1680
f 1164/1681/1681 981/1682/1682 403/1683/1683
f 982/1684/1684 29/1685/1685 388/1686/1686
f 405/1687/1687 972/1688/1688 638/1689/1689
f 97/1690/1690 406/1691/1691 1156/1692/1692
f 20/1693/1693 407/1694/1694 101/1695/1695
f 970/1696/1696 990/1697/1697 408/1698/1698
f 116/1699/1699 483/1700/1700 409/1701/1701
f 116/1702/1702 1264/1703/1703 1244/1704/1704
f 871/1705/1705 99/1706/1706 410/1707/1707
f 968/1708/1708 410/1709/1709 695/1710/1710
f 395/1711/1711 976/1712/1712 411/1713/1713
f 395/1714/1714 411/1715/1715 183/1716/1716
f 676/1717/1717 548/1718/1718 1107/1719/1719
f 1254/1720/1720 142/1721/1721 413/1722/1722
f 1148/1723/1723 652/1724/1724 1215/1725/1725
f 857/1726/1726 1040/1727/1727 414/1728/1728
f 419/1729/1729 414/1730/1730 1190/1731/1731
f 156/1732/1732 761/1733/1733 415/1734/1734
f 42/1735/1735 1168/1736/1736 415/1737/1737
f 416/1738/1738 230/1739/1739 97/1740/1740
f 688/1741/1741 230/1742/1742 1182/1743/1743
f 218/1744/1744 417/1745/1745 924/1746/1746
f 764/1747/1747 903/1748/1748 1115/1749/1749
f 237/1750/1750 414/1751/1751 419/1752/1752
f 237/1753/1753 419/1754/1754 1209/1755/1755
f 171/1756/1756 420/1757/1757 897/1758/1758
f 446/1759/1759 420/1760/1760 171/1761/1761
f 591/1762/1762 1228/1763/1763 67/1764/1764
f 1233/1765/1765 575/1766/1766 1094/1767/1767
f 423/1768/1768 940/1769/1769 740/1770/1770
f 21/1771/1771 576/1772/1772 424/1773/1773
f 21/1774/1774 424/1775/1775 642/1776/1776
f 425/1777/1777 316/1778/1778 491/1779/1779
f 929/1780/1780 617/1781/1781 316/1782/1782
f 631/1783/1783 574/1784/1784 71/1785/1785
f 1061/1786/1786 427/1787/1787 357/1788/1788
f 791/1789/1789 427/1790/1790 307/1791/1791
f 429/1792/1792 889/1793/1793 1133/1794/1794
f 993/1795/1795 229/1796/1796 646/1797/1797
f 430/1798/1798 575/1799/1799 210/1800/1800
f 431/1801/1801 718/1802/1802 280/1803/1803
f 1152/1804/1804 432/1805/1805 331/1806/1806
f 351/1807/1807 263/1808/1808 1152/1809/1809
f 100/1810/1810 347/1811/1811 433/1812/1812
f 100/1813/1813 1116/1814/1814 552/1815/1815
f 699/1816/1816 34/1817/1817 434/1818/1818
f 898/1819/1819 178/1820/1820 435/1821/1821
f 669/1822/1822 178/1823/1823 715/1824/1824
f 328/1825/1825 608/1826/1826 803/1827/1827
f 85/1828/1828 436/1829/1829 973/1830/1830
f 436/1831/1831 508/1832/1832 986/1833/1833
f 623/1834/1834 207/1835/1835 437/1836/1836
f 437/1837/1837 708/1838/1838 623/1839/1839
f 947/1840/1840 1141/1841/1841 1140/1842/1842
f 1034/1843/1843 87/1844/1844 468/1845/1845
f 1118/1846/1846 185/1847/1847 440/1848/1848
f 639/1849/1849 440/1850/1850 532/1851/1851
f 708/1852/1852 173/1853/1853 1232/1854/1854
f 332/1855/1855 442/1856/1856 522/1857/1857
f 1204/1858/1858 363/1859/1859 672/1860/1860
f 672/1861/1861 904/1862/1862 687/1863/1863
f 313/1864/1864 1197/1865/1865 444/1866/1866
f 445/1867/1867 701/1868/1868 321/1869/1869
f 991/1870/1870 92/1871/1871 476/1872/1872
f 476/1873/1873 470/1874/1874 358/1875/1875
f 1124/1876/1876 847/1877/1877 545/1878/1878
f 1101/1879/1879 299/1880/1880 546/1881/1881
f 299/1882/1882 628/1883/1883 546/1884/1884
f 1007/1885/1885 451/1886/1886 251/1887/1887
f 445/1888/1888 241/1889/1889 89/1890/1890
f 1007/1891/1891 449/1892/1892 451/1893/1893
f 452/1894/1894 1126/1895/1895 897/1896/1896
f 453/1897/1897 1182/1898/1898 1235/1899/1899
f 1235/1900/1900 836/1901/1901 453/1902/1902
f 1263/1903/1903 788/1904/1904 995/1905/1905
f 600/1906/1906 788/1907/1907 455/1908/1908
f 456/1909/1909 908/1910/1910 903/1911/1911
f 294/1912/1912 1115/1913/1913 903/1914/1914
f 909/1915/1915 457/1916/1916 397/1917/1917
f 118/1918/1918 1114/1919/1919 1146/1920/1920
f 998/1921/1921 473/1922/1922 458/1923/1923
f 832/1924/1924 779/1925/1925 459/1926/1926
f 1187/1927/1927 82/1928/1928 906/1929/1929
f 144/1930/1930 320/1931/1931 465/1932/1932
f 317/1933/1933 460/1934/1934 795/1935/1935
f 133/1936/1936 73/1937/1937 588/1938/1938
f 724/1939/1939 997/1940/1940 73/1941/1941
f 1179/1942/1942 685/1943/1943 463/1944/1944
f 862/1945/1945 464/1946/1946 157/1947/1947
f 78/1948/1948 906/1949/1949 464/1950/1950
f 1098/1951/1951 465/1952/1952 679/1953/1953
f 466/1954/1954 867/1955/1955 472/1956/1956
f 466/1957/1957 919/1958/1958 867/1959/1959
f 1076/1960/1960 235/1961/1961 628/1962/1962
f 689/1963/1963 478/1964/1964 189/1965/1965
f 849/1966/1966 474/1967/1967 189/1968/1968
f 469/1969/1969 493/1970/1970 928/1971/1971
f 789/1972/1972 469/1973/1973 928/1974/1974
f 476/1975/1975 92/1976/1976 470/1977/1977
f 385/1978/1978 472/1979/1979 927/1980/1980
f 472/1981/1981 385/1982/1982 1009/1983/1983
f 473/1984/1984 998/1985/1985 942/1986/1986
f 512/1987/1987 790/1988/1988 926/1989/1989
f 18/1990/1990 364/1991/1991 474/1992/1992
f 18/1993/1993 474/1994/1994 325/1995/1995
f 636/1996/1996 475/1997/1997 253/1998/1998
f 446/1999/1999 476/2000/2000 420/2001/2001
f 1198/2002/2002 446/2003/2003 305/2004/2004
f 353/2005/2005 86/2006/2006 477/2007/2007
f 1205/2008/2008 477/2009/2009 58/2010/2010
f 178/2011/2011 468/2012/2012 849/2013/2013
f 663/2014/2014 492/2015/2015 152/2016/2016
f 266/2017/2017 155/2018/2018 480/2019/2019
f 155/2020/2020 192/2021/2021 480/2022/2022
f 816/2023/2023 690/2024/2024 922/2025/2025
f 77/2026/2026 481/2027/2027 690/2028/2028
f 324/2029/2029 483/2030/2030 1160/2031/2031
f 243/2032/2032 484/2033/2033 167/2034/2034
f 1023/2035/2035 695/2036/2036 228/2037/2037
f 490/2038/2038 1210/2039/2039 485/2040/2040
f 1078/2041/2041 152/2042/2042 492/2043/2043
f 783/2044/2044 692/2045/2045 1270/2046/2046
f 488/2047/2047 954/2048/2048 922/2049/2049
f 1041/2050/2050 489/2051/2051 477/2052/2052
f 1059/2053/2053 782/2054/2054 643/2055/2055
f 697/2056/2056 490/2057/2057 485/2058/2058
f 697/2059/2059 1173/2060/2060 490/2061/2061
f 726/2062/2062 167/2063/2063 569/2064/2064
f 728/2065/2065 336/2066/2066 334/2067/2067
f 328/2068/2068 994/2069/2069 193/2070/2070
f 994/2071/2071 469/2072/2072 1120/2073/2073
f 1062/2074/2074 494/2075/2075 556/2076/2076
f 494/2077/2077 261/2078/2078 644/2079/2079
f 336/2080/2080 728/2081/2081 1103/2082/2082
f 336/2083/2083 1103/2084/2084 1070/2085/2085
f 1149/2086/2086 1140/2087/2087 233/2088/2088
f 603/2089/2089 888/2090/2090 1149/2091/2091
f 216/2092/2092 596/2093/2093 181/2094/2094
f 153/2095/2095 498/2096/2096 306/2097/2097
f 498/2098/2098 19/2099/2099 306/2100/2100
f 130/2101/2101 734/2102/2102 499/2103/2103
f 1265/2104/2104 780/2105/2105 977/2106/2106
f 449/2107/2107 25/2108/2108 500/2109/2109
f 237/2110/2110 501/2111/2111 32/2112/2112
f 372/2113/2113 367/2114/2114 502/2115/2115
f 372/2116/2116 502/2117/2117 248/2118/2118
f 1003/2119/2119 900/2120/2120 503/2121/2121
f 669/2122/2122 504/2123/2123 435/2124/2124
f 999/2125/2125 176/2126/2126 17/2127/2127
f 339/2128/2128 176/2129/2129 829/2130/2130
f 1271/2131/2131 865/2132/2132 169/2133/2133
f 1211/2134/2134 373/2135/2135 506/2136/2136
f 1202/2137/2137 507/2138/2138 792/2139/2139
f 1202/2140/2140 220/2141/2141 507/2142/2142
f 366/2143/2143 436/2144/2144 986/2145/2145
f 280/2146/2146 249/2147/2147 509/2148/2148
f 105/2149/2149 510/2150/2150 89/2151/2151
f 739/2152/2152 622/2153/2153 1045/2154/2154
f 517/2155/2155 205/2156/2156 1184/2157/2157
f 215/2158/2158 577/2159/2159 1268/2160/2160
f 13/2161/2161 1185/2162/2162 577/2163/2163
f 646/2164/2164 513/2165/2165 303/2166/2166
f 844/2167/2167 303/2168/2168 513/2169/2169
f 978/2170/2170 514/2171/2171 63/2172/2172
f 717/2173/2173 539/2174/2174 63/2175/2175
f 60/2176/2176 953/2177/2177 515/2178/2178
f 807/2179/2179 219/2180/2180 983/2181/2181
f 246/2182/2182 516/2183/2183 934/2184/2184
f 246/2185/2185 826/2186/2186 516/2187/2187
f 517/2188/2188 1077/2189/2189 179/2190/2190
f 302/2191/2191 518/2192/2192 1105/2193/2193
f 97/2194/2194 518/2195/2195 302/2196/2196
f 554/2197/2197 1188/2198/2198 621/2199/2199
f 1188/2200/2200 598/2201/2201 380/2202/2202
f 519/2203/2203 1024/2204/2204 423/2205/2205
f 519/2206/2206 563/2207/2207 278/2208/2208
f 832/2209/2209 459/2210/2210 520/2211/2211
f 521/2212/2212 110/2213/2213 234/2214/2214
f 522/2215/2215 428/2216/2216 327/2217/2217
f 522/2218/2218 327/2219/2219 39/2220/2220
f 523/2221/2221 997/2222/2222 724/2223/2223
f 131/2224/2224 1085/2225/2225 462/2226/2226
f 810/2227/2227 535/2228/2228 765/2229/2229
f 525/2230/2230 759/2231/2231 292/2232/2232
f 759/2233/2233 1222/2234/2234 195/2235/2235
f 1216/2236/2236 709/2237/2237 526/2238/2238
f 526/2239/2239 183/2240/2240 1216/2241/2241
f 617/2242/2242 81/2243/2243 839/2244/2244
f 114/2245/2245 762/2246/2246 645/2247/2247
f 530/2248/2248 1122/2249/2249 84/2250/2250
f 531/2251/2251 992/2252/2252 1225/2253/2253
f 1166/2254/2254 799/2255/2255 537/2256/2256
f 532/2257/2257 930/2258/2258 886/2259/2259
f 532/2260/2260 440/2261/2261 930/2262/2262
f 578/2263/2263 359/2264/2264 1134/2265/2265
f 365/2266/2266 1134/2267/2267 359/2268/2268
f 398/2269/2269 1163/2270/2270 533/2271/2271
f 534/2272/2272 332/2273/2273 138/2274/2274
f 1033/2275/2275 92/2276/2276 332/2277/2277
f 810/2278/2278 524/2279/2279 535/2280/2280
f 535/2281/2281 524/2282/2282 765/2283/2283
f 400/2284/2284 974/2285/2285 190/2286/2286
f 974/2287/2287 400/2288/2288 970/2289/2289
f 327/2290/2290 428/2291/2291 537/2292/2292
f 537/2293/2293 199/2294/2294 1166/2295/2295
f 880/2296/2296 538/2297/2297 641/2298/2298
f 538/2299/2299 93/2300/2300 635/2301/2301
f 341/2302/2302 539/2303/2303 717/2304/2304
f 899/2305/2305 341/2306/2306 627/2307/2307
f 540/2308/2308 1183/2309/2309 117/2310/2310
f 1012/2311/2311 1070/2312/2312 147/2313/2313
f 126/2314/2314 542/2315/2315 1064/2316/2316
f 314/2317/2317 543/2318/2318 378/2319/2319
f 378/2320/2320 543/2321/2321 827/2322/2322
f 211/2323/2323 1177/2324/2324 872/2325/2325
f 544/2326/2326 976/2327/2327 387/2328/2328
f 545/2329/2329 611/2330/2330 551/2331/2331
f 448/2332/2332 546/2333/2333 235/2334/2334
f 546/2335/2335 448/2336/2336 512/2337/2337
f 641/2338/2338 547/2339/2339 880/2340/2340
f 547/2341/2341 481/2342/2342 77/2343/2343
f 756/2344/2344 1107/2345/2345 548/2346/2346
f 548/2347/2347 412/2348/2348 756/2349/2349
f 549/2350/2350 139/2351/2351 134/2352/2352
f 393/2353/2353 1090/2354/2354 550/2355/2355
f 584/2356/2356 393/2357/2357 550/2358/2358
f 551/2359/2359 447/2360/2360 545/2361/2361
f 552/2362/2362 127/2363/2363 1247/2364/2364
f 1191/2365/2365 1021/2366/2366 452/2367/2367
f 634/2368/2368 553/2369/2369 845/2370/2370
f 553/2371/2371 683/2372/2372 218/2373/2373
f 141/2374/2374 907/2375/2375 1105/2376/2376
f 301/2377/2377 555/2378/2378 362/2379/2379
f 776/2380/2380 557/2381/2381 252/2382/2382
f 776/2383/2383 246/2384/2384 918/2385/2385
f 558/2386/2386 44/2387/2387 778/2388/2388
f 693/2389/2389 1000/2390/2390 1203/2391/2391
f 755/2392/2392 559/2393/2393 121/2394/2394
f 402/2395/2395 121/2396/2396 587/2397/2397
f 711/2398/2398 514/2399/2399 560/2400/2400
f 736/2401/2401 985/2402/2402 301/2403/2403
f 244/2404/2404 339/2405/2405 874/2406/2406
f 874/2407/2407 896/2408/2408 1029/2409/2409
f 235/2410/2410 467/2411/2411 559/2412/2412
f 121/2413/2413 559/2414/2414 587/2415/2415
f 46/2416/2416 524/2417/2417 109/2418/2418
f 272/2419/2419 564/2420/2420 632/2421/2421
f 1262/2422/2422 707/2423/2423 200/2424/2424
f 566/2425/2425 136/2426/2426 349/2427/2427
f 571/2428/2428 855/2429/2429 136/2430/2430
f 466/2431/2431 568/2432/2432 57/2433/2433
f 1014/2434/2434 57/2435/2435 573/2436/2436
f 797/2437/2437 491/2438/2438 873/2439/2439
f 491/2440/2440 726/2441/2441 873/2442/2442
f 256/2443/2443 79/2444/2444 184/2445/2445
f 256/2446/2446 1004/2447/2447 79/2448/2448
f 290/2449/2449 572/2450/2450 228/2451/2451
f 568/2452/2452 573/2453/2453 57/2454/2454
f 573/2455/2455 959/2456/2456 390/2457/2457
f 574/2458/2458 631/2459/2459 304/2460/2460
f 279/2461/2461 574/2462/2462 304/2463/2463
f 684/2464/2464 1125/2465/2465 1054/2466/2466
f 575/2467/2467 268/2468/2468 1125/2469/2469
f 512/2470/2470 1159/2471/2471 1249/2472/2472
f 1250/2473/2473 512/2474/2474 1185/2475/2475
f 581/2476/2476 359/2477/2477 578/2478/2478
f 1196/2479/2479 804/2480/2480 581/2481/2481
f 848/2482/2482 295/2483/2483 1172/2484/2484
f 872/2485/2485 217/2486/2486 579/2487/2487
f 881/2488/2488 877/2489/2489 579/2490/2490
f 580/2491/2491 182/2492/2492 749/2493/2493
f 581/2494/2494 283/2495/2495 359/2496/2496
f 581/2497/2497 329/2498/2498 283/2499/2499
f 970/2500/2500 408/2501/2501 582/2502/2502
f 583/2503/2503 387/2504/2504 395/2505/2505
f 584/2506/2506 457/2507/2507 118/2508/2508
f 1171/2509/2509 397/2510/2510 457/2511/2511
f 958/2512/2512 1172/2513/2513 669/2514/2514
f 1074/2515/2515 585/2516/2516 747/2517/2517
f 832/2518/2518 585/2519/2519 779/2520/2520
f 586/2521/2521 590/2522/2522 342/2523/2523
f 27/2524/2524 587/2525/2525 467/2526/2526
f 467/2527/2527 587/2528/2528 559/2529/2529
f 462/2530/2530 133/2531/2531 588/2532/2532
f 523/2533/2533 462/2534/2534 997/2535/2535
f 883/2536/2536 426/2537/2537 293/2538/2538
f 586/2539/2539 582/2540/2540 590/2541/2541
f 653/2542/2542 582/2543/2543 408/2544/2544
f 1192/2545/2545 824/2546/2546 593/2547/2547
f 851/2548/2548 1091/2549/2549 996/2550/2550
f 1091/2551/2551 851/2552/2552 376/2553/2553
f 1110/2554/2554 595/2555/2555 203/2556/2556
f 76/2557/2557 203/2558/2558 885/2559/2559
f 870/2560/2560 714/2561/2561 596/2562/2562
f 772/2563/2563 204/2564/2564 186/2565/2565
f 128/2566/2566 1059/2567/2567 1115/2568/2568
f 332/2569/2569 522/2570/2570 599/2571/2571
f 1117/2572/2572 599/2573/2573 522/2574/2574
f 268/2575/2575 430/2576/2576 600/2577/2577
f 974/2578/2578 586/2579/2579 536/2580/2580
f 190/2581/2581 974/2582/2582 536/2583/2583
f 659/2584/2584 372/2585/2585 601/2586/2586
f 94/2587/2587 602/2588/2588 98/2589/2589
f 608/2590/2590 94/2591/2591 471/2592/2592
f 603/2593/2593 233/2594/2594 533/2595/2595
f 233/2596/2596 603/2597/2597 496/2598/2598
f 604/2599/2599 506/2600/2600 48/2601/2601
f 1208/2602/2602 1111/2603/2603 915/2604/2604
f 1111/2605/2605 864/2606/2606 23/2607/2607
f 1031/2608/2608 359/2609/2609 56/2610/2610
f 315/2611/2611 606/2612/2612 580/2613/2613
f 438/2614/2614 1141/2615/2615 1128/2616/2616
f 1128/2617/2617 527/2618/2618 438/2619/2619
f 608/2620/2620 37/2621/2621 602/2622/2622
f 608/2623/2623 602/2624/2624 94/2625/2625
f 351/2626/2626 266/2627/2627 828/2628/2628
f 610/2629/2629 1052/2630/2630 225/2631/2631
f 186/2632/2632 611/2633/2633 772/2634/2634
f 542/2635/2635 611/2636/2636 186/2637/2637
f 231/2638/2638 487/2639/2639 612/2640/2640
f 231/2641/2641 612/2642/2642 168/2643/2643
f 235/2644/2644 614/2645/2645 448/2646/2646
f 1011/2647/2647 894/2648/2648 833/2649/2649
f 616/2650/2650 1093/2651/2651 242/2652/2652
f 77/2653/2653 616/2654/2654 242/2655/2655
f 175/2656/2656 618/2657/2657 206/2658/2658
f 175/2659/2659 981/2660/2660 1221/2661/2661
f 1061/2662/2662 307/2663/2663 427/2664/2664
f 1196/2665/2665 621/2666/2666 804/2667/2667
f 1045/2668/2668 622/2669/2669 134/2670/2670
f 893/2671/2671 623/2672/2672 1232/2673/2673
f 305/2674/2674 446/2675/2675 624/2676/2676
f 442/2677/2677 305/2678/2678 624/2679/2679
f 1044/2680/2680 1005/2681/2681 251/2682/2682
f 1221/2683/2683 1044/2684/2684 251/2685/2685
f 627/2686/2686 216/2687/2687 181/2688/2688
f 628/2689/2689 996/2690/2690 594/2691/2691
f 291/2692/2692 629/2693/2693 887/2694/2694
f 630/2695/2695 308/2696/2696 217/2697/2697
f 630/2698/2698 223/2699/2699 308/2700/2700
f 823/2701/2701 943/2702/2702 1157/2703/2703
f 563/2704/2704 46/2705/2705 109/2706/2706
f 1104/2707/2707 71/2708/2708 966/2709/2709
f 31/2710/2710 636/2711/2711 253/2712/2712
f 31/2713/2713 44/2714/2714 636/2715/2715
f 213/2716/2716 208/2717/2717 637/2718/2718
f 1049/2719/2719 638/2720/2720 46/2721/2721
f 405/2722/2722 638/2723/2723 1049/2724/2724
f 130/2725/2725 499/2726/2726 640/2727/2727
f 1147/2728/2728 130/2729/2729 640/2730/2730
f 488/2731/2731 641/2732/2732 538/2733/2733
f 465/2734/2734 320/2735/2735 642/2736/2736
f 465/2737/2737 642/2738/2738 913/2739/2739
f 754/2740/2740 643/2741/2741 1041/2742/2742
f 643/2743/2743 782/2744/2744 1041/2745/2745
f 382/2746/2746 722/2747/2747 155/2748/2748
f 28/2749/2749 644/2750/2750 1000/2751/2751
f 787/2752/2752 1077/2753/2753 645/2754/2754
f 787/2755/2755 645/2756/2756 762/2757/2757
f 993/2758/2758 646/2759/2759 429/2760/2760
f 429/2761/2761 1090/2762/2762 393/2763/2763
f 647/2764/2764 249/2765/2765 280/2766/2766
f 648/2767/2767 1022/2768/2768 194/2769/2769
f 1085/2770/2770 1230/2771/2771 412/2772/2772
f 1148/2773/2773 1255/2774/2774 652/2775/2775
f 813/2776/2776 819/2777/2777 413/2778/2778
f 1088/2779/2779 650/2780/2780 564/2781/2781
f 506/2782/2782 269/2783/2783 27/2784/2784
f 651/2785/2785 821/2786/2786 655/2787/2787
f 649/2788/2788 455/2789/2789 652/2790/2790
f 653/2791/2791 664/2792/2792 590/2793/2793
f 582/2794/2794 653/2795/2795 590/2796/2796
f 650/2797/2797 1088/2798/2798 975/2799/2799
f 650/2800/2800 975/2801/2801 141/2802/2802
f 655/2803/2803 502/2804/2804 367/2805/2805
f 716/2806/2806 655/2807/2807 367/2808/2808
f 652/2809/2809 656/2810/2810 649/2811/2811
f 819/2812/2812 652/2813/2813 1255/2814/2814
f 657/2815/2815 615/2816/2816 620/2817/2817
f 385/2818/2818 1012/2819/2819 658/2820/2820
f 147/2821/2821 1070/2822/2822 1103/2823/2823
f 261/2824/2824 382/2825/2825 644/2826/2826
f 259/2827/2827 659/2828/2828 601/2829/2829
f 24/2830/2830 659/2831/2831 259/2832/2832
f 1238/2833/2833 803/2834/2834 287/2835/2835
f 1238/2836/2836 287/2837/2837 68/2838/2838
f 353/2839/2839 1039/2840/2840 661/2841/2841
f 806/2842/2842 662/2843/2843 224/2844/2844
f 492/2845/2845 663/2846/2846 479/2847/2847
f 70/2848/2848 336/2849/2849 664/2850/2850
f 738/2851/2851 70/2852/2852 664/2853/2853
f 662/2854/2854 657/2855/2855 665/2856/2856
f 666/2857/2857 1082/2858/2858 723/2859/2859
f 275/2860/2860 743/2861/2861 667/2862/2862
f 783/2863/2863 275/2864/2864 667/2865/2865
f 310/2866/2866 668/2867/2867 346/2868/2868
f 140/2869/2869 504/2870/2870 669/2871/2871
f 522/2872/2872 39/2873/2873 670/2874/2874
f 670/2875/2875 39/2876/2876 297/2877/2877
f 381/2878/2878 9/2879/2879 639/2880/2880
f 35/2881/2881 805/2882/2882 41/2883/2883
f 124/2884/2884 1056/2885/2885 673/2886/2886
f 674/2887/2887 418/2888/2888 1025/2889/2889
f 674/2890/2890 456/2891/2891 764/2892/2892
f 1042/2893/2893 108/2894/2894 1117/2895/2895
f 123/2896/2896 296/2897/2897 675/2898/2898
f 1107/2899/2899 396/2900/2900 676/2901/2901
f 898/2902/2902 396/2903/2903 1035/2904/2904
f 337/2905/2905 560/2906/2906 677/2907/2907
f 191/2908/2908 337/2909/2909 677/2910/2910
f 395/2911/2911 183/2912/2912 785/2913/2913
f 1098/2914/2914 679/2915/2915 1157/2916/2916
f 967/2917/2917 333/2918/2918 680/2919/2919
f 333/2920/2920 123/2921/2921 680/2922/2922
f 978/2923/2923 681/2924/2924 238/2925/2925
f 682/2926/2926 21/2927/2927 642/2928/2928
f 391/2929/2929 222/2930/2930 683/2931/2931
f 683/2932/2932 222/2933/2933 879/2934/2934
f 862/2935/2935 157/2936/2936 884/2937/2937
f 685/2938/2938 887/2939/2939 88/2940/2940
f 273/2941/2941 17/2942/2942 176/2943/2943
f 1010/2944/2944 687/2945/2945 963/2946/2946
f 811/2947/2947 672/2948/2948 687/2949/2949
f 230/2950/2950 688/2951/2951 67/2952/2952
f 1010/2953/2953 811/2954/2954 687/2955/2955
f 685/2956/2956 35/2957/2957 691/2958/2958
f 35/2959/2959 1173/2960/2960 691/2961/2961
f 487/2962/2962 231/2963/2963 692/2964/2964
f 236/2965/2965 692/2966/2966 231/2967/2967
f 701/2968/2968 541/2969/2969 321/2970/2970
f 484/2971/2971 968/2972/2972 695/2973/2973
f 357/2974/2974 427/2975/2975 696/2976/2976
f 704/2977/2977 696/2978/2978 488/2979/2979
f 697/2980/2980 188/2981/2981 691/2982/2982
f 697/2983/2983 271/2984/2984 1119/2985/2985
f 987/2986/2986 336/2987/2987 698/2988/2988
f 622/2989/2989 47/2990/2990 1112/2991/2991
f 285/2992/2992 34/2993/2993 699/2994/2994
f 1106/2995/2995 1072/2996/2996 936/2997/2997
f 1072/2998/2998 202/2999/2999 330/3000/3000
f 702/3001/3001 1144/3002/3002 827/3003/3003
f 702/3004/3004 173/3005/3005 708/3006/3006
f 355/3007/3007 703/3008/3008 8/3009/3009
f 710/3010/3010 7/3011/3011 8/3012/3012
f 984/3013/3013 704/3014/3014 635/3015/3015
f 984/3016/3016 357/3017/3017 696/3018/3018
f 1053/3019/3019 186/3020/3020 204/3021/3021
f 381/3022/3022 45/3023/3023 870/3024/3024
f 1181/3025/3025 870/3026/3026 45/3027/3027
f 713/3028/3028 617/3029/3029 929/3030/3030
f 713/3031/3031 929/3032/3032 1135/3033/3033
f 309/3034/3034 707/3035/3035 1262/3036/3036
f 441/3037/3037 708/3038/3038 437/3039/3039
f 708/3040/3040 441/3041/3041 702/3042/3042
f 526/3043/3043 709/3044/3044 375/3045/3045
f 1073/3046/3046 375/3047/3047 132/3048/3048
f 710/3049/3049 703/3050/3050 191/3051/3051
f 8/3052/3052 703/3053/3053 710/3054/3054
f 301/3055/3055 711/3056/3056 736/3057/3057
f 1084/3058/3058 227/3059/3059 713/3060/3060
f 714/3061/3061 344/3062/3062 821/3063/3063
f 870/3064/3064 344/3065/3065 714/3066/3066
f 178/3067/3067 478/3068/3068 715/3069/3069
f 717/3070/3070 63/3071/3071 514/3072/3072
f 260/3073/3073 519/3074/3074 719/3075/3075
f 181/3076/3076 651/3077/3077 497/3078/3078
f 721/3079/3079 560/3080/3080 284/3081/3081
f 537/3082/3082 428/3083/3083 199/3084/3084
f 26/3085/3085 155/3086/3086 722/3087/3087
f 802/3088/3088 374/3089/3089 450/3090/3090
f 1154/3091/3091 523/3092/3092 724/3093/3093
f 1089/3094/3094 729/3095/3095 417/3096/3096
f 726/3097/3097 243/3098/3098 167/3099/3099
f 491/3100/3100 243/3101/3101 726/3102/3102
f 358/3103/3103 452/3104/3104 897/3105/3105
f 731/3106/3106 769/3107/3107 386/3108/3108
f 727/3109/3109 518/3110/3110 265/3111/3111
f 1060/3112/3112 728/3113/3113 479/3114/3114
f 729/3115/3115 1089/3116/3116 956/3117/3117
f 1042/3118/3118 166/3119/3119 113/3120/3120
f 731/3121/3121 1191/3122/3122 452/3123/3123
f 731/3124/3124 452/3125/3125 952/3126/3126
f 732/3127/3127 93/3128/3128 758/3129/3129
f 733/3130/3130 727/3131/3131 265/3132/3132
f 733/3133/3133 340/3134/3134 860/3135/3135
f 681/3136/3136 949/3137/3137 255/3138/3138
f 735/3139/3139 205/3140/3140 356/3141/3141
f 52/3142/3142 735/3143/3143 356/3144/3144
f 736/3145/3145 711/3146/3146 560/3147/3147
f 560/3148/3148 721/3149/3149 736/3150/3150
f 322/3151/3151 386/3152/3152 737/3153/3153
f 737/3154/3154 180/3155/3155 322/3156/3156
f 70/3157/3157 738/3158/3158 1084/3159/3159
f 1084/3160/3160 738/3161/3161 227/3162/3162
f 510/3163/3163 47/3164/3164 739/3165/3165
f 965/3166/3166 719/3167/3167 1080/3168/3168
f 741/3169/3169 869/3170/3170 348/3171/3171
f 869/3172/3172 741/3173/3173 253/3174/3174
f 451/3175/3175 742/3176/3176 206/3177/3177
f 307/3178/3178 619/3179/3179 169/3180/3180
f 1091/3181/3181 376/3182/3182 169/3183/3183
f 174/3184/3184 990/3185/3185 1100/3186/3186
f 451/3187/3187 1162/3188/3188 742/3189/3189
f 196/3190/3190 719/3191/3191 965/3192/3192
f 329/3193/3193 745/3194/3194 283/3195/3195
f 831/3196/3196 745/3197/3197 329/3198/3198
f 822/3199/3199 746/3200/3200 95/3201/3201
f 747/3202/3202 152/3203/3203 1078/3204/3204
f 1214/3205/3205 796/3206/3206 76/3207/3207
f 338/3208/3208 454/3209/3209 749/3210/3210
f 1213/3211/3211 247/3212/3212 749/3213/3213
f 750/3214/3214 1158/3215/3215 196/3216/3216
f 172/3217/3217 565/3218/3218 494/3219/3219
f 663/3220/3220 152/3221/3221 747/3222/3222
f 626/3223/3223 753/3224/3224 85/3225/3225
f 754/3226/3226 1041/3227/3227 1254/3228/3228
f 1148/3229/3229 1215/3230/3230 754/3231/3231
f 185/3232/3232 343/3233/3233 511/3234/3234
f 1184/3235/3235 205/3236/3236 511/3237/3237
f 755/3238/3238 399/3239/3239 762/3240/3240
f 412/3241/3241 1230/3242/3242 756/3243/3243
f 758/3244/3244 277/3245/3245 384/3246/3246
f 547/3247/3247 277/3248/3248 825/3249/3249
f 62/3250/3250 1220/3251/3251 759/3252/3252
f 1197/3253/3253 759/3254/3254 51/3255/3255
f 205/3256/3256 360/3257/3257 760/3258/3258
f 760/3259/3259 360/3260/3260 692/3261/3261
f 761/3262/3262 852/3263/3263 42/3264/3264
f 42/3265/3265 415/3266/3266 761/3267/3267
f 787/3268/3268 762/3269/3269 528/3270/3270
f 762/3271/3271 399/3272/3272 528/3273/3273
f 270/3274/3274 58/3275/3275 1069/3276/3276
f 764/3277/3277 1115/3278/3278 1059/3279/3279
f 674/3280/3280 764/3281/3281 1059/3282/3282
f 882/3283/3283 765/3284/3284 524/3285/3285
f 280/3286/3286 765/3287/3287 431/3288/3288
f 65/3289/3289 541/3290/3290 766/3291/3291
f 491/3292/3292 65/3293/3293 766/3294/3294
f 547/3295/3295 77/3296/3296 277/3297/3297
f 767/3298/3298 1157/3299/3299 943/3300/3300
f 767/3301/3301 1098/3302/3302 1157/3303/3303
f 768/3304/3304 234/3305/3305 110/3306/3306
f 737/3307/3307 769/3308/3308 470/3309/3309
f 772/3310/3310 611/3311/3311 597/3312/3312
f 668/3313/3313 773/3314/3314 1102/3315/3315
f 773/3316/3316 668/3317/3317 310/3318/3318
f 156/3319/3319 148/3320/3320 774/3321/3321
f 960/3322/3322 317/3323/3323 1239/3324/3324
f 776/3325/3325 428/3326/3326 22/3327/3327
f 624/3328/3328 776/3329/3329 22/3330/3330
f 777/3331/3331 401/3332/3332 407/3333/3333
f 777/3334/3334 1053/3335/3335 401/3336/3336
f 778/3337/3337 44/3338/3338 212/3339/3339
f 779/3340/3340 585/3341/3341 1074/3342/3342
f 1074/3343/3343 154/3344/3344 170/3345/3345
f 977/3346/3346 780/3347/3347 784/3348/3348
f 55/3349/3349 781/3350/3350 246/3351/3351
f 782/3352/3352 1069/3353/3353 489/3354/3354
f 782/3355/3355 489/3356/3356 1041/3357/3357
f 527/3358/3358 1018/3359/3359 72/3360/3360
f 785/3361/3361 678/3362/3362 883/3363/3363
f 605/3364/3364 169/3365/3365 619/3366/3366
f 83/3367/3367 80/3368/3368 786/3369/3369
f 948/3370/3370 38/3371/3371 789/3372/3372
f 29/3373/3373 1038/3374/3374 279/3375/3375
f 29/3376/3376 279/3377/3377 570/3378/3378
f 179/3379/3379 787/3380/3380 69/3381/3381
f 787/3382/3382 528/3383/3383 69/3384/3384
f 111/3385/3385 788/3386/3386 600/3387/3387
f 788/3388/3388 111/3389/3389 116/3390/3390
f 789/3391/3391 928/3392/3392 1168/3393/3393
f 83/3394/3394 948/3395/3395 789/3396/3396
f 573/3397/3397 962/3398/3398 1239/3399/3399
f 790/3400/3400 473/3401/3401 942/3402/3402
f 448/3403/3403 473/3404/3404 790/3405/3405
f 379/3406/3406 791/3407/3407 1121/3408/3408
f 507/3409/3409 798/3410/3410 792/3411/3411
f 794/3412/3412 53/3413/3413 288/3414/3414
f 1101/3415/3415 1147/3416/3416 103/3417/3417
f 248/3418/3418 1014/3419/3419 601/3420/3420
f 244/3421/3421 796/3422/3422 339/3423/3423
f 797/3424/3424 873/3425/3425 443/3426/3426
f 1256/3427/3427 368/3428/3428 798/3429/3429
f 925/3430/3430 118/3431/3431 297/3432/3432
f 889/3433/3433 584/3434/3434 118/3435/3435
f 1161/3436/3436 800/3437/3437 149/3438/3438
f 1043/3439/3439 483/3440/3440 324/3441/3441
f 523/3442/3442 319/3443/3443 801/3444/3444
f 333/3445/3445 967/3446/3446 319/3447/3447
f 802/3448/3448 1150/3449/3449 368/3450/3450
f 798/3451/3451 1150/3452/3452 979/3453/3453
f 328/3454/3454 803/3455/3455 493/3456/3456
f 1113/3457/3457 1108/3458/3458 329/3459/3459
f 806/3460/3460 695/3461/3461 576/3462/3462
f 806/3463/3463 576/3464/3464 662/3465/3465
f 770/3466/3466 1161/3467/3467 36/3468/3468
f 1161/3469/3469 856/3470/3470 36/3471/3471
f 145/3472/3472 165/3473/3473 757/3474/3474
f 808/3475/3475 355/3476/3476 11/3477/3477
f 355/3478/3478 985/3479/3479 721/3480/3480
f 529/3481/3481 91/3482/3482 809/3483/3483
f 765/3484/3484 770/3485/3485 810/3486/3486
f 810/3487/3487 770/3488/3488 36/3489/3489
f 37/3490/3490 135/3491/3491 544/3492/3492
f 811/3493/3493 1204/3494/3494 672/3495/3495
f 816/3496/3496 811/3497/3497 1010/3498/3498
f 818/3499/3499 812/3500/3500 66/3501/3501
f 813/3502/3502 413/3503/3503 142/3504/3504
f 814/3505/3505 20/3506/3506 101/3507/3507
f 239/3508/3508 168/3509/3509 1027/3510/3510
f 136/3511/3511 239/3512/3512 1027/3513/3513
f 180/3514/3514 347/3515/3515 815/3516/3516
f 816/3517/3517 1204/3518/3518 811/3519/3519
f 1204/3520/3520 816/3521/3521 1015/3522/3522
f 817/3523/3523 248/3524/3524 502/3525/3525
f 817/3526/3526 821/3527/3527 344/3528/3528
f 370/3529/3529 812/3530/3530 818/3531/3531
f 1093/3532/3532 370/3533/3533 1056/3534/3534
f 656/3535/3535 652/3536/3536 819/3537/3537
f 813/3538/3538 656/3539/3539 819/3540/3540
f 330/3541/3541 820/3542/3542 160/3543/3543
f 821/3544/3544 817/3545/3545 502/3546/3546
f 821/3547/3547 502/3548/3548 655/3549/3549
f 822/3550/3550 505/3551/3551 108/3552/3552
f 824/3553/3553 654/3554/3554 107/3555/3555
f 825/3556/3556 758/3557/3557 880/3558/3558
f 758/3559/3559 825/3560/3560 277/3561/3561
f 826/3562/3562 820/3563/3563 330/3564/3564
f 202/3565/3565 826/3566/3566 330/3567/3567
f 827/3568/3568 543/3569/3569 173/3570/3570
f 173/3571/3571 702/3572/3572 827/3573/3573
f 480/3574/3574 609/3575/3575 828/3576/3576
f 829/3577/3577 176/3578/3578 505/3579/3579
f 829/3580/3580 505/3581/3581 822/3582/3582
f 596/3583/3583 830/3584/3584 870/3585/3585
f 1269/3586/3586 1046/3587/3587 163/3588/3588
f 163/3589/3589 453/3590/3590 836/3591/3591
f 257/3592/3592 585/3593/3593 832/3594/3594
f 520/3595/3595 257/3596/3596 832/3597/3597
f 615/3598/3598 887/3599/3599 833/3600/3600
f 620/3601/3601 615/3602/3602 833/3603/3603
f 573/3604/3604 795/3605/3605 1014/3606/3606
f 795/3607/3607 460/3608/3608 1014/3609/3609
f 836/3610/3610 1219/3611/3611 163/3612/3612
f 831/3613/3613 1030/3614/3614 745/3615/3615
f 486/3616/3616 334/3617/3617 1003/3618/3618
f 837/3619/3619 851/3620/3620 162/3621/3621
f 838/3622/3622 834/3623/3623 120/3624/3624
f 1266/3625/3625 834/3626/3626 838/3627/3627
f 128/3628/3628 294/3629/3629 840/3630/3630
f 566/3631/3631 349/3632/3632 841/3633/3633
f 843/3634/3634 349/3635/3635 919/3636/3636
f 834/3637/3637 989/3638/3638 318/3639/3639
f 1047/3640/3640 606/3641/3641 1236/3642/3642
f 606/3643/3643 315/3644/3644 1236/3645/3645
f 843/3646/3646 248/3647/3647 841/3648/3648
f 841/3649/3649 349/3650/3650 843/3651/3651
f 513/3652/3652 1092/3653/3653 844/3654/3654
f 1092/3655/3655 166/3656/3656 844/3657/3657
f 553/3658/3658 218/3659/3659 845/3660/3660
f 218/3661/3661 924/3662/3662 845/3663/3663
f 143/3664/3664 416/3665/3665 269/3666/3666
f 846/3667/3667 580/3668/3668 606/3669/3669
f 846/3670/3670 182/3671/3671 580/3672/3672
f 1129/3673/3673 262/3674/3674 435/3675/3675
f 848/3676/3676 198/3677/3677 712/3678/3678
f 1158/3679/3679 744/3680/3680 260/3681/3681
f 189/3682/3682 478/3683/3683 849/3684/3684
f 178/3685/3685 849/3686/3686 478/3687/3687
f 851/3688/3688 509/3689/3689 379/3690/3690
f 521/3691/3691 852/3692/3692 110/3693/3693
f 521/3694/3694 234/3695/3695 852/3696/3696
f 853/3697/3697 91/3698/3698 529/3699/3699
f 333/3700/3700 853/3701/3701 529/3702/3702
f 854/3703/3703 394/3704/3704 23/3705/3705
f 915/3706/3706 394/3707/3707 288/3708/3708
f 511/3709/3709 1186/3710/3710 855/3711/3711
f 136/3712/3712 855/3713/3713 1186/3714/3714
f 1161/3715/3715 1001/3716/3716 856/3717/3717
f 1040/3718/3718 857/3719/3719 1120/3720/3720
f 858/3721/3721 981/3722/3722 272/3723/3723
f 858/3724/3724 272/3725/3725 464/3726/3726
f 255/3727/3727 859/3728/3728 854/3729/3729
f 288/3730/3730 394/3731/3731 854/3732/3732
f 860/3733/3733 518/3734/3734 727/3735/3735
f 1123/3736/3736 258/3737/3737 917/3738/3738
f 258/3739/3739 861/3740/3740 1216/3741/3741
f 684/3742/3742 323/3743/3743 862/3744/3744
f 323/3745/3745 858/3746/3746 862/3747/3747
f 923/3748/3748 1126/3749/3749 863/3750/3750
f 1247/3751/3751 1126/3752/3752 1021/3753/3753
f 878/3754/3754 1091/3755/3755 865/3756/3756
f 1214/3757/3757 129/3758/3758 866/3759/3759
f 867/3760/3760 400/3761/3761 190/3762/3762
f 927/3763/3763 190/3764/3764 536/3765/3765
f 445/3766/3766 89/3767/3767 868/3768/3768
f 139/3769/3769 445/3770/3770 868/3771/3771
f 869/3772/3772 151/3773/3773 348/3774/3774
f 706/3775/3775 870/3776/3776 830/3777/3777
f 602/3778/3778 37/3779/3779 725/3780/3780
f 98/3781/3781 602/3782/3782 725/3783/3783
f 579/3784/3784 211/3785/3785 872/3786/3786
f 1191/3787/3787 731/3788/3788 64/3789/3789
f 873/3790/3790 569/3791/3791 290/3792/3792
f 873/3793/3793 726/3794/3794 569/3795/3795
f 335/3796/3796 1020/3797/3797 1189/3798/3798
f 859/3799/3799 288/3800/3800 854/3801/3801
f 1147/3802/3802 288/3803/3803 859/3804/3804
f 132/3805/3805 875/3806/3806 353/3807/3807
f 875/3808/3808 132/3809/3809 375/3810/3810
f 983/3811/3811 163/3812/3812 1046/3813/3813
f 1079/3814/3814 374/3815/3815 368/3816/3816
f 638/3817/3817 876/3818/3818 282/3819/3819
f 527/3820/3820 1067/3821/3821 839/3822/3822
f 579/3823/3823 877/3824/3824 211/3825/3825
f 1032/3826/3826 1089/3827/3827 879/3828/3828
f 471/3829/3829 94/3830/3830 1097/3831/3831
f 881/3832/3832 595/3833/3833 877/3834/3834
f 203/3835/3835 595/3836/3836 885/3837/3837
f 282/3838/3838 431/3839/3839 882/3840/3840
f 431/3841/3841 765/3842/3842 882/3843/3843
f 589/3844/3844 883/3845/3845 293/3846/3846
f 129/3847/3847 885/3848/3848 881/3849/3849
f 595/3850/3850 881/3851/3851 885/3852/3852
f 886/3853/3853 855/3854/3854 571/3855/3855
f 566/3856/3856 886/3857/3857 571/3858/3858
f 685/3859/3859 188/3860/3860 887/3861/3861
f 465/3862/3862 913/3863/3863 122/3864/3864
f 1163/3865/3865 913/3866/3866 603/3867/3867
f 1133/3868/3868 889/3869/3869 799/3870/3870
f 162/3871/3871 299/3872/3872 800/3873/3873
f 1068/3874/3874 83/3875/3875 1168/3876/3876
f 1168/3877/3877 83/3878/3878 789/3879/3879
f 41/3880/3880 842/3881/3881 892/3882/3882
f 893/3883/3883 934/3884/3884 516/3885/3885
f 516/3886/3886 826/3887/3887 893/3888/3888
f 900/3889/3889 105/3890/3890 503/3891/3891
f 1011/3892/3892 626/3893/3893 894/3894/3894
f 895/3895/3895 1087/3896/3896 567/3897/3897
f 896/3898/3898 874/3899/3899 326/3900/3900
f 88/3901/3901 896/3902/3902 326/3903/3903
f 396/3904/3904 898/3905/3905 676/3906/3906
f 499/3907/3907 911/3908/3908 899/3909/3909
f 539/3910/3910 341/3911/3911 899/3912/3912
f 1127/3913/3913 567/3914/3914 174/3915/3915
f 408/3916/3916 174/3917/3917 567/3918/3918
f 47/3919/3919 987/3920/3920 1112/3921/3921
f 270/3922/3922 570/3923/3923 1131/3924/3924
f 874/3925/3925 902/3926/3926 326/3927/3927
f 55/3928/3928 820/3929/3929 781/3930/3930
f 19/3931/3931 903/3932/3932 104/3933/3933
f 904/3934/3934 963/3935/3935 687/3936/3936
f 371/3937/3937 912/3938/3938 750/3939/3939
f 860/3940/3940 905/3941/3941 1105/3942/3942
f 905/3943/3943 632/3944/3944 1105/3945/3945
f 184/3946/3946 399/3947/3947 402/3948/3948
f 755/3949/3949 402/3950/3950 399/3951/3951
f 906/3952/3952 157/3953/3953 464/3954/3954
f 456/3955/3955 384/3956/3956 908/3957/3957
f 384/3958/3958 277/3959/3959 908/3960/3960
f 909/3961/3961 1248/3962/3962 457/3963/3963
f 910/3964/3964 77/3965/3965 690/3966/3966
f 1010/3967/3967 963/3968/3968 910/3969/3969
f 899/3970/3970 911/3971/3971 539/3972/3972
f 63/3973/3973 539/3974/3974 911/3975/3975
f 912/3976/3976 616/3977/3977 980/3978/3978
f 912/3979/3979 980/3980/3980 910/3981/3981
f 642/3982/3982 888/3983/3983 913/3984/3984
f 888/3985/3985 603/3986/3986 913/3987/3987
f 749/3988/3988 247/3989/3989 338/3990/3990
f 53/3991/3991 915/3992/3992 288/3993/3993
f 916/3994/3994 411/3995/3995 857/3996/3996
f 183/3997/3997 411/3998/3998 916/3999/3999
f 138/4000/4000 17/4001/4001 534/4002/4002
f 122/4003/4003 913/4004/4004 1163/4005/4005
f 1177/4006/4006 1163/4007/4007 398/4008/4008
f 1123/4009/4009 501/4010/4010 773/4011/4011
f 557/4012/4012 918/4013/4013 543/4014/4014
f 776/4015/4015 918/4016/4016 557/4017/4017
f 919/4018/4018 136/4019/4019 1027/4020/4020
f 136/4021/4021 919/4022/4022 349/4023/4023
f 1122/4024/4024 530/4025/4025 914/4026/4026
f 920/4027/4027 1072/4028/4028 160/4029/4029
f 920/4030/4030 923/4031/4031 292/4032/4032
f 663/4033/4033 921/4034/4034 479/4035/4035
f 137/4036/4036 922/4037/4037 954/4038/4038
f 816/4039/4039 922/4040/4040 1015/4041/4041
f 160/4042/4042 1126/4043/4043 923/4044/4044
f 920/4045/4045 160/4046/4046 923/4047/4047
f 845/4048/4048 924/4049/4049 1176/4050/4050
f 238/4051/4051 942/4052/4052 677/4053/4053
f 238/4054/4054 1229/4055/4055 942/4056/4056
f 927/4057/4057 867/4058/4058 190/4059/4059
f 472/4060/4060 867/4061/4061 927/4062/4062
f 379/4063/4063 1121/4064/4064 851/4065/4065
f 634/4066/4066 966/4067/4067 1006/4068/4068
f 929/4069/4069 316/4070/4070 694/4071/4071
f 1135/4072/4072 929/4073/4073 694/4074/4074
f 1210/4075/4075 490/4076/4076 482/4077/4077
f 440/4078/4078 185/4079/4079 930/4080/4080
f 112/4081/4081 609/4082/4082 931/4083/4083
f 737/4084/4084 112/4085/4085 931/4086/4086
f 813/4087/4087 62/4088/4088 313/4089/4089
f 1108/4090/4090 933/4091/4091 1219/4092/4092
f 543/4093/4093 918/4094/4094 934/4095/4095
f 934/4096/4096 173/4097/4097 543/4098/4098
f 886/4099/4099 935/4100/4100 532/4101/4101
f 381/4102/4102 935/4103/4103 1136/4104/4104
f 1199/4105/4105 936/4106/4106 62/4107/4107
f 1106/4108/4108 661/4109/4109 1039/4110/4110
f 317/4111/4111 775/4112/4112 460/4113/4113
f 1180/4114/4114 937/4115/4115 745/4116/4116
f 1155/4117/4117 283/4118/4118 745/4119/4119
f 944/4120/4120 226/4121/4121 630/4122/4122
f 938/4123/4123 223/4124/4124 226/4125/4125
f 1226/4126/4126 162/4127/4127 800/4128/4128
f 875/4129/4129 939/4130/4130 437/4131/4131
f 437/4132/4132 939/4133/4133 951/4134/4134
f 632/4135/4135 941/4136/4136 272/4137/4137
f 340/4138/4138 941/4139/4139 632/4140/4140
f 790/4141/4141 942/4142/4142 926/4143/4143
f 926/4144/4144 942/4145/4145 512/4146/4146
f 633/4147/4147 767/4148/4148 943/4149/4149
f 88/4150/4150 943/4151/4151 823/4152/4152
f 31/4153/4153 392/4154/4154 945/4155/4155
f 463/4156/4156 88/4157/4157 946/4158/4158
f 950/4159/4159 120/4160/4160 311/4161/4161
f 1166/4162/4162 950/4163/4163 1227/4164/4164
f 718/4165/4165 431/4166/4166 876/4167/4167
f 876/4168/4168 431/4169/4169 282/4170/4170
f 83/4171/4171 786/4172/4172 948/4173/4173
f 1016/4174/4174 948/4175/4175 1026/4176/4176
f 734/4177/4177 255/4178/4178 949/4179/4179
f 1137/4180/4180 377/4181/4181 461/4182/4182
f 992/4183/4183 1267/4184/4184 1225/4185/4185
f 225/4186/4186 1178/4187/4187 352/4188/4188
f 875/4189/4189 346/4190/4190 951/4191/4191
f 950/4192/4192 1178/4193/4193 838/4194/4194
f 1267/4195/4195 1178/4196/4196 1225/4197/4197
f 452/4198/4198 358/4199/4199 952/4200/4200
f 1113/4201/4201 515/4202/4202 953/4203/4203
f 488/4204/4204 696/4205/4205 954/4206/4206
f 137/4207/4207 954/4208/4208 696/4209/4209
f 583/4210/4210 395/4211/4211 955/4212/4212
f 955/4213/4213 589/4214/4214 583/4215/4215
f 957/4216/4216 600/4217/4217 430/4218/4218
f 958/4219/4219 715/4220/4220 835/4221/4221
f 32/4222/4222 501/4223/4223 917/4224/4224
f 568/4225/4225 959/4226/4226 573/4227/4227
f 472/4228/4228 959/4229/4229 568/4230/4230
f 300/4231/4231 158/4232/4232 960/4233/4233
f 182/4234/4234 961/4235/4235 1213/4236/4236
f 961/4237/4237 507/4238/4238 220/4239/4239
f 1132/4240/4240 962/4241/4241 390/4242/4242
f 910/4243/4243 963/4244/4244 912/4245/4245
f 963/4246/4246 904/4247/4247 912/4248/4248
f 679/4249/4249 122/4250/4250 964/4251/4251
f 122/4252/4252 1163/4253/4253 964/4254/4254
f 1213/4255/4255 220/4256/4256 768/4257/4257
f 1213/4258/4258 961/4259/4259 220/4260/4260
f 965/4261/4261 1080/4262/4262 194/4263/4263
f 194/4264/4264 196/4265/4265 965/4266/4266
f 966/4267/4267 71/4268/4268 574/4269/4269
f 801/4270/4270 319/4271/4271 967/4272/4272
f 801/4273/4273 967/4274/4274 131/4275/4275
f 250/4276/4276 871/4277/4277 968/4278/4278
f 969/4279/4279 369/4280/4280 1174/4281/4281
f 969/4282/4282 1174/4283/4283 74/4284/4284
f 96/4285/4285 667/4286/4286 970/4287/4287
f 400/4288/4288 96/4289/4289 970/4290/4290
f 738/4291/4291 895/4292/4292 227/4293/4293
f 688/4294/4294 214/4295/4295 67/4296/4296
f 1243/4297/4297 975/4298/4298 1088/4299/4299
f 135/4300/4300 976/4301/4301 544/4302/4302
f 976/4303/4303 1120/4304/4304 857/4305/4305
f 640/4306/4306 499/4307/4307 977/4308/4308
f 640/4309/4309 977/4310/4310 103/4311/4311
f 910/4312/4312 980/4313/4313 77/4314/4314
f 980/4315/4315 616/4316/4316 77/4317/4317
f 456/4318/4318 1212/4319/4319 298/4320/4320
f 978/4321/4321 377/4322/4322 681/4323/4323
f 404/4324/4324 1038/4325/4325 982/4326/4326
f 453/4327/4327 983/4328/4328 1055/4329/4329
f 1243/4330/4330 654/4331/4331 975/4332/4332
f 654/4333/4333 141/4334/4334 975/4335/4335
f 984/4336/4336 365/4337/4337 357/4338/4338
f 221/4339/4339 261/4340/4340 26/4341/4341
f 985/4342/4342 555/4343/4343 301/4344/4344
f 808/4345/4345 555/4346/4346 985/4347/4347
f 608/4348/4348 193/4349/4349 37/4350/4350
f 37/4351/4351 193/4352/4352 135/4353/4353
f 753/4354/4354 508/4355/4355 85/4356/4356
f 987/4357/4357 47/4358/4358 900/4359/4359
f 334/4360/4360 987/4361/4361 900/4362/4362
f 988/4363/4363 732/4364/4364 758/4365/4365
f 1025/4366/4366 988/4367/4367 758/4368/4368
f 1260/4369/4369 989/4370/4370 834/4371/4371
f 1139/4372/4372 274/4373/4373 115/4374/4374
f 990/4375/4375 743/4376/4376 1100/4377/4377
f 990/4378/4378 667/4379/4379 743/4380/4380
f 476/4381/4381 446/4382/4382 1198/4383/4383
f 556/4384/4384 494/4385/4385 200/4386/4386
f 199/4387/4387 610/4388/4388 992/4389/4389
f 199/4390/4390 992/4391/4391 531/4392/4392
f 1181/4393/4393 841/4394/4394 344/4395/4395
f 1181/4396/4396 344/4397/4397 870/4398/4398
f 707/4399/4399 309/4400/4400 40/4401/4401
f 843/4402/4402 919/4403/4403 466/4404/4404
f 593/4405/4405 309/4406/4406 1017/4407/4407
f 996/4408/4408 628/4409/4409 299/4410/4410
f 851/4411/4411 996/4412/4412 299/4413/4413
f 588/4414/4414 997/4415/4415 462/4416/4416
f 73/4417/4417 997/4418/4418 588/4419/4419
f 1211/4420/4420 506/4421/4421 865/4422/4422
f 23/4423/4423 1245/4424/4424 255/4425/4425
f 191/4426/4426 998/4427/4427 710/4428/4428
f 998/4429/4429 191/4430/4430 942/4431/4431
f 149/4432/4432 1001/4433/4433 1161/4434/4434
f 633/4435/4435 629/4436/4436 1002/4437/4437
f 1002/4438/4438 291/4439/4439 767/4440/4440
f 629/4441/4441 291/4442/4442 1002/4443/4443
f 1003/4444/4444 503/4445/4445 154/4446/4446
f 25/4447/4447 1007/4448/4448 1005/4449/4449
f 1005/4450/4450 1007/4451/4451 251/4452/4452
f 613/4453/4453 304/4454/4454 145/4455/4455
f 757/4456/4456 613/4457/4457 145/4458/4458
f 966/4459/4459 1038/4460/4460 1006/4461/4461
f 1008/4462/4462 184/4463/4463 79/4464/4464
f 79/4465/4465 1004/4466/4466 1008/4467/4467
f 883/4468/4468 678/4469/4469 1020/4470/4470
f 1009/4471/4471 1060/4472/4472 390/4473/4473
f 690/4474/4474 816/4475/4475 1010/4476/4476
f 690/4477/4477 1010/4478/4478 910/4479/4479
f 833/4480/4480 188/4481/4481 1011/4482/4482
f 263/4483/4483 609/4484/4484 540/4485/4485
f 658/4486/4486 1012/4487/4487 147/4488/4488
f 58/4489/4489 270/4490/4490 763/4491/4491
f 302/4492/4492 907/4493/4493 141/4494/4494
f 1105/4495/4495 907/4496/4496 302/4497/4497
f 191/4498/4498 703/4499/4499 284/4500/4500
f 1013/4501/4501 428/4502/4502 1175/4503/4503
f 137/4504/4504 1015/4505/4505 922/4506/4506
f 948/4507/4507 1016/4508/4508 38/4509/4509
f 1017/4510/4510 1192/4511/4511 593/4512/4512
f 1018/4513/4513 275/4514/4514 783/4515/4515
f 1018/4516/4516 783/4517/4517 72/4518/4518
f 555/4519/4519 706/4520/4520 362/4521/4521
f 362/4522/4522 706/4523/4523 830/4524/4524
f 1157/4525/4525 350/4526/4526 823/4527/4527
f 1191/4528/4528 552/4529/4529 1021/4530/4530
f 552/4531/4531 1247/4532/4532 1021/4533/4533
f 678/4534/4534 785/4535/4535 183/4536/4536
f 1189/4537/4537 183/4538/4538 335/4539/4539
f 569/4540/4540 167/4541/4541 1023/4542/4542
f 1023/4543/4543 167/4544/4544 484/4545/4545
f 25/4546/4546 1005/4547/4547 347/4548/4548
f 833/4549/4549 887/4550/4550 188/4551/4551
f 519/4552/4552 278/4553/4553 1024/4554/4554
f 25/4555/4555 347/4556/4556 26/4557/4557
f 948/4558/4558 786/4559/4559 1026/4560/4560
f 786/4561/4561 1016/4562/4562 1026/4563/4563
f 1027/4564/4564 168/4565/4565 400/4566/4566
f 822/4567/4567 1253/4568/4568 746/4569/4569
f 370/4570/4570 1022/4571/4571 812/4572/4572
f 203/4573/4573 244/4574/4574 1029/4575/4575
f 1029/4576/4576 244/4577/4577 874/4578/4578
f 1235/4579/4579 1030/4580/4580 836/4581/4581
f 831/4582/4582 836/4583/4583 1030/4584/4584
f 684/4585/4585 862/4586/4586 884/4587/4587
f 1097/4588/4588 94/4589/4589 1032/4590/4590
f 54/4591/4591 1088/4592/4592 564/4593/4593
f 439/4594/4594 1034/4595/4595 468/4596/4596
f 1006/4597/4597 87/4598/4598 1034/4599/4599
f 268/4600/4600 455/4601/4601 649/4602/4602
f 600/4603/4603 455/4604/4604 268/4605/4605
f 439/4606/4606 1006/4607/4607 1034/4608/4608
f 855/4609/4609 1036/4610/4610 185/4611/4611
f 930/4612/4612 185/4613/4613 1036/4614/4614
f 455/4615/4615 995/4616/4616 1215/4617/4617
f 87/4618/4618 1006/4619/4619 1038/4620/4620
f 1038/4621/4621 404/4622/4622 87/4623/4623
f 437/4624/4624 207/4625/4625 1039/4626/4626
f 207/4627/4627 1106/4628/4628 1039/4629/4629
f 1040/4630/4630 281/4631/4631 414/4632/4632
f 1190/4633/4633 1040/4634/4634 1086/4635/4635
f 1042/4636/4636 267/4637/4637 166/4638/4638
f 153/4639/4639 306/4640/4640 1099/4641/4641
f 1041/4642/4642 86/4643/4643 1254/4644/4644
f 1041/4645/4645 477/4646/4646 86/4647/4647
f 639/4648/4648 5/4649/4649 1118/4650/4650
f 1117/4651/4651 670/4652/4652 1042/4653/4653
f 214/4654/4654 983/4655/4655 1043/4656/4656
f 433/4657/4657 625/4658/4658 1044/4659/4659
f 625/4660/4660 1005/4661/4661 1044/4662/4662
f 580/4663/4663 106/4664/4664 315/4665/4665
f 983/4666/4666 1046/4667/4667 807/4668/4668
f 671/4669/4669 1082/4670/4670 1047/4671/4671
f 671/4672/4672 1047/4673/4673 805/4674/4674
f 627/4675/4675 1048/4676/4676 899/4677/4677
f 339/4678/4678 562/4679/4679 874/4680/4680
f 874/4681/4681 562/4682/4682 902/4683/4683
f 1040/4684/4684 789/4685/4685 38/4686/4686
f 1040/4687/4687 38/4688/4688 1016/4689/4689
f 1053/4690/4690 204/4691/4691 705/4692/4692
f 705/4693/4693 401/4694/4694 1053/4695/4695
f 818/4696/4696 104/4697/4697 1056/4698/4698
f 51/4699/4699 1054/4700/4700 1125/4701/4701
f 759/4702/4702 1054/4703/4703 51/4704/4704
f 143/4705/4705 1182/4706/4706 416/4707/4707
f 1182/4708/4708 230/4709/4709 416/4710/4710
f 903/4711/4711 764/4712/4712 456/4713/4713
f 102/4714/4714 1167/4715/4715 1057/4716/4716
f 598/4717/4717 1059/4718/4718 232/4719/4719
f 97/4720/4720 733/4721/4721 265/4722/4722
f 88/4723/4723 887/4724/4724 633/4725/4725
f 943/4726/4726 88/4727/4727 633/4728/4728
f 1060/4729/4729 1103/4730/4730 728/4731/4731
f 307/4732/4732 1061/4733/4733 619/4734/4734
f 26/4735/4735 1066/4736/4736 1062/4737/4737
f 26/4738/4738 1062/4739/4739 434/4740/4740
f 542/4741/4741 421/4742/4742 1064/4743/4743
f 1063/4744/4744 262/4745/4745 412/4746/4746
f 70/4747/4747 1084/4748/4748 549/4749/4749
f 622/4750/4750 549/4751/4751 134/4752/4752
f 442/4753/4753 92/4754/4754 991/4755/4755
f 991/4756/4756 305/4757/4757 442/4758/4758
f 725/4759/4759 37/4760/4760 956/4761/4761
f 725/4762/4762 956/4763/4763 1089/4764/4764
f 70/4765/4765 549/4766/4766 622/4767/4767
f 336/4768/4768 70/4769/4769 622/4770/4770
f 692/4771/4771 783/4772/4772 487/4773/4773
f 261/4774/4774 494/4775/4775 1066/4776/4776
f 235/4777/4777 1224/4778/4778 614/4779/4779
f 201/4780/4780 1068/4781/4781 234/4782/4782
f 1202/4783/4783 80/4784/4784 201/4785/4785
f 1059/4786/4786 128/4787/4787 1069/4788/4788
f 183/4789/4789 526/4790/4790 1193/4791/4791
f 728/4792/4792 492/4793/4793 479/4794/4794
f 27/4795/4795 467/4796/4796 1071/4797/4797
f 467/4798/4798 235/4799/4799 1076/4800/4800
f 920/4801/4801 1142/4802/4802 1072/4803/4803
f 936/4804/4804 1072/4805/4805 1142/4806/4806
f 526/4807/4807 375/4808/4808 1073/4809/4809
f 1075/4810/4810 775/4811/4811 317/4812/4812
f 48/4813/4813 1071/4814/4814 1076/4815/4815
f 517/4816/4816 343/4817/4817 1077/4818/4818
f 686/4819/4819 117/4820/4820 17/4821/4821
f 492/4822/4822 486/4823/4823 1078/4824/4824
f 1078/4825/4825 486/4826/4826 1003/4827/4827
f 995/4828/4828 232/4829/4829 754/4830/4830
f 1259/4831/4831 232/4832/4832 995/4833/4833
f 972/4834/4834 405/4835/4835 1174/4836/4836
f 940/4837/4837 1080/4838/4838 740/4839/4839
f 159/4840/4840 354/4841/4841 578/4842/4842
f 1080/4843/4843 1081/4844/4844 740/4845/4845
f 423/4846/4846 740/4847/4847 1081/4848/4848
f 902/4849/4849 1082/4850/4850 59/4851/4851
f 208/4852/4852 1177/4853/4853 211/4854/4854
f 901/4855/4855 279/4856/4856 304/4857/4857
f 993/4858/4858 311/4859/4859 120/4860/4860
f 426/4861/4861 883/4862/4862 71/4863/4863
f 883/4864/4864 1020/4865/4865 71/4866/4866
f 409/4867/4867 1258/4868/4868 1264/4869/4869
f 1086/4870/4870 229/4871/4871 1083/4872/4872
f 120/4873/4873 1086/4874/4874 1083/4875/4875
f 549/4876/4876 1084/4877/4877 139/4878/4878
f 139/4879/4879 1084/4880/4880 1135/4881/4881
f 1230/4882/4882 1085/4883/4883 131/4884/4884
f 484/4885/4885 695/4886/4886 1023/4887/4887
f 110/4888/4888 852/4889/4889 383/4890/4890
f 567/4891/4891 1087/4892/4892 664/4893/4893
f 1088/4894/4894 54/4895/4895 1243/4896/4896
f 316/4897/4897 617/4898/4898 243/4899/4899
f 620/4900/4900 85/4901/4901 665/4902/4902
f 665/4903/4903 657/4904/4904 620/4905/4905
f 662/4906/4906 665/4907/4907 224/4908/4908
f 765/4909/4909 280/4910/4910 509/4911/4911
f 765/4912/4912 509/4913/4913 770/4914/4914
f 344/4915/4915 841/4916/4916 248/4917/4917
f 876/4918/4918 638/4919/4919 972/4920/4920
f 605/4921/4921 56/4922/4922 197/4923/4923
f 996/4924/4924 1091/4925/4925 594/4926/4926
f 1091/4927/4927 878/4928/4928 1231/4929/4929
f 142/4930/4930 86/4931/4931 932/4932/4932
f 142/4933/4933 932/4934/4934 813/4935/4935
f 113/4936/4936 166/4937/4937 1092/4938/4938
f 1253/4939/4939 113/4940/4940 1223/4941/4941
f 779/4942/4942 1074/4943/4943 170/4944/4944
f 1206/4945/4945 810/4946/4946 36/4947/4947
f 442/4948/4948 624/4949/4949 1065/4950/4950
f 1094/4951/4951 884/4952/4952 82/4953/4953
f 78/4954/4954 82/4955/4955 1187/4956/4956
f 82/4957/4957 1228/4958/4958 1094/4959/4959
f 1228/4960/4960 1233/4961/4961 1094/4962/4962
f 263/4963/4963 432/4964/4964 1152/4965/4965
f 263/4966/4966 540/4967/4967 432/4968/4968
f 1100/4969/4969 743/4970/4970 1095/4971/4971
f 408/4972/4972 567/4973/4973 653/4974/4974
f 209/4975/4975 388/4976/4976 1096/4977/4977
f 1097/4978/4978 1032/4979/4979 879/4980/4980
f 1097/4981/4981 879/4982/4982 296/4983/4983
f 1098/4984/4984 291/4985/4985 144/4986/4986
f 66/4987/4987 1099/4988/4988 306/4989/4989
f 794/4990/4990 1250/4991/4991 1185/4992/4992
f 1101/4993/4993 794/4994/4994 1147/4995/4995
f 803/4996/4996 187/4997/4997 287/4998/4998
f 187/4999/4999 803/5000/5000 608/5001/5001
f 702/5002/5002 1102/5003/5003 177/5004/5004
f 940/5005/5005 648/5006/5006 1080/5007/5007
f 705/5008/5008 204/5009/5009 295/5010/5010
f 204/5011/5011 772/5012/5012 504/5013/5013
f 204/5014/5014 504/5015/5015 295/5016/5016
f 140/5017/5017 295/5018/5018 504/5019/5019
f 1130/5020/5020 1053/5021/5021 777/5022/5022
f 632/5023/5023 141/5024/5024 1105/5025/5025
f 742/5026/5026 500/5027/5027 26/5028/5028
f 273/5029/5029 339/5030/5030 796/5031/5031
f 696/5032/5032 704/5033/5033 984/5034/5034
f 202/5035/5035 1072/5036/5036 1106/5037/5037
f 202/5038/5038 1106/5039/5039 207/5040/5040
f 286/5041/5041 520/5042/5042 962/5043/5043
f 1107/5044/5044 553/5045/5045 396/5046/5046
f 807/5047/5047 1108/5048/5048 1113/5049/5049
f 807/5050/5050 933/5051/5051 1108/5052/5052
f 48/5053/5053 1076/5054/5054 628/5055/5055
f 628/5056/5056 594/5057/5057 48/5058/5058
f 361/5059/5059 1109/5060/5060 973/5061/5061
f 1110/5062/5062 1029/5063/5063 637/5064/5064
f 915/5065/5065 1111/5066/5066 23/5067/5067
f 698/5068/5068 1112/5069/5069 987/5070/5070
f 698/5071/5071 622/5072/5072 1112/5073/5073
f 804/5074/5074 621/5075/5075 515/5076/5076
f 654/5077/5077 1192/5078/5078 141/5079/5079
f 412/5080/5080 548/5081/5081 676/5082/5082
f 1063/5083/5083 412/5084/5084 676/5085/5085
f 1044/5086/5086 1116/5087/5087 433/5088/5088
f 493/5089/5089 994/5090/5090 328/5091/5091
f 469/5092/5092 994/5093/5093 493/5094/5094
f 847/5095/5095 133/5096/5096 262/5097/5097
f 620/5098/5098 894/5099/5099 85/5100/5100
f 894/5101/5101 620/5102/5102 833/5103/5103
f 1121/5104/5104 791/5105/5105 376/5106/5106
f 135/5107/5107 1120/5108/5108 976/5109/5109
f 1121/5110/5110 376/5111/5111 851/5112/5112
f 294/5113/5113 903/5114/5114 19/5115/5115
f 840/5116/5116 294/5117/5117 19/5118/5118
f 1118/5119/5119 1077/5120/5120 185/5121/5121
f 212/5122/5122 693/5123/5123 778/5124/5124
f 1122/5125/5125 524/5126/5126 1206/5127/5127
f 116/5128/5128 1259/5129/5129 788/5130/5130
f 116/5131/5131 232/5132/5132 1259/5133/5133
f 133/5134/5134 847/5135/5135 1124/5136/5136
f 1125/5137/5137 150/5138/5138 51/5139/5139
f 430/5140/5140 210/5141/5141 1160/5142/5142
f 326/5143/5143 902/5144/5144 59/5145/5145
f 1060/5146/5146 479/5147/5147 390/5148/5148
f 174/5149/5149 1100/5150/5150 1127/5151/5151
f 895/5152/5152 567/5153/5153 1127/5154/5154
f 487/5155/5155 783/5156/5156 96/5157/5157
f 1128/5158/5158 1141/5159/5159 947/5160/5160
f 99/5161/5161 527/5162/5162 1128/5163/5163
f 847/5164/5164 1129/5165/5165 545/5166/5166
f 777/5167/5167 542/5168/5168 1130/5169/5169
f 1132/5170/5170 286/5171/5171 962/5172/5172
f 412/5173/5173 262/5174/5174 1085/5175/5175
f 1134/5176/5176 635/5177/5177 93/5178/5178
f 1136/5179/5179 886/5180/5180 566/5181/5181
f 1136/5182/5182 935/5183/5183 886/5184/5184
f 460/5185/5185 775/5186/5186 24/5187/5187
f 194/5188/5188 1080/5189/5189 648/5190/5190
f 734/5191/5191 377/5192/5192 1137/5193/5193
f 1167/5194/5194 1138/5195/5195 1057/5196/5196
f 1138/5197/5197 989/5198/5198 1057/5199/5199
f 442/5200/5200 1065/5201/5201 522/5202/5202
f 388/5203/5203 153/5204/5204 771/5205/5205
f 240/5206/5206 607/5207/5207 1140/5208/5208
f 161/5209/5209 438/5210/5210 217/5211/5211
f 701/5212/5212 694/5213/5213 541/5214/5214
f 541/5215/5215 694/5216/5216 766/5217/5217
f 284/5218/5218 337/5219/5219 191/5220/5220
f 1220/5221/5221 936/5222/5222 1142/5223/5223
f 1142/5224/5224 920/5225/5225 700/5226/5226
f 337/5227/5227 284/5228/5228 560/5229/5229
f 229/5230/5230 513/5231/5231 646/5232/5232
f 1032/5233/5233 98/5234/5234 1089/5235/5235
f 1143/5236/5236 1134/5237/5237 93/5238/5238
f 1144/5239/5239 177/5240/5240 237/5241/5241
f 177/5242/5242 1144/5243/5243 702/5244/5244
f 336/5245/5245 622/5246/5246 698/5247/5247
f 646/5248/5248 1090/5249/5249 429/5250/5250
f 634/5251/5251 1035/5252/5252 553/5253/5253
f 877/5254/5254 595/5255/5255 637/5256/5256
f 681/5257/5257 377/5258/5258 949/5259/5259
f 734/5260/5260 949/5261/5261 377/5262/5262
f 1114/5263/5263 1248/5264/5264 1146/5265/5265
f 730/5266/5266 1194/5267/5267 166/5268/5268
f 846/5269/5269 1047/5270/5270 1082/5271/5271
f 666/5272/5272 846/5273/5273 1082/5274/5274
f 523/5275/5275 131/5276/5276 462/5277/5277
f 166/5278/5278 267/5279/5279 730/5280/5280
f 334/5281/5281 486/5282/5282 728/5283/5283
f 824/5284/5284 1037/5285/5285 593/5286/5286
f 812/5287/5287 648/5288/5288 66/5289/5289
f 626/5290/5290 1011/5291/5291 753/5292/5292
f 1011/5293/5293 188/5294/5294 753/5295/5295
f 1148/5296/5296 146/5297/5297 1255/5298/5298
f 754/5299/5299 146/5300/5300 1148/5301/5301
f 496/5302/5302 1149/5303/5303 233/5304/5304
f 603/5305/5305 1149/5306/5306 496/5307/5307
f 368/5308/5308 1150/5309/5309 798/5310/5310
f 1225/5311/5311 1178/5312/5312 950/5313/5313
f 1151/5314/5314 125/5315/5315 149/5316/5316
f 800/5317/5317 103/5318/5318 1151/5319/5319
f 871/5320/5320 1067/5321/5321 99/5322/5322
f 103/5323/5323 977/5324/5324 125/5325/5325
f 1151/5326/5326 103/5327/5327 125/5328/5328
f 1000/5329/5329 644/5330/5330 382/5331/5331
f 316/5332/5332 425/5333/5333 766/5334/5334
f 536/5335/5335 342/5336/5336 1012/5337/5337
f 283/5338/5338 50/5339/5339 1153/5340/5340
f 1154/5341/5341 91/5342/5342 853/5343/5343
f 924/5344/5344 417/5345/5345 293/5346/5346
f 482/5347/5347 490/5348/5348 892/5349/5349
f 1271/5350/5350 1211/5351/5351 865/5352/5352
f 605/5353/5353 197/5354/5354 1211/5355/5355
f 358/5356/5356 769/5357/5357 731/5358/5358
f 358/5359/5359 470/5360/5360 769/5361/5361
f 1156/5362/5362 406/5363/5363 309/5364/5364
f 29/5365/5365 570/5366/5366 751/5367/5367
f 570/5368/5368 270/5369/5369 751/5370/5370
f 350/5371/5371 1157/5372/5372 679/5373/5373
f 719/5374/5374 1158/5375/5375 260/5376/5376
f 793/5377/5377 249/5378/5378 647/5379/5379
f 793/5380/5380 791/5381/5381 249/5382/5382
f 845/5383/5383 1176/5384/5384 634/5385/5385
f 681/5386/5386 255/5387/5387 1268/5388/5388
f 215/5389/5389 1268/5390/5390 1245/5391/5391
f 1016/5392/5392 80/5393/5393 513/5394/5394
f 720/5395/5395 583/5396/5396 589/5397/5397
f 293/5398/5398 720/5399/5399 589/5400/5400
f 471/5401/5401 333/5402/5402 529/5403/5403
f 333/5404/5404 471/5405/5405 123/5406/5406
f 111/5407/5407 957/5408/5408 116/5409/5409
f 135/5410/5410 193/5411/5411 1120/5412/5412
f 1120/5413/5413 193/5414/5414 994/5415/5415
f 921/5416/5416 585/5417/5417 257/5418/5418
f 240/5419/5419 99/5420/5420 607/5421/5421
f 947/5422/5422 1140/5423/5423 607/5424/5424
f 1160/5425/5425 957/5426/5426 430/5427/5427
f 770/5428/5428 837/5429/5429 1161/5430/5430
f 295/5431/5431 848/5432/5432 705/5433/5433
f 538/5434/5434 880/5435/5435 93/5436/5436
f 93/5437/5437 880/5438/5438 758/5439/5439
f 40/5440/5440 593/5441/5441 434/5442/5442
f 1162/5443/5443 451/5444/5444 449/5445/5445
f 1162/5446/5446 449/5447/5447 500/5448/5448
f 800/5449/5449 837/5450/5450 1226/5451/5451
f 901/5452/5452 613/5453/5453 1145/5454/5454
f 364/5455/5455 189/5456/5456 474/5457/5457
f 378/5458/5458 1167/5459/5459 102/5460/5460
f 1168/5461/5461 891/5462/5462 415/5463/5463
f 1168/5464/5464 928/5465/5465 891/5466/5466
f 641/5467/5467 481/5468/5468 547/5469/5469
f 641/5470/5470 922/5471/5471 481/5472/5472
f 114/5473/5473 458/5474/5474 473/5475/5475
f 1235/5476/5476 269/5477/5477 1169/5478/5478
f 1169/5479/5479 1170/5480/5480 1030/5481/5481
f 1242/5482/5482 645/5483/5483 561/5484/5484
f 884/5485/5485 157/5486/5486 906/5487/5487
f 906/5488/5488 82/5489/5489 884/5490/5490
f 269/5491/5491 1170/5492/5492 1169/5493/5493
f 326/5494/5494 671/5495/5495 946/5496/5496
f 671/5497/5497 805/5498/5498 946/5499/5499
f 1171/5500/5500 584/5501/5501 550/5502/5502
f 457/5503/5503 584/5504/5504 1171/5505/5505
f 85/5506/5506 894/5507/5507 626/5508/5508
f 848/5509/5509 1172/5510/5510 274/5511/5511
f 501/5512/5512 1123/5513/5513 917/5514/5514
f 1019/5515/5515 151/5516/5516 869/5517/5517
f 490/5518/5518 1173/5519/5519 892/5520/5520
f 1014/5521/5521 248/5522/5522 57/5523/5523
f 1019/5524/5524 869/5525/5525 253/5526/5526
f 1050/5527/5527 388/5528/5528 771/5529/5529
f 1175/5530/5530 776/5531/5531 252/5532/5532
f 1013/5533/5533 1175/5534/5534 252/5535/5535
f 370/5536/5536 818/5537/5537 1056/5538/5538
f 300/5539/5539 962/5540/5540 49/5541/5541
f 512/5542/5542 1229/5543/5543 1159/5544/5544
f 418/5545/5545 554/5546/5546 1025/5547/5547
f 1104/5548/5548 1176/5549/5549 426/5550/5550
f 1049/5551/5551 46/5552/5552 563/5553/5553
f 924/5554/5554 293/5555/5555 1176/5556/5556
f 1176/5557/5557 293/5558/5558 426/5559/5559
f 772/5560/5560 1129/5561/5561 435/5562/5562
f 504/5563/5563 772/5564/5564 435/5565/5565
f 573/5566/5566 317/5567/5567 795/5568/5568
f 225/5569/5569 1266/5570/5570 1178/5571/5571
f 1178/5572/5572 1266/5573/5573 838/5574/5574
f 1042/5575/5575 670/5576/5576 267/5577/5577
f 398/5578/5578 1140/5579/5579 872/5580/5580
f 1140/5581/5581 398/5582/5582 533/5583/5583
f 553/5584/5584 1035/5585/5585 396/5586/5586
f 417/5587/5587 720/5588/5588 293/5589/5589
f 914/5590/5590 119/5591/5591 109/5592/5592
f 109/5593/5593 119/5594/5594 563/5595/5595
f 532/5596/5596 935/5597/5597 381/5598/5598
f 369/5599/5599 876/5600/5600 972/5601/5601
f 718/5602/5602 876/5603/5603 369/5604/5604
f 562/5605/5605 450/5606/5606 723/5607/5607
f 802/5608/5608 450/5609/5609 562/5610/5610
f 1179/5611/5611 35/5612/5612 685/5613/5613
f 313/5614/5614 656/5615/5615 813/5616/5616
f 973/5617/5617 224/5618/5618 665/5619/5619
f 973/5620/5620 806/5621/5621 224/5622/5622
f 1030/5623/5623 1180/5624/5624 745/5625/5625
f 1180/5626/5626 1030/5627/5627 373/5628/5628
f 890/5629/5629 771/5630/5630 153/5631/5631
f 56/5632/5632 605/5633/5633 1031/5634/5634
f 605/5635/5635 619/5636/5636 1031/5637/5637
f 860/5638/5638 727/5639/5639 733/5640/5640
f 763/5641/5641 901/5642/5642 1145/5643/5643
f 108/5644/5644 1028/5645/5645 822/5646/5646
f 45/5647/5647 1136/5648/5648 1181/5649/5649
f 515/5650/5650 1113/5651/5651 804/5652/5652
f 215/5653/5653 16/5654/5654 13/5655/5655
f 566/5656/5656 1181/5657/5657 1136/5658/5658
f 240/5659/5659 1140/5660/5660 1149/5661/5661
f 925/5662/5662 39/5663/5663 799/5664/5664
f 925/5665/5665 799/5666/5666 889/5667/5667
f 1055/5668/5668 1182/5669/5669 453/5670/5670
f 1079/5671/5671 368/5672/5672 182/5673/5673
f 1055/5674/5674 983/5675/5675 214/5676/5676
f 343/5677/5677 1184/5678/5678 511/5679/5679
f 572/5680/5680 1023/5681/5681 228/5682/5682
f 1003/5683/5683 154/5684/5684 1078/5685/5685
f 252/5686/5686 225/5687/5687 1052/5688/5688
f 1052/5689/5689 1013/5690/5690 252/5691/5691
f 1016/5692/5692 786/5693/5693 80/5694/5694
f 1095/5695/5695 81/5696/5696 617/5697/5697
f 182/5698/5698 846/5699/5699 1079/5700/5700
f 158/5701/5701 300/5702/5702 49/5703/5703
f 1185/5704/5704 512/5705/5705 1249/5706/5706
f 861/5707/5707 1123/5708/5708 310/5709/5709
f 639/5710/5710 1118/5711/5711 440/5712/5712
f 886/5713/5713 1036/5714/5714 855/5715/5715
f 78/5716/5716 1187/5717/5717 906/5718/5718
f 554/5719/5719 418/5720/5720 1188/5721/5721
f 1188/5722/5722 418/5723/5723 598/5724/5724
f 1257/5725/5725 904/5726/5726 672/5727/5727
f 1096/5728/5728 29/5729/5729 751/5730/5730
f 388/5731/5731 29/5732/5732 1096/5733/5733
f 744/5734/5734 672/5735/5735 254/5736/5736
f 686/5737/5737 17/5738/5738 273/5739/5739
f 188/5740/5740 697/5741/5741 1119/5742/5742
f 608/5743/5743 328/5744/5744 193/5745/5745
f 495/5746/5746 658/5747/5747 147/5748/5748
f 1233/5749/5749 422/5750/5750 575/5751/5751
f 219/5752/5752 807/5753/5753 1113/5754/5754
f 495/5755/5755 147/5756/5756 1103/5757/5757
f 1133/5758/5758 311/5759/5759 993/5760/5760
f 311/5761/5761 1133/5762/5762 1241/5763/5763
f 33/5764/5764 228/5765/5765 1109/5766/5766
f 577/5767/5767 215/5768/5768 13/5769/5769
f 1190/5770/5770 414/5771/5771 281/5772/5772
f 281/5773/5773 1040/5774/5774 1190/5775/5775
f 970/5776/5776 582/5777/5777 974/5778/5778
f 1031/5779/5779 619/5780/5780 1061/5781/5781
f 146/5782/5782 413/5783/5783 1255/5784/5784
f 635/5785/5785 365/5786/5786 984/5787/5787
f 365/5788/5788 635/5789/5789 1134/5790/5790
f 203/5791/5791 1029/5792/5792 1110/5793/5793
f 109/5794/5794 524/5795/5795 1122/5796/5796
f 828/5797/5797 609/5798/5798 351/5799/5799
f 609/5800/5800 263/5801/5801 351/5802/5802
f 891/5803/5803 660/5804/5804 148/5805/5805
f 891/5806/5806 493/5807/5807 660/5808/5808
f 985/5809/5809 355/5810/5810 808/5811/5811
f 659/5812/5812 24/5813/5813 367/5814/5814
f 64/5815/5815 552/5816/5816 1191/5817/5817
f 1065/5818/5818 428/5819/5819 522/5820/5820
f 141/5821/5821 1192/5822/5822 302/5823/5823
f 1006/5824/5824 439/5825/5825 1035/5826/5826
f 1146/5827/5827 1194/5828/5828 297/5829/5829
f 1248/5830/5830 1194/5831/5831 1146/5832/5832
f 798/5833/5833 979/5834/5834 792/5835/5835
f 730/5836/5836 1195/5837/5837 1194/5838/5838
f 730/5839/5839 267/5840/5840 1058/5841/5841
f 979/5842/5842 746/5843/5843 792/5844/5844
f 649/5845/5845 444/5846/5846 150/5847/5847
f 1115/5848/5848 294/5849/5849 128/5850/5850
f 334/5851/5851 900/5852/5852 1003/5853/5853
f 1252/5854/5854 1092/5855/5855 513/5856/5856
f 1197/5857/5857 62/5858/5858 759/5859/5859
f 306/5860/5860 104/5861/5861 818/5862/5862
f 1199/5863/5863 661/5864/5864 936/5865/5865
f 661/5866/5866 1199/5867/5867 353/5868/5868
f 932/5869/5869 1199/5870/5870 1200/5871/5871
f 813/5872/5872 932/5873/5873 1200/5874/5874
f 835/5875/5875 1172/5876/5876 958/5877/5877
f 1202/5878/5878 1201/5879/5879 220/5880/5880
f 527/5881/5881 81/5882/5882 275/5883/5883
f 909/5884/5884 397/5885/5885 1090/5886/5886
f 243/5887/5887 968/5888/5888 484/5889/5889
f 250/5890/5890 968/5891/5891 243/5892/5892
f 127/5893/5893 552/5894/5894 1164/5895/5895
f 684/5896/5896 575/5897/5897 1125/5898/5898
f 1094/5899/5899 575/5900/5900 684/5901/5901
f 857/5902/5902 917/5903/5903 916/5904/5904
f 857/5905/5905 32/5906/5906 917/5907/5907
f 439/5908/5908 898/5909/5909 1035/5910/5910
f 211/5911/5911 637/5912/5912 208/5913/5913
f 457/5914/5914 1114/5915/5915 118/5916/5916
f 486/5917/5917 492/5918/5918 728/5919/5919
f 520/5920/5920 49/5921/5921 962/5922/5922
f 520/5923/5923 592/5924/5924 49/5925/5925
f 868/5926/5926 89/5927/5927 1045/5928/5928
f 614/5929/5929 114/5930/5930 473/5931/5931
f 614/5932/5932 762/5933/5933 114/5934/5934
f 739/5935/5935 1045/5936/5936 510/5937/5937
f 510/5938/5938 1045/5939/5939 89/5940/5940
f 353/5941/5941 1205/5942/5942 1073/5943/5943
f 1205/5944/5944 353/5945/5945 477/5946/5946
f 386/5947/5947 64/5948/5948 731/5949/5949
f 180/5950/5950 64/5951/5951 386/5952/5952
f 524/5953/5953 810/5954/5954 1206/5955/5955
f 951/5956/5956 939/5957/5957 875/5958/5958
f 610/5959/5959 428/5960/5960 1013/5961/5961
f 199/5962/5962 428/5963/5963 610/5964/5964
f 1206/5965/5965 36/5966/5966 84/5967/5967
f 1122/5968/5968 1206/5969/5969 84/5970/5970
f 983/5971/5971 219/5972/5972 1043/5973/5973
f 1197/5974/5974 51/5975/5975 444/5976/5976
f 51/5977/5977 150/5978/5978 444/5979/5979
f 968/5980/5980 871/5981/5981 410/5982/5982
f 1209/5983/5983 419/5984/5984 1138/5985/5985
f 1138/5986/5986 1167/5987/5987 1209/5988/5988
f 139/5989/5989 1135/5990/5990 701/5991/5991
f 529/5992/5992 809/5993/5993 187/5994/5994
f 631/5995/5995 335/5996/5996 304/5997/5997
f 443/5998/5998 873/5999/5999 290/6000/6000
f 214/6001/6001 1182/6002/6002 1055/6003/6003
f 500/6004/6004 742/6005/6005 1162/6006/6006
f 1023/6007/6007 572/6008/6008 290/6009/6009
f 1073/6010/6010 1193/6011/6011 526/6012/6012
f 703/6013/6013 355/6014/6014 284/6015/6015
f 554/6016/6016 1196/6017/6017 354/6018/6018
f 554/6019/6019 354/6020/6020 988/6021/6021
f 452/6022/6022 1021/6023/6023 1126/6024/6024
f 107/6025/6025 1037/6026/6026 824/6027/6027
f 475/6028/6028 1019/6029/6029 253/6030/6030
f 151/6031/6031 1019/6032/6032 475/6033/6033
f 1037/6034/6034 434/6035/6035 593/6036/6036
f 1211/6037/6037 1155/6038/6038 373/6039/6039
f 1211/6040/6040 197/6041/6041 1155/6042/6042
f 132/6043/6043 353/6044/6044 1073/6045/6045
f 1017/6046/6046 302/6047/6047 1192/6048/6048
f 1212/6049/6049 758/6050/6050 298/6051/6051
f 1212/6052/6052 1025/6053/6053 758/6054/6054
f 615/6055/6055 682/6056/6056 320/6057/6057
f 1028/6058/6058 108/6059/6059 1042/6060/6060
f 506/6061/6061 878/6062/6062 865/6063/6063
f 690/6064/6064 481/6065/6065 922/6066/6066
f 1128/6067/6067 947/6068/6068 99/6069/6069
f 554/6070/6070 621/6071/6071 1196/6072/6072
f 796/6073/6073 748/6074/6074 273/6075/6075
f 342/6076/6076 664/6077/6077 1070/6078/6078
f 286/6079/6079 1132/6080/6080 390/6081/6081
f 1258/6082/6082 953/6083/6083 1264/6084/6084
f 751/6085/6085 1069/6086/6086 209/6087/6087
f 76/6088/6088 885/6089/6089 1214/6090/6090
f 215/6091/6091 864/6092/6092 1208/6093/6093
f 455/6094/6094 1215/6095/6095 652/6096/6096
f 1216/6097/6097 917/6098/6098 258/6099/6099
f 571/6100/6100 136/6101/6101 566/6102/6102
f 219/6103/6103 1217/6104/6104 1234/6105/6105
f 219/6106/6106 953/6107/6107 1258/6108/6108
f 326/6109/6109 59/6110/6110 671/6111/6111
f 1234/6112/6112 1217/6113/6113 409/6114/6114
f 555/6115/6115 870/6116/6116 706/6117/6117
f 482/6118/6118 892/6119/6119 1218/6120/6120
f 1218/6121/6121 892/6122/6122 1236/6123/6123
f 1108/6124/6124 1219/6125/6125 831/6126/6126
f 1220/6127/6127 1142/6128/6128 700/6129/6129
f 1220/6130/6130 700/6131/6131 920/6132/6132
f 210/6133/6133 422/6134/6134 1160/6135/6135
f 179/6136/6136 971/6137/6137 356/6138/6138
f 216/6139/6139 830/6140/6140 596/6141/6141
f 971/6142/6142 179/6143/6143 475/6144/6144
f 1080/6145/6145 719/6146/6146 1081/6147/6147
f 206/6148/6148 618/6149/6149 1221/6150/6150
f 175/6151/6151 1221/6152/6152 618/6153/6153
f 1004/6154/6154 1262/6155/6155 345/6156/6156
f 737/6157/6157 117/6158/6158 1183/6159/6159
f 241/6160/6160 105/6161/6161 89/6162/6162
f 195/6163/6163 1222/6164/6164 525/6165/6165
f 759/6166/6166 525/6167/6167 1222/6168/6168
f 673/6169/6169 908/6170/6170 124/6171/6171
f 1135/6172/6172 694/6173/6173 701/6174/6174
f 743/6175/6175 81/6176/6176 1095/6177/6177
f 113/6178/6178 1092/6179/6179 1223/6180/6180
f 1253/6181/6181 1092/6182/6182 1252/6183/6183
f 804/6184/6184 1113/6185/6185 329/6186/6186
f 755/6187/6187 762/6188/6188 1224/6189/6189
f 614/6190/6190 1224/6191/6191 762/6192/6192
f 1095/6193/6193 895/6194/6194 1100/6195/6195
f 1127/6196/6196 1100/6197/6197 895/6198/6198
f 377/6199/6199 63/6200/6200 461/6201/6201
f 1214/6202/6202 748/6203/6203 796/6204/6204
f 1225/6205/6205 950/6206/6206 531/6207/6207
f 1226/6208/6208 837/6209/6209 162/6210/6210
f 1158/6211/6211 719/6212/6212 196/6213/6213
f 750/6214/6214 912/6215/6215 904/6216/6216
f 744/6217/6217 750/6218/6218 904/6219/6219
f 429/6220/6220 1133/6221/6221 993/6222/6222
f 1227/6223/6223 311/6224/6224 1241/6225/6225
f 950/6226/6226 311/6227/6227 1227/6228/6228
f 1150/6229/6229 802/6230/6230 979/6231/6231
f 95/6232/6232 979/6233/6233 802/6234/6234
f 457/6235/6235 1248/6236/6236 1114/6237/6237
f 1268/6238/6238 255/6239/6239 1245/6240/6240
f 961/6241/6241 368/6242/6242 1256/6243/6243
f 78/6244/6244 1228/6245/6245 82/6246/6246
f 78/6247/6247 941/6248/6248 1228/6249/6249
f 942/6250/6250 1229/6251/6251 512/6252/6252
f 355/6253/6253 721/6254/6254 284/6255/6255
f 53/6256/6256 16/6257/6257 915/6258/6258
f 570/6259/6259 279/6260/6260 901/6261/6261
f 901/6262/6262 1131/6263/6263 570/6264/6264
f 678/6265/6265 183/6266/6266 1189/6267/6267
f 33/6268/6268 1109/6269/6269 361/6270/6270
f 1093/6271/6271 1056/6272/6272 124/6273/6273
f 1037/6274/6274 699/6275/6275 434/6276/6276
f 756/6277/6277 1230/6278/6278 43/6279/6279
f 1037/6280/6280 107/6281/6281 699/6282/6282
f 802/6283/6283 562/6284/6284 95/6285/6285
f 160/6286/6286 820/6287/6287 55/6288/6288
f 835/6289/6289 276/6290/6290 1172/6291/6291
f 276/6292/6292 115/6293/6293 1172/6294/6294
f 1231/6295/6295 604/6296/6296 594/6297/6297
f 1091/6298/6298 1231/6299/6299 594/6300/6300
f 878/6301/6301 506/6302/6302 1231/6303/6303
f 514/6304/6304 711/6305/6305 717/6306/6306
f 1051/6307/6307 264/6308/6308 325/6309/6309
f 1051/6310/6310 325/6311/6311 474/6312/6312
f 1233/6313/6313 1228/6314/6314 591/6315/6315
f 591/6316/6316 422/6317/6317 1233/6318/6318
f 169/6319/6319 865/6320/6320 1091/6321/6321
f 882/6322/6322 46/6323/6323 282/6324/6324
f 1125/6325/6325 268/6326/6326 150/6327/6327
f 238/6328/6328 677/6329/6329 978/6330/6330
f 1145/6331/6331 613/6332/6332 757/6333/6333
f 713/6334/6334 1095/6335/6335 617/6336/6336
f 246/6337/6337 781/6338/6338 826/6339/6339
f 820/6340/6340 826/6341/6341 781/6342/6342
f 756/6343/6343 43/6344/6344 296/6345/6345
f 296/6346/6346 43/6347/6347 675/6348/6348
f 979/6349/6349 95/6350/6350 746/6351/6351
f 829/6352/6352 822/6353/6353 95/6354/6354
f 1235/6355/6355 143/6356/6356 269/6357/6357
f 197/6358/6358 1153/6359/6359 50/6360/6360
f 892/6361/6361 842/6362/6362 1236/6363/6363
f 239/6364/6364 1237/6365/6365 168/6366/6366
f 168/6367/6367 1237/6368/6368 231/6369/6369
f 1020/6370/6370 631/6371/6371 71/6372/6372
f 1269/6373/6373 163/6374/6374 1219/6375/6375
f 669/6376/6376 435/6377/6377 178/6378/6378
f 380/6379/6379 515/6380/6380 621/6381/6381
f 313/6382/6382 62/6383/6383 1197/6384/6384
f 415/6385/6385 891/6386/6386 148/6387/6387
f 1018/6388/6388 527/6389/6389 275/6390/6390
f 331/6391/6391 866/6392/6392 579/6393/6393
f 1086/6394/6394 120/6395/6395 318/6396/6396
f 107/6397/6397 285/6398/6398 699/6399/6399
f 977/6400/6400 784/6401/6401 125/6402/6402
f 176/6403/6403 999/6404/6404 505/6405/6405
f 1185/6406/6406 13/6407/6407 794/6408/6408
f 938/6409/6409 226/6410/6410 944/6411/6411
f 791/6412/6412 379/6413/6413 249/6414/6414
f 317/6415/6415 573/6416/6416 1239/6417/6417
f 815/6418/6418 100/6419/6419 552/6420/6420
f 815/6421/6421 552/6422/6422 64/6423/6423
f 55/6424/6424 897/6425/6425 160/6426/6426
f 1126/6427/6427 160/6428/6428 897/6429/6429
f 459/6430/6430 592/6431/6431 520/6432/6432
f 592/6433/6433 459/6434/6434 312/6435/6435
f 1058/6436/6436 670/6437/6437 297/6438/6438
f 615/6439/6439 291/6440/6440 887/6441/6441
f 1130/6442/6442 186/6443/6443 1053/6444/6444
f 1130/6445/6445 542/6446/6446 186/6447/6447
f 799/6448/6448 1240/6449/6449 1227/6450/6450
f 1166/6451/6451 1240/6452/6452 799/6453/6453
f 478/6454/6454 276/6455/6455 835/6456/6456
f 1133/6457/6457 799/6458/6458 1241/6459/6459
f 1000/6460/6460 382/6461/6461 155/6462/6462
f 1020/6463/6463 678/6464/6464 1189/6465/6465
f 774/6466/6466 660/6467/6467 68/6468/6468
f 1208/6469/6469 915/6470/6470 16/6471/6471
f 1242/6472/6472 458/6473/6473 114/6474/6474
f 723/6475/6475 450/6476/6476 374/6477/6477
f 354/6478/6478 159/6479/6479 732/6480/6480
f 1102/6481/6481 702/6482/6482 668/6483/6483
f 702/6484/6484 441/6485/6485 668/6486/6486
f 358/6487/6487 731/6488/6488 952/6489/6489
f 106/6490/6490 580/6491/6491 454/6492/6492
f 116/6493/6493 1244/6494/6494 1261/6495/6495
f 953/6496/6496 60/6497/6497 1244/6498/6498
f 1245/6499/6499 23/6500/6500 864/6501/6501
f 1245/6502/6502 864/6503/6503 215/6504/6504
f 849/6505/6505 468/6506/6506 474/6507/6507
f 1246/6508/6508 315/6509/6509 106/6510/6510
f 900/6511/6511 510/6512/6512 105/6513/6513
f 527/6514/6514 839/6515/6515 81/6516/6516
f 214/6517/6517 591/6518/6518 67/6519/6519
f 863/6520/6520 1247/6521/6521 127/6522/6522
f 863/6523/6523 1126/6524/6524 1247/6525/6525
f 166/6526/6526 1248/6527/6527 844/6528/6528
f 166/6529/6529 1194/6530/6530 1248/6531/6531
f 791/6532/6532 307/6533/6533 376/6534/6534
f 955/6535/6535 883/6536/6536 589/6537/6537
f 1242/6538/6538 561/6539/6539 458/6540/6540
f 1117/6541/6541 108/6542/6542 138/6543/6543
f 426/6544/6544 71/6545/6545 1104/6546/6546
f 922/6547/6547 641/6548/6548 488/6549/6549
f 1249/6550/6550 1159/6551/6551 577/6552/6552
f 1249/6553/6553 577/6554/6554 1185/6555/6555
f 1202/6556/6556 234/6557/6557 1201/6558/6558
f 309/6559/6559 593/6560/6560 40/6561/6561
f 363/6562/6562 1174/6563/6563 405/6564/6564
f 634/6565/6565 1104/6566/6566 966/6567/6567
f 805/6568/6568 1047/6569/6569 41/6570/6570
f 1232/6571/6571 75/6572/6572 893/6573/6573
f 173/6574/6574 75/6575/6575 1232/6576/6576
f 1101/6577/6577 546/6578/6578 1250/6579/6579
f 1101/6580/6580 1250/6581/6581 794/6582/6582
f 447/6583/6583 1124/6584/6584 545/6585/6585
f 1207/6586/6586 911/6587/6587 499/6588/6588
f 461/6589/6589 1207/6590/6590 499/6591/6591
f 562/6592/6592 723/6593/6593 1082/6594/6594
f 902/6595/6595 562/6596/6596 1082/6597/6597
f 859/6598/6598 255/6599/6599 130/6600/6600
f 1179/6601/6601 805/6602/6602 35/6603/6603
f 748/6604/6604 117/6605/6605 273/6606/6606
f 598/6607/6607 418/6608/6608 1059/6609/6609
f 674/6610/6610 1059/6611/6611 418/6612/6612
f 750/6613/6613 196/6614/6614 371/6615/6615
f 528/6616/6616 348/6617/6617 69/6618/6618
f 778/6619/6619 1203/6620/6620 558/6621/6621
f 1203/6622/6622 778/6623/6623 693/6624/6624
f 74/6625/6625 793/6626/6626 647/6627/6627
f 1158/6628/6628 750/6629/6629 744/6630/6630
f 261/6631/6631 221/6632/6632 382/6633/6633
f 371/6634/6634 370/6635/6635 912/6636/6636
f 371/6637/6637 1022/6638/6638 370/6639/6639
f 735/6640/6640 360/6641/6641 205/6642/6642
f 806/6643/6643 228/6644/6644 695/6645/6645
f 806/6646/6646 973/6647/6647 228/6648/6648
f 228/6649/6649 973/6650/6650 1109/6651/6651
f 534/6652/6652 17/6653/6653 1251/6654/6654
f 1251/6655/6655 17/6656/6656 117/6657/6657
f 813/6658/6658 1200/6659/6659 62/6660/6660
f 1200/6661/6661 1199/6662/6662 62/6663/6663
f 748/6664/6664 540/6665/6665 117/6666/6666
f 432/6667/6667 540/6668/6668 748/6669/6669
f 1173/6670/6670 41/6671/6671 892/6672/6672
f 436/6673/6673 85/6674/6674 508/6675/6675
f 376/6676/6676 307/6677/6677 169/6678/6678
f 823/6679/6679 896/6680/6680 88/6681/6681
f 98/6682/6682 725/6683/6683 1089/6684/6684
f 128/6685/6685 840/6686/6686 1069/6687/6687
f 80/6688/6688 792/6689/6689 1252/6690/6690
f 1069/6691/6691 840/6692/6692 209/6693/6693
f 1164/6694/6694 403/6695/6695 127/6696/6696
f 345/6697/6697 392/6698/6698 31/6699/6699
f 754/6700/6700 1254/6701/6701 146/6702/6702
f 146/6703/6703 1254/6704/6704 413/6705/6705
f 1196/6706/6706 581/6707/6707 578/6708/6708
f 712/6709/6709 20/6710/6710 814/6711/6711
f 814/6712/6712 848/6713/6713 712/6714/6714
f 689/6715/6715 115/6716/6716 478/6717/6717
f 1243/6718/6718 54/6719/6719 981/6720/6720
f 175/6721/6721 1243/6722/6722 981/6723/6723
f 1009/6724/6724 390/6725/6725 959/6726/6726
f 891/6727/6727 928/6728/6728 493/6729/6729
f 5/6730/6730 7/6731/6731 998/6732/6732
f 1174/6733/6733 369/6734/6734 972/6735/6735
f 458/6736/6736 5/6737/6737 998/6738/6738
f 468/6739/6739 404/6740/6740 982/6741/6741
f 657/6742/6742 21/6743/6743 682/6744/6744
f 682/6745/6745 615/6746/6746 657/6747/6747
f 360/6748/6748 735/6749/6749 52/6750/6750
f 657/6751/6751 662/6752/6752 21/6753/6753
f 711/6754/6754 341/6755/6755 717/6756/6756
f 969/6757/6757 245/6758/6758 647/6759/6759
f 463/6760/6760 805/6761/6761 1179/6762/6762
f 805/6763/6763 463/6764/6764 946/6765/6765
f 1204/6766/6766 1015/6767/6767 363/6768/6768
f 387/6769/6769 729/6770/6770 956/6771/6771
f 956/6772/6772 544/6773/6773 387/6774/6774
f 601/6775/6775 460/6776/6776 259/6777/6777
f 258/6778/6778 1123/6779/6779 861/6780/6780
f 395/6781/6781 785/6782/6782 955/6783/6783
f 819/6784/6784 1255/6785/6785 413/6786/6786
f 621/6787/6787 1188/6788/6788 380/6789/6789
f 72/6790/6790 1270/6791/6791 360/6792/6792
f 783/6793/6793 1270/6794/6794 72/6795/6795
f 320/6796/6796 144/6797/6797 291/6798/6798
f 320/6799/6799 291/6800/6800 615/6801/6801
f 164/6802/6802 446/6803/6803 171/6804/6804
f 405/6805/6805 254/6806/6806 363/6807/6807
f 254/6808/6808 405/6809/6809 1049/6810/6810
f 974/6811/6811 582/6812/6812 586/6813/6813
f 215/6814/6814 1208/6815/6815 16/6816/6816
f 39/6817/6817 537/6818/6818 799/6819/6819
f 1033/6820/6820 1251/6821/6821 92/6822/6822
f 470/6823/6823 92/6824/6824 1251/6825/6825
f 554/6826/6826 988/6827/6827 1025/6828/6828
f 1256/6829/6829 798/6830/6830 961/6831/6831
f 1257/6832/6832 672/6833/6833 744/6834/6834
f 744/6835/6835 904/6836/6836 1257/6837/6837
f 1028/6838/6838 113/6839/6839 1253/6840/6840
f 822/6841/6841 1028/6842/6842 1253/6843/6843
f 161/6844/6844 1141/6845/6845 438/6846/6846
f 661/6847/6847 1106/6848/6848 936/6849/6849
f 1050/6850/6850 264/6851/6851 1051/6852/6852
f 848/6853/6853 274/6854/6854 198/6855/6855
f 747/6856/6856 585/6857/6857 921/6858/6858
f 921/6859/6859 663/6860/6860 747/6861/6861
f 476/6862/6862 1198/6863/6863 991/6864/6864
f 250/6865/6865 839/6866/6866 871/6867/6867
f 155/6868/6868 558/6869/6869 1203/6870/6870
f 1090/6871/6871 303/6872/6872 909/6873/6873
f 953/6874/6874 219/6875/6875 1113/6876/6876
f 303/6877/6877 844/6878/6878 909/6879/6879
f 844/6880/6880 1248/6881/6881 909/6882/6882
f 9/6883/6883 5/6884/6884 639/6885/6885
f 467/6886/6886 1076/6887/6887 1071/6888/6888
f 182/6889/6889 1213/6890/6890 749/6891/6891
f 1234/6892/6892 483/6893/6893 1043/6894/6894
f 479/6895/6895 921/6896/6896 286/6897/6897
f 986/6898/6898 508/6899/6899 271/6900/6900
f 435/6901/6901 676/6902/6902 898/6903/6903
f 368/6904/6904 374/6905/6905 802/6906/6906
f 925/6907/6907 889/6908/6908 118/6909/6909
f 560/6910/6910 514/6911/6911 978/6912/6912
f 623/6913/6913 708/6914/6914 1232/6915/6915
f 594/6916/6916 604/6917/6917 48/6918/6918
f 696/6919/6919 74/6920/6920 1015/6921/6921
f 834/6922/6922 1057/6923/6923 1260/6924/6924
f 666/6925/6925 1079/6926/6926 846/6927/6927
f 1079/6928/6928 666/6929/6929 850/6930/6930
f 637/6931/6931 896/6932/6932 213/6933/6933
f 1243/6934/6934 175/6935/6935 285/6936/6936
f 1096/6937/6937 751/6938/6938 209/6939/6939
f 1098/6940/6940 144/6941/6941 465/6942/6942
f 363/6943/6943 1015/6944/6944 74/6945/6945
f 556/6946/6946 434/6947/6947 1062/6948/6948
f 434/6949/6949 556/6950/6950 200/6951/6951
f 689/6952/6952 189/6953/6953 364/6954/6954
f 154/6955/6955 1074/6956/6956 1078/6957/6957
f 574/6958/6958 1038/6959/6959 966/6960/6960
f 314/6961/6961 102/6962/6962 834/6963/6963
f 102/6964/6964 1057/6965/6965 834/6966/6966
f 1129/6967/6967 597/6968/6968 611/6969/6969
f 964/6970/6970 1163/6971/6971 1177/6972/6972
f 679/6973/6973 964/6974/6974 1177/6975/6975
f 99/6976/6976 947/6977/6977 607/6978/6978
f 788/6979/6979 1259/6980/6980 995/6981/6981
f 985/6982/6982 736/6983/6983 721/6984/6984
f 732/6985/6985 1143/6986/6986 93/6987/6987
f 836/6988/6988 831/6989/6989 1219/6990/6990
f 608/6991/6991 529/6992/6992 187/6993/6993
f 1022/6994/6994 648/6995/6995 812/6996/6996
f 363/6997/6997 74/6998/6998 1174/6999/6999
f 332/7000/7000 534/7001/7001 1033/7002/7002
f 1057/7003/7003 989/7004/7004 1260/7005/7005
f 957/7006/7006 1160/7007/7007 483/7008/7008
f 660/7009/7009 1238/7010/7010 68/7011/7011
f 317/7012/7012 960/7013/7013 1075/7014/7014
f 444/7015/7015 649/7016/7016 656/7017/7017
f 2/7018/7018 9/7019/7019 1/7020/7020
f 1047/7021/7021 1236/7022/7022 842/7023/7023
f 1154/7024/7024 724/7025/7025 91/7026/7026
f 9/7027/7027 2/7028/7028 5/7029/7029
f 200/7030/7030 494/7031/7031 565/7032/7032
f 165/7033/7033 58/7034/7034 1145/7035/7035
f 58/7036/7036 763/7037/7037 1145/7038/7038
f 1060/7039/7039 658/7040/7040 495/7041/7041
f 1060/7042/7042 495/7043/7043 1103/7044/7044
f 776/7045/7045 1175/7046/7046 428/7047/7047
f 1177/7048/7048 350/7049/7049 679/7050/7050
f 350/7051/7051 1177/7052/7052 208/7053/7053
f 27/7054/7054 1071/7055/7055 506/7056/7056
f 377/7057/7057 978/7058/7058 63/7059/7059
f 1228/7060/7060 941/7061/7061 340/7062/7062
f 777/7063/7063 407/7064/7064 421/7065/7065
f 320/7066/7066 682/7067/7067 642/7068/7068
f 1147/7069/7069 794/7070/7070 288/7071/7071
f 200/7072/7072 565/7073/7073 752/7074/7074
f 301/7075/7075 341/7076/7076 711/7077/7077
f 200/7078/7078 752/7079/7079 1262/7080/7080
f 709/7081/7081 875/7082/7082 375/7083/7083
f 60/7084/7084 116/7085/7085 1261/7086/7086
f 1244/7087/7087 60/7088/7088 1261/7089/7089
f 1262/7090/7090 752/7091/7091 172/7092/7092
f 1262/7093/7093 172/7094/7094 28/7095/7095
f 610/7096/7096 1013/7097/7097 1052/7098/7098
f 542/7099/7099 126/7100/7100 611/7101/7101
f 342/7102/7102 1070/7103/7103 1012/7104/7104
f 950/7105/7105 1166/7106/7106 531/7107/7107
f 199/7108/7108 531/7109/7109 1166/7110/7110
f 392/7111/7111 693/7112/7112 212/7113/7113
f 392/7114/7114 212/7115/7115 945/7116/7116
f 491/7117/7117 316/7118/7118 243/7119/7119
f 1156/7120/7120 256/7121/7121 402/7122/7122
f 666/7123/7123 723/7124/7124 850/7125/7125
f 951/7126/7126 346/7127/7127 437/7128/7128
f 1263/7129/7129 995/7130/7130 455/7131/7131
f 455/7132/7132 788/7133/7133 1263/7134/7134
f 651/7135/7135 655/7136/7136 497/7137/7137
f 850/7138/7138 723/7139/7139 374/7140/7140
f 245/7141/7141 969/7142/7142 74/7143/7143
f 944/7144/7144 217/7145/7145 938/7146/7146
f 1137/7147/7147 461/7148/7148 499/7149/7149
f 734/7150/7150 1137/7151/7151 499/7152/7152
f 800/7153/7153 1151/7154/7154 149/7155/7155
f 1253/7156/7156 1223/7157/7157 1092/7158/7158
f 324/7159/7159 422/7160/7160 591/7161/7161
f 479/7162/7162 286/7163/7163 390/7164/7164
f 1066/7165/7165 494/7166/7166 1062/7167/7167
f 318/7168/7168 1138/7169/7169 419/7170/7170
f 714/7171/7171 821/7172/7172 651/7173/7173
f 989/7174/7174 1138/7175/7175 318/7176/7176
f 409/7177/7177 1264/7178/7178 116/7179/7179
f 161/7180/7180 217/7181/7181 1140/7182/7182
f 730/7183/7183 1058/7184/7184 1195/7185/7185
f 1058/7186/7186 297/7187/7187 1195/7188/7188
f 1217/7189/7189 1258/7190/7190 409/7191/7191
f 219/7192/7192 1258/7193/7193 1217/7194/7194
f 1093/7195/7195 616/7196/7196 912/7197/7197
f 69/7198/7198 289/7199/7199 179/7200/7200
f 210/7201/7201 575/7202/7202 422/7203/7203
f 499/7204/7204 899/7205/7205 1265/7206/7206
f 499/7207/7207 1265/7208/7208 977/7209/7209
f 236/7210/7210 231/7211/7211 239/7212/7212
f 231/7213/7213 1237/7214/7214 239/7215/7215
f 198/7216/7216 1139/7217/7217 30/7218/7218
f 1045/7219/7219 139/7220/7220 868/7221/7221
f 1068/7222/7222 80/7223/7223 83/7224/7224
f 1068/7225/7225 201/7226/7226 80/7227/7227
f 225/7228/7228 314/7229/7229 1266/7230/7230
f 1266/7231/7231 314/7232/7232 834/7233/7233
f 511/7234/7234 236/7235/7235 1186/7236/7236
f 763/7237/7237 1131/7238/7238 901/7239/7239
f 732/7240/7240 159/7241/7241 1143/7242/7242
f 1267/7243/7243 225/7244/7244 352/7245/7245
f 839/7246/7246 1067/7247/7247 871/7248/7248
f 1243/7249/7249 285/7250/7250 107/7251/7251
f 1227/7252/7252 1241/7253/7253 799/7254/7254
f 1027/7255/7255 400/7256/7256 867/7257/7257
f 245/7258/7258 74/7259/7259 647/7260/7260
f 1116/7261/7261 100/7262/7262 433/7263/7263
f 90/7264/7264 1268/7265/7265 1159/7266/7266
f 1159/7267/7267 1268/7268/7268 577/7269/7269
f 771/7270/7270 264/7271/7271 1050/7272/7272
f 1268/7273/7273 90/7274/7274 681/7275/7275
f 444/7276/7276 656/7277/7277 313/7278/7278
f 807/7279/7279 1269/7280/7280 933/7281/7281
f 1269/7282/7282 1219/7283/7283 933/7284/7284
f 792/7285/7285 1253/7286/7286 1252/7287/7287
f 792/7288/7288 746/7289/7289 1253/7290/7290
f 66/7291/7291 648/7292/7292 940/7293/7293
f 1218/7294/7294 315/7295/7295 1246/7296/7296
f 1236/7297/7297 315/7298/7298 1218/7299/7299
f 197/7300/7300 50/7301/7301 1165/7302/7302
f 197/7303/7303 1165/7304/7304 1155/7305/7305
f 752/7306/7306 565/7307/7307 172/7308/7308
f 1110/7309/7309 637/7310/7310 595/7311/7311
f 1267/7312/7312 352/7313/7313 1178/7314/7314
f 272/7315/7315 54/7316/7316 564/7317/7317
f 262/7318/7318 1129/7319/7319 847/7320/7320
f 1208/7321/7321 864/7322/7322 1111/7323/7323
f 1155/7324/7324 937/7325/7325 373/7326/7326
f 1155/7327/7327 745/7328/7328 937/7329/7329
f 118/7330/7330 1146/7331/7331 297/7332/7332
f 25/7333/7333 449/7334/7334 1007/7335/7335
f 768/7336/7336 1201/7337/7337 234/7338/7338
f 1181/7339/7339 566/7340/7340 841/7341/7341
f 941/7342/7342 78/7343/7343 464/7344/7344
f 848/7345/7345 101/7346/7346 705/7347/7347
f 814/7348/7348 101/7349/7349 848/7350/7350
f 286/7351/7351 921/7352/7352 257/7353/7353
f 520/7354/7354 286/7355/7355 257/7356/7356
f 180/7357/7357 815/7358/7358 64/7359/7359
f 356/7360/7360 517/7361/7361 179/7362/7362
f 1211/7363/7363 1271/7364/7364 605/7365/7365
f 854/7366/7366 23/7367/7367 255/7368/7368
f 99/7369/7369 1067/7370/7370 527/7371/7371
f 647/7372/7372 718/7373/7373 369/7374/7374
